slice_num,coord_num,PValue,adjPVal,logFC
1,100,0.888,0.915,-0.005
1,101,0.97,0.978,-0.001
1,102,0.906,0.929,-0.005
1,103,0.808,0.852,-0.009
1,104,0.942,0.956,0.003
1,105,0.887,0.914,0.006
1,106,0.99,0.992,0.001
1,107,0.92,0.94,-0.004
1,108,0.922,0.941,0.004
1,109,0.94,0.955,-0.003
1,110,0.8,0.845,-0.01
1,111,0.805,0.849,-0.01
1,112,0.878,0.908,-0.006
1,113,0.686,0.75,-0.016
1,114,0.549,0.627,-0.024
1,115,0.728,0.785,-0.014
1,116,0.911,0.933,0.004
1,117,0.943,0.958,-0.003
1,118,0.627,0.698,-0.019
1,119,0.723,0.781,-0.014
1,120,0.917,0.938,-0.004
1,121,0.868,0.9,-0.007
1,122,0.849,0.885,-0.008
1,123,0.717,0.776,-0.015
1,124,0.963,0.972,-0.002
1,125,0.983,0.987,0.001
1,126,0.89,0.917,0.006
1,127,0.75,0.804,0.013
1,128,0.858,0.891,0.007
1,129,0.956,0.967,0.002
1,130,0.768,0.819,0.012
1,131,0.852,0.887,0.008
1,132,0.972,0.979,0.001
1,133,0.952,0.965,-0.002
1,134,0.924,0.943,0.004
1,135,0.834,0.872,0.009
1,136,0.754,0.807,0.013
1,137,0.827,0.867,0.009
1,138,0.889,0.916,0.006
1,139,0.984,0.988,-0.001
1,140,0.867,0.899,-0.007
1,141,0.999,1.0,0.0
1,142,0.899,0.924,0.005
1,143,0.907,0.93,-0.005
1,144,0.889,0.916,-0.006
1,145,0.913,0.935,-0.005
1,146,0.949,0.962,-0.003
1,147,0.995,0.996,0.0
1,148,0.893,0.919,0.006
1,149,0.812,0.855,-0.01
1,150,0.977,0.983,0.001
1,151,0.855,0.89,0.008
1,152,0.738,0.794,0.014
1,153,0.877,0.907,0.007
1,154,0.616,0.688,0.022
1,155,0.644,0.713,0.02
1,156,0.784,0.832,0.012
1,157,0.643,0.712,0.02
1,158,0.789,0.836,0.012
1,159,0.661,0.728,0.019
1,160,0.877,0.906,0.007
1,161,0.788,0.835,0.012
1,162,0.724,0.782,0.016
1,163,0.735,0.792,0.015
1,164,0.921,0.941,0.004
1,165,0.986,0.99,0.001
1,166,0.843,0.88,0.009
1,167,0.997,0.998,-0.0
1,168,0.903,0.927,-0.006
1,169,0.957,0.968,-0.002
1,170,0.951,0.964,0.003
1,171,0.749,0.803,0.015
1,172,0.736,0.792,0.016
1,173,0.868,0.899,0.008
1,174,0.902,0.926,-0.006
1,175,0.984,0.988,0.001
1,176,0.842,0.879,-0.009
1,177,0.941,0.956,0.004
1,178,0.914,0.935,0.005
1,179,0.91,0.933,-0.005
1,180,0.957,0.968,-0.003
1,181,0.874,0.904,-0.008
1,182,0.965,0.974,0.002
1,183,0.992,0.994,-0.001
1,184,0.896,0.921,0.006
1,185,0.782,0.83,0.014
1,186,0.953,0.965,0.003
1,187,0.936,0.952,0.004
1,188,0.912,0.934,0.006
1,189,0.75,0.804,0.016
1,190,0.833,0.871,0.011
1,191,0.855,0.89,0.009
1,192,0.99,0.992,0.001
1,193,0.955,0.966,0.003
1,194,0.911,0.933,0.006
1,195,0.597,0.671,0.027
1,196,0.624,0.695,0.025
1,197,0.75,0.803,0.017
1,198,0.835,0.873,0.011
1,199,0.892,0.918,0.007
1,200,0.784,0.832,0.015
1,201,0.849,0.884,0.01
1,202,0.92,0.94,0.005
1,203,0.896,0.921,0.007
1,204,0.8,0.845,0.014
1,205,0.67,0.736,0.023
1,206,0.715,0.774,0.02
1,207,0.665,0.731,0.024
1,208,0.701,0.763,0.021
1,209,0.584,0.659,0.03
1,210,0.679,0.744,0.023
1,211,0.529,0.609,0.035
1,212,0.504,0.585,0.037
1,213,0.62,0.691,0.028
1,214,0.573,0.649,0.032
1,215,0.534,0.613,0.035
1,216,0.627,0.698,0.027
1,217,0.648,0.716,0.026
1,218,0.601,0.675,0.03
1,219,0.739,0.795,0.019
1,220,0.773,0.823,0.017
1,221,0.758,0.811,0.018
1,222,0.72,0.778,0.021
1,223,0.927,0.945,0.005
1,224,0.962,0.971,-0.003
1,39,0.88,0.909,-0.005
1,40,0.66,0.727,-0.015
1,41,0.877,0.906,-0.005
1,42,0.979,0.985,0.001
1,43,0.824,0.865,-0.008
1,44,0.958,0.969,0.002
1,45,0.878,0.907,-0.005
1,46,0.704,0.765,0.013
1,47,0.896,0.922,-0.004
1,48,0.77,0.82,-0.01
1,49,0.94,0.955,-0.003
1,50,0.923,0.942,-0.003
1,51,0.803,0.848,-0.009
1,52,0.78,0.829,0.01
1,53,0.926,0.944,0.003
1,54,0.773,0.823,0.01
1,55,0.912,0.934,0.004
1,56,0.759,0.811,0.011
1,57,0.88,0.909,0.005
1,58,0.95,0.962,0.002
1,59,0.992,0.994,0.0
1,60,0.524,0.604,-0.022
1,61,0.952,0.964,-0.002
1,62,0.886,0.914,0.005
1,63,0.836,0.874,-0.007
1,64,0.764,0.815,-0.011
1,65,0.588,0.663,-0.019
1,66,0.894,0.92,0.005
1,67,0.895,0.92,-0.005
1,68,0.859,0.893,-0.006
1,69,0.669,0.735,-0.015
1,70,0.75,0.804,-0.011
1,71,0.95,0.963,-0.002
1,72,0.993,0.995,0.0
1,73,0.703,0.764,-0.014
1,74,0.996,0.997,0.0
1,75,0.884,0.912,-0.005
1,76,0.829,0.868,-0.008
1,77,0.766,0.817,-0.011
1,78,0.821,0.862,-0.008
1,79,0.879,0.908,-0.006
1,80,0.932,0.949,0.003
1,81,0.846,0.882,0.007
1,82,0.911,0.933,0.004
1,83,0.913,0.935,0.004
1,84,0.801,0.846,0.009
1,85,0.78,0.829,0.01
1,86,0.912,0.934,0.004
1,87,0.595,0.669,0.02
1,88,0.743,0.798,0.012
1,89,0.818,0.86,0.009
1,90,0.894,0.92,-0.005
1,91,0.882,0.91,0.006
1,92,0.736,0.792,0.013
1,93,0.936,0.952,0.003
1,94,0.994,0.995,0.0
1,95,0.776,0.825,0.011
1,96,0.947,0.96,0.003
1,97,0.823,0.864,-0.009
1,98,0.997,0.997,0.0
1,99,0.949,0.962,0.002
10,10,0.853,0.888,0.006
10,100,0.525,0.605,0.024
10,101,0.674,0.739,0.016
10,102,0.76,0.812,0.012
10,103,0.663,0.729,0.017
10,104,0.804,0.849,0.01
10,105,0.639,0.709,0.018
10,106,0.77,0.82,0.011
10,107,0.973,0.98,0.001
10,108,0.809,0.853,0.009
10,109,0.985,0.989,-0.001
10,11,0.964,0.974,0.001
10,110,0.915,0.936,0.004
10,111,0.946,0.96,0.003
10,112,0.874,0.905,-0.006
10,113,0.915,0.936,-0.004
10,114,0.964,0.973,-0.002
10,115,0.81,0.853,0.01
10,116,0.905,0.928,0.005
10,117,0.96,0.97,0.002
10,118,0.971,0.978,0.001
10,119,0.857,0.891,0.007
10,12,0.921,0.941,-0.003
10,120,0.704,0.765,0.015
10,121,0.69,0.753,0.016
10,122,0.506,0.587,0.027
10,123,0.72,0.778,0.014
10,124,0.683,0.747,0.016
10,125,0.506,0.587,0.027
10,126,0.437,0.52,0.031
10,127,0.564,0.641,0.023
10,128,0.521,0.601,0.026
10,129,0.622,0.693,0.02
10,13,0.697,0.759,-0.013
10,130,0.533,0.613,0.025
10,131,0.616,0.688,0.02
10,132,0.627,0.698,0.02
10,133,0.712,0.772,0.015
10,134,0.724,0.782,0.014
10,135,0.788,0.835,0.011
10,136,0.644,0.713,0.019
10,137,0.959,0.97,0.002
10,138,0.9,0.924,-0.005
10,139,0.848,0.883,-0.008
10,14,0.793,0.839,-0.009
10,140,0.943,0.957,0.003
10,141,0.74,0.796,-0.014
10,142,0.854,0.889,-0.008
10,143,0.829,0.868,-0.009
10,144,0.689,0.752,-0.017
10,145,0.82,0.861,-0.009
10,146,0.87,0.901,-0.007
10,147,0.848,0.884,-0.008
10,148,0.75,0.804,-0.013
10,149,0.958,0.969,-0.002
10,15,0.946,0.96,0.002
10,150,0.852,0.887,-0.008
10,151,0.861,0.894,-0.007
10,152,0.923,0.942,-0.004
10,153,0.885,0.913,0.006
10,154,0.774,0.824,0.012
10,155,0.925,0.944,0.004
10,156,0.942,0.957,0.003
10,157,0.959,0.969,0.002
10,158,0.944,0.958,-0.003
10,159,0.975,0.981,-0.001
10,16,0.719,0.778,-0.012
10,160,0.782,0.83,0.012
10,161,0.9,0.925,0.005
10,162,0.865,0.897,-0.007
10,163,0.684,0.748,-0.017
10,164,0.805,0.849,-0.01
10,165,0.952,0.965,-0.003
10,166,0.755,0.808,-0.013
10,167,0.595,0.669,-0.023
10,168,0.828,0.867,-0.009
10,169,0.97,0.978,-0.002
10,17,0.821,0.862,-0.007
10,170,0.823,0.863,-0.01
10,171,0.982,0.987,-0.001
10,172,0.688,0.752,-0.017
10,173,0.668,0.734,-0.018
10,174,0.676,0.741,-0.018
10,175,0.852,0.887,-0.008
10,176,0.718,0.777,-0.016
10,177,0.728,0.785,-0.015
10,178,0.577,0.653,-0.024
10,179,0.469,0.551,-0.031
10,18,0.938,0.954,0.003
10,180,0.442,0.525,-0.034
10,181,0.462,0.545,-0.032
10,182,0.543,0.621,-0.027
10,183,0.808,0.852,-0.011
10,184,0.782,0.83,-0.012
10,185,0.725,0.783,-0.016
10,186,0.648,0.717,-0.02
10,187,0.652,0.72,-0.02
10,188,0.572,0.648,-0.026
10,189,0.642,0.711,-0.021
10,19,0.705,0.766,-0.012
10,190,0.832,0.871,-0.01
10,191,0.777,0.826,-0.013
10,192,0.745,0.799,-0.015
10,193,0.643,0.712,-0.022
10,194,0.716,0.775,-0.017
10,195,0.779,0.828,-0.013
10,196,0.754,0.807,-0.015
10,197,0.608,0.681,-0.025
10,198,0.529,0.609,-0.03
10,199,0.944,0.958,-0.003
10,20,0.841,0.878,-0.007
10,200,0.808,0.852,-0.012
10,201,0.684,0.748,-0.02
10,202,0.428,0.511,-0.039
10,203,0.537,0.616,-0.031
10,204,0.674,0.739,-0.021
10,205,0.744,0.799,-0.016
10,206,0.673,0.739,-0.021
10,207,0.693,0.756,-0.02
10,208,0.604,0.677,-0.027
10,209,0.767,0.818,-0.015
10,21,0.779,0.828,-0.009
10,210,0.715,0.774,-0.019
10,211,0.569,0.645,-0.03
10,212,0.822,0.863,-0.012
10,213,0.872,0.902,-0.009
10,214,0.796,0.842,-0.014
10,215,0.919,0.939,-0.006
10,216,0.96,0.97,-0.003
10,217,0.645,0.714,-0.025
10,218,0.866,0.898,-0.009
10,219,0.833,0.872,-0.012
10,22,0.714,0.773,-0.012
10,220,0.805,0.85,-0.014
10,221,0.79,0.837,-0.015
10,222,0.825,0.865,-0.013
10,223,0.72,0.778,-0.021
10,224,0.798,0.843,-0.015
10,225,0.713,0.772,-0.021
10,226,0.549,0.627,-0.035
10,227,0.857,0.891,-0.011
10,228,0.698,0.76,-0.023
10,229,0.702,0.763,-0.023
10,23,0.94,0.955,-0.002
10,230,0.589,0.664,-0.032
10,231,0.645,0.714,-0.028
10,232,0.608,0.681,-0.031
10,233,0.589,0.664,-0.033
10,234,0.814,0.857,-0.014
10,235,0.662,0.728,-0.027
10,236,0.651,0.719,-0.028
10,237,0.496,0.578,-0.042
10,238,0.566,0.643,-0.035
10,239,0.548,0.626,-0.037
10,24,0.768,0.818,-0.01
10,240,0.562,0.64,-0.036
10,241,0.57,0.647,-0.035
10,242,0.567,0.644,-0.036
10,243,0.489,0.57,-0.044
10,244,0.31,0.391,-0.064
10,245,0.384,0.467,-0.055
10,246,0.429,0.512,-0.051
10,247,0.377,0.46,-0.057
10,248,0.319,0.4,-0.064
10,249,0.411,0.494,-0.054
10,25,0.764,0.816,0.01
10,250,0.491,0.572,-0.045
10,251,0.493,0.574,-0.045
10,26,0.685,0.749,-0.013
10,27,0.868,0.9,0.005
10,28,0.919,0.939,0.003
10,29,0.917,0.938,-0.003
10,30,0.776,0.825,-0.009
10,31,0.975,0.982,-0.001
10,32,0.824,0.865,0.007
10,33,0.966,0.975,-0.001
10,34,0.81,0.853,-0.008
10,35,0.672,0.737,0.014
10,36,0.522,0.602,0.021
10,37,0.836,0.874,0.007
10,38,0.926,0.944,0.003
10,39,0.772,0.822,0.01
10,40,0.969,0.977,0.001
10,41,0.991,0.993,0.0
10,42,0.734,0.791,0.011
10,43,0.894,0.92,0.004
10,44,0.952,0.964,-0.002
10,45,0.989,0.992,-0.0
10,46,0.987,0.99,-0.001
10,47,0.886,0.913,-0.005
10,48,0.556,0.634,-0.02
10,49,0.875,0.905,-0.005
10,50,0.909,0.932,-0.004
10,51,0.743,0.798,-0.011
10,52,0.533,0.612,-0.021
10,53,0.672,0.737,-0.014
10,54,0.799,0.845,-0.009
10,55,0.742,0.798,-0.011
10,56,0.85,0.885,-0.006
10,57,0.906,0.929,0.004
10,58,0.953,0.965,0.002
10,59,0.79,0.837,-0.009
10,60,0.649,0.718,-0.016
10,61,0.578,0.653,-0.019
10,62,0.989,0.992,0.0
10,63,0.881,0.91,-0.005
10,64,0.859,0.893,-0.006
10,65,0.667,0.733,-0.015
10,66,0.544,0.622,-0.021
10,67,0.423,0.506,-0.028
10,68,0.963,0.972,-0.002
10,69,0.686,0.749,-0.014
10,7,0.55,0.628,-0.021
10,70,0.549,0.627,-0.021
10,71,0.825,0.865,-0.008
10,72,0.83,0.869,-0.008
10,73,0.585,0.66,-0.019
10,74,0.928,0.946,0.003
10,75,0.973,0.98,-0.001
10,76,0.959,0.97,-0.002
10,77,0.79,0.837,-0.01
10,78,0.814,0.856,-0.008
10,79,0.904,0.928,-0.004
10,8,0.551,0.629,-0.02
10,80,0.874,0.905,0.006
10,81,0.57,0.646,0.021
10,82,0.926,0.945,0.003
10,83,0.774,0.824,-0.011
10,84,0.917,0.938,-0.004
10,85,0.961,0.971,-0.002
10,86,1.0,1.0,-0.0
10,87,0.778,0.827,0.01
10,88,0.635,0.705,0.018
10,89,0.646,0.714,0.017
10,9,0.949,0.962,-0.002
10,90,0.839,0.877,0.008
10,91,0.64,0.709,0.018
10,92,0.773,0.823,0.011
10,93,0.718,0.777,0.014
10,94,0.531,0.61,0.024
10,95,0.57,0.646,0.022
10,96,0.53,0.609,0.024
10,97,0.729,0.786,0.013
10,98,0.575,0.651,0.021
10,99,0.397,0.481,0.032
100,10,0.087,0.132,-0.062
100,100,0.438,0.521,-0.036
100,101,0.402,0.485,-0.038
100,102,0.383,0.466,-0.04
100,103,0.294,0.373,-0.048
100,104,0.298,0.378,-0.048
100,105,0.484,0.565,-0.032
100,106,0.305,0.385,-0.048
100,107,0.442,0.525,-0.036
100,108,0.545,0.624,-0.028
100,109,0.356,0.439,-0.043
100,11,0.073,0.114,-0.064
100,110,0.367,0.45,-0.042
100,111,0.385,0.469,-0.041
100,112,0.321,0.402,-0.047
100,113,0.259,0.336,-0.053
100,114,0.43,0.513,-0.037
100,115,0.309,0.389,-0.048
100,116,0.422,0.505,-0.038
100,117,0.372,0.455,-0.042
100,118,0.256,0.332,-0.054
100,119,0.331,0.412,-0.046
100,12,0.087,0.132,-0.061
100,120,0.304,0.384,-0.049
100,121,0.286,0.365,-0.051
100,122,0.274,0.352,-0.052
100,123,0.277,0.355,-0.052
100,124,0.371,0.454,-0.043
100,125,0.325,0.406,-0.047
100,126,0.338,0.42,-0.046
100,127,0.276,0.353,-0.052
100,128,0.199,0.268,-0.062
100,129,0.197,0.266,-0.062
100,13,0.107,0.158,-0.057
100,130,0.309,0.389,-0.049
100,131,0.347,0.429,-0.045
100,132,0.198,0.268,-0.062
100,133,0.143,0.202,-0.071
100,134,0.15,0.211,-0.069
100,135,0.218,0.29,-0.059
100,136,0.303,0.382,-0.05
100,137,0.277,0.355,-0.052
100,138,0.25,0.325,-0.056
100,139,0.241,0.315,-0.057
100,14,0.141,0.2,-0.052
100,140,0.179,0.246,-0.065
100,141,0.238,0.312,-0.057
100,142,0.231,0.305,-0.058
100,143,0.284,0.362,-0.052
100,144,0.218,0.289,-0.06
100,145,0.346,0.428,-0.046
100,146,0.369,0.452,-0.044
100,147,0.326,0.408,-0.047
100,148,0.33,0.412,-0.047
100,149,0.505,0.586,-0.032
100,15,0.211,0.282,-0.044
100,150,0.51,0.59,-0.032
100,151,0.269,0.346,-0.053
100,152,0.227,0.3,-0.058
100,153,0.255,0.331,-0.055
100,154,0.288,0.367,-0.051
100,155,0.236,0.31,-0.057
100,156,0.381,0.464,-0.042
100,157,0.217,0.289,-0.06
100,158,0.186,0.253,-0.064
100,159,0.287,0.365,-0.051
100,16,0.073,0.114,-0.063
100,160,0.296,0.375,-0.05
100,161,0.276,0.354,-0.052
100,162,0.259,0.336,-0.054
100,163,0.274,0.352,-0.052
100,164,0.227,0.301,-0.058
100,165,0.336,0.418,-0.046
100,166,0.322,0.403,-0.047
100,167,0.29,0.369,-0.05
100,168,0.177,0.243,-0.064
100,169,0.23,0.303,-0.057
100,17,0.082,0.126,-0.061
100,170,0.253,0.329,-0.054
100,171,0.224,0.297,-0.057
100,172,0.208,0.279,-0.06
100,173,0.274,0.352,-0.052
100,174,0.234,0.308,-0.056
100,175,0.26,0.337,-0.053
100,176,0.337,0.419,-0.045
100,177,0.185,0.252,-0.062
100,178,0.144,0.204,-0.069
100,179,0.114,0.166,-0.074
100,18,0.156,0.218,-0.05
100,180,0.093,0.14,-0.079
100,181,0.1,0.149,-0.077
100,182,0.107,0.158,-0.075
100,183,0.166,0.23,-0.065
100,184,0.279,0.357,-0.051
100,185,0.145,0.205,-0.068
100,186,0.155,0.217,-0.067
100,187,0.133,0.19,-0.071
100,188,0.153,0.214,-0.067
100,189,0.164,0.228,-0.065
100,19,0.202,0.272,-0.044
100,190,0.159,0.222,-0.066
100,191,0.178,0.244,-0.064
100,192,0.196,0.265,-0.061
100,193,0.132,0.189,-0.072
100,194,0.177,0.243,-0.064
100,195,0.158,0.22,-0.068
100,196,0.147,0.207,-0.07
100,197,0.135,0.193,-0.072
100,198,0.078,0.12,-0.085
100,199,0.14,0.199,-0.072
100,20,0.164,0.228,-0.048
100,200,0.075,0.117,-0.087
100,201,0.123,0.177,-0.076
100,202,0.159,0.221,-0.07
100,203,0.184,0.251,-0.066
100,204,0.097,0.145,-0.083
100,205,0.071,0.111,-0.091
100,206,0.076,0.118,-0.09
100,207,0.129,0.185,-0.078
100,208,0.134,0.192,-0.078
100,209,0.079,0.121,-0.092
100,21,0.17,0.234,-0.048
100,210,0.092,0.139,-0.089
100,211,0.113,0.166,-0.085
100,212,0.147,0.208,-0.078
100,213,0.061,0.098,-0.101
100,214,0.09,0.136,-0.093
100,215,0.117,0.171,-0.087
100,216,0.088,0.133,-0.095
100,217,0.11,0.161,-0.09
100,218,0.145,0.205,-0.083
100,219,0.154,0.216,-0.082
100,22,0.218,0.29,-0.043
100,220,0.091,0.138,-0.098
100,221,0.131,0.188,-0.088
100,222,0.173,0.238,-0.08
100,223,0.127,0.183,-0.091
100,224,0.14,0.199,-0.089
100,225,0.153,0.214,-0.087
100,226,0.126,0.182,-0.093
100,227,0.158,0.22,-0.087
100,228,0.146,0.206,-0.09
100,229,0.147,0.208,-0.09
100,23,0.184,0.251,-0.046
100,230,0.129,0.185,-0.095
100,231,0.163,0.226,-0.088
100,232,0.119,0.172,-0.099
100,233,0.263,0.34,-0.071
100,234,0.242,0.317,-0.075
100,235,0.22,0.292,-0.078
100,236,0.137,0.195,-0.095
100,237,0.192,0.26,-0.084
100,238,0.127,0.182,-0.098
100,239,0.136,0.194,-0.096
100,24,0.297,0.376,-0.036
100,240,0.175,0.241,-0.088
100,241,0.211,0.282,-0.081
100,242,0.174,0.24,-0.088
100,243,0.272,0.349,-0.071
100,244,0.207,0.277,-0.082
100,245,0.246,0.321,-0.076
100,246,0.358,0.44,-0.06
100,247,0.305,0.385,-0.067
100,248,0.415,0.499,-0.054
100,249,0.413,0.497,-0.054
100,25,0.244,0.319,-0.041
100,250,0.456,0.538,-0.049
100,251,0.504,0.585,-0.044
100,26,0.159,0.222,-0.049
100,27,0.166,0.23,-0.048
100,28,0.13,0.186,-0.053
100,29,0.16,0.223,-0.049
100,30,0.204,0.274,-0.044
100,31,0.202,0.272,-0.045
100,32,0.27,0.347,-0.039
100,33,0.221,0.293,-0.043
100,34,0.085,0.129,-0.061
100,35,0.249,0.325,-0.041
100,36,0.294,0.374,-0.037
100,37,0.151,0.212,-0.051
100,38,0.328,0.409,-0.035
100,39,0.358,0.441,-0.033
100,40,0.183,0.25,-0.048
100,41,0.268,0.346,-0.04
100,42,0.444,0.527,-0.028
100,43,0.364,0.446,-0.033
100,44,0.261,0.337,-0.041
100,45,0.366,0.449,-0.033
100,46,0.343,0.425,-0.035
100,47,0.255,0.331,-0.042
100,48,0.277,0.355,-0.04
100,49,0.281,0.36,-0.04
100,50,0.358,0.44,-0.034
100,51,0.306,0.386,-0.038
100,52,0.418,0.501,-0.03
100,53,0.545,0.623,-0.023
100,54,0.471,0.553,-0.027
100,55,0.438,0.521,-0.029
100,56,0.298,0.378,-0.04
100,57,0.28,0.358,-0.041
100,58,0.266,0.343,-0.043
100,59,0.494,0.576,-0.027
100,60,0.325,0.407,-0.038
100,61,0.304,0.384,-0.04
100,62,0.26,0.337,-0.044
100,63,0.327,0.408,-0.039
100,64,0.522,0.602,-0.025
100,65,0.48,0.562,-0.028
100,66,0.381,0.464,-0.035
100,67,0.3,0.38,-0.041
100,68,0.306,0.386,-0.041
100,69,0.411,0.494,-0.033
100,7,0.125,0.18,-0.057
100,70,0.409,0.492,-0.034
100,71,0.303,0.383,-0.042
100,72,0.217,0.289,-0.051
100,73,0.305,0.385,-0.042
100,74,0.354,0.437,-0.038
100,75,0.331,0.413,-0.041
100,76,0.171,0.236,-0.058
100,77,0.1,0.149,-0.069
100,78,0.116,0.169,-0.066
100,79,0.278,0.356,-0.046
100,8,0.107,0.157,-0.06
100,80,0.319,0.4,-0.043
100,81,0.188,0.255,-0.056
100,82,0.14,0.199,-0.063
100,83,0.16,0.223,-0.06
100,84,0.227,0.3,-0.052
100,85,0.125,0.181,-0.067
100,86,0.157,0.219,-0.062
100,87,0.223,0.296,-0.053
100,88,0.187,0.254,-0.058
100,89,0.201,0.27,-0.057
100,9,0.113,0.165,-0.058
100,90,0.189,0.256,-0.058
100,91,0.326,0.407,-0.044
100,92,0.369,0.452,-0.04
100,93,0.312,0.392,-0.045
100,94,0.338,0.42,-0.043
100,95,0.286,0.364,-0.048
100,96,0.216,0.288,-0.056
100,97,0.364,0.447,-0.041
100,98,0.363,0.446,-0.041
100,99,0.387,0.47,-0.04
101,10,0.162,0.225,-0.05
101,100,0.661,0.728,-0.02
101,101,0.751,0.804,-0.014
101,102,0.679,0.743,-0.019
101,103,0.693,0.755,-0.018
101,104,0.805,0.849,-0.011
101,105,0.762,0.814,-0.014
101,106,0.696,0.758,-0.018
101,107,0.803,0.848,-0.012
101,108,0.68,0.745,-0.019
101,109,0.561,0.639,-0.027
101,11,0.206,0.277,-0.045
101,110,0.519,0.599,-0.03
101,111,0.809,0.852,-0.011
101,112,0.884,0.912,-0.007
101,113,0.695,0.757,-0.018
101,114,0.617,0.689,-0.024
101,115,0.607,0.68,-0.024
101,116,0.486,0.567,-0.033
101,117,0.375,0.458,-0.042
101,118,0.51,0.59,-0.031
101,119,0.5,0.581,-0.032
101,12,0.227,0.3,-0.043
101,120,0.563,0.64,-0.027
101,121,0.452,0.535,-0.036
101,122,0.222,0.294,-0.058
101,123,0.384,0.467,-0.041
101,124,0.508,0.588,-0.032
101,125,0.301,0.381,-0.049
101,126,0.391,0.474,-0.041
101,127,0.337,0.418,-0.046
101,128,0.296,0.375,-0.05
101,129,0.285,0.364,-0.051
101,13,0.291,0.371,-0.037
101,130,0.334,0.416,-0.046
101,131,0.278,0.356,-0.052
101,132,0.461,0.544,-0.035
101,133,0.482,0.564,-0.034
101,134,0.481,0.563,-0.034
101,135,0.354,0.436,-0.044
101,136,0.315,0.396,-0.048
101,137,0.369,0.452,-0.043
101,138,0.249,0.324,-0.055
101,139,0.394,0.477,-0.041
101,14,0.281,0.359,-0.038
101,140,0.524,0.604,-0.031
101,141,0.377,0.46,-0.042
101,142,0.362,0.444,-0.044
101,143,0.365,0.448,-0.043
101,144,0.391,0.474,-0.041
101,145,0.325,0.406,-0.047
101,146,0.287,0.366,-0.051
101,147,0.38,0.463,-0.042
101,148,0.346,0.428,-0.045
101,149,0.208,0.278,-0.061
101,15,0.194,0.263,-0.045
101,150,0.277,0.355,-0.052
101,151,0.296,0.376,-0.05
101,152,0.353,0.436,-0.045
101,153,0.401,0.484,-0.04
101,154,0.396,0.479,-0.041
101,155,0.445,0.527,-0.037
101,156,0.317,0.398,-0.048
101,157,0.306,0.386,-0.049
101,158,0.333,0.414,-0.046
101,159,0.306,0.386,-0.049
101,16,0.327,0.408,-0.034
101,160,0.305,0.385,-0.049
101,161,0.209,0.28,-0.06
101,162,0.411,0.494,-0.039
101,163,0.378,0.461,-0.042
101,164,0.233,0.307,-0.057
101,165,0.322,0.403,-0.047
101,166,0.317,0.398,-0.048
101,167,0.312,0.392,-0.048
101,168,0.337,0.419,-0.046
101,169,0.356,0.438,-0.044
101,17,0.443,0.526,-0.027
101,170,0.407,0.49,-0.039
101,171,0.381,0.464,-0.042
101,172,0.198,0.267,-0.061
101,173,0.222,0.295,-0.058
101,174,0.31,0.391,-0.048
101,175,0.315,0.396,-0.047
101,176,0.233,0.307,-0.056
101,177,0.244,0.318,-0.055
101,178,0.201,0.271,-0.06
101,179,0.258,0.334,-0.053
101,18,0.639,0.708,-0.016
101,180,0.362,0.444,-0.043
101,181,0.246,0.321,-0.055
101,182,0.278,0.356,-0.051
101,183,0.267,0.344,-0.052
101,184,0.206,0.276,-0.06
101,185,0.215,0.287,-0.058
101,186,0.119,0.173,-0.073
101,187,0.159,0.221,-0.066
101,188,0.267,0.345,-0.052
101,189,0.158,0.221,-0.067
101,19,0.505,0.586,-0.023
101,190,0.138,0.196,-0.07
101,191,0.213,0.284,-0.059
101,192,0.216,0.288,-0.059
101,193,0.124,0.179,-0.074
101,194,0.219,0.291,-0.059
101,195,0.274,0.352,-0.053
101,196,0.212,0.283,-0.061
101,197,0.247,0.322,-0.056
101,198,0.335,0.417,-0.047
101,199,0.207,0.278,-0.062
101,20,0.394,0.478,-0.029
101,200,0.249,0.325,-0.057
101,201,0.224,0.297,-0.061
101,202,0.208,0.279,-0.063
101,203,0.22,0.293,-0.062
101,204,0.206,0.276,-0.065
101,205,0.286,0.364,-0.055
101,206,0.238,0.313,-0.061
101,207,0.148,0.209,-0.076
101,208,0.206,0.276,-0.067
101,209,0.144,0.204,-0.078
101,21,0.289,0.368,-0.037
101,210,0.176,0.241,-0.073
101,211,0.191,0.259,-0.071
101,212,0.201,0.27,-0.07
101,213,0.177,0.243,-0.074
101,214,0.193,0.261,-0.072
101,215,0.203,0.273,-0.071
101,216,0.234,0.308,-0.067
101,217,0.185,0.252,-0.076
101,218,0.187,0.254,-0.076
101,219,0.121,0.175,-0.09
101,22,0.582,0.658,-0.019
101,220,0.198,0.268,-0.076
101,221,0.188,0.256,-0.078
101,222,0.168,0.232,-0.082
101,223,0.17,0.235,-0.083
101,224,0.201,0.27,-0.077
101,225,0.247,0.322,-0.071
101,226,0.188,0.255,-0.081
101,227,0.134,0.192,-0.093
101,228,0.201,0.271,-0.08
101,229,0.204,0.274,-0.08
101,23,0.434,0.517,-0.027
101,230,0.172,0.237,-0.086
101,231,0.247,0.322,-0.073
101,232,0.2,0.269,-0.081
101,233,0.206,0.276,-0.081
101,234,0.19,0.258,-0.084
101,235,0.225,0.298,-0.078
101,236,0.235,0.309,-0.076
101,237,0.283,0.362,-0.069
101,238,0.214,0.286,-0.08
101,239,0.238,0.312,-0.076
101,24,0.476,0.558,-0.025
101,240,0.286,0.365,-0.069
101,241,0.281,0.359,-0.07
101,242,0.246,0.321,-0.075
101,243,0.288,0.367,-0.069
101,244,0.504,0.585,-0.043
101,245,0.446,0.529,-0.05
101,246,0.505,0.586,-0.043
101,247,0.621,0.693,-0.032
101,248,0.715,0.774,-0.024
101,249,0.635,0.705,-0.031
101,25,0.523,0.603,-0.022
101,250,0.79,0.837,-0.018
101,251,0.846,0.882,-0.013
101,26,0.421,0.505,-0.028
101,27,0.46,0.542,-0.026
101,28,0.516,0.596,-0.023
101,29,0.323,0.404,-0.034
101,30,0.499,0.58,-0.024
101,31,0.396,0.479,-0.03
101,32,0.42,0.503,-0.028
101,33,0.261,0.337,-0.039
101,34,0.496,0.578,-0.024
101,35,0.598,0.672,-0.019
101,36,0.413,0.496,-0.029
101,37,0.22,0.293,-0.043
101,38,0.406,0.489,-0.03
101,39,0.316,0.397,-0.036
101,40,0.285,0.363,-0.038
101,41,0.465,0.548,-0.026
101,42,0.401,0.484,-0.03
101,43,0.514,0.594,-0.024
101,44,0.347,0.429,-0.034
101,45,0.331,0.412,-0.035
101,46,0.34,0.422,-0.035
101,47,0.405,0.488,-0.031
101,48,0.627,0.698,-0.018
101,49,0.689,0.752,-0.015
101,50,0.662,0.729,-0.016
101,51,0.357,0.439,-0.034
101,52,0.286,0.365,-0.04
101,53,0.466,0.549,-0.027
101,54,0.67,0.735,-0.016
101,55,0.345,0.427,-0.036
101,56,0.469,0.551,-0.027
101,57,0.628,0.699,-0.019
101,58,0.444,0.527,-0.029
101,59,0.339,0.421,-0.037
101,60,0.426,0.509,-0.031
101,61,0.592,0.667,-0.021
101,62,0.586,0.661,-0.021
101,63,0.42,0.503,-0.032
101,64,0.614,0.687,-0.02
101,65,0.341,0.423,-0.038
101,66,0.355,0.438,-0.037
101,67,0.313,0.394,-0.04
101,68,0.365,0.448,-0.036
101,69,0.315,0.396,-0.041
101,7,0.277,0.355,-0.04
101,70,0.467,0.549,-0.029
101,71,0.609,0.682,-0.021
101,72,0.245,0.32,-0.048
101,73,0.292,0.371,-0.043
101,74,0.292,0.371,-0.043
101,75,0.441,0.524,-0.032
101,76,0.299,0.378,-0.043
101,77,0.253,0.329,-0.048
101,78,0.33,0.411,-0.041
101,79,0.536,0.615,-0.026
101,8,0.214,0.286,-0.046
101,80,0.308,0.388,-0.043
101,81,0.357,0.439,-0.039
101,82,0.443,0.526,-0.033
101,83,0.433,0.516,-0.034
101,84,0.512,0.593,-0.028
101,85,0.488,0.57,-0.03
101,86,0.518,0.598,-0.028
101,87,0.511,0.591,-0.029
101,88,0.649,0.718,-0.02
101,89,0.701,0.763,-0.017
101,9,0.134,0.191,-0.054
101,90,0.743,0.798,-0.014
101,91,0.546,0.625,-0.027
101,92,0.459,0.541,-0.033
101,93,0.465,0.547,-0.033
101,94,0.59,0.664,-0.024
101,95,0.526,0.606,-0.028
101,96,0.577,0.653,-0.025
101,97,0.711,0.771,-0.017
101,98,0.657,0.724,-0.02
101,99,0.812,0.854,-0.011
102,10,0.138,0.196,-0.054
102,100,0.702,0.764,-0.017
102,101,0.537,0.616,-0.028
102,102,0.669,0.735,-0.019
102,103,0.474,0.556,-0.032
102,104,0.426,0.509,-0.036
102,105,0.509,0.589,-0.03
102,106,0.593,0.668,-0.024
102,107,0.776,0.825,-0.013
102,108,0.818,0.86,-0.011
102,109,0.787,0.834,-0.012
102,11,0.534,0.613,-0.022
102,110,0.782,0.83,-0.013
102,111,0.625,0.696,-0.023
102,112,0.607,0.68,-0.024
102,113,0.737,0.793,-0.016
102,114,0.665,0.732,-0.02
102,115,0.582,0.657,-0.026
102,116,0.538,0.617,-0.029
102,117,0.531,0.61,-0.029
102,118,0.557,0.634,-0.027
102,119,0.677,0.742,-0.02
102,12,0.351,0.433,-0.033
102,120,0.625,0.696,-0.023
102,121,0.541,0.62,-0.029
102,122,0.517,0.598,-0.03
102,123,0.429,0.512,-0.037
102,124,0.491,0.573,-0.032
102,125,0.44,0.523,-0.036
102,126,0.462,0.545,-0.035
102,127,0.444,0.527,-0.036
102,128,0.638,0.708,-0.022
102,129,0.458,0.541,-0.035
102,13,0.251,0.326,-0.041
102,130,0.384,0.467,-0.041
102,131,0.307,0.387,-0.048
102,132,0.364,0.447,-0.043
102,133,0.38,0.463,-0.042
102,134,0.486,0.568,-0.033
102,135,0.425,0.508,-0.038
102,136,0.488,0.57,-0.033
102,137,0.3,0.38,-0.049
102,138,0.37,0.452,-0.043
102,139,0.558,0.635,-0.028
102,14,0.505,0.586,-0.024
102,140,0.548,0.626,-0.029
102,141,0.409,0.492,-0.039
102,142,0.403,0.487,-0.04
102,143,0.386,0.469,-0.041
102,144,0.371,0.453,-0.043
102,145,0.352,0.435,-0.044
102,146,0.226,0.299,-0.058
102,147,0.185,0.252,-0.063
102,148,0.27,0.347,-0.053
102,149,0.298,0.378,-0.05
102,15,0.304,0.384,-0.036
102,150,0.323,0.404,-0.047
102,151,0.31,0.39,-0.048
102,152,0.327,0.408,-0.047
102,153,0.293,0.373,-0.05
102,154,0.202,0.272,-0.061
102,155,0.174,0.239,-0.065
102,156,0.246,0.321,-0.055
102,157,0.313,0.394,-0.048
102,158,0.325,0.406,-0.047
102,159,0.293,0.373,-0.05
102,16,0.293,0.372,-0.037
102,160,0.248,0.323,-0.055
102,161,0.229,0.302,-0.057
102,162,0.21,0.281,-0.059
102,163,0.246,0.321,-0.055
102,164,0.324,0.405,-0.047
102,165,0.284,0.362,-0.051
102,166,0.432,0.515,-0.037
102,167,0.36,0.443,-0.043
102,168,0.495,0.576,-0.032
102,169,0.287,0.365,-0.05
102,17,0.377,0.46,-0.031
102,170,0.389,0.473,-0.04
102,171,0.422,0.505,-0.038
102,172,0.417,0.5,-0.038
102,173,0.489,0.571,-0.032
102,174,0.337,0.418,-0.045
102,175,0.216,0.288,-0.058
102,176,0.282,0.36,-0.05
102,177,0.209,0.28,-0.059
102,178,0.179,0.245,-0.063
102,179,0.252,0.327,-0.054
102,18,0.403,0.487,-0.029
102,180,0.296,0.376,-0.049
102,181,0.199,0.268,-0.06
102,182,0.212,0.283,-0.059
102,183,0.208,0.278,-0.059
102,184,0.211,0.282,-0.059
102,185,0.156,0.219,-0.067
102,186,0.237,0.312,-0.056
102,187,0.251,0.327,-0.054
102,188,0.201,0.27,-0.061
102,189,0.172,0.237,-0.065
102,19,0.388,0.472,-0.03
102,190,0.198,0.267,-0.061
102,191,0.315,0.395,-0.048
102,192,0.357,0.439,-0.044
102,193,0.472,0.554,-0.035
102,194,0.35,0.432,-0.045
102,195,0.255,0.331,-0.056
102,196,0.285,0.364,-0.052
102,197,0.354,0.436,-0.046
102,198,0.353,0.436,-0.046
102,199,0.275,0.352,-0.055
102,20,0.448,0.531,-0.026
102,200,0.261,0.338,-0.056
102,201,0.337,0.418,-0.049
102,202,0.382,0.465,-0.045
102,203,0.26,0.336,-0.058
102,204,0.292,0.372,-0.055
102,205,0.206,0.276,-0.066
102,206,0.183,0.25,-0.07
102,207,0.16,0.222,-0.075
102,208,0.143,0.202,-0.078
102,209,0.183,0.25,-0.072
102,21,0.611,0.684,-0.018
102,210,0.201,0.27,-0.07
102,211,0.129,0.186,-0.083
102,212,0.138,0.196,-0.082
102,213,0.12,0.174,-0.087
102,214,0.105,0.155,-0.092
102,215,0.155,0.217,-0.081
102,216,0.12,0.174,-0.09
102,217,0.082,0.125,-0.101
102,218,0.081,0.124,-0.102
102,219,0.148,0.209,-0.085
102,22,0.561,0.638,-0.02
102,220,0.129,0.185,-0.09
102,221,0.132,0.189,-0.09
102,222,0.134,0.192,-0.09
102,223,0.147,0.207,-0.088
102,224,0.137,0.195,-0.091
102,225,0.173,0.238,-0.084
102,226,0.161,0.224,-0.087
102,227,0.125,0.181,-0.096
102,228,0.156,0.218,-0.089
102,229,0.152,0.213,-0.09
102,23,0.613,0.686,-0.018
102,230,0.11,0.161,-0.101
102,231,0.122,0.176,-0.098
102,232,0.172,0.237,-0.087
102,233,0.149,0.21,-0.092
102,234,0.154,0.216,-0.091
102,235,0.182,0.249,-0.086
102,236,0.167,0.231,-0.089
102,237,0.184,0.251,-0.085
102,238,0.232,0.305,-0.077
102,239,0.195,0.263,-0.083
102,24,0.817,0.859,-0.008
102,240,0.195,0.264,-0.083
102,241,0.232,0.306,-0.077
102,242,0.266,0.344,-0.072
102,243,0.249,0.324,-0.074
102,244,0.352,0.435,-0.06
102,245,0.304,0.384,-0.066
102,246,0.373,0.456,-0.058
102,247,0.449,0.532,-0.049
102,248,0.438,0.521,-0.05
102,249,0.418,0.501,-0.053
102,25,0.514,0.594,-0.023
102,250,0.584,0.659,-0.036
102,251,0.559,0.636,-0.039
102,26,0.507,0.588,-0.023
102,27,0.583,0.658,-0.019
102,28,0.647,0.716,-0.016
102,29,0.498,0.579,-0.024
102,30,0.671,0.736,-0.015
102,31,0.964,0.974,-0.002
102,32,0.441,0.524,-0.027
102,33,0.588,0.662,-0.019
102,34,0.732,0.789,-0.012
102,35,0.618,0.69,-0.018
102,36,0.728,0.785,-0.012
102,37,0.651,0.719,-0.016
102,38,0.638,0.707,-0.017
102,39,0.292,0.371,-0.038
102,40,0.461,0.543,-0.026
102,41,0.384,0.468,-0.031
102,42,0.232,0.306,-0.043
102,43,0.468,0.55,-0.026
102,44,0.566,0.643,-0.021
102,45,0.469,0.551,-0.026
102,46,0.272,0.349,-0.04
102,47,0.413,0.496,-0.03
102,48,0.401,0.484,-0.031
102,49,0.418,0.502,-0.03
102,50,0.45,0.533,-0.028
102,51,0.439,0.522,-0.029
102,52,0.544,0.623,-0.023
102,53,0.442,0.525,-0.029
102,54,0.491,0.572,-0.026
102,55,0.643,0.712,-0.018
102,56,0.358,0.44,-0.035
102,57,0.443,0.526,-0.029
102,58,0.43,0.513,-0.03
102,59,0.431,0.514,-0.03
102,60,0.45,0.533,-0.029
102,61,0.504,0.585,-0.026
102,62,0.307,0.387,-0.04
102,63,0.3,0.38,-0.04
102,64,0.287,0.366,-0.042
102,65,0.467,0.549,-0.029
102,66,0.496,0.577,-0.027
102,67,0.247,0.322,-0.046
102,68,0.352,0.435,-0.037
102,69,0.291,0.37,-0.042
102,7,0.121,0.175,-0.058
102,70,0.344,0.427,-0.038
102,71,0.356,0.439,-0.037
102,72,0.417,0.501,-0.033
102,73,0.322,0.403,-0.04
102,74,0.446,0.529,-0.031
102,75,0.459,0.541,-0.03
102,76,0.567,0.644,-0.024
102,77,0.55,0.628,-0.025
102,78,0.655,0.722,-0.019
102,79,0.763,0.815,-0.013
102,8,0.272,0.35,-0.041
102,80,0.47,0.552,-0.03
102,81,0.455,0.537,-0.032
102,82,0.563,0.64,-0.025
102,83,0.404,0.487,-0.035
102,84,0.784,0.832,-0.012
102,85,0.636,0.706,-0.02
102,86,0.537,0.616,-0.026
102,87,0.458,0.54,-0.032
102,88,0.356,0.438,-0.04
102,89,0.577,0.653,-0.024
102,9,0.244,0.319,-0.043
102,90,0.622,0.693,-0.021
102,91,0.539,0.617,-0.027
102,92,0.62,0.692,-0.022
102,93,0.68,0.744,-0.018
102,94,0.632,0.702,-0.021
102,95,0.492,0.574,-0.03
102,96,0.556,0.633,-0.026
102,97,0.595,0.669,-0.024
102,98,0.694,0.757,-0.018
102,99,0.619,0.69,-0.022
103,10,0.443,0.526,-0.028
103,100,0.497,0.578,-0.03
103,101,0.499,0.581,-0.03
103,102,0.486,0.568,-0.031
103,103,0.613,0.685,-0.023
103,104,0.431,0.515,-0.035
103,105,0.567,0.644,-0.026
103,106,0.705,0.766,-0.017
103,107,0.664,0.73,-0.02
103,108,0.657,0.725,-0.02
103,109,0.601,0.674,-0.024
103,11,0.213,0.285,-0.045
103,110,0.806,0.85,-0.011
103,111,0.554,0.631,-0.027
103,112,0.557,0.634,-0.027
103,113,0.862,0.895,-0.008
103,114,0.602,0.676,-0.024
103,115,0.636,0.706,-0.022
103,116,0.661,0.728,-0.02
103,117,0.884,0.912,-0.007
103,118,0.743,0.798,-0.015
103,119,0.588,0.663,-0.025
103,12,0.468,0.55,-0.026
103,120,0.633,0.703,-0.022
103,121,0.589,0.664,-0.025
103,122,0.494,0.575,-0.032
103,123,0.416,0.5,-0.038
103,124,0.497,0.578,-0.032
103,125,0.543,0.621,-0.028
103,126,0.558,0.636,-0.027
103,127,0.593,0.668,-0.025
103,128,0.698,0.76,-0.018
103,129,0.624,0.695,-0.023
103,13,0.233,0.306,-0.042
103,130,0.519,0.599,-0.03
103,131,0.541,0.62,-0.029
103,132,0.547,0.625,-0.028
103,133,0.422,0.505,-0.038
103,134,0.363,0.445,-0.043
103,135,0.527,0.607,-0.03
103,136,0.615,0.687,-0.024
103,137,0.398,0.481,-0.04
103,138,0.481,0.563,-0.033
103,139,0.465,0.547,-0.035
103,14,0.273,0.351,-0.038
103,140,0.44,0.523,-0.037
103,141,0.377,0.46,-0.042
103,142,0.37,0.453,-0.042
103,143,0.332,0.414,-0.046
103,144,0.294,0.374,-0.049
103,145,0.244,0.319,-0.055
103,146,0.293,0.372,-0.05
103,147,0.326,0.407,-0.046
103,148,0.185,0.252,-0.063
103,149,0.208,0.278,-0.06
103,15,0.297,0.377,-0.037
103,150,0.195,0.264,-0.061
103,151,0.198,0.267,-0.061
103,152,0.24,0.315,-0.056
103,153,0.362,0.445,-0.043
103,154,0.342,0.424,-0.045
103,155,0.361,0.444,-0.043
103,156,0.386,0.469,-0.041
103,157,0.404,0.487,-0.039
103,158,0.444,0.527,-0.036
103,159,0.438,0.521,-0.036
103,16,0.346,0.428,-0.033
103,160,0.314,0.394,-0.047
103,161,0.298,0.378,-0.049
103,162,0.24,0.314,-0.055
103,163,0.504,0.585,-0.031
103,164,0.518,0.598,-0.03
103,165,0.45,0.533,-0.035
103,166,0.436,0.519,-0.036
103,167,0.541,0.619,-0.029
103,168,0.47,0.552,-0.034
103,169,0.457,0.54,-0.035
103,17,0.755,0.808,-0.011
103,170,0.415,0.499,-0.038
103,171,0.353,0.436,-0.043
103,172,0.386,0.469,-0.04
103,173,0.469,0.552,-0.034
103,174,0.443,0.526,-0.036
103,175,0.542,0.62,-0.028
103,176,0.39,0.473,-0.04
103,177,0.349,0.431,-0.044
103,178,0.593,0.667,-0.025
103,179,0.329,0.41,-0.046
103,18,0.253,0.329,-0.04
103,180,0.377,0.46,-0.041
103,181,0.358,0.441,-0.043
103,182,0.387,0.47,-0.041
103,183,0.418,0.501,-0.038
103,184,0.437,0.52,-0.037
103,185,0.415,0.498,-0.039
103,186,0.485,0.567,-0.033
103,187,0.235,0.309,-0.056
103,188,0.301,0.381,-0.049
103,189,0.382,0.465,-0.042
103,19,0.314,0.394,-0.035
103,190,0.327,0.408,-0.047
103,191,0.423,0.506,-0.039
103,192,0.389,0.473,-0.041
103,193,0.539,0.618,-0.03
103,194,0.418,0.501,-0.04
103,195,0.326,0.408,-0.048
103,196,0.462,0.545,-0.036
103,197,0.524,0.604,-0.032
103,198,0.515,0.595,-0.033
103,199,0.479,0.561,-0.036
103,20,0.665,0.732,-0.015
103,200,0.581,0.656,-0.028
103,201,0.315,0.396,-0.051
103,202,0.387,0.47,-0.045
103,203,0.426,0.509,-0.041
103,204,0.362,0.445,-0.048
103,205,0.464,0.546,-0.039
103,206,0.338,0.42,-0.051
103,207,0.363,0.446,-0.049
103,208,0.458,0.54,-0.04
103,209,0.442,0.525,-0.042
103,21,0.5,0.581,-0.023
103,210,0.366,0.448,-0.05
103,211,0.269,0.347,-0.062
103,212,0.265,0.342,-0.063
103,213,0.168,0.233,-0.078
103,214,0.196,0.264,-0.074
103,215,0.254,0.33,-0.066
103,216,0.181,0.248,-0.078
103,217,0.133,0.19,-0.088
103,218,0.171,0.236,-0.081
103,219,0.102,0.152,-0.097
103,22,0.333,0.415,-0.033
103,220,0.13,0.187,-0.091
103,221,0.177,0.243,-0.082
103,222,0.119,0.173,-0.095
103,223,0.176,0.241,-0.083
103,224,0.213,0.285,-0.077
103,225,0.228,0.301,-0.075
103,226,0.175,0.241,-0.084
103,227,0.213,0.285,-0.078
103,228,0.108,0.16,-0.101
103,229,0.146,0.206,-0.092
103,23,0.413,0.496,-0.028
103,230,0.129,0.185,-0.096
103,231,0.166,0.23,-0.088
103,232,0.096,0.144,-0.106
103,233,0.137,0.195,-0.095
103,234,0.231,0.304,-0.077
103,235,0.186,0.254,-0.084
103,236,0.194,0.263,-0.083
103,237,0.223,0.295,-0.078
103,238,0.164,0.228,-0.089
103,239,0.205,0.275,-0.081
103,24,0.424,0.507,-0.028
103,240,0.297,0.376,-0.067
103,241,0.37,0.453,-0.057
103,242,0.257,0.333,-0.073
103,243,0.382,0.465,-0.056
103,244,0.421,0.504,-0.051
103,245,0.484,0.565,-0.045
103,246,0.531,0.61,-0.04
103,247,0.548,0.626,-0.039
103,248,0.59,0.665,-0.035
103,249,0.747,0.801,-0.021
103,25,0.55,0.628,-0.021
103,250,0.58,0.656,-0.036
103,251,0.702,0.763,-0.025
103,26,0.42,0.503,-0.028
103,27,0.526,0.606,-0.022
103,28,0.467,0.55,-0.025
103,29,0.744,0.799,-0.011
103,30,0.702,0.763,-0.013
103,31,0.456,0.539,-0.026
103,32,0.553,0.63,-0.021
103,33,0.672,0.738,-0.015
103,34,0.561,0.638,-0.02
103,35,0.578,0.654,-0.02
103,36,0.89,0.916,-0.005
103,37,0.617,0.689,-0.018
103,38,0.588,0.663,-0.019
103,39,0.611,0.683,-0.018
103,40,0.387,0.47,-0.031
103,41,0.506,0.587,-0.024
103,42,0.356,0.438,-0.033
103,43,0.545,0.623,-0.022
103,44,0.564,0.641,-0.021
103,45,0.374,0.456,-0.032
103,46,0.56,0.637,-0.021
103,47,0.499,0.58,-0.025
103,48,0.239,0.313,-0.043
103,49,0.438,0.521,-0.028
103,50,0.392,0.475,-0.031
103,51,0.485,0.567,-0.026
103,52,0.487,0.569,-0.026
103,53,0.441,0.524,-0.029
103,54,0.364,0.447,-0.034
103,55,0.469,0.551,-0.027
103,56,0.497,0.579,-0.026
103,57,0.6,0.673,-0.02
103,58,0.532,0.611,-0.024
103,59,0.536,0.615,-0.024
103,60,0.653,0.721,-0.017
103,61,0.531,0.61,-0.024
103,62,0.788,0.835,-0.01
103,63,0.541,0.619,-0.024
103,64,0.501,0.582,-0.026
103,65,0.415,0.499,-0.032
103,66,0.237,0.311,-0.046
103,67,0.463,0.545,-0.029
103,68,0.515,0.596,-0.026
103,69,0.512,0.592,-0.026
103,7,0.215,0.286,-0.047
103,70,0.423,0.506,-0.032
103,71,0.297,0.377,-0.042
103,72,0.5,0.581,-0.027
103,73,0.395,0.478,-0.034
103,74,0.531,0.61,-0.025
103,75,0.515,0.595,-0.026
103,76,0.611,0.683,-0.021
103,77,0.815,0.857,-0.01
103,78,0.548,0.626,-0.025
103,79,0.615,0.687,-0.021
103,8,0.382,0.465,-0.032
103,80,0.669,0.735,-0.018
103,81,0.61,0.683,-0.021
103,82,0.593,0.668,-0.022
103,83,0.66,0.727,-0.019
103,84,0.566,0.643,-0.024
103,85,0.506,0.587,-0.028
103,86,0.336,0.418,-0.041
103,87,0.573,0.649,-0.024
103,88,0.652,0.72,-0.019
103,89,0.583,0.658,-0.024
103,9,0.495,0.577,-0.025
103,90,0.603,0.676,-0.023
103,91,0.465,0.547,-0.032
103,92,0.54,0.619,-0.027
103,93,0.529,0.608,-0.028
103,94,0.635,0.705,-0.021
103,95,0.515,0.596,-0.029
103,96,0.625,0.696,-0.022
103,97,0.454,0.537,-0.033
103,98,0.549,0.627,-0.027
103,99,0.522,0.602,-0.028
104,10,0.144,0.203,-0.053
104,100,0.189,0.256,-0.058
104,101,0.226,0.299,-0.054
104,102,0.338,0.419,-0.043
104,103,0.353,0.436,-0.041
104,104,0.422,0.506,-0.036
104,105,0.437,0.52,-0.035
104,106,0.345,0.427,-0.042
104,107,0.446,0.529,-0.034
104,108,0.373,0.456,-0.04
104,109,0.355,0.437,-0.042
104,11,0.179,0.245,-0.048
104,110,0.296,0.375,-0.047
104,111,0.427,0.51,-0.036
104,112,0.485,0.567,-0.032
104,113,0.592,0.667,-0.024
104,114,0.537,0.616,-0.028
104,115,0.32,0.401,-0.045
104,116,0.384,0.468,-0.04
104,117,0.343,0.425,-0.043
104,118,0.494,0.575,-0.031
104,119,0.47,0.553,-0.033
104,12,0.132,0.189,-0.053
104,120,0.571,0.648,-0.026
104,121,0.589,0.664,-0.025
104,122,0.376,0.459,-0.041
104,123,0.366,0.449,-0.042
104,124,0.395,0.478,-0.039
104,125,0.304,0.384,-0.047
104,126,0.314,0.394,-0.046
104,127,0.283,0.362,-0.05
104,128,0.292,0.372,-0.049
104,129,0.23,0.303,-0.056
104,13,0.121,0.176,-0.055
104,130,0.283,0.362,-0.05
104,131,0.242,0.316,-0.055
104,132,0.301,0.381,-0.048
104,133,0.283,0.362,-0.05
104,134,0.232,0.306,-0.056
104,135,0.348,0.43,-0.044
104,136,0.196,0.265,-0.061
104,137,0.165,0.228,-0.065
104,138,0.187,0.254,-0.062
104,139,0.137,0.195,-0.07
104,14,0.095,0.143,-0.059
104,140,0.168,0.232,-0.065
104,141,0.143,0.202,-0.069
104,142,0.117,0.17,-0.074
104,143,0.175,0.241,-0.064
104,144,0.204,0.274,-0.059
104,145,0.141,0.2,-0.069
104,146,0.103,0.153,-0.076
104,147,0.102,0.152,-0.077
104,148,0.1,0.148,-0.077
104,149,0.153,0.215,-0.067
104,15,0.262,0.339,-0.039
104,150,0.248,0.324,-0.054
104,151,0.212,0.283,-0.058
104,152,0.138,0.197,-0.069
104,153,0.11,0.162,-0.075
104,154,0.126,0.181,-0.071
104,155,0.278,0.356,-0.051
104,156,0.266,0.343,-0.052
104,157,0.257,0.333,-0.053
104,158,0.222,0.294,-0.057
104,159,0.358,0.441,-0.043
104,16,0.325,0.406,-0.034
104,160,0.37,0.453,-0.042
104,161,0.363,0.445,-0.042
104,162,0.323,0.404,-0.046
104,163,0.353,0.435,-0.043
104,164,0.351,0.434,-0.043
104,165,0.386,0.469,-0.04
104,166,0.39,0.473,-0.04
104,167,0.341,0.423,-0.044
104,168,0.45,0.533,-0.035
104,169,0.275,0.353,-0.051
104,17,0.358,0.44,-0.032
104,170,0.386,0.469,-0.04
104,171,0.283,0.361,-0.05
104,172,0.415,0.499,-0.038
104,173,0.232,0.306,-0.056
104,174,0.295,0.375,-0.049
104,175,0.355,0.437,-0.043
104,176,0.416,0.499,-0.038
104,177,0.522,0.602,-0.03
104,178,0.406,0.489,-0.039
104,179,0.39,0.473,-0.04
104,18,0.414,0.497,-0.028
104,180,0.239,0.313,-0.055
104,181,0.215,0.286,-0.058
104,182,0.175,0.241,-0.064
104,183,0.247,0.322,-0.055
104,184,0.423,0.506,-0.038
104,185,0.298,0.378,-0.049
104,186,0.29,0.369,-0.051
104,187,0.287,0.366,-0.051
104,188,0.366,0.449,-0.043
104,189,0.266,0.343,-0.054
104,19,0.361,0.443,-0.031
104,190,0.3,0.38,-0.05
104,191,0.342,0.424,-0.046
104,192,0.293,0.372,-0.051
104,193,0.329,0.411,-0.048
104,194,0.212,0.283,-0.062
104,195,0.386,0.47,-0.043
104,196,0.39,0.473,-0.043
104,197,0.436,0.519,-0.039
104,198,0.384,0.467,-0.044
104,199,0.312,0.392,-0.052
104,20,0.427,0.51,-0.027
104,200,0.259,0.336,-0.058
104,201,0.227,0.3,-0.063
104,202,0.293,0.372,-0.055
104,203,0.311,0.391,-0.053
104,204,0.235,0.309,-0.063
104,205,0.415,0.498,-0.044
104,206,0.263,0.339,-0.061
104,207,0.254,0.329,-0.062
104,208,0.284,0.363,-0.059
104,209,0.251,0.327,-0.064
104,21,0.346,0.428,-0.032
104,210,0.328,0.409,-0.055
104,211,0.243,0.318,-0.066
104,212,0.251,0.327,-0.066
104,213,0.243,0.317,-0.067
104,214,0.318,0.399,-0.058
104,215,0.307,0.388,-0.06
104,216,0.167,0.231,-0.081
104,217,0.18,0.246,-0.079
104,218,0.204,0.274,-0.076
104,219,0.224,0.296,-0.073
104,22,0.325,0.407,-0.034
104,220,0.199,0.269,-0.077
104,221,0.225,0.298,-0.074
104,222,0.228,0.302,-0.074
104,223,0.217,0.288,-0.076
104,224,0.218,0.289,-0.076
104,225,0.218,0.29,-0.076
104,226,0.242,0.317,-0.073
104,227,0.193,0.262,-0.081
104,228,0.145,0.204,-0.092
104,229,0.106,0.156,-0.102
104,23,0.368,0.45,-0.031
104,230,0.148,0.209,-0.091
104,231,0.157,0.219,-0.089
104,232,0.105,0.156,-0.103
104,233,0.124,0.179,-0.098
104,234,0.172,0.237,-0.087
104,235,0.087,0.132,-0.109
104,236,0.073,0.114,-0.114
104,237,0.109,0.16,-0.102
104,238,0.071,0.111,-0.115
104,239,0.082,0.125,-0.11
104,24,0.281,0.359,-0.037
104,240,0.09,0.136,-0.108
104,241,0.121,0.175,-0.098
104,242,0.087,0.133,-0.109
104,243,0.16,0.222,-0.089
104,244,0.154,0.216,-0.09
104,245,0.209,0.279,-0.08
104,246,0.244,0.319,-0.074
104,247,0.336,0.417,-0.062
104,248,0.368,0.45,-0.058
104,249,0.422,0.505,-0.052
104,25,0.238,0.312,-0.041
104,250,0.388,0.472,-0.056
104,251,0.349,0.431,-0.061
104,26,0.377,0.46,-0.031
104,27,0.355,0.437,-0.032
104,28,0.397,0.48,-0.029
104,29,0.342,0.424,-0.033
104,30,0.287,0.366,-0.037
104,31,0.365,0.448,-0.032
104,32,0.363,0.446,-0.032
104,33,0.257,0.333,-0.04
104,34,0.342,0.424,-0.033
104,35,0.45,0.533,-0.027
104,36,0.38,0.463,-0.031
104,37,0.391,0.474,-0.03
104,38,0.277,0.356,-0.038
104,39,0.212,0.284,-0.044
104,40,0.189,0.256,-0.047
104,41,0.138,0.196,-0.053
104,42,0.248,0.324,-0.041
104,43,0.21,0.281,-0.045
104,44,0.358,0.441,-0.033
104,45,0.277,0.355,-0.039
104,46,0.316,0.396,-0.036
104,47,0.256,0.332,-0.041
104,48,0.371,0.454,-0.033
104,49,0.314,0.395,-0.037
104,50,0.203,0.272,-0.047
104,51,0.177,0.243,-0.05
104,52,0.273,0.351,-0.04
104,53,0.454,0.537,-0.028
104,54,0.447,0.529,-0.028
104,55,0.197,0.266,-0.048
104,56,0.193,0.261,-0.049
104,57,0.251,0.326,-0.043
104,58,0.274,0.352,-0.041
104,59,0.181,0.247,-0.051
104,60,0.24,0.315,-0.045
104,61,0.331,0.412,-0.037
104,62,0.288,0.367,-0.041
104,63,0.224,0.297,-0.047
104,64,0.24,0.314,-0.045
104,65,0.336,0.418,-0.037
104,66,0.219,0.292,-0.048
104,67,0.163,0.226,-0.054
104,68,0.207,0.278,-0.049
104,69,0.21,0.28,-0.049
104,7,0.097,0.145,-0.062
104,70,0.253,0.329,-0.045
104,71,0.286,0.364,-0.042
104,72,0.188,0.256,-0.052
104,73,0.299,0.379,-0.041
104,74,0.301,0.381,-0.042
104,75,0.305,0.385,-0.041
104,76,0.135,0.192,-0.061
104,77,0.303,0.383,-0.042
104,78,0.479,0.561,-0.029
104,79,0.457,0.54,-0.031
104,8,0.158,0.22,-0.052
104,80,0.395,0.478,-0.035
104,81,0.464,0.547,-0.03
104,82,0.367,0.45,-0.037
104,83,0.27,0.348,-0.046
104,84,0.302,0.381,-0.043
104,85,0.279,0.357,-0.046
104,86,0.194,0.262,-0.055
104,87,0.352,0.434,-0.039
104,88,0.305,0.385,-0.044
104,89,0.191,0.259,-0.056
104,9,0.138,0.196,-0.054
104,90,0.143,0.203,-0.063
104,91,0.248,0.324,-0.05
104,92,0.329,0.41,-0.042
104,93,0.25,0.325,-0.05
104,94,0.188,0.256,-0.057
104,95,0.207,0.278,-0.055
104,96,0.18,0.246,-0.058
104,97,0.155,0.217,-0.062
104,98,0.146,0.206,-0.064
104,99,0.157,0.219,-0.062
105,10,0.133,0.19,-0.055
105,100,0.189,0.257,-0.058
105,101,0.209,0.28,-0.055
105,102,0.174,0.24,-0.06
105,103,0.189,0.257,-0.058
105,104,0.294,0.373,-0.046
105,105,0.37,0.453,-0.04
105,106,0.33,0.412,-0.043
105,107,0.292,0.371,-0.047
105,108,0.364,0.447,-0.04
105,109,0.248,0.323,-0.051
105,11,0.289,0.368,-0.038
105,110,0.344,0.426,-0.042
105,111,0.297,0.376,-0.047
105,112,0.296,0.375,-0.047
105,113,0.289,0.368,-0.048
105,114,0.275,0.353,-0.049
105,115,0.27,0.347,-0.05
105,116,0.264,0.341,-0.051
105,117,0.244,0.319,-0.053
105,118,0.287,0.366,-0.048
105,119,0.267,0.344,-0.051
105,12,0.221,0.293,-0.044
105,120,0.351,0.434,-0.042
105,121,0.31,0.391,-0.046
105,122,0.351,0.433,-0.043
105,123,0.333,0.414,-0.044
105,124,0.357,0.439,-0.042
105,125,0.427,0.511,-0.036
105,126,0.279,0.357,-0.05
105,127,0.29,0.369,-0.049
105,128,0.173,0.238,-0.062
105,129,0.245,0.32,-0.053
105,13,0.071,0.111,-0.064
105,130,0.277,0.355,-0.05
105,131,0.244,0.319,-0.054
105,132,0.256,0.333,-0.052
105,133,0.247,0.322,-0.053
105,134,0.142,0.201,-0.068
105,135,0.153,0.215,-0.066
105,136,0.189,0.257,-0.061
105,137,0.074,0.114,-0.083
105,138,0.073,0.114,-0.083
105,139,0.1,0.149,-0.076
105,14,0.181,0.248,-0.047
105,140,0.106,0.157,-0.075
105,141,0.138,0.196,-0.069
105,142,0.187,0.254,-0.061
105,143,0.211,0.282,-0.058
105,144,0.159,0.222,-0.065
105,145,0.169,0.234,-0.063
105,146,0.229,0.302,-0.055
105,147,0.149,0.209,-0.067
105,148,0.177,0.243,-0.062
105,149,0.241,0.315,-0.054
105,15,0.189,0.257,-0.046
105,150,0.223,0.296,-0.056
105,151,0.383,0.466,-0.04
105,152,0.341,0.422,-0.044
105,153,0.312,0.393,-0.047
105,154,0.213,0.285,-0.058
105,155,0.278,0.356,-0.05
105,156,0.252,0.328,-0.053
105,157,0.299,0.379,-0.048
105,158,0.359,0.442,-0.042
105,159,0.35,0.433,-0.043
105,16,0.27,0.347,-0.038
105,160,0.273,0.35,-0.051
105,161,0.237,0.311,-0.055
105,162,0.165,0.229,-0.064
105,163,0.197,0.266,-0.059
105,164,0.194,0.263,-0.06
105,165,0.121,0.175,-0.071
105,166,0.141,0.2,-0.068
105,167,0.13,0.186,-0.07
105,168,0.163,0.227,-0.064
105,169,0.217,0.288,-0.057
105,17,0.129,0.185,-0.053
105,170,0.105,0.155,-0.075
105,171,0.137,0.195,-0.069
105,172,0.213,0.284,-0.058
105,173,0.283,0.362,-0.05
105,174,0.283,0.361,-0.05
105,175,0.234,0.308,-0.055
105,176,0.269,0.346,-0.052
105,177,0.219,0.292,-0.058
105,178,0.398,0.481,-0.04
105,179,0.367,0.45,-0.042
105,18,0.172,0.237,-0.048
105,180,0.401,0.484,-0.04
105,181,0.373,0.456,-0.042
105,182,0.452,0.534,-0.036
105,183,0.436,0.519,-0.037
105,184,0.52,0.6,-0.031
105,185,0.349,0.431,-0.045
105,186,0.39,0.473,-0.041
105,187,0.535,0.614,-0.03
105,188,0.402,0.485,-0.041
105,189,0.372,0.455,-0.043
105,19,0.079,0.121,-0.061
105,190,0.45,0.533,-0.037
105,191,0.463,0.546,-0.036
105,192,0.388,0.471,-0.043
105,193,0.387,0.47,-0.043
105,194,0.401,0.484,-0.042
105,195,0.206,0.277,-0.064
105,196,0.222,0.294,-0.062
105,197,0.24,0.314,-0.06
105,198,0.334,0.415,-0.05
105,199,0.384,0.467,-0.045
105,20,0.15,0.211,-0.05
105,200,0.389,0.472,-0.045
105,201,0.373,0.456,-0.047
105,202,0.288,0.367,-0.056
105,203,0.323,0.404,-0.053
105,204,0.288,0.366,-0.057
105,205,0.304,0.385,-0.056
105,206,0.292,0.371,-0.058
105,207,0.203,0.272,-0.071
105,208,0.184,0.251,-0.074
105,209,0.291,0.37,-0.059
105,21,0.155,0.217,-0.049
105,210,0.372,0.455,-0.051
105,211,0.32,0.401,-0.057
105,212,0.267,0.344,-0.064
105,213,0.243,0.318,-0.068
105,214,0.246,0.321,-0.068
105,215,0.245,0.32,-0.069
105,216,0.261,0.337,-0.067
105,217,0.249,0.325,-0.069
105,218,0.242,0.317,-0.07
105,219,0.343,0.425,-0.057
105,22,0.086,0.132,-0.059
105,220,0.254,0.329,-0.069
105,221,0.227,0.3,-0.074
105,222,0.249,0.325,-0.071
105,223,0.274,0.352,-0.067
105,224,0.265,0.342,-0.069
105,225,0.287,0.366,-0.066
105,226,0.207,0.278,-0.079
105,227,0.181,0.247,-0.084
105,228,0.159,0.222,-0.088
105,229,0.169,0.233,-0.086
105,23,0.159,0.221,-0.048
105,230,0.126,0.182,-0.096
105,231,0.145,0.204,-0.092
105,232,0.145,0.205,-0.092
105,233,0.129,0.186,-0.095
105,234,0.21,0.28,-0.079
105,235,0.225,0.298,-0.076
105,236,0.163,0.227,-0.088
105,237,0.155,0.217,-0.09
105,238,0.099,0.148,-0.104
105,239,0.153,0.214,-0.09
105,24,0.154,0.216,-0.049
105,240,0.184,0.251,-0.084
105,241,0.18,0.246,-0.084
105,242,0.121,0.176,-0.098
105,243,0.122,0.176,-0.098
105,244,0.157,0.219,-0.089
105,245,0.125,0.18,-0.097
105,246,0.16,0.223,-0.089
105,247,0.199,0.269,-0.082
105,248,0.275,0.352,-0.07
105,249,0.33,0.412,-0.062
105,25,0.221,0.294,-0.042
105,250,0.364,0.447,-0.059
105,251,0.385,0.468,-0.056
105,26,0.075,0.116,-0.061
105,27,0.116,0.169,-0.054
105,28,0.167,0.231,-0.048
105,29,0.346,0.428,-0.033
105,30,0.221,0.293,-0.042
105,31,0.138,0.196,-0.052
105,32,0.088,0.134,-0.059
105,33,0.124,0.179,-0.053
105,34,0.074,0.116,-0.062
105,35,0.114,0.167,-0.055
105,36,0.05,0.083,-0.069
105,37,0.1,0.149,-0.058
105,38,0.148,0.208,-0.051
105,39,0.105,0.155,-0.058
105,40,0.078,0.12,-0.062
105,41,0.109,0.16,-0.057
105,42,0.144,0.203,-0.052
105,43,0.154,0.215,-0.051
105,44,0.148,0.208,-0.052
105,45,0.1,0.149,-0.059
105,46,0.11,0.161,-0.058
105,47,0.186,0.254,-0.048
105,48,0.244,0.319,-0.042
105,49,0.297,0.376,-0.038
105,50,0.18,0.246,-0.049
105,51,0.273,0.35,-0.04
105,52,0.496,0.577,-0.025
105,53,0.244,0.319,-0.043
105,54,0.291,0.37,-0.039
105,55,0.251,0.327,-0.043
105,56,0.369,0.451,-0.033
105,57,0.36,0.443,-0.034
105,58,0.279,0.357,-0.041
105,59,0.282,0.36,-0.041
105,60,0.539,0.618,-0.023
105,61,0.301,0.38,-0.039
105,62,0.539,0.617,-0.023
105,63,0.478,0.56,-0.027
105,64,0.522,0.602,-0.025
105,65,0.458,0.541,-0.029
105,66,0.321,0.402,-0.038
105,67,0.437,0.52,-0.03
105,68,0.269,0.346,-0.043
105,69,0.406,0.489,-0.032
105,7,0.12,0.174,-0.058
105,70,0.415,0.498,-0.032
105,71,0.323,0.404,-0.039
105,72,0.286,0.365,-0.042
105,73,0.257,0.333,-0.045
105,74,0.384,0.467,-0.035
105,75,0.412,0.495,-0.033
105,76,0.291,0.371,-0.042
105,77,0.418,0.501,-0.033
105,78,0.298,0.377,-0.042
105,79,0.28,0.359,-0.044
105,8,0.076,0.118,-0.066
105,80,0.4,0.483,-0.034
105,81,0.297,0.377,-0.043
105,82,0.363,0.445,-0.037
105,83,0.4,0.483,-0.035
105,84,0.401,0.485,-0.035
105,85,0.411,0.494,-0.034
105,86,0.463,0.545,-0.031
105,87,0.258,0.334,-0.047
105,88,0.298,0.377,-0.044
105,89,0.311,0.391,-0.043
105,9,0.054,0.088,-0.071
105,90,0.19,0.258,-0.055
105,91,0.282,0.36,-0.046
105,92,0.237,0.311,-0.05
105,93,0.267,0.344,-0.048
105,94,0.412,0.495,-0.035
105,95,0.34,0.422,-0.041
105,96,0.333,0.414,-0.042
105,97,0.275,0.353,-0.047
105,98,0.444,0.527,-0.033
105,99,0.28,0.358,-0.047
106,10,0.274,0.352,-0.04
106,100,0.355,0.437,-0.04
106,101,0.43,0.513,-0.034
106,102,0.399,0.482,-0.037
106,103,0.268,0.346,-0.048
106,104,0.299,0.378,-0.046
106,105,0.265,0.342,-0.049
106,106,0.431,0.514,-0.035
106,107,0.449,0.532,-0.033
106,108,0.357,0.439,-0.041
106,109,0.213,0.284,-0.055
106,11,0.311,0.392,-0.037
106,110,0.292,0.371,-0.047
106,111,0.449,0.531,-0.034
106,112,0.463,0.545,-0.033
106,113,0.504,0.584,-0.03
106,114,0.488,0.57,-0.031
106,115,0.412,0.495,-0.037
106,116,0.136,0.194,-0.067
106,117,0.248,0.323,-0.052
106,118,0.273,0.351,-0.049
106,119,0.251,0.326,-0.052
106,12,0.347,0.429,-0.034
106,120,0.166,0.23,-0.062
106,121,0.194,0.263,-0.059
106,122,0.213,0.285,-0.056
106,123,0.149,0.209,-0.065
106,124,0.187,0.255,-0.06
106,125,0.245,0.32,-0.053
106,126,0.262,0.339,-0.051
106,127,0.141,0.199,-0.067
106,128,0.192,0.26,-0.059
106,129,0.207,0.278,-0.057
106,13,0.412,0.495,-0.029
106,130,0.293,0.372,-0.048
106,131,0.256,0.332,-0.052
106,132,0.165,0.229,-0.063
106,133,0.168,0.233,-0.063
106,134,0.18,0.247,-0.061
106,135,0.156,0.218,-0.065
106,136,0.115,0.167,-0.072
106,137,0.175,0.241,-0.062
106,138,0.184,0.251,-0.061
106,139,0.172,0.236,-0.063
106,14,0.155,0.217,-0.05
106,140,0.188,0.256,-0.06
106,141,0.127,0.183,-0.07
106,142,0.12,0.174,-0.072
106,143,0.145,0.204,-0.067
106,144,0.161,0.224,-0.064
106,145,0.197,0.266,-0.059
106,146,0.146,0.206,-0.067
106,147,0.141,0.199,-0.068
106,148,0.168,0.233,-0.063
106,149,0.173,0.238,-0.063
106,15,0.163,0.227,-0.049
106,150,0.196,0.264,-0.059
106,151,0.197,0.266,-0.059
106,152,0.257,0.333,-0.052
106,153,0.275,0.353,-0.05
106,154,0.36,0.443,-0.042
106,155,0.307,0.387,-0.047
106,156,0.207,0.277,-0.058
106,157,0.149,0.209,-0.066
106,158,0.161,0.224,-0.064
106,159,0.165,0.228,-0.064
106,16,0.302,0.382,-0.036
106,160,0.136,0.194,-0.068
106,161,0.124,0.179,-0.071
106,162,0.173,0.238,-0.063
106,163,0.199,0.269,-0.059
106,164,0.155,0.217,-0.065
106,165,0.102,0.152,-0.075
106,166,0.095,0.143,-0.077
106,167,0.157,0.219,-0.065
106,168,0.172,0.237,-0.063
106,169,0.235,0.308,-0.055
106,17,0.18,0.246,-0.047
106,170,0.188,0.255,-0.061
106,171,0.143,0.202,-0.068
106,172,0.175,0.241,-0.063
106,173,0.202,0.272,-0.059
106,174,0.247,0.322,-0.054
106,175,0.231,0.305,-0.056
106,176,0.291,0.37,-0.049
106,177,0.252,0.328,-0.054
106,178,0.365,0.448,-0.043
106,179,0.407,0.491,-0.039
106,18,0.049,0.081,-0.068
106,180,0.323,0.404,-0.047
106,181,0.274,0.352,-0.052
106,182,0.287,0.366,-0.051
106,183,0.255,0.331,-0.055
106,184,0.283,0.361,-0.052
106,185,0.342,0.424,-0.046
106,186,0.294,0.374,-0.051
106,187,0.315,0.396,-0.049
106,188,0.326,0.408,-0.048
106,189,0.238,0.312,-0.058
106,19,0.105,0.155,-0.056
106,190,0.313,0.394,-0.05
106,191,0.297,0.376,-0.052
106,192,0.276,0.354,-0.055
106,193,0.191,0.259,-0.066
106,194,0.28,0.358,-0.055
106,195,0.221,0.293,-0.062
106,196,0.187,0.255,-0.068
106,197,0.248,0.323,-0.06
106,198,0.204,0.274,-0.066
106,199,0.253,0.329,-0.06
106,20,0.262,0.339,-0.039
106,200,0.28,0.358,-0.058
106,201,0.358,0.441,-0.049
106,202,0.371,0.454,-0.048
106,203,0.393,0.476,-0.047
106,204,0.397,0.48,-0.047
106,205,0.378,0.461,-0.049
106,206,0.324,0.405,-0.055
106,207,0.419,0.502,-0.046
106,208,0.31,0.39,-0.058
106,209,0.29,0.369,-0.061
106,21,0.062,0.099,-0.065
106,210,0.38,0.463,-0.051
106,211,0.341,0.423,-0.055
106,212,0.245,0.32,-0.068
106,213,0.348,0.431,-0.055
106,214,0.307,0.388,-0.061
106,215,0.271,0.349,-0.066
106,216,0.309,0.389,-0.061
106,217,0.232,0.306,-0.072
106,218,0.22,0.293,-0.074
106,219,0.201,0.271,-0.078
106,22,0.143,0.202,-0.05
106,220,0.293,0.372,-0.064
106,221,0.186,0.253,-0.081
106,222,0.145,0.204,-0.09
106,223,0.188,0.255,-0.082
106,224,0.188,0.255,-0.082
106,225,0.112,0.164,-0.099
106,226,0.094,0.141,-0.105
106,227,0.106,0.156,-0.101
106,228,0.099,0.148,-0.104
106,229,0.093,0.14,-0.106
106,23,0.134,0.191,-0.052
106,230,0.094,0.141,-0.105
106,231,0.036,0.062,-0.132
106,232,0.072,0.112,-0.113
106,233,0.076,0.118,-0.112
106,234,0.061,0.098,-0.118
106,235,0.087,0.132,-0.108
106,236,0.062,0.099,-0.117
106,237,0.078,0.12,-0.11
106,238,0.09,0.136,-0.106
106,239,0.084,0.129,-0.108
106,24,0.187,0.255,-0.046
106,240,0.105,0.156,-0.102
106,241,0.117,0.171,-0.098
106,242,0.094,0.142,-0.105
106,243,0.153,0.215,-0.09
106,244,0.134,0.191,-0.094
106,245,0.173,0.239,-0.086
106,246,0.192,0.26,-0.082
106,247,0.217,0.289,-0.078
106,248,0.284,0.362,-0.068
106,249,0.38,0.464,-0.056
106,25,0.123,0.177,-0.053
106,250,0.499,0.58,-0.043
106,251,0.545,0.623,-0.039
106,26,0.305,0.385,-0.036
106,27,0.179,0.245,-0.047
106,28,0.204,0.274,-0.044
106,29,0.126,0.182,-0.053
106,30,0.099,0.147,-0.057
106,31,0.115,0.168,-0.055
106,32,0.279,0.357,-0.038
106,33,0.149,0.209,-0.05
106,34,0.113,0.165,-0.055
106,35,0.133,0.191,-0.053
106,36,0.098,0.147,-0.058
106,37,0.103,0.152,-0.057
106,38,0.064,0.102,-0.065
106,39,0.073,0.113,-0.063
106,40,0.109,0.16,-0.057
106,41,0.151,0.213,-0.051
106,42,0.097,0.145,-0.059
106,43,0.211,0.282,-0.045
106,44,0.265,0.342,-0.04
106,45,0.164,0.228,-0.05
106,46,0.112,0.164,-0.057
106,47,0.142,0.201,-0.053
106,48,0.198,0.268,-0.047
106,49,0.189,0.256,-0.048
106,50,0.137,0.195,-0.054
106,51,0.271,0.348,-0.04
106,52,0.169,0.233,-0.05
106,53,0.38,0.463,-0.032
106,54,0.387,0.471,-0.032
106,55,0.418,0.501,-0.03
106,56,0.302,0.382,-0.038
106,57,0.471,0.553,-0.027
106,58,0.694,0.756,-0.015
106,59,0.391,0.475,-0.032
106,60,0.412,0.495,-0.031
106,61,0.431,0.514,-0.03
106,62,0.386,0.469,-0.033
106,63,0.366,0.449,-0.034
106,64,0.721,0.78,-0.014
106,65,0.507,0.588,-0.025
106,66,0.575,0.651,-0.022
106,67,0.834,0.873,-0.008
106,68,0.486,0.568,-0.027
106,69,0.418,0.502,-0.032
106,7,0.313,0.393,-0.038
106,70,0.418,0.501,-0.032
106,71,0.544,0.623,-0.024
106,72,0.266,0.343,-0.044
106,73,0.307,0.387,-0.041
106,74,0.392,0.475,-0.034
106,75,0.316,0.397,-0.04
106,76,0.31,0.391,-0.041
106,77,0.446,0.529,-0.031
106,78,0.381,0.464,-0.035
106,79,0.352,0.435,-0.038
106,8,0.322,0.403,-0.037
106,80,0.357,0.439,-0.038
106,81,0.245,0.32,-0.048
106,82,0.406,0.489,-0.034
106,83,0.375,0.458,-0.037
106,84,0.402,0.485,-0.035
106,85,0.368,0.451,-0.037
106,86,0.421,0.504,-0.034
106,87,0.44,0.523,-0.032
106,88,0.287,0.366,-0.045
106,89,0.207,0.278,-0.053
106,9,0.183,0.25,-0.049
106,90,0.44,0.523,-0.033
106,91,0.373,0.456,-0.038
106,92,0.206,0.276,-0.054
106,93,0.164,0.227,-0.059
106,94,0.272,0.35,-0.047
106,95,0.318,0.398,-0.043
106,96,0.318,0.399,-0.043
106,97,0.21,0.281,-0.054
106,98,0.274,0.351,-0.047
106,99,0.283,0.362,-0.046
107,10,0.375,0.458,-0.033
107,100,0.19,0.258,-0.056
107,101,0.177,0.243,-0.058
107,102,0.163,0.226,-0.06
107,103,0.163,0.227,-0.06
107,104,0.22,0.292,-0.053
107,105,0.231,0.304,-0.052
107,106,0.285,0.364,-0.047
107,107,0.369,0.452,-0.039
107,108,0.261,0.338,-0.049
107,109,0.408,0.491,-0.036
107,11,0.168,0.232,-0.05
107,110,0.419,0.502,-0.036
107,111,0.327,0.408,-0.043
107,112,0.316,0.397,-0.044
107,113,0.233,0.306,-0.053
107,114,0.287,0.366,-0.047
107,115,0.555,0.633,-0.026
107,116,0.433,0.516,-0.035
107,117,0.325,0.407,-0.044
107,118,0.245,0.32,-0.052
107,119,0.397,0.48,-0.038
107,12,0.239,0.314,-0.042
107,120,0.309,0.389,-0.045
107,121,0.433,0.516,-0.035
107,122,0.334,0.416,-0.043
107,123,0.334,0.416,-0.043
107,124,0.402,0.485,-0.038
107,125,0.409,0.492,-0.037
107,126,0.348,0.431,-0.042
107,127,0.429,0.512,-0.035
107,128,0.492,0.573,-0.031
107,129,0.339,0.421,-0.043
107,13,0.31,0.39,-0.036
107,130,0.304,0.384,-0.046
107,131,0.408,0.491,-0.037
107,132,0.294,0.373,-0.047
107,133,0.268,0.345,-0.05
107,134,0.19,0.258,-0.059
107,135,0.19,0.258,-0.059
107,136,0.219,0.291,-0.056
107,137,0.175,0.24,-0.062
107,138,0.122,0.177,-0.071
107,139,0.186,0.254,-0.06
107,14,0.233,0.307,-0.042
107,140,0.321,0.402,-0.045
107,141,0.192,0.26,-0.06
107,142,0.143,0.202,-0.067
107,143,0.271,0.349,-0.05
107,144,0.252,0.328,-0.052
107,145,0.213,0.284,-0.057
107,146,0.213,0.285,-0.057
107,147,0.289,0.368,-0.048
107,148,0.224,0.297,-0.055
107,149,0.259,0.335,-0.052
107,15,0.243,0.317,-0.041
107,150,0.331,0.413,-0.044
107,151,0.35,0.432,-0.043
107,152,0.346,0.428,-0.043
107,153,0.299,0.379,-0.047
107,154,0.189,0.257,-0.06
107,155,0.271,0.348,-0.05
107,156,0.224,0.296,-0.055
107,157,0.282,0.36,-0.049
107,158,0.274,0.352,-0.05
107,159,0.218,0.29,-0.056
107,16,0.178,0.244,-0.047
107,160,0.285,0.363,-0.049
107,161,0.232,0.306,-0.055
107,162,0.321,0.402,-0.045
107,163,0.306,0.386,-0.047
107,164,0.265,0.342,-0.051
107,165,0.273,0.35,-0.051
107,166,0.396,0.48,-0.039
107,167,0.262,0.339,-0.052
107,168,0.262,0.339,-0.052
107,169,0.293,0.372,-0.049
107,17,0.139,0.197,-0.052
107,170,0.283,0.362,-0.05
107,171,0.246,0.321,-0.054
107,172,0.233,0.306,-0.056
107,173,0.28,0.358,-0.05
107,174,0.373,0.456,-0.042
107,175,0.227,0.3,-0.057
107,176,0.329,0.411,-0.046
107,177,0.232,0.306,-0.056
107,178,0.163,0.226,-0.066
107,179,0.194,0.263,-0.062
107,18,0.108,0.159,-0.056
107,180,0.119,0.173,-0.074
107,181,0.148,0.208,-0.069
107,182,0.136,0.194,-0.072
107,183,0.15,0.21,-0.07
107,184,0.09,0.136,-0.082
107,185,0.113,0.165,-0.078
107,186,0.123,0.178,-0.076
107,187,0.164,0.228,-0.069
107,188,0.19,0.258,-0.065
107,189,0.151,0.212,-0.072
107,19,0.261,0.338,-0.039
107,190,0.116,0.169,-0.079
107,191,0.131,0.187,-0.076
107,192,0.123,0.178,-0.078
107,193,0.208,0.279,-0.065
107,194,0.25,0.325,-0.059
107,195,0.235,0.31,-0.062
107,196,0.144,0.204,-0.076
107,197,0.179,0.245,-0.071
107,198,0.159,0.221,-0.075
107,199,0.182,0.248,-0.072
107,20,0.35,0.432,-0.032
107,200,0.19,0.258,-0.071
107,201,0.206,0.277,-0.069
107,202,0.166,0.23,-0.076
107,203,0.189,0.256,-0.073
107,204,0.19,0.258,-0.073
107,205,0.258,0.335,-0.064
107,206,0.189,0.256,-0.074
107,207,0.231,0.304,-0.068
107,208,0.298,0.377,-0.06
107,209,0.238,0.312,-0.068
107,21,0.159,0.221,-0.049
107,210,0.229,0.302,-0.07
107,211,0.198,0.267,-0.075
107,212,0.462,0.544,-0.043
107,213,0.217,0.289,-0.073
107,214,0.208,0.278,-0.075
107,215,0.186,0.254,-0.079
107,216,0.158,0.22,-0.085
107,217,0.191,0.26,-0.079
107,218,0.132,0.189,-0.091
107,219,0.13,0.186,-0.092
107,22,0.646,0.714,-0.016
107,220,0.104,0.155,-0.099
107,221,0.165,0.229,-0.085
107,222,0.151,0.212,-0.089
107,223,0.151,0.212,-0.089
107,224,0.147,0.207,-0.09
107,225,0.114,0.166,-0.098
107,226,0.167,0.231,-0.086
107,227,0.099,0.147,-0.103
107,228,0.091,0.138,-0.105
107,229,0.129,0.185,-0.095
107,23,0.217,0.289,-0.043
107,230,0.096,0.143,-0.104
107,231,0.12,0.174,-0.097
107,232,0.134,0.191,-0.094
107,233,0.071,0.111,-0.112
107,234,0.096,0.144,-0.103
107,235,0.09,0.136,-0.105
107,236,0.105,0.155,-0.101
107,237,0.101,0.15,-0.102
107,238,0.071,0.111,-0.112
107,239,0.12,0.175,-0.096
107,24,0.203,0.273,-0.044
107,240,0.182,0.249,-0.083
107,241,0.143,0.202,-0.091
107,242,0.154,0.216,-0.088
107,243,0.186,0.253,-0.082
107,244,0.199,0.269,-0.08
107,245,0.189,0.256,-0.082
107,246,0.296,0.376,-0.065
107,247,0.341,0.423,-0.06
107,248,0.273,0.351,-0.069
107,249,0.334,0.416,-0.061
107,25,0.485,0.567,-0.024
107,250,0.373,0.456,-0.057
107,251,0.394,0.477,-0.055
107,26,0.301,0.38,-0.036
107,27,0.277,0.355,-0.038
107,28,0.277,0.355,-0.038
107,29,0.363,0.446,-0.032
107,30,0.413,0.496,-0.029
107,31,0.263,0.34,-0.039
107,32,0.263,0.34,-0.039
107,33,0.356,0.438,-0.032
107,34,0.14,0.199,-0.052
107,35,0.212,0.283,-0.044
107,36,0.368,0.45,-0.032
107,37,0.445,0.528,-0.027
107,38,0.289,0.368,-0.037
107,39,0.206,0.276,-0.045
107,40,0.251,0.327,-0.041
107,41,0.16,0.223,-0.05
107,42,0.283,0.362,-0.038
107,43,0.265,0.342,-0.04
107,44,0.272,0.349,-0.039
107,45,0.28,0.358,-0.039
107,46,0.237,0.311,-0.042
107,47,0.195,0.264,-0.047
107,48,0.124,0.179,-0.056
107,49,0.313,0.393,-0.037
107,50,0.415,0.498,-0.03
107,51,0.203,0.273,-0.046
107,52,0.113,0.165,-0.058
107,53,0.185,0.252,-0.048
107,54,0.373,0.456,-0.033
107,55,0.255,0.331,-0.042
107,56,0.21,0.281,-0.046
107,57,0.206,0.277,-0.047
107,58,0.387,0.47,-0.032
107,59,0.46,0.543,-0.028
107,60,0.514,0.594,-0.025
107,61,0.32,0.401,-0.037
107,62,0.351,0.433,-0.035
107,63,0.4,0.483,-0.032
107,64,0.382,0.466,-0.033
107,65,0.345,0.427,-0.036
107,66,0.321,0.401,-0.038
107,67,0.405,0.488,-0.032
107,68,0.345,0.427,-0.037
107,69,0.386,0.469,-0.034
107,70,0.288,0.367,-0.041
107,71,0.354,0.437,-0.036
107,72,0.36,0.442,-0.036
107,73,0.266,0.344,-0.044
107,74,0.228,0.301,-0.048
107,75,0.321,0.402,-0.039
107,76,0.233,0.307,-0.048
107,77,0.341,0.423,-0.038
107,78,0.272,0.349,-0.044
107,79,0.326,0.407,-0.04
107,8,0.149,0.209,-0.054
107,80,0.27,0.348,-0.045
107,81,0.384,0.467,-0.035
107,82,0.222,0.294,-0.05
107,83,0.235,0.309,-0.049
107,84,0.232,0.305,-0.049
107,85,0.373,0.456,-0.037
107,86,0.165,0.229,-0.057
107,87,0.231,0.304,-0.05
107,88,0.211,0.282,-0.052
107,89,0.319,0.4,-0.042
107,9,0.181,0.247,-0.05
107,90,0.273,0.351,-0.046
107,91,0.196,0.265,-0.054
107,92,0.191,0.259,-0.055
107,93,0.261,0.338,-0.047
107,94,0.296,0.376,-0.044
107,95,0.182,0.248,-0.057
107,96,0.23,0.304,-0.051
107,97,0.178,0.244,-0.057
107,98,0.145,0.204,-0.062
107,99,0.14,0.198,-0.063
108,10,0.089,0.135,-0.062
108,100,0.298,0.377,-0.044
108,101,0.202,0.272,-0.054
108,102,0.218,0.289,-0.053
108,103,0.269,0.346,-0.047
108,104,0.341,0.423,-0.041
108,105,0.325,0.406,-0.042
108,106,0.349,0.431,-0.04
108,107,0.303,0.383,-0.044
108,108,0.18,0.246,-0.058
108,109,0.234,0.308,-0.052
108,11,0.113,0.165,-0.057
108,110,0.25,0.325,-0.05
108,111,0.338,0.42,-0.042
108,112,0.335,0.417,-0.042
108,113,0.339,0.42,-0.042
108,114,0.385,0.468,-0.038
108,115,0.331,0.413,-0.042
108,116,0.476,0.558,-0.031
108,117,0.438,0.521,-0.034
108,118,0.272,0.35,-0.048
108,119,0.245,0.32,-0.051
108,12,0.097,0.145,-0.06
108,120,0.275,0.353,-0.048
108,121,0.315,0.396,-0.044
108,122,0.239,0.313,-0.052
108,123,0.358,0.441,-0.041
108,124,0.339,0.421,-0.042
108,125,0.345,0.427,-0.042
108,126,0.244,0.319,-0.052
108,127,0.31,0.391,-0.045
108,128,0.246,0.321,-0.052
108,129,0.264,0.341,-0.05
108,13,0.173,0.238,-0.049
108,130,0.299,0.378,-0.046
108,131,0.385,0.468,-0.039
108,132,0.178,0.244,-0.06
108,133,0.31,0.391,-0.045
108,134,0.294,0.373,-0.047
108,135,0.224,0.297,-0.055
108,136,0.197,0.266,-0.058
108,137,0.194,0.263,-0.059
108,138,0.12,0.174,-0.07
108,139,0.129,0.185,-0.068
108,14,0.271,0.348,-0.039
108,140,0.152,0.214,-0.065
108,141,0.171,0.236,-0.062
108,142,0.139,0.197,-0.067
108,143,0.157,0.219,-0.064
108,144,0.16,0.223,-0.063
108,145,0.135,0.192,-0.068
108,146,0.124,0.179,-0.07
108,147,0.147,0.207,-0.066
108,148,0.138,0.196,-0.067
108,149,0.214,0.285,-0.056
108,15,0.076,0.118,-0.063
108,150,0.195,0.264,-0.059
108,151,0.16,0.223,-0.064
108,152,0.177,0.243,-0.061
108,153,0.1,0.148,-0.075
108,154,0.173,0.238,-0.062
108,155,0.133,0.19,-0.068
108,156,0.197,0.266,-0.059
108,157,0.256,0.333,-0.052
108,158,0.237,0.311,-0.054
108,159,0.283,0.361,-0.049
108,16,0.082,0.126,-0.061
108,160,0.211,0.283,-0.057
108,161,0.246,0.321,-0.053
108,162,0.289,0.368,-0.049
108,163,0.264,0.341,-0.051
108,164,0.197,0.266,-0.059
108,165,0.143,0.202,-0.067
108,166,0.098,0.147,-0.076
108,167,0.069,0.109,-0.084
108,168,0.092,0.139,-0.078
108,169,0.147,0.207,-0.067
108,17,0.031,0.054,-0.076
108,170,0.119,0.173,-0.072
108,171,0.127,0.183,-0.071
108,172,0.152,0.213,-0.067
108,173,0.202,0.272,-0.06
108,174,0.266,0.344,-0.052
108,175,0.154,0.215,-0.067
108,176,0.13,0.187,-0.071
108,177,0.172,0.237,-0.065
108,178,0.116,0.17,-0.075
108,179,0.157,0.22,-0.067
108,18,0.068,0.108,-0.064
108,180,0.123,0.178,-0.074
108,181,0.139,0.197,-0.071
108,182,0.132,0.189,-0.073
108,183,0.179,0.245,-0.065
108,184,0.115,0.168,-0.077
108,185,0.142,0.201,-0.072
108,186,0.09,0.136,-0.084
108,187,0.129,0.186,-0.075
108,188,0.163,0.227,-0.07
108,189,0.254,0.329,-0.058
108,19,0.094,0.142,-0.058
108,190,0.248,0.324,-0.058
108,191,0.239,0.313,-0.06
108,192,0.229,0.302,-0.062
108,193,0.17,0.234,-0.071
108,194,0.148,0.208,-0.075
108,195,0.167,0.231,-0.073
108,196,0.124,0.179,-0.081
108,197,0.177,0.243,-0.072
108,198,0.238,0.312,-0.064
108,199,0.188,0.256,-0.071
108,20,0.073,0.114,-0.062
108,200,0.132,0.189,-0.082
108,201,0.223,0.296,-0.067
108,202,0.238,0.312,-0.066
108,203,0.175,0.241,-0.076
108,204,0.233,0.307,-0.067
108,205,0.363,0.446,-0.052
108,206,0.369,0.452,-0.051
108,207,0.367,0.449,-0.052
108,208,0.332,0.413,-0.056
108,209,0.351,0.433,-0.055
108,21,0.161,0.223,-0.049
108,210,0.367,0.45,-0.053
108,211,0.369,0.452,-0.053
108,212,0.522,0.602,-0.038
108,213,0.394,0.477,-0.051
108,214,0.284,0.362,-0.064
108,215,0.312,0.393,-0.061
108,216,0.223,0.295,-0.074
108,217,0.191,0.259,-0.079
108,218,0.188,0.256,-0.08
108,219,0.203,0.273,-0.078
108,22,0.146,0.206,-0.05
108,220,0.207,0.278,-0.077
108,221,0.208,0.279,-0.077
108,222,0.12,0.174,-0.096
108,223,0.214,0.286,-0.077
108,224,0.13,0.186,-0.094
108,225,0.065,0.103,-0.114
108,226,0.108,0.159,-0.1
108,227,0.164,0.228,-0.086
108,228,0.099,0.148,-0.102
108,229,0.124,0.179,-0.095
108,23,0.153,0.215,-0.05
108,230,0.134,0.191,-0.093
108,231,0.144,0.204,-0.09
108,232,0.213,0.284,-0.077
108,233,0.127,0.183,-0.094
108,234,0.103,0.153,-0.1
108,235,0.17,0.234,-0.085
108,236,0.195,0.263,-0.08
108,237,0.166,0.23,-0.085
108,238,0.15,0.211,-0.088
108,239,0.171,0.235,-0.084
108,24,0.08,0.123,-0.061
108,240,0.183,0.25,-0.082
108,241,0.139,0.197,-0.091
108,242,0.184,0.251,-0.082
108,243,0.103,0.152,-0.1
108,244,0.161,0.224,-0.087
108,245,0.274,0.351,-0.068
108,246,0.232,0.306,-0.074
108,247,0.276,0.354,-0.068
108,248,0.36,0.442,-0.057
108,249,0.503,0.584,-0.042
108,25,0.08,0.123,-0.061
108,250,0.575,0.651,-0.036
108,26,0.207,0.278,-0.044
108,27,0.115,0.168,-0.055
108,28,0.174,0.24,-0.047
108,29,0.214,0.286,-0.043
108,30,0.26,0.336,-0.039
108,31,0.162,0.225,-0.049
108,32,0.125,0.18,-0.054
108,33,0.094,0.141,-0.058
108,34,0.133,0.19,-0.053
108,35,0.123,0.178,-0.054
108,36,0.122,0.177,-0.054
108,37,0.071,0.111,-0.063
108,38,0.073,0.114,-0.063
108,39,0.166,0.23,-0.049
108,40,0.101,0.151,-0.058
108,41,0.111,0.162,-0.056
108,42,0.104,0.154,-0.058
108,43,0.096,0.144,-0.059
108,44,0.117,0.171,-0.056
108,45,0.121,0.175,-0.055
108,46,0.181,0.248,-0.048
108,47,0.092,0.138,-0.061
108,48,0.087,0.133,-0.061
108,49,0.115,0.168,-0.057
108,50,0.098,0.147,-0.059
108,51,0.095,0.143,-0.06
108,52,0.183,0.25,-0.048
108,53,0.211,0.282,-0.046
108,54,0.27,0.347,-0.04
108,55,0.186,0.253,-0.048
108,56,0.135,0.193,-0.055
108,57,0.279,0.357,-0.04
108,58,0.318,0.399,-0.037
108,59,0.331,0.413,-0.036
108,60,0.331,0.412,-0.036
108,61,0.345,0.427,-0.035
108,62,0.279,0.357,-0.041
108,63,0.355,0.438,-0.035
108,64,0.335,0.416,-0.037
108,65,0.346,0.428,-0.036
108,66,0.301,0.381,-0.039
108,67,0.286,0.365,-0.041
108,68,0.438,0.521,-0.03
108,69,0.274,0.352,-0.042
108,70,0.322,0.403,-0.038
108,71,0.439,0.522,-0.03
108,72,0.407,0.49,-0.032
108,73,0.262,0.339,-0.044
108,74,0.422,0.505,-0.032
108,75,0.507,0.588,-0.026
108,76,0.299,0.378,-0.041
108,77,0.399,0.482,-0.034
108,78,0.318,0.399,-0.04
108,79,0.315,0.396,-0.04
108,8,0.19,0.258,-0.049
108,80,0.309,0.389,-0.041
108,81,0.323,0.404,-0.04
108,82,0.304,0.384,-0.042
108,83,0.428,0.512,-0.032
108,84,0.415,0.498,-0.033
108,85,0.407,0.491,-0.034
108,86,0.354,0.437,-0.038
108,87,0.192,0.261,-0.054
108,88,0.195,0.264,-0.053
108,89,0.129,0.186,-0.063
108,9,0.164,0.227,-0.052
108,90,0.251,0.327,-0.047
108,91,0.196,0.265,-0.054
108,92,0.246,0.321,-0.048
108,93,0.303,0.383,-0.043
108,94,0.361,0.443,-0.038
108,95,0.283,0.361,-0.045
108,96,0.336,0.418,-0.04
108,97,0.326,0.408,-0.041
108,98,0.301,0.381,-0.044
108,99,0.301,0.38,-0.044
109,10,0.208,0.279,-0.046
109,100,0.144,0.204,-0.062
109,101,0.172,0.237,-0.058
109,102,0.153,0.215,-0.061
109,103,0.104,0.154,-0.069
109,104,0.104,0.154,-0.069
109,105,0.156,0.218,-0.061
109,106,0.148,0.208,-0.062
109,107,0.164,0.227,-0.06
109,108,0.214,0.285,-0.054
109,109,0.138,0.197,-0.064
109,11,0.103,0.152,-0.059
109,110,0.321,0.401,-0.043
109,111,0.335,0.416,-0.042
109,112,0.313,0.393,-0.044
109,113,0.388,0.472,-0.037
109,114,0.294,0.374,-0.046
109,115,0.325,0.406,-0.043
109,116,0.234,0.308,-0.052
109,117,0.373,0.456,-0.039
109,118,0.333,0.414,-0.042
109,119,0.335,0.417,-0.042
109,12,0.087,0.132,-0.062
109,120,0.352,0.435,-0.041
109,121,0.3,0.38,-0.046
109,122,0.309,0.389,-0.045
109,123,0.225,0.298,-0.054
109,124,0.185,0.252,-0.059
109,125,0.236,0.31,-0.053
109,126,0.192,0.26,-0.058
109,127,0.252,0.328,-0.051
109,128,0.21,0.281,-0.056
109,129,0.268,0.345,-0.049
109,13,0.125,0.181,-0.055
109,130,0.277,0.355,-0.048
109,131,0.246,0.321,-0.052
109,132,0.193,0.261,-0.058
109,133,0.21,0.281,-0.056
109,134,0.206,0.276,-0.057
109,135,0.167,0.231,-0.062
109,136,0.144,0.203,-0.066
109,137,0.148,0.208,-0.065
109,138,0.127,0.183,-0.069
109,139,0.113,0.166,-0.071
109,14,0.107,0.157,-0.057
109,140,0.103,0.153,-0.073
109,141,0.049,0.081,-0.088
109,142,0.073,0.113,-0.081
109,143,0.093,0.14,-0.076
109,144,0.097,0.145,-0.075
109,145,0.086,0.131,-0.077
109,146,0.08,0.123,-0.079
109,147,0.094,0.141,-0.076
109,148,0.08,0.123,-0.079
109,149,0.036,0.062,-0.095
109,15,0.035,0.061,-0.074
109,150,0.068,0.107,-0.083
109,151,0.085,0.13,-0.078
109,152,0.112,0.164,-0.072
109,153,0.07,0.109,-0.082
109,154,0.083,0.127,-0.079
109,155,0.113,0.165,-0.072
109,156,0.106,0.156,-0.074
109,157,0.158,0.22,-0.065
109,158,0.185,0.252,-0.061
109,159,0.152,0.213,-0.065
109,16,0.088,0.133,-0.06
109,160,0.119,0.173,-0.071
109,161,0.117,0.171,-0.071
109,162,0.164,0.228,-0.064
109,163,0.096,0.144,-0.076
109,164,0.114,0.167,-0.072
109,165,0.136,0.194,-0.068
109,166,0.173,0.238,-0.063
109,167,0.201,0.27,-0.059
109,168,0.149,0.209,-0.067
109,169,0.092,0.138,-0.078
109,17,0.031,0.054,-0.076
109,170,0.082,0.125,-0.081
109,171,0.103,0.153,-0.076
109,172,0.091,0.137,-0.079
109,173,0.148,0.209,-0.068
109,174,0.161,0.224,-0.066
109,175,0.098,0.146,-0.078
109,176,0.208,0.278,-0.06
109,177,0.258,0.335,-0.054
109,178,0.181,0.247,-0.064
109,179,0.186,0.253,-0.064
109,18,0.055,0.09,-0.067
109,180,0.11,0.161,-0.077
109,181,0.181,0.248,-0.065
109,182,0.24,0.315,-0.057
109,183,0.227,0.301,-0.059
109,184,0.295,0.374,-0.052
109,185,0.201,0.27,-0.063
109,186,0.19,0.258,-0.065
109,187,0.209,0.28,-0.063
109,188,0.221,0.293,-0.062
109,189,0.237,0.311,-0.06
109,19,0.057,0.092,-0.067
109,190,0.323,0.404,-0.051
109,191,0.293,0.372,-0.054
109,192,0.326,0.407,-0.051
109,193,0.257,0.334,-0.059
109,194,0.331,0.413,-0.051
109,195,0.249,0.325,-0.061
109,196,0.289,0.368,-0.057
109,197,0.324,0.405,-0.053
109,198,0.26,0.336,-0.061
109,199,0.345,0.427,-0.052
109,20,0.028,0.051,-0.077
109,200,0.403,0.486,-0.047
109,201,0.392,0.475,-0.048
109,202,0.425,0.509,-0.045
109,203,0.384,0.467,-0.05
109,204,0.291,0.37,-0.06
109,205,0.371,0.454,-0.052
109,206,0.31,0.39,-0.059
109,207,0.298,0.378,-0.061
109,208,0.297,0.377,-0.061
109,209,0.378,0.461,-0.052
109,21,0.057,0.091,-0.067
109,210,0.204,0.274,-0.075
109,211,0.144,0.203,-0.087
109,212,0.179,0.245,-0.081
109,213,0.186,0.253,-0.08
109,214,0.143,0.203,-0.088
109,215,0.16,0.222,-0.085
109,216,0.129,0.186,-0.092
109,217,0.11,0.162,-0.097
109,218,0.084,0.128,-0.106
109,219,0.084,0.129,-0.106
109,22,0.09,0.137,-0.059
109,220,0.105,0.156,-0.099
109,221,0.099,0.148,-0.101
109,222,0.098,0.146,-0.102
109,223,0.07,0.11,-0.111
109,224,0.087,0.133,-0.105
109,225,0.075,0.117,-0.109
109,226,0.069,0.108,-0.112
109,227,0.074,0.115,-0.11
109,228,0.105,0.155,-0.099
109,229,0.105,0.156,-0.1
109,23,0.045,0.075,-0.07
109,230,0.095,0.143,-0.102
109,231,0.051,0.084,-0.12
109,232,0.067,0.105,-0.112
109,233,0.063,0.101,-0.113
109,234,0.04,0.068,-0.126
109,235,0.056,0.091,-0.117
109,236,0.03,0.054,-0.132
109,237,0.048,0.079,-0.121
109,238,0.046,0.076,-0.122
109,239,0.061,0.098,-0.114
109,24,0.05,0.082,-0.068
109,240,0.055,0.089,-0.117
109,241,0.085,0.129,-0.105
109,242,0.074,0.114,-0.11
109,243,0.073,0.114,-0.11
109,244,0.109,0.161,-0.098
109,245,0.119,0.173,-0.096
109,246,0.138,0.197,-0.092
109,247,0.131,0.188,-0.094
109,248,0.174,0.239,-0.085
109,249,0.232,0.306,-0.075
109,25,0.12,0.174,-0.054
109,250,0.171,0.236,-0.087
109,26,0.18,0.247,-0.047
109,27,0.049,0.081,-0.068
109,28,0.133,0.19,-0.052
109,29,0.141,0.2,-0.051
109,30,0.216,0.287,-0.043
109,31,0.141,0.2,-0.051
109,32,0.146,0.206,-0.051
109,33,0.086,0.131,-0.06
109,34,0.15,0.21,-0.05
109,35,0.181,0.247,-0.047
109,36,0.082,0.126,-0.061
109,37,0.122,0.177,-0.054
109,38,0.147,0.207,-0.051
109,39,0.109,0.161,-0.056
109,40,0.074,0.116,-0.063
109,41,0.053,0.087,-0.068
109,42,0.052,0.085,-0.069
109,43,0.122,0.177,-0.055
109,44,0.09,0.136,-0.06
109,45,0.142,0.201,-0.052
109,46,0.13,0.186,-0.054
109,47,0.186,0.254,-0.047
109,48,0.135,0.193,-0.054
109,49,0.078,0.121,-0.063
109,50,0.077,0.119,-0.064
109,51,0.174,0.24,-0.049
109,52,0.112,0.164,-0.058
109,53,0.059,0.094,-0.069
109,54,0.191,0.259,-0.048
109,55,0.092,0.139,-0.062
109,56,0.127,0.183,-0.056
109,57,0.12,0.174,-0.057
109,58,0.121,0.175,-0.057
109,59,0.119,0.173,-0.058
109,60,0.284,0.363,-0.04
109,61,0.303,0.383,-0.038
109,62,0.116,0.169,-0.059
109,63,0.129,0.186,-0.057
109,64,0.085,0.13,-0.065
109,65,0.146,0.206,-0.055
109,66,0.153,0.214,-0.054
109,67,0.134,0.192,-0.057
109,68,0.156,0.218,-0.054
109,69,0.05,0.082,-0.075
109,70,0.103,0.153,-0.063
109,71,0.114,0.167,-0.061
109,72,0.115,0.167,-0.061
109,73,0.088,0.134,-0.066
109,74,0.101,0.15,-0.064
109,75,0.12,0.174,-0.061
109,76,0.078,0.121,-0.069
109,77,0.135,0.193,-0.059
109,78,0.086,0.131,-0.068
109,79,0.191,0.259,-0.052
109,8,0.298,0.377,-0.039
109,80,0.179,0.245,-0.053
109,81,0.24,0.315,-0.047
109,82,0.277,0.356,-0.044
109,83,0.153,0.214,-0.057
109,84,0.278,0.356,-0.044
109,85,0.208,0.279,-0.051
109,86,0.179,0.245,-0.054
109,87,0.139,0.197,-0.06
109,88,0.104,0.154,-0.066
109,89,0.12,0.174,-0.064
109,9,0.285,0.364,-0.04
109,90,0.16,0.223,-0.058
109,91,0.173,0.238,-0.056
109,92,0.138,0.196,-0.061
109,93,0.12,0.174,-0.065
109,94,0.094,0.141,-0.07
109,95,0.067,0.106,-0.076
109,96,0.118,0.172,-0.065
109,97,0.081,0.125,-0.073
109,98,0.128,0.183,-0.064
109,99,0.148,0.208,-0.061
11,10,0.982,0.987,0.001
11,100,0.89,0.917,-0.005
11,101,0.887,0.915,-0.005
11,102,0.954,0.966,-0.002
11,103,0.989,0.992,-0.001
11,104,0.809,0.852,-0.009
11,105,0.986,0.99,-0.001
11,106,0.732,0.789,0.013
11,107,0.774,0.823,0.011
11,108,0.883,0.911,0.006
11,109,0.958,0.969,0.002
11,11,0.676,0.741,0.014
11,110,0.848,0.883,0.008
11,111,0.743,0.798,0.013
11,112,0.796,0.842,0.01
11,113,0.984,0.988,-0.001
11,114,0.987,0.99,-0.001
11,115,0.965,0.974,0.002
11,116,0.983,0.987,0.001
11,117,0.813,0.856,0.009
11,118,0.809,0.852,0.01
11,119,0.686,0.749,0.016
11,12,0.773,0.823,0.01
11,120,0.616,0.688,0.02
11,121,0.518,0.598,0.026
11,122,0.514,0.594,0.026
11,123,0.617,0.689,0.02
11,124,0.625,0.696,0.02
11,125,0.634,0.704,0.019
11,126,0.573,0.649,0.023
11,127,0.744,0.799,0.013
11,128,0.56,0.638,0.024
11,129,0.582,0.657,0.022
11,13,0.969,0.977,0.001
11,130,0.579,0.655,0.023
11,131,0.544,0.623,0.025
11,132,0.732,0.789,0.014
11,133,0.823,0.864,0.009
11,134,0.857,0.891,0.007
11,135,0.829,0.868,0.009
11,136,0.792,0.838,0.011
11,137,0.665,0.731,0.018
11,138,0.966,0.975,0.002
11,139,0.835,0.873,0.009
11,14,0.795,0.841,-0.009
11,140,0.96,0.971,0.002
11,141,0.992,0.994,-0.0
11,142,0.925,0.944,-0.004
11,143,0.991,0.994,-0.0
11,144,0.887,0.915,0.006
11,145,0.926,0.945,0.004
11,146,0.924,0.943,0.004
11,147,0.964,0.973,-0.002
11,148,0.939,0.955,-0.003
11,149,0.942,0.957,0.003
11,15,0.771,0.821,-0.01
11,150,0.974,0.981,-0.001
11,151,0.965,0.974,0.002
11,152,0.838,0.875,0.009
11,153,0.932,0.949,0.004
11,154,0.962,0.972,0.002
11,155,0.831,0.87,0.009
11,156,0.935,0.951,0.003
11,157,0.948,0.961,-0.003
11,158,0.974,0.981,-0.001
11,159,0.978,0.984,0.001
11,16,0.979,0.985,0.001
11,160,0.974,0.981,0.001
11,161,0.862,0.895,0.007
11,162,0.792,0.838,0.011
11,163,0.921,0.94,0.004
11,164,0.845,0.881,-0.008
11,165,0.977,0.983,0.001
11,166,0.932,0.949,0.004
11,167,0.931,0.949,0.004
11,168,0.984,0.988,-0.001
11,169,0.824,0.865,0.009
11,17,0.668,0.734,-0.014
11,170,0.991,0.993,-0.0
11,171,0.935,0.951,-0.003
11,172,0.826,0.866,-0.009
11,173,0.844,0.881,-0.008
11,174,0.801,0.846,-0.011
11,175,0.856,0.89,-0.008
11,176,0.895,0.921,0.006
11,177,0.864,0.896,0.007
11,178,0.999,0.999,-0.0
11,179,0.774,0.824,-0.012
11,18,0.61,0.683,-0.017
11,180,0.639,0.709,-0.02
11,181,0.77,0.821,-0.013
11,182,0.986,0.989,-0.001
11,183,0.659,0.726,-0.019
11,184,0.568,0.644,-0.025
11,185,0.684,0.748,-0.018
11,186,0.642,0.711,-0.021
11,187,0.769,0.819,-0.013
11,188,0.783,0.831,-0.012
11,189,0.829,0.869,-0.01
11,19,0.807,0.851,-0.008
11,190,0.767,0.818,-0.013
11,191,0.762,0.814,-0.014
11,192,0.775,0.824,-0.013
11,193,0.61,0.682,-0.024
11,194,0.873,0.904,-0.007
11,195,0.823,0.864,-0.01
11,196,0.861,0.894,-0.008
11,197,0.982,0.987,0.001
11,198,0.935,0.952,-0.004
11,199,0.935,0.951,-0.004
11,20,0.733,0.789,-0.011
11,200,0.999,0.999,-0.0
11,201,0.881,0.909,-0.007
11,202,0.791,0.838,-0.013
11,203,0.517,0.597,-0.032
11,204,0.631,0.701,-0.024
11,205,0.666,0.732,-0.022
11,206,0.795,0.841,-0.013
11,207,0.743,0.798,-0.017
11,208,0.801,0.846,-0.013
11,209,0.652,0.72,-0.023
11,21,0.814,0.857,-0.008
11,210,0.618,0.69,-0.026
11,211,0.864,0.896,-0.009
11,212,0.714,0.774,-0.019
11,213,0.786,0.834,-0.014
11,214,0.687,0.75,-0.022
11,215,0.826,0.866,-0.012
11,216,0.698,0.76,-0.021
11,217,0.714,0.774,-0.02
11,218,0.61,0.682,-0.028
11,219,0.541,0.62,-0.034
11,22,0.914,0.935,-0.004
11,220,0.525,0.605,-0.036
11,221,0.514,0.594,-0.037
11,222,0.614,0.686,-0.029
11,223,0.602,0.675,-0.03
11,224,0.534,0.613,-0.036
11,225,0.573,0.649,-0.033
11,226,0.675,0.74,-0.024
11,227,0.531,0.61,-0.037
11,228,0.565,0.641,-0.034
11,229,0.624,0.695,-0.029
11,23,0.641,0.71,-0.015
11,230,0.673,0.738,-0.025
11,231,0.739,0.794,-0.02
11,232,0.678,0.743,-0.025
11,233,0.723,0.781,-0.021
11,234,0.5,0.581,-0.041
11,235,0.607,0.68,-0.031
11,236,0.596,0.671,-0.032
11,237,0.643,0.712,-0.028
11,238,0.47,0.552,-0.045
11,239,0.645,0.714,-0.029
11,24,0.926,0.945,0.003
11,240,0.593,0.667,-0.033
11,241,0.612,0.684,-0.032
11,242,0.488,0.57,-0.044
11,243,0.483,0.565,-0.044
11,244,0.539,0.617,-0.039
11,245,0.639,0.708,-0.03
11,246,0.491,0.573,-0.044
11,247,0.698,0.76,-0.025
11,248,0.767,0.818,-0.019
11,249,0.668,0.734,-0.028
11,25,0.97,0.978,-0.001
11,250,0.605,0.679,-0.034
11,251,0.683,0.747,-0.027
11,26,0.889,0.916,-0.005
11,27,0.837,0.875,0.007
11,28,0.803,0.848,0.008
11,29,0.923,0.942,-0.003
11,30,0.948,0.961,0.002
11,31,0.981,0.986,0.001
11,32,0.943,0.958,0.002
11,33,0.947,0.96,-0.002
11,34,0.801,0.846,0.008
11,35,0.753,0.807,-0.01
11,36,0.863,0.895,0.006
11,37,0.957,0.968,-0.002
11,38,0.667,0.733,0.014
11,39,0.981,0.986,-0.001
11,40,0.981,0.986,-0.001
11,41,0.951,0.963,0.002
11,42,0.888,0.915,-0.005
11,43,0.777,0.826,-0.009
11,44,0.837,0.875,-0.007
11,45,0.828,0.868,0.007
11,46,0.547,0.625,-0.02
11,47,0.916,0.937,-0.004
11,48,0.504,0.585,-0.022
11,49,0.812,0.855,-0.008
11,50,0.743,0.798,-0.011
11,51,0.394,0.477,-0.029
11,52,0.693,0.756,-0.013
11,53,0.436,0.519,-0.026
11,54,0.895,0.92,-0.004
11,55,0.99,0.993,-0.0
11,56,0.783,0.832,-0.009
11,57,0.984,0.988,-0.001
11,58,0.695,0.757,-0.013
11,59,0.77,0.821,-0.01
11,60,0.66,0.727,0.015
11,61,0.944,0.958,0.002
11,62,0.866,0.898,-0.006
11,63,0.991,0.993,0.0
11,64,0.96,0.97,0.002
11,65,0.767,0.818,-0.01
11,66,0.797,0.843,-0.009
11,67,0.713,0.772,-0.013
11,68,0.596,0.67,-0.019
11,69,0.82,0.861,-0.008
11,7,0.904,0.928,-0.004
11,70,0.983,0.987,-0.001
11,71,0.739,0.794,-0.012
11,72,0.885,0.913,-0.005
11,73,0.804,0.848,-0.009
11,74,0.957,0.968,-0.002
11,75,0.927,0.946,0.003
11,76,0.823,0.863,-0.008
11,77,0.928,0.946,-0.003
11,78,0.981,0.986,0.001
11,79,0.831,0.87,0.008
11,8,0.886,0.913,0.005
11,80,0.836,0.874,0.008
11,81,0.759,0.811,0.011
11,82,0.832,0.871,0.008
11,83,0.826,0.866,0.008
11,84,0.777,0.826,0.01
11,85,0.524,0.604,0.023
11,86,0.832,0.871,0.008
11,87,0.648,0.716,0.017
11,88,0.798,0.844,0.009
11,89,0.687,0.751,0.015
11,9,0.656,0.723,-0.015
11,90,0.926,0.944,0.003
11,91,0.974,0.981,0.001
11,92,0.843,0.88,0.007
11,93,0.744,0.799,0.012
11,94,0.722,0.781,0.013
11,95,0.934,0.95,0.003
11,96,0.892,0.918,-0.005
11,97,0.742,0.797,-0.012
11,98,0.844,0.881,-0.007
11,99,0.91,0.932,0.004
110,10,0.143,0.202,-0.054
110,100,0.104,0.154,-0.068
110,101,0.203,0.273,-0.054
110,102,0.172,0.237,-0.057
110,103,0.094,0.141,-0.071
110,104,0.067,0.106,-0.078
110,105,0.064,0.101,-0.079
110,106,0.101,0.15,-0.07
110,107,0.202,0.272,-0.054
110,108,0.179,0.245,-0.057
110,109,0.182,0.249,-0.057
110,11,0.123,0.178,-0.056
110,110,0.167,0.231,-0.059
110,111,0.144,0.204,-0.063
110,112,0.287,0.366,-0.046
110,113,0.185,0.253,-0.057
110,114,0.228,0.301,-0.052
110,115,0.17,0.235,-0.059
110,116,0.284,0.362,-0.046
110,117,0.256,0.332,-0.049
110,118,0.266,0.344,-0.048
110,119,0.182,0.249,-0.058
110,12,0.084,0.128,-0.063
110,120,0.119,0.172,-0.068
110,121,0.241,0.316,-0.051
110,122,0.241,0.316,-0.051
110,123,0.308,0.388,-0.045
110,124,0.215,0.287,-0.054
110,125,0.146,0.206,-0.064
110,126,0.12,0.174,-0.068
110,127,0.182,0.248,-0.059
110,128,0.126,0.182,-0.068
110,129,0.12,0.175,-0.069
110,13,0.242,0.317,-0.042
110,130,0.14,0.199,-0.065
110,131,0.195,0.264,-0.057
110,132,0.118,0.171,-0.069
110,133,0.223,0.295,-0.054
110,134,0.231,0.304,-0.053
110,135,0.183,0.249,-0.059
110,136,0.235,0.309,-0.053
110,137,0.203,0.273,-0.057
110,138,0.13,0.186,-0.068
110,139,0.131,0.188,-0.068
110,14,0.14,0.198,-0.053
110,140,0.203,0.273,-0.057
110,141,0.116,0.169,-0.07
110,142,0.137,0.195,-0.067
110,143,0.109,0.16,-0.072
110,144,0.098,0.146,-0.074
110,145,0.085,0.129,-0.077
110,146,0.086,0.13,-0.077
110,147,0.125,0.18,-0.069
110,148,0.085,0.129,-0.078
110,149,0.142,0.201,-0.066
110,15,0.238,0.312,-0.042
110,150,0.124,0.179,-0.069
110,151,0.111,0.163,-0.072
110,152,0.19,0.257,-0.059
110,153,0.27,0.347,-0.05
110,154,0.162,0.225,-0.063
110,155,0.194,0.263,-0.059
110,156,0.227,0.3,-0.055
110,157,0.15,0.211,-0.065
110,158,0.207,0.277,-0.057
110,159,0.193,0.261,-0.059
110,16,0.155,0.217,-0.05
110,160,0.115,0.168,-0.072
110,161,0.083,0.127,-0.079
110,162,0.079,0.122,-0.08
110,163,0.097,0.145,-0.076
110,164,0.12,0.174,-0.071
110,165,0.133,0.19,-0.069
110,166,0.155,0.216,-0.065
110,167,0.182,0.249,-0.062
110,168,0.152,0.213,-0.066
110,169,0.177,0.243,-0.063
110,17,0.148,0.208,-0.051
110,170,0.193,0.262,-0.061
110,171,0.339,0.421,-0.045
110,172,0.324,0.406,-0.046
110,173,0.312,0.393,-0.048
110,174,0.289,0.368,-0.05
110,175,0.187,0.254,-0.063
110,176,0.184,0.251,-0.063
110,177,0.242,0.317,-0.056
110,178,0.208,0.278,-0.061
110,179,0.267,0.344,-0.054
110,18,0.151,0.212,-0.051
110,180,0.249,0.325,-0.056
110,181,0.192,0.26,-0.064
110,182,0.234,0.308,-0.059
110,183,0.245,0.32,-0.058
110,184,0.268,0.345,-0.055
110,185,0.333,0.415,-0.049
110,186,0.26,0.336,-0.057
110,187,0.188,0.256,-0.067
110,188,0.146,0.206,-0.075
110,189,0.17,0.235,-0.071
110,19,0.232,0.306,-0.042
110,190,0.328,0.41,-0.051
110,191,0.235,0.309,-0.062
110,192,0.238,0.312,-0.063
110,193,0.393,0.476,-0.046
110,194,0.181,0.247,-0.072
110,195,0.16,0.223,-0.076
110,196,0.265,0.342,-0.061
110,197,0.219,0.291,-0.068
110,198,0.234,0.308,-0.066
110,199,0.435,0.518,-0.044
110,20,0.162,0.225,-0.049
110,200,0.316,0.397,-0.057
110,201,0.356,0.439,-0.052
110,202,0.421,0.504,-0.046
110,203,0.429,0.512,-0.046
110,204,0.541,0.62,-0.035
110,205,0.598,0.672,-0.031
110,206,0.445,0.528,-0.045
110,207,0.42,0.503,-0.048
110,208,0.32,0.401,-0.059
110,209,0.33,0.412,-0.058
110,21,0.094,0.141,-0.059
110,210,0.327,0.408,-0.059
110,211,0.315,0.396,-0.06
110,212,0.321,0.402,-0.06
110,213,0.288,0.366,-0.064
110,214,0.237,0.312,-0.072
110,215,0.275,0.353,-0.066
110,216,0.221,0.294,-0.074
110,217,0.191,0.259,-0.08
110,218,0.206,0.276,-0.077
110,219,0.231,0.304,-0.073
110,22,0.121,0.176,-0.054
110,220,0.126,0.181,-0.094
110,221,0.132,0.189,-0.092
110,222,0.161,0.224,-0.086
110,223,0.175,0.241,-0.083
110,224,0.144,0.204,-0.089
110,225,0.121,0.176,-0.095
110,226,0.114,0.166,-0.097
110,227,0.14,0.199,-0.09
110,228,0.161,0.225,-0.085
110,229,0.105,0.156,-0.099
110,23,0.238,0.312,-0.041
110,230,0.145,0.204,-0.089
110,231,0.143,0.203,-0.089
110,232,0.089,0.135,-0.103
110,233,0.086,0.13,-0.104
110,234,0.082,0.126,-0.105
110,235,0.082,0.126,-0.105
110,236,0.04,0.068,-0.124
110,237,0.062,0.099,-0.113
110,238,0.056,0.091,-0.116
110,239,0.052,0.085,-0.118
110,24,0.177,0.243,-0.047
110,240,0.037,0.064,-0.126
110,241,0.035,0.061,-0.128
110,242,0.035,0.06,-0.128
110,243,0.027,0.048,-0.135
110,244,0.02,0.038,-0.142
110,245,0.023,0.043,-0.139
110,246,0.032,0.056,-0.133
110,247,0.03,0.053,-0.135
110,248,0.019,0.036,-0.146
110,249,0.022,0.04,-0.145
110,25,0.246,0.321,-0.04
110,250,0.029,0.051,-0.139
110,26,0.089,0.135,-0.059
110,27,0.117,0.171,-0.054
110,28,0.094,0.141,-0.058
110,29,0.055,0.089,-0.067
110,30,0.062,0.099,-0.065
110,31,0.139,0.197,-0.052
110,32,0.075,0.117,-0.062
110,33,0.097,0.145,-0.058
110,34,0.029,0.052,-0.076
110,35,0.144,0.203,-0.051
110,36,0.042,0.071,-0.071
110,37,0.126,0.181,-0.054
110,38,0.065,0.103,-0.065
110,39,0.097,0.146,-0.058
110,40,0.109,0.16,-0.056
110,41,0.065,0.103,-0.065
110,42,0.136,0.194,-0.053
110,43,0.123,0.178,-0.055
110,44,0.145,0.205,-0.052
110,45,0.063,0.1,-0.066
110,46,0.071,0.111,-0.064
110,47,0.19,0.258,-0.047
110,48,0.093,0.14,-0.06
110,49,0.163,0.226,-0.05
110,50,0.186,0.254,-0.048
110,51,0.236,0.31,-0.043
110,52,0.181,0.248,-0.048
110,53,0.204,0.274,-0.046
110,54,0.253,0.329,-0.042
110,55,0.146,0.206,-0.053
110,56,0.338,0.42,-0.035
110,57,0.201,0.27,-0.047
110,58,0.203,0.272,-0.047
110,59,0.137,0.195,-0.055
110,60,0.176,0.241,-0.05
110,61,0.199,0.268,-0.048
110,62,0.193,0.261,-0.048
110,63,0.11,0.161,-0.06
110,64,0.179,0.245,-0.05
110,65,0.202,0.272,-0.048
110,66,0.253,0.329,-0.043
110,67,0.145,0.205,-0.055
110,68,0.188,0.256,-0.05
110,69,0.214,0.285,-0.047
110,70,0.137,0.195,-0.057
110,71,0.124,0.179,-0.059
110,72,0.271,0.349,-0.042
110,73,0.15,0.211,-0.056
110,74,0.123,0.178,-0.06
110,75,0.148,0.208,-0.057
110,76,0.159,0.222,-0.055
110,77,0.09,0.137,-0.066
110,78,0.108,0.16,-0.064
110,79,0.056,0.091,-0.076
110,8,0.117,0.17,-0.059
110,80,0.134,0.191,-0.059
110,81,0.118,0.172,-0.062
110,82,0.192,0.261,-0.052
110,83,0.209,0.28,-0.05
110,84,0.171,0.236,-0.055
110,85,0.166,0.23,-0.056
110,86,0.224,0.297,-0.049
110,87,0.256,0.332,-0.046
110,88,0.306,0.386,-0.042
110,89,0.261,0.337,-0.046
110,9,0.131,0.187,-0.057
110,90,0.183,0.249,-0.054
110,91,0.184,0.251,-0.054
110,92,0.134,0.192,-0.061
110,93,0.161,0.224,-0.058
110,94,0.151,0.213,-0.059
110,95,0.172,0.237,-0.056
110,96,0.122,0.176,-0.064
110,97,0.204,0.274,-0.053
110,98,0.12,0.175,-0.065
110,99,0.114,0.166,-0.066
111,10,0.31,0.39,-0.038
111,100,0.139,0.197,-0.061
111,101,0.191,0.26,-0.054
111,102,0.258,0.334,-0.047
111,103,0.266,0.343,-0.047
111,104,0.206,0.277,-0.053
111,105,0.216,0.288,-0.052
111,106,0.137,0.195,-0.063
111,107,0.177,0.243,-0.057
111,108,0.251,0.327,-0.049
111,109,0.205,0.275,-0.054
111,11,0.319,0.4,-0.037
111,110,0.236,0.311,-0.05
111,111,0.173,0.239,-0.058
111,112,0.221,0.293,-0.052
111,113,0.216,0.287,-0.053
111,114,0.203,0.272,-0.055
111,115,0.166,0.23,-0.059
111,116,0.262,0.339,-0.048
111,117,0.24,0.315,-0.051
111,118,0.196,0.265,-0.056
111,119,0.2,0.269,-0.055
111,12,0.384,0.468,-0.032
111,120,0.225,0.298,-0.052
111,121,0.264,0.341,-0.048
111,122,0.24,0.314,-0.051
111,123,0.202,0.271,-0.056
111,124,0.242,0.316,-0.051
111,125,0.161,0.223,-0.061
111,126,0.19,0.258,-0.057
111,127,0.239,0.313,-0.052
111,128,0.141,0.2,-0.064
111,129,0.183,0.25,-0.058
111,13,0.177,0.242,-0.049
111,130,0.192,0.26,-0.057
111,131,0.301,0.381,-0.045
111,132,0.218,0.29,-0.054
111,133,0.235,0.309,-0.052
111,134,0.118,0.172,-0.069
111,135,0.185,0.253,-0.059
111,136,0.135,0.192,-0.066
111,137,0.076,0.118,-0.078
111,138,0.124,0.179,-0.068
111,139,0.103,0.153,-0.072
111,14,0.15,0.211,-0.051
111,140,0.08,0.122,-0.078
111,141,0.081,0.124,-0.078
111,142,0.176,0.241,-0.06
111,143,0.134,0.192,-0.067
111,144,0.09,0.137,-0.076
111,145,0.084,0.129,-0.078
111,146,0.067,0.106,-0.082
111,147,0.089,0.134,-0.077
111,148,0.048,0.079,-0.089
111,149,0.06,0.096,-0.085
111,15,0.209,0.28,-0.045
111,150,0.057,0.092,-0.086
111,151,0.073,0.113,-0.081
111,152,0.097,0.146,-0.075
111,153,0.148,0.209,-0.065
111,154,0.118,0.172,-0.071
111,155,0.136,0.194,-0.068
111,156,0.147,0.207,-0.066
111,157,0.14,0.199,-0.067
111,158,0.179,0.246,-0.061
111,159,0.239,0.314,-0.054
111,16,0.343,0.425,-0.034
111,160,0.206,0.277,-0.058
111,161,0.256,0.332,-0.052
111,162,0.226,0.299,-0.055
111,163,0.214,0.285,-0.057
111,164,0.215,0.287,-0.057
111,165,0.189,0.256,-0.061
111,166,0.254,0.33,-0.053
111,167,0.187,0.255,-0.061
111,168,0.239,0.313,-0.055
111,169,0.244,0.319,-0.054
111,17,0.159,0.221,-0.05
111,170,0.221,0.293,-0.057
111,171,0.309,0.389,-0.048
111,172,0.326,0.407,-0.046
111,173,0.328,0.41,-0.046
111,174,0.345,0.427,-0.045
111,175,0.359,0.441,-0.044
111,176,0.35,0.433,-0.045
111,177,0.318,0.399,-0.048
111,178,0.23,0.304,-0.058
111,179,0.356,0.439,-0.045
111,18,0.153,0.214,-0.05
111,180,0.367,0.449,-0.045
111,181,0.339,0.42,-0.048
111,182,0.344,0.426,-0.047
111,183,0.342,0.424,-0.048
111,184,0.36,0.442,-0.046
111,185,0.258,0.334,-0.058
111,186,0.233,0.306,-0.061
111,187,0.24,0.314,-0.061
111,188,0.16,0.223,-0.073
111,189,0.331,0.413,-0.051
111,19,0.278,0.356,-0.038
111,190,0.237,0.311,-0.062
111,191,0.181,0.248,-0.071
111,192,0.245,0.32,-0.062
111,193,0.262,0.339,-0.061
111,194,0.218,0.29,-0.067
111,195,0.23,0.304,-0.066
111,196,0.256,0.332,-0.063
111,197,0.294,0.373,-0.059
111,198,0.257,0.333,-0.064
111,199,0.252,0.328,-0.065
111,20,0.236,0.31,-0.041
111,200,0.428,0.511,-0.045
111,201,0.402,0.485,-0.048
111,202,0.27,0.347,-0.064
111,203,0.405,0.488,-0.048
111,204,0.31,0.39,-0.059
111,205,0.35,0.432,-0.055
111,206,0.434,0.517,-0.046
111,207,0.478,0.56,-0.042
111,208,0.421,0.504,-0.048
111,209,0.494,0.575,-0.041
111,21,0.185,0.252,-0.046
111,210,0.315,0.396,-0.06
111,211,0.348,0.43,-0.057
111,212,0.368,0.45,-0.055
111,213,0.337,0.419,-0.058
111,214,0.299,0.379,-0.063
111,215,0.251,0.326,-0.07
111,216,0.241,0.316,-0.071
111,217,0.293,0.372,-0.064
111,218,0.249,0.325,-0.07
111,219,0.211,0.282,-0.076
111,22,0.149,0.209,-0.05
111,220,0.156,0.218,-0.086
111,221,0.248,0.324,-0.07
111,222,0.232,0.306,-0.073
111,223,0.18,0.247,-0.081
111,224,0.257,0.333,-0.069
111,225,0.163,0.226,-0.085
111,226,0.137,0.195,-0.09
111,227,0.11,0.162,-0.097
111,228,0.185,0.252,-0.08
111,229,0.192,0.26,-0.079
111,23,0.061,0.098,-0.065
111,230,0.232,0.306,-0.072
111,231,0.113,0.165,-0.096
111,232,0.119,0.173,-0.094
111,233,0.187,0.254,-0.08
111,234,0.135,0.193,-0.09
111,235,0.133,0.19,-0.091
111,236,0.105,0.155,-0.098
111,237,0.187,0.254,-0.08
111,238,0.165,0.229,-0.084
111,239,0.19,0.258,-0.079
111,24,0.263,0.34,-0.039
111,240,0.124,0.18,-0.093
111,241,0.173,0.239,-0.082
111,242,0.133,0.19,-0.091
111,243,0.169,0.233,-0.084
111,244,0.126,0.181,-0.093
111,245,0.112,0.165,-0.098
111,246,0.188,0.256,-0.081
111,247,0.188,0.256,-0.082
111,248,0.281,0.359,-0.068
111,249,0.241,0.316,-0.074
111,25,0.2,0.27,-0.044
111,250,0.212,0.283,-0.08
111,26,0.175,0.241,-0.047
111,27,0.222,0.294,-0.042
111,28,0.164,0.227,-0.048
111,29,0.13,0.186,-0.053
111,30,0.105,0.156,-0.056
111,31,0.088,0.133,-0.059
111,32,0.085,0.13,-0.06
111,33,0.065,0.103,-0.064
111,34,0.106,0.157,-0.056
111,35,0.12,0.174,-0.054
111,36,0.095,0.142,-0.058
111,37,0.05,0.082,-0.068
111,38,0.047,0.078,-0.069
111,39,0.08,0.124,-0.061
111,40,0.09,0.137,-0.059
111,41,0.184,0.251,-0.047
111,42,0.153,0.214,-0.05
111,43,0.098,0.146,-0.058
111,44,0.099,0.148,-0.058
111,45,0.131,0.188,-0.053
111,46,0.35,0.432,-0.033
111,47,0.143,0.202,-0.052
111,48,0.141,0.2,-0.053
111,49,0.235,0.308,-0.043
111,50,0.177,0.243,-0.048
111,51,0.205,0.275,-0.045
111,52,0.26,0.336,-0.041
111,53,0.184,0.251,-0.048
111,54,0.232,0.305,-0.043
111,55,0.209,0.28,-0.046
111,56,0.372,0.455,-0.032
111,57,0.254,0.33,-0.042
111,58,0.292,0.371,-0.039
111,59,0.257,0.333,-0.042
111,60,0.42,0.503,-0.03
111,61,0.372,0.455,-0.033
111,62,0.324,0.405,-0.037
111,63,0.226,0.299,-0.045
111,64,0.226,0.299,-0.045
111,65,0.174,0.24,-0.051
111,66,0.223,0.296,-0.046
111,67,0.209,0.279,-0.048
111,68,0.236,0.31,-0.045
111,69,0.093,0.14,-0.064
111,70,0.109,0.16,-0.061
111,71,0.162,0.226,-0.053
111,72,0.142,0.201,-0.056
111,73,0.156,0.217,-0.055
111,74,0.148,0.208,-0.056
111,75,0.164,0.227,-0.054
111,76,0.126,0.181,-0.06
111,77,0.203,0.273,-0.05
111,78,0.18,0.246,-0.052
111,79,0.372,0.455,-0.035
111,80,0.144,0.203,-0.058
111,81,0.299,0.378,-0.041
111,82,0.442,0.525,-0.031
111,83,0.445,0.528,-0.03
111,84,0.341,0.423,-0.038
111,85,0.556,0.633,-0.024
111,86,0.584,0.66,-0.022
111,87,0.39,0.474,-0.035
111,88,0.213,0.284,-0.05
111,89,0.233,0.307,-0.048
111,9,0.55,0.628,-0.022
111,90,0.33,0.411,-0.04
111,91,0.281,0.359,-0.044
111,92,0.252,0.327,-0.047
111,93,0.294,0.374,-0.043
111,94,0.224,0.297,-0.05
111,95,0.153,0.214,-0.059
111,96,0.153,0.215,-0.059
111,97,0.248,0.323,-0.048
111,98,0.213,0.284,-0.051
111,99,0.121,0.175,-0.064
112,10,0.353,0.436,-0.034
112,100,0.377,0.46,-0.037
112,101,0.286,0.364,-0.044
112,102,0.334,0.416,-0.04
112,103,0.462,0.545,-0.031
112,104,0.311,0.392,-0.042
112,105,0.327,0.408,-0.041
112,106,0.228,0.301,-0.051
112,107,0.302,0.382,-0.043
112,108,0.294,0.373,-0.044
112,109,0.328,0.41,-0.041
112,11,0.228,0.301,-0.044
112,110,0.526,0.606,-0.027
112,111,0.433,0.516,-0.033
112,112,0.385,0.468,-0.037
112,113,0.414,0.497,-0.035
112,114,0.506,0.587,-0.028
112,115,0.376,0.459,-0.038
112,116,0.357,0.439,-0.039
112,117,0.317,0.398,-0.043
112,118,0.372,0.455,-0.038
112,119,0.419,0.502,-0.035
112,12,0.189,0.257,-0.048
112,120,0.342,0.424,-0.041
112,121,0.454,0.537,-0.032
112,122,0.268,0.346,-0.047
112,123,0.397,0.48,-0.037
112,124,0.413,0.496,-0.035
112,125,0.307,0.387,-0.044
112,126,0.345,0.427,-0.041
112,127,0.275,0.353,-0.047
112,128,0.243,0.317,-0.051
112,129,0.338,0.419,-0.042
112,13,0.169,0.233,-0.05
112,130,0.273,0.351,-0.048
112,131,0.294,0.373,-0.046
112,132,0.174,0.239,-0.059
112,133,0.105,0.155,-0.071
112,134,0.111,0.163,-0.07
112,135,0.174,0.24,-0.06
112,136,0.164,0.227,-0.061
112,137,0.118,0.172,-0.069
112,138,0.118,0.171,-0.069
112,139,0.171,0.236,-0.06
112,14,0.392,0.475,-0.031
112,140,0.149,0.21,-0.064
112,141,0.097,0.145,-0.073
112,142,0.041,0.069,-0.09
112,143,0.1,0.149,-0.073
112,144,0.084,0.128,-0.077
112,145,0.111,0.163,-0.071
112,146,0.141,0.2,-0.065
112,147,0.16,0.223,-0.063
112,148,0.078,0.121,-0.079
112,149,0.079,0.122,-0.079
112,15,0.141,0.2,-0.053
112,150,0.117,0.17,-0.07
112,151,0.164,0.227,-0.063
112,152,0.111,0.163,-0.072
112,153,0.091,0.137,-0.076
112,154,0.116,0.169,-0.071
112,155,0.083,0.126,-0.079
112,156,0.093,0.14,-0.076
112,157,0.111,0.163,-0.072
112,158,0.28,0.358,-0.049
112,159,0.229,0.303,-0.055
112,16,0.186,0.253,-0.047
112,160,0.209,0.279,-0.057
112,161,0.158,0.22,-0.065
112,162,0.116,0.169,-0.072
112,163,0.223,0.296,-0.056
112,164,0.213,0.284,-0.057
112,165,0.24,0.315,-0.054
112,166,0.274,0.352,-0.051
112,167,0.339,0.421,-0.044
112,168,0.295,0.375,-0.049
112,169,0.263,0.34,-0.052
112,17,0.164,0.227,-0.049
112,170,0.304,0.384,-0.048
112,171,0.236,0.311,-0.056
112,172,0.275,0.353,-0.052
112,173,0.25,0.325,-0.055
112,174,0.265,0.342,-0.054
112,175,0.259,0.335,-0.055
112,176,0.39,0.473,-0.042
112,177,0.307,0.387,-0.05
112,178,0.262,0.338,-0.055
112,179,0.274,0.352,-0.054
112,18,0.246,0.321,-0.041
112,180,0.34,0.421,-0.048
112,181,0.575,0.651,-0.028
112,182,0.453,0.536,-0.038
112,183,0.396,0.479,-0.043
112,184,0.404,0.487,-0.043
112,185,0.446,0.528,-0.039
112,186,0.361,0.444,-0.048
112,187,0.416,0.499,-0.043
112,188,0.562,0.639,-0.031
112,189,0.593,0.667,-0.029
112,19,0.074,0.115,-0.063
112,190,0.467,0.55,-0.039
112,191,0.411,0.494,-0.044
112,192,0.39,0.473,-0.047
112,193,0.516,0.596,-0.036
112,194,0.504,0.585,-0.037
112,195,0.535,0.614,-0.035
112,196,0.453,0.535,-0.042
112,197,0.603,0.676,-0.029
112,198,0.577,0.653,-0.032
112,199,0.359,0.441,-0.052
112,20,0.167,0.231,-0.048
112,200,0.564,0.641,-0.033
112,201,0.504,0.585,-0.039
112,202,0.495,0.576,-0.04
112,203,0.609,0.681,-0.03
112,204,0.483,0.565,-0.041
112,205,0.736,0.792,-0.02
112,206,0.637,0.707,-0.028
112,207,0.586,0.661,-0.032
112,208,0.459,0.542,-0.044
112,209,0.466,0.549,-0.044
112,21,0.096,0.143,-0.058
112,210,0.318,0.399,-0.06
112,211,0.519,0.599,-0.039
112,212,0.338,0.42,-0.058
112,213,0.444,0.527,-0.046
112,214,0.399,0.482,-0.051
112,215,0.458,0.541,-0.045
112,216,0.361,0.443,-0.056
112,217,0.401,0.484,-0.051
112,218,0.321,0.402,-0.06
112,219,0.374,0.457,-0.054
112,22,0.069,0.108,-0.063
112,220,0.325,0.407,-0.06
112,221,0.359,0.442,-0.056
112,222,0.396,0.479,-0.051
112,223,0.361,0.443,-0.055
112,224,0.261,0.337,-0.068
112,225,0.247,0.323,-0.07
112,226,0.256,0.332,-0.068
112,227,0.268,0.345,-0.067
112,228,0.214,0.285,-0.075
112,229,0.136,0.194,-0.089
112,23,0.098,0.146,-0.057
112,230,0.125,0.18,-0.092
112,231,0.129,0.185,-0.091
112,232,0.132,0.189,-0.09
112,233,0.098,0.146,-0.099
112,234,0.079,0.122,-0.105
112,235,0.094,0.141,-0.1
112,236,0.091,0.137,-0.102
112,237,0.054,0.087,-0.116
112,238,0.067,0.105,-0.11
112,239,0.076,0.117,-0.107
112,24,0.105,0.155,-0.056
112,240,0.076,0.117,-0.107
112,241,0.102,0.151,-0.099
112,242,0.143,0.202,-0.089
112,243,0.178,0.244,-0.082
112,244,0.208,0.278,-0.077
112,245,0.239,0.313,-0.073
112,246,0.34,0.422,-0.059
112,247,0.217,0.288,-0.078
112,248,0.189,0.256,-0.083
112,249,0.269,0.346,-0.071
112,25,0.072,0.113,-0.062
112,250,0.377,0.46,-0.057
112,26,0.051,0.083,-0.067
112,27,0.052,0.085,-0.067
112,28,0.052,0.084,-0.067
112,29,0.071,0.111,-0.062
112,30,0.027,0.049,-0.076
112,31,0.046,0.077,-0.069
112,32,0.034,0.059,-0.073
112,33,0.056,0.09,-0.066
112,34,0.061,0.097,-0.065
112,35,0.057,0.093,-0.066
112,36,0.041,0.07,-0.071
112,37,0.03,0.053,-0.075
112,38,0.076,0.118,-0.062
112,39,0.043,0.073,-0.071
112,40,0.047,0.078,-0.07
112,41,0.032,0.056,-0.075
112,42,0.026,0.047,-0.078
112,43,0.025,0.045,-0.079
112,44,0.067,0.106,-0.065
112,45,0.045,0.075,-0.071
112,46,0.097,0.146,-0.059
112,47,0.038,0.065,-0.074
112,48,0.06,0.096,-0.067
112,49,0.064,0.101,-0.066
112,50,0.136,0.194,-0.053
112,51,0.055,0.09,-0.069
112,52,0.177,0.243,-0.049
112,53,0.058,0.093,-0.068
112,54,0.086,0.131,-0.062
112,55,0.146,0.206,-0.053
112,56,0.101,0.15,-0.06
112,57,0.195,0.264,-0.047
112,58,0.147,0.207,-0.053
112,59,0.115,0.168,-0.058
112,60,0.225,0.298,-0.045
112,61,0.117,0.17,-0.058
112,62,0.055,0.09,-0.071
112,63,0.16,0.223,-0.052
112,64,0.114,0.166,-0.059
112,65,0.099,0.147,-0.062
112,66,0.108,0.16,-0.06
112,67,0.175,0.24,-0.051
112,68,0.106,0.156,-0.061
112,69,0.22,0.292,-0.047
112,70,0.234,0.308,-0.045
112,71,0.185,0.252,-0.051
112,72,0.244,0.319,-0.045
112,73,0.181,0.247,-0.052
112,74,0.137,0.194,-0.058
112,75,0.235,0.309,-0.046
112,76,0.31,0.39,-0.039
112,77,0.438,0.521,-0.03
112,78,0.32,0.401,-0.039
112,79,0.28,0.358,-0.042
112,80,0.445,0.528,-0.03
112,81,0.315,0.396,-0.04
112,82,0.265,0.342,-0.044
112,83,0.437,0.52,-0.031
112,84,0.332,0.414,-0.039
112,85,0.286,0.365,-0.043
112,86,0.345,0.427,-0.038
112,87,0.189,0.257,-0.053
112,88,0.319,0.4,-0.04
112,89,0.18,0.247,-0.054
112,9,0.488,0.569,-0.026
112,90,0.371,0.454,-0.036
112,91,0.243,0.318,-0.047
112,92,0.3,0.38,-0.042
112,93,0.275,0.353,-0.045
112,94,0.276,0.354,-0.045
112,95,0.32,0.401,-0.041
112,96,0.296,0.376,-0.043
112,97,0.256,0.332,-0.047
112,98,0.354,0.436,-0.038
112,99,0.418,0.501,-0.033
113,10,0.278,0.357,-0.041
113,100,0.206,0.277,-0.052
113,101,0.245,0.32,-0.048
113,102,0.431,0.514,-0.033
113,103,0.468,0.55,-0.03
113,104,0.356,0.439,-0.039
113,105,0.299,0.378,-0.043
113,106,0.457,0.539,-0.031
113,107,0.554,0.632,-0.025
113,108,0.496,0.577,-0.029
113,109,0.629,0.699,-0.02
113,11,0.387,0.47,-0.032
113,110,0.704,0.765,-0.016
113,111,0.601,0.675,-0.022
113,112,0.446,0.529,-0.032
113,113,0.494,0.575,-0.029
113,114,0.619,0.691,-0.021
113,115,0.611,0.683,-0.022
113,116,0.47,0.552,-0.031
113,117,0.417,0.5,-0.035
113,118,0.3,0.38,-0.044
113,119,0.493,0.574,-0.029
113,12,0.455,0.537,-0.028
113,120,0.441,0.524,-0.033
113,121,0.272,0.349,-0.047
113,122,0.316,0.397,-0.043
113,123,0.306,0.387,-0.044
113,124,0.225,0.297,-0.052
113,125,0.182,0.249,-0.058
113,126,0.392,0.476,-0.037
113,127,0.313,0.394,-0.044
113,128,0.308,0.388,-0.044
113,129,0.207,0.278,-0.055
113,13,0.175,0.24,-0.05
113,130,0.205,0.275,-0.055
113,131,0.154,0.215,-0.062
113,132,0.159,0.221,-0.061
113,133,0.139,0.198,-0.065
113,134,0.107,0.158,-0.07
113,135,0.131,0.187,-0.066
113,136,0.151,0.212,-0.063
113,137,0.098,0.147,-0.073
113,138,0.078,0.121,-0.077
113,139,0.066,0.104,-0.081
113,14,0.278,0.356,-0.039
113,140,0.057,0.092,-0.084
113,141,0.042,0.071,-0.09
113,142,0.071,0.11,-0.08
113,143,0.074,0.115,-0.079
113,144,0.077,0.119,-0.079
113,145,0.051,0.084,-0.087
113,146,0.09,0.136,-0.076
113,147,0.062,0.099,-0.084
113,148,0.082,0.126,-0.078
113,149,0.108,0.16,-0.072
113,15,0.192,0.26,-0.047
113,150,0.125,0.181,-0.069
113,151,0.116,0.169,-0.071
113,152,0.148,0.208,-0.065
113,153,0.137,0.196,-0.067
113,154,0.262,0.339,-0.051
113,155,0.239,0.313,-0.054
113,156,0.169,0.233,-0.062
113,157,0.275,0.353,-0.05
113,158,0.189,0.257,-0.06
113,159,0.141,0.2,-0.067
113,16,0.168,0.232,-0.049
113,160,0.184,0.251,-0.061
113,161,0.199,0.268,-0.059
113,162,0.253,0.329,-0.053
113,163,0.319,0.4,-0.046
113,164,0.212,0.283,-0.058
113,165,0.133,0.191,-0.07
113,166,0.214,0.286,-0.058
113,167,0.17,0.234,-0.064
113,168,0.221,0.293,-0.058
113,169,0.176,0.242,-0.064
113,17,0.192,0.26,-0.047
113,170,0.239,0.314,-0.056
113,171,0.221,0.293,-0.059
113,172,0.258,0.334,-0.054
113,173,0.222,0.294,-0.059
113,174,0.143,0.202,-0.071
113,175,0.203,0.273,-0.062
113,176,0.247,0.322,-0.057
113,177,0.224,0.297,-0.06
113,178,0.35,0.432,-0.047
113,179,0.219,0.291,-0.062
113,18,0.127,0.182,-0.054
113,180,0.36,0.442,-0.046
113,181,0.268,0.345,-0.056
113,182,0.307,0.387,-0.052
113,183,0.242,0.317,-0.06
113,184,0.32,0.4,-0.052
113,185,0.417,0.5,-0.042
113,186,0.355,0.437,-0.049
113,187,0.34,0.422,-0.051
113,188,0.544,0.623,-0.032
113,189,0.451,0.534,-0.041
113,19,0.111,0.163,-0.057
113,190,0.514,0.594,-0.035
113,191,0.678,0.743,-0.023
113,192,0.788,0.835,-0.015
113,193,0.655,0.723,-0.025
113,194,0.778,0.827,-0.016
113,195,0.612,0.684,-0.029
113,196,0.568,0.644,-0.032
113,197,0.618,0.69,-0.028
113,198,0.631,0.701,-0.028
113,199,0.638,0.707,-0.027
113,20,0.09,0.136,-0.06
113,200,0.78,0.829,-0.016
113,201,0.724,0.782,-0.021
113,202,0.626,0.697,-0.029
113,203,0.613,0.685,-0.03
113,204,0.658,0.725,-0.026
113,205,0.579,0.655,-0.033
113,206,0.661,0.728,-0.026
113,207,0.564,0.641,-0.034
113,208,0.42,0.504,-0.048
113,209,0.612,0.685,-0.03
113,21,0.178,0.243,-0.048
113,210,0.444,0.527,-0.046
113,211,0.379,0.462,-0.053
113,212,0.374,0.457,-0.054
113,213,0.476,0.558,-0.043
113,214,0.453,0.536,-0.045
113,215,0.434,0.517,-0.047
113,216,0.442,0.525,-0.046
113,217,0.282,0.36,-0.065
113,218,0.302,0.382,-0.062
113,219,0.233,0.306,-0.072
113,22,0.077,0.119,-0.062
113,220,0.185,0.253,-0.08
113,221,0.201,0.271,-0.077
113,222,0.207,0.277,-0.076
113,223,0.173,0.238,-0.082
113,224,0.268,0.345,-0.067
113,225,0.141,0.2,-0.088
113,226,0.196,0.265,-0.078
113,227,0.192,0.26,-0.078
113,228,0.14,0.199,-0.088
113,229,0.151,0.211,-0.086
113,23,0.1,0.149,-0.058
113,230,0.108,0.159,-0.096
113,231,0.122,0.176,-0.093
113,232,0.151,0.212,-0.086
113,233,0.16,0.223,-0.084
113,234,0.135,0.193,-0.089
113,235,0.16,0.223,-0.084
113,236,0.148,0.208,-0.087
113,237,0.152,0.213,-0.086
113,238,0.151,0.212,-0.086
113,239,0.186,0.254,-0.08
113,24,0.116,0.17,-0.055
113,240,0.196,0.265,-0.078
113,241,0.17,0.235,-0.083
113,242,0.222,0.294,-0.074
113,243,0.217,0.289,-0.076
113,244,0.25,0.325,-0.071
113,245,0.307,0.387,-0.063
113,246,0.37,0.453,-0.056
113,247,0.432,0.515,-0.05
113,248,0.383,0.466,-0.056
113,249,0.4,0.483,-0.054
113,25,0.039,0.066,-0.072
113,250,0.436,0.519,-0.051
113,26,0.063,0.1,-0.065
113,27,0.114,0.167,-0.055
113,28,0.09,0.136,-0.059
113,29,0.02,0.038,-0.081
113,30,0.056,0.091,-0.066
113,31,0.068,0.107,-0.063
113,32,0.052,0.085,-0.067
113,33,0.088,0.133,-0.059
113,34,0.064,0.101,-0.064
113,35,0.137,0.195,-0.052
113,36,0.124,0.179,-0.053
113,37,0.034,0.059,-0.074
113,38,0.123,0.177,-0.054
113,39,0.092,0.139,-0.059
113,40,0.222,0.295,-0.043
113,41,0.037,0.064,-0.073
113,42,0.067,0.105,-0.065
113,43,0.112,0.164,-0.056
113,44,0.149,0.209,-0.051
113,45,0.214,0.286,-0.044
113,46,0.087,0.132,-0.061
113,47,0.063,0.1,-0.066
113,48,0.174,0.239,-0.048
113,49,0.163,0.226,-0.05
113,50,0.094,0.141,-0.06
113,51,0.206,0.276,-0.046
113,52,0.292,0.371,-0.038
113,53,0.104,0.154,-0.059
113,54,0.182,0.248,-0.048
113,55,0.237,0.311,-0.043
113,56,0.193,0.261,-0.047
113,57,0.139,0.198,-0.054
113,58,0.286,0.364,-0.039
113,59,0.315,0.396,-0.037
113,60,0.261,0.338,-0.041
113,61,0.302,0.382,-0.038
113,62,0.164,0.228,-0.051
113,63,0.146,0.206,-0.054
113,64,0.115,0.168,-0.059
113,65,0.163,0.226,-0.052
113,66,0.173,0.238,-0.051
113,67,0.148,0.209,-0.054
113,68,0.361,0.444,-0.034
113,69,0.235,0.309,-0.045
113,70,0.169,0.233,-0.052
113,71,0.281,0.359,-0.041
113,72,0.191,0.259,-0.05
113,73,0.247,0.323,-0.044
113,74,0.28,0.358,-0.042
113,75,0.222,0.294,-0.047
113,76,0.387,0.47,-0.034
113,77,0.28,0.358,-0.042
113,78,0.233,0.307,-0.047
113,79,0.245,0.32,-0.046
113,80,0.245,0.32,-0.046
113,81,0.334,0.416,-0.038
113,82,0.245,0.32,-0.046
113,83,0.239,0.313,-0.047
113,84,0.43,0.513,-0.031
113,85,0.429,0.512,-0.032
113,86,0.237,0.312,-0.047
113,87,0.251,0.327,-0.046
113,88,0.207,0.277,-0.051
113,89,0.195,0.264,-0.052
113,9,0.419,0.502,-0.031
113,90,0.225,0.298,-0.049
113,91,0.231,0.305,-0.049
113,92,0.168,0.232,-0.056
113,93,0.303,0.383,-0.042
113,94,0.237,0.311,-0.048
113,95,0.351,0.433,-0.038
113,96,0.28,0.358,-0.044
113,97,0.374,0.457,-0.036
113,98,0.36,0.443,-0.038
113,99,0.308,0.388,-0.042
114,10,0.263,0.34,-0.042
114,100,0.287,0.366,-0.044
114,101,0.397,0.48,-0.035
114,102,0.448,0.531,-0.031
114,103,0.479,0.561,-0.029
114,104,0.251,0.327,-0.048
114,105,0.344,0.426,-0.039
114,106,0.419,0.502,-0.034
114,107,0.489,0.571,-0.029
114,108,0.688,0.751,-0.017
114,109,0.57,0.646,-0.024
114,11,0.401,0.484,-0.032
114,110,0.567,0.643,-0.024
114,111,0.59,0.664,-0.023
114,112,0.702,0.763,-0.016
114,113,0.666,0.733,-0.018
114,114,0.611,0.684,-0.022
114,115,0.522,0.602,-0.027
114,116,0.459,0.542,-0.032
114,117,0.495,0.576,-0.029
114,118,0.491,0.573,-0.029
114,119,0.438,0.521,-0.033
114,12,0.253,0.329,-0.043
114,120,0.469,0.551,-0.031
114,121,0.402,0.485,-0.036
114,122,0.265,0.343,-0.048
114,123,0.244,0.319,-0.05
114,124,0.356,0.439,-0.04
114,125,0.254,0.33,-0.049
114,126,0.293,0.373,-0.045
114,127,0.386,0.469,-0.037
114,128,0.24,0.314,-0.051
114,129,0.185,0.252,-0.058
114,13,0.337,0.419,-0.035
114,130,0.106,0.157,-0.07
114,131,0.142,0.202,-0.064
114,132,0.189,0.257,-0.057
114,133,0.17,0.234,-0.06
114,134,0.215,0.286,-0.054
114,135,0.126,0.182,-0.067
114,136,0.158,0.221,-0.062
114,137,0.152,0.213,-0.063
114,138,0.112,0.164,-0.07
114,139,0.116,0.169,-0.069
114,14,0.334,0.416,-0.035
114,140,0.058,0.093,-0.084
114,141,0.077,0.119,-0.078
114,142,0.064,0.101,-0.082
114,143,0.083,0.127,-0.077
114,144,0.094,0.142,-0.074
114,145,0.074,0.115,-0.08
114,146,0.079,0.122,-0.079
114,147,0.087,0.132,-0.076
114,148,0.163,0.227,-0.062
114,149,0.114,0.167,-0.071
114,15,0.228,0.301,-0.044
114,150,0.087,0.132,-0.077
114,151,0.133,0.19,-0.068
114,152,0.146,0.206,-0.066
114,153,0.177,0.242,-0.061
114,154,0.224,0.297,-0.055
114,155,0.214,0.285,-0.057
114,156,0.26,0.337,-0.051
114,157,0.286,0.365,-0.049
114,158,0.178,0.245,-0.062
114,159,0.263,0.34,-0.052
114,16,0.33,0.412,-0.035
114,160,0.271,0.348,-0.051
114,161,0.213,0.284,-0.058
114,162,0.308,0.388,-0.047
114,163,0.343,0.425,-0.044
114,164,0.375,0.458,-0.042
114,165,0.319,0.4,-0.047
114,166,0.266,0.343,-0.052
114,167,0.368,0.451,-0.043
114,168,0.37,0.453,-0.043
114,169,0.329,0.411,-0.047
114,17,0.198,0.267,-0.046
114,170,0.263,0.34,-0.054
114,171,0.16,0.223,-0.068
114,172,0.273,0.351,-0.054
114,173,0.346,0.428,-0.046
114,174,0.384,0.467,-0.043
114,175,0.353,0.436,-0.046
114,176,0.266,0.343,-0.056
114,177,0.186,0.253,-0.067
114,178,0.203,0.273,-0.065
114,179,0.23,0.304,-0.061
114,18,0.281,0.359,-0.039
114,180,0.268,0.346,-0.057
114,181,0.477,0.559,-0.037
114,182,0.506,0.587,-0.035
114,183,0.357,0.44,-0.048
114,184,0.508,0.589,-0.035
114,185,0.514,0.594,-0.035
114,186,0.594,0.668,-0.029
114,187,0.727,0.785,-0.019
114,188,0.581,0.656,-0.03
114,189,0.593,0.667,-0.029
114,19,0.261,0.338,-0.04
114,190,0.742,0.797,-0.018
114,191,0.571,0.647,-0.031
114,192,0.719,0.777,-0.02
114,193,0.685,0.748,-0.023
114,194,0.792,0.839,-0.015
114,195,0.951,0.963,-0.003
114,196,0.873,0.903,-0.009
114,197,0.99,0.993,0.001
114,198,0.962,0.971,-0.003
114,199,0.902,0.926,-0.007
114,20,0.164,0.227,-0.05
114,200,0.899,0.924,0.007
114,201,0.961,0.971,0.003
114,202,0.993,0.995,0.001
114,203,0.909,0.931,-0.007
114,204,0.881,0.91,-0.009
114,205,0.783,0.831,-0.016
114,206,0.935,0.952,-0.005
114,207,0.741,0.796,-0.02
114,208,0.763,0.815,-0.018
114,209,0.753,0.806,-0.019
114,21,0.257,0.333,-0.04
114,210,0.796,0.842,-0.016
114,211,0.71,0.77,-0.022
114,212,0.636,0.706,-0.029
114,213,0.483,0.565,-0.042
114,214,0.412,0.495,-0.049
114,215,0.377,0.46,-0.053
114,216,0.529,0.609,-0.038
114,217,0.506,0.587,-0.04
114,218,0.348,0.43,-0.056
114,219,0.48,0.562,-0.042
114,22,0.309,0.39,-0.036
114,220,0.462,0.544,-0.044
114,221,0.471,0.553,-0.043
114,222,0.342,0.424,-0.057
114,223,0.269,0.347,-0.066
114,224,0.238,0.312,-0.07
114,225,0.293,0.372,-0.063
114,226,0.265,0.342,-0.066
114,227,0.302,0.382,-0.061
114,228,0.222,0.294,-0.073
114,229,0.232,0.306,-0.071
114,23,0.16,0.223,-0.049
114,230,0.209,0.28,-0.075
114,231,0.138,0.197,-0.088
114,232,0.167,0.231,-0.082
114,233,0.144,0.203,-0.087
114,234,0.166,0.23,-0.082
114,235,0.189,0.256,-0.078
114,236,0.139,0.197,-0.089
114,237,0.146,0.206,-0.087
114,238,0.137,0.195,-0.089
114,239,0.156,0.218,-0.086
114,24,0.125,0.18,-0.054
114,240,0.137,0.195,-0.09
114,241,0.152,0.214,-0.087
114,242,0.159,0.221,-0.086
114,243,0.18,0.247,-0.082
114,244,0.154,0.216,-0.088
114,245,0.211,0.281,-0.078
114,246,0.21,0.281,-0.079
114,247,0.256,0.332,-0.072
114,248,0.418,0.501,-0.052
114,249,0.318,0.399,-0.065
114,25,0.252,0.327,-0.04
114,26,0.189,0.256,-0.046
114,27,0.102,0.152,-0.057
114,28,0.099,0.147,-0.057
114,29,0.2,0.269,-0.045
114,30,0.063,0.1,-0.065
114,31,0.14,0.198,-0.051
114,32,0.128,0.184,-0.053
114,33,0.204,0.274,-0.044
114,34,0.134,0.191,-0.052
114,35,0.124,0.18,-0.054
114,36,0.083,0.127,-0.06
114,37,0.201,0.271,-0.045
114,38,0.068,0.107,-0.064
114,39,0.187,0.254,-0.046
114,40,0.131,0.188,-0.053
114,41,0.109,0.16,-0.056
114,42,0.19,0.258,-0.046
114,43,0.17,0.235,-0.048
114,44,0.109,0.16,-0.057
114,45,0.243,0.318,-0.041
114,46,0.152,0.213,-0.051
114,47,0.092,0.138,-0.06
114,48,0.272,0.349,-0.039
114,49,0.135,0.192,-0.053
114,50,0.24,0.314,-0.042
114,51,0.199,0.268,-0.046
114,52,0.303,0.383,-0.037
114,53,0.175,0.241,-0.049
114,54,0.154,0.215,-0.052
114,55,0.201,0.271,-0.046
114,56,0.175,0.24,-0.049
114,57,0.192,0.261,-0.048
114,58,0.28,0.358,-0.039
114,59,0.269,0.346,-0.041
114,60,0.235,0.309,-0.044
114,61,0.196,0.265,-0.048
114,62,0.141,0.2,-0.054
114,63,0.266,0.344,-0.041
114,64,0.25,0.326,-0.043
114,65,0.147,0.207,-0.054
114,66,0.134,0.192,-0.056
114,67,0.241,0.315,-0.044
114,68,0.194,0.263,-0.049
114,69,0.108,0.16,-0.06
114,70,0.306,0.386,-0.039
114,71,0.277,0.355,-0.041
114,72,0.16,0.223,-0.053
114,73,0.131,0.188,-0.057
114,74,0.41,0.493,-0.031
114,75,0.272,0.349,-0.042
114,76,0.274,0.352,-0.042
114,77,0.587,0.662,-0.021
114,78,0.346,0.428,-0.037
114,79,0.289,0.368,-0.041
114,80,0.3,0.38,-0.04
114,81,0.287,0.366,-0.042
114,82,0.371,0.454,-0.035
114,83,0.289,0.368,-0.042
114,84,0.381,0.464,-0.035
114,85,0.548,0.626,-0.024
114,86,0.429,0.512,-0.032
114,87,0.219,0.291,-0.049
114,88,0.283,0.361,-0.043
114,89,0.342,0.424,-0.038
114,90,0.232,0.305,-0.048
114,91,0.198,0.267,-0.052
114,92,0.311,0.392,-0.041
114,93,0.365,0.448,-0.037
114,94,0.376,0.459,-0.036
114,95,0.26,0.336,-0.046
114,96,0.402,0.485,-0.034
114,97,0.552,0.63,-0.024
114,98,0.549,0.627,-0.025
114,99,0.339,0.421,-0.039
115,100,0.581,0.657,-0.023
115,101,0.515,0.595,-0.027
115,102,0.465,0.547,-0.03
115,103,0.417,0.501,-0.034
115,104,0.324,0.405,-0.041
115,105,0.278,0.356,-0.045
115,106,0.294,0.373,-0.044
115,107,0.284,0.363,-0.045
115,108,0.318,0.399,-0.042
115,109,0.354,0.436,-0.039
115,11,0.18,0.247,-0.051
115,110,0.239,0.314,-0.049
115,111,0.212,0.283,-0.053
115,112,0.2,0.27,-0.054
115,113,0.266,0.343,-0.047
115,114,0.279,0.357,-0.046
115,115,0.248,0.324,-0.049
115,116,0.242,0.317,-0.05
115,117,0.253,0.329,-0.049
115,118,0.285,0.364,-0.046
115,119,0.171,0.236,-0.059
115,12,0.274,0.352,-0.041
115,120,0.167,0.231,-0.059
115,121,0.228,0.302,-0.052
115,122,0.286,0.364,-0.046
115,123,0.268,0.345,-0.048
115,124,0.265,0.342,-0.048
115,125,0.279,0.358,-0.047
115,126,0.333,0.415,-0.042
115,127,0.327,0.409,-0.043
115,128,0.336,0.417,-0.042
115,129,0.399,0.483,-0.037
115,13,0.088,0.134,-0.064
115,130,0.331,0.413,-0.042
115,131,0.346,0.428,-0.041
115,132,0.241,0.315,-0.051
115,133,0.192,0.26,-0.057
115,134,0.315,0.396,-0.044
115,135,0.24,0.314,-0.051
115,136,0.243,0.318,-0.051
115,137,0.286,0.365,-0.047
115,138,0.373,0.456,-0.039
115,139,0.284,0.362,-0.047
115,14,0.199,0.268,-0.047
115,140,0.251,0.327,-0.051
115,141,0.153,0.215,-0.063
115,142,0.168,0.232,-0.061
115,143,0.148,0.209,-0.064
115,144,0.156,0.218,-0.063
115,145,0.139,0.198,-0.066
115,146,0.101,0.15,-0.073
115,147,0.079,0.121,-0.079
115,148,0.116,0.17,-0.071
115,149,0.109,0.16,-0.072
115,15,0.086,0.131,-0.063
115,150,0.119,0.173,-0.071
115,151,0.164,0.227,-0.063
115,152,0.148,0.208,-0.066
115,153,0.139,0.197,-0.067
115,154,0.189,0.256,-0.06
115,155,0.16,0.223,-0.064
115,156,0.113,0.165,-0.073
115,157,0.31,0.391,-0.047
115,158,0.268,0.345,-0.051
115,159,0.159,0.221,-0.065
115,16,0.131,0.187,-0.055
115,160,0.186,0.254,-0.061
115,161,0.28,0.358,-0.05
115,162,0.416,0.5,-0.038
115,163,0.417,0.501,-0.038
115,164,0.365,0.448,-0.043
115,165,0.399,0.482,-0.04
115,166,0.409,0.492,-0.039
115,167,0.27,0.348,-0.053
115,168,0.245,0.321,-0.056
115,169,0.282,0.36,-0.052
115,17,0.164,0.227,-0.05
115,170,0.272,0.35,-0.054
115,171,0.295,0.374,-0.052
115,172,0.476,0.558,-0.035
115,173,0.427,0.51,-0.04
115,174,0.474,0.556,-0.036
115,175,0.367,0.45,-0.045
115,176,0.293,0.372,-0.053
115,177,0.41,0.493,-0.042
115,178,0.392,0.475,-0.044
115,179,0.374,0.457,-0.046
115,18,0.113,0.166,-0.057
115,180,0.57,0.646,-0.03
115,181,0.529,0.609,-0.033
115,182,0.495,0.576,-0.036
115,183,0.473,0.555,-0.038
115,184,0.529,0.609,-0.034
115,185,0.704,0.765,-0.021
115,186,0.727,0.784,-0.019
115,187,0.688,0.751,-0.022
115,188,0.855,0.889,-0.01
115,189,0.784,0.832,-0.015
115,19,0.139,0.198,-0.053
115,190,0.67,0.736,-0.024
115,191,0.781,0.83,-0.016
115,192,0.839,0.876,-0.012
115,193,0.821,0.862,-0.013
115,194,0.944,0.958,-0.004
115,195,0.936,0.952,-0.005
115,196,0.769,0.82,-0.017
115,197,0.963,0.973,-0.003
115,198,0.859,0.892,-0.01
115,199,0.808,0.852,-0.014
115,20,0.087,0.132,-0.061
115,200,0.856,0.89,-0.011
115,201,0.873,0.903,-0.009
115,202,0.847,0.883,-0.011
115,203,0.756,0.809,-0.018
115,204,0.576,0.651,-0.033
115,205,0.559,0.636,-0.035
115,206,0.507,0.588,-0.04
115,207,0.573,0.649,-0.034
115,208,0.507,0.588,-0.04
115,209,0.486,0.568,-0.042
115,21,0.119,0.173,-0.055
115,210,0.622,0.693,-0.03
115,211,0.532,0.611,-0.038
115,212,0.413,0.496,-0.049
115,213,0.46,0.543,-0.044
115,214,0.397,0.481,-0.051
115,215,0.449,0.532,-0.046
115,216,0.377,0.46,-0.053
115,217,0.499,0.58,-0.041
115,218,0.413,0.496,-0.049
115,219,0.427,0.51,-0.048
115,22,0.106,0.156,-0.057
115,220,0.419,0.503,-0.048
115,221,0.499,0.58,-0.04
115,222,0.245,0.321,-0.069
115,223,0.305,0.385,-0.061
115,224,0.357,0.439,-0.055
115,225,0.365,0.448,-0.054
115,226,0.282,0.36,-0.064
115,227,0.268,0.346,-0.066
115,228,0.269,0.346,-0.066
115,229,0.223,0.295,-0.072
115,23,0.103,0.152,-0.058
115,230,0.245,0.32,-0.069
115,231,0.185,0.253,-0.079
115,232,0.179,0.245,-0.08
115,233,0.213,0.284,-0.074
115,234,0.11,0.162,-0.095
115,235,0.163,0.226,-0.084
115,236,0.079,0.122,-0.105
115,237,0.174,0.239,-0.082
115,238,0.141,0.2,-0.089
115,239,0.085,0.13,-0.104
115,24,0.165,0.229,-0.049
115,240,0.116,0.169,-0.096
115,241,0.087,0.132,-0.105
115,242,0.192,0.26,-0.081
115,243,0.142,0.201,-0.091
115,244,0.132,0.189,-0.094
115,245,0.182,0.248,-0.084
115,246,0.197,0.266,-0.082
115,247,0.276,0.354,-0.07
115,248,0.225,0.298,-0.079
115,249,0.225,0.297,-0.08
115,25,0.146,0.206,-0.051
115,26,0.102,0.152,-0.057
115,27,0.113,0.165,-0.056
115,28,0.074,0.115,-0.063
115,29,0.076,0.117,-0.062
115,30,0.118,0.171,-0.055
115,31,0.105,0.156,-0.056
115,32,0.052,0.085,-0.068
115,33,0.134,0.191,-0.052
115,34,0.086,0.131,-0.06
115,35,0.08,0.123,-0.061
115,36,0.058,0.093,-0.066
115,37,0.036,0.063,-0.073
115,38,0.076,0.118,-0.062
115,39,0.057,0.092,-0.067
115,40,0.048,0.079,-0.07
115,41,0.073,0.113,-0.064
115,42,0.079,0.121,-0.062
115,43,0.059,0.095,-0.067
115,44,0.109,0.161,-0.057
115,45,0.143,0.202,-0.052
115,46,0.102,0.152,-0.058
115,47,0.075,0.116,-0.064
115,48,0.088,0.133,-0.061
115,49,0.067,0.106,-0.066
115,50,0.153,0.214,-0.052
115,51,0.115,0.168,-0.057
115,52,0.23,0.303,-0.043
115,53,0.136,0.193,-0.054
115,54,0.288,0.367,-0.038
115,55,0.262,0.339,-0.041
115,56,0.125,0.181,-0.056
115,57,0.134,0.191,-0.055
115,58,0.145,0.205,-0.053
115,59,0.095,0.142,-0.061
115,60,0.148,0.208,-0.053
115,61,0.16,0.223,-0.052
115,62,0.24,0.315,-0.043
115,63,0.07,0.11,-0.067
115,64,0.25,0.326,-0.043
115,65,0.243,0.317,-0.043
115,66,0.226,0.299,-0.045
115,67,0.105,0.155,-0.061
115,68,0.216,0.287,-0.047
115,69,0.193,0.261,-0.049
115,70,0.189,0.257,-0.05
115,71,0.207,0.278,-0.048
115,72,0.254,0.33,-0.043
115,73,0.237,0.311,-0.045
115,74,0.3,0.38,-0.039
115,75,0.213,0.284,-0.048
115,76,0.227,0.3,-0.046
115,77,0.292,0.371,-0.041
115,78,0.304,0.384,-0.04
115,79,0.194,0.263,-0.05
115,80,0.284,0.362,-0.042
115,81,0.195,0.264,-0.051
115,82,0.24,0.315,-0.046
115,83,0.312,0.392,-0.04
115,84,0.324,0.405,-0.039
115,85,0.357,0.439,-0.036
115,86,0.391,0.474,-0.034
115,87,0.502,0.583,-0.027
115,88,0.409,0.493,-0.033
115,89,0.296,0.375,-0.042
115,90,0.374,0.456,-0.036
115,91,0.561,0.638,-0.023
115,92,0.498,0.579,-0.027
115,93,0.515,0.596,-0.026
115,94,0.649,0.717,-0.018
115,95,0.579,0.655,-0.023
115,96,0.405,0.489,-0.034
115,97,0.469,0.551,-0.03
115,98,0.506,0.587,-0.027
115,99,0.684,0.748,-0.017
116,100,0.456,0.539,-0.031
116,101,0.431,0.514,-0.032
116,102,0.391,0.474,-0.035
116,103,0.475,0.557,-0.03
116,104,0.48,0.562,-0.029
116,105,0.378,0.461,-0.037
116,106,0.283,0.362,-0.045
116,107,0.439,0.522,-0.032
116,108,0.468,0.551,-0.03
116,109,0.509,0.59,-0.028
116,110,0.353,0.436,-0.039
116,111,0.51,0.591,-0.028
116,112,0.539,0.618,-0.026
116,113,0.417,0.501,-0.034
116,114,0.466,0.548,-0.031
116,115,0.483,0.564,-0.03
116,116,0.389,0.473,-0.037
116,117,0.413,0.497,-0.035
116,118,0.439,0.522,-0.033
116,119,0.425,0.508,-0.034
116,120,0.293,0.372,-0.045
116,121,0.337,0.419,-0.041
116,122,0.304,0.384,-0.044
116,123,0.427,0.511,-0.034
116,124,0.39,0.473,-0.037
116,125,0.336,0.418,-0.042
116,126,0.375,0.457,-0.038
116,127,0.177,0.243,-0.059
116,128,0.262,0.339,-0.049
116,129,0.271,0.348,-0.048
116,13,0.242,0.317,-0.044
116,130,0.232,0.306,-0.052
116,131,0.277,0.356,-0.048
116,132,0.261,0.337,-0.049
116,133,0.268,0.346,-0.049
116,134,0.205,0.275,-0.056
116,135,0.28,0.358,-0.048
116,136,0.266,0.343,-0.049
116,137,0.169,0.233,-0.061
116,138,0.135,0.192,-0.066
116,139,0.265,0.342,-0.05
116,14,0.198,0.267,-0.048
116,140,0.131,0.188,-0.067
116,141,0.142,0.202,-0.066
116,142,0.13,0.187,-0.068
116,143,0.115,0.168,-0.071
116,144,0.085,0.13,-0.077
116,145,0.131,0.188,-0.068
116,146,0.174,0.24,-0.061
116,147,0.143,0.202,-0.066
116,148,0.106,0.156,-0.074
116,149,0.15,0.211,-0.066
116,15,0.143,0.202,-0.054
116,150,0.155,0.217,-0.065
116,151,0.189,0.257,-0.06
116,152,0.149,0.21,-0.066
116,153,0.126,0.181,-0.071
116,154,0.105,0.156,-0.075
116,155,0.166,0.229,-0.064
116,156,0.157,0.219,-0.066
116,157,0.212,0.283,-0.058
116,158,0.321,0.402,-0.047
116,159,0.271,0.348,-0.052
116,16,0.246,0.321,-0.043
116,160,0.227,0.3,-0.057
116,161,0.328,0.409,-0.046
116,162,0.316,0.397,-0.048
116,163,0.193,0.262,-0.062
116,164,0.192,0.26,-0.063
116,165,0.222,0.295,-0.059
116,166,0.214,0.286,-0.06
116,167,0.148,0.208,-0.071
116,168,0.2,0.269,-0.063
116,169,0.225,0.298,-0.06
116,17,0.101,0.15,-0.06
116,170,0.211,0.281,-0.062
116,171,0.202,0.272,-0.063
116,172,0.195,0.264,-0.065
116,173,0.216,0.287,-0.063
116,174,0.305,0.385,-0.052
116,175,0.385,0.468,-0.044
116,176,0.326,0.408,-0.05
116,177,0.3,0.38,-0.054
116,178,0.291,0.37,-0.055
116,179,0.348,0.43,-0.049
116,18,0.301,0.381,-0.038
116,180,0.407,0.49,-0.044
116,181,0.356,0.438,-0.049
116,182,0.284,0.363,-0.057
116,183,0.351,0.433,-0.05
116,184,0.337,0.418,-0.052
116,185,0.35,0.432,-0.051
116,186,0.458,0.541,-0.041
116,187,0.425,0.508,-0.044
116,188,0.366,0.449,-0.05
116,189,0.405,0.488,-0.047
116,19,0.107,0.158,-0.059
116,190,0.564,0.641,-0.033
116,191,0.608,0.681,-0.029
116,192,0.628,0.699,-0.028
116,193,0.518,0.598,-0.037
116,194,0.632,0.702,-0.028
116,195,0.56,0.637,-0.034
116,196,0.552,0.63,-0.035
116,197,0.577,0.653,-0.033
116,198,0.645,0.714,-0.027
116,199,0.62,0.691,-0.029
116,20,0.115,0.168,-0.057
116,200,0.555,0.632,-0.035
116,201,0.477,0.559,-0.042
116,202,0.409,0.492,-0.049
116,203,0.61,0.682,-0.03
116,204,0.419,0.502,-0.048
116,205,0.395,0.478,-0.051
116,206,0.434,0.517,-0.047
116,207,0.403,0.486,-0.05
116,208,0.3,0.38,-0.062
116,209,0.252,0.328,-0.069
116,21,0.114,0.167,-0.057
116,210,0.216,0.288,-0.074
116,211,0.311,0.392,-0.061
116,212,0.249,0.325,-0.069
116,213,0.323,0.404,-0.059
116,214,0.187,0.254,-0.079
116,215,0.207,0.278,-0.075
116,216,0.153,0.214,-0.086
116,217,0.176,0.241,-0.081
116,218,0.178,0.244,-0.08
116,219,0.221,0.293,-0.073
116,22,0.179,0.245,-0.048
116,220,0.171,0.236,-0.082
116,221,0.13,0.186,-0.09
116,222,0.128,0.184,-0.091
116,223,0.153,0.215,-0.085
116,224,0.19,0.258,-0.078
116,225,0.152,0.213,-0.085
116,226,0.144,0.204,-0.087
116,227,0.164,0.227,-0.082
116,228,0.174,0.239,-0.081
116,229,0.106,0.156,-0.096
116,23,0.206,0.277,-0.045
116,230,0.092,0.138,-0.1
116,231,0.136,0.193,-0.089
116,232,0.131,0.187,-0.09
116,233,0.173,0.238,-0.081
116,234,0.107,0.158,-0.096
116,235,0.097,0.145,-0.1
116,236,0.121,0.176,-0.093
116,237,0.123,0.178,-0.093
116,238,0.137,0.195,-0.09
116,239,0.155,0.216,-0.087
116,24,0.12,0.174,-0.055
116,240,0.139,0.197,-0.091
116,241,0.197,0.266,-0.08
116,242,0.183,0.249,-0.083
116,243,0.193,0.262,-0.081
116,244,0.185,0.253,-0.084
116,245,0.23,0.304,-0.076
116,246,0.241,0.315,-0.075
116,247,0.204,0.275,-0.082
116,248,0.277,0.355,-0.071
116,25,0.077,0.119,-0.063
116,26,0.148,0.209,-0.051
116,27,0.159,0.221,-0.05
116,28,0.104,0.154,-0.057
116,29,0.15,0.211,-0.05
116,30,0.2,0.269,-0.045
116,31,0.104,0.154,-0.057
116,32,0.166,0.23,-0.049
116,33,0.258,0.334,-0.04
116,34,0.128,0.184,-0.054
116,35,0.352,0.435,-0.033
116,36,0.26,0.337,-0.04
116,37,0.242,0.317,-0.041
116,38,0.102,0.151,-0.058
116,39,0.099,0.148,-0.058
116,40,0.163,0.226,-0.049
116,41,0.14,0.199,-0.052
116,42,0.115,0.168,-0.056
116,43,0.165,0.228,-0.049
116,44,0.201,0.27,-0.045
116,45,0.273,0.35,-0.039
116,46,0.238,0.312,-0.042
116,47,0.207,0.277,-0.045
116,48,0.069,0.109,-0.065
116,49,0.104,0.154,-0.058
116,50,0.15,0.21,-0.052
116,51,0.2,0.269,-0.046
116,52,0.319,0.399,-0.036
116,53,0.135,0.193,-0.054
116,54,0.199,0.268,-0.047
116,55,0.176,0.242,-0.049
116,56,0.066,0.104,-0.067
116,57,0.153,0.215,-0.052
116,58,0.187,0.254,-0.048
116,59,0.127,0.183,-0.056
116,60,0.318,0.398,-0.037
116,61,0.191,0.259,-0.048
116,62,0.142,0.201,-0.054
116,63,0.292,0.372,-0.039
116,64,0.282,0.361,-0.04
116,65,0.16,0.223,-0.052
116,66,0.269,0.347,-0.041
116,67,0.329,0.41,-0.037
116,68,0.245,0.32,-0.044
116,69,0.173,0.239,-0.051
116,70,0.173,0.238,-0.051
116,71,0.295,0.374,-0.04
116,72,0.558,0.636,-0.022
116,73,0.26,0.337,-0.043
116,74,0.366,0.449,-0.034
116,75,0.219,0.291,-0.047
116,76,0.194,0.262,-0.05
116,77,0.237,0.312,-0.046
116,78,0.221,0.294,-0.047
116,79,0.176,0.242,-0.052
116,80,0.206,0.277,-0.049
116,81,0.245,0.32,-0.045
116,82,0.349,0.431,-0.037
116,83,0.185,0.253,-0.052
116,84,0.197,0.266,-0.051
116,85,0.18,0.247,-0.053
116,86,0.265,0.342,-0.044
116,87,0.293,0.372,-0.042
116,88,0.494,0.576,-0.027
116,89,0.315,0.395,-0.04
116,90,0.192,0.26,-0.052
116,91,0.279,0.357,-0.043
116,92,0.294,0.374,-0.042
116,93,0.241,0.316,-0.047
116,94,0.456,0.539,-0.03
116,95,0.328,0.409,-0.04
116,96,0.453,0.536,-0.03
116,97,0.304,0.384,-0.042
116,98,0.315,0.395,-0.041
116,99,0.364,0.447,-0.037
117,100,0.536,0.615,-0.025
117,101,0.462,0.545,-0.03
117,102,0.356,0.438,-0.038
117,103,0.407,0.49,-0.034
117,104,0.462,0.545,-0.031
117,105,0.411,0.495,-0.034
117,106,0.43,0.513,-0.033
117,107,0.494,0.575,-0.029
117,108,0.623,0.695,-0.021
117,109,0.394,0.477,-0.036
117,110,0.376,0.459,-0.037
117,111,0.502,0.583,-0.028
117,112,0.54,0.619,-0.026
117,113,0.374,0.457,-0.038
117,114,0.292,0.371,-0.045
117,115,0.427,0.51,-0.034
117,116,0.403,0.486,-0.036
117,117,0.484,0.566,-0.03
117,118,0.491,0.572,-0.03
117,119,0.41,0.494,-0.035
117,120,0.525,0.605,-0.027
117,121,0.495,0.576,-0.029
117,122,0.419,0.502,-0.035
117,123,0.386,0.469,-0.038
117,124,0.403,0.486,-0.036
117,125,0.599,0.673,-0.023
117,126,0.445,0.528,-0.033
117,127,0.353,0.436,-0.041
117,128,0.423,0.506,-0.035
117,129,0.327,0.408,-0.043
117,130,0.324,0.405,-0.043
117,131,0.275,0.353,-0.048
117,132,0.297,0.377,-0.046
117,133,0.282,0.361,-0.048
117,134,0.245,0.32,-0.052
117,135,0.404,0.487,-0.037
117,136,0.219,0.291,-0.054
117,137,0.132,0.189,-0.067
117,138,0.126,0.181,-0.068
117,139,0.091,0.137,-0.076
117,140,0.194,0.263,-0.058
117,141,0.214,0.286,-0.056
117,142,0.23,0.303,-0.054
117,143,0.233,0.306,-0.054
117,144,0.201,0.27,-0.058
117,145,0.174,0.239,-0.062
117,146,0.193,0.261,-0.059
117,147,0.153,0.215,-0.065
117,148,0.104,0.154,-0.074
117,149,0.117,0.171,-0.072
117,150,0.19,0.257,-0.06
117,151,0.138,0.196,-0.069
117,152,0.201,0.271,-0.059
117,153,0.231,0.304,-0.056
117,154,0.291,0.37,-0.049
117,155,0.252,0.327,-0.054
117,156,0.226,0.299,-0.057
117,157,0.166,0.229,-0.065
117,158,0.211,0.282,-0.059
117,159,0.201,0.271,-0.061
117,16,0.735,0.791,-0.013
117,160,0.239,0.314,-0.056
117,161,0.258,0.335,-0.054
117,162,0.193,0.261,-0.063
117,163,0.172,0.237,-0.066
117,164,0.173,0.238,-0.066
117,165,0.243,0.318,-0.057
117,166,0.286,0.365,-0.052
117,167,0.244,0.319,-0.057
117,168,0.211,0.282,-0.062
117,169,0.296,0.376,-0.052
117,17,0.525,0.604,-0.024
117,170,0.259,0.336,-0.057
117,171,0.207,0.278,-0.064
117,172,0.233,0.307,-0.061
117,173,0.241,0.315,-0.06
117,174,0.34,0.422,-0.049
117,175,0.438,0.521,-0.04
117,176,0.251,0.327,-0.06
117,177,0.303,0.383,-0.054
117,178,0.353,0.435,-0.049
117,179,0.449,0.532,-0.04
117,18,0.617,0.689,-0.018
117,180,0.526,0.606,-0.034
117,181,0.39,0.473,-0.046
117,182,0.34,0.422,-0.052
117,183,0.31,0.391,-0.056
117,184,0.388,0.471,-0.048
117,185,0.455,0.538,-0.041
117,186,0.37,0.453,-0.05
117,187,0.583,0.659,-0.031
117,188,0.493,0.574,-0.039
117,189,0.691,0.754,-0.023
117,19,0.318,0.399,-0.036
117,190,0.584,0.659,-0.031
117,191,0.636,0.706,-0.027
117,192,0.585,0.66,-0.032
117,193,0.59,0.665,-0.031
117,194,0.574,0.65,-0.033
117,195,0.565,0.642,-0.034
117,196,0.416,0.499,-0.048
117,197,0.455,0.538,-0.044
117,198,0.429,0.512,-0.047
117,199,0.599,0.673,-0.031
117,20,0.48,0.562,-0.026
117,200,0.471,0.554,-0.043
117,201,0.513,0.594,-0.039
117,202,0.437,0.52,-0.047
117,203,0.513,0.593,-0.039
117,204,0.567,0.644,-0.034
117,205,0.531,0.611,-0.037
117,206,0.423,0.506,-0.048
117,207,0.498,0.579,-0.041
117,208,0.569,0.646,-0.034
117,209,0.525,0.604,-0.038
117,21,0.245,0.32,-0.042
117,210,0.489,0.57,-0.041
117,211,0.513,0.594,-0.039
117,212,0.471,0.553,-0.043
117,213,0.353,0.436,-0.056
117,214,0.376,0.459,-0.053
117,215,0.311,0.391,-0.06
117,216,0.367,0.45,-0.054
117,217,0.451,0.534,-0.045
117,218,0.359,0.441,-0.055
117,219,0.425,0.508,-0.047
117,22,0.365,0.448,-0.033
117,220,0.369,0.452,-0.054
117,221,0.458,0.54,-0.044
117,222,0.321,0.402,-0.059
117,223,0.26,0.337,-0.067
117,224,0.25,0.325,-0.068
117,225,0.287,0.366,-0.063
117,226,0.219,0.292,-0.073
117,227,0.196,0.265,-0.077
117,228,0.24,0.314,-0.07
117,229,0.243,0.318,-0.069
117,23,0.26,0.337,-0.04
117,230,0.187,0.255,-0.078
117,231,0.205,0.275,-0.076
117,232,0.191,0.259,-0.078
117,233,0.288,0.367,-0.064
117,234,0.179,0.245,-0.081
117,235,0.328,0.409,-0.059
117,236,0.256,0.332,-0.069
117,237,0.278,0.357,-0.066
117,238,0.479,0.561,-0.043
117,239,0.35,0.432,-0.058
117,24,0.342,0.424,-0.034
117,240,0.427,0.51,-0.049
117,241,0.398,0.481,-0.053
117,242,0.482,0.564,-0.044
117,243,0.472,0.554,-0.046
117,244,0.5,0.581,-0.043
117,245,0.577,0.652,-0.036
117,246,0.639,0.709,-0.031
117,247,0.61,0.683,-0.034
117,25,0.241,0.316,-0.042
117,26,0.185,0.252,-0.047
117,27,0.134,0.191,-0.053
117,28,0.218,0.29,-0.044
117,29,0.24,0.314,-0.042
117,30,0.063,0.101,-0.066
117,31,0.321,0.402,-0.035
117,32,0.136,0.194,-0.053
117,33,0.08,0.122,-0.062
117,34,0.345,0.427,-0.034
117,35,0.142,0.201,-0.052
117,36,0.185,0.253,-0.047
117,37,0.18,0.247,-0.047
117,38,0.238,0.313,-0.042
117,39,0.414,0.497,-0.029
117,40,0.242,0.317,-0.041
117,41,0.165,0.229,-0.049
117,42,0.359,0.441,-0.033
117,43,0.203,0.272,-0.045
117,44,0.296,0.375,-0.037
117,45,0.237,0.311,-0.042
117,46,0.132,0.189,-0.054
117,47,0.282,0.361,-0.038
117,48,0.176,0.242,-0.049
117,49,0.238,0.313,-0.042
117,50,0.185,0.252,-0.048
117,51,0.141,0.2,-0.053
117,52,0.185,0.252,-0.048
117,53,0.178,0.244,-0.049
117,54,0.207,0.277,-0.046
117,55,0.131,0.187,-0.055
117,56,0.118,0.172,-0.057
117,57,0.231,0.304,-0.044
117,58,0.142,0.201,-0.054
117,59,0.155,0.217,-0.052
117,60,0.321,0.402,-0.037
117,61,0.296,0.375,-0.039
117,62,0.234,0.308,-0.044
117,63,0.455,0.538,-0.028
117,64,0.473,0.555,-0.027
117,65,0.267,0.344,-0.041
117,66,0.334,0.415,-0.036
117,67,0.577,0.653,-0.021
117,68,0.509,0.589,-0.025
117,69,0.573,0.649,-0.021
117,70,0.556,0.634,-0.022
117,71,0.739,0.794,-0.013
117,72,0.716,0.775,-0.014
117,73,0.313,0.393,-0.039
117,74,0.398,0.481,-0.032
117,75,0.285,0.364,-0.041
117,76,0.36,0.442,-0.035
117,77,0.162,0.225,-0.054
117,78,0.25,0.326,-0.045
117,79,0.373,0.456,-0.035
117,80,0.339,0.421,-0.037
117,81,0.398,0.481,-0.033
117,82,0.325,0.406,-0.039
117,83,0.231,0.304,-0.047
117,84,0.321,0.402,-0.039
117,85,0.31,0.39,-0.04
117,86,0.175,0.241,-0.054
117,87,0.214,0.285,-0.049
117,88,0.236,0.311,-0.047
117,89,0.288,0.367,-0.043
117,90,0.286,0.364,-0.043
117,91,0.602,0.675,-0.021
117,92,0.476,0.558,-0.029
117,93,0.456,0.539,-0.03
117,94,0.493,0.574,-0.028
117,95,0.33,0.412,-0.04
117,96,0.369,0.452,-0.037
117,97,0.6,0.674,-0.022
117,98,0.726,0.783,-0.014
117,99,0.518,0.598,-0.027
118,100,0.569,0.646,-0.024
118,101,0.397,0.481,-0.035
118,102,0.417,0.5,-0.034
118,103,0.44,0.523,-0.032
118,104,0.437,0.52,-0.032
118,105,0.463,0.546,-0.031
118,106,0.462,0.545,-0.031
118,107,0.366,0.449,-0.038
118,108,0.236,0.31,-0.05
118,109,0.287,0.366,-0.045
118,110,0.206,0.277,-0.054
118,111,0.303,0.383,-0.044
118,112,0.477,0.559,-0.03
118,113,0.358,0.44,-0.039
118,114,0.269,0.347,-0.047
118,115,0.345,0.427,-0.041
118,116,0.381,0.464,-0.038
118,117,0.201,0.271,-0.055
118,118,0.227,0.301,-0.052
118,119,0.249,0.324,-0.05
118,120,0.262,0.339,-0.049
118,121,0.334,0.416,-0.042
118,122,0.238,0.312,-0.052
118,123,0.264,0.341,-0.049
118,124,0.231,0.304,-0.053
118,125,0.243,0.318,-0.051
118,126,0.226,0.299,-0.054
118,127,0.278,0.357,-0.048
118,128,0.392,0.476,-0.038
118,129,0.296,0.376,-0.046
118,130,0.338,0.42,-0.043
118,131,0.315,0.396,-0.045
118,132,0.229,0.302,-0.054
118,133,0.215,0.287,-0.055
118,134,0.158,0.221,-0.063
118,135,0.217,0.289,-0.055
118,136,0.209,0.28,-0.056
118,137,0.203,0.272,-0.058
118,138,0.15,0.211,-0.065
118,139,0.19,0.258,-0.06
118,140,0.098,0.146,-0.075
118,141,0.195,0.264,-0.059
118,142,0.166,0.23,-0.063
118,143,0.137,0.196,-0.068
118,144,0.182,0.248,-0.061
118,145,0.237,0.312,-0.054
118,146,0.267,0.344,-0.051
118,147,0.283,0.361,-0.05
118,148,0.263,0.34,-0.052
118,149,0.261,0.337,-0.052
118,150,0.231,0.305,-0.056
118,151,0.202,0.272,-0.06
118,152,0.244,0.319,-0.055
118,153,0.266,0.344,-0.053
118,154,0.218,0.29,-0.058
118,155,0.228,0.301,-0.057
118,156,0.239,0.314,-0.056
118,157,0.236,0.31,-0.057
118,158,0.286,0.365,-0.051
118,159,0.454,0.537,-0.036
118,160,0.31,0.39,-0.049
118,161,0.224,0.296,-0.06
118,162,0.249,0.325,-0.057
118,163,0.188,0.256,-0.065
118,164,0.221,0.293,-0.061
118,165,0.147,0.207,-0.072
118,166,0.16,0.222,-0.07
118,167,0.109,0.16,-0.081
118,168,0.112,0.164,-0.081
118,169,0.094,0.141,-0.085
118,170,0.112,0.164,-0.081
118,171,0.12,0.174,-0.08
118,172,0.142,0.201,-0.076
118,173,0.136,0.194,-0.078
118,174,0.118,0.171,-0.082
118,175,0.164,0.227,-0.074
118,176,0.199,0.269,-0.068
118,177,0.195,0.264,-0.069
118,178,0.199,0.268,-0.069
118,179,0.207,0.277,-0.068
118,180,0.368,0.451,-0.049
118,181,0.278,0.356,-0.059
118,182,0.393,0.476,-0.047
118,183,0.452,0.535,-0.042
118,184,0.469,0.551,-0.04
118,185,0.394,0.477,-0.048
118,186,0.373,0.456,-0.05
118,187,0.541,0.619,-0.035
118,188,0.545,0.623,-0.035
118,189,0.515,0.595,-0.037
118,190,0.593,0.668,-0.031
118,191,0.558,0.635,-0.034
118,192,0.509,0.589,-0.039
118,193,0.545,0.623,-0.035
118,194,0.552,0.63,-0.035
118,195,0.449,0.532,-0.045
118,196,0.634,0.704,-0.028
118,197,0.697,0.759,-0.023
118,198,0.535,0.614,-0.037
118,199,0.511,0.592,-0.039
118,200,0.53,0.61,-0.037
118,201,0.547,0.625,-0.036
118,202,0.536,0.615,-0.037
118,203,0.395,0.478,-0.051
118,204,0.424,0.507,-0.048
118,205,0.553,0.631,-0.035
118,206,0.588,0.663,-0.032
118,207,0.408,0.491,-0.049
118,208,0.469,0.551,-0.043
118,209,0.455,0.538,-0.044
118,210,0.596,0.67,-0.032
118,211,0.633,0.703,-0.029
118,212,0.522,0.602,-0.038
118,213,0.493,0.575,-0.041
118,214,0.456,0.538,-0.044
118,215,0.461,0.544,-0.044
118,216,0.454,0.537,-0.045
118,217,0.508,0.589,-0.039
118,218,0.461,0.543,-0.044
118,219,0.375,0.458,-0.053
118,220,0.467,0.549,-0.043
118,221,0.335,0.417,-0.057
118,222,0.344,0.426,-0.057
118,223,0.311,0.392,-0.06
118,224,0.301,0.381,-0.062
118,225,0.323,0.404,-0.059
118,226,0.343,0.425,-0.056
118,227,0.419,0.503,-0.048
118,228,0.303,0.383,-0.062
118,229,0.288,0.366,-0.064
118,230,0.373,0.456,-0.054
118,231,0.297,0.376,-0.063
118,232,0.337,0.419,-0.058
118,233,0.292,0.371,-0.064
118,234,0.359,0.442,-0.056
118,235,0.494,0.575,-0.042
118,236,0.425,0.508,-0.049
118,237,0.407,0.491,-0.051
118,238,0.507,0.587,-0.041
118,239,0.304,0.384,-0.064
118,240,0.465,0.547,-0.046
118,241,0.624,0.695,-0.031
118,242,0.59,0.665,-0.034
118,243,0.547,0.626,-0.039
118,244,0.485,0.567,-0.045
118,245,0.525,0.605,-0.042
118,25,0.395,0.478,-0.031
118,26,0.395,0.478,-0.031
118,27,0.295,0.374,-0.038
118,28,0.315,0.396,-0.036
118,29,0.381,0.464,-0.031
118,30,0.411,0.495,-0.03
118,31,0.374,0.456,-0.032
118,32,0.438,0.521,-0.028
118,33,0.278,0.356,-0.039
118,34,0.257,0.333,-0.041
118,35,0.258,0.334,-0.041
118,36,0.45,0.533,-0.027
118,37,0.362,0.445,-0.033
118,38,0.491,0.572,-0.025
118,39,0.226,0.299,-0.043
118,40,0.26,0.337,-0.04
118,41,0.348,0.43,-0.034
118,42,0.32,0.401,-0.036
118,43,0.24,0.314,-0.042
118,44,0.299,0.379,-0.037
118,45,0.321,0.402,-0.036
118,46,0.187,0.255,-0.048
118,47,0.094,0.141,-0.061
118,48,0.148,0.209,-0.052
118,49,0.254,0.33,-0.041
118,50,0.144,0.204,-0.053
118,51,0.069,0.108,-0.067
118,52,0.102,0.152,-0.06
118,53,0.127,0.183,-0.056
118,54,0.109,0.16,-0.059
118,55,0.114,0.167,-0.058
118,56,0.112,0.164,-0.059
118,57,0.152,0.213,-0.053
118,58,0.045,0.075,-0.075
118,59,0.096,0.144,-0.062
118,60,0.151,0.212,-0.054
118,61,0.084,0.128,-0.065
118,62,0.222,0.294,-0.046
118,63,0.215,0.287,-0.047
118,64,0.266,0.343,-0.042
118,65,0.099,0.147,-0.062
118,66,0.152,0.213,-0.054
118,67,0.377,0.46,-0.033
118,68,0.323,0.404,-0.038
118,69,0.581,0.657,-0.021
118,70,0.396,0.479,-0.032
118,71,0.285,0.364,-0.041
118,72,0.293,0.372,-0.04
118,73,0.225,0.298,-0.047
118,74,0.217,0.289,-0.048
118,75,0.31,0.39,-0.039
118,76,0.28,0.359,-0.042
118,77,0.356,0.438,-0.036
118,78,0.383,0.466,-0.034
118,79,0.653,0.72,-0.018
118,80,0.6,0.673,-0.021
118,81,0.333,0.415,-0.038
118,82,0.311,0.392,-0.04
118,83,0.249,0.324,-0.046
118,84,0.274,0.352,-0.043
118,85,0.375,0.458,-0.035
118,86,0.593,0.667,-0.021
118,87,0.682,0.746,-0.016
118,88,0.335,0.416,-0.039
118,89,0.384,0.467,-0.035
118,90,0.567,0.644,-0.023
118,91,0.484,0.566,-0.028
118,92,0.435,0.518,-0.032
118,93,0.618,0.69,-0.02
118,94,0.942,0.956,-0.003
118,95,0.716,0.775,-0.015
118,96,0.678,0.743,-0.017
118,97,0.695,0.757,-0.016
118,98,0.666,0.732,-0.018
118,99,0.658,0.725,-0.018
119,100,0.707,0.768,-0.016
119,101,0.483,0.565,-0.029
119,102,0.457,0.539,-0.031
119,103,0.327,0.409,-0.041
119,104,0.404,0.487,-0.035
119,105,0.389,0.472,-0.037
119,106,0.3,0.38,-0.044
119,107,0.272,0.35,-0.047
119,108,0.336,0.418,-0.041
119,109,0.465,0.548,-0.031
119,110,0.347,0.429,-0.04
119,111,0.317,0.398,-0.043
119,112,0.31,0.391,-0.044
119,113,0.281,0.359,-0.047
119,114,0.503,0.584,-0.029
119,115,0.512,0.592,-0.029
119,116,0.504,0.584,-0.029
119,117,0.338,0.42,-0.042
119,118,0.322,0.403,-0.043
119,119,0.308,0.388,-0.045
119,120,0.294,0.374,-0.046
119,121,0.332,0.413,-0.043
119,122,0.303,0.383,-0.046
119,123,0.36,0.442,-0.041
119,124,0.438,0.521,-0.035
119,125,0.262,0.338,-0.05
119,126,0.299,0.379,-0.046
119,127,0.385,0.469,-0.039
119,128,0.349,0.431,-0.042
119,129,0.279,0.357,-0.049
119,130,0.232,0.306,-0.054
119,131,0.194,0.263,-0.059
119,132,0.31,0.39,-0.046
119,133,0.19,0.258,-0.06
119,134,0.161,0.223,-0.064
119,135,0.089,0.134,-0.078
119,136,0.098,0.146,-0.076
119,137,0.157,0.219,-0.065
119,138,0.143,0.203,-0.067
119,139,0.089,0.135,-0.078
119,140,0.067,0.106,-0.084
119,141,0.087,0.132,-0.079
119,142,0.12,0.174,-0.072
119,143,0.173,0.239,-0.063
119,144,0.156,0.218,-0.066
119,145,0.175,0.241,-0.064
119,146,0.136,0.193,-0.07
119,147,0.18,0.246,-0.063
119,148,0.159,0.222,-0.066
119,149,0.192,0.26,-0.062
119,150,0.197,0.266,-0.061
119,151,0.204,0.274,-0.061
119,152,0.188,0.256,-0.063
119,153,0.198,0.267,-0.062
119,154,0.145,0.205,-0.07
119,155,0.181,0.248,-0.065
119,156,0.236,0.31,-0.058
119,157,0.138,0.196,-0.072
119,158,0.228,0.301,-0.059
119,159,0.198,0.267,-0.063
119,160,0.216,0.288,-0.061
119,161,0.156,0.218,-0.07
119,162,0.278,0.356,-0.054
119,163,0.216,0.287,-0.062
119,164,0.125,0.18,-0.077
119,165,0.17,0.235,-0.069
119,166,0.111,0.163,-0.081
119,167,0.124,0.179,-0.079
119,168,0.146,0.206,-0.075
119,169,0.128,0.184,-0.079
119,170,0.211,0.282,-0.065
119,171,0.119,0.173,-0.082
119,172,0.152,0.213,-0.076
119,173,0.173,0.238,-0.073
119,174,0.204,0.274,-0.068
119,175,0.203,0.273,-0.069
119,176,0.259,0.336,-0.061
119,177,0.235,0.308,-0.065
119,178,0.28,0.358,-0.059
119,179,0.278,0.356,-0.06
119,180,0.319,0.4,-0.055
119,181,0.434,0.517,-0.044
119,182,0.328,0.409,-0.055
119,183,0.41,0.493,-0.047
119,184,0.546,0.624,-0.034
119,185,0.378,0.461,-0.05
119,186,0.446,0.529,-0.044
119,187,0.47,0.553,-0.042
119,188,0.489,0.57,-0.04
119,189,0.416,0.499,-0.047
119,190,0.409,0.492,-0.048
119,191,0.444,0.527,-0.045
119,192,0.311,0.392,-0.06
119,193,0.304,0.384,-0.061
119,194,0.355,0.438,-0.055
119,195,0.295,0.375,-0.062
119,196,0.333,0.414,-0.058
119,197,0.254,0.33,-0.068
119,198,0.282,0.36,-0.064
119,199,0.274,0.351,-0.066
119,200,0.251,0.327,-0.069
119,201,0.27,0.347,-0.066
119,202,0.308,0.388,-0.061
119,203,0.222,0.295,-0.073
119,204,0.196,0.265,-0.077
119,205,0.149,0.209,-0.086
119,206,0.247,0.322,-0.069
119,207,0.296,0.376,-0.062
119,208,0.258,0.335,-0.067
119,209,0.227,0.301,-0.072
119,210,0.266,0.344,-0.066
119,211,0.359,0.441,-0.055
119,212,0.383,0.466,-0.052
119,213,0.3,0.379,-0.062
119,214,0.276,0.354,-0.065
119,215,0.322,0.403,-0.059
119,216,0.309,0.39,-0.061
119,217,0.308,0.388,-0.061
119,218,0.26,0.336,-0.068
119,219,0.17,0.235,-0.082
119,220,0.269,0.346,-0.066
119,221,0.276,0.354,-0.065
119,222,0.233,0.307,-0.072
119,223,0.275,0.353,-0.066
119,224,0.284,0.362,-0.064
119,225,0.236,0.31,-0.071
119,226,0.288,0.366,-0.064
119,227,0.283,0.362,-0.065
119,228,0.159,0.222,-0.085
119,229,0.386,0.469,-0.052
119,230,0.267,0.344,-0.067
119,231,0.316,0.396,-0.061
119,232,0.298,0.377,-0.064
119,233,0.293,0.372,-0.064
119,234,0.437,0.52,-0.048
119,235,0.435,0.518,-0.048
119,236,0.387,0.47,-0.054
119,42,0.09,0.136,-0.062
119,43,0.089,0.134,-0.062
119,44,0.15,0.21,-0.052
119,45,0.115,0.168,-0.057
119,46,0.157,0.219,-0.052
119,47,0.103,0.153,-0.059
119,48,0.103,0.153,-0.059
119,49,0.047,0.078,-0.073
119,50,0.063,0.1,-0.068
119,51,0.082,0.126,-0.064
119,52,0.084,0.128,-0.064
119,53,0.114,0.167,-0.058
119,54,0.068,0.106,-0.068
119,55,0.051,0.084,-0.072
119,56,0.052,0.085,-0.072
119,57,0.086,0.131,-0.064
119,58,0.055,0.09,-0.072
119,59,0.07,0.109,-0.068
119,60,0.101,0.15,-0.062
119,61,0.09,0.136,-0.064
119,62,0.098,0.147,-0.062
119,63,0.092,0.138,-0.064
119,64,0.14,0.199,-0.056
119,65,0.149,0.21,-0.055
119,66,0.053,0.086,-0.074
119,67,0.123,0.178,-0.059
119,68,0.156,0.218,-0.054
119,69,0.256,0.332,-0.044
119,70,0.217,0.289,-0.047
119,71,0.178,0.244,-0.052
119,72,0.194,0.263,-0.05
119,73,0.228,0.301,-0.047
119,74,0.31,0.391,-0.039
119,75,0.21,0.281,-0.049
119,76,0.347,0.43,-0.037
119,77,0.312,0.393,-0.04
119,78,0.217,0.289,-0.049
119,79,0.191,0.259,-0.052
119,80,0.292,0.371,-0.042
119,81,0.156,0.217,-0.057
119,82,0.183,0.25,-0.053
119,83,0.469,0.551,-0.029
119,84,0.282,0.36,-0.043
119,85,0.269,0.347,-0.044
119,86,0.358,0.44,-0.037
119,87,0.384,0.467,-0.035
119,88,0.4,0.483,-0.034
119,89,0.394,0.477,-0.035
119,90,0.584,0.659,-0.022
119,91,0.379,0.462,-0.036
119,92,0.512,0.592,-0.027
119,93,0.657,0.725,-0.018
119,94,0.585,0.66,-0.022
119,95,0.519,0.599,-0.027
119,96,0.446,0.529,-0.032
119,97,0.384,0.467,-0.036
119,98,0.501,0.582,-0.028
119,99,0.467,0.55,-0.03
12,10,0.998,0.998,0.0
12,100,0.58,0.656,0.021
12,101,0.4,0.483,0.032
12,102,0.602,0.675,0.02
12,103,0.543,0.622,0.024
12,104,0.422,0.505,0.031
12,105,0.612,0.684,0.02
12,106,0.641,0.71,0.018
12,107,0.619,0.691,0.019
12,108,0.783,0.831,0.011
12,109,0.722,0.78,0.014
12,11,0.943,0.957,-0.002
12,110,0.491,0.572,0.027
12,111,0.513,0.594,0.026
12,112,0.647,0.716,0.018
12,113,0.456,0.539,0.029
12,114,0.442,0.525,0.03
12,115,0.68,0.744,0.016
12,116,0.636,0.706,0.019
12,117,0.561,0.638,0.023
12,118,0.522,0.602,0.026
12,119,0.43,0.513,0.032
12,12,0.984,0.988,0.001
12,120,0.378,0.461,0.035
12,121,0.245,0.32,0.047
12,122,0.385,0.468,0.035
12,123,0.244,0.319,0.047
12,124,0.306,0.386,0.041
12,125,0.438,0.521,0.031
12,126,0.416,0.499,0.033
12,127,0.486,0.568,0.028
12,128,0.266,0.343,0.045
12,129,0.305,0.385,0.042
12,13,0.948,0.961,-0.002
12,130,0.422,0.505,0.033
12,131,0.632,0.702,0.02
12,132,0.605,0.679,0.021
12,133,0.432,0.515,0.032
12,134,0.493,0.575,0.028
12,135,0.577,0.653,0.023
12,136,0.613,0.685,0.021
12,137,0.696,0.758,0.016
12,138,0.692,0.755,0.016
12,139,0.924,0.943,0.004
12,14,0.916,0.937,-0.004
12,140,0.789,0.836,0.011
12,141,0.996,0.997,-0.0
12,142,0.971,0.978,0.002
12,143,0.999,0.999,-0.0
12,144,0.98,0.985,-0.001
12,145,0.993,0.995,0.0
12,146,0.862,0.895,0.007
12,147,0.924,0.943,0.004
12,148,0.861,0.894,0.007
12,149,0.938,0.954,-0.003
12,15,0.838,0.876,-0.007
12,150,0.931,0.948,0.004
12,151,0.712,0.772,0.015
12,152,0.828,0.868,0.009
12,153,0.682,0.746,0.017
12,154,0.894,0.92,0.006
12,155,0.684,0.748,0.017
12,156,0.766,0.817,0.012
12,157,0.679,0.743,0.017
12,158,0.617,0.689,0.021
12,159,0.561,0.638,0.024
12,16,0.823,0.864,-0.007
12,160,0.515,0.595,0.027
12,161,0.602,0.676,0.022
12,162,0.7,0.761,0.016
12,163,0.702,0.763,0.016
12,164,0.859,0.892,0.007
12,165,0.862,0.895,0.007
12,166,0.938,0.954,-0.003
12,167,0.826,0.866,-0.009
12,168,0.875,0.905,-0.007
12,169,0.98,0.986,-0.001
12,17,0.711,0.771,-0.012
12,170,0.918,0.938,-0.004
12,171,0.958,0.969,0.002
12,172,0.801,0.846,-0.011
12,173,0.895,0.921,-0.006
12,174,0.836,0.874,-0.009
12,175,0.763,0.815,-0.013
12,176,0.804,0.849,-0.011
12,177,0.732,0.788,-0.015
12,178,0.655,0.723,-0.019
12,179,0.964,0.973,-0.002
12,18,0.876,0.906,0.005
12,180,0.777,0.826,-0.012
12,181,0.622,0.694,-0.021
12,182,0.618,0.69,-0.022
12,183,0.57,0.647,-0.025
12,184,0.515,0.596,-0.028
12,185,0.629,0.7,-0.021
12,186,0.506,0.586,-0.029
12,187,0.384,0.467,-0.039
12,188,0.503,0.584,-0.03
12,189,0.583,0.658,-0.025
12,19,0.858,0.892,-0.006
12,190,0.618,0.69,-0.022
12,191,0.635,0.705,-0.022
12,192,0.502,0.583,-0.031
12,193,0.622,0.694,-0.023
12,194,0.538,0.617,-0.028
12,195,0.504,0.585,-0.031
12,196,0.596,0.67,-0.025
12,197,0.555,0.633,-0.028
12,198,0.663,0.729,-0.021
12,199,0.671,0.737,-0.02
12,20,0.757,0.809,-0.01
12,200,0.813,0.856,-0.011
12,201,0.643,0.712,-0.022
12,202,0.683,0.747,-0.02
12,203,0.534,0.613,-0.03
12,204,0.666,0.732,-0.021
12,205,0.669,0.735,-0.021
12,206,0.72,0.779,-0.018
12,207,0.594,0.668,-0.027
12,208,0.832,0.871,-0.011
12,209,0.802,0.847,-0.013
12,21,0.816,0.858,-0.008
12,210,0.77,0.82,-0.015
12,211,0.72,0.778,-0.019
12,212,0.678,0.743,-0.022
12,213,0.538,0.617,-0.032
12,214,0.837,0.875,-0.011
12,215,0.767,0.818,-0.016
12,216,0.711,0.771,-0.02
12,217,0.67,0.736,-0.023
12,218,0.894,0.92,-0.007
12,219,0.741,0.796,-0.018
12,22,0.903,0.927,-0.004
12,220,0.582,0.658,-0.03
12,221,0.493,0.575,-0.038
12,222,0.651,0.719,-0.026
12,223,0.571,0.647,-0.032
12,224,0.457,0.54,-0.043
12,225,0.621,0.693,-0.028
12,226,0.356,0.438,-0.053
12,227,0.516,0.596,-0.038
12,228,0.567,0.644,-0.033
12,229,0.593,0.668,-0.032
12,23,0.743,0.798,-0.011
12,230,0.396,0.479,-0.05
12,231,0.501,0.582,-0.04
12,232,0.53,0.609,-0.038
12,233,0.463,0.546,-0.044
12,234,0.426,0.51,-0.048
12,235,0.511,0.591,-0.04
12,236,0.576,0.652,-0.034
12,237,0.415,0.498,-0.05
12,238,0.482,0.563,-0.043
12,239,0.452,0.535,-0.047
12,24,0.987,0.99,-0.001
12,240,0.492,0.574,-0.043
12,241,0.565,0.642,-0.036
12,242,0.35,0.432,-0.059
12,243,0.471,0.554,-0.046
12,244,0.595,0.669,-0.034
12,245,0.395,0.479,-0.054
12,246,0.525,0.605,-0.041
12,247,0.613,0.686,-0.033
12,248,0.542,0.62,-0.04
12,249,0.656,0.724,-0.029
12,25,0.805,0.849,-0.008
12,250,0.64,0.709,-0.031
12,251,0.663,0.729,-0.029
12,26,0.913,0.934,-0.004
12,27,0.562,0.639,-0.019
12,28,0.882,0.911,-0.005
12,29,0.705,0.765,-0.012
12,30,0.688,0.751,-0.013
12,31,0.362,0.445,-0.03
12,32,0.835,0.874,-0.007
12,33,0.905,0.928,-0.004
12,34,0.743,0.798,-0.011
12,35,0.776,0.826,-0.009
12,36,0.689,0.752,-0.013
12,37,0.967,0.975,-0.001
12,38,0.973,0.98,-0.001
12,39,0.592,0.666,-0.018
12,40,0.944,0.958,-0.002
12,41,0.817,0.859,-0.008
12,42,0.945,0.959,0.002
12,43,0.656,0.723,-0.015
12,44,0.836,0.874,-0.007
12,45,0.905,0.928,-0.004
12,46,0.891,0.917,-0.005
12,47,0.985,0.989,0.001
12,48,0.845,0.881,0.007
12,49,0.805,0.849,-0.008
12,50,0.799,0.844,-0.009
12,51,0.997,0.997,0.0
12,52,0.911,0.933,-0.004
12,53,0.995,0.997,-0.0
12,54,0.851,0.886,-0.006
12,55,0.981,0.986,-0.001
12,56,0.872,0.903,-0.005
12,57,0.823,0.864,-0.008
12,58,0.724,0.782,0.012
12,59,0.92,0.94,-0.003
12,60,0.989,0.992,-0.0
12,61,0.938,0.954,-0.003
12,62,0.968,0.976,0.001
12,63,0.947,0.961,0.002
12,64,0.768,0.819,-0.01
12,65,0.601,0.675,-0.018
12,66,0.626,0.697,-0.017
12,67,0.754,0.807,-0.011
12,68,0.867,0.899,-0.006
12,69,0.787,0.834,-0.01
12,7,0.862,0.895,0.006
12,70,0.553,0.631,-0.021
12,71,0.767,0.818,-0.011
12,72,0.862,0.895,-0.006
12,73,0.719,0.778,-0.013
12,74,0.933,0.95,-0.003
12,75,0.805,0.849,-0.009
12,76,0.853,0.888,-0.007
12,77,0.652,0.72,-0.016
12,78,0.796,0.842,-0.009
12,79,0.634,0.704,-0.017
12,8,0.937,0.953,0.003
12,80,0.934,0.951,-0.003
12,81,0.834,0.872,-0.008
12,82,0.935,0.951,-0.003
12,83,0.921,0.941,0.004
12,84,0.845,0.881,-0.007
12,85,0.896,0.921,-0.005
12,86,0.814,0.857,0.009
12,87,0.851,0.886,-0.007
12,88,0.85,0.885,-0.007
12,89,0.814,0.856,0.009
12,9,0.891,0.918,-0.005
12,90,0.914,0.935,0.004
12,91,0.825,0.866,0.008
12,92,0.928,0.946,0.003
12,93,0.679,0.744,0.016
12,94,0.62,0.691,0.019
12,95,0.732,0.789,0.013
12,96,0.49,0.572,0.026
12,97,0.642,0.711,0.018
12,98,0.832,0.871,0.008
12,99,0.693,0.756,0.015
13,10,0.499,0.581,-0.023
13,100,0.639,0.709,0.018
13,101,0.462,0.544,0.028
13,102,0.484,0.566,0.027
13,103,0.303,0.383,0.04
13,104,0.714,0.773,0.014
13,105,0.67,0.736,0.017
13,106,0.735,0.791,0.013
13,107,0.732,0.789,0.013
13,108,0.815,0.857,0.009
13,109,0.613,0.686,0.02
13,11,0.715,0.775,-0.012
13,110,0.562,0.639,0.023
13,111,0.725,0.782,0.014
13,112,0.954,0.966,-0.002
13,113,0.619,0.691,0.02
13,114,0.642,0.711,0.019
13,115,0.508,0.588,0.026
13,116,0.671,0.736,0.017
13,117,0.69,0.753,0.016
13,118,0.593,0.667,0.021
13,119,0.454,0.537,0.03
13,12,0.798,0.843,-0.009
13,120,0.51,0.59,0.027
13,121,0.643,0.712,0.019
13,122,0.616,0.688,0.02
13,123,0.465,0.548,0.03
13,124,0.525,0.604,0.026
13,125,0.483,0.564,0.029
13,126,0.46,0.542,0.03
13,127,0.442,0.525,0.031
13,128,0.5,0.581,0.028
13,129,0.398,0.481,0.035
13,13,0.459,0.541,-0.025
13,130,0.54,0.619,0.025
13,131,0.593,0.667,0.022
13,132,0.485,0.567,0.029
13,133,0.528,0.608,0.026
13,134,0.544,0.622,0.025
13,135,0.577,0.652,0.023
13,136,0.639,0.708,0.019
13,137,0.709,0.769,0.015
13,138,0.993,0.995,0.0
13,139,0.971,0.979,-0.002
13,14,0.653,0.721,-0.015
13,140,0.992,0.994,0.0
13,141,0.948,0.961,0.003
13,142,0.98,0.985,0.001
13,143,0.764,0.816,-0.012
13,144,0.958,0.969,-0.002
13,145,0.769,0.82,-0.012
13,146,0.96,0.97,-0.002
13,147,0.904,0.928,0.005
13,148,0.91,0.933,0.005
13,149,0.78,0.828,0.012
13,15,0.896,0.922,-0.004
13,150,0.857,0.891,0.007
13,151,0.737,0.793,0.014
13,152,0.882,0.91,0.006
13,153,0.819,0.86,0.01
13,154,0.987,0.991,0.001
13,155,0.844,0.881,0.008
13,156,0.728,0.785,0.015
13,157,0.545,0.623,0.025
13,158,0.738,0.794,0.014
13,159,0.684,0.748,0.017
13,16,0.776,0.826,-0.009
13,160,0.566,0.643,0.024
13,161,0.691,0.753,0.017
13,162,0.627,0.698,0.02
13,163,0.443,0.526,0.032
13,164,0.475,0.557,0.03
13,165,0.581,0.656,0.023
13,166,0.582,0.658,0.023
13,167,0.864,0.896,0.007
13,168,0.939,0.954,0.003
13,169,0.821,0.862,0.01
13,17,0.679,0.743,-0.014
13,170,0.892,0.918,-0.006
13,171,0.893,0.919,0.006
13,172,0.928,0.946,0.004
13,173,0.866,0.898,0.007
13,174,0.847,0.883,0.008
13,175,0.977,0.983,0.001
13,176,0.891,0.917,-0.006
13,177,0.913,0.934,-0.005
13,178,0.978,0.984,-0.001
13,179,0.995,0.996,0.0
13,18,0.856,0.89,-0.006
13,180,0.859,0.893,-0.008
13,181,0.825,0.866,-0.01
13,182,0.644,0.713,-0.02
13,183,0.559,0.636,-0.025
13,184,0.607,0.68,-0.022
13,185,0.853,0.888,-0.008
13,186,0.955,0.966,-0.002
13,187,0.684,0.748,-0.018
13,188,0.511,0.592,-0.029
13,189,0.532,0.611,-0.028
13,19,0.715,0.775,-0.012
13,190,0.631,0.702,-0.021
13,191,0.413,0.496,-0.037
13,192,0.67,0.736,-0.019
13,193,0.683,0.747,-0.018
13,194,0.624,0.695,-0.022
13,195,0.731,0.788,-0.016
13,196,0.454,0.537,-0.034
13,197,0.576,0.652,-0.026
13,198,0.585,0.66,-0.025
13,199,0.623,0.694,-0.023
13,20,0.862,0.895,-0.006
13,200,0.783,0.832,-0.013
13,201,0.813,0.856,-0.011
13,202,0.669,0.735,-0.02
13,203,0.86,0.893,-0.008
13,204,0.617,0.689,-0.024
13,205,0.704,0.765,-0.019
13,206,0.942,0.957,-0.004
13,207,0.846,0.882,-0.01
13,208,0.683,0.747,-0.02
13,209,0.839,0.877,-0.01
13,21,0.932,0.949,-0.003
13,210,0.798,0.843,-0.013
13,211,0.843,0.88,-0.01
13,212,0.726,0.784,-0.018
13,213,0.772,0.822,-0.015
13,214,0.82,0.862,-0.012
13,215,0.924,0.943,-0.005
13,216,0.916,0.937,-0.006
13,217,0.825,0.865,-0.012
13,218,0.817,0.859,-0.013
13,219,0.84,0.877,-0.011
13,22,0.861,0.894,-0.006
13,220,0.782,0.83,-0.015
13,221,0.862,0.895,-0.01
13,222,0.663,0.73,-0.024
13,223,0.572,0.649,-0.032
13,224,0.627,0.698,-0.028
13,225,0.719,0.778,-0.021
13,226,0.617,0.689,-0.029
13,227,0.574,0.65,-0.033
13,228,0.694,0.756,-0.023
13,229,0.522,0.602,-0.038
13,23,0.539,0.618,-0.02
13,230,0.571,0.648,-0.033
13,231,0.467,0.55,-0.043
13,232,0.415,0.499,-0.049
13,233,0.353,0.435,-0.056
13,234,0.48,0.562,-0.043
13,235,0.586,0.661,-0.033
13,236,0.571,0.648,-0.034
13,237,0.372,0.454,-0.055
13,238,0.374,0.457,-0.055
13,239,0.571,0.647,-0.035
13,24,0.656,0.723,-0.015
13,240,0.551,0.629,-0.037
13,241,0.388,0.471,-0.054
13,242,0.485,0.567,-0.044
13,243,0.514,0.594,-0.041
13,244,0.582,0.658,-0.035
13,245,0.592,0.666,-0.034
13,246,0.592,0.667,-0.035
13,247,0.606,0.679,-0.034
13,248,0.625,0.696,-0.032
13,249,0.624,0.695,-0.032
13,25,0.902,0.926,0.004
13,250,0.811,0.854,-0.016
13,251,0.727,0.784,-0.023
13,26,0.892,0.918,-0.004
13,27,0.629,0.7,-0.016
13,28,0.916,0.937,-0.003
13,29,0.877,0.906,-0.005
13,30,0.706,0.767,-0.012
13,31,0.779,0.828,-0.009
13,32,0.818,0.86,-0.008
13,33,0.831,0.87,-0.007
13,34,0.551,0.629,-0.02
13,35,0.555,0.633,-0.019
13,36,0.954,0.965,-0.002
13,37,0.657,0.725,-0.015
13,38,0.825,0.866,-0.007
13,39,0.603,0.676,-0.017
13,40,0.368,0.451,-0.03
13,41,0.687,0.751,-0.013
13,42,0.456,0.539,-0.025
13,43,0.624,0.695,-0.016
13,44,0.754,0.807,-0.01
13,45,0.605,0.678,-0.017
13,46,0.556,0.634,-0.02
13,47,0.505,0.586,-0.022
13,48,0.874,0.904,-0.005
13,49,0.476,0.558,-0.024
13,50,0.798,0.844,-0.009
13,51,0.56,0.637,-0.02
13,52,0.744,0.799,-0.011
13,53,0.448,0.531,-0.026
13,54,0.445,0.528,-0.026
13,55,0.562,0.639,-0.02
13,56,0.572,0.648,-0.019
13,57,0.595,0.669,-0.018
13,58,0.789,0.836,-0.009
13,59,0.876,0.906,-0.005
13,6,0.713,0.773,-0.013
13,60,0.544,0.623,-0.021
13,61,0.892,0.918,-0.005
13,62,0.966,0.975,-0.001
13,63,0.969,0.977,-0.001
13,64,0.738,0.794,-0.012
13,65,0.991,0.993,-0.0
13,66,0.913,0.934,0.004
13,67,0.844,0.881,-0.007
13,68,0.718,0.777,-0.013
13,69,0.711,0.771,-0.013
13,7,0.554,0.632,-0.02
13,70,0.773,0.823,-0.01
13,71,0.791,0.837,0.009
13,72,0.866,0.898,-0.006
13,73,0.739,0.794,-0.012
13,74,0.873,0.903,0.006
13,75,0.98,0.985,0.001
13,76,0.805,0.849,0.009
13,77,0.925,0.944,-0.003
13,78,0.769,0.819,-0.011
13,79,0.598,0.672,-0.019
13,8,0.402,0.485,-0.029
13,80,0.64,0.71,-0.017
13,81,0.86,0.893,-0.006
13,82,0.826,0.867,-0.008
13,83,0.949,0.962,-0.002
13,84,0.924,0.943,-0.004
13,85,0.918,0.939,0.004
13,86,0.853,0.888,0.007
13,87,0.789,0.836,0.01
13,88,0.766,0.817,0.011
13,89,0.952,0.964,0.002
13,9,0.515,0.596,-0.022
13,90,0.736,0.792,0.013
13,91,0.735,0.792,0.013
13,92,0.81,0.854,0.009
13,93,0.859,0.892,0.007
13,94,0.646,0.715,0.017
13,95,0.626,0.697,0.019
13,96,0.81,0.854,0.009
13,97,0.716,0.775,0.014
13,98,0.876,0.906,0.006
13,99,0.597,0.671,0.02
14,10,0.7,0.761,-0.013
14,100,0.559,0.637,0.023
14,101,0.52,0.6,0.025
14,102,0.451,0.533,0.029
14,103,0.217,0.289,0.048
14,104,0.357,0.439,0.036
14,105,0.397,0.481,0.033
14,106,0.442,0.525,0.03
14,107,0.399,0.482,0.033
14,108,0.396,0.479,0.033
14,109,0.275,0.353,0.043
14,11,0.696,0.758,-0.013
14,110,0.329,0.41,0.039
14,111,0.446,0.529,0.03
14,112,0.344,0.426,0.038
14,113,0.338,0.42,0.038
14,114,0.322,0.403,0.04
14,115,0.356,0.438,0.037
14,116,0.413,0.497,0.033
14,117,0.414,0.497,0.033
14,118,0.266,0.343,0.045
14,119,0.309,0.389,0.041
14,12,0.411,0.494,-0.027
14,120,0.258,0.335,0.046
14,121,0.334,0.415,0.039
14,122,0.362,0.444,0.037
14,123,0.316,0.397,0.041
14,124,0.427,0.51,0.032
14,125,0.416,0.499,0.033
14,126,0.448,0.531,0.031
14,127,0.416,0.499,0.033
14,128,0.479,0.561,0.029
14,129,0.52,0.6,0.026
14,13,0.645,0.714,-0.015
14,130,0.586,0.661,0.022
14,131,0.508,0.588,0.027
14,132,0.611,0.683,0.021
14,133,0.474,0.557,0.03
14,134,0.447,0.529,0.031
14,135,0.528,0.608,0.026
14,136,0.687,0.75,0.017
14,137,0.719,0.778,0.015
14,138,0.688,0.751,0.017
14,139,0.974,0.981,0.001
14,14,0.697,0.759,-0.013
14,140,0.658,0.725,0.018
14,141,0.837,0.875,0.009
14,142,0.863,0.896,0.007
14,143,0.793,0.839,0.011
14,144,0.996,0.997,0.0
14,145,0.861,0.894,0.007
14,146,0.98,0.985,0.001
14,147,0.918,0.939,-0.004
14,148,0.936,0.952,0.003
14,149,0.992,0.994,-0.0
14,15,0.528,0.607,-0.021
14,150,0.996,0.997,-0.0
14,151,0.853,0.887,0.008
14,152,0.739,0.795,0.014
14,153,0.693,0.755,0.017
14,154,0.843,0.88,0.008
14,155,0.827,0.867,0.009
14,156,0.982,0.986,-0.001
14,157,0.922,0.941,0.004
14,158,0.627,0.698,0.02
14,159,0.641,0.711,0.019
14,16,0.82,0.861,-0.008
14,160,0.807,0.851,0.01
14,161,0.697,0.759,0.016
14,162,0.826,0.866,0.009
14,163,0.672,0.737,0.018
14,164,0.699,0.761,0.016
14,165,0.636,0.706,0.02
14,166,0.797,0.842,0.011
14,167,0.78,0.828,0.012
14,168,0.891,0.917,0.006
14,169,0.741,0.796,0.014
14,17,0.649,0.717,-0.015
14,170,0.984,0.989,0.001
14,171,0.675,0.74,0.018
14,172,0.592,0.667,0.023
14,173,0.782,0.831,0.012
14,174,0.914,0.936,-0.005
14,175,0.782,0.83,-0.012
14,176,0.963,0.972,0.002
14,177,0.741,0.796,0.014
14,178,0.975,0.982,-0.001
14,179,0.955,0.967,-0.002
14,18,0.817,0.859,-0.008
14,180,0.868,0.899,-0.007
14,181,0.711,0.771,-0.016
14,182,0.97,0.977,0.002
14,183,0.931,0.948,-0.004
14,184,0.891,0.918,-0.006
14,185,0.881,0.91,-0.007
14,186,0.583,0.658,-0.024
14,187,0.617,0.689,-0.022
14,188,0.708,0.769,-0.016
14,189,0.543,0.621,-0.027
14,19,0.713,0.772,-0.012
14,190,0.508,0.589,-0.029
14,191,0.448,0.53,-0.034
14,192,0.677,0.742,-0.019
14,193,0.858,0.892,-0.008
14,194,0.783,0.831,-0.012
14,195,0.705,0.766,-0.017
14,196,0.622,0.693,-0.022
14,197,0.617,0.689,-0.023
14,198,0.733,0.79,-0.016
14,199,0.743,0.798,-0.015
14,20,0.911,0.933,-0.004
14,200,0.572,0.648,-0.026
14,201,0.945,0.959,-0.003
14,202,0.694,0.756,-0.019
14,203,0.607,0.68,-0.024
14,204,0.647,0.716,-0.022
14,205,0.597,0.671,-0.026
14,206,0.586,0.661,-0.026
14,207,0.869,0.9,-0.008
14,208,0.825,0.866,-0.011
14,209,0.768,0.819,-0.015
14,21,0.937,0.953,-0.003
14,210,0.643,0.712,-0.023
14,211,0.805,0.849,-0.012
14,212,0.886,0.913,-0.007
14,213,0.63,0.7,-0.025
14,214,0.753,0.806,-0.016
14,215,0.722,0.781,-0.019
14,216,0.737,0.793,-0.018
14,217,0.663,0.73,-0.023
14,218,0.705,0.766,-0.02
14,219,0.635,0.705,-0.026
14,22,0.97,0.978,-0.001
14,220,0.706,0.767,-0.021
14,221,0.558,0.635,-0.032
14,222,0.616,0.688,-0.028
14,223,0.641,0.71,-0.026
14,224,0.576,0.652,-0.031
14,225,0.539,0.618,-0.035
14,226,0.58,0.656,-0.032
14,227,0.476,0.558,-0.041
14,228,0.582,0.657,-0.032
14,229,0.38,0.463,-0.051
14,23,0.748,0.802,-0.011
14,230,0.428,0.511,-0.046
14,231,0.352,0.434,-0.055
14,232,0.429,0.512,-0.047
14,233,0.413,0.497,-0.049
14,234,0.4,0.483,-0.051
14,235,0.478,0.56,-0.043
14,236,0.5,0.581,-0.041
14,237,0.333,0.415,-0.059
14,238,0.483,0.565,-0.043
14,239,0.611,0.684,-0.031
14,24,0.676,0.74,-0.014
14,240,0.513,0.593,-0.041
14,241,0.63,0.701,-0.03
14,242,0.7,0.762,-0.024
14,243,0.63,0.7,-0.031
14,244,0.725,0.782,-0.022
14,245,0.827,0.867,-0.014
14,246,0.995,0.996,-0.0
14,247,0.939,0.954,-0.005
14,248,0.821,0.862,-0.015
14,249,0.845,0.881,-0.013
14,25,0.976,0.982,0.001
14,250,0.775,0.824,-0.019
14,251,0.803,0.847,-0.017
14,26,0.515,0.595,-0.021
14,27,0.468,0.55,-0.024
14,28,0.9,0.924,-0.004
14,29,0.781,0.83,-0.009
14,30,0.734,0.79,-0.011
14,31,0.869,0.9,-0.005
14,32,0.662,0.728,-0.014
14,33,0.908,0.931,-0.004
14,34,0.913,0.934,-0.004
14,35,0.902,0.926,-0.004
14,36,0.536,0.615,0.02
14,37,0.847,0.883,-0.006
14,38,0.856,0.89,0.006
14,39,0.695,0.758,0.013
14,40,0.842,0.879,0.007
14,41,0.946,0.96,0.002
14,42,0.893,0.919,-0.004
14,43,0.931,0.948,-0.003
14,44,0.975,0.982,0.001
14,45,0.832,0.871,0.007
14,46,0.922,0.941,0.003
14,47,0.824,0.864,-0.007
14,48,0.819,0.861,-0.008
14,49,0.716,0.775,-0.012
14,50,0.996,0.997,0.0
14,51,0.886,0.914,-0.005
14,52,0.808,0.852,-0.008
14,53,0.855,0.89,-0.006
14,54,0.969,0.977,-0.001
14,55,0.562,0.639,-0.02
14,56,0.539,0.618,-0.021
14,57,0.808,0.852,-0.008
14,58,0.765,0.816,-0.01
14,59,0.908,0.93,-0.004
14,6,0.514,0.595,-0.023
14,60,0.851,0.886,-0.006
14,61,0.982,0.987,-0.001
14,62,0.823,0.864,0.008
14,63,0.708,0.769,0.013
14,64,0.966,0.975,-0.001
14,65,0.825,0.865,-0.008
14,66,0.967,0.976,0.001
14,67,0.671,0.737,0.015
14,68,0.87,0.901,0.006
14,69,0.956,0.967,-0.002
14,7,0.698,0.76,-0.013
14,70,0.778,0.827,0.01
14,71,0.751,0.805,0.011
14,72,0.953,0.965,-0.002
14,73,0.889,0.916,-0.005
14,74,0.994,0.995,0.0
14,75,0.9,0.924,0.005
14,76,0.904,0.928,-0.004
14,77,0.808,0.852,-0.009
14,78,0.689,0.752,-0.014
14,79,0.917,0.937,-0.004
14,8,0.316,0.396,-0.034
14,80,0.619,0.691,-0.018
14,81,0.885,0.913,0.005
14,82,0.758,0.811,-0.011
14,83,0.852,0.887,-0.007
14,84,0.766,0.817,-0.011
14,85,0.722,0.781,-0.013
14,86,0.971,0.978,0.001
14,87,0.945,0.959,-0.003
14,88,0.973,0.98,-0.001
14,89,0.653,0.721,-0.017
14,9,0.255,0.331,-0.039
14,90,0.999,0.999,0.0
14,91,0.943,0.957,0.003
14,92,0.844,0.88,0.007
14,93,0.803,0.848,0.009
14,94,0.533,0.612,0.024
14,95,0.477,0.559,0.027
14,96,0.475,0.557,0.027
14,97,0.629,0.7,0.019
14,98,0.395,0.478,0.033
14,99,0.54,0.619,0.024
15,10,0.928,0.946,-0.003
15,100,0.622,0.693,0.019
15,101,0.334,0.416,0.038
15,102,0.306,0.387,0.04
15,103,0.532,0.611,0.025
15,104,0.509,0.59,0.026
15,105,0.384,0.467,0.034
15,106,0.306,0.386,0.041
15,107,0.626,0.697,0.019
15,108,0.635,0.705,0.019
15,109,0.443,0.526,0.031
15,11,0.802,0.847,-0.008
15,110,0.372,0.455,0.036
15,111,0.369,0.452,0.036
15,112,0.427,0.51,0.032
15,113,0.503,0.584,0.027
15,114,0.447,0.53,0.031
15,115,0.518,0.599,0.026
15,116,0.321,0.402,0.04
15,117,0.417,0.5,0.033
15,118,0.408,0.491,0.034
15,119,0.528,0.608,0.026
15,12,0.94,0.956,0.003
15,120,0.583,0.658,0.022
15,121,0.627,0.697,0.02
15,122,0.533,0.612,0.025
15,123,0.721,0.779,0.015
15,124,0.693,0.756,0.016
15,125,0.531,0.61,0.026
15,126,0.558,0.635,0.024
15,127,0.617,0.689,0.021
15,128,0.586,0.661,0.022
15,129,0.508,0.588,0.027
15,13,0.931,0.948,-0.003
15,130,0.484,0.566,0.029
15,131,0.715,0.774,0.015
15,132,0.799,0.844,0.011
15,133,0.623,0.695,0.02
15,134,0.522,0.602,0.026
15,135,0.354,0.437,0.038
15,136,0.473,0.555,0.03
15,137,0.523,0.603,0.027
15,138,0.516,0.596,0.027
15,139,0.658,0.725,0.018
15,14,0.748,0.802,-0.011
15,140,0.768,0.819,0.012
15,141,0.6,0.673,0.022
15,142,0.685,0.749,0.017
15,143,0.731,0.788,0.014
15,144,0.857,0.891,0.008
15,145,0.992,0.994,-0.0
15,146,0.907,0.93,-0.005
15,147,0.913,0.935,-0.005
15,148,0.959,0.97,-0.002
15,149,0.901,0.925,0.005
15,15,0.961,0.971,0.002
15,150,0.624,0.695,0.021
15,151,0.675,0.74,0.018
15,152,0.694,0.756,0.016
15,153,0.771,0.821,0.012
15,154,0.805,0.849,0.01
15,155,0.693,0.755,0.017
15,156,0.713,0.773,0.015
15,157,0.766,0.817,0.012
15,158,0.704,0.765,0.016
15,159,0.889,0.916,0.006
15,16,0.722,0.781,-0.012
15,160,0.711,0.771,0.016
15,161,0.722,0.78,0.015
15,162,0.81,0.853,0.01
15,163,0.793,0.839,0.011
15,164,0.833,0.871,0.009
15,165,0.918,0.938,0.004
15,166,0.935,0.951,0.003
15,167,0.912,0.934,0.005
15,168,0.929,0.947,0.004
15,169,0.936,0.952,0.003
15,17,0.588,0.663,-0.018
15,170,0.825,0.866,0.009
15,171,0.963,0.972,0.002
15,172,0.915,0.936,0.005
15,173,0.989,0.992,-0.001
15,174,0.866,0.898,0.007
15,175,0.868,0.9,0.007
15,176,0.782,0.83,0.012
15,177,0.914,0.935,0.005
15,178,0.977,0.983,0.001
15,179,0.987,0.991,0.001
15,18,0.763,0.815,-0.01
15,180,0.857,0.891,0.008
15,181,0.954,0.966,0.002
15,182,0.955,0.967,-0.002
15,183,0.805,0.849,-0.011
15,184,0.674,0.739,-0.018
15,185,0.859,0.893,-0.008
15,186,0.845,0.882,-0.008
15,187,0.747,0.802,-0.014
15,188,0.679,0.744,-0.018
15,189,0.866,0.898,-0.007
15,19,0.456,0.538,-0.025
15,190,0.773,0.823,-0.013
15,191,0.882,0.91,-0.007
15,192,0.843,0.879,-0.009
15,193,0.81,0.853,-0.011
15,194,0.734,0.79,-0.015
15,195,0.536,0.615,-0.028
15,196,0.54,0.619,-0.028
15,197,0.714,0.774,-0.017
15,198,0.575,0.651,-0.026
15,199,0.831,0.87,-0.01
15,20,0.684,0.748,-0.013
15,200,0.669,0.735,-0.02
15,201,0.682,0.746,-0.019
15,202,0.719,0.778,-0.017
15,203,0.623,0.694,-0.023
15,204,0.629,0.699,-0.023
15,205,0.664,0.73,-0.021
15,206,0.613,0.685,-0.024
15,207,0.794,0.84,-0.013
15,208,0.718,0.777,-0.018
15,209,0.58,0.656,-0.027
15,21,0.507,0.588,-0.022
15,210,0.809,0.853,-0.012
15,211,0.929,0.947,-0.004
15,212,0.811,0.854,-0.012
15,213,0.694,0.757,-0.02
15,214,0.73,0.787,-0.018
15,215,0.696,0.758,-0.02
15,216,0.537,0.616,-0.032
15,217,0.706,0.766,-0.02
15,218,0.79,0.837,-0.014
15,219,0.557,0.634,-0.031
15,22,0.787,0.835,-0.009
15,220,0.691,0.754,-0.021
15,221,0.645,0.714,-0.025
15,222,0.643,0.712,-0.025
15,223,0.576,0.652,-0.031
15,224,0.425,0.508,-0.044
15,225,0.433,0.516,-0.044
15,226,0.548,0.626,-0.034
15,227,0.454,0.537,-0.043
15,228,0.375,0.458,-0.051
15,229,0.464,0.546,-0.042
15,23,0.632,0.702,-0.016
15,230,0.555,0.633,-0.034
15,231,0.477,0.559,-0.042
15,232,0.415,0.499,-0.048
15,233,0.37,0.453,-0.053
15,234,0.408,0.491,-0.05
15,235,0.489,0.57,-0.042
15,236,0.465,0.547,-0.044
15,237,0.366,0.449,-0.055
15,238,0.365,0.448,-0.056
15,239,0.513,0.594,-0.041
15,24,0.581,0.656,-0.018
15,240,0.583,0.659,-0.034
15,241,0.494,0.575,-0.043
15,242,0.446,0.529,-0.048
15,243,0.595,0.669,-0.034
15,244,0.536,0.615,-0.04
15,245,0.582,0.657,-0.036
15,246,0.734,0.791,-0.022
15,247,0.806,0.85,-0.016
15,248,0.736,0.792,-0.022
15,249,0.871,0.902,-0.011
15,25,0.525,0.605,-0.021
15,250,0.779,0.828,-0.019
15,251,0.925,0.944,-0.006
15,26,0.532,0.611,-0.021
15,27,0.347,0.429,-0.031
15,28,0.806,0.85,-0.008
15,29,0.587,0.662,-0.018
15,30,0.721,0.779,-0.012
15,31,0.482,0.564,-0.023
15,32,0.645,0.714,-0.015
15,33,0.894,0.92,0.004
15,34,0.746,0.801,-0.011
15,35,0.867,0.899,-0.006
15,36,0.766,0.817,-0.01
15,37,0.975,0.981,-0.001
15,38,0.945,0.959,-0.002
15,39,0.878,0.908,-0.005
15,40,0.922,0.941,0.003
15,41,0.923,0.942,0.003
15,42,0.611,0.683,-0.017
15,43,0.811,0.854,-0.008
15,44,0.617,0.689,-0.017
15,45,0.693,0.755,-0.013
15,46,0.634,0.704,-0.016
15,47,0.611,0.684,-0.017
15,48,0.471,0.554,-0.024
15,49,0.796,0.842,-0.009
15,50,0.732,0.789,-0.012
15,51,0.793,0.839,-0.009
15,52,0.635,0.705,-0.016
15,53,0.479,0.561,-0.024
15,54,0.693,0.756,-0.013
15,55,0.486,0.567,-0.024
15,56,0.772,0.822,-0.01
15,57,0.694,0.756,-0.014
15,58,0.962,0.972,0.002
15,59,0.99,0.992,-0.0
15,6,0.765,0.816,-0.011
15,60,0.685,0.749,-0.014
15,61,0.881,0.909,-0.005
15,62,0.934,0.951,0.003
15,63,0.909,0.932,-0.004
15,64,0.999,0.999,0.0
15,65,0.981,0.986,-0.001
15,66,0.756,0.809,-0.011
15,67,0.893,0.919,-0.005
15,68,0.935,0.952,0.003
15,69,0.975,0.982,0.001
15,7,0.999,1.0,-0.0
15,70,0.795,0.841,0.009
15,71,0.93,0.948,0.003
15,72,0.762,0.814,0.011
15,73,0.758,0.81,0.011
15,74,0.665,0.731,-0.016
15,75,0.785,0.833,-0.01
15,76,0.965,0.974,0.002
15,77,0.915,0.936,0.004
15,78,0.851,0.886,-0.007
15,79,0.947,0.961,-0.002
15,8,0.933,0.95,0.003
15,80,0.985,0.989,-0.001
15,81,0.929,0.947,-0.003
15,82,0.889,0.916,-0.005
15,83,0.985,0.989,-0.001
15,84,0.778,0.827,-0.01
15,85,0.865,0.897,-0.006
15,86,0.756,0.809,0.012
15,87,0.981,0.986,-0.001
15,88,0.945,0.959,-0.003
15,89,0.915,0.936,-0.004
15,9,0.791,0.838,0.009
15,90,0.91,0.933,-0.004
15,91,0.848,0.884,-0.007
15,92,0.952,0.964,0.002
15,93,0.932,0.949,-0.003
15,94,0.554,0.632,0.023
15,95,0.574,0.651,0.021
15,96,0.744,0.799,0.013
15,97,0.599,0.673,0.02
15,98,0.796,0.842,0.01
15,99,0.681,0.745,0.016
16,10,0.901,0.926,0.004
16,100,0.503,0.584,0.026
16,101,0.375,0.458,0.035
16,102,0.533,0.613,0.025
16,103,0.501,0.582,0.027
16,104,0.447,0.53,0.03
16,105,0.265,0.342,0.044
16,106,0.442,0.525,0.03
16,107,0.425,0.508,0.032
16,108,0.266,0.344,0.044
16,109,0.497,0.579,0.027
16,11,0.903,0.927,-0.004
16,110,0.609,0.682,0.021
16,111,0.471,0.554,0.029
16,112,0.396,0.48,0.034
16,113,0.495,0.576,0.028
16,114,0.469,0.551,0.029
16,115,0.423,0.507,0.032
16,116,0.518,0.598,0.026
16,117,0.506,0.587,0.027
16,118,0.586,0.661,0.022
16,119,0.716,0.775,0.015
16,12,0.73,0.787,-0.012
16,120,0.619,0.69,0.02
16,121,0.62,0.691,0.02
16,122,0.586,0.661,0.022
16,123,0.64,0.709,0.019
16,124,0.617,0.689,0.021
16,125,0.531,0.61,0.026
16,126,0.45,0.532,0.031
16,127,0.583,0.658,0.023
16,128,0.491,0.573,0.029
16,129,0.426,0.509,0.033
16,13,0.77,0.82,-0.01
16,130,0.6,0.674,0.022
16,131,0.672,0.737,0.018
16,132,0.635,0.705,0.02
16,133,0.584,0.659,0.023
16,134,0.514,0.595,0.027
16,135,0.562,0.639,0.024
16,136,0.435,0.518,0.033
16,137,0.484,0.566,0.029
16,138,0.465,0.547,0.031
16,139,0.459,0.541,0.031
16,14,0.784,0.832,-0.009
16,140,0.479,0.561,0.03
16,141,0.598,0.672,0.022
16,142,0.589,0.664,0.023
16,143,0.714,0.773,0.015
16,144,0.802,0.847,0.011
16,145,0.934,0.951,0.003
16,146,0.953,0.965,0.003
16,147,0.917,0.937,0.004
16,148,0.742,0.797,0.014
16,149,0.883,0.911,0.006
16,15,0.852,0.887,-0.006
16,150,0.833,0.872,0.009
16,151,0.893,0.919,0.006
16,152,0.757,0.81,0.013
16,153,0.789,0.836,0.011
16,154,0.755,0.808,0.013
16,155,0.995,0.997,0.0
16,156,0.853,0.887,0.008
16,157,0.846,0.882,0.008
16,158,0.851,0.886,0.008
16,159,1.0,1.0,0.0
16,16,0.763,0.815,-0.01
16,160,0.796,0.842,0.011
16,161,0.715,0.774,0.015
16,162,0.701,0.762,0.016
16,163,0.815,0.857,0.01
16,164,0.872,0.902,0.007
16,165,0.669,0.735,0.018
16,166,0.641,0.711,0.02
16,167,0.91,0.932,0.005
16,168,0.929,0.947,0.004
16,169,0.922,0.942,-0.004
16,17,0.735,0.791,-0.011
16,170,0.832,0.871,-0.009
16,171,0.838,0.876,-0.009
16,172,0.887,0.915,-0.006
16,173,0.823,0.864,-0.01
16,174,0.872,0.903,-0.007
16,175,0.69,0.753,-0.017
16,176,0.799,0.844,-0.011
16,177,0.996,0.997,0.0
16,178,0.946,0.959,-0.003
16,179,0.835,0.874,-0.009
16,18,0.824,0.865,-0.007
16,180,0.992,0.994,0.0
16,181,0.65,0.718,-0.02
16,182,0.714,0.774,-0.016
16,183,0.881,0.91,-0.006
16,184,0.774,0.824,-0.012
16,185,0.75,0.804,-0.014
16,186,0.658,0.725,-0.019
16,187,0.729,0.787,-0.015
16,188,0.846,0.882,-0.008
16,189,0.762,0.814,-0.013
16,19,0.838,0.876,-0.007
16,190,0.878,0.908,-0.007
16,191,0.937,0.953,-0.003
16,192,0.967,0.976,0.002
16,193,0.945,0.959,-0.003
16,194,0.983,0.987,0.001
16,195,0.976,0.982,-0.001
16,196,0.939,0.955,0.003
16,197,0.884,0.912,0.007
16,198,0.761,0.813,-0.014
16,199,0.675,0.74,-0.019
16,20,0.717,0.776,-0.012
16,200,0.81,0.853,-0.011
16,201,0.817,0.859,-0.011
16,202,0.73,0.787,-0.016
16,203,0.909,0.931,-0.005
16,204,0.925,0.944,-0.004
16,205,0.953,0.965,-0.003
16,206,0.652,0.72,-0.021
16,207,0.771,0.821,-0.014
16,208,0.65,0.718,-0.022
16,209,0.687,0.75,-0.02
16,21,0.653,0.721,-0.015
16,210,0.816,0.858,-0.011
16,211,0.682,0.746,-0.02
16,212,0.64,0.709,-0.023
16,213,0.637,0.706,-0.024
16,214,0.659,0.726,-0.022
16,215,0.658,0.725,-0.023
16,216,0.616,0.688,-0.026
16,217,0.628,0.699,-0.025
16,218,0.587,0.662,-0.028
16,219,0.46,0.543,-0.039
16,22,0.821,0.862,-0.007
16,220,0.433,0.517,-0.042
16,221,0.341,0.422,-0.051
16,222,0.384,0.468,-0.047
16,223,0.45,0.533,-0.041
16,224,0.63,0.701,-0.026
16,225,0.257,0.334,-0.063
16,226,0.362,0.445,-0.051
16,227,0.489,0.571,-0.039
16,228,0.275,0.353,-0.062
16,229,0.378,0.461,-0.051
16,23,0.92,0.94,-0.003
16,230,0.377,0.459,-0.051
16,231,0.321,0.402,-0.058
16,232,0.373,0.456,-0.052
16,233,0.383,0.466,-0.051
16,234,0.293,0.372,-0.063
16,235,0.397,0.48,-0.051
16,236,0.449,0.532,-0.046
16,237,0.403,0.487,-0.051
16,238,0.486,0.567,-0.043
16,239,0.651,0.719,-0.028
16,24,0.632,0.702,-0.016
16,240,0.45,0.533,-0.047
16,241,0.724,0.782,-0.022
16,242,0.559,0.637,-0.037
16,243,0.686,0.75,-0.026
16,244,0.723,0.781,-0.023
16,245,0.786,0.833,-0.018
16,246,0.868,0.9,-0.011
16,247,0.859,0.893,-0.012
16,248,0.953,0.965,0.004
16,249,0.764,0.816,-0.02
16,25,0.569,0.645,-0.019
16,250,0.881,0.91,-0.01
16,251,0.909,0.932,-0.008
16,26,0.805,0.849,-0.008
16,27,0.935,0.951,-0.003
16,28,0.734,0.79,-0.011
16,29,0.866,0.898,-0.006
16,30,0.614,0.687,-0.016
16,31,0.756,0.809,-0.01
16,32,0.839,0.877,-0.007
16,33,0.775,0.825,-0.009
16,34,0.948,0.961,-0.002
16,35,0.806,0.85,-0.008
16,36,0.986,0.99,-0.001
16,37,0.924,0.943,0.003
16,38,0.915,0.936,-0.004
16,39,0.937,0.953,-0.003
16,40,0.72,0.778,-0.012
16,41,0.798,0.843,-0.008
16,42,0.94,0.955,-0.002
16,43,0.747,0.801,-0.011
16,44,0.942,0.957,-0.002
16,45,0.678,0.742,-0.014
16,46,0.589,0.664,-0.018
16,47,0.733,0.79,-0.011
16,48,0.675,0.74,-0.014
16,49,0.999,1.0,-0.0
16,50,0.914,0.935,-0.004
16,51,0.486,0.567,-0.023
16,52,0.742,0.797,-0.011
16,53,0.955,0.967,-0.002
16,54,0.654,0.722,-0.015
16,55,0.815,0.858,-0.008
16,56,0.829,0.869,-0.007
16,57,0.523,0.603,-0.022
16,58,0.565,0.642,-0.02
16,59,0.448,0.531,-0.026
16,6,0.934,0.95,-0.003
16,60,0.893,0.919,-0.005
16,61,0.84,0.878,-0.007
16,62,0.778,0.827,-0.01
16,63,0.899,0.924,-0.004
16,64,0.963,0.973,0.002
16,65,0.673,0.738,-0.015
16,66,0.597,0.671,-0.019
16,67,0.814,0.857,-0.008
16,68,0.963,0.972,-0.002
16,69,0.996,0.997,-0.0
16,7,0.966,0.975,-0.002
16,70,0.923,0.942,0.003
16,71,0.919,0.939,-0.004
16,72,0.756,0.809,-0.011
16,73,0.775,0.825,0.01
16,74,0.907,0.93,0.004
16,75,0.961,0.971,0.002
16,76,0.99,0.993,-0.0
16,77,0.467,0.549,-0.027
16,78,0.423,0.506,-0.029
16,79,0.828,0.868,-0.008
16,8,0.896,0.922,-0.005
16,80,0.958,0.969,-0.002
16,81,0.728,0.786,-0.013
16,82,0.604,0.677,-0.019
16,83,0.666,0.732,-0.016
16,84,0.524,0.604,-0.024
16,85,0.691,0.754,-0.015
16,86,0.766,0.817,-0.011
16,87,0.672,0.738,-0.016
16,88,0.703,0.764,-0.014
16,89,0.768,0.819,-0.011
16,9,0.874,0.904,-0.005
16,90,0.887,0.915,-0.005
16,91,0.935,0.952,0.003
16,92,0.967,0.975,-0.002
16,93,0.907,0.93,0.004
16,94,0.814,0.856,0.009
16,95,0.554,0.632,0.023
16,96,0.585,0.66,0.021
16,97,0.619,0.69,0.019
16,98,0.607,0.68,0.02
16,99,0.664,0.73,0.017
17,10,0.458,0.541,-0.025
17,100,0.347,0.429,0.037
17,101,0.303,0.383,0.04
17,102,0.322,0.403,0.039
17,103,0.307,0.387,0.04
17,104,0.434,0.517,0.031
17,105,0.33,0.412,0.039
17,106,0.4,0.483,0.034
17,107,0.357,0.439,0.037
17,108,0.241,0.315,0.047
17,109,0.235,0.309,0.048
17,11,0.961,0.971,-0.002
17,110,0.205,0.275,0.051
17,111,0.198,0.267,0.052
17,112,0.294,0.373,0.043
17,113,0.314,0.395,0.041
17,114,0.207,0.277,0.051
17,115,0.184,0.251,0.054
17,116,0.161,0.224,0.058
17,117,0.317,0.398,0.041
17,118,0.333,0.415,0.04
17,119,0.238,0.312,0.049
17,12,0.891,0.918,-0.005
17,120,0.236,0.31,0.049
17,121,0.299,0.378,0.043
17,122,0.254,0.33,0.047
17,123,0.527,0.606,0.026
17,124,0.571,0.647,0.023
17,125,0.483,0.565,0.029
17,126,0.468,0.55,0.03
17,127,0.611,0.683,0.021
17,128,0.407,0.49,0.035
17,129,0.435,0.518,0.033
17,13,0.789,0.836,0.009
17,130,0.342,0.424,0.04
17,131,0.384,0.467,0.036
17,132,0.395,0.479,0.036
17,133,0.45,0.533,0.032
17,134,0.436,0.519,0.033
17,135,0.536,0.615,0.026
17,136,0.371,0.453,0.038
17,137,0.32,0.401,0.042
17,138,0.38,0.463,0.037
17,139,0.29,0.369,0.045
17,14,0.767,0.818,0.01
17,140,0.342,0.424,0.04
17,141,0.429,0.512,0.033
17,142,0.615,0.687,0.021
17,143,0.522,0.602,0.027
17,144,0.515,0.596,0.027
17,145,0.503,0.584,0.028
17,146,0.623,0.694,0.021
17,147,0.673,0.738,0.018
17,148,0.68,0.744,0.017
17,149,0.752,0.805,0.013
17,15,0.815,0.858,0.008
17,150,0.641,0.711,0.02
17,151,0.629,0.7,0.02
17,152,0.615,0.687,0.021
17,153,0.636,0.706,0.02
17,154,0.571,0.648,0.024
17,155,0.636,0.706,0.02
17,156,0.595,0.67,0.023
17,157,0.669,0.735,0.018
17,158,0.847,0.883,0.008
17,159,0.843,0.88,0.008
17,16,0.753,0.807,0.01
17,160,0.795,0.841,0.011
17,161,0.646,0.715,0.019
17,162,0.645,0.714,0.02
17,163,0.813,0.855,0.01
17,164,0.923,0.942,0.004
17,165,0.875,0.905,0.007
17,166,0.92,0.94,0.004
17,167,0.842,0.879,0.008
17,168,0.817,0.859,0.01
17,169,0.665,0.731,0.018
17,17,0.717,0.776,-0.012
17,170,0.753,0.806,0.013
17,171,0.67,0.735,0.018
17,172,0.724,0.782,0.015
17,173,0.764,0.815,0.013
17,174,0.802,0.847,0.011
17,175,0.745,0.8,-0.014
17,176,0.702,0.763,-0.016
17,177,0.702,0.763,-0.016
17,178,0.727,0.785,-0.015
17,179,0.837,0.875,-0.009
17,18,0.504,0.584,0.022
17,180,0.977,0.983,0.001
17,181,0.619,0.691,-0.021
17,182,0.802,0.847,-0.011
17,183,0.695,0.757,-0.017
17,184,0.662,0.729,-0.019
17,185,0.843,0.88,-0.009
17,186,0.932,0.949,0.004
17,187,0.778,0.827,-0.012
17,188,0.729,0.786,-0.015
17,189,0.744,0.799,-0.014
17,19,0.941,0.956,0.002
17,190,0.726,0.784,-0.015
17,191,0.651,0.72,-0.02
17,192,0.725,0.783,-0.015
17,193,0.912,0.934,-0.005
17,194,0.743,0.798,-0.015
17,195,0.584,0.659,-0.024
17,196,0.634,0.704,-0.021
17,197,0.913,0.935,-0.005
17,198,0.927,0.945,-0.004
17,199,0.947,0.96,0.003
17,20,0.92,0.94,-0.003
17,200,0.948,0.962,-0.003
17,201,0.761,0.813,0.014
17,202,0.861,0.894,0.008
17,203,0.851,0.886,-0.009
17,204,0.802,0.847,-0.012
17,205,0.764,0.816,-0.014
17,206,0.987,0.991,-0.001
17,207,0.994,0.996,0.0
17,208,0.916,0.937,-0.005
17,209,0.937,0.953,-0.004
17,21,0.97,0.978,-0.001
17,210,0.93,0.948,-0.004
17,211,0.951,0.963,-0.003
17,212,0.863,0.896,-0.008
17,213,0.761,0.813,-0.015
17,214,0.88,0.909,-0.008
17,215,0.703,0.764,-0.019
17,216,0.777,0.827,-0.014
17,217,0.665,0.731,-0.022
17,218,0.7,0.762,-0.02
17,219,0.612,0.685,-0.026
17,22,0.63,0.701,-0.016
17,220,0.69,0.753,-0.021
17,221,0.473,0.556,-0.038
17,222,0.417,0.501,-0.043
17,223,0.539,0.617,-0.033
17,224,0.438,0.521,-0.042
17,225,0.547,0.625,-0.033
17,226,0.478,0.56,-0.039
17,227,0.401,0.485,-0.047
17,228,0.428,0.511,-0.045
17,229,0.712,0.771,-0.021
17,23,0.98,0.986,0.001
17,230,0.451,0.534,-0.043
17,231,0.449,0.532,-0.044
17,232,0.386,0.469,-0.051
17,233,0.543,0.622,-0.036
17,234,0.582,0.657,-0.033
17,235,0.487,0.569,-0.042
17,236,0.625,0.696,-0.029
17,237,0.747,0.801,-0.02
17,238,0.709,0.769,-0.023
17,239,0.667,0.733,-0.027
17,24,0.954,0.966,-0.002
17,240,0.639,0.708,-0.029
17,241,0.835,0.874,-0.013
17,242,0.806,0.85,-0.016
17,243,0.802,0.847,-0.016
17,244,0.68,0.744,-0.027
17,245,0.701,0.762,-0.025
17,246,0.827,0.867,-0.014
17,247,0.773,0.823,-0.019
17,248,0.756,0.809,-0.021
17,249,0.715,0.774,-0.025
17,25,0.853,0.888,-0.006
17,250,0.833,0.872,-0.014
17,251,0.864,0.896,-0.012
17,26,0.696,0.758,-0.013
17,27,0.85,0.885,0.006
17,28,0.814,0.856,-0.008
17,29,0.857,0.891,-0.006
17,30,0.774,0.824,-0.009
17,31,0.778,0.827,-0.009
17,32,0.96,0.97,-0.002
17,33,0.826,0.866,-0.007
17,34,0.953,0.965,-0.002
17,35,0.994,0.995,0.0
17,36,0.869,0.901,-0.005
17,37,0.811,0.854,0.008
17,38,0.871,0.902,-0.005
17,39,0.889,0.916,0.005
17,40,0.972,0.98,-0.001
17,41,0.893,0.919,-0.004
17,42,0.749,0.803,0.011
17,43,0.786,0.833,0.009
17,44,0.906,0.929,-0.004
17,45,0.751,0.805,0.011
17,46,0.769,0.82,0.01
17,47,0.985,0.989,0.001
17,48,0.836,0.874,-0.007
17,49,0.825,0.866,-0.007
17,50,0.978,0.983,0.001
17,51,0.843,0.879,0.007
17,52,0.961,0.971,-0.002
17,53,0.778,0.827,-0.01
17,54,0.771,0.822,-0.01
17,55,0.773,0.823,0.01
17,56,0.86,0.893,0.006
17,57,0.949,0.962,0.002
17,58,0.967,0.975,0.001
17,59,0.916,0.937,-0.004
17,6,0.924,0.943,0.003
17,60,0.987,0.99,0.001
17,61,0.985,0.989,-0.001
17,62,0.913,0.935,0.004
17,63,0.814,0.857,0.008
17,64,0.882,0.911,0.005
17,65,0.921,0.941,-0.003
17,66,0.741,0.797,0.012
17,67,0.841,0.878,0.007
17,68,0.768,0.819,0.01
17,69,0.835,0.874,0.007
17,7,0.497,0.578,-0.023
17,70,0.933,0.949,0.003
17,71,0.817,0.859,0.008
17,72,0.975,0.981,0.001
17,73,0.635,0.705,-0.017
17,74,0.92,0.94,0.004
17,75,0.969,0.977,-0.001
17,76,0.988,0.991,-0.001
17,77,0.927,0.945,-0.003
17,78,0.989,0.992,-0.001
17,79,0.951,0.963,0.002
17,8,0.64,0.709,-0.016
17,80,0.898,0.923,-0.005
17,81,0.781,0.83,-0.01
17,82,0.726,0.783,-0.013
17,83,0.614,0.686,-0.019
17,84,0.916,0.937,-0.004
17,85,0.901,0.926,-0.005
17,86,0.714,0.773,-0.014
17,87,0.835,0.873,0.008
17,88,0.702,0.763,0.015
17,89,0.802,0.846,0.01
17,9,0.927,0.945,-0.003
17,90,0.784,0.832,0.01
17,91,0.782,0.83,0.011
17,92,0.404,0.488,0.032
17,93,0.453,0.536,0.029
17,94,0.565,0.641,0.022
17,95,0.661,0.728,0.017
17,96,0.339,0.421,0.037
17,97,0.306,0.386,0.04
17,98,0.388,0.471,0.034
17,99,0.371,0.453,0.035
18,10,0.493,0.574,-0.023
18,100,0.296,0.375,0.041
18,101,0.282,0.361,0.043
18,102,0.59,0.665,0.022
18,103,0.643,0.712,0.019
18,104,0.46,0.543,0.03
18,105,0.307,0.387,0.041
18,106,0.223,0.295,0.049
18,107,0.473,0.555,0.029
18,108,0.288,0.367,0.043
18,109,0.366,0.449,0.037
18,11,0.827,0.867,-0.007
18,110,0.497,0.578,0.028
18,111,0.474,0.556,0.029
18,112,0.545,0.624,0.025
18,113,0.528,0.607,0.026
18,114,0.415,0.498,0.034
18,115,0.348,0.43,0.039
18,116,0.468,0.55,0.03
18,117,0.667,0.733,0.018
18,118,0.709,0.77,0.015
18,119,0.821,0.862,0.009
18,12,0.914,0.935,-0.004
18,120,0.415,0.498,0.034
18,121,0.444,0.526,0.032
18,122,0.746,0.801,0.014
18,123,0.839,0.877,0.008
18,124,0.658,0.725,0.019
18,125,0.609,0.682,0.021
18,126,0.57,0.647,0.024
18,127,0.48,0.562,0.03
18,128,0.573,0.649,0.024
18,129,0.445,0.528,0.032
18,13,0.969,0.977,-0.001
18,130,0.66,0.727,0.019
18,131,0.523,0.603,0.027
18,132,0.356,0.439,0.039
18,133,0.45,0.533,0.032
18,134,0.362,0.445,0.039
18,135,0.601,0.675,0.022
18,136,0.866,0.898,0.007
18,137,0.846,0.882,0.008
18,138,0.616,0.688,0.021
18,139,0.528,0.607,0.027
18,14,0.604,0.677,-0.017
18,140,0.653,0.721,0.019
18,141,0.786,0.834,0.012
18,142,0.852,0.887,0.008
18,143,0.755,0.808,0.013
18,144,0.775,0.824,0.012
18,145,0.599,0.672,0.023
18,146,0.707,0.767,0.016
18,147,0.61,0.683,0.022
18,148,0.669,0.734,0.018
18,149,0.513,0.593,0.028
18,15,0.982,0.986,-0.001
18,150,0.652,0.72,0.019
18,151,0.746,0.8,0.014
18,152,0.541,0.62,0.026
18,153,0.623,0.695,0.021
18,154,0.646,0.715,0.02
18,155,0.773,0.823,0.012
18,156,0.775,0.825,0.012
18,157,0.625,0.696,0.021
18,158,0.869,0.901,0.007
18,159,0.902,0.926,-0.005
18,16,0.951,0.964,-0.002
18,160,0.863,0.895,-0.007
18,161,0.96,0.97,-0.002
18,162,0.864,0.896,0.007
18,163,0.928,0.946,0.004
18,164,0.726,0.783,0.015
18,165,0.958,0.969,0.002
18,166,0.97,0.978,0.002
18,167,0.957,0.968,-0.002
18,168,0.918,0.939,0.004
18,169,0.78,0.829,-0.012
18,17,0.95,0.963,0.002
18,170,0.997,0.997,0.0
18,171,0.955,0.966,0.002
18,172,0.948,0.961,0.003
18,173,0.95,0.962,-0.003
18,174,0.717,0.776,-0.016
18,175,0.776,0.825,-0.012
18,176,0.719,0.778,-0.015
18,177,0.675,0.74,-0.018
18,178,0.729,0.786,-0.015
18,179,0.712,0.772,-0.016
18,18,0.75,0.804,0.01
18,180,0.718,0.777,-0.016
18,181,0.654,0.721,-0.019
18,182,0.814,0.856,-0.01
18,183,0.967,0.975,-0.002
18,184,0.716,0.775,-0.016
18,185,0.773,0.823,-0.012
18,186,0.663,0.729,-0.019
18,187,0.519,0.599,-0.028
18,188,0.768,0.818,-0.013
18,189,0.434,0.517,-0.034
18,19,0.863,0.896,0.006
18,190,0.414,0.497,-0.036
18,191,0.352,0.434,-0.041
18,192,0.766,0.817,-0.013
18,193,0.629,0.699,-0.021
18,194,0.502,0.583,-0.03
18,195,0.456,0.539,-0.033
18,196,0.647,0.716,-0.02
18,197,0.702,0.763,-0.017
18,198,0.816,0.858,-0.01
18,199,0.797,0.842,-0.012
18,20,0.896,0.922,-0.004
18,200,0.728,0.785,-0.016
18,201,0.724,0.782,-0.016
18,202,0.679,0.743,-0.019
18,203,0.7,0.762,-0.018
18,204,0.934,0.951,-0.004
18,205,0.8,0.845,-0.012
18,206,0.937,0.953,-0.004
18,207,0.872,0.902,-0.008
18,208,0.994,0.995,-0.0
18,209,0.892,0.918,-0.006
18,21,0.755,0.808,0.01
18,210,0.801,0.846,-0.012
18,211,0.988,0.991,0.001
18,212,0.659,0.726,-0.021
18,213,0.921,0.941,-0.005
18,214,0.808,0.851,-0.012
18,215,0.694,0.756,-0.02
18,216,0.748,0.802,-0.016
18,217,0.732,0.789,-0.017
18,218,0.757,0.81,-0.016
18,219,0.673,0.738,-0.022
18,22,0.646,0.715,0.015
18,220,0.91,0.933,-0.006
18,221,0.689,0.752,-0.021
18,222,0.785,0.833,-0.014
18,223,0.811,0.854,-0.013
18,224,0.705,0.766,-0.02
18,225,0.709,0.769,-0.02
18,226,0.863,0.896,-0.009
18,227,0.655,0.723,-0.025
18,228,0.446,0.529,-0.043
18,229,0.684,0.748,-0.023
18,23,0.844,0.88,-0.006
18,230,0.663,0.729,-0.025
18,231,0.574,0.65,-0.032
18,232,0.602,0.676,-0.03
18,233,0.579,0.655,-0.032
18,234,0.574,0.65,-0.033
18,235,0.634,0.704,-0.028
18,236,0.819,0.861,-0.014
18,237,0.707,0.768,-0.023
18,238,0.67,0.736,-0.026
18,239,0.842,0.879,-0.012
18,24,0.7,0.762,0.013
18,240,0.747,0.801,-0.02
18,241,0.449,0.532,-0.047
18,242,0.712,0.772,-0.023
18,243,0.59,0.665,-0.034
18,244,0.541,0.62,-0.039
18,245,0.565,0.641,-0.037
18,246,0.611,0.684,-0.033
18,247,0.654,0.722,-0.03
18,248,0.814,0.856,-0.016
18,249,0.879,0.908,-0.01
18,25,0.798,0.843,0.008
18,250,0.803,0.848,-0.017
18,251,0.857,0.891,-0.012
18,26,0.777,0.826,0.009
18,27,0.772,0.822,0.01
18,28,0.755,0.808,-0.01
18,29,0.963,0.973,0.002
18,30,0.715,0.774,0.012
18,31,0.94,0.955,0.002
18,32,0.913,0.934,0.004
18,33,0.916,0.937,-0.003
18,34,0.859,0.893,0.006
18,35,0.87,0.901,0.005
18,36,0.847,0.883,-0.006
18,37,0.819,0.861,-0.008
18,38,0.942,0.956,-0.002
18,39,0.858,0.891,-0.006
18,40,0.807,0.851,-0.008
18,41,0.946,0.959,-0.002
18,42,0.765,0.816,0.01
18,43,0.983,0.987,0.001
18,44,0.926,0.944,0.003
18,45,0.873,0.903,0.005
18,46,0.996,0.997,0.0
18,47,0.915,0.936,0.004
18,48,0.885,0.913,0.005
18,49,0.885,0.913,-0.005
18,50,0.968,0.976,-0.001
18,51,0.964,0.974,0.002
18,52,0.792,0.838,-0.009
18,53,0.905,0.929,0.004
18,54,0.626,0.697,0.017
18,55,0.847,0.883,0.007
18,56,0.938,0.954,-0.003
18,57,0.865,0.897,0.006
18,58,0.988,0.991,0.001
18,59,0.875,0.905,0.005
18,6,0.474,0.556,-0.025
18,60,0.877,0.907,0.005
18,61,0.743,0.798,0.011
18,62,0.654,0.721,0.016
18,63,0.688,0.752,0.014
18,64,0.62,0.692,0.017
18,65,0.726,0.783,0.012
18,66,0.95,0.963,0.002
18,67,0.77,0.821,0.01
18,68,0.729,0.787,0.012
18,69,0.569,0.645,0.02
18,7,0.565,0.642,-0.02
18,70,0.944,0.958,0.003
18,71,0.761,0.813,0.011
18,72,0.889,0.916,0.005
18,73,0.837,0.875,0.007
18,74,0.689,0.752,0.015
18,75,0.951,0.963,-0.002
18,76,0.889,0.916,0.005
18,77,0.814,0.856,0.009
18,78,0.767,0.818,-0.011
18,79,0.994,0.995,0.0
18,8,0.747,0.802,-0.011
18,80,0.966,0.975,0.002
18,81,0.945,0.959,0.003
18,82,0.928,0.946,-0.003
18,83,0.798,0.844,-0.01
18,84,0.996,0.997,-0.0
18,85,0.977,0.983,-0.001
18,86,0.862,0.895,-0.007
18,87,0.874,0.904,0.006
18,88,0.657,0.724,0.017
18,89,0.802,0.847,0.01
18,9,0.665,0.732,-0.015
18,90,0.912,0.934,-0.004
18,91,0.763,0.815,0.012
18,92,0.682,0.746,0.016
18,93,0.627,0.698,0.019
18,94,0.716,0.775,0.014
18,95,0.591,0.665,0.021
18,96,0.464,0.547,0.029
18,97,0.547,0.625,0.024
18,98,0.396,0.48,0.033
18,99,0.439,0.522,0.031
19,10,0.59,0.665,0.018
19,100,0.329,0.41,0.039
19,101,0.295,0.375,0.042
19,102,0.166,0.23,0.056
19,103,0.319,0.4,0.04
19,104,0.389,0.472,0.035
19,105,0.42,0.503,0.033
19,106,0.298,0.378,0.042
19,107,0.269,0.346,0.045
19,108,0.243,0.317,0.048
19,109,0.318,0.399,0.041
19,11,0.728,0.785,0.012
19,110,0.304,0.384,0.042
19,111,0.236,0.31,0.049
19,112,0.433,0.516,0.032
19,113,0.401,0.484,0.035
19,114,0.494,0.575,0.028
19,115,0.45,0.533,0.031
19,116,0.301,0.38,0.043
19,117,0.422,0.505,0.034
19,118,0.462,0.545,0.031
19,119,0.592,0.666,0.023
19,12,0.4,0.483,0.028
19,120,0.465,0.547,0.031
19,121,0.435,0.518,0.033
19,122,0.232,0.306,0.05
19,123,0.304,0.384,0.044
19,124,0.356,0.438,0.039
19,125,0.444,0.527,0.032
19,126,0.498,0.579,0.029
19,127,0.42,0.503,0.034
19,128,0.523,0.603,0.027
19,129,0.532,0.611,0.027
19,13,0.981,0.986,-0.001
19,130,0.753,0.807,0.013
19,131,0.701,0.762,0.016
19,132,0.662,0.729,0.019
19,133,0.699,0.76,0.017
19,134,0.733,0.79,0.015
19,135,0.628,0.699,0.021
19,136,0.472,0.554,0.031
19,137,0.631,0.701,0.021
19,138,0.705,0.766,0.016
19,139,0.714,0.773,0.016
19,14,0.93,0.948,0.003
19,140,0.638,0.707,0.02
19,141,0.497,0.578,0.029
19,142,0.605,0.679,0.022
19,143,0.585,0.66,0.023
19,144,0.754,0.807,0.014
19,145,0.727,0.785,0.015
19,146,0.792,0.839,0.011
19,147,0.838,0.875,0.009
19,148,0.652,0.72,0.019
19,149,0.786,0.834,0.012
19,15,0.678,0.743,0.014
19,150,0.686,0.75,0.017
19,151,0.729,0.786,0.015
19,152,0.794,0.84,0.011
19,153,0.876,0.906,0.007
19,154,0.804,0.849,0.011
19,155,0.845,0.881,0.008
19,156,0.712,0.771,0.016
19,157,0.831,0.871,0.009
19,158,0.614,0.686,0.022
19,159,0.727,0.785,0.015
19,16,0.883,0.912,0.005
19,160,0.693,0.756,0.017
19,161,0.614,0.686,0.022
19,162,0.593,0.668,0.023
19,163,0.643,0.712,0.02
19,164,0.649,0.717,0.02
19,165,0.781,0.829,0.012
19,166,0.827,0.867,0.009
19,167,0.727,0.785,0.015
19,168,0.623,0.695,0.021
19,169,0.639,0.708,0.02
19,17,0.86,0.893,0.006
19,170,0.803,0.848,0.011
19,171,0.847,0.883,-0.008
19,172,0.949,0.962,-0.003
19,173,0.91,0.932,0.005
19,174,0.803,0.848,0.011
19,175,0.917,0.938,-0.004
19,176,0.873,0.903,-0.007
19,177,0.953,0.965,-0.003
19,178,0.946,0.96,0.003
19,179,0.984,0.988,-0.001
19,18,0.902,0.926,-0.004
19,180,0.801,0.846,-0.011
19,181,0.985,0.989,0.001
19,182,0.813,0.856,-0.01
19,183,0.906,0.929,-0.005
19,184,0.823,0.864,-0.01
19,185,0.948,0.961,-0.003
19,186,0.974,0.981,-0.001
19,187,0.725,0.783,-0.015
19,188,0.935,0.951,-0.004
19,189,0.982,0.987,-0.001
19,19,0.607,0.68,0.017
19,190,0.974,0.981,0.001
19,191,0.97,0.978,0.002
19,192,0.992,0.994,-0.0
19,193,0.892,0.918,-0.006
19,194,0.865,0.897,-0.007
19,195,0.747,0.801,-0.014
19,196,0.763,0.815,-0.013
19,197,0.648,0.716,-0.02
19,198,0.683,0.747,-0.018
19,199,0.57,0.647,-0.025
19,20,0.916,0.937,0.003
19,200,0.703,0.764,-0.017
19,201,0.533,0.612,-0.028
19,202,0.59,0.664,-0.024
19,203,0.926,0.945,-0.004
19,204,0.741,0.796,-0.015
19,205,0.82,0.861,-0.01
19,206,0.553,0.631,-0.027
19,207,0.683,0.747,-0.019
19,208,0.813,0.856,-0.011
19,209,0.754,0.807,-0.015
19,21,0.775,0.825,0.009
19,210,0.969,0.977,-0.002
19,211,0.471,0.553,-0.034
19,212,0.579,0.655,-0.027
19,213,0.887,0.915,-0.007
19,214,0.685,0.748,-0.02
19,215,0.696,0.758,-0.019
19,216,0.703,0.764,-0.019
19,217,0.592,0.667,-0.027
19,218,0.822,0.863,-0.011
19,219,0.7,0.761,-0.02
19,22,0.943,0.958,-0.002
19,220,0.757,0.81,-0.016
19,221,0.841,0.878,-0.01
19,222,0.761,0.813,-0.016
19,223,0.677,0.742,-0.022
19,224,0.805,0.849,-0.013
19,225,0.826,0.866,-0.012
19,226,0.684,0.748,-0.022
19,227,0.772,0.822,-0.016
19,228,0.82,0.861,-0.013
19,229,0.903,0.927,-0.007
19,23,0.996,0.997,0.0
19,230,0.722,0.781,-0.02
19,231,0.781,0.83,-0.016
19,232,0.824,0.865,-0.013
19,233,0.617,0.689,-0.029
19,234,0.697,0.759,-0.023
19,235,0.735,0.791,-0.02
19,236,0.705,0.766,-0.023
19,237,0.707,0.768,-0.023
19,238,0.926,0.944,-0.006
19,239,0.616,0.688,-0.031
19,24,0.57,0.646,0.019
19,240,0.518,0.598,-0.04
19,241,0.643,0.712,-0.029
19,242,0.762,0.814,-0.019
19,243,0.552,0.63,-0.038
19,244,0.638,0.708,-0.03
19,245,0.591,0.666,-0.035
19,246,0.577,0.652,-0.037
19,247,0.648,0.717,-0.03
19,248,0.749,0.803,-0.021
19,249,0.619,0.691,-0.034
19,25,0.92,0.94,0.003
19,250,0.626,0.697,-0.033
19,251,0.755,0.808,-0.021
19,26,0.908,0.931,-0.004
19,27,0.776,0.825,0.009
19,28,0.918,0.938,0.003
19,29,0.557,0.635,0.019
19,30,0.77,0.821,0.01
19,31,0.783,0.831,0.009
19,32,0.842,0.879,-0.007
19,33,0.648,0.717,0.015
19,34,0.838,0.876,0.007
19,35,0.781,0.829,0.009
19,36,0.996,0.997,0.0
19,37,0.699,0.761,0.013
19,38,0.808,0.852,0.008
19,39,0.901,0.926,-0.004
19,40,0.742,0.797,0.011
19,41,0.726,0.784,-0.012
19,42,0.874,0.904,-0.005
19,43,0.763,0.815,0.01
19,44,0.691,0.754,0.013
19,45,0.942,0.957,0.002
19,46,0.792,0.839,0.009
19,47,0.924,0.943,-0.003
19,48,0.824,0.864,0.008
19,49,0.998,0.998,-0.0
19,50,0.879,0.908,-0.005
19,51,0.993,0.995,0.0
19,52,0.93,0.947,-0.003
19,53,0.95,0.963,-0.002
19,54,0.512,0.592,0.022
19,55,0.743,0.798,0.011
19,56,0.996,0.997,-0.0
19,57,0.744,0.799,0.011
19,58,0.592,0.666,0.019
19,59,0.689,0.752,0.014
19,6,0.759,0.811,-0.011
19,60,0.612,0.685,0.018
19,61,0.632,0.702,0.017
19,62,0.761,0.813,0.011
19,63,0.454,0.536,0.026
19,64,0.505,0.586,0.024
19,65,0.536,0.615,0.022
19,66,0.68,0.744,0.015
19,67,0.776,0.826,0.01
19,68,0.628,0.698,0.017
19,69,0.487,0.569,0.025
19,7,0.952,0.964,0.002
19,70,0.63,0.701,0.017
19,71,0.895,0.921,0.005
19,72,0.581,0.656,0.02
19,73,0.502,0.583,0.024
19,74,0.754,0.807,0.011
19,75,0.845,0.881,0.007
19,76,0.717,0.776,0.013
19,77,0.717,0.776,0.013
19,78,0.779,0.828,0.01
19,79,0.533,0.612,0.023
19,8,0.51,0.59,0.023
19,80,0.486,0.568,0.026
19,81,0.815,0.857,0.009
19,82,0.835,0.873,0.008
19,83,0.768,0.819,0.011
19,84,0.505,0.586,0.025
19,85,0.668,0.734,0.016
19,86,0.53,0.609,0.024
19,87,0.515,0.595,0.025
19,88,0.842,0.879,0.008
19,89,0.769,0.82,0.011
19,9,0.664,0.731,0.015
19,90,0.625,0.696,0.019
19,91,0.343,0.425,0.037
19,92,0.43,0.513,0.031
19,93,0.446,0.529,0.03
19,94,0.556,0.634,0.023
19,95,0.424,0.507,0.031
19,96,0.413,0.496,0.032
19,97,0.435,0.518,0.031
19,98,0.443,0.526,0.03
19,99,0.493,0.575,0.027
2,10,0.98,0.985,0.001
2,100,0.643,0.712,-0.018
2,101,0.854,0.888,-0.007
2,102,0.609,0.682,-0.02
2,103,0.748,0.802,-0.012
2,104,0.652,0.72,-0.017
2,105,0.725,0.782,-0.014
2,106,0.627,0.698,-0.019
2,107,0.473,0.555,-0.028
2,108,0.681,0.746,-0.016
2,109,0.808,0.851,-0.01
2,11,0.992,0.994,-0.0
2,110,0.609,0.682,-0.02
2,111,0.647,0.716,-0.018
2,112,0.717,0.776,-0.014
2,113,0.535,0.614,-0.025
2,114,0.49,0.572,-0.027
2,115,0.499,0.58,-0.027
2,116,0.695,0.757,-0.016
2,117,0.734,0.79,-0.014
2,118,0.772,0.822,-0.012
2,119,0.941,0.956,-0.003
2,12,0.868,0.9,0.006
2,120,0.903,0.927,-0.005
2,121,0.798,0.844,0.01
2,122,0.881,0.91,-0.006
2,123,0.943,0.957,0.003
2,124,0.964,0.973,0.002
2,125,0.974,0.981,-0.001
2,126,0.979,0.985,0.001
2,127,0.954,0.965,-0.002
2,128,0.869,0.9,0.007
2,129,0.82,0.861,0.009
2,13,0.979,0.984,0.001
2,130,0.837,0.875,0.008
2,131,0.977,0.983,-0.001
2,132,0.931,0.948,0.004
2,133,0.996,0.997,-0.0
2,134,0.982,0.987,-0.001
2,135,0.975,0.981,0.001
2,136,0.825,0.866,0.009
2,137,0.964,0.973,0.002
2,138,0.823,0.864,-0.009
2,139,0.819,0.861,-0.009
2,14,0.801,0.846,0.009
2,140,0.853,0.887,-0.008
2,141,0.815,0.857,-0.01
2,142,0.841,0.878,-0.008
2,143,0.741,0.797,-0.014
2,144,0.756,0.809,-0.013
2,145,0.511,0.591,-0.028
2,146,0.557,0.634,-0.025
2,147,0.814,0.857,-0.01
2,148,0.844,0.881,-0.008
2,149,0.871,0.902,-0.007
2,15,0.949,0.962,0.002
2,150,0.913,0.934,-0.005
2,151,0.959,0.969,-0.002
2,152,0.982,0.987,-0.001
2,153,0.852,0.887,-0.008
2,154,0.948,0.961,-0.003
2,155,0.974,0.981,0.001
2,156,0.948,0.961,0.003
2,157,0.901,0.925,-0.005
2,158,0.846,0.882,-0.008
2,159,0.86,0.893,0.008
2,16,0.925,0.944,-0.003
2,160,0.982,0.987,0.001
2,161,0.832,0.871,0.009
2,162,0.969,0.977,-0.002
2,163,0.956,0.967,-0.002
2,164,0.836,0.874,0.009
2,165,0.784,0.832,0.012
2,166,0.944,0.958,0.003
2,167,0.899,0.923,-0.006
2,168,0.999,0.999,0.0
2,169,0.946,0.96,0.003
2,17,0.867,0.899,0.006
2,170,0.977,0.983,-0.001
2,171,0.873,0.904,-0.007
2,172,0.957,0.968,0.002
2,173,0.799,0.845,-0.012
2,174,0.798,0.843,-0.012
2,175,0.924,0.943,-0.004
2,176,0.913,0.935,-0.005
2,177,0.845,0.881,-0.009
2,178,0.783,0.831,-0.013
2,179,0.918,0.938,-0.005
2,18,0.821,0.862,-0.008
2,180,0.984,0.988,-0.001
2,181,0.927,0.945,0.004
2,182,0.929,0.947,-0.004
2,183,0.783,0.831,-0.013
2,184,0.876,0.906,-0.008
2,185,0.969,0.977,0.002
2,186,0.818,0.86,-0.011
2,187,0.941,0.956,-0.004
2,188,0.789,0.836,-0.013
2,189,0.638,0.708,-0.023
2,19,0.928,0.946,0.003
2,190,0.872,0.902,-0.008
2,191,0.854,0.889,-0.009
2,192,0.743,0.798,-0.017
2,193,0.918,0.938,-0.005
2,194,0.907,0.93,-0.006
2,195,0.941,0.956,0.004
2,196,0.903,0.927,-0.006
2,197,0.913,0.935,-0.006
2,198,0.809,0.852,0.013
2,199,0.881,0.909,-0.008
2,20,0.925,0.944,-0.003
2,200,0.916,0.937,-0.006
2,201,0.779,0.828,-0.015
2,202,0.932,0.949,-0.005
2,203,0.99,0.993,-0.001
2,204,0.738,0.794,0.018
2,205,0.933,0.95,0.005
2,206,0.673,0.738,0.023
2,207,0.698,0.76,0.021
2,208,0.824,0.864,0.012
2,209,0.629,0.7,0.026
2,21,0.788,0.835,-0.009
2,210,0.685,0.748,0.022
2,211,0.808,0.852,0.013
2,212,0.771,0.821,0.016
2,213,0.674,0.739,0.023
2,214,0.591,0.666,0.03
2,215,0.66,0.727,0.025
2,216,0.705,0.766,0.021
2,217,0.774,0.824,0.016
2,218,0.558,0.636,0.033
2,219,0.498,0.579,0.039
2,22,0.775,0.825,0.01
2,220,0.568,0.645,0.032
2,221,0.601,0.675,0.03
2,222,0.579,0.655,0.032
2,223,0.445,0.528,0.044
2,224,0.74,0.795,0.019
2,225,0.609,0.681,0.03
2,226,0.626,0.697,0.028
2,227,0.767,0.818,0.017
2,228,0.684,0.748,0.024
2,229,0.695,0.758,0.023
2,23,0.808,0.852,0.008
2,230,0.658,0.725,0.026
2,231,0.783,0.831,0.016
2,232,0.776,0.826,0.017
2,233,0.777,0.826,0.017
2,234,0.918,0.938,0.006
2,235,0.678,0.743,0.025
2,236,0.786,0.833,0.016
2,237,0.869,0.9,0.01
2,238,0.713,0.773,0.022
2,239,0.826,0.866,0.013
2,24,0.635,0.705,-0.016
2,240,0.907,0.93,0.007
2,241,0.939,0.954,-0.005
2,242,0.961,0.971,-0.003
2,243,0.973,0.98,-0.002
2,244,0.951,0.963,0.004
2,245,0.881,0.91,-0.009
2,246,0.834,0.873,0.013
2,247,0.921,0.941,0.006
2,248,0.831,0.87,0.014
2,249,0.752,0.806,0.021
2,25,0.722,0.78,-0.012
2,250,0.72,0.779,0.024
2,26,0.767,0.818,0.01
2,27,0.596,0.67,-0.018
2,28,0.921,0.941,-0.003
2,29,0.927,0.945,-0.003
2,30,0.69,0.753,-0.013
2,31,0.864,0.896,-0.006
2,32,0.629,0.7,-0.016
2,33,0.458,0.541,-0.025
2,34,0.578,0.653,-0.019
2,35,0.581,0.657,-0.018
2,36,0.64,0.71,-0.016
2,37,0.539,0.618,-0.02
2,38,0.786,0.833,-0.009
2,39,0.473,0.555,-0.024
2,40,0.522,0.602,-0.021
2,41,0.851,0.886,-0.006
2,42,0.73,0.787,-0.012
2,43,0.658,0.726,-0.015
2,44,0.529,0.608,-0.021
2,45,0.676,0.741,-0.014
2,46,0.633,0.704,-0.016
2,47,0.896,0.922,-0.004
2,48,0.973,0.98,-0.001
2,49,0.503,0.584,-0.023
2,50,0.675,0.74,-0.014
2,51,0.953,0.965,-0.002
2,52,0.73,0.787,-0.012
2,53,0.984,0.988,-0.001
2,54,0.794,0.84,-0.009
2,55,0.807,0.851,-0.008
2,56,0.629,0.7,-0.016
2,57,0.545,0.624,-0.021
2,58,0.923,0.942,-0.003
2,59,0.571,0.647,-0.02
2,60,0.883,0.911,0.005
2,61,0.855,0.889,-0.006
2,62,0.861,0.894,-0.006
2,63,0.966,0.975,0.001
2,64,0.75,0.804,-0.011
2,65,0.861,0.894,-0.006
2,66,0.63,0.7,-0.017
2,67,0.979,0.984,-0.001
2,68,0.919,0.939,0.004
2,69,0.759,0.811,-0.011
2,70,0.833,0.872,-0.007
2,71,0.845,0.881,-0.007
2,72,0.987,0.99,-0.001
2,73,0.798,0.843,-0.009
2,74,0.862,0.895,-0.006
2,75,0.972,0.979,0.001
2,76,0.843,0.88,-0.007
2,77,0.764,0.815,-0.011
2,78,0.95,0.963,0.002
2,79,0.982,0.987,0.001
2,80,0.871,0.901,-0.006
2,81,0.616,0.688,-0.018
2,82,0.726,0.784,-0.013
2,83,0.997,0.998,-0.0
2,84,0.925,0.944,0.003
2,85,0.789,0.836,-0.01
2,86,0.979,0.984,0.001
2,87,0.91,0.933,0.004
2,88,0.99,0.993,0.0
2,89,0.96,0.97,-0.002
2,9,0.952,0.964,-0.002
2,90,0.928,0.946,-0.003
2,91,0.917,0.938,-0.004
2,92,0.958,0.969,0.002
2,93,0.837,0.875,-0.008
2,94,0.818,0.859,-0.009
2,95,0.732,0.789,-0.013
2,96,0.925,0.944,-0.004
2,97,0.856,0.89,-0.007
2,98,0.658,0.726,-0.017
2,99,0.556,0.634,-0.022
20,10,0.744,0.799,-0.011
20,100,0.71,0.77,0.015
20,101,0.981,0.986,-0.001
20,102,0.764,0.815,0.012
20,103,0.527,0.606,0.026
20,104,0.523,0.603,0.026
20,105,0.639,0.709,0.019
20,106,0.494,0.575,0.028
20,107,0.505,0.586,0.027
20,108,0.773,0.823,0.012
20,109,0.811,0.854,0.01
20,11,0.688,0.751,0.014
20,110,0.578,0.654,0.023
20,111,0.629,0.7,0.02
20,112,0.46,0.543,0.031
20,113,0.264,0.34,0.047
20,114,0.429,0.512,0.033
20,115,0.664,0.73,0.018
20,116,0.533,0.612,0.026
20,117,0.465,0.547,0.031
20,118,0.616,0.688,0.021
20,119,0.774,0.824,0.012
20,12,0.61,0.683,0.017
20,120,0.832,0.871,0.009
20,121,0.831,0.87,0.009
20,122,0.761,0.813,0.013
20,123,0.667,0.733,0.018
20,124,0.734,0.79,0.015
20,125,0.862,0.895,0.007
20,126,0.676,0.741,0.018
20,127,0.778,0.827,0.012
20,128,0.785,0.833,0.012
20,129,0.65,0.718,0.02
20,13,0.525,0.605,0.021
20,130,0.774,0.824,0.012
20,131,0.798,0.844,0.011
20,132,0.485,0.567,0.03
20,133,0.578,0.654,0.024
20,134,0.736,0.792,0.015
20,135,0.747,0.801,0.014
20,136,0.605,0.678,0.022
20,137,0.555,0.633,0.026
20,138,0.626,0.697,0.021
20,139,0.682,0.746,0.018
20,14,0.974,0.981,0.001
20,140,0.781,0.83,0.012
20,141,0.833,0.872,0.009
20,142,0.689,0.752,0.017
20,143,0.84,0.878,0.009
20,144,0.777,0.826,0.012
20,145,0.873,0.903,0.007
20,146,0.966,0.975,0.002
20,147,0.967,0.975,-0.002
20,148,0.933,0.95,0.004
20,149,0.897,0.922,0.006
20,15,0.844,0.881,0.007
20,150,0.548,0.627,0.026
20,151,0.814,0.856,0.01
20,152,0.856,0.89,0.008
20,153,0.86,0.893,0.008
20,154,0.684,0.748,0.018
20,155,0.831,0.87,0.009
20,156,0.84,0.878,-0.009
20,157,0.823,0.864,0.01
20,158,0.824,0.864,0.01
20,159,0.799,0.844,0.011
20,16,0.78,0.828,0.009
20,160,0.97,0.978,0.002
20,161,0.828,0.868,0.009
20,162,0.821,0.862,0.01
20,163,0.798,0.843,0.011
20,164,0.73,0.787,0.015
20,165,0.943,0.957,0.003
20,166,0.867,0.899,0.007
20,167,0.877,0.907,0.007
20,168,0.762,0.814,0.013
20,169,0.747,0.801,0.014
20,17,0.781,0.83,0.009
20,170,0.738,0.794,0.014
20,171,0.785,0.832,0.012
20,172,0.96,0.97,0.002
20,173,0.999,0.999,0.0
20,174,0.926,0.945,0.004
20,175,0.873,0.904,-0.007
20,176,0.8,0.845,-0.011
20,177,0.848,0.884,-0.008
20,178,0.976,0.982,0.001
20,179,0.982,0.987,-0.001
20,18,0.816,0.858,0.008
20,180,0.799,0.844,-0.011
20,181,0.757,0.81,-0.013
20,182,0.969,0.977,0.002
20,183,0.895,0.921,-0.006
20,184,0.867,0.899,-0.007
20,185,0.956,0.967,-0.002
20,186,0.845,0.881,-0.008
20,187,0.781,0.829,-0.012
20,188,0.814,0.857,-0.01
20,189,0.751,0.805,-0.014
20,19,0.53,0.61,0.021
20,190,0.7,0.761,-0.017
20,191,0.615,0.687,-0.022
20,192,0.587,0.662,-0.024
20,193,0.576,0.652,-0.024
20,194,0.755,0.808,-0.014
20,195,0.648,0.716,-0.02
20,196,0.784,0.832,-0.012
20,197,0.663,0.73,-0.019
20,198,0.736,0.792,-0.015
20,199,0.715,0.774,-0.016
20,20,0.981,0.986,0.001
20,200,0.764,0.815,-0.013
20,201,0.668,0.734,-0.019
20,202,0.847,0.883,-0.009
20,203,0.869,0.901,-0.007
20,204,0.812,0.855,-0.011
20,205,0.879,0.908,-0.007
20,206,0.752,0.805,-0.014
20,207,0.805,0.849,-0.011
20,208,0.704,0.765,-0.018
20,209,0.7,0.762,-0.018
20,21,0.971,0.979,0.001
20,210,0.687,0.751,-0.019
20,211,0.664,0.731,-0.02
20,212,0.84,0.877,-0.01
20,213,0.772,0.822,-0.014
20,214,0.512,0.593,-0.032
20,215,0.771,0.822,-0.014
20,216,0.738,0.794,-0.016
20,217,0.72,0.778,-0.018
20,218,0.672,0.738,-0.021
20,219,0.578,0.653,-0.028
20,22,0.734,0.79,0.011
20,220,0.514,0.595,-0.033
20,221,0.487,0.569,-0.035
20,222,0.341,0.423,-0.049
20,223,0.657,0.724,-0.023
20,224,0.589,0.663,-0.028
20,225,0.718,0.776,-0.019
20,226,0.545,0.623,-0.032
20,227,0.642,0.712,-0.025
20,228,0.641,0.711,-0.025
20,229,0.623,0.695,-0.027
20,23,0.783,0.831,0.009
20,230,0.715,0.775,-0.02
20,231,0.499,0.581,-0.038
20,232,0.668,0.734,-0.024
20,233,0.503,0.584,-0.038
20,234,0.476,0.558,-0.041
20,235,0.555,0.632,-0.034
20,236,0.377,0.459,-0.052
20,237,0.588,0.663,-0.032
20,238,0.532,0.611,-0.038
20,239,0.467,0.549,-0.044
20,24,0.721,0.779,0.012
20,240,0.636,0.705,-0.029
20,241,0.512,0.593,-0.041
20,242,0.577,0.653,-0.035
20,243,0.477,0.559,-0.045
20,244,0.518,0.598,-0.041
20,245,0.464,0.546,-0.047
20,246,0.622,0.694,-0.032
20,247,0.44,0.523,-0.051
20,248,0.559,0.636,-0.039
20,249,0.591,0.665,-0.036
20,25,0.772,0.822,0.01
20,250,0.549,0.627,-0.041
20,251,0.642,0.711,-0.032
20,26,0.809,0.852,0.008
20,27,0.74,0.795,0.011
20,28,0.965,0.974,-0.001
20,29,0.982,0.987,0.001
20,30,0.995,0.997,-0.0
20,31,0.829,0.869,-0.007
20,32,0.634,0.704,0.016
20,33,0.848,0.884,-0.006
20,34,0.864,0.896,-0.006
20,35,0.726,0.784,0.012
20,36,0.905,0.929,-0.004
20,37,0.966,0.975,-0.001
20,38,0.978,0.984,-0.001
20,39,0.724,0.782,-0.012
20,40,0.877,0.906,-0.005
20,41,0.816,0.858,-0.008
20,42,0.552,0.63,-0.02
20,43,0.843,0.88,0.007
20,44,0.907,0.93,0.004
20,45,0.975,0.982,0.001
20,46,0.946,0.96,-0.002
20,47,0.936,0.952,-0.003
20,48,0.869,0.9,0.006
20,49,0.95,0.963,0.002
20,50,0.788,0.835,0.009
20,51,0.885,0.913,0.005
20,52,0.914,0.935,-0.004
20,53,0.958,0.969,-0.002
20,54,0.88,0.909,0.005
20,55,0.68,0.745,0.014
20,56,0.913,0.934,-0.004
20,57,0.893,0.919,-0.005
20,58,0.965,0.974,0.002
20,59,0.935,0.951,-0.003
20,6,0.972,0.979,-0.001
20,60,0.854,0.889,-0.006
20,61,0.91,0.933,0.004
20,62,0.782,0.83,-0.01
20,63,0.764,0.815,-0.011
20,64,0.988,0.991,-0.001
20,65,0.904,0.927,0.004
20,66,0.885,0.913,0.005
20,67,0.649,0.718,0.016
20,68,0.959,0.969,-0.002
20,69,0.673,0.738,-0.015
20,7,0.8,0.845,-0.009
20,70,0.883,0.911,-0.005
20,71,0.885,0.913,0.005
20,72,0.836,0.875,0.007
20,73,0.995,0.996,-0.0
20,74,0.827,0.867,-0.008
20,75,0.632,0.702,0.018
20,76,0.884,0.912,0.005
20,77,0.791,0.838,0.01
20,78,0.669,0.735,0.016
20,79,0.75,0.804,0.012
20,8,0.726,0.784,-0.012
20,80,0.954,0.966,-0.002
20,81,0.974,0.981,0.001
20,82,0.966,0.975,-0.002
20,83,0.897,0.922,-0.005
20,84,0.831,0.87,0.008
20,85,0.785,0.833,0.01
20,86,0.864,0.896,0.007
20,87,0.837,0.875,0.008
20,88,0.659,0.726,0.017
20,89,0.46,0.542,0.029
20,9,0.839,0.876,0.007
20,90,0.663,0.729,0.017
20,91,0.711,0.771,0.014
20,92,0.546,0.625,0.023
20,93,0.563,0.64,0.023
20,94,0.613,0.685,0.02
20,95,0.469,0.551,0.029
20,96,0.509,0.59,0.026
20,97,0.399,0.482,0.033
20,98,0.475,0.557,0.028
20,99,0.623,0.694,0.02
21,10,0.985,0.989,-0.001
21,100,0.499,0.58,0.027
21,101,0.491,0.572,0.028
21,102,0.497,0.578,0.028
21,103,0.463,0.546,0.03
21,104,0.582,0.657,0.023
21,105,0.451,0.534,0.031
21,106,0.536,0.615,0.026
21,107,0.515,0.595,0.027
21,108,0.408,0.491,0.034
21,109,0.465,0.547,0.031
21,11,0.937,0.953,-0.003
21,110,0.548,0.626,0.025
21,111,0.682,0.746,0.017
21,112,0.42,0.503,0.034
21,113,0.483,0.565,0.03
21,114,0.709,0.769,0.016
21,115,0.623,0.694,0.021
21,116,0.545,0.623,0.026
21,117,0.792,0.839,0.011
21,118,0.564,0.641,0.025
21,119,0.739,0.795,0.014
21,12,0.985,0.989,0.001
21,120,0.581,0.657,0.024
21,121,0.518,0.598,0.028
21,122,0.647,0.716,0.02
21,123,0.62,0.692,0.021
21,124,0.464,0.547,0.032
21,125,0.633,0.703,0.021
21,126,0.564,0.641,0.025
21,127,0.637,0.707,0.02
21,128,0.511,0.591,0.029
21,129,0.547,0.626,0.026
21,13,0.905,0.929,0.004
21,130,0.469,0.552,0.032
21,131,0.635,0.705,0.021
21,132,0.698,0.76,0.017
21,133,0.558,0.636,0.026
21,134,0.587,0.662,0.024
21,135,0.597,0.671,0.023
21,136,0.63,0.7,0.021
21,137,0.659,0.726,0.019
21,138,0.579,0.655,0.024
21,139,0.681,0.745,0.018
21,14,0.837,0.875,0.007
21,140,0.747,0.801,0.014
21,141,0.847,0.883,0.008
21,142,0.874,0.904,0.007
21,143,0.773,0.823,0.013
21,144,0.688,0.751,0.018
21,145,0.914,0.935,0.005
21,146,0.886,0.914,-0.006
21,147,0.896,0.922,-0.006
21,148,0.893,0.919,-0.006
21,149,0.952,0.964,0.003
21,15,0.978,0.984,0.001
21,150,0.806,0.85,-0.011
21,151,0.939,0.955,-0.003
21,152,0.981,0.986,-0.001
21,153,0.904,0.927,0.005
21,154,0.937,0.953,0.003
21,155,0.953,0.965,-0.003
21,156,0.93,0.948,-0.004
21,157,0.972,0.979,0.002
21,158,0.917,0.937,0.005
21,159,0.796,0.842,-0.011
21,16,0.969,0.977,0.001
21,160,0.943,0.958,-0.003
21,161,0.75,0.804,0.014
21,162,0.792,0.839,0.011
21,163,0.835,0.873,0.009
21,164,0.907,0.93,0.005
21,165,0.915,0.936,0.005
21,166,0.921,0.941,0.004
21,167,0.922,0.941,0.004
21,168,0.923,0.943,0.004
21,169,0.721,0.779,0.016
21,17,0.725,0.783,0.012
21,170,0.839,0.877,0.009
21,171,0.645,0.714,0.02
21,172,0.974,0.981,0.001
21,173,0.936,0.952,0.003
21,174,0.705,0.766,0.016
21,175,0.709,0.769,0.016
21,176,0.762,0.813,0.013
21,177,0.84,0.877,0.009
21,178,0.922,0.941,0.004
21,179,0.911,0.933,-0.005
21,18,0.93,0.947,0.003
21,180,0.701,0.762,-0.017
21,181,0.768,0.819,-0.013
21,182,0.774,0.824,-0.012
21,183,0.921,0.941,-0.004
21,184,0.904,0.927,-0.005
21,185,0.923,0.943,-0.004
21,186,0.884,0.912,-0.006
21,187,0.941,0.956,-0.003
21,188,0.977,0.983,-0.001
21,189,0.917,0.937,-0.005
21,19,0.952,0.964,-0.002
21,190,0.964,0.973,-0.002
21,191,0.861,0.894,-0.008
21,192,0.94,0.955,0.003
21,193,0.977,0.983,-0.001
21,194,0.898,0.923,-0.006
21,195,0.858,0.891,-0.008
21,196,0.981,0.986,0.001
21,197,0.825,0.866,0.01
21,198,0.998,0.999,-0.0
21,199,0.944,0.958,0.003
21,20,0.643,0.712,0.015
21,200,0.988,0.991,0.001
21,201,0.882,0.91,-0.007
21,202,0.949,0.962,-0.003
21,203,0.944,0.958,-0.003
21,204,0.901,0.926,0.006
21,205,0.984,0.988,-0.001
21,206,0.988,0.991,0.001
21,207,0.782,0.83,-0.013
21,208,0.909,0.931,-0.005
21,209,0.793,0.84,-0.012
21,21,0.888,0.915,0.005
21,210,0.769,0.82,-0.014
21,211,0.93,0.948,-0.004
21,212,0.89,0.917,-0.006
21,213,0.766,0.817,-0.014
21,214,0.972,0.979,-0.002
21,215,0.979,0.984,-0.001
21,216,0.803,0.847,-0.012
21,217,0.75,0.804,-0.016
21,218,0.774,0.823,-0.014
21,219,0.813,0.856,-0.012
21,22,0.923,0.942,0.003
21,220,0.661,0.728,-0.022
21,221,0.869,0.9,-0.008
21,222,0.696,0.758,-0.02
21,223,0.757,0.81,-0.016
21,224,0.482,0.564,-0.036
21,225,0.579,0.655,-0.029
21,226,0.802,0.847,-0.013
21,227,0.524,0.604,-0.034
21,228,0.543,0.622,-0.033
21,229,0.38,0.463,-0.048
21,23,0.523,0.603,0.021
21,230,0.375,0.458,-0.049
21,231,0.393,0.476,-0.047
21,232,0.49,0.571,-0.039
21,233,0.523,0.603,-0.036
21,234,0.498,0.579,-0.039
21,235,0.423,0.506,-0.046
21,236,0.458,0.541,-0.043
21,237,0.534,0.613,-0.037
21,238,0.487,0.569,-0.042
21,239,0.344,0.426,-0.057
21,24,0.631,0.702,0.016
21,240,0.447,0.53,-0.047
21,241,0.382,0.465,-0.054
21,242,0.47,0.552,-0.045
21,243,0.449,0.531,-0.048
21,244,0.47,0.552,-0.046
21,245,0.355,0.437,-0.06
21,246,0.386,0.47,-0.057
21,247,0.331,0.413,-0.064
21,248,0.299,0.379,-0.07
21,249,0.24,0.314,-0.079
21,25,0.854,0.888,0.006
21,250,0.312,0.392,-0.069
21,251,0.236,0.31,-0.082
21,26,0.787,0.835,0.009
21,27,0.595,0.669,0.018
21,28,0.984,0.988,-0.001
21,29,0.996,0.997,-0.0
21,30,0.852,0.887,0.006
21,31,0.898,0.923,0.004
21,32,0.99,0.993,0.0
21,33,0.865,0.897,-0.006
21,34,0.67,0.736,0.014
21,35,0.767,0.818,0.01
21,36,0.767,0.818,-0.01
21,37,0.797,0.843,0.009
21,38,0.75,0.804,0.011
21,39,0.894,0.92,-0.004
21,40,0.94,0.955,-0.003
21,41,0.981,0.986,0.001
21,42,0.546,0.624,0.02
21,43,0.847,0.883,0.007
21,44,0.961,0.971,-0.002
21,45,0.678,0.743,0.014
21,46,0.708,0.768,0.013
21,47,0.715,0.774,0.012
21,48,0.682,0.746,0.014
21,49,0.599,0.673,0.018
21,50,0.419,0.502,0.028
21,51,0.508,0.589,0.023
21,52,0.884,0.912,0.005
21,53,0.757,0.81,0.011
21,54,0.86,0.893,0.006
21,55,0.878,0.907,0.005
21,56,0.692,0.754,0.014
21,57,0.896,0.921,0.005
21,58,0.995,0.996,-0.0
21,59,0.806,0.85,0.009
21,6,0.873,0.903,0.005
21,60,0.744,0.799,0.011
21,61,0.943,0.957,0.003
21,62,0.909,0.932,-0.004
21,63,0.73,0.787,0.012
21,64,0.879,0.908,0.005
21,65,0.75,0.804,0.011
21,66,0.614,0.686,0.018
21,67,0.736,0.792,0.012
21,68,0.798,0.843,0.009
21,69,0.671,0.737,0.015
21,7,0.677,0.742,0.014
21,70,0.741,0.796,0.012
21,71,0.862,0.894,0.006
21,72,0.883,0.911,0.005
21,73,0.748,0.802,0.012
21,74,0.647,0.716,0.017
21,75,0.746,0.801,0.012
21,76,0.668,0.734,0.016
21,77,0.953,0.965,-0.002
21,78,0.823,0.864,0.008
21,79,0.526,0.605,0.024
21,8,0.672,0.737,0.014
21,80,0.961,0.971,0.002
21,81,0.721,0.78,0.014
21,82,0.93,0.947,-0.003
21,83,0.925,0.944,0.004
21,84,0.579,0.654,0.021
21,85,0.697,0.759,0.015
21,86,0.601,0.675,0.02
21,87,0.733,0.789,0.013
21,88,0.853,0.888,0.007
21,89,0.653,0.721,0.017
21,9,0.873,0.903,0.005
21,90,0.619,0.691,0.019
21,91,0.441,0.524,0.03
21,92,0.338,0.419,0.038
21,93,0.502,0.583,0.026
21,94,0.659,0.726,0.017
21,95,0.605,0.678,0.021
21,96,0.468,0.55,0.029
21,97,0.485,0.567,0.028
21,98,0.568,0.645,0.023
21,99,0.501,0.582,0.027
22,10,0.327,0.408,-0.033
22,100,0.635,0.705,0.019
22,101,0.589,0.664,0.022
22,102,0.629,0.7,0.02
22,103,0.676,0.741,0.017
22,104,0.637,0.706,0.02
22,105,0.645,0.714,0.019
22,106,0.64,0.709,0.02
22,107,0.814,0.856,0.01
22,108,0.778,0.827,0.012
22,109,0.771,0.821,0.012
22,11,0.601,0.675,-0.017
22,110,0.706,0.767,0.016
22,111,0.686,0.75,0.017
22,112,0.677,0.742,0.018
22,113,0.601,0.674,0.022
22,114,0.762,0.814,0.013
22,115,0.69,0.753,0.017
22,116,0.676,0.741,0.018
22,117,0.745,0.8,0.014
22,118,0.927,0.945,0.004
22,119,0.712,0.772,0.016
22,12,0.674,0.739,-0.014
22,120,0.97,0.978,0.002
22,121,0.779,0.828,0.012
22,122,0.905,0.928,0.005
22,123,0.875,0.905,0.007
22,124,0.964,0.974,0.002
22,125,0.942,0.957,0.003
22,126,0.903,0.927,0.005
22,127,0.609,0.682,0.022
22,128,0.594,0.669,0.023
22,129,0.568,0.645,0.025
22,13,0.809,0.853,-0.008
22,130,0.571,0.647,0.025
22,131,0.821,0.862,0.01
22,132,0.955,0.967,0.002
22,133,0.99,0.993,-0.001
22,134,0.956,0.967,0.002
22,135,0.909,0.932,-0.005
22,136,0.84,0.877,-0.009
22,137,0.862,0.895,-0.008
22,138,0.924,0.943,0.004
22,139,0.965,0.974,0.002
22,14,0.62,0.691,-0.016
22,140,0.784,0.832,-0.012
22,141,0.725,0.783,-0.016
22,142,0.801,0.846,-0.011
22,143,0.712,0.772,-0.016
22,144,0.693,0.755,-0.018
22,145,0.864,0.896,-0.008
22,146,0.896,0.922,-0.006
22,147,0.86,0.893,-0.008
22,148,0.882,0.911,-0.007
22,149,0.832,0.871,-0.009
22,15,0.64,0.709,-0.015
22,150,0.879,0.908,-0.007
22,151,0.823,0.863,-0.01
22,152,0.744,0.799,-0.014
22,153,0.785,0.833,-0.012
22,154,0.774,0.824,-0.013
22,155,0.994,0.995,0.0
22,156,0.886,0.914,0.006
22,157,0.953,0.965,0.003
22,158,0.993,0.995,0.0
22,159,0.922,0.941,-0.004
22,16,0.889,0.916,-0.005
22,160,0.97,0.978,0.002
22,161,0.966,0.975,-0.002
22,162,0.96,0.971,-0.002
22,163,0.789,0.836,-0.012
22,164,0.913,0.935,0.005
22,165,0.858,0.891,0.008
22,166,0.824,0.865,0.01
22,167,0.98,0.985,-0.001
22,168,0.929,0.947,-0.004
22,169,0.822,0.863,-0.01
22,17,0.602,0.676,0.017
22,170,0.93,0.947,-0.004
22,171,0.922,0.941,-0.004
22,172,0.931,0.948,-0.004
22,173,0.927,0.945,0.004
22,174,0.883,0.911,0.006
22,175,0.996,0.997,0.0
22,176,0.994,0.996,0.0
22,177,0.952,0.964,-0.003
22,178,0.841,0.878,-0.009
22,179,0.69,0.753,-0.017
22,18,0.825,0.865,0.007
22,180,0.664,0.731,-0.019
22,181,0.833,0.872,-0.009
22,182,0.838,0.876,-0.009
22,183,0.994,0.995,-0.0
22,184,0.925,0.944,0.004
22,185,0.714,0.773,-0.016
22,186,0.707,0.768,-0.016
22,187,0.839,0.876,-0.009
22,188,0.782,0.83,-0.012
22,189,0.766,0.817,-0.013
22,19,0.657,0.724,0.015
22,190,0.624,0.696,-0.021
22,191,0.678,0.743,-0.018
22,192,0.608,0.681,-0.022
22,193,0.764,0.815,-0.013
22,194,0.699,0.761,-0.017
22,195,0.897,0.923,-0.006
22,196,0.999,0.999,-0.0
22,197,0.776,0.826,-0.012
22,198,0.974,0.981,-0.001
22,199,0.827,0.867,-0.01
22,20,0.717,0.776,0.012
22,200,0.836,0.874,-0.009
22,201,0.867,0.898,-0.007
22,202,0.855,0.889,-0.008
22,203,0.87,0.901,-0.007
22,204,0.978,0.984,-0.001
22,205,0.751,0.805,-0.014
22,206,0.604,0.677,-0.023
22,207,0.873,0.903,-0.007
22,208,0.74,0.796,-0.015
22,209,0.63,0.7,-0.022
22,21,0.792,0.839,0.009
22,210,0.791,0.838,-0.012
22,211,0.806,0.85,-0.011
22,212,0.734,0.791,-0.016
22,213,0.733,0.79,-0.016
22,214,0.682,0.746,-0.019
22,215,0.522,0.602,-0.031
22,216,0.736,0.792,-0.016
22,217,0.645,0.713,-0.022
22,218,0.98,0.985,0.001
22,219,0.791,0.837,-0.013
22,22,0.65,0.718,0.015
22,220,0.747,0.801,-0.016
22,221,0.73,0.787,-0.017
22,222,0.767,0.818,-0.015
22,223,0.693,0.755,-0.02
22,224,0.656,0.723,-0.023
22,225,0.705,0.766,-0.02
22,226,0.56,0.637,-0.031
22,227,0.529,0.609,-0.033
22,228,0.744,0.799,-0.017
22,229,0.607,0.68,-0.028
22,23,0.805,0.849,0.008
22,230,0.527,0.606,-0.034
22,231,0.458,0.541,-0.041
22,232,0.44,0.523,-0.043
22,233,0.362,0.444,-0.051
22,234,0.518,0.598,-0.037
22,235,0.315,0.395,-0.058
22,236,0.467,0.549,-0.042
22,237,0.428,0.511,-0.047
22,238,0.471,0.553,-0.043
22,239,0.346,0.428,-0.057
22,24,0.827,0.867,0.007
22,240,0.35,0.432,-0.057
22,241,0.386,0.47,-0.053
22,242,0.429,0.512,-0.049
22,243,0.366,0.449,-0.057
22,244,0.374,0.457,-0.057
22,245,0.396,0.479,-0.055
22,246,0.331,0.413,-0.063
22,247,0.33,0.411,-0.064
22,248,0.329,0.411,-0.065
22,249,0.278,0.356,-0.073
22,25,0.5,0.581,0.022
22,250,0.267,0.344,-0.076
22,251,0.259,0.336,-0.078
22,26,0.413,0.497,0.027
22,27,0.742,0.797,0.011
22,28,0.585,0.66,0.018
22,29,0.557,0.635,0.019
22,30,0.508,0.589,0.022
22,31,0.434,0.518,0.026
22,32,0.576,0.651,0.019
22,33,0.654,0.721,0.015
22,34,0.956,0.967,-0.002
22,35,0.756,0.809,0.01
22,36,0.959,0.969,-0.002
22,37,0.787,0.835,0.009
22,38,0.816,0.858,0.008
22,39,0.958,0.969,0.002
22,40,0.937,0.953,0.003
22,41,0.788,0.835,0.009
22,42,0.822,0.863,0.008
22,43,0.859,0.892,0.006
22,44,0.606,0.679,0.018
22,45,0.857,0.891,0.006
22,46,0.88,0.909,-0.005
22,47,0.86,0.893,0.006
22,48,0.911,0.933,0.004
22,49,0.945,0.959,0.002
22,50,0.947,0.96,-0.002
22,51,0.981,0.986,-0.001
22,52,0.922,0.942,-0.003
22,53,0.98,0.986,-0.001
22,54,0.824,0.865,-0.008
22,55,0.748,0.802,-0.011
22,56,0.916,0.937,0.004
22,57,0.967,0.975,-0.001
22,58,0.775,0.824,-0.01
22,59,0.894,0.92,-0.005
22,6,0.424,0.508,-0.028
22,60,0.837,0.875,-0.007
22,61,0.991,0.994,-0.0
22,62,0.904,0.927,0.004
22,63,0.812,0.855,-0.009
22,64,0.886,0.914,-0.005
22,65,0.942,0.957,-0.003
22,66,0.861,0.894,0.006
22,67,0.955,0.967,0.002
22,68,0.882,0.91,0.005
22,69,0.85,0.885,-0.007
22,7,0.267,0.345,-0.038
22,70,0.953,0.965,0.002
22,71,0.921,0.941,0.004
22,72,0.869,0.9,0.006
22,73,0.63,0.701,0.018
22,74,0.713,0.773,0.014
22,75,0.707,0.768,0.014
22,76,0.704,0.765,0.014
22,77,0.786,0.833,0.01
22,78,0.917,0.938,0.004
22,79,0.802,0.847,0.01
22,8,0.429,0.512,-0.027
22,80,0.773,0.823,0.011
22,81,0.889,0.916,0.005
22,82,0.807,0.851,0.009
22,83,0.682,0.746,0.016
22,84,0.994,0.995,0.0
22,85,0.994,0.995,0.0
22,86,0.789,0.836,0.01
22,87,0.85,0.886,0.007
22,88,0.539,0.618,0.024
22,89,0.527,0.607,0.025
22,9,0.578,0.653,-0.019
22,90,0.598,0.672,0.021
22,91,0.642,0.711,0.018
22,92,0.583,0.658,0.022
22,93,0.341,0.423,0.038
22,94,0.424,0.508,0.032
22,95,0.56,0.638,0.023
22,96,0.685,0.749,0.016
22,97,0.678,0.742,0.017
22,98,0.842,0.879,0.008
22,99,0.643,0.712,0.019
23,10,0.959,0.969,0.002
23,100,0.874,0.904,0.007
23,101,0.563,0.64,0.024
23,102,0.746,0.801,0.013
23,103,0.728,0.785,0.014
23,104,0.599,0.673,0.022
23,105,0.598,0.672,0.022
23,106,0.633,0.704,0.02
23,107,0.472,0.554,0.03
23,108,0.491,0.572,0.029
23,109,0.742,0.797,0.014
23,11,0.948,0.962,0.002
23,110,0.774,0.824,0.012
23,111,0.882,0.91,0.006
23,112,0.706,0.767,0.016
23,113,0.758,0.81,0.013
23,114,0.727,0.784,0.015
23,115,0.756,0.809,0.013
23,116,0.844,0.881,0.008
23,117,0.81,0.853,0.01
23,118,0.711,0.771,0.016
23,119,0.706,0.766,0.016
23,12,0.821,0.862,0.008
23,120,0.559,0.636,0.026
23,121,0.63,0.7,0.021
23,122,0.688,0.751,0.018
23,123,0.918,0.939,0.005
23,124,0.848,0.884,0.008
23,125,0.848,0.884,0.008
23,126,0.908,0.931,0.005
23,127,0.948,0.961,0.003
23,128,0.765,0.817,0.013
23,129,0.792,0.839,0.012
23,13,0.899,0.923,-0.004
23,130,0.737,0.793,0.015
23,131,0.57,0.646,0.025
23,132,0.588,0.663,0.024
23,133,0.819,0.861,0.01
23,134,0.902,0.926,0.005
23,135,0.723,0.782,0.016
23,136,0.962,0.972,0.002
23,137,0.92,0.94,0.005
23,138,0.824,0.865,0.01
23,139,0.879,0.908,0.007
23,14,0.725,0.783,-0.012
23,140,0.757,0.81,0.014
23,141,0.864,0.897,0.008
23,142,0.996,0.997,-0.0
23,143,0.894,0.92,0.006
23,144,0.82,0.862,0.01
23,145,0.976,0.982,-0.001
23,146,0.947,0.96,0.003
23,147,0.691,0.754,0.018
23,148,0.903,0.927,0.005
23,149,0.722,0.781,0.016
23,15,0.703,0.764,-0.013
23,150,0.784,0.832,0.012
23,151,0.778,0.827,0.013
23,152,0.898,0.923,0.006
23,153,0.73,0.787,0.015
23,154,0.804,0.848,0.011
23,155,0.985,0.989,0.001
23,156,0.986,0.99,0.001
23,157,0.839,0.877,0.009
23,158,0.793,0.839,0.012
23,159,0.739,0.794,0.015
23,16,0.963,0.972,0.002
23,160,0.835,0.873,0.009
23,161,0.728,0.786,0.015
23,162,0.917,0.938,0.005
23,163,0.968,0.976,-0.002
23,164,0.932,0.949,0.004
23,165,0.953,0.965,0.003
23,166,0.876,0.906,-0.007
23,167,0.889,0.916,-0.006
23,168,0.807,0.851,-0.011
23,169,0.764,0.815,-0.013
23,17,0.967,0.975,-0.001
23,170,0.854,0.888,-0.008
23,171,0.797,0.843,-0.011
23,172,0.859,0.893,0.008
23,173,0.973,0.98,-0.001
23,174,0.888,0.915,-0.006
23,175,0.755,0.808,-0.014
23,176,0.817,0.859,0.01
23,177,0.96,0.97,0.002
23,178,0.757,0.81,-0.013
23,179,0.763,0.814,-0.013
23,18,0.917,0.938,-0.003
23,180,0.962,0.972,-0.002
23,181,0.982,0.987,-0.001
23,182,0.879,0.908,-0.007
23,183,0.949,0.962,-0.003
23,184,0.962,0.971,0.002
23,185,0.952,0.964,0.003
23,186,0.952,0.965,-0.003
23,187,0.817,0.859,-0.01
23,188,0.955,0.967,-0.002
23,189,0.749,0.803,-0.014
23,19,0.953,0.965,0.002
23,190,0.939,0.955,-0.003
23,191,0.895,0.921,-0.006
23,192,0.953,0.965,-0.003
23,193,0.863,0.896,-0.008
23,194,0.852,0.887,-0.008
23,195,0.808,0.852,-0.011
23,196,0.642,0.711,-0.02
23,197,0.735,0.791,-0.015
23,198,0.953,0.965,-0.003
23,199,0.805,0.849,0.011
23,20,0.439,0.522,0.025
23,200,0.767,0.818,-0.013
23,201,0.752,0.806,-0.014
23,202,0.714,0.773,-0.016
23,203,0.674,0.739,-0.019
23,204,0.75,0.803,-0.014
23,205,0.909,0.931,-0.005
23,206,0.855,0.889,0.008
23,207,0.804,0.849,0.011
23,208,0.946,0.959,0.003
23,209,0.853,0.887,-0.008
23,21,0.842,0.879,0.007
23,210,0.876,0.906,-0.007
23,211,0.85,0.885,-0.009
23,212,0.845,0.881,-0.009
23,213,0.744,0.799,-0.015
23,214,0.822,0.863,-0.011
23,215,0.999,0.999,0.0
23,216,0.628,0.698,-0.023
23,217,0.516,0.596,-0.031
23,218,0.741,0.797,-0.016
23,219,0.713,0.772,-0.018
23,22,0.662,0.729,0.014
23,220,0.927,0.945,-0.005
23,221,0.829,0.869,-0.011
23,222,0.882,0.911,-0.007
23,223,0.686,0.749,-0.02
23,224,0.716,0.775,-0.018
23,225,0.883,0.911,-0.008
23,226,0.815,0.857,-0.012
23,227,0.801,0.846,-0.013
23,228,0.786,0.833,-0.014
23,229,0.938,0.954,-0.004
23,23,0.973,0.98,0.001
23,230,0.949,0.962,-0.003
23,231,0.675,0.74,-0.023
23,232,0.707,0.768,-0.021
23,233,0.72,0.778,-0.02
23,234,0.53,0.61,-0.035
23,235,0.551,0.629,-0.034
23,236,0.407,0.49,-0.048
23,237,0.485,0.567,-0.041
23,238,0.355,0.438,-0.054
23,239,0.426,0.509,-0.047
23,24,0.774,0.824,0.009
23,240,0.387,0.47,-0.052
23,241,0.384,0.467,-0.053
23,242,0.436,0.519,-0.048
23,243,0.385,0.468,-0.054
23,244,0.279,0.357,-0.069
23,245,0.437,0.52,-0.05
23,246,0.364,0.447,-0.059
23,247,0.379,0.462,-0.058
23,248,0.29,0.369,-0.071
23,249,0.37,0.453,-0.06
23,25,0.585,0.66,0.018
23,250,0.458,0.54,-0.051
23,251,0.344,0.426,-0.065
23,26,0.807,0.85,0.008
23,27,0.615,0.687,0.017
23,28,0.9,0.925,0.004
23,29,0.751,0.805,0.011
23,30,0.875,0.905,0.005
23,31,0.977,0.983,-0.001
23,32,0.642,0.711,0.015
23,33,0.602,0.675,0.017
23,34,0.93,0.948,-0.003
23,35,0.754,0.807,0.011
23,36,0.509,0.59,0.022
23,37,0.686,0.749,0.014
23,38,0.984,0.988,-0.001
23,39,0.491,0.573,0.023
23,40,0.943,0.957,0.002
23,41,0.616,0.688,0.017
23,42,0.553,0.631,0.02
23,43,0.845,0.881,0.007
23,44,0.539,0.618,0.021
23,45,0.684,0.748,0.014
23,46,0.799,0.844,0.009
23,47,0.788,0.835,0.009
23,48,0.657,0.724,0.015
23,49,0.676,0.741,0.014
23,50,0.911,0.933,0.004
23,51,0.953,0.965,0.002
23,52,0.807,0.85,0.009
23,53,0.794,0.84,0.009
23,54,0.952,0.964,-0.002
23,55,0.822,0.863,-0.008
23,56,0.849,0.884,0.007
23,57,0.966,0.975,-0.001
23,58,0.973,0.98,-0.001
23,59,0.964,0.973,-0.002
23,6,0.456,0.538,0.026
23,60,0.739,0.794,-0.012
23,61,0.901,0.925,-0.004
23,62,0.85,0.886,-0.007
23,63,0.977,0.983,-0.001
23,64,0.647,0.716,0.017
23,65,0.933,0.95,0.003
23,66,0.997,0.997,-0.0
23,67,0.817,0.859,0.008
23,68,0.979,0.984,0.001
23,69,0.974,0.981,0.001
23,7,0.772,0.822,0.01
23,70,0.693,0.756,0.014
23,71,0.934,0.95,0.003
23,72,0.914,0.936,-0.004
23,73,0.779,0.828,0.01
23,74,0.644,0.713,0.017
23,75,0.697,0.759,0.015
23,76,0.777,0.826,0.011
23,77,0.609,0.682,0.019
23,78,0.733,0.79,0.013
23,79,0.625,0.696,0.019
23,8,0.756,0.809,0.011
23,80,0.858,0.892,0.007
23,81,0.939,0.954,0.003
23,82,0.655,0.723,0.017
23,83,0.768,0.818,0.011
23,84,0.866,0.898,0.007
23,85,0.891,0.918,0.005
23,86,0.55,0.628,0.023
23,87,0.658,0.725,0.017
23,88,0.614,0.686,0.02
23,89,0.706,0.767,0.015
23,9,0.834,0.872,0.007
23,90,0.691,0.753,0.016
23,91,0.519,0.599,0.026
23,92,0.549,0.627,0.024
23,93,0.615,0.687,0.02
23,94,0.682,0.746,0.016
23,95,0.461,0.544,0.03
23,96,0.642,0.711,0.019
23,97,0.732,0.789,0.014
23,98,0.566,0.642,0.023
23,99,0.623,0.694,0.02
24,10,0.916,0.937,-0.004
24,100,0.657,0.725,0.018
24,101,0.548,0.626,0.025
24,102,0.725,0.783,0.015
24,103,0.782,0.83,0.012
24,104,0.822,0.863,0.01
24,105,0.734,0.79,0.014
24,106,0.739,0.795,0.014
24,107,0.793,0.839,0.011
24,108,0.816,0.858,0.01
24,109,0.631,0.702,0.021
24,11,0.728,0.785,0.012
24,110,0.571,0.648,0.024
24,111,0.86,0.893,0.008
24,112,0.888,0.915,0.006
24,113,0.725,0.783,0.015
24,114,0.779,0.828,0.012
24,115,0.562,0.639,0.025
24,116,0.611,0.684,0.022
24,117,0.643,0.712,0.02
24,118,0.792,0.839,0.012
24,119,0.606,0.679,0.023
24,12,0.946,0.96,0.002
24,120,0.802,0.847,0.011
24,121,0.591,0.666,0.024
24,122,0.524,0.604,0.028
24,123,0.468,0.551,0.032
24,124,0.489,0.57,0.031
24,125,0.551,0.629,0.027
24,126,0.734,0.79,0.015
24,127,0.693,0.755,0.018
24,128,0.792,0.839,0.012
24,129,0.614,0.687,0.023
24,13,0.906,0.929,-0.004
24,130,0.79,0.837,0.012
24,131,0.825,0.865,0.01
24,132,0.983,0.987,-0.001
24,133,0.978,0.984,0.001
24,134,0.701,0.763,0.017
24,135,0.803,0.847,0.011
24,136,0.784,0.832,0.012
24,137,0.903,0.927,0.005
24,138,0.994,0.996,0.0
24,139,0.987,0.99,-0.001
24,14,0.866,0.898,0.006
24,140,0.957,0.968,-0.002
24,141,0.841,0.878,-0.009
24,142,0.953,0.965,-0.003
24,143,0.792,0.839,-0.012
24,144,0.821,0.862,-0.01
24,145,0.961,0.971,-0.002
24,146,0.965,0.974,-0.002
24,147,0.784,0.832,-0.012
24,148,0.824,0.865,-0.01
24,149,0.912,0.934,-0.005
24,15,0.662,0.729,0.014
24,150,0.958,0.969,-0.002
24,151,0.978,0.983,-0.001
24,152,0.988,0.991,-0.001
24,153,0.931,0.948,0.004
24,154,0.823,0.864,0.01
24,155,0.807,0.851,0.011
24,156,0.987,0.991,0.001
24,157,0.96,0.97,-0.002
24,158,0.852,0.887,-0.008
24,159,0.92,0.94,0.004
24,16,0.701,0.763,0.013
24,160,0.837,0.875,0.009
24,161,0.923,0.942,-0.004
24,162,0.905,0.928,0.005
24,163,0.965,0.974,0.002
24,164,0.85,0.885,-0.008
24,165,0.814,0.857,-0.01
24,166,0.892,0.918,-0.006
24,167,0.749,0.803,-0.014
24,168,0.99,0.993,-0.001
24,169,0.954,0.965,-0.003
24,17,0.539,0.618,0.02
24,170,0.997,0.998,-0.0
24,171,0.814,0.856,-0.01
24,172,0.847,0.883,-0.009
24,173,0.846,0.882,-0.009
24,174,0.597,0.671,-0.023
24,175,0.75,0.803,-0.014
24,176,0.663,0.729,-0.019
24,177,0.67,0.736,-0.019
24,178,0.965,0.974,-0.002
24,179,0.806,0.85,-0.011
24,18,0.555,0.633,0.019
24,180,0.856,0.89,-0.008
24,181,0.806,0.85,-0.011
24,182,0.875,0.905,-0.007
24,183,0.699,0.761,-0.017
24,184,0.812,0.855,-0.01
24,185,0.657,0.724,-0.019
24,186,0.51,0.59,-0.029
24,187,0.692,0.755,-0.017
24,188,0.693,0.755,-0.017
24,189,0.655,0.722,-0.019
24,19,0.679,0.744,0.014
24,190,0.72,0.778,-0.016
24,191,0.729,0.786,-0.015
24,192,0.688,0.752,-0.017
24,193,0.695,0.757,-0.017
24,194,0.755,0.808,-0.014
24,195,0.643,0.712,-0.02
24,196,0.972,0.979,-0.002
24,197,0.988,0.991,-0.001
24,198,0.932,0.949,-0.004
24,199,0.871,0.901,0.007
24,20,0.696,0.758,0.013
24,200,0.821,0.862,-0.01
24,201,0.807,0.851,-0.011
24,202,0.657,0.724,-0.02
24,203,0.608,0.681,-0.023
24,204,0.646,0.714,-0.02
24,205,0.499,0.58,-0.03
24,206,0.503,0.584,-0.03
24,207,0.557,0.634,-0.026
24,208,0.649,0.717,-0.021
24,209,0.592,0.666,-0.024
24,21,0.695,0.758,0.013
24,210,0.667,0.733,-0.02
24,211,0.632,0.702,-0.022
24,212,0.606,0.679,-0.024
24,213,0.754,0.807,-0.015
24,214,0.828,0.868,-0.01
24,215,0.887,0.915,0.007
24,216,0.807,0.851,-0.012
24,217,0.726,0.784,-0.017
24,218,0.818,0.859,-0.011
24,219,0.863,0.895,-0.008
24,22,0.404,0.487,0.027
24,220,0.92,0.94,-0.005
24,221,0.54,0.619,-0.03
24,222,0.64,0.709,-0.023
24,223,0.727,0.784,-0.017
24,224,0.72,0.779,-0.018
24,225,0.591,0.666,-0.027
24,226,0.779,0.828,-0.014
24,227,0.615,0.687,-0.026
24,228,0.582,0.658,-0.029
24,229,0.574,0.65,-0.03
24,23,0.662,0.729,0.014
24,230,0.73,0.787,-0.018
24,231,0.46,0.542,-0.04
24,232,0.436,0.519,-0.042
24,233,0.552,0.63,-0.033
24,234,0.441,0.524,-0.043
24,235,0.467,0.55,-0.041
24,236,0.355,0.437,-0.053
24,237,0.449,0.532,-0.044
24,238,0.318,0.399,-0.058
24,239,0.486,0.568,-0.041
24,24,0.605,0.678,0.017
24,240,0.375,0.458,-0.053
24,241,0.288,0.367,-0.064
24,242,0.29,0.369,-0.065
24,243,0.311,0.391,-0.063
24,244,0.313,0.393,-0.064
24,245,0.286,0.365,-0.068
24,246,0.226,0.299,-0.079
24,247,0.323,0.404,-0.065
24,248,0.306,0.386,-0.068
24,249,0.329,0.411,-0.066
24,25,0.466,0.548,0.024
24,250,0.301,0.381,-0.07
24,251,0.297,0.377,-0.072
24,26,0.393,0.477,0.028
24,27,0.606,0.679,0.017
24,28,0.371,0.454,0.03
24,29,0.319,0.4,0.033
24,30,0.56,0.637,0.019
24,31,0.519,0.599,0.022
24,32,0.457,0.54,0.025
24,33,0.248,0.323,0.039
24,34,0.236,0.31,0.04
24,35,0.412,0.495,0.028
24,36,0.427,0.51,0.027
24,37,0.483,0.565,0.024
24,38,0.381,0.464,0.03
24,39,0.408,0.491,0.028
24,40,0.521,0.601,0.022
24,41,0.56,0.638,0.02
24,42,0.333,0.414,0.033
24,43,0.548,0.627,0.021
24,44,0.642,0.711,0.016
24,45,0.742,0.797,0.011
24,46,0.51,0.591,0.023
24,47,0.501,0.582,0.023
24,48,0.936,0.952,-0.003
24,49,0.579,0.654,0.019
24,50,0.602,0.675,0.018
24,51,0.534,0.613,0.022
24,52,0.53,0.609,0.022
24,53,0.902,0.926,0.004
24,54,0.899,0.923,0.004
24,55,0.879,0.908,-0.005
24,56,0.595,0.67,0.019
24,57,0.842,0.879,0.007
24,58,0.875,0.905,-0.006
24,59,0.895,0.921,0.005
24,6,0.953,0.965,0.002
24,60,0.689,0.752,0.014
24,61,0.826,0.866,0.008
24,62,0.963,0.973,0.002
24,63,0.684,0.747,-0.015
24,64,0.912,0.934,-0.004
24,65,0.932,0.949,0.003
24,66,0.913,0.934,-0.004
24,67,0.919,0.939,-0.004
24,68,0.912,0.934,-0.004
24,69,0.949,0.962,0.002
24,7,0.883,0.911,-0.005
24,70,0.898,0.923,-0.005
24,71,0.885,0.913,0.005
24,72,0.759,0.811,0.011
24,73,0.554,0.631,0.022
24,74,0.499,0.58,0.025
24,75,0.725,0.783,0.013
24,76,0.511,0.591,0.025
24,77,0.382,0.465,0.033
24,78,0.35,0.432,0.036
24,79,0.48,0.562,0.027
24,8,0.956,0.968,0.002
24,80,0.416,0.499,0.031
24,81,0.565,0.642,0.022
24,82,0.247,0.322,0.045
24,83,0.361,0.443,0.036
24,84,0.53,0.609,0.025
24,85,0.649,0.717,0.018
24,86,0.62,0.692,0.019
24,87,0.583,0.658,0.022
24,88,0.572,0.648,0.022
24,89,0.584,0.659,0.022
24,9,0.934,0.951,-0.003
24,90,0.632,0.702,0.019
24,91,0.544,0.622,0.024
24,92,0.337,0.419,0.039
24,93,0.318,0.399,0.04
24,94,0.556,0.634,0.024
24,95,0.692,0.755,0.016
24,96,0.637,0.707,0.019
24,97,0.541,0.62,0.025
24,98,0.45,0.532,0.031
24,99,0.472,0.554,0.03
25,10,0.63,0.7,0.016
25,100,0.481,0.563,0.029
25,101,0.467,0.55,0.031
25,102,0.407,0.491,0.035
25,103,0.579,0.654,0.024
25,104,0.581,0.656,0.024
25,105,0.396,0.48,0.036
25,106,0.586,0.661,0.023
25,107,0.488,0.569,0.03
25,108,0.508,0.588,0.029
25,109,0.483,0.565,0.03
25,11,0.652,0.72,-0.015
25,110,0.475,0.557,0.031
25,111,0.369,0.452,0.039
25,112,0.432,0.515,0.034
25,113,0.727,0.784,0.015
25,114,0.81,0.853,0.011
25,115,0.577,0.653,0.025
25,116,0.62,0.692,0.022
25,117,0.441,0.524,0.034
25,118,0.564,0.641,0.026
25,119,0.546,0.624,0.027
25,12,0.773,0.823,0.01
25,120,0.655,0.723,0.02
25,121,0.604,0.678,0.023
25,122,0.49,0.571,0.031
25,123,0.707,0.767,0.017
25,124,0.581,0.657,0.025
25,125,0.581,0.656,0.025
25,126,0.508,0.589,0.03
25,127,0.487,0.568,0.031
25,128,0.669,0.735,0.019
25,129,0.596,0.67,0.024
25,13,0.781,0.83,0.009
25,130,0.62,0.691,0.022
25,131,0.666,0.732,0.02
25,132,0.754,0.807,0.014
25,133,0.827,0.867,0.01
25,134,0.633,0.704,0.022
25,135,0.605,0.678,0.024
25,136,0.665,0.731,0.02
25,137,0.87,0.901,0.007
25,138,0.811,0.854,-0.011
25,139,0.911,0.933,-0.005
25,14,0.649,0.717,0.015
25,140,0.893,0.919,-0.006
25,141,0.817,0.859,-0.011
25,142,0.77,0.82,-0.013
25,143,0.84,0.877,-0.009
25,144,0.923,0.942,-0.004
25,145,0.849,0.884,-0.009
25,146,0.763,0.814,-0.014
25,147,0.912,0.934,-0.005
25,148,0.774,0.823,-0.013
25,149,0.972,0.979,-0.002
25,15,0.993,0.994,0.0
25,150,0.816,0.858,-0.011
25,151,0.851,0.886,-0.009
25,152,0.791,0.838,-0.012
25,153,0.892,0.918,-0.006
25,154,0.887,0.914,-0.006
25,155,0.94,0.955,-0.003
25,156,0.914,0.935,-0.005
25,157,0.958,0.969,-0.002
25,158,0.974,0.981,0.001
25,159,0.956,0.967,0.003
25,16,0.768,0.819,0.01
25,160,0.846,0.882,-0.009
25,161,0.675,0.74,-0.019
25,162,0.763,0.815,-0.014
25,163,0.87,0.901,-0.007
25,164,0.906,0.929,-0.005
25,165,0.963,0.973,0.002
25,166,0.938,0.954,0.003
25,167,0.938,0.954,0.003
25,168,0.927,0.945,-0.004
25,169,0.899,0.924,0.006
25,17,0.6,0.673,0.017
25,170,0.848,0.884,-0.008
25,171,0.744,0.799,-0.014
25,172,0.859,0.893,-0.008
25,173,0.951,0.964,0.003
25,174,0.798,0.844,-0.011
25,175,0.878,0.907,-0.007
25,176,0.873,0.903,-0.007
25,177,0.76,0.812,-0.013
25,178,0.71,0.77,-0.016
25,179,0.868,0.899,-0.007
25,18,0.963,0.972,0.002
25,180,0.95,0.963,-0.003
25,181,0.788,0.835,-0.012
25,182,0.707,0.768,-0.016
25,183,0.722,0.78,-0.016
25,184,0.769,0.82,-0.013
25,185,0.63,0.7,-0.021
25,186,0.654,0.722,-0.02
25,187,0.706,0.766,-0.016
25,188,0.574,0.65,-0.024
25,189,0.665,0.732,-0.019
25,19,0.503,0.584,0.022
25,190,0.911,0.933,-0.005
25,191,0.629,0.7,-0.021
25,192,0.646,0.715,-0.02
25,193,0.56,0.637,-0.025
25,194,0.71,0.77,-0.016
25,195,0.72,0.779,-0.016
25,196,0.565,0.642,-0.025
25,197,0.613,0.686,-0.022
25,198,0.567,0.644,-0.025
25,199,0.574,0.65,-0.025
25,20,0.383,0.466,0.029
25,200,0.771,0.822,-0.013
25,201,0.989,0.992,-0.001
25,202,0.605,0.679,-0.023
25,203,0.62,0.691,-0.022
25,204,0.748,0.803,-0.014
25,205,0.755,0.808,-0.014
25,206,0.741,0.796,-0.015
25,207,0.617,0.689,-0.022
25,208,0.644,0.713,-0.021
25,209,0.503,0.584,-0.03
25,21,0.625,0.697,0.016
25,210,0.575,0.651,-0.025
25,211,0.846,0.882,-0.009
25,212,0.68,0.744,-0.019
25,213,0.669,0.735,-0.02
25,214,0.735,0.791,-0.016
25,215,0.53,0.61,-0.029
25,216,0.419,0.502,-0.038
25,217,0.469,0.551,-0.034
25,218,0.616,0.688,-0.024
25,219,0.425,0.508,-0.038
25,22,0.622,0.693,0.016
25,220,0.471,0.554,-0.035
25,221,0.471,0.554,-0.035
25,222,0.448,0.531,-0.037
25,223,0.429,0.512,-0.039
25,224,0.422,0.505,-0.04
25,225,0.396,0.48,-0.043
25,226,0.497,0.578,-0.034
25,227,0.549,0.627,-0.031
25,228,0.376,0.459,-0.046
25,229,0.597,0.671,-0.028
25,23,0.597,0.671,0.017
25,230,0.334,0.416,-0.051
25,231,0.342,0.424,-0.051
25,232,0.393,0.476,-0.046
25,233,0.339,0.421,-0.052
25,234,0.432,0.515,-0.043
25,235,0.326,0.408,-0.055
25,236,0.283,0.361,-0.061
25,237,0.316,0.397,-0.057
25,238,0.31,0.39,-0.059
25,239,0.208,0.279,-0.074
25,24,0.658,0.725,0.015
25,240,0.256,0.332,-0.068
25,241,0.28,0.359,-0.065
25,242,0.185,0.252,-0.081
25,243,0.299,0.379,-0.064
25,244,0.26,0.337,-0.071
25,245,0.265,0.342,-0.071
25,246,0.218,0.29,-0.08
25,247,0.194,0.263,-0.085
25,248,0.269,0.347,-0.073
25,249,0.227,0.3,-0.081
25,25,0.552,0.63,0.02
25,250,0.247,0.323,-0.079
25,251,0.195,0.264,-0.089
25,26,0.449,0.532,0.025
25,27,0.569,0.646,0.019
25,28,0.406,0.489,0.027
25,29,0.409,0.492,0.027
25,30,0.444,0.527,0.025
25,31,0.465,0.548,0.024
25,32,0.304,0.384,0.034
25,33,0.465,0.547,0.024
25,34,0.358,0.44,0.031
25,35,0.245,0.32,0.039
25,36,0.36,0.442,0.031
25,37,0.284,0.362,0.036
25,38,0.305,0.385,0.035
25,39,0.225,0.298,0.041
25,40,0.328,0.409,0.033
25,41,0.652,0.72,0.015
25,42,0.464,0.546,0.025
25,43,0.351,0.434,0.032
25,44,0.363,0.446,0.031
25,45,0.372,0.455,0.031
25,46,0.544,0.622,0.021
25,47,0.354,0.436,0.032
25,48,0.457,0.54,0.026
25,49,0.769,0.82,0.01
25,50,0.591,0.665,0.019
25,51,0.727,0.784,0.012
25,52,0.534,0.613,0.022
25,53,0.44,0.523,0.027
25,54,0.322,0.403,0.035
25,55,0.38,0.463,0.031
25,56,0.655,0.722,0.016
25,57,0.62,0.692,0.018
25,58,0.972,0.979,-0.001
25,59,0.812,0.855,0.009
25,6,0.671,0.737,0.015
25,60,0.734,0.79,0.012
25,61,0.978,0.984,-0.001
25,62,0.728,0.785,0.013
25,63,0.834,0.873,-0.008
25,64,0.841,0.878,0.007
25,65,0.967,0.975,0.002
25,66,0.716,0.775,0.013
25,67,0.899,0.923,0.005
25,68,0.993,0.995,0.0
25,69,0.95,0.962,0.002
25,7,0.803,0.848,0.009
25,70,0.788,0.835,0.01
25,71,0.999,0.999,0.0
25,72,0.814,0.857,0.009
25,73,0.71,0.77,0.014
25,74,0.828,0.868,0.008
25,75,0.765,0.816,0.011
25,76,0.408,0.492,0.031
25,77,0.622,0.693,0.019
25,78,0.759,0.811,0.012
25,79,0.856,0.89,0.007
25,8,0.815,0.857,0.008
25,80,0.661,0.728,0.017
25,81,0.738,0.794,0.013
25,82,0.458,0.54,0.029
25,83,0.583,0.658,0.022
25,84,0.897,0.922,0.005
25,85,0.82,0.861,0.009
25,86,0.577,0.653,0.022
25,87,0.383,0.466,0.035
25,88,0.487,0.569,0.028
25,89,0.469,0.551,0.029
25,9,0.966,0.975,-0.001
25,90,0.41,0.493,0.033
25,91,0.524,0.604,0.026
25,92,0.297,0.376,0.042
25,93,0.388,0.471,0.035
25,94,0.424,0.507,0.033
25,95,0.429,0.512,0.033
25,96,0.467,0.549,0.03
25,97,0.516,0.597,0.027
25,98,0.49,0.571,0.029
25,99,0.515,0.595,0.027
26,10,0.423,0.506,-0.027
26,100,0.482,0.564,0.03
26,101,0.47,0.552,0.031
26,102,0.483,0.565,0.03
26,103,0.799,0.845,0.011
26,104,0.524,0.603,0.027
26,105,0.46,0.543,0.032
26,106,0.58,0.656,0.024
26,107,0.523,0.603,0.028
26,108,0.428,0.512,0.035
26,109,0.385,0.468,0.038
26,11,0.521,0.601,-0.022
26,110,0.468,0.551,0.032
26,111,0.465,0.547,0.032
26,112,0.677,0.742,0.018
26,113,0.979,0.985,0.001
26,114,0.778,0.827,0.012
26,115,0.886,0.913,0.006
26,116,0.867,0.898,0.007
26,117,0.813,0.856,0.011
26,118,0.796,0.842,0.012
26,119,0.659,0.726,0.02
26,12,0.409,0.492,-0.028
26,120,0.602,0.676,0.023
26,121,0.565,0.642,0.026
26,122,0.703,0.764,0.017
26,123,0.713,0.773,0.017
26,124,0.579,0.655,0.025
26,125,0.577,0.653,0.025
26,126,0.405,0.488,0.038
26,127,0.614,0.687,0.023
26,128,0.562,0.639,0.026
26,129,0.64,0.71,0.021
26,13,0.469,0.551,-0.024
26,130,0.534,0.613,0.028
26,131,0.547,0.625,0.027
26,132,0.653,0.721,0.021
26,133,0.667,0.733,0.02
26,134,0.776,0.826,0.013
26,135,0.717,0.776,0.017
26,136,0.915,0.936,0.005
26,137,0.951,0.963,-0.003
26,138,0.976,0.982,0.001
26,139,0.818,0.86,-0.011
26,14,0.744,0.799,-0.011
26,140,0.954,0.965,-0.003
26,141,0.797,0.843,-0.012
26,142,0.831,0.87,-0.01
26,143,0.856,0.89,-0.008
26,144,0.714,0.774,-0.017
26,145,0.683,0.747,-0.019
26,146,0.636,0.706,-0.022
26,147,0.661,0.728,-0.02
26,148,0.659,0.726,-0.02
26,149,0.716,0.775,-0.017
26,15,0.481,0.563,-0.023
26,150,0.531,0.611,-0.029
26,151,0.767,0.818,-0.014
26,152,0.621,0.692,-0.023
26,153,0.674,0.739,-0.019
26,154,0.692,0.754,-0.018
26,155,0.853,0.887,-0.009
26,156,0.723,0.781,-0.016
26,157,0.8,0.845,-0.012
26,158,0.796,0.842,-0.012
26,159,0.923,0.943,-0.004
26,16,0.564,0.641,-0.019
26,160,0.845,0.881,-0.009
26,161,0.902,0.926,-0.006
26,162,0.825,0.865,-0.01
26,163,0.972,0.98,0.002
26,164,0.844,0.88,0.009
26,165,0.993,0.995,-0.0
26,166,0.738,0.794,-0.015
26,167,0.949,0.962,0.003
26,168,0.997,0.998,-0.0
26,169,0.961,0.971,-0.002
26,17,0.93,0.948,-0.003
26,170,0.944,0.958,0.003
26,171,0.904,0.928,-0.005
26,172,0.902,0.926,-0.005
26,173,0.994,0.995,-0.0
26,174,0.803,0.848,0.011
26,175,0.925,0.944,0.004
26,176,0.875,0.905,-0.007
26,177,0.937,0.953,-0.003
26,178,0.905,0.928,-0.005
26,179,0.937,0.953,0.003
26,18,0.881,0.91,-0.005
26,180,0.823,0.864,-0.01
26,181,0.772,0.822,-0.013
26,182,0.905,0.929,-0.005
26,183,0.826,0.866,-0.01
26,184,0.638,0.708,-0.021
26,185,0.721,0.779,-0.016
26,186,0.906,0.929,-0.005
26,187,0.548,0.626,-0.026
26,188,0.757,0.81,-0.014
26,189,0.728,0.785,-0.015
26,19,0.765,0.817,-0.01
26,190,0.711,0.771,-0.016
26,191,0.528,0.608,-0.028
26,192,0.686,0.749,-0.018
26,193,0.661,0.728,-0.019
26,194,0.674,0.739,-0.018
26,195,0.908,0.93,-0.005
26,196,0.844,0.881,-0.009
26,197,0.886,0.914,-0.006
26,198,0.995,0.996,-0.0
26,199,0.882,0.91,-0.007
26,20,0.98,0.985,-0.001
26,200,0.971,0.978,-0.002
26,201,0.948,0.961,-0.003
26,202,0.861,0.894,-0.008
26,203,0.82,0.861,-0.01
26,204,0.833,0.872,-0.009
26,205,0.983,0.987,0.001
26,206,0.933,0.95,-0.004
26,207,0.982,0.987,0.001
26,208,0.766,0.817,-0.013
26,209,0.865,0.898,-0.008
26,21,0.878,0.908,0.005
26,210,0.93,0.948,-0.004
26,211,0.927,0.945,0.004
26,212,0.876,0.906,0.007
26,213,0.97,0.978,-0.002
26,214,0.909,0.932,-0.005
26,215,0.979,0.984,0.001
26,216,0.743,0.798,-0.015
26,217,0.916,0.937,-0.005
26,218,0.965,0.974,-0.002
26,219,0.925,0.944,-0.004
26,22,0.756,0.809,-0.01
26,220,0.626,0.697,-0.023
26,221,0.704,0.765,-0.018
26,222,0.672,0.737,-0.021
26,223,0.546,0.625,-0.03
26,224,0.69,0.753,-0.02
26,225,0.82,0.861,-0.011
26,226,0.487,0.569,-0.035
26,227,0.549,0.627,-0.031
26,228,0.667,0.733,-0.022
26,229,0.724,0.782,-0.018
26,23,0.883,0.912,0.005
26,230,0.576,0.652,-0.029
26,231,0.534,0.613,-0.033
26,232,0.606,0.679,-0.028
26,233,0.693,0.756,-0.021
26,234,0.618,0.69,-0.028
26,235,0.443,0.526,-0.043
26,236,0.489,0.571,-0.039
26,237,0.528,0.607,-0.036
26,238,0.497,0.578,-0.039
26,239,0.475,0.558,-0.042
26,24,0.779,0.828,-0.009
26,240,0.45,0.533,-0.045
26,241,0.425,0.508,-0.048
26,242,0.392,0.476,-0.052
26,243,0.47,0.552,-0.045
26,244,0.502,0.583,-0.042
26,245,0.542,0.621,-0.039
26,246,0.491,0.572,-0.044
26,247,0.569,0.645,-0.037
26,248,0.702,0.764,-0.025
26,249,0.594,0.668,-0.036
26,25,0.94,0.955,-0.002
26,250,0.546,0.624,-0.041
26,251,0.667,0.733,-0.03
26,26,0.967,0.975,-0.001
26,27,0.977,0.983,-0.001
26,28,0.92,0.94,-0.003
26,29,0.993,0.995,0.0
26,30,0.75,0.804,0.011
26,31,0.602,0.676,0.017
26,32,0.893,0.919,0.005
26,33,0.644,0.713,0.015
26,34,0.526,0.606,0.021
26,35,0.378,0.461,0.03
26,36,0.482,0.564,0.024
26,37,0.469,0.551,0.024
26,38,0.565,0.642,0.019
26,39,0.605,0.678,0.018
26,40,0.463,0.545,0.025
26,41,0.517,0.598,0.022
26,42,0.461,0.543,0.025
26,43,0.426,0.509,0.027
26,44,0.695,0.757,0.014
26,45,0.542,0.621,0.021
26,46,0.843,0.88,0.007
26,47,0.759,0.812,0.011
26,48,0.973,0.98,-0.001
26,49,0.975,0.982,-0.001
26,50,0.688,0.751,0.014
26,51,0.639,0.709,0.016
26,52,0.86,0.893,0.006
26,53,0.682,0.746,0.014
26,54,0.552,0.63,0.021
26,55,0.302,0.381,0.037
26,56,0.648,0.716,0.016
26,57,0.687,0.75,0.014
26,58,0.523,0.602,0.023
26,59,0.595,0.669,0.019
26,6,0.883,0.911,-0.005
26,60,0.666,0.733,0.016
26,61,0.499,0.58,0.025
26,62,0.566,0.642,0.021
26,63,0.806,0.85,0.009
26,64,0.447,0.53,0.028
26,65,0.659,0.726,0.016
26,66,0.606,0.679,0.019
26,67,0.53,0.609,0.023
26,68,0.764,0.815,0.011
26,69,0.605,0.678,0.019
26,7,0.418,0.502,-0.029
26,70,0.6,0.674,0.02
26,71,0.804,0.848,0.009
26,72,0.709,0.769,0.014
26,73,0.752,0.805,0.012
26,74,0.653,0.721,0.017
26,75,0.817,0.859,0.009
26,76,0.651,0.719,0.017
26,77,0.706,0.766,0.015
26,78,0.628,0.699,0.019
26,79,0.864,0.896,0.007
26,8,0.506,0.586,-0.023
26,80,0.891,0.917,0.005
26,81,0.58,0.655,0.022
26,82,0.756,0.809,0.012
26,83,0.796,0.842,0.01
26,84,0.845,0.881,0.008
26,85,0.615,0.687,0.02
26,86,0.604,0.677,0.021
26,87,0.747,0.801,0.013
26,88,0.801,0.846,0.01
26,89,0.749,0.803,0.013
26,9,0.581,0.656,-0.019
26,90,0.827,0.867,0.009
26,91,0.786,0.834,0.011
26,92,0.462,0.545,0.03
26,93,0.487,0.569,0.029
26,94,0.666,0.732,0.018
26,95,0.522,0.602,0.027
26,96,0.35,0.432,0.039
26,97,0.341,0.423,0.04
26,98,0.497,0.578,0.029
26,99,0.582,0.657,0.023
27,10,0.697,0.759,-0.013
27,100,0.65,0.719,0.019
27,101,0.668,0.734,0.018
27,102,0.66,0.727,0.019
27,103,0.798,0.844,0.011
27,104,0.748,0.802,0.014
27,105,0.969,0.977,0.002
27,106,0.679,0.743,0.018
27,107,0.745,0.799,0.014
27,108,0.881,0.91,0.007
27,109,0.71,0.77,0.016
27,11,0.544,0.623,-0.021
27,110,0.777,0.827,0.012
27,111,0.581,0.656,0.024
27,112,0.699,0.761,0.017
27,113,0.741,0.796,0.015
27,114,0.814,0.857,0.01
27,115,0.922,0.941,0.004
27,116,0.728,0.785,0.016
27,117,0.921,0.941,0.004
27,118,0.801,0.846,0.011
27,119,0.873,0.903,0.007
27,12,0.804,0.849,-0.008
27,120,0.884,0.912,0.007
27,121,0.864,0.896,0.008
27,122,0.789,0.836,0.012
27,123,0.801,0.846,0.011
27,124,0.748,0.802,0.015
27,125,0.931,0.949,0.004
27,126,0.865,0.897,0.008
27,127,0.743,0.798,0.015
27,128,0.719,0.778,0.017
27,129,0.683,0.747,0.019
27,13,0.799,0.844,-0.009
27,130,0.759,0.812,0.014
27,131,0.819,0.86,0.011
27,132,0.734,0.791,0.016
27,133,0.756,0.809,0.014
27,134,0.91,0.933,0.005
27,135,0.969,0.977,-0.002
27,136,0.922,0.942,0.005
27,137,0.773,0.823,0.013
27,138,0.683,0.747,0.019
27,139,0.962,0.972,0.002
27,14,0.867,0.899,-0.006
27,140,0.919,0.94,0.005
27,141,0.903,0.927,0.006
27,142,0.887,0.915,-0.007
27,143,0.745,0.8,-0.015
27,144,0.825,0.865,-0.01
27,145,0.973,0.98,-0.002
27,146,0.873,0.904,-0.007
27,147,0.819,0.861,-0.011
27,148,0.885,0.913,-0.007
27,149,0.914,0.935,-0.005
27,15,0.938,0.953,-0.003
27,150,0.921,0.941,-0.005
27,151,0.852,0.887,0.009
27,152,0.824,0.865,-0.01
27,153,0.721,0.779,-0.017
27,154,0.594,0.669,-0.025
27,155,0.489,0.571,-0.032
27,156,0.638,0.708,-0.022
27,157,0.736,0.792,-0.016
27,158,0.732,0.789,-0.016
27,159,0.831,0.87,-0.01
27,16,0.902,0.926,0.004
27,160,0.836,0.875,-0.009
27,161,0.738,0.794,-0.015
27,162,0.759,0.811,-0.014
27,163,0.729,0.786,-0.016
27,164,0.972,0.979,-0.002
27,165,0.882,0.911,0.007
27,166,0.984,0.988,-0.001
27,167,0.966,0.975,0.002
27,168,0.996,0.997,-0.0
27,169,0.918,0.938,-0.005
27,17,0.804,0.848,0.008
27,170,0.953,0.965,0.003
27,171,0.797,0.842,0.012
27,172,0.855,0.889,0.008
27,173,0.954,0.966,0.003
27,174,0.834,0.872,0.009
27,175,0.986,0.99,0.001
27,176,0.841,0.878,0.009
27,177,0.845,0.881,0.009
27,178,0.915,0.936,0.005
27,179,0.985,0.989,-0.001
27,18,0.589,0.664,0.018
27,180,0.865,0.897,0.008
27,181,0.999,0.999,-0.0
27,182,0.867,0.899,-0.007
27,183,0.988,0.991,0.001
27,184,0.978,0.984,-0.001
27,185,0.977,0.983,0.001
27,186,0.911,0.933,-0.005
27,187,0.913,0.935,-0.005
27,188,0.802,0.846,-0.011
27,189,0.754,0.807,-0.014
27,19,0.401,0.484,0.028
27,190,0.705,0.766,-0.017
27,191,0.918,0.938,-0.005
27,192,0.773,0.823,-0.013
27,193,0.771,0.821,-0.013
27,194,0.87,0.901,-0.007
27,195,0.883,0.912,-0.006
27,196,0.948,0.961,-0.003
27,197,0.888,0.915,-0.006
27,198,0.877,0.906,-0.007
27,199,0.913,0.935,-0.005
27,20,0.737,0.793,0.011
27,200,0.827,0.867,-0.01
27,201,0.651,0.719,-0.02
27,202,0.943,0.958,-0.003
27,203,0.767,0.818,-0.013
27,204,0.842,0.879,-0.009
27,205,0.793,0.84,-0.012
27,206,0.778,0.827,-0.013
27,207,0.997,0.998,0.0
27,208,0.779,0.828,-0.013
27,209,0.983,0.987,-0.001
27,21,0.708,0.768,0.012
27,210,0.6,0.674,-0.024
27,211,0.76,0.812,-0.014
27,212,0.623,0.694,-0.022
27,213,0.914,0.935,-0.005
27,214,0.747,0.802,-0.015
27,215,0.861,0.894,-0.008
27,216,0.867,0.899,-0.008
27,217,0.938,0.954,0.004
27,218,0.79,0.837,-0.012
27,219,0.845,0.882,-0.009
27,22,0.712,0.772,0.012
27,220,0.677,0.741,-0.02
27,221,0.796,0.842,-0.012
27,222,0.813,0.856,-0.011
27,223,0.493,0.574,-0.033
27,224,0.534,0.613,-0.03
27,225,0.511,0.592,-0.033
27,226,0.574,0.651,-0.028
27,227,0.464,0.547,-0.037
27,228,0.632,0.702,-0.024
27,229,0.571,0.648,-0.029
27,23,0.451,0.534,0.025
27,230,0.411,0.494,-0.043
27,231,0.387,0.47,-0.046
27,232,0.487,0.569,-0.037
27,233,0.489,0.57,-0.037
27,234,0.504,0.585,-0.037
27,235,0.663,0.729,-0.024
27,236,0.562,0.639,-0.033
27,237,0.491,0.572,-0.039
27,238,0.611,0.683,-0.029
27,239,0.559,0.637,-0.034
27,24,0.394,0.477,0.028
27,240,0.642,0.711,-0.027
27,241,0.515,0.595,-0.039
27,242,0.651,0.719,-0.027
27,243,0.497,0.579,-0.042
27,244,0.516,0.596,-0.04
27,245,0.625,0.696,-0.031
27,246,0.7,0.762,-0.025
27,247,0.607,0.68,-0.033
27,248,0.66,0.727,-0.029
27,249,0.634,0.704,-0.032
27,25,0.592,0.666,0.018
27,250,0.487,0.569,-0.047
27,251,0.443,0.525,-0.052
27,26,0.662,0.729,0.014
27,27,0.588,0.663,0.018
27,28,0.358,0.44,0.031
27,29,0.399,0.483,0.028
27,30,0.5,0.581,0.022
27,31,0.549,0.627,0.02
27,32,0.287,0.366,0.036
27,33,0.354,0.436,0.031
27,34,0.688,0.751,0.013
27,35,0.506,0.587,0.022
27,36,0.255,0.331,0.038
27,37,0.715,0.774,0.012
27,38,0.542,0.621,0.021
27,39,0.452,0.535,0.025
27,40,0.495,0.576,0.023
27,41,0.419,0.502,0.027
27,42,0.76,0.812,0.01
27,43,0.426,0.509,0.027
27,44,0.441,0.523,0.027
27,45,0.44,0.523,0.027
27,46,0.484,0.566,0.024
27,47,0.884,0.912,0.005
27,48,0.588,0.663,0.019
27,49,0.311,0.392,0.035
27,50,0.39,0.473,0.03
27,51,0.373,0.456,0.031
27,52,0.45,0.533,0.027
27,53,0.285,0.363,0.038
27,54,0.379,0.462,0.031
27,55,0.303,0.383,0.037
27,56,0.455,0.538,0.027
27,57,0.521,0.601,0.023
27,58,0.526,0.605,0.023
27,59,0.772,0.822,0.01
27,6,0.338,0.42,-0.034
27,60,0.302,0.382,0.037
27,61,0.431,0.514,0.029
27,62,0.459,0.541,0.027
27,63,0.267,0.344,0.041
27,64,0.349,0.431,0.034
27,65,0.332,0.414,0.036
27,66,0.35,0.432,0.035
27,67,0.354,0.437,0.034
27,68,0.284,0.363,0.04
27,69,0.424,0.508,0.03
27,7,0.595,0.669,-0.018
27,70,0.536,0.615,0.023
27,71,0.387,0.47,0.033
27,72,0.516,0.597,0.025
27,73,0.483,0.565,0.027
27,74,0.375,0.458,0.034
27,75,0.585,0.66,0.021
27,76,0.524,0.604,0.025
27,77,0.723,0.781,0.014
27,78,0.564,0.641,0.022
27,79,0.557,0.635,0.023
27,8,0.508,0.589,-0.023
27,80,0.547,0.625,0.024
27,81,0.549,0.627,0.024
27,82,0.641,0.71,0.018
27,83,0.388,0.471,0.034
27,84,0.454,0.537,0.03
27,85,0.481,0.563,0.028
27,86,0.544,0.623,0.024
27,87,0.583,0.658,0.022
27,88,0.55,0.628,0.024
27,89,0.798,0.844,0.01
27,9,0.527,0.607,-0.022
27,90,0.625,0.696,0.02
27,91,0.636,0.706,0.019
27,92,0.566,0.643,0.024
27,93,0.398,0.481,0.035
27,94,0.593,0.667,0.022
27,95,0.666,0.732,0.018
27,96,0.483,0.565,0.029
27,97,0.633,0.703,0.02
27,98,0.523,0.603,0.027
27,99,0.562,0.639,0.025
28,10,0.902,0.926,0.004
28,100,0.72,0.779,0.015
28,101,0.756,0.809,0.013
28,102,0.864,0.896,0.007
28,103,0.718,0.777,0.016
28,104,0.828,0.868,-0.009
28,105,0.871,0.902,-0.007
28,106,0.931,0.948,-0.004
28,107,0.947,0.961,0.003
28,108,0.944,0.958,0.003
28,109,0.82,0.861,0.01
28,11,0.656,0.723,0.015
28,110,0.771,0.821,0.013
28,111,0.985,0.989,0.001
28,112,0.883,0.912,0.007
28,113,0.924,0.943,-0.004
28,114,0.995,0.996,-0.0
28,115,0.825,0.865,0.01
28,116,0.835,0.874,0.009
28,117,0.829,0.868,0.01
28,118,0.911,0.933,0.005
28,119,0.895,0.921,-0.006
28,12,0.791,0.837,0.009
28,120,0.889,0.916,0.006
28,121,0.97,0.978,0.002
28,122,0.967,0.975,0.002
28,123,0.837,0.875,0.009
28,124,0.867,0.898,0.008
28,125,0.829,0.869,0.01
28,126,0.822,0.863,0.01
28,127,0.915,0.936,0.005
28,128,0.856,0.89,0.008
28,129,0.837,0.875,0.009
28,13,0.816,0.858,-0.008
28,130,0.763,0.814,0.014
28,131,0.791,0.838,0.012
28,132,0.876,0.906,0.007
28,133,0.975,0.981,0.001
28,134,0.967,0.975,-0.002
28,135,0.885,0.913,-0.007
28,136,0.99,0.993,-0.001
28,137,0.92,0.94,0.005
28,138,0.91,0.932,-0.005
28,139,0.724,0.782,-0.016
28,14,0.779,0.828,0.009
28,140,0.987,0.99,0.001
28,141,0.795,0.841,-0.012
28,142,0.914,0.935,-0.005
28,143,0.93,0.947,-0.004
28,144,0.999,0.999,0.0
28,145,0.791,0.838,-0.012
28,146,0.838,0.876,-0.01
28,147,0.789,0.836,-0.013
28,148,0.678,0.743,-0.019
28,149,0.695,0.757,-0.018
28,15,0.943,0.958,-0.002
28,150,0.675,0.74,-0.019
28,151,0.769,0.82,-0.014
28,152,0.663,0.729,-0.02
28,153,0.666,0.732,-0.02
28,154,0.769,0.82,-0.014
28,155,0.593,0.667,-0.025
28,156,0.504,0.585,-0.031
28,157,0.445,0.528,-0.036
28,158,0.621,0.692,-0.023
28,159,0.688,0.751,-0.019
28,16,0.925,0.944,0.003
28,160,0.786,0.834,-0.013
28,161,0.805,0.849,-0.011
28,162,0.554,0.632,-0.027
28,163,0.606,0.679,-0.024
28,164,0.661,0.728,-0.02
28,165,0.704,0.765,-0.017
28,166,0.645,0.714,-0.021
28,167,0.88,0.909,-0.007
28,168,0.689,0.752,-0.018
28,169,0.85,0.885,-0.009
28,17,0.8,0.845,0.008
28,170,0.839,0.877,-0.009
28,171,0.733,0.79,-0.015
28,172,0.821,0.862,-0.01
28,173,0.852,0.887,-0.008
28,174,0.879,0.908,-0.007
28,175,1.0,1.0,0.0
28,176,0.99,0.992,-0.001
28,177,0.775,0.825,-0.013
28,178,0.879,0.908,-0.007
28,179,0.649,0.717,-0.02
28,18,0.845,0.881,0.006
28,180,0.571,0.647,-0.025
28,181,0.511,0.592,-0.029
28,182,0.62,0.691,-0.022
28,183,0.734,0.791,-0.015
28,184,0.663,0.729,-0.019
28,185,0.855,0.889,-0.008
28,186,0.671,0.736,-0.019
28,187,0.737,0.793,-0.015
28,188,0.926,0.945,0.004
28,189,0.738,0.793,-0.015
28,19,0.819,0.86,0.008
28,190,0.803,0.848,-0.011
28,191,0.842,0.879,-0.009
28,192,0.77,0.82,-0.013
28,193,0.871,0.902,-0.007
28,194,0.651,0.719,-0.02
28,195,0.759,0.811,-0.013
28,196,0.775,0.825,-0.013
28,197,0.815,0.857,-0.01
28,198,0.738,0.793,-0.015
28,199,0.428,0.512,-0.035
28,20,0.749,0.803,0.011
28,200,0.507,0.588,-0.029
28,201,0.604,0.677,-0.023
28,202,0.791,0.838,-0.012
28,203,0.642,0.711,-0.021
28,204,0.456,0.539,-0.033
28,205,0.443,0.526,-0.034
28,206,0.396,0.48,-0.038
28,207,0.414,0.498,-0.036
28,208,0.49,0.572,-0.031
28,209,0.386,0.469,-0.039
28,21,0.831,0.87,0.007
28,210,0.514,0.594,-0.029
28,211,0.693,0.756,-0.018
28,212,0.448,0.531,-0.034
28,213,0.59,0.665,-0.025
28,214,0.646,0.715,-0.021
28,215,0.515,0.595,-0.03
28,216,0.422,0.505,-0.037
28,217,0.34,0.422,-0.044
28,218,0.472,0.555,-0.034
28,219,0.587,0.662,-0.026
28,22,0.799,0.844,0.008
28,220,0.669,0.734,-0.02
28,221,0.556,0.634,-0.028
28,222,0.538,0.617,-0.03
28,223,0.396,0.48,-0.041
28,224,0.504,0.585,-0.033
28,225,0.501,0.582,-0.033
28,226,0.347,0.429,-0.047
28,227,0.587,0.662,-0.027
28,228,0.513,0.593,-0.033
28,229,0.317,0.398,-0.051
28,23,0.935,0.951,0.003
28,230,0.399,0.482,-0.044
28,231,0.706,0.767,-0.02
28,232,0.523,0.603,-0.034
28,233,0.419,0.502,-0.043
28,234,0.421,0.505,-0.044
28,235,0.568,0.644,-0.031
28,236,0.591,0.665,-0.03
28,237,0.458,0.541,-0.042
28,238,0.505,0.585,-0.038
28,239,0.456,0.538,-0.043
28,24,0.356,0.438,0.031
28,240,0.25,0.325,-0.067
28,241,0.293,0.373,-0.062
28,242,0.427,0.51,-0.048
28,243,0.432,0.515,-0.048
28,244,0.407,0.49,-0.051
28,245,0.582,0.658,-0.035
28,246,0.466,0.549,-0.047
28,247,0.635,0.705,-0.031
28,248,0.501,0.582,-0.044
28,249,0.45,0.533,-0.05
28,25,0.376,0.459,0.029
28,250,0.491,0.573,-0.046
28,251,0.516,0.596,-0.044
28,26,0.662,0.729,0.014
28,27,0.486,0.568,0.023
28,28,0.764,0.815,0.01
28,29,0.797,0.842,0.009
28,30,0.755,0.808,0.01
28,31,0.859,0.892,0.006
28,32,0.697,0.759,0.013
28,33,0.893,0.919,0.005
28,34,0.741,0.796,0.011
28,35,0.756,0.809,0.01
28,36,0.698,0.76,0.013
28,37,0.515,0.595,0.022
28,38,0.713,0.773,0.012
28,39,0.735,0.791,0.012
28,40,0.579,0.655,0.019
28,41,0.564,0.641,0.02
28,42,0.575,0.651,0.019
28,43,0.779,0.828,0.01
28,44,0.56,0.637,0.02
28,45,0.496,0.577,0.024
28,46,0.705,0.766,0.013
28,47,0.784,0.832,0.01
28,48,0.897,0.922,0.005
28,49,0.713,0.773,0.013
28,50,0.881,0.91,0.005
28,51,0.732,0.788,0.012
28,52,0.966,0.975,0.002
28,53,0.743,0.798,0.012
28,54,0.463,0.546,0.026
28,55,0.632,0.702,0.017
28,56,0.765,0.817,0.011
28,57,0.513,0.593,0.024
28,58,0.497,0.578,0.025
28,59,0.703,0.764,0.014
28,6,0.793,0.839,0.009
28,60,0.646,0.715,0.017
28,61,0.597,0.671,0.019
28,62,0.644,0.713,0.017
28,63,0.776,0.826,0.01
28,64,0.68,0.744,0.015
28,65,0.675,0.74,0.016
28,66,0.681,0.746,0.015
28,67,0.771,0.821,0.011
28,68,0.641,0.71,0.018
28,69,0.6,0.674,0.02
28,7,0.937,0.953,-0.003
28,70,0.804,0.849,0.009
28,71,0.822,0.863,0.009
28,72,0.539,0.618,0.023
28,73,0.643,0.712,0.018
28,74,0.808,0.852,0.009
28,75,0.848,0.884,0.007
28,76,0.626,0.697,0.019
28,77,0.535,0.614,0.024
28,78,0.554,0.632,0.023
28,79,0.444,0.527,0.03
28,8,0.743,0.798,0.011
28,80,0.461,0.543,0.029
28,81,0.551,0.629,0.024
28,82,0.356,0.438,0.037
28,83,0.532,0.611,0.025
28,84,0.523,0.603,0.026
28,85,0.494,0.575,0.028
28,86,0.669,0.735,0.017
28,87,0.65,0.718,0.018
28,88,0.601,0.675,0.021
28,89,0.602,0.675,0.021
28,9,0.916,0.937,-0.004
28,90,0.629,0.7,0.02
28,91,0.487,0.569,0.029
28,92,0.41,0.493,0.034
28,93,0.548,0.626,0.025
28,94,0.525,0.605,0.027
28,95,0.567,0.644,0.024
28,96,0.64,0.709,0.02
28,97,0.581,0.657,0.023
28,98,0.63,0.701,0.021
28,99,0.662,0.729,0.019
29,10,0.729,0.786,-0.012
29,100,0.843,0.88,0.009
29,101,0.928,0.946,0.004
29,102,0.903,0.927,0.005
29,103,0.762,0.814,0.013
29,104,0.686,0.749,0.018
29,105,0.918,0.939,0.005
29,106,0.959,0.97,0.002
29,107,0.886,0.914,0.006
29,108,0.711,0.771,0.016
29,109,0.788,0.835,0.012
29,11,0.596,0.67,-0.018
29,110,0.78,0.829,0.013
29,111,0.694,0.756,0.018
29,112,0.9,0.924,0.006
29,113,0.743,0.798,0.015
29,114,0.652,0.72,0.02
29,115,0.708,0.769,0.017
29,116,0.7,0.761,0.018
29,117,0.768,0.818,0.013
29,118,0.59,0.665,0.025
29,119,0.582,0.657,0.025
29,12,0.803,0.847,-0.008
29,120,0.823,0.864,0.01
29,121,0.734,0.79,0.016
29,122,0.791,0.838,0.012
29,123,0.765,0.816,0.014
29,124,0.858,0.892,0.008
29,125,0.906,0.929,0.005
29,126,0.857,0.891,0.008
29,127,0.698,0.76,0.018
29,128,0.754,0.807,0.015
29,129,0.647,0.716,0.021
29,13,0.817,0.859,0.008
29,130,0.61,0.683,0.024
29,131,0.582,0.657,0.026
29,132,0.905,0.929,0.006
29,133,0.798,0.843,0.012
29,134,0.743,0.798,0.015
29,135,0.91,0.933,0.005
29,136,0.996,0.997,-0.0
29,137,0.986,0.99,-0.001
29,138,0.753,0.806,0.015
29,139,0.776,0.825,0.013
29,14,0.924,0.943,-0.003
29,140,0.908,0.931,0.005
29,141,0.842,0.879,0.009
29,142,0.923,0.942,0.005
29,143,0.686,0.75,0.019
29,144,0.901,0.925,0.006
29,145,0.973,0.98,-0.002
29,146,0.92,0.94,-0.005
29,147,0.891,0.918,-0.006
29,148,0.853,0.887,-0.009
29,149,0.775,0.825,-0.013
29,15,0.999,1.0,-0.0
29,150,0.638,0.707,-0.022
29,151,0.712,0.772,-0.017
29,152,0.929,0.947,-0.004
29,153,0.974,0.981,-0.002
29,154,0.957,0.968,-0.003
29,155,0.964,0.973,0.002
29,156,0.956,0.967,0.003
29,157,0.866,0.898,-0.008
29,158,0.93,0.948,-0.004
29,159,0.872,0.903,-0.007
29,16,0.739,0.794,0.011
29,160,0.813,0.855,-0.011
29,161,0.751,0.805,-0.015
29,162,0.746,0.801,-0.015
29,163,0.903,0.927,-0.006
29,164,0.889,0.916,0.006
29,165,0.858,0.891,0.008
29,166,0.889,0.916,0.006
29,167,0.758,0.81,0.014
29,168,0.765,0.817,0.014
29,169,0.856,0.89,0.008
29,17,0.98,0.985,-0.001
29,170,0.966,0.975,-0.002
29,171,0.801,0.846,-0.012
29,172,0.86,0.894,-0.008
29,173,0.995,0.997,-0.0
29,174,0.733,0.79,0.016
29,175,0.929,0.947,-0.004
29,176,0.875,0.905,-0.007
29,177,0.75,0.804,-0.014
29,178,0.997,0.998,0.0
29,179,0.968,0.976,-0.002
29,18,0.595,0.669,0.018
29,180,0.889,0.916,-0.006
29,181,0.926,0.945,0.004
29,182,0.917,0.938,-0.005
29,183,0.662,0.729,-0.02
29,184,0.727,0.785,-0.016
29,185,0.775,0.825,-0.013
29,186,0.877,0.907,-0.007
29,187,0.772,0.822,-0.013
29,188,0.777,0.826,-0.013
29,189,0.821,0.862,-0.01
29,19,0.6,0.674,0.017
29,190,0.753,0.806,-0.014
29,191,0.731,0.788,-0.015
29,192,0.826,0.866,-0.01
29,193,0.947,0.961,-0.003
29,194,0.797,0.843,-0.011
29,195,0.925,0.944,-0.004
29,196,0.796,0.842,-0.011
29,197,0.746,0.8,-0.014
29,198,0.749,0.803,-0.014
29,199,0.988,0.991,-0.001
29,20,0.482,0.563,0.023
29,200,0.988,0.991,-0.001
29,201,0.89,0.917,-0.006
29,202,0.856,0.89,-0.008
29,203,0.733,0.79,-0.015
29,204,0.795,0.841,-0.012
29,205,0.902,0.926,-0.005
29,206,0.904,0.928,-0.005
29,207,0.869,0.9,-0.007
29,208,0.963,0.973,-0.002
29,209,0.895,0.92,-0.006
29,21,0.624,0.695,0.016
29,210,0.763,0.815,-0.014
29,211,0.769,0.82,-0.013
29,212,0.574,0.65,-0.025
29,213,0.735,0.791,-0.015
29,214,0.5,0.581,-0.031
29,215,0.57,0.647,-0.026
29,216,0.662,0.729,-0.02
29,217,0.4,0.484,-0.039
29,218,0.399,0.482,-0.039
29,219,0.34,0.422,-0.045
29,22,0.535,0.614,0.021
29,220,0.398,0.481,-0.04
29,221,0.465,0.548,-0.035
29,222,0.53,0.609,-0.03
29,223,0.542,0.62,-0.029
29,224,0.245,0.32,-0.056
29,225,0.568,0.645,-0.028
29,226,0.407,0.491,-0.041
29,227,0.476,0.558,-0.036
29,228,0.375,0.457,-0.045
29,229,0.436,0.52,-0.04
29,23,0.446,0.529,0.025
29,230,0.449,0.531,-0.039
29,231,0.386,0.469,-0.045
29,232,0.403,0.486,-0.044
29,233,0.471,0.554,-0.038
29,234,0.449,0.532,-0.041
29,235,0.506,0.587,-0.036
29,236,0.49,0.572,-0.038
29,237,0.478,0.56,-0.04
29,238,0.325,0.406,-0.056
29,239,0.498,0.579,-0.039
29,24,0.506,0.587,0.022
29,240,0.376,0.459,-0.051
29,241,0.423,0.506,-0.047
29,242,0.485,0.567,-0.042
29,243,0.419,0.502,-0.049
29,244,0.483,0.565,-0.043
29,245,0.417,0.5,-0.051
29,246,0.43,0.513,-0.05
29,247,0.436,0.519,-0.05
29,248,0.401,0.485,-0.055
29,249,0.457,0.54,-0.049
29,25,0.424,0.508,0.027
29,250,0.481,0.563,-0.047
29,251,0.558,0.636,-0.04
29,26,0.428,0.511,0.026
29,27,0.499,0.58,0.023
29,28,0.466,0.549,0.024
29,29,0.31,0.391,0.034
29,30,0.547,0.625,0.02
29,31,0.479,0.561,0.024
29,32,0.373,0.456,0.03
29,33,0.759,0.812,0.01
29,34,0.655,0.723,0.015
29,35,0.791,0.838,0.009
29,36,0.759,0.811,0.01
29,37,0.96,0.97,0.002
29,38,0.588,0.663,0.018
29,39,0.696,0.759,0.013
29,40,0.744,0.799,0.011
29,41,0.895,0.921,0.005
29,42,0.925,0.943,0.003
29,43,0.719,0.778,0.012
29,44,0.938,0.954,0.003
29,45,0.841,0.878,-0.007
29,46,0.731,0.788,0.012
29,47,0.542,0.62,0.022
29,48,0.492,0.573,0.024
29,49,0.59,0.665,0.019
29,50,0.744,0.799,0.012
29,51,0.51,0.59,0.024
29,52,0.439,0.522,0.028
29,53,0.363,0.446,0.033
29,54,0.469,0.551,0.026
29,55,0.551,0.629,0.022
29,56,0.363,0.446,0.033
29,57,0.467,0.549,0.026
29,58,0.635,0.705,0.017
29,59,0.469,0.551,0.027
29,6,0.691,0.754,-0.014
29,60,0.62,0.692,0.018
29,61,0.552,0.63,0.022
29,62,0.932,0.949,0.003
29,63,0.566,0.643,0.021
29,64,0.513,0.593,0.024
29,65,0.56,0.637,0.022
29,66,0.522,0.602,0.024
29,67,0.545,0.624,0.023
29,68,0.621,0.693,0.019
29,69,0.724,0.782,0.013
29,7,0.396,0.479,-0.03
29,70,0.612,0.685,0.019
29,71,0.564,0.641,0.022
29,72,0.373,0.456,0.034
29,73,0.461,0.544,0.029
29,74,0.432,0.515,0.031
29,75,0.575,0.651,0.022
29,76,0.519,0.599,0.025
29,77,0.636,0.706,0.019
29,78,0.583,0.658,0.022
29,79,0.412,0.495,0.033
29,8,0.515,0.595,-0.023
29,80,0.43,0.513,0.032
29,81,0.666,0.732,0.017
29,82,0.468,0.551,0.029
29,83,0.422,0.505,0.033
29,84,0.556,0.634,0.024
29,85,0.596,0.67,0.022
29,86,0.667,0.733,0.018
29,87,0.445,0.527,0.032
29,88,0.57,0.646,0.024
29,89,0.605,0.678,0.022
29,9,0.691,0.754,-0.014
29,90,0.651,0.719,0.019
29,91,0.695,0.757,0.016
29,92,0.685,0.749,0.017
29,93,0.671,0.737,0.018
29,94,0.851,0.886,0.008
29,95,0.627,0.698,0.021
29,96,0.706,0.767,0.016
29,97,0.764,0.815,0.013
29,98,0.926,0.945,-0.004
29,99,0.794,0.84,0.011
3,10,0.661,0.728,0.015
3,100,0.617,0.689,-0.019
3,101,0.506,0.587,-0.025
3,102,0.47,0.553,-0.028
3,103,0.846,0.882,-0.007
3,104,0.878,0.908,-0.006
3,105,0.751,0.805,-0.012
3,106,0.762,0.814,-0.012
3,107,0.754,0.807,-0.012
3,108,0.673,0.738,-0.016
3,109,0.647,0.716,-0.018
3,11,0.626,0.697,0.017
3,110,0.685,0.749,-0.016
3,111,0.838,0.875,-0.008
3,112,0.945,0.959,-0.003
3,113,0.97,0.978,-0.001
3,114,0.842,0.879,-0.008
3,115,0.61,0.683,-0.02
3,116,0.77,0.821,-0.012
3,117,0.756,0.809,-0.012
3,118,0.927,0.945,-0.004
3,119,0.742,0.797,-0.013
3,12,0.706,0.767,0.013
3,120,0.736,0.792,-0.013
3,121,0.932,0.949,-0.003
3,122,0.909,0.931,-0.005
3,123,0.903,0.927,-0.005
3,124,0.949,0.962,-0.003
3,125,0.964,0.973,-0.002
3,126,0.972,0.979,-0.001
3,127,0.974,0.981,0.001
3,128,0.825,0.865,-0.009
3,129,0.997,0.998,-0.0
3,13,0.688,0.752,0.014
3,130,0.96,0.971,-0.002
3,131,0.58,0.656,-0.023
3,132,0.772,0.822,-0.012
3,133,0.799,0.844,-0.01
3,134,0.9,0.925,0.005
3,135,0.987,0.99,-0.001
3,136,0.966,0.974,0.002
3,137,0.918,0.938,-0.004
3,138,0.824,0.864,-0.009
3,139,0.937,0.953,-0.003
3,14,0.637,0.707,0.016
3,140,0.908,0.931,0.005
3,141,0.964,0.974,0.002
3,142,0.951,0.964,0.003
3,143,0.917,0.938,0.004
3,144,0.942,0.956,-0.003
3,145,0.967,0.975,-0.002
3,146,0.985,0.989,-0.001
3,147,0.937,0.953,-0.003
3,148,0.966,0.974,0.002
3,149,0.924,0.943,-0.004
3,15,0.902,0.926,-0.004
3,150,0.941,0.956,-0.003
3,151,0.836,0.874,0.009
3,152,0.981,0.986,0.001
3,153,0.955,0.967,-0.002
3,154,0.767,0.818,-0.013
3,155,0.744,0.799,-0.014
3,156,0.894,0.92,-0.006
3,157,0.901,0.925,-0.005
3,158,0.912,0.934,-0.005
3,159,0.916,0.937,0.005
3,16,0.815,0.857,0.008
3,160,0.852,0.887,0.008
3,161,0.868,0.9,0.007
3,162,0.96,0.97,-0.002
3,163,0.944,0.958,0.003
3,164,0.893,0.919,0.006
3,165,0.889,0.916,-0.006
3,166,0.873,0.904,-0.007
3,167,0.819,0.861,-0.01
3,168,0.839,0.877,-0.009
3,169,0.725,0.783,-0.016
3,17,0.831,0.87,-0.007
3,170,0.722,0.78,-0.016
3,171,0.882,0.911,-0.007
3,172,0.803,0.847,-0.011
3,173,0.997,0.998,-0.0
3,174,0.958,0.969,-0.002
3,175,0.93,0.947,-0.004
3,176,0.783,0.831,-0.013
3,177,0.763,0.815,-0.014
3,178,0.757,0.81,-0.014
3,179,0.747,0.801,-0.015
3,18,0.738,0.794,0.011
3,180,0.768,0.819,-0.014
3,181,0.527,0.606,-0.03
3,182,0.602,0.676,-0.025
3,183,0.608,0.681,-0.024
3,184,0.524,0.604,-0.03
3,185,0.509,0.59,-0.032
3,186,0.487,0.568,-0.033
3,187,0.517,0.597,-0.031
3,188,0.689,0.752,-0.019
3,189,0.762,0.814,-0.015
3,19,0.65,0.718,-0.015
3,190,0.684,0.748,-0.02
3,191,0.962,0.972,-0.002
3,192,0.917,0.937,-0.005
3,193,0.861,0.894,-0.009
3,194,0.925,0.944,0.005
3,195,0.891,0.918,-0.007
3,196,0.727,0.784,-0.018
3,197,0.952,0.964,-0.003
3,198,0.978,0.984,-0.001
3,199,0.951,0.963,-0.003
3,20,0.85,0.885,-0.006
3,200,0.953,0.965,-0.003
3,201,0.965,0.974,0.002
3,202,0.82,0.861,0.012
3,203,0.94,0.955,0.004
3,204,0.998,0.998,0.0
3,205,0.78,0.829,0.015
3,206,0.864,0.897,0.009
3,207,0.929,0.947,0.005
3,208,0.96,0.97,0.003
3,209,0.844,0.88,0.011
3,21,0.922,0.942,0.003
3,210,0.845,0.881,0.011
3,211,0.977,0.983,0.002
3,212,0.73,0.787,0.019
3,213,0.796,0.842,0.014
3,214,0.995,0.996,-0.0
3,215,0.896,0.922,-0.007
3,216,0.972,0.98,-0.002
3,217,0.994,0.996,0.0
3,218,0.975,0.982,0.002
3,219,0.852,0.887,0.011
3,22,0.933,0.95,-0.003
3,220,0.945,0.959,-0.004
3,221,0.986,0.989,-0.001
3,222,0.826,0.867,-0.013
3,223,0.949,0.962,0.004
3,224,0.928,0.946,0.005
3,225,0.895,0.921,-0.008
3,226,0.96,0.97,-0.003
3,227,0.984,0.988,-0.001
3,228,0.99,0.992,-0.001
3,229,0.899,0.924,0.007
3,23,0.648,0.716,-0.015
3,230,0.776,0.825,0.017
3,231,0.983,0.987,-0.001
3,232,0.852,0.887,0.011
3,233,0.806,0.85,0.015
3,234,0.954,0.966,0.003
3,235,0.76,0.812,0.018
3,236,0.956,0.967,0.003
3,237,0.987,0.99,-0.001
3,238,0.79,0.837,0.016
3,239,0.862,0.894,0.011
3,24,0.959,0.97,0.002
3,240,0.999,0.999,-0.0
3,241,0.955,0.967,0.003
3,242,0.927,0.945,0.006
3,243,0.834,0.873,-0.013
3,244,0.795,0.841,-0.016
3,245,0.915,0.936,0.007
3,246,0.699,0.761,-0.025
3,247,0.959,0.97,-0.003
3,248,0.967,0.976,0.003
3,249,0.798,0.843,0.017
3,25,0.789,0.836,-0.009
3,250,0.85,0.885,0.013
3,26,0.761,0.813,-0.01
3,27,0.916,0.937,-0.003
3,28,0.83,0.869,-0.007
3,29,0.484,0.566,-0.023
3,30,0.793,0.84,-0.009
3,31,0.768,0.819,0.01
3,32,0.356,0.439,-0.031
3,33,0.765,0.816,-0.01
3,34,0.536,0.615,-0.02
3,35,0.49,0.571,-0.023
3,36,0.931,0.948,0.003
3,37,0.705,0.766,-0.013
3,38,0.529,0.609,-0.021
3,39,0.756,0.809,-0.01
3,40,0.61,0.682,-0.017
3,41,0.681,0.745,-0.014
3,42,0.867,0.899,0.006
3,43,0.791,0.838,-0.009
3,44,0.791,0.838,-0.009
3,45,0.871,0.902,-0.005
3,46,0.875,0.905,-0.005
3,47,0.563,0.64,-0.019
3,48,0.889,0.916,-0.005
3,49,0.992,0.994,-0.0
3,50,0.917,0.938,-0.004
3,51,0.519,0.599,-0.022
3,52,0.868,0.9,-0.006
3,53,0.973,0.98,-0.001
3,54,0.803,0.848,-0.008
3,55,0.842,0.879,-0.007
3,56,0.847,0.883,-0.007
3,57,0.966,0.974,-0.001
3,58,0.648,0.716,-0.016
3,59,0.666,0.732,-0.015
3,60,0.955,0.967,-0.002
3,61,0.685,0.749,-0.014
3,62,0.769,0.819,-0.01
3,63,0.874,0.904,-0.005
3,64,0.718,0.777,-0.012
3,65,0.904,0.927,-0.004
3,66,0.4,0.483,-0.029
3,67,0.649,0.717,-0.016
3,68,0.851,0.886,-0.007
3,69,0.733,0.789,-0.012
3,7,0.471,0.553,0.026
3,70,0.701,0.763,-0.014
3,71,0.972,0.979,-0.001
3,72,0.709,0.77,-0.013
3,73,0.818,0.859,-0.008
3,74,0.82,0.861,-0.008
3,75,0.666,0.732,-0.015
3,76,0.877,0.906,-0.006
3,77,0.72,0.779,-0.013
3,78,0.871,0.902,-0.006
3,79,0.881,0.91,-0.005
3,8,0.682,0.746,0.015
3,80,0.857,0.891,-0.007
3,81,0.961,0.971,-0.002
3,82,0.745,0.799,-0.012
3,83,0.827,0.867,0.008
3,84,0.889,0.916,0.005
3,85,0.911,0.933,0.004
3,86,0.75,0.804,-0.012
3,87,0.838,0.876,0.008
3,88,0.975,0.982,-0.001
3,89,0.628,0.699,-0.018
3,9,0.529,0.608,0.022
3,90,0.786,0.833,-0.01
3,91,0.778,0.827,-0.011
3,92,0.903,0.927,-0.005
3,93,0.771,0.821,-0.011
3,94,0.735,0.791,-0.013
3,95,0.487,0.569,-0.026
3,96,0.717,0.776,-0.014
3,97,0.576,0.652,-0.021
3,98,0.584,0.659,-0.021
3,99,0.545,0.623,-0.023
30,10,0.975,0.981,-0.001
30,100,0.885,0.913,0.006
30,101,0.981,0.986,0.001
30,102,0.979,0.985,0.001
30,103,0.979,0.985,0.001
30,104,0.921,0.941,-0.004
30,105,0.754,0.807,-0.014
30,106,0.822,0.863,-0.01
30,107,0.96,0.97,-0.002
30,108,0.745,0.8,0.015
30,109,0.82,0.861,0.01
30,11,0.732,0.789,-0.012
30,110,0.908,0.931,0.005
30,111,0.857,0.891,0.008
30,112,0.737,0.793,0.015
30,113,0.632,0.702,0.022
30,114,0.729,0.786,0.016
30,115,0.83,0.869,0.01
30,116,0.818,0.86,0.011
30,117,0.819,0.86,0.011
30,118,0.838,0.876,0.009
30,119,0.784,0.832,0.013
30,12,0.898,0.923,0.004
30,120,0.937,0.953,0.004
30,121,0.966,0.975,0.002
30,122,0.969,0.977,-0.002
30,123,0.88,0.909,-0.007
30,124,0.955,0.967,0.003
30,125,0.888,0.915,0.007
30,126,0.867,0.899,0.008
30,127,0.72,0.778,0.017
30,128,0.783,0.831,0.013
30,129,0.76,0.812,0.014
30,13,0.757,0.81,-0.01
30,130,0.672,0.738,0.02
30,131,0.795,0.841,0.012
30,132,0.84,0.877,0.01
30,133,0.832,0.871,0.01
30,134,0.953,0.965,0.003
30,135,0.612,0.685,0.024
30,136,0.77,0.82,0.014
30,137,0.683,0.747,0.019
30,138,0.565,0.642,0.027
30,139,0.708,0.769,0.018
30,14,0.913,0.935,0.004
30,140,0.987,0.99,0.001
30,141,0.993,0.995,-0.0
30,142,0.988,0.991,0.001
30,143,0.977,0.983,0.001
30,144,0.851,0.886,-0.009
30,145,0.976,0.982,0.001
30,146,0.811,0.854,0.011
30,147,0.988,0.991,0.001
30,148,0.943,0.958,0.003
30,149,0.774,0.824,-0.014
30,15,0.703,0.764,-0.013
30,150,0.904,0.928,-0.006
30,151,0.864,0.897,-0.008
30,152,0.882,0.91,-0.007
30,153,0.839,0.876,-0.01
30,154,0.82,0.861,-0.011
30,155,0.899,0.924,-0.006
30,156,0.957,0.968,-0.003
30,157,0.962,0.972,-0.002
30,158,0.947,0.96,-0.003
30,159,0.904,0.928,-0.006
30,16,0.883,0.911,0.005
30,160,0.999,0.999,-0.0
30,161,0.965,0.974,-0.002
30,162,0.891,0.918,0.006
30,163,0.945,0.959,-0.003
30,164,0.931,0.948,0.004
30,165,0.987,0.991,0.001
30,166,0.9,0.925,-0.006
30,167,0.942,0.957,0.003
30,168,0.972,0.979,-0.002
30,169,0.81,0.853,-0.011
30,17,0.822,0.863,-0.007
30,170,0.962,0.972,-0.002
30,171,0.776,0.826,-0.013
30,172,0.668,0.734,-0.02
30,173,0.719,0.778,-0.017
30,174,0.673,0.738,-0.019
30,175,0.63,0.701,-0.022
30,176,0.699,0.761,-0.018
30,177,0.645,0.714,-0.021
30,178,0.668,0.734,-0.019
30,179,0.392,0.475,-0.039
30,18,0.995,0.996,0.0
30,180,0.415,0.498,-0.037
30,181,0.386,0.469,-0.039
30,182,0.357,0.44,-0.042
30,183,0.453,0.536,-0.034
30,184,0.405,0.488,-0.037
30,185,0.648,0.717,-0.02
30,186,0.555,0.632,-0.026
30,187,0.59,0.664,-0.024
30,188,0.739,0.794,-0.015
30,189,0.725,0.782,-0.016
30,19,0.8,0.845,0.008
30,190,0.427,0.51,-0.035
30,191,0.559,0.636,-0.026
30,192,0.674,0.739,-0.019
30,193,0.59,0.664,-0.024
30,194,0.671,0.736,-0.019
30,195,0.993,0.995,-0.0
30,196,0.775,0.825,-0.013
30,197,0.779,0.828,-0.012
30,198,0.736,0.792,-0.015
30,199,0.713,0.772,-0.016
30,20,0.929,0.947,0.003
30,200,0.835,0.873,-0.009
30,201,0.78,0.829,-0.012
30,202,0.715,0.775,-0.016
30,203,0.835,0.873,-0.009
30,204,0.57,0.646,-0.025
30,205,0.63,0.701,-0.021
30,206,0.626,0.697,-0.022
30,207,0.623,0.695,-0.022
30,208,0.579,0.655,-0.025
30,209,0.549,0.627,-0.027
30,21,0.986,0.989,-0.001
30,210,0.693,0.756,-0.018
30,211,0.662,0.728,-0.02
30,212,0.641,0.71,-0.021
30,213,0.51,0.59,-0.03
30,214,0.44,0.523,-0.035
30,215,0.522,0.602,-0.029
30,216,0.54,0.619,-0.028
30,217,0.456,0.539,-0.035
30,218,0.501,0.582,-0.031
30,219,0.669,0.735,-0.02
30,22,0.819,0.861,-0.008
30,220,0.68,0.745,-0.019
30,221,0.417,0.5,-0.039
30,222,0.506,0.587,-0.032
30,223,0.541,0.62,-0.029
30,224,0.477,0.559,-0.034
30,225,0.432,0.515,-0.038
30,226,0.46,0.543,-0.036
30,227,0.464,0.547,-0.036
30,228,0.361,0.444,-0.046
30,229,0.355,0.437,-0.047
30,23,0.92,0.94,0.003
30,230,0.381,0.464,-0.045
30,231,0.358,0.44,-0.048
30,232,0.424,0.507,-0.042
30,233,0.438,0.521,-0.041
30,234,0.386,0.47,-0.046
30,235,0.33,0.412,-0.053
30,236,0.358,0.441,-0.05
30,237,0.367,0.45,-0.05
30,238,0.314,0.395,-0.057
30,239,0.339,0.42,-0.055
30,24,0.769,0.82,0.01
30,240,0.272,0.35,-0.064
30,241,0.295,0.374,-0.061
30,242,0.402,0.485,-0.05
30,243,0.297,0.377,-0.063
30,244,0.302,0.382,-0.063
30,245,0.364,0.446,-0.057
30,246,0.347,0.429,-0.06
30,247,0.389,0.472,-0.055
30,248,0.353,0.435,-0.061
30,249,0.395,0.478,-0.056
30,25,0.789,0.836,0.009
30,250,0.336,0.418,-0.064
30,251,0.438,0.521,-0.053
30,26,0.943,0.957,-0.002
30,27,0.533,0.613,0.021
30,28,0.519,0.599,0.021
30,29,0.806,0.85,-0.008
30,30,0.981,0.986,0.001
30,31,0.827,0.867,0.007
30,32,0.726,0.784,0.012
30,33,0.724,0.782,0.012
30,34,0.67,0.736,0.014
30,35,0.74,0.796,0.011
30,36,0.857,0.891,-0.006
30,37,0.724,0.782,0.012
30,38,0.669,0.735,0.015
30,39,0.761,0.813,0.01
30,40,0.89,0.917,0.005
30,41,0.87,0.901,-0.006
30,42,0.659,0.726,0.015
30,43,0.703,0.764,0.013
30,44,0.813,0.856,0.008
30,45,0.565,0.642,0.02
30,46,0.691,0.753,0.014
30,47,0.66,0.727,0.016
30,48,0.506,0.586,0.024
30,49,0.522,0.602,0.023
30,50,0.681,0.745,0.015
30,51,0.608,0.681,0.018
30,52,0.478,0.56,0.026
30,53,0.488,0.57,0.025
30,54,0.594,0.669,0.019
30,55,0.561,0.638,0.021
30,56,0.466,0.549,0.027
30,57,0.539,0.618,0.022
30,58,0.567,0.644,0.021
30,59,0.573,0.65,0.021
30,6,0.847,0.883,0.007
30,60,0.931,0.949,-0.003
30,61,0.623,0.694,0.018
30,62,0.386,0.469,0.032
30,63,0.638,0.708,0.018
30,64,0.928,0.946,0.003
30,65,0.556,0.633,0.022
30,66,0.593,0.667,0.02
30,67,0.498,0.579,0.026
30,68,0.294,0.374,0.04
30,69,0.421,0.504,0.031
30,7,0.66,0.727,-0.015
30,70,0.648,0.716,0.018
30,71,0.59,0.665,0.021
30,72,0.482,0.564,0.027
30,73,0.431,0.514,0.031
30,74,0.451,0.534,0.03
30,75,0.528,0.607,0.025
30,76,0.513,0.594,0.026
30,77,0.465,0.547,0.029
30,78,0.383,0.466,0.035
30,79,0.551,0.629,0.024
30,8,0.907,0.93,-0.004
30,80,0.588,0.663,0.022
30,81,0.618,0.69,0.02
30,82,0.388,0.471,0.035
30,83,0.31,0.39,0.042
30,84,0.588,0.663,0.022
30,85,0.525,0.605,0.026
30,86,0.533,0.612,0.026
30,87,0.51,0.591,0.027
30,88,0.508,0.589,0.028
30,89,0.594,0.668,0.022
30,9,0.78,0.829,-0.01
30,90,0.614,0.686,0.021
30,91,0.671,0.737,0.018
30,92,0.557,0.635,0.025
30,93,0.672,0.738,0.018
30,94,0.754,0.807,0.013
30,95,0.907,0.93,0.005
30,96,0.619,0.691,0.021
30,97,0.748,0.802,0.014
30,98,0.756,0.809,0.014
30,99,0.683,0.747,0.018
31,10,0.425,0.509,-0.028
31,100,0.935,0.952,0.004
31,101,0.925,0.944,0.004
31,102,0.78,0.829,0.012
31,103,0.878,0.908,0.007
31,104,0.889,0.916,0.006
31,105,0.686,0.75,0.018
31,106,0.871,0.902,0.007
31,107,0.945,0.959,0.003
31,108,0.847,0.883,0.009
31,109,0.882,0.91,0.007
31,11,0.565,0.642,-0.02
31,110,0.823,0.864,0.01
31,111,0.952,0.964,0.003
31,112,0.901,0.925,0.006
31,113,0.74,0.795,0.015
31,114,0.768,0.818,0.014
31,115,0.878,0.908,0.007
31,116,0.696,0.758,0.018
31,117,0.639,0.708,0.022
31,118,0.594,0.668,0.025
31,119,0.635,0.705,0.022
31,12,0.784,0.832,-0.009
31,120,0.836,0.875,0.01
31,121,0.737,0.793,0.016
31,122,0.912,0.934,0.005
31,123,0.957,0.968,-0.002
31,124,0.854,0.889,0.009
31,125,0.782,0.83,0.013
31,126,0.759,0.811,0.014
31,127,0.611,0.684,0.024
31,128,0.674,0.74,0.02
31,129,0.842,0.879,0.009
31,13,0.694,0.757,-0.013
31,130,0.867,0.899,0.008
31,131,0.785,0.833,0.013
31,132,0.919,0.94,0.005
31,133,0.908,0.931,0.005
31,134,0.835,0.874,0.01
31,135,0.711,0.771,0.018
31,136,0.828,0.867,0.01
31,137,0.758,0.811,0.015
31,138,0.866,0.898,0.008
31,139,0.902,0.926,0.006
31,14,0.765,0.817,-0.01
31,140,0.961,0.971,0.002
31,141,0.916,0.937,0.005
31,142,0.881,0.91,0.007
31,143,0.921,0.941,0.005
31,144,0.954,0.966,0.003
31,145,0.968,0.976,0.002
31,146,0.914,0.935,0.005
31,147,0.834,0.873,0.01
31,148,0.819,0.86,0.011
31,149,0.806,0.85,0.012
31,15,0.573,0.649,-0.019
31,150,0.961,0.971,-0.002
31,151,0.728,0.785,0.017
31,152,0.83,0.869,0.01
31,153,0.993,0.995,0.0
31,154,0.896,0.921,-0.006
31,155,0.976,0.982,-0.001
31,156,0.997,0.998,-0.0
31,157,0.968,0.976,0.002
31,158,0.958,0.969,0.003
31,159,0.9,0.924,-0.006
31,16,0.669,0.735,-0.014
31,160,0.913,0.935,0.005
31,161,0.972,0.979,-0.002
31,162,0.964,0.973,-0.002
31,163,0.842,0.879,-0.009
31,164,0.798,0.843,-0.012
31,165,0.88,0.909,-0.007
31,166,0.759,0.811,-0.014
31,167,0.655,0.722,-0.021
31,168,0.709,0.769,-0.017
31,169,0.618,0.69,-0.023
31,17,0.66,0.727,-0.015
31,170,0.68,0.745,-0.019
31,171,0.635,0.705,-0.022
31,172,0.631,0.702,-0.022
31,173,0.543,0.622,-0.028
31,174,0.497,0.578,-0.031
31,175,0.55,0.628,-0.028
31,176,0.541,0.62,-0.028
31,177,0.394,0.477,-0.039
31,178,0.423,0.506,-0.037
31,179,0.548,0.626,-0.027
31,18,0.783,0.831,-0.009
31,180,0.655,0.723,-0.02
31,181,0.777,0.826,-0.013
31,182,0.799,0.844,-0.012
31,183,0.901,0.925,-0.006
31,184,0.589,0.664,-0.024
31,185,0.492,0.573,-0.031
31,186,0.561,0.638,-0.026
31,187,0.499,0.58,-0.03
31,188,0.341,0.423,-0.043
31,189,0.611,0.684,-0.023
31,19,0.982,0.987,0.001
31,190,0.585,0.66,-0.024
31,191,0.606,0.679,-0.023
31,192,0.686,0.749,-0.018
31,193,0.823,0.864,-0.01
31,194,0.616,0.688,-0.022
31,195,0.713,0.773,-0.016
31,196,0.645,0.714,-0.02
31,197,0.672,0.737,-0.019
31,198,0.715,0.774,-0.016
31,199,0.582,0.657,-0.024
31,20,0.897,0.922,-0.004
31,200,0.568,0.644,-0.025
31,201,0.816,0.858,-0.01
31,202,0.79,0.837,-0.012
31,203,0.833,0.871,0.009
31,204,0.911,0.933,0.005
31,205,0.802,0.846,-0.011
31,206,0.711,0.771,-0.016
31,207,0.79,0.837,-0.012
31,208,0.582,0.658,-0.025
31,209,0.597,0.671,-0.024
31,21,0.956,0.968,0.002
31,210,0.674,0.739,-0.019
31,211,0.662,0.728,-0.02
31,212,0.514,0.594,-0.029
31,213,0.468,0.55,-0.033
31,214,0.569,0.645,-0.026
31,215,0.444,0.527,-0.035
31,216,0.378,0.461,-0.04
31,217,0.398,0.481,-0.039
31,218,0.425,0.508,-0.037
31,219,0.426,0.509,-0.037
31,22,0.681,0.745,0.014
31,220,0.306,0.386,-0.048
31,221,0.405,0.489,-0.039
31,222,0.537,0.616,-0.029
31,223,0.681,0.745,-0.02
31,224,0.393,0.476,-0.041
31,225,0.411,0.495,-0.04
31,226,0.336,0.417,-0.047
31,227,0.474,0.557,-0.035
31,228,0.473,0.555,-0.036
31,229,0.413,0.496,-0.041
31,23,0.883,0.912,-0.005
31,230,0.526,0.606,-0.032
31,231,0.382,0.466,-0.045
31,232,0.298,0.378,-0.054
31,233,0.431,0.514,-0.041
31,234,0.538,0.617,-0.033
31,235,0.362,0.445,-0.049
31,236,0.307,0.387,-0.056
31,237,0.305,0.385,-0.057
31,238,0.335,0.416,-0.054
31,239,0.307,0.387,-0.058
31,24,0.836,0.874,-0.007
31,240,0.273,0.351,-0.063
31,241,0.197,0.266,-0.075
31,242,0.338,0.42,-0.057
31,243,0.201,0.27,-0.077
31,244,0.25,0.326,-0.07
31,245,0.226,0.299,-0.075
31,246,0.208,0.279,-0.079
31,247,0.235,0.309,-0.076
31,248,0.176,0.241,-0.088
31,249,0.272,0.35,-0.072
31,25,0.854,0.888,-0.006
31,250,0.168,0.232,-0.092
31,251,0.246,0.321,-0.078
31,26,0.838,0.876,-0.007
31,27,0.941,0.956,-0.003
31,28,0.97,0.978,-0.001
31,29,0.756,0.809,-0.011
31,30,0.883,0.912,0.005
31,31,0.839,0.876,-0.007
31,32,0.821,0.862,-0.008
31,33,0.951,0.963,-0.002
31,34,0.977,0.983,-0.001
31,35,0.992,0.994,0.0
31,36,0.875,0.905,0.005
31,37,0.978,0.984,-0.001
31,38,0.978,0.984,-0.001
31,39,0.905,0.929,0.004
31,40,0.786,0.834,0.009
31,41,0.989,0.992,-0.0
31,42,0.748,0.802,-0.011
31,43,0.866,0.898,-0.006
31,44,0.697,0.759,0.014
31,45,0.752,0.805,-0.011
31,46,0.962,0.972,0.002
31,47,0.777,0.826,0.01
31,48,0.854,0.889,-0.007
31,49,0.817,0.859,-0.008
31,50,0.941,0.956,-0.003
31,51,0.894,0.92,0.005
31,52,0.822,0.863,-0.008
31,53,0.993,0.995,-0.0
31,54,0.957,0.968,0.002
31,55,0.713,0.773,0.013
31,56,0.943,0.957,0.003
31,57,0.99,0.992,0.0
31,58,0.913,0.934,-0.004
31,59,0.916,0.937,0.004
31,6,0.433,0.516,-0.028
31,60,0.897,0.922,0.005
31,61,0.756,0.809,0.012
31,62,0.457,0.54,0.028
31,63,0.684,0.747,0.015
31,64,0.748,0.802,0.012
31,65,0.538,0.617,0.023
31,66,0.633,0.703,0.018
31,67,0.623,0.694,0.019
31,68,0.733,0.789,0.013
31,69,0.6,0.674,0.02
31,7,0.476,0.558,-0.025
31,70,0.468,0.55,0.028
31,71,0.431,0.514,0.031
31,72,0.628,0.699,0.019
31,73,0.505,0.586,0.026
31,74,0.618,0.69,0.02
31,75,0.571,0.648,0.023
31,76,0.518,0.598,0.026
31,77,0.456,0.539,0.03
31,78,0.58,0.655,0.022
31,79,0.586,0.661,0.022
31,8,0.504,0.585,-0.023
31,80,0.639,0.708,0.019
31,81,0.573,0.649,0.023
31,82,0.627,0.698,0.02
31,83,0.716,0.775,0.015
31,84,0.419,0.502,0.034
31,85,0.438,0.521,0.032
31,86,0.759,0.811,0.013
31,87,0.63,0.701,0.02
31,88,0.677,0.742,0.018
31,89,0.594,0.668,0.023
31,9,0.552,0.63,-0.021
31,90,0.458,0.541,0.032
31,91,0.635,0.705,0.02
31,92,0.808,0.852,0.01
31,93,0.822,0.863,0.01
31,94,0.854,0.888,0.008
31,95,0.727,0.784,0.015
31,96,0.752,0.806,0.014
31,97,0.701,0.763,0.017
31,98,0.832,0.871,0.009
31,99,0.946,0.96,0.003
32,10,0.998,0.999,-0.0
32,100,0.873,0.904,-0.007
32,101,0.996,0.997,0.0
32,102,0.924,0.943,-0.004
32,103,0.948,0.961,0.003
32,104,0.867,0.899,0.008
32,105,0.796,0.842,0.012
32,106,0.722,0.78,0.016
32,107,0.826,0.866,0.01
32,108,0.88,0.909,0.007
32,109,0.869,0.9,0.008
32,11,0.683,0.747,0.014
32,110,0.688,0.751,0.018
32,111,0.637,0.707,0.022
32,112,0.753,0.807,0.014
32,113,0.739,0.794,0.015
32,114,0.832,0.871,0.01
32,115,0.861,0.894,0.008
32,116,0.912,0.934,0.005
32,117,0.692,0.755,0.018
32,118,0.742,0.797,0.015
32,119,0.828,0.868,0.01
32,12,0.959,0.969,0.002
32,120,0.774,0.824,0.013
32,121,0.934,0.951,0.004
32,122,0.87,0.901,0.008
32,123,0.864,0.896,0.008
32,124,0.809,0.852,0.011
32,125,0.728,0.785,0.016
32,126,0.757,0.81,0.015
32,127,0.897,0.923,0.006
32,128,0.85,0.885,0.009
32,129,0.78,0.829,0.013
32,13,0.977,0.983,0.001
32,130,0.658,0.725,0.021
32,131,0.729,0.786,0.016
32,132,0.763,0.815,0.014
32,133,0.83,0.869,0.01
32,134,0.784,0.832,0.013
32,135,0.696,0.758,0.019
32,136,0.74,0.795,0.016
32,137,0.795,0.841,0.012
32,138,0.732,0.789,0.016
32,139,0.589,0.664,0.026
32,14,0.968,0.976,0.001
32,140,0.69,0.753,0.019
32,141,0.934,0.95,0.004
32,142,0.837,0.875,0.01
32,143,0.989,0.992,0.001
32,144,0.934,0.951,-0.004
32,145,0.908,0.931,-0.006
32,146,0.914,0.935,-0.005
32,147,0.95,0.963,-0.003
32,148,0.992,0.994,-0.001
32,149,0.926,0.945,-0.004
32,15,0.747,0.801,0.011
32,150,0.949,0.962,-0.003
32,151,0.987,0.991,-0.001
32,152,0.761,0.813,-0.015
32,153,0.786,0.834,-0.013
32,154,0.928,0.946,0.004
32,155,0.976,0.982,-0.001
32,156,0.873,0.903,0.008
32,157,0.92,0.94,-0.005
32,158,0.972,0.979,0.002
32,159,0.957,0.968,-0.003
32,16,0.855,0.889,0.006
32,160,0.857,0.891,-0.009
32,161,0.869,0.9,-0.008
32,162,0.844,0.88,-0.009
32,163,0.713,0.772,-0.017
32,164,0.78,0.829,-0.013
32,165,0.642,0.711,-0.022
32,166,0.706,0.766,-0.018
32,167,0.896,0.921,-0.006
32,168,0.564,0.641,-0.027
32,169,0.614,0.686,-0.024
32,17,0.922,0.942,0.003
32,170,0.92,0.94,-0.005
32,171,0.888,0.915,-0.007
32,172,0.774,0.824,-0.013
32,173,0.638,0.708,-0.022
32,174,0.687,0.751,-0.019
32,175,0.782,0.83,-0.013
32,176,0.61,0.683,-0.024
32,177,0.785,0.833,-0.013
32,178,0.739,0.795,-0.015
32,179,0.712,0.772,-0.017
32,18,0.775,0.824,0.01
32,180,0.598,0.672,-0.024
32,181,0.692,0.754,-0.018
32,182,0.741,0.797,-0.015
32,183,0.762,0.814,-0.014
32,184,0.722,0.78,-0.016
32,185,0.876,0.906,-0.007
32,186,0.86,0.893,-0.008
32,187,0.8,0.845,-0.011
32,188,0.839,0.877,-0.009
32,189,0.745,0.8,-0.015
32,19,0.727,0.784,0.012
32,190,0.72,0.779,-0.016
32,191,0.805,0.849,-0.011
32,192,0.565,0.641,-0.026
32,193,0.646,0.714,-0.021
32,194,0.8,0.845,-0.011
32,195,0.731,0.788,-0.015
32,196,0.739,0.794,-0.015
32,197,0.627,0.698,-0.022
32,198,0.839,0.877,-0.009
32,199,0.92,0.94,-0.004
32,20,0.837,0.875,0.007
32,200,0.667,0.733,-0.019
32,201,0.489,0.57,-0.031
32,202,0.793,0.839,-0.012
32,203,0.706,0.766,-0.017
32,204,0.737,0.793,-0.015
32,205,0.837,0.875,-0.009
32,206,0.869,0.901,-0.007
32,207,0.955,0.967,-0.002
32,208,0.827,0.867,-0.01
32,209,0.594,0.668,-0.024
32,21,0.867,0.898,0.006
32,210,0.685,0.749,-0.018
32,211,0.816,0.858,-0.01
32,212,0.637,0.707,-0.021
32,213,0.733,0.79,-0.015
32,214,0.537,0.616,-0.028
32,215,0.382,0.465,-0.04
32,216,0.519,0.599,-0.03
32,217,0.563,0.64,-0.027
32,218,0.341,0.423,-0.044
32,219,0.307,0.388,-0.047
32,22,0.906,0.929,0.004
32,220,0.476,0.558,-0.033
32,221,0.304,0.384,-0.048
32,222,0.259,0.335,-0.053
32,223,0.293,0.373,-0.05
32,224,0.154,0.215,-0.068
32,225,0.231,0.304,-0.058
32,226,0.248,0.324,-0.056
32,227,0.213,0.284,-0.061
32,228,0.22,0.292,-0.06
32,229,0.251,0.327,-0.057
32,23,0.975,0.981,0.001
32,230,0.154,0.215,-0.072
32,231,0.207,0.277,-0.064
32,232,0.185,0.252,-0.068
32,233,0.177,0.242,-0.07
32,234,0.278,0.357,-0.057
32,235,0.203,0.273,-0.068
32,236,0.203,0.273,-0.069
32,237,0.216,0.288,-0.068
32,238,0.315,0.396,-0.056
32,239,0.278,0.356,-0.061
32,24,0.956,0.967,0.002
32,240,0.245,0.321,-0.066
32,241,0.248,0.323,-0.067
32,242,0.219,0.291,-0.072
32,243,0.274,0.352,-0.065
32,244,0.309,0.389,-0.062
32,245,0.249,0.324,-0.071
32,246,0.37,0.453,-0.056
32,247,0.41,0.493,-0.052
32,248,0.432,0.515,-0.051
32,249,0.383,0.466,-0.057
32,25,0.941,0.956,0.003
32,250,0.398,0.482,-0.056
32,251,0.341,0.423,-0.064
32,26,0.94,0.955,-0.003
32,27,0.991,0.993,-0.0
32,28,0.806,0.85,0.008
32,29,0.945,0.959,-0.002
32,30,0.65,0.718,-0.015
32,31,0.731,0.788,0.012
32,32,0.804,0.848,0.008
32,33,0.911,0.933,0.004
32,34,0.918,0.938,0.004
32,35,0.874,0.904,0.005
32,36,0.953,0.965,0.002
32,37,0.894,0.92,0.005
32,38,0.578,0.654,0.019
32,39,0.88,0.909,0.005
32,40,0.957,0.968,0.002
32,41,0.759,0.811,0.011
32,42,0.86,0.893,0.006
32,43,0.694,0.756,0.014
32,44,0.921,0.94,0.004
32,45,0.984,0.988,0.001
32,46,0.997,0.998,-0.0
32,47,0.968,0.976,0.001
32,48,0.812,0.855,-0.009
32,49,0.841,0.878,0.007
32,50,0.804,0.849,0.009
32,51,0.922,0.942,0.004
32,52,0.755,0.808,0.011
32,53,0.729,0.786,0.013
32,54,0.841,0.878,0.007
32,55,0.744,0.799,0.012
32,56,0.566,0.642,0.021
32,57,0.941,0.956,0.003
32,58,0.98,0.985,0.001
32,59,0.708,0.768,0.014
32,6,0.595,0.669,-0.019
32,60,0.789,0.836,0.01
32,61,0.713,0.772,0.014
32,62,0.508,0.589,0.025
32,63,0.405,0.488,0.032
32,64,0.742,0.798,0.013
32,65,0.387,0.47,0.033
32,66,0.753,0.806,0.012
32,67,0.743,0.798,0.013
32,68,0.487,0.568,0.027
32,69,0.583,0.658,0.021
32,7,0.77,0.821,-0.01
32,70,0.549,0.627,0.024
32,71,0.657,0.725,0.018
32,72,0.546,0.624,0.024
32,73,0.528,0.607,0.025
32,74,0.502,0.583,0.027
32,75,0.635,0.705,0.019
32,76,0.363,0.445,0.037
32,77,0.597,0.671,0.021
32,78,0.596,0.67,0.022
32,79,0.525,0.604,0.026
32,8,0.689,0.752,-0.014
32,80,0.553,0.63,0.024
32,81,0.642,0.711,0.019
32,82,0.546,0.624,0.025
32,83,0.673,0.738,0.018
32,84,0.662,0.729,0.018
32,85,0.716,0.775,0.015
32,86,0.69,0.753,0.017
32,87,0.611,0.684,0.022
32,88,0.576,0.652,0.024
32,89,0.701,0.762,0.016
32,9,0.784,0.832,0.009
32,90,0.515,0.595,0.028
32,91,0.673,0.738,0.018
32,92,0.821,0.862,0.01
32,93,0.721,0.779,0.015
32,94,0.872,0.902,0.007
32,95,0.855,0.889,0.008
32,96,0.719,0.778,0.016
32,97,0.934,0.951,-0.004
32,98,0.927,0.945,0.004
32,99,0.84,0.878,0.009
33,10,0.203,0.273,0.044
33,100,0.91,0.932,-0.005
33,101,0.913,0.934,0.005
33,102,0.948,0.961,0.003
33,103,0.898,0.923,-0.006
33,104,0.889,0.916,0.006
33,105,0.971,0.978,-0.002
33,106,0.85,0.885,0.009
33,107,0.74,0.795,0.015
33,108,0.936,0.952,0.004
33,109,0.903,0.927,0.006
33,11,0.332,0.413,0.033
33,110,0.761,0.813,0.014
33,111,0.707,0.768,0.017
33,112,0.683,0.747,0.019
33,113,0.886,0.914,0.007
33,114,0.963,0.973,-0.002
33,115,0.934,0.951,-0.004
33,116,0.983,0.988,0.001
33,117,0.899,0.924,0.006
33,118,0.91,0.932,0.005
33,119,0.781,0.829,0.013
33,12,0.392,0.475,0.029
33,120,0.733,0.79,0.016
33,121,0.885,0.913,0.007
33,122,0.788,0.835,0.013
33,123,0.855,0.889,0.009
33,124,0.907,0.93,0.006
33,125,0.819,0.86,0.011
33,126,0.732,0.789,0.016
33,127,0.81,0.853,0.011
33,128,0.732,0.789,0.016
33,129,0.919,0.939,0.005
33,13,0.643,0.712,0.016
33,130,0.952,0.964,0.003
33,131,0.891,0.918,0.007
33,132,0.738,0.794,0.016
33,133,0.756,0.808,0.015
33,134,0.704,0.765,0.018
33,135,0.765,0.816,0.014
33,136,0.806,0.85,0.012
33,137,0.979,0.984,-0.001
33,138,0.99,0.993,-0.001
33,139,0.942,0.957,0.003
33,14,0.272,0.35,0.037
33,140,0.799,0.844,0.012
33,141,0.836,0.874,0.01
33,142,0.827,0.867,0.01
33,143,0.971,0.978,0.002
33,144,0.996,0.997,-0.0
33,145,0.968,0.976,-0.002
33,146,0.89,0.917,-0.007
33,147,0.972,0.979,-0.002
33,148,0.767,0.818,-0.014
33,149,0.895,0.921,-0.006
33,15,0.507,0.588,0.022
33,150,0.872,0.902,-0.008
33,151,0.959,0.97,0.002
33,152,0.903,0.927,-0.006
33,153,0.831,0.87,-0.01
33,154,0.881,0.91,-0.007
33,155,0.976,0.982,-0.001
33,156,0.838,0.876,-0.01
33,157,0.813,0.856,-0.011
33,158,0.849,0.884,-0.009
33,159,0.966,0.975,0.002
33,16,0.6,0.674,0.018
33,160,0.892,0.918,-0.006
33,161,0.745,0.799,-0.015
33,162,0.594,0.668,-0.025
33,163,0.879,0.908,-0.007
33,164,0.774,0.824,-0.014
33,165,0.796,0.842,-0.012
33,166,0.794,0.84,-0.012
33,167,0.859,0.892,-0.008
33,168,0.601,0.675,-0.025
33,169,0.907,0.93,-0.005
33,17,0.422,0.505,0.027
33,170,0.84,0.877,-0.009
33,171,0.7,0.762,-0.018
33,172,0.771,0.821,-0.014
33,173,0.778,0.827,-0.013
33,174,0.839,0.877,-0.009
33,175,0.72,0.779,-0.017
33,176,0.692,0.755,-0.018
33,177,0.716,0.775,-0.017
33,178,0.746,0.801,-0.015
33,179,0.781,0.829,-0.013
33,18,0.648,0.716,0.015
33,180,0.813,0.856,-0.011
33,181,0.613,0.686,-0.023
33,182,0.753,0.806,-0.014
33,183,0.899,0.924,-0.006
33,184,0.99,0.992,-0.001
33,185,0.934,0.951,0.004
33,186,0.988,0.991,0.001
33,187,0.807,0.851,0.011
33,188,0.998,0.999,-0.0
33,189,0.833,0.872,-0.009
33,19,0.702,0.763,0.013
33,190,0.875,0.905,-0.007
33,191,0.692,0.755,-0.018
33,192,0.929,0.947,-0.004
33,193,0.882,0.91,0.007
33,194,0.819,0.86,0.01
33,195,0.826,0.866,-0.01
33,196,0.843,0.88,-0.009
33,197,0.812,0.855,-0.011
33,198,0.818,0.86,-0.01
33,199,0.719,0.778,-0.016
33,20,0.646,0.715,0.015
33,200,0.764,0.815,-0.013
33,201,0.796,0.842,-0.011
33,202,0.724,0.782,-0.016
33,203,0.707,0.767,-0.017
33,204,0.908,0.93,-0.005
33,205,0.797,0.842,-0.011
33,206,0.581,0.656,-0.025
33,207,0.836,0.874,-0.009
33,208,0.674,0.739,-0.019
33,209,0.715,0.774,-0.016
33,21,0.77,0.821,0.01
33,210,0.928,0.946,-0.004
33,211,0.78,0.828,-0.013
33,212,0.697,0.759,-0.018
33,213,0.872,0.902,-0.007
33,214,0.857,0.89,-0.008
33,215,0.836,0.874,-0.009
33,216,0.622,0.693,-0.023
33,217,0.504,0.585,-0.031
33,218,0.674,0.739,-0.019
33,219,0.784,0.832,-0.013
33,22,0.68,0.744,0.014
33,220,0.502,0.583,-0.031
33,221,0.432,0.516,-0.037
33,222,0.618,0.69,-0.023
33,223,0.279,0.357,-0.051
33,224,0.395,0.478,-0.041
33,225,0.377,0.46,-0.043
33,226,0.34,0.422,-0.046
33,227,0.346,0.428,-0.046
33,228,0.284,0.362,-0.053
33,229,0.299,0.378,-0.052
33,23,0.687,0.75,0.014
33,230,0.245,0.32,-0.059
33,231,0.271,0.348,-0.056
33,232,0.367,0.449,-0.047
33,233,0.264,0.341,-0.058
33,234,0.29,0.369,-0.056
33,235,0.225,0.298,-0.065
33,236,0.273,0.35,-0.059
33,237,0.264,0.341,-0.061
33,238,0.27,0.347,-0.061
33,239,0.263,0.34,-0.063
33,24,0.604,0.677,0.018
33,240,0.29,0.369,-0.06
33,241,0.185,0.252,-0.076
33,242,0.274,0.352,-0.064
33,243,0.254,0.33,-0.068
33,244,0.204,0.274,-0.077
33,245,0.21,0.281,-0.077
33,246,0.219,0.291,-0.076
33,247,0.269,0.346,-0.07
33,248,0.256,0.332,-0.073
33,249,0.319,0.4,-0.065
33,25,0.981,0.986,0.001
33,250,0.327,0.409,-0.065
33,251,0.354,0.436,-0.062
33,26,0.869,0.9,0.006
33,27,0.823,0.863,0.008
33,28,0.898,0.923,0.004
33,29,0.829,0.868,0.007
33,30,0.779,0.828,0.01
33,31,0.491,0.572,0.024
33,32,0.796,0.842,0.009
33,33,0.87,0.901,-0.006
33,34,0.971,0.979,0.001
33,35,0.645,0.714,0.016
33,36,0.744,0.799,0.011
33,37,0.43,0.513,0.027
33,38,0.845,0.881,0.007
33,39,0.755,0.808,0.011
33,40,0.734,0.79,0.012
33,41,0.972,0.979,-0.001
33,42,0.943,0.957,-0.003
33,43,0.897,0.922,0.005
33,44,0.996,0.997,0.0
33,45,0.728,0.785,0.012
33,46,0.537,0.616,0.022
33,47,0.794,0.84,0.009
33,48,0.995,0.996,0.0
33,49,0.71,0.77,0.013
33,50,0.97,0.978,0.001
33,51,0.784,0.832,0.01
33,52,0.767,0.818,0.011
33,53,0.837,0.875,0.008
33,54,0.795,0.841,0.01
33,55,0.51,0.591,0.024
33,56,0.883,0.911,0.005
33,57,0.918,0.938,-0.004
33,58,0.893,0.919,0.005
33,59,0.805,0.849,0.009
33,6,0.411,0.495,0.029
33,60,0.93,0.947,0.003
33,61,0.792,0.839,0.01
33,62,0.8,0.845,0.01
33,63,0.748,0.802,0.012
33,64,0.608,0.681,0.02
33,65,0.647,0.716,0.018
33,66,0.81,0.853,0.009
33,67,0.608,0.681,0.02
33,68,0.656,0.724,0.017
33,69,0.611,0.683,0.02
33,7,0.442,0.525,0.027
33,70,0.814,0.857,0.009
33,71,0.734,0.791,0.014
33,72,0.517,0.597,0.026
33,73,0.505,0.586,0.027
33,74,0.722,0.781,0.014
33,75,0.691,0.754,0.016
33,76,0.698,0.759,0.016
33,77,0.757,0.809,0.013
33,78,0.777,0.827,0.012
33,79,0.927,0.946,0.004
33,8,0.358,0.44,0.032
33,80,0.877,0.907,0.006
33,81,0.721,0.779,0.015
33,82,0.706,0.766,0.016
33,83,0.894,0.92,0.006
33,84,0.865,0.897,0.007
33,85,0.854,0.888,0.008
33,86,0.623,0.694,0.021
33,87,0.793,0.84,0.011
33,88,0.784,0.832,0.012
33,89,0.818,0.859,0.01
33,9,0.512,0.592,0.023
33,90,0.539,0.618,0.027
33,91,0.663,0.73,0.019
33,92,0.856,0.89,0.008
33,93,0.877,0.907,0.007
33,94,0.965,0.974,-0.002
33,95,0.806,0.85,0.011
33,96,0.677,0.741,0.018
33,97,0.846,0.882,-0.009
33,98,0.97,0.978,-0.002
33,99,0.915,0.936,0.005
34,10,0.839,0.877,0.007
34,100,0.987,0.991,-0.001
34,101,0.93,0.947,0.004
34,102,0.849,0.884,0.009
34,103,0.787,0.835,0.012
34,104,0.944,0.958,0.003
34,105,0.828,0.868,0.01
34,106,0.839,0.876,0.009
34,107,0.789,0.836,0.012
34,108,0.909,0.932,0.005
34,109,0.861,0.894,0.008
34,11,0.55,0.628,0.021
34,110,0.943,0.957,0.003
34,111,0.76,0.812,0.014
34,112,0.574,0.65,0.026
34,113,0.704,0.765,0.018
34,114,0.842,0.879,0.009
34,115,0.863,0.896,0.008
34,116,0.793,0.839,0.012
34,117,0.6,0.673,0.025
34,118,0.604,0.678,0.024
34,119,0.757,0.81,0.014
34,12,0.458,0.541,0.025
34,120,0.872,0.903,0.008
34,121,0.807,0.851,0.011
34,122,0.808,0.851,0.011
34,123,0.712,0.772,0.017
34,124,0.684,0.748,0.019
34,125,0.619,0.691,0.024
34,126,0.724,0.782,0.017
34,127,0.751,0.805,0.015
34,128,0.887,0.915,0.007
34,129,0.884,0.912,0.007
34,13,0.43,0.513,0.027
34,130,0.953,0.965,0.003
34,131,0.918,0.938,0.005
34,132,0.684,0.748,0.019
34,133,0.91,0.932,-0.005
34,134,0.922,0.942,-0.005
34,135,0.889,0.916,0.007
34,136,0.937,0.953,0.004
34,137,0.944,0.958,0.003
34,138,0.993,0.995,-0.0
34,139,0.972,0.979,-0.002
34,14,0.315,0.395,0.034
34,140,0.939,0.954,0.004
34,141,0.943,0.957,0.003
34,142,0.979,0.984,-0.001
34,143,0.783,0.831,-0.013
34,144,0.892,0.918,-0.007
34,145,0.92,0.94,0.005
34,146,0.88,0.909,-0.007
34,147,0.709,0.769,-0.018
34,148,0.901,0.926,-0.006
34,149,0.791,0.838,-0.013
34,15,0.331,0.413,0.033
34,150,0.786,0.833,-0.013
34,151,0.863,0.896,-0.008
34,152,0.871,0.902,-0.008
34,153,0.831,0.87,-0.01
34,154,0.876,0.906,-0.007
34,155,0.693,0.755,-0.019
34,156,0.713,0.773,-0.018
34,157,0.638,0.707,-0.022
34,158,0.636,0.706,-0.023
34,159,0.723,0.781,-0.017
34,16,0.472,0.554,0.024
34,160,0.589,0.664,-0.026
34,161,0.65,0.718,-0.022
34,162,0.657,0.725,-0.021
34,163,0.627,0.698,-0.023
34,164,0.542,0.621,-0.029
34,165,0.699,0.761,-0.018
34,166,0.808,0.852,-0.011
34,167,0.623,0.694,-0.023
34,168,0.558,0.636,-0.028
34,169,0.629,0.7,-0.023
34,17,0.479,0.561,0.024
34,170,0.543,0.621,-0.029
34,171,0.503,0.584,-0.031
34,172,0.658,0.725,-0.021
34,173,0.723,0.781,-0.017
34,174,0.521,0.601,-0.03
34,175,0.589,0.664,-0.025
34,176,0.574,0.65,-0.026
34,177,0.535,0.614,-0.029
34,178,0.549,0.627,-0.028
34,179,0.537,0.615,-0.029
34,18,0.346,0.428,0.032
34,180,0.515,0.595,-0.03
34,181,0.423,0.507,-0.037
34,182,0.804,0.848,-0.011
34,183,0.828,0.868,-0.01
34,184,0.996,0.997,0.0
34,185,0.798,0.843,-0.012
34,186,0.743,0.798,-0.015
34,187,0.876,0.906,-0.007
34,188,0.814,0.857,-0.011
34,189,0.645,0.713,-0.021
34,19,0.392,0.475,0.029
34,190,0.772,0.822,-0.013
34,191,0.804,0.848,-0.011
34,192,0.931,0.948,-0.004
34,193,0.657,0.724,-0.02
34,194,0.764,0.816,-0.014
34,195,0.768,0.819,-0.013
34,196,0.831,0.87,-0.01
34,197,0.844,0.88,-0.009
34,198,0.904,0.928,-0.005
34,199,0.905,0.928,-0.005
34,20,0.431,0.515,0.027
34,200,0.705,0.766,-0.017
34,201,0.872,0.903,-0.007
34,202,0.97,0.978,-0.002
34,203,0.741,0.796,-0.015
34,204,0.641,0.71,-0.021
34,205,0.901,0.925,-0.006
34,206,0.75,0.804,-0.014
34,207,0.678,0.743,-0.019
34,208,0.665,0.731,-0.019
34,209,0.577,0.653,-0.025
34,21,0.536,0.615,0.021
34,210,0.77,0.82,-0.013
34,211,0.523,0.603,-0.029
34,212,0.532,0.611,-0.028
34,213,0.747,0.801,-0.015
34,214,0.746,0.8,-0.015
34,215,0.714,0.773,-0.017
34,216,0.645,0.714,-0.021
34,217,0.895,0.921,-0.006
34,218,0.925,0.943,-0.004
34,219,0.805,0.849,-0.011
34,22,0.708,0.768,0.013
34,220,0.765,0.816,-0.014
34,221,0.844,0.881,-0.009
34,222,0.668,0.734,-0.02
34,223,0.495,0.576,-0.032
34,224,0.464,0.547,-0.035
34,225,0.656,0.723,-0.022
34,226,0.626,0.697,-0.024
34,227,0.718,0.776,-0.018
34,228,0.567,0.644,-0.028
34,229,0.587,0.662,-0.027
34,23,0.558,0.635,0.02
34,230,0.737,0.793,-0.017
34,231,0.772,0.822,-0.015
34,232,0.379,0.462,-0.045
34,233,0.41,0.493,-0.043
34,234,0.56,0.637,-0.031
34,235,0.394,0.477,-0.045
34,236,0.377,0.46,-0.048
34,237,0.341,0.423,-0.052
34,238,0.354,0.436,-0.051
34,239,0.387,0.47,-0.048
34,24,0.831,0.87,0.007
34,240,0.311,0.391,-0.058
34,241,0.312,0.392,-0.058
34,242,0.266,0.343,-0.065
34,243,0.304,0.384,-0.061
34,244,0.233,0.307,-0.072
34,245,0.161,0.224,-0.086
34,246,0.179,0.245,-0.083
34,247,0.167,0.231,-0.087
34,248,0.142,0.201,-0.094
34,249,0.228,0.301,-0.079
34,25,0.863,0.896,0.006
34,250,0.177,0.243,-0.089
34,251,0.184,0.251,-0.089
34,26,0.752,0.806,0.011
34,27,0.784,0.832,0.009
34,28,0.707,0.767,0.013
34,29,0.93,0.948,0.003
34,30,0.782,0.83,0.009
34,31,0.949,0.962,0.002
34,32,0.666,0.732,0.015
34,33,0.743,0.798,0.011
34,34,0.729,0.786,0.012
34,35,0.817,0.859,0.008
34,36,0.751,0.805,0.011
34,37,0.503,0.584,0.023
34,38,0.547,0.625,0.021
34,39,0.954,0.966,-0.002
34,40,0.778,0.827,0.01
34,41,0.836,0.874,0.007
34,42,0.528,0.607,0.022
34,43,0.607,0.68,0.018
34,44,0.682,0.746,0.015
34,45,0.735,0.791,0.012
34,46,0.689,0.752,0.014
34,47,0.569,0.646,0.021
34,48,0.705,0.766,0.014
34,49,0.588,0.663,0.02
34,50,0.535,0.614,0.023
34,51,0.664,0.731,0.016
34,52,0.511,0.591,0.024
34,53,0.807,0.851,0.009
34,54,0.412,0.495,0.03
34,55,0.58,0.655,0.021
34,56,0.488,0.57,0.026
34,57,0.518,0.598,0.024
34,58,0.496,0.577,0.026
34,59,0.502,0.583,0.026
34,6,0.917,0.938,0.004
34,60,0.532,0.612,0.024
34,61,0.584,0.659,0.021
34,62,0.519,0.599,0.025
34,63,0.815,0.857,0.009
34,64,0.553,0.631,0.023
34,65,0.42,0.503,0.031
34,66,0.511,0.592,0.026
34,67,0.535,0.614,0.024
34,68,0.639,0.708,0.019
34,69,0.553,0.631,0.024
34,7,0.924,0.943,-0.003
34,70,0.76,0.812,0.012
34,71,0.838,0.876,0.008
34,72,0.69,0.753,0.016
34,73,0.597,0.671,0.021
34,74,0.611,0.684,0.021
34,75,0.72,0.779,0.015
34,76,0.972,0.979,-0.001
34,77,0.696,0.758,0.016
34,78,0.577,0.653,0.023
34,79,0.647,0.716,0.019
34,8,0.681,0.745,0.014
34,80,0.796,0.842,0.011
34,81,0.689,0.752,0.017
34,82,0.559,0.637,0.025
34,83,0.729,0.787,0.015
34,84,0.623,0.694,0.021
34,85,0.522,0.602,0.027
34,86,0.433,0.517,0.034
34,87,0.556,0.634,0.025
34,88,0.492,0.573,0.03
34,89,0.44,0.523,0.034
34,9,0.679,0.743,0.014
34,90,0.695,0.757,0.017
34,91,0.361,0.443,0.04
34,92,0.454,0.537,0.033
34,93,0.664,0.73,0.019
34,94,0.581,0.657,0.024
34,95,0.471,0.553,0.032
34,96,0.657,0.725,0.02
34,97,0.575,0.651,0.025
34,98,0.687,0.75,0.018
34,99,0.841,0.878,0.009
35,10,0.737,0.793,0.012
35,100,0.705,0.766,0.017
35,101,0.884,0.912,0.007
35,102,0.685,0.749,0.018
35,103,0.591,0.665,0.024
35,104,0.771,0.821,0.013
35,105,0.727,0.784,0.016
35,106,0.974,0.981,0.001
35,107,0.728,0.785,0.016
35,108,0.631,0.702,0.022
35,109,0.692,0.755,0.018
35,11,0.903,0.927,0.004
35,110,0.545,0.624,0.028
35,111,0.67,0.735,0.02
35,112,0.708,0.768,0.017
35,113,0.72,0.778,0.017
35,114,0.975,0.981,0.001
35,115,0.937,0.953,0.004
35,116,0.85,0.885,0.009
35,117,0.791,0.837,0.012
35,118,0.782,0.83,0.013
35,119,0.715,0.774,0.017
35,12,0.748,0.802,0.011
35,120,0.99,0.993,0.001
35,121,0.966,0.975,0.002
35,122,0.994,0.995,0.0
35,123,0.954,0.966,-0.003
35,124,0.955,0.967,-0.003
35,125,0.987,0.99,-0.001
35,126,0.823,0.864,0.011
35,127,0.984,0.988,0.001
35,128,0.784,0.832,0.013
35,129,0.724,0.782,0.017
35,13,0.908,0.931,0.004
35,130,0.652,0.72,0.021
35,131,0.711,0.771,0.018
35,132,0.946,0.959,0.003
35,133,0.943,0.958,0.003
35,134,0.939,0.954,0.004
35,135,0.788,0.836,0.013
35,136,0.722,0.78,0.017
35,137,0.673,0.738,0.02
35,138,0.793,0.839,0.013
35,139,0.847,0.883,0.009
35,14,0.92,0.94,0.003
35,140,0.974,0.98,-0.002
35,141,0.996,0.997,-0.0
35,142,0.855,0.889,0.009
35,143,0.898,0.923,0.006
35,144,0.942,0.956,-0.004
35,145,0.877,0.906,-0.007
35,146,0.72,0.779,-0.017
35,147,0.818,0.86,-0.011
35,148,0.798,0.844,-0.012
35,149,0.701,0.763,-0.018
35,15,0.962,0.971,0.002
35,150,0.599,0.673,-0.025
35,151,0.646,0.714,-0.022
35,152,0.718,0.777,-0.017
35,153,0.704,0.765,-0.018
35,154,0.672,0.737,-0.02
35,155,0.874,0.904,-0.008
35,156,0.979,0.984,-0.001
35,157,0.93,0.947,0.004
35,158,0.986,0.99,-0.001
35,159,0.655,0.723,-0.021
35,16,0.62,0.692,0.017
35,160,0.739,0.795,-0.016
35,161,0.817,0.859,-0.011
35,162,0.754,0.807,-0.015
35,163,0.794,0.84,-0.012
35,164,0.927,0.946,-0.004
35,165,0.684,0.748,-0.019
35,166,0.548,0.626,-0.029
35,167,0.591,0.666,-0.026
35,168,0.569,0.646,-0.027
35,169,0.517,0.598,-0.031
35,17,0.711,0.771,0.013
35,170,0.427,0.51,-0.038
35,171,0.51,0.59,-0.031
35,172,0.591,0.665,-0.025
35,173,0.444,0.527,-0.036
35,174,0.465,0.547,-0.035
35,175,0.344,0.426,-0.045
35,176,0.517,0.597,-0.03
35,177,0.442,0.525,-0.036
35,178,0.486,0.568,-0.033
35,179,0.651,0.719,-0.021
35,18,0.987,0.99,-0.001
35,180,0.436,0.519,-0.036
35,181,0.583,0.658,-0.026
35,182,0.468,0.55,-0.034
35,183,0.444,0.527,-0.036
35,184,0.493,0.575,-0.032
35,185,0.771,0.822,-0.013
35,186,0.699,0.761,-0.018
35,187,0.678,0.743,-0.019
35,188,0.688,0.751,-0.018
35,189,0.693,0.755,-0.018
35,19,0.93,0.948,0.003
35,190,0.605,0.678,-0.024
35,191,0.668,0.734,-0.02
35,192,0.629,0.7,-0.022
35,193,0.954,0.966,-0.003
35,194,0.92,0.94,-0.005
35,195,0.786,0.833,-0.012
35,196,0.729,0.786,-0.016
35,197,0.834,0.873,-0.009
35,198,0.535,0.614,-0.028
35,199,0.546,0.624,-0.027
35,20,0.694,0.757,0.013
35,200,0.597,0.671,-0.024
35,201,0.832,0.871,-0.01
35,202,0.835,0.873,-0.009
35,203,0.822,0.863,-0.01
35,204,0.651,0.719,-0.02
35,205,0.699,0.76,-0.017
35,206,0.542,0.62,-0.027
35,207,0.5,0.581,-0.03
35,208,0.579,0.655,-0.025
35,209,0.53,0.609,-0.028
35,21,0.954,0.966,0.002
35,210,0.71,0.77,-0.017
35,211,0.709,0.769,-0.017
35,212,0.719,0.777,-0.016
35,213,0.847,0.883,-0.009
35,214,0.837,0.875,-0.009
35,215,0.93,0.948,-0.004
35,216,0.719,0.777,-0.016
35,217,0.573,0.649,-0.026
35,218,0.57,0.646,-0.026
35,219,0.63,0.701,-0.022
35,22,0.808,0.852,0.008
35,220,0.634,0.704,-0.022
35,221,0.654,0.722,-0.021
35,222,0.647,0.715,-0.022
35,223,0.31,0.39,-0.048
35,224,0.456,0.539,-0.035
35,225,0.528,0.608,-0.03
35,226,0.367,0.45,-0.044
35,227,0.331,0.412,-0.047
35,228,0.353,0.436,-0.046
35,229,0.368,0.451,-0.045
35,23,0.868,0.9,0.006
35,230,0.562,0.639,-0.029
35,231,0.353,0.435,-0.047
35,232,0.294,0.373,-0.054
35,233,0.203,0.273,-0.066
35,234,0.208,0.279,-0.066
35,235,0.25,0.325,-0.061
35,236,0.201,0.271,-0.069
35,237,0.253,0.329,-0.062
35,238,0.232,0.306,-0.066
35,239,0.205,0.275,-0.071
35,24,0.903,0.927,0.004
35,240,0.225,0.298,-0.069
35,241,0.194,0.263,-0.074
35,242,0.155,0.216,-0.083
35,243,0.171,0.236,-0.081
35,244,0.212,0.284,-0.075
35,245,0.177,0.243,-0.082
35,246,0.16,0.223,-0.087
35,247,0.148,0.208,-0.091
35,248,0.145,0.205,-0.093
35,249,0.151,0.211,-0.093
35,25,0.632,0.702,0.016
35,250,0.117,0.17,-0.103
35,251,0.08,0.123,-0.117
35,26,0.717,0.776,0.012
35,27,0.694,0.756,-0.014
35,28,0.853,0.887,-0.006
35,29,0.917,0.937,-0.004
35,30,0.981,0.986,-0.001
35,31,0.848,0.884,0.007
35,32,0.829,0.869,0.007
35,33,0.859,0.892,-0.006
35,34,0.621,0.692,-0.017
35,35,0.641,0.71,-0.016
35,36,0.957,0.968,0.002
35,37,0.902,0.926,-0.004
35,38,0.664,0.73,-0.015
35,39,0.754,0.807,-0.011
35,40,0.76,0.812,0.011
35,41,0.756,0.809,0.011
35,42,0.709,0.769,0.013
35,43,0.969,0.977,-0.001
35,44,0.613,0.685,0.018
35,45,0.616,0.688,0.018
35,46,0.771,0.821,0.011
35,47,0.632,0.702,0.017
35,48,0.818,0.86,0.008
35,49,0.629,0.7,0.018
35,50,0.704,0.765,0.014
35,51,0.637,0.707,0.017
35,52,0.591,0.665,0.02
35,53,0.621,0.693,0.018
35,54,0.579,0.654,0.021
35,55,0.476,0.558,0.027
35,56,0.542,0.621,0.023
35,57,0.846,0.882,0.007
35,58,0.671,0.736,0.016
35,59,0.368,0.451,0.034
35,6,0.927,0.945,0.003
35,60,0.35,0.433,0.036
35,61,0.337,0.419,0.037
35,62,0.574,0.65,0.022
35,63,0.628,0.699,0.019
35,64,0.399,0.482,0.033
35,65,0.62,0.692,0.019
35,66,0.6,0.674,0.021
35,67,0.447,0.53,0.03
35,68,0.602,0.675,0.021
35,69,0.566,0.643,0.023
35,7,0.747,0.801,0.011
35,70,0.577,0.652,0.022
35,71,0.644,0.713,0.019
35,72,0.443,0.526,0.031
35,73,0.399,0.483,0.034
35,74,0.555,0.633,0.024
35,75,0.698,0.76,0.016
35,76,0.53,0.609,0.026
35,77,0.491,0.572,0.029
35,78,0.648,0.716,0.019
35,79,0.66,0.727,0.018
35,8,0.814,0.857,-0.008
35,80,0.679,0.743,0.017
35,81,0.564,0.641,0.024
35,82,0.643,0.712,0.02
35,83,0.618,0.69,0.021
35,84,0.503,0.584,0.029
35,85,0.541,0.62,0.026
35,86,0.477,0.559,0.031
35,87,0.584,0.659,0.024
35,88,0.713,0.773,0.016
35,89,0.532,0.611,0.027
35,9,1.0,1.0,0.0
35,90,0.749,0.803,0.014
35,91,0.763,0.814,0.013
35,92,0.536,0.615,0.027
35,93,0.587,0.662,0.024
35,94,0.641,0.71,0.021
35,95,0.844,0.88,0.009
35,96,0.719,0.778,0.016
35,97,0.59,0.665,0.024
35,98,0.523,0.603,0.029
35,99,0.741,0.796,0.015
36,10,0.379,0.462,0.031
36,100,0.881,0.91,0.007
36,101,0.86,0.893,-0.008
36,102,0.929,0.947,-0.004
36,103,0.979,0.984,-0.001
36,104,0.944,0.958,-0.003
36,105,0.93,0.947,-0.004
36,106,0.893,0.919,0.006
36,107,0.774,0.824,0.013
36,108,0.696,0.758,0.018
36,109,0.763,0.815,0.014
36,11,0.302,0.382,0.035
36,110,0.761,0.813,0.014
36,111,0.989,0.992,-0.001
36,112,0.982,0.987,0.001
36,113,0.994,0.995,0.0
36,114,0.721,0.78,0.016
36,115,0.73,0.787,0.016
36,116,0.674,0.74,0.019
36,117,0.773,0.823,0.013
36,118,0.702,0.764,0.018
36,119,0.817,0.859,0.011
36,12,0.304,0.384,0.035
36,120,0.872,0.903,0.008
36,121,0.897,0.923,0.006
36,122,0.905,0.928,0.006
36,123,0.693,0.756,0.019
36,124,0.661,0.728,0.021
36,125,0.642,0.711,0.022
36,126,0.724,0.782,0.017
36,127,0.68,0.744,0.019
36,128,0.758,0.81,0.015
36,129,0.681,0.745,0.019
36,13,0.658,0.725,0.015
36,130,0.587,0.662,0.026
36,131,0.676,0.741,0.02
36,132,0.779,0.828,0.013
36,133,0.755,0.808,0.015
36,134,0.627,0.697,0.023
36,135,0.677,0.742,0.02
36,136,0.749,0.803,0.015
36,137,0.82,0.861,0.011
36,138,0.814,0.857,0.011
36,139,0.766,0.817,0.014
36,14,0.517,0.598,0.022
36,140,0.907,0.93,0.006
36,141,0.809,0.853,0.011
36,142,0.864,0.897,0.008
36,143,0.956,0.968,0.003
36,144,0.89,0.917,0.007
36,145,0.865,0.897,0.008
36,146,0.925,0.943,0.005
36,147,0.98,0.985,0.001
36,148,0.877,0.906,-0.007
36,149,0.822,0.863,-0.011
36,15,0.586,0.661,0.019
36,150,0.968,0.976,0.002
36,151,0.963,0.973,-0.002
36,152,0.861,0.894,-0.008
36,153,0.956,0.967,-0.003
36,154,0.687,0.75,-0.019
36,155,0.992,0.994,0.001
36,156,0.964,0.973,0.002
36,157,0.876,0.906,-0.007
36,158,0.961,0.971,-0.002
36,159,0.865,0.897,-0.008
36,16,0.555,0.633,0.02
36,160,0.853,0.887,-0.009
36,161,0.697,0.759,-0.019
36,162,0.644,0.713,-0.022
36,163,0.592,0.667,-0.026
36,164,0.728,0.786,-0.017
36,165,0.855,0.889,-0.009
36,166,0.737,0.793,-0.016
36,167,0.87,0.901,-0.008
36,168,0.712,0.772,-0.018
36,169,0.512,0.593,-0.031
36,17,0.627,0.698,0.017
36,170,0.662,0.728,-0.021
36,171,0.541,0.62,-0.029
36,172,0.728,0.785,-0.017
36,173,0.657,0.724,-0.021
36,174,0.529,0.609,-0.03
36,175,0.812,0.855,-0.011
36,176,0.739,0.795,-0.016
36,177,0.789,0.836,-0.013
36,178,0.562,0.639,-0.027
36,179,0.645,0.714,-0.022
36,18,0.717,0.776,0.012
36,180,0.827,0.867,-0.01
36,181,0.779,0.828,-0.013
36,182,0.772,0.822,-0.013
36,183,0.664,0.731,-0.02
36,184,0.658,0.726,-0.021
36,185,0.672,0.737,-0.02
36,186,0.54,0.618,-0.028
36,187,0.444,0.527,-0.035
36,188,0.571,0.647,-0.026
36,189,0.548,0.626,-0.028
36,19,0.487,0.568,0.024
36,190,0.587,0.661,-0.025
36,191,0.829,0.869,-0.01
36,192,0.723,0.781,-0.016
36,193,0.746,0.801,-0.015
36,194,0.764,0.816,-0.014
36,195,0.633,0.703,-0.022
36,196,0.671,0.737,-0.019
36,197,0.743,0.798,-0.015
36,198,0.741,0.797,-0.015
36,199,0.941,0.956,-0.003
36,20,0.348,0.43,0.032
36,200,0.831,0.87,-0.01
36,201,0.912,0.934,-0.005
36,202,0.744,0.799,-0.015
36,203,0.886,0.914,-0.006
36,204,0.751,0.805,-0.014
36,205,0.482,0.564,-0.032
36,206,0.606,0.679,-0.023
36,207,0.542,0.621,-0.027
36,208,0.508,0.589,-0.03
36,209,0.701,0.763,-0.017
36,21,0.705,0.765,0.013
36,210,0.644,0.713,-0.021
36,211,0.763,0.814,-0.014
36,212,0.577,0.653,-0.025
36,213,0.643,0.712,-0.021
36,214,0.527,0.606,-0.029
36,215,0.652,0.72,-0.021
36,216,0.724,0.782,-0.016
36,217,0.676,0.741,-0.019
36,218,0.679,0.744,-0.019
36,219,0.563,0.64,-0.027
36,22,0.965,0.974,-0.002
36,220,0.428,0.511,-0.037
36,221,0.355,0.437,-0.043
36,222,0.405,0.489,-0.039
36,223,0.535,0.614,-0.029
36,224,0.464,0.546,-0.035
36,225,0.506,0.587,-0.032
36,226,0.462,0.544,-0.036
36,227,0.599,0.673,-0.026
36,228,0.39,0.473,-0.042
36,229,0.295,0.374,-0.052
36,23,0.562,0.639,0.02
36,230,0.321,0.402,-0.05
36,231,0.326,0.408,-0.05
36,232,0.288,0.366,-0.054
36,233,0.405,0.488,-0.043
36,234,0.325,0.407,-0.051
36,235,0.399,0.482,-0.044
36,236,0.4,0.484,-0.045
36,237,0.291,0.37,-0.057
36,238,0.248,0.324,-0.063
36,239,0.222,0.295,-0.067
36,24,0.549,0.627,0.021
36,240,0.179,0.245,-0.075
36,241,0.221,0.293,-0.07
36,242,0.255,0.331,-0.066
36,243,0.185,0.252,-0.077
36,244,0.19,0.258,-0.078
36,245,0.184,0.25,-0.08
36,246,0.23,0.304,-0.074
36,247,0.166,0.23,-0.086
36,248,0.205,0.275,-0.08
36,249,0.254,0.33,-0.073
36,25,0.831,0.87,0.007
36,250,0.197,0.266,-0.084
36,251,0.228,0.301,-0.08
36,26,0.707,0.768,0.013
36,27,0.804,0.848,0.009
36,28,0.836,0.874,0.007
36,29,0.927,0.945,-0.003
36,30,0.924,0.943,-0.003
36,31,0.87,0.901,0.006
36,32,0.924,0.943,0.003
36,33,0.82,0.862,-0.008
36,34,0.873,0.903,0.006
36,35,0.955,0.967,0.002
36,36,0.768,0.819,0.01
36,37,0.994,0.995,0.0
36,38,0.986,0.989,-0.001
36,39,0.821,0.862,0.008
36,40,0.94,0.955,0.003
36,41,0.634,0.704,0.017
36,42,0.814,0.856,0.008
36,43,0.772,0.822,0.01
36,44,0.88,0.909,-0.005
36,45,0.799,0.844,0.009
36,46,0.615,0.687,0.018
36,47,0.63,0.7,0.018
36,48,0.68,0.745,0.015
36,49,0.675,0.74,0.015
36,50,0.944,0.958,0.003
36,51,0.851,0.886,0.007
36,52,0.868,0.9,0.006
36,53,0.644,0.713,0.017
36,54,0.611,0.684,0.019
36,55,0.67,0.736,0.016
36,56,0.556,0.633,0.022
36,57,0.58,0.655,0.021
36,58,0.413,0.496,0.031
36,59,0.637,0.706,0.018
36,6,0.246,0.321,0.041
36,60,0.621,0.692,0.019
36,61,0.715,0.775,0.014
36,62,0.838,0.876,0.008
36,63,0.756,0.809,0.012
36,64,0.444,0.527,0.03
36,65,0.734,0.79,0.013
36,66,0.726,0.783,0.014
36,67,0.538,0.617,0.024
36,68,0.634,0.704,0.019
36,69,0.689,0.752,0.016
36,7,0.465,0.547,0.026
36,70,0.934,0.951,0.003
36,71,0.688,0.751,0.016
36,72,0.684,0.748,0.017
36,73,0.759,0.812,0.013
36,74,0.962,0.972,0.002
36,75,0.805,0.849,0.01
36,76,0.766,0.817,0.012
36,77,0.953,0.965,0.002
36,78,0.722,0.78,0.015
36,79,0.599,0.673,0.022
36,8,0.475,0.557,0.025
36,80,0.643,0.712,0.02
36,81,0.592,0.667,0.023
36,82,0.497,0.578,0.029
36,83,0.577,0.653,0.024
36,84,0.553,0.631,0.026
36,85,0.566,0.643,0.025
36,86,0.602,0.675,0.023
36,87,0.401,0.484,0.037
36,88,0.448,0.531,0.033
36,89,0.639,0.709,0.021
36,9,0.619,0.69,0.017
36,90,0.528,0.608,0.028
36,91,0.589,0.663,0.024
36,92,0.803,0.847,0.011
36,93,0.978,0.983,0.001
36,94,0.706,0.767,0.017
36,95,0.887,0.914,0.006
36,96,0.926,0.945,0.004
36,97,0.889,0.916,0.006
36,98,0.711,0.771,0.017
36,99,0.865,0.897,0.008
37,10,0.95,0.963,0.002
37,100,0.639,0.709,0.021
37,101,0.75,0.804,0.014
37,102,0.681,0.745,0.019
37,103,0.79,0.837,0.012
37,104,0.854,0.888,0.008
37,105,0.715,0.775,0.017
37,106,0.693,0.755,0.018
37,107,0.627,0.698,0.022
37,108,0.577,0.652,0.026
37,109,0.666,0.732,0.02
37,11,0.833,0.871,0.007
37,110,0.574,0.65,0.026
37,111,0.722,0.781,0.016
37,112,0.808,0.852,0.011
37,113,0.782,0.831,0.013
37,114,0.79,0.837,0.012
37,115,0.685,0.749,0.019
37,116,0.762,0.814,0.014
37,117,0.804,0.848,0.011
37,118,0.931,0.948,0.004
37,119,0.847,0.883,0.009
37,12,0.93,0.947,-0.003
37,120,0.822,0.863,0.01
37,121,0.832,0.871,0.01
37,122,0.754,0.807,0.015
37,123,0.871,0.902,0.008
37,124,0.781,0.829,0.013
37,125,0.746,0.801,0.015
37,126,0.589,0.663,0.025
37,127,0.645,0.714,0.022
37,128,0.564,0.641,0.027
37,129,0.929,0.947,0.004
37,13,0.909,0.932,-0.004
37,130,0.729,0.786,0.016
37,131,0.867,0.899,0.008
37,132,0.94,0.955,0.004
37,133,0.922,0.941,0.005
37,134,0.985,0.989,0.001
37,135,0.896,0.921,0.006
37,136,0.886,0.913,0.007
37,137,0.999,0.999,0.0
37,138,0.985,0.989,-0.001
37,139,0.865,0.897,0.008
37,14,0.88,0.909,-0.005
37,140,0.994,0.996,0.0
37,141,0.963,0.973,0.002
37,142,0.993,0.995,-0.0
37,143,0.921,0.941,-0.005
37,144,0.944,0.958,-0.003
37,145,0.979,0.985,-0.001
37,146,0.926,0.945,-0.004
37,147,0.864,0.896,-0.008
37,148,0.855,0.889,-0.009
37,149,0.842,0.879,-0.009
37,15,0.868,0.9,-0.006
37,150,1.0,1.0,0.0
37,151,0.992,0.994,0.001
37,152,0.898,0.923,0.006
37,153,0.996,0.997,-0.0
37,154,0.991,0.993,0.001
37,155,0.949,0.962,0.003
37,156,0.928,0.946,-0.004
37,157,0.866,0.898,-0.008
37,158,0.966,0.975,-0.002
37,159,0.975,0.981,-0.001
37,16,0.703,0.764,-0.013
37,160,0.99,0.993,0.001
37,161,0.999,0.999,0.0
37,162,0.969,0.977,-0.002
37,163,0.839,0.877,-0.01
37,164,0.721,0.779,-0.017
37,165,0.712,0.772,-0.017
37,166,0.638,0.708,-0.022
37,167,0.781,0.829,-0.013
37,168,0.751,0.805,-0.015
37,169,0.488,0.569,-0.033
37,17,0.987,0.991,-0.001
37,170,0.492,0.574,-0.033
37,171,0.459,0.542,-0.035
37,172,0.584,0.659,-0.026
37,173,0.648,0.717,-0.022
37,174,0.684,0.748,-0.019
37,175,0.837,0.875,-0.01
37,176,0.728,0.786,-0.016
37,177,0.643,0.712,-0.022
37,178,0.69,0.753,-0.019
37,179,0.677,0.742,-0.02
37,18,0.914,0.936,0.004
37,180,0.503,0.584,-0.031
37,181,0.667,0.733,-0.02
37,182,0.755,0.808,-0.015
37,183,0.746,0.801,-0.015
37,184,0.774,0.824,-0.013
37,185,0.712,0.772,-0.017
37,186,0.61,0.683,-0.024
37,187,0.668,0.734,-0.02
37,188,0.634,0.704,-0.022
37,189,0.668,0.734,-0.02
37,19,0.9,0.925,0.004
37,190,0.644,0.713,-0.021
37,191,0.621,0.693,-0.023
37,192,0.841,0.878,-0.009
37,193,0.959,0.969,-0.002
37,194,0.869,0.9,-0.008
37,195,0.842,0.879,-0.009
37,196,0.935,0.951,0.004
37,197,0.693,0.755,-0.018
37,198,0.806,0.85,-0.011
37,199,0.749,0.803,-0.015
37,20,0.623,0.694,-0.017
37,200,0.819,0.861,-0.01
37,201,0.791,0.837,-0.012
37,202,0.978,0.984,0.001
37,203,0.917,0.938,0.005
37,204,0.821,0.862,-0.01
37,205,0.895,0.92,0.006
37,206,0.826,0.866,-0.01
37,207,0.687,0.75,-0.018
37,208,0.868,0.9,-0.008
37,209,0.924,0.943,-0.004
37,21,0.958,0.969,-0.002
37,210,0.665,0.731,-0.02
37,211,0.585,0.66,-0.025
37,212,0.397,0.48,-0.039
37,213,0.442,0.525,-0.035
37,214,0.415,0.498,-0.037
37,215,0.348,0.431,-0.043
37,216,0.611,0.683,-0.023
37,217,0.575,0.651,-0.026
37,218,0.622,0.694,-0.023
37,219,0.638,0.708,-0.022
37,22,0.866,0.898,-0.006
37,220,0.586,0.661,-0.025
37,221,0.487,0.569,-0.032
37,222,0.431,0.514,-0.037
37,223,0.456,0.539,-0.035
37,224,0.456,0.539,-0.035
37,225,0.448,0.531,-0.036
37,226,0.431,0.514,-0.038
37,227,0.322,0.403,-0.048
37,228,0.377,0.46,-0.043
37,229,0.377,0.46,-0.044
37,23,0.784,0.832,-0.009
37,230,0.273,0.35,-0.055
37,231,0.348,0.43,-0.047
37,232,0.32,0.401,-0.05
37,233,0.347,0.429,-0.048
37,234,0.341,0.423,-0.049
37,235,0.428,0.511,-0.042
37,236,0.429,0.512,-0.042
37,237,0.3,0.38,-0.056
37,238,0.32,0.401,-0.054
37,239,0.277,0.355,-0.06
37,24,0.813,0.856,-0.008
37,240,0.3,0.38,-0.058
37,241,0.246,0.321,-0.066
37,242,0.315,0.395,-0.058
37,243,0.243,0.317,-0.068
37,244,0.206,0.276,-0.075
37,245,0.219,0.291,-0.074
37,246,0.214,0.285,-0.076
37,247,0.194,0.262,-0.08
37,248,0.15,0.211,-0.09
37,249,0.101,0.15,-0.105
37,25,0.99,0.993,0.0
37,250,0.14,0.198,-0.096
37,251,0.129,0.185,-0.1
37,26,0.88,0.909,0.005
37,27,0.856,0.89,-0.006
37,28,0.941,0.956,-0.003
37,29,0.919,0.939,-0.004
37,30,0.831,0.87,-0.007
37,31,0.757,0.81,-0.011
37,32,0.768,0.819,-0.01
37,33,0.73,0.787,-0.012
37,34,0.819,0.86,-0.008
37,35,0.79,0.837,-0.009
37,36,0.966,0.975,-0.002
37,37,0.804,0.848,-0.009
37,38,0.962,0.972,0.002
37,39,0.976,0.982,0.001
37,40,0.94,0.955,-0.003
37,41,0.928,0.946,0.003
37,42,0.967,0.975,0.001
37,43,0.879,0.908,0.005
37,44,0.699,0.761,0.014
37,45,0.963,0.972,-0.002
37,46,0.891,0.917,0.005
37,47,0.716,0.775,0.013
37,48,0.976,0.983,-0.001
37,49,0.866,0.898,0.006
37,50,0.74,0.795,0.012
37,51,0.677,0.742,0.016
37,52,0.756,0.809,0.012
37,53,0.934,0.951,0.003
37,54,0.621,0.692,0.019
37,55,0.585,0.66,0.021
37,56,0.61,0.683,0.019
37,57,0.627,0.698,0.019
37,58,0.563,0.64,0.022
37,59,0.88,0.909,0.006
37,6,0.917,0.937,-0.004
37,60,0.706,0.767,0.015
37,61,0.595,0.669,0.021
37,62,0.602,0.675,0.02
37,63,0.647,0.715,0.018
37,64,0.648,0.717,0.018
37,65,0.659,0.726,0.018
37,66,0.613,0.685,0.02
37,67,0.484,0.566,0.028
37,68,0.565,0.641,0.023
37,69,0.575,0.651,0.023
37,7,0.829,0.868,0.008
37,70,0.514,0.595,0.027
37,71,0.559,0.637,0.024
37,72,0.496,0.577,0.028
37,73,0.685,0.749,0.017
37,74,0.646,0.714,0.019
37,75,0.575,0.651,0.023
37,76,0.6,0.674,0.022
37,77,0.628,0.699,0.02
37,78,0.621,0.692,0.021
37,79,0.639,0.708,0.02
37,8,0.993,0.995,0.0
37,80,0.606,0.679,0.022
37,81,0.576,0.652,0.024
37,82,0.448,0.531,0.033
37,83,0.399,0.482,0.036
37,84,0.535,0.614,0.027
37,85,0.463,0.546,0.032
37,86,0.518,0.598,0.028
37,87,0.452,0.535,0.033
37,88,0.533,0.612,0.027
37,89,0.722,0.78,0.016
37,9,0.891,0.917,-0.005
37,90,0.702,0.763,0.017
37,91,0.627,0.698,0.021
37,92,0.59,0.664,0.024
37,93,0.514,0.594,0.029
37,94,0.684,0.748,0.018
37,95,0.622,0.693,0.022
37,96,0.806,0.85,0.011
37,97,0.498,0.579,0.03
37,98,0.581,0.656,0.025
37,99,0.601,0.675,0.024
38,10,0.879,0.908,0.005
38,100,0.679,0.743,0.019
38,101,0.667,0.733,0.019
38,102,0.686,0.749,0.018
38,103,0.878,0.907,0.007
38,104,0.66,0.727,0.02
38,105,0.778,0.827,0.013
38,106,0.68,0.745,0.019
38,107,0.52,0.6,0.029
38,108,0.451,0.534,0.034
38,109,0.438,0.521,0.035
38,11,0.767,0.818,0.01
38,110,0.522,0.602,0.029
38,111,0.509,0.589,0.03
38,112,0.542,0.621,0.028
38,113,0.471,0.553,0.033
38,114,0.419,0.502,0.037
38,115,0.544,0.623,0.028
38,116,0.617,0.689,0.023
38,117,0.579,0.654,0.026
38,118,0.552,0.63,0.027
38,119,0.674,0.739,0.019
38,12,0.91,0.932,-0.004
38,120,0.831,0.87,0.01
38,121,0.661,0.728,0.02
38,122,0.545,0.623,0.028
38,123,0.567,0.644,0.027
38,124,0.465,0.548,0.034
38,125,0.44,0.523,0.036
38,126,0.516,0.596,0.03
38,127,0.543,0.621,0.028
38,128,0.547,0.625,0.028
38,129,0.556,0.634,0.027
38,13,0.721,0.779,0.012
38,130,0.574,0.65,0.026
38,131,0.521,0.601,0.03
38,132,0.656,0.724,0.021
38,133,0.597,0.671,0.025
38,134,0.84,0.877,0.009
38,135,0.871,0.902,0.008
38,136,0.971,0.979,-0.002
38,137,0.813,0.856,0.011
38,138,0.958,0.969,0.002
38,139,0.982,0.987,-0.001
38,14,0.904,0.927,-0.004
38,140,0.92,0.94,0.005
38,141,0.952,0.964,0.003
38,142,0.892,0.918,0.006
38,143,0.903,0.927,-0.006
38,144,0.87,0.901,-0.008
38,145,0.935,0.951,0.004
38,146,0.911,0.933,0.005
38,147,0.995,0.997,0.0
38,148,0.991,0.994,0.001
38,149,0.99,0.993,-0.001
38,15,0.818,0.86,-0.008
38,150,0.715,0.775,-0.017
38,151,0.947,0.96,0.003
38,152,0.905,0.928,0.006
38,153,0.862,0.895,-0.008
38,154,0.766,0.817,-0.014
38,155,0.745,0.8,-0.015
38,156,0.926,0.945,-0.004
38,157,0.86,0.893,-0.008
38,158,0.92,0.94,-0.005
38,159,0.935,0.952,0.004
38,16,0.764,0.815,0.01
38,160,0.807,0.851,-0.012
38,161,0.717,0.776,-0.017
38,162,0.889,0.916,-0.007
38,163,0.843,0.879,-0.009
38,164,0.84,0.877,-0.01
38,165,0.803,0.847,-0.012
38,166,0.826,0.866,-0.01
38,167,0.5,0.581,-0.032
38,168,0.54,0.619,-0.029
38,169,0.652,0.72,-0.021
38,17,0.522,0.602,0.022
38,170,0.524,0.604,-0.03
38,171,0.416,0.499,-0.038
38,172,0.452,0.535,-0.036
38,173,0.424,0.507,-0.038
38,174,0.545,0.623,-0.029
38,175,0.651,0.719,-0.021
38,176,0.521,0.601,-0.03
38,177,0.657,0.724,-0.021
38,178,0.504,0.585,-0.032
38,179,0.523,0.603,-0.03
38,18,0.853,0.888,0.006
38,180,0.765,0.817,-0.014
38,181,0.94,0.956,-0.004
38,182,0.905,0.929,-0.006
38,183,0.979,0.985,0.001
38,184,0.768,0.819,-0.014
38,185,0.715,0.774,-0.017
38,186,0.741,0.796,-0.016
38,187,0.893,0.919,-0.006
38,188,0.914,0.935,-0.005
38,189,0.71,0.77,-0.017
38,19,0.676,0.741,0.014
38,190,0.795,0.841,-0.012
38,191,0.569,0.645,-0.026
38,192,0.496,0.578,-0.031
38,193,0.618,0.69,-0.023
38,194,0.736,0.792,-0.016
38,195,0.772,0.822,-0.013
38,196,0.745,0.8,-0.015
38,197,0.931,0.949,-0.004
38,198,0.861,0.894,-0.008
38,199,0.925,0.944,-0.004
38,20,0.745,0.8,0.011
38,200,0.946,0.96,-0.003
38,201,0.866,0.898,0.008
38,202,0.887,0.915,-0.006
38,203,0.993,0.995,0.0
38,204,0.958,0.968,-0.002
38,205,0.882,0.91,-0.007
38,206,0.905,0.928,-0.005
38,207,0.833,0.872,-0.01
38,208,0.764,0.816,-0.014
38,209,0.667,0.733,-0.02
38,21,0.654,0.722,0.015
38,210,0.664,0.731,-0.02
38,211,0.601,0.675,-0.024
38,212,0.748,0.802,-0.015
38,213,0.674,0.739,-0.019
38,214,0.782,0.831,-0.013
38,215,0.826,0.866,-0.01
38,216,0.815,0.857,-0.011
38,217,0.701,0.762,-0.018
38,218,0.761,0.813,-0.014
38,219,0.703,0.764,-0.018
38,22,0.516,0.596,0.022
38,220,0.707,0.767,-0.018
38,221,0.695,0.757,-0.018
38,222,0.634,0.704,-0.022
38,223,0.607,0.68,-0.024
38,224,0.418,0.501,-0.039
38,225,0.501,0.582,-0.032
38,226,0.654,0.722,-0.022
38,227,0.474,0.556,-0.035
38,228,0.469,0.552,-0.035
38,229,0.389,0.472,-0.042
38,23,0.968,0.976,0.001
38,230,0.45,0.532,-0.038
38,231,0.308,0.388,-0.051
38,232,0.231,0.305,-0.06
38,233,0.343,0.425,-0.048
38,234,0.256,0.333,-0.059
38,235,0.43,0.514,-0.041
38,236,0.365,0.447,-0.048
38,237,0.29,0.369,-0.056
38,238,0.287,0.365,-0.058
38,239,0.312,0.392,-0.055
38,24,0.763,0.815,0.01
38,240,0.366,0.449,-0.05
38,241,0.333,0.414,-0.054
38,242,0.327,0.408,-0.056
38,243,0.311,0.392,-0.058
38,244,0.335,0.417,-0.057
38,245,0.39,0.473,-0.051
38,246,0.316,0.397,-0.061
38,247,0.356,0.439,-0.057
38,248,0.364,0.447,-0.057
38,249,0.355,0.437,-0.059
38,25,0.661,0.728,0.015
38,250,0.337,0.419,-0.062
38,251,0.382,0.465,-0.057
38,26,0.502,0.583,0.023
38,27,0.583,0.659,0.019
38,28,0.982,0.987,0.001
38,29,0.639,0.708,0.016
38,30,0.404,0.487,0.029
38,31,0.879,0.908,0.005
38,32,0.793,0.839,0.009
38,33,0.654,0.722,0.016
38,34,0.461,0.544,0.026
38,35,0.806,0.85,0.009
38,36,0.554,0.631,0.021
38,37,0.779,0.828,0.01
38,38,0.793,0.839,-0.009
38,39,0.953,0.965,0.002
38,40,0.989,0.992,0.001
38,41,0.888,0.915,0.005
38,42,0.783,0.831,0.01
38,43,0.858,0.892,-0.007
38,44,0.992,0.994,-0.0
38,45,0.861,0.894,-0.006
38,46,0.979,0.984,-0.001
38,47,0.753,0.806,0.012
38,48,0.739,0.795,0.012
38,49,0.882,0.91,0.006
38,50,0.922,0.941,0.004
38,51,0.7,0.761,0.014
38,52,0.727,0.784,0.013
38,53,0.722,0.781,0.014
38,54,0.436,0.52,0.03
38,55,0.61,0.682,0.02
38,56,0.696,0.758,0.015
38,57,0.797,0.843,0.01
38,58,0.807,0.851,0.009
38,59,0.511,0.591,0.026
38,6,0.786,0.834,-0.01
38,60,0.577,0.653,0.022
38,61,0.464,0.547,0.029
38,62,0.328,0.409,0.039
38,63,0.339,0.421,0.038
38,64,0.398,0.481,0.034
38,65,0.512,0.593,0.026
38,66,0.641,0.71,0.019
38,67,0.373,0.456,0.036
38,68,0.37,0.453,0.036
38,69,0.411,0.494,0.034
38,7,0.77,0.821,-0.01
38,70,0.334,0.415,0.04
38,71,0.528,0.608,0.026
38,72,0.487,0.568,0.029
38,73,0.475,0.557,0.03
38,74,0.483,0.565,0.029
38,75,0.51,0.591,0.028
38,76,0.409,0.492,0.035
38,77,0.534,0.613,0.026
38,78,0.503,0.584,0.029
38,79,0.448,0.531,0.032
38,8,0.825,0.865,-0.008
38,80,0.367,0.45,0.039
38,81,0.309,0.389,0.044
38,82,0.306,0.387,0.044
38,83,0.336,0.418,0.042
38,84,0.595,0.669,0.023
38,85,0.568,0.645,0.025
38,86,0.566,0.643,0.025
38,87,0.74,0.796,0.015
38,88,0.764,0.815,0.013
38,89,0.706,0.766,0.017
38,9,0.909,0.932,0.004
38,90,0.585,0.66,0.024
38,91,0.689,0.752,0.018
38,92,0.757,0.809,0.014
38,93,0.597,0.671,0.024
38,94,0.59,0.665,0.024
38,95,0.728,0.785,0.016
38,96,0.597,0.671,0.024
38,97,0.555,0.633,0.027
38,98,0.63,0.7,0.022
38,99,0.662,0.729,0.02
39,10,0.654,0.721,-0.016
39,100,0.541,0.619,0.028
39,101,0.558,0.635,0.026
39,102,0.623,0.694,0.022
39,103,0.733,0.79,0.015
39,104,0.573,0.649,0.026
39,105,0.435,0.518,0.035
39,106,0.678,0.742,0.019
39,107,0.635,0.705,0.022
39,108,0.619,0.69,0.023
39,109,0.503,0.584,0.03
39,11,0.807,0.851,-0.009
39,110,0.737,0.793,0.015
39,111,0.902,0.926,0.006
39,112,0.548,0.626,0.027
39,113,0.52,0.6,0.029
39,114,0.746,0.801,0.015
39,115,0.743,0.798,0.015
39,116,0.741,0.796,0.015
39,117,0.459,0.541,0.034
39,118,0.61,0.683,0.023
39,119,0.601,0.675,0.024
39,12,0.954,0.965,-0.002
39,120,0.543,0.621,0.028
39,121,0.653,0.721,0.021
39,122,0.643,0.712,0.021
39,123,0.625,0.696,0.023
39,124,0.625,0.696,0.023
39,125,0.639,0.708,0.022
39,126,0.609,0.682,0.024
39,127,0.628,0.699,0.022
39,128,0.499,0.58,0.031
39,129,0.58,0.655,0.026
39,13,0.718,0.777,-0.013
39,130,0.627,0.698,0.023
39,131,0.788,0.835,0.013
39,132,0.581,0.656,0.026
39,133,0.597,0.671,0.025
39,134,0.584,0.659,0.026
39,135,0.743,0.798,0.015
39,136,0.817,0.859,0.011
39,137,0.812,0.855,0.011
39,138,0.82,0.862,0.011
39,139,0.987,0.991,-0.001
39,14,0.955,0.966,-0.002
39,140,0.821,0.862,0.011
39,141,0.93,0.947,0.004
39,142,0.814,0.856,0.011
39,143,0.889,0.916,0.007
39,144,0.899,0.924,0.006
39,145,0.805,0.85,0.012
39,146,0.996,0.997,0.0
39,147,0.989,0.992,-0.001
39,148,0.779,0.828,0.013
39,149,0.845,0.881,0.009
39,15,0.958,0.969,0.002
39,150,0.954,0.966,0.003
39,151,0.955,0.967,0.003
39,152,0.89,0.917,0.007
39,153,0.944,0.958,0.003
39,154,0.949,0.962,0.003
39,155,0.837,0.875,0.01
39,156,0.954,0.966,0.003
39,157,0.942,0.957,0.003
39,158,0.945,0.959,0.003
39,159,0.92,0.94,0.005
39,16,0.812,0.855,-0.008
39,160,0.997,0.998,0.0
39,161,0.892,0.918,0.006
39,162,0.929,0.947,0.004
39,163,0.743,0.798,0.016
39,164,0.967,0.976,0.002
39,165,0.887,0.914,0.007
39,166,0.954,0.965,-0.003
39,167,0.967,0.976,-0.002
39,168,0.858,0.891,-0.009
39,169,0.698,0.76,-0.018
39,17,0.996,0.997,-0.0
39,170,0.633,0.703,-0.023
39,171,0.686,0.75,-0.019
39,172,0.805,0.849,-0.012
39,173,0.756,0.809,-0.015
39,174,0.952,0.964,-0.003
39,175,0.907,0.93,-0.006
39,176,0.998,0.998,0.0
39,177,0.995,0.996,0.0
39,178,0.97,0.978,-0.002
39,179,0.822,0.863,0.011
39,18,0.913,0.935,0.004
39,180,0.767,0.818,0.014
39,181,0.805,0.849,0.012
39,182,0.973,0.98,0.002
39,183,0.956,0.967,-0.003
39,184,0.956,0.967,0.003
39,185,0.906,0.929,0.006
39,186,0.979,0.985,0.001
39,187,0.659,0.726,-0.021
39,188,0.74,0.796,-0.016
39,189,0.863,0.896,-0.008
39,19,0.787,0.834,0.009
39,190,0.876,0.906,-0.007
39,191,0.96,0.97,-0.002
39,192,0.85,0.885,-0.009
39,193,0.873,0.904,-0.007
39,194,0.951,0.964,0.003
39,195,0.865,0.897,-0.008
39,196,0.895,0.92,-0.006
39,197,0.841,0.878,-0.009
39,198,0.724,0.782,-0.016
39,199,0.881,0.91,-0.007
39,20,0.928,0.946,-0.003
39,200,0.856,0.89,-0.008
39,201,0.902,0.926,0.006
39,202,0.926,0.945,0.004
39,203,0.763,0.814,-0.014
39,204,0.938,0.954,0.004
39,205,0.951,0.963,0.003
39,206,0.904,0.928,0.005
39,207,0.924,0.943,-0.004
39,208,0.751,0.805,-0.014
39,209,0.989,0.992,-0.001
39,21,0.859,0.892,0.006
39,210,0.873,0.903,-0.007
39,211,0.951,0.964,-0.003
39,212,0.985,0.989,0.001
39,213,0.985,0.989,0.001
39,214,0.976,0.982,0.001
39,215,0.801,0.846,-0.012
39,216,0.904,0.928,-0.006
39,217,0.775,0.825,-0.013
39,218,0.809,0.852,-0.011
39,219,0.803,0.847,-0.012
39,22,0.721,0.779,-0.012
39,220,0.841,0.878,-0.009
39,221,0.953,0.965,0.003
39,222,0.664,0.73,-0.021
39,223,0.539,0.618,-0.029
39,224,0.574,0.65,-0.027
39,225,0.362,0.445,-0.044
39,226,0.512,0.593,-0.032
39,227,0.521,0.601,-0.031
39,228,0.374,0.457,-0.043
39,229,0.515,0.595,-0.032
39,23,0.865,0.898,-0.006
39,230,0.425,0.508,-0.04
39,231,0.46,0.542,-0.037
39,232,0.522,0.602,-0.032
39,233,0.306,0.386,-0.052
39,234,0.342,0.424,-0.049
39,235,0.424,0.507,-0.042
39,236,0.336,0.417,-0.051
39,237,0.252,0.328,-0.061
39,238,0.337,0.419,-0.051
39,239,0.343,0.425,-0.052
39,24,0.735,0.791,0.012
39,240,0.333,0.415,-0.053
39,241,0.355,0.438,-0.052
39,242,0.284,0.363,-0.061
39,243,0.412,0.496,-0.047
39,244,0.471,0.553,-0.042
39,245,0.366,0.449,-0.053
39,246,0.391,0.474,-0.052
39,247,0.282,0.36,-0.066
39,248,0.358,0.44,-0.057
39,249,0.38,0.463,-0.055
39,25,0.849,0.885,-0.007
39,250,0.468,0.551,-0.046
39,251,0.35,0.432,-0.061
39,26,0.834,0.873,0.007
39,27,0.959,0.969,0.002
39,28,0.976,0.982,0.001
39,29,0.743,0.798,-0.012
39,30,0.735,0.792,0.012
39,31,0.967,0.975,0.001
39,32,0.684,0.748,0.014
39,33,0.925,0.944,0.003
39,34,0.823,0.864,0.008
39,35,0.979,0.984,0.001
39,36,0.947,0.96,0.002
39,37,0.642,0.711,0.017
39,38,0.696,0.758,0.014
39,39,0.841,0.878,0.007
39,40,0.757,0.81,0.011
39,41,0.6,0.674,0.019
39,42,0.66,0.727,0.016
39,43,0.793,0.839,0.01
39,44,0.566,0.642,0.021
39,45,0.95,0.963,-0.002
39,46,0.998,0.999,-0.0
39,47,0.747,0.802,0.012
39,48,0.781,0.83,0.01
39,49,0.888,0.915,0.005
39,50,0.711,0.771,0.014
39,51,0.777,0.826,0.011
39,52,0.925,0.944,0.004
39,53,0.843,0.88,0.008
39,54,0.527,0.607,0.024
39,55,0.556,0.633,0.023
39,56,0.817,0.859,0.009
39,57,0.682,0.746,0.016
39,58,0.516,0.597,0.025
39,59,0.479,0.561,0.028
39,6,0.677,0.742,-0.015
39,60,0.504,0.585,0.026
39,61,0.47,0.553,0.029
39,62,0.298,0.377,0.041
39,63,0.315,0.395,0.04
39,64,0.581,0.656,0.022
39,65,0.396,0.479,0.034
39,66,0.416,0.5,0.033
39,67,0.518,0.598,0.026
39,68,0.279,0.357,0.044
39,69,0.479,0.561,0.029
39,7,0.787,0.834,-0.01
39,70,0.44,0.523,0.032
39,71,0.445,0.528,0.032
39,72,0.383,0.466,0.036
39,73,0.323,0.404,0.041
39,74,0.3,0.379,0.044
39,75,0.595,0.669,0.023
39,76,0.529,0.608,0.027
39,77,0.543,0.621,0.026
39,78,0.437,0.52,0.033
39,79,0.479,0.561,0.03
39,8,0.764,0.815,-0.011
39,80,0.41,0.493,0.036
39,81,0.592,0.667,0.023
39,82,0.621,0.693,0.022
39,83,0.518,0.598,0.028
39,84,0.56,0.638,0.025
39,85,0.522,0.601,0.028
39,86,0.447,0.53,0.033
39,87,0.498,0.579,0.03
39,88,0.516,0.596,0.029
39,89,0.44,0.523,0.034
39,9,0.809,0.853,-0.009
39,90,0.426,0.509,0.035
39,91,0.566,0.643,0.026
39,92,0.514,0.594,0.029
39,93,0.516,0.596,0.029
39,94,0.519,0.599,0.029
39,95,0.622,0.693,0.022
39,96,0.465,0.548,0.033
39,97,0.561,0.638,0.026
39,98,0.768,0.819,0.013
39,99,0.579,0.654,0.025
4,10,0.413,0.496,-0.028
4,100,0.771,0.821,-0.011
4,101,0.945,0.959,-0.003
4,102,0.787,0.835,-0.01
4,103,0.639,0.709,-0.018
4,104,0.634,0.704,-0.018
4,105,0.679,0.743,-0.016
4,106,0.582,0.658,-0.021
4,107,0.702,0.763,-0.015
4,108,0.457,0.54,-0.029
4,109,0.677,0.742,-0.016
4,11,0.68,0.744,-0.014
4,110,0.514,0.594,-0.025
4,111,0.573,0.65,-0.022
4,112,0.589,0.664,-0.021
4,113,0.452,0.535,-0.029
4,114,0.551,0.629,-0.023
4,115,0.58,0.656,-0.022
4,116,0.62,0.692,-0.019
4,117,0.945,0.959,-0.003
4,118,0.773,0.823,-0.011
4,119,0.847,0.883,-0.008
4,12,0.48,0.562,-0.024
4,120,0.827,0.867,-0.009
4,121,0.635,0.705,-0.019
4,122,0.614,0.687,-0.02
4,123,0.887,0.915,-0.006
4,124,0.677,0.742,-0.017
4,125,0.685,0.749,-0.016
4,126,0.601,0.675,-0.021
4,127,0.672,0.737,-0.017
4,128,0.806,0.85,-0.01
4,129,0.675,0.74,-0.017
4,13,0.509,0.59,-0.022
4,130,0.537,0.616,-0.025
4,131,0.515,0.596,-0.026
4,132,0.448,0.531,-0.031
4,133,0.509,0.59,-0.027
4,134,0.709,0.769,-0.015
4,135,0.689,0.752,-0.016
4,136,0.543,0.621,-0.025
4,137,0.682,0.746,-0.017
4,138,0.561,0.638,-0.024
4,139,0.629,0.699,-0.02
4,14,0.393,0.476,-0.029
4,140,0.785,0.833,-0.011
4,141,0.45,0.533,-0.031
4,142,0.622,0.694,-0.02
4,143,0.538,0.616,-0.026
4,144,0.616,0.688,-0.021
4,145,0.549,0.627,-0.025
4,146,0.983,0.988,-0.001
4,147,0.82,0.861,-0.01
4,148,0.819,0.86,-0.01
4,149,0.926,0.945,-0.004
4,15,0.48,0.562,-0.024
4,150,0.859,0.893,-0.007
4,151,0.828,0.868,-0.009
4,152,0.978,0.984,-0.001
4,153,0.696,0.758,-0.017
4,154,0.838,0.876,-0.009
4,155,0.829,0.869,-0.009
4,156,0.916,0.937,-0.005
4,157,0.823,0.864,-0.01
4,158,0.658,0.725,-0.019
4,159,0.699,0.761,-0.017
4,16,0.563,0.64,-0.019
4,160,0.786,0.834,-0.012
4,161,0.642,0.711,-0.02
4,162,0.706,0.767,-0.016
4,163,0.786,0.834,-0.012
4,164,0.772,0.822,-0.013
4,165,0.719,0.778,-0.016
4,166,0.893,0.919,-0.006
4,167,0.935,0.952,-0.004
4,168,0.795,0.841,-0.011
4,169,0.984,0.988,0.001
4,17,0.381,0.464,-0.029
4,170,0.766,0.817,-0.013
4,171,0.996,0.997,-0.0
4,172,0.952,0.964,0.003
4,173,0.973,0.98,-0.002
4,174,0.92,0.94,-0.005
4,175,0.806,0.85,-0.011
4,176,0.824,0.864,-0.01
4,177,0.752,0.805,-0.014
4,178,0.704,0.765,-0.017
4,179,0.787,0.834,-0.012
4,18,0.407,0.49,-0.028
4,180,0.867,0.899,-0.008
4,181,0.594,0.669,-0.025
4,182,0.597,0.671,-0.025
4,183,0.69,0.753,-0.019
4,184,0.625,0.696,-0.023
4,185,0.944,0.958,0.003
4,186,0.871,0.902,-0.008
4,187,0.566,0.643,-0.027
4,188,0.721,0.779,-0.017
4,189,0.827,0.867,-0.011
4,19,0.47,0.552,-0.024
4,190,0.594,0.668,-0.026
4,191,0.709,0.769,-0.018
4,192,0.639,0.709,-0.023
4,193,0.771,0.822,-0.014
4,194,0.759,0.811,-0.015
4,195,0.746,0.801,-0.016
4,196,0.589,0.664,-0.027
4,197,0.695,0.757,-0.02
4,198,0.656,0.723,-0.023
4,199,0.517,0.597,-0.033
4,20,0.57,0.647,-0.019
4,200,0.795,0.841,-0.013
4,201,0.672,0.738,-0.022
4,202,0.909,0.931,-0.006
4,203,0.973,0.98,0.002
4,204,0.702,0.763,-0.02
4,205,0.951,0.964,-0.003
4,206,0.802,0.846,-0.013
4,207,0.921,0.941,-0.005
4,208,0.801,0.846,0.014
4,209,0.975,0.982,-0.002
4,21,0.468,0.551,-0.024
4,210,0.89,0.917,-0.007
4,211,0.994,0.996,-0.0
4,212,0.925,0.944,0.005
4,213,0.952,0.965,0.003
4,214,0.918,0.938,-0.006
4,215,0.945,0.959,0.004
4,216,0.981,0.986,0.001
4,217,0.877,0.906,-0.009
4,218,0.933,0.95,0.005
4,219,0.986,0.99,0.001
4,22,0.48,0.562,-0.023
4,220,0.88,0.909,-0.009
4,221,0.912,0.933,-0.006
4,222,0.869,0.9,-0.01
4,223,0.988,0.991,-0.001
4,224,0.933,0.95,-0.005
4,225,0.893,0.919,-0.008
4,226,0.97,0.978,-0.002
4,227,0.895,0.92,0.008
4,228,0.92,0.94,-0.006
4,229,0.93,0.948,-0.005
4,23,0.634,0.704,-0.016
4,230,0.899,0.924,-0.008
4,231,0.852,0.887,-0.011
4,232,0.933,0.95,-0.005
4,233,0.947,0.961,0.004
4,234,0.834,0.873,-0.013
4,235,0.985,0.989,0.001
4,236,0.911,0.933,0.007
4,237,0.635,0.705,-0.029
4,238,0.904,0.928,-0.007
4,239,0.895,0.921,-0.008
4,24,0.661,0.727,-0.014
4,240,0.78,0.828,-0.017
4,241,0.893,0.919,-0.008
4,242,0.732,0.789,-0.021
4,243,0.805,0.849,-0.015
4,244,0.803,0.847,-0.016
4,245,0.782,0.831,-0.017
4,246,0.761,0.813,-0.019
4,247,0.823,0.863,-0.014
4,248,0.863,0.895,-0.011
4,249,0.751,0.805,-0.021
4,25,0.63,0.7,-0.016
4,250,0.757,0.81,-0.02
4,251,0.935,0.951,-0.005
4,26,0.454,0.536,-0.025
4,27,0.491,0.572,-0.023
4,28,0.858,0.892,-0.006
4,29,0.464,0.546,-0.024
4,30,0.855,0.889,-0.006
4,31,0.542,0.62,-0.02
4,32,0.919,0.939,-0.003
4,33,0.901,0.926,-0.004
4,34,0.707,0.768,-0.012
4,35,0.882,0.91,-0.005
4,36,0.938,0.953,0.003
4,37,0.526,0.606,-0.021
4,38,0.912,0.934,-0.004
4,39,0.768,0.819,-0.01
4,40,0.685,0.748,-0.013
4,41,0.895,0.921,0.004
4,42,0.776,0.826,-0.009
4,43,0.844,0.881,-0.007
4,44,0.672,0.738,-0.014
4,45,0.652,0.72,-0.015
4,46,0.664,0.731,-0.014
4,47,0.779,0.828,-0.009
4,48,0.671,0.737,-0.014
4,49,0.963,0.972,-0.002
4,50,0.635,0.705,-0.016
4,51,0.521,0.601,-0.022
4,52,0.687,0.75,-0.014
4,53,0.661,0.728,-0.015
4,54,0.547,0.625,-0.02
4,55,0.752,0.805,-0.011
4,56,0.566,0.642,-0.02
4,57,0.843,0.88,-0.007
4,58,0.846,0.882,-0.007
4,59,0.883,0.911,-0.005
4,60,0.605,0.678,-0.018
4,61,0.844,0.881,-0.007
4,62,0.749,0.803,-0.011
4,63,0.719,0.777,-0.012
4,64,0.826,0.866,-0.008
4,65,0.929,0.947,0.003
4,66,0.687,0.75,-0.014
4,67,0.804,0.849,-0.009
4,68,0.725,0.783,-0.012
4,69,0.717,0.776,-0.013
4,7,0.502,0.583,-0.024
4,70,0.531,0.611,-0.022
4,71,0.787,0.834,0.01
4,72,0.877,0.906,0.005
4,73,0.934,0.951,0.003
4,74,0.792,0.839,-0.009
4,75,0.736,0.792,-0.012
4,76,0.89,0.917,-0.005
4,77,0.892,0.919,0.005
4,78,0.877,0.907,-0.006
4,79,0.94,0.955,-0.003
4,8,0.562,0.639,-0.021
4,80,0.929,0.947,0.003
4,81,0.928,0.946,-0.003
4,82,0.948,0.961,0.002
4,83,0.91,0.933,0.004
4,84,0.788,0.835,0.01
4,85,0.933,0.95,-0.003
4,86,0.972,0.979,-0.001
4,87,0.887,0.915,-0.005
4,88,0.699,0.761,-0.014
4,89,0.649,0.717,-0.017
4,9,0.42,0.503,-0.028
4,90,0.705,0.766,-0.014
4,91,0.646,0.715,-0.017
4,92,0.806,0.85,-0.009
4,93,0.75,0.804,-0.012
4,94,0.878,0.907,-0.006
4,95,0.73,0.787,-0.013
4,96,0.708,0.769,-0.014
4,97,0.731,0.788,-0.013
4,98,0.669,0.735,-0.016
4,99,0.651,0.719,-0.017
40,10,0.787,0.834,-0.01
40,100,0.723,0.781,0.016
40,101,0.652,0.72,0.02
40,102,0.755,0.808,0.014
40,103,0.758,0.81,0.014
40,104,0.626,0.697,0.022
40,105,0.662,0.729,0.02
40,106,0.59,0.664,0.024
40,107,0.553,0.631,0.027
40,108,0.437,0.521,0.035
40,109,0.536,0.615,0.028
40,11,0.649,0.717,-0.016
40,110,0.493,0.574,0.031
40,111,0.52,0.6,0.029
40,112,0.512,0.593,0.03
40,113,0.354,0.436,0.042
40,114,0.5,0.581,0.031
40,115,0.7,0.761,0.018
40,116,0.551,0.629,0.027
40,117,0.491,0.572,0.031
40,118,0.441,0.524,0.035
40,119,0.504,0.585,0.03
40,12,0.528,0.607,-0.022
40,120,0.419,0.502,0.037
40,121,0.541,0.62,0.028
40,122,0.676,0.741,0.019
40,123,0.704,0.765,0.017
40,124,0.642,0.711,0.021
40,125,0.525,0.604,0.029
40,126,0.506,0.587,0.031
40,127,0.706,0.767,0.017
40,128,0.804,0.848,0.011
40,129,0.701,0.762,0.018
40,13,0.767,0.818,-0.01
40,130,0.649,0.717,0.021
40,131,0.656,0.723,0.021
40,132,0.492,0.574,0.032
40,133,0.53,0.61,0.029
40,134,0.676,0.741,0.019
40,135,0.569,0.645,0.026
40,136,0.618,0.69,0.023
40,137,0.653,0.721,0.021
40,138,0.747,0.801,0.015
40,139,0.782,0.831,0.013
40,14,0.977,0.983,0.001
40,140,0.785,0.833,0.013
40,141,0.707,0.768,0.017
40,142,0.735,0.791,0.016
40,143,0.97,0.978,0.002
40,144,0.744,0.799,0.015
40,145,0.946,0.96,0.003
40,146,0.969,0.977,-0.002
40,147,0.947,0.96,-0.003
40,148,0.874,0.904,0.007
40,149,0.97,0.978,-0.002
40,15,0.918,0.938,0.004
40,150,0.785,0.833,-0.013
40,151,0.884,0.912,-0.007
40,152,0.842,0.879,-0.009
40,153,0.949,0.962,-0.003
40,154,0.874,0.905,-0.007
40,155,0.93,0.947,-0.004
40,156,0.633,0.703,-0.022
40,157,0.686,0.75,-0.019
40,158,0.872,0.902,-0.008
40,159,0.714,0.773,-0.017
40,16,0.896,0.921,0.005
40,160,0.583,0.658,-0.026
40,161,0.764,0.815,-0.014
40,162,0.945,0.959,-0.003
40,163,0.946,0.96,-0.003
40,164,0.901,0.926,-0.006
40,165,0.74,0.796,-0.016
40,166,0.785,0.833,-0.013
40,167,0.812,0.855,-0.011
40,168,0.792,0.838,-0.013
40,169,0.773,0.823,-0.014
40,17,0.603,0.677,0.018
40,170,0.643,0.712,-0.022
40,171,0.692,0.755,-0.019
40,172,0.809,0.853,-0.011
40,173,0.585,0.66,-0.026
40,174,0.612,0.684,-0.024
40,175,0.787,0.834,-0.013
40,176,0.719,0.778,-0.017
40,177,0.761,0.813,-0.014
40,178,0.654,0.722,-0.021
40,179,0.801,0.846,-0.012
40,18,0.87,0.901,-0.006
40,180,0.846,0.882,-0.009
40,181,0.685,0.749,-0.019
40,182,0.592,0.667,-0.025
40,183,0.667,0.733,-0.02
40,184,0.716,0.775,-0.017
40,185,0.695,0.757,-0.019
40,186,0.684,0.748,-0.019
40,187,0.651,0.719,-0.021
40,188,0.881,0.91,-0.007
40,189,0.567,0.643,-0.027
40,19,0.796,0.842,0.009
40,190,0.554,0.632,-0.028
40,191,0.76,0.812,-0.014
40,192,0.821,0.862,-0.011
40,193,0.643,0.712,-0.022
40,194,0.726,0.783,-0.016
40,195,0.92,0.94,-0.005
40,196,0.929,0.947,-0.004
40,197,0.805,0.849,-0.011
40,198,0.907,0.93,0.005
40,199,0.951,0.964,-0.003
40,20,0.808,0.852,0.008
40,200,0.89,0.917,-0.006
40,201,0.81,0.853,-0.011
40,202,0.875,0.905,-0.007
40,203,0.907,0.93,-0.005
40,204,0.85,0.885,-0.009
40,205,0.974,0.981,-0.002
40,206,0.765,0.816,-0.014
40,207,0.756,0.808,-0.014
40,208,0.88,0.909,-0.007
40,209,0.905,0.928,-0.005
40,21,0.895,0.921,0.005
40,210,0.977,0.983,-0.001
40,211,0.875,0.905,-0.007
40,212,0.762,0.814,-0.014
40,213,0.757,0.809,-0.014
40,214,0.91,0.932,-0.005
40,215,0.824,0.864,-0.01
40,216,0.835,0.874,-0.01
40,217,0.917,0.938,0.005
40,218,0.864,0.897,-0.008
40,219,0.821,0.862,-0.011
40,22,0.807,0.851,0.009
40,220,0.788,0.835,-0.013
40,221,0.925,0.944,-0.004
40,222,0.75,0.804,-0.015
40,223,0.581,0.656,-0.026
40,224,0.579,0.655,-0.026
40,225,0.422,0.506,-0.038
40,226,0.515,0.596,-0.031
40,227,0.543,0.621,-0.03
40,228,0.456,0.539,-0.036
40,229,0.472,0.554,-0.035
40,23,0.805,0.849,0.009
40,230,0.314,0.394,-0.05
40,231,0.386,0.469,-0.043
40,232,0.481,0.563,-0.035
40,233,0.392,0.475,-0.043
40,234,0.536,0.615,-0.032
40,235,0.331,0.412,-0.05
40,236,0.361,0.443,-0.048
40,237,0.35,0.432,-0.049
40,238,0.257,0.333,-0.06
40,239,0.255,0.331,-0.062
40,24,0.992,0.994,0.0
40,240,0.403,0.486,-0.046
40,241,0.374,0.457,-0.049
40,242,0.292,0.371,-0.059
40,243,0.324,0.405,-0.056
40,244,0.263,0.34,-0.065
40,245,0.352,0.435,-0.054
40,246,0.339,0.421,-0.057
40,247,0.247,0.323,-0.07
40,248,0.204,0.274,-0.078
40,249,0.268,0.346,-0.069
40,25,0.487,0.569,0.024
40,250,0.241,0.315,-0.075
40,251,0.247,0.322,-0.075
40,26,0.627,0.698,0.017
40,27,0.951,0.964,0.002
40,28,0.943,0.957,-0.003
40,29,0.975,0.982,-0.001
40,30,0.621,0.693,0.017
40,31,0.62,0.692,0.018
40,32,0.723,0.781,0.013
40,33,0.928,0.946,0.003
40,34,0.887,0.914,0.005
40,35,0.708,0.768,0.013
40,36,0.86,0.894,0.006
40,37,0.602,0.676,0.019
40,38,0.977,0.983,0.001
40,39,0.997,0.998,0.0
40,40,0.672,0.737,0.015
40,41,0.972,0.979,0.001
40,42,0.935,0.952,-0.003
40,43,0.795,0.841,0.01
40,44,0.808,0.852,0.009
40,45,0.877,0.906,0.006
40,46,0.899,0.924,0.005
40,47,0.746,0.801,0.012
40,48,0.844,0.88,0.007
40,49,0.778,0.827,0.011
40,50,0.861,0.894,0.007
40,51,0.816,0.858,0.009
40,52,0.719,0.778,0.014
40,53,0.924,0.943,-0.004
40,54,0.708,0.769,0.014
40,55,0.664,0.73,0.017
40,56,0.876,0.906,0.006
40,57,0.57,0.647,0.022
40,58,0.683,0.747,0.016
40,59,0.536,0.615,0.024
40,6,0.696,0.758,-0.014
40,60,0.483,0.564,0.028
40,61,0.707,0.768,0.015
40,62,0.397,0.48,0.034
40,63,0.605,0.678,0.021
40,64,0.418,0.501,0.033
40,65,0.427,0.511,0.032
40,66,0.378,0.461,0.036
40,67,0.309,0.39,0.042
40,68,0.386,0.469,0.036
40,69,0.555,0.633,0.024
40,7,0.607,0.68,-0.019
40,70,0.545,0.623,0.025
40,71,0.601,0.675,0.022
40,72,0.516,0.596,0.027
40,73,0.779,0.828,0.012
40,74,0.569,0.646,0.024
40,75,0.787,0.835,0.011
40,76,0.798,0.844,0.011
40,77,0.632,0.702,0.021
40,78,0.604,0.677,0.022
40,79,0.53,0.61,0.027
40,8,0.739,0.795,-0.012
40,80,0.617,0.689,0.022
40,81,0.649,0.718,0.02
40,82,0.487,0.568,0.03
40,83,0.394,0.477,0.037
40,84,0.296,0.375,0.046
40,85,0.467,0.549,0.032
40,86,0.626,0.697,0.021
40,87,0.64,0.709,0.021
40,88,0.53,0.609,0.028
40,89,0.573,0.649,0.025
40,9,0.754,0.807,-0.011
40,90,0.401,0.485,0.037
40,91,0.511,0.592,0.029
40,92,0.635,0.705,0.021
40,93,0.696,0.758,0.017
40,94,0.567,0.644,0.026
40,95,0.58,0.655,0.025
40,96,0.668,0.734,0.019
40,97,0.51,0.59,0.03
40,98,0.552,0.63,0.027
40,99,0.88,0.909,0.007
41,10,0.897,0.922,0.005
41,100,0.642,0.711,0.021
41,101,0.49,0.571,0.031
41,102,0.413,0.496,0.037
41,103,0.423,0.506,0.036
41,104,0.654,0.721,0.02
41,105,0.719,0.778,0.016
41,106,0.426,0.509,0.036
41,107,0.499,0.58,0.03
41,108,0.639,0.709,0.021
41,109,0.46,0.543,0.033
41,11,0.557,0.635,-0.021
41,110,0.533,0.612,0.028
41,111,0.467,0.55,0.033
41,112,0.468,0.551,0.033
41,113,0.528,0.607,0.029
41,114,0.424,0.508,0.036
41,115,0.357,0.439,0.042
41,116,0.451,0.534,0.034
41,117,0.419,0.502,0.037
41,118,0.432,0.515,0.036
41,119,0.525,0.605,0.029
41,12,0.906,0.929,-0.004
41,120,0.429,0.512,0.036
41,121,0.501,0.582,0.031
41,122,0.379,0.462,0.04
41,123,0.461,0.544,0.034
41,124,0.594,0.668,0.024
41,125,0.589,0.664,0.025
41,126,0.722,0.78,0.016
41,127,0.7,0.762,0.018
41,128,0.728,0.786,0.016
41,129,0.709,0.769,0.017
41,13,0.745,0.8,0.011
41,130,0.619,0.691,0.023
41,131,0.585,0.661,0.025
41,132,0.665,0.732,0.02
41,133,0.533,0.612,0.029
41,134,0.562,0.639,0.027
41,135,0.553,0.631,0.027
41,136,0.658,0.725,0.02
41,137,0.822,0.863,0.01
41,138,0.658,0.725,0.02
41,139,0.444,0.527,0.035
41,14,0.77,0.821,0.01
41,140,0.788,0.836,0.012
41,141,0.743,0.798,0.015
41,142,0.622,0.693,0.023
41,143,0.66,0.727,0.02
41,144,0.675,0.74,0.019
41,145,0.816,0.858,0.011
41,146,0.731,0.788,0.016
41,147,0.583,0.658,0.025
41,148,0.747,0.801,0.015
41,149,0.731,0.787,0.016
41,15,0.94,0.955,0.003
41,150,0.854,0.888,0.009
41,151,0.958,0.969,-0.002
41,152,0.989,0.992,-0.001
41,153,0.926,0.944,-0.004
41,154,0.9,0.925,-0.006
41,155,0.866,0.898,-0.008
41,156,0.819,0.861,-0.011
41,157,0.693,0.756,-0.018
41,158,0.882,0.911,-0.007
41,159,0.797,0.843,0.012
41,16,0.608,0.681,0.018
41,160,0.74,0.795,-0.016
41,161,0.718,0.777,-0.017
41,162,0.942,0.957,-0.003
41,163,0.846,0.882,-0.009
41,164,0.925,0.944,0.004
41,165,0.882,0.91,0.007
41,166,0.879,0.908,-0.007
41,167,0.966,0.975,0.002
41,168,0.972,0.979,0.002
41,169,0.754,0.807,-0.015
41,17,0.642,0.711,0.016
41,170,0.932,0.949,-0.004
41,171,0.905,0.928,-0.006
41,172,0.969,0.977,0.002
41,173,0.749,0.803,-0.015
41,174,0.671,0.737,-0.02
41,175,0.569,0.645,-0.027
41,176,0.721,0.779,-0.017
41,177,0.583,0.658,-0.026
41,178,0.729,0.786,-0.016
41,179,0.848,0.884,-0.009
41,18,0.565,0.642,0.02
41,180,0.662,0.728,-0.021
41,181,0.677,0.742,-0.02
41,182,0.972,0.98,0.002
41,183,0.992,0.994,0.0
41,184,0.941,0.956,-0.004
41,185,0.894,0.92,0.006
41,186,0.862,0.895,0.008
41,187,0.986,0.99,0.001
41,188,0.833,0.872,0.01
41,189,0.901,0.926,-0.006
41,19,0.793,0.839,0.009
41,190,0.892,0.918,-0.006
41,191,0.98,0.985,-0.001
41,192,0.961,0.971,-0.002
41,193,0.952,0.964,0.003
41,194,0.959,0.969,0.002
41,195,0.87,0.901,-0.008
41,196,0.828,0.868,-0.01
41,197,0.933,0.95,-0.004
41,198,0.928,0.946,0.004
41,199,0.989,0.992,0.001
41,20,0.967,0.976,0.001
41,200,0.848,0.883,0.009
41,201,0.864,0.897,0.008
41,202,0.975,0.981,-0.001
41,203,0.875,0.905,-0.007
41,204,0.695,0.757,-0.018
41,205,0.833,0.871,-0.01
41,206,0.908,0.931,-0.005
41,207,0.79,0.837,-0.012
41,208,0.616,0.688,-0.023
41,209,0.971,0.978,-0.002
41,21,0.593,0.667,0.019
41,210,0.992,0.994,0.0
41,211,0.948,0.961,0.003
41,212,0.943,0.958,-0.003
41,213,0.992,0.994,-0.0
41,214,0.702,0.763,-0.018
41,215,0.781,0.83,-0.013
41,216,0.691,0.753,-0.018
41,217,0.854,0.889,-0.009
41,218,0.861,0.894,-0.008
41,219,0.689,0.752,-0.019
41,22,0.518,0.598,0.023
41,220,0.574,0.65,-0.026
41,221,0.645,0.713,-0.022
41,222,0.475,0.557,-0.034
41,223,0.486,0.568,-0.033
41,224,0.372,0.455,-0.042
41,225,0.554,0.632,-0.028
41,226,0.57,0.647,-0.027
41,227,0.567,0.644,-0.028
41,228,0.364,0.447,-0.044
41,229,0.428,0.511,-0.039
41,23,0.707,0.768,0.013
41,230,0.43,0.513,-0.039
41,231,0.416,0.5,-0.04
41,232,0.406,0.489,-0.042
41,233,0.4,0.483,-0.043
41,234,0.597,0.671,-0.027
41,235,0.464,0.547,-0.038
41,236,0.381,0.464,-0.045
41,237,0.475,0.558,-0.037
41,238,0.445,0.528,-0.041
41,239,0.515,0.595,-0.035
41,24,0.663,0.73,0.015
41,240,0.496,0.577,-0.037
41,241,0.512,0.592,-0.036
41,242,0.513,0.594,-0.036
41,243,0.412,0.496,-0.046
41,244,0.354,0.436,-0.053
41,245,0.559,0.636,-0.034
41,246,0.675,0.74,-0.025
41,247,0.664,0.73,-0.026
41,248,0.607,0.68,-0.031
41,249,0.602,0.676,-0.032
41,25,0.531,0.61,0.022
41,250,0.581,0.657,-0.035
41,251,0.512,0.592,-0.042
41,26,0.591,0.665,0.019
41,27,0.814,0.857,0.008
41,28,0.962,0.971,0.002
41,29,0.628,0.698,0.017
41,30,0.816,0.858,0.008
41,31,0.924,0.943,-0.003
41,32,0.798,0.843,-0.009
41,33,0.426,0.509,0.029
41,34,0.696,0.758,0.014
41,35,0.85,0.885,0.007
41,36,0.874,0.904,0.006
41,37,0.829,0.868,0.008
41,38,0.967,0.976,0.001
41,39,0.873,0.903,-0.006
41,40,0.882,0.911,0.005
41,41,0.926,0.945,0.003
41,42,0.885,0.913,0.005
41,43,0.915,0.936,-0.004
41,44,0.607,0.68,0.019
41,45,0.647,0.715,0.017
41,46,0.801,0.846,0.009
41,47,0.667,0.733,0.016
41,48,0.523,0.603,0.024
41,49,0.55,0.628,0.023
41,50,0.794,0.84,0.01
41,51,0.579,0.655,0.021
41,52,0.531,0.61,0.024
41,53,0.497,0.579,0.026
41,54,0.381,0.464,0.034
41,55,0.542,0.621,0.024
41,56,0.493,0.574,0.027
41,57,0.653,0.72,0.018
41,58,0.401,0.484,0.033
41,59,0.348,0.431,0.037
41,6,0.73,0.787,0.013
41,60,0.36,0.442,0.037
41,61,0.53,0.61,0.025
41,62,0.453,0.536,0.03
41,63,0.585,0.66,0.022
41,64,0.661,0.728,0.018
41,65,0.584,0.659,0.022
41,66,0.98,0.986,-0.001
41,67,0.636,0.706,0.019
41,68,0.626,0.697,0.02
41,69,0.491,0.573,0.029
41,7,0.928,0.946,0.003
41,70,0.583,0.658,0.023
41,71,0.576,0.652,0.023
41,72,0.471,0.553,0.03
41,73,0.39,0.473,0.036
41,74,0.572,0.648,0.024
41,75,0.378,0.461,0.038
41,76,0.477,0.559,0.03
41,77,0.439,0.522,0.033
41,78,0.344,0.426,0.041
41,79,0.389,0.472,0.037
41,8,0.917,0.937,-0.004
41,80,0.213,0.285,0.054
41,81,0.395,0.479,0.037
41,82,0.47,0.552,0.032
41,83,0.309,0.39,0.045
41,84,0.376,0.459,0.039
41,85,0.41,0.494,0.036
41,86,0.457,0.54,0.033
41,87,0.542,0.621,0.027
41,88,0.579,0.655,0.025
41,89,0.595,0.669,0.024
41,9,0.969,0.977,0.001
41,90,0.363,0.446,0.04
41,91,0.456,0.539,0.033
41,92,0.454,0.536,0.033
41,93,0.438,0.521,0.035
41,94,0.446,0.529,0.034
41,95,0.58,0.655,0.025
41,96,0.536,0.615,0.028
41,97,0.65,0.718,0.02
41,98,0.706,0.767,0.017
41,99,0.779,0.828,0.013
42,10,0.957,0.968,-0.002
42,100,0.64,0.709,0.021
42,101,0.532,0.612,0.028
42,102,0.425,0.508,0.035
42,103,0.417,0.5,0.036
42,104,0.563,0.64,0.026
42,105,0.668,0.734,0.019
42,106,0.541,0.62,0.027
42,107,0.54,0.619,0.027
42,108,0.626,0.697,0.022
42,109,0.601,0.675,0.023
42,11,0.963,0.972,-0.002
42,110,0.532,0.611,0.028
42,111,0.572,0.648,0.025
42,112,0.47,0.552,0.032
42,113,0.474,0.557,0.032
42,114,0.5,0.581,0.03
42,115,0.569,0.646,0.025
42,116,0.55,0.628,0.027
42,117,0.593,0.667,0.024
42,118,0.604,0.678,0.023
42,119,0.614,0.687,0.023
42,12,0.795,0.841,0.009
42,120,0.489,0.571,0.031
42,121,0.596,0.67,0.024
42,122,0.488,0.57,0.031
42,123,0.532,0.612,0.028
42,124,0.751,0.805,0.014
42,125,0.754,0.807,0.014
42,126,0.596,0.67,0.024
42,127,0.576,0.652,0.025
42,128,0.621,0.692,0.023
42,129,0.612,0.684,0.023
42,13,0.952,0.964,0.002
42,130,0.644,0.713,0.021
42,131,0.682,0.746,0.019
42,132,0.565,0.642,0.026
42,133,0.422,0.505,0.037
42,134,0.541,0.62,0.028
42,135,0.592,0.666,0.024
42,136,0.593,0.667,0.024
42,137,0.723,0.781,0.016
42,138,0.773,0.823,0.013
42,139,0.773,0.823,0.013
42,14,0.926,0.945,0.003
42,140,0.855,0.889,0.008
42,141,0.844,0.88,0.009
42,142,0.888,0.915,0.006
42,143,0.958,0.969,-0.002
42,144,0.986,0.99,-0.001
42,145,0.971,0.979,0.002
42,146,0.937,0.953,0.004
42,147,0.981,0.986,0.001
42,148,0.984,0.988,-0.001
42,149,0.994,0.995,0.0
42,15,0.983,0.987,0.001
42,150,0.995,0.996,-0.0
42,151,0.847,0.883,-0.009
42,152,0.999,0.999,-0.0
42,153,0.745,0.799,-0.015
42,154,0.811,0.854,-0.011
42,155,0.716,0.775,-0.017
42,156,0.913,0.935,0.005
42,157,0.805,0.849,-0.011
42,158,0.858,0.892,-0.008
42,159,0.939,0.954,-0.004
42,16,0.738,0.794,0.012
42,160,0.968,0.976,-0.002
42,161,0.897,0.922,-0.006
42,162,0.756,0.808,-0.015
42,163,0.823,0.864,-0.01
42,164,0.829,0.868,-0.01
42,165,0.752,0.805,-0.015
42,166,0.796,0.842,-0.012
42,167,0.909,0.931,-0.005
42,168,0.83,0.869,-0.01
42,169,0.987,0.99,-0.001
42,17,0.821,0.862,0.008
42,170,0.816,0.858,-0.011
42,171,0.752,0.805,-0.015
42,172,0.867,0.899,-0.008
42,173,0.707,0.767,-0.018
42,174,0.796,0.842,-0.012
42,175,0.875,0.905,-0.007
42,176,0.878,0.907,-0.007
42,177,0.998,0.998,-0.0
42,178,0.736,0.792,-0.016
42,179,0.778,0.827,-0.013
42,18,0.674,0.739,0.015
42,180,0.906,0.929,-0.006
42,181,0.818,0.86,-0.011
42,182,0.974,0.981,-0.002
42,183,0.837,0.875,-0.01
42,184,0.862,0.895,-0.008
42,185,0.851,0.886,-0.009
42,186,0.863,0.895,-0.008
42,187,0.875,0.905,0.007
42,188,0.958,0.969,-0.002
42,189,0.949,0.962,-0.003
42,19,0.505,0.585,0.023
42,190,0.963,0.972,-0.002
42,191,0.849,0.885,-0.009
42,192,0.861,0.894,-0.008
42,193,0.803,0.847,-0.012
42,194,0.804,0.848,-0.012
42,195,0.686,0.749,-0.019
42,196,0.975,0.982,0.001
42,197,0.858,0.891,0.008
42,198,0.935,0.951,0.004
42,199,0.955,0.967,0.003
42,20,0.624,0.695,0.017
42,200,0.981,0.986,0.001
42,201,0.814,0.857,0.011
42,202,0.608,0.681,0.024
42,203,0.769,0.82,0.014
42,204,0.91,0.932,-0.005
42,205,0.881,0.91,-0.007
42,206,0.8,0.845,0.012
42,207,0.865,0.897,0.008
42,208,0.926,0.944,0.004
42,209,0.806,0.85,-0.011
42,21,0.621,0.692,0.017
42,210,0.68,0.744,-0.019
42,211,0.723,0.781,-0.016
42,212,0.728,0.785,-0.016
42,213,0.815,0.857,-0.011
42,214,0.739,0.794,-0.015
42,215,0.892,0.918,-0.006
42,216,0.807,0.851,-0.011
42,217,0.551,0.629,-0.028
42,218,0.546,0.625,-0.028
42,219,0.53,0.609,-0.029
42,22,0.593,0.667,0.019
42,220,0.602,0.675,-0.024
42,221,0.78,0.829,-0.013
42,222,0.476,0.558,-0.034
42,223,0.428,0.512,-0.037
42,224,0.519,0.599,-0.031
42,225,0.468,0.551,-0.035
42,226,0.46,0.543,-0.035
42,227,0.486,0.568,-0.034
42,228,0.491,0.572,-0.033
42,229,0.508,0.589,-0.032
42,23,0.547,0.626,0.021
42,230,0.392,0.475,-0.042
42,231,0.487,0.569,-0.034
42,232,0.453,0.536,-0.037
42,233,0.378,0.461,-0.044
42,234,0.371,0.454,-0.045
42,235,0.481,0.563,-0.036
42,236,0.495,0.576,-0.035
42,237,0.464,0.546,-0.038
42,238,0.453,0.536,-0.039
42,239,0.454,0.536,-0.04
42,24,0.58,0.656,0.019
42,240,0.594,0.668,-0.029
42,241,0.666,0.732,-0.024
42,242,0.432,0.515,-0.043
42,243,0.416,0.499,-0.046
42,244,0.404,0.487,-0.047
42,245,0.595,0.669,-0.031
42,246,0.589,0.664,-0.032
42,247,0.439,0.522,-0.046
42,248,0.506,0.586,-0.04
42,249,0.545,0.624,-0.037
42,25,0.65,0.718,0.016
42,250,0.536,0.615,-0.039
42,251,0.49,0.571,-0.044
42,26,0.369,0.452,0.032
42,27,0.523,0.602,0.023
42,28,0.622,0.693,0.018
42,29,0.728,0.786,0.012
42,30,0.461,0.543,0.026
42,31,0.462,0.545,0.026
42,32,0.82,0.861,0.008
42,33,0.304,0.384,0.037
42,34,0.467,0.549,0.026
42,35,0.593,0.667,0.019
42,36,0.838,0.876,0.007
42,37,0.922,0.941,0.004
42,38,0.64,0.709,0.017
42,39,0.499,0.58,0.025
42,40,0.483,0.564,0.026
42,41,0.648,0.717,0.017
42,42,0.611,0.684,0.019
42,43,0.66,0.727,0.016
42,44,0.553,0.631,0.022
42,45,0.353,0.435,0.035
42,46,0.62,0.692,0.019
42,47,0.487,0.569,0.026
42,48,0.502,0.583,0.025
42,49,0.509,0.589,0.025
42,50,0.599,0.673,0.02
42,51,0.54,0.619,0.024
42,52,0.361,0.443,0.035
42,53,0.565,0.642,0.022
42,54,0.422,0.505,0.031
42,55,0.515,0.595,0.026
42,56,0.441,0.524,0.03
42,57,0.29,0.369,0.042
42,58,0.445,0.528,0.03
42,59,0.235,0.31,0.047
42,6,0.522,0.602,-0.024
42,60,0.377,0.46,0.036
42,61,0.289,0.368,0.043
42,62,0.333,0.415,0.039
42,63,0.284,0.363,0.044
42,64,0.33,0.412,0.04
42,65,0.489,0.57,0.029
42,66,0.231,0.305,0.049
42,67,0.287,0.366,0.044
42,68,0.273,0.35,0.046
42,69,0.331,0.413,0.041
42,7,0.743,0.798,-0.012
42,70,0.247,0.322,0.049
42,71,0.294,0.373,0.044
42,72,0.258,0.335,0.048
42,73,0.212,0.283,0.053
42,74,0.186,0.254,0.056
42,75,0.324,0.405,0.042
42,76,0.201,0.27,0.055
42,77,0.305,0.385,0.044
42,78,0.43,0.513,0.034
42,79,0.448,0.531,0.033
42,8,0.751,0.804,-0.012
42,80,0.362,0.444,0.04
42,81,0.497,0.578,0.03
42,82,0.319,0.4,0.044
42,83,0.297,0.376,0.046
42,84,0.481,0.563,0.031
42,85,0.497,0.578,0.03
42,86,0.448,0.531,0.033
42,87,0.304,0.384,0.045
42,88,0.274,0.352,0.048
42,89,0.373,0.456,0.039
42,9,0.926,0.945,0.003
42,90,0.447,0.53,0.034
42,91,0.441,0.524,0.034
42,92,0.48,0.562,0.031
42,93,0.458,0.54,0.033
42,94,0.379,0.462,0.039
42,95,0.318,0.399,0.044
42,96,0.369,0.452,0.04
42,97,0.385,0.468,0.039
42,98,0.317,0.398,0.044
42,99,0.476,0.558,0.032
43,10,0.706,0.767,-0.014
43,100,0.273,0.351,0.049
43,101,0.408,0.491,0.037
43,102,0.385,0.468,0.038
43,103,0.496,0.578,0.03
43,104,0.372,0.455,0.04
43,105,0.242,0.317,0.052
43,106,0.281,0.36,0.048
43,107,0.457,0.54,0.033
43,108,0.386,0.469,0.038
43,109,0.257,0.333,0.05
43,11,0.646,0.715,-0.016
43,110,0.346,0.429,0.042
43,111,0.385,0.468,0.038
43,112,0.527,0.607,0.028
43,113,0.526,0.606,0.028
43,114,0.469,0.551,0.032
43,115,0.361,0.443,0.04
43,116,0.263,0.34,0.05
43,117,0.444,0.527,0.034
43,118,0.366,0.449,0.04
43,119,0.401,0.485,0.037
43,12,0.621,0.692,-0.018
43,120,0.508,0.589,0.03
43,121,0.476,0.558,0.032
43,122,0.549,0.627,0.027
43,123,0.657,0.724,0.02
43,124,0.583,0.658,0.025
43,125,0.529,0.608,0.028
43,126,0.696,0.758,0.018
43,127,0.519,0.599,0.029
43,128,0.654,0.722,0.02
43,129,0.591,0.666,0.024
43,13,0.966,0.975,0.002
43,130,0.796,0.842,0.012
43,131,0.7,0.761,0.017
43,132,0.707,0.768,0.017
43,133,0.696,0.758,0.018
43,134,0.726,0.784,0.016
43,135,0.807,0.851,0.011
43,136,0.939,0.955,-0.003
43,137,0.963,0.973,0.002
43,138,0.92,0.94,0.005
43,139,0.943,0.957,0.003
43,14,0.979,0.985,0.001
43,140,0.949,0.962,0.003
43,141,0.964,0.973,-0.002
43,142,0.982,0.986,0.001
43,143,0.983,0.987,0.001
43,144,0.845,0.882,-0.009
43,145,0.965,0.974,0.002
43,146,0.965,0.974,0.002
43,147,0.957,0.968,-0.002
43,148,0.724,0.782,-0.016
43,149,0.803,0.847,-0.011
43,15,0.961,0.971,-0.002
43,150,0.798,0.844,-0.012
43,151,0.575,0.651,-0.025
43,152,0.539,0.618,-0.028
43,153,0.773,0.823,-0.013
43,154,0.682,0.746,-0.019
43,155,0.8,0.845,-0.012
43,156,0.752,0.805,-0.015
43,157,0.699,0.76,-0.018
43,158,0.757,0.809,-0.014
43,159,0.65,0.718,-0.021
43,16,0.878,0.907,-0.005
43,160,0.618,0.69,-0.023
43,161,0.876,0.906,-0.007
43,162,0.839,0.877,-0.009
43,163,0.786,0.834,-0.013
43,164,0.791,0.838,-0.012
43,165,0.714,0.774,-0.017
43,166,0.726,0.783,-0.016
43,167,0.936,0.952,-0.004
43,168,0.778,0.827,-0.013
43,169,0.656,0.724,-0.021
43,17,0.675,0.74,0.015
43,170,0.748,0.802,-0.015
43,171,0.599,0.673,-0.025
43,172,0.636,0.706,-0.022
43,173,0.653,0.721,-0.021
43,174,0.593,0.667,-0.025
43,175,0.819,0.861,-0.011
43,176,0.755,0.808,-0.015
43,177,0.743,0.798,-0.015
43,178,0.892,0.918,-0.006
43,179,0.887,0.914,-0.007
43,18,0.774,0.823,0.01
43,180,0.843,0.88,-0.009
43,181,0.731,0.788,-0.016
43,182,0.845,0.881,-0.009
43,183,0.707,0.768,-0.018
43,184,0.993,0.995,-0.0
43,185,0.93,0.948,-0.004
43,186,0.855,0.889,-0.009
43,187,0.815,0.858,0.011
43,188,0.868,0.9,0.008
43,189,0.817,0.859,0.011
43,19,0.809,0.853,0.008
43,190,0.763,0.815,0.014
43,191,0.9,0.925,0.006
43,192,0.842,0.879,0.009
43,193,1.0,1.0,-0.0
43,194,0.988,0.991,-0.001
43,195,0.882,0.91,-0.007
43,196,0.932,0.949,-0.004
43,197,0.761,0.813,0.014
43,198,0.93,0.948,0.004
43,199,0.936,0.952,0.004
43,20,0.699,0.761,0.014
43,200,0.946,0.96,-0.003
43,201,0.97,0.977,-0.002
43,202,0.769,0.819,-0.014
43,203,0.907,0.93,-0.005
43,204,0.951,0.963,-0.003
43,205,0.906,0.929,-0.005
43,206,0.922,0.942,-0.005
43,207,0.867,0.899,-0.008
43,208,0.758,0.81,-0.014
43,209,0.8,0.845,-0.012
43,21,0.947,0.96,0.002
43,210,0.86,0.893,-0.008
43,211,0.91,0.932,-0.005
43,212,0.797,0.842,-0.012
43,213,0.769,0.82,-0.014
43,214,0.853,0.888,-0.009
43,215,0.802,0.847,-0.012
43,216,0.637,0.707,-0.022
43,217,0.66,0.727,-0.02
43,218,0.73,0.787,-0.016
43,219,0.754,0.807,-0.015
43,22,0.963,0.973,0.002
43,220,0.481,0.563,-0.033
43,221,0.557,0.635,-0.028
43,222,0.666,0.732,-0.02
43,223,0.585,0.661,-0.026
43,224,0.572,0.649,-0.027
43,225,0.59,0.665,-0.026
43,226,0.443,0.526,-0.037
43,227,0.527,0.607,-0.03
43,228,0.394,0.478,-0.041
43,229,0.473,0.555,-0.035
43,23,0.762,0.814,0.011
43,230,0.357,0.44,-0.045
43,231,0.336,0.417,-0.048
43,232,0.256,0.332,-0.057
43,233,0.225,0.298,-0.061
43,234,0.16,0.222,-0.071
43,235,0.28,0.358,-0.055
43,236,0.291,0.37,-0.054
43,237,0.269,0.347,-0.057
43,238,0.312,0.393,-0.053
43,239,0.159,0.221,-0.075
43,24,0.616,0.688,0.018
43,240,0.237,0.311,-0.063
43,241,0.259,0.335,-0.061
43,242,0.378,0.461,-0.048
43,243,0.326,0.407,-0.055
43,244,0.366,0.449,-0.051
43,245,0.357,0.439,-0.053
43,246,0.354,0.436,-0.054
43,247,0.412,0.495,-0.048
43,248,0.396,0.479,-0.051
43,249,0.527,0.607,-0.038
43,25,0.694,0.757,0.014
43,250,0.521,0.601,-0.04
43,251,0.529,0.609,-0.04
43,26,0.446,0.528,0.027
43,27,0.447,0.529,0.027
43,28,0.442,0.525,0.028
43,29,0.718,0.777,0.013
43,30,0.815,0.858,0.008
43,31,0.425,0.508,0.029
43,32,0.567,0.643,0.021
43,33,0.309,0.389,0.037
43,34,0.427,0.51,0.029
43,35,0.479,0.561,0.026
43,36,0.694,0.757,0.014
43,37,0.826,0.866,0.008
43,38,0.416,0.499,0.03
43,39,0.39,0.473,0.032
43,40,0.654,0.722,0.017
43,41,0.561,0.638,0.022
43,42,0.579,0.655,0.021
43,43,0.434,0.517,0.029
43,44,0.475,0.557,0.027
43,45,0.603,0.676,0.02
43,46,0.393,0.476,0.032
43,47,0.413,0.496,0.031
43,48,0.448,0.53,0.029
43,49,0.15,0.21,0.055
43,50,0.268,0.345,0.043
43,51,0.357,0.439,0.036
43,52,0.502,0.583,0.026
43,53,0.511,0.592,0.026
43,54,0.477,0.559,0.028
43,55,0.316,0.397,0.04
43,56,0.376,0.459,0.035
43,57,0.557,0.635,0.024
43,58,0.479,0.561,0.028
43,59,0.472,0.555,0.029
43,6,0.649,0.718,-0.017
43,60,0.454,0.537,0.03
43,61,0.48,0.562,0.029
43,62,0.449,0.532,0.031
43,63,0.513,0.594,0.027
43,64,0.399,0.483,0.035
43,65,0.281,0.36,0.045
43,66,0.275,0.353,0.045
43,67,0.363,0.446,0.038
43,68,0.345,0.427,0.04
43,69,0.31,0.391,0.043
43,7,0.44,0.523,-0.029
43,70,0.231,0.305,0.051
43,71,0.392,0.476,0.036
43,72,0.4,0.483,0.036
43,73,0.271,0.348,0.047
43,74,0.265,0.342,0.048
43,75,0.265,0.342,0.048
43,76,0.251,0.326,0.05
43,77,0.259,0.335,0.049
43,78,0.252,0.327,0.05
43,79,0.256,0.332,0.049
43,8,0.745,0.8,-0.012
43,80,0.267,0.344,0.048
43,81,0.404,0.488,0.036
43,82,0.374,0.457,0.039
43,83,0.362,0.445,0.04
43,84,0.345,0.427,0.041
43,85,0.346,0.428,0.041
43,86,0.308,0.389,0.045
43,87,0.345,0.427,0.042
43,88,0.345,0.427,0.042
43,89,0.377,0.46,0.039
43,9,0.964,0.974,-0.002
43,90,0.439,0.522,0.034
43,91,0.575,0.651,0.025
43,92,0.408,0.491,0.037
43,93,0.274,0.352,0.048
43,94,0.277,0.355,0.048
43,95,0.375,0.458,0.039
43,96,0.45,0.533,0.033
43,97,0.583,0.659,0.024
43,98,0.397,0.48,0.037
43,99,0.403,0.487,0.037
44,10,0.605,0.679,-0.018
44,100,0.499,0.58,0.03
44,101,0.378,0.461,0.039
44,102,0.365,0.448,0.04
44,103,0.374,0.456,0.039
44,104,0.354,0.436,0.041
44,105,0.51,0.591,0.029
44,106,0.483,0.565,0.031
44,107,0.449,0.532,0.033
44,108,0.561,0.638,0.026
44,109,0.526,0.606,0.028
44,11,0.989,0.992,0.0
44,110,0.474,0.557,0.031
44,111,0.341,0.423,0.042
44,112,0.446,0.529,0.034
44,113,0.451,0.534,0.033
44,114,0.509,0.59,0.029
44,115,0.609,0.682,0.023
44,116,0.521,0.601,0.028
44,117,0.473,0.555,0.032
44,118,0.529,0.608,0.028
44,119,0.466,0.548,0.032
44,12,0.735,0.792,0.012
44,120,0.532,0.611,0.028
44,121,0.517,0.597,0.029
44,122,0.453,0.536,0.034
44,123,0.483,0.565,0.031
44,124,0.801,0.846,0.011
44,125,0.647,0.715,0.021
44,126,0.693,0.756,0.018
44,127,0.586,0.661,0.025
44,128,0.533,0.612,0.028
44,129,0.463,0.545,0.033
44,13,0.778,0.827,0.01
44,130,0.603,0.676,0.024
44,131,0.489,0.57,0.031
44,132,0.516,0.597,0.029
44,133,0.595,0.669,0.024
44,134,0.69,0.753,0.018
44,135,0.901,0.925,0.006
44,136,0.775,0.824,0.013
44,137,0.85,0.885,0.009
44,138,0.836,0.874,0.009
44,139,0.873,0.904,-0.007
44,14,0.709,0.769,-0.013
44,140,0.934,0.951,0.004
44,141,0.983,0.987,-0.001
44,142,0.93,0.947,-0.004
44,143,0.988,0.991,-0.001
44,144,0.925,0.944,-0.004
44,145,0.978,0.983,-0.001
44,146,0.797,0.843,-0.012
44,147,0.703,0.764,-0.017
44,148,0.603,0.676,-0.023
44,149,0.797,0.843,-0.012
44,15,0.976,0.982,0.001
44,150,0.857,0.891,-0.008
44,151,0.896,0.921,-0.006
44,152,0.753,0.806,-0.014
44,153,0.821,0.862,-0.01
44,154,0.932,0.949,-0.004
44,155,0.948,0.961,-0.003
44,156,0.938,0.954,0.004
44,157,0.895,0.92,-0.006
44,158,0.748,0.802,-0.015
44,159,0.729,0.786,-0.016
44,16,0.974,0.981,0.001
44,160,0.766,0.817,-0.014
44,161,0.496,0.577,-0.031
44,162,0.544,0.622,-0.028
44,163,0.737,0.793,-0.016
44,164,0.777,0.826,-0.013
44,165,0.697,0.759,-0.018
44,166,0.757,0.809,-0.014
44,167,0.693,0.755,-0.018
44,168,0.723,0.781,-0.016
44,169,0.667,0.733,-0.02
44,17,0.945,0.959,-0.002
44,170,0.87,0.901,-0.008
44,171,0.816,0.858,-0.011
44,172,0.659,0.726,-0.021
44,173,0.699,0.761,-0.018
44,174,0.649,0.718,-0.021
44,175,0.819,0.861,-0.011
44,176,0.669,0.735,-0.02
44,177,0.63,0.7,-0.023
44,178,0.784,0.832,-0.013
44,179,0.677,0.741,-0.02
44,18,0.75,0.804,0.011
44,180,0.591,0.665,-0.025
44,181,0.648,0.717,-0.022
44,182,0.616,0.688,-0.024
44,183,0.652,0.72,-0.021
44,184,0.846,0.882,-0.009
44,185,0.769,0.82,-0.014
44,186,0.727,0.785,-0.016
44,187,0.827,0.867,-0.01
44,188,0.788,0.835,-0.013
44,189,0.709,0.77,-0.018
44,19,0.921,0.941,0.003
44,190,0.822,0.863,-0.011
44,191,0.79,0.837,-0.013
44,192,0.998,0.998,-0.0
44,193,0.995,0.996,-0.0
44,194,0.827,0.867,0.01
44,195,0.977,0.983,0.001
44,196,0.988,0.992,0.001
44,197,0.93,0.948,0.004
44,198,0.824,0.864,0.01
44,199,0.917,0.937,-0.005
44,20,0.9,0.925,0.004
44,200,0.937,0.953,-0.004
44,201,0.847,0.883,-0.009
44,202,0.921,0.941,0.005
44,203,0.883,0.911,0.007
44,204,0.881,0.91,-0.007
44,205,0.968,0.976,-0.002
44,206,0.922,0.942,-0.005
44,207,0.976,0.982,-0.001
44,208,0.94,0.955,-0.003
44,209,0.942,0.957,-0.003
44,21,0.737,0.793,0.012
44,210,0.846,0.882,-0.009
44,211,0.907,0.93,-0.005
44,212,0.796,0.842,-0.012
44,213,0.785,0.833,-0.013
44,214,0.978,0.984,-0.001
44,215,0.761,0.813,-0.014
44,216,0.836,0.874,-0.01
44,217,0.958,0.969,-0.002
44,218,0.766,0.817,-0.014
44,219,0.766,0.817,-0.014
44,22,0.75,0.803,0.011
44,220,0.581,0.656,-0.026
44,221,0.555,0.633,-0.028
44,222,0.613,0.686,-0.024
44,223,0.52,0.6,-0.03
44,224,0.546,0.624,-0.029
44,225,0.344,0.426,-0.045
44,226,0.515,0.595,-0.031
44,227,0.5,0.581,-0.032
44,228,0.522,0.602,-0.031
44,229,0.509,0.589,-0.032
44,23,0.727,0.785,0.012
44,230,0.358,0.441,-0.045
44,231,0.35,0.432,-0.046
44,232,0.406,0.489,-0.041
44,233,0.341,0.423,-0.047
44,234,0.385,0.468,-0.044
44,235,0.342,0.423,-0.048
44,236,0.19,0.257,-0.067
44,237,0.29,0.369,-0.054
44,238,0.208,0.279,-0.065
44,239,0.262,0.339,-0.059
44,24,0.633,0.703,0.017
44,240,0.268,0.345,-0.059
44,241,0.216,0.287,-0.067
44,242,0.281,0.359,-0.059
44,243,0.365,0.447,-0.05
44,244,0.363,0.446,-0.051
44,245,0.26,0.337,-0.064
44,246,0.36,0.442,-0.053
44,247,0.404,0.488,-0.049
44,248,0.278,0.357,-0.065
44,249,0.422,0.505,-0.049
44,25,0.546,0.624,0.022
44,250,0.427,0.51,-0.049
44,251,0.404,0.487,-0.053
44,26,0.685,0.749,0.015
44,27,0.729,0.786,0.012
44,28,0.433,0.516,0.028
44,29,0.4,0.484,0.03
44,30,0.378,0.461,0.032
44,31,0.481,0.563,0.026
44,32,0.512,0.592,0.024
44,33,0.38,0.463,0.032
44,34,0.444,0.527,0.028
44,35,0.397,0.48,0.031
44,36,0.374,0.457,0.033
44,37,0.645,0.714,0.017
44,38,0.399,0.483,0.031
44,39,0.639,0.708,0.018
44,40,0.497,0.578,0.025
44,41,0.42,0.503,0.03
44,42,0.505,0.586,0.025
44,43,0.395,0.478,0.032
44,44,0.587,0.662,0.021
44,45,0.652,0.72,0.017
44,46,0.401,0.484,0.032
44,47,0.404,0.487,0.032
44,48,0.381,0.464,0.034
44,49,0.335,0.417,0.038
44,50,0.43,0.513,0.031
44,51,0.256,0.332,0.045
44,52,0.359,0.441,0.036
44,53,0.401,0.484,0.033
44,54,0.439,0.522,0.031
44,55,0.315,0.395,0.04
44,56,0.325,0.406,0.04
44,57,0.218,0.29,0.05
44,58,0.366,0.448,0.037
44,59,0.252,0.328,0.047
44,6,0.563,0.64,-0.021
44,60,0.411,0.494,0.034
44,61,0.233,0.307,0.049
44,62,0.276,0.353,0.045
44,63,0.209,0.28,0.052
44,64,0.251,0.327,0.048
44,65,0.171,0.235,0.057
44,66,0.094,0.141,0.07
44,67,0.144,0.204,0.061
44,68,0.162,0.225,0.059
44,69,0.13,0.187,0.064
44,7,0.617,0.689,-0.018
44,70,0.213,0.285,0.053
44,71,0.178,0.244,0.057
44,72,0.225,0.297,0.052
44,73,0.118,0.172,0.067
44,74,0.139,0.197,0.064
44,75,0.079,0.122,0.076
44,76,0.101,0.15,0.071
44,77,0.143,0.202,0.064
44,78,0.15,0.211,0.063
44,79,0.129,0.185,0.066
44,8,0.998,0.999,-0.0
44,80,0.106,0.157,0.071
44,81,0.247,0.322,0.051
44,82,0.287,0.366,0.047
44,83,0.153,0.215,0.063
44,84,0.153,0.214,0.063
44,85,0.184,0.251,0.058
44,86,0.34,0.422,0.042
44,87,0.331,0.412,0.043
44,88,0.381,0.464,0.039
44,89,0.382,0.466,0.039
44,9,0.771,0.821,-0.011
44,90,0.41,0.493,0.036
44,91,0.254,0.329,0.05
44,92,0.366,0.448,0.04
44,93,0.301,0.381,0.046
44,94,0.264,0.341,0.049
44,95,0.247,0.322,0.051
44,96,0.333,0.415,0.043
44,97,0.346,0.429,0.041
44,98,0.325,0.407,0.043
44,99,0.505,0.586,0.029
45,10,0.884,0.912,-0.005
45,100,0.344,0.426,0.041
45,101,0.389,0.473,0.037
45,102,0.456,0.539,0.032
45,103,0.586,0.661,0.024
45,104,0.534,0.614,0.027
45,105,0.53,0.61,0.027
45,106,0.496,0.577,0.03
45,107,0.467,0.549,0.032
45,108,0.625,0.696,0.021
45,109,0.526,0.605,0.028
45,11,0.791,0.838,0.009
45,110,0.397,0.48,0.037
45,111,0.36,0.442,0.04
45,112,0.378,0.461,0.039
45,113,0.452,0.534,0.033
45,114,0.603,0.676,0.023
45,115,0.459,0.542,0.033
45,116,0.291,0.371,0.047
45,117,0.61,0.683,0.023
45,118,0.609,0.682,0.023
45,119,0.472,0.554,0.032
45,12,0.915,0.936,0.004
45,120,0.514,0.594,0.029
45,121,0.453,0.535,0.034
45,122,0.456,0.539,0.033
45,123,0.464,0.546,0.033
45,124,0.459,0.542,0.033
45,125,0.428,0.512,0.036
45,126,0.552,0.63,0.027
45,127,0.55,0.628,0.027
45,128,0.577,0.652,0.025
45,129,0.69,0.753,0.018
45,13,0.632,0.702,0.017
45,130,0.824,0.865,0.01
45,131,0.588,0.663,0.025
45,132,0.642,0.711,0.021
45,133,0.802,0.846,0.011
45,134,0.71,0.77,0.017
45,135,0.74,0.796,0.015
45,136,0.69,0.753,0.018
45,137,0.918,0.939,0.005
45,138,0.979,0.984,-0.001
45,139,0.981,0.986,0.001
45,14,0.954,0.966,0.002
45,140,0.869,0.9,-0.007
45,141,0.869,0.9,-0.007
45,142,0.952,0.964,-0.003
45,143,0.951,0.964,0.003
45,144,0.976,0.982,0.001
45,145,0.761,0.813,-0.014
45,146,0.789,0.836,-0.012
45,147,0.989,0.992,-0.001
45,148,0.837,0.875,-0.009
45,149,0.825,0.865,-0.01
45,15,0.649,0.717,0.016
45,150,0.857,0.891,-0.008
45,151,0.685,0.749,-0.018
45,152,0.735,0.791,-0.015
45,153,0.755,0.808,-0.014
45,154,0.811,0.854,-0.011
45,155,0.82,0.861,-0.01
45,156,0.821,0.862,-0.01
45,157,0.907,0.93,-0.005
45,158,0.846,0.882,-0.009
45,159,0.852,0.887,-0.008
45,16,0.791,0.838,0.009
45,160,0.93,0.948,-0.004
45,161,0.871,0.902,-0.007
45,162,0.787,0.834,-0.012
45,163,0.681,0.745,-0.019
45,164,0.813,0.855,-0.011
45,165,0.681,0.746,-0.019
45,166,0.7,0.762,-0.018
45,167,0.993,0.995,-0.0
45,168,0.948,0.961,0.003
45,169,0.716,0.775,-0.017
45,17,0.755,0.808,0.011
45,170,0.693,0.755,-0.018
45,171,0.772,0.822,-0.013
45,172,0.719,0.777,-0.017
45,173,0.901,0.925,-0.006
45,174,0.696,0.758,-0.018
45,175,0.719,0.777,-0.017
45,176,0.719,0.778,-0.017
45,177,0.779,0.828,-0.013
45,178,0.889,0.916,-0.007
45,179,0.834,0.873,-0.01
45,18,0.707,0.768,0.013
45,180,0.796,0.842,-0.012
45,181,0.723,0.781,-0.017
45,182,0.762,0.814,-0.014
45,183,0.75,0.804,-0.015
45,184,0.99,0.993,0.001
45,185,0.78,0.829,-0.013
45,186,0.707,0.768,-0.018
45,187,0.612,0.685,-0.024
45,188,0.773,0.823,-0.014
45,189,0.783,0.831,-0.013
45,19,0.589,0.663,0.019
45,190,0.981,0.986,-0.001
45,191,0.945,0.959,-0.003
45,192,0.976,0.982,0.001
45,193,0.969,0.977,-0.002
45,194,0.767,0.818,-0.014
45,195,0.759,0.812,-0.014
45,196,0.742,0.797,-0.015
45,197,0.771,0.822,-0.014
45,198,0.847,0.883,-0.009
45,199,0.784,0.832,-0.013
45,20,0.54,0.619,0.022
45,200,0.748,0.802,-0.015
45,201,0.958,0.969,-0.002
45,202,0.925,0.943,-0.004
45,203,0.977,0.983,-0.001
45,204,0.845,0.881,-0.009
45,205,0.931,0.948,-0.004
45,206,0.919,0.94,-0.005
45,207,0.775,0.825,-0.013
45,208,0.963,0.972,-0.002
45,209,0.994,0.996,0.0
45,21,0.672,0.737,0.015
45,210,0.988,0.991,0.001
45,211,0.896,0.921,0.006
45,212,0.949,0.962,-0.003
45,213,0.851,0.886,0.009
45,214,0.848,0.884,-0.009
45,215,0.924,0.943,-0.004
45,216,0.94,0.955,-0.004
45,217,0.987,0.991,-0.001
45,218,0.9,0.925,0.006
45,219,0.826,0.866,-0.01
45,22,0.87,0.901,0.006
45,220,0.679,0.744,-0.019
45,221,0.793,0.839,-0.012
45,222,0.546,0.625,-0.028
45,223,0.602,0.675,-0.025
45,224,0.666,0.732,-0.02
45,225,0.773,0.823,-0.014
45,226,0.736,0.792,-0.016
45,227,0.641,0.71,-0.022
45,228,0.716,0.775,-0.018
45,229,0.884,0.912,-0.007
45,23,0.489,0.571,0.025
45,230,0.58,0.656,-0.027
45,231,0.637,0.707,-0.023
45,232,0.618,0.69,-0.025
45,233,0.452,0.534,-0.037
45,234,0.442,0.525,-0.039
45,235,0.414,0.497,-0.041
45,236,0.377,0.46,-0.045
45,237,0.458,0.541,-0.038
45,238,0.412,0.495,-0.043
45,239,0.556,0.633,-0.031
45,24,0.447,0.53,0.027
45,240,0.447,0.53,-0.04
45,241,0.479,0.561,-0.038
45,242,0.524,0.603,-0.034
45,243,0.563,0.64,-0.032
45,244,0.641,0.71,-0.026
45,245,0.636,0.706,-0.026
45,246,0.68,0.744,-0.023
45,247,0.762,0.814,-0.017
45,248,0.565,0.642,-0.034
45,249,0.618,0.69,-0.03
45,25,0.455,0.538,0.027
45,250,0.727,0.785,-0.021
45,251,0.692,0.755,-0.024
45,26,0.481,0.563,0.025
45,27,0.399,0.482,0.03
45,28,0.665,0.731,0.016
45,29,0.579,0.655,0.02
45,30,0.421,0.504,0.029
45,31,0.468,0.55,0.027
45,32,0.332,0.414,0.035
45,33,0.321,0.402,0.036
45,34,0.597,0.671,0.019
45,35,0.516,0.596,0.024
45,36,0.229,0.302,0.045
45,37,0.25,0.325,0.043
45,38,0.209,0.28,0.047
45,39,0.194,0.262,0.049
45,40,0.214,0.286,0.047
45,41,0.269,0.346,0.042
45,42,0.116,0.169,0.06
45,43,0.167,0.231,0.053
45,44,0.212,0.283,0.048
45,45,0.214,0.285,0.048
45,46,0.358,0.441,0.036
45,47,0.171,0.236,0.053
45,48,0.184,0.251,0.052
45,49,0.283,0.362,0.042
45,50,0.269,0.346,0.043
45,51,0.261,0.338,0.044
45,52,0.392,0.475,0.034
45,53,0.161,0.224,0.056
45,54,0.107,0.158,0.065
45,55,0.107,0.158,0.065
45,56,0.125,0.181,0.062
45,57,0.118,0.172,0.063
45,58,0.107,0.158,0.066
45,59,0.184,0.251,0.054
45,6,0.884,0.912,0.005
45,60,0.292,0.371,0.043
45,61,0.127,0.183,0.063
45,62,0.168,0.232,0.057
45,63,0.136,0.194,0.062
45,64,0.104,0.153,0.068
45,65,0.107,0.158,0.067
45,66,0.112,0.164,0.067
45,67,0.094,0.141,0.071
45,68,0.146,0.206,0.061
45,69,0.126,0.182,0.065
45,7,0.744,0.799,-0.012
45,70,0.134,0.192,0.063
45,71,0.132,0.189,0.064
45,72,0.178,0.244,0.058
45,73,0.148,0.208,0.062
45,74,0.183,0.25,0.057
45,75,0.159,0.221,0.061
45,76,0.143,0.202,0.063
45,77,0.238,0.312,0.051
45,78,0.285,0.364,0.046
45,79,0.163,0.227,0.061
45,8,0.875,0.905,0.006
45,80,0.224,0.297,0.053
45,81,0.192,0.26,0.057
45,82,0.253,0.329,0.05
45,83,0.219,0.291,0.054
45,84,0.207,0.277,0.055
45,85,0.225,0.298,0.053
45,86,0.345,0.427,0.041
45,87,0.262,0.339,0.049
45,88,0.295,0.374,0.046
45,89,0.37,0.453,0.039
45,9,0.779,0.828,0.01
45,90,0.385,0.468,0.038
45,91,0.34,0.421,0.042
45,92,0.368,0.45,0.039
45,93,0.394,0.477,0.037
45,94,0.411,0.495,0.036
45,95,0.343,0.425,0.041
45,96,0.401,0.484,0.037
45,97,0.387,0.47,0.038
45,98,0.342,0.424,0.041
45,99,0.358,0.441,0.04
46,10,0.667,0.734,0.016
46,100,0.508,0.589,0.029
46,101,0.428,0.511,0.034
46,102,0.372,0.455,0.038
46,103,0.53,0.609,0.027
46,104,0.438,0.521,0.034
46,105,0.535,0.614,0.027
46,106,0.3,0.38,0.045
46,107,0.317,0.398,0.043
46,108,0.442,0.525,0.033
46,109,0.455,0.538,0.032
46,11,0.692,0.754,0.014
46,110,0.491,0.572,0.03
46,111,0.49,0.572,0.03
46,112,0.397,0.48,0.037
46,113,0.472,0.554,0.032
46,114,0.56,0.637,0.026
46,115,0.527,0.607,0.028
46,116,0.519,0.599,0.029
46,117,0.526,0.605,0.028
46,118,0.523,0.603,0.029
46,119,0.51,0.591,0.03
46,12,0.926,0.944,0.003
46,120,0.574,0.65,0.025
46,121,0.395,0.478,0.038
46,122,0.391,0.474,0.039
46,123,0.4,0.483,0.038
46,124,0.604,0.678,0.024
46,125,0.562,0.639,0.026
46,126,0.493,0.574,0.031
46,127,0.424,0.507,0.037
46,128,0.533,0.613,0.028
46,129,0.703,0.764,0.017
46,13,0.776,0.825,0.01
46,130,0.701,0.763,0.018
46,131,0.605,0.678,0.024
46,132,0.592,0.666,0.024
46,133,0.673,0.738,0.019
46,134,0.762,0.814,0.014
46,135,0.749,0.803,0.015
46,136,0.618,0.69,0.023
46,137,0.606,0.679,0.023
46,138,0.845,0.881,0.009
46,139,0.893,0.919,0.006
46,14,0.962,0.972,0.002
46,140,0.96,0.97,0.002
46,141,0.973,0.98,-0.002
46,142,0.927,0.945,0.004
46,143,0.957,0.968,0.002
46,144,0.942,0.957,-0.003
46,145,0.89,0.917,-0.006
46,146,0.74,0.795,-0.015
46,147,0.602,0.676,-0.023
46,148,0.794,0.84,-0.012
46,149,0.864,0.896,-0.008
46,15,0.968,0.976,0.001
46,150,0.653,0.721,-0.02
46,151,0.677,0.742,-0.019
46,152,0.89,0.917,-0.006
46,153,0.896,0.922,0.006
46,154,0.997,0.998,-0.0
46,155,0.833,0.872,-0.009
46,156,0.919,0.939,-0.005
46,157,0.876,0.906,-0.007
46,158,0.672,0.738,-0.019
46,159,0.788,0.835,-0.012
46,16,0.885,0.913,0.005
46,160,0.764,0.816,-0.014
46,161,0.713,0.772,-0.017
46,162,0.743,0.798,-0.015
46,163,0.716,0.775,-0.017
46,164,0.695,0.757,-0.018
46,165,0.639,0.709,-0.021
46,166,0.685,0.749,-0.019
46,167,0.89,0.917,-0.006
46,168,0.792,0.839,-0.012
46,169,0.679,0.744,-0.019
46,17,0.966,0.975,0.001
46,170,0.605,0.679,-0.024
46,171,0.736,0.792,-0.016
46,172,0.842,0.879,-0.009
46,173,0.741,0.796,-0.015
46,174,0.682,0.746,-0.019
46,175,0.769,0.82,-0.014
46,176,0.568,0.645,-0.027
46,177,0.742,0.797,-0.015
46,178,0.623,0.694,-0.023
46,179,0.775,0.824,-0.013
46,18,0.987,0.99,0.001
46,180,0.926,0.944,-0.004
46,181,0.675,0.74,-0.02
46,182,0.655,0.722,-0.021
46,183,0.725,0.783,-0.017
46,184,0.676,0.741,-0.02
46,185,0.823,0.863,-0.011
46,186,0.834,0.873,-0.01
46,187,0.915,0.936,-0.005
46,188,0.828,0.867,-0.01
46,189,0.973,0.98,-0.002
46,19,0.796,0.841,0.009
46,190,0.796,0.842,-0.012
46,191,0.912,0.934,0.005
46,192,0.964,0.973,0.002
46,193,0.964,0.973,-0.002
46,194,0.96,0.971,0.002
46,195,0.707,0.767,0.018
46,196,0.768,0.819,0.014
46,197,0.909,0.931,0.005
46,198,0.966,0.975,-0.002
46,199,0.938,0.953,-0.004
46,20,0.824,0.865,0.008
46,200,0.918,0.938,0.005
46,201,0.993,0.995,0.0
46,202,0.988,0.991,0.001
46,203,0.927,0.945,-0.004
46,204,0.814,0.857,-0.011
46,205,0.865,0.898,-0.008
46,206,0.945,0.959,-0.003
46,207,0.948,0.961,-0.003
46,208,0.813,0.856,-0.011
46,209,0.908,0.931,-0.005
46,21,0.981,0.986,-0.001
46,210,0.732,0.789,-0.016
46,211,0.716,0.775,-0.017
46,212,0.515,0.596,-0.03
46,213,0.487,0.569,-0.032
46,214,0.459,0.542,-0.034
46,215,0.63,0.701,-0.022
46,216,0.385,0.468,-0.041
46,217,0.427,0.511,-0.037
46,218,0.362,0.445,-0.043
46,219,0.337,0.419,-0.045
46,22,0.805,0.849,0.009
46,220,0.172,0.237,-0.064
46,221,0.335,0.417,-0.045
46,222,0.28,0.358,-0.051
46,223,0.463,0.545,-0.035
46,224,0.493,0.574,-0.032
46,225,0.422,0.505,-0.038
46,226,0.286,0.365,-0.051
46,227,0.397,0.481,-0.041
46,228,0.342,0.424,-0.046
46,229,0.332,0.414,-0.047
46,23,0.983,0.987,-0.001
46,230,0.319,0.4,-0.049
46,231,0.428,0.511,-0.039
46,232,0.695,0.757,-0.019
46,233,0.591,0.666,-0.027
46,234,0.491,0.572,-0.034
46,235,0.333,0.415,-0.048
46,236,0.395,0.479,-0.043
46,237,0.553,0.63,-0.03
46,238,0.398,0.481,-0.043
46,239,0.347,0.429,-0.049
46,24,0.93,0.947,0.003
46,240,0.408,0.492,-0.043
46,241,0.359,0.441,-0.048
46,242,0.448,0.531,-0.041
46,243,0.413,0.496,-0.044
46,244,0.519,0.599,-0.035
46,245,0.55,0.628,-0.033
46,246,0.568,0.644,-0.032
46,247,0.632,0.702,-0.027
46,248,0.577,0.653,-0.033
46,249,0.672,0.737,-0.025
46,25,0.798,0.843,0.009
46,250,0.683,0.747,-0.025
46,251,0.64,0.709,-0.029
46,26,0.657,0.725,0.016
46,27,0.644,0.713,0.017
46,28,0.599,0.673,0.019
46,29,0.718,0.777,0.013
46,30,0.601,0.675,0.019
46,31,0.656,0.724,0.016
46,32,0.46,0.542,0.027
46,33,0.406,0.489,0.031
46,34,0.486,0.567,0.026
46,35,0.509,0.59,0.025
46,36,0.355,0.437,0.035
46,37,0.227,0.3,0.045
46,38,0.342,0.424,0.036
46,39,0.265,0.342,0.042
46,40,0.409,0.493,0.031
46,41,0.266,0.343,0.042
46,42,0.256,0.332,0.043
46,43,0.455,0.538,0.029
46,44,0.37,0.453,0.035
46,45,0.375,0.458,0.034
46,46,0.582,0.657,0.021
46,47,0.372,0.455,0.035
46,48,0.384,0.467,0.034
46,49,0.511,0.592,0.026
46,50,0.379,0.462,0.035
46,51,0.201,0.27,0.051
46,52,0.394,0.478,0.034
46,53,0.356,0.438,0.037
46,54,0.328,0.409,0.04
46,55,0.228,0.301,0.049
46,56,0.223,0.296,0.05
46,57,0.353,0.435,0.038
46,58,0.374,0.457,0.037
46,59,0.236,0.31,0.049
46,6,0.684,0.747,0.015
46,60,0.255,0.331,0.047
46,61,0.193,0.261,0.054
46,62,0.24,0.314,0.049
46,63,0.186,0.254,0.055
46,64,0.192,0.26,0.055
46,65,0.175,0.24,0.057
46,66,0.194,0.263,0.055
46,67,0.195,0.263,0.055
46,68,0.149,0.21,0.061
46,69,0.125,0.181,0.065
46,7,0.99,0.993,0.0
46,70,0.08,0.123,0.075
46,71,0.173,0.238,0.058
46,72,0.14,0.199,0.063
46,73,0.207,0.277,0.054
46,74,0.16,0.223,0.06
46,75,0.099,0.147,0.071
46,76,0.091,0.137,0.073
46,77,0.119,0.173,0.068
46,78,0.203,0.272,0.055
46,79,0.319,0.4,0.043
46,8,0.878,0.907,0.006
46,80,0.215,0.286,0.054
46,81,0.19,0.257,0.057
46,82,0.18,0.246,0.059
46,83,0.225,0.298,0.053
46,84,0.227,0.3,0.053
46,85,0.269,0.346,0.048
46,86,0.243,0.317,0.051
46,87,0.149,0.21,0.063
46,88,0.204,0.274,0.055
46,89,0.276,0.354,0.048
46,9,0.8,0.845,0.009
46,90,0.274,0.352,0.048
46,91,0.279,0.357,0.047
46,92,0.227,0.3,0.053
46,93,0.228,0.301,0.052
46,94,0.35,0.432,0.041
46,95,0.361,0.444,0.04
46,96,0.443,0.526,0.033
46,97,0.48,0.562,0.031
46,98,0.566,0.643,0.025
46,99,0.544,0.623,0.026
47,10,0.671,0.737,-0.015
47,100,0.626,0.697,0.021
47,101,0.568,0.645,0.025
47,102,0.496,0.577,0.029
47,103,0.61,0.683,0.022
47,104,0.531,0.61,0.027
47,105,0.552,0.63,0.026
47,106,0.569,0.646,0.025
47,107,0.454,0.537,0.032
47,108,0.457,0.54,0.032
47,109,0.653,0.721,0.02
47,11,0.699,0.761,-0.014
47,110,0.654,0.721,0.02
47,111,0.573,0.649,0.025
47,112,0.632,0.702,0.021
47,113,0.649,0.718,0.02
47,114,0.427,0.51,0.035
47,115,0.419,0.502,0.036
47,116,0.389,0.472,0.038
47,117,0.371,0.454,0.04
47,118,0.388,0.471,0.039
47,119,0.426,0.51,0.036
47,12,0.629,0.7,-0.017
47,120,0.351,0.433,0.042
47,121,0.456,0.539,0.034
47,122,0.454,0.537,0.034
47,123,0.522,0.602,0.029
47,124,0.437,0.52,0.036
47,125,0.43,0.513,0.037
47,126,0.546,0.624,0.028
47,127,0.594,0.668,0.025
47,128,0.614,0.686,0.023
47,129,0.709,0.769,0.017
47,13,0.655,0.722,-0.016
47,130,0.591,0.665,0.025
47,131,0.614,0.686,0.023
47,132,0.69,0.753,0.019
47,133,0.872,0.903,0.007
47,134,0.786,0.834,0.013
47,135,0.792,0.839,0.012
47,136,0.856,0.89,0.008
47,137,0.577,0.653,0.026
47,138,0.663,0.73,0.02
47,139,0.859,0.893,0.008
47,14,0.662,0.729,-0.016
47,140,0.994,0.996,0.0
47,141,0.911,0.933,0.005
47,142,0.948,0.961,0.003
47,143,0.834,0.873,-0.009
47,144,0.861,0.894,-0.008
47,145,0.91,0.933,-0.005
47,146,0.868,0.899,-0.007
47,147,0.749,0.803,-0.014
47,148,0.87,0.901,-0.007
47,149,0.689,0.752,-0.018
47,15,0.897,0.922,-0.005
47,150,0.594,0.669,-0.024
47,151,0.7,0.761,-0.017
47,152,0.875,0.905,-0.007
47,153,0.951,0.963,0.003
47,154,0.95,0.963,-0.003
47,155,0.976,0.983,-0.001
47,156,0.839,0.876,-0.009
47,157,0.766,0.817,-0.013
47,158,0.729,0.786,-0.015
47,159,0.847,0.883,-0.009
47,16,0.836,0.874,-0.007
47,160,0.772,0.822,-0.013
47,161,0.868,0.9,-0.007
47,162,0.684,0.748,-0.018
47,163,0.846,0.882,-0.009
47,164,0.802,0.846,-0.011
47,165,0.843,0.88,-0.009
47,166,0.708,0.768,-0.017
47,167,0.616,0.688,-0.023
47,168,0.857,0.891,-0.008
47,169,0.873,0.903,-0.007
47,17,0.794,0.84,-0.009
47,170,0.806,0.85,-0.011
47,171,0.761,0.813,-0.014
47,172,0.704,0.765,-0.017
47,173,0.776,0.826,-0.013
47,174,0.691,0.754,-0.018
47,175,0.607,0.68,-0.024
47,176,0.498,0.579,-0.031
47,177,0.522,0.602,-0.03
47,178,0.772,0.822,-0.014
47,179,0.769,0.82,-0.014
47,18,0.871,0.902,-0.006
47,180,0.95,0.963,0.003
47,181,0.912,0.934,0.005
47,182,0.873,0.904,0.007
47,183,0.916,0.937,-0.005
47,184,0.994,0.996,0.0
47,185,0.793,0.839,-0.012
47,186,0.863,0.896,-0.008
47,187,0.993,0.995,0.0
47,188,0.783,0.831,-0.013
47,189,0.843,0.88,-0.009
47,19,0.881,0.91,-0.005
47,190,0.72,0.779,-0.017
47,191,0.798,0.844,-0.012
47,192,0.961,0.971,-0.002
47,193,0.906,0.929,0.006
47,194,0.86,0.893,-0.008
47,195,0.859,0.892,-0.008
47,196,0.93,0.948,0.004
47,197,0.974,0.981,0.002
47,198,0.894,0.92,-0.006
47,199,0.779,0.828,-0.013
47,20,0.966,0.975,-0.002
47,200,0.93,0.948,-0.004
47,201,0.963,0.973,-0.002
47,202,0.979,0.985,-0.001
47,203,0.829,0.868,-0.01
47,204,0.854,0.888,-0.009
47,205,0.773,0.823,-0.013
47,206,0.97,0.978,-0.002
47,207,0.977,0.983,0.001
47,208,0.932,0.949,-0.004
47,209,0.94,0.955,-0.004
47,21,0.983,0.988,-0.001
47,210,0.89,0.917,-0.006
47,211,0.88,0.909,-0.007
47,212,0.862,0.895,-0.008
47,213,0.696,0.758,-0.018
47,214,0.536,0.615,-0.029
47,215,0.504,0.584,-0.031
47,216,0.642,0.711,-0.022
47,217,0.534,0.613,-0.029
47,218,0.417,0.5,-0.038
47,219,0.53,0.61,-0.029
47,22,0.756,0.808,0.011
47,220,0.565,0.642,-0.027
47,221,0.587,0.662,-0.026
47,222,0.486,0.568,-0.033
47,223,0.611,0.684,-0.024
47,224,0.374,0.457,-0.042
47,225,0.412,0.495,-0.039
47,226,0.325,0.406,-0.047
47,227,0.371,0.454,-0.043
47,228,0.287,0.366,-0.051
47,229,0.183,0.25,-0.064
47,23,0.714,0.774,0.013
47,230,0.238,0.312,-0.058
47,231,0.23,0.303,-0.059
47,232,0.168,0.232,-0.068
47,233,0.205,0.275,-0.063
47,234,0.245,0.32,-0.058
47,235,0.289,0.368,-0.053
47,236,0.233,0.307,-0.06
47,237,0.245,0.32,-0.059
47,238,0.226,0.299,-0.062
47,239,0.277,0.355,-0.056
47,24,0.979,0.984,-0.001
47,240,0.355,0.437,-0.048
47,241,0.284,0.362,-0.056
47,242,0.459,0.541,-0.039
47,243,0.462,0.544,-0.039
47,244,0.423,0.506,-0.043
47,245,0.308,0.388,-0.056
47,246,0.399,0.483,-0.047
47,247,0.438,0.521,-0.044
47,248,0.534,0.613,-0.036
47,249,0.482,0.563,-0.041
47,25,0.537,0.616,0.022
47,250,0.523,0.602,-0.038
47,251,0.467,0.549,-0.044
47,26,0.737,0.793,0.012
47,27,0.457,0.54,0.027
47,28,0.243,0.318,0.043
47,29,0.402,0.485,0.031
47,30,0.437,0.52,0.029
47,31,0.552,0.63,0.022
47,32,0.282,0.36,0.04
47,33,0.209,0.28,0.047
47,34,0.397,0.48,0.032
47,35,0.299,0.379,0.039
47,36,0.276,0.353,0.041
47,37,0.355,0.437,0.035
47,38,0.225,0.298,0.046
47,39,0.252,0.328,0.044
47,40,0.14,0.199,0.056
47,41,0.211,0.282,0.048
47,42,0.27,0.348,0.042
47,43,0.304,0.383,0.04
47,44,0.38,0.463,0.034
47,45,0.279,0.357,0.042
47,46,0.109,0.16,0.063
47,47,0.277,0.355,0.043
47,48,0.282,0.361,0.043
47,49,0.29,0.369,0.042
47,50,0.176,0.242,0.054
47,51,0.265,0.342,0.045
47,52,0.205,0.275,0.051
47,53,0.161,0.224,0.057
47,54,0.247,0.322,0.047
47,55,0.185,0.253,0.054
47,56,0.147,0.208,0.059
47,57,0.099,0.148,0.068
47,58,0.161,0.223,0.058
47,59,0.19,0.258,0.054
47,6,0.481,0.563,-0.026
47,60,0.185,0.252,0.055
47,61,0.249,0.324,0.048
47,62,0.158,0.22,0.059
47,63,0.16,0.222,0.059
47,64,0.084,0.129,0.072
47,65,0.224,0.296,0.051
47,66,0.104,0.153,0.069
47,67,0.13,0.186,0.064
47,68,0.082,0.125,0.074
47,69,0.135,0.192,0.064
47,7,0.499,0.58,-0.025
47,70,0.126,0.182,0.065
47,71,0.15,0.21,0.062
47,72,0.138,0.196,0.064
47,73,0.209,0.279,0.054
47,74,0.242,0.317,0.051
47,75,0.234,0.308,0.052
47,76,0.18,0.247,0.058
47,77,0.188,0.255,0.057
47,78,0.183,0.25,0.058
47,79,0.278,0.356,0.047
47,8,0.83,0.87,-0.008
47,80,0.313,0.393,0.044
47,81,0.436,0.52,0.034
47,82,0.411,0.494,0.036
47,83,0.334,0.415,0.042
47,84,0.323,0.404,0.043
47,85,0.232,0.305,0.052
47,86,0.329,0.41,0.042
47,87,0.385,0.468,0.038
47,88,0.413,0.496,0.036
47,89,0.387,0.47,0.038
47,9,0.541,0.62,-0.022
47,90,0.369,0.452,0.039
47,91,0.52,0.6,0.028
47,92,0.368,0.451,0.039
47,93,0.456,0.539,0.032
47,94,0.334,0.415,0.042
47,95,0.516,0.596,0.028
47,96,0.467,0.55,0.031
47,97,0.213,0.284,0.054
47,98,0.255,0.331,0.049
47,99,0.287,0.365,0.046
48,10,0.938,0.954,0.003
48,100,0.639,0.709,0.02
48,101,0.673,0.738,0.018
48,102,0.472,0.554,0.031
48,103,0.341,0.423,0.041
48,104,0.374,0.457,0.038
48,105,0.547,0.625,0.026
48,106,0.639,0.708,0.02
48,107,0.517,0.597,0.028
48,108,0.509,0.589,0.029
48,109,0.537,0.616,0.027
48,11,0.617,0.689,0.018
48,110,0.397,0.48,0.037
48,111,0.464,0.546,0.032
48,112,0.328,0.41,0.043
48,113,0.428,0.511,0.035
48,114,0.481,0.563,0.032
48,115,0.608,0.681,0.023
48,116,0.645,0.713,0.021
48,117,0.321,0.402,0.045
48,118,0.398,0.481,0.039
48,119,0.485,0.567,0.032
48,12,0.862,0.895,0.006
48,120,0.626,0.697,0.023
48,121,0.563,0.64,0.027
48,122,0.456,0.539,0.035
48,123,0.566,0.643,0.027
48,124,0.601,0.675,0.025
48,125,0.577,0.652,0.026
48,126,0.695,0.758,0.019
48,127,0.656,0.723,0.021
48,128,0.503,0.584,0.032
48,129,0.599,0.673,0.025
48,13,0.766,0.817,-0.011
48,130,0.632,0.702,0.023
48,131,0.52,0.6,0.031
48,132,0.522,0.602,0.03
48,133,0.707,0.767,0.018
48,134,0.574,0.65,0.027
48,135,0.671,0.736,0.02
48,136,0.61,0.682,0.024
48,137,0.693,0.756,0.019
48,138,0.674,0.739,0.02
48,139,0.702,0.763,0.018
48,14,0.816,0.858,0.008
48,140,0.657,0.724,0.021
48,141,0.637,0.707,0.022
48,142,0.757,0.81,0.014
48,143,0.838,0.875,0.009
48,144,0.868,0.899,0.008
48,145,0.837,0.875,0.009
48,146,0.892,0.918,0.006
48,147,0.798,0.843,0.012
48,148,0.781,0.829,0.013
48,149,0.985,0.989,0.001
48,15,0.673,0.739,0.015
48,150,0.934,0.95,-0.004
48,151,0.888,0.916,0.006
48,152,0.771,0.821,0.013
48,153,0.828,0.868,0.01
48,154,0.881,0.91,0.007
48,155,0.981,0.986,-0.001
48,156,0.956,0.967,-0.002
48,157,0.853,0.888,-0.008
48,158,0.98,0.985,-0.001
48,159,0.786,0.834,-0.012
48,16,0.772,0.822,0.01
48,160,0.878,0.907,-0.007
48,161,0.778,0.827,-0.013
48,162,0.785,0.833,-0.012
48,163,0.86,0.893,-0.008
48,164,0.774,0.824,-0.013
48,165,0.749,0.803,-0.014
48,166,0.881,0.91,-0.007
48,167,0.997,0.998,0.0
48,168,0.8,0.845,-0.012
48,169,0.777,0.826,-0.013
48,17,0.575,0.651,0.02
48,170,0.854,0.889,-0.008
48,171,0.966,0.975,-0.002
48,172,0.86,0.893,-0.008
48,173,0.903,0.927,-0.006
48,174,0.765,0.816,-0.014
48,175,0.976,0.982,-0.001
48,176,0.931,0.949,0.004
48,177,0.889,0.916,0.006
48,178,0.933,0.95,-0.004
48,179,0.977,0.983,-0.001
48,18,0.729,0.786,0.012
48,180,0.823,0.864,0.01
48,181,0.877,0.907,0.007
48,182,0.923,0.942,-0.005
48,183,0.924,0.943,-0.004
48,184,0.856,0.89,-0.008
48,185,0.973,0.98,-0.002
48,186,0.753,0.806,0.015
48,187,0.829,0.868,0.01
48,188,0.967,0.976,0.002
48,189,0.839,0.876,0.01
48,19,0.637,0.707,0.017
48,190,0.865,0.897,0.008
48,191,0.638,0.707,0.022
48,192,0.898,0.923,0.006
48,193,0.962,0.972,0.002
48,194,0.942,0.957,0.003
48,195,0.909,0.932,-0.005
48,196,0.955,0.967,-0.003
48,197,0.824,0.865,0.01
48,198,0.9,0.925,-0.006
48,199,0.973,0.98,0.002
48,20,0.671,0.736,0.015
48,200,0.658,0.725,0.021
48,201,0.681,0.745,0.019
48,202,0.599,0.672,0.025
48,203,0.433,0.516,0.037
48,204,0.466,0.548,0.034
48,205,0.424,0.508,0.037
48,206,0.564,0.641,0.027
48,207,0.586,0.661,0.025
48,208,0.661,0.727,0.021
48,209,0.82,0.861,0.011
48,21,0.614,0.686,0.018
48,210,0.989,0.992,-0.001
48,211,0.958,0.969,-0.002
48,212,0.767,0.818,-0.014
48,213,0.899,0.924,-0.006
48,214,0.63,0.7,-0.022
48,215,0.814,0.856,-0.011
48,216,0.661,0.728,-0.02
48,217,0.69,0.753,-0.019
48,218,0.69,0.753,-0.019
48,219,0.471,0.553,-0.034
48,22,0.603,0.676,0.019
48,220,0.43,0.513,-0.037
48,221,0.494,0.576,-0.032
48,222,0.613,0.685,-0.024
48,223,0.455,0.538,-0.035
48,224,0.479,0.561,-0.034
48,225,0.422,0.505,-0.038
48,226,0.367,0.45,-0.043
48,227,0.28,0.358,-0.052
48,228,0.42,0.503,-0.039
48,229,0.295,0.375,-0.051
48,23,0.559,0.636,0.021
48,230,0.291,0.37,-0.051
48,231,0.32,0.401,-0.049
48,232,0.371,0.454,-0.044
48,233,0.297,0.376,-0.051
48,234,0.402,0.485,-0.042
48,235,0.608,0.681,-0.026
48,236,0.603,0.676,-0.026
48,237,0.463,0.546,-0.037
48,238,0.502,0.583,-0.034
48,239,0.636,0.706,-0.024
48,24,0.399,0.482,0.031
48,240,0.539,0.618,-0.032
48,241,0.434,0.517,-0.041
48,242,0.386,0.469,-0.046
48,243,0.409,0.493,-0.044
48,244,0.454,0.536,-0.04
48,245,0.46,0.543,-0.04
48,246,0.544,0.622,-0.034
48,247,0.682,0.746,-0.023
48,248,0.507,0.588,-0.038
48,249,0.508,0.589,-0.039
48,25,0.547,0.625,0.022
48,250,0.53,0.609,-0.037
48,251,0.591,0.665,-0.033
48,26,0.496,0.577,0.025
48,27,0.555,0.633,0.021
48,28,0.504,0.585,0.024
48,29,0.492,0.573,0.025
48,30,0.414,0.497,0.03
48,31,0.399,0.482,0.031
48,32,0.44,0.523,0.029
48,33,0.238,0.312,0.044
48,34,0.177,0.243,0.051
48,35,0.268,0.345,0.042
48,36,0.399,0.482,0.032
48,37,0.288,0.367,0.04
48,38,0.309,0.389,0.039
48,39,0.451,0.534,0.029
48,40,0.279,0.357,0.041
48,41,0.265,0.342,0.043
48,42,0.257,0.333,0.044
48,43,0.175,0.24,0.053
48,44,0.331,0.413,0.038
48,45,0.263,0.34,0.044
48,46,0.177,0.242,0.053
48,47,0.179,0.245,0.053
48,48,0.222,0.294,0.049
48,49,0.155,0.216,0.057
48,50,0.112,0.164,0.064
48,51,0.099,0.148,0.067
48,52,0.138,0.197,0.06
48,53,0.227,0.3,0.049
48,54,0.165,0.229,0.057
48,55,0.154,0.216,0.059
48,56,0.178,0.244,0.056
48,57,0.067,0.105,0.076
48,58,0.082,0.126,0.072
48,59,0.073,0.114,0.074
48,6,0.767,0.818,0.011
48,60,0.087,0.132,0.071
48,61,0.095,0.143,0.07
48,62,0.071,0.111,0.076
48,63,0.21,0.281,0.053
48,64,0.111,0.163,0.067
48,65,0.096,0.143,0.071
48,66,0.108,0.16,0.068
48,67,0.089,0.135,0.072
48,68,0.102,0.151,0.07
48,69,0.083,0.127,0.074
48,7,0.749,0.803,0.012
48,70,0.122,0.177,0.066
48,71,0.149,0.21,0.062
48,72,0.097,0.145,0.072
48,73,0.136,0.193,0.065
48,74,0.092,0.139,0.073
48,75,0.177,0.242,0.058
48,76,0.174,0.239,0.059
48,77,0.139,0.198,0.064
48,78,0.197,0.266,0.056
48,79,0.233,0.307,0.052
48,8,0.804,0.848,0.009
48,80,0.253,0.329,0.05
48,81,0.238,0.312,0.051
48,82,0.265,0.342,0.048
48,83,0.324,0.406,0.043
48,84,0.308,0.389,0.044
48,85,0.432,0.515,0.034
48,86,0.26,0.336,0.049
48,87,0.29,0.37,0.046
48,88,0.419,0.502,0.035
48,89,0.491,0.572,0.03
48,9,0.776,0.826,0.01
48,90,0.499,0.58,0.029
48,91,0.498,0.579,0.029
48,92,0.641,0.71,0.02
48,93,0.494,0.576,0.029
48,94,0.498,0.579,0.029
48,95,0.477,0.559,0.031
48,96,0.537,0.616,0.026
48,97,0.508,0.589,0.028
48,98,0.662,0.728,0.019
48,99,0.549,0.628,0.026
49,10,0.46,0.542,-0.027
49,100,0.543,0.622,0.026
49,101,0.551,0.629,0.025
49,102,0.746,0.8,0.014
49,103,0.69,0.753,0.017
49,104,0.82,0.861,0.01
49,105,0.759,0.812,0.013
49,106,0.6,0.674,0.023
49,107,0.545,0.624,0.026
49,108,0.62,0.692,0.022
49,109,0.814,0.857,0.01
49,11,0.54,0.619,-0.022
49,110,0.493,0.574,0.03
49,111,0.528,0.607,0.028
49,112,0.683,0.747,0.018
49,113,0.648,0.716,0.02
49,114,0.695,0.757,0.018
49,115,0.599,0.673,0.024
49,116,0.622,0.694,0.023
49,117,0.64,0.71,0.022
49,118,0.789,0.836,0.012
49,119,0.727,0.784,0.016
49,12,0.519,0.599,-0.023
49,120,0.737,0.793,0.016
49,121,0.59,0.665,0.026
49,122,0.683,0.747,0.019
49,123,0.727,0.785,0.017
49,124,0.791,0.838,0.013
49,125,0.661,0.728,0.021
49,126,0.662,0.729,0.021
49,127,0.718,0.777,0.018
49,128,0.766,0.817,0.015
49,129,0.728,0.785,0.017
49,13,0.835,0.873,-0.007
49,130,0.878,0.907,0.007
49,131,0.845,0.882,0.01
49,132,0.913,0.935,0.005
49,133,0.774,0.824,0.014
49,134,0.61,0.683,0.025
49,135,0.908,0.931,0.006
49,136,0.861,0.894,-0.008
49,137,0.777,0.826,-0.014
49,138,0.945,0.959,-0.003
49,139,0.779,0.828,-0.013
49,14,0.978,0.984,0.001
49,140,0.687,0.751,-0.019
49,141,0.623,0.694,-0.023
49,142,0.656,0.724,-0.021
49,143,0.811,0.854,-0.011
49,144,0.798,0.843,-0.012
49,145,0.812,0.855,-0.011
49,146,0.777,0.826,-0.013
49,147,0.722,0.781,-0.016
49,148,0.809,0.853,-0.011
49,149,0.661,0.728,-0.02
49,15,0.89,0.917,-0.005
49,150,0.792,0.838,-0.012
49,151,0.847,0.883,-0.009
49,152,0.781,0.83,-0.012
49,153,0.507,0.588,-0.03
49,154,0.591,0.666,-0.024
49,155,0.4,0.483,-0.038
49,156,0.522,0.602,-0.029
49,157,0.487,0.569,-0.031
49,158,0.527,0.607,-0.028
49,159,0.389,0.472,-0.038
49,16,0.856,0.89,-0.007
49,160,0.444,0.527,-0.034
49,161,0.417,0.5,-0.036
49,162,0.381,0.465,-0.039
49,163,0.443,0.526,-0.034
49,164,0.402,0.485,-0.037
49,165,0.401,0.484,-0.038
49,166,0.364,0.446,-0.041
49,167,0.476,0.558,-0.032
49,168,0.475,0.557,-0.032
49,169,0.448,0.531,-0.034
49,17,0.854,0.888,-0.007
49,170,0.413,0.496,-0.037
49,171,0.529,0.608,-0.029
49,172,0.381,0.464,-0.04
49,173,0.586,0.661,-0.025
49,174,0.592,0.666,-0.025
49,175,0.563,0.64,-0.027
49,176,0.576,0.652,-0.026
49,177,0.51,0.591,-0.03
49,178,0.541,0.62,-0.028
49,179,0.589,0.663,-0.025
49,18,0.995,0.997,-0.0
49,180,0.518,0.598,-0.03
49,181,0.657,0.725,-0.021
49,182,0.67,0.736,-0.02
49,183,0.593,0.668,-0.025
49,184,0.867,0.899,-0.008
49,185,0.793,0.839,-0.012
49,186,0.871,0.902,-0.008
49,187,0.967,0.976,-0.002
49,188,0.888,0.915,-0.007
49,189,0.822,0.863,-0.011
49,19,0.927,0.946,-0.003
49,190,0.934,0.95,-0.004
49,191,0.982,0.987,0.001
49,192,0.945,0.959,0.003
49,193,0.965,0.974,-0.002
49,194,0.886,0.913,0.007
49,195,0.873,0.903,0.008
49,196,0.972,0.979,0.002
49,197,0.896,0.921,0.006
49,198,0.999,0.999,0.0
49,199,0.997,0.997,0.0
49,20,0.643,0.712,-0.017
49,200,0.829,0.869,0.01
49,201,0.859,0.893,0.008
49,202,0.962,0.972,0.002
49,203,0.946,0.96,-0.003
49,204,0.961,0.971,0.002
49,205,0.922,0.942,0.005
49,206,0.742,0.797,0.015
49,207,0.932,0.949,0.004
49,208,0.945,0.959,0.003
49,209,0.837,0.875,-0.01
49,21,0.998,0.999,0.0
49,210,0.959,0.97,0.002
49,211,0.958,0.968,0.002
49,212,0.872,0.902,-0.008
49,213,0.765,0.816,-0.014
49,214,0.882,0.911,-0.007
49,215,0.657,0.724,-0.021
49,216,0.773,0.823,-0.014
49,217,0.508,0.589,-0.031
49,218,0.468,0.55,-0.034
49,219,0.445,0.528,-0.036
49,22,0.909,0.932,-0.004
49,220,0.526,0.606,-0.03
49,221,0.483,0.565,-0.033
49,222,0.535,0.614,-0.029
49,223,0.458,0.54,-0.035
49,224,0.484,0.566,-0.033
49,225,0.277,0.355,-0.052
49,226,0.239,0.313,-0.056
49,227,0.345,0.427,-0.045
49,228,0.434,0.517,-0.038
49,229,0.369,0.452,-0.043
49,23,0.931,0.948,0.003
49,230,0.311,0.391,-0.049
49,231,0.362,0.445,-0.044
49,232,0.338,0.42,-0.047
49,233,0.314,0.395,-0.049
49,234,0.438,0.521,-0.038
49,235,0.605,0.678,-0.026
49,236,0.483,0.565,-0.035
49,237,0.499,0.58,-0.034
49,238,0.46,0.542,-0.037
49,239,0.426,0.509,-0.041
49,24,0.852,0.887,-0.007
49,240,0.704,0.765,-0.02
49,241,0.569,0.645,-0.03
49,242,0.57,0.647,-0.03
49,243,0.594,0.669,-0.028
49,244,0.716,0.775,-0.02
49,245,0.678,0.742,-0.023
49,246,0.662,0.729,-0.024
49,247,0.5,0.581,-0.038
49,248,0.576,0.652,-0.032
49,249,0.506,0.587,-0.039
49,25,0.576,0.652,0.02
49,250,0.578,0.654,-0.033
49,251,0.39,0.474,-0.052
49,26,0.692,0.755,0.015
49,27,0.704,0.765,0.014
49,28,0.597,0.671,0.019
49,29,0.507,0.588,0.025
49,30,0.787,0.834,0.01
49,31,0.461,0.544,0.028
49,32,0.57,0.646,0.021
49,33,0.347,0.429,0.035
49,34,0.469,0.551,0.027
49,35,0.544,0.622,0.023
49,36,0.454,0.537,0.028
49,37,0.485,0.567,0.027
49,38,0.56,0.637,0.022
49,39,0.429,0.513,0.03
49,40,0.477,0.559,0.028
49,41,0.552,0.63,0.023
49,42,0.583,0.659,0.021
49,43,0.325,0.406,0.038
49,44,0.513,0.594,0.026
49,45,0.347,0.429,0.037
49,46,0.327,0.409,0.039
49,47,0.402,0.485,0.034
49,48,0.382,0.465,0.035
49,49,0.288,0.367,0.043
49,50,0.323,0.404,0.04
49,51,0.326,0.408,0.04
49,52,0.212,0.284,0.051
49,53,0.327,0.409,0.04
49,54,0.276,0.354,0.045
49,55,0.287,0.366,0.044
49,56,0.337,0.419,0.04
49,57,0.346,0.429,0.039
49,58,0.371,0.453,0.037
49,59,0.358,0.441,0.038
49,6,0.505,0.586,-0.025
49,60,0.181,0.247,0.056
49,61,0.283,0.361,0.045
49,62,0.256,0.332,0.048
49,63,0.196,0.265,0.055
49,64,0.206,0.276,0.054
49,65,0.173,0.239,0.058
49,66,0.282,0.36,0.046
49,67,0.167,0.231,0.059
49,68,0.268,0.345,0.047
49,69,0.289,0.367,0.045
49,7,0.283,0.362,-0.04
49,70,0.231,0.304,0.052
49,71,0.289,0.368,0.046
49,72,0.169,0.234,0.059
49,73,0.203,0.272,0.055
49,74,0.192,0.261,0.056
49,75,0.217,0.289,0.053
49,76,0.212,0.283,0.054
49,77,0.305,0.385,0.044
49,78,0.35,0.433,0.04
49,79,0.453,0.536,0.032
49,8,0.393,0.477,-0.031
49,80,0.491,0.573,0.03
49,81,0.349,0.432,0.04
49,82,0.486,0.567,0.03
49,83,0.438,0.521,0.034
49,84,0.465,0.547,0.032
49,85,0.492,0.573,0.03
49,86,0.582,0.658,0.024
49,87,0.596,0.67,0.023
49,88,0.748,0.802,0.014
49,89,0.765,0.816,0.013
49,9,0.385,0.468,-0.032
49,90,0.752,0.805,0.014
49,91,0.569,0.646,0.024
49,92,0.638,0.707,0.02
49,93,0.648,0.716,0.019
49,94,0.621,0.693,0.021
49,95,0.902,0.926,0.005
49,96,0.867,0.899,0.007
49,97,0.523,0.603,0.027
49,98,0.678,0.743,0.018
49,99,0.609,0.682,0.022
5,10,0.785,0.832,-0.01
5,100,0.922,0.942,-0.004
5,101,0.801,0.846,0.01
5,102,0.997,0.998,0.0
5,103,0.785,0.832,0.01
5,104,0.929,0.947,0.003
5,105,0.946,0.959,0.003
5,106,0.767,0.818,-0.011
5,107,0.688,0.751,-0.015
5,108,0.769,0.82,-0.011
5,109,0.841,0.878,-0.008
5,11,0.803,0.848,-0.009
5,110,0.954,0.965,-0.002
5,111,0.952,0.964,-0.002
5,112,0.946,0.96,0.003
5,113,0.883,0.911,-0.006
5,114,0.873,0.904,0.006
5,115,0.827,0.867,0.009
5,116,0.719,0.778,0.014
5,117,0.699,0.761,0.015
5,118,0.922,0.942,-0.004
5,119,0.815,0.858,0.009
5,12,0.909,0.931,0.004
5,120,0.835,0.873,0.008
5,121,0.939,0.955,0.003
5,122,0.806,0.85,0.01
5,123,0.894,0.92,-0.005
5,124,0.951,0.964,0.002
5,125,0.869,0.9,-0.007
5,126,0.816,0.858,0.009
5,127,0.769,0.82,0.012
5,128,0.995,0.997,0.0
5,129,0.878,0.907,-0.006
5,13,0.67,0.736,-0.014
5,130,0.845,0.882,-0.008
5,131,0.575,0.651,-0.023
5,132,0.813,0.855,-0.01
5,133,0.794,0.84,0.011
5,134,0.962,0.972,0.002
5,135,0.983,0.988,-0.001
5,136,0.72,0.779,-0.015
5,137,0.712,0.772,-0.015
5,138,0.695,0.757,-0.016
5,139,0.647,0.716,-0.019
5,14,0.94,0.955,0.003
5,140,0.891,0.918,-0.006
5,141,0.957,0.968,-0.002
5,142,0.769,0.819,-0.012
5,143,0.86,0.893,-0.007
5,144,0.996,0.997,0.0
5,145,0.773,0.823,0.012
5,146,0.882,0.91,0.006
5,147,0.861,0.894,0.007
5,148,0.836,0.874,-0.009
5,149,0.801,0.846,-0.011
5,15,0.946,0.959,-0.002
5,150,0.728,0.785,-0.015
5,151,0.885,0.913,-0.006
5,152,0.936,0.952,-0.003
5,153,0.946,0.96,-0.003
5,154,0.769,0.82,-0.012
5,155,0.691,0.754,-0.017
5,156,0.705,0.766,-0.016
5,157,0.77,0.821,-0.012
5,158,0.899,0.924,-0.005
5,159,0.954,0.966,-0.002
5,16,0.924,0.943,-0.003
5,160,0.9,0.925,-0.005
5,161,0.826,0.866,-0.009
5,162,0.662,0.729,-0.019
5,163,0.823,0.864,-0.01
5,164,0.961,0.971,-0.002
5,165,0.738,0.794,-0.014
5,166,0.752,0.806,-0.014
5,167,0.589,0.664,-0.023
5,168,0.788,0.835,-0.012
5,169,0.673,0.739,-0.018
5,17,0.816,0.858,0.008
5,170,0.772,0.822,-0.013
5,171,0.731,0.788,-0.015
5,172,0.793,0.84,-0.011
5,173,0.879,0.908,-0.007
5,174,0.866,0.898,-0.007
5,175,0.979,0.985,-0.001
5,176,0.994,0.995,-0.0
5,177,0.758,0.81,-0.014
5,178,0.887,0.915,-0.006
5,179,0.865,0.897,-0.008
5,18,0.751,0.805,0.011
5,180,0.91,0.932,-0.005
5,181,0.959,0.97,0.002
5,182,0.856,0.89,0.008
5,183,0.962,0.972,-0.002
5,184,0.95,0.962,-0.003
5,185,0.999,0.999,-0.0
5,186,0.898,0.923,0.006
5,187,0.93,0.948,-0.004
5,188,0.894,0.92,-0.006
5,189,0.769,0.82,-0.014
5,19,0.802,0.847,-0.008
5,190,0.984,0.989,0.001
5,191,0.745,0.799,-0.016
5,192,0.885,0.913,-0.007
5,193,0.747,0.801,-0.016
5,194,0.912,0.934,-0.005
5,195,0.917,0.938,-0.005
5,196,0.975,0.981,0.002
5,197,0.87,0.901,0.008
5,198,0.89,0.916,-0.007
5,199,0.909,0.932,-0.006
5,20,0.739,0.794,-0.011
5,200,0.828,0.868,-0.011
5,201,0.998,0.998,0.0
5,202,0.953,0.965,0.003
5,203,0.877,0.907,-0.008
5,204,0.809,0.852,-0.013
5,205,0.933,0.95,-0.004
5,206,0.959,0.969,-0.003
5,207,0.866,0.898,-0.009
5,208,0.873,0.904,0.009
5,209,0.989,0.992,-0.001
5,21,0.842,0.879,0.007
5,210,0.906,0.929,-0.006
5,211,0.943,0.957,0.004
5,212,0.966,0.974,0.002
5,213,0.975,0.981,-0.002
5,214,0.891,0.918,-0.008
5,215,0.849,0.884,0.011
5,216,0.909,0.932,0.006
5,217,0.957,0.968,0.003
5,218,0.999,0.999,-0.0
5,219,0.975,0.982,-0.002
5,22,0.865,0.898,-0.006
5,220,0.875,0.905,0.009
5,221,0.855,0.89,-0.01
5,222,0.947,0.961,-0.004
5,223,0.95,0.963,-0.004
5,224,0.85,0.885,-0.011
5,225,0.759,0.812,-0.018
5,226,0.829,0.868,-0.013
5,227,0.983,0.988,-0.001
5,228,0.765,0.816,-0.018
5,229,0.92,0.94,-0.006
5,23,0.707,0.767,-0.012
5,230,0.794,0.84,-0.015
5,231,0.705,0.766,-0.023
5,232,0.777,0.826,-0.017
5,233,0.767,0.818,-0.018
5,234,0.898,0.923,-0.008
5,235,0.802,0.846,-0.015
5,236,0.726,0.784,-0.021
5,237,0.686,0.75,-0.025
5,238,0.765,0.816,-0.018
5,239,0.793,0.84,-0.016
5,24,0.911,0.933,-0.004
5,240,0.848,0.884,-0.012
5,241,0.903,0.927,-0.007
5,242,0.817,0.859,-0.014
5,243,0.878,0.907,-0.01
5,244,0.854,0.889,-0.012
5,245,0.743,0.798,-0.021
5,246,0.946,0.96,0.004
5,247,0.948,0.961,-0.004
5,248,0.9,0.925,-0.008
5,249,0.799,0.844,-0.017
5,25,0.559,0.636,0.019
5,250,0.898,0.923,-0.008
5,251,0.965,0.974,-0.003
5,26,0.745,0.8,-0.011
5,27,0.792,0.838,-0.009
5,28,0.792,0.838,0.009
5,29,0.817,0.859,0.008
5,30,0.839,0.877,-0.007
5,31,0.942,0.957,0.002
5,32,0.731,0.788,0.011
5,33,0.95,0.963,-0.002
5,34,0.934,0.95,0.003
5,35,0.827,0.867,-0.007
5,36,0.552,0.63,-0.02
5,37,0.907,0.93,0.004
5,38,0.741,0.796,-0.011
5,39,0.507,0.588,-0.022
5,40,0.785,0.832,-0.009
5,41,0.716,0.775,-0.012
5,42,0.997,0.998,-0.0
5,43,0.859,0.892,-0.006
5,44,0.627,0.698,-0.016
5,45,0.777,0.827,0.009
5,46,0.753,0.806,-0.011
5,47,0.988,0.991,0.001
5,48,0.506,0.587,-0.022
5,49,0.909,0.932,-0.004
5,50,0.915,0.936,0.004
5,51,0.779,0.828,-0.009
5,52,0.576,0.652,-0.019
5,53,0.947,0.96,-0.002
5,54,0.948,0.961,-0.002
5,55,0.702,0.763,-0.013
5,56,0.819,0.86,-0.008
5,57,0.957,0.968,-0.002
5,58,0.996,0.997,0.0
5,59,0.872,0.903,-0.005
5,60,0.943,0.957,-0.002
5,61,0.87,0.901,0.006
5,62,0.857,0.891,-0.006
5,63,0.669,0.735,-0.015
5,64,0.804,0.849,-0.009
5,65,0.693,0.755,-0.014
5,66,0.905,0.929,-0.004
5,67,0.898,0.923,0.004
5,68,0.815,0.858,-0.008
5,69,0.943,0.957,-0.003
5,7,0.881,0.91,0.005
5,70,0.883,0.912,-0.005
5,71,0.807,0.851,-0.009
5,72,0.951,0.964,0.002
5,73,0.625,0.696,0.017
5,74,0.979,0.984,-0.001
5,75,0.931,0.948,0.003
5,76,0.996,0.997,-0.0
5,77,0.824,0.865,0.008
5,78,0.703,0.764,0.014
5,79,0.744,0.799,0.012
5,8,0.721,0.779,-0.013
5,80,0.772,0.822,0.01
5,81,0.81,0.853,0.009
5,82,0.689,0.752,0.015
5,83,0.863,0.896,0.006
5,84,0.748,0.802,-0.012
5,85,0.936,0.952,-0.003
5,86,0.914,0.935,-0.004
5,87,0.882,0.911,0.005
5,88,0.878,0.907,-0.006
5,89,0.582,0.658,-0.02
5,9,0.606,0.679,-0.018
5,90,0.904,0.928,-0.004
5,91,0.894,0.92,-0.005
5,92,0.975,0.981,0.001
5,93,0.881,0.91,-0.006
5,94,0.894,0.92,0.005
5,95,0.811,0.854,0.009
5,96,0.844,0.88,0.007
5,97,0.877,0.907,0.006
5,98,0.851,0.886,0.007
5,99,0.752,0.805,-0.012
50,10,0.339,0.421,-0.035
50,100,0.58,0.656,0.024
50,101,0.596,0.67,0.023
50,102,0.769,0.82,0.013
50,103,0.72,0.779,0.015
50,104,0.605,0.678,0.022
50,105,0.608,0.681,0.022
50,106,0.778,0.827,0.012
50,107,0.678,0.743,0.018
50,108,0.783,0.831,0.012
50,109,0.616,0.688,0.022
50,11,0.667,0.733,-0.016
50,110,0.591,0.665,0.024
50,111,0.837,0.875,0.009
50,112,0.945,0.959,0.003
50,113,0.649,0.717,0.021
50,114,0.729,0.786,0.016
50,115,0.549,0.627,0.028
50,116,0.709,0.769,0.017
50,117,0.764,0.815,0.014
50,118,0.666,0.732,0.02
50,119,0.69,0.753,0.019
50,12,0.55,0.628,-0.022
50,120,0.672,0.737,0.02
50,121,0.623,0.694,0.024
50,122,0.677,0.742,0.02
50,123,0.914,0.935,0.005
50,124,0.978,0.984,0.001
50,125,0.695,0.758,0.02
50,126,0.565,0.642,0.029
50,127,0.749,0.803,0.016
50,128,0.737,0.793,0.017
50,129,0.866,0.898,0.008
50,13,0.768,0.819,-0.011
50,130,0.861,0.894,0.009
50,131,0.882,0.911,0.007
50,132,0.687,0.751,0.02
50,133,0.656,0.723,0.022
50,134,0.68,0.744,0.021
50,135,0.837,0.875,0.01
50,136,0.851,0.886,0.009
50,137,0.77,0.82,0.014
50,138,0.861,0.894,0.009
50,139,0.972,0.979,-0.002
50,14,0.503,0.583,-0.024
50,140,0.991,0.993,0.001
50,141,0.773,0.823,-0.014
50,142,0.743,0.798,-0.016
50,143,0.691,0.753,-0.019
50,144,0.673,0.738,-0.02
50,145,0.569,0.645,-0.027
50,146,0.51,0.591,-0.031
50,147,0.475,0.557,-0.033
50,148,0.613,0.686,-0.023
50,149,0.399,0.482,-0.039
50,15,0.752,0.806,-0.011
50,150,0.418,0.501,-0.037
50,151,0.432,0.515,-0.036
50,152,0.395,0.479,-0.038
50,153,0.323,0.404,-0.045
50,154,0.446,0.529,-0.034
50,155,0.656,0.723,-0.02
50,156,0.586,0.661,-0.024
50,157,0.525,0.605,-0.028
50,158,0.57,0.646,-0.025
50,159,0.493,0.575,-0.031
50,16,0.821,0.862,-0.008
50,160,0.465,0.548,-0.032
50,161,0.283,0.361,-0.048
50,162,0.348,0.43,-0.042
50,163,0.334,0.416,-0.043
50,164,0.409,0.492,-0.037
50,165,0.669,0.735,-0.019
50,166,0.446,0.529,-0.034
50,167,0.49,0.572,-0.031
50,168,0.44,0.523,-0.035
50,169,0.573,0.65,-0.025
50,17,0.839,0.877,-0.007
50,170,0.596,0.67,-0.024
50,171,0.625,0.696,-0.022
50,172,0.816,0.858,-0.011
50,173,0.824,0.865,-0.01
50,174,0.617,0.689,-0.023
50,175,0.805,0.849,-0.011
50,176,0.653,0.721,-0.021
50,177,0.754,0.807,-0.014
50,178,0.716,0.775,-0.017
50,179,0.665,0.732,-0.02
50,18,0.997,0.998,0.0
50,180,0.839,0.876,-0.009
50,181,0.784,0.832,-0.013
50,182,0.874,0.904,-0.007
50,183,0.834,0.872,-0.01
50,184,0.946,0.96,-0.003
50,185,0.905,0.929,-0.006
50,186,0.757,0.809,-0.015
50,187,0.95,0.963,-0.003
50,188,0.822,0.863,-0.011
50,189,0.931,0.948,0.004
50,19,0.919,0.939,-0.004
50,190,0.904,0.928,-0.006
50,191,0.789,0.836,-0.013
50,192,0.994,0.995,0.0
50,193,0.921,0.94,0.005
50,194,0.963,0.972,-0.002
50,195,0.988,0.991,0.001
50,196,0.932,0.949,0.004
50,197,0.895,0.92,0.006
50,198,0.862,0.895,0.008
50,199,0.78,0.829,0.013
50,20,0.893,0.919,0.005
50,200,0.868,0.9,0.008
50,201,0.808,0.852,0.011
50,202,0.888,0.915,0.007
50,203,0.889,0.916,0.007
50,204,0.849,0.885,0.009
50,205,0.669,0.735,0.02
50,206,0.903,0.927,0.006
50,207,0.988,0.991,-0.001
50,208,0.912,0.933,0.005
50,209,0.922,0.942,0.005
50,21,0.731,0.788,-0.012
50,210,0.887,0.914,0.007
50,211,0.957,0.968,-0.003
50,212,0.948,0.961,-0.003
50,213,0.803,0.848,-0.012
50,214,0.655,0.722,-0.021
50,215,0.661,0.728,-0.021
50,216,0.67,0.736,-0.02
50,217,0.71,0.771,-0.017
50,218,0.92,0.94,-0.005
50,219,0.781,0.83,-0.013
50,22,0.912,0.934,0.004
50,220,0.592,0.667,-0.025
50,221,0.721,0.779,-0.017
50,222,0.762,0.814,-0.014
50,223,0.618,0.69,-0.024
50,224,0.654,0.721,-0.021
50,225,0.519,0.599,-0.031
50,226,0.461,0.544,-0.035
50,227,0.28,0.358,-0.052
50,228,0.388,0.471,-0.041
50,229,0.586,0.661,-0.026
50,23,0.851,0.886,0.007
50,230,0.299,0.379,-0.05
50,231,0.331,0.412,-0.047
50,232,0.473,0.555,-0.035
50,233,0.538,0.617,-0.03
50,234,0.391,0.474,-0.042
50,235,0.456,0.539,-0.037
50,236,0.391,0.474,-0.043
50,237,0.442,0.525,-0.038
50,238,0.596,0.67,-0.027
50,239,0.571,0.647,-0.029
50,24,0.558,0.635,0.021
50,240,0.614,0.686,-0.026
50,241,0.639,0.709,-0.024
50,242,0.723,0.781,-0.018
50,243,0.674,0.739,-0.022
50,244,0.664,0.73,-0.023
50,245,0.73,0.787,-0.019
50,246,0.956,0.967,-0.003
50,247,0.824,0.865,-0.012
50,248,0.872,0.902,-0.009
50,249,0.829,0.869,-0.013
50,25,0.659,0.726,0.016
50,250,0.67,0.735,-0.025
50,251,0.663,0.729,-0.026
50,26,0.425,0.508,0.029
50,27,0.506,0.587,0.025
50,28,0.398,0.482,0.031
50,29,0.496,0.577,0.025
50,30,0.285,0.363,0.04
50,31,0.202,0.272,0.048
50,32,0.278,0.356,0.041
50,33,0.328,0.409,0.037
50,34,0.432,0.515,0.03
50,35,0.283,0.361,0.041
50,36,0.196,0.265,0.049
50,37,0.347,0.429,0.036
50,38,0.33,0.411,0.037
50,39,0.229,0.302,0.046
50,40,0.348,0.43,0.036
50,41,0.316,0.397,0.039
50,42,0.297,0.377,0.041
50,43,0.205,0.275,0.05
50,44,0.185,0.252,0.052
50,45,0.231,0.305,0.048
50,46,0.315,0.396,0.04
50,47,0.209,0.28,0.05
50,48,0.16,0.223,0.057
50,49,0.121,0.176,0.063
50,50,0.166,0.229,0.056
50,51,0.123,0.178,0.063
50,52,0.178,0.245,0.055
50,53,0.161,0.224,0.058
50,54,0.209,0.28,0.052
50,55,0.249,0.324,0.048
50,56,0.136,0.193,0.062
50,57,0.139,0.198,0.062
50,58,0.235,0.308,0.05
50,59,0.149,0.21,0.06
50,6,0.242,0.317,-0.044
50,60,0.177,0.243,0.057
50,61,0.371,0.454,0.038
50,62,0.252,0.328,0.048
50,63,0.287,0.365,0.045
50,64,0.325,0.406,0.042
50,65,0.239,0.313,0.05
50,66,0.301,0.381,0.044
50,67,0.262,0.339,0.048
50,68,0.151,0.212,0.062
50,69,0.242,0.316,0.05
50,7,0.216,0.288,-0.046
50,70,0.272,0.35,0.047
50,71,0.161,0.224,0.06
50,72,0.115,0.167,0.068
50,73,0.257,0.333,0.049
50,74,0.283,0.362,0.046
50,75,0.27,0.348,0.048
50,76,0.284,0.363,0.046
50,77,0.197,0.266,0.055
50,78,0.276,0.354,0.047
50,79,0.327,0.408,0.042
50,8,0.297,0.376,-0.039
50,80,0.258,0.335,0.049
50,81,0.272,0.35,0.047
50,82,0.337,0.418,0.041
50,83,0.335,0.416,0.042
50,84,0.417,0.5,0.035
50,85,0.343,0.425,0.041
50,86,0.553,0.631,0.025
50,87,0.375,0.458,0.038
50,88,0.459,0.542,0.032
50,89,0.583,0.658,0.023
50,9,0.324,0.405,-0.036
50,90,0.595,0.669,0.023
50,91,0.689,0.752,0.017
50,92,0.641,0.71,0.02
50,93,0.781,0.829,0.012
50,94,0.711,0.771,0.016
50,95,0.671,0.737,0.018
50,96,0.586,0.661,0.023
50,97,0.448,0.531,0.032
50,98,0.581,0.656,0.024
50,99,0.738,0.793,0.014
51,10,0.9,0.924,0.005
51,100,0.852,0.887,0.008
51,101,0.909,0.931,0.005
51,102,0.924,0.943,-0.004
51,103,0.912,0.934,0.005
51,104,0.89,0.917,0.006
51,105,0.881,0.91,0.006
51,106,0.971,0.978,-0.002
51,107,0.918,0.938,-0.005
51,108,0.781,0.829,0.012
51,109,0.845,0.882,0.009
51,11,0.777,0.826,-0.01
51,110,0.913,0.934,0.005
51,111,0.661,0.727,0.02
51,112,0.783,0.831,0.013
51,113,0.803,0.847,0.012
51,114,0.827,0.867,0.01
51,115,0.924,0.943,0.004
51,116,0.997,0.997,0.0
51,117,0.927,0.946,0.004
51,118,0.911,0.933,0.005
51,119,0.842,0.879,0.01
51,12,0.672,0.738,-0.015
51,120,0.994,0.996,-0.0
51,121,0.857,0.891,0.009
51,122,0.967,0.975,0.002
51,123,0.658,0.725,0.023
51,124,0.714,0.773,0.019
51,125,0.884,0.912,0.008
51,126,0.967,0.976,0.002
51,127,0.969,0.977,-0.002
51,128,0.87,0.901,-0.009
51,129,0.874,0.904,-0.008
51,13,0.76,0.812,-0.011
51,130,0.96,0.97,0.003
51,131,0.748,0.802,0.017
51,132,0.737,0.793,0.017
51,133,0.8,0.845,0.013
51,134,0.991,0.994,-0.001
51,135,0.869,0.9,-0.008
51,136,0.935,0.951,-0.004
51,137,0.868,0.9,-0.008
51,138,0.958,0.969,-0.003
51,139,0.872,0.902,-0.008
51,14,0.753,0.806,-0.011
51,140,0.791,0.838,-0.013
51,141,0.777,0.826,-0.014
51,142,0.685,0.749,-0.02
51,143,0.685,0.749,-0.02
51,144,0.395,0.478,-0.041
51,145,0.579,0.655,-0.027
51,146,0.584,0.659,-0.026
51,147,0.609,0.682,-0.024
51,148,0.505,0.585,-0.031
51,149,0.555,0.632,-0.028
51,15,0.838,0.876,-0.007
51,150,0.742,0.797,-0.015
51,151,0.526,0.606,-0.029
51,152,0.452,0.535,-0.034
51,153,0.633,0.704,-0.022
51,154,0.461,0.544,-0.034
51,155,0.487,0.568,-0.032
51,156,0.521,0.601,-0.029
51,157,0.487,0.569,-0.031
51,158,0.518,0.598,-0.029
51,159,0.483,0.565,-0.031
51,16,0.712,0.772,-0.013
51,160,0.558,0.636,-0.026
51,161,0.461,0.543,-0.033
51,162,0.36,0.443,-0.041
51,163,0.607,0.68,-0.023
51,164,0.507,0.588,-0.03
51,165,0.517,0.597,-0.029
51,166,0.68,0.744,-0.018
51,167,0.631,0.701,-0.021
51,168,0.572,0.648,-0.025
51,169,0.537,0.616,-0.028
51,17,0.8,0.845,-0.009
51,170,0.715,0.774,-0.016
51,171,0.849,0.885,-0.009
51,172,0.929,0.947,-0.004
51,173,0.976,0.982,-0.001
51,174,0.726,0.784,-0.016
51,175,0.674,0.739,-0.019
51,176,0.821,0.862,-0.01
51,177,0.799,0.844,-0.012
51,178,0.939,0.954,-0.004
51,179,0.979,0.985,-0.001
51,18,0.957,0.968,-0.002
51,180,0.871,0.902,0.007
51,181,0.897,0.923,0.006
51,182,0.936,0.952,0.004
51,183,0.891,0.918,-0.006
51,184,0.86,0.893,-0.008
51,185,0.94,0.955,0.003
51,186,0.875,0.905,0.007
51,187,0.612,0.685,0.024
51,188,0.817,0.859,0.011
51,189,0.727,0.784,0.016
51,19,0.922,0.941,-0.004
51,190,0.917,0.938,0.005
51,191,0.87,0.901,0.008
51,192,0.978,0.984,-0.001
51,193,0.953,0.965,-0.003
51,194,0.84,0.878,-0.009
51,195,0.991,0.993,-0.001
51,196,0.963,0.972,0.002
51,197,0.992,0.994,0.0
51,198,0.879,0.908,-0.007
51,199,0.918,0.938,-0.005
51,20,0.745,0.8,0.012
51,200,0.883,0.912,-0.007
51,201,0.84,0.877,-0.01
51,202,0.759,0.811,-0.014
51,203,0.938,0.954,-0.004
51,204,0.941,0.956,-0.003
51,205,0.966,0.975,-0.002
51,206,0.85,0.885,-0.009
51,207,0.86,0.893,-0.008
51,208,0.906,0.929,-0.006
51,209,0.928,0.946,0.004
51,21,0.853,0.888,0.007
51,210,0.903,0.927,0.006
51,211,0.976,0.982,-0.001
51,212,0.773,0.823,-0.014
51,213,0.896,0.921,-0.006
51,214,0.939,0.954,-0.004
51,215,0.909,0.932,0.005
51,216,0.959,0.97,-0.002
51,217,0.766,0.817,-0.014
51,218,0.776,0.825,-0.013
51,219,0.71,0.77,-0.018
51,22,0.918,0.938,0.004
51,220,0.741,0.796,-0.016
51,221,0.648,0.716,-0.022
51,222,0.637,0.707,-0.022
51,223,0.679,0.743,-0.02
51,224,0.708,0.768,-0.018
51,225,0.57,0.646,-0.027
51,226,0.674,0.739,-0.02
51,227,0.606,0.679,-0.025
51,228,0.527,0.606,-0.03
51,229,0.493,0.574,-0.033
51,23,0.857,0.891,0.007
51,230,0.593,0.668,-0.026
51,231,0.516,0.596,-0.031
51,232,0.46,0.542,-0.036
51,233,0.264,0.341,-0.055
51,234,0.273,0.351,-0.054
51,235,0.275,0.352,-0.054
51,236,0.268,0.346,-0.055
51,237,0.206,0.276,-0.063
51,238,0.273,0.35,-0.055
51,239,0.271,0.349,-0.056
51,24,0.704,0.765,0.014
51,240,0.365,0.448,-0.046
51,241,0.49,0.571,-0.036
51,242,0.482,0.564,-0.036
51,243,0.605,0.678,-0.027
51,244,0.738,0.794,-0.018
51,245,0.506,0.587,-0.036
51,246,0.541,0.62,-0.033
51,247,0.434,0.517,-0.044
51,248,0.658,0.725,-0.025
51,249,0.642,0.711,-0.027
51,25,0.571,0.648,0.021
51,250,0.644,0.713,-0.027
51,251,0.59,0.665,-0.032
51,26,0.714,0.773,0.013
51,27,0.569,0.645,0.021
51,28,0.67,0.735,0.016
51,29,0.835,0.874,0.008
51,30,0.538,0.617,0.023
51,31,0.756,0.809,0.012
51,32,0.497,0.578,0.025
51,33,0.569,0.646,0.022
51,34,0.635,0.705,0.018
51,35,0.509,0.59,0.025
51,36,0.439,0.522,0.03
51,37,0.529,0.608,0.024
51,38,0.385,0.469,0.034
51,39,0.426,0.509,0.031
51,40,0.325,0.407,0.038
51,41,0.369,0.452,0.035
51,42,0.462,0.544,0.029
51,43,0.411,0.495,0.033
51,44,0.159,0.222,0.056
51,45,0.229,0.302,0.048
51,46,0.301,0.381,0.042
51,47,0.154,0.216,0.057
51,48,0.178,0.244,0.055
51,49,0.19,0.258,0.053
51,50,0.139,0.197,0.061
51,51,0.109,0.16,0.066
51,52,0.094,0.141,0.069
51,53,0.093,0.139,0.07
51,54,0.15,0.211,0.06
51,55,0.184,0.251,0.055
51,56,0.168,0.232,0.058
51,57,0.176,0.242,0.057
51,58,0.168,0.233,0.058
51,59,0.375,0.458,0.037
51,6,0.913,0.934,-0.004
51,60,0.257,0.334,0.048
51,61,0.192,0.26,0.055
51,62,0.184,0.251,0.056
51,63,0.257,0.333,0.048
51,64,0.372,0.455,0.038
51,65,0.358,0.441,0.039
51,66,0.511,0.592,0.028
51,67,0.253,0.329,0.049
51,68,0.321,0.402,0.043
51,69,0.371,0.454,0.038
51,7,0.611,0.684,-0.019
51,70,0.255,0.331,0.049
51,71,0.374,0.457,0.038
51,72,0.294,0.374,0.045
51,73,0.347,0.429,0.04
51,74,0.307,0.387,0.044
51,75,0.227,0.3,0.052
51,76,0.347,0.429,0.041
51,77,0.285,0.363,0.046
51,78,0.446,0.529,0.033
51,79,0.479,0.561,0.03
51,8,0.858,0.892,-0.007
51,80,0.64,0.71,0.02
51,81,0.692,0.755,0.017
51,82,0.726,0.783,0.015
51,83,0.574,0.65,0.024
51,84,0.453,0.536,0.032
51,85,0.607,0.68,0.022
51,86,0.651,0.719,0.019
51,87,0.566,0.642,0.024
51,88,0.578,0.653,0.024
51,89,0.518,0.598,0.027
51,9,0.526,0.606,-0.024
51,90,0.522,0.602,0.027
51,91,0.531,0.611,0.027
51,92,0.602,0.676,0.022
51,93,0.784,0.832,0.012
51,94,0.823,0.864,0.009
51,95,0.873,0.903,0.007
51,96,0.796,0.842,0.011
51,97,0.709,0.769,0.016
51,98,0.918,0.938,0.004
51,99,0.924,0.943,-0.004
52,10,0.602,0.675,-0.019
52,100,0.705,0.766,0.016
52,101,0.798,0.844,0.011
52,102,0.992,0.994,0.0
52,103,0.778,0.827,0.012
52,104,0.864,0.897,0.007
52,105,0.992,0.994,0.0
52,106,0.921,0.941,0.004
52,107,0.989,0.992,0.001
52,108,0.836,0.874,0.009
52,109,0.973,0.98,-0.002
52,11,0.481,0.563,-0.026
52,110,0.978,0.984,-0.001
52,111,0.913,0.934,0.005
52,112,0.903,0.927,0.006
52,113,0.684,0.748,0.019
52,114,0.619,0.691,0.024
52,115,0.924,0.943,-0.005
52,116,0.895,0.921,0.006
52,117,0.827,0.867,0.011
52,118,0.979,0.984,-0.001
52,119,0.891,0.917,-0.007
52,12,0.519,0.599,-0.024
52,120,0.908,0.931,0.006
52,121,0.788,0.835,0.014
52,122,0.929,0.947,0.005
52,123,0.81,0.853,0.013
52,124,0.891,0.918,0.007
52,125,0.906,0.929,0.006
52,126,0.765,0.816,0.016
52,127,0.716,0.776,0.02
52,128,0.769,0.82,0.016
52,129,0.844,0.88,0.011
52,13,0.533,0.612,-0.023
52,130,0.856,0.89,0.01
52,131,0.774,0.824,0.016
52,132,0.785,0.833,0.015
52,133,0.863,0.896,-0.009
52,134,0.817,0.859,0.012
52,135,0.853,0.888,0.01
52,136,0.773,0.823,0.015
52,137,0.897,0.922,0.007
52,138,0.928,0.946,0.005
52,139,0.877,0.906,0.008
52,14,0.47,0.552,-0.026
52,140,0.86,0.893,0.009
52,141,0.951,0.964,0.003
52,142,0.975,0.981,-0.002
52,143,0.9,0.924,-0.006
52,144,0.858,0.892,-0.009
52,145,0.775,0.824,-0.014
52,146,0.631,0.702,-0.023
52,147,0.704,0.765,-0.018
52,148,0.726,0.784,-0.017
52,149,0.909,0.931,-0.005
52,15,0.714,0.774,-0.013
52,150,0.857,0.891,-0.009
52,151,0.486,0.568,-0.033
52,152,0.576,0.652,-0.026
52,153,0.563,0.64,-0.027
52,154,0.406,0.489,-0.038
52,155,0.453,0.536,-0.034
52,156,0.357,0.439,-0.042
52,157,0.568,0.645,-0.026
52,158,0.599,0.672,-0.024
52,159,0.691,0.753,-0.018
52,16,0.471,0.554,-0.026
52,160,0.506,0.587,-0.03
52,161,0.71,0.77,-0.017
52,162,0.562,0.639,-0.026
52,163,0.623,0.694,-0.022
52,164,0.432,0.515,-0.035
52,165,0.464,0.546,-0.033
52,166,0.469,0.551,-0.032
52,167,0.521,0.601,-0.029
52,168,0.573,0.649,-0.025
52,169,0.452,0.535,-0.034
52,17,0.574,0.65,-0.021
52,170,0.452,0.535,-0.034
52,171,0.723,0.781,-0.016
52,172,0.571,0.647,-0.026
52,173,0.762,0.814,-0.014
52,174,0.66,0.727,-0.02
52,175,0.747,0.801,-0.015
52,176,0.728,0.785,-0.016
52,177,0.702,0.763,-0.017
52,178,0.645,0.714,-0.021
52,179,0.866,0.898,-0.008
52,18,0.614,0.687,-0.018
52,180,0.966,0.975,-0.002
52,181,0.888,0.915,0.006
52,182,0.942,0.957,-0.003
52,183,0.913,0.934,0.005
52,184,0.881,0.909,0.007
52,185,0.82,0.861,0.011
52,186,0.798,0.843,0.012
52,187,0.961,0.971,-0.002
52,188,0.977,0.983,-0.001
52,189,0.894,0.92,-0.006
52,19,0.735,0.791,-0.012
52,190,0.971,0.978,0.002
52,191,0.97,0.978,0.002
52,192,0.897,0.922,0.006
52,193,0.859,0.893,0.008
52,194,0.686,0.749,0.019
52,195,0.831,0.87,-0.01
52,196,0.842,0.879,-0.009
52,197,0.975,0.982,-0.001
52,198,0.976,0.982,-0.001
52,199,0.86,0.893,0.008
52,20,0.722,0.781,-0.013
52,200,0.973,0.98,0.002
52,201,0.983,0.988,-0.001
52,202,0.884,0.912,0.007
52,203,0.74,0.795,0.016
52,204,0.534,0.613,0.029
52,205,0.702,0.763,0.018
52,206,0.605,0.678,0.024
52,207,0.598,0.672,0.025
52,208,0.693,0.755,0.019
52,209,0.699,0.76,0.018
52,21,0.829,0.869,-0.008
52,210,0.682,0.746,0.019
52,211,0.941,0.956,0.003
52,212,0.755,0.808,0.015
52,213,0.711,0.771,0.017
52,214,0.85,0.885,0.009
52,215,0.92,0.94,-0.005
52,216,0.992,0.994,0.0
52,217,0.75,0.804,0.015
52,218,0.731,0.788,0.016
52,219,0.759,0.811,-0.014
52,22,0.921,0.941,-0.004
52,220,0.854,0.888,-0.009
52,221,0.815,0.857,-0.011
52,222,0.728,0.786,-0.016
52,223,0.597,0.671,-0.025
52,224,0.587,0.662,-0.026
52,225,0.687,0.751,-0.019
52,226,0.58,0.656,-0.026
52,227,0.437,0.52,-0.037
52,228,0.597,0.671,-0.025
52,229,0.535,0.614,-0.03
52,23,0.972,0.979,0.001
52,230,0.503,0.584,-0.032
52,231,0.429,0.512,-0.038
52,232,0.716,0.775,-0.018
52,233,0.685,0.749,-0.02
52,234,0.66,0.727,-0.022
52,235,0.614,0.686,-0.025
52,236,0.62,0.692,-0.025
52,237,0.534,0.613,-0.031
52,238,0.637,0.707,-0.024
52,239,0.36,0.443,-0.047
52,24,0.89,0.917,-0.005
52,240,0.354,0.437,-0.047
52,241,0.344,0.426,-0.049
52,242,0.439,0.522,-0.04
52,243,0.532,0.612,-0.033
52,244,0.409,0.492,-0.044
52,245,0.578,0.654,-0.03
52,246,0.667,0.733,-0.023
52,247,0.684,0.748,-0.023
52,248,0.61,0.683,-0.029
52,249,0.653,0.721,-0.026
52,25,0.713,0.773,0.014
52,250,0.674,0.739,-0.025
52,251,0.814,0.856,-0.014
52,26,0.54,0.619,0.023
52,27,0.411,0.494,0.031
52,28,0.826,0.866,0.008
52,29,0.376,0.459,0.033
52,30,0.432,0.515,0.029
52,31,0.491,0.572,0.026
52,32,0.536,0.615,0.023
52,33,0.454,0.537,0.029
52,34,0.369,0.452,0.034
52,35,0.212,0.283,0.048
52,36,0.156,0.218,0.055
52,37,0.189,0.256,0.051
52,38,0.241,0.316,0.046
52,39,0.121,0.176,0.061
52,40,0.305,0.385,0.04
52,41,0.251,0.327,0.045
52,42,0.24,0.315,0.046
52,43,0.278,0.356,0.043
52,44,0.405,0.488,0.033
52,45,0.41,0.493,0.033
52,46,0.385,0.468,0.035
52,47,0.308,0.389,0.041
52,48,0.432,0.515,0.032
52,49,0.509,0.59,0.027
52,50,0.575,0.651,0.023
52,51,0.471,0.553,0.03
52,52,0.297,0.377,0.043
52,53,0.296,0.375,0.044
52,54,0.148,0.208,0.061
52,55,0.195,0.263,0.054
52,56,0.213,0.284,0.052
52,57,0.222,0.294,0.052
52,58,0.401,0.485,0.035
52,59,0.18,0.246,0.057
52,6,0.354,0.436,-0.035
52,60,0.149,0.21,0.061
52,61,0.112,0.165,0.067
52,62,0.14,0.199,0.063
52,63,0.087,0.132,0.073
52,64,0.139,0.198,0.063
52,65,0.224,0.297,0.052
52,66,0.234,0.308,0.051
52,67,0.248,0.323,0.05
52,68,0.18,0.246,0.058
52,69,0.3,0.38,0.045
52,7,0.371,0.454,-0.034
52,70,0.24,0.315,0.051
52,71,0.212,0.283,0.054
52,72,0.239,0.313,0.051
52,73,0.268,0.345,0.048
52,74,0.387,0.47,0.037
52,75,0.239,0.314,0.051
52,76,0.303,0.383,0.044
52,77,0.277,0.355,0.047
52,78,0.351,0.433,0.04
52,79,0.314,0.395,0.043
52,8,0.481,0.563,-0.027
52,80,0.425,0.508,0.034
52,81,0.513,0.593,0.028
52,82,0.55,0.628,0.026
52,83,0.549,0.627,0.026
52,84,0.447,0.53,0.032
52,85,0.58,0.655,0.024
52,86,0.763,0.815,0.013
52,87,0.777,0.827,0.012
52,88,0.596,0.67,0.022
52,89,0.809,0.853,0.01
52,9,0.574,0.65,-0.021
52,90,0.671,0.736,0.018
52,91,0.534,0.613,0.026
52,92,0.831,0.87,0.009
52,93,0.993,0.995,0.0
52,94,0.993,0.995,0.0
52,95,0.956,0.967,0.002
52,96,0.918,0.938,0.004
52,97,0.533,0.612,0.026
52,98,0.576,0.652,0.024
52,99,0.815,0.857,0.01
53,10,0.959,0.969,0.002
53,100,0.993,0.995,-0.0
53,101,0.996,0.997,-0.0
53,102,0.801,0.846,-0.011
53,103,0.594,0.668,-0.023
53,104,0.748,0.802,-0.014
53,105,0.661,0.728,-0.019
53,106,0.611,0.684,-0.023
53,107,0.738,0.794,-0.015
53,108,0.673,0.738,-0.019
53,109,0.902,0.926,-0.006
53,11,0.794,0.84,-0.01
53,110,0.697,0.759,-0.018
53,111,0.798,0.844,-0.012
53,112,0.863,0.896,-0.008
53,113,0.971,0.978,-0.002
53,114,0.816,0.858,0.011
53,115,0.992,0.994,-0.0
53,116,0.961,0.971,-0.002
53,117,0.928,0.946,0.005
53,118,0.811,0.854,0.012
53,119,0.882,0.91,0.008
53,12,0.949,0.962,-0.002
53,120,0.965,0.974,-0.002
53,121,0.83,0.869,0.011
53,122,0.878,0.907,0.008
53,123,0.691,0.754,0.022
53,124,0.702,0.763,0.021
53,125,0.842,0.879,0.011
53,126,0.848,0.884,0.011
53,127,0.878,0.907,0.009
53,128,0.654,0.721,0.025
53,129,0.665,0.731,0.024
53,13,0.763,0.814,-0.011
53,130,0.828,0.868,0.012
53,131,0.753,0.806,0.018
53,132,0.789,0.836,0.015
53,133,0.869,0.9,0.009
53,134,0.871,0.902,0.009
53,135,0.811,0.854,0.013
53,136,0.972,0.979,0.002
53,137,0.971,0.978,0.002
53,138,0.899,0.924,-0.007
53,139,0.764,0.816,-0.016
53,14,0.933,0.95,0.003
53,140,0.934,0.95,-0.004
53,141,0.916,0.937,-0.005
53,142,0.993,0.995,0.0
53,143,0.831,0.87,-0.011
53,144,0.724,0.782,-0.018
53,145,0.718,0.777,-0.018
53,146,0.531,0.611,-0.031
53,147,0.599,0.673,-0.026
53,148,0.632,0.702,-0.023
53,149,0.592,0.667,-0.026
53,15,0.956,0.967,0.002
53,150,0.477,0.559,-0.034
53,151,0.387,0.47,-0.041
53,152,0.401,0.484,-0.04
53,153,0.4,0.483,-0.04
53,154,0.341,0.423,-0.044
53,155,0.355,0.437,-0.043
53,156,0.469,0.552,-0.033
53,157,0.356,0.439,-0.042
53,158,0.302,0.382,-0.047
53,159,0.361,0.443,-0.042
53,16,0.735,0.791,0.012
53,160,0.311,0.392,-0.046
53,161,0.367,0.45,-0.041
53,162,0.334,0.416,-0.043
53,163,0.457,0.54,-0.033
53,164,0.443,0.526,-0.034
53,165,0.635,0.705,-0.021
53,166,0.766,0.817,-0.013
53,167,0.685,0.749,-0.018
53,168,0.547,0.625,-0.027
53,169,0.626,0.697,-0.022
53,17,0.871,0.902,0.006
53,170,0.639,0.708,-0.021
53,171,0.789,0.836,-0.012
53,172,0.802,0.847,-0.011
53,173,0.579,0.654,-0.025
53,174,0.702,0.764,-0.017
53,175,0.605,0.679,-0.023
53,176,0.703,0.764,-0.017
53,177,0.668,0.734,-0.019
53,178,0.803,0.848,-0.011
53,179,0.861,0.894,-0.008
53,18,0.671,0.736,0.016
53,180,0.844,0.881,-0.009
53,181,0.826,0.866,-0.01
53,182,0.644,0.713,-0.021
53,183,0.593,0.668,-0.025
53,184,0.522,0.601,-0.03
53,185,0.679,0.744,-0.019
53,186,0.596,0.67,-0.025
53,187,0.687,0.75,-0.019
53,188,0.653,0.721,-0.021
53,189,0.51,0.59,-0.031
53,19,0.758,0.811,0.011
53,190,0.626,0.697,-0.023
53,191,0.605,0.678,-0.024
53,192,0.685,0.749,-0.019
53,193,0.775,0.825,-0.013
53,194,0.727,0.785,-0.016
53,195,0.857,0.891,-0.008
53,196,0.862,0.894,-0.008
53,197,0.772,0.822,-0.014
53,198,0.601,0.675,-0.025
53,199,0.741,0.796,-0.016
53,20,0.681,0.745,0.015
53,200,0.748,0.802,-0.015
53,201,0.735,0.791,-0.016
53,202,0.883,0.912,-0.007
53,203,0.89,0.917,0.006
53,204,0.88,0.909,-0.007
53,205,0.949,0.962,-0.003
53,206,0.892,0.919,0.006
53,207,0.973,0.98,-0.002
53,208,0.982,0.987,0.001
53,209,0.991,0.993,-0.001
53,21,0.876,0.906,0.006
53,210,0.969,0.977,0.002
53,211,0.958,0.969,0.002
53,212,0.94,0.955,-0.004
53,213,0.795,0.841,-0.012
53,214,0.97,0.978,0.002
53,215,0.858,0.891,-0.008
53,216,0.687,0.75,-0.019
53,217,0.722,0.781,-0.017
53,218,0.649,0.717,-0.022
53,219,0.744,0.798,-0.015
53,22,0.602,0.675,0.019
53,220,0.71,0.77,-0.018
53,221,0.756,0.809,-0.015
53,222,0.759,0.811,-0.015
53,223,0.764,0.816,-0.014
53,224,0.392,0.476,-0.041
53,225,0.372,0.455,-0.043
53,226,0.512,0.592,-0.031
53,227,0.673,0.738,-0.02
53,228,0.528,0.608,-0.03
53,229,0.512,0.593,-0.032
53,23,0.625,0.696,0.018
53,230,0.392,0.475,-0.041
53,231,0.646,0.715,-0.022
53,232,0.519,0.599,-0.031
53,233,0.478,0.56,-0.035
53,234,0.462,0.545,-0.036
53,235,0.579,0.654,-0.027
53,236,0.504,0.584,-0.033
53,237,0.503,0.584,-0.033
53,238,0.538,0.617,-0.031
53,239,0.555,0.633,-0.03
53,24,0.498,0.58,0.025
53,240,0.528,0.607,-0.032
53,241,0.592,0.667,-0.027
53,242,0.46,0.543,-0.038
53,243,0.456,0.539,-0.039
53,244,0.524,0.603,-0.033
53,245,0.78,0.829,-0.015
53,246,0.676,0.741,-0.023
53,247,0.578,0.654,-0.031
53,248,0.602,0.675,-0.029
53,249,0.606,0.679,-0.029
53,25,0.573,0.65,0.021
53,250,0.577,0.653,-0.032
53,251,0.665,0.731,-0.026
53,26,0.479,0.561,0.026
53,27,0.543,0.622,0.023
53,28,0.545,0.624,0.023
53,29,0.586,0.661,0.021
53,30,0.489,0.57,0.026
53,31,0.309,0.39,0.039
53,32,0.388,0.471,0.033
53,33,0.303,0.383,0.04
53,34,0.383,0.466,0.034
53,35,0.275,0.352,0.042
53,36,0.317,0.398,0.039
53,37,0.334,0.416,0.038
53,38,0.255,0.331,0.044
53,39,0.383,0.466,0.034
53,40,0.418,0.502,0.032
53,41,0.365,0.447,0.036
53,42,0.319,0.399,0.04
53,43,0.277,0.355,0.043
53,44,0.463,0.545,0.03
53,45,0.259,0.335,0.046
53,46,0.267,0.344,0.045
53,47,0.415,0.498,0.033
53,48,0.344,0.426,0.039
53,49,0.317,0.398,0.041
53,50,0.287,0.366,0.044
53,51,0.268,0.346,0.046
53,52,0.264,0.341,0.046
53,53,0.332,0.414,0.04
53,54,0.319,0.4,0.042
53,55,0.152,0.213,0.06
53,56,0.172,0.237,0.057
53,57,0.214,0.285,0.052
53,58,0.112,0.164,0.067
53,59,0.203,0.273,0.054
53,6,0.904,0.928,0.005
53,60,0.205,0.275,0.054
53,61,0.182,0.248,0.057
53,62,0.235,0.309,0.051
53,63,0.225,0.298,0.052
53,64,0.12,0.174,0.067
53,65,0.156,0.219,0.061
53,66,0.164,0.228,0.059
53,67,0.182,0.249,0.057
53,68,0.228,0.301,0.052
53,69,0.114,0.166,0.068
53,7,0.955,0.967,-0.002
53,70,0.1,0.149,0.071
53,71,0.217,0.289,0.053
53,72,0.136,0.194,0.064
53,73,0.215,0.286,0.053
53,74,0.217,0.289,0.053
53,75,0.253,0.329,0.049
53,76,0.192,0.26,0.056
53,77,0.321,0.402,0.042
53,78,0.307,0.387,0.044
53,79,0.204,0.274,0.054
53,8,0.985,0.989,0.001
53,80,0.285,0.363,0.046
53,81,0.375,0.458,0.038
53,82,0.416,0.5,0.035
53,83,0.243,0.318,0.05
53,84,0.318,0.399,0.042
53,85,0.51,0.59,0.028
53,86,0.701,0.762,0.016
53,87,0.488,0.57,0.029
53,88,0.691,0.754,0.017
53,89,0.547,0.625,0.025
53,9,0.983,0.988,-0.001
53,90,0.846,0.882,0.008
53,91,0.628,0.699,0.02
53,92,0.795,0.841,0.011
53,93,0.753,0.806,0.013
53,94,0.888,0.915,0.006
53,95,0.98,0.985,-0.001
53,96,0.905,0.928,-0.005
53,97,0.894,0.92,-0.006
53,98,0.955,0.967,-0.002
53,99,0.969,0.977,0.002
54,10,0.446,0.529,-0.028
54,100,0.932,0.949,0.004
54,101,0.789,0.836,-0.012
54,102,0.925,0.944,0.004
54,103,0.985,0.989,-0.001
54,104,0.887,0.915,0.006
54,105,0.886,0.913,-0.006
54,106,0.748,0.802,-0.015
54,107,0.544,0.622,-0.028
54,108,0.856,0.89,-0.008
54,109,0.919,0.939,-0.005
54,11,0.365,0.447,-0.034
54,110,0.857,0.891,-0.009
54,111,0.859,0.893,-0.008
54,112,0.723,0.781,-0.017
54,113,0.992,0.994,-0.0
54,114,0.955,0.966,-0.003
54,115,0.89,0.917,-0.007
54,116,0.749,0.803,-0.016
54,117,0.837,0.875,-0.011
54,118,0.724,0.782,-0.019
54,119,0.915,0.936,-0.006
54,12,0.669,0.734,-0.016
54,120,0.956,0.967,-0.003
54,121,0.971,0.978,-0.002
54,122,0.889,0.916,0.008
54,123,0.997,0.998,-0.0
54,124,0.891,0.917,0.008
54,125,0.942,0.957,0.004
54,126,0.964,0.974,0.003
54,127,0.926,0.944,0.005
54,128,0.85,0.885,0.011
54,129,0.846,0.882,0.011
54,13,0.477,0.559,-0.026
54,130,0.882,0.911,0.009
54,131,0.827,0.867,0.013
54,132,0.868,0.899,0.01
54,133,0.758,0.811,0.018
54,134,0.791,0.837,0.015
54,135,0.878,0.908,0.009
54,136,0.839,0.876,0.012
54,137,0.986,0.99,0.001
54,138,0.999,0.999,-0.0
54,139,0.803,0.847,-0.014
54,14,0.42,0.503,-0.03
54,140,0.992,0.994,-0.001
54,141,0.913,0.934,-0.006
54,142,0.906,0.929,-0.006
54,143,0.842,0.879,-0.01
54,144,0.555,0.633,-0.03
54,145,0.548,0.626,-0.031
54,146,0.614,0.686,-0.026
54,147,0.681,0.745,-0.021
54,148,0.764,0.815,-0.015
54,149,0.576,0.652,-0.028
54,15,0.559,0.636,-0.021
54,150,0.769,0.819,-0.014
54,151,0.585,0.66,-0.027
54,152,0.451,0.534,-0.036
54,153,0.523,0.603,-0.03
54,154,0.415,0.498,-0.039
54,155,0.367,0.45,-0.043
54,156,0.401,0.484,-0.039
54,157,0.387,0.47,-0.04
54,158,0.599,0.673,-0.024
54,159,0.554,0.632,-0.027
54,16,0.454,0.537,-0.027
54,160,0.584,0.659,-0.025
54,161,0.44,0.523,-0.035
54,162,0.524,0.604,-0.029
54,163,0.41,0.493,-0.037
54,164,0.501,0.582,-0.03
54,165,0.431,0.514,-0.035
54,166,0.445,0.528,-0.034
54,167,0.354,0.436,-0.041
54,168,0.415,0.499,-0.036
54,169,0.351,0.433,-0.042
54,17,0.954,0.965,0.002
54,170,0.399,0.482,-0.038
54,171,0.338,0.42,-0.043
54,172,0.305,0.385,-0.046
54,173,0.455,0.537,-0.034
54,174,0.427,0.51,-0.036
54,175,0.606,0.679,-0.023
54,176,0.577,0.653,-0.025
54,177,0.642,0.711,-0.021
54,178,0.781,0.83,-0.013
54,179,0.728,0.785,-0.016
54,18,0.847,0.883,0.007
54,180,0.719,0.778,-0.016
54,181,0.597,0.671,-0.024
54,182,0.688,0.751,-0.018
54,183,0.896,0.921,-0.006
54,184,0.763,0.815,-0.014
54,185,0.678,0.743,-0.019
54,186,0.844,0.88,-0.009
54,187,0.69,0.753,-0.018
54,188,0.747,0.801,-0.015
54,189,0.592,0.666,-0.025
54,19,0.987,0.991,-0.001
54,190,0.94,0.955,-0.004
54,191,0.886,0.913,-0.007
54,192,0.877,0.907,-0.007
54,193,0.764,0.816,-0.014
54,194,0.88,0.909,-0.007
54,195,0.863,0.895,-0.008
54,196,0.983,0.987,0.001
54,197,0.957,0.968,-0.003
54,198,0.851,0.886,-0.009
54,199,0.68,0.745,-0.019
54,20,0.887,0.914,0.005
54,200,0.742,0.797,-0.015
54,201,0.832,0.871,-0.01
54,202,0.823,0.864,-0.011
54,203,0.927,0.945,-0.004
54,204,0.912,0.934,-0.005
54,205,0.808,0.852,-0.011
54,206,0.951,0.964,-0.003
54,207,0.798,0.843,-0.012
54,208,0.765,0.816,-0.014
54,209,0.557,0.635,-0.028
54,21,0.735,0.791,0.012
54,210,0.649,0.717,-0.021
54,211,0.708,0.768,-0.018
54,212,0.627,0.698,-0.023
54,213,0.694,0.757,-0.018
54,214,0.738,0.794,-0.016
54,215,0.791,0.837,-0.012
54,216,0.8,0.845,-0.012
54,217,0.609,0.681,-0.024
54,218,0.692,0.755,-0.019
54,219,0.83,0.87,-0.01
54,22,0.979,0.985,0.001
54,220,0.774,0.824,-0.013
54,221,0.723,0.782,-0.017
54,222,0.658,0.726,-0.021
54,223,0.607,0.68,-0.024
54,224,0.616,0.688,-0.024
54,225,0.721,0.779,-0.017
54,226,0.553,0.631,-0.028
54,227,0.365,0.448,-0.043
54,228,0.426,0.509,-0.038
54,229,0.31,0.391,-0.048
54,23,0.83,0.869,0.008
54,230,0.478,0.56,-0.034
54,231,0.334,0.416,-0.047
54,232,0.195,0.264,-0.063
54,233,0.395,0.478,-0.041
54,234,0.304,0.384,-0.05
54,235,0.279,0.357,-0.053
54,236,0.306,0.386,-0.051
54,237,0.289,0.368,-0.053
54,238,0.455,0.538,-0.037
54,239,0.441,0.524,-0.039
54,24,0.887,0.914,-0.005
54,240,0.361,0.444,-0.046
54,241,0.432,0.515,-0.04
54,242,0.47,0.552,-0.037
54,243,0.622,0.693,-0.026
54,244,0.52,0.6,-0.034
54,245,0.552,0.63,-0.032
54,246,0.611,0.683,-0.028
54,247,0.664,0.73,-0.024
54,248,0.873,0.903,-0.009
54,249,0.728,0.785,-0.02
54,25,0.814,0.856,0.009
54,250,0.687,0.75,-0.023
54,251,0.866,0.898,-0.01
54,26,0.933,0.95,-0.003
54,27,0.668,0.734,0.016
54,28,0.832,0.871,0.008
54,29,0.499,0.58,0.026
54,30,0.638,0.708,0.018
54,31,0.691,0.754,0.015
54,32,0.697,0.759,0.015
54,33,0.603,0.677,0.02
54,34,0.561,0.638,0.023
54,35,0.389,0.472,0.033
54,36,0.396,0.48,0.033
54,37,0.374,0.457,0.035
54,38,0.29,0.369,0.042
54,39,0.41,0.493,0.033
54,40,0.516,0.596,0.026
54,41,0.383,0.467,0.035
54,42,0.229,0.302,0.048
54,43,0.415,0.498,0.033
54,44,0.345,0.427,0.038
54,45,0.312,0.393,0.041
54,46,0.315,0.396,0.041
54,47,0.291,0.37,0.043
54,48,0.134,0.191,0.062
54,49,0.272,0.349,0.045
54,50,0.235,0.309,0.049
54,51,0.288,0.367,0.044
54,52,0.242,0.317,0.049
54,53,0.235,0.309,0.05
54,54,0.167,0.232,0.058
54,55,0.184,0.251,0.056
54,56,0.206,0.276,0.054
54,57,0.238,0.312,0.05
54,58,0.184,0.251,0.057
54,59,0.137,0.195,0.063
54,6,0.466,0.549,-0.028
54,60,0.203,0.273,0.054
54,61,0.124,0.179,0.066
54,62,0.165,0.229,0.06
54,63,0.162,0.225,0.06
54,64,0.207,0.277,0.054
54,65,0.179,0.245,0.058
54,66,0.173,0.239,0.059
54,67,0.187,0.254,0.057
54,68,0.288,0.367,0.046
54,69,0.243,0.318,0.05
54,7,0.242,0.317,-0.045
54,70,0.124,0.179,0.066
54,71,0.195,0.264,0.056
54,72,0.195,0.264,0.056
54,73,0.294,0.373,0.045
54,74,0.315,0.396,0.043
54,75,0.342,0.424,0.041
54,76,0.375,0.458,0.038
54,77,0.578,0.654,0.024
54,78,0.48,0.562,0.03
54,79,0.494,0.575,0.029
54,8,0.319,0.4,-0.038
54,80,0.566,0.643,0.024
54,81,0.532,0.611,0.027
54,82,0.531,0.611,0.026
54,83,0.641,0.71,0.02
54,84,0.559,0.636,0.025
54,85,0.563,0.64,0.024
54,86,0.449,0.532,0.032
54,87,0.746,0.801,0.014
54,88,0.855,0.89,0.008
54,89,0.984,0.988,0.001
54,9,0.385,0.468,-0.033
54,90,0.74,0.795,0.014
54,91,0.766,0.817,0.013
54,92,0.779,0.828,0.012
54,93,0.918,0.938,-0.004
54,94,0.919,0.939,-0.004
54,95,0.717,0.776,0.015
54,96,0.822,0.863,0.01
54,97,0.991,0.994,0.0
54,98,0.908,0.931,-0.005
54,99,0.91,0.932,-0.005
55,10,0.528,0.608,-0.024
55,100,0.539,0.618,-0.027
55,101,0.843,0.88,-0.009
55,102,0.758,0.81,-0.014
55,103,0.852,0.887,-0.008
55,104,0.76,0.812,-0.014
55,105,0.751,0.805,-0.014
55,106,0.712,0.772,-0.017
55,107,0.667,0.733,-0.02
55,108,0.743,0.798,-0.015
55,109,0.564,0.641,-0.027
55,11,0.332,0.413,-0.036
55,110,0.815,0.857,-0.011
55,111,0.613,0.685,-0.025
55,112,0.725,0.783,-0.017
55,113,0.756,0.809,-0.016
55,114,0.607,0.68,-0.026
55,115,0.718,0.777,-0.019
55,116,0.842,0.879,-0.011
55,117,0.55,0.628,-0.032
55,118,0.486,0.568,-0.038
55,119,0.507,0.588,-0.037
55,12,0.525,0.605,-0.024
55,120,0.731,0.788,-0.02
55,121,0.778,0.827,-0.016
55,122,0.704,0.765,-0.022
55,123,0.614,0.686,-0.03
55,124,0.687,0.75,-0.024
55,125,0.563,0.64,-0.035
55,126,0.635,0.705,-0.029
55,127,0.849,0.884,-0.012
55,128,0.871,0.902,-0.01
55,129,0.793,0.839,-0.016
55,13,0.849,0.884,-0.007
55,130,0.784,0.832,-0.017
55,131,0.88,0.909,-0.009
55,132,0.839,0.876,-0.012
55,133,0.817,0.859,-0.014
55,134,0.835,0.873,-0.012
55,135,0.82,0.861,-0.013
55,136,0.798,0.843,-0.015
55,137,0.604,0.677,-0.03
55,138,0.778,0.827,-0.016
55,139,0.741,0.796,-0.019
55,14,0.829,0.868,-0.008
55,140,0.832,0.871,-0.012
55,141,0.829,0.869,-0.012
55,142,0.87,0.901,-0.009
55,143,0.796,0.842,-0.014
55,144,0.834,0.873,-0.011
55,145,0.636,0.706,-0.025
55,146,0.738,0.794,-0.017
55,147,0.607,0.68,-0.026
55,148,0.583,0.659,-0.028
55,149,0.563,0.64,-0.029
55,15,0.878,0.908,-0.006
55,150,0.554,0.632,-0.03
55,151,0.46,0.542,-0.037
55,152,0.559,0.636,-0.029
55,153,0.415,0.498,-0.04
55,154,0.393,0.477,-0.041
55,155,0.523,0.603,-0.03
55,156,0.538,0.617,-0.029
55,157,0.35,0.433,-0.044
55,158,0.394,0.477,-0.04
55,159,0.508,0.589,-0.031
55,16,0.914,0.935,-0.004
55,160,0.378,0.461,-0.041
55,161,0.465,0.547,-0.033
55,162,0.527,0.606,-0.029
55,163,0.606,0.679,-0.023
55,164,0.508,0.589,-0.03
55,165,0.431,0.514,-0.035
55,166,0.596,0.67,-0.024
55,167,0.275,0.353,-0.049
55,168,0.401,0.484,-0.038
55,169,0.398,0.481,-0.038
55,17,0.998,0.998,-0.0
55,170,0.307,0.387,-0.045
55,171,0.363,0.445,-0.041
55,172,0.407,0.49,-0.037
55,173,0.412,0.495,-0.037
55,174,0.626,0.697,-0.022
55,175,0.406,0.489,-0.037
55,176,0.4,0.483,-0.038
55,177,0.347,0.429,-0.042
55,178,0.576,0.652,-0.025
55,179,0.702,0.763,-0.017
55,18,0.996,0.997,0.0
55,180,0.58,0.656,-0.025
55,181,0.491,0.572,-0.031
55,182,0.425,0.509,-0.036
55,183,0.66,0.727,-0.02
55,184,0.496,0.577,-0.031
55,185,0.647,0.716,-0.021
55,186,0.622,0.693,-0.023
55,187,0.421,0.504,-0.037
55,188,0.66,0.727,-0.02
55,189,0.502,0.583,-0.031
55,19,0.784,0.832,0.01
55,190,0.664,0.73,-0.02
55,191,0.906,0.929,-0.005
55,192,0.839,0.876,-0.009
55,193,0.668,0.734,-0.02
55,194,0.698,0.76,-0.018
55,195,0.762,0.814,-0.014
55,196,0.802,0.847,-0.012
55,197,0.778,0.827,-0.013
55,198,0.646,0.715,-0.022
55,199,0.676,0.741,-0.02
55,20,0.812,0.855,0.009
55,200,0.668,0.734,-0.02
55,201,0.669,0.734,-0.02
55,202,0.9,0.925,-0.006
55,203,0.75,0.803,-0.015
55,204,0.689,0.752,-0.019
55,205,0.71,0.77,-0.018
55,206,0.74,0.796,-0.016
55,207,0.712,0.772,-0.017
55,208,0.65,0.718,-0.021
55,209,0.904,0.927,-0.006
55,21,0.802,0.847,0.009
55,210,0.667,0.733,-0.02
55,211,0.59,0.664,-0.025
55,212,0.464,0.547,-0.034
55,213,0.574,0.65,-0.026
55,214,0.683,0.747,-0.019
55,215,0.637,0.707,-0.022
55,216,0.713,0.773,-0.017
55,217,0.801,0.846,-0.012
55,218,0.718,0.777,-0.017
55,219,0.844,0.88,-0.009
55,22,0.95,0.963,0.002
55,220,0.745,0.8,-0.015
55,221,0.604,0.677,-0.024
55,222,0.414,0.498,-0.039
55,223,0.68,0.744,-0.02
55,224,0.775,0.825,-0.014
55,225,0.609,0.682,-0.024
55,226,0.545,0.623,-0.029
55,227,0.648,0.716,-0.022
55,228,0.866,0.898,-0.008
55,229,0.859,0.893,-0.008
55,23,0.8,0.845,0.009
55,230,0.697,0.759,-0.019
55,231,0.542,0.621,-0.029
55,232,0.79,0.837,-0.013
55,233,0.895,0.921,-0.006
55,234,0.548,0.626,-0.029
55,235,0.6,0.674,-0.026
55,236,0.597,0.671,-0.026
55,237,0.473,0.555,-0.036
55,238,0.497,0.578,-0.034
55,239,0.661,0.728,-0.022
55,24,0.712,0.772,0.014
55,240,0.557,0.635,-0.03
55,241,0.617,0.689,-0.026
55,242,0.502,0.583,-0.034
55,243,0.408,0.492,-0.043
55,244,0.517,0.597,-0.034
55,245,0.536,0.615,-0.033
55,246,0.536,0.615,-0.033
55,247,0.629,0.699,-0.027
55,248,0.649,0.717,-0.025
55,249,0.654,0.722,-0.026
55,25,0.918,0.938,0.004
55,250,0.846,0.882,-0.011
55,251,0.937,0.953,-0.005
55,26,0.728,0.785,0.013
55,27,0.664,0.73,0.016
55,28,0.903,0.927,0.005
55,29,0.729,0.786,0.013
55,30,0.613,0.685,0.019
55,31,0.996,0.997,0.0
55,32,0.896,0.922,0.005
55,33,0.693,0.755,0.015
55,34,0.622,0.694,0.019
55,35,0.552,0.63,0.023
55,36,0.577,0.653,0.022
55,37,0.612,0.685,0.02
55,38,0.645,0.713,0.018
55,39,0.523,0.603,0.025
55,40,0.314,0.395,0.04
55,41,0.468,0.551,0.029
55,42,0.361,0.443,0.037
55,43,0.452,0.535,0.03
55,44,0.61,0.683,0.021
55,45,0.57,0.647,0.023
55,46,0.444,0.527,0.031
55,47,0.449,0.532,0.031
55,48,0.363,0.446,0.038
55,49,0.286,0.365,0.044
55,50,0.204,0.274,0.053
55,51,0.314,0.395,0.042
55,52,0.26,0.336,0.047
55,53,0.317,0.398,0.042
55,54,0.312,0.392,0.043
55,55,0.366,0.449,0.038
55,56,0.322,0.403,0.042
55,57,0.257,0.334,0.048
55,58,0.158,0.221,0.06
55,59,0.203,0.272,0.054
55,6,0.281,0.359,-0.042
55,60,0.215,0.287,0.053
55,61,0.299,0.379,0.045
55,62,0.274,0.352,0.047
55,63,0.37,0.452,0.039
55,64,0.452,0.535,0.032
55,65,0.363,0.446,0.039
55,66,0.422,0.505,0.035
55,67,0.566,0.642,0.025
55,68,0.279,0.358,0.046
55,69,0.465,0.547,0.031
55,7,0.214,0.285,-0.048
55,70,0.277,0.355,0.047
55,71,0.517,0.597,0.028
55,72,0.506,0.587,0.028
55,73,0.591,0.666,0.023
55,74,0.378,0.461,0.038
55,75,0.474,0.556,0.031
55,76,0.335,0.417,0.041
55,77,0.681,0.746,0.018
55,78,0.638,0.707,0.02
55,79,0.556,0.634,0.025
55,8,0.135,0.192,-0.057
55,80,0.591,0.665,0.023
55,81,0.879,0.908,0.006
55,82,0.994,0.996,0.0
55,83,0.954,0.966,0.002
55,84,0.72,0.779,0.015
55,85,0.916,0.937,0.004
55,86,0.969,0.977,-0.002
55,87,0.784,0.832,-0.012
55,88,0.778,0.827,-0.012
55,89,0.848,0.883,-0.008
55,9,0.454,0.537,-0.028
55,90,0.929,0.947,-0.004
55,91,0.814,0.856,-0.01
55,92,0.833,0.872,-0.009
55,93,0.861,0.894,-0.007
55,94,0.62,0.692,-0.021
55,95,0.692,0.755,-0.017
55,96,0.691,0.754,-0.017
55,97,0.547,0.626,-0.026
55,98,0.558,0.635,-0.025
55,99,0.604,0.678,-0.023
56,10,0.885,0.913,-0.005
56,100,0.599,0.673,-0.023
56,101,0.736,0.792,-0.015
56,102,0.737,0.793,-0.015
56,103,0.487,0.569,-0.031
56,104,0.481,0.563,-0.032
56,105,0.474,0.556,-0.033
56,106,0.488,0.57,-0.032
56,107,0.489,0.571,-0.033
56,108,0.448,0.531,-0.036
56,109,0.302,0.381,-0.05
56,11,0.833,0.872,-0.008
56,110,0.329,0.411,-0.048
56,111,0.681,0.745,-0.021
56,112,0.54,0.619,-0.031
56,113,0.345,0.428,-0.049
56,114,0.516,0.596,-0.034
56,115,0.448,0.531,-0.041
56,116,0.326,0.407,-0.054
56,117,0.423,0.506,-0.045
56,118,0.454,0.537,-0.043
56,119,0.335,0.417,-0.057
56,12,0.812,0.855,-0.009
56,120,0.393,0.476,-0.051
56,121,0.507,0.588,-0.04
56,122,0.515,0.595,-0.04
56,123,0.567,0.644,-0.036
56,124,0.525,0.605,-0.04
56,125,0.453,0.536,-0.048
56,126,0.508,0.589,-0.042
56,127,0.543,0.621,-0.039
56,128,0.487,0.569,-0.044
56,129,0.632,0.703,-0.031
56,13,0.658,0.726,-0.016
56,130,0.616,0.688,-0.032
56,131,0.683,0.747,-0.026
56,132,0.716,0.775,-0.023
56,133,0.894,0.92,-0.008
56,134,0.726,0.783,-0.022
56,135,0.893,0.919,-0.008
56,136,0.809,0.852,-0.015
56,137,0.89,0.916,-0.008
56,138,0.636,0.706,-0.028
56,139,0.687,0.751,-0.023
56,14,0.808,0.852,-0.009
56,140,0.725,0.783,-0.02
56,141,0.544,0.623,-0.034
56,142,0.682,0.746,-0.023
56,143,0.762,0.814,-0.017
56,144,0.476,0.559,-0.039
56,145,0.408,0.491,-0.044
56,146,0.442,0.525,-0.041
56,147,0.326,0.407,-0.052
56,148,0.459,0.542,-0.038
56,149,0.454,0.536,-0.038
56,15,0.689,0.752,-0.015
56,150,0.438,0.521,-0.039
56,151,0.475,0.557,-0.036
56,152,0.481,0.563,-0.035
56,153,0.256,0.332,-0.056
56,154,0.335,0.416,-0.047
56,155,0.415,0.498,-0.039
56,156,0.275,0.353,-0.052
56,157,0.31,0.391,-0.048
56,158,0.338,0.419,-0.045
56,159,0.408,0.491,-0.039
56,16,0.911,0.933,-0.004
56,160,0.422,0.506,-0.037
56,161,0.465,0.548,-0.034
56,162,0.591,0.665,-0.025
56,163,0.696,0.758,-0.018
56,164,0.569,0.645,-0.026
56,165,0.411,0.494,-0.037
56,166,0.296,0.376,-0.047
56,167,0.69,0.753,-0.018
56,168,0.51,0.591,-0.03
56,169,0.48,0.562,-0.032
56,17,0.736,0.792,-0.012
56,170,0.427,0.51,-0.035
56,171,0.433,0.516,-0.035
56,172,0.383,0.466,-0.039
56,173,0.433,0.516,-0.035
56,174,0.43,0.513,-0.035
56,175,0.426,0.509,-0.036
56,176,0.391,0.475,-0.039
56,177,0.56,0.637,-0.026
56,178,0.664,0.73,-0.02
56,179,0.646,0.715,-0.021
56,18,0.697,0.759,-0.014
56,180,0.698,0.76,-0.018
56,181,0.72,0.778,-0.016
56,182,0.522,0.601,-0.029
56,183,0.601,0.675,-0.024
56,184,0.703,0.764,-0.018
56,185,0.81,0.853,-0.011
56,186,0.827,0.867,-0.01
56,187,0.859,0.892,-0.008
56,188,0.757,0.81,-0.014
56,189,0.796,0.842,-0.012
56,19,0.953,0.965,-0.002
56,190,0.798,0.843,-0.012
56,191,0.857,0.891,-0.008
56,192,0.875,0.905,0.007
56,193,0.878,0.907,-0.007
56,194,0.877,0.906,-0.007
56,195,0.936,0.952,-0.004
56,196,0.828,0.868,-0.01
56,197,0.951,0.964,-0.003
56,198,0.853,0.887,-0.009
56,199,0.913,0.934,0.005
56,20,0.993,0.995,0.0
56,200,0.873,0.904,0.008
56,201,0.904,0.928,-0.006
56,202,0.912,0.934,-0.005
56,203,0.951,0.964,-0.003
56,204,0.966,0.975,-0.002
56,205,0.883,0.911,0.007
56,206,0.964,0.973,0.002
56,207,0.955,0.967,-0.003
56,208,0.847,0.883,-0.009
56,209,0.757,0.81,-0.015
56,21,0.92,0.94,0.004
56,210,0.811,0.854,-0.011
56,211,0.674,0.739,-0.02
56,212,0.644,0.713,-0.022
56,213,0.816,0.858,-0.011
56,214,0.74,0.796,-0.016
56,215,0.648,0.717,-0.021
56,216,0.401,0.484,-0.039
56,217,0.459,0.542,-0.035
56,218,0.402,0.485,-0.039
56,219,0.388,0.471,-0.041
56,22,0.629,0.7,-0.018
56,220,0.396,0.48,-0.04
56,221,0.337,0.419,-0.045
56,222,0.334,0.416,-0.046
56,223,0.31,0.391,-0.048
56,224,0.379,0.462,-0.042
56,225,0.37,0.453,-0.043
56,226,0.448,0.531,-0.036
56,227,0.546,0.625,-0.029
56,228,0.441,0.524,-0.037
56,229,0.52,0.6,-0.031
56,23,0.953,0.965,-0.002
56,230,0.537,0.616,-0.029
56,231,0.54,0.618,-0.029
56,232,0.587,0.662,-0.026
56,233,0.573,0.649,-0.027
56,234,0.394,0.477,-0.041
56,235,0.466,0.548,-0.036
56,236,0.543,0.622,-0.03
56,237,0.355,0.438,-0.046
56,238,0.478,0.56,-0.035
56,239,0.543,0.622,-0.03
56,24,0.986,0.99,0.001
56,240,0.522,0.602,-0.032
56,241,0.45,0.532,-0.038
56,242,0.476,0.558,-0.037
56,243,0.476,0.558,-0.037
56,244,0.518,0.598,-0.034
56,245,0.567,0.644,-0.03
56,246,0.533,0.613,-0.033
56,247,0.585,0.66,-0.03
56,248,0.676,0.741,-0.023
56,249,0.662,0.729,-0.025
56,25,0.87,0.901,0.006
56,250,0.642,0.711,-0.027
56,251,0.666,0.732,-0.025
56,26,0.836,0.875,-0.008
56,27,0.769,0.82,0.011
56,28,0.948,0.961,-0.002
56,29,0.86,0.893,-0.007
56,30,0.725,0.783,0.014
56,31,0.789,0.836,0.01
56,32,0.975,0.981,0.001
56,33,0.989,0.992,-0.001
56,34,0.896,0.922,0.005
56,35,0.554,0.632,0.023
56,36,0.619,0.691,0.02
56,37,0.719,0.777,0.014
56,38,0.662,0.728,0.017
56,39,0.586,0.661,0.022
56,40,0.486,0.568,0.028
56,41,0.746,0.801,0.013
56,42,0.465,0.548,0.03
56,43,0.446,0.529,0.031
56,44,0.56,0.638,0.024
56,45,0.559,0.637,0.024
56,46,0.509,0.59,0.027
56,47,0.454,0.537,0.031
56,48,0.368,0.451,0.038
56,49,0.301,0.381,0.043
56,50,0.543,0.622,0.026
56,51,0.463,0.545,0.031
56,52,0.44,0.523,0.033
56,53,0.443,0.526,0.032
56,54,0.299,0.379,0.044
56,55,0.294,0.373,0.045
56,56,0.311,0.391,0.043
56,57,0.194,0.262,0.056
56,58,0.301,0.381,0.044
56,59,0.16,0.223,0.06
56,6,0.565,0.642,-0.022
56,60,0.184,0.251,0.057
56,61,0.199,0.268,0.055
56,62,0.158,0.22,0.061
56,63,0.227,0.3,0.052
56,64,0.212,0.283,0.054
56,65,0.228,0.302,0.052
56,66,0.249,0.324,0.05
56,67,0.311,0.392,0.044
56,68,0.319,0.4,0.043
56,69,0.344,0.426,0.041
56,7,0.686,0.75,-0.016
56,70,0.341,0.423,0.041
56,71,0.352,0.434,0.04
56,72,0.53,0.609,0.027
56,73,0.66,0.727,0.019
56,74,0.525,0.605,0.027
56,75,0.709,0.769,0.016
56,76,0.823,0.864,0.01
56,77,0.797,0.843,0.011
56,78,0.735,0.792,0.014
56,79,0.459,0.541,0.031
56,8,0.746,0.801,-0.012
56,80,0.529,0.609,0.027
56,81,0.586,0.661,0.023
56,82,0.772,0.822,0.012
56,83,0.906,0.929,0.005
56,84,0.908,0.931,0.005
56,85,0.914,0.935,-0.005
56,86,0.99,0.992,-0.001
56,87,0.784,0.832,-0.012
56,88,0.794,0.841,-0.011
56,89,0.979,0.985,-0.001
56,9,0.727,0.785,-0.013
56,90,0.731,0.788,-0.015
56,91,0.963,0.973,-0.002
56,92,0.767,0.818,-0.013
56,93,0.849,0.884,-0.008
56,94,0.819,0.86,-0.01
56,95,0.676,0.741,-0.018
56,96,0.474,0.556,-0.031
56,97,0.631,0.701,-0.021
56,98,0.654,0.721,-0.019
56,99,0.727,0.784,-0.015
57,10,0.815,0.857,-0.009
57,100,0.782,0.83,-0.012
57,101,0.472,0.554,-0.032
57,102,0.67,0.735,-0.019
57,103,0.706,0.766,-0.017
57,104,0.672,0.737,-0.02
57,105,0.61,0.683,-0.024
57,106,0.634,0.704,-0.023
57,107,0.572,0.648,-0.027
57,108,0.555,0.633,-0.029
57,109,0.582,0.658,-0.027
57,11,0.972,0.979,-0.001
57,110,0.575,0.651,-0.028
57,111,0.639,0.709,-0.024
57,112,0.601,0.675,-0.028
57,113,0.525,0.605,-0.034
57,114,0.464,0.547,-0.04
57,115,0.449,0.531,-0.043
57,116,0.486,0.568,-0.04
57,117,0.414,0.497,-0.048
57,118,0.486,0.568,-0.042
57,119,0.512,0.593,-0.04
57,12,0.918,0.939,-0.004
57,120,0.378,0.461,-0.055
57,121,0.357,0.439,-0.058
57,122,0.462,0.545,-0.047
57,123,0.43,0.513,-0.051
57,124,0.438,0.521,-0.05
57,125,0.452,0.535,-0.049
57,126,0.511,0.592,-0.043
57,127,0.508,0.589,-0.043
57,128,0.641,0.71,-0.03
57,129,0.775,0.824,-0.019
57,13,0.808,0.852,-0.009
57,130,0.475,0.557,-0.046
57,131,0.733,0.79,-0.022
57,132,0.634,0.704,-0.031
57,133,0.548,0.626,-0.038
57,134,0.588,0.663,-0.034
57,135,0.656,0.723,-0.028
57,136,0.621,0.692,-0.031
57,137,0.619,0.69,-0.031
57,138,0.519,0.599,-0.039
57,139,0.47,0.552,-0.043
57,14,0.937,0.953,0.003
57,140,0.438,0.521,-0.046
57,141,0.407,0.49,-0.048
57,142,0.311,0.392,-0.058
57,143,0.42,0.503,-0.046
57,144,0.485,0.567,-0.039
57,145,0.567,0.644,-0.031
57,146,0.505,0.586,-0.036
57,147,0.478,0.56,-0.038
57,148,0.465,0.548,-0.039
57,149,0.536,0.615,-0.032
57,15,0.88,0.909,0.006
57,150,0.58,0.655,-0.029
57,151,0.626,0.697,-0.025
57,152,0.389,0.472,-0.044
57,153,0.422,0.505,-0.04
57,154,0.632,0.702,-0.024
57,155,0.419,0.502,-0.04
57,156,0.434,0.517,-0.038
57,157,0.349,0.431,-0.045
57,158,0.531,0.61,-0.03
57,159,0.635,0.705,-0.023
57,16,0.953,0.965,0.002
57,160,0.591,0.665,-0.025
57,161,0.699,0.76,-0.018
57,162,0.517,0.597,-0.03
57,163,0.436,0.519,-0.036
57,164,0.509,0.59,-0.03
57,165,0.587,0.662,-0.025
57,166,0.595,0.669,-0.024
57,167,0.579,0.655,-0.025
57,168,0.53,0.61,-0.028
57,169,0.689,0.752,-0.018
57,17,0.932,0.949,-0.003
57,170,0.395,0.478,-0.038
57,171,0.307,0.387,-0.046
57,172,0.404,0.487,-0.037
57,173,0.374,0.457,-0.04
57,174,0.349,0.431,-0.042
57,175,0.409,0.493,-0.037
57,176,0.376,0.459,-0.04
57,177,0.477,0.559,-0.032
57,178,0.459,0.542,-0.033
57,179,0.39,0.474,-0.039
57,18,0.724,0.782,0.013
57,180,0.441,0.524,-0.035
57,181,0.518,0.598,-0.029
57,182,0.503,0.584,-0.031
57,183,0.431,0.514,-0.036
57,184,0.688,0.751,-0.018
57,185,0.885,0.913,-0.007
57,186,0.733,0.79,-0.016
57,187,0.796,0.842,-0.012
57,188,0.947,0.961,-0.003
57,189,0.974,0.98,-0.002
57,19,0.815,0.857,0.009
57,190,0.987,0.99,0.001
57,191,0.941,0.956,-0.003
57,192,0.971,0.978,0.002
57,193,0.916,0.937,-0.005
57,194,0.933,0.95,-0.004
57,195,1.0,1.0,0.0
57,196,0.953,0.965,-0.003
57,197,0.774,0.824,0.013
57,198,0.746,0.801,0.015
57,199,0.902,0.926,0.006
57,20,0.635,0.705,0.018
57,200,0.858,0.892,0.008
57,201,0.977,0.983,-0.001
57,202,0.928,0.946,-0.004
57,203,0.848,0.884,-0.009
57,204,0.974,0.981,-0.002
57,205,0.823,0.863,-0.011
57,206,0.793,0.839,-0.012
57,207,0.747,0.802,-0.015
57,208,0.926,0.944,0.004
57,209,0.991,0.994,0.001
57,21,0.704,0.765,0.014
57,210,0.938,0.954,0.004
57,211,0.808,0.851,0.011
57,212,0.883,0.911,-0.007
57,213,0.844,0.88,0.009
57,214,0.902,0.926,-0.006
57,215,0.835,0.873,-0.01
57,216,0.912,0.933,-0.005
57,217,0.815,0.857,-0.011
57,218,0.504,0.584,-0.031
57,219,0.664,0.73,-0.02
57,22,0.781,0.829,0.01
57,220,0.67,0.735,-0.02
57,221,0.622,0.694,-0.023
57,222,0.691,0.754,-0.019
57,223,0.451,0.533,-0.036
57,224,0.387,0.47,-0.041
57,225,0.467,0.55,-0.034
57,226,0.468,0.55,-0.034
57,227,0.342,0.424,-0.045
57,228,0.383,0.466,-0.041
57,229,0.267,0.344,-0.053
57,23,0.597,0.671,0.02
57,230,0.208,0.278,-0.06
57,231,0.381,0.464,-0.042
57,232,0.28,0.358,-0.052
57,233,0.39,0.473,-0.042
57,234,0.372,0.455,-0.043
57,235,0.316,0.397,-0.049
57,236,0.412,0.495,-0.04
57,237,0.434,0.517,-0.039
57,238,0.404,0.487,-0.041
57,239,0.323,0.404,-0.049
57,24,0.525,0.604,0.024
57,240,0.477,0.559,-0.036
57,241,0.496,0.577,-0.035
57,242,0.515,0.595,-0.033
57,243,0.435,0.519,-0.04
57,244,0.42,0.503,-0.042
57,245,0.494,0.575,-0.036
57,246,0.448,0.531,-0.041
57,247,0.499,0.58,-0.037
57,248,0.506,0.587,-0.037
57,249,0.453,0.536,-0.043
57,25,0.813,0.856,0.009
57,250,0.435,0.518,-0.045
57,251,0.585,0.66,-0.032
57,26,0.681,0.745,0.016
57,27,0.636,0.706,0.018
57,28,0.847,0.883,0.007
57,29,0.681,0.745,0.016
57,30,0.448,0.53,0.029
57,31,0.982,0.987,0.001
57,32,0.989,0.992,0.001
57,33,0.549,0.627,0.023
57,34,0.664,0.731,0.017
57,35,0.73,0.787,0.014
57,36,0.617,0.689,0.02
57,37,0.658,0.725,0.018
57,38,0.574,0.651,0.022
57,39,0.461,0.544,0.03
57,40,0.511,0.591,0.027
57,41,0.926,0.944,0.004
57,42,0.641,0.71,0.019
57,43,0.519,0.599,0.026
57,44,0.583,0.658,0.023
57,45,0.538,0.617,0.025
57,46,0.613,0.685,0.021
57,47,0.503,0.584,0.028
57,48,0.306,0.386,0.043
57,49,0.308,0.388,0.043
57,50,0.321,0.402,0.042
57,51,0.449,0.532,0.032
57,52,0.49,0.571,0.029
57,53,0.479,0.561,0.03
57,54,0.407,0.491,0.035
57,55,0.401,0.484,0.036
57,56,0.429,0.512,0.034
57,57,0.379,0.462,0.038
57,58,0.384,0.467,0.038
57,59,0.479,0.561,0.031
57,6,0.496,0.578,-0.027
57,60,0.486,0.568,0.03
57,61,0.532,0.611,0.027
57,62,0.403,0.486,0.036
57,63,0.613,0.685,0.022
57,64,0.588,0.663,0.023
57,65,0.78,0.828,0.012
57,66,0.598,0.672,0.023
57,67,0.699,0.761,0.017
57,68,0.558,0.635,0.025
57,69,0.58,0.655,0.024
57,7,0.492,0.574,-0.027
57,70,0.646,0.715,0.02
57,71,0.705,0.766,0.016
57,72,0.827,0.867,0.009
57,73,0.937,0.953,0.003
57,74,0.954,0.966,0.002
57,75,0.893,0.919,0.006
57,76,0.812,0.855,0.01
57,77,0.68,0.744,0.018
57,78,0.824,0.865,0.009
57,79,0.922,0.942,-0.004
57,8,0.509,0.589,-0.025
57,80,0.988,0.991,-0.001
57,81,0.843,0.879,-0.008
57,82,0.813,0.856,-0.01
57,83,0.915,0.936,-0.005
57,84,0.862,0.895,-0.007
57,85,0.907,0.93,-0.005
57,86,0.935,0.951,-0.003
57,87,0.845,0.882,-0.008
57,88,0.868,0.9,-0.007
57,89,0.72,0.779,-0.015
57,9,0.639,0.708,-0.018
57,90,0.658,0.725,-0.019
57,91,0.889,0.916,-0.006
57,92,0.999,0.999,0.0
57,93,0.811,0.854,-0.01
57,94,0.789,0.836,-0.012
57,95,0.891,0.917,-0.006
57,96,0.757,0.81,-0.013
57,97,0.65,0.718,-0.02
57,98,0.613,0.685,-0.022
57,99,0.985,0.989,0.001
58,10,0.702,0.763,-0.015
58,100,0.613,0.686,-0.023
58,101,0.466,0.549,-0.033
58,102,0.664,0.73,-0.02
58,103,0.537,0.616,-0.029
58,104,0.714,0.774,-0.017
58,105,0.519,0.599,-0.031
58,106,0.482,0.564,-0.034
58,107,0.434,0.517,-0.038
58,108,0.374,0.457,-0.044
58,109,0.481,0.562,-0.036
58,11,0.554,0.631,-0.022
58,110,0.567,0.644,-0.03
58,111,0.688,0.751,-0.021
58,112,0.562,0.639,-0.031
58,113,0.531,0.61,-0.035
58,114,0.436,0.519,-0.044
58,115,0.406,0.489,-0.048
58,116,0.453,0.535,-0.045
58,117,0.381,0.464,-0.053
58,118,0.433,0.516,-0.048
58,119,0.356,0.439,-0.058
58,12,0.588,0.663,-0.02
58,120,0.389,0.472,-0.054
58,121,0.446,0.529,-0.048
58,122,0.332,0.413,-0.062
58,123,0.39,0.473,-0.055
58,124,0.357,0.439,-0.059
58,125,0.491,0.572,-0.044
58,126,0.425,0.508,-0.052
58,127,0.526,0.606,-0.041
58,128,0.564,0.641,-0.037
58,129,0.446,0.529,-0.049
58,13,0.776,0.826,-0.011
58,130,0.366,0.448,-0.058
58,131,0.556,0.633,-0.038
58,132,0.442,0.525,-0.049
58,133,0.478,0.56,-0.045
58,134,0.522,0.602,-0.041
58,135,0.551,0.629,-0.038
58,136,0.48,0.562,-0.045
58,137,0.38,0.463,-0.055
58,138,0.308,0.388,-0.063
58,139,0.398,0.481,-0.052
58,14,0.951,0.964,0.002
58,140,0.29,0.369,-0.064
58,141,0.294,0.373,-0.063
58,142,0.215,0.286,-0.073
58,143,0.33,0.411,-0.056
58,144,0.265,0.342,-0.063
58,145,0.231,0.304,-0.067
58,146,0.309,0.39,-0.056
58,147,0.274,0.351,-0.06
58,148,0.35,0.433,-0.05
58,149,0.363,0.446,-0.048
58,15,0.966,0.974,0.002
58,150,0.34,0.422,-0.05
58,151,0.318,0.399,-0.052
58,152,0.381,0.464,-0.045
58,153,0.335,0.417,-0.049
58,154,0.36,0.443,-0.046
58,155,0.433,0.516,-0.039
58,156,0.333,0.415,-0.048
58,157,0.263,0.34,-0.055
58,158,0.394,0.477,-0.041
58,159,0.428,0.511,-0.038
58,16,0.893,0.919,0.005
58,160,0.473,0.555,-0.034
58,161,0.355,0.438,-0.044
58,162,0.395,0.478,-0.04
58,163,0.364,0.446,-0.042
58,164,0.329,0.411,-0.045
58,165,0.367,0.449,-0.041
58,166,0.403,0.486,-0.038
58,167,0.503,0.584,-0.03
58,168,0.491,0.572,-0.031
58,169,0.486,0.568,-0.031
58,17,0.842,0.879,0.007
58,170,0.367,0.45,-0.041
58,171,0.394,0.478,-0.038
58,172,0.404,0.487,-0.037
58,173,0.444,0.526,-0.034
58,174,0.378,0.46,-0.04
58,175,0.515,0.595,-0.029
58,176,0.491,0.573,-0.031
58,177,0.704,0.765,-0.017
58,178,0.475,0.557,-0.032
58,179,0.554,0.632,-0.027
58,18,0.807,0.851,-0.009
58,180,0.529,0.608,-0.028
58,181,0.597,0.671,-0.024
58,182,0.696,0.759,-0.018
58,183,0.621,0.692,-0.023
58,184,0.715,0.775,-0.017
58,185,0.558,0.635,-0.027
58,186,0.844,0.88,-0.009
58,187,0.836,0.874,-0.01
58,188,0.789,0.836,-0.012
58,189,0.715,0.774,-0.017
58,19,0.661,0.728,0.016
58,190,0.762,0.814,-0.014
58,191,0.809,0.853,-0.011
58,192,0.994,0.995,0.0
58,193,0.963,0.973,-0.002
58,194,0.809,0.852,-0.011
58,195,0.96,0.97,0.002
58,196,0.933,0.95,0.004
58,197,0.896,0.921,-0.006
58,198,0.967,0.975,-0.002
58,199,0.812,0.855,0.011
58,20,0.771,0.821,0.011
58,200,0.918,0.939,-0.005
58,201,0.966,0.975,0.002
58,202,0.973,0.98,0.002
58,203,0.928,0.946,-0.004
58,204,0.911,0.933,0.005
58,205,0.885,0.913,0.007
58,206,0.902,0.926,0.006
58,207,0.999,0.999,0.0
58,208,0.9,0.925,0.006
58,209,0.977,0.983,0.001
58,21,0.824,0.865,0.008
58,210,0.969,0.977,0.002
58,211,0.865,0.897,-0.008
58,212,0.798,0.844,-0.012
58,213,0.864,0.896,-0.008
58,214,0.948,0.961,0.003
58,215,0.946,0.959,-0.003
58,216,0.856,0.89,-0.009
58,217,0.81,0.854,-0.011
58,218,0.709,0.77,-0.018
58,219,0.625,0.696,-0.023
58,22,0.789,0.836,0.01
58,220,0.652,0.72,-0.021
58,221,0.559,0.636,-0.028
58,222,0.454,0.537,-0.035
58,223,0.488,0.57,-0.033
58,224,0.433,0.516,-0.037
58,225,0.495,0.576,-0.032
58,226,0.469,0.551,-0.035
58,227,0.527,0.606,-0.03
58,228,0.45,0.533,-0.036
58,229,0.365,0.448,-0.043
58,23,0.921,0.94,0.004
58,230,0.466,0.548,-0.035
58,231,0.475,0.557,-0.034
58,232,0.376,0.459,-0.043
58,233,0.429,0.512,-0.038
58,234,0.314,0.394,-0.049
58,235,0.414,0.497,-0.04
58,236,0.412,0.496,-0.04
58,237,0.337,0.419,-0.047
58,238,0.492,0.573,-0.034
58,239,0.476,0.558,-0.036
58,24,0.94,0.955,-0.003
58,240,0.607,0.68,-0.026
58,241,0.426,0.509,-0.04
58,242,0.621,0.692,-0.025
58,243,0.733,0.789,-0.018
58,244,0.796,0.842,-0.013
58,245,0.813,0.855,-0.013
58,246,0.916,0.937,-0.006
58,247,0.842,0.879,-0.011
58,248,0.757,0.81,-0.017
58,249,0.877,0.907,-0.009
58,25,0.792,0.839,0.01
58,250,0.682,0.746,-0.024
58,251,0.804,0.849,-0.015
58,26,0.567,0.643,0.022
58,27,0.859,0.892,0.007
58,28,0.9,0.924,-0.005
58,29,0.835,0.873,0.008
58,30,0.912,0.934,0.004
58,31,0.61,0.682,0.02
58,32,0.529,0.608,0.025
58,33,0.531,0.611,0.025
58,34,0.36,0.442,0.036
58,35,0.385,0.468,0.034
58,36,0.32,0.4,0.04
58,37,0.306,0.386,0.041
58,38,0.498,0.579,0.027
58,39,0.348,0.43,0.038
58,40,0.45,0.533,0.031
58,41,0.277,0.355,0.045
58,42,0.437,0.52,0.032
58,43,0.401,0.484,0.035
58,44,0.45,0.533,0.031
58,45,0.36,0.442,0.038
58,46,0.358,0.44,0.039
58,47,0.522,0.602,0.027
58,48,0.434,0.517,0.033
58,49,0.446,0.529,0.032
58,50,0.335,0.416,0.041
58,51,0.464,0.547,0.031
58,52,0.539,0.618,0.026
58,53,0.467,0.549,0.031
58,54,0.442,0.525,0.033
58,55,0.522,0.601,0.028
58,56,0.435,0.518,0.034
58,57,0.377,0.46,0.038
58,58,0.451,0.534,0.033
58,59,0.544,0.622,0.026
58,6,0.347,0.429,-0.037
58,60,0.589,0.664,0.023
58,61,0.646,0.715,0.02
58,62,0.469,0.551,0.032
58,63,0.438,0.521,0.034
58,64,0.419,0.503,0.035
58,65,0.478,0.56,0.031
58,66,0.459,0.542,0.032
58,67,0.601,0.674,0.023
58,68,0.343,0.425,0.041
58,69,0.556,0.633,0.026
58,7,0.302,0.381,-0.04
58,70,0.623,0.694,0.021
58,71,0.565,0.642,0.025
58,72,0.472,0.554,0.031
58,73,0.611,0.684,0.022
58,74,0.809,0.852,0.01
58,75,0.722,0.78,0.015
58,76,0.721,0.779,0.015
58,77,0.546,0.625,0.026
58,78,0.726,0.784,0.015
58,79,0.759,0.811,0.013
58,8,0.488,0.57,-0.027
58,80,0.921,0.941,-0.004
58,81,0.862,0.895,0.007
58,82,0.948,0.962,-0.003
58,83,0.829,0.868,0.009
58,84,0.912,0.933,0.005
58,85,0.943,0.958,-0.003
58,86,0.985,0.989,-0.001
58,87,0.996,0.997,0.0
58,88,0.912,0.934,-0.005
58,89,0.931,0.948,0.004
58,9,0.748,0.802,-0.012
58,90,0.82,0.861,0.01
58,91,0.629,0.7,-0.021
58,92,0.741,0.796,-0.014
58,93,0.622,0.693,-0.021
58,94,0.829,0.868,-0.009
58,95,0.854,0.889,-0.008
58,96,0.791,0.837,-0.012
58,97,0.686,0.749,-0.018
58,98,0.67,0.736,-0.019
58,99,0.555,0.633,-0.026
59,10,0.136,0.194,-0.057
59,100,0.585,0.66,-0.025
59,101,0.589,0.664,-0.025
59,102,0.484,0.565,-0.032
59,103,0.418,0.502,-0.038
59,104,0.447,0.53,-0.036
59,105,0.428,0.511,-0.038
59,106,0.367,0.45,-0.044
59,107,0.324,0.405,-0.049
59,108,0.374,0.457,-0.045
59,109,0.362,0.445,-0.048
59,11,0.309,0.389,-0.039
59,110,0.311,0.391,-0.054
59,111,0.244,0.319,-0.064
59,112,0.184,0.251,-0.074
59,113,0.22,0.292,-0.07
59,114,0.159,0.222,-0.082
59,115,0.127,0.183,-0.091
59,116,0.193,0.261,-0.079
59,117,0.158,0.221,-0.087
59,118,0.181,0.247,-0.083
59,119,0.151,0.212,-0.09
59,12,0.21,0.28,-0.048
59,120,0.214,0.285,-0.078
59,121,0.175,0.241,-0.085
59,122,0.27,0.347,-0.07
59,123,0.291,0.37,-0.067
59,124,0.275,0.353,-0.069
59,125,0.247,0.322,-0.073
59,126,0.342,0.424,-0.06
59,127,0.31,0.39,-0.064
59,128,0.301,0.381,-0.065
59,129,0.327,0.408,-0.062
59,13,0.324,0.405,-0.038
59,130,0.311,0.391,-0.064
59,131,0.38,0.463,-0.055
59,132,0.365,0.447,-0.057
59,133,0.291,0.37,-0.067
59,134,0.46,0.543,-0.047
59,135,0.325,0.406,-0.062
59,136,0.314,0.395,-0.063
59,137,0.291,0.37,-0.066
59,138,0.278,0.356,-0.068
59,139,0.261,0.338,-0.07
59,14,0.389,0.472,-0.033
59,140,0.273,0.351,-0.067
59,141,0.23,0.303,-0.073
59,142,0.12,0.175,-0.093
59,143,0.18,0.246,-0.079
59,144,0.165,0.229,-0.081
59,145,0.179,0.245,-0.077
59,146,0.195,0.264,-0.073
59,147,0.202,0.272,-0.071
59,148,0.147,0.208,-0.079
59,149,0.299,0.379,-0.056
59,15,0.478,0.56,-0.027
59,150,0.159,0.222,-0.075
59,151,0.259,0.336,-0.059
59,152,0.28,0.358,-0.056
59,153,0.209,0.28,-0.065
59,154,0.197,0.266,-0.066
59,155,0.239,0.313,-0.059
59,156,0.342,0.424,-0.047
59,157,0.289,0.368,-0.052
59,158,0.351,0.433,-0.046
59,159,0.344,0.426,-0.046
59,16,0.529,0.609,-0.024
59,160,0.34,0.422,-0.046
59,161,0.383,0.466,-0.042
59,162,0.38,0.463,-0.041
59,163,0.411,0.495,-0.038
59,164,0.415,0.498,-0.038
59,165,0.345,0.427,-0.044
59,166,0.35,0.432,-0.043
59,167,0.44,0.523,-0.035
59,168,0.437,0.52,-0.035
59,169,0.319,0.4,-0.045
59,17,0.809,0.852,-0.009
59,170,0.309,0.389,-0.046
59,171,0.319,0.4,-0.045
59,172,0.39,0.473,-0.039
59,173,0.319,0.399,-0.045
59,174,0.428,0.511,-0.035
59,175,0.373,0.456,-0.04
59,176,0.333,0.414,-0.043
59,177,0.363,0.445,-0.041
59,178,0.43,0.513,-0.035
59,179,0.523,0.603,-0.029
59,18,0.639,0.709,-0.018
59,180,0.752,0.805,-0.014
59,181,0.761,0.813,-0.014
59,182,0.648,0.716,-0.021
59,183,0.608,0.681,-0.023
59,184,0.589,0.664,-0.025
59,185,0.657,0.724,-0.02
59,186,0.719,0.778,-0.017
59,187,0.848,0.884,-0.009
59,188,0.838,0.876,-0.009
59,189,0.838,0.876,-0.009
59,19,0.943,0.958,-0.003
59,190,0.988,0.991,-0.001
59,191,0.892,0.918,0.006
59,192,0.773,0.823,0.013
59,193,0.952,0.964,0.003
59,194,0.934,0.95,0.004
59,195,0.944,0.958,0.003
59,196,0.924,0.943,0.004
59,197,0.977,0.983,0.001
59,198,0.795,0.841,0.012
59,199,0.802,0.846,0.012
59,20,0.749,0.803,-0.012
59,200,0.832,0.871,0.01
59,201,0.828,0.868,0.01
59,202,0.973,0.98,0.002
59,203,0.882,0.911,0.007
59,204,0.643,0.712,0.022
59,205,0.942,0.957,0.003
59,206,0.742,0.797,0.016
59,207,0.969,0.977,-0.002
59,208,0.821,0.862,-0.011
59,209,0.775,0.824,-0.014
59,21,0.724,0.782,-0.013
59,210,0.936,0.952,-0.004
59,211,0.716,0.775,-0.017
59,212,0.758,0.81,-0.015
59,213,0.713,0.773,-0.017
59,214,0.773,0.823,-0.014
59,215,0.833,0.872,-0.01
59,216,0.556,0.634,-0.028
59,217,0.471,0.554,-0.034
59,218,0.701,0.763,-0.018
59,219,0.442,0.525,-0.036
59,22,0.642,0.711,-0.018
59,220,0.375,0.458,-0.042
59,221,0.334,0.416,-0.046
59,222,0.286,0.365,-0.05
59,223,0.321,0.402,-0.047
59,224,0.24,0.314,-0.056
59,225,0.235,0.309,-0.056
59,226,0.153,0.215,-0.068
59,227,0.224,0.297,-0.058
59,228,0.148,0.208,-0.069
59,229,0.101,0.15,-0.078
59,23,0.949,0.962,-0.002
59,230,0.212,0.283,-0.06
59,231,0.094,0.142,-0.081
59,232,0.154,0.215,-0.069
59,233,0.204,0.274,-0.062
59,234,0.278,0.357,-0.053
59,235,0.193,0.262,-0.064
59,236,0.292,0.371,-0.052
59,237,0.233,0.306,-0.059
59,238,0.248,0.324,-0.057
59,239,0.259,0.336,-0.056
59,24,0.921,0.941,0.004
59,240,0.396,0.48,-0.043
59,241,0.362,0.445,-0.046
59,242,0.38,0.463,-0.045
59,243,0.359,0.441,-0.047
59,244,0.456,0.539,-0.039
59,245,0.526,0.606,-0.034
59,246,0.437,0.52,-0.042
59,247,0.546,0.624,-0.033
59,248,0.454,0.537,-0.042
59,249,0.605,0.678,-0.029
59,25,0.737,0.793,0.013
59,250,0.679,0.744,-0.024
59,251,0.645,0.714,-0.027
59,26,0.952,0.964,-0.002
59,27,0.617,0.689,0.019
59,28,0.817,0.859,0.009
59,29,0.614,0.686,0.019
59,30,0.89,0.917,0.005
59,31,0.943,0.957,-0.003
59,32,0.922,0.941,0.004
59,33,0.985,0.989,0.001
59,34,0.743,0.798,0.013
59,35,0.753,0.807,0.012
59,36,0.629,0.7,0.019
59,37,0.666,0.732,0.017
59,38,0.806,0.85,0.01
59,39,0.716,0.775,0.015
59,40,0.705,0.766,0.015
59,41,0.695,0.758,0.016
59,42,0.932,0.949,0.003
59,43,0.796,0.842,0.011
59,44,0.647,0.716,0.019
59,45,0.604,0.678,0.022
59,46,0.478,0.56,0.03
59,47,0.616,0.688,0.021
59,48,0.608,0.681,0.022
59,49,0.616,0.688,0.021
59,50,0.627,0.698,0.021
59,51,0.543,0.621,0.026
59,52,0.365,0.447,0.039
59,53,0.53,0.61,0.027
59,54,0.59,0.665,0.023
59,55,0.807,0.851,0.011
59,56,0.776,0.826,0.012
59,57,0.933,0.95,0.004
59,58,0.851,0.886,0.008
59,59,0.657,0.724,0.019
59,6,0.26,0.337,-0.045
59,60,0.758,0.81,0.013
59,61,0.903,0.927,0.005
59,62,0.589,0.664,0.023
59,63,0.62,0.692,0.022
59,64,0.668,0.734,0.019
59,65,0.454,0.537,0.033
59,66,0.567,0.643,0.025
59,67,0.668,0.734,0.019
59,68,0.53,0.609,0.027
59,69,0.716,0.775,0.016
59,7,0.114,0.167,-0.063
59,70,0.577,0.653,0.024
59,71,0.555,0.632,0.026
59,72,0.84,0.878,0.009
59,73,0.724,0.782,0.015
59,74,0.762,0.814,0.013
59,75,0.527,0.607,0.027
59,76,0.741,0.796,0.014
59,77,0.877,0.906,0.007
59,78,0.913,0.935,-0.005
59,79,0.838,0.876,0.009
59,8,0.204,0.274,-0.05
59,80,0.957,0.968,-0.002
59,81,0.907,0.93,0.005
59,82,0.808,0.852,-0.01
59,83,0.837,0.875,-0.009
59,84,0.923,0.942,-0.004
59,85,0.903,0.927,-0.005
59,86,0.932,0.949,-0.004
59,87,0.89,0.917,-0.006
59,88,0.631,0.701,-0.02
59,89,0.913,0.935,-0.005
59,9,0.2,0.27,-0.05
59,90,0.985,0.989,0.001
59,91,0.898,0.923,-0.006
59,92,0.989,0.992,-0.001
59,93,0.72,0.778,-0.015
59,94,0.633,0.703,-0.021
59,95,0.715,0.774,-0.016
59,96,0.767,0.818,-0.013
59,97,0.724,0.782,-0.016
59,98,0.587,0.662,-0.024
59,99,0.565,0.642,-0.026
6,10,0.697,0.759,-0.013
6,100,0.907,0.93,-0.004
6,101,0.904,0.928,-0.005
6,102,0.953,0.965,0.002
6,103,0.777,0.826,-0.011
6,104,0.997,0.998,0.0
6,105,0.973,0.98,0.001
6,106,0.891,0.917,-0.005
6,107,0.591,0.666,-0.021
6,108,0.681,0.745,-0.016
6,109,0.979,0.985,-0.001
6,11,0.54,0.618,-0.021
6,110,0.821,0.862,-0.009
6,111,0.961,0.971,0.002
6,112,0.823,0.864,-0.009
6,113,0.936,0.952,0.003
6,114,0.887,0.915,0.006
6,115,0.888,0.915,0.006
6,116,0.82,0.861,0.009
6,117,0.848,0.884,0.008
6,118,0.882,0.91,0.006
6,119,0.909,0.932,0.005
6,12,0.466,0.549,-0.025
6,120,0.944,0.959,0.003
6,121,0.985,0.989,0.001
6,122,0.831,0.87,-0.009
6,123,0.984,0.988,0.001
6,124,0.843,0.879,0.008
6,125,0.961,0.971,-0.002
6,126,0.829,0.869,-0.009
6,127,0.79,0.837,-0.011
6,128,0.754,0.807,-0.013
6,129,0.94,0.955,-0.003
6,13,0.399,0.482,-0.028
6,130,0.832,0.871,-0.009
6,131,0.859,0.893,-0.007
6,132,0.861,0.894,-0.007
6,133,0.786,0.834,-0.011
6,134,0.816,0.858,-0.009
6,135,0.957,0.968,-0.002
6,136,0.887,0.914,-0.006
6,137,0.79,0.837,-0.011
6,138,0.878,0.908,-0.006
6,139,0.67,0.736,-0.018
6,14,0.332,0.413,-0.033
6,140,0.903,0.927,-0.005
6,141,0.905,0.928,-0.005
6,142,0.983,0.987,-0.001
6,143,0.707,0.767,-0.016
6,144,0.85,0.886,-0.008
6,145,0.745,0.8,-0.013
6,146,0.589,0.664,-0.022
6,147,0.503,0.584,-0.028
6,148,0.765,0.816,-0.012
6,149,0.619,0.691,-0.021
6,15,0.383,0.467,-0.029
6,150,0.951,0.963,-0.003
6,151,0.939,0.954,-0.003
6,152,0.847,0.883,-0.008
6,153,0.959,0.97,-0.002
6,154,0.962,0.972,0.002
6,155,0.895,0.921,-0.006
6,156,0.839,0.876,-0.009
6,157,0.804,0.849,-0.01
6,158,0.883,0.911,-0.006
6,159,0.833,0.872,-0.009
6,16,0.297,0.376,-0.035
6,160,0.762,0.813,-0.013
6,161,0.675,0.74,-0.018
6,162,0.834,0.873,-0.009
6,163,0.861,0.894,-0.008
6,164,0.761,0.813,-0.013
6,165,0.825,0.866,-0.009
6,166,0.715,0.774,-0.016
6,167,0.784,0.832,-0.012
6,168,0.922,0.942,-0.004
6,169,0.96,0.97,-0.002
6,17,0.757,0.81,-0.01
6,170,0.77,0.82,-0.013
6,171,0.93,0.948,-0.004
6,172,0.773,0.823,-0.013
6,173,0.847,0.883,-0.008
6,174,0.672,0.738,-0.019
6,175,0.64,0.709,-0.021
6,176,0.727,0.784,-0.016
6,177,0.702,0.764,-0.017
6,178,0.537,0.616,-0.028
6,179,0.578,0.654,-0.025
6,18,0.338,0.419,-0.032
6,180,0.583,0.658,-0.025
6,181,0.82,0.861,-0.01
6,182,0.674,0.739,-0.019
6,183,0.844,0.881,-0.009
6,184,0.752,0.805,-0.015
6,185,0.849,0.885,-0.009
6,186,0.704,0.765,-0.018
6,187,0.847,0.883,-0.009
6,188,0.923,0.942,-0.005
6,189,0.928,0.946,0.004
6,19,0.407,0.491,-0.027
6,190,0.837,0.875,-0.01
6,191,0.995,0.997,0.0
6,192,0.994,0.995,-0.0
6,193,0.602,0.676,0.025
6,194,0.884,0.912,0.007
6,195,0.864,0.896,0.008
6,196,0.996,0.997,0.0
6,197,0.793,0.839,0.013
6,198,0.987,0.991,0.001
6,199,0.966,0.975,-0.002
6,20,0.443,0.526,-0.025
6,200,0.97,0.978,-0.002
6,201,0.94,0.955,-0.004
6,202,0.817,0.859,-0.012
6,203,0.843,0.88,-0.01
6,204,0.795,0.841,-0.014
6,205,0.699,0.761,-0.02
6,206,0.868,0.899,-0.009
6,207,0.724,0.782,-0.019
6,208,0.729,0.786,-0.019
6,209,0.951,0.963,-0.003
6,21,0.179,0.245,-0.044
6,210,0.707,0.768,-0.02
6,211,0.604,0.677,-0.028
6,212,0.605,0.678,-0.028
6,213,0.432,0.515,-0.043
6,214,0.548,0.626,-0.033
6,215,0.75,0.804,-0.018
6,216,0.823,0.864,-0.013
6,217,0.619,0.691,-0.028
6,218,0.744,0.798,-0.019
6,219,0.871,0.902,-0.009
6,22,0.85,0.885,-0.006
6,220,0.822,0.863,-0.013
6,221,0.922,0.941,-0.006
6,222,0.85,0.885,-0.011
6,223,0.809,0.853,-0.014
6,224,0.991,0.993,0.001
6,225,0.815,0.858,0.014
6,226,0.95,0.963,-0.004
6,227,0.863,0.896,-0.01
6,228,0.953,0.965,-0.003
6,229,0.915,0.936,-0.006
6,23,0.439,0.522,-0.026
6,230,0.939,0.955,-0.005
6,231,0.836,0.874,-0.012
6,232,0.756,0.809,-0.019
6,233,0.81,0.853,-0.014
6,234,0.857,0.891,-0.011
6,235,0.715,0.774,-0.022
6,236,0.77,0.821,-0.018
6,237,0.639,0.708,-0.029
6,238,0.821,0.862,-0.014
6,239,0.629,0.7,-0.03
6,24,0.914,0.935,-0.004
6,240,0.771,0.821,-0.018
6,241,0.774,0.824,-0.018
6,242,0.731,0.788,-0.021
6,243,0.781,0.829,-0.017
6,244,0.918,0.938,-0.007
6,245,0.555,0.632,-0.037
6,246,0.923,0.942,-0.006
6,247,0.903,0.927,-0.008
6,248,0.888,0.916,0.009
6,249,0.768,0.819,-0.019
6,25,0.404,0.487,-0.027
6,250,0.88,0.909,-0.01
6,251,0.987,0.991,-0.001
6,26,0.846,0.882,-0.006
6,27,0.473,0.555,-0.024
6,28,0.847,0.883,0.006
6,29,0.814,0.856,-0.008
6,30,0.86,0.893,0.006
6,31,0.962,0.971,0.002
6,32,0.997,0.998,-0.0
6,33,0.966,0.975,0.001
6,34,0.65,0.718,0.015
6,35,0.995,0.996,-0.0
6,36,0.789,0.836,0.009
6,37,0.936,0.952,-0.003
6,38,0.558,0.635,-0.019
6,39,0.99,0.992,-0.0
6,40,0.965,0.974,0.001
6,41,0.956,0.968,-0.002
6,42,0.555,0.632,-0.02
6,43,0.815,0.857,-0.008
6,44,0.965,0.974,-0.001
6,45,0.793,0.839,-0.009
6,46,0.787,0.835,-0.009
6,47,0.565,0.642,-0.019
6,48,0.927,0.945,-0.003
6,49,0.704,0.765,-0.013
6,50,0.57,0.646,-0.019
6,51,0.514,0.595,-0.022
6,52,0.763,0.815,-0.01
6,53,0.541,0.62,-0.021
6,54,0.671,0.737,-0.014
6,55,0.264,0.341,-0.038
6,56,0.746,0.8,-0.011
6,57,0.864,0.896,0.006
6,58,0.869,0.901,-0.006
6,59,0.877,0.907,-0.005
6,60,0.611,0.684,-0.017
6,61,0.796,0.842,-0.009
6,62,0.846,0.882,-0.007
6,63,0.906,0.929,-0.004
6,64,0.663,0.729,-0.015
6,65,0.81,0.853,-0.008
6,66,0.761,0.813,0.011
6,67,0.987,0.99,-0.001
6,68,0.804,0.849,-0.009
6,69,0.97,0.978,0.001
6,7,0.927,0.945,-0.003
6,70,0.833,0.872,-0.007
6,71,0.881,0.909,-0.005
6,72,0.94,0.955,-0.003
6,73,0.843,0.88,0.007
6,74,0.965,0.974,-0.002
6,75,0.851,0.886,0.007
6,76,0.794,0.84,0.009
6,77,0.983,0.988,-0.001
6,78,0.895,0.92,0.005
6,79,0.987,0.99,0.001
6,8,0.998,0.999,-0.0
6,80,0.768,0.819,0.011
6,81,0.849,0.885,0.007
6,82,0.977,0.983,-0.001
6,83,0.94,0.955,0.003
6,84,0.83,0.87,0.008
6,85,0.96,0.97,0.002
6,86,0.976,0.983,-0.001
6,87,0.94,0.955,0.003
6,88,0.931,0.949,0.003
6,89,0.869,0.901,0.006
6,9,0.534,0.613,-0.022
6,90,0.899,0.924,-0.005
6,91,0.985,0.989,0.001
6,92,0.833,0.872,0.008
6,93,0.774,0.824,0.011
6,94,0.922,0.941,0.004
6,95,0.996,0.997,-0.0
6,96,0.915,0.936,-0.004
6,97,0.94,0.955,-0.003
6,98,0.957,0.968,-0.002
6,99,0.843,0.88,-0.007
60,10,0.617,0.689,-0.019
60,100,0.277,0.355,-0.05
60,101,0.529,0.609,-0.029
60,102,0.416,0.499,-0.038
60,103,0.371,0.454,-0.042
60,104,0.342,0.424,-0.046
60,105,0.418,0.501,-0.04
60,106,0.276,0.354,-0.054
60,107,0.414,0.497,-0.041
60,108,0.326,0.407,-0.051
60,109,0.491,0.572,-0.037
60,11,0.755,0.808,-0.012
60,110,0.358,0.441,-0.05
60,111,0.271,0.348,-0.061
60,112,0.221,0.293,-0.07
60,113,0.165,0.228,-0.081
60,114,0.131,0.188,-0.09
60,115,0.151,0.213,-0.087
60,116,0.115,0.167,-0.096
60,117,0.125,0.181,-0.094
60,118,0.151,0.212,-0.088
60,119,0.106,0.157,-0.099
60,12,0.846,0.882,-0.007
60,120,0.195,0.264,-0.08
60,121,0.179,0.245,-0.082
60,122,0.277,0.355,-0.067
60,123,0.332,0.414,-0.059
60,124,0.205,0.275,-0.077
60,125,0.235,0.309,-0.072
60,126,0.269,0.347,-0.067
60,127,0.292,0.371,-0.064
60,128,0.271,0.348,-0.067
60,129,0.322,0.403,-0.06
60,13,0.767,0.818,-0.011
60,130,0.264,0.341,-0.068
60,131,0.366,0.449,-0.055
60,132,0.376,0.459,-0.054
60,133,0.295,0.374,-0.064
60,134,0.276,0.354,-0.067
60,135,0.275,0.353,-0.067
60,136,0.231,0.304,-0.074
60,137,0.207,0.277,-0.078
60,138,0.169,0.233,-0.085
60,139,0.169,0.234,-0.085
60,14,0.871,0.902,0.006
60,140,0.175,0.24,-0.084
60,141,0.14,0.199,-0.09
60,142,0.1,0.15,-0.099
60,143,0.102,0.152,-0.098
60,144,0.154,0.216,-0.084
60,145,0.163,0.226,-0.081
60,146,0.191,0.259,-0.075
60,147,0.149,0.209,-0.081
60,148,0.233,0.306,-0.066
60,149,0.322,0.403,-0.054
60,15,0.833,0.871,-0.008
60,150,0.227,0.3,-0.065
60,151,0.212,0.283,-0.066
60,152,0.228,0.301,-0.064
60,153,0.206,0.277,-0.066
60,154,0.239,0.313,-0.06
60,155,0.229,0.302,-0.061
60,156,0.292,0.371,-0.053
60,157,0.253,0.329,-0.057
60,158,0.373,0.456,-0.044
60,159,0.328,0.41,-0.048
60,16,0.854,0.889,-0.007
60,160,0.223,0.295,-0.059
60,161,0.388,0.471,-0.041
60,162,0.28,0.358,-0.051
60,163,0.252,0.328,-0.054
60,164,0.273,0.351,-0.051
60,165,0.44,0.523,-0.036
60,166,0.418,0.502,-0.037
60,167,0.512,0.592,-0.03
60,168,0.326,0.407,-0.045
60,169,0.288,0.367,-0.048
60,17,0.785,0.833,0.01
60,170,0.27,0.348,-0.05
60,171,0.352,0.435,-0.042
60,172,0.485,0.567,-0.031
60,173,0.434,0.517,-0.035
60,174,0.487,0.569,-0.031
60,175,0.521,0.6,-0.029
60,176,0.634,0.704,-0.021
60,177,0.692,0.755,-0.018
60,178,0.723,0.781,-0.016
60,179,0.753,0.806,-0.014
60,18,0.954,0.966,-0.002
60,180,0.844,0.88,-0.009
60,181,0.723,0.781,-0.016
60,182,0.733,0.79,-0.015
60,183,0.799,0.845,-0.012
60,184,0.804,0.848,-0.011
60,185,0.981,0.986,0.001
60,186,0.93,0.948,0.004
60,187,0.799,0.844,-0.012
60,188,0.989,0.992,0.001
60,189,0.877,0.907,-0.007
60,19,0.995,0.997,-0.0
60,190,0.944,0.958,-0.003
60,191,0.892,0.918,0.006
60,192,0.95,0.963,0.003
60,193,0.868,0.9,-0.008
60,194,0.748,0.802,-0.015
60,195,0.734,0.791,-0.016
60,196,0.985,0.989,0.001
60,197,0.66,0.727,0.021
60,198,0.857,0.89,-0.008
60,199,0.802,0.846,-0.012
60,20,0.771,0.821,0.011
60,200,0.817,0.859,-0.011
60,201,0.607,0.68,-0.024
60,202,0.623,0.695,-0.023
60,203,0.703,0.764,-0.018
60,204,0.712,0.771,-0.017
60,205,0.551,0.629,-0.028
60,206,0.55,0.628,-0.028
60,207,0.789,0.836,-0.013
60,208,0.723,0.781,-0.017
60,209,0.624,0.695,-0.023
60,21,0.866,0.898,0.006
60,210,0.535,0.614,-0.029
60,211,0.505,0.586,-0.032
60,212,0.503,0.584,-0.032
60,213,0.501,0.582,-0.032
60,214,0.552,0.629,-0.028
60,215,0.571,0.648,-0.027
60,216,0.535,0.614,-0.029
60,217,0.472,0.555,-0.034
60,218,0.509,0.59,-0.031
60,219,0.568,0.645,-0.027
60,22,0.993,0.995,-0.0
60,220,0.56,0.637,-0.027
60,221,0.403,0.486,-0.039
60,222,0.379,0.462,-0.042
60,223,0.402,0.485,-0.04
60,224,0.268,0.346,-0.052
60,225,0.402,0.486,-0.04
60,226,0.371,0.453,-0.042
60,227,0.409,0.493,-0.039
60,228,0.35,0.432,-0.045
60,229,0.193,0.262,-0.062
60,23,0.961,0.971,0.002
60,230,0.268,0.345,-0.053
60,231,0.24,0.315,-0.057
60,232,0.198,0.268,-0.062
60,233,0.132,0.189,-0.073
60,234,0.171,0.236,-0.067
60,235,0.17,0.234,-0.067
60,236,0.219,0.291,-0.06
60,237,0.12,0.175,-0.077
60,238,0.114,0.167,-0.078
60,239,0.131,0.188,-0.075
60,24,0.891,0.917,0.005
60,240,0.136,0.194,-0.075
60,241,0.176,0.242,-0.069
60,242,0.28,0.358,-0.055
60,243,0.361,0.444,-0.047
60,244,0.475,0.557,-0.037
60,245,0.394,0.477,-0.045
60,246,0.363,0.446,-0.049
60,247,0.526,0.605,-0.035
60,248,0.6,0.674,-0.029
60,249,0.552,0.63,-0.034
60,25,0.676,0.741,0.016
60,250,0.423,0.506,-0.046
60,251,0.501,0.582,-0.04
60,26,0.603,0.677,0.02
60,27,0.801,0.846,0.01
60,28,0.878,0.907,0.006
60,29,0.735,0.791,0.013
60,30,0.697,0.759,0.015
60,31,0.706,0.767,0.015
60,32,0.68,0.744,0.016
60,33,0.64,0.709,0.018
60,34,0.72,0.778,0.014
60,35,0.906,0.929,0.005
60,36,0.61,0.682,0.02
60,37,0.549,0.627,0.024
60,38,0.509,0.59,0.027
60,39,0.555,0.632,0.024
60,40,0.69,0.753,0.016
60,41,0.593,0.667,0.022
60,42,0.613,0.686,0.021
60,43,0.536,0.615,0.026
60,44,0.552,0.63,0.025
60,45,0.775,0.824,0.012
60,46,0.811,0.854,0.01
60,47,0.525,0.604,0.027
60,48,0.421,0.504,0.034
60,49,0.46,0.542,0.032
60,50,0.38,0.463,0.038
60,51,0.431,0.515,0.034
60,52,0.701,0.762,0.017
60,53,0.546,0.624,0.026
60,54,0.563,0.64,0.025
60,55,0.849,0.885,0.008
60,56,0.862,0.895,0.008
60,57,0.939,0.954,-0.003
60,58,0.799,0.844,0.011
60,59,0.834,0.872,0.009
60,6,0.357,0.439,-0.037
60,60,0.839,0.877,0.009
60,61,0.771,0.822,0.013
60,62,0.714,0.774,0.016
60,63,0.88,0.909,0.007
60,64,0.671,0.737,0.018
60,65,0.876,0.905,0.007
60,66,0.963,0.972,0.002
60,67,0.882,0.91,0.006
60,68,0.597,0.671,0.023
60,69,0.628,0.699,0.021
60,7,0.424,0.507,-0.032
60,70,0.844,0.881,0.009
60,71,0.877,0.906,0.007
60,72,0.843,0.88,0.009
60,73,0.813,0.856,0.01
60,74,0.955,0.966,-0.002
60,75,0.893,0.919,-0.006
60,76,0.909,0.932,0.005
60,77,0.993,0.995,-0.0
60,78,0.978,0.984,0.001
60,79,0.826,0.866,-0.009
60,8,0.556,0.634,-0.023
60,80,0.944,0.959,-0.003
60,81,0.917,0.937,-0.004
60,82,0.78,0.829,-0.012
60,83,0.717,0.776,-0.015
60,84,0.669,0.735,-0.018
60,85,0.847,0.883,-0.008
60,86,0.772,0.822,-0.012
60,87,0.676,0.741,-0.018
60,88,0.526,0.606,-0.027
60,89,0.454,0.537,-0.032
60,9,0.706,0.767,-0.015
60,90,0.45,0.532,-0.032
60,91,0.529,0.608,-0.027
60,92,0.485,0.567,-0.03
60,93,0.448,0.531,-0.033
60,94,0.461,0.544,-0.032
60,95,0.458,0.541,-0.033
60,96,0.558,0.635,-0.026
60,97,0.478,0.56,-0.032
60,98,0.315,0.396,-0.045
60,99,0.475,0.557,-0.032
61,10,0.661,0.728,-0.017
61,100,0.355,0.437,-0.043
61,101,0.412,0.495,-0.038
61,102,0.491,0.572,-0.033
61,103,0.551,0.629,-0.029
61,104,0.372,0.455,-0.043
61,105,0.403,0.487,-0.041
61,106,0.409,0.492,-0.042
61,107,0.363,0.446,-0.047
61,108,0.313,0.393,-0.053
61,109,0.21,0.281,-0.068
61,11,0.592,0.666,-0.02
61,110,0.306,0.386,-0.057
61,111,0.214,0.285,-0.071
61,112,0.224,0.297,-0.07
61,113,0.204,0.274,-0.075
61,114,0.203,0.273,-0.076
61,115,0.169,0.234,-0.083
61,116,0.156,0.218,-0.086
61,117,0.187,0.255,-0.08
61,118,0.249,0.324,-0.07
61,119,0.276,0.354,-0.066
61,12,0.698,0.76,-0.015
61,120,0.291,0.37,-0.063
61,121,0.327,0.408,-0.058
61,122,0.471,0.553,-0.043
61,123,0.395,0.478,-0.05
61,124,0.469,0.551,-0.043
61,125,0.457,0.54,-0.044
61,126,0.466,0.548,-0.043
61,127,0.652,0.72,-0.026
61,128,0.578,0.654,-0.032
61,129,0.431,0.514,-0.046
61,13,0.842,0.879,-0.008
61,130,0.253,0.329,-0.067
61,131,0.418,0.501,-0.048
61,132,0.426,0.509,-0.047
61,133,0.412,0.495,-0.049
61,134,0.301,0.381,-0.061
61,135,0.408,0.491,-0.05
61,136,0.335,0.416,-0.058
61,137,0.341,0.423,-0.058
61,138,0.319,0.399,-0.061
61,139,0.227,0.3,-0.074
61,14,0.835,0.873,-0.008
61,140,0.246,0.321,-0.071
61,141,0.24,0.314,-0.072
61,142,0.245,0.32,-0.071
61,143,0.265,0.342,-0.067
61,144,0.239,0.313,-0.07
61,145,0.273,0.351,-0.064
61,146,0.261,0.338,-0.065
61,147,0.391,0.474,-0.049
61,148,0.363,0.446,-0.051
61,149,0.235,0.309,-0.066
61,15,0.802,0.847,-0.009
61,150,0.392,0.475,-0.047
61,151,0.401,0.484,-0.045
61,152,0.379,0.462,-0.047
61,153,0.344,0.426,-0.049
61,154,0.328,0.41,-0.05
61,155,0.33,0.411,-0.05
61,156,0.41,0.493,-0.042
61,157,0.308,0.389,-0.051
61,158,0.349,0.431,-0.046
61,159,0.284,0.362,-0.052
61,16,0.616,0.688,-0.019
61,160,0.318,0.399,-0.048
61,161,0.306,0.386,-0.049
61,162,0.279,0.357,-0.052
61,163,0.297,0.377,-0.049
61,164,0.326,0.407,-0.046
61,165,0.391,0.475,-0.04
61,166,0.334,0.416,-0.045
61,167,0.41,0.493,-0.038
61,168,0.402,0.486,-0.038
61,169,0.498,0.579,-0.031
61,17,0.979,0.985,0.001
61,170,0.442,0.525,-0.035
61,171,0.455,0.537,-0.034
61,172,0.371,0.454,-0.04
61,173,0.65,0.718,-0.02
61,174,0.549,0.627,-0.027
61,175,0.599,0.672,-0.024
61,176,0.467,0.549,-0.033
61,177,0.634,0.704,-0.021
61,178,0.595,0.669,-0.024
61,179,0.847,0.883,-0.009
61,18,0.483,0.565,-0.026
61,180,0.895,0.92,-0.006
61,181,0.906,0.929,-0.005
61,182,0.835,0.873,-0.009
61,183,0.944,0.958,0.003
61,184,0.976,0.982,-0.001
61,185,0.935,0.951,-0.004
61,186,0.94,0.955,-0.003
61,187,0.956,0.967,0.003
61,188,0.94,0.955,-0.003
61,189,0.974,0.981,0.002
61,19,0.831,0.87,-0.008
61,190,0.95,0.962,-0.003
61,191,0.906,0.929,-0.005
61,192,0.991,0.993,-0.001
61,193,0.917,0.938,0.005
61,194,0.937,0.953,-0.004
61,195,0.992,0.994,0.0
61,196,0.834,0.872,0.01
61,197,0.942,0.957,0.003
61,198,0.87,0.901,0.008
61,199,0.851,0.886,-0.009
61,20,0.891,0.918,-0.005
61,200,0.84,0.878,-0.009
61,201,0.906,0.929,-0.006
61,202,0.981,0.986,0.001
61,203,0.899,0.924,-0.006
61,204,0.895,0.92,-0.006
61,205,0.896,0.921,-0.006
61,206,0.942,0.957,-0.003
61,207,0.836,0.874,0.01
61,208,0.988,0.991,0.001
61,209,0.936,0.952,-0.004
61,21,0.986,0.989,-0.001
61,210,0.743,0.798,-0.015
61,211,0.741,0.796,-0.016
61,212,0.65,0.718,-0.021
61,213,0.696,0.758,-0.018
61,214,0.716,0.775,-0.017
61,215,0.625,0.696,-0.023
61,216,0.778,0.827,-0.013
61,217,0.622,0.693,-0.023
61,218,0.496,0.578,-0.032
61,219,0.444,0.527,-0.036
61,22,0.987,0.991,0.001
61,220,0.581,0.656,-0.026
61,221,0.493,0.574,-0.032
61,222,0.547,0.625,-0.028
61,223,0.457,0.54,-0.035
61,224,0.376,0.459,-0.042
61,225,0.328,0.409,-0.046
61,226,0.282,0.36,-0.051
61,227,0.205,0.275,-0.06
61,228,0.325,0.406,-0.047
61,229,0.335,0.417,-0.046
61,23,0.946,0.96,-0.003
61,230,0.2,0.27,-0.061
61,231,0.35,0.432,-0.045
61,232,0.215,0.286,-0.06
61,233,0.211,0.282,-0.06
61,234,0.162,0.225,-0.068
61,235,0.147,0.207,-0.071
61,236,0.251,0.327,-0.056
61,237,0.251,0.326,-0.057
61,238,0.203,0.273,-0.063
61,239,0.156,0.218,-0.071
61,24,0.937,0.953,0.003
61,240,0.214,0.286,-0.063
61,241,0.263,0.339,-0.057
61,242,0.333,0.415,-0.05
61,243,0.312,0.392,-0.053
61,244,0.293,0.372,-0.055
61,245,0.354,0.437,-0.049
61,246,0.481,0.563,-0.038
61,247,0.33,0.411,-0.053
61,248,0.325,0.406,-0.055
61,249,0.399,0.482,-0.048
61,25,0.745,0.799,0.012
61,250,0.475,0.557,-0.041
61,251,0.42,0.504,-0.047
61,26,0.928,0.946,0.003
61,27,0.83,0.869,0.008
61,28,0.82,0.861,0.009
61,29,0.768,0.818,0.011
61,30,0.317,0.398,0.039
61,31,0.398,0.481,0.033
61,32,0.463,0.546,0.029
61,33,0.59,0.665,0.021
61,34,0.781,0.83,0.011
61,35,0.541,0.62,0.024
61,36,0.474,0.556,0.029
61,37,0.608,0.681,0.021
61,38,0.677,0.741,0.017
61,39,0.542,0.62,0.025
61,40,0.673,0.738,0.017
61,41,0.592,0.667,0.022
61,42,0.65,0.718,0.019
61,43,0.642,0.711,0.019
61,44,0.746,0.801,0.014
61,45,0.637,0.707,0.02
61,46,0.516,0.596,0.028
61,47,0.581,0.656,0.024
61,48,0.297,0.377,0.045
61,49,0.517,0.597,0.028
61,50,0.431,0.514,0.034
61,51,0.558,0.635,0.025
61,52,0.314,0.394,0.044
61,53,0.48,0.562,0.031
61,54,0.531,0.61,0.027
61,55,0.553,0.631,0.026
61,56,0.464,0.547,0.032
61,57,0.645,0.713,0.02
61,58,0.627,0.698,0.021
61,59,0.414,0.498,0.036
61,6,0.683,0.747,-0.016
61,60,0.443,0.526,0.034
61,61,0.582,0.657,0.024
61,62,0.426,0.509,0.035
61,63,0.502,0.583,0.029
61,64,0.757,0.81,0.014
61,65,0.652,0.72,0.02
61,66,0.721,0.78,0.016
61,67,0.669,0.735,0.019
61,68,0.493,0.574,0.03
61,69,0.504,0.585,0.029
61,7,0.62,0.691,-0.02
61,70,0.613,0.685,0.022
61,71,0.65,0.718,0.02
61,72,0.823,0.864,0.01
61,73,0.798,0.843,0.011
61,74,0.876,0.906,0.007
61,75,0.933,0.95,0.004
61,76,0.724,0.782,0.015
61,77,0.754,0.807,0.013
61,78,0.803,0.848,-0.011
61,79,0.757,0.81,-0.013
61,8,0.711,0.771,-0.015
61,80,0.801,0.846,-0.011
61,81,0.813,0.855,-0.01
61,82,0.868,0.9,-0.007
61,83,0.858,0.892,-0.008
61,84,0.809,0.852,-0.01
61,85,0.704,0.765,-0.016
61,86,0.81,0.853,-0.01
61,87,0.821,0.862,-0.01
61,88,0.526,0.606,-0.027
61,89,0.75,0.804,-0.014
61,9,0.872,0.903,-0.006
61,90,0.664,0.731,-0.019
61,91,0.454,0.537,-0.032
61,92,0.564,0.641,-0.025
61,93,0.731,0.788,-0.015
61,94,0.403,0.487,-0.037
61,95,0.637,0.707,-0.021
61,96,0.594,0.668,-0.024
61,97,0.74,0.795,-0.015
61,98,0.575,0.651,-0.025
61,99,0.476,0.558,-0.032
62,10,0.495,0.577,-0.026
62,100,0.425,0.508,-0.037
62,101,0.471,0.553,-0.034
62,102,0.352,0.434,-0.044
62,103,0.61,0.683,-0.025
62,104,0.364,0.447,-0.045
62,105,0.19,0.258,-0.066
62,106,0.246,0.321,-0.059
62,107,0.167,0.232,-0.072
62,108,0.164,0.227,-0.074
62,109,0.111,0.162,-0.087
62,11,0.6,0.674,-0.02
62,110,0.133,0.191,-0.084
62,111,0.089,0.135,-0.097
62,112,0.086,0.131,-0.1
62,113,0.06,0.096,-0.111
62,114,0.089,0.135,-0.101
62,115,0.089,0.134,-0.102
62,116,0.085,0.129,-0.103
62,117,0.071,0.111,-0.108
62,118,0.107,0.158,-0.096
62,119,0.188,0.256,-0.078
62,12,0.445,0.528,-0.029
62,120,0.197,0.267,-0.076
62,121,0.244,0.319,-0.068
62,122,0.192,0.261,-0.076
62,123,0.201,0.271,-0.074
62,124,0.25,0.326,-0.066
62,125,0.289,0.367,-0.061
62,126,0.273,0.35,-0.063
62,127,0.35,0.433,-0.054
62,128,0.458,0.541,-0.042
62,129,0.422,0.505,-0.046
62,13,0.528,0.608,-0.024
62,130,0.431,0.515,-0.045
62,131,0.293,0.372,-0.061
62,132,0.309,0.389,-0.059
62,133,0.249,0.324,-0.067
62,134,0.325,0.407,-0.057
62,135,0.327,0.408,-0.057
62,136,0.339,0.42,-0.057
62,137,0.242,0.317,-0.07
62,138,0.232,0.306,-0.072
62,139,0.219,0.291,-0.074
62,14,0.486,0.567,-0.026
62,140,0.26,0.337,-0.068
62,141,0.191,0.26,-0.08
62,142,0.164,0.228,-0.085
62,143,0.162,0.225,-0.084
62,144,0.163,0.226,-0.083
62,145,0.19,0.259,-0.077
62,146,0.175,0.241,-0.079
62,147,0.176,0.242,-0.078
62,148,0.151,0.212,-0.081
62,149,0.245,0.32,-0.065
62,15,0.691,0.754,-0.015
62,150,0.213,0.285,-0.068
62,151,0.17,0.234,-0.074
62,152,0.185,0.253,-0.07
62,153,0.19,0.257,-0.069
62,154,0.307,0.388,-0.053
62,155,0.366,0.449,-0.046
62,156,0.33,0.412,-0.049
62,157,0.363,0.446,-0.045
62,158,0.4,0.483,-0.042
62,159,0.276,0.354,-0.053
62,16,0.613,0.685,-0.019
62,160,0.159,0.221,-0.068
62,161,0.23,0.304,-0.058
62,162,0.283,0.362,-0.051
62,163,0.262,0.339,-0.053
62,164,0.339,0.421,-0.045
62,165,0.286,0.365,-0.049
62,166,0.3,0.379,-0.048
62,167,0.335,0.417,-0.044
62,168,0.426,0.509,-0.036
62,169,0.28,0.359,-0.049
62,17,0.826,0.866,-0.008
62,170,0.25,0.326,-0.052
62,171,0.238,0.313,-0.053
62,172,0.399,0.482,-0.038
62,173,0.585,0.66,-0.025
62,174,0.606,0.679,-0.023
62,175,0.548,0.626,-0.027
62,176,0.474,0.556,-0.032
62,177,0.703,0.764,-0.017
62,178,0.612,0.685,-0.023
62,179,0.907,0.93,-0.005
62,18,0.648,0.716,-0.017
62,180,0.714,0.774,-0.016
62,181,0.599,0.673,-0.024
62,182,0.626,0.697,-0.022
62,183,0.705,0.766,-0.017
62,184,0.62,0.691,-0.023
62,185,0.777,0.826,-0.013
62,186,0.853,0.888,-0.008
62,187,0.828,0.867,-0.01
62,188,0.965,0.974,-0.002
62,189,0.925,0.944,-0.004
62,19,0.699,0.76,-0.015
62,190,0.855,0.889,-0.008
62,191,0.77,0.82,-0.013
62,192,0.852,0.887,-0.009
62,193,0.635,0.705,-0.022
62,194,0.953,0.965,-0.003
62,195,0.866,0.898,-0.008
62,196,0.716,0.775,-0.017
62,197,0.882,0.911,-0.007
62,198,0.797,0.843,-0.012
62,199,0.811,0.854,-0.011
62,20,0.764,0.816,-0.011
62,200,0.934,0.951,-0.004
62,201,0.973,0.98,0.002
62,202,0.983,0.988,-0.001
62,203,0.982,0.987,-0.001
62,204,0.984,0.988,-0.001
62,205,0.924,0.943,0.004
62,206,0.886,0.913,-0.007
62,207,0.823,0.863,-0.011
62,208,0.934,0.95,-0.004
62,209,0.899,0.924,0.006
62,21,0.982,0.987,0.001
62,210,0.921,0.941,-0.005
62,211,0.823,0.863,-0.011
62,212,0.925,0.944,-0.004
62,213,0.747,0.801,-0.015
62,214,0.734,0.791,-0.016
62,215,0.58,0.655,-0.026
62,216,0.693,0.755,-0.019
62,217,0.724,0.782,-0.017
62,218,0.699,0.761,-0.018
62,219,0.594,0.668,-0.025
62,22,0.964,0.974,0.002
62,220,0.441,0.524,-0.036
62,221,0.557,0.634,-0.028
62,222,0.691,0.754,-0.019
62,223,0.468,0.55,-0.034
62,224,0.335,0.416,-0.045
62,225,0.366,0.448,-0.043
62,226,0.411,0.495,-0.039
62,227,0.412,0.495,-0.039
62,228,0.495,0.577,-0.032
62,229,0.418,0.502,-0.039
62,23,0.847,0.883,0.007
62,230,0.479,0.561,-0.034
62,231,0.462,0.545,-0.035
62,232,0.438,0.521,-0.037
62,233,0.389,0.473,-0.042
62,234,0.489,0.57,-0.034
62,235,0.409,0.492,-0.04
62,236,0.412,0.495,-0.04
62,237,0.548,0.626,-0.03
62,238,0.578,0.654,-0.028
62,239,0.461,0.544,-0.037
62,24,0.923,0.942,0.004
62,240,0.664,0.73,-0.022
62,241,0.579,0.655,-0.028
62,242,0.399,0.482,-0.043
62,243,0.581,0.656,-0.029
62,244,0.506,0.587,-0.035
62,245,0.743,0.798,-0.017
62,246,0.581,0.657,-0.03
62,247,0.661,0.727,-0.024
62,248,0.606,0.679,-0.029
62,249,0.988,0.991,-0.001
62,25,0.99,0.992,0.0
62,250,0.918,0.938,-0.006
62,251,0.97,0.978,-0.002
62,26,0.963,0.973,-0.002
62,27,0.972,0.979,0.001
62,28,0.916,0.937,0.004
62,29,0.826,0.866,-0.009
62,30,0.613,0.685,0.02
62,31,0.967,0.975,-0.002
62,32,0.907,0.93,-0.005
62,33,0.952,0.964,0.002
62,34,0.801,0.846,0.01
62,35,0.804,0.848,0.01
62,36,0.894,0.92,0.005
62,37,0.76,0.812,0.012
62,38,0.65,0.718,0.018
62,39,0.985,0.989,0.001
62,40,0.814,0.857,0.01
62,41,0.804,0.848,0.01
62,42,0.743,0.798,0.014
62,43,0.843,0.879,0.008
62,44,0.638,0.708,0.02
62,45,0.841,0.878,0.008
62,46,0.643,0.712,0.02
62,47,0.656,0.724,0.019
62,48,0.567,0.644,0.024
62,49,0.506,0.587,0.028
62,50,0.419,0.502,0.035
62,51,0.457,0.54,0.032
62,52,0.509,0.59,0.029
62,53,0.7,0.762,0.017
62,54,0.526,0.606,0.027
62,55,0.297,0.376,0.045
62,56,0.372,0.454,0.039
62,57,0.397,0.48,0.037
62,58,0.322,0.403,0.043
62,59,0.536,0.615,0.027
62,6,0.388,0.471,-0.034
62,60,0.579,0.654,0.024
62,61,0.55,0.628,0.026
62,62,0.582,0.657,0.024
62,63,0.381,0.464,0.038
62,64,0.823,0.864,0.01
62,65,0.809,0.853,0.011
62,66,0.585,0.66,0.024
62,67,0.548,0.627,0.026
62,68,0.562,0.639,0.025
62,69,0.571,0.647,0.025
62,7,0.264,0.341,-0.044
62,70,0.644,0.713,0.02
62,71,0.828,0.868,0.009
62,72,0.943,0.957,0.003
62,73,0.986,0.989,-0.001
62,74,0.681,0.746,0.018
62,75,0.756,0.809,0.013
62,76,0.943,0.958,0.003
62,77,0.847,0.883,0.008
62,78,0.941,0.956,-0.003
62,79,0.841,0.878,-0.009
62,8,0.317,0.397,-0.039
62,80,0.874,0.904,-0.007
62,81,0.735,0.792,-0.014
62,82,0.818,0.86,-0.01
62,83,0.992,0.994,0.0
62,84,0.843,0.88,-0.008
62,85,0.789,0.836,-0.011
62,86,0.93,0.947,-0.004
62,87,0.632,0.702,-0.021
62,88,0.565,0.641,-0.025
62,89,0.667,0.733,-0.019
62,9,0.752,0.805,-0.012
62,90,0.494,0.575,-0.03
62,91,0.573,0.649,-0.024
62,92,0.629,0.7,-0.021
62,93,0.54,0.619,-0.027
62,94,0.693,0.755,-0.017
62,95,0.444,0.527,-0.034
62,96,0.596,0.67,-0.024
62,97,0.472,0.554,-0.032
62,98,0.482,0.564,-0.032
62,99,0.498,0.579,-0.031
63,10,0.526,0.606,-0.024
63,100,0.429,0.512,-0.037
63,101,0.36,0.443,-0.043
63,102,0.464,0.547,-0.035
63,103,0.241,0.316,-0.057
63,104,0.34,0.422,-0.047
63,105,0.376,0.459,-0.045
63,106,0.2,0.27,-0.066
63,107,0.284,0.363,-0.056
63,108,0.253,0.329,-0.062
63,109,0.247,0.322,-0.064
63,11,0.74,0.796,-0.013
63,110,0.134,0.192,-0.084
63,111,0.101,0.15,-0.094
63,112,0.147,0.207,-0.084
63,113,0.151,0.212,-0.085
63,114,0.134,0.192,-0.089
63,115,0.165,0.229,-0.083
63,116,0.206,0.277,-0.075
63,117,0.159,0.221,-0.084
63,118,0.214,0.285,-0.073
63,119,0.198,0.267,-0.076
63,12,0.605,0.678,-0.019
63,120,0.27,0.347,-0.064
63,121,0.273,0.35,-0.064
63,122,0.252,0.328,-0.066
63,123,0.378,0.461,-0.051
63,124,0.276,0.353,-0.062
63,125,0.336,0.417,-0.055
63,126,0.305,0.385,-0.058
63,127,0.398,0.481,-0.048
63,128,0.45,0.532,-0.043
63,129,0.471,0.554,-0.041
63,13,0.572,0.649,-0.021
63,130,0.409,0.492,-0.047
63,131,0.303,0.383,-0.059
63,132,0.279,0.358,-0.062
63,133,0.277,0.355,-0.062
63,134,0.206,0.276,-0.073
63,135,0.267,0.344,-0.064
63,136,0.251,0.327,-0.067
63,137,0.268,0.346,-0.065
63,138,0.276,0.354,-0.065
63,139,0.168,0.233,-0.083
63,14,0.875,0.905,-0.006
63,140,0.107,0.158,-0.098
63,141,0.206,0.276,-0.077
63,142,0.159,0.221,-0.085
63,143,0.141,0.199,-0.088
63,144,0.231,0.305,-0.071
63,145,0.171,0.235,-0.081
63,146,0.186,0.254,-0.077
63,147,0.215,0.287,-0.071
63,148,0.115,0.168,-0.089
63,149,0.243,0.318,-0.065
63,15,0.782,0.83,-0.01
63,150,0.25,0.326,-0.063
63,151,0.239,0.314,-0.063
63,152,0.28,0.358,-0.058
63,153,0.316,0.397,-0.052
63,154,0.303,0.383,-0.053
63,155,0.322,0.403,-0.051
63,156,0.39,0.473,-0.043
63,157,0.46,0.542,-0.037
63,158,0.483,0.565,-0.035
63,159,0.271,0.349,-0.054
63,16,0.985,0.989,-0.001
63,160,0.259,0.336,-0.055
63,161,0.245,0.32,-0.056
63,162,0.276,0.354,-0.052
63,163,0.284,0.363,-0.05
63,164,0.383,0.466,-0.041
63,165,0.296,0.375,-0.049
63,166,0.262,0.339,-0.052
63,167,0.304,0.384,-0.047
63,168,0.199,0.268,-0.058
63,169,0.208,0.279,-0.057
63,17,0.999,0.999,-0.0
63,170,0.25,0.326,-0.052
63,171,0.271,0.349,-0.05
63,172,0.342,0.423,-0.043
63,173,0.267,0.345,-0.05
63,174,0.334,0.416,-0.043
63,175,0.365,0.448,-0.041
63,176,0.406,0.489,-0.037
63,177,0.314,0.395,-0.045
63,178,0.321,0.402,-0.045
63,179,0.396,0.479,-0.038
63,18,0.832,0.871,-0.008
63,180,0.572,0.648,-0.025
63,181,0.385,0.468,-0.039
63,182,0.356,0.439,-0.042
63,183,0.478,0.56,-0.032
63,184,0.455,0.538,-0.034
63,185,0.489,0.571,-0.032
63,186,0.608,0.681,-0.023
63,187,0.511,0.591,-0.03
63,188,0.495,0.576,-0.031
63,189,0.688,0.751,-0.019
63,19,0.822,0.863,-0.008
63,190,0.762,0.814,-0.014
63,191,0.682,0.746,-0.019
63,192,0.682,0.746,-0.019
63,193,0.582,0.657,-0.025
63,194,0.819,0.861,-0.011
63,195,0.835,0.873,-0.01
63,196,0.996,0.997,0.0
63,197,0.879,0.908,-0.007
63,198,0.737,0.793,-0.016
63,199,0.741,0.797,-0.016
63,20,0.92,0.94,-0.004
63,200,0.869,0.9,-0.008
63,201,0.789,0.836,-0.013
63,202,0.644,0.713,-0.022
63,203,0.764,0.815,-0.014
63,204,0.616,0.688,-0.024
63,205,0.668,0.734,-0.02
63,206,0.699,0.76,-0.018
63,207,0.81,0.853,-0.011
63,208,0.931,0.948,-0.004
63,209,0.958,0.969,0.002
63,21,0.965,0.974,-0.002
63,210,0.918,0.939,-0.005
63,211,0.9,0.924,-0.006
63,212,0.794,0.84,-0.012
63,213,0.993,0.995,-0.0
63,214,0.995,0.996,-0.0
63,215,0.901,0.925,-0.006
63,216,0.812,0.855,-0.011
63,217,0.779,0.828,-0.013
63,218,0.599,0.672,-0.025
63,219,0.576,0.652,-0.026
63,22,0.916,0.937,0.004
63,220,0.829,0.869,-0.01
63,221,0.514,0.594,-0.031
63,222,0.418,0.502,-0.038
63,223,0.408,0.492,-0.039
63,224,0.338,0.419,-0.045
63,225,0.178,0.243,-0.064
63,226,0.383,0.466,-0.041
63,227,0.374,0.456,-0.042
63,228,0.433,0.516,-0.037
63,229,0.357,0.439,-0.044
63,23,0.805,0.849,0.009
63,230,0.142,0.201,-0.07
63,231,0.294,0.373,-0.05
63,232,0.476,0.558,-0.034
63,233,0.37,0.453,-0.043
63,234,0.348,0.43,-0.045
63,235,0.215,0.286,-0.06
63,236,0.236,0.311,-0.058
63,237,0.17,0.234,-0.068
63,238,0.211,0.282,-0.062
63,239,0.356,0.438,-0.046
63,24,0.991,0.993,-0.0
63,240,0.318,0.399,-0.05
63,241,0.236,0.31,-0.06
63,242,0.411,0.495,-0.042
63,243,0.45,0.533,-0.039
63,244,0.577,0.653,-0.029
63,245,0.83,0.869,-0.011
63,246,0.685,0.748,-0.022
63,247,0.781,0.83,-0.015
63,248,0.881,0.91,-0.008
63,249,0.938,0.954,0.004
63,25,0.868,0.899,0.006
63,250,0.942,0.957,-0.004
63,251,0.794,0.841,-0.015
63,26,0.998,0.998,0.0
63,27,0.895,0.921,0.005
63,28,0.984,0.988,0.001
63,29,0.989,0.992,-0.001
63,30,0.982,0.986,-0.001
63,31,0.965,0.974,-0.002
63,32,0.752,0.806,0.012
63,33,0.756,0.809,0.012
63,34,0.769,0.82,0.012
63,35,0.871,0.902,0.006
63,36,0.558,0.635,0.024
63,37,0.395,0.478,0.034
63,38,0.673,0.738,0.017
63,39,0.812,0.855,0.01
63,40,0.691,0.754,0.016
63,41,0.707,0.767,0.015
63,42,0.419,0.502,0.034
63,43,0.483,0.565,0.029
63,44,0.679,0.743,0.017
63,45,0.489,0.571,0.029
63,46,0.52,0.6,0.027
63,47,0.592,0.666,0.023
63,48,0.598,0.672,0.023
63,49,0.761,0.813,0.013
63,50,0.572,0.648,0.024
63,51,0.393,0.476,0.037
63,52,0.818,0.86,0.01
63,53,0.649,0.717,0.02
63,54,0.608,0.681,0.022
63,55,0.658,0.725,0.019
63,56,0.714,0.773,0.016
63,57,0.544,0.622,0.027
63,58,0.604,0.678,0.023
63,59,0.541,0.62,0.027
63,6,0.598,0.672,-0.021
63,60,0.655,0.723,0.02
63,61,0.684,0.748,0.018
63,62,0.664,0.73,0.019
63,63,0.796,0.841,0.011
63,64,0.571,0.647,0.025
63,65,0.671,0.737,0.019
63,66,0.664,0.731,0.019
63,67,0.798,0.843,0.011
63,68,0.696,0.758,0.017
63,69,0.922,0.941,0.004
63,7,0.403,0.486,-0.033
63,70,0.662,0.729,0.019
63,71,0.708,0.768,0.016
63,72,0.626,0.697,0.021
63,73,0.724,0.782,0.015
63,74,0.768,0.818,0.013
63,75,0.749,0.803,0.014
63,76,0.924,0.943,0.004
63,77,0.842,0.879,0.009
63,78,0.989,0.992,0.001
63,79,0.905,0.929,0.005
63,8,0.396,0.479,-0.033
63,80,0.902,0.926,0.005
63,81,0.962,0.972,0.002
63,82,0.94,0.955,0.003
63,83,0.866,0.898,-0.007
63,84,0.913,0.935,0.005
63,85,0.765,0.816,-0.013
63,86,0.646,0.714,-0.02
63,87,0.562,0.639,-0.025
63,88,0.603,0.676,-0.022
63,89,0.563,0.64,-0.025
63,9,0.554,0.631,-0.023
63,90,0.533,0.612,-0.027
63,91,0.627,0.698,-0.021
63,92,0.432,0.515,-0.034
63,93,0.587,0.662,-0.024
63,94,0.798,0.843,-0.011
63,95,0.577,0.653,-0.025
63,96,0.48,0.562,-0.032
63,97,0.667,0.733,-0.019
63,98,0.357,0.44,-0.042
63,99,0.368,0.451,-0.041
64,10,0.543,0.622,-0.023
64,100,0.223,0.296,-0.057
64,101,0.195,0.264,-0.061
64,102,0.288,0.367,-0.051
64,103,0.241,0.315,-0.057
64,104,0.268,0.345,-0.055
64,105,0.145,0.205,-0.073
64,106,0.228,0.301,-0.062
64,107,0.19,0.258,-0.069
64,108,0.171,0.236,-0.074
64,109,0.158,0.22,-0.078
64,11,0.425,0.508,-0.03
64,110,0.097,0.145,-0.094
64,111,0.097,0.145,-0.095
64,112,0.087,0.132,-0.1
64,113,0.083,0.127,-0.102
64,114,0.076,0.117,-0.106
64,115,0.094,0.142,-0.1
64,116,0.163,0.226,-0.083
64,117,0.159,0.222,-0.084
64,118,0.22,0.292,-0.072
64,119,0.185,0.252,-0.078
64,12,0.499,0.58,-0.026
64,120,0.158,0.22,-0.082
64,121,0.28,0.358,-0.062
64,122,0.229,0.302,-0.069
64,123,0.462,0.544,-0.042
64,124,0.44,0.523,-0.044
64,125,0.494,0.575,-0.039
64,126,0.61,0.683,-0.029
64,127,0.551,0.629,-0.034
64,128,0.606,0.679,-0.029
64,129,0.51,0.591,-0.037
64,13,0.654,0.722,-0.017
64,130,0.405,0.489,-0.047
64,131,0.488,0.569,-0.039
64,132,0.416,0.499,-0.046
64,133,0.544,0.623,-0.035
64,134,0.415,0.498,-0.047
64,135,0.395,0.478,-0.049
64,136,0.25,0.326,-0.067
64,137,0.32,0.401,-0.059
64,138,0.275,0.353,-0.065
64,139,0.349,0.431,-0.056
64,14,0.84,0.877,-0.008
64,140,0.319,0.4,-0.06
64,141,0.27,0.348,-0.067
64,142,0.3,0.38,-0.063
64,143,0.305,0.385,-0.062
64,144,0.308,0.388,-0.061
64,145,0.274,0.352,-0.065
64,146,0.311,0.391,-0.059
64,147,0.314,0.394,-0.058
64,148,0.39,0.473,-0.049
64,149,0.425,0.508,-0.044
64,15,0.807,0.851,-0.009
64,150,0.344,0.426,-0.052
64,151,0.473,0.555,-0.039
64,152,0.46,0.542,-0.039
64,153,0.562,0.639,-0.03
64,154,0.469,0.551,-0.037
64,155,0.527,0.606,-0.032
64,156,0.619,0.691,-0.025
64,157,0.444,0.527,-0.038
64,158,0.545,0.623,-0.03
64,159,0.44,0.523,-0.038
64,16,0.96,0.97,-0.002
64,160,0.532,0.612,-0.03
64,161,0.459,0.542,-0.035
64,162,0.398,0.481,-0.04
64,163,0.469,0.551,-0.034
64,164,0.415,0.498,-0.038
64,165,0.497,0.578,-0.031
64,166,0.429,0.512,-0.036
64,167,0.38,0.464,-0.04
64,168,0.418,0.501,-0.037
64,169,0.483,0.565,-0.032
64,17,0.948,0.961,0.002
64,170,0.275,0.353,-0.049
64,171,0.309,0.389,-0.046
64,172,0.447,0.53,-0.034
64,173,0.311,0.391,-0.045
64,174,0.334,0.415,-0.043
64,175,0.301,0.381,-0.046
64,176,0.346,0.428,-0.042
64,177,0.673,0.738,-0.019
64,178,0.382,0.465,-0.039
64,179,0.494,0.575,-0.031
64,18,0.821,0.862,0.008
64,180,0.534,0.614,-0.028
64,181,0.415,0.498,-0.037
64,182,0.621,0.693,-0.022
64,183,0.701,0.763,-0.017
64,184,0.893,0.919,-0.006
64,185,0.666,0.732,-0.02
64,186,0.595,0.669,-0.024
64,187,0.643,0.712,-0.021
64,188,0.564,0.641,-0.026
64,189,0.704,0.765,-0.017
64,19,0.823,0.864,0.008
64,190,0.549,0.627,-0.028
64,191,0.74,0.796,-0.015
64,192,0.772,0.822,-0.013
64,193,0.673,0.738,-0.02
64,194,0.801,0.846,-0.012
64,195,0.956,0.967,-0.003
64,196,0.813,0.856,-0.011
64,197,0.788,0.835,-0.013
64,198,0.853,0.887,-0.009
64,199,0.734,0.79,-0.016
64,20,0.867,0.899,0.006
64,200,0.751,0.805,-0.015
64,201,0.951,0.964,-0.003
64,202,0.919,0.939,-0.005
64,203,0.789,0.836,-0.013
64,204,0.731,0.788,-0.016
64,205,0.902,0.926,-0.006
64,206,0.829,0.868,-0.01
64,207,0.846,0.882,-0.009
64,208,0.688,0.751,-0.019
64,209,0.749,0.803,-0.015
64,21,0.996,0.997,-0.0
64,210,0.818,0.86,-0.011
64,211,0.715,0.774,-0.017
64,212,0.732,0.789,-0.016
64,213,0.762,0.814,-0.014
64,214,0.883,0.911,-0.007
64,215,0.573,0.649,-0.027
64,216,0.575,0.651,-0.026
64,217,0.591,0.665,-0.025
64,218,0.725,0.783,-0.016
64,219,0.692,0.755,-0.019
64,22,0.754,0.807,0.012
64,220,0.744,0.798,-0.015
64,221,0.529,0.609,-0.03
64,222,0.443,0.526,-0.036
64,223,0.406,0.49,-0.039
64,224,0.438,0.521,-0.037
64,225,0.445,0.528,-0.036
64,226,0.35,0.433,-0.044
64,227,0.371,0.454,-0.042
64,228,0.351,0.434,-0.044
64,229,0.423,0.506,-0.038
64,23,0.953,0.965,-0.002
64,230,0.445,0.528,-0.036
64,231,0.366,0.449,-0.043
64,232,0.419,0.502,-0.039
64,233,0.481,0.563,-0.034
64,234,0.388,0.472,-0.042
64,235,0.369,0.452,-0.044
64,236,0.319,0.4,-0.049
64,237,0.502,0.583,-0.033
64,238,0.383,0.466,-0.043
64,239,0.527,0.607,-0.032
64,24,0.971,0.979,-0.001
64,240,0.616,0.688,-0.025
64,241,0.631,0.701,-0.024
64,242,0.552,0.63,-0.03
64,243,0.743,0.798,-0.017
64,244,0.752,0.806,-0.017
64,245,0.779,0.828,-0.015
64,246,0.959,0.969,-0.003
64,247,0.908,0.931,-0.006
64,248,0.914,0.935,-0.006
64,249,0.903,0.927,-0.007
64,25,0.808,0.851,0.009
64,250,0.893,0.919,0.008
64,251,0.803,0.847,0.015
64,26,0.898,0.923,0.005
64,27,0.679,0.743,0.016
64,28,0.864,0.896,0.007
64,29,0.956,0.968,0.002
64,30,0.927,0.945,0.004
64,31,0.708,0.768,0.015
64,32,0.762,0.814,0.012
64,33,0.596,0.67,0.021
64,34,0.8,0.845,0.01
64,35,0.764,0.816,0.012
64,36,0.843,0.88,0.008
64,37,0.742,0.797,0.013
64,38,0.714,0.773,0.015
64,39,0.623,0.694,0.02
64,40,0.534,0.613,0.025
64,41,0.563,0.64,0.024
64,42,0.57,0.647,0.023
64,43,0.928,0.946,0.004
64,44,0.582,0.658,0.023
64,45,0.689,0.752,0.017
64,46,0.617,0.689,0.021
64,47,0.507,0.588,0.028
64,48,0.621,0.692,0.021
64,49,0.614,0.686,0.022
64,50,0.599,0.673,0.023
64,51,0.61,0.682,0.022
64,52,0.433,0.516,0.034
64,53,0.313,0.394,0.044
64,54,0.383,0.466,0.038
64,55,0.539,0.618,0.027
64,56,0.552,0.63,0.026
64,57,0.51,0.591,0.029
64,58,0.371,0.454,0.039
64,59,0.67,0.735,0.019
64,6,0.306,0.386,-0.041
64,60,0.666,0.732,0.019
64,61,0.687,0.751,0.018
64,62,0.658,0.725,0.019
64,63,0.894,0.92,0.006
64,64,0.688,0.752,0.018
64,65,0.74,0.795,0.014
64,66,0.883,0.911,0.006
64,67,0.824,0.865,0.01
64,68,0.864,0.896,0.007
64,69,0.772,0.822,0.013
64,7,0.281,0.359,-0.043
64,70,0.933,0.95,0.004
64,71,0.986,0.99,-0.001
64,72,0.912,0.934,0.005
64,73,0.851,0.886,0.008
64,74,0.878,0.907,0.007
64,75,0.817,0.859,0.01
64,76,0.968,0.976,0.002
64,77,0.85,0.885,-0.008
64,78,0.989,0.992,0.001
64,79,0.968,0.977,0.002
64,8,0.517,0.597,-0.025
64,80,0.754,0.807,-0.013
64,81,0.95,0.963,-0.003
64,82,0.841,0.879,-0.009
64,83,0.871,0.902,-0.007
64,84,0.892,0.918,-0.006
64,85,0.765,0.816,-0.013
64,86,0.817,0.859,-0.01
64,87,0.688,0.751,-0.017
64,88,0.661,0.728,-0.019
64,89,0.523,0.603,-0.028
64,9,0.521,0.601,-0.025
64,90,0.458,0.541,-0.032
64,91,0.465,0.547,-0.032
64,92,0.351,0.433,-0.041
64,93,0.373,0.456,-0.039
64,94,0.356,0.438,-0.041
64,95,0.436,0.519,-0.035
64,96,0.259,0.336,-0.051
64,97,0.317,0.397,-0.045
64,98,0.289,0.368,-0.048
64,99,0.405,0.488,-0.038
65,10,0.599,0.673,-0.02
65,100,0.54,0.618,-0.028
65,101,0.503,0.584,-0.031
65,102,0.478,0.56,-0.034
65,103,0.397,0.48,-0.041
65,104,0.241,0.316,-0.058
65,105,0.252,0.328,-0.057
65,106,0.293,0.372,-0.054
65,107,0.296,0.376,-0.055
65,108,0.21,0.28,-0.067
65,109,0.226,0.299,-0.066
65,11,0.631,0.701,-0.018
65,110,0.176,0.242,-0.076
65,111,0.143,0.203,-0.084
65,112,0.081,0.124,-0.102
65,113,0.138,0.197,-0.087
65,114,0.122,0.177,-0.092
65,115,0.171,0.236,-0.082
65,116,0.126,0.181,-0.092
65,117,0.18,0.247,-0.081
65,118,0.232,0.306,-0.072
65,119,0.378,0.461,-0.052
65,12,0.602,0.675,-0.02
65,120,0.262,0.339,-0.066
65,121,0.264,0.341,-0.066
65,122,0.239,0.314,-0.069
65,123,0.2,0.269,-0.074
65,124,0.322,0.403,-0.057
65,125,0.262,0.339,-0.065
65,126,0.285,0.364,-0.061
65,127,0.347,0.429,-0.054
65,128,0.309,0.39,-0.058
65,129,0.227,0.3,-0.069
65,13,0.468,0.55,-0.027
65,130,0.304,0.384,-0.059
65,131,0.289,0.368,-0.061
65,132,0.247,0.323,-0.067
65,133,0.245,0.32,-0.067
65,134,0.175,0.24,-0.079
65,135,0.188,0.256,-0.077
65,136,0.136,0.194,-0.088
65,137,0.23,0.304,-0.071
65,138,0.248,0.324,-0.069
65,139,0.288,0.366,-0.064
65,14,0.55,0.628,-0.022
65,140,0.223,0.295,-0.074
65,141,0.211,0.282,-0.076
65,142,0.224,0.297,-0.074
65,143,0.346,0.428,-0.057
65,144,0.243,0.318,-0.069
65,145,0.272,0.35,-0.064
65,146,0.238,0.312,-0.068
65,147,0.285,0.363,-0.061
65,148,0.334,0.416,-0.054
65,149,0.411,0.495,-0.045
65,15,0.81,0.853,-0.009
65,150,0.35,0.432,-0.051
65,151,0.309,0.389,-0.054
65,152,0.394,0.477,-0.045
65,153,0.399,0.482,-0.044
65,154,0.236,0.31,-0.061
65,155,0.357,0.44,-0.047
65,156,0.379,0.462,-0.044
65,157,0.384,0.467,-0.043
65,158,0.357,0.44,-0.045
65,159,0.344,0.426,-0.046
65,16,0.869,0.9,-0.006
65,160,0.399,0.482,-0.041
65,161,0.359,0.442,-0.044
65,162,0.397,0.48,-0.04
65,163,0.349,0.432,-0.044
65,164,0.379,0.462,-0.041
65,165,0.338,0.42,-0.044
65,166,0.444,0.526,-0.035
65,167,0.408,0.491,-0.038
65,168,0.385,0.468,-0.039
65,169,0.358,0.44,-0.042
65,17,0.905,0.928,0.004
65,170,0.316,0.396,-0.045
65,171,0.39,0.473,-0.039
65,172,0.403,0.487,-0.037
65,173,0.417,0.501,-0.036
65,174,0.495,0.576,-0.031
65,175,0.541,0.619,-0.027
65,176,0.702,0.763,-0.017
65,177,0.67,0.736,-0.019
65,178,0.446,0.529,-0.034
65,179,0.571,0.648,-0.026
65,18,0.944,0.958,-0.003
65,180,0.717,0.776,-0.016
65,181,0.777,0.826,-0.013
65,182,0.618,0.69,-0.023
65,183,0.833,0.871,-0.01
65,184,0.695,0.757,-0.018
65,185,0.608,0.681,-0.023
65,186,0.626,0.697,-0.022
65,187,0.688,0.751,-0.018
65,188,0.732,0.789,-0.016
65,189,0.594,0.669,-0.024
65,19,0.84,0.877,-0.008
65,190,0.686,0.75,-0.019
65,191,0.755,0.808,-0.014
65,192,0.915,0.936,-0.005
65,193,0.787,0.835,-0.013
65,194,0.898,0.923,-0.006
65,195,0.767,0.818,-0.014
65,196,0.931,0.948,0.004
65,197,0.916,0.937,0.005
65,198,0.864,0.896,0.008
65,199,0.768,0.819,0.014
65,20,0.979,0.985,0.001
65,200,0.867,0.899,0.008
65,201,0.911,0.933,-0.005
65,202,0.937,0.953,-0.004
65,203,0.907,0.93,-0.006
65,204,0.869,0.9,0.008
65,205,0.735,0.791,-0.016
65,206,0.962,0.972,-0.002
65,207,0.999,0.999,0.0
65,208,0.858,0.892,-0.008
65,209,0.939,0.954,-0.004
65,21,0.851,0.886,0.007
65,210,0.928,0.946,0.004
65,211,0.947,0.96,-0.003
65,212,0.761,0.813,-0.014
65,213,0.79,0.837,-0.013
65,214,0.728,0.785,-0.016
65,215,0.834,0.873,-0.01
65,216,0.771,0.821,-0.014
65,217,0.428,0.511,-0.037
65,218,0.399,0.482,-0.04
65,219,0.445,0.528,-0.036
65,22,0.946,0.959,-0.003
65,220,0.564,0.641,-0.027
65,221,0.678,0.743,-0.02
65,222,0.655,0.723,-0.021
65,223,0.654,0.722,-0.021
65,224,0.656,0.723,-0.021
65,225,0.551,0.629,-0.028
65,226,0.51,0.591,-0.031
65,227,0.524,0.604,-0.03
65,228,0.443,0.526,-0.036
65,229,0.41,0.493,-0.039
65,23,0.994,0.996,0.0
65,230,0.411,0.494,-0.039
65,231,0.339,0.421,-0.046
65,232,0.282,0.36,-0.052
65,233,0.39,0.473,-0.042
65,234,0.267,0.344,-0.054
65,235,0.374,0.456,-0.044
65,236,0.399,0.482,-0.042
65,237,0.342,0.424,-0.047
65,238,0.342,0.424,-0.047
65,239,0.505,0.586,-0.034
65,24,0.964,0.974,0.002
65,240,0.429,0.513,-0.04
65,241,0.338,0.419,-0.049
65,242,0.285,0.363,-0.055
65,243,0.514,0.594,-0.034
65,244,0.417,0.5,-0.043
65,245,0.481,0.563,-0.038
65,246,0.654,0.722,-0.024
65,247,0.734,0.79,-0.019
65,248,0.639,0.708,-0.027
65,249,0.706,0.767,-0.022
65,25,0.828,0.868,-0.008
65,250,0.607,0.68,-0.03
65,251,0.8,0.845,-0.015
65,26,0.821,0.862,-0.009
65,27,0.99,0.993,0.0
65,28,0.969,0.977,-0.001
65,29,0.701,0.762,0.015
65,30,0.597,0.671,0.021
65,31,0.893,0.919,0.005
65,32,0.661,0.728,0.017
65,33,0.89,0.917,0.005
65,34,0.934,0.951,0.003
65,35,0.758,0.811,0.012
65,36,0.684,0.748,0.016
65,37,0.818,0.86,0.009
65,38,0.688,0.751,0.016
65,39,0.831,0.87,0.009
65,40,0.613,0.686,0.021
65,41,0.752,0.805,0.013
65,42,0.603,0.676,0.022
65,43,0.483,0.565,0.029
65,44,0.529,0.609,0.026
65,45,0.41,0.493,0.035
65,46,0.443,0.526,0.033
65,47,0.597,0.671,0.022
65,48,0.568,0.644,0.024
65,49,0.614,0.686,0.022
65,50,0.603,0.677,0.022
65,51,0.388,0.471,0.037
65,52,0.45,0.533,0.033
65,53,0.513,0.593,0.028
65,54,0.505,0.586,0.029
65,55,0.37,0.453,0.039
65,56,0.321,0.402,0.043
65,57,0.618,0.69,0.022
65,58,0.433,0.516,0.034
65,59,0.371,0.454,0.039
65,6,0.8,0.845,-0.01
65,60,0.36,0.442,0.04
65,61,0.387,0.47,0.038
65,62,0.503,0.584,0.029
65,63,0.622,0.693,0.022
65,64,0.379,0.462,0.039
65,65,0.514,0.594,0.029
65,66,0.523,0.603,0.028
65,67,0.647,0.716,0.02
65,68,0.637,0.707,0.021
65,69,0.73,0.787,0.015
65,7,0.63,0.701,-0.019
65,70,0.754,0.807,0.014
65,71,0.698,0.76,0.017
65,72,0.813,0.856,0.01
65,73,0.642,0.711,0.02
65,74,0.814,0.856,0.01
65,75,0.941,0.956,0.003
65,76,0.988,0.991,0.001
65,77,0.839,0.877,0.009
65,78,0.994,0.996,-0.0
65,79,0.807,0.851,-0.011
65,8,0.833,0.872,-0.008
65,80,0.995,0.997,0.0
65,81,0.968,0.976,-0.002
65,82,0.875,0.905,-0.007
65,83,0.992,0.994,0.0
65,84,0.96,0.97,0.002
65,85,0.791,0.838,-0.011
65,86,0.641,0.711,-0.02
65,87,0.729,0.786,-0.015
65,88,0.642,0.711,-0.02
65,89,0.726,0.783,-0.015
65,9,0.786,0.833,-0.011
65,90,0.643,0.712,-0.02
65,91,0.56,0.637,-0.025
65,92,0.62,0.691,-0.022
65,93,0.617,0.689,-0.022
65,94,0.605,0.678,-0.023
65,95,0.545,0.623,-0.027
65,96,0.79,0.837,-0.012
65,97,0.539,0.618,-0.028
65,98,0.363,0.445,-0.041
65,99,0.369,0.452,-0.041
66,10,0.548,0.626,-0.023
66,100,0.432,0.515,-0.036
66,101,0.543,0.622,-0.028
66,102,0.369,0.452,-0.042
66,103,0.277,0.355,-0.052
66,104,0.354,0.436,-0.045
66,105,0.204,0.274,-0.063
66,106,0.265,0.342,-0.056
66,107,0.264,0.341,-0.058
66,108,0.206,0.276,-0.067
66,109,0.187,0.255,-0.071
66,11,0.765,0.816,-0.011
66,110,0.274,0.352,-0.061
66,111,0.234,0.308,-0.067
66,112,0.096,0.143,-0.096
66,113,0.178,0.244,-0.079
66,114,0.174,0.24,-0.081
66,115,0.19,0.258,-0.079
66,116,0.21,0.28,-0.076
66,117,0.265,0.342,-0.068
66,118,0.305,0.385,-0.062
66,119,0.524,0.604,-0.039
66,12,0.597,0.671,-0.02
66,120,0.457,0.539,-0.045
66,121,0.332,0.413,-0.058
66,122,0.581,0.657,-0.033
66,123,0.544,0.622,-0.036
66,124,0.552,0.63,-0.035
66,125,0.602,0.675,-0.031
66,126,0.537,0.616,-0.036
66,127,0.504,0.585,-0.039
66,128,0.522,0.602,-0.037
66,129,0.472,0.554,-0.042
66,13,0.642,0.711,-0.017
66,130,0.402,0.485,-0.049
66,131,0.417,0.501,-0.047
66,132,0.504,0.585,-0.039
66,133,0.354,0.436,-0.055
66,134,0.319,0.4,-0.059
66,135,0.342,0.424,-0.056
66,136,0.332,0.414,-0.058
66,137,0.224,0.297,-0.073
66,138,0.259,0.336,-0.068
66,139,0.315,0.395,-0.061
66,14,0.701,0.763,-0.014
66,140,0.337,0.418,-0.058
66,141,0.222,0.295,-0.074
66,142,0.176,0.241,-0.082
66,143,0.308,0.389,-0.061
66,144,0.297,0.377,-0.061
66,145,0.379,0.462,-0.051
66,146,0.376,0.459,-0.051
66,147,0.462,0.545,-0.041
66,148,0.356,0.438,-0.051
66,149,0.382,0.465,-0.048
66,15,0.632,0.702,-0.018
66,150,0.418,0.501,-0.043
66,151,0.493,0.574,-0.036
66,152,0.549,0.627,-0.031
66,153,0.503,0.584,-0.035
66,154,0.381,0.464,-0.045
66,155,0.632,0.702,-0.024
66,156,0.541,0.62,-0.03
66,157,0.435,0.518,-0.038
66,158,0.43,0.513,-0.039
66,159,0.579,0.655,-0.027
66,16,0.883,0.911,-0.005
66,160,0.443,0.526,-0.037
66,161,0.387,0.47,-0.041
66,162,0.45,0.533,-0.035
66,163,0.48,0.562,-0.033
66,164,0.424,0.507,-0.037
66,165,0.369,0.451,-0.041
66,166,0.407,0.49,-0.038
66,167,0.318,0.399,-0.045
66,168,0.361,0.444,-0.041
66,169,0.327,0.408,-0.044
66,17,0.995,0.996,0.0
66,170,0.247,0.322,-0.052
66,171,0.387,0.47,-0.039
66,172,0.259,0.336,-0.051
66,173,0.285,0.363,-0.048
66,174,0.207,0.277,-0.057
66,175,0.363,0.446,-0.041
66,176,0.436,0.519,-0.035
66,177,0.531,0.61,-0.028
66,178,0.528,0.607,-0.028
66,179,0.448,0.53,-0.034
66,18,0.854,0.888,-0.007
66,180,0.561,0.638,-0.026
66,181,0.663,0.73,-0.02
66,182,0.734,0.791,-0.015
66,183,0.805,0.849,-0.011
66,184,0.494,0.575,-0.031
66,185,0.48,0.562,-0.032
66,186,0.682,0.746,-0.019
66,187,0.652,0.72,-0.021
66,188,0.693,0.755,-0.018
66,189,0.697,0.759,-0.018
66,19,0.69,0.753,-0.015
66,190,0.707,0.768,-0.017
66,191,0.779,0.828,-0.013
66,192,0.84,0.877,-0.009
66,193,0.802,0.846,-0.012
66,194,0.899,0.924,-0.006
66,195,0.933,0.95,0.004
66,196,0.971,0.979,-0.002
66,197,0.78,0.829,-0.013
66,198,0.903,0.927,-0.006
66,199,0.927,0.946,-0.004
66,20,0.92,0.94,0.004
66,200,0.971,0.978,0.002
66,201,0.984,0.988,-0.001
66,202,0.973,0.98,-0.002
66,203,0.996,0.997,0.0
66,204,0.935,0.951,-0.004
66,205,0.844,0.88,-0.009
66,206,0.919,0.94,-0.005
66,207,0.92,0.94,-0.005
66,208,0.983,0.987,0.001
66,209,0.929,0.947,-0.004
66,21,0.94,0.955,0.003
66,210,0.969,0.977,-0.002
66,211,0.947,0.961,-0.003
66,212,0.86,0.893,-0.008
66,213,0.83,0.869,-0.01
66,214,0.664,0.731,-0.02
66,215,0.79,0.837,-0.012
66,216,0.809,0.852,-0.011
66,217,0.612,0.684,-0.024
66,218,0.763,0.815,-0.014
66,219,0.769,0.82,-0.014
66,22,0.934,0.95,0.003
66,220,0.657,0.725,-0.021
66,221,0.482,0.564,-0.033
66,222,0.642,0.711,-0.022
66,223,0.706,0.767,-0.018
66,224,0.748,0.802,-0.015
66,225,0.554,0.631,-0.028
66,226,0.557,0.635,-0.028
66,227,0.612,0.685,-0.024
66,228,0.629,0.7,-0.023
66,229,0.6,0.673,-0.025
66,23,0.87,0.901,0.006
66,230,0.582,0.657,-0.026
66,231,0.642,0.711,-0.022
66,232,0.557,0.634,-0.028
66,233,0.636,0.706,-0.023
66,234,0.626,0.697,-0.024
66,235,0.461,0.544,-0.036
66,236,0.703,0.764,-0.019
66,237,0.59,0.665,-0.027
66,238,0.764,0.815,-0.015
66,239,0.709,0.769,-0.019
66,24,0.923,0.943,0.004
66,240,0.814,0.857,-0.012
66,241,0.633,0.703,-0.025
66,242,0.762,0.814,-0.016
66,243,0.656,0.724,-0.023
66,244,0.729,0.786,-0.018
66,245,0.776,0.825,-0.015
66,246,0.633,0.703,-0.026
66,247,0.508,0.588,-0.037
66,248,0.734,0.79,-0.019
66,249,0.673,0.738,-0.024
66,25,0.771,0.821,0.011
66,250,0.621,0.693,-0.029
66,251,0.613,0.686,-0.03
66,26,0.814,0.857,0.009
66,27,0.628,0.698,0.019
66,28,0.72,0.779,0.014
66,29,0.759,0.811,0.012
66,30,0.707,0.768,0.015
66,31,0.808,0.852,0.009
66,32,0.708,0.769,0.015
66,33,0.541,0.62,0.024
66,34,0.386,0.469,0.034
66,35,0.636,0.705,0.019
66,36,0.407,0.49,0.033
66,37,0.662,0.729,0.018
66,38,0.559,0.636,0.024
66,39,0.48,0.562,0.029
66,40,0.383,0.466,0.036
66,41,0.544,0.623,0.025
66,42,0.549,0.627,0.025
66,43,0.424,0.507,0.033
66,44,0.55,0.628,0.025
66,45,0.533,0.612,0.026
66,46,0.588,0.662,0.023
66,47,0.512,0.593,0.028
66,48,0.563,0.64,0.025
66,49,0.512,0.592,0.028
66,50,0.509,0.59,0.028
66,51,0.522,0.602,0.028
66,52,0.366,0.449,0.039
66,53,0.63,0.7,0.021
66,54,0.515,0.596,0.028
66,55,0.643,0.712,0.02
66,56,0.399,0.482,0.037
66,57,0.686,0.75,0.018
66,58,0.669,0.735,0.019
66,59,0.633,0.703,0.021
66,6,0.451,0.534,-0.03
66,60,0.53,0.609,0.027
66,61,0.411,0.494,0.036
66,62,0.538,0.617,0.027
66,63,0.533,0.612,0.027
66,64,0.557,0.634,0.026
66,65,0.715,0.774,0.016
66,66,0.529,0.608,0.027
66,67,0.636,0.706,0.021
66,68,0.709,0.77,0.016
66,69,0.72,0.778,0.016
66,7,0.318,0.399,-0.039
66,70,0.755,0.808,0.013
66,71,0.631,0.702,0.021
66,72,0.907,0.93,0.005
66,73,0.835,0.874,0.009
66,74,0.672,0.738,0.018
66,75,0.762,0.814,0.013
66,76,0.839,0.877,0.009
66,77,0.683,0.747,0.018
66,78,0.883,0.911,0.006
66,79,0.965,0.974,0.002
66,8,0.319,0.4,-0.039
66,80,0.768,0.819,0.013
66,81,0.82,0.861,0.01
66,82,0.739,0.794,0.014
66,83,0.899,0.924,0.005
66,84,0.834,0.873,-0.009
66,85,0.943,0.958,0.003
66,86,0.875,0.905,-0.007
66,87,0.834,0.873,0.009
66,88,0.688,0.751,0.017
66,89,0.989,0.992,-0.001
66,9,0.45,0.533,-0.029
66,90,0.778,0.827,-0.012
66,91,0.635,0.705,-0.021
66,92,0.743,0.798,-0.014
66,93,0.767,0.818,-0.013
66,94,0.68,0.744,-0.018
66,95,0.852,0.887,-0.008
66,96,0.716,0.775,-0.016
66,97,0.38,0.463,-0.04
66,98,0.353,0.435,-0.042
66,99,0.598,0.672,-0.024
67,10,0.531,0.61,-0.024
67,100,0.641,0.71,-0.021
67,101,0.689,0.753,-0.018
67,102,0.375,0.458,-0.042
67,103,0.492,0.573,-0.033
67,104,0.597,0.671,-0.025
67,105,0.433,0.516,-0.038
67,106,0.578,0.654,-0.028
67,107,0.328,0.409,-0.05
67,108,0.53,0.61,-0.033
67,109,0.405,0.488,-0.044
67,11,0.998,0.999,-0.0
67,110,0.428,0.511,-0.043
67,111,0.34,0.422,-0.053
67,112,0.3,0.38,-0.059
67,113,0.268,0.345,-0.065
67,114,0.246,0.322,-0.069
67,115,0.222,0.295,-0.073
67,116,0.214,0.285,-0.076
67,117,0.25,0.325,-0.071
67,118,0.248,0.323,-0.071
67,119,0.378,0.461,-0.054
67,12,0.61,0.683,-0.019
67,120,0.307,0.387,-0.063
67,121,0.344,0.426,-0.058
67,122,0.324,0.405,-0.06
67,123,0.217,0.289,-0.075
67,124,0.339,0.42,-0.058
67,125,0.338,0.42,-0.058
67,126,0.37,0.453,-0.054
67,127,0.301,0.381,-0.062
67,128,0.404,0.488,-0.05
67,129,0.389,0.472,-0.052
67,13,0.653,0.721,-0.017
67,130,0.374,0.456,-0.054
67,131,0.264,0.341,-0.067
67,132,0.3,0.379,-0.063
67,133,0.289,0.368,-0.064
67,134,0.359,0.441,-0.055
67,135,0.282,0.36,-0.065
67,136,0.327,0.408,-0.06
67,137,0.357,0.439,-0.056
67,138,0.337,0.419,-0.059
67,139,0.277,0.355,-0.066
67,14,0.995,0.997,0.0
67,140,0.436,0.519,-0.047
67,141,0.382,0.465,-0.053
67,142,0.417,0.5,-0.049
67,143,0.391,0.474,-0.051
67,144,0.435,0.519,-0.045
67,145,0.403,0.487,-0.048
67,146,0.38,0.463,-0.049
67,147,0.408,0.491,-0.046
67,148,0.345,0.427,-0.051
67,149,0.45,0.533,-0.04
67,15,0.872,0.902,-0.006
67,150,0.346,0.428,-0.05
67,151,0.311,0.391,-0.053
67,152,0.405,0.489,-0.043
67,153,0.391,0.474,-0.044
67,154,0.367,0.449,-0.045
67,155,0.358,0.44,-0.046
67,156,0.47,0.552,-0.036
67,157,0.427,0.51,-0.039
67,158,0.53,0.61,-0.03
67,159,0.53,0.61,-0.03
67,16,0.717,0.776,-0.013
67,160,0.496,0.577,-0.032
67,161,0.516,0.596,-0.031
67,162,0.473,0.555,-0.033
67,163,0.72,0.779,-0.017
67,164,0.558,0.636,-0.027
67,165,0.316,0.397,-0.046
67,166,0.395,0.479,-0.039
67,167,0.441,0.524,-0.035
67,168,0.403,0.486,-0.038
67,169,0.371,0.454,-0.04
67,17,0.859,0.893,-0.007
67,170,0.291,0.37,-0.047
67,171,0.441,0.524,-0.035
67,172,0.349,0.432,-0.042
67,173,0.369,0.452,-0.04
67,174,0.323,0.404,-0.044
67,175,0.283,0.361,-0.048
67,176,0.425,0.508,-0.036
67,177,0.374,0.457,-0.04
67,178,0.457,0.54,-0.033
67,179,0.613,0.685,-0.023
67,18,0.702,0.763,0.014
67,180,0.532,0.611,-0.028
67,181,0.319,0.4,-0.045
67,182,0.456,0.539,-0.034
67,183,0.526,0.605,-0.029
67,184,0.472,0.554,-0.033
67,185,0.584,0.659,-0.025
67,186,0.471,0.553,-0.033
67,187,0.528,0.608,-0.029
67,188,0.616,0.688,-0.023
67,189,0.756,0.809,-0.014
67,19,0.699,0.76,0.014
67,190,0.892,0.918,-0.006
67,191,0.663,0.73,-0.02
67,192,0.672,0.737,-0.02
67,193,0.799,0.844,-0.012
67,194,0.882,0.91,-0.007
67,195,0.979,0.985,-0.001
67,196,0.952,0.964,-0.003
67,197,0.831,0.87,-0.01
67,198,0.702,0.764,-0.018
67,199,0.78,0.829,-0.013
67,20,0.877,0.907,-0.006
67,200,0.999,0.999,-0.0
67,201,0.906,0.929,0.006
67,202,0.862,0.895,-0.008
67,203,0.996,0.997,-0.0
67,204,0.98,0.985,-0.001
67,205,0.915,0.936,-0.005
67,206,0.914,0.935,-0.005
67,207,0.866,0.898,-0.008
67,208,0.901,0.925,-0.006
67,209,0.899,0.924,-0.006
67,21,0.776,0.825,0.011
67,210,0.738,0.794,-0.016
67,211,0.636,0.706,-0.022
67,212,0.722,0.781,-0.017
67,213,0.785,0.833,-0.013
67,214,0.564,0.641,-0.027
67,215,0.481,0.563,-0.033
67,216,0.789,0.836,-0.013
67,217,0.434,0.517,-0.037
67,218,0.578,0.654,-0.026
67,219,0.524,0.604,-0.03
67,22,0.749,0.803,0.012
67,220,0.58,0.655,-0.026
67,221,0.577,0.653,-0.026
67,222,0.496,0.577,-0.032
67,223,0.393,0.476,-0.04
67,224,0.406,0.489,-0.039
67,225,0.462,0.544,-0.035
67,226,0.37,0.453,-0.042
67,227,0.307,0.387,-0.048
67,228,0.401,0.485,-0.04
67,229,0.36,0.443,-0.043
67,23,0.838,0.875,0.008
67,230,0.342,0.424,-0.045
67,231,0.362,0.445,-0.044
67,232,0.28,0.358,-0.052
67,233,0.303,0.383,-0.05
67,234,0.239,0.313,-0.057
67,235,0.255,0.331,-0.056
67,236,0.243,0.318,-0.058
67,237,0.241,0.315,-0.059
67,238,0.257,0.333,-0.057
67,239,0.234,0.308,-0.06
67,24,0.717,0.776,0.014
67,240,0.346,0.428,-0.048
67,241,0.336,0.417,-0.05
67,242,0.314,0.394,-0.053
67,243,0.286,0.365,-0.056
67,244,0.31,0.391,-0.054
67,245,0.315,0.395,-0.055
67,246,0.299,0.379,-0.058
67,247,0.252,0.327,-0.065
67,248,0.416,0.499,-0.047
67,249,0.464,0.547,-0.043
67,25,0.57,0.646,0.021
67,250,0.295,0.374,-0.062
67,251,0.426,0.509,-0.048
67,26,0.792,0.839,0.01
67,27,0.708,0.769,0.014
67,28,0.723,0.782,0.014
67,29,0.714,0.773,0.014
67,30,0.706,0.766,0.015
67,31,0.555,0.632,0.023
67,32,0.638,0.708,0.018
67,33,0.67,0.735,0.017
67,34,0.825,0.866,0.009
67,35,0.696,0.758,0.015
67,36,0.65,0.718,0.018
67,37,0.66,0.727,0.018
67,38,0.583,0.658,0.022
67,39,0.565,0.642,0.023
67,40,0.566,0.643,0.023
67,41,0.527,0.606,0.026
67,42,0.547,0.626,0.025
67,43,0.586,0.661,0.023
67,44,0.605,0.678,0.022
67,45,0.505,0.586,0.028
67,46,0.488,0.569,0.029
67,47,0.533,0.613,0.026
67,48,0.373,0.456,0.038
67,49,0.519,0.599,0.028
67,50,0.58,0.656,0.024
67,51,0.434,0.518,0.034
67,52,0.628,0.699,0.021
67,53,0.542,0.621,0.026
67,54,0.381,0.464,0.038
67,55,0.405,0.488,0.036
67,56,0.55,0.628,0.026
67,57,0.476,0.558,0.031
67,58,0.508,0.589,0.029
67,59,0.626,0.697,0.021
67,6,0.641,0.71,-0.018
67,60,0.863,0.896,0.007
67,61,0.996,0.997,-0.0
67,62,0.737,0.793,0.015
67,63,0.502,0.583,0.029
67,64,0.602,0.675,0.023
67,65,0.668,0.734,0.019
67,66,0.598,0.672,0.023
67,67,0.724,0.782,0.015
67,68,0.795,0.841,0.011
67,69,0.907,0.93,-0.005
67,7,0.415,0.498,-0.032
67,70,0.983,0.987,0.001
67,71,0.885,0.913,0.006
67,72,0.89,0.917,0.006
67,73,0.89,0.917,0.006
67,74,0.66,0.727,0.019
67,75,0.851,0.886,0.008
67,76,0.931,0.948,0.004
67,77,0.961,0.971,0.002
67,78,0.877,0.906,0.007
67,79,0.884,0.912,0.006
67,8,0.662,0.729,-0.017
67,80,0.791,0.838,0.011
67,81,0.955,0.967,0.002
67,82,0.976,0.982,-0.001
67,83,0.932,0.949,-0.004
67,84,0.881,0.91,-0.006
67,85,0.86,0.893,-0.008
67,86,0.914,0.935,-0.005
67,87,0.988,0.991,-0.001
67,88,0.955,0.967,0.002
67,89,0.972,0.979,-0.002
67,9,0.551,0.629,-0.023
67,90,0.725,0.783,-0.015
67,91,0.839,0.877,-0.009
67,92,0.758,0.81,-0.013
67,93,0.663,0.73,-0.019
67,94,0.693,0.756,-0.017
67,95,0.614,0.686,-0.022
67,96,0.663,0.729,-0.019
67,97,0.589,0.664,-0.024
67,98,0.576,0.652,-0.025
67,99,0.668,0.734,-0.019
68,10,0.589,0.664,-0.021
68,100,0.619,0.691,-0.023
68,101,0.438,0.521,-0.035
68,102,0.51,0.591,-0.03
68,103,0.668,0.734,-0.02
68,104,0.462,0.545,-0.035
68,105,0.403,0.486,-0.04
68,106,0.656,0.723,-0.022
68,107,0.474,0.556,-0.036
68,108,0.319,0.4,-0.05
68,109,0.523,0.603,-0.033
68,11,0.62,0.692,-0.019
68,110,0.458,0.541,-0.039
68,111,0.53,0.609,-0.034
68,112,0.374,0.457,-0.049
68,113,0.368,0.451,-0.051
68,114,0.395,0.478,-0.05
68,115,0.322,0.403,-0.059
68,116,0.343,0.425,-0.057
68,117,0.355,0.437,-0.057
68,118,0.291,0.37,-0.065
68,119,0.307,0.387,-0.064
68,12,0.512,0.592,-0.025
68,120,0.42,0.503,-0.05
68,121,0.39,0.474,-0.054
68,122,0.404,0.487,-0.052
68,123,0.402,0.485,-0.053
68,124,0.467,0.549,-0.046
68,125,0.358,0.44,-0.058
68,126,0.382,0.465,-0.055
68,127,0.393,0.476,-0.053
68,128,0.332,0.414,-0.06
68,129,0.269,0.347,-0.069
68,13,0.712,0.772,-0.014
68,130,0.352,0.434,-0.058
68,131,0.406,0.489,-0.052
68,132,0.326,0.407,-0.061
68,133,0.348,0.43,-0.058
68,134,0.243,0.318,-0.072
68,135,0.327,0.408,-0.061
68,136,0.376,0.458,-0.055
68,137,0.311,0.392,-0.063
68,138,0.286,0.365,-0.066
68,139,0.252,0.328,-0.07
68,14,0.827,0.867,-0.008
68,140,0.373,0.456,-0.054
68,141,0.442,0.525,-0.046
68,142,0.322,0.403,-0.058
68,143,0.329,0.41,-0.057
68,144,0.365,0.447,-0.052
68,145,0.339,0.421,-0.054
68,146,0.281,0.359,-0.06
68,147,0.351,0.434,-0.051
68,148,0.36,0.442,-0.049
68,149,0.291,0.371,-0.056
68,15,0.997,0.998,-0.0
68,150,0.288,0.367,-0.055
68,151,0.347,0.429,-0.048
68,152,0.289,0.368,-0.054
68,153,0.442,0.525,-0.039
68,154,0.351,0.433,-0.046
68,155,0.362,0.444,-0.045
68,156,0.434,0.518,-0.038
68,157,0.538,0.617,-0.03
68,158,0.527,0.607,-0.03
68,159,0.405,0.489,-0.039
68,16,0.871,0.902,-0.006
68,160,0.319,0.4,-0.047
68,161,0.392,0.475,-0.04
68,162,0.523,0.603,-0.03
68,163,0.316,0.396,-0.046
68,164,0.348,0.43,-0.043
68,165,0.488,0.57,-0.031
68,166,0.336,0.418,-0.044
68,167,0.321,0.402,-0.045
68,168,0.499,0.58,-0.03
68,169,0.345,0.427,-0.042
68,17,0.806,0.85,-0.009
68,170,0.538,0.617,-0.027
68,171,0.391,0.474,-0.038
68,172,0.535,0.614,-0.028
68,173,0.354,0.436,-0.041
68,174,0.49,0.571,-0.031
68,175,0.517,0.598,-0.029
68,176,0.578,0.654,-0.025
68,177,0.626,0.697,-0.022
68,178,0.473,0.555,-0.032
68,179,0.534,0.613,-0.028
68,18,0.936,0.952,-0.003
68,180,0.489,0.57,-0.031
68,181,0.588,0.662,-0.025
68,182,0.71,0.77,-0.017
68,183,0.648,0.716,-0.021
68,184,0.662,0.729,-0.02
68,185,0.486,0.567,-0.032
68,186,0.674,0.739,-0.019
68,187,0.592,0.666,-0.025
68,188,0.653,0.721,-0.021
68,189,0.524,0.604,-0.029
68,19,0.895,0.921,-0.005
68,190,0.752,0.805,-0.015
68,191,0.874,0.904,-0.007
68,192,0.718,0.777,-0.017
68,193,0.565,0.641,-0.027
68,194,0.628,0.699,-0.023
68,195,0.85,0.886,-0.009
68,196,0.83,0.87,-0.01
68,197,0.733,0.79,-0.016
68,198,0.729,0.786,-0.016
68,199,0.697,0.759,-0.018
68,20,0.895,0.921,0.005
68,200,0.515,0.596,-0.031
68,201,0.438,0.522,-0.036
68,202,0.651,0.719,-0.021
68,203,0.855,0.889,-0.009
68,204,0.763,0.815,-0.014
68,205,0.712,0.772,-0.017
68,206,0.597,0.671,-0.025
68,207,0.703,0.765,-0.018
68,208,0.632,0.702,-0.022
68,209,0.686,0.749,-0.019
68,21,0.937,0.953,-0.003
68,210,0.491,0.572,-0.032
68,211,0.641,0.71,-0.022
68,212,0.503,0.584,-0.031
68,213,0.551,0.629,-0.028
68,214,0.636,0.706,-0.022
68,215,0.619,0.691,-0.023
68,216,0.548,0.626,-0.028
68,217,0.529,0.608,-0.029
68,218,0.521,0.601,-0.03
68,219,0.566,0.642,-0.027
68,22,0.639,0.708,-0.018
68,220,0.475,0.557,-0.033
68,221,0.468,0.55,-0.034
68,222,0.547,0.625,-0.028
68,223,0.627,0.698,-0.023
68,224,0.489,0.571,-0.033
68,225,0.351,0.434,-0.044
68,226,0.286,0.365,-0.05
68,227,0.311,0.391,-0.048
68,228,0.283,0.362,-0.051
68,229,0.412,0.495,-0.039
68,23,0.902,0.926,-0.005
68,230,0.312,0.393,-0.048
68,231,0.26,0.337,-0.054
68,232,0.145,0.205,-0.07
68,233,0.218,0.29,-0.06
68,234,0.275,0.353,-0.053
68,235,0.296,0.376,-0.051
68,236,0.193,0.262,-0.065
68,237,0.286,0.365,-0.053
68,238,0.281,0.36,-0.054
68,239,0.227,0.3,-0.061
68,24,0.962,0.972,-0.002
68,240,0.203,0.272,-0.066
68,241,0.21,0.281,-0.065
68,242,0.25,0.326,-0.06
68,243,0.377,0.46,-0.047
68,244,0.296,0.376,-0.056
68,245,0.403,0.487,-0.046
68,246,0.473,0.555,-0.04
68,247,0.401,0.484,-0.048
68,248,0.406,0.489,-0.048
68,249,0.492,0.574,-0.04
68,25,0.858,0.891,-0.007
68,250,0.378,0.461,-0.053
68,251,0.421,0.504,-0.049
68,26,0.931,0.948,-0.003
68,27,0.923,0.942,0.004
68,28,0.915,0.936,-0.004
68,29,0.851,0.886,0.007
68,30,0.941,0.956,0.003
68,31,0.866,0.898,0.007
68,32,0.766,0.817,-0.012
68,33,0.956,0.967,-0.002
68,34,0.858,0.891,0.007
68,35,0.759,0.811,0.012
68,36,0.794,0.841,0.01
68,37,0.781,0.83,0.011
68,38,0.972,0.979,-0.001
68,39,0.992,0.994,0.0
68,40,0.912,0.934,0.004
68,41,0.937,0.953,0.003
68,42,0.874,0.904,0.007
68,43,0.874,0.904,0.007
68,44,0.971,0.979,0.001
68,45,0.804,0.848,0.01
68,46,0.931,0.948,0.004
68,47,0.931,0.949,0.004
68,48,0.58,0.656,0.023
68,49,0.84,0.878,0.009
68,50,0.678,0.743,0.018
68,51,0.788,0.835,0.012
68,52,0.746,0.801,0.014
68,53,0.832,0.871,0.009
68,54,0.851,0.886,0.008
68,55,0.805,0.849,0.011
68,56,0.654,0.722,0.019
68,57,0.645,0.714,0.02
68,58,0.681,0.746,0.018
68,59,0.642,0.711,0.02
68,6,0.356,0.439,-0.037
68,60,0.613,0.685,0.022
68,61,0.47,0.552,0.031
68,62,0.451,0.534,0.033
68,63,0.481,0.563,0.031
68,64,0.705,0.766,0.017
68,65,0.462,0.545,0.032
68,66,0.55,0.628,0.026
68,67,0.71,0.77,0.016
68,68,0.643,0.712,0.02
68,69,0.86,0.893,0.008
68,7,0.692,0.755,-0.016
68,70,0.75,0.804,0.014
68,71,0.797,0.843,0.011
68,72,0.966,0.975,0.002
68,73,0.992,0.994,-0.0
68,74,0.846,0.882,0.008
68,75,0.883,0.911,0.006
68,76,0.684,0.748,0.017
68,77,0.981,0.986,0.001
68,78,0.843,0.88,-0.008
68,79,0.904,0.928,-0.005
68,8,0.672,0.737,-0.016
68,80,0.96,0.97,0.002
68,81,0.918,0.939,-0.004
68,82,0.885,0.913,-0.006
68,83,0.754,0.807,-0.013
68,84,0.622,0.694,-0.021
68,85,0.687,0.75,-0.017
68,86,0.676,0.741,-0.018
68,87,0.747,0.801,-0.014
68,88,0.674,0.739,-0.018
68,89,0.884,0.912,-0.006
68,9,0.585,0.66,-0.021
68,90,0.826,0.866,-0.009
68,91,0.865,0.897,-0.007
68,92,0.91,0.932,-0.005
68,93,0.591,0.665,-0.023
68,94,0.63,0.701,-0.021
68,95,0.702,0.763,-0.017
68,96,0.533,0.612,-0.028
68,97,0.505,0.586,-0.03
68,98,0.505,0.586,-0.03
68,99,0.515,0.595,-0.029
69,10,0.847,0.883,-0.007
69,100,0.67,0.736,-0.019
69,101,0.644,0.713,-0.021
69,102,0.715,0.774,-0.017
69,103,0.749,0.803,-0.015
69,104,0.805,0.849,-0.012
69,105,0.468,0.551,-0.034
69,106,0.49,0.571,-0.033
69,107,0.813,0.856,-0.012
69,108,0.625,0.696,-0.024
69,109,0.641,0.71,-0.024
69,11,0.959,0.969,0.002
69,110,0.54,0.619,-0.032
69,111,0.499,0.58,-0.036
69,112,0.354,0.436,-0.05
69,113,0.534,0.613,-0.034
69,114,0.551,0.629,-0.034
69,115,0.551,0.629,-0.034
69,116,0.498,0.579,-0.04
69,117,0.519,0.599,-0.039
69,118,0.459,0.541,-0.045
69,119,0.467,0.55,-0.045
69,12,0.66,0.727,-0.017
69,120,0.467,0.549,-0.046
69,121,0.575,0.651,-0.035
69,122,0.561,0.639,-0.037
69,123,0.708,0.769,-0.024
69,124,0.557,0.634,-0.038
69,125,0.577,0.653,-0.036
69,126,0.663,0.729,-0.028
69,127,0.567,0.644,-0.037
69,128,0.396,0.48,-0.054
69,129,0.558,0.635,-0.037
69,13,0.912,0.934,-0.004
69,130,0.549,0.627,-0.038
69,131,0.602,0.676,-0.033
69,132,0.559,0.636,-0.037
69,133,0.581,0.657,-0.035
69,134,0.561,0.638,-0.037
69,135,0.605,0.678,-0.032
69,136,0.635,0.705,-0.029
69,137,0.54,0.619,-0.038
69,138,0.703,0.764,-0.023
69,139,0.677,0.742,-0.025
69,14,0.8,0.845,-0.009
69,140,0.71,0.77,-0.022
69,141,0.732,0.789,-0.02
69,142,0.609,0.682,-0.03
69,143,0.466,0.548,-0.042
69,144,0.564,0.641,-0.032
69,145,0.544,0.622,-0.033
69,146,0.657,0.724,-0.024
69,147,0.691,0.754,-0.021
69,148,0.648,0.716,-0.024
69,149,0.761,0.813,-0.016
69,15,0.87,0.901,-0.006
69,150,0.717,0.776,-0.019
69,151,0.693,0.756,-0.02
69,152,0.547,0.625,-0.03
69,153,0.925,0.944,-0.005
69,154,0.505,0.586,-0.033
69,155,0.577,0.653,-0.027
69,156,0.579,0.655,-0.027
69,157,0.777,0.826,-0.013
69,158,0.53,0.609,-0.03
69,159,0.52,0.6,-0.03
69,16,0.896,0.921,-0.005
69,160,0.515,0.596,-0.03
69,161,0.475,0.557,-0.033
69,162,0.63,0.7,-0.022
69,163,0.624,0.695,-0.022
69,164,0.615,0.688,-0.023
69,165,0.638,0.708,-0.021
69,166,0.792,0.839,-0.012
69,167,0.797,0.843,-0.011
69,168,0.793,0.839,-0.012
69,169,0.647,0.715,-0.02
69,17,0.867,0.898,0.006
69,170,0.704,0.765,-0.017
69,171,0.817,0.859,-0.01
69,172,0.681,0.745,-0.018
69,173,0.582,0.657,-0.025
69,174,0.691,0.754,-0.018
69,175,0.538,0.617,-0.028
69,176,0.592,0.666,-0.024
69,177,0.807,0.851,-0.011
69,178,0.788,0.835,-0.012
69,179,0.689,0.752,-0.018
69,18,0.931,0.948,-0.003
69,180,0.866,0.898,-0.008
69,181,0.853,0.888,-0.008
69,182,0.815,0.857,-0.011
69,183,0.857,0.891,-0.008
69,184,0.844,0.881,-0.009
69,185,0.658,0.725,-0.02
69,186,0.866,0.898,-0.008
69,187,0.708,0.768,-0.017
69,188,0.614,0.687,-0.023
69,189,0.753,0.806,-0.015
69,19,0.885,0.913,0.005
69,190,0.884,0.912,-0.007
69,191,0.972,0.98,-0.002
69,192,0.985,0.989,-0.001
69,193,0.794,0.84,-0.012
69,194,0.989,0.992,0.001
69,195,0.91,0.932,-0.005
69,196,0.975,0.982,0.001
69,197,0.775,0.825,0.013
69,198,0.952,0.964,-0.003
69,199,0.789,0.836,-0.013
69,20,0.916,0.937,0.004
69,200,0.953,0.965,-0.003
69,201,0.831,0.87,-0.01
69,202,0.974,0.981,0.002
69,203,0.775,0.825,-0.013
69,204,0.999,0.999,-0.0
69,205,0.93,0.947,-0.004
69,206,0.981,0.986,-0.001
69,207,0.902,0.926,-0.006
69,208,0.935,0.951,0.004
69,209,0.982,0.987,0.001
69,21,0.835,0.873,0.008
69,210,0.945,0.959,-0.003
69,211,0.862,0.895,-0.008
69,212,0.986,0.99,-0.001
69,213,0.782,0.831,-0.013
69,214,0.88,0.909,-0.007
69,215,0.883,0.911,-0.007
69,216,0.972,0.979,-0.002
69,217,0.941,0.956,-0.003
69,218,0.812,0.854,-0.011
69,219,0.648,0.717,-0.021
69,22,0.659,0.726,0.017
69,220,0.763,0.815,-0.014
69,221,0.819,0.861,-0.011
69,222,0.746,0.801,-0.015
69,223,0.615,0.688,-0.024
69,224,0.598,0.672,-0.025
69,225,0.833,0.872,-0.01
69,226,0.7,0.762,-0.018
69,227,0.58,0.655,-0.026
69,228,0.546,0.625,-0.029
69,229,0.45,0.533,-0.036
69,23,0.61,0.683,0.019
69,230,0.413,0.496,-0.039
69,231,0.506,0.587,-0.032
69,232,0.572,0.648,-0.027
69,233,0.488,0.57,-0.034
69,234,0.504,0.585,-0.033
69,235,0.31,0.391,-0.05
69,236,0.419,0.502,-0.04
69,237,0.335,0.417,-0.049
69,238,0.274,0.352,-0.055
69,239,0.288,0.367,-0.054
69,24,0.442,0.525,0.029
69,240,0.422,0.505,-0.041
69,241,0.397,0.48,-0.044
69,242,0.348,0.43,-0.05
69,243,0.366,0.449,-0.049
69,244,0.376,0.459,-0.048
69,245,0.339,0.421,-0.053
69,246,0.398,0.481,-0.048
69,247,0.401,0.485,-0.048
69,248,0.411,0.494,-0.048
69,249,0.424,0.507,-0.047
69,25,0.423,0.506,0.03
69,250,0.445,0.527,-0.046
69,251,0.476,0.558,-0.044
69,26,0.529,0.608,0.024
69,27,0.536,0.615,0.024
69,28,0.466,0.548,0.028
69,29,0.566,0.643,0.022
69,30,0.467,0.549,0.028
69,31,0.581,0.657,0.021
69,32,0.791,0.838,0.01
69,33,0.654,0.722,0.017
69,34,0.643,0.712,0.018
69,35,0.556,0.634,0.023
69,36,0.884,0.912,0.006
69,37,0.611,0.684,0.02
69,38,0.677,0.742,0.017
69,39,0.567,0.644,0.023
69,40,0.414,0.498,0.033
69,41,0.526,0.605,0.026
69,42,0.477,0.559,0.029
69,43,0.474,0.556,0.029
69,44,0.356,0.439,0.038
69,45,0.505,0.586,0.028
69,46,0.466,0.549,0.03
69,47,0.368,0.45,0.038
69,48,0.389,0.472,0.036
69,49,0.445,0.528,0.032
69,50,0.245,0.32,0.05
69,51,0.286,0.364,0.046
69,52,0.512,0.593,0.028
69,53,0.391,0.474,0.037
69,54,0.531,0.61,0.027
69,55,0.335,0.416,0.042
69,56,0.324,0.405,0.043
69,57,0.332,0.414,0.042
69,58,0.52,0.6,0.028
69,59,0.447,0.53,0.033
69,6,0.603,0.676,-0.021
69,60,0.41,0.494,0.036
69,61,0.391,0.474,0.037
69,62,0.404,0.487,0.036
69,63,0.675,0.74,0.018
69,64,0.82,0.861,0.01
69,65,0.446,0.529,0.033
69,66,0.553,0.631,0.026
69,67,0.634,0.704,0.021
69,68,0.489,0.57,0.03
69,69,0.605,0.678,0.022
69,7,0.629,0.7,-0.019
69,70,0.506,0.587,0.029
69,71,0.677,0.742,0.018
69,72,0.689,0.752,0.017
69,73,0.94,0.955,0.003
69,74,0.888,0.915,-0.006
69,75,0.862,0.895,-0.007
69,76,1.0,1.0,-0.0
69,77,0.888,0.915,0.006
69,78,0.994,0.995,0.0
69,79,0.974,0.98,-0.001
69,8,0.77,0.82,-0.011
69,80,0.855,0.89,0.008
69,81,0.914,0.935,-0.005
69,82,0.988,0.991,0.001
69,83,0.993,0.994,0.0
69,84,0.904,0.928,0.005
69,85,0.664,0.731,-0.018
69,86,0.818,0.859,-0.01
69,87,0.96,0.97,-0.002
69,88,0.866,0.898,0.007
69,89,0.889,0.916,-0.006
69,9,0.427,0.51,-0.031
69,90,0.929,0.947,0.004
69,91,0.953,0.965,-0.003
69,92,0.735,0.791,-0.015
69,93,0.93,0.948,-0.004
69,94,0.916,0.937,0.005
69,95,0.821,0.862,-0.01
69,96,0.601,0.674,-0.023
69,97,0.782,0.83,-0.012
69,98,0.604,0.678,-0.023
69,99,0.642,0.711,-0.021
7,10,0.611,0.684,-0.018
7,100,0.935,0.952,-0.003
7,101,0.967,0.976,0.002
7,102,0.828,0.867,-0.008
7,103,0.871,0.902,0.006
7,104,0.972,0.98,-0.001
7,105,0.796,0.842,-0.01
7,106,0.8,0.845,-0.01
7,107,0.752,0.806,-0.012
7,108,0.88,0.909,-0.006
7,109,0.644,0.713,-0.018
7,11,0.286,0.364,-0.037
7,110,0.824,0.865,-0.009
7,111,0.902,0.926,-0.005
7,112,0.814,0.856,0.009
7,113,0.887,0.915,0.006
7,114,0.977,0.983,-0.001
7,115,0.96,0.97,0.002
7,116,0.989,0.992,0.001
7,117,0.942,0.957,0.003
7,118,0.938,0.954,-0.003
7,119,0.879,0.908,0.006
7,12,0.541,0.619,-0.021
7,120,0.961,0.971,0.002
7,121,0.645,0.714,0.018
7,122,0.592,0.667,0.021
7,123,0.753,0.806,0.013
7,124,0.602,0.675,0.021
7,125,0.853,0.887,0.007
7,126,0.692,0.755,0.016
7,127,0.795,0.841,0.01
7,128,0.817,0.859,0.009
7,129,0.936,0.952,0.003
7,13,0.602,0.676,-0.018
7,130,0.875,0.905,0.006
7,131,0.809,0.853,0.01
7,132,0.826,0.866,0.009
7,133,0.745,0.799,0.013
7,134,0.617,0.689,0.02
7,135,0.881,0.91,0.006
7,136,0.737,0.793,0.014
7,137,0.633,0.704,0.019
7,138,0.994,0.995,0.0
7,139,0.963,0.972,0.002
7,14,0.543,0.622,-0.02
7,140,0.883,0.911,0.006
7,141,0.915,0.936,-0.004
7,142,0.67,0.736,-0.018
7,143,0.7,0.762,-0.016
7,144,0.532,0.611,-0.026
7,145,0.634,0.704,-0.02
7,146,0.602,0.675,-0.022
7,147,0.591,0.665,-0.022
7,148,0.691,0.754,-0.017
7,149,0.797,0.843,-0.011
7,15,0.668,0.734,-0.014
7,150,0.485,0.567,-0.029
7,151,0.529,0.608,-0.026
7,152,0.499,0.58,-0.028
7,153,0.369,0.452,-0.038
7,154,0.52,0.6,-0.027
7,155,0.646,0.714,-0.019
7,156,0.531,0.61,-0.026
7,157,0.419,0.502,-0.034
7,158,0.485,0.567,-0.029
7,159,0.499,0.58,-0.029
7,16,0.604,0.678,-0.017
7,160,0.432,0.515,-0.033
7,161,0.439,0.522,-0.033
7,162,0.565,0.641,-0.024
7,163,0.505,0.586,-0.028
7,164,0.578,0.654,-0.024
7,165,0.686,0.75,-0.017
7,166,0.655,0.722,-0.019
7,167,0.851,0.886,-0.008
7,168,0.648,0.716,-0.02
7,169,0.695,0.757,-0.017
7,17,0.783,0.831,-0.009
7,170,0.671,0.736,-0.018
7,171,0.65,0.718,-0.02
7,172,0.674,0.739,-0.018
7,173,0.655,0.723,-0.019
7,174,0.668,0.734,-0.019
7,175,0.576,0.652,-0.025
7,176,0.629,0.7,-0.021
7,177,0.475,0.557,-0.032
7,178,0.395,0.478,-0.038
7,179,0.402,0.485,-0.037
7,18,0.716,0.775,-0.012
7,180,0.541,0.619,-0.027
7,181,0.289,0.368,-0.048
7,182,0.395,0.478,-0.039
7,183,0.406,0.489,-0.038
7,184,0.471,0.553,-0.033
7,185,0.456,0.539,-0.034
7,186,0.293,0.372,-0.049
7,187,0.413,0.496,-0.038
7,188,0.581,0.657,-0.026
7,189,0.688,0.751,-0.019
7,19,0.733,0.79,-0.011
7,190,0.639,0.709,-0.022
7,191,0.606,0.679,-0.025
7,192,0.64,0.709,-0.022
7,193,0.695,0.757,-0.019
7,194,0.751,0.804,-0.015
7,195,0.963,0.972,-0.002
7,196,0.832,0.871,-0.01
7,197,0.88,0.909,-0.007
7,198,0.953,0.965,0.003
7,199,0.882,0.911,-0.007
7,20,0.622,0.693,-0.016
7,200,0.921,0.94,0.005
7,201,0.863,0.896,0.009
7,202,0.854,0.888,0.009
7,203,0.923,0.942,0.005
7,204,0.986,0.989,0.001
7,205,0.899,0.924,0.007
7,206,0.936,0.952,0.004
7,207,0.878,0.907,0.008
7,208,0.885,0.913,0.008
7,209,0.923,0.942,-0.005
7,21,0.912,0.934,-0.004
7,210,0.92,0.94,-0.005
7,211,0.922,0.942,-0.005
7,212,0.942,0.957,-0.004
7,213,0.888,0.915,0.008
7,214,0.999,0.999,-0.0
7,215,0.983,0.987,-0.001
7,216,0.941,0.956,-0.004
7,217,0.652,0.72,-0.025
7,218,0.645,0.714,-0.026
7,219,0.843,0.88,-0.011
7,22,0.754,0.807,-0.01
7,220,0.777,0.826,-0.016
7,221,0.772,0.822,-0.017
7,222,0.82,0.861,-0.013
7,223,0.675,0.74,-0.024
7,224,0.764,0.816,-0.017
7,225,0.907,0.93,-0.007
7,226,0.83,0.869,-0.013
7,227,0.776,0.826,-0.017
7,228,0.981,0.986,-0.001
7,229,0.924,0.943,-0.006
7,23,0.494,0.575,-0.022
7,230,0.803,0.848,-0.015
7,231,0.782,0.831,-0.017
7,232,0.744,0.799,-0.02
7,233,0.931,0.948,-0.005
7,234,0.812,0.854,-0.014
7,235,0.866,0.898,-0.01
7,236,0.771,0.821,-0.018
7,237,0.761,0.813,-0.019
7,238,0.633,0.703,-0.029
7,239,0.729,0.786,-0.021
7,24,0.655,0.723,-0.015
7,240,0.643,0.712,-0.029
7,241,0.695,0.757,-0.024
7,242,0.576,0.652,-0.035
7,243,0.716,0.775,-0.023
7,244,0.721,0.78,-0.022
7,245,0.638,0.708,-0.03
7,246,0.892,0.918,-0.009
7,247,0.686,0.75,-0.026
7,248,0.723,0.781,-0.023
7,249,0.708,0.768,-0.024
7,25,0.636,0.705,-0.015
7,250,0.88,0.909,-0.01
7,251,0.823,0.864,-0.015
7,26,0.582,0.657,-0.018
7,27,0.73,0.787,-0.011
7,28,0.681,0.745,-0.014
7,29,0.816,0.858,-0.008
7,30,0.561,0.638,-0.019
7,31,0.554,0.632,-0.019
7,32,0.804,0.848,-0.008
7,33,0.817,0.859,-0.008
7,34,0.811,0.854,-0.008
7,35,0.942,0.957,-0.002
7,36,0.634,0.704,-0.016
7,37,0.348,0.43,-0.031
7,38,0.643,0.712,-0.015
7,39,0.907,0.93,-0.004
7,40,0.417,0.5,-0.027
7,41,0.562,0.639,-0.019
7,42,0.788,0.835,-0.009
7,43,0.775,0.825,-0.01
7,44,0.813,0.856,-0.008
7,45,0.807,0.851,-0.008
7,46,0.862,0.895,-0.006
7,47,0.955,0.967,0.002
7,48,0.923,0.942,-0.003
7,49,0.628,0.699,-0.016
7,50,0.878,0.907,-0.005
7,51,0.85,0.885,-0.006
7,52,0.915,0.936,0.004
7,53,0.808,0.852,-0.008
7,54,0.78,0.829,-0.009
7,55,0.625,0.696,-0.017
7,56,0.778,0.827,-0.01
7,57,0.972,0.979,0.001
7,58,0.971,0.979,-0.001
7,59,0.786,0.834,-0.009
7,60,0.974,0.981,0.001
7,61,0.526,0.606,-0.022
7,62,0.568,0.645,-0.02
7,63,0.844,0.881,-0.007
7,64,0.993,0.995,-0.0
7,65,0.726,0.784,-0.012
7,66,0.902,0.926,-0.004
7,67,0.592,0.667,-0.019
7,68,0.967,0.976,-0.001
7,69,0.88,0.909,-0.005
7,7,0.347,0.429,-0.033
7,70,0.581,0.656,-0.019
7,71,0.73,0.787,-0.012
7,72,0.837,0.875,-0.007
7,73,0.721,0.779,-0.013
7,74,0.642,0.711,-0.016
7,75,0.659,0.726,-0.016
7,76,0.88,0.909,-0.005
7,77,0.979,0.984,0.001
7,78,0.832,0.871,-0.008
7,79,0.84,0.877,-0.007
7,8,0.397,0.48,-0.03
7,80,0.71,0.77,-0.013
7,81,0.972,0.98,-0.001
7,82,0.901,0.925,-0.005
7,83,0.973,0.98,-0.001
7,84,0.971,0.978,-0.001
7,85,0.991,0.994,-0.0
7,86,0.985,0.989,-0.001
7,87,0.899,0.924,-0.005
7,88,0.964,0.973,0.002
7,89,0.9,0.924,-0.005
7,9,0.482,0.564,-0.025
7,90,0.879,0.908,-0.006
7,91,0.888,0.915,-0.005
7,92,0.806,0.85,0.009
7,93,0.914,0.935,-0.004
7,94,0.949,0.962,0.002
7,95,0.77,0.821,-0.011
7,96,0.976,0.982,-0.001
7,97,0.885,0.913,0.005
7,98,0.982,0.987,0.001
7,99,0.968,0.976,-0.002
70,10,0.568,0.644,-0.022
70,100,0.434,0.517,-0.035
70,101,0.769,0.82,-0.013
70,102,0.683,0.747,-0.019
70,103,0.674,0.739,-0.019
70,104,0.512,0.593,-0.03
70,105,0.496,0.577,-0.032
70,106,0.589,0.663,-0.025
70,107,0.728,0.785,-0.017
70,108,0.683,0.747,-0.02
70,109,0.706,0.766,-0.019
70,11,0.499,0.58,-0.025
70,110,0.807,0.851,-0.012
70,111,0.52,0.6,-0.033
70,112,0.566,0.643,-0.03
70,113,0.66,0.727,-0.023
70,114,0.536,0.615,-0.034
70,115,0.639,0.708,-0.026
70,116,0.807,0.851,-0.014
70,117,0.719,0.778,-0.021
70,118,0.723,0.781,-0.021
70,119,0.856,0.89,-0.011
70,12,0.748,0.802,-0.012
70,120,0.908,0.93,-0.007
70,121,0.663,0.73,-0.027
70,122,0.73,0.787,-0.022
70,123,0.892,0.919,-0.009
70,124,0.734,0.791,-0.022
70,125,0.712,0.772,-0.024
70,126,0.68,0.744,-0.026
70,127,0.607,0.68,-0.033
70,128,0.583,0.658,-0.035
70,129,0.656,0.724,-0.029
70,13,0.852,0.887,-0.007
70,130,0.723,0.781,-0.023
70,131,0.665,0.731,-0.028
70,132,0.591,0.665,-0.034
70,133,0.596,0.67,-0.033
70,134,0.587,0.662,-0.034
70,135,0.623,0.694,-0.031
70,136,0.488,0.569,-0.043
70,137,0.503,0.584,-0.041
70,138,0.536,0.615,-0.037
70,139,0.439,0.522,-0.046
70,14,0.723,0.781,-0.013
70,140,0.445,0.528,-0.044
70,141,0.342,0.424,-0.054
70,142,0.432,0.515,-0.044
70,143,0.381,0.464,-0.049
70,144,0.418,0.501,-0.044
70,145,0.453,0.535,-0.04
70,146,0.461,0.543,-0.039
70,147,0.335,0.416,-0.05
70,148,0.472,0.554,-0.037
70,149,0.339,0.42,-0.049
70,15,0.608,0.681,-0.019
70,150,0.416,0.499,-0.041
70,151,0.384,0.468,-0.043
70,152,0.291,0.37,-0.052
70,153,0.414,0.497,-0.04
70,154,0.583,0.659,-0.027
70,155,0.586,0.661,-0.026
70,156,0.4,0.483,-0.04
70,157,0.418,0.501,-0.038
70,158,0.477,0.559,-0.033
70,159,0.437,0.52,-0.036
70,16,0.825,0.865,-0.008
70,160,0.504,0.585,-0.031
70,161,0.488,0.569,-0.032
70,162,0.733,0.79,-0.016
70,163,0.579,0.655,-0.025
70,164,0.475,0.557,-0.032
70,165,0.531,0.611,-0.028
70,166,0.515,0.595,-0.029
70,167,0.552,0.63,-0.027
70,168,0.391,0.474,-0.038
70,169,0.514,0.595,-0.029
70,17,0.985,0.989,-0.001
70,170,0.484,0.566,-0.031
70,171,0.578,0.653,-0.025
70,172,0.794,0.84,-0.012
70,173,0.646,0.715,-0.02
70,174,0.748,0.802,-0.014
70,175,0.625,0.696,-0.022
70,176,0.724,0.782,-0.016
70,177,0.675,0.74,-0.019
70,178,0.604,0.678,-0.023
70,179,0.545,0.623,-0.027
70,18,0.839,0.877,-0.007
70,180,0.764,0.816,-0.014
70,181,0.61,0.683,-0.023
70,182,0.559,0.637,-0.027
70,183,0.495,0.577,-0.031
70,184,0.725,0.783,-0.016
70,185,0.855,0.889,-0.008
70,186,0.742,0.797,-0.015
70,187,0.736,0.792,-0.016
70,188,0.667,0.733,-0.02
70,189,0.702,0.764,-0.018
70,19,0.985,0.989,0.001
70,190,0.631,0.701,-0.022
70,191,0.796,0.842,-0.012
70,192,0.944,0.958,-0.003
70,193,0.943,0.958,-0.003
70,194,0.92,0.94,-0.005
70,195,0.918,0.938,-0.005
70,196,0.866,0.898,-0.008
70,197,0.772,0.822,-0.014
70,198,0.69,0.753,-0.019
70,199,0.785,0.833,-0.013
70,20,0.771,0.821,-0.011
70,200,0.808,0.851,-0.011
70,201,0.966,0.975,-0.002
70,202,0.981,0.986,-0.001
70,203,0.843,0.88,0.009
70,204,0.981,0.986,-0.001
70,205,0.953,0.965,-0.003
70,206,0.863,0.895,-0.008
70,207,0.884,0.912,-0.007
70,208,0.849,0.884,-0.009
70,209,0.756,0.809,-0.015
70,21,0.98,0.985,-0.001
70,210,0.672,0.737,-0.02
70,211,0.714,0.774,-0.017
70,212,0.749,0.803,-0.015
70,213,0.854,0.888,-0.009
70,214,0.735,0.791,-0.016
70,215,0.838,0.876,-0.01
70,216,0.886,0.914,-0.007
70,217,0.829,0.869,-0.01
70,218,0.74,0.796,-0.015
70,219,0.603,0.677,-0.024
70,22,0.991,0.994,0.0
70,220,0.688,0.752,-0.019
70,221,0.7,0.762,-0.018
70,222,0.499,0.58,-0.032
70,223,0.613,0.685,-0.024
70,224,0.493,0.574,-0.032
70,225,0.774,0.824,-0.014
70,226,0.62,0.691,-0.023
70,227,0.748,0.802,-0.015
70,228,0.732,0.789,-0.016
70,229,0.525,0.605,-0.03
70,23,0.728,0.785,-0.013
70,230,0.685,0.749,-0.019
70,231,0.564,0.641,-0.028
70,232,0.683,0.747,-0.02
70,233,0.424,0.507,-0.039
70,234,0.443,0.526,-0.038
70,235,0.256,0.332,-0.056
70,236,0.27,0.347,-0.055
70,237,0.29,0.369,-0.054
70,238,0.193,0.261,-0.066
70,239,0.169,0.234,-0.071
70,24,0.954,0.966,-0.002
70,240,0.175,0.24,-0.071
70,241,0.234,0.308,-0.063
70,242,0.277,0.355,-0.058
70,243,0.307,0.388,-0.055
70,244,0.191,0.259,-0.072
70,245,0.262,0.338,-0.063
70,246,0.182,0.249,-0.076
70,247,0.218,0.29,-0.071
70,248,0.226,0.299,-0.071
70,249,0.241,0.315,-0.07
70,25,0.973,0.98,0.001
70,250,0.197,0.266,-0.079
70,251,0.151,0.212,-0.089
70,26,0.942,0.957,-0.003
70,27,0.985,0.989,-0.001
70,28,0.987,0.99,-0.001
70,29,0.987,0.99,-0.001
70,30,0.906,0.929,0.005
70,31,0.847,0.883,0.007
70,32,0.715,0.775,0.014
70,33,0.742,0.797,0.013
70,34,0.558,0.636,0.023
70,35,0.61,0.683,0.02
70,36,0.54,0.619,0.024
70,37,0.502,0.583,0.027
70,38,0.541,0.62,0.024
70,39,0.699,0.761,0.016
70,40,0.596,0.67,0.021
70,41,0.533,0.612,0.025
70,42,0.583,0.658,0.022
70,43,0.552,0.63,0.024
70,44,0.599,0.673,0.022
70,45,0.457,0.54,0.031
70,46,0.436,0.519,0.033
70,47,0.44,0.523,0.032
70,48,0.458,0.541,0.031
70,49,0.602,0.675,0.022
70,50,0.75,0.804,0.013
70,51,0.634,0.704,0.02
70,52,0.613,0.686,0.022
70,53,0.565,0.642,0.025
70,54,0.602,0.676,0.022
70,55,0.71,0.77,0.016
70,56,0.729,0.786,0.015
70,57,0.69,0.753,0.017
70,58,0.627,0.698,0.021
70,59,0.668,0.734,0.019
70,6,0.466,0.549,-0.029
70,60,0.529,0.609,0.027
70,61,0.721,0.78,0.015
70,62,0.865,0.897,0.007
70,63,0.996,0.997,0.0
70,64,0.692,0.755,0.017
70,65,0.65,0.718,0.02
70,66,0.802,0.847,0.011
70,67,0.73,0.787,0.015
70,68,0.996,0.997,-0.0
70,69,0.936,0.952,0.003
70,7,0.46,0.542,-0.029
70,70,0.966,0.975,-0.002
70,71,0.967,0.976,0.002
70,72,0.863,0.896,0.007
70,73,0.964,0.973,-0.002
70,74,0.783,0.831,0.012
70,75,0.623,0.695,0.021
70,76,0.678,0.743,0.018
70,77,0.717,0.776,0.016
70,78,0.617,0.689,0.021
70,79,0.651,0.719,0.019
70,8,0.557,0.635,-0.023
70,80,0.921,0.94,-0.004
70,81,0.935,0.951,0.004
70,82,0.984,0.988,0.001
70,83,0.909,0.932,-0.005
70,84,0.887,0.914,-0.006
70,85,0.932,0.949,-0.004
70,86,0.968,0.976,0.002
70,87,0.943,0.958,0.003
70,88,0.982,0.986,0.001
70,89,0.76,0.812,-0.013
70,9,0.602,0.676,-0.02
70,90,0.959,0.97,-0.002
70,91,0.933,0.95,-0.004
70,92,0.782,0.83,-0.012
70,93,0.833,0.872,-0.009
70,94,0.807,0.851,-0.011
70,95,0.862,0.895,-0.008
70,96,0.86,0.893,-0.008
70,97,0.684,0.748,-0.018
70,98,0.667,0.733,-0.019
70,99,0.404,0.487,-0.037
71,10,0.728,0.786,-0.013
71,100,0.754,0.807,-0.014
71,101,0.807,0.851,-0.011
71,102,0.811,0.854,-0.011
71,103,0.755,0.808,-0.014
71,104,0.764,0.816,-0.014
71,105,0.769,0.82,-0.013
71,106,0.903,0.927,-0.006
71,107,0.793,0.839,-0.012
71,108,0.954,0.966,-0.003
71,109,0.628,0.699,-0.023
71,11,0.971,0.978,-0.001
71,110,0.698,0.76,-0.019
71,111,0.847,0.883,-0.01
71,112,0.862,0.895,-0.009
71,113,0.872,0.903,-0.008
71,114,0.851,0.886,-0.01
71,115,0.965,0.974,-0.002
71,116,0.664,0.731,-0.024
71,117,0.751,0.804,-0.018
71,118,0.891,0.917,-0.008
71,119,0.846,0.882,-0.011
71,12,0.932,0.949,-0.003
71,120,0.84,0.877,-0.012
71,121,0.741,0.797,-0.02
71,122,0.833,0.872,-0.013
71,123,0.766,0.817,-0.018
71,124,0.851,0.886,-0.012
71,125,0.714,0.774,-0.023
71,126,0.819,0.86,-0.014
71,127,0.785,0.833,-0.017
71,128,0.866,0.898,-0.011
71,129,0.819,0.861,-0.014
71,13,0.988,0.991,0.001
71,130,0.77,0.821,-0.018
71,131,0.666,0.732,-0.027
71,132,0.611,0.684,-0.032
71,133,0.705,0.766,-0.023
71,134,0.673,0.738,-0.026
71,135,0.515,0.595,-0.039
71,136,0.716,0.776,-0.022
71,137,0.689,0.752,-0.023
71,138,0.69,0.753,-0.023
71,139,0.837,0.875,-0.012
71,14,0.813,0.856,0.009
71,140,0.605,0.678,-0.029
71,141,0.821,0.862,-0.012
71,142,0.635,0.705,-0.026
71,143,0.567,0.644,-0.031
71,144,0.614,0.686,-0.027
71,145,0.694,0.756,-0.021
71,146,0.836,0.874,-0.011
71,147,0.574,0.65,-0.029
71,148,0.666,0.732,-0.022
71,149,0.592,0.667,-0.027
71,15,0.898,0.923,0.005
71,150,0.608,0.681,-0.025
71,151,0.702,0.763,-0.019
71,152,0.892,0.919,-0.007
71,153,0.681,0.745,-0.02
71,154,0.727,0.784,-0.017
71,155,0.689,0.752,-0.019
71,156,0.48,0.562,-0.033
71,157,0.47,0.552,-0.034
71,158,0.566,0.643,-0.027
71,159,0.832,0.871,-0.01
71,16,0.87,0.901,0.006
71,160,0.77,0.82,-0.013
71,161,0.599,0.673,-0.024
71,162,0.637,0.707,-0.021
71,163,0.58,0.656,-0.025
71,164,0.587,0.662,-0.024
71,165,0.691,0.753,-0.018
71,166,0.485,0.567,-0.031
71,167,0.542,0.621,-0.027
71,168,0.669,0.735,-0.019
71,169,0.64,0.709,-0.021
71,17,0.732,0.789,0.013
71,170,0.706,0.766,-0.017
71,171,0.706,0.767,-0.017
71,172,0.689,0.752,-0.018
71,173,0.649,0.718,-0.02
71,174,0.625,0.696,-0.022
71,175,0.571,0.648,-0.025
71,176,0.521,0.6,-0.029
71,177,0.491,0.572,-0.031
71,178,0.466,0.548,-0.033
71,179,0.495,0.576,-0.031
71,18,0.798,0.843,0.009
71,180,0.369,0.452,-0.041
71,181,0.387,0.47,-0.039
71,182,0.633,0.703,-0.022
71,183,0.58,0.656,-0.025
71,184,0.637,0.707,-0.022
71,185,0.73,0.787,-0.016
71,186,0.958,0.969,0.002
71,187,0.966,0.975,0.002
71,188,0.745,0.799,-0.015
71,189,0.923,0.942,-0.004
71,19,0.727,0.784,0.013
71,190,0.945,0.959,0.003
71,191,0.934,0.95,-0.004
71,192,0.924,0.943,-0.004
71,193,0.895,0.921,0.006
71,194,0.985,0.989,-0.001
71,195,0.975,0.982,0.001
71,196,0.96,0.97,-0.002
71,197,0.969,0.977,-0.002
71,198,0.855,0.89,-0.009
71,199,0.881,0.909,0.007
71,20,0.644,0.713,0.017
71,200,0.917,0.937,0.005
71,201,0.905,0.928,-0.006
71,202,0.999,0.999,-0.0
71,203,0.917,0.938,0.005
71,204,0.986,0.99,-0.001
71,205,0.991,0.994,-0.001
71,206,0.943,0.957,-0.003
71,207,0.863,0.895,-0.008
71,208,0.852,0.887,-0.009
71,209,0.947,0.96,-0.003
71,21,0.536,0.615,0.023
71,210,0.884,0.912,0.007
71,211,0.904,0.928,-0.006
71,212,0.896,0.922,-0.006
71,213,0.998,0.998,-0.0
71,214,0.699,0.76,-0.018
71,215,0.889,0.916,-0.007
71,216,0.656,0.723,-0.021
71,217,0.958,0.969,-0.002
71,218,0.961,0.971,-0.002
71,219,0.96,0.97,0.002
71,22,0.619,0.691,0.018
71,220,0.994,0.996,-0.0
71,221,0.972,0.979,0.002
71,222,0.9,0.925,-0.006
71,223,0.764,0.815,-0.014
71,224,0.652,0.72,-0.021
71,225,0.575,0.651,-0.027
71,226,0.671,0.737,-0.02
71,227,0.61,0.682,-0.024
71,228,0.423,0.506,-0.038
71,229,0.443,0.526,-0.037
71,23,0.688,0.751,0.015
71,230,0.404,0.488,-0.04
71,231,0.328,0.409,-0.047
71,232,0.321,0.402,-0.048
71,233,0.389,0.472,-0.042
71,234,0.275,0.353,-0.054
71,235,0.258,0.334,-0.056
71,236,0.21,0.281,-0.063
71,237,0.251,0.327,-0.058
71,238,0.23,0.303,-0.062
71,239,0.337,0.419,-0.05
71,24,0.623,0.694,0.018
71,240,0.323,0.404,-0.052
71,241,0.353,0.435,-0.05
71,242,0.431,0.514,-0.042
71,243,0.403,0.486,-0.046
71,244,0.513,0.593,-0.036
71,245,0.485,0.566,-0.039
71,246,0.599,0.673,-0.03
71,247,0.639,0.708,-0.027
71,248,0.453,0.536,-0.045
71,249,0.644,0.713,-0.028
71,25,0.852,0.887,0.007
71,250,0.605,0.678,-0.032
71,251,0.491,0.573,-0.043
71,26,0.773,0.823,0.011
71,27,0.478,0.56,0.027
71,28,0.517,0.597,0.025
71,29,0.69,0.753,0.015
71,30,0.814,0.856,0.009
71,31,0.452,0.535,0.029
71,32,0.608,0.681,0.02
71,33,0.673,0.738,0.016
71,34,0.711,0.771,0.014
71,35,0.484,0.565,0.027
71,36,0.606,0.679,0.02
71,37,0.482,0.563,0.028
71,38,0.523,0.603,0.025
71,39,0.39,0.473,0.034
71,40,0.426,0.509,0.032
71,41,0.381,0.464,0.035
71,42,0.337,0.418,0.039
71,43,0.386,0.469,0.035
71,44,0.489,0.571,0.028
71,45,0.524,0.603,0.026
71,46,0.519,0.599,0.027
71,47,0.477,0.559,0.029
71,48,0.646,0.715,0.019
71,49,0.568,0.645,0.024
71,50,0.574,0.65,0.024
71,51,0.648,0.717,0.019
71,52,0.493,0.575,0.029
71,53,0.523,0.603,0.027
71,54,0.573,0.649,0.024
71,55,0.788,0.835,0.012
71,56,0.63,0.701,0.021
71,57,0.516,0.596,0.028
71,58,0.431,0.514,0.034
71,59,0.289,0.368,0.046
71,6,0.918,0.938,-0.004
71,60,0.514,0.595,0.028
71,61,0.667,0.733,0.019
71,62,0.798,0.844,0.011
71,63,0.662,0.729,0.019
71,64,0.67,0.736,0.018
71,65,0.721,0.78,0.016
71,66,0.888,0.915,0.006
71,67,0.589,0.664,0.023
71,68,0.658,0.726,0.019
71,69,0.593,0.668,0.023
71,7,0.829,0.869,-0.008
71,70,0.592,0.667,0.023
71,71,0.536,0.615,0.027
71,72,0.69,0.753,0.017
71,73,0.782,0.83,0.012
71,74,0.682,0.746,0.018
71,75,0.74,0.796,0.014
71,76,0.764,0.816,0.013
71,77,0.864,0.897,0.007
71,78,0.771,0.821,0.012
71,79,0.719,0.777,0.015
71,8,0.835,0.874,-0.008
71,80,0.918,0.939,0.004
71,81,0.962,0.972,-0.002
71,82,0.81,0.853,0.01
71,83,0.893,0.919,0.006
71,84,0.917,0.938,-0.004
71,85,0.791,0.837,0.011
71,86,0.809,0.852,0.01
71,87,0.835,0.874,0.009
71,88,0.958,0.969,0.002
71,89,0.785,0.833,-0.012
71,9,0.845,0.881,-0.007
71,90,0.729,0.786,-0.015
71,91,0.998,0.999,-0.0
71,92,0.888,0.915,-0.006
71,93,0.863,0.896,-0.007
71,94,0.826,0.866,-0.009
71,95,0.756,0.809,-0.013
71,96,0.775,0.824,-0.012
71,97,0.807,0.851,-0.011
71,98,0.838,0.876,-0.009
71,99,0.77,0.821,-0.013
72,10,0.845,0.882,-0.007
72,100,0.819,0.86,-0.01
72,101,0.779,0.828,-0.012
72,102,0.862,0.895,-0.008
72,103,0.951,0.963,-0.003
72,104,0.869,0.901,-0.007
72,105,0.664,0.73,-0.02
72,106,0.856,0.89,-0.008
72,107,0.924,0.943,-0.004
72,108,0.905,0.928,-0.006
72,109,0.91,0.932,-0.005
72,11,0.999,1.0,0.0
72,110,0.744,0.799,-0.016
72,111,0.758,0.81,-0.015
72,112,0.888,0.915,-0.007
72,113,0.987,0.991,0.001
72,114,0.965,0.974,0.002
72,115,0.994,0.996,-0.0
72,116,0.968,0.976,0.002
72,117,0.661,0.728,0.023
72,118,0.852,0.887,0.01
72,119,0.925,0.944,0.005
72,12,0.866,0.898,0.006
72,120,0.916,0.937,0.006
72,121,0.998,0.998,-0.0
72,122,0.942,0.957,0.004
72,123,0.93,0.947,0.005
72,124,0.827,0.867,0.013
72,125,0.762,0.814,0.018
72,126,0.922,0.942,0.006
72,127,0.974,0.981,-0.002
72,128,0.988,0.991,-0.001
72,129,0.94,0.955,0.005
72,13,0.815,0.857,-0.009
72,130,0.989,0.992,0.001
72,131,0.842,0.879,0.012
72,132,0.864,0.896,0.01
72,133,0.928,0.946,0.005
72,134,0.94,0.955,-0.004
72,135,0.839,0.877,-0.012
72,136,0.875,0.905,-0.009
72,137,0.86,0.893,-0.01
72,138,0.964,0.973,0.003
72,139,0.916,0.937,-0.006
72,14,0.903,0.927,-0.005
72,140,0.708,0.769,-0.02
72,141,0.678,0.742,-0.022
72,142,0.763,0.815,-0.016
72,143,0.859,0.892,-0.009
72,144,0.876,0.906,-0.008
72,145,0.834,0.872,-0.011
72,146,0.93,0.947,-0.004
72,147,0.866,0.898,-0.008
72,148,0.755,0.808,-0.015
72,149,0.917,0.937,-0.005
72,15,0.652,0.72,0.017
72,150,0.665,0.731,-0.021
72,151,0.664,0.731,-0.021
72,152,0.839,0.876,-0.01
72,153,0.694,0.756,-0.019
72,154,0.623,0.694,-0.023
72,155,0.697,0.759,-0.018
72,156,0.631,0.701,-0.022
72,157,0.709,0.769,-0.017
72,158,0.566,0.643,-0.026
72,159,0.832,0.871,-0.01
72,16,0.777,0.826,0.01
72,160,0.719,0.778,-0.016
72,161,0.611,0.683,-0.023
72,162,0.7,0.762,-0.017
72,163,0.812,0.855,-0.011
72,164,0.798,0.843,-0.011
72,165,0.591,0.665,-0.024
72,166,0.363,0.446,-0.04
72,167,0.475,0.558,-0.032
72,168,0.464,0.546,-0.032
72,169,0.453,0.535,-0.033
72,17,0.793,0.84,0.01
72,170,0.481,0.563,-0.031
72,171,0.585,0.66,-0.024
72,172,0.577,0.653,-0.025
72,173,0.63,0.701,-0.021
72,174,0.683,0.747,-0.018
72,175,0.44,0.523,-0.035
72,176,0.57,0.647,-0.026
72,177,0.372,0.455,-0.04
72,178,0.538,0.617,-0.028
72,179,0.515,0.595,-0.03
72,18,0.859,0.892,0.007
72,180,0.624,0.695,-0.022
72,181,0.619,0.69,-0.023
72,182,0.591,0.666,-0.025
72,183,0.532,0.612,-0.029
72,184,0.581,0.656,-0.025
72,185,0.475,0.558,-0.033
72,186,0.609,0.682,-0.024
72,187,0.477,0.559,-0.033
72,188,0.679,0.744,-0.019
72,189,0.723,0.781,-0.017
72,19,0.911,0.933,0.004
72,190,0.87,0.901,-0.008
72,191,0.862,0.894,-0.008
72,192,0.858,0.892,-0.008
72,193,0.783,0.831,-0.013
72,194,0.865,0.897,-0.008
72,195,0.909,0.931,-0.005
72,196,0.82,0.861,-0.011
72,197,0.969,0.977,-0.002
72,198,0.942,0.956,-0.003
72,199,0.743,0.798,-0.015
72,20,0.936,0.952,0.003
72,200,0.801,0.846,-0.012
72,201,0.862,0.895,-0.008
72,202,0.74,0.795,-0.016
72,203,0.88,0.909,-0.007
72,204,0.825,0.866,-0.01
72,205,0.946,0.96,-0.003
72,206,0.855,0.889,-0.009
72,207,0.997,0.998,0.0
72,208,0.996,0.997,-0.0
72,209,0.794,0.84,-0.012
72,21,0.929,0.946,0.003
72,210,0.954,0.966,-0.003
72,211,0.919,0.939,-0.005
72,212,0.976,0.983,-0.001
72,213,0.909,0.932,-0.005
72,214,0.995,0.996,-0.0
72,215,0.829,0.868,-0.01
72,216,0.813,0.856,-0.011
72,217,0.81,0.853,-0.011
72,218,0.823,0.864,-0.01
72,219,0.802,0.847,-0.012
72,22,0.764,0.816,0.011
72,220,0.588,0.663,-0.025
72,221,0.643,0.712,-0.022
72,222,0.794,0.84,-0.012
72,223,0.519,0.599,-0.03
72,224,0.476,0.558,-0.034
72,225,0.457,0.54,-0.035
72,226,0.456,0.538,-0.035
72,227,0.43,0.513,-0.037
72,228,0.551,0.629,-0.028
72,229,0.534,0.613,-0.03
72,23,0.889,0.916,0.005
72,230,0.489,0.57,-0.033
72,231,0.508,0.589,-0.032
72,232,0.438,0.521,-0.038
72,233,0.433,0.516,-0.039
72,234,0.418,0.501,-0.04
72,235,0.433,0.516,-0.039
72,236,0.557,0.634,-0.03
72,237,0.549,0.627,-0.031
72,238,0.555,0.632,-0.03
72,239,0.621,0.693,-0.026
72,24,0.968,0.977,0.001
72,240,0.495,0.576,-0.036
72,241,0.497,0.578,-0.036
72,242,0.682,0.746,-0.022
72,243,0.682,0.746,-0.023
72,244,0.507,0.588,-0.037
72,245,0.447,0.53,-0.043
72,246,0.449,0.532,-0.044
72,247,0.445,0.528,-0.045
72,248,0.473,0.555,-0.043
72,249,0.436,0.519,-0.048
72,25,0.905,0.929,0.004
72,250,0.591,0.665,-0.034
72,251,0.379,0.462,-0.056
72,26,0.728,0.785,0.013
72,27,0.793,0.84,0.01
72,28,0.722,0.78,0.013
72,29,0.848,0.884,0.007
72,30,0.524,0.604,0.024
72,31,0.636,0.706,0.018
72,32,0.582,0.657,0.021
72,33,0.737,0.793,0.013
72,34,0.977,0.983,0.001
72,35,0.621,0.693,0.019
72,36,0.758,0.811,0.012
72,37,0.693,0.756,0.016
72,38,0.652,0.72,0.018
72,39,0.766,0.817,0.012
72,40,0.627,0.698,0.019
72,41,0.518,0.598,0.026
72,42,0.781,0.829,0.011
72,43,0.43,0.513,0.032
72,44,0.495,0.576,0.028
72,45,0.593,0.667,0.022
72,46,0.378,0.461,0.036
72,47,0.413,0.497,0.034
72,48,0.421,0.504,0.033
72,49,0.587,0.662,0.023
72,50,0.396,0.479,0.036
72,51,0.399,0.482,0.035
72,52,0.459,0.542,0.031
72,53,0.345,0.427,0.04
72,54,0.294,0.373,0.044
72,55,0.517,0.597,0.028
72,56,0.521,0.601,0.027
72,57,0.579,0.655,0.024
72,58,0.51,0.59,0.028
72,59,0.688,0.752,0.017
72,6,0.302,0.382,-0.04
72,60,0.838,0.876,0.009
72,61,0.601,0.675,0.023
72,62,0.51,0.591,0.029
72,63,0.645,0.714,0.02
72,64,0.643,0.712,0.02
72,65,0.821,0.862,0.01
72,66,0.851,0.886,0.008
72,67,0.811,0.854,0.01
72,68,0.671,0.737,0.018
72,69,0.976,0.983,0.001
72,7,0.556,0.634,-0.023
72,70,0.927,0.945,0.004
72,71,0.858,0.892,-0.008
72,72,0.739,0.795,0.014
72,73,0.894,0.92,0.006
72,74,0.804,0.849,0.011
72,75,0.986,0.99,0.001
72,76,0.827,0.867,0.009
72,77,0.795,0.841,0.011
72,78,0.68,0.744,0.018
72,79,0.753,0.806,0.013
72,8,0.721,0.78,-0.014
72,80,0.751,0.804,0.014
72,81,0.873,0.903,0.007
72,82,0.955,0.967,0.002
72,83,0.728,0.785,0.015
72,84,0.793,0.84,0.011
72,85,0.776,0.826,0.012
72,86,0.893,0.919,0.006
72,87,0.782,0.83,0.012
72,88,0.759,0.812,0.013
72,89,0.793,0.84,0.011
72,9,0.663,0.73,-0.017
72,90,0.791,0.837,0.011
72,91,0.825,0.865,0.009
72,92,0.668,0.734,0.018
72,93,0.777,0.827,0.012
72,94,0.99,0.993,0.001
72,95,0.933,0.95,0.004
72,96,0.931,0.949,0.004
72,97,0.876,0.906,0.007
72,98,0.761,0.813,0.013
72,99,0.989,0.992,0.001
73,10,0.653,0.72,-0.017
73,100,0.951,0.963,-0.003
73,101,0.877,0.907,-0.007
73,102,0.757,0.81,-0.014
73,103,0.81,0.853,-0.011
73,104,0.995,0.996,0.0
73,105,0.709,0.77,-0.017
73,106,0.732,0.789,-0.015
73,107,0.672,0.737,-0.019
73,108,0.947,0.961,-0.003
73,109,0.692,0.755,-0.018
73,11,0.447,0.53,-0.028
73,110,0.773,0.823,-0.014
73,111,0.859,0.893,-0.008
73,112,0.548,0.626,-0.029
73,113,0.814,0.857,-0.011
73,114,0.804,0.848,-0.012
73,115,0.88,0.909,-0.008
73,116,0.835,0.874,-0.011
73,117,0.844,0.881,-0.01
73,118,0.82,0.861,-0.012
73,119,0.986,0.99,-0.001
73,12,0.664,0.731,-0.016
73,120,0.946,0.959,-0.004
73,121,0.899,0.924,-0.007
73,122,0.924,0.943,-0.005
73,123,0.99,0.992,-0.001
73,124,0.816,0.858,-0.013
73,125,0.861,0.894,-0.01
73,126,0.807,0.851,-0.014
73,127,0.779,0.828,-0.016
73,128,0.991,0.993,-0.001
73,129,0.991,0.993,0.001
73,13,0.95,0.963,-0.002
73,130,0.921,0.941,-0.006
73,131,0.949,0.962,-0.004
73,132,0.748,0.802,-0.018
73,133,0.797,0.843,-0.015
73,134,0.643,0.712,-0.026
73,135,0.767,0.818,-0.017
73,136,0.79,0.837,-0.015
73,137,0.773,0.823,-0.016
73,138,0.694,0.756,-0.021
73,139,0.623,0.694,-0.026
73,14,0.838,0.876,0.008
73,140,0.604,0.678,-0.027
73,141,0.623,0.695,-0.026
73,142,0.709,0.769,-0.019
73,143,0.581,0.657,-0.028
73,144,0.636,0.706,-0.024
73,145,0.612,0.685,-0.025
73,146,0.64,0.71,-0.023
73,147,0.569,0.645,-0.028
73,148,0.762,0.813,-0.015
73,149,0.677,0.742,-0.02
73,15,0.816,0.858,0.009
73,150,0.665,0.731,-0.021
73,151,0.676,0.741,-0.02
73,152,0.529,0.608,-0.029
73,153,0.714,0.773,-0.017
73,154,0.736,0.792,-0.016
73,155,0.707,0.767,-0.017
73,156,0.632,0.702,-0.022
73,157,0.656,0.723,-0.02
73,158,0.595,0.67,-0.024
73,159,0.622,0.693,-0.022
73,16,0.853,0.887,0.007
73,160,0.773,0.823,-0.013
73,161,0.518,0.598,-0.029
73,162,0.512,0.593,-0.029
73,163,0.733,0.789,-0.015
73,164,0.477,0.559,-0.031
73,165,0.54,0.619,-0.027
73,166,0.474,0.556,-0.032
73,167,0.489,0.57,-0.031
73,168,0.496,0.577,-0.03
73,169,0.438,0.521,-0.034
73,17,0.676,0.741,0.015
73,170,0.35,0.433,-0.041
73,171,0.408,0.491,-0.037
73,172,0.401,0.484,-0.037
73,173,0.284,0.363,-0.048
73,174,0.295,0.375,-0.047
73,175,0.314,0.394,-0.045
73,176,0.436,0.519,-0.035
73,177,0.386,0.469,-0.039
73,178,0.434,0.517,-0.035
73,179,0.331,0.413,-0.044
73,18,0.96,0.97,0.002
73,180,0.533,0.612,-0.029
73,181,0.55,0.628,-0.027
73,182,0.469,0.551,-0.033
73,183,0.759,0.811,-0.014
73,184,0.696,0.758,-0.018
73,185,0.815,0.858,-0.011
73,186,0.786,0.834,-0.013
73,187,0.778,0.827,-0.013
73,188,0.683,0.747,-0.019
73,189,0.727,0.784,-0.016
73,19,0.843,0.88,0.007
73,190,0.761,0.813,-0.014
73,191,0.993,0.995,-0.0
73,192,0.794,0.84,0.012
73,193,0.883,0.911,0.007
73,194,0.944,0.958,0.003
73,195,0.954,0.965,-0.003
73,196,0.951,0.963,0.003
73,197,0.78,0.829,0.013
73,198,0.824,0.864,0.01
73,199,0.91,0.932,0.005
73,20,0.821,0.862,0.008
73,200,0.995,0.997,-0.0
73,201,1.0,1.0,0.0
73,202,0.95,0.963,0.003
73,203,0.984,0.988,-0.001
73,204,0.974,0.981,-0.002
73,205,0.786,0.834,0.013
73,206,0.748,0.802,0.015
73,207,0.817,0.859,0.011
73,208,0.972,0.979,-0.002
73,209,0.911,0.933,-0.005
73,21,0.688,0.751,0.015
73,210,0.929,0.947,0.004
73,211,0.918,0.938,-0.005
73,212,0.831,0.871,-0.01
73,213,0.998,0.999,-0.0
73,214,0.943,0.958,0.003
73,215,0.881,0.909,0.007
73,216,0.987,0.991,-0.001
73,217,0.796,0.841,-0.012
73,218,0.928,0.946,-0.004
73,219,0.994,0.995,0.0
73,22,0.669,0.735,0.016
73,220,0.806,0.85,-0.011
73,221,0.667,0.733,-0.02
73,222,0.571,0.648,-0.027
73,223,0.632,0.703,-0.022
73,224,0.636,0.706,-0.022
73,225,0.668,0.734,-0.02
73,226,0.917,0.938,-0.005
73,227,0.729,0.786,-0.016
73,228,0.49,0.571,-0.033
73,229,0.679,0.744,-0.02
73,23,0.468,0.55,0.027
73,230,0.663,0.73,-0.021
73,231,0.369,0.451,-0.044
73,232,0.395,0.478,-0.042
73,233,0.407,0.49,-0.041
73,234,0.43,0.513,-0.039
73,235,0.321,0.402,-0.05
73,236,0.379,0.462,-0.045
73,237,0.351,0.433,-0.048
73,238,0.347,0.429,-0.049
73,239,0.384,0.467,-0.046
73,24,0.649,0.717,0.017
73,240,0.537,0.616,-0.033
73,241,0.412,0.495,-0.044
73,242,0.302,0.382,-0.056
73,243,0.448,0.531,-0.042
73,244,0.303,0.383,-0.058
73,245,0.333,0.414,-0.055
73,246,0.388,0.471,-0.05
73,247,0.312,0.392,-0.06
73,248,0.277,0.355,-0.065
73,249,0.378,0.461,-0.054
73,25,0.641,0.71,0.017
73,250,0.291,0.37,-0.066
73,251,0.299,0.379,-0.066
73,26,0.97,0.978,0.001
73,27,0.594,0.668,0.02
73,28,0.593,0.668,0.02
73,29,0.646,0.714,0.017
73,30,0.615,0.687,0.019
73,31,0.774,0.824,0.011
73,32,0.637,0.707,0.018
73,33,0.707,0.768,0.014
73,34,0.678,0.742,0.016
73,35,0.49,0.572,0.027
73,36,0.692,0.754,0.015
73,37,0.742,0.797,0.013
73,38,0.609,0.682,0.02
73,39,0.502,0.583,0.026
73,40,0.936,0.952,0.003
73,41,0.804,0.848,0.01
73,42,0.697,0.759,0.016
73,43,0.802,0.847,0.01
73,44,0.596,0.67,0.022
73,45,0.632,0.702,0.02
73,46,0.724,0.782,0.014
73,47,0.545,0.623,0.025
73,48,0.615,0.687,0.021
73,49,0.679,0.743,0.017
73,50,0.514,0.594,0.027
73,51,0.563,0.64,0.024
73,52,0.722,0.78,0.015
73,53,0.52,0.6,0.027
73,54,0.485,0.566,0.03
73,55,0.796,0.842,0.011
73,56,0.707,0.767,0.016
73,57,0.68,0.745,0.018
73,58,0.572,0.648,0.024
73,59,0.626,0.697,0.021
73,6,0.076,0.117,-0.069
73,60,0.83,0.869,0.009
73,61,0.714,0.773,0.016
73,62,0.748,0.802,0.014
73,63,0.571,0.647,0.025
73,64,0.74,0.796,0.014
73,65,0.693,0.756,0.017
73,66,0.735,0.791,0.015
73,67,0.859,0.893,0.008
73,68,0.859,0.892,0.008
73,69,0.685,0.748,0.018
73,7,0.083,0.127,-0.066
73,70,0.82,0.861,0.01
73,71,0.868,0.899,0.007
73,72,0.9,0.925,0.005
73,73,0.739,0.794,0.014
73,74,0.833,0.872,0.009
73,75,0.911,0.933,-0.005
73,76,0.954,0.966,0.002
73,77,0.841,0.878,-0.009
73,78,0.93,0.948,0.004
73,79,0.679,0.744,0.018
73,8,0.509,0.589,-0.025
73,80,0.991,0.993,0.0
73,81,0.802,0.847,0.011
73,82,0.555,0.632,0.025
73,83,0.749,0.803,0.014
73,84,0.621,0.693,0.021
73,85,0.734,0.79,0.014
73,86,0.762,0.814,0.013
73,87,0.88,0.909,0.006
73,88,0.807,0.851,0.01
73,89,0.658,0.725,0.019
73,9,0.392,0.475,-0.032
73,90,0.844,0.88,0.008
73,91,0.738,0.794,0.014
73,92,0.671,0.736,0.018
73,93,0.655,0.722,0.019
73,94,0.902,0.926,0.005
73,95,0.928,0.946,-0.004
73,96,0.892,0.918,-0.006
73,97,0.983,0.988,0.001
73,98,0.794,0.84,-0.011
73,99,0.982,0.987,-0.001
74,10,0.396,0.48,-0.032
74,100,0.967,0.975,0.002
74,101,0.916,0.937,-0.005
74,102,0.674,0.739,-0.018
74,103,0.921,0.941,-0.004
74,104,0.996,0.997,-0.0
74,105,0.87,0.901,-0.007
74,106,0.979,0.985,0.001
74,107,0.95,0.963,-0.003
74,108,0.887,0.914,-0.006
74,109,0.985,0.989,-0.001
74,11,0.282,0.361,-0.04
74,110,0.869,0.901,-0.008
74,111,0.741,0.797,-0.015
74,112,0.884,0.912,-0.007
74,113,0.885,0.913,-0.007
74,114,0.824,0.864,-0.011
74,115,0.976,0.982,-0.001
74,116,0.805,0.849,-0.012
74,117,0.765,0.816,-0.015
74,118,0.886,0.913,-0.007
74,119,0.943,0.957,-0.004
74,12,0.4,0.483,-0.031
74,120,0.992,0.994,-0.001
74,121,0.953,0.965,-0.003
74,122,0.99,0.992,-0.001
74,123,0.857,0.891,0.01
74,124,0.732,0.788,0.019
74,125,0.936,0.952,0.004
74,126,0.993,0.995,-0.001
74,127,0.951,0.963,0.003
74,128,0.867,0.898,0.009
74,129,0.852,0.887,0.01
74,13,0.582,0.657,-0.02
74,130,0.988,0.991,-0.001
74,131,0.908,0.931,-0.006
74,132,0.91,0.932,-0.006
74,133,0.856,0.89,-0.01
74,134,0.934,0.951,-0.004
74,135,0.827,0.867,-0.012
74,136,0.806,0.85,-0.013
74,137,0.791,0.838,-0.014
74,138,0.712,0.772,-0.019
74,139,0.568,0.644,-0.03
74,14,0.598,0.672,-0.019
74,140,0.549,0.627,-0.031
74,141,0.74,0.796,-0.017
74,142,0.672,0.738,-0.021
74,143,0.73,0.787,-0.017
74,144,0.693,0.756,-0.019
74,145,0.601,0.675,-0.026
74,146,0.642,0.711,-0.023
74,147,0.442,0.525,-0.037
74,148,0.453,0.536,-0.036
74,149,0.554,0.632,-0.028
74,15,0.563,0.64,-0.021
74,150,0.579,0.655,-0.026
74,151,0.658,0.725,-0.021
74,152,0.616,0.688,-0.023
74,153,0.521,0.6,-0.029
74,154,0.582,0.658,-0.025
74,155,0.506,0.587,-0.03
74,156,0.587,0.662,-0.025
74,157,0.683,0.747,-0.018
74,158,0.772,0.822,-0.013
74,159,0.729,0.786,-0.015
74,16,0.698,0.76,-0.014
74,160,0.696,0.758,-0.017
74,161,0.649,0.717,-0.02
74,162,0.582,0.657,-0.024
74,163,0.467,0.549,-0.032
74,164,0.311,0.391,-0.045
74,165,0.456,0.539,-0.033
74,166,0.506,0.587,-0.029
74,167,0.611,0.683,-0.023
74,168,0.507,0.587,-0.029
74,169,0.561,0.638,-0.026
74,17,0.857,0.891,-0.007
74,170,0.421,0.504,-0.036
74,171,0.448,0.531,-0.034
74,172,0.28,0.358,-0.048
74,173,0.31,0.391,-0.045
74,174,0.322,0.403,-0.044
74,175,0.411,0.494,-0.037
74,176,0.33,0.412,-0.044
74,177,0.38,0.463,-0.04
74,178,0.277,0.355,-0.05
74,179,0.347,0.429,-0.043
74,18,0.939,0.955,-0.003
74,180,0.389,0.473,-0.04
74,181,0.378,0.461,-0.041
74,182,0.363,0.446,-0.042
74,183,0.557,0.634,-0.027
74,184,0.493,0.574,-0.032
74,185,0.456,0.539,-0.035
74,186,0.56,0.637,-0.027
74,187,0.711,0.771,-0.017
74,188,0.503,0.584,-0.031
74,189,0.637,0.707,-0.022
74,19,0.85,0.885,-0.007
74,190,0.69,0.753,-0.019
74,191,0.586,0.661,-0.026
74,192,0.649,0.717,-0.021
74,193,0.784,0.832,-0.013
74,194,0.831,0.87,-0.01
74,195,0.691,0.754,-0.019
74,196,0.509,0.589,-0.031
74,197,0.655,0.723,-0.021
74,198,0.58,0.656,-0.026
74,199,0.844,0.881,-0.009
74,20,0.721,0.779,-0.013
74,200,0.85,0.886,-0.009
74,201,0.795,0.841,-0.012
74,202,0.717,0.776,-0.017
74,203,0.804,0.848,-0.012
74,204,0.784,0.832,-0.013
74,205,0.781,0.829,-0.013
74,206,0.762,0.813,-0.014
74,207,0.789,0.836,-0.013
74,208,0.878,0.907,0.007
74,209,0.879,0.908,0.007
74,21,0.882,0.911,-0.005
74,210,0.795,0.841,0.012
74,211,0.855,0.89,0.009
74,212,0.969,0.977,0.002
74,213,0.998,0.999,-0.0
74,214,0.992,0.994,0.0
74,215,0.906,0.929,0.005
74,216,0.915,0.936,-0.005
74,217,0.867,0.899,-0.008
74,218,0.855,0.89,-0.009
74,219,0.593,0.667,-0.025
74,22,0.995,0.996,-0.0
74,220,0.587,0.662,-0.025
74,221,0.504,0.585,-0.031
74,222,0.534,0.613,-0.029
74,223,0.47,0.552,-0.034
74,224,0.399,0.482,-0.04
74,225,0.483,0.564,-0.033
74,226,0.382,0.465,-0.042
74,227,0.371,0.454,-0.043
74,228,0.401,0.484,-0.04
74,229,0.292,0.372,-0.051
74,23,0.99,0.992,-0.0
74,230,0.322,0.403,-0.048
74,231,0.287,0.366,-0.052
74,232,0.237,0.311,-0.058
74,233,0.245,0.32,-0.058
74,234,0.192,0.26,-0.065
74,235,0.163,0.226,-0.071
74,236,0.162,0.225,-0.072
74,237,0.236,0.31,-0.061
74,238,0.229,0.302,-0.063
74,239,0.185,0.253,-0.07
74,24,0.774,0.823,-0.011
74,240,0.256,0.332,-0.061
74,241,0.194,0.262,-0.07
74,242,0.222,0.294,-0.067
74,243,0.221,0.293,-0.068
74,244,0.307,0.387,-0.058
74,245,0.424,0.507,-0.046
74,246,0.453,0.535,-0.044
74,247,0.542,0.621,-0.036
74,248,0.59,0.665,-0.033
74,249,0.528,0.608,-0.039
74,25,0.857,0.891,-0.007
74,250,0.593,0.668,-0.034
74,251,0.589,0.664,-0.034
74,26,0.874,0.904,0.006
74,27,0.977,0.983,-0.001
74,28,0.776,0.826,-0.011
74,29,0.852,0.887,-0.007
74,30,0.844,0.881,-0.007
74,31,0.749,0.803,-0.012
74,32,0.817,0.859,-0.009
74,33,0.914,0.935,0.004
74,34,0.958,0.968,-0.002
74,35,0.918,0.939,0.004
74,36,0.937,0.953,0.003
74,37,0.709,0.769,0.015
74,38,0.832,0.871,0.008
74,39,0.869,0.9,0.007
74,40,0.629,0.7,0.019
74,41,0.625,0.696,0.019
74,42,0.747,0.802,0.013
74,43,0.787,0.835,0.011
74,44,0.553,0.63,0.024
74,45,0.787,0.834,0.011
74,46,0.689,0.752,0.016
74,47,0.446,0.529,0.031
74,48,0.456,0.538,0.031
74,49,0.692,0.755,0.016
74,50,0.653,0.721,0.019
74,51,0.754,0.807,0.013
74,52,0.563,0.64,0.024
74,53,0.563,0.64,0.024
74,54,0.671,0.737,0.018
74,55,0.493,0.574,0.029
74,56,0.6,0.674,0.022
74,57,0.708,0.769,0.016
74,58,0.72,0.778,0.015
74,59,0.685,0.749,0.017
74,6,0.121,0.175,-0.06
74,60,0.568,0.645,0.025
74,61,0.881,0.91,0.006
74,62,0.673,0.738,0.018
74,63,0.642,0.711,0.02
74,64,0.937,0.953,0.003
74,65,0.677,0.741,0.018
74,66,0.695,0.757,0.017
74,67,0.714,0.774,0.016
74,68,0.834,0.872,0.009
74,69,0.9,0.925,0.005
74,7,0.206,0.277,-0.049
74,70,0.971,0.978,0.002
74,71,0.931,0.949,0.004
74,72,0.988,0.991,0.001
74,73,0.881,0.909,-0.006
74,74,0.812,0.855,-0.01
74,75,0.979,0.984,0.001
74,76,0.914,0.935,0.005
74,77,0.898,0.923,-0.006
74,78,0.904,0.928,0.005
74,79,0.879,0.909,0.006
74,8,0.293,0.373,-0.04
74,80,0.939,0.955,-0.003
74,81,0.859,0.892,0.008
74,82,0.98,0.985,0.001
74,83,0.997,0.998,-0.0
74,84,0.933,0.95,-0.004
74,85,0.942,0.957,0.003
74,86,0.926,0.945,-0.004
74,87,0.991,0.993,0.0
74,88,0.93,0.948,-0.004
74,89,0.972,0.98,0.001
74,9,0.265,0.342,-0.042
74,90,0.992,0.994,0.0
74,91,0.691,0.754,0.017
74,92,0.868,0.9,-0.007
74,93,0.927,0.945,-0.004
74,94,0.87,0.901,0.007
74,95,0.853,0.888,0.008
74,96,0.901,0.926,-0.005
74,97,0.838,0.876,-0.009
74,98,0.992,0.994,-0.0
74,99,0.954,0.966,0.002
75,10,0.487,0.569,-0.026
75,100,0.918,0.938,0.004
75,101,0.939,0.955,0.003
75,102,0.791,0.838,0.011
75,103,0.983,0.987,0.001
75,104,0.952,0.965,0.003
75,105,0.713,0.773,0.016
75,106,0.622,0.694,0.022
75,107,0.63,0.7,0.021
75,108,0.761,0.813,0.014
75,109,0.847,0.883,0.009
75,11,0.561,0.638,-0.021
75,110,0.972,0.979,0.002
75,111,0.639,0.708,0.022
75,112,0.635,0.705,0.022
75,113,0.992,0.994,0.0
75,114,0.986,0.99,0.001
75,115,0.876,0.906,0.007
75,116,0.988,0.991,-0.001
75,117,0.918,0.938,0.005
75,118,0.807,0.851,0.012
75,119,0.707,0.767,0.019
75,12,0.533,0.612,-0.023
75,120,0.735,0.791,0.017
75,121,0.705,0.766,0.019
75,122,0.771,0.822,0.015
75,123,0.728,0.785,0.018
75,124,0.753,0.806,0.017
75,125,0.702,0.763,0.02
75,126,0.609,0.682,0.027
75,127,0.774,0.824,0.015
75,128,0.622,0.693,0.026
75,129,0.758,0.81,0.017
75,13,0.575,0.651,-0.02
75,130,0.559,0.637,0.031
75,131,0.707,0.768,0.02
75,132,0.819,0.86,0.012
75,133,0.663,0.729,0.023
75,134,0.553,0.631,0.031
75,135,0.75,0.804,0.017
75,136,0.974,0.981,-0.002
75,137,0.91,0.933,0.006
75,138,0.946,0.96,0.003
75,139,0.813,0.856,0.012
75,14,0.751,0.804,-0.012
75,140,0.938,0.954,0.004
75,141,0.914,0.935,-0.005
75,142,0.742,0.797,-0.016
75,143,0.825,0.866,-0.011
75,144,0.943,0.958,-0.003
75,145,0.832,0.871,-0.01
75,146,0.626,0.697,-0.023
75,147,0.534,0.613,-0.029
75,148,0.654,0.722,-0.021
75,149,0.585,0.66,-0.025
75,15,0.735,0.791,-0.012
75,150,0.54,0.619,-0.028
75,151,0.564,0.641,-0.026
75,152,0.548,0.626,-0.027
75,153,0.434,0.517,-0.036
75,154,0.425,0.508,-0.036
75,155,0.5,0.581,-0.03
75,156,0.406,0.489,-0.037
75,157,0.379,0.462,-0.039
75,158,0.335,0.417,-0.043
75,159,0.47,0.552,-0.032
75,16,0.773,0.823,-0.01
75,160,0.537,0.616,-0.027
75,161,0.361,0.443,-0.04
75,162,0.416,0.499,-0.036
75,163,0.583,0.659,-0.024
75,164,0.411,0.494,-0.036
75,165,0.421,0.504,-0.036
75,166,0.487,0.569,-0.031
75,167,0.511,0.592,-0.029
75,168,0.491,0.573,-0.031
75,169,0.49,0.571,-0.031
75,17,0.778,0.827,-0.01
75,170,0.626,0.697,-0.022
75,171,0.627,0.698,-0.022
75,172,0.538,0.617,-0.028
75,173,0.544,0.622,-0.027
75,174,0.608,0.681,-0.023
75,175,0.738,0.794,-0.015
75,176,0.668,0.734,-0.02
75,177,0.699,0.761,-0.018
75,178,0.501,0.582,-0.031
75,179,0.401,0.485,-0.039
75,18,0.758,0.811,-0.011
75,180,0.554,0.631,-0.027
75,181,0.538,0.617,-0.029
75,182,0.693,0.755,-0.018
75,183,0.581,0.657,-0.026
75,184,0.58,0.656,-0.026
75,185,0.57,0.646,-0.027
75,186,0.603,0.677,-0.024
75,187,0.721,0.78,-0.017
75,188,0.608,0.681,-0.024
75,189,0.784,0.832,-0.013
75,19,0.808,0.852,-0.009
75,190,0.756,0.809,-0.015
75,191,0.536,0.615,-0.029
75,192,0.679,0.743,-0.019
75,193,0.744,0.799,-0.015
75,194,0.665,0.732,-0.02
75,195,0.968,0.976,0.002
75,196,0.829,0.869,-0.01
75,197,0.799,0.844,0.012
75,198,0.993,0.995,-0.0
75,199,0.947,0.96,-0.003
75,20,0.958,0.969,-0.002
75,200,0.907,0.93,-0.005
75,201,0.953,0.965,-0.003
75,202,0.98,0.985,-0.001
75,203,0.945,0.959,-0.003
75,204,0.932,0.949,-0.004
75,205,0.852,0.887,-0.009
75,206,0.921,0.941,0.005
75,207,0.96,0.97,-0.002
75,208,0.924,0.943,0.004
75,209,0.991,0.993,0.001
75,21,0.993,0.995,-0.0
75,210,0.911,0.933,0.005
75,211,0.849,0.885,0.009
75,212,0.994,0.996,0.0
75,213,0.982,0.987,-0.001
75,214,0.876,0.906,-0.007
75,215,0.892,0.918,-0.006
75,216,0.898,0.923,-0.006
75,217,0.795,0.841,-0.012
75,218,0.774,0.824,-0.013
75,219,0.68,0.744,-0.019
75,22,0.997,0.998,0.0
75,220,0.866,0.898,-0.008
75,221,0.996,0.997,0.0
75,222,0.88,0.909,-0.007
75,223,0.973,0.98,-0.002
75,224,0.876,0.905,-0.007
75,225,0.615,0.688,-0.024
75,226,0.458,0.54,-0.035
75,227,0.528,0.608,-0.03
75,228,0.623,0.694,-0.024
75,229,0.548,0.626,-0.029
75,23,0.86,0.893,-0.006
75,230,0.569,0.645,-0.028
75,231,0.44,0.523,-0.038
75,232,0.392,0.475,-0.042
75,233,0.562,0.639,-0.029
75,234,0.519,0.599,-0.032
75,235,0.39,0.473,-0.044
75,236,0.546,0.624,-0.031
75,237,0.487,0.568,-0.036
75,238,0.453,0.535,-0.039
75,239,0.397,0.481,-0.045
75,24,0.985,0.989,-0.001
75,240,0.367,0.45,-0.049
75,241,0.342,0.424,-0.052
75,242,0.469,0.552,-0.04
75,243,0.244,0.319,-0.066
75,244,0.203,0.273,-0.073
75,245,0.194,0.263,-0.076
75,246,0.2,0.269,-0.076
75,247,0.257,0.333,-0.068
75,248,0.21,0.28,-0.077
75,249,0.263,0.339,-0.07
75,25,0.856,0.89,0.007
75,250,0.2,0.27,-0.081
75,251,0.258,0.334,-0.073
75,26,0.677,0.742,0.015
75,27,0.67,0.735,0.016
75,28,0.995,0.996,0.0
75,29,0.55,0.628,0.022
75,30,0.585,0.66,0.021
75,31,0.501,0.582,0.025
75,32,0.749,0.803,0.012
75,33,0.808,0.851,0.009
75,34,0.555,0.633,0.023
75,35,0.624,0.695,0.019
75,36,0.533,0.612,0.024
75,37,0.712,0.772,0.014
75,38,0.482,0.563,0.027
75,39,0.409,0.492,0.032
75,40,0.539,0.618,0.024
75,41,0.375,0.457,0.035
75,42,0.376,0.459,0.035
75,43,0.412,0.496,0.033
75,44,0.47,0.552,0.029
75,45,0.683,0.747,0.017
75,46,0.474,0.556,0.029
75,47,0.868,0.899,0.007
75,48,0.598,0.672,0.022
75,49,0.574,0.65,0.023
75,50,0.563,0.64,0.024
75,51,0.453,0.535,0.031
75,52,0.455,0.538,0.031
75,53,0.638,0.708,0.02
75,54,0.641,0.711,0.02
75,55,0.853,0.888,0.008
75,56,0.56,0.637,0.025
75,57,0.757,0.81,0.013
75,58,0.527,0.607,0.027
75,59,0.684,0.748,0.017
75,6,0.281,0.359,-0.041
75,60,0.715,0.774,0.016
75,61,0.775,0.824,0.012
75,62,0.784,0.832,0.012
75,63,0.754,0.807,0.014
75,64,0.84,0.877,0.009
75,65,0.887,0.914,0.006
75,66,0.885,0.913,0.006
75,67,0.965,0.974,-0.002
75,68,0.98,0.986,0.001
75,69,0.917,0.938,0.005
75,7,0.364,0.447,-0.035
75,70,0.896,0.921,0.006
75,71,0.785,0.833,0.012
75,72,0.754,0.807,0.014
75,73,0.835,0.873,0.009
75,74,0.905,0.929,-0.005
75,75,0.889,0.916,0.006
75,76,0.855,0.889,0.008
75,77,0.801,0.846,0.011
75,78,0.885,0.913,0.006
75,79,0.726,0.783,0.015
75,8,0.447,0.53,-0.029
75,80,0.905,0.928,-0.005
75,81,0.959,0.97,0.002
75,82,0.983,0.987,0.001
75,83,0.764,0.816,-0.013
75,84,0.963,0.973,0.002
75,85,1.0,1.0,0.0
75,86,0.97,0.978,-0.002
75,87,0.948,0.961,0.003
75,88,0.906,0.929,-0.005
75,89,0.911,0.933,-0.005
75,9,0.33,0.412,-0.036
75,90,0.725,0.783,0.015
75,91,0.968,0.976,0.002
75,92,0.836,0.874,-0.009
75,93,0.912,0.934,-0.005
75,94,0.878,0.907,-0.006
75,95,0.858,0.892,0.008
75,96,0.764,0.815,0.013
75,97,0.845,0.882,0.008
75,98,0.899,0.924,0.005
75,99,0.949,0.962,0.003
76,10,0.535,0.614,-0.023
76,100,0.996,0.997,-0.0
76,101,0.995,0.996,-0.0
76,102,0.807,0.851,0.011
76,103,0.8,0.845,0.011
76,104,0.782,0.83,0.012
76,105,0.914,0.936,0.005
76,106,0.823,0.864,0.01
76,107,0.924,0.943,0.004
76,108,0.943,0.957,0.003
76,109,0.888,0.915,-0.006
76,11,0.465,0.547,-0.027
76,110,0.904,0.927,0.005
76,111,0.856,0.89,0.008
76,112,0.571,0.647,0.026
76,113,0.93,0.947,0.004
76,114,0.862,0.895,0.008
76,115,0.63,0.7,0.023
76,116,0.861,0.894,0.008
76,117,0.757,0.809,0.015
76,118,0.687,0.75,0.02
76,119,0.829,0.868,0.011
76,12,0.402,0.485,-0.031
76,120,0.717,0.776,0.018
76,121,0.727,0.784,0.017
76,122,0.554,0.632,0.03
76,123,0.78,0.829,0.014
76,124,0.831,0.87,0.011
76,125,0.756,0.809,0.016
76,126,0.618,0.69,0.026
76,127,0.651,0.719,0.024
76,128,0.556,0.634,0.031
76,129,0.657,0.724,0.023
76,13,0.553,0.631,-0.022
76,130,0.753,0.806,0.016
76,131,0.831,0.87,0.011
76,132,0.808,0.852,0.013
76,133,0.777,0.826,0.015
76,134,0.918,0.939,0.005
76,135,0.927,0.945,0.005
76,136,0.925,0.944,-0.005
76,137,0.903,0.927,-0.006
76,138,0.907,0.93,-0.006
76,139,0.874,0.905,0.008
76,14,0.862,0.895,-0.006
76,140,0.83,0.869,0.011
76,141,0.946,0.959,-0.003
76,142,0.848,0.884,-0.009
76,143,0.729,0.786,-0.017
76,144,0.697,0.759,-0.019
76,145,0.907,0.93,-0.005
76,146,0.942,0.957,-0.003
76,147,0.969,0.977,-0.002
76,148,0.889,0.916,-0.006
76,149,0.912,0.934,-0.005
76,15,0.849,0.884,-0.007
76,150,0.748,0.802,-0.015
76,151,0.896,0.921,-0.006
76,152,0.921,0.941,-0.004
76,153,0.829,0.869,-0.01
76,154,0.766,0.817,-0.013
76,155,0.724,0.782,-0.016
76,156,0.735,0.791,-0.015
76,157,0.886,0.914,-0.006
76,158,0.817,0.859,-0.01
76,159,0.539,0.618,-0.027
76,16,0.673,0.739,-0.015
76,160,0.723,0.781,-0.016
76,161,0.767,0.818,-0.013
76,162,0.794,0.84,-0.012
76,163,0.686,0.749,-0.018
76,164,0.657,0.724,-0.02
76,165,0.667,0.733,-0.019
76,166,0.679,0.744,-0.018
76,167,0.722,0.78,-0.016
76,168,0.681,0.745,-0.018
76,169,0.756,0.809,-0.014
76,17,0.699,0.761,-0.014
76,170,0.518,0.598,-0.029
76,171,0.485,0.567,-0.031
76,172,0.723,0.781,-0.016
76,173,0.558,0.635,-0.026
76,174,0.341,0.423,-0.043
76,175,0.342,0.424,-0.043
76,176,0.441,0.524,-0.035
76,177,0.55,0.628,-0.027
76,178,0.402,0.485,-0.039
76,179,0.305,0.385,-0.047
76,18,0.862,0.894,0.006
76,180,0.443,0.526,-0.036
76,181,0.518,0.598,-0.03
76,182,0.666,0.732,-0.02
76,183,0.535,0.614,-0.029
76,184,0.661,0.728,-0.021
76,185,0.68,0.745,-0.019
76,186,0.726,0.783,-0.017
76,187,0.578,0.653,-0.026
76,188,0.727,0.785,-0.016
76,189,0.606,0.679,-0.024
76,19,0.955,0.967,0.002
76,190,0.571,0.647,-0.027
76,191,0.68,0.744,-0.02
76,192,0.683,0.747,-0.019
76,193,0.928,0.946,-0.004
76,194,0.804,0.848,0.012
76,195,0.942,0.957,0.003
76,196,0.906,0.929,-0.006
76,197,0.765,0.816,-0.014
76,198,0.968,0.976,-0.002
76,199,0.996,0.997,0.0
76,20,0.947,0.96,0.002
76,200,0.969,0.977,-0.002
76,201,0.802,0.847,0.012
76,202,0.897,0.922,0.006
76,203,0.982,0.987,-0.001
76,204,0.795,0.841,-0.012
76,205,0.614,0.686,-0.024
76,206,0.822,0.863,-0.011
76,207,0.746,0.8,-0.015
76,208,0.709,0.769,-0.018
76,209,0.745,0.8,-0.015
76,21,0.976,0.982,0.001
76,210,0.761,0.813,-0.014
76,211,0.753,0.807,-0.015
76,212,0.592,0.666,-0.025
76,213,0.576,0.652,-0.026
76,214,0.527,0.607,-0.03
76,215,0.472,0.554,-0.034
76,216,0.403,0.486,-0.039
76,217,0.437,0.52,-0.037
76,218,0.423,0.506,-0.038
76,219,0.382,0.465,-0.041
76,22,0.974,0.98,-0.001
76,220,0.291,0.37,-0.05
76,221,0.308,0.389,-0.048
76,222,0.276,0.354,-0.052
76,223,0.226,0.299,-0.057
76,224,0.211,0.282,-0.06
76,225,0.271,0.348,-0.053
76,226,0.355,0.437,-0.044
76,227,0.356,0.439,-0.044
76,228,0.238,0.312,-0.057
76,229,0.374,0.457,-0.043
76,23,0.92,0.94,-0.004
76,230,0.554,0.632,-0.029
76,231,0.376,0.459,-0.044
76,232,0.408,0.491,-0.041
76,233,0.319,0.4,-0.05
76,234,0.399,0.482,-0.043
76,235,0.331,0.413,-0.05
76,236,0.366,0.448,-0.047
76,237,0.469,0.551,-0.038
76,238,0.291,0.371,-0.056
76,239,0.304,0.384,-0.055
76,24,0.76,0.812,-0.011
76,240,0.285,0.364,-0.058
76,241,0.276,0.353,-0.06
76,242,0.241,0.316,-0.065
76,243,0.187,0.254,-0.075
76,244,0.185,0.253,-0.077
76,245,0.281,0.359,-0.063
76,246,0.349,0.431,-0.056
76,247,0.302,0.382,-0.063
76,248,0.256,0.332,-0.07
76,249,0.387,0.47,-0.054
76,25,0.789,0.836,-0.01
76,250,0.371,0.454,-0.057
76,251,0.347,0.429,-0.061
76,26,0.91,0.932,0.004
76,27,0.87,0.901,-0.006
76,28,0.766,0.817,0.011
76,29,0.648,0.716,0.017
76,30,0.711,0.771,0.014
76,31,0.942,0.956,0.003
76,32,0.676,0.741,0.016
76,33,0.518,0.598,0.025
76,34,0.79,0.837,0.01
76,35,0.69,0.753,0.015
76,36,0.802,0.847,0.01
76,37,0.782,0.83,0.011
76,38,0.642,0.711,0.018
76,39,0.492,0.574,0.027
76,40,0.619,0.691,0.02
76,41,0.717,0.776,0.014
76,42,0.774,0.824,0.011
76,43,0.624,0.695,0.02
76,44,0.758,0.81,0.012
76,45,0.571,0.647,0.023
76,46,0.726,0.784,0.014
76,47,0.581,0.656,0.023
76,48,0.734,0.791,0.014
76,49,0.6,0.674,0.022
76,50,0.621,0.692,0.021
76,51,0.945,0.959,0.003
76,52,0.982,0.986,0.001
76,53,0.95,0.962,0.003
76,54,0.846,0.882,0.008
76,55,0.674,0.739,0.018
76,56,0.631,0.702,0.02
76,57,0.769,0.819,0.013
76,58,0.895,0.921,-0.006
76,59,0.903,0.927,-0.005
76,6,0.642,0.711,-0.018
76,60,0.87,0.901,0.007
76,61,0.639,0.709,0.02
76,62,0.896,0.921,0.006
76,63,0.831,0.87,0.009
76,64,0.969,0.977,0.002
76,65,0.767,0.818,0.013
76,66,0.815,0.857,0.01
76,67,0.602,0.676,0.023
76,68,0.673,0.738,0.018
76,69,0.923,0.942,0.004
76,7,0.397,0.48,-0.032
76,70,0.998,0.998,0.0
76,71,0.823,0.864,0.01
76,72,0.794,0.84,0.011
76,73,0.716,0.775,0.016
76,74,0.989,0.992,-0.001
76,75,0.803,0.848,0.011
76,76,0.947,0.96,0.003
76,77,0.775,0.824,-0.012
76,78,0.866,0.898,-0.007
76,79,0.991,0.994,0.0
76,8,0.471,0.553,-0.027
76,80,0.933,0.95,0.004
76,81,0.831,0.87,0.009
76,82,0.866,0.898,0.007
76,83,0.793,0.84,0.011
76,84,0.902,0.926,0.005
76,85,0.896,0.922,0.006
76,86,0.838,0.875,0.009
76,87,0.963,0.973,0.002
76,88,0.886,0.913,0.006
76,89,0.914,0.935,0.005
76,9,0.388,0.471,-0.032
76,90,0.924,0.943,-0.004
76,91,0.859,0.892,0.008
76,92,0.864,0.896,0.007
76,93,0.655,0.722,0.019
76,94,0.981,0.986,-0.001
76,95,0.741,0.796,-0.014
76,96,0.967,0.976,-0.002
76,97,0.871,0.902,-0.007
76,98,0.972,0.979,0.002
76,99,0.839,0.876,0.009
77,10,0.31,0.391,-0.037
77,100,0.928,0.946,0.004
77,101,0.981,0.986,0.001
77,102,0.986,0.989,0.001
77,103,0.751,0.804,0.014
77,104,0.73,0.787,0.015
77,105,0.696,0.758,0.017
77,106,0.86,0.894,0.008
77,107,0.88,0.909,-0.007
77,108,0.959,0.97,0.002
77,109,0.903,0.927,0.005
77,11,0.382,0.465,-0.032
77,110,0.775,0.824,0.013
77,111,0.474,0.557,0.032
77,112,0.614,0.686,0.023
77,113,0.609,0.682,0.023
77,114,0.722,0.78,0.016
77,115,0.777,0.826,0.013
77,116,0.725,0.783,0.016
77,117,0.765,0.817,0.014
77,118,0.66,0.727,0.021
77,119,0.546,0.625,0.029
77,12,0.521,0.601,-0.023
77,120,0.476,0.558,0.035
77,121,0.525,0.605,0.031
77,122,0.514,0.594,0.032
77,123,0.468,0.55,0.036
77,124,0.623,0.694,0.025
77,125,0.811,0.854,0.012
77,126,0.83,0.869,0.011
77,127,0.809,0.852,0.012
77,128,0.808,0.852,0.012
77,129,0.661,0.728,0.022
77,13,0.512,0.593,-0.024
77,130,0.767,0.818,0.015
77,131,0.853,0.888,0.009
77,132,0.738,0.794,0.017
77,133,0.857,0.891,0.009
77,134,0.988,0.991,-0.001
77,135,0.88,0.909,0.008
77,136,0.928,0.946,0.004
77,137,0.862,0.895,-0.009
77,138,0.978,0.984,-0.001
77,139,0.908,0.931,0.006
77,14,0.452,0.535,-0.027
77,140,0.873,0.903,-0.008
77,141,0.821,0.862,-0.011
77,142,0.963,0.972,0.002
77,143,0.988,0.991,-0.001
77,144,0.944,0.958,-0.003
77,145,0.885,0.913,-0.007
77,146,0.839,0.877,0.009
77,147,0.971,0.979,0.002
77,148,0.831,0.87,-0.01
77,149,0.697,0.759,-0.018
77,15,0.718,0.777,-0.013
77,150,0.633,0.703,-0.021
77,151,0.729,0.786,-0.015
77,152,0.749,0.803,-0.014
77,153,0.603,0.676,-0.023
77,154,0.814,0.856,-0.01
77,155,0.974,0.981,0.001
77,156,0.863,0.896,-0.008
77,157,0.697,0.759,-0.017
77,158,0.428,0.511,-0.035
77,159,0.355,0.437,-0.041
77,16,0.639,0.708,-0.017
77,160,0.539,0.618,-0.027
77,161,0.526,0.605,-0.028
77,162,0.495,0.577,-0.03
77,163,0.488,0.569,-0.031
77,164,0.525,0.605,-0.028
77,165,0.394,0.477,-0.038
77,166,0.396,0.479,-0.038
77,167,0.43,0.513,-0.035
77,168,0.331,0.413,-0.043
77,169,0.55,0.628,-0.027
77,17,0.66,0.727,-0.016
77,170,0.608,0.681,-0.023
77,171,0.464,0.546,-0.033
77,172,0.458,0.541,-0.034
77,173,0.358,0.44,-0.042
77,174,0.569,0.646,-0.026
77,175,0.492,0.573,-0.032
77,176,0.317,0.398,-0.046
77,177,0.603,0.677,-0.024
77,178,0.492,0.574,-0.032
77,179,0.378,0.461,-0.041
77,18,0.683,0.747,-0.015
77,180,0.364,0.447,-0.042
77,181,0.438,0.521,-0.036
77,182,0.569,0.645,-0.027
77,183,0.396,0.479,-0.04
77,184,0.445,0.528,-0.036
77,185,0.614,0.686,-0.024
77,186,0.708,0.769,-0.018
77,187,0.71,0.77,-0.018
77,188,0.956,0.967,-0.003
77,189,0.978,0.983,0.001
77,19,0.963,0.973,-0.002
77,190,0.973,0.98,0.002
77,191,0.999,0.999,0.0
77,192,0.846,0.882,-0.009
77,193,0.741,0.796,-0.016
77,194,0.854,0.888,-0.009
77,195,0.993,0.995,-0.0
77,196,0.91,0.932,-0.005
77,197,0.977,0.983,0.001
77,198,0.863,0.895,-0.008
77,199,0.765,0.816,-0.014
77,20,0.839,0.877,-0.007
77,200,0.889,0.916,0.007
77,201,0.766,0.817,-0.014
77,202,0.929,0.947,-0.004
77,203,0.963,0.973,0.002
77,204,0.884,0.912,-0.007
77,205,0.788,0.836,-0.013
77,206,0.913,0.935,-0.005
77,207,0.91,0.932,0.005
77,208,0.998,0.998,0.0
77,209,0.777,0.826,-0.013
77,21,0.812,0.855,0.009
77,210,0.575,0.651,-0.026
77,211,0.603,0.676,-0.024
77,212,0.689,0.752,-0.019
77,213,0.473,0.555,-0.034
77,214,0.563,0.64,-0.027
77,215,0.602,0.675,-0.024
77,216,0.543,0.621,-0.028
77,217,0.597,0.671,-0.025
77,218,0.627,0.698,-0.023
77,219,0.703,0.764,-0.018
77,22,0.961,0.971,-0.002
77,220,0.618,0.69,-0.023
77,221,0.463,0.546,-0.035
77,222,0.331,0.413,-0.046
77,223,0.387,0.47,-0.041
77,224,0.314,0.395,-0.048
77,225,0.338,0.419,-0.046
77,226,0.551,0.629,-0.029
77,227,0.49,0.572,-0.033
77,228,0.328,0.41,-0.047
77,229,0.337,0.419,-0.047
77,23,0.782,0.83,0.01
77,230,0.364,0.447,-0.045
77,231,0.402,0.485,-0.042
77,232,0.396,0.48,-0.042
77,233,0.279,0.357,-0.054
77,234,0.322,0.403,-0.05
77,235,0.407,0.49,-0.043
77,236,0.318,0.399,-0.052
77,237,0.239,0.313,-0.062
77,238,0.333,0.415,-0.051
77,239,0.168,0.233,-0.074
77,24,0.902,0.926,-0.004
77,240,0.26,0.337,-0.062
77,241,0.22,0.292,-0.068
77,242,0.206,0.276,-0.071
77,243,0.334,0.415,-0.055
77,244,0.207,0.278,-0.073
77,245,0.251,0.326,-0.068
77,246,0.248,0.323,-0.069
77,247,0.312,0.393,-0.062
77,248,0.39,0.473,-0.053
77,249,0.306,0.386,-0.065
77,25,0.907,0.93,0.004
77,250,0.29,0.369,-0.068
77,251,0.309,0.389,-0.066
77,26,0.997,0.998,0.0
77,27,0.764,0.816,0.011
77,28,0.513,0.593,0.024
77,29,0.844,0.88,0.007
77,30,0.664,0.73,0.016
77,31,0.845,0.881,0.007
77,32,0.827,0.867,0.008
77,33,0.52,0.6,0.024
77,34,0.546,0.624,0.023
77,35,0.472,0.554,0.027
77,36,0.531,0.61,0.024
77,37,0.397,0.48,0.032
77,38,0.389,0.472,0.033
77,39,0.293,0.372,0.041
77,40,0.403,0.487,0.033
77,41,0.263,0.339,0.044
77,42,0.378,0.461,0.035
77,43,0.475,0.557,0.028
77,44,0.331,0.413,0.039
77,45,0.462,0.545,0.03
77,46,0.296,0.376,0.042
77,47,0.414,0.497,0.033
77,48,0.454,0.536,0.031
77,49,0.377,0.46,0.036
77,50,0.398,0.481,0.035
77,51,0.545,0.623,0.025
77,52,0.454,0.536,0.031
77,53,0.578,0.654,0.023
77,54,0.516,0.596,0.027
77,55,0.441,0.524,0.033
77,56,0.645,0.714,0.02
77,57,0.677,0.742,0.018
77,58,0.539,0.618,0.026
77,59,0.608,0.681,0.022
77,6,0.339,0.421,-0.036
77,60,0.571,0.647,0.024
77,61,0.683,0.747,0.018
77,62,0.792,0.838,0.011
77,63,0.969,0.977,-0.002
77,64,0.795,0.841,0.011
77,65,0.605,0.679,0.022
77,66,0.927,0.945,0.004
77,67,0.584,0.659,0.024
77,68,0.805,0.849,0.011
77,69,0.998,0.998,0.0
77,7,0.412,0.496,-0.031
77,70,0.989,0.992,-0.001
77,71,0.933,0.95,0.004
77,72,0.983,0.988,0.001
77,73,0.819,0.86,0.01
77,74,0.926,0.945,0.004
77,75,0.94,0.955,0.003
77,76,0.99,0.993,-0.001
77,77,0.882,0.91,0.006
77,78,0.951,0.964,-0.003
77,79,0.995,0.996,-0.0
77,8,0.332,0.414,-0.036
77,80,0.989,0.992,0.001
77,81,0.959,0.97,0.002
77,82,0.771,0.821,0.013
77,83,0.851,0.886,0.008
77,84,0.982,0.987,-0.001
77,85,0.891,0.918,-0.006
77,86,0.892,0.919,0.006
77,87,0.78,0.828,0.012
77,88,0.986,0.99,0.001
77,89,0.915,0.936,0.005
77,9,0.331,0.413,-0.036
77,90,0.97,0.978,-0.002
77,91,0.735,0.791,0.014
77,92,0.942,0.957,-0.003
77,93,0.899,0.924,-0.005
77,94,0.895,0.921,0.006
77,95,0.649,0.718,0.019
77,96,0.858,0.892,0.008
77,97,0.974,0.981,0.001
77,98,0.995,0.996,-0.0
77,99,0.926,0.944,0.004
78,10,0.43,0.513,-0.029
78,100,0.693,0.756,0.017
78,101,0.821,0.862,0.01
78,102,0.978,0.983,0.001
78,103,0.851,0.886,0.008
78,104,0.963,0.972,-0.002
78,105,0.744,0.799,0.014
78,106,0.817,0.859,0.01
78,107,0.982,0.987,0.001
78,108,0.713,0.773,0.016
78,109,0.782,0.831,0.012
78,11,0.376,0.459,-0.033
78,110,0.747,0.801,0.014
78,111,0.763,0.815,0.013
78,112,0.789,0.836,0.012
78,113,0.824,0.865,0.01
78,114,0.735,0.791,0.015
78,115,0.795,0.841,0.012
78,116,0.712,0.771,0.017
78,117,0.665,0.731,0.02
78,118,0.76,0.812,0.014
78,119,0.745,0.8,0.015
78,12,0.397,0.481,-0.031
78,120,0.657,0.724,0.021
78,121,0.655,0.723,0.021
78,122,0.547,0.625,0.029
78,123,0.593,0.668,0.026
78,124,0.604,0.677,0.025
78,125,0.769,0.819,0.014
78,126,0.644,0.713,0.023
78,127,0.707,0.768,0.019
78,128,0.625,0.696,0.024
78,129,0.611,0.684,0.025
78,13,0.649,0.718,-0.017
78,130,0.719,0.778,0.018
78,131,0.796,0.842,0.013
78,132,0.768,0.818,0.015
78,133,0.765,0.816,0.015
78,134,0.869,0.9,0.008
78,135,0.974,0.981,-0.002
78,136,0.902,0.926,-0.006
78,137,0.895,0.921,-0.006
78,138,0.928,0.946,-0.004
78,139,0.878,0.907,0.007
78,14,0.283,0.362,-0.039
78,140,0.853,0.887,0.009
78,141,0.89,0.917,-0.007
78,142,0.916,0.937,-0.005
78,143,0.944,0.958,-0.003
78,144,0.913,0.935,-0.005
78,145,0.927,0.945,0.004
78,146,0.923,0.943,-0.004
78,147,0.848,0.884,-0.009
78,148,0.974,0.981,0.001
78,149,0.831,0.87,0.01
78,15,0.377,0.46,-0.032
78,150,0.934,0.951,-0.004
78,151,0.862,0.895,-0.008
78,152,0.9,0.925,-0.006
78,153,0.962,0.971,0.002
78,154,0.825,0.866,-0.01
78,155,0.753,0.807,-0.014
78,156,0.767,0.818,-0.013
78,157,0.659,0.726,-0.02
78,158,0.611,0.684,-0.022
78,159,0.698,0.76,-0.017
78,16,0.602,0.676,-0.019
78,160,0.702,0.763,-0.017
78,161,0.538,0.617,-0.027
78,162,0.44,0.523,-0.034
78,163,0.544,0.623,-0.027
78,164,0.517,0.598,-0.029
78,165,0.584,0.659,-0.025
78,166,0.479,0.561,-0.032
78,167,0.479,0.561,-0.032
78,168,0.644,0.713,-0.021
78,169,0.552,0.63,-0.027
78,17,0.895,0.921,-0.005
78,170,0.492,0.574,-0.031
78,171,0.606,0.679,-0.024
78,172,0.58,0.656,-0.025
78,173,0.522,0.602,-0.03
78,174,0.512,0.593,-0.03
78,175,0.675,0.74,-0.019
78,176,0.759,0.811,-0.014
78,177,0.632,0.702,-0.022
78,178,0.69,0.753,-0.019
78,179,0.585,0.66,-0.026
78,18,0.526,0.606,-0.023
78,180,0.722,0.781,-0.017
78,181,0.78,0.829,-0.013
78,182,0.586,0.661,-0.026
78,183,0.708,0.768,-0.018
78,184,0.693,0.756,-0.019
78,185,0.633,0.704,-0.023
78,186,0.706,0.766,-0.018
78,187,0.818,0.86,-0.011
78,188,0.957,0.968,-0.003
78,189,0.92,0.94,-0.005
78,19,0.725,0.783,-0.013
78,190,0.971,0.979,0.002
78,191,0.987,0.99,-0.001
78,192,0.891,0.918,0.006
78,193,0.978,0.984,0.001
78,194,0.954,0.966,0.003
78,195,0.829,0.869,0.01
78,196,0.958,0.969,-0.003
78,197,0.969,0.977,0.002
78,198,0.837,0.875,0.01
78,199,0.975,0.982,-0.001
78,20,0.6,0.674,-0.019
78,200,0.831,0.87,-0.01
78,201,0.981,0.986,0.001
78,202,0.824,0.864,-0.011
78,203,0.974,0.981,0.002
78,204,0.77,0.821,-0.014
78,205,0.817,0.859,-0.011
78,206,0.758,0.811,-0.014
78,207,0.756,0.809,-0.015
78,208,0.673,0.739,-0.02
78,209,0.873,0.903,-0.008
78,21,0.919,0.939,-0.004
78,210,0.838,0.875,-0.01
78,211,0.772,0.822,-0.014
78,212,0.703,0.764,-0.018
78,213,0.781,0.829,-0.013
78,214,0.658,0.725,-0.021
78,215,0.564,0.641,-0.027
78,216,0.532,0.611,-0.029
78,217,0.705,0.765,-0.018
78,218,0.682,0.746,-0.019
78,219,0.563,0.64,-0.027
78,22,0.769,0.819,-0.011
78,220,0.529,0.609,-0.03
78,221,0.348,0.43,-0.044
78,222,0.342,0.424,-0.045
78,223,0.452,0.535,-0.036
78,224,0.318,0.399,-0.048
78,225,0.397,0.481,-0.041
78,226,0.389,0.473,-0.041
78,227,0.54,0.618,-0.03
78,228,0.374,0.457,-0.043
78,229,0.243,0.318,-0.057
78,23,0.383,0.466,-0.032
78,230,0.269,0.346,-0.055
78,231,0.41,0.493,-0.041
78,232,0.36,0.442,-0.046
78,233,0.426,0.509,-0.04
78,234,0.197,0.266,-0.066
78,235,0.225,0.298,-0.063
78,236,0.297,0.377,-0.054
78,237,0.367,0.449,-0.048
78,238,0.203,0.273,-0.068
78,239,0.369,0.451,-0.049
78,24,0.416,0.499,-0.029
78,240,0.266,0.343,-0.061
78,241,0.281,0.359,-0.06
78,242,0.267,0.345,-0.063
78,243,0.268,0.345,-0.064
78,244,0.423,0.506,-0.047
78,245,0.357,0.439,-0.055
78,246,0.326,0.408,-0.059
78,247,0.464,0.546,-0.045
78,248,0.422,0.505,-0.05
78,249,0.438,0.521,-0.05
78,25,0.858,0.891,-0.007
78,250,0.394,0.478,-0.055
78,251,0.304,0.384,-0.068
78,26,0.809,0.852,-0.009
78,27,0.928,0.946,0.003
78,28,0.983,0.988,-0.001
78,29,0.997,0.998,0.0
78,30,0.989,0.992,-0.0
78,31,0.893,0.919,-0.005
78,32,0.916,0.937,-0.004
78,33,0.98,0.986,0.001
78,34,0.846,0.882,0.007
78,35,0.723,0.781,0.013
78,36,0.674,0.739,0.016
78,37,0.804,0.848,0.01
78,38,0.826,0.866,-0.009
78,39,0.529,0.608,0.024
78,40,0.874,0.904,0.006
78,41,0.773,0.823,0.011
78,42,0.595,0.669,0.021
78,43,0.604,0.677,0.021
78,44,0.693,0.756,0.016
78,45,0.639,0.709,0.019
78,46,0.514,0.594,0.026
78,47,0.631,0.701,0.019
78,48,0.657,0.724,0.018
78,49,0.479,0.561,0.029
78,50,0.532,0.612,0.026
78,51,0.395,0.478,0.035
78,52,0.7,0.762,0.016
78,53,0.553,0.631,0.025
78,54,0.534,0.613,0.026
78,55,0.688,0.751,0.017
78,56,0.5,0.581,0.028
78,57,0.552,0.629,0.025
78,58,0.683,0.747,0.017
78,59,0.595,0.669,0.023
78,6,0.216,0.287,-0.047
78,60,0.585,0.66,0.023
78,61,0.56,0.637,0.025
78,62,0.805,0.849,0.011
78,63,0.884,0.912,0.006
78,64,0.714,0.773,0.016
78,65,0.864,0.896,0.007
78,66,0.955,0.967,-0.002
78,67,0.878,0.908,0.007
78,68,0.91,0.932,0.005
78,69,0.867,0.899,0.007
78,7,0.312,0.392,-0.038
78,70,0.775,0.825,0.012
78,71,0.628,0.698,0.021
78,72,0.788,0.835,0.012
78,73,0.904,0.927,0.005
78,74,0.947,0.96,0.003
78,75,0.876,0.906,-0.007
78,76,0.866,0.898,-0.007
78,77,0.825,0.865,0.01
78,78,0.806,0.85,-0.011
78,79,0.567,0.643,-0.025
78,8,0.201,0.271,-0.048
78,80,0.751,0.805,-0.014
78,81,0.91,0.933,-0.005
78,82,0.946,0.96,-0.003
78,83,0.966,0.975,-0.002
78,84,0.997,0.998,0.0
78,85,0.866,0.898,-0.007
78,86,0.868,0.9,-0.007
78,87,0.8,0.845,-0.011
78,88,0.835,0.873,-0.009
78,89,0.715,0.775,-0.016
78,9,0.213,0.284,-0.047
78,90,0.819,0.86,-0.01
78,91,0.861,0.894,-0.007
78,92,0.872,0.902,0.007
78,93,0.873,0.904,-0.007
78,94,0.844,0.881,0.008
78,95,0.967,0.976,0.002
78,96,0.687,0.751,0.017
78,97,0.63,0.701,0.021
78,98,0.813,0.855,0.01
78,99,0.716,0.776,0.015
79,10,0.075,0.116,-0.065
79,100,0.802,0.847,0.011
79,101,0.666,0.732,0.018
79,102,0.56,0.637,0.025
79,103,0.588,0.662,0.023
79,104,0.634,0.704,0.021
79,105,0.559,0.637,0.025
79,106,0.678,0.743,0.018
79,107,0.638,0.707,0.021
79,108,0.552,0.63,0.026
79,109,0.536,0.615,0.027
79,11,0.12,0.175,-0.056
79,110,0.521,0.601,0.028
79,111,0.393,0.477,0.038
79,112,0.65,0.718,0.02
79,113,0.639,0.709,0.021
79,114,0.589,0.664,0.024
79,115,0.603,0.676,0.024
79,116,0.386,0.469,0.04
79,117,0.599,0.673,0.024
79,118,0.636,0.706,0.022
79,119,0.637,0.707,0.022
79,12,0.206,0.276,-0.046
79,120,0.52,0.6,0.03
79,121,0.675,0.74,0.02
79,122,0.547,0.625,0.029
79,123,0.476,0.558,0.034
79,124,0.618,0.69,0.024
79,125,0.823,0.864,0.011
79,126,0.525,0.605,0.031
79,127,0.68,0.744,0.02
79,128,0.632,0.702,0.023
79,129,0.499,0.58,0.033
79,13,0.182,0.249,-0.048
79,130,0.465,0.548,0.035
79,131,0.753,0.806,0.015
79,132,0.734,0.79,0.016
79,133,0.742,0.797,0.016
79,134,0.701,0.762,0.019
79,135,0.663,0.729,0.021
79,136,0.635,0.705,0.023
79,137,0.714,0.773,0.017
79,138,0.696,0.758,0.018
79,139,0.781,0.83,0.013
79,14,0.223,0.295,-0.044
79,140,0.907,0.93,0.005
79,141,0.979,0.984,0.001
79,142,0.975,0.982,0.001
79,143,0.985,0.989,0.001
79,144,0.946,0.96,0.003
79,145,0.93,0.947,-0.004
79,146,0.944,0.958,0.003
79,147,0.983,0.987,0.001
79,148,0.815,0.857,0.011
79,149,0.957,0.968,0.002
79,15,0.263,0.339,-0.04
79,150,0.909,0.931,0.005
79,151,0.765,0.817,-0.013
79,152,0.817,0.859,-0.01
79,153,0.851,0.886,-0.008
79,154,0.99,0.992,0.001
79,155,0.979,0.985,0.001
79,156,0.971,0.979,-0.002
79,157,0.883,0.911,-0.007
79,158,0.911,0.933,-0.005
79,159,0.652,0.72,-0.02
79,16,0.435,0.518,-0.028
79,160,0.702,0.763,-0.017
79,161,0.357,0.439,-0.041
79,162,0.386,0.469,-0.039
79,163,0.531,0.61,-0.028
79,164,0.463,0.546,-0.033
79,165,0.509,0.589,-0.03
79,166,0.569,0.645,-0.026
79,167,0.581,0.656,-0.025
79,168,0.471,0.554,-0.033
79,169,0.441,0.524,-0.035
79,17,0.323,0.404,-0.035
79,170,0.761,0.813,-0.014
79,171,0.647,0.715,-0.021
79,172,0.514,0.594,-0.03
79,173,0.429,0.512,-0.037
79,174,0.455,0.538,-0.035
79,175,0.627,0.698,-0.023
79,176,0.678,0.743,-0.019
79,177,0.819,0.861,-0.011
79,178,0.716,0.775,-0.017
79,179,0.895,0.92,-0.006
79,18,0.446,0.528,-0.027
79,180,0.933,0.95,0.004
79,181,0.96,0.971,-0.002
79,182,0.599,0.673,-0.025
79,183,0.898,0.923,-0.006
79,184,0.887,0.914,-0.007
79,185,0.711,0.771,-0.018
79,186,0.858,0.892,-0.008
79,187,0.821,0.862,-0.011
79,188,0.696,0.759,-0.019
79,189,0.83,0.87,-0.01
79,19,0.625,0.696,-0.018
79,190,0.945,0.959,0.003
79,191,0.895,0.92,-0.006
79,192,0.926,0.944,-0.004
79,193,0.901,0.925,-0.006
79,194,0.866,0.898,-0.008
79,195,0.989,0.992,-0.001
79,196,0.887,0.914,0.007
79,197,0.86,0.894,-0.008
79,198,0.947,0.96,0.003
79,199,0.93,0.947,-0.004
79,20,0.366,0.449,-0.032
79,200,0.891,0.918,0.006
79,201,0.696,0.758,0.018
79,202,0.996,0.997,-0.0
79,203,0.857,0.891,0.009
79,204,0.798,0.843,0.012
79,205,0.986,0.99,0.001
79,206,0.889,0.916,-0.007
79,207,0.796,0.842,-0.012
79,208,0.974,0.98,-0.002
79,209,0.887,0.914,-0.007
79,21,0.699,0.76,-0.014
79,210,0.804,0.849,-0.012
79,211,0.647,0.716,-0.022
79,212,0.868,0.9,-0.008
79,213,0.798,0.844,-0.012
79,214,0.819,0.861,-0.011
79,215,0.522,0.602,-0.03
79,216,0.621,0.692,-0.023
79,217,0.566,0.643,-0.027
79,218,0.44,0.523,-0.036
79,219,0.583,0.658,-0.026
79,22,0.677,0.742,-0.015
79,220,0.631,0.702,-0.023
79,221,0.456,0.538,-0.035
79,222,0.41,0.493,-0.039
79,223,0.533,0.612,-0.03
79,224,0.426,0.509,-0.038
79,225,0.371,0.454,-0.043
79,226,0.374,0.457,-0.043
79,227,0.374,0.457,-0.043
79,228,0.432,0.516,-0.038
79,229,0.46,0.543,-0.036
79,23,0.746,0.8,-0.012
79,230,0.37,0.453,-0.044
79,231,0.302,0.382,-0.052
79,232,0.407,0.491,-0.042
79,233,0.465,0.547,-0.037
79,234,0.314,0.395,-0.052
79,235,0.229,0.302,-0.063
79,236,0.272,0.35,-0.058
79,237,0.299,0.378,-0.055
79,238,0.207,0.277,-0.068
79,239,0.152,0.213,-0.079
79,24,0.869,0.901,-0.006
79,240,0.159,0.222,-0.078
79,241,0.185,0.252,-0.075
79,242,0.262,0.338,-0.064
79,243,0.198,0.267,-0.075
79,244,0.183,0.25,-0.079
79,245,0.127,0.183,-0.092
79,246,0.175,0.241,-0.083
79,247,0.22,0.292,-0.077
79,248,0.176,0.242,-0.086
79,249,0.179,0.246,-0.087
79,25,0.881,0.91,0.005
79,250,0.192,0.26,-0.086
79,251,0.166,0.23,-0.092
79,26,0.867,0.899,0.006
79,27,0.794,0.841,0.01
79,28,0.845,0.882,0.007
79,29,0.832,0.871,0.008
79,30,0.703,0.764,0.014
79,31,0.516,0.596,0.024
79,32,0.527,0.606,0.024
79,33,0.576,0.651,0.021
79,34,0.495,0.577,0.026
79,35,0.363,0.446,0.035
79,36,0.598,0.672,0.02
79,37,0.661,0.727,0.017
79,38,0.444,0.527,0.03
79,39,0.444,0.527,0.03
79,40,0.687,0.75,0.016
79,41,0.681,0.746,0.016
79,42,0.545,0.623,0.024
79,43,0.708,0.768,0.015
79,44,0.459,0.542,0.029
79,45,0.678,0.743,0.017
79,46,0.621,0.693,0.02
79,47,0.467,0.549,0.029
79,48,0.415,0.498,0.033
79,49,0.372,0.455,0.036
79,50,0.481,0.563,0.029
79,51,0.535,0.614,0.026
79,52,0.526,0.606,0.026
79,53,0.546,0.624,0.025
79,54,0.361,0.443,0.038
79,55,0.573,0.649,0.024
79,56,0.454,0.537,0.032
79,57,0.466,0.549,0.031
79,58,0.442,0.525,0.033
79,59,0.708,0.769,0.016
79,6,0.107,0.158,-0.061
79,60,0.797,0.843,0.011
79,61,0.678,0.743,0.018
79,62,0.624,0.696,0.021
79,63,0.731,0.788,0.015
79,64,0.989,0.992,-0.001
79,65,0.92,0.94,-0.004
79,66,0.809,0.852,0.011
79,67,0.602,0.676,0.023
79,68,0.737,0.793,0.015
79,69,0.797,0.842,0.011
79,7,0.117,0.171,-0.059
79,70,0.914,0.935,0.005
79,71,0.997,0.998,-0.0
79,72,0.972,0.979,-0.002
79,73,0.868,0.899,-0.007
79,74,0.968,0.976,0.002
79,75,0.95,0.963,0.003
79,76,0.71,0.77,0.016
79,77,0.986,0.99,-0.001
79,78,0.822,0.863,-0.01
79,79,0.716,0.775,-0.016
79,8,0.067,0.105,-0.068
79,80,0.908,0.931,-0.005
79,81,0.984,0.989,-0.001
79,82,0.986,0.99,-0.001
79,83,0.95,0.963,0.003
79,84,0.935,0.951,0.004
79,85,0.737,0.793,0.015
79,86,0.941,0.956,0.003
79,87,0.89,0.917,-0.006
79,88,0.742,0.797,-0.014
79,89,0.986,0.99,-0.001
79,9,0.09,0.136,-0.063
79,90,0.965,0.974,-0.002
79,91,0.965,0.974,-0.002
79,92,0.943,0.958,-0.003
79,93,0.926,0.945,0.004
79,94,0.869,0.9,0.007
79,95,0.983,0.988,-0.001
79,96,0.966,0.975,0.002
79,97,0.81,0.853,0.01
79,98,0.756,0.809,0.013
79,99,0.803,0.847,0.011
8,10,0.304,0.384,-0.035
8,100,0.943,0.957,0.003
8,101,0.823,0.863,-0.009
8,102,0.874,0.904,-0.006
8,103,0.951,0.964,0.002
8,104,0.98,0.985,-0.001
8,105,0.788,0.835,-0.01
8,106,0.937,0.953,-0.003
8,107,0.907,0.93,-0.005
8,108,0.921,0.941,-0.004
8,109,0.81,0.853,-0.009
8,11,0.692,0.754,-0.013
8,110,0.477,0.559,-0.028
8,111,0.801,0.846,-0.01
8,112,0.799,0.844,0.01
8,113,0.985,0.989,0.001
8,114,0.922,0.941,-0.004
8,115,0.89,0.917,-0.005
8,116,0.901,0.925,-0.005
8,117,0.995,0.996,-0.0
8,118,0.973,0.98,0.001
8,119,0.952,0.964,-0.002
8,12,0.705,0.766,-0.013
8,120,0.817,0.859,0.009
8,121,0.783,0.831,0.011
8,122,0.844,0.88,0.008
8,123,0.902,0.926,0.005
8,124,0.81,0.854,0.01
8,125,0.997,0.998,0.0
8,126,0.846,0.882,0.008
8,127,0.924,0.943,0.004
8,128,0.923,0.942,0.004
8,129,0.932,0.949,0.003
8,13,0.467,0.549,-0.024
8,130,0.933,0.95,0.003
8,131,0.837,0.875,0.008
8,132,0.835,0.873,0.008
8,133,0.863,0.895,-0.007
8,134,0.955,0.967,-0.002
8,135,0.913,0.935,0.004
8,136,0.947,0.961,-0.003
8,137,0.966,0.975,-0.002
8,138,0.813,0.856,-0.01
8,139,0.623,0.694,-0.02
8,14,0.858,0.892,-0.006
8,140,0.639,0.709,-0.019
8,141,0.673,0.738,-0.017
8,142,0.963,0.972,0.002
8,143,0.95,0.963,-0.003
8,144,0.858,0.892,-0.007
8,145,0.84,0.878,-0.008
8,146,0.815,0.857,-0.01
8,147,0.827,0.867,-0.009
8,148,0.92,0.94,-0.004
8,149,0.916,0.937,-0.004
8,15,0.685,0.749,-0.013
8,150,0.935,0.951,-0.003
8,151,0.948,0.961,-0.003
8,152,0.864,0.896,-0.007
8,153,0.994,0.996,0.0
8,154,0.688,0.751,0.017
8,155,0.982,0.987,-0.001
8,156,0.889,0.916,0.006
8,157,0.959,0.97,0.002
8,158,0.946,0.959,-0.003
8,159,0.862,0.895,-0.007
8,16,0.71,0.77,-0.012
8,160,0.932,0.949,-0.004
8,161,0.953,0.965,-0.002
8,162,0.934,0.95,-0.004
8,163,0.819,0.86,0.01
8,164,0.999,0.999,-0.0
8,165,0.993,0.995,0.0
8,166,0.893,0.919,-0.006
8,167,0.633,0.703,-0.02
8,168,0.939,0.955,-0.003
8,169,0.873,0.903,-0.007
8,17,0.646,0.715,-0.015
8,170,0.976,0.982,0.001
8,171,0.971,0.979,0.002
8,172,0.695,0.757,-0.017
8,173,0.831,0.87,-0.009
8,174,0.943,0.957,-0.003
8,175,0.855,0.889,-0.008
8,176,0.993,0.995,0.0
8,177,0.862,0.895,-0.008
8,178,0.678,0.743,-0.018
8,179,0.91,0.933,-0.005
8,18,0.8,0.845,-0.008
8,180,0.875,0.905,-0.007
8,181,0.895,0.921,-0.006
8,182,0.773,0.823,-0.013
8,183,0.737,0.793,-0.015
8,184,0.781,0.829,-0.013
8,185,0.788,0.835,-0.012
8,186,0.654,0.722,-0.021
8,187,0.758,0.81,-0.014
8,188,0.82,0.862,-0.01
8,189,0.994,0.995,0.0
8,19,0.738,0.794,-0.011
8,190,0.783,0.831,-0.013
8,191,0.903,0.927,0.006
8,192,0.943,0.958,-0.003
8,193,0.871,0.902,0.008
8,194,0.815,0.857,0.011
8,195,0.985,0.989,0.001
8,196,0.99,0.993,0.001
8,197,0.808,0.852,-0.012
8,198,0.999,1.0,0.0
8,199,0.876,0.906,0.008
8,20,0.972,0.979,0.001
8,200,0.91,0.932,-0.006
8,201,0.958,0.968,-0.003
8,202,0.866,0.898,-0.008
8,203,0.83,0.869,-0.011
8,204,0.927,0.946,-0.005
8,205,0.776,0.826,-0.015
8,206,0.731,0.788,-0.018
8,207,0.817,0.859,-0.012
8,208,0.733,0.789,-0.018
8,209,0.778,0.827,-0.015
8,21,0.492,0.573,-0.023
8,210,0.714,0.773,-0.02
8,211,0.821,0.862,-0.012
8,212,0.972,0.979,-0.002
8,213,0.869,0.901,-0.009
8,214,0.913,0.935,-0.006
8,215,0.949,0.962,-0.003
8,216,0.948,0.961,-0.004
8,217,0.865,0.897,-0.01
8,218,0.987,0.99,0.001
8,219,0.984,0.988,0.001
8,22,0.494,0.575,-0.022
8,220,0.891,0.917,-0.008
8,221,0.838,0.876,-0.012
8,222,0.883,0.911,-0.009
8,223,0.919,0.939,-0.006
8,224,0.75,0.804,-0.019
8,225,0.885,0.913,-0.008
8,226,0.702,0.763,-0.023
8,227,0.971,0.978,-0.002
8,228,0.918,0.939,-0.006
8,229,0.878,0.907,-0.009
8,23,0.974,0.98,0.001
8,230,0.641,0.711,-0.028
8,231,0.995,0.996,-0.0
8,232,0.826,0.866,-0.013
8,233,0.836,0.874,-0.013
8,234,0.874,0.904,-0.01
8,235,0.825,0.866,-0.013
8,236,0.957,0.968,-0.003
8,237,0.882,0.911,-0.009
8,238,0.726,0.784,-0.022
8,239,0.769,0.82,-0.018
8,24,0.518,0.598,-0.021
8,240,0.89,0.917,-0.009
8,241,0.906,0.929,-0.007
8,242,0.896,0.921,-0.008
8,243,0.942,0.957,-0.005
8,244,0.61,0.682,-0.032
8,245,0.748,0.802,-0.02
8,246,0.847,0.883,-0.012
8,247,0.64,0.709,-0.03
8,248,0.67,0.736,-0.028
8,249,0.746,0.8,-0.021
8,25,0.799,0.844,-0.008
8,250,0.721,0.78,-0.024
8,251,0.712,0.772,-0.025
8,26,0.593,0.667,-0.017
8,27,0.987,0.991,0.001
8,28,0.675,0.74,-0.014
8,29,0.759,0.811,-0.01
8,30,0.56,0.637,-0.019
8,31,0.677,0.742,-0.014
8,32,0.609,0.682,-0.017
8,33,0.785,0.833,-0.009
8,34,0.932,0.949,0.003
8,35,0.724,0.782,0.012
8,36,0.819,0.86,-0.008
8,37,0.842,0.879,-0.007
8,38,0.741,0.796,0.011
8,39,0.99,0.992,-0.0
8,40,0.685,0.748,-0.013
8,41,0.918,0.938,-0.003
8,42,0.821,0.862,-0.008
8,43,0.967,0.975,-0.001
8,44,0.808,0.851,-0.008
8,45,0.947,0.96,-0.002
8,46,0.999,0.999,0.0
8,47,0.556,0.633,-0.02
8,48,0.719,0.778,-0.012
8,49,0.542,0.621,-0.02
8,50,0.937,0.953,-0.003
8,51,0.655,0.723,-0.015
8,52,0.772,0.822,-0.01
8,53,0.71,0.771,-0.013
8,54,0.832,0.871,-0.007
8,55,0.576,0.652,-0.019
8,56,0.948,0.961,-0.002
8,57,0.861,0.894,-0.006
8,58,0.937,0.953,0.003
8,59,0.886,0.913,-0.005
8,60,0.766,0.817,-0.01
8,61,0.814,0.857,0.008
8,62,0.919,0.939,-0.004
8,63,0.809,0.853,-0.008
8,64,0.977,0.983,0.001
8,65,0.73,0.787,-0.012
8,66,0.848,0.884,0.007
8,67,0.803,0.847,0.009
8,68,0.828,0.867,-0.008
8,69,0.967,0.975,-0.001
8,7,0.333,0.415,-0.034
8,70,0.755,0.808,0.011
8,71,0.931,0.948,0.003
8,72,0.763,0.815,-0.011
8,73,0.791,0.838,-0.009
8,74,0.902,0.926,0.004
8,75,0.958,0.968,-0.002
8,76,0.967,0.976,-0.001
8,77,0.858,0.891,0.006
8,78,0.939,0.954,-0.003
8,79,0.982,0.986,-0.001
8,8,0.456,0.539,-0.026
8,80,0.692,0.755,0.014
8,81,0.916,0.937,0.004
8,82,0.989,0.992,-0.001
8,83,0.717,0.776,0.013
8,84,0.947,0.96,0.002
8,85,0.948,0.962,0.002
8,86,0.885,0.913,0.005
8,87,0.723,0.781,0.013
8,88,0.978,0.983,-0.001
8,89,0.967,0.976,0.002
8,9,0.432,0.515,-0.027
8,90,0.752,0.805,0.012
8,91,0.59,0.665,0.02
8,92,0.789,0.836,0.01
8,93,0.906,0.929,0.004
8,94,0.978,0.984,-0.001
8,95,0.821,0.862,0.009
8,96,0.91,0.932,0.004
8,97,0.942,0.957,0.003
8,98,0.962,0.972,0.002
8,99,0.813,0.855,-0.009
80,10,0.422,0.506,-0.029
80,100,0.945,0.959,0.003
80,101,0.754,0.807,0.013
80,102,0.957,0.968,0.002
80,103,0.914,0.935,0.005
80,104,0.856,0.89,0.008
80,105,0.707,0.767,0.016
80,106,0.787,0.835,0.012
80,107,0.759,0.812,0.013
80,108,0.809,0.853,0.011
80,109,0.535,0.614,0.027
80,11,0.344,0.426,-0.034
80,110,0.721,0.78,0.016
80,111,0.805,0.849,0.011
80,112,0.906,0.929,0.005
80,113,0.67,0.736,0.019
80,114,0.683,0.747,0.018
80,115,0.622,0.694,0.022
80,116,0.648,0.717,0.021
80,117,0.748,0.802,0.015
80,118,0.861,0.894,0.008
80,119,0.854,0.889,0.008
80,12,0.59,0.664,-0.019
80,120,0.743,0.798,0.015
80,121,0.72,0.779,0.017
80,122,0.638,0.707,0.022
80,123,0.668,0.734,0.02
80,124,0.719,0.778,0.017
80,125,0.644,0.713,0.022
80,126,0.768,0.818,0.014
80,127,0.727,0.784,0.017
80,128,0.62,0.692,0.024
80,129,0.669,0.734,0.02
80,13,0.653,0.72,-0.016
80,130,0.737,0.793,0.016
80,131,0.724,0.782,0.017
80,132,0.875,0.905,0.008
80,133,0.953,0.965,0.003
80,134,0.804,0.848,0.012
80,135,0.881,0.91,0.007
80,136,0.877,0.907,0.007
80,137,0.865,0.897,0.008
80,138,0.87,0.901,-0.008
80,139,0.934,0.95,0.004
80,14,0.436,0.519,-0.028
80,140,0.889,0.916,0.006
80,141,0.95,0.962,0.003
80,142,0.95,0.963,-0.003
80,143,0.722,0.781,-0.016
80,144,0.832,0.871,-0.01
80,145,0.878,0.907,-0.007
80,146,0.715,0.775,-0.016
80,147,0.689,0.753,-0.018
80,148,0.732,0.789,-0.015
80,149,0.832,0.871,-0.009
80,15,0.802,0.847,-0.009
80,150,0.837,0.875,-0.009
80,151,0.783,0.831,-0.012
80,152,0.672,0.738,-0.019
80,153,0.758,0.811,-0.014
80,154,0.605,0.679,-0.023
80,155,0.712,0.772,-0.016
80,156,0.555,0.632,-0.026
80,157,0.721,0.779,-0.016
80,158,0.601,0.675,-0.023
80,159,0.599,0.673,-0.024
80,16,0.845,0.882,-0.007
80,160,0.544,0.623,-0.027
80,161,0.448,0.531,-0.034
80,162,0.612,0.684,-0.023
80,163,0.596,0.67,-0.024
80,164,0.588,0.663,-0.025
80,165,0.545,0.624,-0.028
80,166,0.556,0.634,-0.027
80,167,0.48,0.562,-0.032
80,168,0.527,0.607,-0.029
80,169,0.779,0.828,-0.013
80,17,0.811,0.854,-0.009
80,170,0.64,0.709,-0.022
80,171,0.635,0.705,-0.022
80,172,0.672,0.737,-0.02
80,173,0.641,0.71,-0.022
80,174,0.478,0.56,-0.033
80,175,0.625,0.696,-0.023
80,176,0.628,0.699,-0.023
80,177,0.701,0.763,-0.018
80,178,0.702,0.764,-0.018
80,179,0.54,0.619,-0.029
80,18,0.832,0.871,-0.008
80,180,0.394,0.477,-0.041
80,181,0.672,0.737,-0.02
80,182,0.614,0.686,-0.024
80,183,0.62,0.691,-0.024
80,184,0.698,0.76,-0.019
80,185,0.71,0.77,-0.018
80,186,0.571,0.647,-0.027
80,187,0.546,0.624,-0.029
80,188,0.646,0.715,-0.022
80,189,0.781,0.829,-0.013
80,19,0.915,0.936,-0.004
80,190,0.596,0.67,-0.025
80,191,0.429,0.512,-0.038
80,192,0.635,0.705,-0.023
80,193,0.844,0.881,-0.009
80,194,0.531,0.61,-0.03
80,195,0.722,0.78,-0.017
80,196,0.655,0.722,-0.021
80,197,0.832,0.871,-0.01
80,198,0.739,0.794,-0.016
80,199,0.801,0.846,-0.012
80,20,0.993,0.995,0.0
80,200,0.745,0.8,-0.015
80,201,0.872,0.903,-0.008
80,202,0.985,0.989,-0.001
80,203,0.725,0.782,-0.017
80,204,0.942,0.956,-0.003
80,205,0.955,0.967,-0.003
80,206,0.719,0.778,-0.017
80,207,0.636,0.706,-0.022
80,208,0.594,0.668,-0.025
80,209,0.499,0.581,-0.032
80,21,0.819,0.861,0.008
80,210,0.765,0.816,-0.014
80,211,0.855,0.89,-0.009
80,212,0.601,0.675,-0.025
80,213,0.875,0.905,-0.007
80,214,0.761,0.813,-0.014
80,215,0.63,0.701,-0.023
80,216,0.516,0.597,-0.031
80,217,0.498,0.579,-0.032
80,218,0.51,0.591,-0.031
80,219,0.495,0.576,-0.032
80,22,0.826,0.866,-0.008
80,220,0.547,0.625,-0.029
80,221,0.569,0.646,-0.027
80,222,0.447,0.53,-0.036
80,223,0.472,0.555,-0.035
80,224,0.363,0.446,-0.044
80,225,0.382,0.465,-0.043
80,226,0.378,0.461,-0.043
80,227,0.438,0.521,-0.038
80,228,0.366,0.448,-0.045
80,229,0.208,0.278,-0.063
80,23,0.711,0.771,0.013
80,230,0.229,0.302,-0.061
80,231,0.244,0.319,-0.059
80,232,0.155,0.217,-0.073
80,233,0.176,0.241,-0.07
80,234,0.137,0.195,-0.078
80,235,0.174,0.239,-0.072
80,236,0.19,0.257,-0.07
80,237,0.083,0.127,-0.094
80,238,0.1,0.149,-0.09
80,239,0.123,0.177,-0.086
80,24,0.868,0.9,0.006
80,240,0.124,0.18,-0.087
80,241,0.162,0.226,-0.08
80,242,0.082,0.126,-0.101
80,243,0.122,0.177,-0.091
80,244,0.122,0.176,-0.093
80,245,0.081,0.124,-0.106
80,246,0.098,0.146,-0.103
80,247,0.226,0.298,-0.076
80,248,0.188,0.256,-0.084
80,249,0.19,0.258,-0.085
80,25,0.773,0.823,0.01
80,250,0.231,0.304,-0.079
80,251,0.23,0.303,-0.08
80,26,0.776,0.825,0.01
80,27,0.93,0.947,0.003
80,28,0.746,0.801,0.012
80,29,0.702,0.764,0.014
80,30,0.652,0.72,0.017
80,31,0.586,0.661,0.02
80,32,0.455,0.538,0.028
80,33,0.692,0.755,0.015
80,34,0.604,0.677,0.02
80,35,0.59,0.665,0.02
80,36,0.653,0.721,0.017
80,37,0.669,0.735,0.016
80,38,0.548,0.626,0.023
80,39,0.473,0.555,0.028
80,40,0.391,0.474,0.033
80,41,0.605,0.679,0.02
80,42,0.416,0.499,0.032
80,43,0.454,0.537,0.029
80,44,0.509,0.59,0.026
80,45,0.532,0.611,0.025
80,46,0.491,0.573,0.027
80,47,0.274,0.352,0.044
80,48,0.255,0.331,0.046
80,49,0.328,0.41,0.04
80,50,0.578,0.654,0.023
80,51,0.701,0.762,0.016
80,52,0.519,0.599,0.027
80,53,0.313,0.393,0.042
80,54,0.491,0.573,0.029
80,55,0.518,0.598,0.027
80,56,0.539,0.618,0.026
80,57,0.564,0.641,0.024
80,58,0.468,0.551,0.031
80,59,0.391,0.474,0.036
80,6,0.611,0.684,-0.019
80,60,0.479,0.561,0.03
80,61,0.64,0.71,0.02
80,62,0.62,0.692,0.021
80,63,0.663,0.73,0.019
80,64,0.546,0.624,0.026
80,65,0.669,0.735,0.019
80,66,0.643,0.712,0.02
80,67,0.631,0.702,0.021
80,68,0.619,0.69,0.022
80,69,0.56,0.637,0.025
80,7,0.606,0.679,-0.019
80,70,0.611,0.683,0.022
80,71,0.637,0.707,0.021
80,72,0.924,0.943,0.004
80,73,0.915,0.936,0.005
80,74,0.79,0.837,0.012
80,75,0.855,0.89,0.008
80,76,0.914,0.935,-0.005
80,77,0.924,0.943,-0.004
80,78,0.956,0.967,-0.002
80,79,0.97,0.978,0.002
80,8,0.668,0.734,-0.016
80,80,0.927,0.946,-0.004
80,81,0.805,0.849,-0.011
80,82,0.725,0.783,-0.015
80,83,0.749,0.803,-0.014
80,84,0.792,0.839,-0.012
80,85,0.919,0.939,-0.004
80,86,0.899,0.924,-0.006
80,87,0.746,0.8,-0.014
80,88,0.929,0.947,-0.004
80,89,0.9,0.925,-0.005
80,9,0.694,0.757,-0.014
80,90,0.687,0.75,-0.018
80,91,0.972,0.98,-0.001
80,92,0.896,0.922,0.006
80,93,0.847,0.883,0.008
80,94,0.78,0.829,-0.012
80,95,0.781,0.83,-0.012
80,96,0.856,0.89,-0.008
80,97,0.992,0.994,0.0
80,98,0.845,0.881,0.008
80,99,0.977,0.983,-0.001
81,10,0.204,0.274,-0.047
81,100,0.896,0.921,-0.006
81,101,0.955,0.967,-0.002
81,102,0.854,0.889,-0.008
81,103,0.96,0.971,0.002
81,104,0.974,0.981,0.001
81,105,0.872,0.903,0.007
81,106,0.976,0.982,-0.001
81,107,0.846,0.882,0.008
81,108,0.611,0.684,0.022
81,109,0.801,0.846,0.011
81,11,0.262,0.339,-0.041
81,110,0.782,0.831,0.012
81,111,0.563,0.64,0.025
81,112,0.725,0.783,0.016
81,113,0.807,0.85,0.011
81,114,0.611,0.684,0.023
81,115,0.591,0.666,0.024
81,116,0.604,0.677,0.023
81,117,0.772,0.822,0.013
81,118,0.649,0.717,0.021
81,119,0.927,0.945,0.004
81,12,0.33,0.412,-0.036
81,120,1.0,1.0,-0.0
81,121,0.979,0.984,0.001
81,122,0.876,0.905,0.007
81,123,0.747,0.802,0.015
81,124,0.558,0.635,0.027
81,125,0.797,0.843,0.012
81,126,0.885,0.913,0.007
81,127,0.881,0.91,0.007
81,128,0.864,0.896,0.008
81,129,0.98,0.985,0.001
81,13,0.507,0.588,-0.024
81,130,0.937,0.953,-0.004
81,131,0.868,0.9,0.008
81,132,0.828,0.868,0.01
81,133,0.843,0.88,0.009
81,134,0.799,0.844,0.012
81,135,0.959,0.97,0.002
81,136,0.909,0.931,-0.005
81,137,0.89,0.916,-0.006
81,138,0.9,0.925,-0.006
81,139,0.915,0.936,-0.005
81,14,0.428,0.511,-0.029
81,140,0.966,0.975,-0.002
81,141,0.913,0.935,-0.005
81,142,0.859,0.893,-0.008
81,143,0.825,0.865,-0.01
81,144,0.738,0.794,-0.015
81,145,0.73,0.787,-0.016
81,146,0.727,0.785,-0.016
81,147,0.665,0.731,-0.019
81,148,0.693,0.755,-0.018
81,149,0.54,0.619,-0.027
81,15,0.481,0.563,-0.025
81,150,0.721,0.78,-0.016
81,151,0.686,0.75,-0.018
81,152,0.728,0.785,-0.015
81,153,0.624,0.695,-0.022
81,154,0.538,0.617,-0.027
81,155,0.461,0.543,-0.033
81,156,0.533,0.612,-0.028
81,157,0.467,0.55,-0.032
81,158,0.364,0.446,-0.041
81,159,0.416,0.499,-0.037
81,16,0.553,0.631,-0.021
81,160,0.531,0.611,-0.028
81,161,0.471,0.553,-0.033
81,162,0.347,0.429,-0.043
81,163,0.48,0.562,-0.032
81,164,0.437,0.52,-0.035
81,165,0.393,0.477,-0.039
81,166,0.472,0.554,-0.033
81,167,0.555,0.632,-0.027
81,168,0.575,0.651,-0.026
81,169,0.688,0.751,-0.019
81,17,0.683,0.747,-0.015
81,170,0.449,0.532,-0.035
81,171,0.375,0.458,-0.042
81,172,0.33,0.411,-0.046
81,173,0.374,0.456,-0.042
81,174,0.464,0.547,-0.035
81,175,0.645,0.714,-0.022
81,176,0.458,0.541,-0.035
81,177,0.525,0.605,-0.03
81,178,0.437,0.52,-0.037
81,179,0.44,0.523,-0.037
81,18,0.842,0.879,-0.007
81,180,0.481,0.563,-0.034
81,181,0.583,0.659,-0.026
81,182,0.551,0.629,-0.029
81,183,0.616,0.688,-0.024
81,184,0.883,0.911,-0.007
81,185,0.766,0.817,-0.014
81,186,0.556,0.634,-0.028
81,187,0.809,0.852,-0.012
81,188,0.634,0.704,-0.023
81,189,0.757,0.809,-0.015
81,19,0.995,0.997,0.0
81,190,0.675,0.74,-0.02
81,191,0.577,0.652,-0.027
81,192,0.721,0.779,-0.017
81,193,0.725,0.783,-0.017
81,194,0.932,0.949,-0.004
81,195,0.926,0.944,-0.004
81,196,0.912,0.933,0.005
81,197,0.957,0.968,-0.003
81,198,0.951,0.963,-0.003
81,199,0.899,0.924,0.006
81,20,0.805,0.849,-0.009
81,200,0.945,0.959,0.003
81,201,0.834,0.872,0.01
81,202,0.837,0.875,0.01
81,203,0.974,0.98,-0.002
81,204,0.903,0.927,-0.006
81,205,0.879,0.908,0.007
81,206,0.976,0.982,0.001
81,207,0.944,0.958,-0.003
81,208,0.849,0.885,-0.009
81,209,0.988,0.991,0.001
81,21,0.738,0.794,0.012
81,210,0.718,0.777,-0.017
81,211,0.77,0.821,-0.014
81,212,0.573,0.649,-0.027
81,213,0.63,0.701,-0.023
81,214,0.524,0.604,-0.03
81,215,0.665,0.732,-0.02
81,216,0.647,0.715,-0.022
81,217,0.626,0.697,-0.023
81,218,0.501,0.582,-0.032
81,219,0.544,0.623,-0.029
81,22,0.953,0.965,-0.002
81,220,0.605,0.678,-0.025
81,221,0.34,0.421,-0.045
81,222,0.402,0.486,-0.04
81,223,0.373,0.456,-0.043
81,224,0.278,0.356,-0.052
81,225,0.204,0.274,-0.062
81,226,0.384,0.467,-0.043
81,227,0.4,0.483,-0.041
81,228,0.344,0.426,-0.047
81,229,0.263,0.34,-0.056
81,23,0.8,0.845,0.009
81,230,0.288,0.367,-0.054
81,231,0.214,0.286,-0.063
81,232,0.159,0.221,-0.072
81,233,0.122,0.176,-0.08
81,234,0.121,0.175,-0.081
81,235,0.118,0.172,-0.083
81,236,0.073,0.113,-0.096
81,237,0.077,0.119,-0.096
81,238,0.107,0.158,-0.089
81,239,0.088,0.134,-0.095
81,24,0.748,0.802,0.012
81,240,0.04,0.068,-0.117
81,241,0.029,0.051,-0.126
81,242,0.043,0.072,-0.118
81,243,0.055,0.089,-0.114
81,244,0.04,0.068,-0.124
81,245,0.105,0.155,-0.099
81,246,0.121,0.176,-0.096
81,247,0.11,0.162,-0.101
81,248,0.22,0.292,-0.079
81,249,0.173,0.239,-0.089
81,25,0.942,0.957,0.003
81,250,0.13,0.186,-0.1
81,251,0.144,0.204,-0.098
81,26,0.954,0.966,-0.002
81,27,0.887,0.914,0.005
81,28,0.762,0.814,0.011
81,29,0.643,0.712,0.017
81,30,0.707,0.767,0.014
81,31,0.756,0.808,0.012
81,32,0.769,0.819,0.011
81,33,0.771,0.821,0.011
81,34,0.991,0.994,-0.0
81,35,0.74,0.796,0.012
81,36,0.579,0.655,0.021
81,37,0.856,0.89,0.007
81,38,0.919,0.939,0.004
81,39,0.659,0.726,0.017
81,40,0.704,0.765,0.015
81,41,0.593,0.667,0.021
81,42,0.647,0.715,0.018
81,43,0.866,0.898,0.007
81,44,0.702,0.763,0.015
81,45,0.568,0.644,0.023
81,46,0.662,0.729,0.017
81,47,0.601,0.674,0.021
81,48,0.533,0.612,0.025
81,49,0.682,0.746,0.017
81,50,0.856,0.89,0.007
81,51,0.852,0.887,0.008
81,52,0.816,0.858,0.01
81,53,0.615,0.687,0.021
81,54,0.604,0.677,0.021
81,55,0.675,0.74,0.017
81,56,0.585,0.66,0.023
81,57,0.604,0.677,0.022
81,58,0.805,0.849,0.01
81,59,0.855,0.889,0.008
81,6,0.204,0.275,-0.048
81,60,0.986,0.989,-0.001
81,61,0.942,0.957,0.003
81,62,0.84,0.878,0.009
81,63,0.972,0.98,0.001
81,64,0.995,0.996,0.0
81,65,0.791,0.838,0.011
81,66,0.986,0.99,-0.001
81,67,0.906,0.929,0.005
81,68,0.888,0.915,0.006
81,69,0.993,0.995,0.0
81,7,0.305,0.385,-0.039
81,70,0.917,0.938,-0.005
81,71,0.87,0.901,0.007
81,72,0.813,0.855,0.01
81,73,0.921,0.94,0.004
81,74,0.91,0.932,0.005
81,75,0.821,0.862,-0.01
81,76,0.866,0.898,-0.008
81,77,0.753,0.807,-0.014
81,78,0.87,0.901,-0.007
81,79,0.711,0.771,-0.016
81,8,0.205,0.275,-0.048
81,80,0.81,0.853,-0.011
81,81,0.655,0.722,-0.02
81,82,0.584,0.659,-0.024
81,83,0.896,0.922,-0.006
81,84,0.769,0.82,-0.013
81,85,0.946,0.96,-0.003
81,86,0.708,0.768,-0.017
81,87,0.512,0.592,-0.029
81,88,0.57,0.647,-0.025
81,89,0.524,0.604,-0.028
81,9,0.206,0.276,-0.047
81,90,0.645,0.714,-0.02
81,91,0.637,0.707,-0.021
81,92,0.736,0.792,-0.015
81,93,0.744,0.799,-0.014
81,94,0.72,0.778,-0.016
81,95,0.585,0.66,-0.024
81,96,0.892,0.918,-0.006
81,97,0.929,0.947,-0.004
81,98,0.929,0.947,-0.004
81,99,0.669,0.735,-0.018
82,10,0.152,0.213,-0.052
82,100,0.999,1.0,0.0
82,101,0.598,0.672,-0.023
82,102,0.723,0.781,-0.015
82,103,0.892,0.918,-0.006
82,104,0.85,0.886,-0.008
82,105,0.758,0.811,-0.013
82,106,0.895,0.921,-0.006
82,107,0.947,0.961,-0.003
82,108,0.946,0.96,0.003
82,109,0.877,0.907,0.007
82,11,0.243,0.318,-0.042
82,110,0.855,0.889,0.008
82,111,0.955,0.966,-0.003
82,112,0.804,0.848,0.011
82,113,0.824,0.864,0.01
82,114,0.684,0.748,0.018
82,115,0.648,0.716,0.02
82,116,0.636,0.706,0.021
82,117,0.638,0.708,0.021
82,118,0.596,0.67,0.024
82,119,0.672,0.738,0.019
82,12,0.251,0.326,-0.041
82,120,0.703,0.764,0.017
82,121,0.834,0.873,0.01
82,122,0.668,0.734,0.02
82,123,0.559,0.636,0.027
82,124,0.707,0.768,0.017
82,125,0.766,0.817,0.014
82,126,0.769,0.82,0.014
82,127,0.852,0.887,0.009
82,128,0.778,0.827,0.013
82,129,0.966,0.975,0.002
82,13,0.221,0.293,-0.044
82,130,0.906,0.929,0.006
82,131,0.892,0.919,0.006
82,132,0.857,0.891,0.008
82,133,0.814,0.856,0.011
82,134,0.918,0.939,0.005
82,135,0.753,0.807,-0.015
82,136,0.79,0.837,-0.012
82,137,0.758,0.811,-0.014
82,138,0.676,0.741,-0.019
82,139,0.717,0.776,-0.017
82,14,0.197,0.266,-0.046
82,140,0.881,0.91,-0.007
82,141,0.664,0.73,-0.02
82,142,0.622,0.693,-0.022
82,143,0.624,0.696,-0.022
82,144,0.503,0.584,-0.03
82,145,0.296,0.376,-0.047
82,146,0.27,0.347,-0.05
82,147,0.331,0.413,-0.044
82,148,0.519,0.599,-0.029
82,149,0.632,0.702,-0.021
82,15,0.274,0.352,-0.039
82,150,0.554,0.632,-0.027
82,151,0.355,0.437,-0.042
82,152,0.404,0.487,-0.038
82,153,0.341,0.423,-0.043
82,154,0.273,0.351,-0.049
82,155,0.305,0.385,-0.046
82,156,0.309,0.389,-0.046
82,157,0.292,0.371,-0.047
82,158,0.279,0.357,-0.049
82,159,0.333,0.415,-0.044
82,16,0.385,0.468,-0.031
82,160,0.311,0.391,-0.046
82,161,0.343,0.425,-0.043
82,162,0.361,0.443,-0.042
82,163,0.369,0.452,-0.041
82,164,0.351,0.433,-0.043
82,165,0.481,0.563,-0.033
82,166,0.475,0.557,-0.033
82,167,0.528,0.607,-0.03
82,168,0.365,0.448,-0.042
82,169,0.676,0.741,-0.02
82,17,0.433,0.516,-0.028
82,170,0.538,0.617,-0.029
82,171,0.442,0.525,-0.036
82,172,0.485,0.567,-0.033
82,173,0.309,0.39,-0.048
82,174,0.448,0.531,-0.036
82,175,0.603,0.676,-0.025
82,176,0.431,0.514,-0.038
82,177,0.407,0.491,-0.04
82,178,0.694,0.756,-0.019
82,179,0.619,0.691,-0.024
82,18,0.665,0.731,-0.015
82,180,0.487,0.569,-0.034
82,181,0.677,0.742,-0.02
82,182,0.653,0.721,-0.022
82,183,0.547,0.625,-0.029
82,184,0.582,0.658,-0.027
82,185,0.814,0.856,-0.011
82,186,0.661,0.728,-0.021
82,187,0.631,0.701,-0.023
82,188,0.661,0.727,-0.021
82,189,0.765,0.816,-0.014
82,19,0.528,0.608,-0.023
82,190,0.681,0.745,-0.02
82,191,0.852,0.887,-0.009
82,192,0.71,0.77,-0.018
82,193,0.855,0.89,-0.009
82,194,0.995,0.996,-0.0
82,195,0.965,0.974,0.002
82,196,0.884,0.912,0.007
82,197,0.84,0.878,0.01
82,198,0.931,0.949,0.004
82,199,0.857,0.891,-0.009
82,20,0.422,0.505,-0.029
82,200,0.912,0.934,-0.005
82,201,0.714,0.774,-0.017
82,202,0.75,0.804,-0.015
82,203,0.813,0.856,-0.011
82,204,0.919,0.939,0.005
82,205,0.893,0.919,0.006
82,206,0.902,0.926,-0.006
82,207,0.898,0.923,-0.006
82,208,0.923,0.942,-0.005
82,209,0.806,0.85,-0.012
82,21,0.504,0.585,-0.024
82,210,0.857,0.891,-0.008
82,211,0.704,0.765,-0.018
82,212,0.869,0.9,-0.008
82,213,0.667,0.733,-0.02
82,214,0.618,0.69,-0.024
82,215,0.697,0.759,-0.018
82,216,0.465,0.548,-0.034
82,217,0.525,0.605,-0.03
82,218,0.289,0.368,-0.05
82,219,0.357,0.439,-0.044
82,22,0.957,0.968,-0.002
82,220,0.322,0.403,-0.047
82,221,0.341,0.423,-0.046
82,222,0.3,0.38,-0.05
82,223,0.351,0.433,-0.045
82,224,0.361,0.443,-0.044
82,225,0.23,0.303,-0.059
82,226,0.301,0.381,-0.051
82,227,0.28,0.358,-0.054
82,228,0.286,0.365,-0.054
82,229,0.305,0.386,-0.052
82,23,0.694,0.756,-0.014
82,230,0.217,0.289,-0.063
82,231,0.167,0.231,-0.071
82,232,0.197,0.266,-0.067
82,233,0.27,0.348,-0.058
82,234,0.229,0.302,-0.064
82,235,0.259,0.335,-0.061
82,236,0.202,0.272,-0.069
82,237,0.141,0.2,-0.081
82,238,0.219,0.291,-0.069
82,239,0.096,0.144,-0.094
82,24,0.478,0.56,-0.026
82,240,0.128,0.184,-0.087
82,241,0.141,0.2,-0.086
82,242,0.146,0.206,-0.086
82,243,0.154,0.215,-0.086
82,244,0.185,0.253,-0.081
82,245,0.105,0.156,-0.1
82,246,0.137,0.195,-0.093
82,247,0.144,0.204,-0.093
82,248,0.159,0.221,-0.091
82,249,0.123,0.178,-0.101
82,25,0.822,0.863,-0.008
82,250,0.175,0.241,-0.09
82,251,0.113,0.166,-0.107
82,26,0.855,0.889,-0.007
82,27,0.709,0.769,-0.014
82,28,0.995,0.996,0.0
82,29,0.822,0.863,-0.008
82,30,0.833,0.872,-0.008
82,31,0.989,0.992,-0.001
82,32,0.683,0.747,0.015
82,33,0.691,0.754,0.015
82,34,0.886,0.913,0.005
82,35,0.81,0.853,0.009
82,36,0.966,0.975,-0.002
82,37,0.68,0.744,0.016
82,38,0.656,0.724,0.017
82,39,0.779,0.828,0.011
82,40,0.804,0.849,0.009
82,41,0.82,0.862,0.009
82,42,0.981,0.986,0.001
82,43,0.871,0.902,0.006
82,44,0.738,0.794,0.013
82,45,0.798,0.843,0.01
82,46,0.913,0.934,0.004
82,47,0.92,0.94,-0.004
82,48,0.959,0.97,0.002
82,49,0.721,0.78,0.014
82,50,0.784,0.832,0.011
82,51,0.721,0.78,0.014
82,52,0.763,0.814,0.012
82,53,0.734,0.791,0.014
82,54,0.832,0.871,0.009
82,55,0.948,0.962,0.003
82,56,0.757,0.81,0.013
82,57,0.712,0.772,0.015
82,58,0.712,0.772,0.016
82,59,0.768,0.819,0.013
82,6,0.175,0.241,-0.051
82,60,0.922,0.942,-0.004
82,61,0.971,0.979,0.002
82,62,0.715,0.774,0.016
82,63,0.89,0.917,0.006
82,64,0.978,0.984,-0.001
82,65,0.962,0.972,0.002
82,66,0.992,0.994,0.0
82,67,0.921,0.941,0.004
82,68,0.97,0.978,-0.002
82,69,0.945,0.959,0.003
82,7,0.243,0.318,-0.044
82,70,0.968,0.976,-0.002
82,71,0.965,0.974,-0.002
82,72,0.978,0.984,0.001
82,73,0.976,0.982,0.001
82,74,0.887,0.915,0.006
82,75,0.973,0.98,-0.001
82,76,0.909,0.932,-0.005
82,77,0.973,0.98,0.002
82,78,0.798,0.843,0.011
82,79,0.881,0.91,-0.007
82,8,0.208,0.279,-0.047
82,80,0.84,0.877,-0.009
82,81,0.772,0.822,-0.013
82,82,0.96,0.97,-0.002
82,83,0.812,0.854,-0.011
82,84,0.691,0.754,-0.018
82,85,0.827,0.867,-0.01
82,86,0.714,0.773,-0.016
82,87,0.84,0.877,-0.009
82,88,0.803,0.847,-0.011
82,89,0.858,0.891,-0.008
82,9,0.145,0.205,-0.054
82,90,0.67,0.735,-0.019
82,91,0.551,0.629,-0.026
82,92,0.731,0.788,-0.015
82,93,0.89,0.917,-0.006
82,94,0.567,0.644,-0.025
82,95,0.687,0.751,-0.018
82,96,0.793,0.84,-0.011
82,97,0.682,0.746,-0.018
82,98,0.893,0.919,-0.006
82,99,0.995,0.996,-0.0
83,10,0.231,0.304,-0.044
83,100,0.68,0.745,-0.018
83,101,0.73,0.787,-0.015
83,102,0.628,0.699,-0.021
83,103,0.948,0.961,-0.003
83,104,0.986,0.99,0.001
83,105,0.928,0.946,0.004
83,106,0.9,0.924,-0.006
83,107,0.958,0.969,-0.002
83,108,0.881,0.91,0.007
83,109,0.98,0.985,-0.001
83,11,0.362,0.444,-0.033
83,110,0.889,0.916,-0.006
83,111,0.906,0.929,-0.005
83,112,0.942,0.957,0.003
83,113,0.991,0.994,0.0
83,114,0.854,0.888,0.008
83,115,0.901,0.925,0.006
83,116,0.946,0.96,0.003
83,117,0.829,0.868,0.01
83,118,0.852,0.887,0.008
83,119,0.93,0.948,0.004
83,12,0.462,0.545,-0.027
83,120,0.948,0.961,0.003
83,121,0.987,0.99,-0.001
83,122,0.98,0.985,-0.001
83,123,0.971,0.978,-0.002
83,124,0.929,0.947,-0.004
83,125,0.979,0.984,0.001
83,126,0.887,0.914,-0.007
83,127,0.941,0.956,0.003
83,128,0.918,0.938,0.005
83,129,0.91,0.933,-0.005
83,13,0.323,0.404,-0.035
83,130,0.706,0.767,-0.017
83,131,0.824,0.865,-0.01
83,132,0.852,0.887,-0.009
83,133,0.854,0.889,-0.008
83,134,0.876,0.906,-0.007
83,135,0.77,0.82,-0.013
83,136,0.721,0.779,-0.016
83,137,0.741,0.796,-0.015
83,138,0.692,0.755,-0.018
83,139,0.581,0.657,-0.025
83,14,0.394,0.477,-0.03
83,140,0.61,0.682,-0.023
83,141,0.612,0.684,-0.023
83,142,0.508,0.589,-0.03
83,143,0.449,0.532,-0.034
83,144,0.372,0.455,-0.04
83,145,0.285,0.364,-0.048
83,146,0.313,0.394,-0.046
83,147,0.419,0.503,-0.036
83,148,0.3,0.379,-0.047
83,149,0.382,0.465,-0.04
83,15,0.423,0.506,-0.029
83,150,0.437,0.52,-0.035
83,151,0.467,0.55,-0.033
83,152,0.471,0.553,-0.033
83,153,0.584,0.659,-0.025
83,154,0.501,0.582,-0.031
83,155,0.409,0.492,-0.038
83,156,0.508,0.588,-0.03
83,157,0.491,0.573,-0.031
83,158,0.544,0.622,-0.028
83,159,0.52,0.6,-0.03
83,16,0.477,0.559,-0.025
83,160,0.355,0.438,-0.043
83,161,0.532,0.611,-0.029
83,162,0.453,0.536,-0.035
83,163,0.5,0.581,-0.031
83,164,0.527,0.607,-0.03
83,165,0.652,0.72,-0.021
83,166,0.713,0.772,-0.017
83,167,0.685,0.749,-0.019
83,168,0.661,0.728,-0.021
83,169,0.574,0.65,-0.027
83,17,0.839,0.876,-0.007
83,170,0.828,0.868,-0.01
83,171,0.84,0.878,-0.01
83,172,0.636,0.706,-0.023
83,173,0.709,0.769,-0.018
83,174,0.589,0.664,-0.026
83,175,0.691,0.754,-0.019
83,176,0.75,0.804,-0.015
83,177,0.763,0.815,-0.015
83,178,0.942,0.957,-0.004
83,179,0.974,0.981,0.002
83,18,0.659,0.726,-0.016
83,180,0.699,0.761,-0.019
83,181,0.663,0.73,-0.021
83,182,0.655,0.722,-0.022
83,183,0.622,0.694,-0.024
83,184,0.772,0.822,-0.014
83,185,0.96,0.97,-0.002
83,186,0.722,0.781,-0.017
83,187,0.905,0.928,-0.006
83,188,0.979,0.984,0.001
83,189,0.866,0.898,-0.008
83,19,0.734,0.79,-0.012
83,190,0.778,0.827,-0.014
83,191,0.901,0.925,-0.006
83,192,0.753,0.807,-0.015
83,193,0.99,0.992,0.001
83,194,0.941,0.956,0.004
83,195,0.975,0.981,-0.002
83,196,0.987,0.991,-0.001
83,197,0.963,0.972,0.002
83,198,0.982,0.986,0.001
83,199,0.911,0.933,0.005
83,20,0.694,0.757,-0.014
83,200,0.956,0.967,0.003
83,201,0.987,0.99,0.001
83,202,0.944,0.958,-0.003
83,203,0.931,0.948,-0.004
83,204,0.956,0.967,-0.003
83,205,0.977,0.983,-0.001
83,206,0.93,0.948,0.004
83,207,0.986,0.99,-0.001
83,208,0.936,0.952,-0.004
83,209,0.918,0.938,0.005
83,21,0.838,0.876,-0.007
83,210,0.895,0.92,0.006
83,211,0.768,0.819,-0.014
83,212,0.738,0.794,-0.016
83,213,0.799,0.844,-0.012
83,214,0.851,0.886,-0.009
83,215,0.895,0.92,-0.006
83,216,0.826,0.866,-0.01
83,217,0.695,0.757,-0.019
83,218,0.801,0.846,-0.012
83,219,0.768,0.818,-0.014
83,22,0.962,0.971,-0.002
83,220,0.556,0.633,-0.028
83,221,0.511,0.591,-0.032
83,222,0.432,0.515,-0.038
83,223,0.354,0.437,-0.045
83,224,0.372,0.455,-0.044
83,225,0.301,0.381,-0.051
83,226,0.189,0.256,-0.065
83,227,0.17,0.235,-0.068
83,228,0.262,0.339,-0.056
83,229,0.136,0.194,-0.076
83,23,0.914,0.935,-0.004
83,230,0.293,0.373,-0.054
83,231,0.198,0.267,-0.067
83,232,0.13,0.186,-0.079
83,233,0.207,0.278,-0.067
83,234,0.237,0.311,-0.063
83,235,0.145,0.205,-0.079
83,236,0.183,0.25,-0.073
83,237,0.107,0.157,-0.09
83,238,0.12,0.174,-0.087
83,239,0.106,0.157,-0.092
83,24,0.932,0.949,0.003
83,240,0.145,0.205,-0.084
83,241,0.171,0.236,-0.08
83,242,0.153,0.214,-0.085
83,243,0.125,0.181,-0.093
83,244,0.191,0.26,-0.08
83,245,0.129,0.185,-0.095
83,246,0.14,0.198,-0.094
83,247,0.098,0.147,-0.107
83,248,0.156,0.218,-0.093
83,249,0.135,0.193,-0.099
83,25,0.845,0.882,-0.007
83,250,0.147,0.208,-0.098
83,251,0.173,0.238,-0.093
83,26,0.911,0.933,0.004
83,27,0.988,0.991,0.001
83,28,0.704,0.765,0.014
83,29,0.768,0.819,0.011
83,30,0.677,0.742,0.015
83,31,0.709,0.769,0.014
83,32,0.932,0.949,0.003
83,33,0.847,0.883,0.007
83,34,0.82,0.861,0.009
83,35,0.861,0.894,0.007
83,36,0.693,0.755,0.015
83,37,0.738,0.793,0.013
83,38,0.781,0.829,0.011
83,39,0.633,0.703,0.018
83,40,0.846,0.882,0.007
83,41,0.947,0.96,0.003
83,42,0.651,0.719,0.017
83,43,0.908,0.931,0.004
83,44,0.839,0.877,-0.008
83,45,0.817,0.859,0.009
83,46,0.778,0.827,0.011
83,47,0.937,0.953,0.003
83,48,0.824,0.864,-0.009
83,49,0.926,0.944,0.004
83,50,1.0,1.0,-0.0
83,51,0.907,0.93,0.005
83,52,0.869,0.9,0.007
83,53,0.619,0.691,0.02
83,54,0.432,0.515,0.032
83,55,0.589,0.664,0.022
83,56,0.552,0.63,0.025
83,57,0.596,0.67,0.022
83,58,0.689,0.752,0.017
83,59,0.815,0.857,0.01
83,6,0.071,0.111,-0.068
83,60,0.966,0.975,0.002
83,61,0.928,0.946,-0.004
83,62,0.89,0.916,0.006
83,63,0.991,0.993,-0.0
83,64,0.967,0.975,0.002
83,65,0.921,0.94,0.004
83,66,0.867,0.899,0.007
83,67,0.768,0.819,0.013
83,68,0.846,0.882,0.008
83,69,0.944,0.958,0.003
83,7,0.183,0.25,-0.05
83,70,0.995,0.996,0.0
83,71,0.987,0.99,0.001
83,72,0.811,0.854,0.011
83,73,0.673,0.738,0.019
83,74,0.864,0.896,0.008
83,75,0.869,0.9,-0.007
83,76,0.787,0.834,-0.012
83,77,0.959,0.97,-0.002
83,78,0.745,0.8,0.015
83,79,0.96,0.97,0.002
83,8,0.373,0.456,-0.033
83,80,0.776,0.826,-0.013
83,81,0.821,0.862,-0.01
83,82,0.976,0.983,-0.001
83,83,0.913,0.935,-0.005
83,84,0.975,0.981,0.001
83,85,0.694,0.757,-0.018
83,86,0.718,0.777,-0.016
83,87,0.79,0.837,-0.012
83,88,0.773,0.823,-0.013
83,89,0.712,0.772,-0.016
83,9,0.263,0.34,-0.041
83,90,0.676,0.741,-0.019
83,91,0.626,0.697,-0.022
83,92,0.783,0.831,-0.012
83,93,0.676,0.741,-0.018
83,94,0.807,0.851,-0.011
83,95,0.788,0.835,-0.012
83,96,0.71,0.771,-0.016
83,97,0.57,0.647,-0.025
83,98,0.682,0.746,-0.018
83,99,0.656,0.723,-0.02
84,10,0.55,0.628,-0.022
84,100,0.807,0.851,-0.011
84,101,0.818,0.859,-0.01
84,102,0.918,0.938,-0.005
84,103,0.932,0.949,0.004
84,104,0.909,0.931,-0.005
84,105,0.964,0.973,-0.002
84,106,0.902,0.926,-0.005
84,107,0.756,0.809,-0.014
84,108,0.801,0.846,-0.011
84,109,0.962,0.972,-0.002
84,11,0.512,0.592,-0.024
84,110,0.89,0.917,-0.006
84,111,0.944,0.958,-0.003
84,112,0.981,0.986,-0.001
84,113,0.92,0.94,0.004
84,114,0.969,0.977,0.002
84,115,0.956,0.967,0.002
84,116,0.997,0.998,-0.0
84,117,0.994,0.996,0.0
84,118,0.925,0.944,0.004
84,119,0.731,0.788,0.016
84,12,0.521,0.601,-0.023
84,120,0.583,0.658,0.025
84,121,0.73,0.787,0.016
84,122,0.979,0.985,0.001
84,123,0.864,0.897,0.008
84,124,0.703,0.764,0.017
84,125,0.733,0.79,0.016
84,126,0.994,0.996,-0.0
84,127,0.953,0.965,0.003
84,128,0.919,0.939,0.005
84,129,0.932,0.949,0.004
84,13,0.756,0.809,-0.011
84,130,0.848,0.884,-0.009
84,131,0.865,0.897,-0.008
84,132,0.779,0.828,-0.013
84,133,0.898,0.923,-0.006
84,134,0.898,0.923,-0.006
84,135,0.936,0.952,0.004
84,136,0.921,0.941,-0.005
84,137,0.803,0.847,-0.011
84,138,0.686,0.75,-0.019
84,139,0.905,0.929,-0.005
84,14,0.858,0.892,-0.006
84,140,0.871,0.902,-0.007
84,141,0.947,0.961,-0.003
84,142,0.817,0.859,-0.011
84,143,0.766,0.817,-0.014
84,144,0.832,0.871,-0.01
84,145,0.625,0.696,-0.022
84,146,0.47,0.552,-0.033
84,147,0.551,0.629,-0.027
84,148,0.548,0.626,-0.027
84,149,0.478,0.56,-0.032
84,15,0.823,0.864,-0.008
84,150,0.512,0.593,-0.03
84,151,0.481,0.563,-0.032
84,152,0.505,0.586,-0.03
84,153,0.38,0.463,-0.04
84,154,0.581,0.656,-0.025
84,155,0.415,0.499,-0.037
84,156,0.55,0.628,-0.027
84,157,0.357,0.44,-0.043
84,158,0.319,0.4,-0.046
84,159,0.441,0.524,-0.036
84,16,0.675,0.74,-0.015
84,160,0.36,0.442,-0.043
84,161,0.353,0.435,-0.044
84,162,0.433,0.516,-0.037
84,163,0.513,0.593,-0.031
84,164,0.39,0.473,-0.041
84,165,0.29,0.369,-0.05
84,166,0.278,0.356,-0.052
84,167,0.348,0.431,-0.045
84,168,0.353,0.435,-0.044
84,169,0.372,0.455,-0.043
84,17,0.64,0.709,-0.017
84,170,0.475,0.557,-0.034
84,171,0.501,0.582,-0.032
84,172,0.476,0.558,-0.034
84,173,0.392,0.475,-0.041
84,174,0.422,0.505,-0.039
84,175,0.551,0.629,-0.029
84,176,0.597,0.671,-0.026
84,177,0.586,0.661,-0.027
84,178,0.477,0.559,-0.035
84,179,0.458,0.54,-0.036
84,18,0.537,0.616,-0.022
84,180,0.608,0.681,-0.025
84,181,0.554,0.632,-0.029
84,182,0.56,0.637,-0.028
84,183,0.566,0.643,-0.028
84,184,0.594,0.668,-0.026
84,185,0.677,0.742,-0.02
84,186,0.81,0.853,-0.012
84,187,0.818,0.859,-0.011
84,188,0.921,0.94,-0.005
84,189,0.835,0.874,-0.01
84,19,0.749,0.803,-0.011
84,190,0.85,0.885,-0.009
84,191,0.947,0.961,0.003
84,192,0.998,0.999,-0.0
84,193,0.863,0.896,-0.008
84,194,0.613,0.685,-0.024
84,195,0.663,0.729,-0.021
84,196,0.829,0.869,-0.01
84,197,0.956,0.967,-0.003
84,198,0.958,0.969,0.003
84,199,0.952,0.965,-0.003
84,20,0.452,0.534,-0.027
84,200,0.888,0.915,-0.007
84,201,0.702,0.763,-0.018
84,202,0.763,0.815,-0.014
84,203,0.728,0.785,-0.016
84,204,0.715,0.775,-0.017
84,205,0.694,0.757,-0.019
84,206,0.804,0.848,-0.012
84,207,0.706,0.766,-0.018
84,208,0.657,0.724,-0.021
84,209,0.555,0.633,-0.028
84,21,0.804,0.849,-0.009
84,210,0.578,0.654,-0.026
84,211,0.429,0.512,-0.037
84,212,0.481,0.563,-0.033
84,213,0.553,0.631,-0.028
84,214,0.447,0.529,-0.036
84,215,0.346,0.428,-0.045
84,216,0.425,0.508,-0.038
84,217,0.316,0.396,-0.048
84,218,0.187,0.254,-0.063
84,219,0.132,0.189,-0.072
84,22,0.97,0.978,0.001
84,220,0.139,0.198,-0.071
84,221,0.135,0.193,-0.072
84,222,0.157,0.219,-0.069
84,223,0.131,0.187,-0.074
84,224,0.079,0.122,-0.086
84,225,0.123,0.178,-0.076
84,226,0.135,0.192,-0.075
84,227,0.125,0.181,-0.077
84,228,0.067,0.106,-0.093
84,229,0.082,0.125,-0.089
84,23,0.694,0.757,-0.014
84,230,0.055,0.09,-0.099
84,231,0.08,0.124,-0.091
84,232,0.064,0.102,-0.097
84,233,0.09,0.136,-0.09
84,234,0.116,0.169,-0.085
84,235,0.142,0.201,-0.08
84,236,0.072,0.113,-0.099
84,237,0.075,0.117,-0.099
84,238,0.102,0.151,-0.093
84,239,0.092,0.139,-0.097
84,24,0.445,0.528,-0.027
84,240,0.171,0.236,-0.08
84,241,0.115,0.168,-0.093
84,242,0.09,0.136,-0.102
84,243,0.107,0.157,-0.099
84,244,0.155,0.217,-0.088
84,245,0.163,0.226,-0.088
84,246,0.127,0.182,-0.098
84,247,0.107,0.158,-0.105
84,248,0.099,0.148,-0.109
84,249,0.162,0.225,-0.093
84,25,0.536,0.615,-0.022
84,250,0.123,0.177,-0.104
84,251,0.127,0.183,-0.104
84,26,0.753,0.807,-0.011
84,27,0.63,0.701,-0.017
84,28,0.634,0.704,-0.017
84,29,0.796,0.842,-0.009
84,30,0.646,0.715,-0.017
84,31,0.636,0.706,-0.017
84,32,0.734,0.791,-0.012
84,33,0.767,0.818,-0.011
84,34,0.778,0.827,-0.01
84,35,0.819,0.861,0.009
84,36,0.822,0.863,-0.008
84,37,0.813,0.855,0.009
84,38,0.875,0.905,-0.006
84,39,0.889,0.916,-0.005
84,40,0.767,0.818,0.011
84,41,0.849,0.885,0.007
84,42,0.756,0.809,0.012
84,43,0.867,0.899,0.006
84,44,0.848,0.884,0.007
84,45,0.737,0.793,0.013
84,46,0.599,0.672,0.021
84,47,0.602,0.675,0.021
84,48,0.746,0.8,0.013
84,49,0.711,0.771,0.015
84,50,0.993,0.995,0.0
84,51,0.874,0.904,0.006
84,52,0.757,0.81,0.013
84,53,0.681,0.745,0.017
84,54,0.913,0.934,0.004
84,55,0.748,0.802,0.013
84,56,0.844,0.88,0.008
84,57,0.952,0.964,0.003
84,58,0.868,0.899,-0.007
84,59,0.963,0.973,-0.002
84,60,0.895,0.921,-0.006
84,61,0.929,0.946,0.004
84,62,0.981,0.986,0.001
84,63,0.825,0.866,-0.009
84,64,0.972,0.979,0.002
84,65,0.925,0.944,0.004
84,66,0.873,0.904,-0.007
84,67,0.691,0.753,-0.017
84,68,0.853,0.888,-0.008
84,69,0.963,0.973,-0.002
84,7,0.215,0.287,-0.046
84,70,0.93,0.947,0.004
84,71,0.866,0.898,-0.007
84,72,0.97,0.977,-0.002
84,73,0.969,0.977,-0.002
84,74,0.817,0.859,-0.01
84,75,0.724,0.782,-0.016
84,76,0.811,0.854,-0.011
84,77,0.941,0.956,-0.003
84,78,0.814,0.857,-0.011
84,79,0.911,0.933,-0.005
84,8,0.138,0.196,-0.055
84,80,0.927,0.945,-0.004
84,81,0.92,0.94,-0.004
84,82,0.564,0.641,-0.026
84,83,0.738,0.793,-0.015
84,84,0.737,0.793,-0.015
84,85,0.978,0.984,-0.001
84,86,0.885,0.913,-0.006
84,87,0.715,0.774,-0.016
84,88,0.814,0.857,-0.01
84,89,0.749,0.803,-0.014
84,9,0.317,0.398,-0.037
84,90,0.684,0.748,-0.018
84,91,0.532,0.612,-0.028
84,92,0.595,0.669,-0.024
84,93,0.986,0.99,0.001
84,94,0.802,0.847,-0.011
84,95,0.689,0.752,-0.018
84,96,0.681,0.745,-0.018
84,97,0.861,0.894,-0.008
84,98,0.559,0.637,-0.026
84,99,0.786,0.834,-0.012
85,10,0.862,0.894,0.006
85,100,0.726,0.784,-0.016
85,101,0.686,0.75,-0.018
85,102,0.715,0.774,-0.016
85,103,0.758,0.81,-0.014
85,104,0.885,0.913,-0.006
85,105,0.881,0.91,-0.007
85,106,0.932,0.949,-0.004
85,107,0.895,0.921,-0.006
85,108,0.992,0.994,-0.0
85,109,0.944,0.958,0.003
85,11,0.973,0.98,0.001
85,110,0.926,0.944,-0.004
85,111,0.921,0.941,-0.004
85,112,0.968,0.976,-0.002
85,113,0.844,0.881,0.009
85,114,0.964,0.973,0.002
85,115,0.963,0.972,-0.002
85,116,0.986,0.989,0.001
85,117,0.689,0.752,0.018
85,118,0.966,0.975,0.002
85,119,0.891,0.917,-0.006
85,12,0.685,0.749,-0.015
85,120,0.969,0.977,-0.002
85,121,0.851,0.886,-0.009
85,122,0.884,0.912,0.007
85,123,0.947,0.961,-0.003
85,124,0.887,0.914,-0.006
85,125,0.978,0.984,-0.001
85,126,0.774,0.824,-0.013
85,127,0.928,0.946,-0.004
85,128,0.85,0.885,-0.009
85,129,0.787,0.834,-0.012
85,13,0.99,0.992,-0.0
85,130,0.772,0.822,-0.013
85,131,0.796,0.842,-0.012
85,132,0.649,0.717,-0.021
85,133,0.53,0.61,-0.029
85,134,0.566,0.643,-0.026
85,135,0.397,0.48,-0.039
85,136,0.483,0.565,-0.032
85,137,0.459,0.542,-0.034
85,138,0.413,0.496,-0.038
85,139,0.459,0.541,-0.034
85,14,0.959,0.969,-0.002
85,140,0.567,0.643,-0.026
85,141,0.485,0.567,-0.032
85,142,0.32,0.401,-0.045
85,143,0.51,0.591,-0.03
85,144,0.364,0.447,-0.042
85,145,0.56,0.637,-0.027
85,146,0.479,0.561,-0.032
85,147,0.491,0.573,-0.032
85,148,0.4,0.483,-0.039
85,149,0.389,0.472,-0.04
85,15,0.708,0.768,-0.013
85,150,0.444,0.527,-0.035
85,151,0.379,0.462,-0.041
85,152,0.338,0.42,-0.044
85,153,0.361,0.444,-0.042
85,154,0.435,0.518,-0.036
85,155,0.347,0.429,-0.044
85,156,0.383,0.466,-0.041
85,157,0.324,0.405,-0.046
85,158,0.324,0.405,-0.046
85,159,0.333,0.415,-0.045
85,16,0.993,0.995,-0.0
85,160,0.313,0.393,-0.048
85,161,0.235,0.309,-0.056
85,162,0.212,0.283,-0.059
85,163,0.297,0.376,-0.05
85,164,0.386,0.47,-0.041
85,165,0.285,0.364,-0.051
85,166,0.367,0.45,-0.043
85,167,0.414,0.497,-0.039
85,168,0.608,0.681,-0.025
85,169,0.621,0.692,-0.024
85,17,0.873,0.903,-0.006
85,170,0.521,0.601,-0.031
85,171,0.625,0.696,-0.024
85,172,0.534,0.614,-0.03
85,173,0.463,0.546,-0.036
85,174,0.533,0.613,-0.03
85,175,0.458,0.541,-0.036
85,176,0.551,0.629,-0.029
85,177,0.781,0.829,-0.014
85,178,0.642,0.711,-0.023
85,179,0.732,0.789,-0.017
85,18,0.753,0.807,-0.011
85,180,0.781,0.83,-0.014
85,181,0.745,0.8,-0.016
85,182,0.835,0.873,-0.01
85,183,0.719,0.778,-0.018
85,184,0.675,0.74,-0.021
85,185,0.729,0.786,-0.017
85,186,0.687,0.75,-0.02
85,187,0.777,0.826,-0.014
85,188,0.734,0.79,-0.017
85,189,0.818,0.86,-0.011
85,19,0.902,0.926,-0.004
85,190,0.912,0.934,-0.005
85,191,0.896,0.922,-0.006
85,192,0.95,0.963,-0.003
85,193,0.983,0.987,-0.001
85,194,0.817,0.859,-0.011
85,195,0.825,0.866,-0.011
85,196,0.611,0.684,-0.024
85,197,0.836,0.874,-0.01
85,198,0.941,0.956,-0.004
85,199,0.871,0.902,-0.008
85,20,0.751,0.805,-0.011
85,200,0.724,0.782,-0.017
85,201,0.741,0.796,-0.016
85,202,0.705,0.766,-0.018
85,203,0.638,0.708,-0.022
85,204,0.582,0.657,-0.026
85,205,0.637,0.707,-0.022
85,206,0.528,0.608,-0.03
85,207,0.508,0.589,-0.031
85,208,0.625,0.696,-0.023
85,209,0.623,0.694,-0.023
85,21,0.84,0.878,-0.007
85,210,0.465,0.547,-0.034
85,211,0.563,0.64,-0.027
85,212,0.618,0.69,-0.024
85,213,0.549,0.627,-0.028
85,214,0.383,0.466,-0.041
85,215,0.429,0.513,-0.037
85,216,0.356,0.439,-0.044
85,217,0.19,0.258,-0.063
85,218,0.14,0.199,-0.071
85,219,0.185,0.252,-0.064
85,22,0.675,0.74,-0.015
85,220,0.19,0.258,-0.063
85,221,0.095,0.143,-0.081
85,222,0.082,0.126,-0.085
85,223,0.122,0.176,-0.076
85,224,0.088,0.134,-0.085
85,225,0.127,0.182,-0.076
85,226,0.128,0.184,-0.077
85,227,0.128,0.183,-0.077
85,228,0.103,0.152,-0.084
85,229,0.05,0.082,-0.102
85,23,0.754,0.807,-0.011
85,230,0.105,0.155,-0.085
85,231,0.086,0.131,-0.09
85,232,0.074,0.115,-0.095
85,233,0.085,0.13,-0.093
85,234,0.068,0.107,-0.1
85,235,0.058,0.094,-0.105
85,236,0.106,0.156,-0.09
85,237,0.1,0.149,-0.093
85,238,0.08,0.123,-0.101
85,239,0.094,0.141,-0.098
85,24,0.957,0.968,-0.002
85,240,0.11,0.161,-0.095
85,241,0.131,0.188,-0.091
85,242,0.179,0.246,-0.082
85,243,0.174,0.239,-0.084
85,244,0.136,0.194,-0.094
85,245,0.224,0.297,-0.077
85,246,0.213,0.284,-0.08
85,247,0.134,0.192,-0.098
85,248,0.115,0.168,-0.104
85,249,0.142,0.201,-0.099
85,25,0.684,0.747,-0.015
85,250,0.192,0.261,-0.089
85,251,0.112,0.164,-0.11
85,26,0.699,0.761,-0.014
85,27,0.77,0.821,-0.011
85,28,0.455,0.538,-0.027
85,29,0.752,0.806,-0.011
85,30,0.735,0.791,-0.012
85,31,0.577,0.653,-0.02
85,32,0.777,0.826,-0.01
85,33,0.778,0.827,-0.01
85,34,0.644,0.713,-0.017
85,35,0.476,0.558,-0.027
85,36,0.722,0.78,-0.013
85,37,0.693,0.756,-0.015
85,38,0.556,0.633,-0.022
85,39,0.712,0.772,-0.014
85,40,0.531,0.61,-0.024
85,41,0.744,0.799,-0.012
85,42,0.554,0.632,-0.023
85,43,0.681,0.745,-0.016
85,44,0.886,0.913,-0.006
85,45,0.797,0.843,-0.01
85,46,0.783,0.831,-0.011
85,47,0.784,0.832,-0.011
85,48,0.766,0.817,-0.012
85,49,0.869,0.901,-0.007
85,50,0.885,0.913,-0.006
85,51,0.927,0.945,-0.004
85,52,0.869,0.9,-0.007
85,53,0.978,0.984,0.001
85,54,0.664,0.73,-0.018
85,55,0.849,0.885,-0.008
85,56,0.856,0.89,-0.008
85,57,0.959,0.969,0.002
85,58,0.953,0.965,-0.002
85,59,0.895,0.921,0.005
85,6,0.501,0.582,-0.025
85,60,0.901,0.926,-0.005
85,61,0.794,0.84,-0.011
85,62,0.957,0.968,-0.002
85,63,0.928,0.946,-0.004
85,64,0.835,0.873,-0.009
85,65,0.906,0.929,-0.005
85,66,0.691,0.754,-0.017
85,67,0.616,0.688,-0.022
85,68,0.742,0.797,-0.014
85,69,0.902,0.926,-0.005
85,7,0.767,0.818,-0.011
85,70,0.835,0.874,-0.009
85,71,0.792,0.838,-0.012
85,72,0.515,0.596,-0.029
85,73,0.515,0.595,-0.029
85,74,0.337,0.419,-0.043
85,75,0.561,0.638,-0.026
85,76,0.422,0.506,-0.036
85,77,0.629,0.699,-0.022
85,78,0.63,0.701,-0.022
85,79,0.529,0.608,-0.028
85,8,0.422,0.505,-0.03
85,80,0.599,0.673,-0.024
85,81,0.663,0.729,-0.02
85,82,0.699,0.76,-0.017
85,83,0.68,0.745,-0.019
85,84,0.752,0.805,-0.014
85,85,0.618,0.69,-0.023
85,86,0.523,0.603,-0.029
85,87,0.659,0.726,-0.02
85,88,0.701,0.762,-0.017
85,89,0.497,0.578,-0.031
85,9,0.515,0.595,-0.024
85,90,0.674,0.739,-0.019
85,91,0.915,0.936,0.005
85,92,0.879,0.908,-0.007
85,93,0.707,0.767,-0.017
85,94,0.622,0.694,-0.022
85,95,0.588,0.663,-0.024
85,96,0.581,0.656,-0.025
85,97,0.857,0.891,-0.008
85,98,0.761,0.813,-0.014
85,99,0.723,0.781,-0.016
86,10,0.58,0.655,-0.02
86,100,0.968,0.976,-0.002
86,101,0.867,0.899,-0.008
86,102,0.721,0.779,-0.016
86,103,0.874,0.904,-0.007
86,104,0.611,0.684,-0.023
86,105,0.638,0.708,-0.021
86,106,0.793,0.839,-0.012
86,107,0.7,0.761,-0.017
86,108,0.572,0.648,-0.025
86,109,0.674,0.739,-0.019
86,11,0.427,0.51,-0.029
86,110,0.675,0.74,-0.019
86,111,0.716,0.775,-0.016
86,112,0.746,0.8,-0.015
86,113,0.64,0.71,-0.021
86,114,0.673,0.738,-0.019
86,115,0.732,0.789,-0.015
86,116,0.887,0.915,-0.006
86,117,0.701,0.762,-0.017
86,118,0.568,0.644,-0.026
86,119,0.616,0.688,-0.023
86,12,0.44,0.523,-0.028
86,120,0.582,0.657,-0.025
86,121,0.652,0.72,-0.021
86,122,0.826,0.866,-0.01
86,123,0.803,0.848,-0.011
86,124,0.571,0.648,-0.026
86,125,0.753,0.806,-0.014
86,126,0.842,0.879,-0.009
86,127,0.758,0.811,-0.014
86,128,0.589,0.664,-0.025
86,129,0.503,0.584,-0.031
86,13,0.617,0.689,-0.018
86,130,0.706,0.766,-0.017
86,131,0.551,0.629,-0.028
86,132,0.556,0.634,-0.027
86,133,0.563,0.64,-0.027
86,134,0.639,0.709,-0.022
86,135,0.615,0.687,-0.023
86,136,0.537,0.616,-0.029
86,137,0.352,0.434,-0.043
86,138,0.368,0.451,-0.041
86,139,0.325,0.406,-0.045
86,14,0.72,0.779,-0.013
86,140,0.604,0.677,-0.024
86,141,0.413,0.496,-0.038
86,142,0.365,0.448,-0.042
86,143,0.459,0.541,-0.034
86,144,0.463,0.545,-0.034
86,145,0.354,0.437,-0.043
86,146,0.306,0.386,-0.047
86,147,0.37,0.453,-0.041
86,148,0.245,0.32,-0.054
86,149,0.239,0.314,-0.054
86,15,0.593,0.667,-0.019
86,150,0.218,0.29,-0.057
86,151,0.275,0.353,-0.051
86,152,0.245,0.32,-0.054
86,153,0.271,0.349,-0.051
86,154,0.468,0.55,-0.034
86,155,0.384,0.467,-0.041
86,156,0.339,0.421,-0.045
86,157,0.312,0.392,-0.048
86,158,0.298,0.378,-0.049
86,159,0.41,0.493,-0.039
86,16,0.783,0.832,-0.01
86,160,0.388,0.471,-0.041
86,161,0.382,0.465,-0.042
86,162,0.497,0.579,-0.032
86,163,0.594,0.669,-0.026
86,164,0.478,0.56,-0.034
86,165,0.461,0.544,-0.036
86,166,0.447,0.53,-0.037
86,167,0.529,0.608,-0.03
86,168,0.472,0.554,-0.035
86,169,0.529,0.609,-0.031
86,17,0.769,0.819,-0.01
86,170,0.547,0.626,-0.029
86,171,0.506,0.586,-0.032
86,172,0.617,0.689,-0.024
86,173,0.57,0.647,-0.028
86,174,0.659,0.726,-0.022
86,175,0.543,0.621,-0.03
86,176,0.556,0.634,-0.029
86,177,0.613,0.686,-0.025
86,178,0.51,0.591,-0.032
86,179,0.546,0.625,-0.03
86,18,0.556,0.634,-0.021
86,180,0.758,0.81,-0.015
86,181,0.867,0.899,-0.008
86,182,0.96,0.971,-0.002
86,183,0.973,0.98,0.002
86,184,0.995,0.996,-0.0
86,185,0.868,0.9,-0.008
86,186,0.854,0.888,-0.009
86,187,0.824,0.865,-0.011
86,188,0.855,0.889,-0.009
86,189,0.934,0.951,0.004
86,19,0.675,0.74,-0.015
86,190,0.933,0.949,0.004
86,191,0.878,0.908,-0.007
86,192,0.94,0.955,-0.004
86,193,0.881,0.91,0.007
86,194,0.998,0.998,0.0
86,195,0.999,0.999,-0.0
86,196,0.889,0.916,-0.007
86,197,0.85,0.885,-0.009
86,198,0.965,0.974,-0.002
86,199,0.934,0.951,0.004
86,20,0.903,0.927,-0.004
86,200,0.991,0.993,-0.001
86,201,0.941,0.956,0.004
86,202,0.832,0.871,-0.01
86,203,0.996,0.997,0.0
86,204,0.899,0.924,-0.006
86,205,0.843,0.88,-0.009
86,206,0.788,0.835,-0.013
86,207,0.715,0.774,-0.017
86,208,0.731,0.788,-0.016
86,209,0.823,0.863,-0.011
86,21,0.711,0.771,-0.013
86,210,0.986,0.989,-0.001
86,211,0.763,0.814,-0.014
86,212,0.683,0.747,-0.019
86,213,0.686,0.749,-0.019
86,214,0.621,0.693,-0.023
86,215,0.557,0.635,-0.028
86,216,0.491,0.572,-0.033
86,217,0.424,0.507,-0.038
86,218,0.363,0.445,-0.044
86,219,0.515,0.596,-0.031
86,22,0.876,0.906,-0.006
86,220,0.369,0.452,-0.044
86,221,0.317,0.398,-0.049
86,222,0.15,0.211,-0.071
86,223,0.127,0.182,-0.076
86,224,0.225,0.298,-0.061
86,225,0.205,0.275,-0.064
86,226,0.14,0.199,-0.075
86,227,0.187,0.255,-0.068
86,228,0.113,0.166,-0.082
86,229,0.174,0.24,-0.071
86,23,0.883,0.912,0.005
86,230,0.16,0.223,-0.074
86,231,0.153,0.215,-0.076
86,232,0.222,0.294,-0.066
86,233,0.326,0.408,-0.054
86,234,0.233,0.307,-0.066
86,235,0.236,0.311,-0.066
86,236,0.258,0.335,-0.064
86,237,0.292,0.371,-0.061
86,238,0.142,0.201,-0.086
86,239,0.223,0.296,-0.072
86,24,0.738,0.794,-0.012
86,240,0.269,0.346,-0.066
86,241,0.266,0.343,-0.068
86,242,0.306,0.386,-0.063
86,243,0.298,0.378,-0.065
86,244,0.248,0.324,-0.073
86,245,0.279,0.357,-0.07
86,246,0.231,0.305,-0.078
86,247,0.213,0.285,-0.082
86,248,0.329,0.41,-0.065
86,249,0.238,0.312,-0.08
86,25,0.611,0.684,-0.018
86,250,0.227,0.3,-0.083
86,251,0.238,0.312,-0.082
86,26,0.962,0.972,0.002
86,27,0.72,0.779,-0.013
86,28,0.512,0.593,-0.024
86,29,0.882,0.91,-0.005
86,30,0.708,0.768,-0.014
86,31,0.739,0.795,-0.012
86,32,0.483,0.565,-0.026
86,33,0.764,0.815,-0.011
86,34,0.946,0.96,-0.002
86,35,0.773,0.823,-0.011
86,36,0.841,0.878,-0.007
86,37,0.802,0.846,-0.009
86,38,0.99,0.993,0.0
86,39,0.764,0.815,-0.011
86,40,0.899,0.924,-0.005
86,41,0.92,0.94,-0.004
86,42,0.961,0.971,0.002
86,43,0.91,0.932,0.004
86,44,0.959,0.97,0.002
86,45,0.976,0.982,0.001
86,46,0.956,0.968,0.002
86,47,0.798,0.843,-0.01
86,48,0.753,0.806,-0.012
86,49,0.883,0.911,-0.006
86,50,0.942,0.957,-0.003
86,51,0.85,0.885,-0.008
86,52,0.978,0.984,-0.001
86,53,0.907,0.93,-0.005
86,54,0.792,0.838,-0.011
86,55,0.93,0.947,0.004
86,56,0.908,0.93,0.005
86,57,0.596,0.67,-0.022
86,58,0.921,0.941,-0.004
86,59,0.941,0.956,-0.003
86,60,0.98,0.986,0.001
86,61,0.821,0.862,0.009
86,62,0.898,0.923,-0.005
86,63,0.904,0.928,0.005
86,64,0.938,0.954,0.003
86,65,0.995,0.997,0.0
86,66,0.984,0.988,0.001
86,67,0.727,0.784,-0.015
86,68,0.886,0.914,-0.006
86,69,0.813,0.856,-0.01
86,7,0.516,0.596,-0.024
86,70,0.994,0.996,-0.0
86,71,0.947,0.961,0.003
86,72,0.839,0.876,-0.009
86,73,0.803,0.848,-0.011
86,74,0.973,0.98,-0.001
86,75,0.644,0.713,-0.021
86,76,0.679,0.743,-0.018
86,77,0.895,0.921,-0.006
86,78,0.858,0.892,-0.008
86,79,0.977,0.983,-0.001
86,8,0.417,0.5,-0.03
86,80,0.897,0.923,0.006
86,81,0.921,0.941,0.004
86,82,0.933,0.95,0.004
86,83,0.901,0.925,0.006
86,84,0.728,0.785,-0.016
86,85,0.814,0.856,-0.011
86,86,0.839,0.876,-0.009
86,87,0.97,0.978,0.002
86,88,0.926,0.945,-0.004
86,89,0.894,0.92,-0.006
86,9,0.462,0.544,-0.027
86,90,0.875,0.905,0.007
86,91,0.856,0.89,0.008
86,92,0.8,0.845,0.011
86,93,0.902,0.926,0.006
86,94,0.924,0.943,0.004
86,95,0.872,0.903,-0.007
86,96,0.963,0.973,-0.002
86,97,0.903,0.927,0.005
86,98,0.914,0.935,0.005
86,99,0.973,0.98,-0.002
87,10,0.404,0.487,-0.03
87,100,0.462,0.545,-0.033
87,101,0.49,0.572,-0.031
87,102,0.419,0.502,-0.037
87,103,0.48,0.562,-0.032
87,104,0.664,0.73,-0.02
87,105,0.563,0.64,-0.026
87,106,0.567,0.644,-0.026
87,107,0.639,0.708,-0.021
87,108,0.606,0.679,-0.023
87,109,0.683,0.747,-0.019
87,11,0.301,0.381,-0.037
87,110,0.639,0.709,-0.021
87,111,0.603,0.676,-0.024
87,112,0.713,0.773,-0.017
87,113,0.77,0.821,-0.013
87,114,0.704,0.765,-0.017
87,115,0.747,0.802,-0.015
87,116,0.847,0.883,-0.009
87,117,0.983,0.987,-0.001
87,118,0.96,0.971,0.002
87,119,0.975,0.982,-0.001
87,12,0.314,0.394,-0.036
87,120,0.595,0.669,-0.024
87,121,0.735,0.791,-0.016
87,122,0.533,0.612,-0.029
87,123,0.593,0.667,-0.025
87,124,0.664,0.73,-0.02
87,125,0.527,0.607,-0.029
87,126,0.655,0.722,-0.021
87,127,0.671,0.737,-0.02
87,128,0.618,0.69,-0.023
87,129,0.521,0.601,-0.03
87,13,0.354,0.436,-0.033
87,130,0.474,0.556,-0.033
87,131,0.608,0.681,-0.024
87,132,0.641,0.71,-0.022
87,133,0.661,0.728,-0.02
87,134,0.596,0.67,-0.025
87,135,0.58,0.655,-0.026
87,136,0.463,0.546,-0.034
87,137,0.745,0.8,-0.015
87,138,0.457,0.539,-0.035
87,139,0.426,0.509,-0.037
87,14,0.577,0.653,-0.02
87,140,0.439,0.522,-0.036
87,141,0.545,0.624,-0.028
87,142,0.393,0.477,-0.04
87,143,0.537,0.615,-0.029
87,144,0.386,0.47,-0.04
87,145,0.3,0.38,-0.048
87,146,0.301,0.381,-0.048
87,147,0.26,0.336,-0.053
87,148,0.4,0.483,-0.039
87,149,0.365,0.447,-0.042
87,15,0.326,0.407,-0.035
87,150,0.351,0.433,-0.044
87,151,0.252,0.328,-0.054
87,152,0.172,0.237,-0.064
87,153,0.269,0.347,-0.052
87,154,0.248,0.323,-0.055
87,155,0.224,0.296,-0.058
87,156,0.145,0.205,-0.069
87,157,0.102,0.151,-0.078
87,158,0.201,0.271,-0.061
87,159,0.237,0.312,-0.057
87,16,0.571,0.647,-0.02
87,160,0.235,0.309,-0.057
87,161,0.232,0.306,-0.057
87,162,0.208,0.279,-0.061
87,163,0.262,0.338,-0.054
87,164,0.303,0.383,-0.05
87,165,0.295,0.374,-0.051
87,166,0.286,0.364,-0.052
87,167,0.244,0.319,-0.057
87,168,0.305,0.385,-0.05
87,169,0.355,0.438,-0.045
87,17,0.685,0.749,-0.014
87,170,0.28,0.358,-0.053
87,171,0.349,0.431,-0.046
87,172,0.396,0.479,-0.042
87,173,0.445,0.528,-0.038
87,174,0.463,0.545,-0.036
87,175,0.445,0.527,-0.038
87,176,0.427,0.51,-0.039
87,177,0.436,0.519,-0.038
87,178,0.478,0.56,-0.035
87,179,0.47,0.552,-0.036
87,18,0.672,0.737,-0.015
87,180,0.618,0.69,-0.024
87,181,0.636,0.706,-0.023
87,182,0.573,0.649,-0.028
87,183,0.567,0.644,-0.028
87,184,0.615,0.687,-0.025
87,185,0.608,0.681,-0.025
87,186,0.653,0.721,-0.022
87,187,0.523,0.602,-0.031
87,188,0.58,0.655,-0.027
87,189,0.737,0.793,-0.016
87,19,0.586,0.661,-0.019
87,190,0.789,0.836,-0.013
87,191,0.552,0.63,-0.029
87,192,0.788,0.835,-0.013
87,193,0.814,0.856,-0.011
87,194,0.926,0.944,-0.004
87,195,0.74,0.796,-0.016
87,196,0.952,0.964,-0.003
87,197,0.95,0.963,0.003
87,198,0.965,0.974,-0.002
87,199,0.894,0.92,0.006
87,20,0.591,0.665,-0.019
87,200,0.891,0.917,-0.006
87,201,0.661,0.728,-0.021
87,202,0.561,0.638,-0.028
87,203,0.817,0.859,-0.011
87,204,0.681,0.746,-0.019
87,205,0.636,0.706,-0.022
87,206,0.58,0.656,-0.026
87,207,0.437,0.52,-0.037
87,208,0.686,0.75,-0.019
87,209,0.423,0.506,-0.038
87,21,0.898,0.923,-0.005
87,210,0.489,0.57,-0.033
87,211,0.444,0.527,-0.036
87,212,0.361,0.443,-0.043
87,213,0.293,0.372,-0.05
87,214,0.357,0.439,-0.044
87,215,0.374,0.457,-0.042
87,216,0.337,0.419,-0.046
87,217,0.23,0.303,-0.058
87,218,0.214,0.285,-0.06
87,219,0.208,0.278,-0.061
87,22,0.774,0.824,-0.01
87,220,0.214,0.286,-0.061
87,221,0.179,0.246,-0.066
87,222,0.183,0.25,-0.066
87,223,0.194,0.263,-0.065
87,224,0.087,0.132,-0.086
87,225,0.176,0.241,-0.069
87,226,0.126,0.181,-0.079
87,227,0.119,0.173,-0.081
87,228,0.134,0.191,-0.079
87,229,0.171,0.236,-0.073
87,23,0.656,0.724,-0.016
87,230,0.14,0.199,-0.079
87,231,0.111,0.163,-0.086
87,232,0.161,0.224,-0.077
87,233,0.175,0.241,-0.075
87,234,0.106,0.157,-0.091
87,235,0.097,0.145,-0.094
87,236,0.109,0.16,-0.092
87,237,0.124,0.179,-0.09
87,238,0.135,0.192,-0.088
87,239,0.148,0.209,-0.087
87,24,0.858,0.892,-0.006
87,240,0.218,0.29,-0.075
87,241,0.179,0.245,-0.083
87,242,0.213,0.285,-0.078
87,243,0.186,0.254,-0.083
87,244,0.285,0.363,-0.068
87,245,0.258,0.334,-0.073
87,246,0.216,0.288,-0.081
87,247,0.25,0.326,-0.076
87,248,0.22,0.292,-0.083
87,249,0.263,0.34,-0.076
87,25,0.832,0.871,-0.008
87,250,0.238,0.312,-0.082
87,251,0.216,0.287,-0.086
87,26,0.626,0.697,-0.018
87,27,0.596,0.67,-0.019
87,28,0.393,0.476,-0.031
87,29,0.974,0.981,-0.001
87,30,0.711,0.771,-0.013
87,31,0.896,0.921,-0.005
87,32,0.716,0.775,-0.013
87,33,0.561,0.638,-0.021
87,34,0.905,0.928,-0.004
87,35,0.875,0.905,-0.006
87,36,0.775,0.824,-0.011
87,37,0.846,0.882,-0.007
87,38,0.877,0.907,-0.006
87,39,0.923,0.942,0.004
87,40,0.973,0.98,0.001
87,41,0.869,0.9,0.006
87,42,0.929,0.947,0.003
87,43,0.717,0.776,-0.014
87,44,0.769,0.82,-0.011
87,45,0.884,0.912,-0.006
87,46,0.945,0.959,-0.003
87,47,0.669,0.735,-0.017
87,48,0.965,0.974,0.002
87,49,0.931,0.948,-0.003
87,50,0.768,0.819,-0.012
87,51,0.749,0.803,-0.013
87,52,0.948,0.961,0.003
87,53,0.934,0.951,0.003
87,54,0.929,0.947,-0.004
87,55,0.746,0.8,-0.013
87,56,0.737,0.793,-0.014
87,57,0.895,0.921,-0.005
87,58,0.731,0.788,-0.014
87,59,0.659,0.726,-0.018
87,60,0.69,0.753,-0.017
87,61,0.602,0.676,-0.022
87,62,0.742,0.797,-0.014
87,63,0.843,0.879,-0.008
87,64,0.854,0.888,-0.008
87,65,0.9,0.924,-0.005
87,66,0.752,0.806,-0.014
87,67,0.652,0.72,-0.019
87,68,0.444,0.527,-0.033
87,69,0.643,0.712,-0.02
87,7,0.285,0.364,-0.039
87,70,0.804,0.849,-0.011
87,71,0.851,0.886,-0.008
87,72,0.705,0.766,-0.017
87,73,0.594,0.668,-0.024
87,74,0.562,0.639,-0.026
87,75,0.773,0.823,-0.013
87,76,0.593,0.667,-0.024
87,77,0.576,0.652,-0.025
87,78,0.812,0.855,-0.011
87,79,0.643,0.712,-0.021
87,8,0.266,0.343,-0.041
87,80,0.811,0.854,-0.011
87,81,0.77,0.82,-0.013
87,82,0.813,0.856,-0.011
87,83,0.669,0.735,-0.019
87,84,0.75,0.804,-0.014
87,85,0.792,0.839,-0.012
87,86,0.6,0.673,-0.024
87,87,0.636,0.706,-0.022
87,88,0.731,0.788,-0.016
87,89,0.521,0.601,-0.029
87,9,0.41,0.493,-0.03
87,90,0.477,0.559,-0.032
87,91,0.688,0.751,-0.018
87,92,0.816,0.858,-0.011
87,93,0.903,0.927,-0.006
87,94,0.656,0.723,-0.02
87,95,0.43,0.513,-0.036
87,96,0.512,0.592,-0.03
87,97,0.515,0.595,-0.03
87,98,0.688,0.751,-0.018
87,99,0.679,0.744,-0.019
88,10,0.469,0.551,-0.026
88,100,0.63,0.7,-0.022
88,101,0.611,0.684,-0.023
88,102,0.564,0.641,-0.026
88,103,0.432,0.516,-0.036
88,104,0.534,0.613,-0.029
88,105,0.543,0.622,-0.028
88,106,0.485,0.566,-0.032
88,107,0.363,0.446,-0.042
88,108,0.64,0.709,-0.022
88,109,0.52,0.6,-0.03
88,11,0.268,0.345,-0.04
88,110,0.574,0.65,-0.026
88,111,0.843,0.88,-0.009
88,112,0.623,0.694,-0.023
88,113,0.411,0.494,-0.038
88,114,0.509,0.59,-0.03
88,115,0.462,0.544,-0.034
88,116,0.473,0.555,-0.033
88,117,0.467,0.549,-0.034
88,118,0.471,0.553,-0.033
88,119,0.639,0.709,-0.022
88,12,0.379,0.462,-0.032
88,120,0.543,0.621,-0.028
88,121,0.528,0.608,-0.029
88,122,0.477,0.559,-0.033
88,123,0.561,0.638,-0.027
88,124,0.761,0.813,-0.014
88,125,0.676,0.741,-0.019
88,126,0.598,0.672,-0.025
88,127,0.443,0.526,-0.036
88,128,0.513,0.594,-0.031
88,129,0.465,0.548,-0.034
88,13,0.377,0.46,-0.032
88,130,0.563,0.64,-0.027
88,131,0.541,0.619,-0.029
88,132,0.442,0.525,-0.036
88,133,0.371,0.454,-0.042
88,134,0.337,0.419,-0.045
88,135,0.449,0.531,-0.035
88,136,0.533,0.612,-0.029
88,137,0.447,0.53,-0.036
88,138,0.477,0.559,-0.033
88,139,0.405,0.489,-0.039
88,14,0.426,0.51,-0.028
88,140,0.428,0.511,-0.037
88,141,0.435,0.518,-0.037
88,142,0.311,0.391,-0.048
88,143,0.458,0.541,-0.035
88,144,0.445,0.528,-0.036
88,145,0.366,0.449,-0.043
88,146,0.291,0.37,-0.05
88,147,0.444,0.527,-0.036
88,148,0.385,0.468,-0.041
88,149,0.304,0.384,-0.049
88,15,0.223,0.296,-0.043
88,150,0.326,0.408,-0.046
88,151,0.383,0.466,-0.041
88,152,0.379,0.462,-0.042
88,153,0.314,0.394,-0.048
88,154,0.328,0.41,-0.047
88,155,0.413,0.496,-0.039
88,156,0.39,0.473,-0.041
88,157,0.239,0.313,-0.057
88,158,0.316,0.397,-0.048
88,159,0.332,0.413,-0.047
88,16,0.471,0.553,-0.026
88,160,0.262,0.339,-0.054
88,161,0.311,0.392,-0.049
88,162,0.346,0.428,-0.046
88,163,0.388,0.471,-0.042
88,164,0.494,0.575,-0.033
88,165,0.272,0.35,-0.054
88,166,0.316,0.397,-0.049
88,167,0.199,0.269,-0.063
88,168,0.275,0.353,-0.054
88,169,0.35,0.432,-0.046
88,17,0.593,0.668,-0.019
88,170,0.389,0.472,-0.042
88,171,0.47,0.553,-0.036
88,172,0.342,0.424,-0.047
88,173,0.411,0.494,-0.04
88,174,0.304,0.384,-0.05
88,175,0.416,0.499,-0.04
88,176,0.366,0.449,-0.045
88,177,0.394,0.477,-0.042
88,178,0.409,0.493,-0.041
88,179,0.339,0.421,-0.047
88,18,0.54,0.619,-0.022
88,180,0.281,0.36,-0.053
88,181,0.459,0.542,-0.036
88,182,0.42,0.503,-0.04
88,183,0.428,0.511,-0.039
88,184,0.423,0.507,-0.039
88,185,0.699,0.761,-0.019
88,186,0.653,0.721,-0.022
88,187,0.834,0.873,-0.01
88,188,0.739,0.795,-0.016
88,189,0.757,0.81,-0.015
88,19,0.792,0.839,-0.009
88,190,0.98,0.985,-0.001
88,191,0.703,0.764,-0.018
88,192,0.739,0.794,-0.016
88,193,0.798,0.843,-0.012
88,194,0.813,0.856,-0.011
88,195,0.885,0.913,-0.007
88,196,0.731,0.788,-0.016
88,197,0.737,0.793,-0.016
88,198,0.71,0.77,-0.018
88,199,0.736,0.792,-0.016
88,20,0.836,0.874,-0.007
88,200,0.603,0.676,-0.025
88,201,0.603,0.677,-0.025
88,202,0.704,0.765,-0.018
88,203,0.697,0.759,-0.018
88,204,0.658,0.725,-0.021
88,205,0.645,0.714,-0.022
88,206,0.456,0.539,-0.035
88,207,0.555,0.633,-0.028
88,208,0.363,0.445,-0.043
88,209,0.495,0.576,-0.032
88,21,0.757,0.809,-0.011
88,210,0.357,0.439,-0.044
88,211,0.393,0.476,-0.041
88,212,0.397,0.48,-0.04
88,213,0.323,0.404,-0.047
88,214,0.29,0.369,-0.051
88,215,0.457,0.539,-0.036
88,216,0.339,0.421,-0.046
88,217,0.339,0.421,-0.046
88,218,0.262,0.339,-0.055
88,219,0.251,0.327,-0.056
88,22,0.914,0.935,-0.004
88,220,0.285,0.364,-0.053
88,221,0.231,0.304,-0.06
88,222,0.242,0.317,-0.059
88,223,0.196,0.265,-0.065
88,224,0.16,0.223,-0.071
88,225,0.168,0.233,-0.071
88,226,0.21,0.281,-0.065
88,227,0.17,0.235,-0.072
88,228,0.124,0.18,-0.082
88,229,0.104,0.154,-0.087
88,23,0.879,0.908,-0.005
88,230,0.185,0.252,-0.072
88,231,0.117,0.17,-0.086
88,232,0.119,0.173,-0.086
88,233,0.107,0.158,-0.09
88,234,0.137,0.195,-0.085
88,235,0.102,0.151,-0.094
88,236,0.116,0.17,-0.092
88,237,0.099,0.148,-0.097
88,238,0.12,0.174,-0.093
88,239,0.09,0.136,-0.103
88,24,0.555,0.633,-0.021
88,240,0.118,0.172,-0.096
88,241,0.079,0.122,-0.109
88,242,0.107,0.158,-0.102
88,243,0.135,0.193,-0.095
88,244,0.164,0.227,-0.09
88,245,0.16,0.223,-0.092
88,246,0.212,0.283,-0.083
88,247,0.245,0.32,-0.078
88,248,0.237,0.311,-0.081
88,249,0.216,0.287,-0.085
88,25,0.638,0.708,-0.017
88,250,0.209,0.279,-0.087
88,251,0.354,0.437,-0.065
88,26,0.447,0.53,-0.027
88,27,0.983,0.988,-0.001
88,28,0.738,0.794,-0.012
88,29,0.671,0.737,-0.015
88,30,0.654,0.722,-0.016
88,31,0.757,0.809,-0.011
88,32,0.596,0.67,-0.019
88,33,0.571,0.647,-0.021
88,34,0.743,0.798,-0.012
88,35,0.827,0.867,-0.008
88,36,0.58,0.655,-0.02
88,37,0.754,0.808,-0.012
88,38,0.523,0.603,-0.024
88,39,0.528,0.608,-0.023
88,40,0.72,0.779,-0.013
88,41,0.613,0.685,-0.019
88,42,0.487,0.569,-0.026
88,43,0.515,0.596,-0.025
88,44,0.553,0.631,-0.023
88,45,0.683,0.747,-0.016
88,46,0.608,0.681,-0.02
88,47,0.543,0.622,-0.024
88,48,0.773,0.823,-0.011
88,49,0.524,0.604,-0.025
88,50,0.443,0.526,-0.03
88,51,0.59,0.664,-0.021
88,52,0.631,0.701,-0.019
88,53,0.672,0.738,-0.017
88,54,0.697,0.759,-0.016
88,55,0.547,0.625,-0.024
88,56,0.89,0.917,-0.006
88,57,0.811,0.854,-0.01
88,58,0.757,0.81,-0.013
88,59,0.678,0.742,-0.017
88,60,0.705,0.766,-0.016
88,61,0.904,0.927,-0.005
88,62,0.61,0.682,-0.021
88,63,0.612,0.685,-0.021
88,64,0.641,0.71,-0.02
88,65,0.688,0.751,-0.017
88,66,0.527,0.607,-0.027
88,67,0.467,0.549,-0.031
88,68,0.58,0.656,-0.024
88,69,0.688,0.751,-0.017
88,7,0.29,0.369,-0.04
88,70,0.82,0.861,-0.01
88,71,0.719,0.777,-0.016
88,72,0.735,0.791,-0.015
88,73,0.668,0.734,-0.019
88,74,0.664,0.73,-0.019
88,75,0.575,0.651,-0.025
88,76,0.599,0.673,-0.023
88,77,0.491,0.572,-0.031
88,78,0.599,0.673,-0.024
88,79,0.651,0.719,-0.02
88,8,0.33,0.411,-0.036
88,80,0.503,0.584,-0.03
88,81,0.655,0.722,-0.02
88,82,0.853,0.888,-0.008
88,83,0.632,0.703,-0.022
88,84,0.606,0.679,-0.024
88,85,0.747,0.801,-0.015
88,86,0.637,0.706,-0.022
88,87,0.833,0.872,-0.01
88,88,0.705,0.766,-0.017
88,89,0.587,0.662,-0.025
88,9,0.653,0.72,-0.017
88,90,0.557,0.635,-0.027
88,91,0.541,0.62,-0.028
88,92,0.706,0.767,-0.017
88,93,0.645,0.714,-0.021
88,94,0.655,0.723,-0.02
88,95,0.627,0.698,-0.022
88,96,0.53,0.609,-0.029
88,97,0.521,0.601,-0.029
88,98,0.77,0.82,-0.013
88,99,0.584,0.659,-0.025
89,10,0.31,0.39,-0.038
89,100,0.788,0.836,-0.012
89,101,0.764,0.815,-0.014
89,102,0.61,0.683,-0.023
89,103,0.611,0.684,-0.023
89,104,0.622,0.693,-0.023
89,105,0.516,0.596,-0.03
89,106,0.532,0.611,-0.029
89,107,0.581,0.657,-0.025
89,108,0.736,0.792,-0.016
89,109,0.491,0.573,-0.032
89,11,0.299,0.379,-0.038
89,110,0.403,0.487,-0.039
89,111,0.419,0.503,-0.037
89,112,0.352,0.435,-0.043
89,113,0.438,0.521,-0.036
89,114,0.51,0.591,-0.031
89,115,0.518,0.598,-0.03
89,116,0.585,0.661,-0.025
89,117,0.717,0.776,-0.017
89,118,0.657,0.724,-0.021
89,119,0.792,0.839,-0.012
89,12,0.223,0.296,-0.044
89,120,0.737,0.793,-0.016
89,121,0.729,0.786,-0.016
89,122,0.596,0.67,-0.025
89,123,0.633,0.703,-0.022
89,124,0.684,0.748,-0.019
89,125,0.608,0.681,-0.024
89,126,0.581,0.657,-0.026
89,127,0.65,0.718,-0.021
89,128,0.408,0.491,-0.039
89,129,0.385,0.468,-0.041
89,13,0.375,0.458,-0.032
89,130,0.589,0.664,-0.025
89,131,0.605,0.678,-0.024
89,132,0.596,0.67,-0.025
89,133,0.581,0.656,-0.026
89,134,0.703,0.764,-0.018
89,135,0.614,0.686,-0.024
89,136,0.604,0.678,-0.024
89,137,0.68,0.744,-0.019
89,138,0.612,0.685,-0.024
89,139,0.654,0.721,-0.021
89,14,0.283,0.361,-0.039
89,140,0.574,0.65,-0.027
89,141,0.748,0.802,-0.015
89,142,0.629,0.699,-0.023
89,143,0.638,0.707,-0.022
89,144,0.534,0.613,-0.03
89,145,0.535,0.614,-0.029
89,146,0.481,0.563,-0.034
89,147,0.483,0.565,-0.033
89,148,0.529,0.608,-0.03
89,149,0.487,0.568,-0.033
89,15,0.165,0.229,-0.05
89,150,0.458,0.541,-0.036
89,151,0.413,0.496,-0.039
89,152,0.302,0.382,-0.05
89,153,0.473,0.555,-0.035
89,154,0.354,0.436,-0.045
89,155,0.4,0.483,-0.041
89,156,0.435,0.518,-0.038
89,157,0.422,0.506,-0.039
89,158,0.534,0.613,-0.03
89,159,0.555,0.633,-0.029
89,16,0.261,0.338,-0.04
89,160,0.557,0.634,-0.029
89,161,0.478,0.56,-0.035
89,162,0.474,0.556,-0.035
89,163,0.636,0.706,-0.023
89,164,0.608,0.681,-0.025
89,165,0.635,0.705,-0.023
89,166,0.418,0.501,-0.04
89,167,0.504,0.585,-0.033
89,168,0.476,0.558,-0.035
89,169,0.563,0.64,-0.028
89,17,0.282,0.361,-0.038
89,170,0.797,0.843,-0.013
89,171,0.56,0.637,-0.029
89,172,0.56,0.637,-0.029
89,173,0.732,0.789,-0.017
89,174,0.777,0.826,-0.014
89,175,0.465,0.548,-0.036
89,176,0.461,0.544,-0.036
89,177,0.365,0.448,-0.044
89,178,0.5,0.581,-0.033
89,179,0.392,0.475,-0.042
89,18,0.477,0.559,-0.025
89,180,0.419,0.503,-0.04
89,181,0.483,0.564,-0.034
89,182,0.489,0.571,-0.034
89,183,0.613,0.685,-0.025
89,184,0.534,0.613,-0.03
89,185,0.74,0.795,-0.016
89,186,0.742,0.797,-0.016
89,187,0.844,0.88,-0.01
89,188,0.713,0.773,-0.018
89,189,0.724,0.782,-0.017
89,19,0.399,0.482,-0.03
89,190,0.654,0.722,-0.022
89,191,0.855,0.89,-0.009
89,192,0.7,0.762,-0.018
89,193,0.861,0.894,-0.008
89,194,0.996,0.997,0.0
89,195,0.914,0.935,0.005
89,196,0.996,0.997,-0.0
89,197,0.603,0.676,-0.025
89,198,0.778,0.827,-0.013
89,199,0.832,0.871,-0.01
89,20,0.637,0.707,-0.017
89,200,0.85,0.886,-0.009
89,201,0.712,0.771,-0.017
89,202,0.603,0.676,-0.025
89,203,0.695,0.757,-0.018
89,204,0.68,0.745,-0.019
89,205,0.661,0.728,-0.021
89,206,0.525,0.605,-0.03
89,207,0.577,0.653,-0.026
89,208,0.554,0.632,-0.028
89,209,0.508,0.589,-0.031
89,21,0.664,0.731,-0.015
89,210,0.399,0.482,-0.04
89,211,0.489,0.571,-0.033
89,212,0.346,0.428,-0.045
89,213,0.274,0.352,-0.053
89,214,0.207,0.277,-0.061
89,215,0.166,0.23,-0.067
89,216,0.246,0.321,-0.056
89,217,0.225,0.298,-0.059
89,218,0.198,0.267,-0.063
89,219,0.229,0.302,-0.06
89,22,0.685,0.749,-0.014
89,220,0.273,0.351,-0.055
89,221,0.165,0.229,-0.07
89,222,0.211,0.282,-0.064
89,223,0.151,0.212,-0.074
89,224,0.177,0.243,-0.07
89,225,0.135,0.193,-0.078
89,226,0.163,0.226,-0.074
89,227,0.183,0.25,-0.071
89,228,0.17,0.234,-0.074
89,229,0.15,0.211,-0.078
89,23,0.68,0.745,-0.015
89,230,0.172,0.237,-0.075
89,231,0.173,0.239,-0.076
89,232,0.219,0.291,-0.069
89,233,0.201,0.27,-0.073
89,234,0.211,0.282,-0.072
89,235,0.171,0.236,-0.08
89,236,0.178,0.244,-0.08
89,237,0.17,0.234,-0.082
89,238,0.229,0.302,-0.073
89,239,0.16,0.222,-0.086
89,24,0.627,0.698,-0.017
89,240,0.202,0.271,-0.079
89,241,0.159,0.221,-0.089
89,242,0.16,0.223,-0.09
89,243,0.195,0.263,-0.084
89,244,0.225,0.298,-0.079
89,245,0.159,0.222,-0.093
89,246,0.112,0.164,-0.106
89,247,0.139,0.197,-0.1
89,248,0.163,0.226,-0.095
89,249,0.106,0.157,-0.112
89,25,0.586,0.661,-0.02
89,250,0.124,0.179,-0.108
89,251,0.186,0.253,-0.093
89,26,0.882,0.911,-0.005
89,27,0.629,0.699,-0.017
89,28,0.727,0.784,-0.013
89,29,0.665,0.731,-0.016
89,30,0.759,0.811,-0.011
89,31,0.381,0.464,-0.032
89,32,0.457,0.54,-0.027
89,33,0.482,0.564,-0.026
89,34,0.569,0.646,-0.021
89,35,0.381,0.464,-0.032
89,36,0.606,0.679,-0.019
89,37,0.498,0.579,-0.025
89,38,0.519,0.599,-0.024
89,39,0.439,0.522,-0.029
89,40,0.542,0.62,-0.023
89,41,0.502,0.583,-0.025
89,42,0.667,0.733,-0.016
89,43,0.452,0.535,-0.028
89,44,0.545,0.623,-0.023
89,45,0.752,0.805,-0.012
89,46,0.764,0.816,-0.012
89,47,0.625,0.696,-0.019
89,48,0.628,0.698,-0.019
89,49,0.573,0.649,-0.022
89,50,0.727,0.784,-0.014
89,51,0.529,0.609,-0.025
89,52,0.699,0.761,-0.015
89,53,0.646,0.715,-0.018
89,54,0.55,0.628,-0.024
89,55,0.542,0.621,-0.025
89,56,0.744,0.799,-0.013
89,57,0.745,0.8,-0.013
89,58,0.831,0.87,-0.009
89,59,0.901,0.925,-0.005
89,60,0.672,0.737,-0.018
89,61,0.685,0.748,-0.017
89,62,0.703,0.764,-0.016
89,63,0.66,0.727,-0.019
89,64,0.917,0.938,-0.004
89,65,0.71,0.77,-0.016
89,66,0.771,0.821,-0.012
89,67,0.56,0.638,-0.025
89,68,0.815,0.858,-0.01
89,69,0.68,0.745,-0.018
89,7,0.369,0.452,-0.034
89,70,0.5,0.581,-0.029
89,71,0.674,0.739,-0.018
89,72,0.714,0.773,-0.016
89,73,0.672,0.737,-0.019
89,74,0.573,0.649,-0.025
89,75,0.711,0.771,-0.017
89,76,0.671,0.736,-0.019
89,77,0.657,0.724,-0.02
89,78,0.692,0.755,-0.018
89,79,0.659,0.726,-0.02
89,8,0.347,0.429,-0.036
89,80,0.853,0.888,-0.008
89,81,0.555,0.633,-0.027
89,82,0.641,0.71,-0.021
89,83,0.676,0.74,-0.019
89,84,0.662,0.728,-0.02
89,85,0.76,0.812,-0.014
89,86,0.682,0.746,-0.019
89,87,0.62,0.692,-0.023
89,88,0.604,0.677,-0.024
89,89,0.691,0.754,-0.018
89,9,0.278,0.356,-0.04
89,90,0.706,0.766,-0.017
89,91,0.729,0.786,-0.016
89,92,0.665,0.732,-0.02
89,93,0.538,0.617,-0.028
89,94,0.49,0.571,-0.032
89,95,0.559,0.637,-0.027
89,96,0.624,0.695,-0.023
89,97,0.543,0.622,-0.028
89,98,0.498,0.579,-0.031
89,99,0.581,0.656,-0.025
9,10,0.678,0.742,-0.014
9,100,0.982,0.987,-0.001
9,101,0.77,0.82,-0.011
9,102,0.797,0.843,-0.01
9,103,0.521,0.601,-0.025
9,104,0.392,0.476,-0.033
9,105,0.697,0.759,-0.015
9,106,0.681,0.745,-0.016
9,107,0.897,0.922,-0.005
9,108,0.922,0.942,0.004
9,109,0.702,0.763,-0.015
9,11,0.976,0.983,-0.001
9,110,0.885,0.913,-0.006
9,111,0.856,0.89,0.007
9,112,0.937,0.953,0.003
9,113,0.785,0.833,0.011
9,114,0.882,0.911,0.006
9,115,0.828,0.868,-0.009
9,116,0.97,0.978,0.001
9,117,0.956,0.967,-0.002
9,118,0.934,0.95,-0.003
9,119,0.996,0.997,0.0
9,12,0.833,0.872,-0.007
9,120,0.946,0.96,-0.003
9,121,0.934,0.951,0.003
9,122,0.848,0.883,0.008
9,123,0.744,0.799,0.013
9,124,0.736,0.792,0.014
9,125,0.733,0.79,0.014
9,126,0.629,0.699,0.02
9,127,0.558,0.636,0.024
9,128,0.503,0.584,0.027
9,129,0.457,0.54,0.03
9,13,0.715,0.774,-0.012
9,130,0.835,0.874,0.008
9,131,0.619,0.691,0.02
9,132,0.705,0.766,0.015
9,133,0.581,0.657,0.023
9,134,0.555,0.633,0.024
9,135,0.735,0.791,0.014
9,136,0.925,0.943,0.004
9,137,0.89,0.916,-0.006
9,138,0.768,0.819,0.012
9,139,0.923,0.943,0.004
9,14,0.751,0.804,-0.011
9,140,0.915,0.936,0.004
9,141,0.98,0.985,0.001
9,142,0.962,0.972,0.002
9,143,0.874,0.904,-0.007
9,144,0.946,0.959,-0.003
9,145,0.927,0.946,-0.004
9,146,0.866,0.898,-0.007
9,147,0.825,0.865,-0.009
9,148,0.797,0.843,-0.011
9,149,0.834,0.872,-0.009
9,15,0.972,0.979,0.001
9,150,0.929,0.947,-0.004
9,151,0.969,0.977,0.002
9,152,0.939,0.955,0.003
9,153,0.939,0.954,0.003
9,154,0.96,0.97,0.002
9,155,0.946,0.96,0.003
9,156,0.995,0.996,-0.0
9,157,0.967,0.975,0.002
9,158,0.989,0.992,0.001
9,159,0.911,0.933,-0.005
9,16,0.656,0.724,-0.015
9,160,0.914,0.935,-0.005
9,161,0.919,0.939,-0.004
9,162,0.964,0.973,-0.002
9,163,0.81,0.854,-0.01
9,164,0.959,0.969,-0.002
9,165,0.843,0.88,-0.008
9,166,0.841,0.878,-0.009
9,167,0.676,0.741,-0.018
9,168,0.612,0.684,-0.022
9,169,0.597,0.671,-0.023
9,17,0.658,0.725,-0.015
9,170,0.555,0.632,-0.025
9,171,0.582,0.657,-0.024
9,172,0.521,0.601,-0.028
9,173,0.534,0.613,-0.027
9,174,0.565,0.642,-0.025
9,175,0.756,0.809,-0.013
9,176,0.776,0.826,-0.012
9,177,0.848,0.884,-0.008
9,178,0.612,0.684,-0.022
9,179,0.443,0.526,-0.034
9,18,0.825,0.865,-0.007
9,180,0.763,0.815,-0.013
9,181,0.636,0.706,-0.021
9,182,0.638,0.708,-0.021
9,183,0.649,0.717,-0.02
9,184,0.661,0.728,-0.02
9,185,0.802,0.846,-0.011
9,186,0.815,0.857,-0.011
9,187,0.565,0.642,-0.026
9,188,0.744,0.799,-0.015
9,189,0.687,0.75,-0.019
9,19,0.53,0.61,-0.021
9,190,0.613,0.686,-0.023
9,191,0.953,0.965,-0.003
9,192,0.948,0.961,0.003
9,193,0.896,0.922,0.006
9,194,0.967,0.975,-0.002
9,195,0.829,0.868,-0.01
9,196,0.858,0.892,-0.009
9,197,0.889,0.916,-0.007
9,198,0.943,0.957,-0.004
9,199,0.899,0.924,-0.006
9,20,0.728,0.785,-0.011
9,200,0.896,0.922,-0.006
9,201,0.626,0.697,-0.024
9,202,0.814,0.856,-0.012
9,203,0.898,0.923,-0.006
9,204,0.991,0.993,-0.001
9,205,0.623,0.694,-0.025
9,206,0.727,0.784,-0.018
9,207,0.894,0.92,-0.007
9,208,0.805,0.849,-0.013
9,209,0.914,0.935,-0.006
9,21,0.85,0.885,-0.006
9,210,0.956,0.968,-0.003
9,211,0.796,0.842,-0.014
9,212,0.903,0.927,-0.007
9,213,0.768,0.819,-0.016
9,214,0.779,0.828,-0.015
9,215,0.812,0.855,-0.013
9,216,0.697,0.759,-0.021
9,217,0.766,0.817,-0.016
9,218,0.929,0.947,-0.005
9,219,0.804,0.848,-0.014
9,22,0.631,0.702,-0.016
9,220,0.947,0.96,-0.004
9,221,0.881,0.91,-0.009
9,222,0.822,0.863,-0.013
9,223,0.573,0.649,-0.032
9,224,0.799,0.844,-0.015
9,225,0.817,0.859,-0.013
9,226,0.817,0.859,-0.014
9,227,0.779,0.828,-0.017
9,228,0.851,0.886,-0.011
9,229,0.986,0.99,-0.001
9,23,0.795,0.841,-0.009
9,230,0.899,0.924,-0.008
9,231,0.783,0.831,-0.016
9,232,0.852,0.887,-0.011
9,233,0.781,0.829,-0.017
9,234,0.8,0.845,-0.015
9,235,0.901,0.925,-0.008
9,236,0.877,0.907,-0.009
9,237,0.705,0.766,-0.023
9,238,0.702,0.764,-0.024
9,239,0.715,0.775,-0.022
9,24,0.852,0.887,-0.006
9,240,0.653,0.721,-0.028
9,241,0.62,0.691,-0.031
9,242,0.543,0.621,-0.038
9,243,0.547,0.626,-0.038
9,244,0.873,0.904,-0.01
9,245,0.737,0.793,-0.021
9,246,0.833,0.872,-0.013
9,247,0.877,0.907,-0.01
9,248,0.809,0.852,-0.016
9,249,0.975,0.982,-0.002
9,25,0.741,0.796,-0.011
9,250,0.792,0.839,-0.017
9,251,0.894,0.919,0.009
9,26,0.976,0.982,-0.001
9,27,0.734,0.791,-0.011
9,28,0.93,0.948,-0.003
9,29,1.0,1.0,-0.0
9,30,0.982,0.987,-0.001
9,31,0.809,0.852,0.008
9,32,0.779,0.828,-0.009
9,33,0.862,0.895,-0.006
9,34,0.885,0.913,0.005
9,35,0.658,0.725,-0.015
9,36,0.858,0.892,-0.006
9,37,0.762,0.814,-0.01
9,38,0.847,0.883,-0.006
9,39,0.851,0.886,-0.006
9,40,0.905,0.928,0.004
9,41,0.936,0.952,0.003
9,42,0.891,0.918,-0.005
9,43,0.682,0.746,0.014
9,44,0.987,0.99,-0.001
9,45,0.97,0.978,0.001
9,46,0.894,0.92,-0.004
9,47,0.785,0.832,0.009
9,48,0.922,0.941,0.003
9,49,0.556,0.634,0.02
9,50,0.942,0.957,-0.002
9,51,0.794,0.84,0.009
9,52,0.691,0.754,0.013
9,53,0.904,0.927,0.004
9,54,0.974,0.98,0.001
9,55,0.877,0.906,0.005
9,56,0.853,0.888,0.006
9,57,0.869,0.9,0.006
9,58,0.938,0.954,-0.003
9,59,0.989,0.992,-0.0
9,60,0.814,0.856,-0.008
9,61,0.872,0.903,0.006
9,62,0.896,0.921,-0.005
9,63,0.64,0.71,-0.016
9,64,0.942,0.957,-0.003
9,65,0.828,0.868,-0.008
9,66,0.885,0.913,-0.005
9,67,0.743,0.798,-0.011
9,68,0.968,0.976,0.001
9,69,0.794,0.84,-0.009
9,7,0.563,0.64,-0.02
9,70,0.641,0.71,-0.016
9,71,0.989,0.992,-0.0
9,72,0.974,0.981,0.001
9,73,0.991,0.993,-0.0
9,74,0.992,0.994,0.0
9,75,0.791,0.838,0.009
9,76,0.944,0.958,0.003
9,77,0.97,0.977,0.001
9,78,0.922,0.941,0.004
9,79,0.842,0.879,0.007
9,8,0.597,0.671,-0.018
9,80,0.922,0.942,-0.004
9,81,0.795,0.841,-0.009
9,82,0.891,0.917,0.005
9,83,0.77,0.82,0.011
9,84,0.954,0.966,-0.002
9,85,0.976,0.982,0.001
9,86,0.757,0.81,0.011
9,87,0.816,0.858,0.009
9,88,0.757,0.81,0.011
9,89,0.969,0.977,0.001
9,9,0.562,0.639,-0.02
9,90,0.814,0.857,0.009
9,91,0.768,0.819,0.011
9,92,0.912,0.934,0.004
9,93,0.701,0.762,0.014
9,94,0.807,0.85,0.009
9,95,0.84,0.877,-0.008
9,96,0.943,0.957,-0.003
9,97,0.93,0.948,-0.003
9,98,0.988,0.991,0.001
9,99,0.915,0.936,0.004
90,10,0.202,0.272,-0.047
90,100,0.581,0.656,-0.026
90,101,0.52,0.6,-0.03
90,102,0.702,0.763,-0.018
90,103,0.519,0.599,-0.03
90,104,0.435,0.518,-0.036
90,105,0.555,0.633,-0.028
90,106,0.429,0.512,-0.037
90,107,0.464,0.547,-0.034
90,108,0.616,0.688,-0.023
90,109,0.676,0.741,-0.02
90,11,0.221,0.293,-0.045
90,110,0.505,0.586,-0.031
90,111,0.585,0.66,-0.025
90,112,0.737,0.793,-0.016
90,113,0.757,0.81,-0.014
90,114,0.553,0.631,-0.028
90,115,0.637,0.707,-0.022
90,116,0.704,0.765,-0.018
90,117,0.789,0.836,-0.013
90,118,0.716,0.776,-0.017
90,119,0.665,0.731,-0.02
90,12,0.141,0.2,-0.053
90,120,0.68,0.744,-0.019
90,121,0.844,0.88,-0.009
90,122,0.609,0.682,-0.024
90,123,0.502,0.583,-0.032
90,124,0.499,0.58,-0.032
90,125,0.497,0.578,-0.032
90,126,0.675,0.74,-0.02
90,127,0.745,0.8,-0.015
90,128,0.665,0.731,-0.021
90,129,0.614,0.686,-0.024
90,13,0.327,0.408,-0.035
90,130,0.647,0.715,-0.022
90,131,0.453,0.536,-0.036
90,132,0.409,0.492,-0.039
90,133,0.327,0.409,-0.047
90,134,0.523,0.603,-0.03
90,135,0.429,0.512,-0.038
90,136,0.412,0.495,-0.039
90,137,0.275,0.353,-0.052
90,138,0.264,0.341,-0.053
90,139,0.275,0.353,-0.052
90,14,0.226,0.299,-0.043
90,140,0.297,0.377,-0.05
90,141,0.335,0.417,-0.046
90,142,0.445,0.528,-0.036
90,143,0.343,0.425,-0.045
90,144,0.333,0.415,-0.046
90,145,0.469,0.552,-0.035
90,146,0.405,0.488,-0.04
90,147,0.453,0.536,-0.036
90,148,0.436,0.519,-0.038
90,149,0.434,0.517,-0.038
90,15,0.282,0.361,-0.038
90,150,0.423,0.506,-0.039
90,151,0.442,0.525,-0.037
90,152,0.461,0.544,-0.036
90,153,0.468,0.55,-0.035
90,154,0.571,0.647,-0.028
90,155,0.582,0.657,-0.027
90,156,0.575,0.651,-0.027
90,157,0.602,0.675,-0.026
90,158,0.535,0.614,-0.03
90,159,0.727,0.784,-0.017
90,16,0.457,0.54,-0.027
90,160,0.648,0.716,-0.022
90,161,0.466,0.548,-0.036
90,162,0.502,0.583,-0.033
90,163,0.69,0.753,-0.02
90,164,0.497,0.578,-0.034
90,165,0.469,0.551,-0.036
90,166,0.378,0.461,-0.044
90,167,0.461,0.543,-0.036
90,168,0.389,0.472,-0.043
90,169,0.396,0.479,-0.042
90,17,0.435,0.518,-0.028
90,170,0.53,0.61,-0.031
90,171,0.478,0.56,-0.035
90,172,0.475,0.557,-0.035
90,173,0.491,0.572,-0.034
90,174,0.601,0.675,-0.026
90,175,0.455,0.538,-0.037
90,176,0.518,0.599,-0.032
90,177,0.593,0.668,-0.026
90,178,0.576,0.652,-0.028
90,179,0.844,0.881,-0.01
90,18,0.468,0.551,-0.026
90,180,0.915,0.936,-0.005
90,181,0.789,0.836,-0.013
90,182,0.762,0.813,-0.015
90,183,0.68,0.744,-0.02
90,184,0.678,0.743,-0.02
90,185,0.725,0.783,-0.017
90,186,0.828,0.868,-0.011
90,187,0.744,0.799,-0.016
90,188,0.839,0.877,-0.01
90,189,0.763,0.814,-0.015
90,19,0.397,0.48,-0.03
90,190,0.77,0.821,-0.014
90,191,0.718,0.777,-0.017
90,192,0.791,0.838,-0.013
90,193,0.639,0.708,-0.022
90,194,0.712,0.772,-0.018
90,195,0.694,0.756,-0.019
90,196,0.696,0.758,-0.018
90,197,0.781,0.83,-0.013
90,198,0.754,0.807,-0.015
90,199,0.735,0.791,-0.016
90,20,0.592,0.667,-0.019
90,200,0.843,0.88,-0.009
90,201,0.745,0.799,-0.015
90,202,0.5,0.581,-0.032
90,203,0.542,0.621,-0.029
90,204,0.544,0.622,-0.029
90,205,0.446,0.529,-0.036
90,206,0.381,0.464,-0.041
90,207,0.403,0.486,-0.04
90,208,0.464,0.546,-0.035
90,209,0.343,0.425,-0.045
90,21,0.501,0.582,-0.024
90,210,0.32,0.401,-0.047
90,211,0.224,0.296,-0.058
90,212,0.22,0.293,-0.059
90,213,0.262,0.339,-0.054
90,214,0.198,0.267,-0.062
90,215,0.224,0.297,-0.059
90,216,0.234,0.307,-0.058
90,217,0.146,0.206,-0.072
90,218,0.176,0.242,-0.067
90,219,0.243,0.318,-0.058
90,22,0.392,0.475,-0.031
90,220,0.309,0.389,-0.051
90,221,0.276,0.354,-0.055
90,222,0.233,0.307,-0.061
90,223,0.193,0.262,-0.067
90,224,0.144,0.203,-0.076
90,225,0.188,0.256,-0.069
90,226,0.252,0.328,-0.061
90,227,0.165,0.229,-0.074
90,228,0.147,0.208,-0.079
90,229,0.102,0.152,-0.09
90,23,0.423,0.506,-0.029
90,230,0.229,0.303,-0.067
90,231,0.159,0.221,-0.079
90,232,0.1,0.15,-0.093
90,233,0.146,0.206,-0.084
90,234,0.154,0.215,-0.083
90,235,0.163,0.226,-0.082
90,236,0.165,0.228,-0.083
90,237,0.212,0.283,-0.075
90,238,0.302,0.382,-0.063
90,239,0.279,0.357,-0.067
90,24,0.454,0.537,-0.027
90,240,0.254,0.33,-0.071
90,241,0.272,0.349,-0.07
90,242,0.199,0.268,-0.082
90,243,0.216,0.287,-0.08
90,244,0.282,0.361,-0.07
90,245,0.273,0.351,-0.073
90,246,0.29,0.369,-0.071
90,247,0.234,0.308,-0.08
90,248,0.201,0.27,-0.087
90,249,0.235,0.309,-0.082
90,25,0.437,0.52,-0.028
90,250,0.349,0.431,-0.065
90,251,0.468,0.551,-0.051
90,26,0.539,0.618,-0.022
90,27,0.791,0.838,-0.01
90,28,0.749,0.803,-0.012
90,29,0.545,0.624,-0.022
90,30,0.854,0.889,-0.007
90,31,0.583,0.658,-0.02
90,32,0.748,0.802,-0.012
90,33,0.778,0.827,-0.01
90,34,0.865,0.897,-0.006
90,35,0.714,0.774,-0.013
90,36,0.773,0.823,-0.011
90,37,0.901,0.925,-0.005
90,38,0.74,0.796,-0.012
90,39,0.857,0.891,-0.007
90,40,0.723,0.781,-0.013
90,41,0.668,0.734,-0.016
90,42,0.804,0.848,-0.009
90,43,0.76,0.812,-0.012
90,44,0.584,0.659,-0.021
90,45,0.632,0.702,-0.018
90,46,0.714,0.773,-0.014
90,47,0.616,0.688,-0.019
90,48,0.343,0.425,-0.037
90,49,0.675,0.74,-0.016
90,50,0.7,0.762,-0.015
90,51,0.503,0.584,-0.026
90,52,0.305,0.385,-0.04
90,53,0.311,0.391,-0.04
90,54,0.388,0.471,-0.035
90,55,0.401,0.485,-0.034
90,56,0.401,0.484,-0.034
90,57,0.277,0.355,-0.044
90,58,0.317,0.398,-0.041
90,59,0.298,0.378,-0.043
90,60,0.327,0.408,-0.041
90,61,0.491,0.573,-0.028
90,62,0.255,0.331,-0.048
90,63,0.343,0.425,-0.04
90,64,0.391,0.474,-0.036
90,65,0.455,0.537,-0.032
90,66,0.511,0.592,-0.028
90,67,0.657,0.724,-0.019
90,68,0.4,0.483,-0.036
90,69,0.43,0.513,-0.034
90,7,0.358,0.441,-0.035
90,70,0.364,0.447,-0.039
90,71,0.536,0.615,-0.027
90,72,0.653,0.721,-0.02
90,73,0.615,0.687,-0.022
90,74,0.509,0.59,-0.029
90,75,0.375,0.458,-0.039
90,76,0.512,0.592,-0.029
90,77,0.717,0.776,-0.016
90,78,0.471,0.553,-0.032
90,79,0.57,0.646,-0.026
90,8,0.136,0.194,-0.056
90,80,0.622,0.694,-0.022
90,81,0.691,0.754,-0.018
90,82,0.557,0.635,-0.027
90,83,0.603,0.677,-0.024
90,84,0.454,0.537,-0.034
90,85,0.657,0.724,-0.02
90,86,0.521,0.601,-0.029
90,87,0.559,0.637,-0.027
90,88,0.516,0.596,-0.03
90,89,0.734,0.791,-0.016
90,9,0.249,0.324,-0.043
90,90,0.603,0.676,-0.024
90,91,0.665,0.731,-0.02
90,92,0.697,0.759,-0.018
90,93,0.866,0.898,-0.008
90,94,0.582,0.657,-0.026
90,95,0.577,0.653,-0.026
90,96,0.813,0.856,-0.011
90,97,0.918,0.939,-0.005
90,98,0.658,0.725,-0.021
90,99,0.682,0.746,-0.019
91,10,0.543,0.622,-0.022
91,100,0.39,0.473,-0.04
91,101,0.514,0.594,-0.031
91,102,0.816,0.858,-0.011
91,103,0.68,0.744,-0.019
91,104,0.559,0.636,-0.027
91,105,0.616,0.688,-0.024
91,106,0.466,0.548,-0.034
91,107,0.455,0.538,-0.035
91,108,0.409,0.492,-0.039
91,109,0.493,0.575,-0.032
91,11,0.51,0.591,-0.024
91,110,0.537,0.616,-0.029
91,111,0.694,0.756,-0.019
91,112,0.653,0.721,-0.021
91,113,0.761,0.813,-0.014
91,114,0.759,0.811,-0.015
91,115,0.651,0.719,-0.021
91,116,0.728,0.785,-0.017
91,117,0.54,0.618,-0.029
91,118,0.46,0.543,-0.035
91,119,0.485,0.567,-0.033
91,12,0.266,0.343,-0.04
91,120,0.451,0.533,-0.036
91,121,0.433,0.516,-0.037
91,122,0.424,0.507,-0.038
91,123,0.502,0.583,-0.032
91,124,0.466,0.548,-0.035
91,125,0.415,0.498,-0.039
91,126,0.464,0.546,-0.035
91,127,0.427,0.51,-0.038
91,128,0.386,0.469,-0.042
91,129,0.361,0.444,-0.044
91,13,0.305,0.385,-0.037
91,130,0.426,0.509,-0.038
91,131,0.362,0.445,-0.044
91,132,0.395,0.479,-0.041
91,133,0.426,0.51,-0.038
91,134,0.264,0.341,-0.054
91,135,0.382,0.465,-0.042
91,136,0.5,0.581,-0.032
91,137,0.347,0.429,-0.045
91,138,0.386,0.47,-0.042
91,139,0.357,0.439,-0.045
91,14,0.283,0.361,-0.038
91,140,0.554,0.632,-0.029
91,141,0.524,0.603,-0.031
91,142,0.374,0.457,-0.043
91,143,0.362,0.444,-0.044
91,144,0.434,0.517,-0.038
91,145,0.306,0.387,-0.05
91,146,0.264,0.341,-0.054
91,147,0.326,0.408,-0.048
91,148,0.312,0.392,-0.049
91,149,0.348,0.43,-0.046
91,15,0.263,0.34,-0.04
91,150,0.287,0.366,-0.052
91,151,0.215,0.287,-0.061
91,152,0.225,0.297,-0.06
91,153,0.328,0.41,-0.048
91,154,0.368,0.451,-0.044
91,155,0.235,0.309,-0.058
91,156,0.394,0.478,-0.042
91,157,0.323,0.404,-0.049
91,158,0.43,0.514,-0.039
91,159,0.397,0.48,-0.042
91,16,0.186,0.253,-0.047
91,160,0.529,0.609,-0.031
91,161,0.599,0.673,-0.026
91,162,0.458,0.541,-0.037
91,163,0.414,0.497,-0.04
91,164,0.298,0.377,-0.051
91,165,0.297,0.376,-0.052
91,166,0.286,0.365,-0.053
91,167,0.256,0.333,-0.056
91,168,0.282,0.36,-0.053
91,169,0.358,0.44,-0.046
91,17,0.231,0.304,-0.043
91,170,0.369,0.452,-0.044
91,171,0.445,0.528,-0.038
91,172,0.36,0.443,-0.045
91,173,0.256,0.332,-0.056
91,174,0.289,0.368,-0.052
91,175,0.479,0.561,-0.035
91,176,0.531,0.611,-0.031
91,177,0.486,0.568,-0.034
91,178,0.452,0.535,-0.037
91,179,0.552,0.63,-0.029
91,18,0.395,0.478,-0.03
91,180,0.479,0.561,-0.035
91,181,0.527,0.607,-0.031
91,182,0.58,0.655,-0.027
91,183,0.52,0.6,-0.031
91,184,0.731,0.788,-0.017
91,185,0.683,0.747,-0.02
91,186,0.833,0.872,-0.01
91,187,0.79,0.837,-0.013
91,188,0.711,0.771,-0.018
91,189,0.591,0.666,-0.026
91,19,0.306,0.387,-0.036
91,190,0.763,0.815,-0.014
91,191,0.735,0.792,-0.016
91,192,0.506,0.586,-0.032
91,193,0.583,0.658,-0.026
91,194,0.471,0.553,-0.034
91,195,0.406,0.489,-0.039
91,196,0.416,0.5,-0.038
91,197,0.519,0.599,-0.031
91,198,0.645,0.714,-0.022
91,199,0.512,0.592,-0.031
91,20,0.28,0.359,-0.038
91,200,0.545,0.623,-0.029
91,201,0.518,0.598,-0.03
91,202,0.628,0.698,-0.023
91,203,0.658,0.725,-0.021
91,204,0.511,0.591,-0.031
91,205,0.612,0.684,-0.024
91,206,0.848,0.884,-0.009
91,207,0.532,0.611,-0.03
91,208,0.547,0.625,-0.029
91,209,0.461,0.544,-0.035
91,21,0.447,0.53,-0.027
91,210,0.252,0.328,-0.055
91,211,0.284,0.362,-0.052
91,212,0.252,0.328,-0.055
91,213,0.284,0.363,-0.052
91,214,0.234,0.307,-0.058
91,215,0.216,0.288,-0.061
91,216,0.21,0.281,-0.062
91,217,0.133,0.191,-0.075
91,218,0.102,0.152,-0.082
91,219,0.168,0.232,-0.07
91,22,0.392,0.475,-0.031
91,220,0.127,0.183,-0.078
91,221,0.159,0.221,-0.072
91,222,0.188,0.255,-0.068
91,223,0.096,0.144,-0.087
91,224,0.074,0.115,-0.094
91,225,0.128,0.184,-0.081
91,226,0.068,0.107,-0.099
91,227,0.087,0.132,-0.093
91,228,0.155,0.217,-0.078
91,229,0.109,0.16,-0.09
91,23,0.318,0.398,-0.036
91,230,0.082,0.126,-0.098
91,231,0.119,0.173,-0.089
91,232,0.122,0.177,-0.089
91,233,0.196,0.265,-0.076
91,234,0.125,0.18,-0.091
91,235,0.134,0.191,-0.09
91,236,0.161,0.224,-0.085
91,237,0.198,0.267,-0.079
91,238,0.21,0.281,-0.077
91,239,0.224,0.297,-0.076
91,24,0.442,0.525,-0.027
91,240,0.22,0.292,-0.077
91,241,0.125,0.18,-0.098
91,242,0.127,0.183,-0.098
91,243,0.162,0.225,-0.091
91,244,0.234,0.308,-0.079
91,245,0.195,0.264,-0.086
91,246,0.193,0.262,-0.087
91,247,0.24,0.315,-0.08
91,248,0.178,0.244,-0.092
91,249,0.297,0.376,-0.072
91,25,0.452,0.534,-0.027
91,250,0.204,0.275,-0.088
91,251,0.212,0.283,-0.088
91,26,0.551,0.629,-0.021
91,27,0.535,0.614,-0.022
91,28,0.432,0.515,-0.028
91,29,0.393,0.476,-0.031
91,30,0.483,0.565,-0.025
91,31,0.612,0.685,-0.018
91,32,0.454,0.537,-0.027
91,33,0.622,0.693,-0.018
91,34,0.521,0.601,-0.023
91,35,0.488,0.569,-0.025
91,36,0.457,0.539,-0.027
91,37,0.378,0.461,-0.032
91,38,0.396,0.479,-0.031
91,39,0.641,0.71,-0.017
91,40,0.768,0.819,-0.011
91,41,0.453,0.536,-0.028
91,42,0.426,0.509,-0.03
91,43,0.498,0.579,-0.025
91,44,0.537,0.616,-0.023
91,45,0.571,0.647,-0.021
91,46,0.521,0.601,-0.024
91,47,0.504,0.584,-0.025
91,48,0.525,0.605,-0.024
91,49,0.379,0.462,-0.034
91,50,0.265,0.342,-0.043
91,51,0.446,0.529,-0.03
91,52,0.519,0.599,-0.025
91,53,0.488,0.57,-0.027
91,54,0.518,0.598,-0.026
91,55,0.263,0.339,-0.045
91,56,0.278,0.356,-0.044
91,57,0.495,0.576,-0.027
91,58,0.231,0.304,-0.048
91,59,0.481,0.563,-0.029
91,60,0.331,0.413,-0.04
91,61,0.33,0.412,-0.04
91,62,0.409,0.493,-0.034
91,63,0.339,0.421,-0.04
91,64,0.369,0.452,-0.038
91,65,0.472,0.554,-0.03
91,66,0.427,0.511,-0.034
91,67,0.441,0.524,-0.033
91,68,0.41,0.493,-0.035
91,69,0.459,0.542,-0.032
91,7,0.414,0.498,-0.031
91,70,0.49,0.571,-0.03
91,71,0.349,0.431,-0.041
91,72,0.462,0.544,-0.032
91,73,0.464,0.547,-0.032
91,74,0.463,0.546,-0.032
91,75,0.454,0.537,-0.033
91,76,0.574,0.65,-0.025
91,77,0.498,0.579,-0.03
91,78,0.48,0.562,-0.032
91,79,0.59,0.664,-0.024
91,8,0.235,0.308,-0.044
91,80,0.404,0.487,-0.038
91,81,0.339,0.421,-0.043
91,82,0.396,0.48,-0.039
91,83,0.37,0.453,-0.041
91,84,0.532,0.611,-0.029
91,85,0.553,0.631,-0.027
91,86,0.485,0.567,-0.032
91,87,0.574,0.65,-0.026
91,88,0.328,0.409,-0.045
91,89,0.47,0.552,-0.033
91,9,0.229,0.303,-0.045
91,90,0.65,0.718,-0.021
91,91,0.56,0.637,-0.027
91,92,0.502,0.583,-0.031
91,93,0.474,0.556,-0.033
91,94,0.447,0.53,-0.035
91,95,0.509,0.59,-0.031
91,96,0.662,0.729,-0.02
91,97,0.49,0.571,-0.032
91,98,0.45,0.533,-0.035
91,99,0.358,0.44,-0.043
92,10,0.215,0.286,-0.046
92,100,0.545,0.623,-0.028
92,101,0.423,0.506,-0.038
92,102,0.409,0.492,-0.039
92,103,0.404,0.487,-0.039
92,104,0.571,0.647,-0.027
92,105,0.459,0.541,-0.035
92,106,0.348,0.43,-0.044
92,107,0.283,0.361,-0.051
92,108,0.415,0.498,-0.039
92,109,0.668,0.734,-0.02
92,11,0.425,0.508,-0.029
92,110,0.745,0.8,-0.015
92,111,0.547,0.626,-0.029
92,112,0.645,0.714,-0.022
92,113,0.703,0.764,-0.018
92,114,0.555,0.633,-0.028
92,115,0.557,0.635,-0.028
92,116,0.576,0.652,-0.027
92,117,0.742,0.797,-0.016
92,118,0.568,0.644,-0.027
92,119,0.556,0.633,-0.028
92,12,0.268,0.345,-0.04
92,120,0.468,0.55,-0.035
92,121,0.409,0.492,-0.04
92,122,0.514,0.594,-0.031
92,123,0.479,0.561,-0.034
92,124,0.447,0.53,-0.037
92,125,0.411,0.494,-0.04
92,126,0.451,0.534,-0.036
92,127,0.364,0.446,-0.044
92,128,0.432,0.515,-0.038
92,129,0.417,0.501,-0.039
92,13,0.559,0.637,-0.021
92,130,0.48,0.562,-0.034
92,131,0.493,0.574,-0.033
92,132,0.308,0.388,-0.049
92,133,0.351,0.433,-0.045
92,134,0.391,0.474,-0.041
92,135,0.315,0.396,-0.049
92,136,0.339,0.421,-0.046
92,137,0.3,0.379,-0.05
92,138,0.35,0.432,-0.046
92,139,0.387,0.47,-0.042
92,14,0.331,0.412,-0.035
92,140,0.33,0.411,-0.047
92,141,0.429,0.512,-0.039
92,142,0.363,0.445,-0.044
92,143,0.286,0.365,-0.052
92,144,0.296,0.375,-0.051
92,145,0.204,0.274,-0.062
92,146,0.347,0.429,-0.046
92,147,0.373,0.456,-0.044
92,148,0.369,0.451,-0.044
92,149,0.291,0.37,-0.052
92,15,0.288,0.367,-0.038
92,150,0.294,0.374,-0.051
92,151,0.22,0.292,-0.06
92,152,0.282,0.36,-0.053
92,153,0.264,0.341,-0.055
92,154,0.295,0.374,-0.052
92,155,0.383,0.467,-0.043
92,156,0.332,0.414,-0.048
92,157,0.477,0.559,-0.035
92,158,0.386,0.469,-0.043
92,159,0.372,0.455,-0.044
92,16,0.776,0.825,-0.01
92,160,0.483,0.564,-0.035
92,161,0.295,0.374,-0.052
92,162,0.357,0.439,-0.046
92,163,0.434,0.517,-0.039
92,164,0.314,0.395,-0.05
92,165,0.311,0.391,-0.05
92,166,0.396,0.48,-0.042
92,167,0.401,0.484,-0.042
92,168,0.543,0.621,-0.03
92,169,0.59,0.664,-0.027
92,17,0.508,0.589,-0.024
92,170,0.576,0.652,-0.028
92,171,0.554,0.632,-0.029
92,172,0.69,0.753,-0.02
92,173,0.618,0.69,-0.025
92,174,0.711,0.771,-0.018
92,175,0.698,0.76,-0.019
92,176,0.656,0.723,-0.022
92,177,0.61,0.683,-0.025
92,178,0.641,0.71,-0.023
92,179,0.675,0.74,-0.02
92,18,0.52,0.6,-0.023
92,180,0.428,0.511,-0.039
92,181,0.473,0.555,-0.035
92,182,0.681,0.745,-0.02
92,183,0.673,0.738,-0.02
92,184,0.785,0.833,-0.013
92,185,0.596,0.67,-0.026
92,186,0.439,0.522,-0.037
92,187,0.532,0.611,-0.03
92,188,0.695,0.757,-0.019
92,189,0.574,0.65,-0.027
92,19,0.797,0.843,-0.009
92,190,0.566,0.643,-0.027
92,191,0.625,0.696,-0.023
92,192,0.666,0.733,-0.02
92,193,0.746,0.801,-0.015
92,194,0.655,0.722,-0.021
92,195,0.494,0.575,-0.032
92,196,0.603,0.677,-0.024
92,197,0.564,0.641,-0.027
92,198,0.527,0.607,-0.03
92,199,0.611,0.684,-0.024
92,20,0.642,0.711,-0.017
92,200,0.648,0.716,-0.021
92,201,0.503,0.584,-0.032
92,202,0.592,0.667,-0.025
92,203,0.562,0.639,-0.027
92,204,0.261,0.337,-0.053
92,205,0.379,0.462,-0.042
92,206,0.367,0.45,-0.043
92,207,0.485,0.567,-0.033
92,208,0.332,0.413,-0.046
92,209,0.343,0.425,-0.045
92,21,0.508,0.589,-0.024
92,210,0.3,0.38,-0.05
92,211,0.341,0.423,-0.046
92,212,0.295,0.374,-0.051
92,213,0.311,0.391,-0.05
92,214,0.328,0.409,-0.048
92,215,0.293,0.372,-0.052
92,216,0.419,0.502,-0.04
92,217,0.436,0.519,-0.039
92,218,0.29,0.369,-0.053
92,219,0.226,0.299,-0.062
92,22,0.342,0.424,-0.034
92,220,0.263,0.34,-0.057
92,221,0.25,0.326,-0.06
92,222,0.135,0.193,-0.078
92,223,0.11,0.161,-0.085
92,224,0.13,0.187,-0.081
92,225,0.14,0.199,-0.08
92,226,0.106,0.157,-0.089
92,227,0.134,0.192,-0.083
92,228,0.166,0.23,-0.078
92,229,0.194,0.263,-0.074
92,23,0.433,0.516,-0.028
92,230,0.176,0.242,-0.077
92,231,0.152,0.213,-0.083
92,232,0.17,0.235,-0.08
92,233,0.123,0.178,-0.091
92,234,0.203,0.273,-0.076
92,235,0.147,0.208,-0.088
92,236,0.167,0.231,-0.085
92,237,0.167,0.231,-0.085
92,238,0.146,0.207,-0.091
92,239,0.165,0.229,-0.088
92,24,0.618,0.69,-0.018
92,240,0.293,0.372,-0.067
92,241,0.216,0.288,-0.08
92,242,0.203,0.273,-0.083
92,243,0.287,0.365,-0.07
92,244,0.271,0.348,-0.073
92,245,0.324,0.406,-0.066
92,246,0.266,0.343,-0.075
92,247,0.297,0.377,-0.071
92,248,0.288,0.366,-0.073
92,249,0.266,0.343,-0.077
92,25,0.258,0.334,-0.04
92,250,0.299,0.379,-0.072
92,251,0.337,0.419,-0.067
92,26,0.317,0.398,-0.036
92,27,0.605,0.678,-0.018
92,28,0.67,0.736,-0.015
92,29,0.336,0.418,-0.035
92,30,0.398,0.482,-0.03
92,31,0.28,0.359,-0.039
92,32,0.41,0.494,-0.03
92,33,0.224,0.297,-0.044
92,34,0.271,0.349,-0.04
92,35,0.352,0.435,-0.034
92,36,0.243,0.318,-0.043
92,37,0.197,0.266,-0.047
92,38,0.267,0.344,-0.041
92,39,0.266,0.344,-0.041
92,40,0.213,0.284,-0.046
92,41,0.326,0.407,-0.037
92,42,0.229,0.302,-0.045
92,43,0.233,0.306,-0.045
92,44,0.154,0.216,-0.053
92,45,0.385,0.468,-0.033
92,46,0.215,0.287,-0.047
92,47,0.375,0.457,-0.034
92,48,0.523,0.602,-0.024
92,49,0.265,0.342,-0.043
92,50,0.356,0.439,-0.036
92,51,0.18,0.247,-0.052
92,52,0.498,0.579,-0.026
92,53,0.564,0.641,-0.023
92,54,0.376,0.459,-0.035
92,55,0.36,0.442,-0.036
92,56,0.49,0.571,-0.028
92,57,0.423,0.507,-0.032
92,58,0.399,0.482,-0.034
92,59,0.302,0.381,-0.042
92,60,0.324,0.405,-0.04
92,61,0.357,0.44,-0.038
92,62,0.508,0.589,-0.027
92,63,0.407,0.49,-0.034
92,64,0.458,0.54,-0.031
92,65,0.372,0.455,-0.037
92,66,0.389,0.473,-0.036
92,67,0.403,0.486,-0.035
92,68,0.329,0.41,-0.042
92,69,0.364,0.447,-0.039
92,7,0.058,0.093,-0.072
92,70,0.396,0.48,-0.037
92,71,0.349,0.431,-0.04
92,72,0.319,0.4,-0.043
92,73,0.366,0.449,-0.039
92,74,0.401,0.484,-0.037
92,75,0.376,0.459,-0.039
92,76,0.361,0.444,-0.04
92,77,0.428,0.512,-0.035
92,78,0.325,0.406,-0.044
92,79,0.226,0.299,-0.054
92,8,0.146,0.206,-0.055
92,80,0.334,0.415,-0.043
92,81,0.204,0.274,-0.057
92,82,0.263,0.34,-0.051
92,83,0.475,0.557,-0.033
92,84,0.336,0.418,-0.044
92,85,0.421,0.504,-0.037
92,86,0.402,0.485,-0.038
92,87,0.325,0.406,-0.045
92,88,0.323,0.404,-0.046
92,89,0.454,0.537,-0.035
92,9,0.199,0.269,-0.048
92,90,0.49,0.571,-0.032
92,91,0.455,0.538,-0.035
92,92,0.6,0.673,-0.024
92,93,0.428,0.511,-0.037
92,94,0.342,0.424,-0.044
92,95,0.397,0.48,-0.04
92,96,0.57,0.646,-0.027
92,97,0.378,0.461,-0.041
92,98,0.493,0.574,-0.032
92,99,0.324,0.405,-0.046
93,10,0.551,0.629,-0.022
93,100,0.301,0.381,-0.049
93,101,0.353,0.435,-0.044
93,102,0.349,0.432,-0.044
93,103,0.402,0.485,-0.04
93,104,0.509,0.589,-0.031
93,105,0.481,0.562,-0.033
93,106,0.366,0.449,-0.043
93,107,0.414,0.497,-0.039
93,108,0.318,0.399,-0.047
93,109,0.416,0.499,-0.039
93,11,0.674,0.739,-0.015
93,110,0.305,0.385,-0.049
93,111,0.539,0.618,-0.029
93,112,0.497,0.578,-0.032
93,113,0.581,0.657,-0.026
93,114,0.52,0.6,-0.031
93,115,0.509,0.59,-0.031
93,116,0.431,0.514,-0.038
93,117,0.412,0.495,-0.039
93,118,0.436,0.519,-0.037
93,119,0.457,0.54,-0.036
93,12,0.728,0.786,-0.013
93,120,0.4,0.483,-0.04
93,121,0.406,0.489,-0.04
93,122,0.451,0.534,-0.036
93,123,0.507,0.588,-0.032
93,124,0.505,0.586,-0.032
93,125,0.664,0.731,-0.021
93,126,0.468,0.55,-0.035
93,127,0.464,0.547,-0.036
93,128,0.549,0.627,-0.029
93,129,0.715,0.775,-0.018
93,13,0.827,0.867,-0.008
93,130,0.609,0.681,-0.025
93,131,0.616,0.688,-0.024
93,132,0.532,0.611,-0.031
93,133,0.488,0.57,-0.034
93,134,0.477,0.559,-0.035
93,135,0.498,0.579,-0.033
93,136,0.536,0.615,-0.03
93,137,0.662,0.728,-0.021
93,138,0.611,0.684,-0.025
93,139,0.488,0.57,-0.034
93,14,0.766,0.817,-0.011
93,140,0.386,0.469,-0.042
93,141,0.372,0.455,-0.044
93,142,0.435,0.518,-0.038
93,143,0.469,0.551,-0.036
93,144,0.493,0.574,-0.034
93,145,0.495,0.576,-0.033
93,146,0.532,0.612,-0.031
93,147,0.41,0.494,-0.041
93,148,0.461,0.544,-0.036
93,149,0.521,0.601,-0.032
93,15,0.814,0.856,-0.008
93,150,0.429,0.512,-0.039
93,151,0.524,0.604,-0.031
93,152,0.449,0.532,-0.037
93,153,0.437,0.52,-0.038
93,154,0.363,0.445,-0.045
93,155,0.356,0.438,-0.046
93,156,0.428,0.511,-0.039
93,157,0.37,0.453,-0.044
93,158,0.314,0.395,-0.05
93,159,0.423,0.506,-0.04
93,16,0.64,0.709,-0.017
93,160,0.535,0.614,-0.031
93,161,0.46,0.543,-0.037
93,162,0.27,0.347,-0.055
93,163,0.3,0.38,-0.051
93,164,0.305,0.386,-0.051
93,165,0.315,0.395,-0.05
93,166,0.304,0.384,-0.051
93,167,0.368,0.45,-0.045
93,168,0.461,0.543,-0.037
93,169,0.399,0.482,-0.042
93,17,0.659,0.726,-0.016
93,170,0.462,0.544,-0.036
93,171,0.598,0.672,-0.026
93,172,0.564,0.641,-0.028
93,173,0.687,0.75,-0.02
93,174,0.446,0.529,-0.037
93,175,0.407,0.49,-0.041
93,176,0.514,0.594,-0.032
93,177,0.658,0.725,-0.022
93,178,0.541,0.62,-0.03
93,179,0.474,0.556,-0.035
93,18,0.573,0.649,-0.02
93,180,0.498,0.579,-0.033
93,181,0.434,0.518,-0.038
93,182,0.393,0.477,-0.041
93,183,0.325,0.406,-0.047
93,184,0.372,0.455,-0.043
93,185,0.519,0.599,-0.031
93,186,0.552,0.629,-0.028
93,187,0.56,0.637,-0.028
93,188,0.401,0.484,-0.04
93,189,0.58,0.655,-0.026
93,19,0.874,0.904,-0.006
93,190,0.486,0.568,-0.033
93,191,0.447,0.53,-0.036
93,192,0.482,0.564,-0.033
93,193,0.491,0.572,-0.032
93,194,0.423,0.506,-0.038
93,195,0.451,0.533,-0.035
93,196,0.498,0.579,-0.032
93,197,0.486,0.567,-0.033
93,198,0.492,0.574,-0.032
93,199,0.511,0.592,-0.031
93,20,0.962,0.972,-0.002
93,200,0.526,0.606,-0.03
93,201,0.372,0.455,-0.042
93,202,0.452,0.535,-0.036
93,203,0.53,0.609,-0.03
93,204,0.315,0.396,-0.048
93,205,0.257,0.333,-0.054
93,206,0.154,0.215,-0.068
93,207,0.187,0.254,-0.063
93,208,0.142,0.201,-0.071
93,209,0.206,0.277,-0.061
93,21,0.627,0.698,-0.017
93,210,0.135,0.193,-0.073
93,211,0.098,0.147,-0.081
93,212,0.123,0.178,-0.076
93,213,0.155,0.217,-0.07
93,214,0.132,0.189,-0.075
93,215,0.089,0.135,-0.085
93,216,0.141,0.2,-0.074
93,217,0.112,0.164,-0.081
93,218,0.126,0.181,-0.079
93,219,0.137,0.196,-0.077
93,22,0.926,0.944,-0.003
93,220,0.077,0.119,-0.092
93,221,0.15,0.211,-0.076
93,222,0.126,0.182,-0.081
93,223,0.098,0.147,-0.089
93,224,0.128,0.184,-0.083
93,225,0.155,0.216,-0.078
93,226,0.198,0.267,-0.071
93,227,0.144,0.204,-0.082
93,228,0.074,0.116,-0.101
93,229,0.216,0.288,-0.071
93,23,0.72,0.778,-0.013
93,230,0.208,0.279,-0.073
93,231,0.12,0.174,-0.091
93,232,0.157,0.219,-0.084
93,233,0.198,0.267,-0.077
93,234,0.201,0.27,-0.077
93,235,0.219,0.291,-0.075
93,236,0.165,0.228,-0.086
93,237,0.131,0.188,-0.094
93,238,0.101,0.15,-0.103
93,239,0.109,0.161,-0.102
93,24,0.856,0.89,-0.006
93,240,0.116,0.17,-0.101
93,241,0.099,0.147,-0.107
93,242,0.115,0.167,-0.103
93,243,0.104,0.154,-0.107
93,244,0.11,0.162,-0.106
93,245,0.144,0.204,-0.098
93,246,0.159,0.221,-0.095
93,247,0.214,0.286,-0.085
93,248,0.177,0.243,-0.092
93,249,0.212,0.283,-0.086
93,25,0.737,0.793,-0.012
93,250,0.275,0.353,-0.076
93,251,0.355,0.437,-0.065
93,26,0.554,0.632,-0.021
93,27,0.444,0.527,-0.027
93,28,0.766,0.817,-0.011
93,29,0.737,0.793,-0.012
93,30,0.59,0.665,-0.019
93,31,0.546,0.625,-0.021
93,32,0.559,0.636,-0.021
93,33,0.84,0.877,-0.007
93,34,0.633,0.703,-0.017
93,35,0.525,0.604,-0.023
93,36,0.847,0.883,-0.007
93,37,0.736,0.792,-0.012
93,38,0.666,0.732,-0.016
93,39,0.709,0.769,-0.014
93,40,0.532,0.611,-0.023
93,41,0.838,0.875,-0.008
93,42,0.622,0.694,-0.018
93,43,0.617,0.689,-0.019
93,44,0.62,0.691,-0.018
93,45,0.616,0.688,-0.019
93,46,0.376,0.458,-0.033
93,47,0.5,0.581,-0.025
93,48,0.601,0.674,-0.02
93,49,0.391,0.474,-0.033
93,50,0.372,0.455,-0.034
93,51,0.535,0.615,-0.024
93,52,0.515,0.596,-0.025
93,53,0.51,0.59,-0.026
93,54,0.641,0.71,-0.018
93,55,0.487,0.569,-0.027
93,56,0.485,0.567,-0.027
93,57,0.445,0.527,-0.03
93,58,0.487,0.568,-0.028
93,59,0.41,0.493,-0.033
93,60,0.56,0.637,-0.023
93,61,0.477,0.559,-0.029
93,62,0.627,0.698,-0.02
93,63,0.662,0.728,-0.018
93,64,0.508,0.589,-0.027
93,65,0.325,0.406,-0.041
93,66,0.632,0.702,-0.02
93,67,0.615,0.687,-0.021
93,68,0.381,0.464,-0.037
93,69,0.382,0.465,-0.037
93,7,0.407,0.49,-0.031
93,70,0.387,0.47,-0.037
93,71,0.495,0.576,-0.029
93,72,0.363,0.446,-0.039
93,73,0.288,0.367,-0.046
93,74,0.294,0.373,-0.046
93,75,0.372,0.455,-0.039
93,76,0.449,0.532,-0.033
93,77,0.475,0.557,-0.032
93,78,0.544,0.622,-0.027
93,79,0.416,0.499,-0.036
93,8,0.681,0.745,-0.015
93,80,0.372,0.454,-0.04
93,81,0.437,0.52,-0.035
93,82,0.414,0.497,-0.037
93,83,0.523,0.603,-0.029
93,84,0.517,0.597,-0.029
93,85,0.602,0.676,-0.024
93,86,0.587,0.662,-0.025
93,87,0.577,0.653,-0.025
93,88,0.5,0.581,-0.031
93,89,0.4,0.483,-0.039
93,9,0.383,0.466,-0.032
93,90,0.533,0.612,-0.029
93,91,0.271,0.348,-0.051
93,92,0.352,0.434,-0.043
93,93,0.296,0.376,-0.049
93,94,0.246,0.321,-0.054
93,95,0.332,0.413,-0.045
93,96,0.386,0.469,-0.041
93,97,0.296,0.375,-0.049
93,98,0.329,0.411,-0.046
93,99,0.304,0.384,-0.048
94,10,0.188,0.256,-0.048
94,100,0.629,0.7,-0.023
94,101,0.537,0.615,-0.029
94,102,0.542,0.621,-0.029
94,103,0.592,0.667,-0.025
94,104,0.597,0.671,-0.025
94,105,0.51,0.591,-0.031
94,106,0.801,0.846,-0.012
94,107,0.76,0.812,-0.014
94,108,0.71,0.77,-0.018
94,109,0.722,0.78,-0.017
94,11,0.158,0.22,-0.051
94,110,0.817,0.859,-0.011
94,111,0.768,0.819,-0.014
94,112,0.649,0.717,-0.022
94,113,0.777,0.826,-0.014
94,114,0.749,0.803,-0.015
94,115,0.578,0.654,-0.027
94,116,0.601,0.675,-0.025
94,117,0.642,0.711,-0.022
94,118,0.712,0.772,-0.018
94,119,0.646,0.714,-0.022
94,12,0.19,0.258,-0.047
94,120,0.559,0.636,-0.028
94,121,0.568,0.645,-0.028
94,122,0.606,0.679,-0.025
94,123,0.588,0.663,-0.026
94,124,0.687,0.75,-0.02
94,125,0.684,0.748,-0.02
94,126,0.833,0.871,-0.01
94,127,0.777,0.826,-0.014
94,128,0.75,0.804,-0.016
94,129,0.816,0.858,-0.011
94,13,0.243,0.318,-0.042
94,130,0.786,0.833,-0.013
94,131,0.727,0.784,-0.017
94,132,0.766,0.817,-0.015
94,133,0.773,0.823,-0.014
94,134,0.624,0.695,-0.024
94,135,0.585,0.66,-0.027
94,136,0.573,0.649,-0.028
94,137,0.446,0.529,-0.037
94,138,0.606,0.679,-0.025
94,139,0.694,0.756,-0.019
94,14,0.298,0.377,-0.037
94,140,0.671,0.737,-0.021
94,141,0.654,0.722,-0.022
94,142,0.528,0.608,-0.031
94,143,0.623,0.695,-0.024
94,144,0.398,0.482,-0.042
94,145,0.558,0.636,-0.029
94,146,0.439,0.522,-0.038
94,147,0.463,0.545,-0.036
94,148,0.539,0.617,-0.03
94,149,0.33,0.411,-0.048
94,15,0.239,0.313,-0.042
94,150,0.347,0.429,-0.046
94,151,0.392,0.475,-0.042
94,152,0.294,0.374,-0.052
94,153,0.297,0.377,-0.051
94,154,0.475,0.557,-0.035
94,155,0.42,0.503,-0.04
94,156,0.452,0.535,-0.037
94,157,0.355,0.437,-0.046
94,158,0.336,0.418,-0.047
94,159,0.312,0.392,-0.05
94,16,0.352,0.434,-0.033
94,160,0.349,0.431,-0.046
94,161,0.278,0.357,-0.053
94,162,0.265,0.342,-0.055
94,163,0.27,0.347,-0.054
94,164,0.28,0.358,-0.053
94,165,0.314,0.394,-0.05
94,166,0.391,0.474,-0.042
94,167,0.545,0.623,-0.03
94,168,0.542,0.621,-0.03
94,169,0.518,0.598,-0.032
94,17,0.423,0.506,-0.028
94,170,0.41,0.493,-0.041
94,171,0.437,0.52,-0.038
94,172,0.531,0.61,-0.031
94,173,0.643,0.712,-0.023
94,174,0.391,0.474,-0.042
94,175,0.575,0.651,-0.027
94,176,0.473,0.555,-0.035
94,177,0.391,0.475,-0.042
94,178,0.479,0.561,-0.034
94,179,0.44,0.523,-0.037
94,18,0.329,0.41,-0.034
94,180,0.485,0.566,-0.034
94,181,0.361,0.444,-0.044
94,182,0.325,0.407,-0.047
94,183,0.394,0.477,-0.041
94,184,0.5,0.581,-0.032
94,185,0.491,0.572,-0.033
94,186,0.468,0.55,-0.035
94,187,0.576,0.652,-0.027
94,188,0.444,0.527,-0.036
94,189,0.444,0.527,-0.036
94,19,0.652,0.72,-0.016
94,190,0.344,0.426,-0.045
94,191,0.524,0.604,-0.03
94,192,0.496,0.577,-0.032
94,193,0.576,0.652,-0.026
94,194,0.456,0.539,-0.035
94,195,0.554,0.631,-0.028
94,196,0.439,0.522,-0.036
94,197,0.472,0.554,-0.034
94,198,0.426,0.509,-0.037
94,199,0.49,0.571,-0.032
94,20,0.389,0.472,-0.03
94,200,0.502,0.583,-0.032
94,201,0.333,0.414,-0.046
94,202,0.37,0.452,-0.042
94,203,0.305,0.385,-0.049
94,204,0.362,0.444,-0.043
94,205,0.291,0.37,-0.051
94,206,0.415,0.498,-0.039
94,207,0.356,0.438,-0.045
94,208,0.339,0.421,-0.046
94,209,0.34,0.422,-0.046
94,21,0.69,0.753,-0.014
94,210,0.383,0.466,-0.043
94,211,0.281,0.359,-0.053
94,212,0.246,0.321,-0.058
94,213,0.231,0.305,-0.06
94,214,0.218,0.29,-0.062
94,215,0.28,0.358,-0.055
94,216,0.216,0.288,-0.063
94,217,0.246,0.321,-0.06
94,218,0.227,0.3,-0.063
94,219,0.207,0.278,-0.066
94,22,0.495,0.576,-0.024
94,220,0.188,0.256,-0.07
94,221,0.161,0.224,-0.075
94,222,0.207,0.277,-0.068
94,223,0.338,0.42,-0.052
94,224,0.182,0.249,-0.074
94,225,0.296,0.376,-0.058
94,226,0.186,0.254,-0.074
94,227,0.181,0.248,-0.076
94,228,0.171,0.236,-0.079
94,229,0.192,0.261,-0.076
94,23,0.544,0.622,-0.021
94,230,0.202,0.272,-0.075
94,231,0.198,0.267,-0.076
94,232,0.172,0.237,-0.082
94,233,0.211,0.282,-0.076
94,234,0.264,0.341,-0.068
94,235,0.158,0.22,-0.087
94,236,0.141,0.2,-0.092
94,237,0.135,0.193,-0.094
94,238,0.151,0.212,-0.091
94,239,0.137,0.196,-0.095
94,24,0.45,0.533,-0.026
94,240,0.278,0.356,-0.07
94,241,0.148,0.208,-0.094
94,242,0.119,0.173,-0.102
94,243,0.236,0.31,-0.078
94,244,0.315,0.395,-0.067
94,245,0.153,0.214,-0.096
94,246,0.165,0.229,-0.094
94,247,0.142,0.201,-0.1
94,248,0.22,0.292,-0.084
94,249,0.274,0.352,-0.075
94,25,0.639,0.708,-0.016
94,250,0.26,0.337,-0.078
94,251,0.294,0.373,-0.073
94,26,0.534,0.613,-0.022
94,27,0.283,0.362,-0.038
94,28,0.719,0.778,-0.013
94,29,0.613,0.685,-0.018
94,30,0.47,0.552,-0.026
94,31,0.588,0.663,-0.019
94,32,0.679,0.743,-0.015
94,33,0.665,0.732,-0.015
94,34,0.608,0.681,-0.018
94,35,0.636,0.706,-0.017
94,36,0.704,0.765,-0.014
94,37,0.994,0.996,0.0
94,38,0.49,0.571,-0.025
94,39,0.851,0.886,-0.007
94,40,0.918,0.938,-0.004
94,41,0.906,0.929,-0.004
94,42,1.0,1.0,-0.0
94,43,0.917,0.937,-0.004
94,44,0.724,0.782,-0.013
94,45,0.658,0.725,-0.016
94,46,0.759,0.811,-0.011
94,47,0.608,0.681,-0.019
94,48,0.533,0.612,-0.023
94,49,0.389,0.472,-0.033
94,50,0.439,0.522,-0.029
94,51,0.425,0.508,-0.031
94,52,0.427,0.51,-0.031
94,53,0.519,0.599,-0.025
94,54,0.536,0.615,-0.024
94,55,0.32,0.401,-0.039
94,56,0.328,0.409,-0.038
94,57,0.7,0.761,-0.015
94,58,0.642,0.711,-0.018
94,59,0.37,0.453,-0.036
94,60,0.298,0.378,-0.042
94,61,0.59,0.664,-0.022
94,62,0.434,0.517,-0.032
94,63,0.547,0.625,-0.025
94,64,0.477,0.559,-0.029
94,65,0.486,0.568,-0.029
94,66,0.52,0.6,-0.027
94,67,0.582,0.657,-0.023
94,68,0.32,0.4,-0.042
94,69,0.427,0.51,-0.033
94,7,0.177,0.243,-0.05
94,70,0.654,0.722,-0.019
94,71,0.634,0.704,-0.02
94,72,0.685,0.748,-0.017
94,73,0.559,0.636,-0.025
94,74,0.727,0.784,-0.015
94,75,0.45,0.533,-0.033
94,76,0.286,0.365,-0.046
94,77,0.525,0.605,-0.028
94,78,0.598,0.672,-0.023
94,79,0.722,0.78,-0.016
94,8,0.092,0.139,-0.063
94,80,0.669,0.735,-0.019
94,81,0.521,0.6,-0.029
94,82,0.515,0.595,-0.029
94,83,0.28,0.358,-0.049
94,84,0.25,0.326,-0.052
94,85,0.559,0.636,-0.026
94,86,0.549,0.627,-0.027
94,87,0.593,0.668,-0.024
94,88,0.411,0.494,-0.038
94,89,0.447,0.53,-0.035
94,9,0.217,0.289,-0.045
94,90,0.454,0.536,-0.034
94,91,0.504,0.585,-0.031
94,92,0.475,0.557,-0.033
94,93,0.321,0.402,-0.046
94,94,0.266,0.343,-0.051
94,95,0.455,0.538,-0.035
94,96,0.485,0.567,-0.032
94,97,0.42,0.503,-0.038
94,98,0.575,0.651,-0.026
94,99,0.579,0.655,-0.026
95,10,0.474,0.556,-0.026
95,100,0.403,0.486,-0.039
95,101,0.373,0.456,-0.042
95,102,0.445,0.528,-0.036
95,103,0.296,0.376,-0.049
95,104,0.322,0.403,-0.047
95,105,0.455,0.538,-0.035
95,106,0.463,0.546,-0.035
95,107,0.486,0.568,-0.033
95,108,0.383,0.466,-0.042
95,109,0.351,0.433,-0.045
95,11,0.167,0.231,-0.049
95,110,0.566,0.643,-0.027
95,111,0.452,0.535,-0.036
95,112,0.488,0.569,-0.033
95,113,0.648,0.716,-0.022
95,114,0.423,0.506,-0.039
95,115,0.48,0.562,-0.034
95,116,0.503,0.584,-0.032
95,117,0.549,0.627,-0.029
95,118,0.455,0.538,-0.036
95,119,0.522,0.602,-0.031
95,12,0.244,0.319,-0.042
95,120,0.563,0.64,-0.028
95,121,0.489,0.571,-0.033
95,122,0.468,0.55,-0.035
95,123,0.381,0.464,-0.043
95,124,0.384,0.467,-0.042
95,125,0.438,0.521,-0.038
95,126,0.47,0.552,-0.035
95,127,0.521,0.601,-0.031
95,128,0.5,0.581,-0.033
95,129,0.52,0.6,-0.031
95,13,0.365,0.447,-0.032
95,130,0.529,0.609,-0.031
95,131,0.511,0.592,-0.032
95,132,0.515,0.596,-0.032
95,133,0.444,0.527,-0.038
95,134,0.418,0.501,-0.04
95,135,0.363,0.446,-0.045
95,136,0.374,0.457,-0.044
95,137,0.3,0.38,-0.051
95,138,0.245,0.32,-0.057
95,139,0.224,0.297,-0.06
95,14,0.244,0.318,-0.041
95,140,0.182,0.249,-0.066
95,141,0.187,0.254,-0.065
95,142,0.166,0.23,-0.068
95,143,0.204,0.274,-0.063
95,144,0.184,0.251,-0.065
95,145,0.149,0.21,-0.071
95,146,0.229,0.302,-0.06
95,147,0.154,0.215,-0.07
95,148,0.142,0.201,-0.073
95,149,0.209,0.28,-0.062
95,15,0.255,0.331,-0.04
95,150,0.241,0.316,-0.058
95,151,0.306,0.386,-0.051
95,152,0.261,0.337,-0.056
95,153,0.168,0.232,-0.068
95,154,0.2,0.27,-0.063
95,155,0.249,0.324,-0.057
95,156,0.197,0.266,-0.064
95,157,0.204,0.274,-0.063
95,158,0.203,0.272,-0.063
95,159,0.204,0.274,-0.063
95,16,0.261,0.337,-0.04
95,160,0.261,0.338,-0.055
95,161,0.286,0.365,-0.053
95,162,0.279,0.357,-0.053
95,163,0.228,0.301,-0.059
95,164,0.346,0.428,-0.046
95,165,0.369,0.452,-0.044
95,166,0.312,0.392,-0.05
95,167,0.435,0.519,-0.038
95,168,0.294,0.374,-0.052
95,169,0.355,0.438,-0.045
95,17,0.408,0.491,-0.029
95,170,0.303,0.383,-0.051
95,171,0.354,0.437,-0.045
95,172,0.384,0.467,-0.042
95,173,0.402,0.485,-0.041
95,174,0.431,0.515,-0.038
95,175,0.45,0.533,-0.037
95,176,0.427,0.51,-0.039
95,177,0.388,0.471,-0.042
95,178,0.322,0.403,-0.048
95,179,0.355,0.438,-0.045
95,18,0.281,0.359,-0.038
95,180,0.338,0.42,-0.046
95,181,0.436,0.519,-0.037
95,182,0.365,0.448,-0.043
95,183,0.424,0.507,-0.038
95,184,0.458,0.541,-0.035
95,185,0.579,0.655,-0.026
95,186,0.487,0.568,-0.033
95,187,0.423,0.506,-0.038
95,188,0.359,0.442,-0.043
95,189,0.516,0.596,-0.031
95,19,0.359,0.442,-0.032
95,190,0.464,0.547,-0.035
95,191,0.364,0.447,-0.043
95,192,0.408,0.492,-0.039
95,193,0.378,0.461,-0.041
95,194,0.324,0.405,-0.046
95,195,0.372,0.455,-0.042
95,196,0.351,0.434,-0.044
95,197,0.503,0.584,-0.032
95,198,0.342,0.424,-0.045
95,199,0.285,0.364,-0.051
95,20,0.499,0.581,-0.024
95,200,0.354,0.436,-0.044
95,201,0.287,0.365,-0.05
95,202,0.462,0.544,-0.035
95,203,0.571,0.647,-0.027
95,204,0.269,0.346,-0.053
95,205,0.307,0.387,-0.049
95,206,0.309,0.39,-0.049
95,207,0.348,0.43,-0.046
95,208,0.329,0.411,-0.047
95,209,0.317,0.398,-0.049
95,21,0.513,0.593,-0.023
95,210,0.249,0.324,-0.057
95,211,0.405,0.489,-0.041
95,212,0.259,0.335,-0.057
95,213,0.206,0.277,-0.064
95,214,0.145,0.205,-0.074
95,215,0.161,0.224,-0.072
95,216,0.201,0.271,-0.066
95,217,0.13,0.187,-0.079
95,218,0.191,0.259,-0.069
95,219,0.168,0.232,-0.074
95,22,0.407,0.49,-0.029
95,220,0.154,0.216,-0.077
95,221,0.087,0.132,-0.093
95,222,0.155,0.217,-0.078
95,223,0.133,0.191,-0.084
95,224,0.132,0.19,-0.085
95,225,0.184,0.251,-0.075
95,226,0.122,0.177,-0.089
95,227,0.128,0.184,-0.088
95,228,0.216,0.287,-0.073
95,229,0.257,0.334,-0.067
95,23,0.218,0.29,-0.044
95,230,0.29,0.369,-0.063
95,231,0.288,0.367,-0.064
95,232,0.452,0.535,-0.046
95,233,0.335,0.417,-0.059
95,234,0.354,0.437,-0.057
95,235,0.418,0.501,-0.05
95,236,0.219,0.291,-0.077
95,237,0.326,0.407,-0.062
95,238,0.38,0.463,-0.056
95,239,0.286,0.365,-0.069
95,24,0.331,0.412,-0.035
95,240,0.32,0.4,-0.064
95,241,0.195,0.263,-0.084
95,242,0.229,0.302,-0.079
95,243,0.261,0.338,-0.074
95,244,0.174,0.24,-0.09
95,245,0.174,0.239,-0.091
95,246,0.289,0.368,-0.071
95,247,0.342,0.424,-0.064
95,248,0.356,0.438,-0.063
95,249,0.309,0.39,-0.069
95,25,0.307,0.387,-0.036
95,250,0.224,0.296,-0.084
95,251,0.451,0.534,-0.052
95,26,0.366,0.449,-0.032
95,27,0.229,0.302,-0.043
95,28,0.196,0.265,-0.046
95,29,0.328,0.41,-0.035
95,30,0.279,0.357,-0.039
95,31,0.373,0.456,-0.032
95,32,0.394,0.477,-0.03
95,33,0.329,0.41,-0.035
95,34,0.158,0.22,-0.051
95,35,0.234,0.308,-0.043
95,36,0.275,0.353,-0.039
95,37,0.462,0.544,-0.027
95,38,0.464,0.546,-0.026
95,39,0.434,0.517,-0.028
95,40,0.42,0.503,-0.029
95,41,0.562,0.639,-0.021
95,42,0.311,0.391,-0.037
95,43,0.264,0.341,-0.041
95,44,0.238,0.312,-0.043
95,45,0.279,0.357,-0.04
95,46,0.266,0.343,-0.041
95,47,0.304,0.384,-0.038
95,48,0.147,0.207,-0.054
95,49,0.361,0.444,-0.034
95,50,0.643,0.712,-0.018
95,51,0.401,0.484,-0.032
95,52,0.44,0.523,-0.029
95,53,0.438,0.521,-0.03
95,54,0.418,0.501,-0.031
95,55,0.4,0.483,-0.033
95,56,0.554,0.632,-0.023
95,57,0.652,0.72,-0.018
95,58,0.606,0.679,-0.02
95,59,0.371,0.453,-0.035
95,60,0.345,0.427,-0.038
95,61,0.355,0.437,-0.037
95,62,0.656,0.723,-0.018
95,63,0.53,0.609,-0.025
95,64,0.706,0.767,-0.015
95,65,0.636,0.706,-0.019
95,66,0.737,0.793,-0.014
95,67,0.499,0.58,-0.028
95,68,0.602,0.675,-0.022
95,69,0.398,0.481,-0.035
95,7,0.295,0.374,-0.039
95,70,0.457,0.54,-0.031
95,71,0.435,0.518,-0.033
95,72,0.437,0.52,-0.033
95,73,0.297,0.376,-0.045
95,74,0.518,0.598,-0.028
95,75,0.324,0.405,-0.043
95,76,0.331,0.412,-0.042
95,77,0.545,0.623,-0.026
95,78,0.459,0.541,-0.032
95,79,0.657,0.725,-0.02
95,8,0.153,0.214,-0.053
95,80,0.545,0.623,-0.027
95,81,0.603,0.677,-0.023
95,82,0.57,0.646,-0.025
95,83,0.535,0.615,-0.028
95,84,0.532,0.612,-0.028
95,85,0.454,0.537,-0.034
95,86,0.369,0.452,-0.041
95,87,0.4,0.483,-0.038
95,88,0.298,0.378,-0.048
95,89,0.303,0.383,-0.047
95,9,0.336,0.418,-0.035
95,90,0.473,0.555,-0.033
95,91,0.432,0.515,-0.036
95,92,0.619,0.691,-0.023
95,93,0.509,0.59,-0.03
95,94,0.446,0.529,-0.035
95,95,0.425,0.508,-0.037
95,96,0.397,0.48,-0.04
95,97,0.312,0.392,-0.047
95,98,0.535,0.614,-0.029
95,99,0.427,0.51,-0.037
96,10,0.336,0.418,-0.035
96,100,0.649,0.717,-0.021
96,101,0.567,0.643,-0.027
96,102,0.648,0.717,-0.021
96,103,0.625,0.696,-0.023
96,104,0.811,0.854,-0.011
96,105,0.757,0.81,-0.015
96,106,0.672,0.737,-0.02
96,107,0.602,0.675,-0.025
96,108,0.514,0.594,-0.031
96,109,0.614,0.686,-0.024
96,11,0.26,0.337,-0.041
96,110,0.59,0.664,-0.026
96,111,0.525,0.605,-0.03
96,112,0.616,0.688,-0.024
96,113,0.485,0.567,-0.033
96,114,0.444,0.527,-0.037
96,115,0.385,0.468,-0.042
96,116,0.344,0.426,-0.045
96,117,0.297,0.377,-0.05
96,118,0.417,0.5,-0.039
96,119,0.55,0.628,-0.029
96,12,0.415,0.498,-0.029
96,120,0.612,0.684,-0.025
96,121,0.482,0.564,-0.034
96,122,0.498,0.579,-0.033
96,123,0.534,0.613,-0.03
96,124,0.379,0.462,-0.043
96,125,0.414,0.498,-0.04
96,126,0.529,0.608,-0.031
96,127,0.451,0.534,-0.037
96,128,0.397,0.48,-0.041
96,129,0.442,0.525,-0.037
96,13,0.237,0.312,-0.042
96,130,0.495,0.576,-0.033
96,131,0.473,0.555,-0.035
96,132,0.374,0.457,-0.043
96,133,0.347,0.429,-0.046
96,134,0.473,0.555,-0.035
96,135,0.434,0.517,-0.038
96,136,0.357,0.44,-0.045
96,137,0.235,0.31,-0.058
96,138,0.208,0.279,-0.062
96,139,0.181,0.248,-0.066
96,14,0.181,0.247,-0.048
96,140,0.187,0.254,-0.065
96,141,0.252,0.328,-0.056
96,142,0.305,0.385,-0.05
96,143,0.263,0.34,-0.055
96,144,0.254,0.33,-0.056
96,145,0.283,0.361,-0.053
96,146,0.309,0.39,-0.05
96,147,0.209,0.28,-0.062
96,148,0.204,0.274,-0.062
96,149,0.351,0.433,-0.046
96,15,0.257,0.334,-0.04
96,150,0.432,0.515,-0.039
96,151,0.349,0.431,-0.046
96,152,0.273,0.351,-0.054
96,153,0.278,0.356,-0.054
96,154,0.375,0.458,-0.044
96,155,0.368,0.451,-0.044
96,156,0.316,0.397,-0.049
96,157,0.523,0.603,-0.032
96,158,0.446,0.529,-0.038
96,159,0.22,0.292,-0.061
96,16,0.521,0.601,-0.023
96,160,0.245,0.32,-0.058
96,161,0.23,0.303,-0.059
96,162,0.269,0.347,-0.054
96,163,0.32,0.4,-0.049
96,164,0.276,0.354,-0.054
96,165,0.295,0.374,-0.051
96,166,0.198,0.267,-0.063
96,167,0.153,0.215,-0.07
96,168,0.156,0.218,-0.069
96,169,0.178,0.244,-0.066
96,17,0.206,0.276,-0.045
96,170,0.22,0.292,-0.06
96,171,0.273,0.351,-0.053
96,172,0.314,0.395,-0.049
96,173,0.411,0.494,-0.04
96,174,0.315,0.395,-0.049
96,175,0.321,0.402,-0.048
96,176,0.452,0.535,-0.036
96,177,0.474,0.557,-0.034
96,178,0.397,0.481,-0.041
96,179,0.496,0.578,-0.032
96,18,0.344,0.426,-0.033
96,180,0.352,0.434,-0.044
96,181,0.429,0.512,-0.038
96,182,0.398,0.481,-0.04
96,183,0.48,0.562,-0.033
96,184,0.452,0.534,-0.035
96,185,0.332,0.414,-0.046
96,186,0.326,0.407,-0.046
96,187,0.421,0.504,-0.038
96,188,0.372,0.455,-0.042
96,189,0.363,0.446,-0.043
96,19,0.285,0.364,-0.037
96,190,0.275,0.353,-0.051
96,191,0.346,0.428,-0.044
96,192,0.353,0.435,-0.044
96,193,0.269,0.346,-0.052
96,194,0.164,0.228,-0.065
96,195,0.239,0.313,-0.055
96,196,0.301,0.381,-0.049
96,197,0.332,0.413,-0.046
96,198,0.281,0.359,-0.051
96,199,0.34,0.422,-0.045
96,20,0.339,0.421,-0.034
96,200,0.398,0.481,-0.04
96,201,0.308,0.389,-0.049
96,202,0.345,0.427,-0.045
96,203,0.246,0.321,-0.056
96,204,0.234,0.308,-0.058
96,205,0.235,0.309,-0.058
96,206,0.256,0.332,-0.056
96,207,0.186,0.254,-0.065
96,208,0.166,0.23,-0.069
96,209,0.203,0.273,-0.063
96,21,0.448,0.531,-0.027
96,210,0.137,0.195,-0.075
96,211,0.184,0.251,-0.067
96,212,0.157,0.219,-0.072
96,213,0.168,0.232,-0.071
96,214,0.214,0.285,-0.064
96,215,0.14,0.198,-0.077
96,216,0.162,0.226,-0.074
96,217,0.189,0.257,-0.07
96,218,0.177,0.243,-0.072
96,219,0.13,0.187,-0.082
96,22,0.328,0.41,-0.034
96,220,0.199,0.269,-0.07
96,221,0.142,0.201,-0.081
96,222,0.19,0.258,-0.073
96,223,0.174,0.239,-0.077
96,224,0.171,0.236,-0.078
96,225,0.202,0.272,-0.074
96,226,0.221,0.293,-0.071
96,227,0.186,0.253,-0.078
96,228,0.22,0.292,-0.073
96,229,0.258,0.334,-0.068
96,23,0.423,0.507,-0.028
96,230,0.284,0.362,-0.065
96,231,0.191,0.259,-0.08
96,232,0.228,0.301,-0.074
96,233,0.127,0.183,-0.095
96,234,0.244,0.319,-0.073
96,235,0.26,0.337,-0.071
96,236,0.174,0.24,-0.086
96,237,0.29,0.369,-0.068
96,238,0.193,0.262,-0.084
96,239,0.244,0.319,-0.076
96,24,0.28,0.358,-0.038
96,240,0.224,0.297,-0.079
96,241,0.217,0.288,-0.081
96,242,0.286,0.365,-0.07
96,243,0.339,0.421,-0.063
96,244,0.303,0.383,-0.068
96,245,0.201,0.271,-0.085
96,246,0.28,0.358,-0.073
96,247,0.314,0.395,-0.068
96,248,0.271,0.348,-0.075
96,249,0.303,0.383,-0.07
96,25,0.284,0.363,-0.038
96,250,0.362,0.445,-0.063
96,251,0.347,0.429,-0.065
96,26,0.501,0.582,-0.024
96,27,0.425,0.508,-0.028
96,28,0.492,0.574,-0.024
96,29,0.426,0.509,-0.028
96,30,0.498,0.579,-0.024
96,31,0.528,0.608,-0.022
96,32,0.496,0.577,-0.024
96,33,0.506,0.587,-0.024
96,34,0.566,0.643,-0.02
96,35,0.74,0.796,-0.012
96,36,0.849,0.884,-0.007
96,37,0.503,0.584,-0.024
96,38,0.642,0.711,-0.017
96,39,0.77,0.821,-0.01
96,40,0.631,0.702,-0.017
96,41,0.745,0.8,-0.012
96,42,0.669,0.735,-0.016
96,43,0.621,0.693,-0.018
96,44,0.691,0.754,-0.015
96,45,0.518,0.598,-0.024
96,46,0.663,0.73,-0.016
96,47,0.447,0.53,-0.028
96,48,0.672,0.738,-0.016
96,49,0.644,0.713,-0.017
96,50,0.564,0.641,-0.022
96,51,0.572,0.648,-0.021
96,52,0.697,0.759,-0.015
96,53,0.308,0.388,-0.039
96,54,0.403,0.487,-0.032
96,55,0.46,0.543,-0.028
96,56,0.371,0.454,-0.035
96,57,0.574,0.65,-0.022
96,58,0.412,0.496,-0.032
96,59,0.469,0.552,-0.028
96,60,0.395,0.479,-0.034
96,61,0.622,0.693,-0.02
96,62,0.418,0.502,-0.032
96,63,0.365,0.448,-0.036
96,64,0.405,0.488,-0.034
96,65,0.396,0.479,-0.034
96,66,0.85,0.885,-0.008
96,67,0.556,0.633,-0.024
96,68,0.507,0.588,-0.027
96,69,0.593,0.667,-0.022
96,7,0.232,0.306,-0.045
96,70,0.512,0.592,-0.027
96,71,0.469,0.551,-0.03
96,72,0.731,0.788,-0.014
96,73,0.688,0.751,-0.017
96,74,0.541,0.62,-0.026
96,75,0.491,0.572,-0.03
96,76,0.539,0.618,-0.026
96,77,0.522,0.602,-0.028
96,78,0.464,0.546,-0.032
96,79,0.587,0.662,-0.024
96,8,0.265,0.342,-0.041
96,80,0.816,0.858,-0.01
96,81,0.396,0.479,-0.038
96,82,0.46,0.542,-0.033
96,83,0.649,0.717,-0.02
96,84,0.593,0.668,-0.024
96,85,0.531,0.61,-0.028
96,86,0.738,0.794,-0.015
96,87,0.767,0.818,-0.013
96,88,0.667,0.733,-0.019
96,89,0.541,0.62,-0.028
96,9,0.3,0.38,-0.038
96,90,0.547,0.625,-0.027
96,91,0.57,0.646,-0.026
96,92,0.558,0.636,-0.027
96,93,0.487,0.568,-0.032
96,94,0.509,0.59,-0.03
96,95,0.575,0.651,-0.026
96,96,0.524,0.603,-0.029
96,97,0.531,0.611,-0.029
96,98,0.466,0.548,-0.034
96,99,0.703,0.764,-0.018
97,10,0.394,0.478,-0.031
97,100,0.253,0.329,-0.053
97,101,0.35,0.432,-0.044
97,102,0.486,0.568,-0.033
97,103,0.462,0.545,-0.034
97,104,0.454,0.537,-0.035
97,105,0.39,0.473,-0.04
97,106,0.369,0.451,-0.042
97,107,0.462,0.545,-0.035
97,108,0.423,0.506,-0.038
97,109,0.563,0.64,-0.028
97,11,0.211,0.281,-0.045
97,110,0.545,0.623,-0.029
97,111,0.579,0.655,-0.027
97,112,0.529,0.608,-0.03
97,113,0.471,0.553,-0.035
97,114,0.318,0.399,-0.048
97,115,0.241,0.316,-0.056
97,116,0.261,0.338,-0.054
97,117,0.517,0.597,-0.031
97,118,0.55,0.628,-0.029
97,119,0.395,0.478,-0.041
97,12,0.366,0.449,-0.032
97,120,0.344,0.426,-0.046
97,121,0.427,0.51,-0.039
97,122,0.452,0.535,-0.036
97,123,0.623,0.695,-0.024
97,124,0.51,0.591,-0.032
97,125,0.597,0.671,-0.026
97,126,0.538,0.617,-0.03
97,127,0.378,0.461,-0.043
97,128,0.38,0.463,-0.043
97,129,0.325,0.406,-0.048
97,13,0.289,0.368,-0.038
97,130,0.381,0.464,-0.043
97,131,0.356,0.438,-0.045
97,132,0.332,0.413,-0.047
97,133,0.347,0.429,-0.046
97,134,0.318,0.399,-0.049
97,135,0.241,0.316,-0.057
97,136,0.314,0.395,-0.049
97,137,0.284,0.363,-0.053
97,138,0.325,0.406,-0.048
97,139,0.282,0.36,-0.053
97,14,0.32,0.4,-0.035
97,140,0.302,0.381,-0.051
97,141,0.383,0.466,-0.043
97,142,0.333,0.415,-0.047
97,143,0.336,0.418,-0.047
97,144,0.317,0.398,-0.049
97,145,0.344,0.426,-0.046
97,146,0.277,0.355,-0.053
97,147,0.266,0.343,-0.054
97,148,0.315,0.396,-0.049
97,149,0.392,0.475,-0.042
97,15,0.369,0.452,-0.032
97,150,0.394,0.477,-0.042
97,151,0.322,0.403,-0.049
97,152,0.422,0.505,-0.039
97,153,0.398,0.481,-0.042
97,154,0.457,0.539,-0.036
97,155,0.434,0.517,-0.038
97,156,0.474,0.557,-0.035
97,157,0.566,0.643,-0.028
97,158,0.445,0.528,-0.037
97,159,0.314,0.395,-0.049
97,16,0.846,0.883,-0.007
97,160,0.451,0.533,-0.037
97,161,0.392,0.475,-0.042
97,162,0.251,0.327,-0.056
97,163,0.282,0.361,-0.053
97,164,0.352,0.434,-0.046
97,165,0.422,0.505,-0.039
97,166,0.338,0.419,-0.047
97,167,0.337,0.419,-0.047
97,168,0.25,0.326,-0.056
97,169,0.303,0.383,-0.05
97,17,0.611,0.683,-0.018
97,170,0.2,0.27,-0.062
97,171,0.284,0.363,-0.052
97,172,0.212,0.284,-0.06
97,173,0.271,0.348,-0.053
97,174,0.255,0.331,-0.055
97,175,0.345,0.427,-0.045
97,176,0.259,0.336,-0.054
97,177,0.317,0.398,-0.048
97,178,0.276,0.354,-0.052
97,179,0.258,0.334,-0.054
97,18,0.92,0.94,-0.004
97,180,0.195,0.264,-0.062
97,181,0.235,0.309,-0.056
97,182,0.318,0.399,-0.047
97,183,0.258,0.334,-0.053
97,184,0.335,0.416,-0.046
97,185,0.343,0.425,-0.045
97,186,0.383,0.466,-0.041
97,187,0.536,0.615,-0.029
97,188,0.559,0.636,-0.028
97,189,0.522,0.602,-0.03
97,19,0.704,0.765,-0.013
97,190,0.465,0.547,-0.034
97,191,0.526,0.605,-0.03
97,192,0.656,0.724,-0.021
97,193,0.61,0.683,-0.024
97,194,0.42,0.504,-0.038
97,195,0.51,0.59,-0.031
97,196,0.543,0.621,-0.029
97,197,0.586,0.661,-0.026
97,198,0.459,0.542,-0.035
97,199,0.367,0.45,-0.043
97,20,0.564,0.641,-0.02
97,200,0.402,0.486,-0.04
97,201,0.304,0.384,-0.049
97,202,0.254,0.33,-0.055
97,203,0.299,0.378,-0.05
97,204,0.325,0.406,-0.048
97,205,0.285,0.364,-0.052
97,206,0.25,0.326,-0.057
97,207,0.191,0.259,-0.065
97,208,0.176,0.242,-0.068
97,209,0.144,0.203,-0.074
97,21,0.997,0.998,0.0
97,210,0.118,0.172,-0.079
97,211,0.125,0.18,-0.079
97,212,0.144,0.203,-0.075
97,213,0.144,0.203,-0.076
97,214,0.202,0.272,-0.067
97,215,0.175,0.24,-0.072
97,216,0.13,0.187,-0.081
97,217,0.18,0.246,-0.072
97,218,0.177,0.242,-0.074
97,219,0.197,0.266,-0.071
97,22,0.818,0.86,-0.008
97,220,0.146,0.206,-0.081
97,221,0.146,0.206,-0.082
97,222,0.186,0.253,-0.075
97,223,0.159,0.222,-0.08
97,224,0.197,0.266,-0.075
97,225,0.215,0.286,-0.072
97,226,0.176,0.241,-0.08
97,227,0.253,0.329,-0.068
97,228,0.165,0.229,-0.083
97,229,0.265,0.343,-0.067
97,23,0.567,0.644,-0.02
97,230,0.3,0.379,-0.063
97,231,0.265,0.342,-0.068
97,232,0.323,0.404,-0.061
97,233,0.261,0.337,-0.07
97,234,0.238,0.312,-0.074
97,235,0.279,0.357,-0.069
97,236,0.286,0.364,-0.068
97,237,0.271,0.348,-0.071
97,238,0.283,0.362,-0.069
97,239,0.381,0.464,-0.057
97,24,0.669,0.735,-0.015
97,240,0.32,0.401,-0.065
97,241,0.211,0.283,-0.082
97,242,0.29,0.369,-0.069
97,243,0.331,0.413,-0.064
97,244,0.27,0.348,-0.073
97,245,0.273,0.351,-0.073
97,246,0.331,0.413,-0.065
97,247,0.329,0.411,-0.066
97,248,0.372,0.455,-0.06
97,249,0.453,0.536,-0.051
97,25,0.65,0.718,-0.016
97,250,0.355,0.437,-0.063
97,251,0.424,0.507,-0.055
97,26,0.469,0.552,-0.025
97,27,0.66,0.727,-0.015
97,28,0.726,0.783,-0.012
97,29,0.509,0.589,-0.023
97,30,0.654,0.722,-0.016
97,31,0.87,0.901,-0.006
97,32,0.649,0.717,-0.016
97,33,0.981,0.986,0.001
97,34,0.664,0.73,-0.015
97,35,0.672,0.737,-0.015
97,36,0.723,0.781,-0.013
97,37,0.8,0.845,-0.009
97,38,0.894,0.92,-0.005
97,39,0.571,0.648,-0.02
97,40,0.661,0.728,-0.016
97,41,0.526,0.605,-0.023
97,42,0.668,0.734,-0.016
97,43,0.605,0.678,-0.019
97,44,0.566,0.643,-0.021
97,45,0.31,0.39,-0.037
97,46,0.405,0.488,-0.031
97,47,0.446,0.529,-0.028
97,48,0.673,0.739,-0.016
97,49,0.717,0.776,-0.014
97,50,0.383,0.466,-0.033
97,51,0.319,0.4,-0.038
97,52,0.528,0.607,-0.024
97,53,0.451,0.534,-0.029
97,54,0.41,0.493,-0.032
97,55,0.675,0.74,-0.016
97,56,0.875,0.905,-0.006
97,57,0.648,0.716,-0.018
97,58,0.527,0.607,-0.025
97,59,0.474,0.556,-0.028
97,60,0.48,0.562,-0.028
97,61,0.396,0.479,-0.034
97,62,0.416,0.5,-0.032
97,63,0.362,0.445,-0.036
97,64,0.404,0.488,-0.034
97,65,0.31,0.39,-0.041
97,66,0.31,0.391,-0.041
97,67,0.526,0.606,-0.026
97,68,0.683,0.747,-0.017
97,69,0.495,0.576,-0.028
97,7,0.257,0.334,-0.042
97,70,0.454,0.537,-0.031
97,71,0.399,0.483,-0.035
97,72,0.421,0.504,-0.034
97,73,0.378,0.461,-0.037
97,74,0.307,0.388,-0.043
97,75,0.663,0.729,-0.019
97,76,0.435,0.518,-0.033
97,77,0.271,0.349,-0.047
97,78,0.442,0.525,-0.033
97,79,0.375,0.458,-0.039
97,8,0.45,0.533,-0.028
97,80,0.398,0.481,-0.037
97,81,0.399,0.482,-0.037
97,82,0.333,0.415,-0.043
97,83,0.483,0.565,-0.031
97,84,0.443,0.526,-0.034
97,85,0.383,0.466,-0.039
97,86,0.378,0.461,-0.039
97,87,0.693,0.756,-0.018
97,88,0.363,0.445,-0.041
97,89,0.229,0.302,-0.054
97,9,0.282,0.361,-0.04
97,90,0.257,0.334,-0.051
97,91,0.331,0.412,-0.044
97,92,0.411,0.494,-0.038
97,93,0.305,0.385,-0.047
97,94,0.294,0.373,-0.048
97,95,0.374,0.457,-0.041
97,96,0.344,0.426,-0.044
97,97,0.448,0.531,-0.035
97,98,0.476,0.558,-0.033
97,99,0.306,0.386,-0.048
98,10,0.444,0.527,-0.028
98,100,0.286,0.365,-0.049
98,101,0.273,0.351,-0.051
98,102,0.336,0.418,-0.045
98,103,0.341,0.423,-0.044
98,104,0.335,0.416,-0.045
98,105,0.299,0.379,-0.049
98,106,0.303,0.383,-0.048
98,107,0.308,0.388,-0.048
98,108,0.392,0.476,-0.04
98,109,0.243,0.318,-0.055
98,11,0.37,0.453,-0.032
98,110,0.314,0.395,-0.048
98,111,0.323,0.404,-0.047
98,112,0.359,0.442,-0.044
98,113,0.235,0.309,-0.056
98,114,0.21,0.281,-0.06
98,115,0.187,0.254,-0.063
98,116,0.202,0.271,-0.061
98,117,0.248,0.324,-0.055
98,118,0.208,0.279,-0.061
98,119,0.391,0.474,-0.041
98,12,0.658,0.725,-0.016
98,120,0.301,0.381,-0.05
98,121,0.37,0.453,-0.043
98,122,0.335,0.417,-0.047
98,123,0.312,0.393,-0.049
98,124,0.376,0.459,-0.043
98,125,0.343,0.425,-0.046
98,126,0.354,0.436,-0.045
98,127,0.276,0.354,-0.053
98,128,0.292,0.372,-0.051
98,129,0.317,0.398,-0.048
98,13,0.528,0.608,-0.022
98,130,0.367,0.449,-0.044
98,131,0.369,0.452,-0.044
98,132,0.333,0.414,-0.047
98,133,0.369,0.452,-0.044
98,134,0.274,0.352,-0.053
98,135,0.235,0.309,-0.058
98,136,0.289,0.368,-0.052
98,137,0.191,0.259,-0.064
98,138,0.171,0.235,-0.067
98,139,0.161,0.224,-0.068
98,14,0.454,0.537,-0.026
98,140,0.176,0.241,-0.066
98,141,0.184,0.251,-0.065
98,142,0.192,0.26,-0.064
98,143,0.237,0.311,-0.058
98,144,0.105,0.155,-0.079
98,145,0.127,0.183,-0.074
98,146,0.187,0.254,-0.064
98,147,0.21,0.281,-0.061
98,148,0.206,0.276,-0.062
98,149,0.295,0.374,-0.051
98,15,0.487,0.569,-0.024
98,150,0.189,0.257,-0.064
98,151,0.257,0.333,-0.055
98,152,0.252,0.328,-0.056
98,153,0.313,0.393,-0.049
98,154,0.317,0.398,-0.049
98,155,0.237,0.311,-0.058
98,156,0.23,0.304,-0.058
98,157,0.249,0.324,-0.056
98,158,0.392,0.476,-0.042
98,159,0.449,0.531,-0.037
98,16,0.699,0.761,-0.013
98,160,0.351,0.433,-0.045
98,161,0.283,0.361,-0.052
98,162,0.202,0.271,-0.062
98,163,0.292,0.371,-0.051
98,164,0.422,0.505,-0.039
98,165,0.484,0.565,-0.034
98,166,0.364,0.447,-0.044
98,167,0.319,0.4,-0.048
98,168,0.227,0.3,-0.059
98,169,0.276,0.354,-0.053
98,17,0.598,0.672,-0.018
98,170,0.324,0.405,-0.048
98,171,0.33,0.411,-0.047
98,172,0.406,0.49,-0.04
98,173,0.27,0.347,-0.053
98,174,0.272,0.35,-0.053
98,175,0.255,0.332,-0.054
98,176,0.193,0.261,-0.062
98,177,0.279,0.357,-0.052
98,178,0.389,0.472,-0.041
98,179,0.368,0.451,-0.043
98,18,0.649,0.717,-0.016
98,180,0.358,0.44,-0.043
98,181,0.317,0.398,-0.047
98,182,0.333,0.415,-0.045
98,183,0.339,0.421,-0.045
98,184,0.256,0.332,-0.053
98,185,0.287,0.365,-0.05
98,186,0.253,0.329,-0.053
98,187,0.339,0.421,-0.045
98,188,0.398,0.482,-0.039
98,189,0.404,0.487,-0.039
98,19,0.4,0.483,-0.029
98,190,0.406,0.489,-0.039
98,191,0.321,0.402,-0.046
98,192,0.336,0.418,-0.045
98,193,0.371,0.454,-0.042
98,194,0.301,0.381,-0.049
98,195,0.46,0.542,-0.035
98,196,0.489,0.571,-0.033
98,197,0.224,0.296,-0.058
98,198,0.292,0.372,-0.05
98,199,0.196,0.264,-0.062
98,20,0.396,0.479,-0.03
98,200,0.214,0.286,-0.06
98,201,0.271,0.348,-0.053
98,202,0.195,0.264,-0.063
98,203,0.218,0.29,-0.06
98,204,0.217,0.289,-0.061
98,205,0.233,0.307,-0.059
98,206,0.24,0.314,-0.058
98,207,0.208,0.278,-0.063
98,208,0.115,0.168,-0.08
98,209,0.128,0.185,-0.077
98,21,0.27,0.348,-0.038
98,210,0.116,0.169,-0.081
98,211,0.216,0.287,-0.064
98,212,0.166,0.23,-0.073
98,213,0.141,0.2,-0.078
98,214,0.142,0.201,-0.078
98,215,0.203,0.273,-0.069
98,216,0.118,0.171,-0.085
98,217,0.097,0.146,-0.091
98,218,0.123,0.178,-0.085
98,219,0.151,0.212,-0.08
98,22,0.244,0.319,-0.04
98,220,0.189,0.257,-0.074
98,221,0.18,0.246,-0.076
98,222,0.183,0.249,-0.077
98,223,0.153,0.214,-0.083
98,224,0.196,0.265,-0.076
98,225,0.224,0.297,-0.072
98,226,0.212,0.283,-0.074
98,227,0.176,0.242,-0.081
98,228,0.146,0.206,-0.088
98,229,0.144,0.204,-0.089
98,23,0.694,0.757,-0.014
98,230,0.16,0.222,-0.087
98,231,0.1,0.149,-0.102
98,232,0.167,0.231,-0.086
98,233,0.152,0.213,-0.09
98,234,0.203,0.273,-0.08
98,235,0.164,0.227,-0.089
98,236,0.227,0.3,-0.077
98,237,0.203,0.273,-0.082
98,238,0.162,0.225,-0.09
98,239,0.124,0.178,-0.1
98,24,0.577,0.653,-0.019
98,240,0.139,0.197,-0.096
98,241,0.164,0.228,-0.091
98,242,0.162,0.225,-0.092
98,243,0.243,0.317,-0.077
98,244,0.168,0.233,-0.091
98,245,0.16,0.223,-0.093
98,246,0.252,0.328,-0.076
98,247,0.258,0.334,-0.076
98,248,0.292,0.371,-0.071
98,249,0.382,0.465,-0.059
98,25,0.548,0.627,-0.021
98,250,0.532,0.611,-0.042
98,251,0.452,0.535,-0.051
98,26,0.526,0.605,-0.022
98,27,0.544,0.623,-0.021
98,28,0.365,0.448,-0.032
98,29,0.662,0.729,-0.015
98,30,0.441,0.524,-0.027
98,31,0.482,0.564,-0.025
98,32,0.632,0.702,-0.017
98,33,0.318,0.399,-0.035
98,34,0.659,0.726,-0.016
98,35,0.521,0.601,-0.023
98,36,0.746,0.801,-0.012
98,37,0.501,0.582,-0.024
98,38,0.325,0.407,-0.035
98,39,0.341,0.423,-0.034
98,40,0.318,0.399,-0.036
98,41,0.491,0.573,-0.025
98,42,0.465,0.548,-0.027
98,43,0.352,0.434,-0.034
98,44,0.673,0.739,-0.015
98,45,0.67,0.735,-0.016
98,46,0.336,0.418,-0.035
98,47,0.737,0.793,-0.012
98,48,0.693,0.755,-0.015
98,49,0.39,0.473,-0.032
98,50,0.606,0.679,-0.019
98,51,0.569,0.646,-0.021
98,52,0.505,0.585,-0.025
98,53,0.297,0.377,-0.039
98,54,0.556,0.634,-0.022
98,55,0.566,0.643,-0.022
98,56,0.558,0.636,-0.022
98,57,0.513,0.593,-0.025
98,58,0.396,0.479,-0.033
98,59,0.269,0.346,-0.043
98,60,0.224,0.297,-0.048
98,61,0.337,0.419,-0.038
98,62,0.361,0.444,-0.036
98,63,0.478,0.56,-0.028
98,64,0.363,0.445,-0.036
98,65,0.259,0.335,-0.045
98,66,0.359,0.442,-0.037
98,67,0.419,0.502,-0.033
98,68,0.371,0.454,-0.036
98,69,0.504,0.585,-0.027
98,7,0.268,0.345,-0.041
98,70,0.421,0.505,-0.033
98,71,0.346,0.429,-0.039
98,72,0.487,0.569,-0.029
98,73,0.502,0.583,-0.028
98,74,0.464,0.546,-0.031
98,75,0.421,0.505,-0.034
98,76,0.551,0.629,-0.025
98,77,0.362,0.444,-0.039
98,78,0.482,0.563,-0.03
98,79,0.483,0.565,-0.03
98,8,0.416,0.499,-0.03
98,80,0.339,0.421,-0.041
98,81,0.32,0.4,-0.043
98,82,0.51,0.59,-0.029
98,83,0.554,0.632,-0.026
98,84,0.391,0.474,-0.038
98,85,0.47,0.552,-0.032
98,86,0.449,0.532,-0.034
98,87,0.473,0.556,-0.032
98,88,0.513,0.593,-0.029
98,89,0.501,0.582,-0.03
98,9,0.47,0.552,-0.026
98,90,0.73,0.787,-0.015
98,91,0.623,0.694,-0.022
98,92,0.513,0.594,-0.03
98,93,0.626,0.697,-0.022
98,94,0.379,0.462,-0.04
98,95,0.457,0.54,-0.034
98,96,0.309,0.389,-0.046
98,97,0.492,0.573,-0.032
98,98,0.403,0.487,-0.038
98,99,0.34,0.422,-0.044
99,10,0.138,0.196,-0.054
99,100,0.276,0.354,-0.05
99,101,0.381,0.464,-0.041
99,102,0.338,0.42,-0.044
99,103,0.377,0.46,-0.041
99,104,0.361,0.444,-0.043
99,105,0.371,0.454,-0.042
99,106,0.356,0.439,-0.043
99,107,0.327,0.409,-0.046
99,108,0.329,0.411,-0.046
99,109,0.4,0.483,-0.04
99,11,0.107,0.158,-0.058
99,110,0.278,0.356,-0.051
99,111,0.373,0.455,-0.042
99,112,0.325,0.406,-0.047
99,113,0.47,0.552,-0.034
99,114,0.483,0.565,-0.033
99,115,0.466,0.548,-0.035
99,116,0.42,0.503,-0.038
99,117,0.465,0.547,-0.035
99,118,0.486,0.568,-0.033
99,119,0.623,0.695,-0.024
99,12,0.185,0.252,-0.047
99,120,0.466,0.548,-0.035
99,121,0.678,0.743,-0.02
99,122,0.593,0.667,-0.026
99,123,0.417,0.501,-0.039
99,124,0.478,0.56,-0.034
99,125,0.456,0.539,-0.036
99,126,0.373,0.456,-0.043
99,127,0.313,0.394,-0.049
99,128,0.28,0.358,-0.052
99,129,0.409,0.492,-0.04
99,13,0.116,0.169,-0.056
99,130,0.386,0.47,-0.042
99,131,0.277,0.356,-0.052
99,132,0.213,0.284,-0.06
99,133,0.284,0.363,-0.052
99,134,0.253,0.329,-0.055
99,135,0.288,0.367,-0.051
99,136,0.353,0.435,-0.045
99,137,0.367,0.45,-0.044
99,138,0.383,0.466,-0.042
99,139,0.393,0.476,-0.041
99,14,0.166,0.23,-0.049
99,140,0.32,0.401,-0.048
99,141,0.23,0.303,-0.058
99,142,0.226,0.299,-0.059
99,143,0.185,0.252,-0.064
99,144,0.291,0.371,-0.051
99,145,0.22,0.292,-0.06
99,146,0.223,0.295,-0.059
99,147,0.288,0.367,-0.052
99,148,0.274,0.352,-0.053
99,149,0.426,0.509,-0.039
99,15,0.239,0.313,-0.041
99,150,0.292,0.371,-0.051
99,151,0.425,0.508,-0.039
99,152,0.285,0.364,-0.052
99,153,0.258,0.334,-0.055
99,154,0.293,0.372,-0.051
99,155,0.197,0.266,-0.063
99,156,0.271,0.348,-0.053
99,157,0.171,0.236,-0.066
99,158,0.253,0.329,-0.055
99,159,0.257,0.334,-0.055
99,16,0.16,0.223,-0.049
99,160,0.32,0.4,-0.048
99,161,0.393,0.476,-0.041
99,162,0.362,0.444,-0.044
99,163,0.312,0.393,-0.049
99,164,0.267,0.344,-0.054
99,165,0.264,0.34,-0.054
99,166,0.391,0.474,-0.041
99,167,0.403,0.486,-0.04
99,168,0.34,0.422,-0.046
99,169,0.263,0.339,-0.054
99,17,0.104,0.155,-0.057
99,170,0.241,0.316,-0.056
99,171,0.293,0.373,-0.05
99,172,0.297,0.377,-0.05
99,173,0.478,0.56,-0.034
99,174,0.43,0.513,-0.037
99,175,0.394,0.477,-0.04
99,176,0.273,0.351,-0.052
99,177,0.271,0.349,-0.052
99,178,0.278,0.356,-0.051
99,179,0.333,0.415,-0.046
99,18,0.326,0.407,-0.034
99,180,0.251,0.327,-0.054
99,181,0.22,0.292,-0.058
99,182,0.213,0.284,-0.059
99,183,0.349,0.432,-0.044
99,184,0.196,0.265,-0.061
99,185,0.181,0.248,-0.063
99,186,0.201,0.271,-0.06
99,187,0.27,0.347,-0.052
99,188,0.263,0.339,-0.053
99,189,0.25,0.326,-0.054
99,19,0.221,0.294,-0.043
99,190,0.242,0.317,-0.055
99,191,0.251,0.327,-0.054
99,192,0.274,0.352,-0.052
99,193,0.363,0.446,-0.043
99,194,0.213,0.285,-0.059
99,195,0.357,0.439,-0.044
99,196,0.296,0.375,-0.05
99,197,0.238,0.312,-0.057
99,198,0.161,0.224,-0.067
99,199,0.28,0.359,-0.052
99,20,0.43,0.513,-0.028
99,200,0.246,0.321,-0.056
99,201,0.382,0.465,-0.043
99,202,0.261,0.338,-0.055
99,203,0.214,0.285,-0.061
99,204,0.291,0.371,-0.052
99,205,0.236,0.31,-0.059
99,206,0.327,0.408,-0.049
99,207,0.218,0.29,-0.062
99,208,0.238,0.313,-0.06
99,209,0.191,0.259,-0.068
99,21,0.341,0.423,-0.033
99,210,0.173,0.239,-0.071
99,211,0.191,0.259,-0.069
99,212,0.275,0.353,-0.058
99,213,0.165,0.229,-0.074
99,214,0.133,0.191,-0.081
99,215,0.198,0.267,-0.071
99,216,0.265,0.342,-0.061
99,217,0.277,0.355,-0.061
99,218,0.207,0.277,-0.071
99,219,0.326,0.407,-0.056
99,22,0.348,0.43,-0.033
99,220,0.301,0.381,-0.059
99,221,0.274,0.352,-0.063
99,222,0.28,0.358,-0.063
99,223,0.361,0.444,-0.054
99,224,0.415,0.498,-0.048
99,225,0.353,0.435,-0.056
99,226,0.324,0.405,-0.06
99,227,0.42,0.504,-0.049
99,228,0.301,0.381,-0.063
99,229,0.388,0.471,-0.053
99,23,0.373,0.456,-0.031
99,230,0.399,0.482,-0.052
99,231,0.44,0.523,-0.048
99,232,0.403,0.486,-0.053
99,233,0.412,0.495,-0.052
99,234,0.394,0.477,-0.054
99,235,0.305,0.385,-0.065
99,236,0.379,0.462,-0.056
99,237,0.348,0.43,-0.06
99,238,0.283,0.361,-0.069
99,239,0.327,0.408,-0.064
99,24,0.554,0.632,-0.021
99,240,0.33,0.411,-0.064
99,241,0.308,0.388,-0.067
99,242,0.255,0.331,-0.075
99,243,0.354,0.436,-0.061
99,244,0.281,0.36,-0.071
99,245,0.312,0.393,-0.067
99,246,0.392,0.476,-0.057
99,247,0.337,0.419,-0.064
99,248,0.346,0.428,-0.063
99,249,0.36,0.443,-0.061
99,25,0.581,0.656,-0.019
99,250,0.418,0.502,-0.054
99,251,0.353,0.435,-0.063
99,26,0.385,0.468,-0.03
99,27,0.758,0.81,-0.011
99,28,0.924,0.943,-0.003
99,29,0.687,0.751,-0.014
99,30,0.66,0.727,-0.015
99,31,0.815,0.857,-0.008
99,32,0.683,0.747,-0.014
99,33,0.655,0.723,-0.016
99,34,0.711,0.771,-0.013
99,35,0.504,0.585,-0.024
99,36,0.38,0.463,-0.031
99,37,0.516,0.596,-0.023
99,38,0.391,0.474,-0.03
99,39,0.348,0.431,-0.033
99,40,0.367,0.45,-0.032
99,41,0.561,0.638,-0.021
99,42,0.766,0.817,-0.011
99,43,0.235,0.309,-0.043
99,44,0.508,0.589,-0.024
99,45,0.816,0.858,-0.008
99,46,0.632,0.702,-0.018
99,47,0.456,0.538,-0.027
99,48,0.511,0.592,-0.024
99,49,0.662,0.729,-0.016
99,50,0.628,0.699,-0.018
99,51,0.871,0.902,-0.006
99,52,0.655,0.723,-0.017
99,53,0.615,0.687,-0.019
99,54,0.676,0.741,-0.016
99,55,0.74,0.795,-0.013
99,56,0.447,0.529,-0.029
99,57,0.581,0.656,-0.021
99,58,0.757,0.81,-0.012
99,59,0.543,0.621,-0.023
99,60,0.495,0.576,-0.027
99,61,0.433,0.516,-0.031
99,62,0.363,0.445,-0.036
99,63,0.413,0.497,-0.032
99,64,0.559,0.637,-0.023
99,65,0.368,0.451,-0.036
99,66,0.269,0.347,-0.044
99,67,0.278,0.357,-0.044
99,68,0.303,0.383,-0.042
99,69,0.266,0.343,-0.045
99,7,0.281,0.359,-0.04
99,70,0.335,0.417,-0.04
99,71,0.413,0.497,-0.034
99,72,0.36,0.443,-0.038
99,73,0.392,0.475,-0.036
99,74,0.41,0.494,-0.034
99,75,0.369,0.451,-0.038
99,76,0.418,0.501,-0.034
99,77,0.384,0.468,-0.037
99,78,0.413,0.496,-0.035
99,79,0.406,0.49,-0.036
99,8,0.227,0.3,-0.044
99,80,0.371,0.453,-0.038
99,81,0.462,0.545,-0.032
99,82,0.367,0.45,-0.039
99,83,0.433,0.516,-0.034
99,84,0.453,0.536,-0.033
99,85,0.414,0.497,-0.036
99,86,0.576,0.652,-0.025
99,87,0.488,0.57,-0.031
99,88,0.524,0.604,-0.028
99,89,0.644,0.713,-0.02
99,9,0.163,0.227,-0.051
99,90,0.651,0.719,-0.02
99,91,0.577,0.653,-0.025
99,92,0.637,0.707,-0.021
99,93,0.688,0.752,-0.018
99,94,0.555,0.632,-0.027
99,95,0.566,0.642,-0.026
99,96,0.436,0.519,-0.035
99,97,0.516,0.596,-0.03
99,98,0.609,0.682,-0.023
99,99,0.39,0.473,-0.04
