slice_num,coord_num,PValue,adjPVal,logFC
1,100,0.066,0.104,-0.067
1,101,0.079,0.122,-0.064
1,102,0.13,0.187,-0.056
1,103,0.169,0.233,-0.051
1,104,0.168,0.232,-0.051
1,105,0.131,0.188,-0.056
1,106,0.185,0.253,-0.049
1,107,0.124,0.179,-0.058
1,108,0.076,0.118,-0.066
1,109,0.092,0.139,-0.063
1,110,0.168,0.232,-0.052
1,111,0.169,0.233,-0.052
1,112,0.19,0.258,-0.049
1,113,0.261,0.338,-0.043
1,114,0.185,0.252,-0.05
1,115,0.197,0.266,-0.049
1,116,0.283,0.361,-0.041
1,117,0.169,0.234,-0.053
1,118,0.191,0.259,-0.05
1,119,0.212,0.284,-0.048
1,120,0.301,0.381,-0.04
1,121,0.221,0.294,-0.047
1,122,0.341,0.423,-0.037
1,123,0.23,0.303,-0.047
1,124,0.239,0.313,-0.046
1,125,0.189,0.256,-0.051
1,126,0.2,0.269,-0.05
1,127,0.2,0.27,-0.05
1,128,0.261,0.338,-0.044
1,129,0.258,0.334,-0.044
1,130,0.259,0.336,-0.044
1,131,0.241,0.315,-0.046
1,132,0.359,0.442,-0.036
1,133,0.251,0.327,-0.045
1,134,0.155,0.217,-0.056
1,135,0.282,0.361,-0.043
1,136,0.27,0.348,-0.044
1,137,0.201,0.271,-0.051
1,138,0.263,0.34,-0.045
1,139,0.25,0.325,-0.046
1,140,0.204,0.274,-0.051
1,141,0.13,0.187,-0.061
1,142,0.211,0.282,-0.05
1,143,0.138,0.196,-0.06
1,144,0.137,0.195,-0.06
1,145,0.131,0.188,-0.061
1,146,0.268,0.345,-0.045
1,147,0.349,0.431,-0.038
1,148,0.222,0.294,-0.05
1,149,0.269,0.346,-0.045
1,150,0.243,0.318,-0.048
1,151,0.207,0.277,-0.052
1,152,0.197,0.266,-0.053
1,153,0.225,0.297,-0.05
1,154,0.277,0.355,-0.045
1,155,0.275,0.352,-0.045
1,156,0.174,0.239,-0.057
1,157,0.19,0.258,-0.055
1,158,0.15,0.211,-0.06
1,159,0.144,0.203,-0.061
1,160,0.158,0.221,-0.059
1,161,0.154,0.215,-0.06
1,162,0.127,0.183,-0.065
1,163,0.143,0.202,-0.062
1,164,0.104,0.154,-0.069
1,165,0.126,0.181,-0.066
1,166,0.219,0.291,-0.053
1,167,0.192,0.26,-0.056
1,168,0.262,0.339,-0.049
1,169,0.213,0.284,-0.054
1,170,0.207,0.278,-0.055
1,171,0.2,0.27,-0.056
1,172,0.114,0.167,-0.07
1,173,0.154,0.215,-0.064
1,174,0.124,0.179,-0.069
1,175,0.143,0.203,-0.066
1,176,0.188,0.255,-0.059
1,177,0.174,0.239,-0.062
1,178,0.142,0.201,-0.067
1,179,0.171,0.236,-0.063
1,180,0.117,0.171,-0.072
1,181,0.146,0.207,-0.067
1,182,0.212,0.283,-0.058
1,183,0.213,0.285,-0.058
1,184,0.237,0.311,-0.055
1,185,0.271,0.349,-0.052
1,186,0.235,0.309,-0.056
1,187,0.188,0.255,-0.063
1,188,0.223,0.295,-0.058
1,189,0.213,0.284,-0.06
1,190,0.278,0.356,-0.052
1,191,0.193,0.261,-0.063
1,192,0.333,0.414,-0.047
1,193,0.283,0.362,-0.053
1,194,0.211,0.282,-0.062
1,195,0.205,0.275,-0.063
1,196,0.338,0.419,-0.048
1,197,0.318,0.399,-0.05
1,198,0.264,0.341,-0.056
1,199,0.355,0.438,-0.047
1,200,0.311,0.391,-0.051
1,201,0.348,0.43,-0.048
1,202,0.546,0.624,-0.031
1,203,0.422,0.505,-0.041
1,204,0.262,0.339,-0.058
1,205,0.474,0.556,-0.037
1,206,0.561,0.639,-0.03
1,207,0.525,0.605,-0.033
1,208,0.459,0.542,-0.039
1,209,0.579,0.654,-0.029
1,210,0.431,0.514,-0.042
1,211,0.518,0.598,-0.034
1,212,0.638,0.708,-0.025
1,213,0.592,0.667,-0.029
1,214,0.491,0.573,-0.037
1,215,0.443,0.526,-0.041
1,216,0.486,0.568,-0.038
1,217,0.563,0.64,-0.031
1,218,0.404,0.487,-0.045
1,219,0.404,0.487,-0.046
1,220,0.491,0.572,-0.038
1,221,0.374,0.457,-0.049
1,222,0.473,0.555,-0.04
1,223,0.327,0.408,-0.054
1,224,0.281,0.36,-0.06
1,39,0.138,0.197,-0.048
1,40,0.028,0.051,-0.071
1,41,0.042,0.07,-0.066
1,42,0.031,0.055,-0.07
1,43,0.038,0.064,-0.068
1,44,0.063,0.1,-0.06
1,45,0.084,0.128,-0.056
1,46,0.066,0.105,-0.06
1,47,0.036,0.062,-0.068
1,48,0.075,0.116,-0.058
1,49,0.069,0.108,-0.059
1,50,0.059,0.094,-0.062
1,51,0.076,0.117,-0.058
1,52,0.18,0.246,-0.044
1,53,0.097,0.145,-0.054
1,54,0.17,0.235,-0.045
1,55,0.132,0.188,-0.05
1,56,0.143,0.202,-0.048
1,57,0.159,0.222,-0.047
1,58,0.141,0.2,-0.049
1,59,0.06,0.096,-0.062
1,60,0.092,0.138,-0.056
1,61,0.096,0.143,-0.056
1,62,0.056,0.091,-0.064
1,63,0.023,0.042,-0.076
1,64,0.081,0.124,-0.059
1,65,0.062,0.099,-0.063
1,66,0.038,0.065,-0.07
1,67,0.016,0.031,-0.081
1,68,0.025,0.045,-0.076
1,69,0.033,0.058,-0.072
1,70,0.027,0.049,-0.075
1,71,0.022,0.041,-0.078
1,72,0.067,0.106,-0.063
1,73,0.038,0.065,-0.071
1,74,0.038,0.065,-0.071
1,75,0.043,0.072,-0.07
1,76,0.052,0.085,-0.067
1,77,0.061,0.097,-0.065
1,78,0.159,0.221,-0.049
1,79,0.074,0.116,-0.062
1,80,0.068,0.108,-0.064
1,81,0.115,0.168,-0.055
1,82,0.111,0.163,-0.056
1,83,0.098,0.146,-0.058
1,84,0.134,0.192,-0.053
1,85,0.247,0.322,-0.041
1,86,0.273,0.351,-0.039
1,87,0.128,0.184,-0.054
1,88,0.081,0.124,-0.063
1,89,0.101,0.15,-0.059
1,90,0.047,0.078,-0.071
1,91,0.05,0.083,-0.07
1,92,0.098,0.146,-0.06
1,93,0.075,0.116,-0.064
1,94,0.09,0.137,-0.061
1,95,0.067,0.106,-0.067
1,96,0.12,0.174,-0.057
1,97,0.097,0.146,-0.06
1,98,0.067,0.106,-0.067
1,99,0.16,0.222,-0.052
10,10,0.041,0.069,-0.066
10,100,0.346,0.428,-0.034
10,101,0.354,0.436,-0.034
10,102,0.126,0.181,-0.056
10,103,0.27,0.348,-0.041
10,104,0.244,0.319,-0.043
10,105,0.119,0.173,-0.058
10,106,0.126,0.182,-0.057
10,107,0.104,0.154,-0.06
10,108,0.087,0.132,-0.064
10,109,0.15,0.211,-0.054
10,11,0.034,0.059,-0.068
10,110,0.214,0.285,-0.047
10,111,0.139,0.198,-0.056
10,112,0.133,0.19,-0.057
10,113,0.066,0.104,-0.069
10,114,0.184,0.251,-0.05
10,115,0.26,0.336,-0.043
10,116,0.191,0.259,-0.05
10,117,0.163,0.226,-0.053
10,118,0.244,0.319,-0.044
10,119,0.146,0.206,-0.055
10,12,0.021,0.039,-0.074
10,120,0.259,0.336,-0.043
10,121,0.216,0.287,-0.047
10,122,0.241,0.316,-0.045
10,123,0.225,0.298,-0.047
10,124,0.287,0.366,-0.041
10,125,0.3,0.38,-0.04
10,126,0.333,0.414,-0.037
10,127,0.363,0.446,-0.035
10,128,0.281,0.36,-0.042
10,129,0.339,0.42,-0.037
10,13,0.055,0.09,-0.06
10,130,0.364,0.447,-0.035
10,131,0.451,0.534,-0.029
10,132,0.304,0.384,-0.04
10,133,0.392,0.476,-0.033
10,134,0.471,0.553,-0.028
10,135,0.494,0.575,-0.027
10,136,0.636,0.706,-0.019
10,137,0.29,0.369,-0.042
10,138,0.231,0.305,-0.047
10,139,0.331,0.412,-0.038
10,14,0.037,0.064,-0.066
10,140,0.407,0.49,-0.033
10,141,0.421,0.504,-0.032
10,142,0.475,0.557,-0.028
10,143,0.607,0.68,-0.02
10,144,0.453,0.536,-0.03
10,145,0.439,0.522,-0.031
10,146,0.535,0.614,-0.025
10,147,0.413,0.496,-0.033
10,148,0.506,0.587,-0.027
10,149,0.498,0.58,-0.027
10,15,0.046,0.076,-0.063
10,150,0.485,0.567,-0.028
10,151,0.507,0.587,-0.027
10,152,0.388,0.471,-0.035
10,153,0.56,0.637,-0.023
10,154,0.507,0.588,-0.027
10,155,0.683,0.747,-0.016
10,156,0.603,0.676,-0.021
10,157,0.739,0.795,-0.013
10,158,0.767,0.818,-0.012
10,159,0.673,0.738,-0.017
10,16,0.094,0.142,-0.053
10,160,0.77,0.821,-0.012
10,161,0.693,0.756,-0.016
10,162,0.519,0.599,-0.026
10,163,0.403,0.487,-0.034
10,164,0.503,0.584,-0.027
10,165,0.337,0.419,-0.039
10,166,0.433,0.516,-0.032
10,167,0.419,0.503,-0.033
10,168,0.273,0.351,-0.045
10,169,0.494,0.575,-0.028
10,17,0.096,0.143,-0.052
10,170,0.498,0.579,-0.028
10,171,0.559,0.636,-0.024
10,172,0.375,0.458,-0.036
10,173,0.388,0.471,-0.035
10,174,0.339,0.421,-0.039
10,175,0.458,0.541,-0.03
10,176,0.501,0.582,-0.028
10,177,0.497,0.578,-0.028
10,178,0.542,0.62,-0.025
10,179,0.337,0.419,-0.04
10,18,0.042,0.07,-0.064
10,180,0.474,0.556,-0.03
10,181,0.382,0.465,-0.037
10,182,0.464,0.546,-0.031
10,183,0.472,0.555,-0.03
10,184,0.506,0.587,-0.028
10,185,0.4,0.483,-0.036
10,186,0.317,0.398,-0.043
10,187,0.229,0.302,-0.052
10,188,0.3,0.379,-0.045
10,189,0.392,0.475,-0.037
10,19,0.144,0.204,-0.046
10,190,0.2,0.269,-0.056
10,191,0.275,0.352,-0.048
10,192,0.232,0.305,-0.053
10,193,0.244,0.319,-0.052
10,194,0.198,0.267,-0.058
10,195,0.297,0.377,-0.047
10,196,0.21,0.281,-0.057
10,197,0.206,0.276,-0.058
10,198,0.122,0.177,-0.071
10,199,0.238,0.312,-0.055
10,20,0.028,0.05,-0.069
10,200,0.182,0.248,-0.062
10,201,0.131,0.188,-0.071
10,202,0.178,0.244,-0.064
10,203,0.195,0.264,-0.062
10,204,0.277,0.355,-0.052
10,205,0.222,0.294,-0.059
10,206,0.26,0.336,-0.055
10,207,0.285,0.364,-0.052
10,208,0.379,0.462,-0.043
10,209,0.292,0.371,-0.052
10,21,0.112,0.164,-0.05
10,210,0.411,0.494,-0.041
10,211,0.3,0.38,-0.052
10,212,0.416,0.499,-0.041
10,213,0.54,0.618,-0.031
10,214,0.553,0.631,-0.031
10,215,0.384,0.467,-0.045
10,216,0.412,0.495,-0.043
10,217,0.352,0.434,-0.049
10,218,0.485,0.567,-0.037
10,219,0.32,0.401,-0.053
10,22,0.127,0.183,-0.048
10,220,0.338,0.42,-0.052
10,221,0.34,0.422,-0.052
10,222,0.256,0.332,-0.062
10,223,0.277,0.355,-0.06
10,224,0.379,0.462,-0.049
10,225,0.345,0.427,-0.053
10,226,0.324,0.405,-0.055
10,227,0.184,0.25,-0.075
10,228,0.169,0.234,-0.078
10,229,0.199,0.268,-0.073
10,23,0.059,0.094,-0.059
10,230,0.189,0.257,-0.075
10,231,0.199,0.268,-0.074
10,232,0.192,0.26,-0.075
10,233,0.163,0.227,-0.081
10,234,0.153,0.215,-0.083
10,235,0.345,0.427,-0.055
10,236,0.194,0.262,-0.076
10,237,0.17,0.234,-0.081
10,238,0.333,0.415,-0.057
10,239,0.27,0.348,-0.065
10,24,0.163,0.227,-0.044
10,240,0.332,0.414,-0.058
10,241,0.356,0.439,-0.055
10,242,0.471,0.553,-0.043
10,243,0.365,0.448,-0.055
10,244,0.312,0.393,-0.061
10,245,0.325,0.406,-0.06
10,246,0.395,0.478,-0.052
10,247,0.291,0.37,-0.065
10,248,0.32,0.401,-0.062
10,249,0.298,0.378,-0.065
10,25,0.117,0.171,-0.049
10,250,0.549,0.627,-0.038
10,251,0.524,0.604,-0.04
10,26,0.15,0.211,-0.045
10,27,0.258,0.335,-0.035
10,28,0.272,0.35,-0.035
10,29,0.155,0.216,-0.045
10,30,0.258,0.334,-0.036
10,31,0.1,0.148,-0.052
10,32,0.218,0.29,-0.039
10,33,0.206,0.276,-0.04
10,34,0.218,0.29,-0.039
10,35,0.142,0.201,-0.046
10,36,0.177,0.243,-0.042
10,37,0.103,0.153,-0.051
10,38,0.121,0.176,-0.049
10,39,0.058,0.094,-0.06
10,40,0.171,0.236,-0.043
10,41,0.158,0.221,-0.045
10,42,0.054,0.088,-0.061
10,43,0.049,0.08,-0.063
10,44,0.021,0.039,-0.074
10,45,0.073,0.114,-0.057
10,46,0.033,0.057,-0.068
10,47,0.007,0.016,-0.086
10,48,0.016,0.031,-0.077
10,49,0.023,0.042,-0.073
10,50,0.021,0.04,-0.074
10,51,0.041,0.07,-0.066
10,52,0.03,0.053,-0.07
10,53,0.027,0.048,-0.072
10,54,0.067,0.106,-0.059
10,55,0.045,0.075,-0.065
10,56,0.125,0.18,-0.05
10,57,0.038,0.065,-0.067
10,58,0.021,0.039,-0.075
10,59,0.086,0.131,-0.056
10,60,0.036,0.063,-0.068
10,61,0.078,0.121,-0.058
10,62,0.068,0.107,-0.06
10,63,0.22,0.292,-0.04
10,64,0.226,0.299,-0.04
10,65,0.162,0.225,-0.046
10,66,0.127,0.183,-0.051
10,67,0.182,0.248,-0.044
10,68,0.108,0.159,-0.054
10,69,0.192,0.261,-0.044
10,7,0.016,0.031,-0.08
10,70,0.105,0.155,-0.055
10,71,0.134,0.191,-0.051
10,72,0.19,0.258,-0.045
10,73,0.138,0.197,-0.05
10,74,0.225,0.298,-0.041
10,75,0.283,0.361,-0.037
10,76,0.192,0.26,-0.045
10,77,0.203,0.273,-0.044
10,78,0.272,0.35,-0.038
10,79,0.24,0.315,-0.041
10,8,0.018,0.033,-0.078
10,80,0.103,0.153,-0.057
10,81,0.262,0.338,-0.039
10,82,0.258,0.334,-0.039
10,83,0.177,0.243,-0.047
10,84,0.242,0.317,-0.041
10,85,0.223,0.295,-0.043
10,86,0.22,0.292,-0.043
10,87,0.261,0.338,-0.04
10,88,0.184,0.251,-0.047
10,89,0.32,0.401,-0.035
10,9,0.025,0.045,-0.073
10,90,0.238,0.313,-0.042
10,91,0.363,0.446,-0.033
10,92,0.302,0.382,-0.037
10,93,0.357,0.44,-0.033
10,94,0.244,0.319,-0.042
10,95,0.358,0.441,-0.033
10,96,0.311,0.391,-0.037
10,97,0.29,0.369,-0.039
10,98,0.269,0.346,-0.04
10,99,0.145,0.204,-0.053
100,10,0.088,0.134,-0.059
100,100,0.141,0.2,-0.065
100,101,0.075,0.116,-0.078
100,102,0.113,0.165,-0.07
100,103,0.062,0.098,-0.082
100,104,0.154,0.215,-0.063
100,105,0.163,0.227,-0.062
100,106,0.179,0.246,-0.06
100,107,0.214,0.285,-0.055
100,108,0.198,0.267,-0.058
100,109,0.131,0.188,-0.068
100,11,0.076,0.118,-0.061
100,110,0.118,0.172,-0.07
100,111,0.153,0.214,-0.064
100,112,0.17,0.234,-0.062
100,113,0.145,0.205,-0.066
100,114,0.145,0.204,-0.066
100,115,0.161,0.224,-0.064
100,116,0.143,0.203,-0.067
100,117,0.08,0.123,-0.08
100,118,0.068,0.107,-0.083
100,119,0.055,0.09,-0.087
100,12,0.098,0.146,-0.056
100,120,0.042,0.071,-0.093
100,121,0.053,0.087,-0.088
100,122,0.076,0.117,-0.081
100,123,0.049,0.081,-0.09
100,124,0.069,0.109,-0.083
100,125,0.073,0.114,-0.082
100,126,0.092,0.138,-0.078
100,127,0.067,0.105,-0.084
100,128,0.067,0.106,-0.084
100,129,0.059,0.095,-0.087
100,13,0.061,0.097,-0.063
100,130,0.083,0.127,-0.08
100,131,0.077,0.119,-0.082
100,132,0.072,0.113,-0.083
100,133,0.056,0.091,-0.088
100,134,0.055,0.089,-0.088
100,135,0.084,0.128,-0.08
100,136,0.145,0.205,-0.067
100,137,0.108,0.159,-0.074
100,138,0.048,0.079,-0.091
100,139,0.039,0.067,-0.095
100,14,0.072,0.113,-0.06
100,140,0.059,0.095,-0.087
100,141,0.122,0.177,-0.071
100,142,0.133,0.19,-0.07
100,143,0.103,0.153,-0.075
100,144,0.13,0.187,-0.07
100,145,0.175,0.24,-0.063
100,146,0.116,0.169,-0.073
100,147,0.101,0.15,-0.076
100,148,0.084,0.128,-0.08
100,149,0.191,0.259,-0.06
100,15,0.135,0.192,-0.05
100,150,0.148,0.209,-0.067
100,151,0.131,0.188,-0.07
100,152,0.142,0.201,-0.068
100,153,0.105,0.155,-0.075
100,154,0.129,0.186,-0.07
100,155,0.145,0.205,-0.067
100,156,0.117,0.171,-0.073
100,157,0.119,0.173,-0.072
100,158,0.213,0.284,-0.058
100,159,0.203,0.273,-0.059
100,16,0.106,0.156,-0.054
100,160,0.19,0.258,-0.06
100,161,0.265,0.342,-0.051
100,162,0.195,0.264,-0.06
100,163,0.275,0.353,-0.05
100,164,0.2,0.269,-0.059
100,165,0.186,0.253,-0.06
100,166,0.145,0.205,-0.067
100,167,0.187,0.255,-0.06
100,168,0.176,0.242,-0.062
100,169,0.213,0.284,-0.057
100,17,0.16,0.223,-0.047
100,170,0.14,0.199,-0.067
100,171,0.215,0.287,-0.056
100,172,0.197,0.266,-0.058
100,173,0.15,0.211,-0.065
100,174,0.137,0.195,-0.067
100,175,0.135,0.193,-0.067
100,176,0.163,0.227,-0.063
100,177,0.251,0.326,-0.052
100,178,0.242,0.317,-0.053
100,179,0.253,0.328,-0.051
100,18,0.2,0.269,-0.043
100,180,0.187,0.254,-0.059
100,181,0.225,0.298,-0.054
100,182,0.206,0.277,-0.057
100,183,0.533,0.612,-0.028
100,184,0.522,0.601,-0.029
100,185,0.46,0.543,-0.033
100,186,0.42,0.503,-0.036
100,187,0.366,0.449,-0.041
100,188,0.431,0.514,-0.035
100,189,0.475,0.557,-0.032
100,19,0.172,0.237,-0.046
100,190,0.556,0.634,-0.027
100,191,0.545,0.624,-0.027
100,192,0.46,0.543,-0.033
100,193,0.328,0.41,-0.044
100,194,0.511,0.592,-0.03
100,195,0.497,0.578,-0.031
100,196,0.597,0.671,-0.024
100,197,0.593,0.668,-0.025
100,198,0.491,0.572,-0.032
100,199,0.541,0.62,-0.029
100,20,0.2,0.269,-0.043
100,200,0.535,0.614,-0.029
100,201,0.686,0.75,-0.019
100,202,0.707,0.768,-0.018
100,203,0.68,0.744,-0.02
100,204,0.571,0.647,-0.027
100,205,0.537,0.616,-0.03
100,206,0.468,0.55,-0.035
100,207,0.524,0.604,-0.031
100,208,0.64,0.709,-0.023
100,209,0.49,0.571,-0.035
100,21,0.115,0.168,-0.053
100,210,0.461,0.543,-0.037
100,211,0.456,0.538,-0.038
100,212,0.364,0.447,-0.047
100,213,0.38,0.463,-0.046
100,214,0.351,0.433,-0.049
100,215,0.34,0.421,-0.051
100,216,0.302,0.381,-0.055
100,217,0.319,0.4,-0.054
100,218,0.398,0.481,-0.046
100,219,0.272,0.349,-0.06
100,22,0.142,0.201,-0.049
100,220,0.303,0.383,-0.057
100,221,0.372,0.455,-0.05
100,222,0.36,0.442,-0.052
100,223,0.306,0.386,-0.058
100,224,0.272,0.35,-0.063
100,225,0.421,0.504,-0.047
100,226,0.514,0.594,-0.038
100,227,0.316,0.397,-0.059
100,228,0.441,0.524,-0.046
100,229,0.366,0.449,-0.054
100,23,0.128,0.184,-0.051
100,230,0.294,0.374,-0.063
100,231,0.411,0.494,-0.049
100,232,0.38,0.463,-0.053
100,233,0.598,0.672,-0.032
100,234,0.433,0.516,-0.048
100,235,0.436,0.519,-0.048
100,236,0.406,0.489,-0.051
100,237,0.338,0.42,-0.059
100,238,0.459,0.542,-0.046
100,239,0.408,0.491,-0.051
100,24,0.159,0.221,-0.047
100,240,0.418,0.502,-0.05
100,241,0.567,0.644,-0.036
100,242,0.498,0.579,-0.042
100,243,0.729,0.786,-0.022
100,244,0.524,0.603,-0.04
100,245,0.566,0.642,-0.036
100,246,0.661,0.728,-0.027
100,247,0.716,0.775,-0.023
100,248,0.704,0.765,-0.024
100,249,0.687,0.75,-0.026
100,25,0.112,0.164,-0.053
100,250,0.801,0.846,-0.016
100,251,0.715,0.774,-0.023
100,26,0.121,0.175,-0.052
100,27,0.077,0.118,-0.059
100,28,0.069,0.108,-0.061
100,29,0.131,0.188,-0.05
100,30,0.082,0.126,-0.058
100,31,0.148,0.208,-0.049
100,32,0.085,0.13,-0.058
100,33,0.092,0.139,-0.057
100,34,0.054,0.088,-0.065
100,35,0.105,0.155,-0.055
100,36,0.155,0.217,-0.048
100,37,0.135,0.193,-0.051
100,38,0.184,0.251,-0.045
100,39,0.228,0.301,-0.041
100,40,0.198,0.267,-0.044
100,41,0.109,0.16,-0.055
100,42,0.076,0.118,-0.061
100,43,0.16,0.223,-0.049
100,44,0.123,0.178,-0.054
100,45,0.112,0.165,-0.055
100,46,0.114,0.167,-0.056
100,47,0.081,0.124,-0.061
100,48,0.109,0.161,-0.057
100,49,0.18,0.246,-0.047
100,50,0.13,0.187,-0.054
100,51,0.137,0.196,-0.053
100,52,0.16,0.223,-0.05
100,53,0.073,0.114,-0.065
100,54,0.115,0.168,-0.057
100,55,0.092,0.139,-0.061
100,56,0.148,0.208,-0.053
100,57,0.118,0.171,-0.057
100,58,0.14,0.199,-0.054
100,59,0.156,0.218,-0.053
100,60,0.184,0.251,-0.049
100,61,0.134,0.191,-0.056
100,62,0.054,0.088,-0.072
100,63,0.127,0.183,-0.057
100,64,0.166,0.23,-0.052
100,65,0.221,0.294,-0.047
100,66,0.235,0.309,-0.045
100,67,0.123,0.178,-0.059
100,68,0.067,0.105,-0.071
100,69,0.04,0.068,-0.08
100,7,0.104,0.154,-0.058
100,70,0.062,0.099,-0.073
100,71,0.052,0.086,-0.076
100,72,0.059,0.095,-0.074
100,73,0.063,0.1,-0.074
100,74,0.049,0.081,-0.078
100,75,0.07,0.109,-0.073
100,76,0.027,0.049,-0.089
100,77,0.038,0.066,-0.083
100,78,0.073,0.114,-0.072
100,79,0.064,0.102,-0.075
100,8,0.082,0.126,-0.061
100,80,0.065,0.103,-0.075
100,81,0.039,0.066,-0.085
100,82,0.085,0.129,-0.071
100,83,0.05,0.082,-0.081
100,84,0.069,0.109,-0.075
100,85,0.025,0.046,-0.093
100,86,0.038,0.066,-0.087
100,87,0.046,0.076,-0.084
100,88,0.046,0.077,-0.084
100,89,0.057,0.092,-0.08
100,9,0.049,0.08,-0.069
100,90,0.048,0.079,-0.084
100,91,0.04,0.068,-0.088
100,92,0.116,0.169,-0.067
100,93,0.089,0.135,-0.073
100,94,0.121,0.175,-0.067
100,95,0.088,0.133,-0.074
100,96,0.106,0.157,-0.07
100,97,0.107,0.158,-0.07
100,98,0.101,0.151,-0.071
100,99,0.149,0.21,-0.063
101,10,0.276,0.354,-0.038
101,100,0.113,0.166,-0.069
101,101,0.111,0.163,-0.07
101,102,0.132,0.189,-0.066
101,103,0.089,0.135,-0.075
101,104,0.09,0.137,-0.074
101,105,0.113,0.165,-0.07
101,106,0.052,0.085,-0.086
101,107,0.069,0.108,-0.081
101,108,0.087,0.132,-0.076
101,109,0.099,0.148,-0.074
101,11,0.547,0.625,-0.021
101,110,0.054,0.088,-0.086
101,111,0.074,0.115,-0.08
101,112,0.07,0.11,-0.081
101,113,0.078,0.12,-0.079
101,114,0.091,0.137,-0.076
101,115,0.075,0.116,-0.08
101,116,0.067,0.105,-0.083
101,117,0.057,0.092,-0.086
101,118,0.063,0.1,-0.084
101,119,0.082,0.126,-0.079
101,12,0.264,0.341,-0.038
101,120,0.075,0.117,-0.081
101,121,0.059,0.095,-0.085
101,122,0.047,0.079,-0.09
101,123,0.074,0.115,-0.081
101,124,0.085,0.129,-0.078
101,125,0.059,0.095,-0.086
101,126,0.068,0.107,-0.083
101,127,0.06,0.097,-0.086
101,128,0.048,0.08,-0.091
101,129,0.056,0.09,-0.088
101,13,0.201,0.27,-0.043
101,130,0.069,0.109,-0.083
101,131,0.089,0.135,-0.078
101,132,0.123,0.178,-0.071
101,133,0.107,0.157,-0.074
101,134,0.09,0.137,-0.078
101,135,0.094,0.141,-0.077
101,136,0.13,0.186,-0.069
101,137,0.146,0.206,-0.067
101,138,0.052,0.085,-0.089
101,139,0.078,0.121,-0.081
101,14,0.159,0.222,-0.047
101,140,0.1,0.148,-0.076
101,141,0.115,0.168,-0.072
101,142,0.064,0.102,-0.085
101,143,0.055,0.09,-0.088
101,144,0.06,0.097,-0.086
101,145,0.05,0.083,-0.09
101,146,0.043,0.073,-0.093
101,147,0.04,0.068,-0.094
101,148,0.061,0.098,-0.086
101,149,0.034,0.06,-0.097
101,15,0.154,0.216,-0.048
101,150,0.045,0.075,-0.092
101,151,0.067,0.105,-0.084
101,152,0.062,0.099,-0.086
101,153,0.078,0.12,-0.081
101,154,0.084,0.128,-0.079
101,155,0.083,0.127,-0.08
101,156,0.072,0.112,-0.083
101,157,0.088,0.134,-0.078
101,158,0.134,0.191,-0.069
101,159,0.087,0.133,-0.078
101,16,0.201,0.27,-0.043
101,160,0.146,0.206,-0.067
101,161,0.103,0.152,-0.075
101,162,0.083,0.126,-0.079
101,163,0.156,0.219,-0.065
101,164,0.175,0.241,-0.062
101,165,0.105,0.155,-0.074
101,166,0.106,0.157,-0.074
101,167,0.169,0.233,-0.063
101,168,0.065,0.103,-0.084
101,169,0.19,0.258,-0.059
101,17,0.211,0.282,-0.041
101,170,0.224,0.296,-0.055
101,171,0.277,0.355,-0.049
101,172,0.263,0.34,-0.051
101,173,0.18,0.247,-0.061
101,174,0.253,0.329,-0.052
101,175,0.264,0.341,-0.05
101,176,0.23,0.304,-0.054
101,177,0.208,0.279,-0.056
101,178,0.161,0.224,-0.063
101,179,0.141,0.2,-0.066
101,18,0.19,0.258,-0.043
101,180,0.221,0.293,-0.055
101,181,0.194,0.262,-0.058
101,182,0.249,0.325,-0.052
101,183,0.283,0.361,-0.048
101,184,0.239,0.313,-0.053
101,185,0.248,0.324,-0.052
101,186,0.33,0.412,-0.044
101,187,0.293,0.372,-0.048
101,188,0.287,0.366,-0.048
101,189,0.396,0.479,-0.038
101,19,0.265,0.342,-0.037
101,190,0.395,0.478,-0.039
101,191,0.315,0.396,-0.046
101,192,0.265,0.341,-0.051
101,193,0.244,0.319,-0.053
101,194,0.215,0.287,-0.057
101,195,0.298,0.377,-0.048
101,196,0.421,0.504,-0.037
101,197,0.339,0.421,-0.045
101,198,0.405,0.488,-0.039
101,199,0.439,0.522,-0.037
101,20,0.227,0.3,-0.04
101,200,0.448,0.531,-0.036
101,201,0.303,0.383,-0.049
101,202,0.373,0.456,-0.043
101,203,0.544,0.623,-0.029
101,204,0.486,0.568,-0.034
101,205,0.557,0.635,-0.029
101,206,0.575,0.651,-0.028
101,207,0.45,0.533,-0.038
101,208,0.53,0.609,-0.032
101,209,0.552,0.63,-0.03
101,21,0.12,0.175,-0.051
101,210,0.46,0.543,-0.038
101,211,0.416,0.499,-0.042
101,212,0.518,0.598,-0.034
101,213,0.394,0.477,-0.045
101,214,0.343,0.425,-0.05
101,215,0.359,0.442,-0.049
101,216,0.461,0.544,-0.04
101,217,0.459,0.541,-0.041
101,218,0.476,0.558,-0.039
101,219,0.5,0.581,-0.038
101,22,0.193,0.262,-0.043
101,220,0.401,0.485,-0.047
101,221,0.502,0.583,-0.038
101,222,0.347,0.43,-0.054
101,223,0.484,0.566,-0.04
101,224,0.514,0.595,-0.038
101,225,0.481,0.562,-0.041
101,226,0.459,0.541,-0.044
101,227,0.299,0.379,-0.062
101,228,0.264,0.341,-0.067
101,229,0.351,0.434,-0.056
101,23,0.229,0.302,-0.04
101,230,0.336,0.417,-0.058
101,231,0.34,0.422,-0.058
101,232,0.408,0.491,-0.05
101,233,0.317,0.398,-0.061
101,234,0.255,0.331,-0.07
101,235,0.26,0.336,-0.069
101,236,0.297,0.377,-0.064
101,237,0.342,0.424,-0.059
101,238,0.37,0.453,-0.055
101,239,0.323,0.404,-0.061
101,24,0.268,0.346,-0.037
101,240,0.478,0.56,-0.044
101,241,0.408,0.491,-0.051
101,242,0.525,0.605,-0.039
101,243,0.526,0.606,-0.039
101,244,0.405,0.488,-0.052
101,245,0.459,0.541,-0.046
101,246,0.465,0.548,-0.045
101,247,0.547,0.625,-0.038
101,248,0.609,0.682,-0.032
101,249,0.43,0.513,-0.05
101,25,0.089,0.135,-0.057
101,250,0.529,0.609,-0.04
101,251,0.561,0.638,-0.037
101,26,0.155,0.217,-0.047
101,27,0.147,0.207,-0.048
101,28,0.074,0.115,-0.06
101,29,0.16,0.223,-0.047
101,30,0.245,0.321,-0.039
101,31,0.096,0.144,-0.056
101,32,0.211,0.282,-0.042
101,33,0.219,0.291,-0.041
101,34,0.31,0.39,-0.034
101,35,0.414,0.497,-0.028
101,36,0.305,0.385,-0.035
101,37,0.334,0.416,-0.033
101,38,0.271,0.349,-0.037
101,39,0.403,0.486,-0.029
101,40,0.312,0.393,-0.035
101,41,0.227,0.3,-0.042
101,42,0.339,0.421,-0.033
101,43,0.156,0.218,-0.049
101,44,0.127,0.183,-0.053
101,45,0.323,0.404,-0.035
101,46,0.289,0.368,-0.037
101,47,0.107,0.158,-0.057
101,48,0.125,0.18,-0.054
101,49,0.158,0.22,-0.05
101,50,0.137,0.195,-0.053
101,51,0.161,0.224,-0.05
101,52,0.069,0.109,-0.065
101,53,0.066,0.104,-0.066
101,54,0.065,0.102,-0.067
101,55,0.082,0.126,-0.063
101,56,0.109,0.161,-0.058
101,57,0.142,0.201,-0.054
101,58,0.072,0.112,-0.066
101,59,0.047,0.078,-0.073
101,60,0.037,0.064,-0.077
101,61,0.059,0.095,-0.071
101,62,0.076,0.117,-0.066
101,63,0.081,0.125,-0.066
101,64,0.062,0.099,-0.07
101,65,0.065,0.103,-0.07
101,66,0.099,0.147,-0.063
101,67,0.09,0.136,-0.065
101,68,0.04,0.068,-0.079
101,69,0.024,0.044,-0.087
101,7,0.607,0.68,-0.018
101,70,0.119,0.173,-0.06
101,71,0.128,0.184,-0.059
101,72,0.087,0.132,-0.067
101,73,0.044,0.074,-0.079
101,74,0.047,0.079,-0.078
101,75,0.051,0.084,-0.077
101,76,0.06,0.096,-0.075
101,77,0.036,0.062,-0.084
101,78,0.032,0.056,-0.086
101,79,0.045,0.075,-0.081
101,8,0.51,0.59,-0.023
101,80,0.021,0.039,-0.093
101,81,0.053,0.086,-0.079
101,82,0.132,0.189,-0.062
101,83,0.144,0.204,-0.06
101,84,0.089,0.135,-0.07
101,85,0.077,0.119,-0.073
101,86,0.059,0.095,-0.079
101,87,0.061,0.097,-0.078
101,88,0.061,0.097,-0.079
101,89,0.052,0.086,-0.082
101,9,0.286,0.365,-0.037
101,90,0.1,0.149,-0.069
101,91,0.11,0.162,-0.068
101,92,0.127,0.183,-0.065
101,93,0.061,0.098,-0.08
101,94,0.075,0.117,-0.076
101,95,0.085,0.13,-0.074
101,96,0.102,0.151,-0.07
101,97,0.152,0.213,-0.062
101,98,0.111,0.163,-0.069
101,99,0.12,0.174,-0.067
102,10,0.267,0.344,-0.039
102,100,0.137,0.195,-0.064
102,101,0.077,0.118,-0.076
102,102,0.051,0.084,-0.084
102,103,0.053,0.086,-0.084
102,104,0.096,0.144,-0.072
102,105,0.165,0.229,-0.061
102,106,0.223,0.295,-0.053
102,107,0.21,0.281,-0.055
102,108,0.218,0.29,-0.054
102,109,0.118,0.171,-0.069
102,11,0.411,0.494,-0.028
102,110,0.185,0.253,-0.058
102,111,0.148,0.208,-0.064
102,112,0.125,0.18,-0.068
102,113,0.182,0.248,-0.059
102,114,0.115,0.168,-0.07
102,115,0.151,0.212,-0.064
102,116,0.154,0.215,-0.064
102,117,0.166,0.229,-0.062
102,118,0.146,0.206,-0.065
102,119,0.149,0.209,-0.065
102,12,0.295,0.374,-0.036
102,120,0.131,0.188,-0.068
102,121,0.075,0.116,-0.08
102,122,0.144,0.204,-0.066
102,123,0.162,0.225,-0.063
102,124,0.105,0.155,-0.073
102,125,0.085,0.129,-0.078
102,126,0.121,0.176,-0.07
102,127,0.08,0.124,-0.079
102,128,0.074,0.115,-0.081
102,129,0.062,0.098,-0.085
102,13,0.302,0.382,-0.035
102,130,0.048,0.08,-0.089
102,131,0.051,0.084,-0.088
102,132,0.052,0.085,-0.088
102,133,0.047,0.078,-0.09
102,134,0.045,0.076,-0.091
102,135,0.051,0.084,-0.089
102,136,0.082,0.125,-0.079
102,137,0.053,0.086,-0.088
102,138,0.052,0.085,-0.088
102,139,0.072,0.112,-0.082
102,14,0.16,0.223,-0.048
102,140,0.047,0.078,-0.091
102,141,0.053,0.087,-0.088
102,142,0.067,0.105,-0.084
102,143,0.12,0.174,-0.071
102,144,0.111,0.163,-0.073
102,145,0.104,0.154,-0.074
102,146,0.072,0.113,-0.082
102,147,0.071,0.111,-0.082
102,148,0.09,0.136,-0.077
102,149,0.132,0.188,-0.069
102,15,0.187,0.255,-0.044
102,150,0.138,0.196,-0.068
102,151,0.069,0.109,-0.083
102,152,0.121,0.176,-0.071
102,153,0.21,0.281,-0.057
102,154,0.199,0.269,-0.059
102,155,0.17,0.234,-0.063
102,156,0.156,0.218,-0.065
102,157,0.15,0.211,-0.065
102,158,0.2,0.269,-0.058
102,159,0.2,0.27,-0.058
102,16,0.308,0.389,-0.034
102,160,0.2,0.269,-0.058
102,161,0.28,0.358,-0.049
102,162,0.277,0.355,-0.049
102,163,0.341,0.423,-0.043
102,164,0.243,0.318,-0.053
102,165,0.388,0.472,-0.039
102,166,0.268,0.345,-0.05
102,167,0.295,0.375,-0.047
102,168,0.326,0.408,-0.044
102,169,0.283,0.361,-0.048
102,17,0.081,0.124,-0.058
102,170,0.235,0.309,-0.053
102,171,0.295,0.375,-0.047
102,172,0.227,0.3,-0.054
102,173,0.368,0.451,-0.04
102,174,0.317,0.397,-0.045
102,175,0.316,0.397,-0.045
102,176,0.346,0.428,-0.042
102,177,0.31,0.39,-0.045
102,178,0.298,0.378,-0.047
102,179,0.329,0.41,-0.044
102,18,0.202,0.272,-0.043
102,180,0.345,0.427,-0.042
102,181,0.274,0.352,-0.049
102,182,0.338,0.42,-0.043
102,183,0.433,0.516,-0.035
102,184,0.407,0.49,-0.037
102,185,0.42,0.503,-0.036
102,186,0.433,0.516,-0.036
102,187,0.573,0.649,-0.026
102,188,0.439,0.522,-0.035
102,189,0.544,0.623,-0.028
102,19,0.197,0.266,-0.043
102,190,0.537,0.616,-0.028
102,191,0.775,0.824,-0.013
102,192,0.768,0.819,-0.014
102,193,0.631,0.702,-0.022
102,194,0.73,0.787,-0.016
102,195,0.683,0.747,-0.019
102,196,0.784,0.832,-0.013
102,197,0.686,0.75,-0.019
102,198,0.477,0.559,-0.034
102,199,0.805,0.849,-0.012
102,20,0.145,0.204,-0.049
102,200,0.87,0.901,-0.008
102,201,0.984,0.988,0.001
102,202,0.827,0.867,-0.011
102,203,0.851,0.886,-0.009
102,204,0.749,0.803,-0.016
102,205,0.795,0.841,-0.013
102,206,0.482,0.564,-0.035
102,207,0.513,0.593,-0.033
102,208,0.512,0.593,-0.034
102,209,0.587,0.662,-0.028
102,21,0.194,0.263,-0.043
102,210,0.606,0.679,-0.027
102,211,0.464,0.547,-0.038
102,212,0.605,0.679,-0.027
102,213,0.422,0.505,-0.043
102,214,0.489,0.57,-0.037
102,215,0.372,0.455,-0.049
102,216,0.495,0.576,-0.038
102,217,0.287,0.366,-0.059
102,218,0.29,0.369,-0.059
102,219,0.313,0.393,-0.057
102,22,0.142,0.201,-0.049
102,220,0.406,0.49,-0.047
102,221,0.264,0.34,-0.064
102,222,0.288,0.367,-0.061
102,223,0.232,0.306,-0.07
102,224,0.321,0.402,-0.058
102,225,0.258,0.334,-0.067
102,226,0.245,0.32,-0.069
102,227,0.287,0.366,-0.063
102,228,0.184,0.251,-0.08
102,229,0.264,0.341,-0.067
102,23,0.165,0.229,-0.046
102,230,0.329,0.41,-0.059
102,231,0.378,0.461,-0.054
102,232,0.403,0.487,-0.051
102,233,0.319,0.4,-0.061
102,234,0.377,0.46,-0.054
102,235,0.515,0.595,-0.04
102,236,0.573,0.649,-0.035
102,237,0.452,0.535,-0.046
102,238,0.544,0.623,-0.037
102,239,0.533,0.613,-0.038
102,24,0.277,0.355,-0.036
102,240,0.355,0.438,-0.057
102,241,0.331,0.413,-0.06
102,242,0.443,0.526,-0.047
102,243,0.391,0.474,-0.053
102,244,0.458,0.541,-0.046
102,245,0.301,0.381,-0.064
102,246,0.385,0.468,-0.054
102,247,0.29,0.369,-0.066
102,248,0.28,0.358,-0.067
102,249,0.236,0.31,-0.074
102,25,0.122,0.177,-0.051
102,250,0.372,0.455,-0.056
102,251,0.32,0.401,-0.063
102,26,0.082,0.126,-0.058
102,27,0.16,0.223,-0.047
102,28,0.15,0.21,-0.048
102,29,0.073,0.114,-0.06
102,30,0.185,0.253,-0.044
102,31,0.075,0.116,-0.06
102,32,0.089,0.135,-0.057
102,33,0.112,0.164,-0.054
102,34,0.095,0.142,-0.056
102,35,0.319,0.4,-0.034
102,36,0.211,0.282,-0.042
102,37,0.137,0.195,-0.05
102,38,0.191,0.259,-0.045
102,39,0.333,0.414,-0.033
102,40,0.237,0.311,-0.041
102,41,0.127,0.183,-0.052
102,42,0.111,0.163,-0.055
102,43,0.231,0.305,-0.041
102,44,0.192,0.261,-0.045
102,45,0.169,0.233,-0.048
102,46,0.151,0.212,-0.05
102,47,0.237,0.311,-0.042
102,48,0.148,0.208,-0.051
102,49,0.174,0.239,-0.048
102,50,0.22,0.292,-0.043
102,51,0.134,0.191,-0.053
102,52,0.146,0.206,-0.052
102,53,0.237,0.311,-0.042
102,54,0.118,0.171,-0.056
102,55,0.184,0.251,-0.048
102,56,0.098,0.147,-0.06
102,57,0.213,0.284,-0.045
102,58,0.128,0.184,-0.056
102,59,0.135,0.192,-0.055
102,60,0.073,0.114,-0.066
102,61,0.079,0.122,-0.065
102,62,0.055,0.09,-0.071
102,63,0.069,0.109,-0.068
102,64,0.065,0.103,-0.069
102,65,0.06,0.096,-0.071
102,66,0.139,0.198,-0.056
102,67,0.061,0.097,-0.071
102,68,0.078,0.121,-0.067
102,69,0.049,0.081,-0.075
102,7,0.277,0.355,-0.039
102,70,0.042,0.07,-0.078
102,71,0.025,0.045,-0.087
102,72,0.046,0.077,-0.077
102,73,0.045,0.076,-0.078
102,74,0.043,0.072,-0.079
102,75,0.052,0.085,-0.076
102,76,0.078,0.12,-0.07
102,77,0.046,0.077,-0.079
102,78,0.047,0.078,-0.079
102,79,0.048,0.079,-0.079
102,8,0.313,0.393,-0.036
102,80,0.038,0.065,-0.083
102,81,0.066,0.104,-0.074
102,82,0.088,0.133,-0.069
102,83,0.036,0.062,-0.085
102,84,0.06,0.096,-0.077
102,85,0.06,0.095,-0.077
102,86,0.074,0.115,-0.073
102,87,0.071,0.11,-0.074
102,88,0.062,0.098,-0.077
102,89,0.07,0.11,-0.075
102,9,0.16,0.223,-0.049
102,90,0.088,0.133,-0.071
102,91,0.096,0.144,-0.069
102,92,0.123,0.178,-0.064
102,93,0.064,0.102,-0.078
102,94,0.096,0.144,-0.07
102,95,0.094,0.141,-0.071
102,96,0.102,0.152,-0.07
102,97,0.118,0.171,-0.067
102,98,0.149,0.21,-0.062
102,99,0.084,0.129,-0.074
103,10,0.277,0.355,-0.038
103,100,0.089,0.135,-0.072
103,101,0.068,0.106,-0.078
103,102,0.094,0.141,-0.072
103,103,0.144,0.204,-0.063
103,104,0.126,0.181,-0.066
103,105,0.149,0.21,-0.062
103,106,0.091,0.137,-0.073
103,107,0.113,0.166,-0.069
103,108,0.156,0.218,-0.062
103,109,0.318,0.399,-0.043
103,11,0.142,0.201,-0.05
103,110,0.189,0.256,-0.057
103,111,0.185,0.252,-0.058
103,112,0.187,0.254,-0.058
103,113,0.208,0.279,-0.055
103,114,0.225,0.297,-0.053
103,115,0.224,0.297,-0.054
103,116,0.187,0.255,-0.058
103,117,0.234,0.307,-0.053
103,118,0.15,0.211,-0.064
103,119,0.086,0.131,-0.076
103,12,0.324,0.405,-0.034
103,120,0.13,0.186,-0.068
103,121,0.154,0.215,-0.064
103,122,0.147,0.208,-0.065
103,123,0.139,0.198,-0.066
103,124,0.116,0.169,-0.07
103,125,0.19,0.258,-0.059
103,126,0.164,0.228,-0.063
103,127,0.194,0.263,-0.058
103,128,0.159,0.221,-0.063
103,129,0.083,0.127,-0.078
103,13,0.118,0.172,-0.053
103,130,0.117,0.17,-0.07
103,131,0.174,0.24,-0.061
103,132,0.154,0.216,-0.064
103,133,0.2,0.27,-0.058
103,134,0.235,0.309,-0.054
103,135,0.222,0.294,-0.055
103,136,0.182,0.248,-0.06
103,137,0.229,0.302,-0.054
103,138,0.274,0.351,-0.05
103,139,0.272,0.35,-0.05
103,14,0.101,0.15,-0.055
103,140,0.338,0.419,-0.043
103,141,0.179,0.245,-0.061
103,142,0.148,0.209,-0.065
103,143,0.249,0.324,-0.052
103,144,0.139,0.197,-0.067
103,145,0.218,0.29,-0.055
103,146,0.238,0.312,-0.053
103,147,0.28,0.358,-0.049
103,148,0.266,0.343,-0.05
103,149,0.181,0.248,-0.061
103,15,0.259,0.336,-0.038
103,150,0.216,0.288,-0.056
103,151,0.202,0.271,-0.058
103,152,0.264,0.341,-0.051
103,153,0.318,0.399,-0.045
103,154,0.294,0.373,-0.047
103,155,0.384,0.467,-0.039
103,156,0.33,0.412,-0.044
103,157,0.256,0.332,-0.051
103,158,0.216,0.287,-0.056
103,159,0.318,0.399,-0.045
103,16,0.158,0.221,-0.047
103,160,0.387,0.47,-0.039
103,161,0.386,0.469,-0.039
103,162,0.379,0.462,-0.039
103,163,0.424,0.507,-0.036
103,164,0.401,0.484,-0.038
103,165,0.315,0.396,-0.045
103,166,0.315,0.395,-0.045
103,167,0.377,0.46,-0.04
103,168,0.363,0.446,-0.041
103,169,0.299,0.378,-0.047
103,17,0.195,0.263,-0.043
103,170,0.31,0.391,-0.045
103,171,0.297,0.376,-0.047
103,172,0.255,0.331,-0.051
103,173,0.289,0.368,-0.047
103,174,0.213,0.284,-0.056
103,175,0.18,0.246,-0.06
103,176,0.152,0.214,-0.064
103,177,0.149,0.21,-0.065
103,178,0.303,0.383,-0.046
103,179,0.288,0.367,-0.048
103,18,0.369,0.452,-0.03
103,180,0.216,0.287,-0.055
103,181,0.235,0.309,-0.053
103,182,0.167,0.231,-0.062
103,183,0.259,0.336,-0.051
103,184,0.201,0.27,-0.058
103,185,0.311,0.392,-0.046
103,186,0.271,0.349,-0.05
103,187,0.306,0.387,-0.047
103,188,0.272,0.349,-0.05
103,189,0.456,0.539,-0.034
103,19,0.375,0.458,-0.029
103,190,0.501,0.582,-0.031
103,191,0.526,0.606,-0.029
103,192,0.592,0.666,-0.025
103,193,0.686,0.75,-0.019
103,194,0.54,0.619,-0.029
103,195,0.803,0.848,-0.012
103,196,0.859,0.893,-0.008
103,197,0.75,0.804,-0.015
103,198,0.898,0.923,-0.006
103,199,0.921,0.941,-0.005
103,20,0.146,0.206,-0.048
103,200,0.793,0.839,-0.013
103,201,0.77,0.82,-0.014
103,202,0.857,0.891,-0.009
103,203,0.841,0.878,-0.01
103,204,0.832,0.871,-0.011
103,205,0.659,0.726,-0.022
103,206,0.665,0.731,-0.022
103,207,0.514,0.594,-0.034
103,208,0.881,0.91,-0.008
103,209,0.73,0.787,-0.018
103,21,0.106,0.156,-0.054
103,210,0.706,0.766,-0.02
103,211,0.643,0.712,-0.025
103,212,0.63,0.7,-0.026
103,213,0.497,0.579,-0.037
103,214,0.511,0.592,-0.036
103,215,0.483,0.565,-0.039
103,216,0.353,0.436,-0.052
103,217,0.43,0.513,-0.044
103,218,0.369,0.452,-0.051
103,219,0.297,0.377,-0.059
103,22,0.267,0.344,-0.037
103,220,0.289,0.368,-0.061
103,221,0.442,0.525,-0.044
103,222,0.272,0.349,-0.064
103,223,0.256,0.332,-0.067
103,224,0.243,0.318,-0.069
103,225,0.219,0.291,-0.073
103,226,0.169,0.234,-0.082
103,227,0.235,0.308,-0.071
103,228,0.186,0.253,-0.08
103,229,0.27,0.348,-0.067
103,23,0.264,0.341,-0.037
103,230,0.103,0.152,-0.099
103,231,0.155,0.217,-0.086
103,232,0.142,0.201,-0.089
103,233,0.201,0.271,-0.078
103,234,0.255,0.331,-0.07
103,235,0.252,0.328,-0.07
103,236,0.206,0.276,-0.078
103,237,0.222,0.295,-0.075
103,238,0.229,0.302,-0.074
103,239,0.279,0.357,-0.066
103,24,0.246,0.322,-0.038
103,240,0.29,0.369,-0.065
103,241,0.276,0.354,-0.067
103,242,0.317,0.398,-0.061
103,243,0.438,0.521,-0.047
103,244,0.379,0.462,-0.054
103,245,0.335,0.416,-0.059
103,246,0.502,0.583,-0.041
103,247,0.408,0.492,-0.051
103,248,0.384,0.467,-0.054
103,249,0.381,0.464,-0.054
103,25,0.213,0.284,-0.041
103,250,0.352,0.434,-0.058
103,251,0.381,0.465,-0.055
103,26,0.224,0.297,-0.04
103,27,0.243,0.317,-0.039
103,28,0.338,0.42,-0.032
103,29,0.259,0.336,-0.038
103,30,0.261,0.338,-0.038
103,31,0.102,0.151,-0.055
103,32,0.048,0.08,-0.066
103,33,0.111,0.163,-0.054
103,34,0.165,0.229,-0.047
103,35,0.054,0.088,-0.065
103,36,0.048,0.079,-0.067
103,37,0.058,0.094,-0.064
103,38,0.08,0.123,-0.06
103,39,0.099,0.148,-0.056
103,40,0.101,0.15,-0.056
103,41,0.068,0.107,-0.063
103,42,0.092,0.138,-0.058
103,43,0.095,0.142,-0.058
103,44,0.112,0.164,-0.055
103,45,0.161,0.224,-0.049
103,46,0.161,0.224,-0.049
103,47,0.063,0.1,-0.065
103,48,0.101,0.151,-0.057
103,49,0.1,0.148,-0.057
103,50,0.129,0.185,-0.053
103,51,0.264,0.341,-0.039
103,52,0.074,0.116,-0.063
103,53,0.08,0.123,-0.062
103,54,0.077,0.12,-0.063
103,55,0.104,0.154,-0.058
103,56,0.196,0.264,-0.047
103,57,0.07,0.11,-0.066
103,58,0.114,0.166,-0.058
103,59,0.288,0.367,-0.039
103,60,0.111,0.163,-0.058
103,61,0.104,0.155,-0.06
103,62,0.137,0.195,-0.055
103,63,0.132,0.189,-0.056
103,64,0.141,0.199,-0.055
103,65,0.154,0.215,-0.053
103,66,0.146,0.205,-0.054
103,67,0.097,0.145,-0.062
103,68,0.116,0.169,-0.059
103,69,0.153,0.214,-0.054
103,7,0.145,0.204,-0.052
103,70,0.232,0.306,-0.045
103,71,0.089,0.135,-0.065
103,72,0.143,0.202,-0.056
103,73,0.132,0.189,-0.058
103,74,0.078,0.121,-0.068
103,75,0.049,0.081,-0.077
103,76,0.055,0.09,-0.075
103,77,0.089,0.134,-0.067
103,78,0.093,0.141,-0.066
103,79,0.162,0.225,-0.055
103,8,0.096,0.144,-0.059
103,80,0.078,0.12,-0.07
103,81,0.072,0.113,-0.072
103,82,0.095,0.143,-0.067
103,83,0.085,0.129,-0.07
103,84,0.133,0.19,-0.061
103,85,0.105,0.155,-0.066
103,86,0.151,0.212,-0.059
103,87,0.163,0.227,-0.057
103,88,0.184,0.251,-0.055
103,89,0.104,0.154,-0.067
103,9,0.196,0.265,-0.045
103,90,0.133,0.19,-0.062
103,91,0.238,0.312,-0.049
103,92,0.223,0.296,-0.051
103,93,0.131,0.187,-0.063
103,94,0.11,0.162,-0.067
103,95,0.105,0.155,-0.068
103,96,0.173,0.238,-0.057
103,97,0.115,0.168,-0.067
103,98,0.143,0.202,-0.062
103,99,0.128,0.185,-0.064
104,10,0.03,0.053,-0.075
104,100,0.171,0.236,-0.058
104,101,0.162,0.226,-0.059
104,102,0.342,0.424,-0.04
104,103,0.306,0.386,-0.044
104,104,0.167,0.232,-0.059
104,105,0.193,0.261,-0.056
104,106,0.184,0.251,-0.057
104,107,0.297,0.376,-0.045
104,108,0.232,0.305,-0.052
104,109,0.174,0.24,-0.059
104,11,0.093,0.14,-0.058
104,110,0.24,0.315,-0.051
104,111,0.265,0.342,-0.048
104,112,0.342,0.424,-0.041
104,113,0.419,0.503,-0.035
104,114,0.279,0.357,-0.047
104,115,0.259,0.335,-0.049
104,116,0.229,0.302,-0.053
104,117,0.306,0.386,-0.045
104,118,0.32,0.401,-0.044
104,119,0.314,0.395,-0.044
104,12,0.034,0.059,-0.072
104,120,0.33,0.412,-0.043
104,121,0.263,0.34,-0.049
104,122,0.271,0.349,-0.049
104,123,0.216,0.287,-0.055
104,124,0.275,0.353,-0.048
104,125,0.178,0.244,-0.06
104,126,0.079,0.122,-0.077
104,127,0.13,0.187,-0.067
104,128,0.173,0.238,-0.06
104,129,0.258,0.334,-0.05
104,13,0.044,0.074,-0.068
104,130,0.143,0.202,-0.065
104,131,0.235,0.309,-0.053
104,132,0.233,0.307,-0.053
104,133,0.191,0.26,-0.058
104,134,0.229,0.302,-0.054
104,135,0.218,0.29,-0.055
104,136,0.137,0.195,-0.067
104,137,0.15,0.211,-0.064
104,138,0.271,0.349,-0.049
104,139,0.231,0.305,-0.054
104,14,0.145,0.205,-0.049
104,140,0.216,0.288,-0.056
104,141,0.177,0.242,-0.061
104,142,0.143,0.202,-0.066
104,143,0.126,0.181,-0.069
104,144,0.124,0.18,-0.069
104,145,0.164,0.227,-0.062
104,146,0.151,0.213,-0.064
104,147,0.148,0.208,-0.065
104,148,0.119,0.173,-0.07
104,149,0.154,0.216,-0.064
104,15,0.158,0.22,-0.047
104,150,0.204,0.274,-0.057
104,151,0.18,0.246,-0.06
104,152,0.134,0.191,-0.067
104,153,0.165,0.229,-0.062
104,154,0.157,0.219,-0.063
104,155,0.219,0.292,-0.055
104,156,0.191,0.259,-0.058
104,157,0.254,0.33,-0.051
104,158,0.164,0.227,-0.062
104,159,0.161,0.224,-0.062
104,16,0.215,0.287,-0.041
104,160,0.167,0.231,-0.061
104,161,0.183,0.249,-0.059
104,162,0.167,0.231,-0.061
104,163,0.209,0.28,-0.056
104,164,0.181,0.247,-0.06
104,165,0.182,0.248,-0.06
104,166,0.229,0.302,-0.054
104,167,0.191,0.259,-0.058
104,168,0.293,0.372,-0.047
104,169,0.143,0.203,-0.065
104,17,0.253,0.329,-0.038
104,170,0.348,0.43,-0.042
104,171,0.242,0.317,-0.052
104,172,0.307,0.387,-0.046
104,173,0.219,0.292,-0.055
104,174,0.219,0.291,-0.055
104,175,0.33,0.412,-0.044
104,176,0.37,0.453,-0.04
104,177,0.321,0.402,-0.045
104,178,0.313,0.394,-0.045
104,179,0.361,0.444,-0.041
104,18,0.229,0.302,-0.04
104,180,0.339,0.421,-0.043
104,181,0.602,0.675,-0.024
104,182,0.418,0.501,-0.036
104,183,0.347,0.429,-0.043
104,184,0.421,0.505,-0.036
104,185,0.371,0.454,-0.041
104,186,0.406,0.489,-0.038
104,187,0.458,0.54,-0.034
104,188,0.399,0.482,-0.039
104,189,0.5,0.581,-0.031
104,19,0.156,0.217,-0.047
104,190,0.432,0.515,-0.036
104,191,0.392,0.476,-0.04
104,192,0.272,0.35,-0.051
104,193,0.418,0.501,-0.038
104,194,0.516,0.596,-0.031
104,195,0.559,0.636,-0.028
104,196,0.618,0.69,-0.024
104,197,0.639,0.708,-0.023
104,198,0.783,0.831,-0.013
104,199,0.56,0.638,-0.029
104,20,0.484,0.566,-0.023
104,200,0.601,0.674,-0.026
104,201,0.703,0.764,-0.019
104,202,0.751,0.804,-0.016
104,203,0.697,0.759,-0.02
104,204,0.629,0.7,-0.025
104,205,0.657,0.725,-0.023
104,206,0.642,0.711,-0.024
104,207,0.699,0.761,-0.02
104,208,0.575,0.651,-0.029
104,209,0.729,0.786,-0.018
104,21,0.23,0.303,-0.04
104,210,0.648,0.717,-0.024
104,211,0.628,0.699,-0.026
104,212,0.609,0.682,-0.028
104,213,0.448,0.531,-0.042
104,214,0.511,0.591,-0.036
104,215,0.474,0.556,-0.04
104,216,0.322,0.403,-0.056
104,217,0.349,0.431,-0.053
104,218,0.333,0.414,-0.055
104,219,0.264,0.341,-0.064
104,22,0.329,0.41,-0.032
104,220,0.255,0.331,-0.066
104,221,0.252,0.327,-0.067
104,222,0.237,0.312,-0.069
104,223,0.293,0.373,-0.062
104,224,0.212,0.283,-0.074
104,225,0.242,0.317,-0.069
104,226,0.308,0.389,-0.061
104,227,0.31,0.39,-0.061
104,228,0.333,0.415,-0.058
104,229,0.251,0.326,-0.069
104,23,0.411,0.494,-0.027
104,230,0.287,0.366,-0.064
104,231,0.3,0.38,-0.063
104,232,0.245,0.32,-0.07
104,233,0.339,0.421,-0.058
104,234,0.347,0.43,-0.057
104,235,0.241,0.315,-0.071
104,236,0.295,0.374,-0.064
104,237,0.416,0.499,-0.05
104,238,0.494,0.575,-0.042
104,239,0.376,0.459,-0.054
104,24,0.482,0.564,-0.023
104,240,0.336,0.417,-0.059
104,241,0.408,0.492,-0.05
104,242,0.325,0.406,-0.06
104,243,0.546,0.624,-0.037
104,244,0.505,0.586,-0.041
104,245,0.527,0.607,-0.039
104,246,0.487,0.569,-0.042
104,247,0.482,0.564,-0.043
104,248,0.509,0.59,-0.04
104,249,0.656,0.723,-0.027
104,25,0.235,0.309,-0.039
104,250,0.752,0.805,-0.02
104,251,0.671,0.736,-0.027
104,26,0.288,0.367,-0.035
104,27,0.442,0.525,-0.026
104,28,0.393,0.476,-0.028
104,29,0.21,0.281,-0.042
104,30,0.1,0.149,-0.055
104,31,0.205,0.275,-0.042
104,32,0.133,0.191,-0.05
104,33,0.175,0.241,-0.045
104,34,0.268,0.346,-0.037
104,35,0.104,0.154,-0.055
104,36,0.124,0.18,-0.052
104,37,0.104,0.153,-0.055
104,38,0.129,0.185,-0.051
104,39,0.151,0.212,-0.049
104,40,0.121,0.176,-0.053
104,41,0.102,0.151,-0.056
104,42,0.133,0.19,-0.052
104,43,0.084,0.128,-0.059
104,44,0.117,0.17,-0.054
104,45,0.157,0.219,-0.049
104,46,0.135,0.193,-0.052
104,47,0.072,0.112,-0.062
104,48,0.29,0.369,-0.037
104,49,0.19,0.258,-0.046
104,50,0.091,0.137,-0.059
104,51,0.111,0.163,-0.056
104,52,0.158,0.221,-0.05
104,53,0.067,0.105,-0.065
104,54,0.115,0.167,-0.056
104,55,0.067,0.106,-0.065
104,56,0.075,0.117,-0.064
104,57,0.057,0.092,-0.068
104,58,0.047,0.078,-0.072
104,59,0.066,0.105,-0.066
104,60,0.082,0.125,-0.063
104,61,0.097,0.145,-0.061
104,62,0.166,0.229,-0.051
104,63,0.109,0.161,-0.059
104,64,0.096,0.144,-0.061
104,65,0.139,0.198,-0.055
104,66,0.109,0.16,-0.06
104,67,0.153,0.215,-0.053
104,68,0.178,0.244,-0.051
104,69,0.137,0.195,-0.056
104,7,0.058,0.093,-0.068
104,70,0.151,0.212,-0.054
104,71,0.093,0.14,-0.064
104,72,0.086,0.131,-0.065
104,73,0.158,0.22,-0.054
104,74,0.157,0.22,-0.054
104,75,0.104,0.154,-0.063
104,76,0.045,0.075,-0.078
104,77,0.057,0.091,-0.074
104,78,0.096,0.144,-0.065
104,79,0.139,0.198,-0.058
104,8,0.085,0.13,-0.061
104,80,0.091,0.137,-0.067
104,81,0.098,0.146,-0.066
104,82,0.158,0.22,-0.056
104,83,0.083,0.127,-0.069
104,84,0.094,0.142,-0.067
104,85,0.085,0.129,-0.069
104,86,0.116,0.17,-0.063
104,87,0.086,0.131,-0.07
104,88,0.137,0.195,-0.06
104,89,0.11,0.162,-0.065
104,9,0.054,0.088,-0.067
104,90,0.106,0.157,-0.066
104,91,0.042,0.072,-0.083
104,92,0.088,0.134,-0.07
104,93,0.131,0.188,-0.063
104,94,0.166,0.23,-0.058
104,95,0.09,0.136,-0.071
104,96,0.081,0.125,-0.073
104,97,0.057,0.092,-0.08
104,98,0.073,0.114,-0.075
104,99,0.077,0.119,-0.075
105,10,0.098,0.146,-0.058
105,100,0.135,0.193,-0.063
105,101,0.167,0.231,-0.058
105,102,0.268,0.346,-0.047
105,103,0.358,0.441,-0.039
105,104,0.237,0.312,-0.05
105,105,0.486,0.568,-0.03
105,106,0.343,0.425,-0.04
105,107,0.401,0.484,-0.036
105,108,0.353,0.435,-0.04
105,109,0.339,0.421,-0.041
105,11,0.102,0.151,-0.057
105,110,0.497,0.578,-0.029
105,111,0.383,0.466,-0.038
105,112,0.317,0.397,-0.043
105,113,0.327,0.408,-0.042
105,114,0.325,0.406,-0.043
105,115,0.415,0.498,-0.035
105,116,0.343,0.425,-0.041
105,117,0.436,0.519,-0.034
105,118,0.294,0.374,-0.046
105,119,0.214,0.286,-0.054
105,12,0.091,0.138,-0.058
105,120,0.358,0.44,-0.04
105,121,0.376,0.459,-0.039
105,122,0.354,0.436,-0.041
105,123,0.282,0.36,-0.047
105,124,0.278,0.356,-0.047
105,125,0.239,0.313,-0.052
105,126,0.272,0.349,-0.048
105,127,0.328,0.409,-0.043
105,128,0.318,0.399,-0.044
105,129,0.321,0.402,-0.044
105,13,0.068,0.108,-0.062
105,130,0.206,0.276,-0.056
105,131,0.162,0.225,-0.062
105,132,0.144,0.204,-0.064
105,133,0.312,0.393,-0.045
105,134,0.179,0.245,-0.059
105,135,0.142,0.202,-0.065
105,136,0.194,0.263,-0.057
105,137,0.135,0.193,-0.066
105,138,0.156,0.218,-0.063
105,139,0.087,0.132,-0.076
105,14,0.09,0.136,-0.057
105,140,0.119,0.173,-0.069
105,141,0.111,0.163,-0.071
105,142,0.167,0.232,-0.061
105,143,0.297,0.377,-0.046
105,144,0.312,0.393,-0.045
105,145,0.266,0.344,-0.049
105,146,0.292,0.371,-0.047
105,147,0.204,0.274,-0.056
105,148,0.218,0.29,-0.055
105,149,0.228,0.301,-0.053
105,15,0.065,0.103,-0.062
105,150,0.347,0.43,-0.041
105,151,0.396,0.479,-0.038
105,152,0.347,0.429,-0.042
105,153,0.326,0.407,-0.044
105,154,0.237,0.311,-0.052
105,155,0.32,0.401,-0.044
105,156,0.32,0.401,-0.044
105,157,0.433,0.516,-0.035
105,158,0.387,0.47,-0.038
105,159,0.346,0.428,-0.042
105,16,0.117,0.17,-0.052
105,160,0.264,0.341,-0.049
105,161,0.287,0.366,-0.047
105,162,0.208,0.279,-0.056
105,163,0.315,0.395,-0.044
105,164,0.369,0.452,-0.04
105,165,0.266,0.343,-0.049
105,166,0.133,0.19,-0.066
105,167,0.111,0.163,-0.07
105,168,0.188,0.256,-0.058
105,169,0.154,0.216,-0.063
105,17,0.17,0.235,-0.046
105,170,0.177,0.243,-0.06
105,171,0.223,0.296,-0.054
105,172,0.194,0.262,-0.058
105,173,0.216,0.287,-0.055
105,174,0.299,0.378,-0.046
105,175,0.232,0.305,-0.053
105,176,0.387,0.47,-0.039
105,177,0.346,0.429,-0.042
105,178,0.451,0.534,-0.034
105,179,0.583,0.659,-0.025
105,18,0.143,0.202,-0.049
105,180,0.584,0.659,-0.025
105,181,0.584,0.659,-0.025
105,182,0.513,0.593,-0.03
105,183,0.593,0.667,-0.024
105,184,0.646,0.715,-0.021
105,185,0.557,0.635,-0.027
105,186,0.725,0.783,-0.016
105,187,0.712,0.771,-0.017
105,188,0.51,0.59,-0.031
105,189,0.518,0.598,-0.03
105,19,0.179,0.246,-0.044
105,190,0.449,0.532,-0.035
105,191,0.374,0.457,-0.042
105,192,0.32,0.401,-0.047
105,193,0.47,0.553,-0.034
105,194,0.48,0.562,-0.034
105,195,0.508,0.588,-0.032
105,196,0.497,0.578,-0.033
105,197,0.521,0.601,-0.031
105,198,0.4,0.483,-0.041
105,199,0.578,0.654,-0.028
105,20,0.115,0.168,-0.052
105,200,0.385,0.468,-0.043
105,201,0.384,0.467,-0.044
105,202,0.547,0.625,-0.031
105,203,0.605,0.678,-0.027
105,204,0.622,0.693,-0.026
105,205,0.601,0.675,-0.027
105,206,0.58,0.655,-0.029
105,207,0.691,0.753,-0.021
105,208,0.505,0.586,-0.036
105,209,0.433,0.516,-0.042
105,21,0.283,0.362,-0.036
105,210,0.674,0.739,-0.023
105,211,0.736,0.792,-0.018
105,212,0.661,0.728,-0.024
105,213,0.552,0.63,-0.033
105,214,0.533,0.612,-0.035
105,215,0.532,0.611,-0.035
105,216,0.416,0.499,-0.046
105,217,0.469,0.551,-0.041
105,218,0.491,0.572,-0.04
105,219,0.529,0.608,-0.036
105,22,0.144,0.204,-0.048
105,220,0.339,0.421,-0.056
105,221,0.294,0.373,-0.061
105,222,0.23,0.303,-0.07
105,223,0.394,0.477,-0.05
105,224,0.255,0.331,-0.067
105,225,0.305,0.385,-0.061
105,226,0.289,0.367,-0.063
105,227,0.214,0.285,-0.074
105,228,0.169,0.233,-0.083
105,229,0.238,0.312,-0.071
105,23,0.204,0.274,-0.042
105,230,0.23,0.303,-0.072
105,231,0.248,0.323,-0.07
105,232,0.243,0.317,-0.07
105,233,0.27,0.347,-0.066
105,234,0.298,0.378,-0.063
105,235,0.327,0.408,-0.059
105,236,0.355,0.438,-0.056
105,237,0.315,0.395,-0.061
105,238,0.344,0.427,-0.057
105,239,0.402,0.485,-0.05
105,24,0.257,0.334,-0.037
105,240,0.441,0.524,-0.046
105,241,0.456,0.539,-0.045
105,242,0.368,0.45,-0.054
105,243,0.456,0.539,-0.045
105,244,0.4,0.484,-0.051
105,245,0.553,0.631,-0.036
105,246,0.601,0.675,-0.032
105,247,0.559,0.636,-0.036
105,248,0.42,0.503,-0.049
105,249,0.541,0.62,-0.037
105,25,0.219,0.291,-0.04
105,250,0.673,0.738,-0.026
105,251,0.594,0.668,-0.033
105,26,0.135,0.193,-0.049
105,27,0.106,0.157,-0.053
105,28,0.204,0.274,-0.042
105,29,0.106,0.157,-0.053
105,30,0.18,0.246,-0.044
105,31,0.13,0.187,-0.05
105,32,0.093,0.14,-0.056
105,33,0.064,0.101,-0.061
105,34,0.118,0.171,-0.052
105,35,0.172,0.237,-0.046
105,36,0.056,0.09,-0.064
105,37,0.092,0.139,-0.057
105,38,0.101,0.151,-0.055
105,39,0.057,0.091,-0.065
105,40,0.058,0.094,-0.064
105,41,0.028,0.05,-0.075
105,42,0.041,0.069,-0.07
105,43,0.057,0.092,-0.065
105,44,0.052,0.085,-0.067
105,45,0.049,0.081,-0.068
105,46,0.067,0.106,-0.063
105,47,0.077,0.119,-0.061
105,48,0.033,0.058,-0.074
105,49,0.062,0.099,-0.065
105,50,0.07,0.11,-0.063
105,51,0.055,0.09,-0.067
105,52,0.094,0.141,-0.059
105,53,0.073,0.114,-0.063
105,54,0.077,0.119,-0.063
105,55,0.036,0.062,-0.075
105,56,0.04,0.068,-0.073
105,57,0.041,0.07,-0.073
105,58,0.023,0.043,-0.082
105,59,0.035,0.061,-0.076
105,60,0.036,0.062,-0.076
105,61,0.06,0.096,-0.068
105,62,0.061,0.097,-0.068
105,63,0.061,0.097,-0.069
105,64,0.082,0.126,-0.064
105,65,0.107,0.158,-0.059
105,66,0.07,0.11,-0.067
105,67,0.105,0.156,-0.06
105,68,0.065,0.103,-0.069
105,69,0.087,0.132,-0.064
105,7,0.099,0.148,-0.059
105,70,0.105,0.155,-0.061
105,71,0.051,0.083,-0.074
105,72,0.067,0.106,-0.069
105,73,0.14,0.199,-0.056
105,74,0.091,0.138,-0.064
105,75,0.05,0.082,-0.075
105,76,0.048,0.08,-0.076
105,77,0.054,0.088,-0.074
105,78,0.065,0.103,-0.071
105,79,0.062,0.099,-0.073
105,8,0.097,0.145,-0.059
105,80,0.061,0.097,-0.073
105,81,0.089,0.135,-0.067
105,82,0.085,0.13,-0.068
105,83,0.069,0.108,-0.072
105,84,0.097,0.145,-0.066
105,85,0.167,0.231,-0.055
105,86,0.154,0.215,-0.057
105,87,0.132,0.189,-0.06
105,88,0.205,0.276,-0.051
105,89,0.186,0.253,-0.053
105,9,0.157,0.219,-0.05
105,90,0.232,0.306,-0.048
105,91,0.248,0.323,-0.047
105,92,0.262,0.339,-0.046
105,93,0.211,0.282,-0.051
105,94,0.269,0.347,-0.046
105,95,0.242,0.317,-0.048
105,96,0.206,0.276,-0.052
105,97,0.268,0.345,-0.046
105,98,0.249,0.325,-0.048
105,99,0.18,0.247,-0.056
106,10,0.057,0.093,-0.066
106,100,0.134,0.191,-0.062
106,101,0.179,0.245,-0.056
106,102,0.238,0.312,-0.049
106,103,0.221,0.293,-0.051
106,104,0.152,0.213,-0.06
106,105,0.125,0.18,-0.065
106,106,0.174,0.239,-0.057
106,107,0.219,0.292,-0.052
106,108,0.26,0.337,-0.048
106,109,0.242,0.317,-0.049
106,11,0.027,0.049,-0.076
106,110,0.236,0.31,-0.05
106,111,0.226,0.299,-0.051
106,112,0.298,0.378,-0.044
106,113,0.247,0.322,-0.049
106,114,0.239,0.313,-0.05
106,115,0.208,0.278,-0.054
106,116,0.152,0.213,-0.061
106,117,0.203,0.273,-0.055
106,118,0.199,0.268,-0.055
106,119,0.263,0.34,-0.048
106,12,0.057,0.092,-0.065
106,120,0.246,0.322,-0.05
106,121,0.207,0.277,-0.055
106,122,0.258,0.334,-0.049
106,123,0.29,0.369,-0.046
106,124,0.295,0.374,-0.045
106,125,0.224,0.297,-0.053
106,126,0.126,0.182,-0.066
106,127,0.116,0.169,-0.068
106,128,0.138,0.196,-0.064
106,129,0.132,0.189,-0.065
106,13,0.156,0.218,-0.048
106,130,0.124,0.179,-0.067
106,131,0.144,0.203,-0.064
106,132,0.135,0.193,-0.065
106,133,0.153,0.214,-0.063
106,134,0.12,0.174,-0.068
106,135,0.204,0.274,-0.056
106,136,0.227,0.3,-0.053
106,137,0.131,0.187,-0.066
106,138,0.151,0.211,-0.063
106,139,0.126,0.182,-0.067
106,14,0.043,0.072,-0.068
106,140,0.106,0.157,-0.071
106,141,0.146,0.206,-0.064
106,142,0.091,0.137,-0.074
106,143,0.1,0.148,-0.072
106,144,0.173,0.238,-0.06
106,145,0.218,0.29,-0.054
106,146,0.194,0.263,-0.057
106,147,0.159,0.222,-0.062
106,148,0.195,0.264,-0.057
106,149,0.194,0.263,-0.057
106,15,0.08,0.122,-0.059
106,150,0.223,0.296,-0.054
106,151,0.292,0.372,-0.046
106,152,0.25,0.326,-0.05
106,153,0.246,0.321,-0.051
106,154,0.188,0.256,-0.058
106,155,0.314,0.395,-0.044
106,156,0.328,0.409,-0.043
106,157,0.277,0.355,-0.048
106,158,0.278,0.356,-0.048
106,159,0.306,0.387,-0.045
106,16,0.072,0.113,-0.06
106,160,0.306,0.386,-0.045
106,161,0.244,0.318,-0.051
106,162,0.197,0.266,-0.057
106,163,0.237,0.311,-0.052
106,164,0.24,0.314,-0.052
106,165,0.295,0.375,-0.046
106,166,0.339,0.421,-0.042
106,167,0.224,0.296,-0.054
106,168,0.186,0.253,-0.059
106,169,0.225,0.298,-0.054
106,17,0.067,0.106,-0.061
106,170,0.282,0.361,-0.048
106,171,0.285,0.364,-0.047
106,172,0.214,0.286,-0.055
106,173,0.218,0.29,-0.055
106,174,0.29,0.369,-0.047
106,175,0.272,0.35,-0.049
106,176,0.254,0.33,-0.051
106,177,0.269,0.346,-0.05
106,178,0.322,0.403,-0.045
106,179,0.295,0.374,-0.047
106,18,0.125,0.181,-0.051
106,180,0.311,0.391,-0.046
106,181,0.254,0.33,-0.052
106,182,0.301,0.38,-0.047
106,183,0.307,0.387,-0.047
106,184,0.305,0.385,-0.047
106,185,0.308,0.388,-0.047
106,186,0.314,0.394,-0.047
106,187,0.311,0.392,-0.047
106,188,0.421,0.504,-0.038
106,189,0.465,0.548,-0.034
106,19,0.136,0.194,-0.05
106,190,0.41,0.493,-0.039
106,191,0.31,0.39,-0.048
106,192,0.337,0.419,-0.046
106,193,0.376,0.459,-0.043
106,194,0.505,0.586,-0.032
106,195,0.575,0.651,-0.027
106,196,0.389,0.472,-0.042
106,197,0.401,0.485,-0.042
106,198,0.411,0.495,-0.041
106,199,0.477,0.559,-0.036
106,20,0.4,0.483,-0.028
106,200,0.307,0.388,-0.052
106,201,0.377,0.46,-0.045
106,202,0.432,0.515,-0.041
106,203,0.454,0.536,-0.039
106,204,0.56,0.638,-0.031
106,205,0.246,0.322,-0.062
106,206,0.201,0.27,-0.069
106,207,0.29,0.369,-0.057
106,208,0.279,0.357,-0.059
106,209,0.275,0.353,-0.06
106,21,0.143,0.203,-0.049
106,210,0.359,0.441,-0.051
106,211,0.346,0.428,-0.052
106,212,0.308,0.388,-0.057
106,213,0.268,0.345,-0.062
106,214,0.393,0.476,-0.049
106,215,0.235,0.309,-0.068
106,216,0.34,0.422,-0.055
106,217,0.159,0.221,-0.081
106,218,0.175,0.241,-0.079
106,219,0.274,0.352,-0.064
106,22,0.079,0.122,-0.058
106,220,0.196,0.265,-0.076
106,221,0.148,0.208,-0.085
106,222,0.196,0.265,-0.076
106,223,0.209,0.28,-0.075
106,224,0.204,0.274,-0.076
106,225,0.16,0.223,-0.084
106,226,0.116,0.169,-0.094
106,227,0.177,0.243,-0.081
106,228,0.206,0.276,-0.076
106,229,0.165,0.229,-0.083
106,23,0.278,0.356,-0.036
106,230,0.155,0.217,-0.085
106,231,0.13,0.186,-0.091
106,232,0.238,0.313,-0.071
106,233,0.118,0.171,-0.094
106,234,0.195,0.264,-0.078
106,235,0.191,0.259,-0.079
106,236,0.3,0.379,-0.062
106,237,0.416,0.499,-0.049
106,238,0.349,0.432,-0.056
106,239,0.23,0.304,-0.072
106,24,0.439,0.522,-0.026
106,240,0.327,0.408,-0.059
106,241,0.46,0.543,-0.044
106,242,0.501,0.582,-0.04
106,243,0.435,0.518,-0.047
106,244,0.353,0.436,-0.056
106,245,0.436,0.519,-0.047
106,246,0.483,0.565,-0.042
106,247,0.46,0.543,-0.045
106,248,0.41,0.494,-0.05
106,249,0.393,0.476,-0.052
106,25,0.236,0.31,-0.039
106,250,0.413,0.497,-0.05
106,251,0.431,0.514,-0.049
106,26,0.454,0.537,-0.025
106,27,0.306,0.387,-0.034
106,28,0.417,0.5,-0.027
106,29,0.315,0.396,-0.033
106,30,0.17,0.234,-0.046
106,31,0.166,0.23,-0.046
106,32,0.256,0.332,-0.038
106,33,0.211,0.282,-0.042
106,34,0.101,0.151,-0.055
106,35,0.115,0.168,-0.053
106,36,0.147,0.207,-0.049
106,37,0.101,0.15,-0.055
106,38,0.106,0.156,-0.055
106,39,0.106,0.157,-0.054
106,40,0.094,0.141,-0.057
106,41,0.074,0.115,-0.061
106,42,0.112,0.165,-0.054
106,43,0.087,0.132,-0.058
106,44,0.126,0.181,-0.052
106,45,0.052,0.086,-0.067
106,46,0.019,0.035,-0.081
106,47,0.078,0.121,-0.061
106,48,0.108,0.159,-0.056
106,49,0.053,0.086,-0.067
106,50,0.042,0.071,-0.071
106,51,0.091,0.138,-0.059
106,52,0.088,0.134,-0.06
106,53,0.064,0.102,-0.065
106,54,0.078,0.121,-0.062
106,55,0.033,0.058,-0.075
106,56,0.036,0.062,-0.074
106,57,0.051,0.083,-0.07
106,58,0.029,0.052,-0.078
106,59,0.035,0.061,-0.075
106,60,0.027,0.048,-0.08
106,61,0.017,0.032,-0.087
106,62,0.019,0.035,-0.085
106,63,0.022,0.04,-0.083
106,64,0.047,0.077,-0.073
106,65,0.021,0.039,-0.085
106,66,0.044,0.074,-0.074
106,67,0.066,0.104,-0.068
106,68,0.035,0.061,-0.078
106,69,0.031,0.054,-0.081
106,7,0.036,0.062,-0.076
106,70,0.036,0.062,-0.079
106,71,0.049,0.081,-0.074
106,72,0.086,0.13,-0.065
106,73,0.095,0.142,-0.063
106,74,0.092,0.139,-0.064
106,75,0.087,0.132,-0.066
106,76,0.055,0.089,-0.074
106,77,0.074,0.116,-0.069
106,78,0.124,0.179,-0.06
106,79,0.179,0.245,-0.052
106,8,0.034,0.059,-0.075
106,80,0.13,0.187,-0.059
106,81,0.108,0.158,-0.063
106,82,0.063,0.1,-0.073
106,83,0.13,0.187,-0.06
106,84,0.112,0.165,-0.063
106,85,0.178,0.244,-0.054
106,86,0.079,0.122,-0.07
106,87,0.234,0.308,-0.048
106,88,0.09,0.136,-0.068
106,89,0.115,0.168,-0.064
106,9,0.053,0.086,-0.068
106,90,0.112,0.165,-0.064
106,91,0.1,0.148,-0.067
106,92,0.113,0.166,-0.064
106,93,0.074,0.115,-0.073
106,94,0.101,0.151,-0.067
106,95,0.071,0.111,-0.074
106,96,0.124,0.179,-0.063
106,97,0.064,0.102,-0.076
106,98,0.06,0.096,-0.078
106,99,0.072,0.112,-0.075
107,10,0.107,0.158,-0.057
107,100,0.138,0.196,-0.061
107,101,0.085,0.129,-0.071
107,102,0.071,0.111,-0.075
107,103,0.132,0.189,-0.062
107,104,0.27,0.347,-0.046
107,105,0.193,0.261,-0.054
107,106,0.312,0.392,-0.042
107,107,0.275,0.353,-0.046
107,108,0.27,0.347,-0.046
107,109,0.435,0.518,-0.033
107,11,0.1,0.149,-0.057
107,110,0.455,0.537,-0.031
107,111,0.313,0.393,-0.042
107,112,0.313,0.394,-0.042
107,113,0.276,0.354,-0.046
107,114,0.248,0.323,-0.049
107,115,0.248,0.323,-0.049
107,116,0.375,0.458,-0.038
107,117,0.248,0.323,-0.049
107,118,0.233,0.307,-0.051
107,119,0.275,0.353,-0.046
107,12,0.048,0.079,-0.068
107,120,0.222,0.294,-0.052
107,121,0.405,0.489,-0.036
107,122,0.289,0.367,-0.045
107,123,0.154,0.216,-0.061
107,124,0.183,0.25,-0.057
107,125,0.288,0.367,-0.046
107,126,0.249,0.324,-0.049
107,127,0.319,0.4,-0.043
107,128,0.254,0.33,-0.049
107,129,0.149,0.21,-0.062
107,13,0.07,0.109,-0.062
107,130,0.259,0.335,-0.049
107,131,0.189,0.257,-0.057
107,132,0.227,0.3,-0.052
107,133,0.2,0.269,-0.056
107,134,0.202,0.272,-0.055
107,135,0.205,0.275,-0.055
107,136,0.121,0.176,-0.067
107,137,0.106,0.157,-0.07
107,138,0.122,0.176,-0.068
107,139,0.243,0.317,-0.051
107,14,0.094,0.141,-0.057
107,140,0.298,0.377,-0.046
107,141,0.365,0.448,-0.04
107,142,0.272,0.35,-0.048
107,143,0.268,0.346,-0.048
107,144,0.334,0.415,-0.042
107,145,0.205,0.275,-0.055
107,146,0.301,0.381,-0.045
107,147,0.314,0.395,-0.044
107,148,0.424,0.507,-0.035
107,149,0.381,0.464,-0.038
107,15,0.167,0.231,-0.047
107,150,0.337,0.419,-0.042
107,151,0.32,0.401,-0.043
107,152,0.462,0.545,-0.032
107,153,0.496,0.578,-0.03
107,154,0.404,0.487,-0.036
107,155,0.501,0.582,-0.029
107,156,0.354,0.436,-0.04
107,157,0.309,0.39,-0.044
107,158,0.232,0.305,-0.052
107,159,0.278,0.356,-0.047
107,16,0.059,0.095,-0.063
107,160,0.294,0.374,-0.046
107,161,0.197,0.266,-0.057
107,162,0.277,0.355,-0.048
107,163,0.356,0.439,-0.041
107,164,0.323,0.404,-0.044
107,165,0.316,0.397,-0.044
107,166,0.334,0.416,-0.043
107,167,0.391,0.475,-0.038
107,168,0.311,0.391,-0.045
107,169,0.28,0.358,-0.048
107,17,0.226,0.299,-0.04
107,170,0.351,0.434,-0.041
107,171,0.333,0.415,-0.043
107,172,0.341,0.423,-0.042
107,173,0.374,0.457,-0.04
107,174,0.399,0.482,-0.038
107,175,0.389,0.472,-0.039
107,176,0.478,0.56,-0.032
107,177,0.471,0.553,-0.033
107,178,0.442,0.525,-0.035
107,179,0.487,0.568,-0.032
107,18,0.154,0.216,-0.048
107,180,0.392,0.476,-0.039
107,181,0.39,0.473,-0.039
107,182,0.632,0.702,-0.022
107,183,0.555,0.633,-0.027
107,184,0.56,0.637,-0.027
107,185,0.567,0.643,-0.027
107,186,0.443,0.526,-0.036
107,187,0.421,0.505,-0.038
107,188,0.48,0.562,-0.033
107,189,0.565,0.642,-0.027
107,19,0.277,0.355,-0.036
107,190,0.525,0.605,-0.031
107,191,0.452,0.535,-0.036
107,192,0.421,0.504,-0.039
107,193,0.489,0.571,-0.034
107,194,0.423,0.506,-0.04
107,195,0.465,0.547,-0.036
107,196,0.39,0.473,-0.043
107,197,0.462,0.544,-0.037
107,198,0.33,0.412,-0.05
107,199,0.401,0.484,-0.043
107,20,0.266,0.343,-0.037
107,200,0.277,0.355,-0.056
107,201,0.305,0.386,-0.053
107,202,0.274,0.352,-0.057
107,203,0.231,0.305,-0.064
107,204,0.382,0.465,-0.047
107,205,0.415,0.499,-0.044
107,206,0.278,0.356,-0.059
107,207,0.294,0.373,-0.057
107,208,0.315,0.396,-0.055
107,209,0.269,0.347,-0.061
107,21,0.333,0.415,-0.032
107,210,0.287,0.366,-0.059
107,211,0.285,0.363,-0.06
107,212,0.259,0.335,-0.064
107,213,0.211,0.282,-0.071
107,214,0.256,0.332,-0.065
107,215,0.271,0.348,-0.063
107,216,0.223,0.296,-0.07
107,217,0.365,0.448,-0.052
107,218,0.253,0.329,-0.066
107,219,0.34,0.421,-0.056
107,22,0.352,0.434,-0.031
107,220,0.299,0.379,-0.061
107,221,0.344,0.426,-0.056
107,222,0.271,0.349,-0.065
107,223,0.344,0.426,-0.056
107,224,0.241,0.316,-0.07
107,225,0.274,0.352,-0.065
107,226,0.428,0.511,-0.047
107,227,0.184,0.251,-0.079
107,228,0.239,0.314,-0.07
107,229,0.219,0.291,-0.073
107,23,0.522,0.602,-0.021
107,230,0.2,0.269,-0.077
107,231,0.221,0.293,-0.073
107,232,0.234,0.308,-0.071
107,233,0.181,0.247,-0.08
107,234,0.315,0.395,-0.06
107,235,0.259,0.336,-0.067
107,236,0.227,0.3,-0.072
107,237,0.471,0.553,-0.043
107,238,0.441,0.524,-0.046
107,239,0.522,0.601,-0.038
107,24,0.635,0.705,-0.016
107,240,0.597,0.671,-0.031
107,241,0.624,0.696,-0.029
107,242,0.585,0.66,-0.032
107,243,0.814,0.857,-0.014
107,244,0.53,0.609,-0.037
107,245,0.674,0.739,-0.025
107,246,0.663,0.729,-0.026
107,247,0.696,0.759,-0.023
107,248,0.664,0.731,-0.026
107,249,0.539,0.618,-0.037
107,25,0.61,0.683,-0.017
107,250,0.647,0.716,-0.028
107,251,0.548,0.627,-0.037
107,26,0.611,0.684,-0.017
107,27,0.212,0.283,-0.041
107,28,0.312,0.393,-0.034
107,29,0.684,0.748,-0.014
107,30,0.459,0.542,-0.025
107,31,0.32,0.401,-0.033
107,32,0.551,0.629,-0.02
107,33,0.481,0.563,-0.024
107,34,0.211,0.282,-0.042
107,35,0.222,0.295,-0.041
107,36,0.194,0.263,-0.044
107,37,0.245,0.32,-0.039
107,38,0.133,0.19,-0.051
107,39,0.203,0.273,-0.043
107,40,0.1,0.149,-0.056
107,41,0.114,0.167,-0.054
107,42,0.171,0.235,-0.047
107,43,0.16,0.222,-0.048
107,44,0.131,0.188,-0.052
107,45,0.154,0.215,-0.049
107,46,0.085,0.13,-0.059
107,47,0.124,0.179,-0.053
107,48,0.062,0.099,-0.065
107,49,0.172,0.237,-0.048
107,50,0.128,0.184,-0.053
107,51,0.105,0.155,-0.056
107,52,0.078,0.121,-0.061
107,53,0.072,0.112,-0.063
107,54,0.059,0.095,-0.066
107,55,0.055,0.089,-0.067
107,56,0.072,0.113,-0.063
107,57,0.032,0.056,-0.076
107,58,0.07,0.11,-0.065
107,59,0.023,0.042,-0.081
107,60,0.02,0.037,-0.084
107,61,0.023,0.042,-0.082
107,62,0.033,0.058,-0.077
107,63,0.024,0.044,-0.082
107,64,0.047,0.078,-0.072
107,65,0.071,0.112,-0.066
107,66,0.082,0.126,-0.064
107,67,0.084,0.128,-0.064
107,68,0.07,0.11,-0.067
107,69,0.082,0.126,-0.065
107,70,0.05,0.082,-0.073
107,71,0.071,0.111,-0.067
107,72,0.063,0.101,-0.07
107,73,0.059,0.095,-0.071
107,74,0.082,0.125,-0.066
107,75,0.086,0.131,-0.065
107,76,0.099,0.148,-0.063
107,77,0.114,0.167,-0.061
107,78,0.096,0.144,-0.064
107,79,0.075,0.116,-0.069
107,8,0.077,0.119,-0.064
107,80,0.044,0.074,-0.078
107,81,0.056,0.091,-0.074
107,82,0.049,0.081,-0.077
107,83,0.047,0.078,-0.078
107,84,0.077,0.12,-0.07
107,85,0.038,0.065,-0.082
107,86,0.025,0.046,-0.088
107,87,0.028,0.05,-0.087
107,88,0.028,0.05,-0.088
107,89,0.063,0.1,-0.075
107,9,0.051,0.084,-0.069
107,90,0.055,0.089,-0.077
107,91,0.063,0.101,-0.075
107,92,0.062,0.099,-0.075
107,93,0.061,0.097,-0.076
107,94,0.067,0.106,-0.074
107,95,0.074,0.115,-0.073
107,96,0.054,0.088,-0.078
107,97,0.043,0.072,-0.083
107,98,0.083,0.127,-0.071
107,99,0.051,0.083,-0.08
108,10,0.446,0.529,-0.027
108,100,0.25,0.326,-0.047
108,101,0.174,0.24,-0.055
108,102,0.161,0.223,-0.057
108,103,0.138,0.196,-0.061
108,104,0.173,0.238,-0.056
108,105,0.137,0.195,-0.061
108,106,0.133,0.19,-0.062
108,107,0.252,0.328,-0.047
108,108,0.324,0.405,-0.041
108,109,0.259,0.335,-0.047
108,11,0.54,0.619,-0.021
108,110,0.236,0.31,-0.049
108,111,0.335,0.417,-0.04
108,112,0.369,0.452,-0.037
108,113,0.349,0.432,-0.039
108,114,0.451,0.534,-0.031
108,115,0.324,0.405,-0.041
108,116,0.347,0.429,-0.039
108,117,0.335,0.417,-0.04
108,118,0.257,0.333,-0.048
108,119,0.254,0.33,-0.048
108,12,0.429,0.512,-0.027
108,120,0.167,0.231,-0.058
108,121,0.155,0.217,-0.06
108,122,0.232,0.305,-0.051
108,123,0.246,0.321,-0.049
108,124,0.373,0.456,-0.038
108,125,0.402,0.485,-0.036
108,126,0.286,0.364,-0.045
108,127,0.434,0.517,-0.033
108,128,0.38,0.463,-0.037
108,129,0.32,0.401,-0.042
108,13,0.553,0.631,-0.02
108,130,0.24,0.314,-0.05
108,131,0.404,0.487,-0.036
108,132,0.358,0.44,-0.039
108,133,0.358,0.441,-0.039
108,134,0.415,0.498,-0.035
108,135,0.225,0.297,-0.052
108,136,0.178,0.244,-0.058
108,137,0.176,0.241,-0.058
108,138,0.203,0.273,-0.055
108,139,0.24,0.315,-0.051
108,14,0.373,0.456,-0.03
108,140,0.204,0.274,-0.055
108,141,0.216,0.287,-0.053
108,142,0.209,0.28,-0.054
108,143,0.3,0.379,-0.045
108,144,0.265,0.342,-0.048
108,145,0.196,0.265,-0.056
108,146,0.156,0.217,-0.062
108,147,0.202,0.271,-0.055
108,148,0.24,0.314,-0.051
108,149,0.21,0.281,-0.054
108,15,0.364,0.447,-0.031
108,150,0.25,0.326,-0.05
108,151,0.296,0.375,-0.045
108,152,0.274,0.352,-0.047
108,153,0.242,0.317,-0.051
108,154,0.252,0.327,-0.05
108,155,0.258,0.334,-0.049
108,156,0.245,0.32,-0.051
108,157,0.415,0.498,-0.036
108,158,0.323,0.404,-0.043
108,159,0.533,0.612,-0.027
108,16,0.143,0.203,-0.049
108,160,0.462,0.545,-0.032
108,161,0.329,0.411,-0.043
108,162,0.279,0.357,-0.048
108,163,0.304,0.384,-0.045
108,164,0.178,0.244,-0.059
108,165,0.208,0.279,-0.055
108,166,0.178,0.245,-0.059
108,167,0.242,0.317,-0.052
108,168,0.22,0.292,-0.054
108,169,0.325,0.406,-0.044
108,17,0.348,0.43,-0.031
108,170,0.245,0.32,-0.052
108,171,0.225,0.298,-0.054
108,172,0.289,0.368,-0.047
108,173,0.29,0.369,-0.047
108,174,0.522,0.602,-0.029
108,175,0.467,0.549,-0.033
108,176,0.766,0.817,-0.013
108,177,0.751,0.804,-0.014
108,178,0.811,0.854,-0.011
108,179,0.554,0.632,-0.027
108,18,0.239,0.313,-0.039
108,180,0.6,0.673,-0.024
108,181,0.62,0.692,-0.023
108,182,0.592,0.666,-0.025
108,183,0.622,0.693,-0.023
108,184,0.803,0.848,-0.012
108,185,0.773,0.823,-0.014
108,186,0.78,0.829,-0.013
108,187,0.63,0.701,-0.023
108,188,0.571,0.648,-0.027
108,189,0.619,0.691,-0.024
108,19,0.366,0.449,-0.03
108,190,0.621,0.693,-0.024
108,191,0.703,0.764,-0.019
108,192,0.688,0.751,-0.02
108,193,0.623,0.694,-0.024
108,194,0.58,0.656,-0.028
108,195,0.655,0.723,-0.022
108,196,0.616,0.688,-0.025
108,197,0.821,0.862,-0.012
108,198,0.785,0.833,-0.014
108,199,0.572,0.648,-0.029
108,20,0.223,0.295,-0.041
108,200,0.459,0.541,-0.039
108,201,0.53,0.61,-0.033
108,202,0.522,0.602,-0.034
108,203,0.453,0.536,-0.04
108,204,0.429,0.513,-0.043
108,205,0.42,0.503,-0.044
108,206,0.377,0.46,-0.049
108,207,0.39,0.473,-0.048
108,208,0.327,0.408,-0.055
108,209,0.352,0.434,-0.052
108,21,0.273,0.35,-0.036
108,210,0.364,0.447,-0.051
108,211,0.258,0.334,-0.064
108,212,0.335,0.417,-0.055
108,213,0.398,0.481,-0.048
108,214,0.334,0.415,-0.055
108,215,0.265,0.342,-0.064
108,216,0.315,0.396,-0.058
108,217,0.399,0.483,-0.049
108,218,0.338,0.42,-0.056
108,219,0.279,0.357,-0.063
108,22,0.152,0.213,-0.048
108,220,0.326,0.407,-0.058
108,221,0.263,0.339,-0.066
108,222,0.233,0.307,-0.07
108,223,0.232,0.305,-0.071
108,224,0.287,0.366,-0.063
108,225,0.227,0.3,-0.071
108,226,0.281,0.36,-0.064
108,227,0.212,0.283,-0.074
108,228,0.204,0.274,-0.075
108,229,0.195,0.263,-0.077
108,23,0.406,0.489,-0.028
108,230,0.249,0.325,-0.068
108,231,0.227,0.3,-0.072
108,232,0.297,0.377,-0.062
108,233,0.245,0.32,-0.069
108,234,0.2,0.269,-0.076
108,235,0.297,0.376,-0.062
108,236,0.257,0.334,-0.067
108,237,0.379,0.462,-0.052
108,238,0.413,0.497,-0.048
108,239,0.314,0.394,-0.059
108,24,0.152,0.213,-0.048
108,240,0.501,0.582,-0.039
108,241,0.453,0.536,-0.044
108,242,0.507,0.588,-0.039
108,243,0.456,0.538,-0.044
108,244,0.475,0.557,-0.042
108,245,0.537,0.615,-0.037
108,246,0.369,0.451,-0.053
108,247,0.379,0.462,-0.053
108,248,0.404,0.488,-0.05
108,249,0.604,0.677,-0.031
108,25,0.216,0.288,-0.041
108,250,0.549,0.627,-0.037
108,26,0.111,0.163,-0.053
108,27,0.376,0.459,-0.029
108,28,0.142,0.201,-0.049
108,29,0.17,0.235,-0.046
108,30,0.443,0.526,-0.026
108,31,0.213,0.285,-0.042
108,32,0.076,0.118,-0.059
108,33,0.149,0.209,-0.048
108,34,0.251,0.327,-0.038
108,35,0.099,0.148,-0.055
108,36,0.074,0.115,-0.06
108,37,0.082,0.125,-0.059
108,38,0.067,0.106,-0.061
108,39,0.062,0.099,-0.063
108,40,0.103,0.153,-0.055
108,41,0.056,0.091,-0.065
108,42,0.057,0.092,-0.064
108,43,0.048,0.079,-0.067
108,44,0.076,0.117,-0.061
108,45,0.04,0.067,-0.07
108,46,0.012,0.024,-0.086
108,47,0.038,0.065,-0.071
108,48,0.032,0.056,-0.074
108,49,0.034,0.059,-0.073
108,50,0.036,0.062,-0.072
108,51,0.01,0.02,-0.089
108,52,0.01,0.021,-0.089
108,53,0.011,0.023,-0.088
108,54,0.023,0.042,-0.079
108,55,0.019,0.036,-0.082
108,56,0.014,0.028,-0.087
108,57,0.022,0.04,-0.081
108,58,0.022,0.041,-0.081
108,59,0.027,0.048,-0.078
108,60,0.046,0.077,-0.071
108,61,0.03,0.052,-0.078
108,62,0.029,0.052,-0.078
108,63,0.053,0.086,-0.07
108,64,0.061,0.098,-0.068
108,65,0.037,0.063,-0.076
108,66,0.107,0.158,-0.059
108,67,0.12,0.174,-0.057
108,68,0.061,0.097,-0.069
108,69,0.093,0.141,-0.062
108,70,0.128,0.185,-0.056
108,71,0.149,0.21,-0.054
108,72,0.092,0.139,-0.063
108,73,0.069,0.109,-0.068
108,74,0.066,0.104,-0.069
108,75,0.148,0.209,-0.055
108,76,0.092,0.139,-0.064
108,77,0.081,0.124,-0.066
108,78,0.033,0.057,-0.081
108,79,0.091,0.137,-0.065
108,8,0.407,0.49,-0.03
108,80,0.064,0.101,-0.071
108,81,0.097,0.145,-0.064
108,82,0.128,0.184,-0.059
108,83,0.106,0.156,-0.063
108,84,0.093,0.14,-0.065
108,85,0.069,0.109,-0.071
108,86,0.049,0.08,-0.077
108,87,0.129,0.185,-0.06
108,88,0.236,0.31,-0.047
108,89,0.156,0.218,-0.056
108,9,0.359,0.442,-0.033
108,90,0.108,0.159,-0.064
108,91,0.164,0.227,-0.055
108,92,0.225,0.298,-0.048
108,93,0.219,0.291,-0.049
108,94,0.168,0.232,-0.055
108,95,0.147,0.207,-0.058
108,96,0.192,0.261,-0.052
108,97,0.216,0.288,-0.05
108,98,0.176,0.242,-0.055
108,99,0.167,0.231,-0.056
109,10,0.247,0.322,-0.041
109,100,0.137,0.194,-0.06
109,101,0.261,0.338,-0.046
109,102,0.302,0.382,-0.042
109,103,0.428,0.511,-0.032
109,104,0.329,0.41,-0.04
109,105,0.369,0.452,-0.037
109,106,0.445,0.528,-0.031
109,107,0.597,0.671,-0.022
109,108,0.42,0.503,-0.033
109,109,0.415,0.499,-0.034
109,11,0.205,0.275,-0.044
109,110,0.744,0.799,-0.013
109,111,0.852,0.887,-0.008
109,112,0.501,0.582,-0.028
109,113,0.458,0.541,-0.031
109,114,0.461,0.544,-0.031
109,115,0.46,0.543,-0.031
109,116,0.349,0.431,-0.039
109,117,0.391,0.474,-0.036
109,118,0.412,0.495,-0.034
109,119,0.302,0.381,-0.043
109,12,0.065,0.102,-0.064
109,120,0.255,0.331,-0.048
109,121,0.306,0.386,-0.043
109,122,0.317,0.398,-0.042
109,123,0.246,0.321,-0.049
109,124,0.309,0.389,-0.043
109,125,0.294,0.374,-0.045
109,126,0.25,0.326,-0.049
109,127,0.242,0.317,-0.05
109,128,0.299,0.378,-0.044
109,129,0.23,0.303,-0.051
109,13,0.152,0.213,-0.049
109,130,0.427,0.51,-0.034
109,131,0.425,0.509,-0.034
109,132,0.179,0.246,-0.057
109,133,0.196,0.265,-0.055
109,134,0.25,0.326,-0.049
109,135,0.316,0.397,-0.043
109,136,0.238,0.312,-0.051
109,137,0.156,0.218,-0.061
109,138,0.139,0.197,-0.064
109,139,0.148,0.208,-0.062
109,14,0.165,0.229,-0.047
109,140,0.15,0.21,-0.062
109,141,0.077,0.119,-0.076
109,142,0.131,0.188,-0.065
109,143,0.154,0.216,-0.061
109,144,0.179,0.245,-0.058
109,145,0.16,0.222,-0.061
109,146,0.195,0.263,-0.056
109,147,0.207,0.278,-0.054
109,148,0.172,0.237,-0.059
109,149,0.106,0.156,-0.07
109,15,0.08,0.123,-0.059
109,150,0.164,0.228,-0.06
109,151,0.163,0.227,-0.06
109,152,0.228,0.301,-0.052
109,153,0.173,0.238,-0.059
109,154,0.176,0.242,-0.059
109,155,0.23,0.303,-0.052
109,156,0.26,0.337,-0.049
109,157,0.345,0.427,-0.041
109,158,0.269,0.347,-0.048
109,159,0.359,0.442,-0.04
109,16,0.077,0.119,-0.06
109,160,0.335,0.416,-0.042
109,161,0.283,0.361,-0.047
109,162,0.301,0.381,-0.045
109,163,0.352,0.435,-0.041
109,164,0.458,0.54,-0.032
109,165,0.34,0.422,-0.042
109,166,0.298,0.378,-0.046
109,167,0.436,0.519,-0.034
109,168,0.441,0.524,-0.034
109,169,0.323,0.404,-0.044
109,17,0.181,0.248,-0.045
109,170,0.409,0.492,-0.037
109,171,0.441,0.524,-0.034
109,172,0.771,0.821,-0.013
109,173,0.98,0.985,-0.001
109,174,0.896,0.921,-0.006
109,175,0.815,0.857,-0.011
109,176,0.807,0.851,-0.011
109,177,0.958,0.969,-0.002
109,178,0.886,0.914,0.007
109,179,0.937,0.953,-0.004
109,18,0.351,0.433,-0.031
109,180,0.849,0.884,-0.009
109,181,0.889,0.916,0.006
109,182,0.792,0.838,0.012
109,183,0.8,0.845,0.012
109,184,0.82,0.861,0.011
109,185,0.961,0.971,-0.002
109,186,0.994,0.995,0.0
109,187,0.891,0.917,-0.007
109,188,0.97,0.978,-0.002
109,189,0.918,0.939,-0.005
109,19,0.083,0.127,-0.058
109,190,0.885,0.913,0.007
109,191,0.991,0.993,-0.001
109,192,0.781,0.829,0.014
109,193,0.785,0.833,0.014
109,194,0.749,0.803,-0.016
109,195,0.759,0.811,-0.016
109,196,0.872,0.902,-0.008
109,197,0.609,0.681,-0.027
109,198,0.778,0.827,-0.015
109,199,0.884,0.912,-0.008
109,20,0.139,0.198,-0.049
109,200,0.755,0.808,-0.017
109,201,0.613,0.686,-0.027
109,202,0.496,0.577,-0.037
109,203,0.613,0.685,-0.028
109,204,0.518,0.599,-0.035
109,205,0.505,0.586,-0.037
109,206,0.529,0.608,-0.035
109,207,0.458,0.541,-0.042
109,208,0.566,0.643,-0.032
109,209,0.515,0.595,-0.037
109,21,0.097,0.145,-0.055
109,210,0.488,0.57,-0.039
109,211,0.425,0.508,-0.046
109,212,0.564,0.641,-0.033
109,213,0.565,0.642,-0.033
109,214,0.548,0.626,-0.035
109,215,0.479,0.561,-0.041
109,216,0.566,0.643,-0.033
109,217,0.485,0.567,-0.041
109,218,0.445,0.528,-0.045
109,219,0.476,0.558,-0.042
109,22,0.314,0.394,-0.034
109,220,0.418,0.501,-0.048
109,221,0.51,0.591,-0.039
109,222,0.355,0.438,-0.054
109,223,0.376,0.459,-0.052
109,224,0.543,0.622,-0.036
109,225,0.389,0.472,-0.051
109,226,0.288,0.367,-0.063
109,227,0.289,0.368,-0.062
109,228,0.281,0.359,-0.063
109,229,0.243,0.318,-0.069
109,23,0.117,0.17,-0.052
109,230,0.373,0.456,-0.052
109,231,0.245,0.32,-0.068
109,232,0.227,0.3,-0.071
109,233,0.276,0.354,-0.064
109,234,0.225,0.298,-0.071
109,235,0.32,0.401,-0.058
109,236,0.359,0.442,-0.054
109,237,0.48,0.562,-0.041
109,238,0.357,0.44,-0.054
109,239,0.392,0.475,-0.05
109,24,0.161,0.224,-0.047
109,240,0.414,0.498,-0.048
109,241,0.474,0.556,-0.042
109,242,0.594,0.668,-0.031
109,243,0.408,0.492,-0.048
109,244,0.503,0.584,-0.039
109,245,0.557,0.635,-0.035
109,246,0.65,0.719,-0.027
109,247,0.605,0.678,-0.031
109,248,0.566,0.643,-0.034
109,249,0.634,0.704,-0.029
109,25,0.272,0.35,-0.037
109,250,0.727,0.785,-0.021
109,26,0.106,0.156,-0.054
109,27,0.078,0.121,-0.059
109,28,0.139,0.198,-0.049
109,29,0.183,0.25,-0.044
109,30,0.134,0.191,-0.05
109,31,0.177,0.243,-0.045
109,32,0.246,0.321,-0.039
109,33,0.114,0.166,-0.053
109,34,0.13,0.186,-0.051
109,35,0.052,0.085,-0.065
109,36,0.129,0.185,-0.051
109,37,0.095,0.143,-0.056
109,38,0.051,0.084,-0.066
109,39,0.042,0.071,-0.069
109,40,0.075,0.116,-0.06
109,41,0.054,0.088,-0.065
109,42,0.029,0.052,-0.074
109,43,0.079,0.121,-0.06
109,44,0.07,0.11,-0.061
109,45,0.082,0.126,-0.059
109,46,0.06,0.096,-0.064
109,47,0.116,0.169,-0.054
109,48,0.053,0.086,-0.067
109,49,0.044,0.074,-0.069
109,50,0.056,0.091,-0.066
109,51,0.057,0.093,-0.066
109,52,0.054,0.088,-0.067
109,53,0.029,0.052,-0.076
109,54,0.029,0.051,-0.076
109,55,0.023,0.042,-0.08
109,56,0.029,0.051,-0.077
109,57,0.04,0.068,-0.072
109,58,0.054,0.088,-0.068
109,59,0.046,0.077,-0.071
109,60,0.096,0.143,-0.059
109,61,0.05,0.083,-0.07
109,62,0.062,0.099,-0.067
109,63,0.051,0.083,-0.07
109,64,0.08,0.123,-0.063
109,65,0.063,0.1,-0.067
109,66,0.087,0.132,-0.062
109,67,0.085,0.129,-0.063
109,68,0.097,0.145,-0.061
109,69,0.139,0.197,-0.054
109,70,0.096,0.144,-0.061
109,71,0.147,0.207,-0.054
109,72,0.096,0.144,-0.062
109,73,0.149,0.209,-0.054
109,74,0.086,0.13,-0.064
109,75,0.125,0.181,-0.057
109,76,0.063,0.101,-0.07
109,77,0.103,0.153,-0.062
109,78,0.041,0.069,-0.078
109,79,0.096,0.144,-0.064
109,8,0.242,0.317,-0.042
109,80,0.083,0.126,-0.066
109,81,0.082,0.125,-0.067
109,82,0.17,0.235,-0.053
109,83,0.095,0.143,-0.064
109,84,0.116,0.169,-0.061
109,85,0.126,0.182,-0.059
109,86,0.128,0.184,-0.059
109,87,0.108,0.159,-0.063
109,88,0.049,0.081,-0.077
109,89,0.064,0.101,-0.073
109,9,0.182,0.249,-0.047
109,90,0.098,0.147,-0.065
109,91,0.177,0.243,-0.053
109,92,0.049,0.081,-0.078
109,93,0.075,0.116,-0.071
109,94,0.114,0.167,-0.063
109,95,0.172,0.237,-0.054
109,96,0.115,0.168,-0.063
109,97,0.14,0.199,-0.059
109,98,0.195,0.263,-0.052
109,99,0.198,0.267,-0.052
11,10,0.065,0.104,-0.061
11,100,0.265,0.342,-0.041
11,101,0.193,0.261,-0.048
11,102,0.136,0.194,-0.055
11,103,0.228,0.301,-0.045
11,104,0.156,0.218,-0.053
11,105,0.179,0.245,-0.05
11,106,0.157,0.219,-0.053
11,107,0.277,0.355,-0.041
11,108,0.15,0.211,-0.054
11,109,0.187,0.254,-0.049
11,11,0.051,0.083,-0.064
11,110,0.247,0.322,-0.044
11,111,0.248,0.323,-0.043
11,112,0.215,0.286,-0.047
11,113,0.147,0.207,-0.055
11,114,0.18,0.246,-0.051
11,115,0.186,0.253,-0.05
11,116,0.152,0.213,-0.054
11,117,0.117,0.171,-0.06
11,118,0.144,0.204,-0.056
11,119,0.157,0.219,-0.054
11,12,0.05,0.082,-0.063
11,120,0.231,0.304,-0.046
11,121,0.339,0.421,-0.037
11,122,0.442,0.525,-0.03
11,123,0.49,0.571,-0.027
11,124,0.412,0.495,-0.032
11,125,0.197,0.266,-0.05
11,126,0.441,0.524,-0.03
11,127,0.484,0.565,-0.027
11,128,0.575,0.651,-0.022
11,129,0.587,0.662,-0.021
11,13,0.062,0.098,-0.06
11,130,0.513,0.593,-0.025
11,131,0.59,0.664,-0.021
11,132,0.658,0.726,-0.017
11,133,0.61,0.683,-0.02
11,134,0.37,0.453,-0.035
11,135,0.516,0.596,-0.026
11,136,0.747,0.802,-0.013
11,137,0.607,0.68,-0.02
11,138,0.398,0.481,-0.033
11,139,0.373,0.456,-0.035
11,14,0.029,0.052,-0.07
11,140,0.441,0.524,-0.03
11,141,0.439,0.522,-0.031
11,142,0.538,0.617,-0.024
11,143,0.57,0.647,-0.022
11,144,0.634,0.704,-0.019
11,145,0.485,0.567,-0.028
11,146,0.682,0.746,-0.016
11,147,0.719,0.777,-0.014
11,148,0.54,0.619,-0.024
11,149,0.643,0.712,-0.018
11,15,0.032,0.056,-0.068
11,150,0.589,0.663,-0.022
11,151,0.837,0.875,-0.008
11,152,0.712,0.772,-0.015
11,153,0.701,0.763,-0.015
11,154,0.696,0.758,-0.016
11,155,0.708,0.768,-0.015
11,156,0.664,0.731,-0.017
11,157,0.555,0.633,-0.024
11,158,0.455,0.537,-0.03
11,159,0.519,0.599,-0.026
11,16,0.021,0.04,-0.073
11,160,0.36,0.443,-0.037
11,161,0.458,0.54,-0.03
11,162,0.646,0.715,-0.019
11,163,0.567,0.644,-0.023
11,164,0.483,0.564,-0.028
11,165,0.417,0.5,-0.033
11,166,0.495,0.576,-0.028
11,167,0.501,0.582,-0.027
11,168,0.447,0.53,-0.031
11,169,0.469,0.551,-0.029
11,17,0.031,0.055,-0.068
11,170,0.444,0.527,-0.031
11,171,0.481,0.563,-0.029
11,172,0.342,0.424,-0.039
11,173,0.233,0.307,-0.049
11,174,0.368,0.451,-0.037
11,175,0.341,0.423,-0.039
11,176,0.545,0.623,-0.025
11,177,0.477,0.559,-0.029
11,178,0.505,0.586,-0.028
11,179,0.431,0.514,-0.033
11,18,0.058,0.093,-0.06
11,180,0.355,0.437,-0.039
11,181,0.311,0.391,-0.042
11,182,0.319,0.4,-0.042
11,183,0.375,0.458,-0.037
11,184,0.297,0.376,-0.044
11,185,0.222,0.295,-0.052
11,186,0.278,0.357,-0.046
11,187,0.142,0.201,-0.063
11,188,0.225,0.298,-0.052
11,189,0.237,0.311,-0.051
11,19,0.045,0.075,-0.063
11,190,0.29,0.369,-0.046
11,191,0.139,0.197,-0.065
11,192,0.106,0.156,-0.071
11,193,0.182,0.249,-0.059
11,194,0.19,0.258,-0.058
11,195,0.102,0.151,-0.073
11,196,0.144,0.204,-0.066
11,197,0.129,0.185,-0.069
11,198,0.117,0.17,-0.071
11,199,0.155,0.217,-0.065
11,20,0.077,0.119,-0.055
11,200,0.125,0.18,-0.071
11,201,0.24,0.314,-0.055
11,202,0.157,0.219,-0.066
11,203,0.138,0.196,-0.07
11,204,0.136,0.194,-0.071
11,205,0.199,0.269,-0.061
11,206,0.204,0.275,-0.061
11,207,0.224,0.296,-0.059
11,208,0.205,0.276,-0.062
11,209,0.166,0.23,-0.068
11,21,0.029,0.052,-0.069
11,210,0.203,0.272,-0.063
11,211,0.3,0.38,-0.052
11,212,0.175,0.241,-0.068
11,213,0.251,0.326,-0.058
11,214,0.262,0.339,-0.057
11,215,0.242,0.317,-0.06
11,216,0.232,0.306,-0.062
11,217,0.334,0.416,-0.051
11,218,0.195,0.263,-0.069
11,219,0.327,0.408,-0.052
11,22,0.269,0.346,-0.035
11,220,0.274,0.352,-0.059
11,221,0.145,0.204,-0.079
11,222,0.191,0.259,-0.071
11,223,0.15,0.21,-0.079
11,224,0.187,0.255,-0.073
11,225,0.224,0.296,-0.067
11,226,0.13,0.186,-0.085
11,227,0.221,0.293,-0.069
11,228,0.196,0.265,-0.073
11,229,0.227,0.3,-0.069
11,23,0.045,0.075,-0.063
11,230,0.182,0.249,-0.076
11,231,0.212,0.283,-0.071
11,232,0.188,0.256,-0.076
11,233,0.229,0.302,-0.069
11,234,0.205,0.275,-0.074
11,235,0.216,0.288,-0.072
11,236,0.217,0.289,-0.072
11,237,0.171,0.236,-0.08
11,238,0.183,0.25,-0.079
11,239,0.222,0.294,-0.073
11,24,0.125,0.18,-0.048
11,240,0.157,0.22,-0.084
11,241,0.258,0.334,-0.068
11,242,0.11,0.162,-0.096
11,243,0.254,0.33,-0.069
11,244,0.233,0.307,-0.073
11,245,0.123,0.177,-0.094
11,246,0.236,0.311,-0.073
11,247,0.269,0.346,-0.068
11,248,0.231,0.304,-0.075
11,249,0.263,0.34,-0.07
11,25,0.069,0.109,-0.057
11,250,0.269,0.346,-0.07
11,251,0.247,0.322,-0.074
11,26,0.135,0.193,-0.047
11,27,0.155,0.217,-0.044
11,28,0.07,0.11,-0.056
11,29,0.054,0.088,-0.06
11,30,0.058,0.093,-0.059
11,31,0.181,0.247,-0.042
11,32,0.101,0.15,-0.051
11,33,0.046,0.077,-0.063
11,34,0.113,0.165,-0.05
11,35,0.048,0.08,-0.062
11,36,0.045,0.075,-0.063
11,37,0.129,0.185,-0.048
11,38,0.032,0.056,-0.068
11,39,0.054,0.088,-0.061
11,40,0.089,0.134,-0.054
11,41,0.099,0.148,-0.052
11,42,0.037,0.063,-0.066
11,43,0.024,0.044,-0.072
11,44,0.034,0.059,-0.068
11,45,0.036,0.062,-0.067
11,46,0.016,0.031,-0.077
11,47,0.022,0.04,-0.073
11,48,0.026,0.047,-0.071
11,49,0.011,0.023,-0.081
11,50,0.069,0.108,-0.059
11,51,0.014,0.027,-0.08
11,52,0.019,0.035,-0.076
11,53,0.021,0.039,-0.075
11,54,0.012,0.024,-0.082
11,55,0.027,0.049,-0.072
11,56,0.017,0.032,-0.078
11,57,0.051,0.083,-0.064
11,58,0.022,0.04,-0.075
11,59,0.032,0.056,-0.07
11,60,0.053,0.086,-0.063
11,61,0.094,0.142,-0.055
11,62,0.039,0.066,-0.068
11,63,0.047,0.078,-0.066
11,64,0.06,0.096,-0.063
11,65,0.05,0.082,-0.065
11,66,0.037,0.063,-0.07
11,67,0.037,0.064,-0.069
11,68,0.116,0.169,-0.053
11,69,0.121,0.175,-0.052
11,7,0.145,0.204,-0.049
11,70,0.102,0.151,-0.055
11,71,0.113,0.166,-0.053
11,72,0.189,0.257,-0.045
11,73,0.154,0.216,-0.048
11,74,0.21,0.281,-0.043
11,75,0.266,0.343,-0.038
11,76,0.243,0.317,-0.04
11,77,0.141,0.2,-0.051
11,78,0.161,0.224,-0.049
11,79,0.304,0.384,-0.036
11,8,0.059,0.094,-0.063
11,80,0.427,0.51,-0.028
11,81,0.234,0.308,-0.041
11,82,0.223,0.295,-0.043
11,83,0.19,0.258,-0.046
11,84,0.301,0.381,-0.036
11,85,0.256,0.332,-0.04
11,86,0.273,0.351,-0.039
11,87,0.23,0.303,-0.042
11,88,0.287,0.365,-0.038
11,89,0.244,0.318,-0.041
11,9,0.058,0.094,-0.063
11,90,0.263,0.339,-0.04
11,91,0.2,0.27,-0.046
11,92,0.24,0.314,-0.042
11,93,0.326,0.407,-0.035
11,94,0.23,0.303,-0.043
11,95,0.159,0.221,-0.051
11,96,0.177,0.243,-0.049
11,97,0.215,0.286,-0.045
11,98,0.206,0.276,-0.046
11,99,0.145,0.205,-0.053
110,10,0.128,0.184,-0.054
110,100,0.096,0.144,-0.067
110,101,0.116,0.169,-0.063
110,102,0.096,0.144,-0.067
110,103,0.102,0.151,-0.066
110,104,0.078,0.12,-0.072
110,105,0.118,0.172,-0.064
110,106,0.199,0.268,-0.052
110,107,0.165,0.228,-0.057
110,108,0.125,0.18,-0.063
110,109,0.133,0.19,-0.062
110,11,0.15,0.211,-0.05
110,110,0.114,0.167,-0.065
110,111,0.119,0.173,-0.064
110,112,0.185,0.252,-0.054
110,113,0.217,0.289,-0.051
110,114,0.208,0.279,-0.052
110,115,0.179,0.246,-0.056
110,116,0.3,0.38,-0.043
110,117,0.293,0.373,-0.044
110,118,0.102,0.151,-0.068
110,119,0.135,0.193,-0.062
110,12,0.087,0.132,-0.059
110,120,0.191,0.259,-0.055
110,121,0.293,0.372,-0.044
110,122,0.236,0.31,-0.049
110,123,0.23,0.303,-0.05
110,124,0.221,0.293,-0.051
110,125,0.163,0.226,-0.058
110,126,0.125,0.18,-0.065
110,127,0.091,0.137,-0.071
110,128,0.111,0.162,-0.068
110,129,0.098,0.146,-0.07
110,13,0.075,0.117,-0.061
110,130,0.194,0.262,-0.055
110,131,0.17,0.235,-0.058
110,132,0.118,0.171,-0.066
110,133,0.117,0.17,-0.067
110,134,0.109,0.16,-0.068
110,135,0.151,0.211,-0.061
110,136,0.154,0.215,-0.061
110,137,0.21,0.281,-0.054
110,138,0.317,0.398,-0.043
110,139,0.332,0.413,-0.042
110,14,0.247,0.322,-0.04
110,140,0.265,0.342,-0.048
110,141,0.294,0.373,-0.045
110,142,0.254,0.33,-0.049
110,143,0.193,0.262,-0.056
110,144,0.264,0.341,-0.048
110,145,0.249,0.324,-0.049
110,146,0.32,0.401,-0.043
110,147,0.288,0.367,-0.046
110,148,0.236,0.31,-0.051
110,149,0.265,0.342,-0.048
110,15,0.082,0.126,-0.059
110,150,0.214,0.286,-0.054
110,151,0.198,0.267,-0.056
110,152,0.284,0.363,-0.046
110,153,0.443,0.526,-0.033
110,154,0.342,0.424,-0.041
110,155,0.32,0.401,-0.043
110,156,0.293,0.372,-0.046
110,157,0.228,0.301,-0.052
110,158,0.27,0.347,-0.048
110,159,0.373,0.455,-0.039
110,16,0.132,0.189,-0.051
110,160,0.308,0.388,-0.045
110,161,0.358,0.44,-0.04
110,162,0.356,0.439,-0.04
110,163,0.354,0.436,-0.04
110,164,0.246,0.321,-0.051
110,165,0.25,0.326,-0.05
110,166,0.364,0.446,-0.04
110,167,0.412,0.495,-0.036
110,168,0.528,0.608,-0.028
110,169,0.508,0.589,-0.029
110,17,0.087,0.132,-0.058
110,170,0.487,0.568,-0.031
110,171,0.504,0.585,-0.03
110,172,0.611,0.684,-0.023
110,173,0.65,0.719,-0.02
110,174,0.734,0.791,-0.015
110,175,0.783,0.831,-0.013
110,176,0.683,0.747,-0.019
110,177,0.984,0.988,0.001
110,178,0.994,0.995,0.0
110,179,0.964,0.973,-0.002
110,18,0.102,0.152,-0.055
110,180,0.971,0.979,0.002
110,181,0.816,0.858,-0.011
110,182,0.914,0.936,-0.005
110,183,0.734,0.79,-0.016
110,184,0.691,0.754,-0.019
110,185,0.746,0.801,-0.016
110,186,0.795,0.841,-0.013
110,187,0.611,0.683,-0.025
110,188,0.59,0.665,-0.026
110,189,0.608,0.681,-0.025
110,19,0.101,0.15,-0.055
110,190,0.777,0.826,-0.014
110,191,0.766,0.817,-0.015
110,192,0.817,0.859,-0.012
110,193,0.846,0.882,-0.01
110,194,0.723,0.781,-0.018
110,195,0.784,0.832,-0.014
110,196,0.731,0.788,-0.018
110,197,0.707,0.768,-0.02
110,198,0.692,0.755,-0.021
110,199,0.603,0.676,-0.028
110,20,0.046,0.077,-0.067
110,200,0.517,0.598,-0.035
110,201,0.534,0.613,-0.034
110,202,0.521,0.601,-0.035
110,203,0.582,0.657,-0.03
110,204,0.571,0.647,-0.031
110,205,0.343,0.425,-0.053
110,206,0.347,0.429,-0.053
110,207,0.307,0.387,-0.058
110,208,0.253,0.329,-0.065
110,209,0.258,0.334,-0.064
110,21,0.134,0.191,-0.05
110,210,0.152,0.213,-0.082
110,211,0.285,0.364,-0.062
110,212,0.281,0.359,-0.062
110,213,0.265,0.342,-0.065
110,214,0.202,0.272,-0.074
110,215,0.27,0.348,-0.064
110,216,0.2,0.269,-0.075
110,217,0.357,0.44,-0.054
110,218,0.415,0.498,-0.048
110,219,0.553,0.631,-0.035
110,22,0.027,0.049,-0.074
110,220,0.282,0.36,-0.063
110,221,0.31,0.391,-0.059
110,222,0.323,0.404,-0.058
110,223,0.226,0.299,-0.071
110,224,0.253,0.329,-0.067
110,225,0.177,0.242,-0.079
110,226,0.177,0.243,-0.079
110,227,0.22,0.292,-0.072
110,228,0.209,0.279,-0.073
110,229,0.199,0.268,-0.075
110,23,0.11,0.162,-0.053
110,230,0.186,0.253,-0.077
110,231,0.191,0.26,-0.076
110,232,0.131,0.188,-0.088
110,233,0.249,0.325,-0.067
110,234,0.266,0.343,-0.064
110,235,0.285,0.364,-0.062
110,236,0.286,0.365,-0.062
110,237,0.249,0.324,-0.067
110,238,0.358,0.441,-0.053
110,239,0.334,0.416,-0.056
110,24,0.061,0.097,-0.063
110,240,0.384,0.467,-0.05
110,241,0.479,0.561,-0.041
110,242,0.519,0.599,-0.037
110,243,0.635,0.705,-0.028
110,244,0.664,0.73,-0.025
110,245,0.503,0.584,-0.039
110,246,0.56,0.637,-0.035
110,247,0.768,0.819,-0.018
110,248,0.864,0.896,-0.01
110,249,0.744,0.799,-0.02
110,25,0.131,0.188,-0.05
110,250,0.784,0.832,-0.017
110,26,0.11,0.162,-0.053
110,27,0.091,0.138,-0.056
110,28,0.082,0.126,-0.058
110,29,0.055,0.089,-0.064
110,30,0.052,0.086,-0.064
110,31,0.052,0.085,-0.065
110,32,0.03,0.053,-0.072
110,33,0.04,0.067,-0.069
110,34,0.013,0.026,-0.083
110,35,0.011,0.023,-0.085
110,36,0.035,0.06,-0.071
110,37,0.03,0.053,-0.073
110,38,0.027,0.049,-0.074
110,39,0.027,0.049,-0.074
110,40,0.025,0.046,-0.075
110,41,0.014,0.028,-0.082
110,42,0.025,0.045,-0.076
110,43,0.012,0.024,-0.085
110,44,0.037,0.063,-0.071
110,45,0.02,0.038,-0.079
110,46,0.028,0.05,-0.075
110,47,0.035,0.061,-0.072
110,48,0.029,0.051,-0.075
110,49,0.029,0.052,-0.074
110,50,0.02,0.037,-0.08
110,51,0.019,0.035,-0.081
110,52,0.025,0.045,-0.078
110,53,0.024,0.045,-0.078
110,54,0.043,0.073,-0.07
110,55,0.025,0.046,-0.079
110,56,0.036,0.062,-0.074
110,57,0.024,0.043,-0.079
110,58,0.026,0.047,-0.078
110,59,0.012,0.024,-0.089
110,60,0.028,0.05,-0.078
110,61,0.044,0.074,-0.071
110,62,0.061,0.098,-0.067
110,63,0.043,0.072,-0.072
110,64,0.049,0.08,-0.071
110,65,0.038,0.065,-0.075
110,66,0.029,0.052,-0.079
110,67,0.058,0.093,-0.069
110,68,0.048,0.079,-0.072
110,69,0.033,0.058,-0.078
110,70,0.026,0.047,-0.082
110,71,0.028,0.05,-0.081
110,72,0.062,0.099,-0.069
110,73,0.073,0.114,-0.067
110,74,0.083,0.127,-0.065
110,75,0.07,0.11,-0.068
110,76,0.052,0.085,-0.073
110,77,0.055,0.089,-0.072
110,78,0.092,0.139,-0.064
110,79,0.047,0.079,-0.075
110,8,0.113,0.165,-0.058
110,80,0.04,0.068,-0.078
110,81,0.044,0.073,-0.077
110,82,0.041,0.069,-0.078
110,83,0.065,0.104,-0.071
110,84,0.07,0.11,-0.07
110,85,0.102,0.152,-0.063
110,86,0.078,0.121,-0.068
110,87,0.073,0.113,-0.07
110,88,0.058,0.093,-0.074
110,89,0.091,0.137,-0.066
110,9,0.223,0.295,-0.044
110,90,0.082,0.125,-0.068
110,91,0.08,0.123,-0.069
110,92,0.07,0.109,-0.071
110,93,0.113,0.166,-0.062
110,94,0.091,0.137,-0.067
110,95,0.062,0.098,-0.074
110,96,0.083,0.127,-0.068
110,97,0.046,0.077,-0.079
110,98,0.046,0.076,-0.08
110,99,0.068,0.107,-0.073
111,10,0.03,0.054,-0.077
111,100,0.144,0.204,-0.058
111,101,0.149,0.209,-0.057
111,102,0.225,0.298,-0.048
111,103,0.183,0.25,-0.053
111,104,0.168,0.232,-0.055
111,105,0.18,0.247,-0.054
111,106,0.146,0.206,-0.059
111,107,0.24,0.315,-0.047
111,108,0.242,0.317,-0.047
111,109,0.19,0.257,-0.053
111,11,0.058,0.093,-0.067
111,110,0.255,0.331,-0.046
111,111,0.211,0.282,-0.051
111,112,0.27,0.347,-0.045
111,113,0.24,0.315,-0.048
111,114,0.252,0.328,-0.047
111,115,0.244,0.318,-0.048
111,116,0.207,0.278,-0.052
111,117,0.172,0.237,-0.056
111,118,0.266,0.343,-0.046
111,119,0.242,0.317,-0.048
111,12,0.139,0.198,-0.051
111,120,0.242,0.316,-0.048
111,121,0.201,0.27,-0.053
111,122,0.251,0.326,-0.048
111,123,0.247,0.322,-0.048
111,124,0.188,0.256,-0.055
111,125,0.233,0.307,-0.05
111,126,0.223,0.295,-0.051
111,127,0.184,0.251,-0.056
111,128,0.265,0.342,-0.047
111,129,0.222,0.294,-0.051
111,13,0.063,0.101,-0.064
111,130,0.166,0.23,-0.058
111,131,0.313,0.394,-0.042
111,132,0.302,0.382,-0.043
111,133,0.384,0.467,-0.037
111,134,0.22,0.292,-0.052
111,135,0.263,0.34,-0.047
111,136,0.215,0.287,-0.052
111,137,0.291,0.37,-0.045
111,138,0.389,0.472,-0.036
111,139,0.286,0.365,-0.045
111,14,0.062,0.099,-0.064
111,140,0.242,0.317,-0.05
111,141,0.308,0.388,-0.043
111,142,0.248,0.323,-0.049
111,143,0.226,0.299,-0.052
111,144,0.271,0.348,-0.047
111,145,0.268,0.346,-0.048
111,146,0.244,0.319,-0.05
111,147,0.368,0.451,-0.039
111,148,0.382,0.465,-0.038
111,149,0.169,0.234,-0.059
111,15,0.037,0.064,-0.071
111,150,0.277,0.355,-0.047
111,151,0.231,0.305,-0.052
111,152,0.339,0.421,-0.041
111,153,0.409,0.492,-0.036
111,154,0.356,0.438,-0.04
111,155,0.285,0.364,-0.046
111,156,0.263,0.34,-0.049
111,157,0.223,0.296,-0.053
111,158,0.316,0.397,-0.044
111,159,0.424,0.507,-0.035
111,16,0.062,0.1,-0.063
111,160,0.32,0.401,-0.043
111,161,0.451,0.534,-0.033
111,162,0.363,0.445,-0.04
111,163,0.316,0.397,-0.044
111,164,0.357,0.439,-0.041
111,165,0.298,0.377,-0.046
111,166,0.389,0.473,-0.038
111,167,0.396,0.479,-0.038
111,168,0.408,0.492,-0.037
111,169,0.294,0.373,-0.047
111,17,0.045,0.075,-0.067
111,170,0.203,0.272,-0.057
111,171,0.226,0.299,-0.054
111,172,0.257,0.334,-0.051
111,173,0.264,0.34,-0.051
111,174,0.279,0.357,-0.05
111,175,0.254,0.329,-0.052
111,176,0.219,0.291,-0.057
111,177,0.373,0.456,-0.041
111,178,0.263,0.34,-0.052
111,179,0.276,0.354,-0.051
111,18,0.061,0.098,-0.063
111,180,0.382,0.465,-0.041
111,181,0.535,0.614,-0.029
111,182,0.679,0.743,-0.02
111,183,0.625,0.696,-0.023
111,184,0.62,0.692,-0.024
111,185,0.539,0.618,-0.03
111,186,0.558,0.636,-0.029
111,187,0.578,0.653,-0.028
111,188,0.562,0.639,-0.029
111,189,0.487,0.569,-0.035
111,19,0.05,0.082,-0.065
111,190,0.489,0.57,-0.035
111,191,0.422,0.505,-0.041
111,192,0.433,0.516,-0.04
111,193,0.472,0.554,-0.037
111,194,0.483,0.565,-0.037
111,195,0.465,0.548,-0.038
111,196,0.472,0.555,-0.038
111,197,0.589,0.664,-0.029
111,198,0.397,0.481,-0.046
111,199,0.405,0.488,-0.045
111,20,0.054,0.088,-0.064
111,200,0.655,0.723,-0.024
111,201,0.505,0.586,-0.037
111,202,0.463,0.546,-0.041
111,203,0.484,0.566,-0.039
111,204,0.544,0.623,-0.034
111,205,0.446,0.529,-0.043
111,206,0.429,0.512,-0.045
111,207,0.626,0.697,-0.028
111,208,0.436,0.519,-0.045
111,209,0.521,0.601,-0.037
111,21,0.065,0.102,-0.062
111,210,0.404,0.488,-0.048
111,211,0.42,0.503,-0.047
111,212,0.325,0.407,-0.057
111,213,0.408,0.491,-0.048
111,214,0.383,0.466,-0.051
111,215,0.346,0.428,-0.055
111,216,0.373,0.456,-0.052
111,217,0.4,0.483,-0.049
111,218,0.322,0.403,-0.058
111,219,0.395,0.479,-0.05
111,22,0.051,0.083,-0.065
111,220,0.352,0.434,-0.054
111,221,0.3,0.38,-0.06
111,222,0.332,0.413,-0.057
111,223,0.221,0.293,-0.071
111,224,0.23,0.303,-0.07
111,225,0.202,0.272,-0.074
111,226,0.176,0.241,-0.079
111,227,0.223,0.295,-0.071
111,228,0.237,0.312,-0.068
111,229,0.325,0.406,-0.057
111,23,0.047,0.078,-0.066
111,230,0.202,0.272,-0.074
111,231,0.294,0.373,-0.061
111,232,0.337,0.419,-0.056
111,233,0.308,0.388,-0.059
111,234,0.412,0.495,-0.047
111,235,0.336,0.418,-0.056
111,236,0.42,0.503,-0.047
111,237,0.416,0.499,-0.047
111,238,0.411,0.494,-0.047
111,239,0.47,0.552,-0.042
111,24,0.028,0.05,-0.073
111,240,0.441,0.524,-0.045
111,241,0.585,0.66,-0.032
111,242,0.419,0.502,-0.047
111,243,0.461,0.543,-0.043
111,244,0.55,0.628,-0.035
111,245,0.492,0.573,-0.041
111,246,0.497,0.578,-0.04
111,247,0.484,0.566,-0.042
111,248,0.382,0.465,-0.053
111,249,0.501,0.582,-0.041
111,25,0.064,0.102,-0.061
111,250,0.516,0.596,-0.04
111,26,0.066,0.105,-0.061
111,27,0.124,0.18,-0.051
111,28,0.056,0.091,-0.063
111,29,0.037,0.064,-0.069
111,30,0.036,0.062,-0.07
111,31,0.022,0.041,-0.076
111,32,0.025,0.046,-0.074
111,33,0.032,0.056,-0.071
111,34,0.056,0.091,-0.064
111,35,0.02,0.038,-0.077
111,36,0.045,0.075,-0.067
111,37,0.022,0.041,-0.077
111,38,0.051,0.083,-0.065
111,39,0.023,0.042,-0.076
111,40,0.04,0.068,-0.069
111,41,0.09,0.137,-0.057
111,42,0.051,0.084,-0.065
111,43,0.056,0.09,-0.065
111,44,0.035,0.06,-0.071
111,45,0.019,0.035,-0.079
111,46,0.033,0.058,-0.073
111,47,0.049,0.08,-0.067
111,48,0.043,0.072,-0.069
111,49,0.043,0.072,-0.07
111,50,0.019,0.035,-0.081
111,51,0.082,0.126,-0.06
111,52,0.034,0.059,-0.073
111,53,0.013,0.025,-0.086
111,54,0.022,0.04,-0.08
111,55,0.043,0.073,-0.07
111,56,0.013,0.025,-0.087
111,57,0.026,0.047,-0.078
111,58,0.035,0.061,-0.074
111,59,0.022,0.041,-0.08
111,60,0.016,0.032,-0.084
111,61,0.032,0.057,-0.076
111,62,0.047,0.078,-0.071
111,63,0.009,0.019,-0.093
111,64,0.013,0.027,-0.088
111,65,0.026,0.047,-0.08
111,66,0.041,0.069,-0.074
111,67,0.063,0.101,-0.067
111,68,0.074,0.115,-0.065
111,69,0.069,0.108,-0.066
111,70,0.042,0.07,-0.074
111,71,0.071,0.111,-0.066
111,72,0.036,0.062,-0.077
111,73,0.071,0.111,-0.067
111,74,0.098,0.147,-0.061
111,75,0.081,0.124,-0.065
111,76,0.059,0.095,-0.07
111,77,0.05,0.082,-0.073
111,78,0.048,0.079,-0.074
111,79,0.05,0.082,-0.074
111,80,0.046,0.077,-0.075
111,81,0.028,0.05,-0.083
111,82,0.045,0.076,-0.076
111,83,0.1,0.149,-0.063
111,84,0.056,0.09,-0.073
111,85,0.099,0.148,-0.063
111,86,0.109,0.16,-0.062
111,87,0.178,0.244,-0.052
111,88,0.087,0.132,-0.066
111,89,0.098,0.146,-0.064
111,9,0.076,0.117,-0.064
111,90,0.148,0.208,-0.056
111,91,0.088,0.133,-0.066
111,92,0.117,0.17,-0.061
111,93,0.068,0.108,-0.071
111,94,0.12,0.174,-0.061
111,95,0.049,0.081,-0.077
111,96,0.098,0.147,-0.065
111,97,0.148,0.209,-0.057
111,98,0.118,0.172,-0.062
111,99,0.106,0.156,-0.064
112,10,0.005,0.011,-0.1
112,100,0.216,0.287,-0.049
112,101,0.219,0.291,-0.049
112,102,0.209,0.28,-0.05
112,103,0.231,0.305,-0.048
112,104,0.127,0.183,-0.061
112,105,0.124,0.179,-0.062
112,106,0.126,0.181,-0.061
112,107,0.124,0.179,-0.062
112,108,0.125,0.181,-0.062
112,109,0.131,0.187,-0.061
112,11,0.007,0.016,-0.094
112,110,0.22,0.292,-0.05
112,111,0.168,0.233,-0.056
112,112,0.141,0.2,-0.06
112,113,0.237,0.311,-0.048
112,114,0.277,0.355,-0.044
112,115,0.255,0.332,-0.046
112,116,0.252,0.328,-0.047
112,117,0.198,0.268,-0.053
112,118,0.177,0.243,-0.055
112,119,0.105,0.156,-0.067
112,12,0.01,0.021,-0.089
112,120,0.141,0.2,-0.061
112,121,0.179,0.245,-0.055
112,122,0.204,0.274,-0.052
112,123,0.308,0.388,-0.042
112,124,0.38,0.463,-0.036
112,125,0.256,0.332,-0.047
112,126,0.247,0.323,-0.048
112,127,0.263,0.339,-0.046
112,128,0.141,0.2,-0.061
112,129,0.216,0.288,-0.051
112,13,0.029,0.051,-0.076
112,130,0.207,0.278,-0.053
112,131,0.205,0.276,-0.053
112,132,0.156,0.218,-0.059
112,133,0.152,0.214,-0.06
112,134,0.19,0.258,-0.055
112,135,0.279,0.357,-0.045
112,136,0.247,0.323,-0.049
112,137,0.266,0.344,-0.047
112,138,0.278,0.356,-0.046
112,139,0.279,0.357,-0.046
112,14,0.033,0.057,-0.073
112,140,0.239,0.313,-0.05
112,141,0.226,0.299,-0.051
112,142,0.271,0.348,-0.047
112,143,0.441,0.524,-0.033
112,144,0.434,0.517,-0.033
112,145,0.367,0.45,-0.038
112,146,0.212,0.283,-0.053
112,147,0.188,0.256,-0.056
112,148,0.18,0.246,-0.057
112,149,0.244,0.319,-0.05
112,15,0.011,0.022,-0.087
112,150,0.378,0.461,-0.038
112,151,0.451,0.534,-0.032
112,152,0.275,0.353,-0.047
112,153,0.243,0.318,-0.05
112,154,0.28,0.358,-0.047
112,155,0.352,0.435,-0.04
112,156,0.261,0.338,-0.049
112,157,0.276,0.354,-0.047
112,158,0.429,0.513,-0.034
112,159,0.398,0.481,-0.037
112,16,0.042,0.071,-0.069
112,160,0.278,0.356,-0.047
112,161,0.3,0.38,-0.045
112,162,0.319,0.4,-0.044
112,163,0.409,0.492,-0.036
112,164,0.338,0.42,-0.042
112,165,0.387,0.47,-0.038
112,166,0.295,0.375,-0.046
112,167,0.374,0.457,-0.039
112,168,0.24,0.315,-0.052
112,169,0.343,0.425,-0.043
112,17,0.018,0.035,-0.08
112,170,0.272,0.349,-0.05
112,171,0.306,0.387,-0.046
112,172,0.361,0.444,-0.042
112,173,0.413,0.497,-0.037
112,174,0.49,0.572,-0.032
112,175,0.532,0.612,-0.029
112,176,0.432,0.515,-0.037
112,177,0.385,0.468,-0.041
112,178,0.361,0.443,-0.043
112,179,0.474,0.556,-0.034
112,18,0.036,0.061,-0.071
112,180,0.561,0.638,-0.028
112,181,0.718,0.776,-0.017
112,182,0.625,0.696,-0.024
112,183,0.491,0.573,-0.034
112,184,0.611,0.684,-0.025
112,185,0.596,0.67,-0.026
112,186,0.62,0.692,-0.025
112,187,0.653,0.721,-0.023
112,188,0.645,0.714,-0.023
112,189,0.758,0.81,-0.016
112,19,0.028,0.05,-0.074
112,190,0.654,0.722,-0.023
112,191,0.504,0.585,-0.035
112,192,0.558,0.635,-0.031
112,193,0.64,0.709,-0.025
112,194,0.607,0.68,-0.027
112,195,0.767,0.818,-0.016
112,196,0.453,0.535,-0.04
112,197,0.485,0.567,-0.038
112,198,0.595,0.669,-0.029
112,199,0.431,0.514,-0.043
112,20,0.023,0.042,-0.076
112,200,0.461,0.544,-0.041
112,201,0.319,0.4,-0.055
112,202,0.35,0.433,-0.052
112,203,0.427,0.51,-0.044
112,204,0.387,0.47,-0.049
112,205,0.365,0.448,-0.051
112,206,0.381,0.464,-0.05
112,207,0.349,0.431,-0.054
112,208,0.363,0.446,-0.052
112,209,0.398,0.482,-0.049
112,21,0.028,0.051,-0.073
112,210,0.315,0.395,-0.058
112,211,0.366,0.449,-0.052
112,212,0.335,0.416,-0.056
112,213,0.301,0.381,-0.06
112,214,0.398,0.481,-0.049
112,215,0.462,0.545,-0.043
112,216,0.362,0.445,-0.053
112,217,0.432,0.515,-0.046
112,218,0.352,0.434,-0.054
112,219,0.3,0.38,-0.06
112,22,0.011,0.023,-0.085
112,220,0.391,0.475,-0.05
112,221,0.349,0.432,-0.054
112,222,0.285,0.364,-0.062
112,223,0.301,0.381,-0.06
112,224,0.247,0.322,-0.067
112,225,0.247,0.322,-0.067
112,226,0.265,0.342,-0.064
112,227,0.25,0.325,-0.066
112,228,0.22,0.292,-0.071
112,229,0.291,0.37,-0.061
112,23,0.007,0.015,-0.089
112,230,0.288,0.367,-0.061
112,231,0.323,0.404,-0.057
112,232,0.245,0.32,-0.067
112,233,0.266,0.343,-0.064
112,234,0.271,0.349,-0.063
112,235,0.414,0.497,-0.047
112,236,0.307,0.387,-0.059
112,237,0.269,0.347,-0.063
112,238,0.474,0.556,-0.041
112,239,0.542,0.621,-0.035
112,24,0.017,0.032,-0.08
112,240,0.499,0.58,-0.039
112,241,0.688,0.752,-0.023
112,242,0.774,0.823,-0.017
112,243,0.663,0.729,-0.025
112,244,0.821,0.862,-0.013
112,245,0.928,0.946,-0.005
112,246,0.942,0.957,-0.004
112,247,0.914,0.936,-0.006
112,248,0.849,0.885,-0.012
112,249,0.968,0.977,-0.002
112,25,0.022,0.041,-0.076
112,250,0.989,0.992,-0.001
112,26,0.019,0.036,-0.077
112,27,0.009,0.018,-0.087
112,28,0.008,0.018,-0.087
112,29,0.036,0.062,-0.069
112,30,0.006,0.013,-0.091
112,31,0.026,0.047,-0.074
112,32,0.021,0.04,-0.076
112,33,0.025,0.046,-0.074
112,34,0.052,0.084,-0.065
112,35,0.095,0.142,-0.056
112,36,0.023,0.043,-0.075
112,37,0.077,0.119,-0.059
112,38,0.045,0.075,-0.067
112,39,0.048,0.079,-0.066
112,40,0.069,0.109,-0.061
112,41,0.074,0.116,-0.06
112,42,0.086,0.131,-0.058
112,43,0.052,0.085,-0.065
112,44,0.104,0.154,-0.055
112,45,0.071,0.111,-0.061
112,46,0.046,0.076,-0.068
112,47,0.058,0.094,-0.065
112,48,0.08,0.123,-0.06
112,49,0.038,0.065,-0.071
112,50,0.032,0.056,-0.074
112,51,0.054,0.087,-0.066
112,52,0.06,0.097,-0.065
112,53,0.057,0.092,-0.066
112,54,0.032,0.056,-0.074
112,55,0.098,0.147,-0.057
112,56,0.065,0.103,-0.064
112,57,0.074,0.115,-0.062
112,58,0.107,0.157,-0.057
112,59,0.042,0.07,-0.072
112,60,0.093,0.141,-0.059
112,61,0.058,0.093,-0.067
112,62,0.098,0.146,-0.059
112,63,0.081,0.124,-0.062
112,64,0.055,0.089,-0.069
112,65,0.091,0.137,-0.061
112,66,0.11,0.162,-0.057
112,67,0.054,0.088,-0.07
112,68,0.068,0.107,-0.066
112,69,0.192,0.26,-0.047
112,70,0.071,0.111,-0.066
112,71,0.061,0.098,-0.068
112,72,0.213,0.284,-0.046
112,73,0.14,0.199,-0.054
112,74,0.101,0.15,-0.061
112,75,0.09,0.136,-0.063
112,76,0.094,0.142,-0.062
112,77,0.107,0.158,-0.06
112,78,0.076,0.118,-0.066
112,79,0.092,0.139,-0.063
112,80,0.079,0.121,-0.066
112,81,0.086,0.131,-0.065
112,82,0.091,0.138,-0.064
112,83,0.145,0.205,-0.056
112,84,0.119,0.173,-0.06
112,85,0.117,0.17,-0.06
112,86,0.086,0.131,-0.066
112,87,0.118,0.172,-0.06
112,88,0.157,0.219,-0.054
112,89,0.115,0.168,-0.061
112,9,0.004,0.01,-0.103
112,90,0.128,0.184,-0.059
112,91,0.154,0.216,-0.055
112,92,0.235,0.309,-0.046
112,93,0.222,0.294,-0.048
112,94,0.193,0.262,-0.051
112,95,0.237,0.311,-0.047
112,96,0.254,0.33,-0.045
112,97,0.163,0.227,-0.055
112,98,0.226,0.299,-0.048
112,99,0.165,0.229,-0.055
113,10,0.086,0.131,-0.062
113,100,0.078,0.121,-0.07
113,101,0.156,0.218,-0.056
113,102,0.31,0.39,-0.04
113,103,0.165,0.229,-0.055
113,104,0.114,0.166,-0.063
113,105,0.171,0.236,-0.055
113,106,0.291,0.37,-0.042
113,107,0.314,0.395,-0.04
113,108,0.17,0.235,-0.055
113,109,0.262,0.339,-0.045
113,11,0.077,0.12,-0.063
113,110,0.483,0.565,-0.028
113,111,0.285,0.364,-0.043
113,112,0.253,0.328,-0.047
113,113,0.155,0.217,-0.058
113,114,0.217,0.289,-0.05
113,115,0.219,0.291,-0.05
113,116,0.159,0.222,-0.057
113,117,0.151,0.212,-0.059
113,118,0.108,0.159,-0.066
113,119,0.305,0.385,-0.042
113,12,0.102,0.152,-0.058
113,120,0.178,0.244,-0.055
113,121,0.201,0.27,-0.053
113,122,0.272,0.349,-0.045
113,123,0.191,0.259,-0.054
113,124,0.281,0.359,-0.045
113,125,0.186,0.253,-0.055
113,126,0.179,0.245,-0.056
113,127,0.149,0.209,-0.06
113,128,0.16,0.222,-0.058
113,129,0.216,0.287,-0.051
113,13,0.061,0.097,-0.066
113,130,0.269,0.347,-0.046
113,131,0.174,0.239,-0.057
113,132,0.222,0.295,-0.051
113,133,0.167,0.231,-0.058
113,134,0.138,0.196,-0.062
113,135,0.193,0.261,-0.055
113,136,0.112,0.164,-0.067
113,137,0.168,0.233,-0.058
113,138,0.106,0.157,-0.068
113,139,0.129,0.185,-0.064
113,14,0.089,0.135,-0.059
113,140,0.157,0.219,-0.06
113,141,0.144,0.203,-0.062
113,142,0.262,0.338,-0.048
113,143,0.247,0.323,-0.049
113,144,0.173,0.238,-0.058
113,145,0.174,0.24,-0.058
113,146,0.173,0.238,-0.058
113,147,0.144,0.203,-0.063
113,148,0.262,0.338,-0.048
113,149,0.224,0.296,-0.053
113,15,0.072,0.112,-0.062
113,150,0.285,0.363,-0.046
113,151,0.258,0.334,-0.049
113,152,0.256,0.332,-0.049
113,153,0.245,0.32,-0.05
113,154,0.385,0.468,-0.038
113,155,0.329,0.41,-0.043
113,156,0.272,0.349,-0.048
113,157,0.321,0.402,-0.043
113,158,0.229,0.302,-0.052
113,159,0.273,0.351,-0.048
113,16,0.087,0.132,-0.059
113,160,0.215,0.286,-0.054
113,161,0.222,0.295,-0.054
113,162,0.347,0.429,-0.041
113,163,0.338,0.419,-0.042
113,164,0.32,0.401,-0.044
113,165,0.291,0.37,-0.047
113,166,0.32,0.401,-0.044
113,167,0.439,0.522,-0.035
113,168,0.453,0.536,-0.034
113,169,0.402,0.485,-0.038
113,17,0.11,0.162,-0.055
113,170,0.435,0.518,-0.036
113,171,0.415,0.498,-0.037
113,172,0.493,0.574,-0.032
113,173,0.472,0.554,-0.033
113,174,0.524,0.603,-0.03
113,175,0.554,0.632,-0.028
113,176,0.518,0.598,-0.031
113,177,0.522,0.602,-0.03
113,178,0.473,0.555,-0.034
113,179,0.375,0.458,-0.043
113,18,0.071,0.111,-0.061
113,180,0.584,0.659,-0.026
113,181,0.432,0.516,-0.038
113,182,0.545,0.623,-0.03
113,183,0.81,0.853,-0.012
113,184,0.734,0.79,-0.017
113,185,0.767,0.818,-0.015
113,186,0.575,0.651,-0.028
113,187,0.599,0.673,-0.027
113,188,0.723,0.781,-0.018
113,189,0.592,0.667,-0.028
113,19,0.059,0.094,-0.064
113,190,0.429,0.512,-0.041
113,191,0.542,0.621,-0.032
113,192,0.5,0.581,-0.036
113,193,0.65,0.718,-0.024
113,194,0.547,0.625,-0.032
113,195,0.559,0.636,-0.031
113,196,0.546,0.624,-0.033
113,197,0.58,0.655,-0.03
113,198,0.553,0.631,-0.033
113,199,0.542,0.621,-0.034
113,20,0.06,0.097,-0.064
113,200,0.664,0.731,-0.024
113,201,0.578,0.654,-0.031
113,202,0.508,0.589,-0.037
113,203,0.428,0.512,-0.045
113,204,0.419,0.503,-0.046
113,205,0.45,0.533,-0.043
113,206,0.498,0.58,-0.039
113,207,0.548,0.627,-0.034
113,208,0.46,0.542,-0.042
113,209,0.416,0.5,-0.047
113,21,0.109,0.161,-0.054
113,210,0.348,0.43,-0.054
113,211,0.266,0.343,-0.064
113,212,0.371,0.454,-0.052
113,213,0.274,0.352,-0.063
113,214,0.334,0.415,-0.056
113,215,0.366,0.448,-0.052
113,216,0.396,0.479,-0.049
113,217,0.391,0.474,-0.05
113,218,0.411,0.494,-0.048
113,219,0.32,0.401,-0.057
113,22,0.036,0.062,-0.07
113,220,0.377,0.46,-0.051
113,221,0.293,0.373,-0.061
113,222,0.341,0.423,-0.055
113,223,0.28,0.359,-0.062
113,224,0.411,0.495,-0.047
113,225,0.294,0.373,-0.06
113,226,0.23,0.303,-0.069
113,227,0.269,0.346,-0.064
113,228,0.242,0.317,-0.067
113,229,0.305,0.385,-0.059
113,23,0.091,0.138,-0.057
113,230,0.248,0.324,-0.066
113,231,0.293,0.372,-0.06
113,232,0.351,0.433,-0.053
113,233,0.494,0.576,-0.039
113,234,0.352,0.434,-0.053
113,235,0.327,0.409,-0.056
113,236,0.594,0.668,-0.031
113,237,0.53,0.61,-0.036
113,238,0.604,0.678,-0.03
113,239,0.684,0.748,-0.024
113,24,0.024,0.044,-0.076
113,240,0.685,0.749,-0.024
113,241,0.681,0.745,-0.024
113,242,0.798,0.844,-0.015
113,243,0.839,0.876,-0.012
113,244,0.822,0.863,-0.013
113,245,0.711,0.771,-0.022
113,246,0.881,0.909,-0.009
113,247,0.901,0.925,-0.008
113,248,0.923,0.942,-0.006
113,249,0.956,0.967,-0.003
113,25,0.035,0.06,-0.07
113,250,0.969,0.977,-0.002
113,26,0.033,0.058,-0.071
113,27,0.022,0.041,-0.076
113,28,0.041,0.069,-0.068
113,29,0.043,0.072,-0.068
113,30,0.017,0.033,-0.08
113,31,0.055,0.089,-0.064
113,32,0.005,0.011,-0.094
113,33,0.03,0.053,-0.072
113,34,0.042,0.071,-0.067
113,35,0.041,0.07,-0.068
113,36,0.021,0.038,-0.077
113,37,0.035,0.061,-0.07
113,38,0.023,0.042,-0.076
113,39,0.07,0.109,-0.06
113,40,0.05,0.082,-0.066
113,41,0.039,0.066,-0.07
113,42,0.036,0.062,-0.071
113,43,0.037,0.064,-0.07
113,44,0.052,0.085,-0.065
113,45,0.044,0.073,-0.069
113,46,0.053,0.087,-0.066
113,47,0.05,0.082,-0.067
113,48,0.069,0.108,-0.062
113,49,0.047,0.078,-0.068
113,50,0.024,0.044,-0.077
113,51,0.025,0.046,-0.077
113,52,0.044,0.074,-0.07
113,53,0.05,0.082,-0.068
113,54,0.025,0.046,-0.078
113,55,0.05,0.082,-0.068
113,56,0.041,0.069,-0.071
113,57,0.027,0.048,-0.077
113,58,0.036,0.062,-0.073
113,59,0.064,0.102,-0.065
113,60,0.083,0.127,-0.061
113,61,0.114,0.166,-0.056
113,62,0.066,0.104,-0.065
113,63,0.113,0.166,-0.056
113,64,0.064,0.101,-0.066
113,65,0.08,0.123,-0.062
113,66,0.133,0.19,-0.054
113,67,0.259,0.336,-0.04
113,68,0.27,0.348,-0.04
113,69,0.165,0.229,-0.05
113,70,0.122,0.177,-0.056
113,71,0.223,0.295,-0.045
113,72,0.229,0.303,-0.044
113,73,0.141,0.199,-0.054
113,74,0.326,0.408,-0.036
113,75,0.141,0.2,-0.055
113,76,0.064,0.101,-0.069
113,77,0.16,0.223,-0.052
113,78,0.14,0.199,-0.055
113,79,0.149,0.209,-0.054
113,80,0.174,0.239,-0.051
113,81,0.146,0.206,-0.055
113,82,0.158,0.22,-0.053
113,83,0.093,0.14,-0.064
113,84,0.125,0.18,-0.058
113,85,0.189,0.257,-0.05
113,86,0.23,0.303,-0.046
113,87,0.196,0.264,-0.05
113,88,0.187,0.255,-0.051
113,89,0.212,0.283,-0.048
113,9,0.039,0.066,-0.076
113,90,0.183,0.25,-0.051
113,91,0.191,0.259,-0.051
113,92,0.124,0.179,-0.06
113,93,0.112,0.165,-0.062
113,94,0.148,0.208,-0.056
113,95,0.169,0.233,-0.054
113,96,0.204,0.274,-0.05
113,97,0.138,0.196,-0.058
113,98,0.071,0.112,-0.071
113,99,0.077,0.12,-0.07
114,10,0.025,0.045,-0.082
114,100,0.185,0.252,-0.052
114,101,0.279,0.357,-0.043
114,102,0.19,0.258,-0.052
114,103,0.2,0.269,-0.051
114,104,0.123,0.177,-0.061
114,105,0.08,0.123,-0.07
114,106,0.111,0.163,-0.064
114,107,0.126,0.181,-0.061
114,108,0.174,0.24,-0.054
114,109,0.13,0.187,-0.061
114,11,0.095,0.143,-0.06
114,110,0.164,0.227,-0.056
114,111,0.235,0.308,-0.048
114,112,0.159,0.221,-0.057
114,113,0.155,0.217,-0.058
114,114,0.129,0.186,-0.062
114,115,0.254,0.33,-0.046
114,116,0.26,0.336,-0.046
114,117,0.223,0.296,-0.05
114,118,0.151,0.211,-0.059
114,119,0.189,0.257,-0.054
114,12,0.098,0.147,-0.059
114,120,0.218,0.29,-0.051
114,121,0.315,0.396,-0.041
114,122,0.421,0.505,-0.033
114,123,0.284,0.363,-0.044
114,124,0.386,0.469,-0.036
114,125,0.383,0.466,-0.036
114,126,0.404,0.488,-0.035
114,127,0.446,0.528,-0.032
114,128,0.227,0.3,-0.05
114,129,0.235,0.309,-0.049
114,13,0.074,0.115,-0.063
114,130,0.386,0.469,-0.036
114,131,0.478,0.56,-0.03
114,132,0.667,0.733,-0.018
114,133,0.468,0.55,-0.03
114,134,0.615,0.687,-0.021
114,135,0.593,0.668,-0.022
114,136,0.632,0.702,-0.02
114,137,0.576,0.652,-0.023
114,138,0.446,0.529,-0.032
114,139,0.455,0.538,-0.032
114,14,0.097,0.144,-0.058
114,140,0.418,0.501,-0.034
114,141,0.497,0.578,-0.029
114,142,0.409,0.492,-0.035
114,143,0.508,0.589,-0.028
114,144,0.511,0.591,-0.028
114,145,0.461,0.543,-0.032
114,146,0.524,0.604,-0.027
114,147,0.345,0.427,-0.04
114,148,0.383,0.466,-0.037
114,149,0.334,0.416,-0.041
114,15,0.126,0.182,-0.053
114,150,0.225,0.298,-0.052
114,151,0.228,0.302,-0.052
114,152,0.225,0.298,-0.053
114,153,0.328,0.409,-0.042
114,154,0.43,0.513,-0.034
114,155,0.237,0.311,-0.052
114,156,0.313,0.393,-0.044
114,157,0.314,0.395,-0.044
114,158,0.274,0.352,-0.048
114,159,0.566,0.643,-0.025
114,16,0.238,0.312,-0.041
114,160,0.479,0.561,-0.031
114,161,0.311,0.392,-0.045
114,162,0.458,0.541,-0.033
114,163,0.436,0.519,-0.035
114,164,0.476,0.559,-0.032
114,165,0.441,0.524,-0.035
114,166,0.448,0.53,-0.034
114,167,0.473,0.555,-0.033
114,168,0.597,0.671,-0.024
114,169,0.586,0.661,-0.025
114,17,0.059,0.095,-0.065
114,170,0.527,0.606,-0.029
114,171,0.614,0.686,-0.023
114,172,0.604,0.678,-0.024
114,173,0.608,0.681,-0.024
114,174,0.603,0.677,-0.025
114,175,0.737,0.793,-0.016
114,176,0.692,0.754,-0.019
114,177,0.579,0.655,-0.027
114,178,0.699,0.761,-0.019
114,179,0.527,0.606,-0.031
114,18,0.171,0.236,-0.047
114,180,0.657,0.725,-0.022
114,181,0.902,0.926,-0.006
114,182,0.901,0.925,-0.006
114,183,0.725,0.783,-0.018
114,184,0.826,0.866,-0.011
114,185,0.841,0.878,-0.01
114,186,0.969,0.977,-0.002
114,187,0.902,0.926,-0.006
114,188,0.662,0.728,-0.023
114,189,0.658,0.725,-0.023
114,19,0.206,0.276,-0.043
114,190,0.706,0.767,-0.02
114,191,0.633,0.703,-0.025
114,192,0.54,0.619,-0.033
114,193,0.605,0.678,-0.028
114,194,0.602,0.675,-0.028
114,195,0.571,0.648,-0.031
114,196,0.527,0.607,-0.035
114,197,0.549,0.627,-0.033
114,198,0.464,0.546,-0.04
114,199,0.521,0.601,-0.036
114,20,0.068,0.107,-0.062
114,200,0.47,0.552,-0.04
114,201,0.484,0.566,-0.039
114,202,0.363,0.445,-0.051
114,203,0.338,0.419,-0.054
114,204,0.308,0.388,-0.058
114,205,0.295,0.374,-0.06
114,206,0.313,0.394,-0.058
114,207,0.296,0.376,-0.06
114,208,0.301,0.381,-0.059
114,209,0.367,0.45,-0.052
114,21,0.058,0.094,-0.064
114,210,0.222,0.295,-0.07
114,211,0.342,0.424,-0.055
114,212,0.177,0.243,-0.078
114,213,0.305,0.385,-0.059
114,214,0.261,0.337,-0.065
114,215,0.263,0.34,-0.065
114,216,0.282,0.361,-0.062
114,217,0.265,0.342,-0.064
114,218,0.297,0.377,-0.06
114,219,0.352,0.435,-0.053
114,22,0.074,0.116,-0.06
114,220,0.292,0.371,-0.06
114,221,0.244,0.319,-0.067
114,222,0.378,0.461,-0.05
114,223,0.368,0.45,-0.051
114,224,0.398,0.481,-0.048
114,225,0.312,0.392,-0.058
114,226,0.37,0.453,-0.051
114,227,0.385,0.468,-0.049
114,228,0.358,0.441,-0.052
114,229,0.488,0.569,-0.039
114,23,0.172,0.237,-0.046
114,230,0.368,0.451,-0.051
114,231,0.352,0.435,-0.053
114,232,0.468,0.55,-0.041
114,233,0.441,0.524,-0.044
114,234,0.513,0.593,-0.037
114,235,0.562,0.639,-0.033
114,236,0.557,0.635,-0.034
114,237,0.716,0.775,-0.021
114,238,0.593,0.667,-0.031
114,239,0.671,0.737,-0.024
114,24,0.052,0.086,-0.065
114,240,0.703,0.764,-0.022
114,241,0.661,0.728,-0.026
114,242,0.702,0.763,-0.022
114,243,0.746,0.8,-0.019
114,244,0.744,0.799,-0.019
114,245,0.747,0.801,-0.019
114,246,0.615,0.687,-0.03
114,247,0.692,0.754,-0.024
114,248,0.754,0.807,-0.019
114,249,0.683,0.747,-0.025
114,25,0.102,0.152,-0.055
114,26,0.057,0.092,-0.064
114,27,0.03,0.052,-0.073
114,28,0.023,0.043,-0.075
114,29,0.059,0.095,-0.063
114,30,0.023,0.043,-0.076
114,31,0.019,0.036,-0.078
114,32,0.022,0.041,-0.076
114,33,0.028,0.05,-0.074
114,34,0.028,0.05,-0.073
114,35,0.029,0.052,-0.073
114,36,0.02,0.037,-0.078
114,37,0.027,0.048,-0.074
114,38,0.024,0.044,-0.075
114,39,0.012,0.025,-0.084
114,40,0.047,0.079,-0.066
114,41,0.03,0.053,-0.073
114,42,0.046,0.077,-0.067
114,43,0.046,0.076,-0.067
114,44,0.027,0.048,-0.075
114,45,0.062,0.098,-0.063
114,46,0.042,0.071,-0.069
114,47,0.061,0.097,-0.064
114,48,0.04,0.068,-0.07
114,49,0.12,0.174,-0.053
114,50,0.063,0.101,-0.064
114,51,0.092,0.139,-0.058
114,52,0.048,0.079,-0.068
114,53,0.072,0.112,-0.062
114,54,0.044,0.074,-0.07
114,55,0.021,0.039,-0.08
114,56,0.082,0.126,-0.06
114,57,0.041,0.069,-0.071
114,58,0.049,0.08,-0.069
114,59,0.084,0.128,-0.061
114,60,0.027,0.049,-0.078
114,61,0.027,0.048,-0.078
114,62,0.046,0.076,-0.07
114,63,0.077,0.12,-0.063
114,64,0.048,0.08,-0.07
114,65,0.05,0.082,-0.07
114,66,0.14,0.198,-0.053
114,67,0.076,0.117,-0.064
114,68,0.125,0.18,-0.055
114,69,0.066,0.105,-0.066
114,70,0.23,0.304,-0.043
114,71,0.161,0.224,-0.051
114,72,0.079,0.122,-0.064
114,73,0.128,0.184,-0.055
114,74,0.121,0.175,-0.057
114,75,0.104,0.154,-0.06
114,76,0.073,0.114,-0.066
114,77,0.109,0.161,-0.059
114,78,0.162,0.225,-0.052
114,79,0.117,0.17,-0.058
114,80,0.08,0.123,-0.066
114,81,0.101,0.15,-0.062
114,82,0.114,0.166,-0.06
114,83,0.155,0.217,-0.054
114,84,0.049,0.08,-0.075
114,85,0.087,0.132,-0.065
114,86,0.135,0.192,-0.057
114,87,0.075,0.117,-0.068
114,88,0.132,0.189,-0.058
114,89,0.172,0.237,-0.052
114,90,0.105,0.155,-0.062
114,91,0.191,0.259,-0.05
114,92,0.189,0.257,-0.051
114,93,0.162,0.225,-0.054
114,94,0.364,0.447,-0.035
114,95,0.313,0.394,-0.039
114,96,0.307,0.387,-0.04
114,97,0.222,0.295,-0.048
114,98,0.323,0.404,-0.039
114,99,0.147,0.207,-0.057
115,100,0.157,0.22,-0.056
115,101,0.14,0.199,-0.058
115,102,0.158,0.22,-0.056
115,103,0.082,0.126,-0.069
115,104,0.172,0.237,-0.054
115,105,0.114,0.167,-0.063
115,106,0.146,0.206,-0.058
115,107,0.111,0.163,-0.064
115,108,0.092,0.139,-0.067
115,109,0.074,0.115,-0.071
115,11,0.032,0.056,-0.078
115,110,0.093,0.14,-0.067
115,111,0.117,0.17,-0.063
115,112,0.147,0.208,-0.058
115,113,0.121,0.175,-0.063
115,114,0.086,0.131,-0.07
115,115,0.096,0.143,-0.068
115,116,0.116,0.169,-0.064
115,117,0.195,0.263,-0.053
115,118,0.29,0.369,-0.043
115,119,0.29,0.369,-0.044
115,12,0.069,0.108,-0.066
115,120,0.369,0.452,-0.037
115,121,0.361,0.443,-0.038
115,122,0.391,0.474,-0.035
115,123,0.312,0.392,-0.042
115,124,0.28,0.358,-0.045
115,125,0.348,0.43,-0.039
115,126,0.344,0.426,-0.039
115,127,0.275,0.352,-0.045
115,128,0.442,0.525,-0.032
115,129,0.539,0.618,-0.026
115,13,0.055,0.089,-0.069
115,130,0.396,0.479,-0.035
115,131,0.43,0.513,-0.033
115,132,0.429,0.512,-0.033
115,133,0.317,0.398,-0.042
115,134,0.403,0.487,-0.035
115,135,0.284,0.362,-0.045
115,136,0.396,0.479,-0.036
115,137,0.268,0.345,-0.047
115,138,0.246,0.321,-0.049
115,139,0.334,0.415,-0.041
115,14,0.043,0.072,-0.071
115,140,0.442,0.525,-0.032
115,141,0.261,0.338,-0.048
115,142,0.265,0.342,-0.047
115,143,0.225,0.297,-0.052
115,144,0.298,0.377,-0.044
115,145,0.284,0.363,-0.046
115,146,0.202,0.271,-0.055
115,147,0.234,0.308,-0.051
115,148,0.327,0.408,-0.042
115,149,0.282,0.361,-0.046
115,15,0.051,0.084,-0.068
115,150,0.287,0.366,-0.046
115,151,0.331,0.412,-0.042
115,152,0.365,0.447,-0.039
115,153,0.353,0.436,-0.04
115,154,0.42,0.504,-0.035
115,155,0.394,0.478,-0.037
115,156,0.318,0.399,-0.044
115,157,0.34,0.422,-0.042
115,158,0.318,0.399,-0.044
115,159,0.267,0.344,-0.049
115,16,0.031,0.054,-0.075
115,160,0.505,0.586,-0.03
115,161,0.587,0.662,-0.024
115,162,0.67,0.736,-0.019
115,163,0.661,0.727,-0.02
115,164,0.557,0.635,-0.027
115,165,0.592,0.667,-0.024
115,166,0.784,0.832,-0.013
115,167,0.733,0.79,-0.016
115,168,0.603,0.676,-0.024
115,169,0.658,0.726,-0.021
115,17,0.034,0.059,-0.073
115,170,0.676,0.741,-0.02
115,171,0.587,0.662,-0.026
115,172,0.708,0.768,-0.018
115,173,0.727,0.784,-0.017
115,174,0.743,0.798,-0.016
115,175,0.789,0.836,-0.013
115,176,0.802,0.846,-0.012
115,177,0.974,0.98,-0.002
115,178,0.996,0.997,-0.0
115,179,0.852,0.887,-0.009
115,18,0.065,0.103,-0.064
115,180,0.765,0.816,-0.015
115,181,0.949,0.962,-0.003
115,182,0.663,0.73,-0.022
115,183,0.739,0.794,-0.017
115,184,0.829,0.869,-0.011
115,185,0.718,0.777,-0.019
115,186,0.523,0.603,-0.033
115,187,0.64,0.709,-0.025
115,188,0.502,0.583,-0.035
115,189,0.363,0.446,-0.048
115,19,0.13,0.186,-0.052
115,190,0.54,0.618,-0.033
115,191,0.556,0.634,-0.032
115,192,0.507,0.588,-0.036
115,193,0.447,0.53,-0.041
115,194,0.538,0.617,-0.034
115,195,0.641,0.71,-0.026
115,196,0.506,0.586,-0.037
115,197,0.499,0.58,-0.038
115,198,0.518,0.598,-0.036
115,199,0.447,0.53,-0.043
115,20,0.027,0.048,-0.076
115,200,0.379,0.462,-0.05
115,201,0.399,0.482,-0.048
115,202,0.466,0.548,-0.041
115,203,0.306,0.386,-0.058
115,204,0.358,0.441,-0.052
115,205,0.267,0.344,-0.063
115,206,0.264,0.341,-0.064
115,207,0.201,0.27,-0.073
115,208,0.214,0.285,-0.071
115,209,0.208,0.278,-0.072
115,21,0.121,0.176,-0.053
115,210,0.317,0.398,-0.058
115,211,0.24,0.314,-0.068
115,212,0.269,0.347,-0.064
115,213,0.19,0.258,-0.075
115,214,0.274,0.352,-0.063
115,215,0.271,0.348,-0.063
115,216,0.267,0.344,-0.064
115,217,0.275,0.352,-0.063
115,218,0.361,0.444,-0.053
115,219,0.331,0.413,-0.056
115,22,0.044,0.073,-0.069
115,220,0.331,0.412,-0.056
115,221,0.269,0.346,-0.063
115,222,0.323,0.404,-0.057
115,223,0.309,0.389,-0.058
115,224,0.417,0.5,-0.046
115,225,0.362,0.445,-0.052
115,226,0.29,0.369,-0.06
115,227,0.466,0.549,-0.041
115,228,0.365,0.448,-0.052
115,229,0.47,0.553,-0.041
115,23,0.037,0.063,-0.07
115,230,0.408,0.491,-0.047
115,231,0.447,0.53,-0.043
115,232,0.484,0.566,-0.04
115,233,0.587,0.662,-0.031
115,234,0.527,0.606,-0.036
115,235,0.5,0.581,-0.039
115,236,0.732,0.789,-0.02
115,237,0.983,0.987,0.001
115,238,0.781,0.83,-0.016
115,239,0.842,0.879,-0.012
115,24,0.041,0.07,-0.069
115,240,0.906,0.929,-0.007
115,241,0.839,0.876,-0.012
115,242,0.956,0.967,0.003
115,243,0.851,0.886,-0.011
115,244,0.993,0.995,0.001
115,245,0.871,0.902,-0.01
115,246,0.663,0.73,-0.027
115,247,0.998,0.999,-0.0
115,248,0.892,0.918,-0.008
115,249,0.921,0.941,-0.006
115,25,0.04,0.068,-0.069
115,26,0.064,0.102,-0.062
115,27,0.03,0.053,-0.073
115,28,0.015,0.03,-0.081
115,29,0.021,0.039,-0.077
115,30,0.012,0.025,-0.083
115,31,0.013,0.026,-0.083
115,32,0.012,0.024,-0.084
115,33,0.008,0.017,-0.088
115,34,0.012,0.024,-0.084
115,35,0.016,0.031,-0.081
115,36,0.007,0.015,-0.091
115,37,0.004,0.009,-0.097
115,38,0.006,0.013,-0.093
115,39,0.014,0.028,-0.083
115,40,0.005,0.011,-0.095
115,41,0.011,0.022,-0.087
115,42,0.013,0.026,-0.084
115,43,0.004,0.009,-0.098
115,44,0.009,0.018,-0.089
115,45,0.011,0.023,-0.086
115,46,0.006,0.014,-0.093
115,47,0.019,0.036,-0.08
115,48,0.015,0.03,-0.083
115,49,0.023,0.042,-0.078
115,50,0.015,0.029,-0.084
115,51,0.027,0.049,-0.076
115,52,0.012,0.024,-0.087
115,53,0.016,0.031,-0.083
115,54,0.019,0.036,-0.081
115,55,0.031,0.055,-0.075
115,56,0.03,0.054,-0.075
115,57,0.012,0.024,-0.088
115,58,0.02,0.037,-0.082
115,59,0.044,0.073,-0.071
115,60,0.083,0.127,-0.061
115,61,0.058,0.094,-0.067
115,62,0.097,0.145,-0.059
115,63,0.155,0.216,-0.05
115,64,0.116,0.169,-0.056
115,65,0.108,0.159,-0.057
115,66,0.189,0.257,-0.047
115,67,0.188,0.256,-0.047
115,68,0.192,0.26,-0.047
115,69,0.235,0.309,-0.043
115,70,0.19,0.258,-0.047
115,71,0.209,0.28,-0.045
115,72,0.228,0.301,-0.044
115,73,0.145,0.205,-0.053
115,74,0.266,0.343,-0.041
115,75,0.098,0.147,-0.06
115,76,0.105,0.156,-0.06
115,77,0.064,0.101,-0.068
115,78,0.139,0.198,-0.055
115,79,0.137,0.195,-0.055
115,80,0.07,0.11,-0.067
115,81,0.083,0.127,-0.065
115,82,0.08,0.124,-0.066
115,83,0.055,0.089,-0.072
115,84,0.041,0.069,-0.077
115,85,0.067,0.105,-0.069
115,86,0.073,0.114,-0.068
115,87,0.07,0.109,-0.069
115,88,0.095,0.142,-0.064
115,89,0.094,0.141,-0.064
115,90,0.13,0.186,-0.058
115,91,0.135,0.192,-0.058
115,92,0.176,0.242,-0.052
115,93,0.12,0.174,-0.06
115,94,0.154,0.215,-0.055
115,95,0.142,0.201,-0.057
115,96,0.212,0.283,-0.049
115,97,0.213,0.284,-0.049
115,98,0.195,0.263,-0.051
115,99,0.254,0.33,-0.045
116,100,0.154,0.216,-0.056
116,101,0.11,0.161,-0.063
116,102,0.097,0.145,-0.066
116,103,0.097,0.145,-0.066
116,104,0.115,0.167,-0.063
116,105,0.071,0.111,-0.072
116,106,0.071,0.111,-0.072
116,107,0.24,0.315,-0.047
116,108,0.206,0.277,-0.051
116,109,0.189,0.257,-0.053
116,110,0.134,0.191,-0.06
116,111,0.202,0.272,-0.052
116,112,0.24,0.315,-0.048
116,113,0.301,0.381,-0.042
116,114,0.324,0.406,-0.04
116,115,0.302,0.381,-0.042
116,116,0.223,0.295,-0.05
116,117,0.188,0.256,-0.054
116,118,0.335,0.416,-0.039
116,119,0.356,0.438,-0.038
116,120,0.211,0.282,-0.051
116,121,0.316,0.397,-0.041
116,122,0.359,0.441,-0.038
116,123,0.385,0.468,-0.036
116,124,0.537,0.616,-0.026
116,125,0.585,0.66,-0.023
116,126,0.538,0.617,-0.026
116,127,0.325,0.407,-0.041
116,128,0.364,0.447,-0.038
116,129,0.593,0.668,-0.022
116,13,0.027,0.048,-0.08
116,130,0.481,0.563,-0.03
116,131,0.611,0.684,-0.021
116,132,0.569,0.645,-0.024
116,133,0.554,0.631,-0.025
116,134,0.378,0.461,-0.037
116,135,0.531,0.61,-0.026
116,136,0.401,0.484,-0.036
116,137,0.352,0.435,-0.039
116,138,0.433,0.516,-0.033
116,139,0.567,0.644,-0.024
116,14,0.027,0.049,-0.079
116,140,0.54,0.619,-0.026
116,141,0.463,0.546,-0.031
116,142,0.472,0.554,-0.031
116,143,0.345,0.427,-0.041
116,144,0.287,0.366,-0.046
116,145,0.282,0.36,-0.046
116,146,0.361,0.444,-0.039
116,147,0.262,0.339,-0.049
116,148,0.176,0.241,-0.059
116,149,0.219,0.291,-0.054
116,15,0.077,0.119,-0.063
116,150,0.168,0.232,-0.06
116,151,0.327,0.408,-0.043
116,152,0.257,0.334,-0.05
116,153,0.38,0.463,-0.039
116,154,0.295,0.374,-0.046
116,155,0.229,0.302,-0.053
116,156,0.291,0.37,-0.047
116,157,0.299,0.379,-0.046
116,158,0.37,0.453,-0.04
116,159,0.337,0.419,-0.043
116,16,0.062,0.099,-0.066
116,160,0.337,0.418,-0.043
116,161,0.459,0.541,-0.034
116,162,0.4,0.483,-0.038
116,163,0.301,0.38,-0.047
116,164,0.405,0.488,-0.038
116,165,0.339,0.42,-0.044
116,166,0.449,0.532,-0.035
116,167,0.625,0.696,-0.023
116,168,0.628,0.699,-0.023
116,169,0.669,0.734,-0.02
116,17,0.057,0.092,-0.067
116,170,0.678,0.742,-0.02
116,171,0.661,0.728,-0.021
116,172,0.683,0.747,-0.02
116,173,0.705,0.766,-0.018
116,174,0.696,0.758,-0.019
116,175,0.692,0.755,-0.019
116,176,0.683,0.747,-0.02
116,177,0.707,0.767,-0.019
116,178,0.684,0.748,-0.02
116,179,0.709,0.769,-0.019
116,18,0.079,0.122,-0.061
116,180,0.672,0.738,-0.021
116,181,0.719,0.778,-0.018
116,182,0.526,0.606,-0.032
116,183,0.463,0.545,-0.038
116,184,0.599,0.673,-0.027
116,185,0.639,0.708,-0.025
116,186,0.558,0.635,-0.031
116,187,0.592,0.667,-0.028
116,188,0.669,0.735,-0.023
116,189,0.544,0.622,-0.033
116,19,0.042,0.071,-0.071
116,190,0.557,0.635,-0.032
116,191,0.582,0.657,-0.03
116,192,0.466,0.548,-0.04
116,193,0.578,0.654,-0.031
116,194,0.564,0.641,-0.032
116,195,0.419,0.502,-0.045
116,196,0.346,0.428,-0.052
116,197,0.284,0.362,-0.06
116,198,0.393,0.476,-0.048
116,199,0.373,0.456,-0.05
116,20,0.08,0.123,-0.06
116,200,0.3,0.38,-0.059
116,201,0.348,0.43,-0.053
116,202,0.325,0.406,-0.056
116,203,0.356,0.439,-0.053
116,204,0.366,0.448,-0.052
116,205,0.376,0.459,-0.051
116,206,0.371,0.454,-0.051
116,207,0.406,0.489,-0.048
116,208,0.354,0.436,-0.053
116,209,0.325,0.406,-0.057
116,21,0.051,0.084,-0.067
116,210,0.273,0.35,-0.063
116,211,0.419,0.503,-0.046
116,212,0.438,0.521,-0.044
116,213,0.381,0.464,-0.05
116,214,0.401,0.484,-0.048
116,215,0.465,0.548,-0.042
116,216,0.368,0.45,-0.052
116,217,0.417,0.5,-0.046
116,218,0.436,0.519,-0.045
116,219,0.257,0.333,-0.065
116,22,0.083,0.126,-0.06
116,220,0.491,0.573,-0.039
116,221,0.501,0.582,-0.038
116,222,0.319,0.4,-0.057
116,223,0.532,0.611,-0.036
116,224,0.605,0.678,-0.029
116,225,0.519,0.599,-0.037
116,226,0.433,0.516,-0.045
116,227,0.409,0.493,-0.047
116,228,0.446,0.529,-0.043
116,229,0.419,0.502,-0.046
116,23,0.053,0.087,-0.066
116,230,0.454,0.537,-0.042
116,231,0.408,0.491,-0.047
116,232,0.587,0.662,-0.031
116,233,0.741,0.796,-0.019
116,234,0.545,0.623,-0.035
116,235,0.656,0.724,-0.026
116,236,0.643,0.712,-0.027
116,237,0.726,0.783,-0.02
116,238,0.761,0.813,-0.018
116,239,0.883,0.911,-0.009
116,24,0.045,0.075,-0.068
116,240,0.691,0.754,-0.023
116,241,0.855,0.889,-0.011
116,242,0.853,0.887,-0.011
116,243,0.908,0.931,-0.007
116,244,0.84,0.878,-0.012
116,245,0.819,0.861,-0.014
116,246,0.804,0.848,-0.015
116,247,0.716,0.775,-0.023
116,248,0.891,0.917,-0.009
116,25,0.058,0.093,-0.064
116,26,0.028,0.051,-0.074
116,27,0.028,0.049,-0.074
116,28,0.017,0.032,-0.081
116,29,0.026,0.047,-0.075
116,30,0.033,0.058,-0.072
116,31,0.012,0.024,-0.084
116,32,0.021,0.039,-0.077
116,33,0.013,0.025,-0.084
116,34,0.023,0.042,-0.077
116,35,0.013,0.025,-0.084
116,36,0.038,0.065,-0.07
116,37,0.01,0.021,-0.086
116,38,0.01,0.02,-0.087
116,39,0.008,0.017,-0.089
116,40,0.019,0.036,-0.079
116,41,0.013,0.027,-0.084
116,42,0.009,0.019,-0.089
116,43,0.009,0.019,-0.088
116,44,0.012,0.025,-0.085
116,45,0.017,0.033,-0.081
116,46,0.032,0.057,-0.073
116,47,0.013,0.026,-0.085
116,48,0.006,0.013,-0.094
116,49,0.037,0.063,-0.071
116,50,0.048,0.079,-0.068
116,51,0.018,0.035,-0.081
116,52,0.031,0.055,-0.074
116,53,0.025,0.045,-0.078
116,54,0.022,0.041,-0.08
116,55,0.061,0.098,-0.065
116,56,0.021,0.039,-0.08
116,57,0.031,0.054,-0.076
116,58,0.018,0.035,-0.083
116,59,0.04,0.068,-0.073
116,60,0.063,0.1,-0.066
116,61,0.064,0.102,-0.065
116,62,0.047,0.078,-0.07
116,63,0.158,0.22,-0.05
116,64,0.064,0.102,-0.066
116,65,0.12,0.174,-0.055
116,66,0.075,0.117,-0.064
116,67,0.157,0.219,-0.051
116,68,0.159,0.222,-0.051
116,69,0.129,0.185,-0.055
116,70,0.157,0.219,-0.051
116,71,0.146,0.206,-0.053
116,72,0.125,0.181,-0.056
116,73,0.07,0.11,-0.066
116,74,0.09,0.136,-0.062
116,75,0.093,0.14,-0.061
116,76,0.063,0.101,-0.068
116,77,0.074,0.115,-0.066
116,78,0.038,0.065,-0.077
116,79,0.062,0.099,-0.069
116,80,0.075,0.116,-0.066
116,81,0.073,0.114,-0.067
116,82,0.102,0.152,-0.061
116,83,0.065,0.103,-0.069
116,84,0.066,0.105,-0.069
116,85,0.06,0.097,-0.071
116,86,0.111,0.163,-0.06
116,87,0.082,0.125,-0.066
116,88,0.276,0.354,-0.041
116,89,0.261,0.338,-0.043
116,90,0.073,0.114,-0.069
116,91,0.178,0.244,-0.052
116,92,0.15,0.21,-0.056
116,93,0.227,0.3,-0.047
116,94,0.227,0.3,-0.047
116,95,0.222,0.294,-0.048
116,96,0.181,0.247,-0.052
116,97,0.096,0.144,-0.065
116,98,0.175,0.241,-0.053
116,99,0.136,0.193,-0.059
117,100,0.15,0.211,-0.057
117,101,0.154,0.216,-0.056
117,102,0.128,0.184,-0.06
117,103,0.122,0.177,-0.061
117,104,0.114,0.166,-0.063
117,105,0.135,0.193,-0.06
117,106,0.219,0.291,-0.049
117,107,0.342,0.424,-0.038
117,108,0.167,0.232,-0.055
117,109,0.19,0.258,-0.053
117,110,0.216,0.287,-0.05
117,111,0.327,0.408,-0.04
117,112,0.394,0.477,-0.035
117,113,0.277,0.355,-0.044
117,114,0.247,0.323,-0.047
117,115,0.62,0.692,-0.02
117,116,0.698,0.76,-0.016
117,117,0.594,0.668,-0.022
117,118,0.599,0.672,-0.022
117,119,0.539,0.618,-0.025
117,120,0.541,0.619,-0.025
117,121,0.443,0.526,-0.032
117,122,0.297,0.377,-0.043
117,123,0.35,0.432,-0.039
117,124,0.428,0.511,-0.033
117,125,0.714,0.774,-0.015
117,126,0.558,0.635,-0.024
117,127,0.591,0.665,-0.023
117,128,0.619,0.69,-0.021
117,129,0.554,0.631,-0.025
117,130,0.382,0.465,-0.037
117,131,0.554,0.632,-0.025
117,132,0.724,0.782,-0.015
117,133,0.597,0.671,-0.022
117,134,0.578,0.654,-0.024
117,135,0.531,0.61,-0.027
117,136,0.549,0.627,-0.025
117,137,0.485,0.567,-0.03
117,138,0.372,0.455,-0.038
117,139,0.408,0.491,-0.035
117,140,0.449,0.532,-0.032
117,141,0.461,0.544,-0.032
117,142,0.325,0.407,-0.042
117,143,0.487,0.568,-0.03
117,144,0.369,0.452,-0.039
117,145,0.33,0.411,-0.042
117,146,0.389,0.472,-0.038
117,147,0.311,0.391,-0.044
117,148,0.293,0.373,-0.046
117,149,0.313,0.394,-0.044
117,150,0.306,0.386,-0.045
117,151,0.255,0.331,-0.05
117,152,0.332,0.413,-0.043
117,153,0.345,0.427,-0.042
117,154,0.393,0.476,-0.038
117,155,0.355,0.438,-0.041
117,156,0.378,0.461,-0.04
117,157,0.383,0.466,-0.039
117,158,0.409,0.492,-0.037
117,159,0.348,0.43,-0.043
117,16,0.052,0.086,-0.069
117,160,0.404,0.487,-0.038
117,161,0.349,0.431,-0.043
117,162,0.368,0.451,-0.041
117,163,0.388,0.471,-0.04
117,164,0.394,0.478,-0.04
117,165,0.49,0.571,-0.032
117,166,0.689,0.753,-0.019
117,167,0.54,0.619,-0.029
117,168,0.667,0.733,-0.02
117,169,0.657,0.724,-0.021
117,17,0.038,0.065,-0.074
117,170,0.768,0.819,-0.014
117,171,0.768,0.818,-0.014
117,172,0.987,0.99,-0.001
117,173,0.75,0.804,-0.016
117,174,0.769,0.82,-0.014
117,175,0.86,0.893,-0.009
117,176,0.659,0.726,-0.022
117,177,0.715,0.774,-0.018
117,178,0.706,0.766,-0.019
117,179,0.6,0.674,-0.027
117,18,0.036,0.062,-0.074
117,180,0.743,0.798,-0.017
117,181,0.685,0.749,-0.021
117,182,0.605,0.678,-0.027
117,183,0.417,0.5,-0.043
117,184,0.423,0.506,-0.042
117,185,0.435,0.518,-0.041
117,186,0.347,0.429,-0.05
117,187,0.334,0.416,-0.052
117,188,0.305,0.385,-0.056
117,189,0.399,0.482,-0.046
117,19,0.031,0.055,-0.075
117,190,0.347,0.429,-0.052
117,191,0.391,0.474,-0.047
117,192,0.41,0.493,-0.046
117,193,0.299,0.379,-0.058
117,194,0.265,0.342,-0.062
117,195,0.485,0.567,-0.039
117,196,0.264,0.341,-0.063
117,197,0.269,0.346,-0.062
117,198,0.355,0.438,-0.052
117,199,0.355,0.437,-0.052
117,20,0.041,0.069,-0.072
117,200,0.391,0.474,-0.049
117,201,0.286,0.365,-0.061
117,202,0.226,0.299,-0.069
117,203,0.278,0.356,-0.062
117,204,0.25,0.326,-0.066
117,205,0.279,0.357,-0.062
117,206,0.213,0.284,-0.071
117,207,0.27,0.348,-0.063
117,208,0.27,0.347,-0.063
117,209,0.193,0.262,-0.074
117,21,0.019,0.036,-0.081
117,210,0.214,0.285,-0.071
117,211,0.315,0.395,-0.057
117,212,0.178,0.244,-0.077
117,213,0.256,0.332,-0.065
117,214,0.403,0.487,-0.048
117,215,0.244,0.319,-0.067
117,216,0.352,0.435,-0.053
117,217,0.194,0.262,-0.074
117,218,0.297,0.377,-0.059
117,219,0.338,0.42,-0.055
117,22,0.032,0.056,-0.074
117,220,0.29,0.369,-0.06
117,221,0.284,0.363,-0.061
117,222,0.319,0.4,-0.057
117,223,0.286,0.365,-0.061
117,224,0.32,0.401,-0.056
117,225,0.36,0.442,-0.052
117,226,0.258,0.334,-0.064
117,227,0.447,0.53,-0.043
117,228,0.46,0.543,-0.042
117,229,0.402,0.485,-0.048
117,23,0.035,0.061,-0.072
117,230,0.457,0.54,-0.042
117,231,0.582,0.658,-0.031
117,232,0.58,0.655,-0.032
117,233,0.593,0.667,-0.031
117,234,0.655,0.722,-0.026
117,235,0.936,0.952,-0.005
117,236,0.893,0.919,-0.008
117,237,0.959,0.97,-0.003
117,238,0.938,0.954,-0.005
117,239,0.979,0.985,0.002
117,24,0.016,0.031,-0.083
117,240,0.93,0.948,0.005
117,241,0.99,0.993,0.001
117,242,0.927,0.946,-0.005
117,243,0.887,0.914,-0.009
117,244,0.897,0.922,-0.008
117,245,0.844,0.881,-0.012
117,246,0.957,0.968,0.003
117,247,0.919,0.939,-0.006
117,25,0.023,0.042,-0.077
117,26,0.009,0.018,-0.089
117,27,0.011,0.022,-0.087
117,28,0.02,0.037,-0.079
117,29,0.004,0.01,-0.096
117,30,0.004,0.009,-0.099
117,31,0.018,0.033,-0.08
117,32,0.009,0.019,-0.088
117,33,0.004,0.01,-0.096
117,34,0.015,0.029,-0.083
117,35,0.006,0.014,-0.092
117,36,0.009,0.019,-0.088
117,37,0.004,0.01,-0.096
117,38,0.003,0.007,-0.102
117,39,0.007,0.016,-0.091
117,40,0.003,0.007,-0.101
117,41,0.005,0.012,-0.095
117,42,0.005,0.012,-0.096
117,43,0.005,0.011,-0.096
117,44,0.006,0.014,-0.093
117,45,0.006,0.013,-0.094
117,46,0.017,0.033,-0.082
117,47,0.021,0.038,-0.079
117,48,0.01,0.02,-0.089
117,49,0.014,0.028,-0.085
117,50,0.008,0.018,-0.091
117,51,0.015,0.03,-0.084
117,52,0.025,0.046,-0.077
117,53,0.017,0.032,-0.083
117,54,0.024,0.044,-0.079
117,55,0.028,0.051,-0.076
117,56,0.023,0.042,-0.08
117,57,0.036,0.062,-0.074
117,58,0.028,0.05,-0.077
117,59,0.05,0.083,-0.069
117,60,0.073,0.114,-0.063
117,61,0.03,0.053,-0.077
117,62,0.03,0.052,-0.077
117,63,0.06,0.096,-0.067
117,64,0.056,0.091,-0.068
117,65,0.061,0.097,-0.067
117,66,0.074,0.115,-0.064
117,67,0.101,0.15,-0.059
117,68,0.1,0.149,-0.059
117,69,0.1,0.149,-0.059
117,70,0.122,0.176,-0.056
117,71,0.072,0.113,-0.065
117,72,0.168,0.232,-0.05
117,73,0.076,0.118,-0.065
117,74,0.124,0.179,-0.056
117,75,0.075,0.116,-0.065
117,76,0.083,0.127,-0.064
117,77,0.038,0.065,-0.077
117,78,0.035,0.06,-0.078
117,79,0.015,0.03,-0.09
117,80,0.061,0.098,-0.07
117,81,0.071,0.111,-0.068
117,82,0.06,0.096,-0.071
117,83,0.066,0.104,-0.069
117,84,0.046,0.076,-0.075
117,85,0.04,0.068,-0.078
117,86,0.019,0.036,-0.089
117,87,0.032,0.057,-0.081
117,88,0.069,0.109,-0.069
117,89,0.085,0.13,-0.066
117,90,0.116,0.169,-0.06
117,91,0.134,0.191,-0.058
117,92,0.062,0.099,-0.072
117,93,0.125,0.181,-0.059
117,94,0.132,0.189,-0.058
117,95,0.082,0.126,-0.068
117,96,0.122,0.177,-0.06
117,97,0.231,0.304,-0.047
117,98,0.175,0.24,-0.053
117,99,0.155,0.217,-0.056
118,100,0.176,0.242,-0.053
118,101,0.153,0.214,-0.057
118,102,0.155,0.217,-0.057
118,103,0.154,0.216,-0.057
118,104,0.073,0.114,-0.072
118,105,0.096,0.144,-0.067
118,106,0.089,0.135,-0.068
118,107,0.147,0.208,-0.058
118,108,0.129,0.185,-0.061
118,109,0.295,0.374,-0.042
118,110,0.16,0.222,-0.057
118,111,0.147,0.207,-0.059
118,112,0.25,0.326,-0.047
118,113,0.247,0.322,-0.048
118,114,0.276,0.354,-0.045
118,115,0.334,0.416,-0.04
118,116,0.189,0.257,-0.054
118,117,0.322,0.403,-0.041
118,118,0.413,0.497,-0.034
118,119,0.372,0.455,-0.037
118,120,0.545,0.623,-0.025
118,121,0.525,0.605,-0.027
118,122,0.477,0.559,-0.03
118,123,0.399,0.482,-0.035
118,124,0.37,0.453,-0.038
118,125,0.257,0.333,-0.048
118,126,0.305,0.385,-0.043
118,127,0.314,0.395,-0.043
118,128,0.338,0.42,-0.041
118,129,0.367,0.45,-0.038
118,130,0.361,0.443,-0.039
118,131,0.48,0.562,-0.03
118,132,0.431,0.515,-0.034
118,133,0.303,0.383,-0.044
118,134,0.316,0.397,-0.043
118,135,0.406,0.489,-0.036
118,136,0.406,0.489,-0.036
118,137,0.469,0.552,-0.031
118,138,0.478,0.56,-0.031
118,139,0.574,0.65,-0.024
118,140,0.526,0.606,-0.028
118,141,0.477,0.559,-0.031
118,142,0.401,0.485,-0.037
118,143,0.362,0.444,-0.04
118,144,0.289,0.368,-0.047
118,145,0.362,0.445,-0.04
118,146,0.38,0.463,-0.039
118,147,0.494,0.575,-0.03
118,148,0.485,0.567,-0.031
118,149,0.354,0.437,-0.041
118,150,0.451,0.534,-0.034
118,151,0.412,0.496,-0.037
118,152,0.255,0.332,-0.051
118,153,0.273,0.351,-0.05
118,154,0.337,0.419,-0.044
118,155,0.416,0.499,-0.037
118,156,0.448,0.531,-0.035
118,157,0.403,0.486,-0.038
118,158,0.462,0.545,-0.034
118,159,0.539,0.617,-0.028
118,160,0.556,0.633,-0.027
118,161,0.698,0.76,-0.018
118,162,0.726,0.784,-0.016
118,163,0.397,0.48,-0.04
118,164,0.601,0.674,-0.025
118,165,0.673,0.738,-0.02
118,166,0.639,0.708,-0.023
118,167,0.542,0.62,-0.029
118,168,0.603,0.676,-0.025
118,169,0.594,0.669,-0.026
118,170,0.686,0.75,-0.02
118,171,0.624,0.695,-0.024
118,172,0.694,0.757,-0.019
118,173,0.662,0.729,-0.022
118,174,0.681,0.746,-0.021
118,175,0.745,0.799,-0.016
118,176,0.84,0.877,-0.01
118,177,0.956,0.967,-0.003
118,178,0.772,0.822,-0.015
118,179,0.782,0.831,-0.014
118,180,0.764,0.815,-0.016
118,181,0.832,0.871,-0.011
118,182,0.831,0.871,-0.011
118,183,0.839,0.877,-0.011
118,184,0.777,0.827,-0.015
118,185,0.697,0.759,-0.021
118,186,0.635,0.705,-0.026
118,187,0.609,0.682,-0.028
118,188,0.652,0.72,-0.025
118,189,0.355,0.438,-0.051
118,190,0.441,0.524,-0.043
118,191,0.396,0.479,-0.047
118,192,0.35,0.432,-0.052
118,193,0.311,0.391,-0.057
118,194,0.437,0.52,-0.044
118,195,0.333,0.415,-0.055
118,196,0.404,0.488,-0.047
118,197,0.463,0.546,-0.042
118,198,0.298,0.378,-0.059
118,199,0.385,0.468,-0.049
118,200,0.329,0.41,-0.056
118,201,0.304,0.384,-0.059
118,202,0.296,0.375,-0.06
118,203,0.302,0.382,-0.059
118,204,0.388,0.471,-0.049
118,205,0.42,0.503,-0.046
118,206,0.505,0.586,-0.038
118,207,0.453,0.536,-0.043
118,208,0.362,0.445,-0.052
118,209,0.223,0.296,-0.069
118,210,0.243,0.318,-0.067
118,211,0.26,0.337,-0.064
118,212,0.274,0.352,-0.062
118,213,0.242,0.317,-0.067
118,214,0.256,0.333,-0.065
118,215,0.312,0.393,-0.058
118,216,0.189,0.257,-0.075
118,217,0.219,0.291,-0.07
118,218,0.208,0.279,-0.072
118,219,0.24,0.314,-0.067
118,220,0.25,0.326,-0.066
118,221,0.172,0.236,-0.078
118,222,0.221,0.293,-0.07
118,223,0.265,0.342,-0.064
118,224,0.264,0.341,-0.064
118,225,0.36,0.442,-0.052
118,226,0.507,0.588,-0.038
118,227,0.557,0.634,-0.034
118,228,0.601,0.675,-0.03
118,229,0.513,0.594,-0.037
118,230,0.628,0.699,-0.028
118,231,0.532,0.611,-0.036
118,232,0.771,0.822,-0.017
118,233,0.782,0.83,-0.016
118,234,0.804,0.848,-0.014
118,235,0.738,0.794,-0.02
118,236,0.794,0.84,-0.015
118,237,0.83,0.869,-0.013
118,238,0.842,0.879,-0.012
118,239,0.859,0.893,-0.011
118,240,0.934,0.951,0.005
118,241,0.892,0.918,-0.008
118,242,0.959,0.969,-0.003
118,243,0.972,0.979,-0.002
118,244,0.945,0.959,-0.004
118,245,0.97,0.978,0.002
118,25,0.065,0.103,-0.064
118,26,0.049,0.081,-0.068
118,27,0.04,0.068,-0.071
118,28,0.042,0.072,-0.07
118,29,0.04,0.068,-0.071
118,30,0.029,0.052,-0.075
118,31,0.029,0.051,-0.075
118,32,0.057,0.092,-0.066
118,33,0.031,0.055,-0.074
118,34,0.022,0.04,-0.079
118,35,0.033,0.057,-0.073
118,36,0.089,0.135,-0.058
118,37,0.024,0.044,-0.078
118,38,0.079,0.122,-0.06
118,39,0.026,0.047,-0.076
118,40,0.019,0.035,-0.081
118,41,0.01,0.021,-0.088
118,42,0.014,0.028,-0.084
118,43,0.014,0.028,-0.085
118,44,0.019,0.036,-0.081
118,45,0.017,0.033,-0.082
118,46,0.007,0.016,-0.093
118,47,0.012,0.024,-0.087
118,48,0.008,0.018,-0.092
118,49,0.019,0.035,-0.082
118,50,0.004,0.01,-0.1
118,51,0.003,0.008,-0.103
118,52,0.009,0.019,-0.091
118,53,0.017,0.032,-0.084
118,54,0.006,0.014,-0.096
118,55,0.017,0.033,-0.084
118,56,0.004,0.01,-0.102
118,57,0.033,0.058,-0.076
118,58,0.023,0.043,-0.081
118,59,0.021,0.04,-0.082
118,60,0.045,0.075,-0.072
118,61,0.017,0.032,-0.086
118,62,0.019,0.036,-0.084
118,63,0.062,0.099,-0.067
118,64,0.115,0.168,-0.057
118,65,0.046,0.077,-0.072
118,66,0.087,0.132,-0.062
118,67,0.083,0.127,-0.063
118,68,0.102,0.152,-0.059
118,69,0.057,0.092,-0.069
118,70,0.043,0.072,-0.074
118,71,0.056,0.091,-0.07
118,72,0.097,0.145,-0.061
118,73,0.063,0.1,-0.069
118,74,0.117,0.17,-0.058
118,75,0.092,0.139,-0.062
118,76,0.113,0.165,-0.059
118,77,0.104,0.155,-0.06
118,78,0.095,0.143,-0.062
118,79,0.14,0.199,-0.055
118,80,0.133,0.19,-0.057
118,81,0.135,0.193,-0.056
118,82,0.085,0.13,-0.065
118,83,0.125,0.181,-0.058
118,84,0.104,0.154,-0.062
118,85,0.198,0.267,-0.049
118,86,0.141,0.2,-0.056
118,87,0.124,0.18,-0.059
118,88,0.172,0.237,-0.053
118,89,0.16,0.223,-0.054
118,90,0.106,0.156,-0.062
118,91,0.109,0.16,-0.062
118,92,0.198,0.267,-0.05
118,93,0.124,0.179,-0.06
118,94,0.216,0.288,-0.048
118,95,0.196,0.264,-0.051
118,96,0.186,0.254,-0.052
118,97,0.188,0.256,-0.052
118,98,0.104,0.153,-0.064
118,99,0.146,0.206,-0.057
119,100,0.069,0.108,-0.073
119,101,0.053,0.087,-0.078
119,102,0.112,0.164,-0.064
119,103,0.156,0.218,-0.057
119,104,0.164,0.227,-0.056
119,105,0.145,0.205,-0.059
119,106,0.199,0.269,-0.052
119,107,0.147,0.207,-0.059
119,108,0.14,0.198,-0.06
119,109,0.262,0.339,-0.046
119,110,0.216,0.288,-0.051
119,111,0.239,0.313,-0.048
119,112,0.32,0.401,-0.041
119,113,0.273,0.351,-0.045
119,114,0.306,0.386,-0.043
119,115,0.243,0.318,-0.049
119,116,0.339,0.421,-0.04
119,117,0.306,0.386,-0.043
119,118,0.291,0.37,-0.044
119,119,0.252,0.328,-0.048
119,120,0.33,0.412,-0.041
119,121,0.405,0.488,-0.035
119,122,0.483,0.565,-0.03
119,123,0.456,0.538,-0.032
119,124,0.296,0.376,-0.045
119,125,0.339,0.421,-0.041
119,126,0.376,0.459,-0.038
119,127,0.413,0.496,-0.035
119,128,0.442,0.525,-0.033
119,129,0.546,0.625,-0.026
119,130,0.444,0.527,-0.033
119,131,0.474,0.556,-0.031
119,132,0.507,0.588,-0.029
119,133,0.346,0.428,-0.041
119,134,0.297,0.376,-0.045
119,135,0.247,0.322,-0.051
119,136,0.258,0.334,-0.049
119,137,0.23,0.304,-0.052
119,138,0.353,0.436,-0.041
119,139,0.279,0.357,-0.048
119,140,0.227,0.3,-0.053
119,141,0.248,0.323,-0.051
119,142,0.27,0.347,-0.049
119,143,0.283,0.362,-0.048
119,144,0.353,0.435,-0.042
119,145,0.334,0.415,-0.043
119,146,0.312,0.392,-0.046
119,147,0.295,0.374,-0.047
119,148,0.273,0.351,-0.049
119,149,0.359,0.441,-0.042
119,150,0.378,0.461,-0.04
119,151,0.464,0.547,-0.033
119,152,0.43,0.513,-0.036
119,153,0.458,0.541,-0.034
119,154,0.345,0.427,-0.044
119,155,0.428,0.511,-0.037
119,156,0.443,0.526,-0.036
119,157,0.442,0.525,-0.036
119,158,0.536,0.615,-0.029
119,159,0.556,0.634,-0.028
119,160,0.539,0.618,-0.029
119,161,0.556,0.633,-0.028
119,162,0.576,0.652,-0.027
119,163,0.517,0.597,-0.031
119,164,0.577,0.653,-0.027
119,165,0.635,0.705,-0.023
119,166,0.594,0.668,-0.026
119,167,0.604,0.677,-0.026
119,168,0.601,0.674,-0.026
119,169,0.543,0.621,-0.03
119,170,0.738,0.794,-0.017
119,171,0.695,0.757,-0.02
119,172,0.708,0.769,-0.019
119,173,0.668,0.734,-0.022
119,174,0.611,0.683,-0.026
119,175,0.693,0.756,-0.02
119,176,0.65,0.718,-0.024
119,177,0.512,0.592,-0.034
119,178,0.59,0.665,-0.028
119,179,0.593,0.667,-0.028
119,180,0.611,0.683,-0.027
119,181,0.494,0.575,-0.037
119,182,0.569,0.645,-0.031
119,183,0.523,0.603,-0.034
119,184,0.719,0.778,-0.02
119,185,0.467,0.549,-0.04
119,186,0.5,0.581,-0.037
119,187,0.522,0.602,-0.035
119,188,0.52,0.6,-0.036
119,189,0.457,0.54,-0.041
119,190,0.331,0.413,-0.054
119,191,0.277,0.355,-0.061
119,192,0.185,0.253,-0.075
119,193,0.32,0.401,-0.056
119,194,0.241,0.316,-0.067
119,195,0.242,0.316,-0.067
119,196,0.274,0.352,-0.062
119,197,0.246,0.321,-0.066
119,198,0.236,0.31,-0.068
119,199,0.226,0.299,-0.069
119,200,0.186,0.253,-0.076
119,201,0.185,0.252,-0.076
119,202,0.205,0.276,-0.073
119,203,0.206,0.277,-0.072
119,204,0.215,0.286,-0.071
119,205,0.212,0.283,-0.071
119,206,0.35,0.433,-0.053
119,207,0.206,0.276,-0.072
119,208,0.2,0.269,-0.073
119,209,0.21,0.28,-0.072
119,210,0.214,0.285,-0.071
119,211,0.215,0.286,-0.071
119,212,0.16,0.223,-0.08
119,213,0.162,0.225,-0.08
119,214,0.104,0.155,-0.093
119,215,0.167,0.231,-0.079
119,216,0.148,0.209,-0.083
119,217,0.169,0.233,-0.079
119,218,0.147,0.207,-0.083
119,219,0.113,0.165,-0.091
119,220,0.173,0.238,-0.078
119,221,0.222,0.295,-0.07
119,222,0.294,0.374,-0.06
119,223,0.247,0.322,-0.067
119,224,0.341,0.423,-0.055
119,225,0.361,0.444,-0.053
119,226,0.468,0.55,-0.042
119,227,0.476,0.558,-0.041
119,228,0.424,0.507,-0.046
119,229,0.535,0.614,-0.036
119,230,0.549,0.627,-0.035
119,231,0.671,0.737,-0.025
119,232,0.509,0.59,-0.039
119,233,0.64,0.71,-0.027
119,234,0.722,0.78,-0.021
119,235,0.796,0.842,-0.015
119,236,0.723,0.781,-0.021
119,42,0.013,0.026,-0.087
119,43,0.009,0.019,-0.091
119,44,0.011,0.022,-0.089
119,45,0.015,0.029,-0.085
119,46,0.009,0.02,-0.091
119,47,0.022,0.041,-0.08
119,48,0.008,0.018,-0.092
119,49,0.016,0.031,-0.085
119,50,0.026,0.047,-0.078
119,51,0.018,0.035,-0.083
119,52,0.019,0.035,-0.083
119,53,0.021,0.039,-0.082
119,54,0.024,0.044,-0.08
119,55,0.022,0.041,-0.081
119,56,0.04,0.068,-0.073
119,57,0.031,0.055,-0.077
119,58,0.025,0.046,-0.08
119,59,0.021,0.038,-0.083
119,60,0.033,0.058,-0.077
119,61,0.029,0.051,-0.079
119,62,0.024,0.044,-0.081
119,63,0.064,0.102,-0.067
119,64,0.062,0.099,-0.068
119,65,0.046,0.077,-0.073
119,66,0.046,0.076,-0.073
119,67,0.064,0.102,-0.068
119,68,0.036,0.062,-0.077
119,69,0.096,0.144,-0.061
119,70,0.077,0.119,-0.065
119,71,0.096,0.144,-0.061
119,72,0.081,0.125,-0.064
119,73,0.049,0.081,-0.073
119,74,0.094,0.141,-0.062
119,75,0.072,0.113,-0.067
119,76,0.097,0.145,-0.062
119,77,0.14,0.199,-0.056
119,78,0.106,0.156,-0.061
119,79,0.1,0.149,-0.062
119,80,0.142,0.201,-0.056
119,81,0.111,0.163,-0.061
119,82,0.071,0.111,-0.069
119,83,0.061,0.097,-0.072
119,84,0.135,0.193,-0.057
119,85,0.171,0.236,-0.053
119,86,0.154,0.215,-0.055
119,87,0.159,0.222,-0.055
119,88,0.104,0.155,-0.063
119,89,0.063,0.1,-0.072
119,90,0.04,0.068,-0.08
119,91,0.055,0.09,-0.075
119,92,0.079,0.122,-0.069
119,93,0.086,0.13,-0.068
119,94,0.099,0.147,-0.065
119,95,0.069,0.109,-0.072
119,96,0.056,0.09,-0.076
119,97,0.07,0.109,-0.072
119,98,0.065,0.102,-0.074
119,99,0.067,0.106,-0.073
12,10,0.35,0.432,-0.03
12,100,0.209,0.28,-0.046
12,101,0.206,0.276,-0.047
12,102,0.188,0.255,-0.049
12,103,0.244,0.319,-0.043
12,104,0.38,0.463,-0.033
12,105,0.372,0.455,-0.033
12,106,0.288,0.367,-0.039
12,107,0.161,0.224,-0.052
12,108,0.195,0.263,-0.048
12,109,0.21,0.281,-0.047
12,11,0.37,0.453,-0.029
12,110,0.274,0.352,-0.041
12,111,0.392,0.476,-0.032
12,112,0.205,0.276,-0.048
12,113,0.182,0.249,-0.05
12,114,0.195,0.264,-0.049
12,115,0.312,0.393,-0.038
12,116,0.214,0.286,-0.047
12,117,0.298,0.378,-0.04
12,118,0.293,0.373,-0.04
12,119,0.329,0.41,-0.037
12,12,0.436,0.519,-0.025
12,120,0.719,0.778,-0.014
12,121,0.632,0.702,-0.018
12,122,0.541,0.62,-0.024
12,123,0.672,0.737,-0.016
12,124,0.493,0.575,-0.027
12,125,0.555,0.632,-0.023
12,126,0.52,0.6,-0.025
12,127,0.517,0.597,-0.025
12,128,0.8,0.845,-0.01
12,129,0.542,0.621,-0.024
12,13,0.201,0.271,-0.041
12,130,0.535,0.614,-0.024
12,131,0.606,0.679,-0.02
12,132,0.447,0.53,-0.03
12,133,0.59,0.665,-0.021
12,134,0.563,0.64,-0.023
12,135,0.594,0.668,-0.021
12,136,0.42,0.503,-0.032
12,137,0.364,0.446,-0.036
12,138,0.38,0.463,-0.035
12,139,0.381,0.464,-0.035
12,14,0.202,0.271,-0.041
12,140,0.394,0.477,-0.034
12,141,0.601,0.674,-0.021
12,142,0.771,0.821,-0.012
12,143,0.616,0.688,-0.02
12,144,0.549,0.627,-0.024
12,145,0.49,0.571,-0.027
12,146,0.478,0.56,-0.028
12,147,0.646,0.714,-0.018
12,148,0.58,0.655,-0.022
12,149,0.694,0.757,-0.016
12,15,0.204,0.274,-0.04
12,150,0.576,0.652,-0.022
12,151,0.585,0.66,-0.022
12,152,0.537,0.616,-0.025
12,153,0.582,0.658,-0.022
12,154,0.478,0.56,-0.028
12,155,0.563,0.64,-0.023
12,156,0.453,0.535,-0.03
12,157,0.531,0.61,-0.025
12,158,0.674,0.739,-0.017
12,159,0.717,0.776,-0.014
12,16,0.118,0.171,-0.049
12,160,0.651,0.719,-0.018
12,161,0.653,0.721,-0.018
12,162,0.606,0.679,-0.021
12,163,0.451,0.534,-0.03
12,164,0.493,0.574,-0.027
12,165,0.509,0.59,-0.026
12,166,0.489,0.57,-0.028
12,167,0.473,0.555,-0.029
12,168,0.517,0.597,-0.026
12,169,0.494,0.575,-0.028
12,17,0.172,0.237,-0.043
12,170,0.474,0.556,-0.029
12,171,0.41,0.493,-0.033
12,172,0.472,0.554,-0.029
12,173,0.431,0.514,-0.032
12,174,0.448,0.531,-0.031
12,175,0.326,0.407,-0.04
12,176,0.319,0.399,-0.041
12,177,0.259,0.335,-0.046
12,178,0.325,0.406,-0.041
12,179,0.349,0.431,-0.039
12,18,0.237,0.311,-0.037
12,180,0.318,0.399,-0.041
12,181,0.271,0.348,-0.046
12,182,0.334,0.415,-0.04
12,183,0.246,0.321,-0.048
12,184,0.229,0.303,-0.05
12,185,0.183,0.25,-0.056
12,186,0.164,0.228,-0.059
12,187,0.183,0.25,-0.057
12,188,0.223,0.296,-0.052
12,189,0.195,0.263,-0.056
12,19,0.181,0.248,-0.042
12,190,0.212,0.283,-0.054
12,191,0.137,0.195,-0.064
12,192,0.151,0.212,-0.063
12,193,0.127,0.182,-0.067
12,194,0.249,0.324,-0.051
12,195,0.183,0.25,-0.059
12,196,0.143,0.202,-0.065
12,197,0.175,0.241,-0.061
12,198,0.18,0.246,-0.06
12,199,0.237,0.311,-0.054
12,20,0.124,0.179,-0.049
12,200,0.222,0.294,-0.056
12,201,0.156,0.218,-0.065
12,202,0.187,0.254,-0.061
12,203,0.236,0.311,-0.055
12,204,0.238,0.313,-0.055
12,205,0.194,0.263,-0.061
12,206,0.269,0.347,-0.052
12,207,0.147,0.207,-0.069
12,208,0.263,0.34,-0.054
12,209,0.181,0.247,-0.065
12,21,0.191,0.259,-0.041
12,210,0.213,0.285,-0.061
12,211,0.17,0.234,-0.068
12,212,0.29,0.369,-0.053
12,213,0.27,0.347,-0.055
12,214,0.224,0.296,-0.062
12,215,0.225,0.298,-0.062
12,216,0.194,0.262,-0.067
12,217,0.299,0.379,-0.054
12,218,0.29,0.369,-0.055
12,219,0.257,0.333,-0.06
12,22,0.131,0.187,-0.047
12,220,0.246,0.321,-0.062
12,221,0.206,0.277,-0.068
12,222,0.208,0.278,-0.068
12,223,0.207,0.277,-0.069
12,224,0.188,0.256,-0.072
12,225,0.202,0.272,-0.07
12,226,0.159,0.221,-0.078
12,227,0.181,0.248,-0.075
12,228,0.141,0.199,-0.082
12,229,0.109,0.16,-0.091
12,23,0.091,0.138,-0.053
12,230,0.17,0.235,-0.078
12,231,0.213,0.285,-0.071
12,232,0.196,0.265,-0.074
12,233,0.222,0.294,-0.07
12,234,0.169,0.233,-0.08
12,235,0.172,0.237,-0.08
12,236,0.354,0.436,-0.054
12,237,0.221,0.293,-0.072
12,238,0.205,0.275,-0.075
12,239,0.194,0.262,-0.077
12,24,0.073,0.113,-0.057
12,240,0.257,0.333,-0.068
12,241,0.38,0.463,-0.053
12,242,0.25,0.326,-0.069
12,243,0.358,0.44,-0.056
12,244,0.31,0.391,-0.062
12,245,0.35,0.432,-0.057
12,246,0.377,0.46,-0.054
12,247,0.302,0.382,-0.064
12,248,0.29,0.369,-0.066
12,249,0.377,0.46,-0.056
12,25,0.152,0.213,-0.045
12,250,0.376,0.459,-0.056
12,251,0.336,0.418,-0.061
12,26,0.146,0.207,-0.046
12,27,0.063,0.1,-0.058
12,28,0.093,0.141,-0.053
12,29,0.094,0.141,-0.053
12,30,0.083,0.127,-0.055
12,31,0.057,0.093,-0.059
12,32,0.155,0.217,-0.045
12,33,0.1,0.148,-0.052
12,34,0.029,0.052,-0.068
12,35,0.034,0.058,-0.067
12,36,0.048,0.08,-0.063
12,37,0.032,0.055,-0.068
12,38,0.067,0.106,-0.058
12,39,0.058,0.093,-0.06
12,40,0.031,0.054,-0.069
12,41,0.023,0.043,-0.072
12,42,0.07,0.109,-0.058
12,43,0.038,0.065,-0.066
12,44,0.062,0.099,-0.059
12,45,0.043,0.072,-0.065
12,46,0.021,0.04,-0.073
12,47,0.016,0.031,-0.077
12,48,0.05,0.082,-0.063
12,49,0.039,0.066,-0.066
12,50,0.042,0.071,-0.065
12,51,0.028,0.05,-0.071
12,52,0.035,0.06,-0.068
12,53,0.024,0.044,-0.073
12,54,0.02,0.038,-0.075
12,55,0.053,0.086,-0.063
12,56,0.06,0.097,-0.061
12,57,0.079,0.122,-0.057
12,58,0.042,0.071,-0.066
12,59,0.054,0.088,-0.063
12,60,0.07,0.11,-0.059
12,61,0.127,0.182,-0.05
12,62,0.081,0.124,-0.057
12,63,0.139,0.198,-0.049
12,64,0.205,0.275,-0.042
12,65,0.106,0.157,-0.054
12,66,0.09,0.136,-0.057
12,67,0.285,0.363,-0.036
12,68,0.254,0.33,-0.038
12,69,0.159,0.222,-0.047
12,7,0.239,0.313,-0.04
12,70,0.162,0.226,-0.047
12,71,0.146,0.206,-0.05
12,72,0.146,0.206,-0.05
12,73,0.245,0.32,-0.04
12,74,0.265,0.341,-0.038
12,75,0.125,0.181,-0.053
12,76,0.359,0.442,-0.032
12,77,0.2,0.269,-0.044
12,78,0.216,0.287,-0.043
12,79,0.257,0.333,-0.039
12,8,0.486,0.568,-0.023
12,80,0.278,0.356,-0.038
12,81,0.185,0.252,-0.046
12,82,0.236,0.31,-0.042
12,83,0.297,0.376,-0.037
12,84,0.441,0.524,-0.027
12,85,0.494,0.576,-0.024
12,86,0.348,0.431,-0.033
12,87,0.206,0.276,-0.045
12,88,0.317,0.397,-0.036
12,89,0.309,0.39,-0.036
12,9,0.205,0.275,-0.042
12,90,0.205,0.276,-0.046
12,91,0.156,0.217,-0.051
12,92,0.38,0.463,-0.032
12,93,0.347,0.429,-0.034
12,94,0.165,0.229,-0.05
12,95,0.07,0.11,-0.066
12,96,0.185,0.252,-0.048
12,97,0.501,0.582,-0.025
12,98,0.254,0.33,-0.042
12,99,0.266,0.343,-0.041
13,10,0.162,0.226,-0.045
13,100,0.125,0.181,-0.057
13,101,0.217,0.289,-0.046
13,102,0.135,0.193,-0.055
13,103,0.279,0.357,-0.04
13,104,0.094,0.141,-0.062
13,105,0.078,0.12,-0.066
13,106,0.105,0.155,-0.061
13,107,0.073,0.114,-0.067
13,108,0.058,0.094,-0.071
13,109,0.053,0.087,-0.073
13,11,0.21,0.281,-0.041
13,110,0.08,0.123,-0.066
13,111,0.064,0.102,-0.07
13,112,0.054,0.088,-0.073
13,113,0.056,0.09,-0.073
13,114,0.066,0.105,-0.07
13,115,0.068,0.108,-0.07
13,116,0.106,0.157,-0.062
13,117,0.171,0.236,-0.053
13,118,0.196,0.265,-0.05
13,119,0.109,0.16,-0.062
13,12,0.434,0.517,-0.025
13,120,0.112,0.164,-0.061
13,121,0.104,0.154,-0.063
13,122,0.099,0.148,-0.064
13,123,0.165,0.229,-0.054
13,124,0.185,0.252,-0.051
13,125,0.168,0.232,-0.054
13,126,0.224,0.297,-0.047
13,127,0.425,0.509,-0.031
13,128,0.375,0.458,-0.035
13,129,0.333,0.415,-0.038
13,13,0.168,0.232,-0.044
13,130,0.328,0.409,-0.038
13,131,0.384,0.467,-0.034
13,132,0.438,0.521,-0.031
13,133,0.508,0.588,-0.026
13,134,0.476,0.558,-0.028
13,135,0.52,0.6,-0.025
13,136,0.528,0.607,-0.025
13,137,0.606,0.679,-0.02
13,138,0.576,0.652,-0.022
13,139,0.497,0.578,-0.027
13,14,0.16,0.223,-0.045
13,140,0.355,0.437,-0.037
13,141,0.501,0.582,-0.027
13,142,0.547,0.625,-0.024
13,143,0.482,0.564,-0.028
13,144,0.554,0.632,-0.024
13,145,0.47,0.552,-0.029
13,146,0.481,0.563,-0.028
13,147,0.646,0.715,-0.018
13,148,0.91,0.932,-0.004
13,149,0.719,0.778,-0.014
13,15,0.355,0.437,-0.029
13,150,0.62,0.692,-0.02
13,151,0.668,0.734,-0.017
13,152,0.589,0.663,-0.022
13,153,0.638,0.708,-0.019
13,154,0.604,0.677,-0.021
13,155,0.664,0.73,-0.017
13,156,0.538,0.617,-0.025
13,157,0.635,0.705,-0.019
13,158,0.62,0.692,-0.02
13,159,0.687,0.751,-0.016
13,16,0.208,0.278,-0.04
13,160,0.707,0.767,-0.015
13,161,0.647,0.716,-0.018
13,162,0.647,0.716,-0.018
13,163,0.591,0.666,-0.022
13,164,0.68,0.744,-0.017
13,165,0.414,0.498,-0.033
13,166,0.432,0.515,-0.032
13,167,0.397,0.481,-0.034
13,168,0.395,0.478,-0.034
13,169,0.248,0.324,-0.047
13,17,0.2,0.27,-0.041
13,170,0.357,0.44,-0.037
13,171,0.393,0.476,-0.035
13,172,0.493,0.575,-0.028
13,173,0.466,0.548,-0.03
13,174,0.357,0.44,-0.038
13,175,0.408,0.491,-0.034
13,176,0.326,0.407,-0.04
13,177,0.267,0.345,-0.046
13,178,0.284,0.362,-0.044
13,179,0.206,0.276,-0.052
13,18,0.251,0.327,-0.036
13,180,0.25,0.325,-0.047
13,181,0.196,0.265,-0.054
13,182,0.242,0.316,-0.049
13,183,0.357,0.439,-0.038
13,184,0.359,0.441,-0.038
13,185,0.208,0.278,-0.053
13,186,0.172,0.237,-0.057
13,187,0.18,0.247,-0.056
13,188,0.349,0.431,-0.04
13,189,0.224,0.296,-0.052
13,19,0.11,0.162,-0.051
13,190,0.23,0.303,-0.051
13,191,0.18,0.246,-0.058
13,192,0.134,0.191,-0.065
13,193,0.094,0.141,-0.073
13,194,0.167,0.231,-0.06
13,195,0.149,0.209,-0.063
13,196,0.135,0.193,-0.066
13,197,0.117,0.171,-0.069
13,198,0.257,0.334,-0.05
13,199,0.125,0.18,-0.069
13,20,0.303,0.383,-0.032
13,200,0.123,0.178,-0.069
13,201,0.253,0.329,-0.052
13,202,0.119,0.173,-0.071
13,203,0.135,0.193,-0.068
13,204,0.1,0.149,-0.076
13,205,0.18,0.247,-0.062
13,206,0.119,0.172,-0.073
13,207,0.214,0.285,-0.059
13,208,0.19,0.258,-0.062
13,209,0.387,0.47,-0.042
13,21,0.242,0.316,-0.037
13,210,0.279,0.357,-0.052
13,211,0.268,0.345,-0.054
13,212,0.252,0.327,-0.056
13,213,0.236,0.31,-0.059
13,214,0.234,0.308,-0.059
13,215,0.306,0.386,-0.052
13,216,0.229,0.302,-0.061
13,217,0.307,0.387,-0.052
13,218,0.223,0.296,-0.063
13,219,0.206,0.277,-0.066
13,22,0.166,0.229,-0.044
13,220,0.154,0.216,-0.075
13,221,0.172,0.237,-0.072
13,222,0.212,0.284,-0.067
13,223,0.228,0.301,-0.065
13,224,0.227,0.3,-0.066
13,225,0.1,0.149,-0.09
13,226,0.154,0.216,-0.078
13,227,0.123,0.178,-0.085
13,228,0.181,0.248,-0.075
13,229,0.186,0.253,-0.074
13,23,0.381,0.464,-0.028
13,230,0.158,0.22,-0.08
13,231,0.159,0.221,-0.08
13,232,0.15,0.211,-0.082
13,233,0.187,0.255,-0.076
13,234,0.177,0.243,-0.078
13,235,0.327,0.409,-0.057
13,236,0.242,0.317,-0.068
13,237,0.19,0.258,-0.077
13,238,0.176,0.241,-0.08
13,239,0.256,0.332,-0.067
13,24,0.176,0.242,-0.043
13,240,0.29,0.369,-0.063
13,241,0.205,0.275,-0.076
13,242,0.334,0.416,-0.058
13,243,0.304,0.384,-0.062
13,244,0.317,0.398,-0.061
13,245,0.372,0.455,-0.055
13,246,0.409,0.492,-0.051
13,247,0.294,0.373,-0.065
13,248,0.333,0.414,-0.061
13,249,0.432,0.515,-0.05
13,25,0.191,0.259,-0.041
13,250,0.397,0.48,-0.054
13,251,0.366,0.449,-0.058
13,26,0.387,0.47,-0.027
13,27,0.186,0.254,-0.041
13,28,0.235,0.309,-0.037
13,29,0.252,0.328,-0.036
13,30,0.321,0.402,-0.031
13,31,0.174,0.239,-0.043
13,32,0.158,0.22,-0.044
13,33,0.197,0.266,-0.041
13,34,0.249,0.324,-0.036
13,35,0.137,0.195,-0.047
13,36,0.083,0.127,-0.055
13,37,0.114,0.167,-0.05
13,38,0.256,0.332,-0.036
13,39,0.1,0.149,-0.052
13,40,0.083,0.127,-0.055
13,41,0.109,0.16,-0.051
13,42,0.072,0.112,-0.057
13,43,0.118,0.171,-0.049
13,44,0.176,0.242,-0.043
13,45,0.112,0.164,-0.051
13,46,0.108,0.159,-0.051
13,47,0.19,0.258,-0.042
13,48,0.157,0.219,-0.045
13,49,0.129,0.186,-0.049
13,50,0.281,0.359,-0.034
13,51,0.137,0.195,-0.048
13,52,0.218,0.29,-0.04
13,53,0.058,0.094,-0.061
13,54,0.276,0.354,-0.035
13,55,0.136,0.194,-0.048
13,56,0.111,0.163,-0.052
13,57,0.128,0.184,-0.05
13,58,0.294,0.373,-0.034
13,59,0.302,0.382,-0.034
13,6,0.16,0.223,-0.047
13,60,0.156,0.218,-0.047
13,61,0.267,0.344,-0.037
13,62,0.105,0.155,-0.054
13,63,0.176,0.241,-0.045
13,64,0.25,0.326,-0.038
13,65,0.412,0.496,-0.027
13,66,0.319,0.4,-0.033
13,67,0.272,0.35,-0.037
13,68,0.386,0.469,-0.029
13,69,0.244,0.319,-0.039
13,7,0.148,0.208,-0.048
13,70,0.299,0.378,-0.035
13,71,0.277,0.355,-0.037
13,72,0.212,0.283,-0.042
13,73,0.189,0.256,-0.045
13,74,0.52,0.6,-0.022
13,75,0.334,0.415,-0.033
13,76,0.491,0.572,-0.024
13,77,0.254,0.33,-0.039
13,78,0.253,0.329,-0.04
13,79,0.266,0.343,-0.039
13,8,0.154,0.215,-0.047
13,80,0.162,0.225,-0.049
13,81,0.275,0.353,-0.038
13,82,0.343,0.425,-0.033
13,83,0.231,0.304,-0.042
13,84,0.242,0.317,-0.041
13,85,0.239,0.313,-0.042
13,86,0.303,0.383,-0.036
13,87,0.278,0.357,-0.039
13,88,0.177,0.243,-0.048
13,89,0.162,0.225,-0.05
13,9,0.213,0.284,-0.041
13,90,0.084,0.128,-0.062
13,91,0.125,0.18,-0.056
13,92,0.279,0.357,-0.039
13,93,0.176,0.242,-0.049
13,94,0.144,0.204,-0.053
13,95,0.197,0.266,-0.047
13,96,0.165,0.229,-0.051
13,97,0.159,0.222,-0.052
13,98,0.121,0.176,-0.057
13,99,0.322,0.403,-0.037
14,10,0.015,0.029,-0.079
14,100,0.182,0.248,-0.049
14,101,0.171,0.235,-0.051
14,102,0.111,0.163,-0.059
14,103,0.132,0.188,-0.056
14,104,0.201,0.271,-0.048
14,105,0.141,0.2,-0.055
14,106,0.087,0.132,-0.064
14,107,0.091,0.138,-0.063
14,108,0.086,0.131,-0.065
14,109,0.073,0.114,-0.068
14,11,0.082,0.126,-0.056
14,110,0.051,0.083,-0.074
14,111,0.139,0.198,-0.056
14,112,0.082,0.126,-0.066
14,113,0.083,0.126,-0.066
14,114,0.114,0.167,-0.061
14,115,0.151,0.211,-0.055
14,116,0.089,0.134,-0.066
14,117,0.146,0.206,-0.056
14,118,0.214,0.285,-0.048
14,119,0.293,0.372,-0.041
14,12,0.017,0.033,-0.076
14,120,0.305,0.386,-0.04
14,121,0.429,0.512,-0.031
14,122,0.363,0.446,-0.035
14,123,0.384,0.467,-0.034
14,124,0.378,0.461,-0.034
14,125,0.5,0.581,-0.026
14,126,0.457,0.54,-0.029
14,127,0.384,0.467,-0.034
14,128,0.225,0.298,-0.048
14,129,0.253,0.329,-0.045
14,13,0.098,0.147,-0.053
14,130,0.31,0.391,-0.04
14,131,0.508,0.588,-0.026
14,132,0.279,0.357,-0.043
14,133,0.281,0.36,-0.043
14,134,0.344,0.426,-0.037
14,135,0.355,0.437,-0.037
14,136,0.371,0.454,-0.035
14,137,0.572,0.648,-0.022
14,138,0.417,0.5,-0.032
14,139,0.366,0.448,-0.036
14,14,0.064,0.102,-0.059
14,140,0.565,0.641,-0.023
14,141,0.42,0.503,-0.032
14,142,0.472,0.554,-0.029
14,143,0.447,0.53,-0.03
14,144,0.326,0.407,-0.039
14,145,0.484,0.566,-0.028
14,146,0.597,0.671,-0.021
14,147,0.54,0.619,-0.025
14,148,0.509,0.59,-0.026
14,149,0.792,0.839,-0.011
14,15,0.078,0.12,-0.056
14,150,0.855,0.889,-0.007
14,151,0.78,0.829,-0.011
14,152,0.775,0.824,-0.011
14,153,0.823,0.863,-0.009
14,154,0.817,0.859,-0.009
14,155,0.524,0.603,-0.026
14,156,0.689,0.752,-0.016
14,157,0.563,0.64,-0.023
14,158,0.729,0.787,-0.014
14,159,0.7,0.762,-0.015
14,16,0.075,0.117,-0.056
14,160,0.43,0.513,-0.032
14,161,0.346,0.428,-0.038
14,162,0.459,0.542,-0.03
14,163,0.22,0.292,-0.049
14,164,0.378,0.461,-0.035
14,165,0.385,0.468,-0.035
14,166,0.239,0.314,-0.047
14,167,0.252,0.327,-0.046
14,168,0.327,0.408,-0.039
14,169,0.329,0.41,-0.039
14,17,0.074,0.114,-0.057
14,170,0.226,0.299,-0.049
14,171,0.191,0.259,-0.053
14,172,0.163,0.226,-0.057
14,173,0.17,0.235,-0.056
14,174,0.161,0.224,-0.057
14,175,0.191,0.259,-0.053
14,176,0.19,0.258,-0.053
14,177,0.232,0.306,-0.049
14,178,0.2,0.269,-0.053
14,179,0.342,0.424,-0.039
14,18,0.071,0.111,-0.057
14,180,0.217,0.289,-0.051
14,181,0.251,0.327,-0.047
14,182,0.334,0.416,-0.04
14,183,0.248,0.324,-0.048
14,184,0.214,0.285,-0.052
14,185,0.227,0.3,-0.051
14,186,0.184,0.251,-0.056
14,187,0.224,0.296,-0.051
14,188,0.206,0.276,-0.053
14,189,0.219,0.291,-0.052
14,19,0.107,0.158,-0.051
14,190,0.143,0.202,-0.062
14,191,0.173,0.239,-0.058
14,192,0.133,0.19,-0.064
14,193,0.127,0.183,-0.065
14,194,0.13,0.187,-0.065
14,195,0.112,0.164,-0.069
14,196,0.19,0.258,-0.057
14,197,0.19,0.258,-0.057
14,198,0.186,0.253,-0.058
14,199,0.15,0.211,-0.064
14,20,0.095,0.142,-0.052
14,200,0.172,0.237,-0.061
14,201,0.186,0.253,-0.059
14,202,0.173,0.238,-0.062
14,203,0.21,0.281,-0.057
14,204,0.275,0.352,-0.05
14,205,0.155,0.216,-0.066
14,206,0.166,0.23,-0.064
14,207,0.245,0.32,-0.054
14,208,0.16,0.223,-0.066
14,209,0.192,0.26,-0.062
14,21,0.125,0.18,-0.048
14,210,0.207,0.277,-0.061
14,211,0.189,0.257,-0.064
14,212,0.226,0.299,-0.059
14,213,0.118,0.171,-0.077
14,214,0.218,0.29,-0.061
14,215,0.147,0.207,-0.073
14,216,0.103,0.153,-0.082
14,217,0.139,0.197,-0.075
14,218,0.244,0.319,-0.06
14,219,0.209,0.279,-0.065
14,22,0.097,0.145,-0.052
14,220,0.216,0.288,-0.064
14,221,0.14,0.199,-0.077
14,222,0.242,0.317,-0.062
14,223,0.116,0.169,-0.084
14,224,0.087,0.132,-0.092
14,225,0.167,0.231,-0.075
14,226,0.199,0.268,-0.07
14,227,0.125,0.18,-0.084
14,228,0.154,0.215,-0.079
14,229,0.12,0.174,-0.087
14,23,0.063,0.1,-0.058
14,230,0.163,0.226,-0.078
14,231,0.177,0.243,-0.076
14,232,0.138,0.196,-0.084
14,233,0.124,0.179,-0.088
14,234,0.117,0.17,-0.09
14,235,0.133,0.19,-0.087
14,236,0.206,0.276,-0.074
14,237,0.144,0.203,-0.086
14,238,0.332,0.413,-0.057
14,239,0.271,0.349,-0.065
14,24,0.135,0.193,-0.047
14,240,0.227,0.3,-0.072
14,241,0.39,0.473,-0.052
14,242,0.349,0.431,-0.056
14,243,0.335,0.417,-0.058
14,244,0.356,0.439,-0.056
14,245,0.328,0.409,-0.06
14,246,0.334,0.416,-0.06
14,247,0.327,0.408,-0.061
14,248,0.368,0.451,-0.057
14,249,0.391,0.474,-0.054
14,25,0.17,0.235,-0.043
14,250,0.428,0.511,-0.05
14,251,0.402,0.485,-0.054
14,26,0.053,0.087,-0.06
14,27,0.073,0.114,-0.056
14,28,0.335,0.417,-0.03
14,29,0.172,0.237,-0.043
14,30,0.103,0.153,-0.051
14,31,0.205,0.276,-0.04
14,32,0.173,0.238,-0.043
14,33,0.287,0.365,-0.033
14,34,0.086,0.131,-0.054
14,35,0.125,0.18,-0.048
14,36,0.151,0.212,-0.045
14,37,0.179,0.245,-0.042
14,38,0.126,0.182,-0.048
14,39,0.25,0.326,-0.036
14,40,0.095,0.142,-0.053
14,41,0.08,0.123,-0.055
14,42,0.099,0.148,-0.052
14,43,0.099,0.147,-0.052
14,44,0.038,0.065,-0.066
14,45,0.066,0.104,-0.059
14,46,0.066,0.104,-0.059
14,47,0.055,0.089,-0.061
14,48,0.037,0.064,-0.067
14,49,0.12,0.174,-0.05
14,50,0.085,0.13,-0.055
14,51,0.188,0.256,-0.042
14,52,0.11,0.162,-0.051
14,53,0.07,0.11,-0.059
14,54,0.186,0.254,-0.043
14,55,0.14,0.199,-0.048
14,56,0.131,0.187,-0.049
14,57,0.11,0.162,-0.052
14,58,0.444,0.527,-0.025
14,59,0.375,0.458,-0.029
14,6,0.079,0.122,-0.059
14,60,0.273,0.351,-0.036
14,61,0.37,0.453,-0.03
14,62,0.32,0.401,-0.033
14,63,0.308,0.388,-0.034
14,64,0.246,0.321,-0.039
14,65,0.597,0.671,-0.018
14,66,0.206,0.276,-0.042
14,67,0.408,0.491,-0.028
14,68,0.377,0.46,-0.03
14,69,0.546,0.625,-0.02
14,7,0.054,0.088,-0.064
14,70,0.327,0.408,-0.033
14,71,0.219,0.291,-0.042
14,72,0.397,0.48,-0.029
14,73,0.279,0.357,-0.037
14,74,0.181,0.248,-0.046
14,75,0.349,0.431,-0.032
14,76,0.32,0.401,-0.034
14,77,0.301,0.381,-0.036
14,78,0.292,0.372,-0.036
14,79,0.241,0.316,-0.041
14,8,0.02,0.038,-0.076
14,80,0.206,0.276,-0.044
14,81,0.327,0.408,-0.034
14,82,0.219,0.291,-0.043
14,83,0.225,0.298,-0.043
14,84,0.23,0.304,-0.042
14,85,0.155,0.217,-0.05
14,86,0.151,0.212,-0.051
14,87,0.253,0.329,-0.041
14,88,0.165,0.229,-0.05
14,89,0.122,0.176,-0.055
14,9,0.052,0.086,-0.063
14,90,0.097,0.145,-0.06
14,91,0.112,0.164,-0.057
14,92,0.144,0.204,-0.053
14,93,0.217,0.289,-0.045
14,94,0.228,0.301,-0.044
14,95,0.156,0.218,-0.052
14,96,0.092,0.138,-0.062
14,97,0.135,0.193,-0.055
14,98,0.1,0.149,-0.06
14,99,0.106,0.156,-0.06
15,10,0.009,0.02,-0.085
15,100,0.139,0.197,-0.055
15,101,0.234,0.307,-0.044
15,102,0.185,0.252,-0.05
15,103,0.156,0.218,-0.053
15,104,0.165,0.228,-0.052
15,105,0.195,0.263,-0.049
15,106,0.136,0.194,-0.056
15,107,0.101,0.151,-0.062
15,108,0.107,0.157,-0.061
15,109,0.101,0.15,-0.063
15,11,0.016,0.031,-0.078
15,110,0.109,0.161,-0.061
15,111,0.2,0.27,-0.049
15,112,0.189,0.256,-0.051
15,113,0.102,0.151,-0.063
15,114,0.131,0.188,-0.058
15,115,0.255,0.331,-0.044
15,116,0.185,0.253,-0.051
15,117,0.192,0.26,-0.051
15,118,0.198,0.267,-0.05
15,119,0.342,0.424,-0.037
15,12,0.094,0.141,-0.054
15,120,0.206,0.276,-0.049
15,121,0.202,0.271,-0.05
15,122,0.205,0.275,-0.049
15,123,0.245,0.321,-0.045
15,124,0.262,0.339,-0.044
15,125,0.335,0.416,-0.038
15,126,0.186,0.253,-0.052
15,127,0.209,0.28,-0.05
15,128,0.232,0.306,-0.047
15,129,0.236,0.31,-0.047
15,13,0.094,0.142,-0.054
15,130,0.248,0.324,-0.046
15,131,0.24,0.314,-0.047
15,132,0.179,0.245,-0.053
15,133,0.228,0.301,-0.048
15,134,0.37,0.453,-0.036
15,135,0.463,0.545,-0.029
15,136,0.33,0.411,-0.039
15,137,0.414,0.497,-0.033
15,138,0.221,0.293,-0.049
15,139,0.401,0.484,-0.034
15,14,0.048,0.08,-0.063
15,140,0.258,0.334,-0.045
15,141,0.277,0.355,-0.043
15,142,0.36,0.442,-0.037
15,143,0.46,0.543,-0.03
15,144,0.335,0.417,-0.039
15,145,0.261,0.338,-0.045
15,146,0.322,0.404,-0.04
15,147,0.177,0.243,-0.054
15,148,0.147,0.207,-0.058
15,149,0.162,0.226,-0.056
15,15,0.132,0.188,-0.048
15,150,0.24,0.314,-0.047
15,151,0.268,0.345,-0.044
15,152,0.305,0.385,-0.041
15,153,0.244,0.319,-0.047
15,154,0.349,0.431,-0.038
15,155,0.385,0.468,-0.035
15,156,0.434,0.517,-0.031
15,157,0.354,0.437,-0.037
15,158,0.207,0.277,-0.051
15,159,0.255,0.331,-0.046
15,16,0.077,0.119,-0.056
15,160,0.213,0.285,-0.05
15,161,0.257,0.334,-0.046
15,162,0.265,0.342,-0.045
15,163,0.329,0.41,-0.039
15,164,0.231,0.304,-0.048
15,165,0.172,0.237,-0.055
15,166,0.08,0.123,-0.071
15,167,0.102,0.151,-0.066
15,168,0.14,0.198,-0.06
15,169,0.2,0.269,-0.052
15,17,0.133,0.19,-0.048
15,170,0.318,0.398,-0.041
15,171,0.33,0.412,-0.04
15,172,0.325,0.406,-0.04
15,173,0.243,0.318,-0.047
15,174,0.153,0.215,-0.058
15,175,0.236,0.31,-0.048
15,176,0.247,0.323,-0.047
15,177,0.221,0.294,-0.05
15,178,0.243,0.318,-0.048
15,179,0.271,0.348,-0.045
15,18,0.064,0.102,-0.059
15,180,0.164,0.228,-0.057
15,181,0.134,0.192,-0.062
15,182,0.148,0.208,-0.059
15,183,0.113,0.166,-0.065
15,184,0.133,0.19,-0.062
15,185,0.198,0.268,-0.053
15,186,0.22,0.292,-0.051
15,187,0.126,0.181,-0.064
15,188,0.104,0.154,-0.068
15,189,0.096,0.143,-0.07
15,19,0.041,0.069,-0.065
15,190,0.137,0.195,-0.063
15,191,0.141,0.2,-0.063
15,192,0.126,0.181,-0.065
15,193,0.186,0.253,-0.056
15,194,0.123,0.178,-0.066
15,195,0.315,0.395,-0.043
15,196,0.163,0.226,-0.06
15,197,0.123,0.178,-0.067
15,198,0.109,0.16,-0.07
15,199,0.117,0.171,-0.069
15,20,0.134,0.191,-0.047
15,200,0.139,0.197,-0.066
15,201,0.138,0.196,-0.066
15,202,0.106,0.156,-0.073
15,203,0.134,0.192,-0.068
15,204,0.112,0.164,-0.073
15,205,0.175,0.24,-0.062
15,206,0.17,0.235,-0.063
15,207,0.283,0.361,-0.05
15,208,0.142,0.201,-0.068
15,209,0.095,0.142,-0.079
15,21,0.154,0.215,-0.045
15,210,0.201,0.27,-0.061
15,211,0.24,0.315,-0.056
15,212,0.142,0.201,-0.071
15,213,0.179,0.245,-0.065
15,214,0.114,0.167,-0.077
15,215,0.085,0.129,-0.085
15,216,0.173,0.238,-0.068
15,217,0.17,0.234,-0.069
15,218,0.166,0.23,-0.07
15,219,0.082,0.126,-0.089
15,22,0.175,0.24,-0.043
15,220,0.205,0.275,-0.065
15,221,0.122,0.177,-0.08
15,222,0.207,0.277,-0.066
15,223,0.184,0.252,-0.07
15,224,0.138,0.196,-0.079
15,225,0.102,0.152,-0.088
15,226,0.115,0.168,-0.085
15,227,0.189,0.257,-0.071
15,228,0.09,0.136,-0.093
15,229,0.11,0.162,-0.088
15,23,0.114,0.166,-0.05
15,230,0.152,0.214,-0.08
15,231,0.175,0.24,-0.076
15,232,0.195,0.264,-0.073
15,233,0.229,0.303,-0.068
15,234,0.287,0.366,-0.061
15,235,0.214,0.286,-0.072
15,236,0.293,0.373,-0.061
15,237,0.209,0.28,-0.074
15,238,0.144,0.204,-0.086
15,239,0.294,0.374,-0.062
15,24,0.12,0.174,-0.049
15,240,0.352,0.435,-0.055
15,241,0.227,0.3,-0.073
15,242,0.359,0.441,-0.056
15,243,0.356,0.438,-0.056
15,244,0.222,0.294,-0.075
15,245,0.472,0.554,-0.045
15,246,0.43,0.513,-0.049
15,247,0.392,0.475,-0.054
15,248,0.341,0.423,-0.06
15,249,0.479,0.561,-0.045
15,25,0.152,0.213,-0.045
15,250,0.476,0.558,-0.046
15,251,0.55,0.628,-0.039
15,26,0.173,0.239,-0.043
15,27,0.039,0.067,-0.065
15,28,0.151,0.213,-0.045
15,29,0.138,0.197,-0.047
15,30,0.156,0.219,-0.044
15,31,0.275,0.353,-0.034
15,32,0.307,0.388,-0.032
15,33,0.164,0.227,-0.044
15,34,0.126,0.181,-0.048
15,35,0.214,0.285,-0.039
15,36,0.178,0.244,-0.042
15,37,0.247,0.322,-0.036
15,38,0.279,0.357,-0.034
15,39,0.215,0.286,-0.039
15,40,0.197,0.266,-0.041
15,41,0.443,0.526,-0.024
15,42,0.315,0.396,-0.032
15,43,0.213,0.285,-0.039
15,44,0.146,0.207,-0.046
15,45,0.311,0.391,-0.032
15,46,0.34,0.422,-0.03
15,47,0.285,0.364,-0.034
15,48,0.128,0.184,-0.049
15,49,0.134,0.192,-0.048
15,50,0.134,0.192,-0.048
15,51,0.174,0.239,-0.044
15,52,0.284,0.362,-0.035
15,53,0.182,0.248,-0.044
15,54,0.172,0.237,-0.044
15,55,0.122,0.176,-0.051
15,56,0.196,0.264,-0.042
15,57,0.226,0.299,-0.04
15,58,0.344,0.426,-0.031
15,59,0.154,0.215,-0.047
15,6,0.013,0.025,-0.084
15,60,0.094,0.141,-0.055
15,61,0.409,0.493,-0.027
15,62,0.521,0.601,-0.021
15,63,0.24,0.314,-0.039
15,64,0.569,0.645,-0.019
15,65,0.265,0.342,-0.037
15,66,0.28,0.358,-0.036
15,67,0.393,0.477,-0.029
15,68,0.453,0.535,-0.025
15,69,0.377,0.46,-0.03
15,7,0.006,0.013,-0.092
15,70,0.512,0.593,-0.022
15,71,0.345,0.427,-0.032
15,72,0.359,0.441,-0.032
15,73,0.336,0.418,-0.033
15,74,0.584,0.659,-0.019
15,75,0.413,0.497,-0.028
15,76,0.39,0.473,-0.03
15,77,0.514,0.594,-0.023
15,78,0.542,0.621,-0.021
15,79,0.495,0.576,-0.024
15,8,0.011,0.022,-0.084
15,80,0.398,0.481,-0.03
15,81,0.282,0.36,-0.038
15,82,0.403,0.486,-0.03
15,83,0.396,0.479,-0.03
15,84,0.458,0.541,-0.026
15,85,0.496,0.577,-0.024
15,86,0.578,0.654,-0.02
15,87,0.352,0.434,-0.033
15,88,0.223,0.296,-0.044
15,89,0.208,0.279,-0.045
15,9,0.019,0.036,-0.077
15,90,0.272,0.349,-0.04
15,91,0.29,0.369,-0.038
15,92,0.241,0.315,-0.043
15,93,0.199,0.269,-0.047
15,94,0.121,0.175,-0.057
15,95,0.223,0.296,-0.045
15,96,0.177,0.243,-0.05
15,97,0.121,0.175,-0.057
15,98,0.091,0.137,-0.063
15,99,0.109,0.16,-0.059
16,10,0.045,0.075,-0.066
16,100,0.16,0.222,-0.053
16,101,0.232,0.305,-0.045
16,102,0.162,0.225,-0.053
16,103,0.175,0.241,-0.051
16,104,0.124,0.179,-0.058
16,105,0.159,0.222,-0.053
16,106,0.235,0.309,-0.045
16,107,0.187,0.254,-0.05
16,108,0.225,0.298,-0.046
16,109,0.14,0.199,-0.057
16,11,0.106,0.156,-0.052
16,110,0.207,0.278,-0.048
16,111,0.17,0.234,-0.053
16,112,0.35,0.432,-0.036
16,113,0.206,0.276,-0.049
16,114,0.151,0.212,-0.056
16,115,0.235,0.309,-0.046
16,116,0.176,0.241,-0.053
16,117,0.258,0.335,-0.044
16,118,0.203,0.273,-0.05
16,119,0.342,0.424,-0.037
16,12,0.12,0.174,-0.05
16,120,0.204,0.274,-0.05
16,121,0.223,0.296,-0.048
16,122,0.215,0.287,-0.049
16,123,0.222,0.294,-0.048
16,124,0.189,0.257,-0.052
16,125,0.175,0.24,-0.054
16,126,0.189,0.257,-0.052
16,127,0.208,0.279,-0.05
16,128,0.167,0.231,-0.055
16,129,0.213,0.284,-0.05
16,13,0.053,0.087,-0.062
16,130,0.222,0.294,-0.049
16,131,0.258,0.334,-0.045
16,132,0.337,0.418,-0.038
16,133,0.202,0.272,-0.051
16,134,0.292,0.371,-0.042
16,135,0.298,0.377,-0.042
16,136,0.322,0.403,-0.04
16,137,0.249,0.325,-0.046
16,138,0.328,0.409,-0.039
16,139,0.343,0.425,-0.038
16,14,0.087,0.132,-0.054
16,140,0.321,0.402,-0.04
16,141,0.296,0.375,-0.042
16,142,0.319,0.4,-0.04
16,143,0.29,0.369,-0.043
16,144,0.238,0.312,-0.048
16,145,0.3,0.38,-0.042
16,146,0.325,0.406,-0.04
16,147,0.307,0.388,-0.041
16,148,0.291,0.37,-0.043
16,149,0.348,0.43,-0.038
16,15,0.186,0.253,-0.042
16,150,0.42,0.503,-0.033
16,151,0.306,0.386,-0.041
16,152,0.392,0.475,-0.034
16,153,0.521,0.601,-0.026
16,154,0.46,0.543,-0.03
16,155,0.216,0.287,-0.05
16,156,0.368,0.45,-0.036
16,157,0.324,0.406,-0.04
16,158,0.313,0.394,-0.041
16,159,0.228,0.301,-0.049
16,16,0.105,0.155,-0.051
16,160,0.241,0.316,-0.047
16,161,0.346,0.428,-0.038
16,162,0.3,0.38,-0.042
16,163,0.32,0.401,-0.04
16,164,0.435,0.518,-0.032
16,165,0.589,0.663,-0.022
16,166,0.485,0.567,-0.028
16,167,0.329,0.411,-0.039
16,168,0.225,0.297,-0.049
16,169,0.288,0.367,-0.043
16,17,0.163,0.227,-0.044
16,170,0.288,0.366,-0.043
16,171,0.273,0.35,-0.045
16,172,0.294,0.373,-0.043
16,173,0.333,0.415,-0.039
16,174,0.213,0.284,-0.051
16,175,0.232,0.305,-0.049
16,176,0.308,0.388,-0.042
16,177,0.279,0.358,-0.044
16,178,0.226,0.299,-0.05
16,179,0.193,0.261,-0.053
16,18,0.182,0.248,-0.042
16,180,0.227,0.3,-0.05
16,181,0.246,0.321,-0.048
16,182,0.19,0.257,-0.054
16,183,0.18,0.246,-0.055
16,184,0.214,0.285,-0.051
16,185,0.229,0.302,-0.05
16,186,0.238,0.312,-0.049
16,187,0.41,0.493,-0.034
16,188,0.376,0.459,-0.037
16,189,0.322,0.403,-0.041
16,19,0.111,0.163,-0.05
16,190,0.392,0.475,-0.036
16,191,0.414,0.497,-0.034
16,192,0.371,0.454,-0.038
16,193,0.486,0.567,-0.029
16,194,0.31,0.391,-0.043
16,195,0.364,0.447,-0.039
16,196,0.501,0.582,-0.029
16,197,0.376,0.459,-0.038
16,198,0.252,0.328,-0.05
16,199,0.271,0.349,-0.048
16,20,0.135,0.192,-0.047
16,200,0.305,0.385,-0.045
16,201,0.365,0.448,-0.04
16,202,0.281,0.359,-0.048
16,203,0.234,0.308,-0.053
16,204,0.255,0.331,-0.051
16,205,0.331,0.413,-0.044
16,206,0.228,0.301,-0.055
16,207,0.272,0.349,-0.05
16,208,0.214,0.285,-0.057
16,209,0.172,0.237,-0.064
16,21,0.074,0.115,-0.056
16,210,0.264,0.341,-0.052
16,211,0.29,0.369,-0.05
16,212,0.295,0.375,-0.05
16,213,0.124,0.179,-0.074
16,214,0.159,0.222,-0.068
16,215,0.205,0.275,-0.062
16,216,0.15,0.211,-0.071
16,217,0.282,0.361,-0.053
16,218,0.314,0.394,-0.05
16,219,0.239,0.313,-0.059
16,22,0.209,0.279,-0.04
16,220,0.174,0.239,-0.069
16,221,0.102,0.151,-0.084
16,222,0.127,0.183,-0.079
16,223,0.217,0.289,-0.064
16,224,0.168,0.232,-0.073
16,225,0.123,0.178,-0.082
16,226,0.148,0.208,-0.077
16,227,0.127,0.182,-0.082
16,228,0.136,0.193,-0.081
16,229,0.129,0.185,-0.084
16,23,0.289,0.368,-0.033
16,230,0.118,0.171,-0.087
16,231,0.151,0.211,-0.08
16,232,0.106,0.156,-0.091
16,233,0.176,0.242,-0.076
16,234,0.176,0.242,-0.077
16,235,0.111,0.163,-0.092
16,236,0.177,0.243,-0.078
16,237,0.26,0.337,-0.066
16,238,0.2,0.27,-0.075
16,239,0.249,0.324,-0.068
16,24,0.143,0.202,-0.046
16,240,0.259,0.336,-0.067
16,241,0.208,0.278,-0.076
16,242,0.217,0.289,-0.075
16,243,0.319,0.4,-0.061
16,244,0.443,0.526,-0.047
16,245,0.324,0.405,-0.061
16,246,0.326,0.407,-0.061
16,247,0.498,0.58,-0.043
16,248,0.48,0.562,-0.045
16,249,0.41,0.493,-0.053
16,25,0.201,0.27,-0.04
16,250,0.61,0.682,-0.033
16,251,0.696,0.758,-0.025
16,26,0.135,0.193,-0.047
16,27,0.239,0.313,-0.037
16,28,0.12,0.174,-0.049
16,29,0.33,0.411,-0.03
16,30,0.144,0.204,-0.046
16,31,0.089,0.134,-0.053
16,32,0.343,0.425,-0.03
16,33,0.199,0.268,-0.04
16,34,0.176,0.241,-0.043
16,35,0.212,0.283,-0.039
16,36,0.223,0.295,-0.038
16,37,0.143,0.203,-0.046
16,38,0.271,0.349,-0.035
16,39,0.371,0.454,-0.028
16,40,0.169,0.234,-0.044
16,41,0.316,0.397,-0.032
16,42,0.225,0.298,-0.039
16,43,0.399,0.482,-0.027
16,44,0.339,0.421,-0.03
16,45,0.338,0.419,-0.031
16,46,0.358,0.441,-0.029
16,47,0.298,0.377,-0.033
16,48,0.252,0.328,-0.037
16,49,0.234,0.308,-0.038
16,50,0.11,0.162,-0.051
16,51,0.226,0.299,-0.039
16,52,0.167,0.231,-0.045
16,53,0.296,0.376,-0.034
16,54,0.285,0.364,-0.035
16,55,0.183,0.25,-0.043
16,56,0.076,0.118,-0.058
16,57,0.138,0.196,-0.048
16,58,0.26,0.336,-0.037
16,59,0.157,0.219,-0.047
16,6,0.177,0.243,-0.046
16,60,0.153,0.215,-0.047
16,61,0.329,0.41,-0.032
16,62,0.402,0.486,-0.028
16,63,0.206,0.277,-0.042
16,64,0.196,0.265,-0.043
16,65,0.192,0.261,-0.044
16,66,0.312,0.392,-0.034
16,67,0.153,0.214,-0.048
16,68,0.197,0.266,-0.044
16,69,0.241,0.316,-0.04
16,7,0.134,0.191,-0.05
16,70,0.267,0.344,-0.038
16,71,0.212,0.283,-0.043
16,72,0.225,0.298,-0.042
16,73,0.199,0.268,-0.044
16,74,0.322,0.403,-0.034
16,75,0.216,0.288,-0.043
16,76,0.207,0.277,-0.044
16,77,0.232,0.306,-0.042
16,78,0.125,0.181,-0.053
16,79,0.1,0.149,-0.058
16,8,0.074,0.115,-0.059
16,80,0.192,0.261,-0.046
16,81,0.125,0.18,-0.054
16,82,0.268,0.345,-0.039
16,83,0.221,0.293,-0.044
16,84,0.127,0.183,-0.054
16,85,0.198,0.268,-0.046
16,86,0.191,0.26,-0.047
16,87,0.248,0.323,-0.041
16,88,0.103,0.153,-0.059
16,89,0.119,0.172,-0.056
16,9,0.134,0.191,-0.049
16,90,0.139,0.198,-0.054
16,91,0.119,0.172,-0.057
16,92,0.125,0.181,-0.056
16,93,0.133,0.191,-0.055
16,94,0.15,0.211,-0.053
16,95,0.221,0.294,-0.045
16,96,0.174,0.239,-0.05
16,97,0.188,0.255,-0.049
16,98,0.174,0.24,-0.051
16,99,0.104,0.154,-0.061
17,10,0.07,0.11,-0.058
17,100,0.402,0.486,-0.031
17,101,0.186,0.253,-0.05
17,102,0.219,0.291,-0.046
17,103,0.307,0.387,-0.039
17,104,0.217,0.289,-0.047
17,105,0.178,0.244,-0.051
17,106,0.171,0.235,-0.052
17,107,0.289,0.367,-0.041
17,108,0.308,0.389,-0.039
17,109,0.262,0.339,-0.043
17,11,0.334,0.416,-0.031
17,110,0.26,0.337,-0.044
17,111,0.256,0.333,-0.044
17,112,0.203,0.273,-0.05
17,113,0.324,0.405,-0.038
17,114,0.503,0.584,-0.026
17,115,0.5,0.581,-0.026
17,116,0.4,0.483,-0.033
17,117,0.427,0.511,-0.031
17,118,0.562,0.639,-0.023
17,119,0.556,0.634,-0.023
17,12,0.157,0.219,-0.045
17,120,0.395,0.479,-0.034
17,121,0.301,0.381,-0.041
17,122,0.335,0.416,-0.038
17,123,0.341,0.423,-0.038
17,124,0.384,0.467,-0.034
17,125,0.289,0.367,-0.042
17,126,0.27,0.348,-0.044
17,127,0.402,0.485,-0.033
17,128,0.377,0.46,-0.035
17,129,0.473,0.556,-0.029
17,13,0.239,0.313,-0.037
17,130,0.515,0.595,-0.026
17,131,0.575,0.651,-0.022
17,132,0.556,0.634,-0.024
17,133,0.626,0.697,-0.02
17,134,0.64,0.709,-0.019
17,135,0.684,0.748,-0.016
17,136,0.564,0.641,-0.023
17,137,0.499,0.58,-0.027
17,138,0.311,0.392,-0.041
17,139,0.371,0.454,-0.036
17,14,0.144,0.204,-0.046
17,140,0.439,0.522,-0.031
17,141,0.407,0.491,-0.033
17,142,0.299,0.379,-0.042
17,143,0.311,0.392,-0.041
17,144,0.381,0.464,-0.035
17,145,0.325,0.407,-0.04
17,146,0.194,0.263,-0.053
17,147,0.252,0.328,-0.046
17,148,0.308,0.388,-0.041
17,149,0.287,0.366,-0.043
17,15,0.087,0.132,-0.054
17,150,0.299,0.379,-0.042
17,151,0.262,0.339,-0.046
17,152,0.317,0.397,-0.041
17,153,0.397,0.48,-0.034
17,154,0.241,0.316,-0.047
17,155,0.305,0.385,-0.042
17,156,0.147,0.208,-0.059
17,157,0.15,0.211,-0.059
17,158,0.233,0.307,-0.048
17,159,0.185,0.252,-0.054
17,16,0.241,0.316,-0.037
17,160,0.236,0.31,-0.048
17,161,0.224,0.297,-0.049
17,162,0.244,0.319,-0.047
17,163,0.12,0.174,-0.063
17,164,0.184,0.251,-0.054
17,165,0.155,0.217,-0.058
17,166,0.14,0.198,-0.06
17,167,0.181,0.248,-0.054
17,168,0.163,0.226,-0.057
17,169,0.136,0.194,-0.061
17,17,0.192,0.261,-0.041
17,170,0.219,0.291,-0.05
17,171,0.288,0.367,-0.043
17,172,0.222,0.295,-0.05
17,173,0.253,0.329,-0.046
17,174,0.346,0.428,-0.038
17,175,0.21,0.281,-0.051
17,176,0.191,0.259,-0.053
17,177,0.201,0.271,-0.052
17,178,0.23,0.303,-0.049
17,179,0.32,0.401,-0.041
17,18,0.293,0.372,-0.033
17,180,0.298,0.377,-0.043
17,181,0.244,0.319,-0.048
17,182,0.17,0.235,-0.056
17,183,0.371,0.454,-0.037
17,184,0.287,0.366,-0.044
17,185,0.176,0.242,-0.056
17,186,0.273,0.351,-0.045
17,187,0.169,0.233,-0.057
17,188,0.301,0.381,-0.043
17,189,0.308,0.389,-0.042
17,19,0.179,0.246,-0.042
17,190,0.207,0.277,-0.053
17,191,0.215,0.287,-0.052
17,192,0.301,0.381,-0.043
17,193,0.235,0.309,-0.05
17,194,0.248,0.324,-0.049
17,195,0.254,0.33,-0.048
17,196,0.225,0.298,-0.052
17,197,0.344,0.426,-0.04
17,198,0.51,0.591,-0.028
17,199,0.506,0.587,-0.029
17,20,0.124,0.179,-0.048
17,200,0.461,0.544,-0.032
17,201,0.591,0.665,-0.023
17,202,0.446,0.529,-0.033
17,203,0.379,0.462,-0.039
17,204,0.477,0.559,-0.032
17,205,0.356,0.438,-0.041
17,206,0.494,0.575,-0.031
17,207,0.377,0.46,-0.04
17,208,0.296,0.375,-0.048
17,209,0.386,0.469,-0.04
17,21,0.067,0.106,-0.057
17,210,0.405,0.489,-0.038
17,211,0.37,0.453,-0.042
17,212,0.417,0.501,-0.038
17,213,0.338,0.419,-0.045
17,214,0.27,0.347,-0.053
17,215,0.266,0.344,-0.053
17,216,0.354,0.436,-0.045
17,217,0.25,0.325,-0.056
17,218,0.253,0.329,-0.056
17,219,0.414,0.498,-0.041
17,22,0.071,0.112,-0.056
17,220,0.234,0.308,-0.06
17,221,0.274,0.352,-0.055
17,222,0.173,0.238,-0.07
17,223,0.265,0.342,-0.057
17,224,0.154,0.215,-0.074
17,225,0.162,0.225,-0.074
17,226,0.209,0.28,-0.067
17,227,0.165,0.229,-0.074
17,228,0.152,0.213,-0.077
17,229,0.232,0.305,-0.065
17,23,0.173,0.238,-0.043
17,230,0.119,0.173,-0.086
17,231,0.121,0.176,-0.086
17,232,0.143,0.202,-0.082
17,233,0.177,0.243,-0.076
17,234,0.243,0.318,-0.066
17,235,0.21,0.281,-0.072
17,236,0.223,0.295,-0.07
17,237,0.202,0.272,-0.074
17,238,0.146,0.205,-0.086
17,239,0.266,0.343,-0.066
17,24,0.083,0.127,-0.054
17,240,0.313,0.394,-0.06
17,241,0.394,0.477,-0.051
17,242,0.419,0.502,-0.049
17,243,0.451,0.533,-0.046
17,244,0.496,0.577,-0.042
17,245,0.522,0.602,-0.04
17,246,0.416,0.499,-0.051
17,247,0.493,0.575,-0.043
17,248,0.551,0.629,-0.038
17,249,0.487,0.569,-0.045
17,25,0.179,0.245,-0.042
17,250,0.629,0.699,-0.031
17,251,0.57,0.646,-0.037
17,26,0.041,0.069,-0.064
17,27,0.161,0.223,-0.044
17,28,0.108,0.159,-0.05
17,29,0.063,0.101,-0.058
17,30,0.024,0.044,-0.071
17,31,0.052,0.085,-0.061
17,32,0.104,0.154,-0.051
17,33,0.031,0.055,-0.067
17,34,0.108,0.16,-0.05
17,35,0.041,0.07,-0.064
17,36,0.127,0.183,-0.048
17,37,0.058,0.093,-0.06
17,38,0.027,0.048,-0.07
17,39,0.145,0.205,-0.046
17,40,0.061,0.098,-0.059
17,41,0.069,0.109,-0.058
17,42,0.073,0.113,-0.057
17,43,0.153,0.215,-0.045
17,44,0.082,0.125,-0.055
17,45,0.167,0.231,-0.044
17,46,0.218,0.29,-0.039
17,47,0.09,0.136,-0.054
17,48,0.121,0.175,-0.05
17,49,0.135,0.193,-0.048
17,50,0.169,0.233,-0.044
17,51,0.18,0.246,-0.044
17,52,0.074,0.115,-0.058
17,53,0.179,0.245,-0.044
17,54,0.115,0.168,-0.051
17,55,0.175,0.24,-0.045
17,56,0.105,0.155,-0.053
17,57,0.176,0.242,-0.045
17,58,0.15,0.211,-0.048
17,59,0.178,0.244,-0.044
17,6,0.217,0.289,-0.041
17,60,0.249,0.324,-0.038
17,61,0.204,0.274,-0.042
17,62,0.116,0.169,-0.052
17,63,0.233,0.307,-0.04
17,64,0.242,0.317,-0.039
17,65,0.299,0.379,-0.035
17,66,0.233,0.306,-0.04
17,67,0.433,0.517,-0.026
17,68,0.214,0.286,-0.042
17,69,0.197,0.266,-0.044
17,7,0.12,0.174,-0.051
17,70,0.253,0.329,-0.039
17,71,0.208,0.279,-0.043
17,72,0.291,0.371,-0.036
17,73,0.15,0.211,-0.05
17,74,0.348,0.43,-0.033
17,75,0.254,0.33,-0.04
17,76,0.256,0.332,-0.04
17,77,0.374,0.457,-0.031
17,78,0.234,0.308,-0.042
17,79,0.243,0.318,-0.041
17,8,0.092,0.139,-0.055
17,80,0.174,0.239,-0.048
17,81,0.431,0.514,-0.028
17,82,0.515,0.595,-0.023
17,83,0.291,0.371,-0.038
17,84,0.298,0.378,-0.037
17,85,0.354,0.436,-0.033
17,86,0.524,0.604,-0.023
17,87,0.542,0.621,-0.022
17,88,0.341,0.423,-0.035
17,89,0.25,0.325,-0.042
17,9,0.144,0.204,-0.047
17,90,0.21,0.281,-0.045
17,91,0.32,0.401,-0.036
17,92,0.304,0.384,-0.038
17,93,0.211,0.282,-0.046
17,94,0.322,0.403,-0.037
17,95,0.216,0.287,-0.046
17,96,0.38,0.463,-0.033
17,97,0.239,0.314,-0.044
17,98,0.266,0.343,-0.042
17,99,0.351,0.433,-0.035
18,10,0.01,0.021,-0.084
18,100,0.139,0.197,-0.056
18,101,0.18,0.246,-0.051
18,102,0.102,0.151,-0.062
18,103,0.065,0.103,-0.071
18,104,0.082,0.125,-0.067
18,105,0.147,0.207,-0.056
18,106,0.155,0.217,-0.055
18,107,0.069,0.109,-0.07
18,108,0.116,0.17,-0.061
18,109,0.172,0.237,-0.053
18,11,0.095,0.143,-0.054
18,110,0.12,0.174,-0.061
18,111,0.081,0.124,-0.068
18,112,0.073,0.114,-0.07
18,113,0.098,0.146,-0.065
18,114,0.097,0.145,-0.065
18,115,0.097,0.146,-0.065
18,116,0.123,0.178,-0.061
18,117,0.115,0.168,-0.063
18,118,0.22,0.292,-0.049
18,119,0.283,0.361,-0.043
18,12,0.042,0.071,-0.066
18,120,0.264,0.341,-0.044
18,121,0.205,0.276,-0.05
18,122,0.187,0.255,-0.053
18,123,0.261,0.338,-0.045
18,124,0.355,0.437,-0.037
18,125,0.374,0.457,-0.036
18,126,0.376,0.459,-0.036
18,127,0.325,0.406,-0.04
18,128,0.282,0.361,-0.043
18,129,0.21,0.28,-0.051
18,13,0.025,0.046,-0.072
18,130,0.224,0.296,-0.049
18,131,0.245,0.32,-0.047
18,132,0.377,0.46,-0.036
18,133,0.287,0.366,-0.043
18,134,0.251,0.327,-0.046
18,135,0.335,0.417,-0.039
18,136,0.429,0.512,-0.032
18,137,0.423,0.506,-0.033
18,138,0.263,0.339,-0.045
18,139,0.441,0.524,-0.031
18,14,0.024,0.044,-0.072
18,140,0.433,0.516,-0.032
18,141,0.422,0.505,-0.033
18,142,0.304,0.384,-0.042
18,143,0.208,0.278,-0.051
18,144,0.226,0.299,-0.049
18,145,0.453,0.536,-0.031
18,146,0.314,0.394,-0.041
18,147,0.349,0.431,-0.038
18,148,0.308,0.388,-0.042
18,149,0.245,0.32,-0.048
18,15,0.075,0.117,-0.056
18,150,0.221,0.294,-0.05
18,151,0.197,0.266,-0.053
18,152,0.239,0.314,-0.048
18,153,0.206,0.277,-0.052
18,154,0.287,0.366,-0.044
18,155,0.226,0.298,-0.05
18,156,0.225,0.297,-0.05
18,157,0.231,0.305,-0.049
18,158,0.198,0.267,-0.053
18,159,0.12,0.175,-0.064
18,16,0.062,0.099,-0.059
18,160,0.163,0.226,-0.057
18,161,0.144,0.204,-0.06
18,162,0.249,0.325,-0.047
18,163,0.183,0.25,-0.054
18,164,0.287,0.365,-0.044
18,165,0.28,0.358,-0.044
18,166,0.243,0.318,-0.048
18,167,0.243,0.318,-0.048
18,168,0.229,0.302,-0.049
18,169,0.124,0.179,-0.063
18,17,0.107,0.158,-0.051
18,170,0.213,0.284,-0.051
18,171,0.214,0.285,-0.051
18,172,0.108,0.159,-0.066
18,173,0.097,0.145,-0.068
18,174,0.093,0.141,-0.069
18,175,0.101,0.151,-0.067
18,176,0.075,0.117,-0.073
18,177,0.12,0.174,-0.064
18,178,0.135,0.193,-0.061
18,179,0.137,0.194,-0.061
18,18,0.068,0.107,-0.058
18,180,0.15,0.211,-0.059
18,181,0.164,0.228,-0.057
18,182,0.138,0.197,-0.061
18,183,0.102,0.152,-0.067
18,184,0.169,0.234,-0.057
18,185,0.139,0.198,-0.061
18,186,0.129,0.185,-0.063
18,187,0.144,0.203,-0.061
18,188,0.213,0.284,-0.052
18,189,0.238,0.313,-0.049
18,19,0.077,0.118,-0.056
18,190,0.27,0.347,-0.046
18,191,0.233,0.307,-0.05
18,192,0.347,0.429,-0.039
18,193,0.268,0.345,-0.046
18,194,0.283,0.362,-0.045
18,195,0.281,0.36,-0.045
18,196,0.342,0.424,-0.04
18,197,0.337,0.419,-0.041
18,198,0.373,0.456,-0.038
18,199,0.36,0.442,-0.039
18,20,0.067,0.105,-0.058
18,200,0.281,0.36,-0.046
18,201,0.27,0.348,-0.048
18,202,0.283,0.362,-0.046
18,203,0.26,0.336,-0.049
18,204,0.203,0.273,-0.056
18,205,0.258,0.334,-0.05
18,206,0.197,0.266,-0.057
18,207,0.247,0.322,-0.052
18,208,0.193,0.261,-0.059
18,209,0.135,0.193,-0.068
18,21,0.107,0.157,-0.051
18,210,0.12,0.174,-0.071
18,211,0.188,0.256,-0.061
18,212,0.237,0.311,-0.055
18,213,0.143,0.202,-0.069
18,214,0.153,0.214,-0.068
18,215,0.13,0.187,-0.072
18,216,0.176,0.242,-0.065
18,217,0.206,0.276,-0.061
18,218,0.185,0.252,-0.065
18,219,0.169,0.234,-0.068
18,22,0.1,0.149,-0.052
18,220,0.188,0.256,-0.065
18,221,0.13,0.186,-0.076
18,222,0.12,0.174,-0.078
18,223,0.135,0.193,-0.076
18,224,0.156,0.218,-0.073
18,225,0.163,0.226,-0.072
18,226,0.211,0.282,-0.066
18,227,0.162,0.226,-0.074
18,228,0.107,0.158,-0.086
18,229,0.157,0.219,-0.076
18,23,0.044,0.074,-0.063
18,230,0.095,0.142,-0.091
18,231,0.09,0.136,-0.093
18,232,0.118,0.172,-0.087
18,233,0.127,0.182,-0.085
18,234,0.107,0.158,-0.091
18,235,0.137,0.195,-0.085
18,236,0.153,0.215,-0.082
18,237,0.178,0.244,-0.078
18,238,0.241,0.316,-0.068
18,239,0.14,0.199,-0.087
18,24,0.046,0.077,-0.063
18,240,0.132,0.189,-0.089
18,241,0.096,0.144,-0.1
18,242,0.217,0.289,-0.075
18,243,0.229,0.302,-0.073
18,244,0.178,0.244,-0.083
18,245,0.185,0.252,-0.082
18,246,0.284,0.362,-0.067
18,247,0.234,0.308,-0.075
18,248,0.271,0.349,-0.07
18,249,0.253,0.329,-0.073
18,25,0.084,0.128,-0.054
18,250,0.326,0.407,-0.064
18,251,0.387,0.47,-0.057
18,26,0.043,0.073,-0.063
18,27,0.157,0.219,-0.044
18,28,0.04,0.068,-0.064
18,29,0.046,0.076,-0.063
18,30,0.094,0.141,-0.053
18,31,0.088,0.133,-0.054
18,32,0.1,0.149,-0.052
18,33,0.095,0.143,-0.052
18,34,0.13,0.187,-0.048
18,35,0.159,0.221,-0.044
18,36,0.146,0.205,-0.046
18,37,0.05,0.082,-0.062
18,38,0.17,0.235,-0.044
18,39,0.137,0.196,-0.047
18,40,0.119,0.173,-0.05
18,41,0.239,0.313,-0.038
18,42,0.202,0.272,-0.041
18,43,0.228,0.301,-0.039
18,44,0.115,0.167,-0.051
18,45,0.116,0.169,-0.051
18,46,0.26,0.337,-0.036
18,47,0.346,0.428,-0.03
18,48,0.122,0.176,-0.05
18,49,0.158,0.221,-0.046
18,50,0.197,0.266,-0.042
18,51,0.246,0.322,-0.038
18,52,0.36,0.442,-0.03
18,53,0.155,0.217,-0.047
18,54,0.074,0.115,-0.059
18,55,0.129,0.186,-0.05
18,56,0.095,0.143,-0.055
18,57,0.103,0.153,-0.054
18,58,0.11,0.162,-0.053
18,59,0.108,0.159,-0.053
18,6,0.079,0.121,-0.059
18,60,0.058,0.093,-0.063
18,61,0.088,0.134,-0.057
18,62,0.021,0.039,-0.077
18,63,0.113,0.166,-0.053
18,64,0.129,0.186,-0.051
18,65,0.12,0.174,-0.053
18,66,0.047,0.079,-0.067
18,67,0.058,0.094,-0.064
18,68,0.064,0.102,-0.063
18,69,0.08,0.123,-0.06
18,7,0.039,0.067,-0.069
18,70,0.073,0.113,-0.062
18,71,0.2,0.269,-0.044
18,72,0.137,0.195,-0.052
18,73,0.184,0.25,-0.046
18,74,0.041,0.069,-0.071
18,75,0.085,0.129,-0.06
18,76,0.097,0.145,-0.058
18,77,0.153,0.214,-0.05
18,78,0.075,0.116,-0.063
18,79,0.17,0.235,-0.049
18,8,0.061,0.098,-0.062
18,80,0.129,0.185,-0.054
18,81,0.101,0.15,-0.058
18,82,0.163,0.226,-0.05
18,83,0.258,0.335,-0.04
18,84,0.211,0.282,-0.045
18,85,0.094,0.141,-0.06
18,86,0.115,0.167,-0.057
18,87,0.283,0.361,-0.039
18,88,0.396,0.479,-0.031
18,89,0.145,0.205,-0.053
18,9,0.035,0.06,-0.07
18,90,0.177,0.243,-0.049
18,91,0.106,0.156,-0.059
18,92,0.118,0.172,-0.058
18,93,0.205,0.276,-0.047
18,94,0.115,0.167,-0.059
18,95,0.143,0.202,-0.055
18,96,0.094,0.141,-0.063
18,97,0.108,0.159,-0.06
18,98,0.102,0.151,-0.061
18,99,0.108,0.159,-0.061
19,10,0.168,0.233,-0.045
19,100,0.165,0.229,-0.053
19,101,0.165,0.228,-0.053
19,102,0.199,0.268,-0.049
19,103,0.225,0.298,-0.047
19,104,0.178,0.244,-0.052
19,105,0.088,0.134,-0.066
19,106,0.108,0.16,-0.062
19,107,0.198,0.267,-0.05
19,108,0.191,0.259,-0.051
19,109,0.104,0.154,-0.064
19,11,0.122,0.177,-0.05
19,110,0.11,0.162,-0.063
19,111,0.086,0.131,-0.068
19,112,0.139,0.198,-0.058
19,113,0.116,0.169,-0.062
19,114,0.156,0.218,-0.056
19,115,0.216,0.288,-0.049
19,116,0.246,0.321,-0.046
19,117,0.23,0.303,-0.048
19,118,0.187,0.254,-0.053
19,119,0.23,0.303,-0.048
19,12,0.07,0.109,-0.058
19,120,0.375,0.458,-0.036
19,121,0.274,0.351,-0.044
19,122,0.2,0.269,-0.052
19,123,0.159,0.221,-0.057
19,124,0.2,0.269,-0.052
19,125,0.198,0.267,-0.052
19,126,0.216,0.288,-0.05
19,127,0.351,0.433,-0.038
19,128,0.173,0.239,-0.056
19,129,0.223,0.295,-0.05
19,13,0.155,0.217,-0.045
19,130,0.151,0.212,-0.059
19,131,0.223,0.295,-0.05
19,132,0.308,0.388,-0.042
19,133,0.241,0.315,-0.048
19,134,0.226,0.299,-0.05
19,135,0.188,0.255,-0.054
19,136,0.152,0.213,-0.059
19,137,0.225,0.298,-0.05
19,138,0.279,0.357,-0.044
19,139,0.311,0.391,-0.042
19,14,0.053,0.086,-0.061
19,140,0.313,0.394,-0.041
19,141,0.354,0.436,-0.038
19,142,0.28,0.358,-0.044
19,143,0.298,0.378,-0.043
19,144,0.474,0.557,-0.029
19,145,0.364,0.446,-0.037
19,146,0.272,0.35,-0.045
19,147,0.226,0.299,-0.05
19,148,0.24,0.315,-0.048
19,149,0.398,0.481,-0.035
19,15,0.038,0.065,-0.065
19,150,0.274,0.352,-0.045
19,151,0.18,0.246,-0.055
19,152,0.155,0.217,-0.059
19,153,0.169,0.234,-0.057
19,154,0.333,0.414,-0.04
19,155,0.217,0.289,-0.051
19,156,0.226,0.299,-0.05
19,157,0.255,0.331,-0.047
19,158,0.257,0.334,-0.047
19,159,0.221,0.293,-0.05
19,16,0.108,0.159,-0.051
19,160,0.317,0.398,-0.041
19,161,0.331,0.412,-0.04
19,162,0.246,0.321,-0.048
19,163,0.162,0.225,-0.058
19,164,0.191,0.259,-0.054
19,165,0.303,0.383,-0.042
19,166,0.163,0.227,-0.057
19,167,0.224,0.297,-0.05
19,168,0.226,0.299,-0.05
19,169,0.179,0.245,-0.055
19,17,0.084,0.128,-0.054
19,170,0.233,0.307,-0.049
19,171,0.321,0.402,-0.041
19,172,0.38,0.463,-0.036
19,173,0.262,0.339,-0.046
19,174,0.228,0.301,-0.049
19,175,0.299,0.379,-0.043
19,176,0.298,0.378,-0.043
19,177,0.284,0.362,-0.044
19,178,0.162,0.226,-0.057
19,179,0.249,0.324,-0.048
19,18,0.035,0.061,-0.066
19,180,0.187,0.255,-0.054
19,181,0.157,0.219,-0.058
19,182,0.285,0.363,-0.044
19,183,0.406,0.489,-0.034
19,184,0.292,0.371,-0.043
19,185,0.297,0.376,-0.043
19,186,0.338,0.419,-0.04
19,187,0.341,0.422,-0.04
19,188,0.519,0.599,-0.027
19,189,0.668,0.734,-0.018
19,19,0.137,0.194,-0.047
19,190,0.541,0.62,-0.025
19,191,0.458,0.541,-0.031
19,192,0.427,0.511,-0.033
19,193,0.51,0.591,-0.027
19,194,0.445,0.528,-0.032
19,195,0.488,0.569,-0.029
19,196,0.336,0.418,-0.041
19,197,0.419,0.502,-0.034
19,198,0.371,0.453,-0.038
19,199,0.239,0.314,-0.05
19,20,0.163,0.226,-0.044
19,200,0.25,0.325,-0.049
19,201,0.287,0.366,-0.046
19,202,0.372,0.455,-0.039
19,203,0.346,0.428,-0.041
19,204,0.175,0.241,-0.059
19,205,0.149,0.209,-0.063
19,206,0.142,0.202,-0.065
19,207,0.26,0.336,-0.05
19,208,0.162,0.225,-0.062
19,209,0.136,0.194,-0.067
19,21,0.137,0.195,-0.047
19,210,0.242,0.317,-0.053
19,211,0.204,0.274,-0.058
19,212,0.213,0.284,-0.057
19,213,0.177,0.243,-0.063
19,214,0.179,0.245,-0.063
19,215,0.207,0.277,-0.059
19,216,0.244,0.319,-0.055
19,217,0.344,0.426,-0.045
19,218,0.194,0.262,-0.062
19,219,0.159,0.221,-0.068
19,22,0.108,0.16,-0.05
19,220,0.292,0.372,-0.051
19,221,0.13,0.186,-0.075
19,222,0.153,0.215,-0.071
19,223,0.175,0.241,-0.068
19,224,0.176,0.242,-0.069
19,225,0.203,0.273,-0.065
19,226,0.167,0.232,-0.071
19,227,0.203,0.273,-0.066
19,228,0.267,0.344,-0.059
19,229,0.202,0.272,-0.068
19,23,0.163,0.226,-0.044
19,230,0.162,0.225,-0.075
19,231,0.108,0.159,-0.087
19,232,0.198,0.267,-0.071
19,233,0.196,0.265,-0.072
19,234,0.193,0.261,-0.073
19,235,0.175,0.241,-0.077
19,236,0.16,0.223,-0.08
19,237,0.302,0.382,-0.06
19,238,0.24,0.314,-0.068
19,239,0.229,0.303,-0.071
19,24,0.225,0.298,-0.038
19,240,0.29,0.369,-0.063
19,241,0.243,0.318,-0.07
19,242,0.328,0.41,-0.059
19,243,0.295,0.375,-0.064
19,244,0.364,0.447,-0.056
19,245,0.271,0.349,-0.069
19,246,0.472,0.554,-0.045
19,247,0.45,0.532,-0.048
19,248,0.489,0.57,-0.044
19,249,0.482,0.564,-0.045
19,25,0.188,0.255,-0.041
19,250,0.551,0.629,-0.039
19,251,0.619,0.691,-0.033
19,26,0.273,0.35,-0.034
19,27,0.175,0.24,-0.042
19,28,0.132,0.189,-0.047
19,29,0.296,0.376,-0.033
19,30,0.169,0.233,-0.043
19,31,0.097,0.145,-0.052
19,32,0.123,0.178,-0.048
19,33,0.165,0.229,-0.044
19,34,0.065,0.103,-0.058
19,35,0.032,0.056,-0.068
19,36,0.242,0.317,-0.037
19,37,0.115,0.168,-0.05
19,38,0.163,0.227,-0.044
19,39,0.128,0.184,-0.048
19,40,0.102,0.152,-0.052
19,41,0.064,0.101,-0.059
19,42,0.145,0.205,-0.046
19,43,0.11,0.162,-0.051
19,44,0.172,0.237,-0.044
19,45,0.193,0.261,-0.042
19,46,0.161,0.223,-0.045
19,47,0.171,0.236,-0.044
19,48,0.153,0.214,-0.046
19,49,0.082,0.125,-0.056
19,50,0.087,0.132,-0.056
19,51,0.116,0.17,-0.051
19,52,0.14,0.199,-0.048
19,53,0.143,0.203,-0.048
19,54,0.269,0.346,-0.036
19,55,0.183,0.25,-0.044
19,56,0.167,0.231,-0.046
19,57,0.216,0.288,-0.041
19,58,0.123,0.178,-0.051
19,59,0.136,0.193,-0.05
19,6,0.151,0.212,-0.048
19,60,0.138,0.197,-0.049
19,61,0.168,0.232,-0.046
19,62,0.071,0.111,-0.061
19,63,0.158,0.22,-0.048
19,64,0.141,0.199,-0.05
19,65,0.2,0.269,-0.044
19,66,0.169,0.234,-0.047
19,67,0.193,0.261,-0.045
19,68,0.149,0.21,-0.049
19,69,0.12,0.174,-0.053
19,7,0.246,0.321,-0.039
19,70,0.305,0.385,-0.035
19,71,0.259,0.336,-0.039
19,72,0.188,0.256,-0.046
19,73,0.154,0.216,-0.05
19,74,0.134,0.191,-0.052
19,75,0.249,0.324,-0.041
19,76,0.19,0.258,-0.046
19,77,0.186,0.253,-0.047
19,78,0.187,0.254,-0.047
19,79,0.187,0.255,-0.047
19,8,0.214,0.285,-0.041
19,80,0.269,0.346,-0.04
19,81,0.303,0.383,-0.037
19,82,0.234,0.308,-0.043
19,83,0.152,0.213,-0.052
19,84,0.112,0.164,-0.057
19,85,0.084,0.128,-0.063
19,86,0.119,0.173,-0.057
19,87,0.208,0.278,-0.046
19,88,0.208,0.278,-0.046
19,89,0.242,0.317,-0.043
19,9,0.216,0.288,-0.04
19,90,0.22,0.292,-0.045
19,91,0.205,0.275,-0.047
19,92,0.109,0.16,-0.059
19,93,0.222,0.295,-0.045
19,94,0.258,0.335,-0.042
19,95,0.221,0.293,-0.046
19,96,0.264,0.341,-0.042
19,97,0.221,0.294,-0.046
19,98,0.21,0.281,-0.047
19,99,0.103,0.152,-0.062
2,10,0.058,0.094,-0.065
2,100,0.082,0.126,-0.063
2,101,0.149,0.21,-0.053
2,102,0.156,0.218,-0.052
2,103,0.164,0.228,-0.051
2,104,0.067,0.106,-0.067
2,105,0.088,0.134,-0.063
2,106,0.055,0.089,-0.071
2,107,0.054,0.088,-0.071
2,108,0.098,0.147,-0.062
2,109,0.057,0.093,-0.071
2,11,0.027,0.048,-0.075
2,110,0.048,0.079,-0.074
2,111,0.051,0.084,-0.073
2,112,0.049,0.08,-0.074
2,113,0.047,0.078,-0.075
2,114,0.044,0.074,-0.076
2,115,0.046,0.076,-0.076
2,116,0.118,0.172,-0.06
2,117,0.131,0.187,-0.058
2,118,0.102,0.151,-0.063
2,119,0.203,0.273,-0.049
2,12,0.022,0.04,-0.077
2,120,0.28,0.358,-0.042
2,121,0.244,0.319,-0.045
2,122,0.151,0.212,-0.055
2,123,0.294,0.373,-0.041
2,124,0.162,0.225,-0.054
2,125,0.13,0.187,-0.058
2,126,0.159,0.222,-0.055
2,127,0.262,0.339,-0.044
2,128,0.303,0.383,-0.04
2,129,0.288,0.367,-0.041
2,13,0.03,0.054,-0.072
2,130,0.243,0.317,-0.045
2,131,0.223,0.296,-0.047
2,132,0.208,0.279,-0.049
2,133,0.179,0.245,-0.053
2,134,0.293,0.372,-0.041
2,135,0.358,0.44,-0.036
2,136,0.408,0.491,-0.033
2,137,0.388,0.472,-0.034
2,138,0.376,0.459,-0.035
2,139,0.479,0.561,-0.028
2,14,0.017,0.032,-0.079
2,140,0.506,0.586,-0.027
2,141,0.425,0.508,-0.032
2,142,0.386,0.469,-0.035
2,143,0.344,0.426,-0.038
2,144,0.375,0.458,-0.036
2,145,0.243,0.318,-0.047
2,146,0.339,0.421,-0.039
2,147,0.236,0.31,-0.048
2,148,0.212,0.283,-0.051
2,149,0.258,0.334,-0.046
2,15,0.025,0.045,-0.074
2,150,0.202,0.271,-0.052
2,151,0.31,0.391,-0.041
2,152,0.348,0.43,-0.038
2,153,0.375,0.458,-0.036
2,154,0.321,0.402,-0.041
2,155,0.308,0.388,-0.042
2,156,0.297,0.377,-0.043
2,157,0.286,0.365,-0.044
2,158,0.403,0.486,-0.035
2,159,0.29,0.369,-0.044
2,16,0.045,0.075,-0.065
2,160,0.251,0.326,-0.048
2,161,0.31,0.39,-0.042
2,162,0.283,0.362,-0.045
2,163,0.373,0.456,-0.037
2,164,0.298,0.378,-0.044
2,165,0.34,0.422,-0.04
2,166,0.372,0.455,-0.038
2,167,0.362,0.445,-0.039
2,168,0.32,0.401,-0.043
2,169,0.195,0.264,-0.056
2,17,0.047,0.078,-0.065
2,170,0.267,0.344,-0.048
2,171,0.212,0.283,-0.054
2,172,0.248,0.323,-0.05
2,173,0.198,0.267,-0.056
2,174,0.117,0.17,-0.069
2,175,0.135,0.193,-0.066
2,176,0.175,0.24,-0.06
2,177,0.181,0.247,-0.059
2,178,0.138,0.196,-0.066
2,179,0.1,0.149,-0.074
2,18,0.019,0.036,-0.076
2,180,0.123,0.178,-0.069
2,181,0.177,0.242,-0.061
2,182,0.158,0.22,-0.064
2,183,0.153,0.214,-0.065
2,184,0.215,0.286,-0.057
2,185,0.23,0.304,-0.055
2,186,0.183,0.25,-0.062
2,187,0.303,0.383,-0.048
2,188,0.213,0.285,-0.059
2,189,0.138,0.196,-0.07
2,19,0.124,0.179,-0.05
2,190,0.151,0.212,-0.068
2,191,0.278,0.357,-0.052
2,192,0.21,0.281,-0.06
2,193,0.307,0.388,-0.05
2,194,0.294,0.373,-0.051
2,195,0.242,0.316,-0.057
2,196,0.336,0.417,-0.047
2,197,0.346,0.428,-0.047
2,198,0.384,0.467,-0.043
2,199,0.422,0.505,-0.04
2,20,0.026,0.047,-0.072
2,200,0.335,0.417,-0.049
2,201,0.51,0.59,-0.033
2,202,0.397,0.48,-0.043
2,203,0.408,0.491,-0.042
2,204,0.555,0.632,-0.03
2,205,0.524,0.604,-0.033
2,206,0.592,0.666,-0.028
2,207,0.359,0.441,-0.048
2,208,0.362,0.444,-0.048
2,209,0.458,0.541,-0.039
2,21,0.035,0.061,-0.068
2,210,0.366,0.449,-0.048
2,211,0.467,0.549,-0.038
2,212,0.368,0.451,-0.048
2,213,0.364,0.447,-0.048
2,214,0.328,0.41,-0.052
2,215,0.333,0.414,-0.052
2,216,0.352,0.435,-0.05
2,217,0.316,0.397,-0.054
2,218,0.439,0.522,-0.042
2,219,0.397,0.48,-0.046
2,22,0.059,0.095,-0.061
2,220,0.334,0.416,-0.053
2,221,0.355,0.438,-0.051
2,222,0.376,0.459,-0.049
2,223,0.383,0.466,-0.048
2,224,0.422,0.506,-0.044
2,225,0.32,0.401,-0.055
2,226,0.318,0.399,-0.056
2,227,0.319,0.4,-0.056
2,228,0.295,0.375,-0.059
2,229,0.342,0.424,-0.053
2,23,0.071,0.111,-0.058
2,230,0.374,0.456,-0.05
2,231,0.427,0.511,-0.045
2,232,0.407,0.49,-0.047
2,233,0.41,0.493,-0.047
2,234,0.406,0.49,-0.048
2,235,0.632,0.702,-0.027
2,236,0.517,0.597,-0.037
2,237,0.787,0.834,-0.016
2,238,0.594,0.668,-0.031
2,239,0.559,0.636,-0.034
2,24,0.098,0.146,-0.053
2,240,0.642,0.711,-0.027
2,241,0.526,0.606,-0.037
2,242,0.489,0.57,-0.041
2,243,0.542,0.62,-0.037
2,244,0.572,0.648,-0.034
2,245,0.502,0.583,-0.041
2,246,0.542,0.621,-0.037
2,247,0.621,0.693,-0.031
2,248,0.552,0.63,-0.037
2,249,0.501,0.582,-0.043
2,25,0.063,0.101,-0.059
2,250,0.512,0.593,-0.042
2,26,0.13,0.187,-0.048
2,27,0.073,0.114,-0.057
2,28,0.125,0.18,-0.049
2,29,0.091,0.138,-0.054
2,30,0.051,0.084,-0.062
2,31,0.094,0.142,-0.054
2,32,0.053,0.086,-0.062
2,33,0.039,0.067,-0.066
2,34,0.031,0.054,-0.069
2,35,0.091,0.138,-0.054
2,36,0.068,0.107,-0.058
2,37,0.053,0.087,-0.062
2,38,0.03,0.053,-0.069
2,39,0.052,0.086,-0.062
2,40,0.064,0.102,-0.059
2,41,0.035,0.061,-0.067
2,42,0.06,0.096,-0.06
2,43,0.045,0.075,-0.064
2,44,0.028,0.051,-0.07
2,45,0.034,0.058,-0.068
2,46,0.04,0.069,-0.066
2,47,0.014,0.028,-0.079
2,48,0.03,0.053,-0.07
2,49,0.033,0.057,-0.069
2,50,0.019,0.036,-0.076
2,51,0.011,0.023,-0.082
2,52,0.061,0.097,-0.061
2,53,0.064,0.101,-0.06
2,54,0.037,0.064,-0.068
2,55,0.06,0.096,-0.061
2,56,0.027,0.048,-0.072
2,57,0.03,0.053,-0.071
2,58,0.084,0.128,-0.057
2,59,0.072,0.112,-0.059
2,60,0.03,0.053,-0.072
2,61,0.032,0.057,-0.071
2,62,0.036,0.061,-0.07
2,63,0.054,0.088,-0.064
2,64,0.033,0.057,-0.071
2,65,0.025,0.045,-0.075
2,66,0.043,0.072,-0.068
2,67,0.057,0.093,-0.064
2,68,0.05,0.082,-0.066
2,69,0.02,0.038,-0.078
2,70,0.03,0.053,-0.073
2,71,0.078,0.121,-0.06
2,72,0.087,0.132,-0.058
2,73,0.071,0.111,-0.062
2,74,0.077,0.119,-0.061
2,75,0.079,0.122,-0.06
2,76,0.085,0.129,-0.059
2,77,0.134,0.191,-0.052
2,78,0.133,0.19,-0.052
2,79,0.177,0.243,-0.047
2,80,0.183,0.25,-0.047
2,81,0.162,0.225,-0.049
2,82,0.133,0.19,-0.053
2,83,0.099,0.147,-0.058
2,84,0.13,0.186,-0.053
2,85,0.191,0.259,-0.046
2,86,0.127,0.183,-0.054
2,87,0.165,0.229,-0.049
2,88,0.146,0.206,-0.052
2,89,0.239,0.314,-0.042
2,9,0.07,0.11,-0.063
2,90,0.165,0.228,-0.049
2,91,0.108,0.159,-0.057
2,92,0.167,0.232,-0.049
2,93,0.195,0.264,-0.046
2,94,0.043,0.072,-0.073
2,95,0.055,0.089,-0.069
2,96,0.071,0.111,-0.065
2,97,0.18,0.247,-0.048
2,98,0.108,0.159,-0.058
2,99,0.103,0.152,-0.059
20,10,0.055,0.089,-0.063
20,100,0.133,0.19,-0.058
20,101,0.062,0.099,-0.072
20,102,0.055,0.09,-0.074
20,103,0.09,0.136,-0.065
20,104,0.174,0.239,-0.053
20,105,0.134,0.191,-0.058
20,106,0.137,0.195,-0.058
20,107,0.072,0.112,-0.071
20,108,0.082,0.126,-0.068
20,109,0.052,0.085,-0.077
20,11,0.079,0.122,-0.057
20,110,0.132,0.189,-0.06
20,111,0.116,0.169,-0.062
20,112,0.162,0.225,-0.056
20,113,0.154,0.216,-0.057
20,114,0.145,0.204,-0.059
20,115,0.163,0.226,-0.056
20,116,0.22,0.292,-0.049
20,117,0.226,0.299,-0.049
20,118,0.233,0.307,-0.048
20,119,0.184,0.251,-0.054
20,12,0.25,0.325,-0.037
20,120,0.317,0.398,-0.041
20,121,0.31,0.391,-0.041
20,122,0.341,0.423,-0.039
20,123,0.43,0.513,-0.032
20,124,0.309,0.39,-0.042
20,125,0.296,0.376,-0.043
20,126,0.275,0.353,-0.045
20,127,0.345,0.427,-0.039
20,128,0.328,0.409,-0.04
20,129,0.305,0.385,-0.042
20,13,0.152,0.213,-0.046
20,130,0.188,0.255,-0.054
20,131,0.134,0.191,-0.062
20,132,0.181,0.247,-0.055
20,133,0.249,0.324,-0.048
20,134,0.229,0.303,-0.05
20,135,0.376,0.459,-0.037
20,136,0.316,0.397,-0.041
20,137,0.393,0.476,-0.035
20,138,0.352,0.434,-0.039
20,139,0.287,0.366,-0.044
20,14,0.309,0.39,-0.033
20,140,0.275,0.353,-0.045
20,141,0.313,0.394,-0.042
20,142,0.261,0.337,-0.046
20,143,0.301,0.381,-0.043
20,144,0.371,0.454,-0.037
20,145,0.32,0.401,-0.041
20,146,0.303,0.383,-0.043
20,147,0.259,0.335,-0.047
20,148,0.308,0.388,-0.042
20,149,0.211,0.282,-0.052
20,15,0.215,0.286,-0.039
20,150,0.336,0.418,-0.04
20,151,0.356,0.438,-0.038
20,152,0.239,0.313,-0.049
20,153,0.263,0.34,-0.046
20,154,0.239,0.313,-0.049
20,155,0.27,0.347,-0.046
20,156,0.134,0.192,-0.062
20,157,0.231,0.304,-0.05
20,158,0.268,0.345,-0.046
20,159,0.255,0.331,-0.047
20,16,0.221,0.293,-0.039
20,160,0.18,0.247,-0.055
20,161,0.178,0.244,-0.056
20,162,0.275,0.353,-0.045
20,163,0.261,0.337,-0.046
20,164,0.298,0.377,-0.043
20,165,0.301,0.38,-0.043
20,166,0.244,0.319,-0.048
20,167,0.13,0.186,-0.062
20,168,0.116,0.169,-0.065
20,169,0.127,0.183,-0.063
20,17,0.15,0.211,-0.046
20,170,0.167,0.231,-0.057
20,171,0.135,0.192,-0.062
20,172,0.149,0.21,-0.059
20,173,0.165,0.228,-0.058
20,174,0.137,0.195,-0.062
20,175,0.117,0.17,-0.065
20,176,0.102,0.152,-0.067
20,177,0.12,0.175,-0.064
20,178,0.152,0.213,-0.059
20,179,0.241,0.316,-0.048
20,18,0.154,0.215,-0.045
20,180,0.159,0.222,-0.058
20,181,0.185,0.252,-0.055
20,182,0.259,0.336,-0.047
20,183,0.15,0.211,-0.059
20,184,0.186,0.253,-0.055
20,185,0.235,0.309,-0.049
20,186,0.193,0.261,-0.054
20,187,0.204,0.274,-0.053
20,188,0.335,0.416,-0.04
20,189,0.369,0.452,-0.037
20,19,0.122,0.176,-0.049
20,190,0.261,0.337,-0.047
20,191,0.16,0.222,-0.059
20,192,0.152,0.213,-0.06
20,193,0.16,0.223,-0.058
20,194,0.145,0.205,-0.061
20,195,0.172,0.237,-0.057
20,196,0.261,0.337,-0.047
20,197,0.297,0.377,-0.044
20,198,0.229,0.302,-0.051
20,199,0.177,0.242,-0.057
20,20,0.162,0.225,-0.044
20,200,0.252,0.327,-0.049
20,201,0.235,0.309,-0.051
20,202,0.224,0.297,-0.052
20,203,0.195,0.264,-0.056
20,204,0.172,0.237,-0.059
20,205,0.197,0.266,-0.056
20,206,0.177,0.242,-0.059
20,207,0.224,0.297,-0.054
20,208,0.17,0.235,-0.061
20,209,0.204,0.274,-0.057
20,21,0.138,0.197,-0.047
20,210,0.173,0.239,-0.061
20,211,0.157,0.219,-0.064
20,212,0.075,0.116,-0.081
20,213,0.081,0.125,-0.08
20,214,0.064,0.101,-0.085
20,215,0.21,0.281,-0.058
20,216,0.14,0.199,-0.069
20,217,0.19,0.258,-0.062
20,218,0.161,0.223,-0.067
20,219,0.195,0.264,-0.062
20,22,0.051,0.083,-0.061
20,220,0.12,0.174,-0.075
20,221,0.093,0.139,-0.082
20,222,0.138,0.196,-0.073
20,223,0.141,0.2,-0.073
20,224,0.103,0.153,-0.082
20,225,0.156,0.218,-0.072
20,226,0.134,0.192,-0.077
20,227,0.179,0.246,-0.069
20,228,0.155,0.217,-0.074
20,229,0.074,0.115,-0.094
20,23,0.067,0.106,-0.058
20,230,0.147,0.207,-0.077
20,231,0.089,0.134,-0.092
20,232,0.118,0.172,-0.085
20,233,0.087,0.133,-0.094
20,234,0.089,0.134,-0.094
20,235,0.194,0.263,-0.072
20,236,0.192,0.26,-0.074
20,237,0.161,0.224,-0.08
20,238,0.159,0.222,-0.081
20,239,0.206,0.276,-0.074
20,24,0.1,0.149,-0.052
20,240,0.192,0.261,-0.077
20,241,0.211,0.282,-0.074
20,242,0.318,0.399,-0.06
20,243,0.284,0.362,-0.065
20,244,0.235,0.308,-0.073
20,245,0.268,0.345,-0.069
20,246,0.311,0.391,-0.064
20,247,0.251,0.326,-0.073
20,248,0.252,0.328,-0.073
20,249,0.26,0.337,-0.073
20,25,0.086,0.131,-0.054
20,250,0.294,0.373,-0.069
20,251,0.237,0.311,-0.078
20,26,0.073,0.114,-0.056
20,27,0.116,0.17,-0.05
20,28,0.117,0.17,-0.049
20,29,0.131,0.188,-0.048
20,30,0.091,0.137,-0.053
20,31,0.254,0.33,-0.036
20,32,0.219,0.291,-0.039
20,33,0.148,0.208,-0.046
20,34,0.2,0.269,-0.041
20,35,0.25,0.326,-0.036
20,36,0.139,0.197,-0.047
20,37,0.17,0.235,-0.044
20,38,0.343,0.425,-0.03
20,39,0.13,0.186,-0.048
20,40,0.091,0.137,-0.054
20,41,0.155,0.217,-0.046
20,42,0.238,0.313,-0.038
20,43,0.137,0.195,-0.048
20,44,0.15,0.211,-0.046
20,45,0.351,0.433,-0.03
20,46,0.246,0.321,-0.038
20,47,0.064,0.101,-0.06
20,48,0.311,0.391,-0.033
20,49,0.161,0.224,-0.046
20,50,0.129,0.185,-0.05
20,51,0.142,0.201,-0.048
20,52,0.054,0.088,-0.063
20,53,0.119,0.173,-0.052
20,54,0.115,0.168,-0.052
20,55,0.072,0.112,-0.06
20,56,0.127,0.183,-0.051
20,57,0.109,0.161,-0.053
20,58,0.046,0.076,-0.066
20,59,0.035,0.06,-0.071
20,6,0.065,0.103,-0.062
20,60,0.034,0.06,-0.071
20,61,0.04,0.068,-0.069
20,62,0.025,0.045,-0.075
20,63,0.098,0.146,-0.056
20,64,0.024,0.043,-0.076
20,65,0.037,0.064,-0.071
20,66,0.056,0.091,-0.065
20,67,0.138,0.196,-0.051
20,68,0.06,0.096,-0.065
20,69,0.039,0.067,-0.071
20,7,0.095,0.142,-0.056
20,70,0.044,0.073,-0.07
20,71,0.034,0.059,-0.073
20,72,0.089,0.135,-0.059
20,73,0.059,0.094,-0.066
20,74,0.042,0.071,-0.071
20,75,0.077,0.119,-0.062
20,76,0.032,0.055,-0.076
20,77,0.064,0.102,-0.066
20,78,0.087,0.132,-0.061
20,79,0.086,0.131,-0.061
20,8,0.079,0.122,-0.058
20,80,0.104,0.153,-0.058
20,81,0.204,0.274,-0.046
20,82,0.136,0.193,-0.054
20,83,0.1,0.15,-0.059
20,84,0.162,0.225,-0.051
20,85,0.246,0.321,-0.042
20,86,0.121,0.175,-0.057
20,87,0.135,0.193,-0.055
20,88,0.112,0.164,-0.059
20,89,0.19,0.258,-0.048
20,9,0.141,0.2,-0.049
20,90,0.272,0.35,-0.041
20,91,0.202,0.272,-0.047
20,92,0.174,0.24,-0.051
20,93,0.121,0.176,-0.058
20,94,0.118,0.172,-0.059
20,95,0.094,0.141,-0.063
20,96,0.15,0.21,-0.054
20,97,0.117,0.17,-0.06
20,98,0.105,0.156,-0.062
20,99,0.118,0.172,-0.06
21,10,0.083,0.127,-0.056
21,100,0.081,0.124,-0.068
21,101,0.125,0.18,-0.06
21,102,0.113,0.165,-0.062
21,103,0.092,0.138,-0.066
21,104,0.086,0.131,-0.068
21,105,0.129,0.186,-0.06
21,106,0.107,0.158,-0.064
21,107,0.148,0.209,-0.057
21,108,0.188,0.256,-0.052
21,109,0.191,0.259,-0.052
21,11,0.168,0.233,-0.044
21,110,0.136,0.193,-0.06
21,111,0.166,0.23,-0.055
21,112,0.197,0.267,-0.052
21,113,0.19,0.258,-0.053
21,114,0.203,0.272,-0.051
21,115,0.207,0.277,-0.051
21,116,0.164,0.228,-0.057
21,117,0.147,0.207,-0.059
21,118,0.157,0.219,-0.058
21,119,0.246,0.321,-0.047
21,12,0.121,0.176,-0.049
21,120,0.183,0.249,-0.055
21,121,0.232,0.306,-0.049
21,122,0.267,0.344,-0.046
21,123,0.28,0.358,-0.045
21,124,0.3,0.38,-0.043
21,125,0.436,0.519,-0.032
21,126,0.339,0.421,-0.04
21,127,0.321,0.402,-0.041
21,128,0.31,0.39,-0.042
21,129,0.534,0.613,-0.026
21,13,0.164,0.228,-0.044
21,130,0.492,0.574,-0.029
21,131,0.662,0.728,-0.018
21,132,0.516,0.597,-0.027
21,133,0.566,0.643,-0.024
21,134,0.455,0.538,-0.031
21,135,0.379,0.462,-0.037
21,136,0.356,0.438,-0.039
21,137,0.364,0.446,-0.038
21,138,0.291,0.37,-0.044
21,139,0.273,0.351,-0.046
21,14,0.068,0.107,-0.058
21,140,0.15,0.21,-0.061
21,141,0.301,0.381,-0.043
21,142,0.342,0.424,-0.04
21,143,0.356,0.439,-0.039
21,144,0.311,0.391,-0.043
21,145,0.313,0.394,-0.042
21,146,0.244,0.319,-0.049
21,147,0.313,0.393,-0.042
21,148,0.274,0.352,-0.046
21,149,0.217,0.289,-0.052
21,15,0.106,0.156,-0.051
21,150,0.185,0.252,-0.056
21,151,0.163,0.227,-0.058
21,152,0.169,0.234,-0.057
21,153,0.197,0.266,-0.054
21,154,0.138,0.196,-0.062
21,155,0.189,0.257,-0.055
21,156,0.304,0.384,-0.043
21,157,0.27,0.348,-0.046
21,158,0.259,0.335,-0.047
21,159,0.235,0.309,-0.05
21,16,0.164,0.227,-0.044
21,160,0.197,0.266,-0.054
21,161,0.262,0.339,-0.047
21,162,0.383,0.466,-0.036
21,163,0.349,0.432,-0.039
21,164,0.414,0.497,-0.034
21,165,0.435,0.518,-0.033
21,166,0.375,0.458,-0.037
21,167,0.353,0.435,-0.039
21,168,0.342,0.424,-0.04
21,169,0.254,0.33,-0.048
21,17,0.089,0.135,-0.054
21,170,0.205,0.276,-0.053
21,171,0.433,0.516,-0.033
21,172,0.482,0.564,-0.029
21,173,0.39,0.474,-0.036
21,174,0.413,0.496,-0.034
21,175,0.334,0.416,-0.04
21,176,0.252,0.328,-0.047
21,177,0.202,0.272,-0.053
21,178,0.203,0.272,-0.053
21,179,0.281,0.359,-0.045
21,18,0.123,0.178,-0.049
21,180,0.266,0.343,-0.046
21,181,0.182,0.249,-0.055
21,182,0.151,0.212,-0.06
21,183,0.164,0.227,-0.058
21,184,0.194,0.263,-0.054
21,185,0.277,0.355,-0.045
21,186,0.192,0.26,-0.054
21,187,0.244,0.319,-0.048
21,188,0.158,0.221,-0.058
21,189,0.3,0.379,-0.043
21,19,0.047,0.079,-0.063
21,190,0.38,0.463,-0.037
21,191,0.319,0.4,-0.041
21,192,0.302,0.382,-0.043
21,193,0.308,0.388,-0.042
21,194,0.234,0.308,-0.05
21,195,0.247,0.322,-0.048
21,196,0.336,0.418,-0.04
21,197,0.357,0.439,-0.039
21,198,0.223,0.296,-0.051
21,199,0.322,0.403,-0.042
21,20,0.078,0.121,-0.055
21,200,0.223,0.296,-0.052
21,201,0.286,0.365,-0.045
21,202,0.31,0.39,-0.043
21,203,0.325,0.406,-0.042
21,204,0.296,0.375,-0.045
21,205,0.267,0.345,-0.048
21,206,0.274,0.352,-0.048
21,207,0.249,0.324,-0.05
21,208,0.31,0.391,-0.045
21,209,0.203,0.273,-0.056
21,21,0.053,0.087,-0.061
21,210,0.253,0.329,-0.051
21,211,0.275,0.353,-0.049
21,212,0.222,0.294,-0.055
21,213,0.235,0.309,-0.054
21,214,0.254,0.33,-0.052
21,215,0.316,0.397,-0.046
21,216,0.244,0.319,-0.054
21,217,0.186,0.254,-0.062
21,218,0.158,0.22,-0.066
21,219,0.168,0.233,-0.065
21,22,0.042,0.07,-0.064
21,220,0.195,0.264,-0.062
21,221,0.185,0.252,-0.064
21,222,0.249,0.324,-0.056
21,223,0.288,0.367,-0.052
21,224,0.151,0.212,-0.071
21,225,0.182,0.248,-0.067
21,226,0.124,0.179,-0.078
21,227,0.133,0.19,-0.077
21,228,0.156,0.218,-0.073
21,229,0.141,0.2,-0.077
21,23,0.091,0.138,-0.053
21,230,0.221,0.293,-0.064
21,231,0.183,0.25,-0.071
21,232,0.148,0.208,-0.078
21,233,0.263,0.34,-0.061
21,234,0.185,0.252,-0.073
21,235,0.187,0.254,-0.073
21,236,0.191,0.259,-0.073
21,237,0.228,0.301,-0.068
21,238,0.207,0.277,-0.072
21,239,0.273,0.35,-0.063
21,24,0.059,0.094,-0.06
21,240,0.273,0.35,-0.064
21,241,0.285,0.364,-0.063
21,242,0.302,0.382,-0.062
21,243,0.382,0.465,-0.053
21,244,0.398,0.481,-0.052
21,245,0.415,0.499,-0.05
21,246,0.447,0.53,-0.048
21,247,0.346,0.428,-0.06
21,248,0.56,0.637,-0.037
21,249,0.462,0.544,-0.048
21,25,0.074,0.115,-0.056
21,250,0.526,0.605,-0.042
21,251,0.499,0.58,-0.045
21,26,0.024,0.044,-0.071
21,27,0.067,0.106,-0.058
21,28,0.124,0.18,-0.049
21,29,0.047,0.078,-0.063
21,30,0.063,0.101,-0.059
21,31,0.046,0.077,-0.063
21,32,0.102,0.152,-0.051
21,33,0.04,0.068,-0.065
21,34,0.092,0.138,-0.054
21,35,0.051,0.084,-0.062
21,36,0.073,0.114,-0.057
21,37,0.046,0.076,-0.063
21,38,0.066,0.104,-0.059
21,39,0.037,0.064,-0.067
21,40,0.024,0.045,-0.072
21,41,0.044,0.073,-0.065
21,42,0.067,0.105,-0.059
21,43,0.028,0.05,-0.071
21,44,0.034,0.058,-0.069
21,45,0.112,0.165,-0.051
21,46,0.139,0.198,-0.048
21,47,0.08,0.123,-0.057
21,48,0.094,0.141,-0.055
21,49,0.069,0.108,-0.06
21,50,0.191,0.259,-0.043
21,51,0.179,0.245,-0.044
21,52,0.1,0.149,-0.054
21,53,0.062,0.099,-0.062
21,54,0.051,0.084,-0.065
21,55,0.096,0.144,-0.055
21,56,0.065,0.103,-0.061
21,57,0.09,0.136,-0.057
21,58,0.048,0.079,-0.066
21,59,0.032,0.056,-0.072
21,6,0.228,0.301,-0.039
21,60,0.02,0.038,-0.078
21,61,0.03,0.053,-0.074
21,62,0.012,0.024,-0.085
21,63,0.075,0.116,-0.061
21,64,0.047,0.078,-0.068
21,65,0.08,0.123,-0.06
21,66,0.042,0.071,-0.07
21,67,0.094,0.142,-0.058
21,68,0.082,0.126,-0.06
21,69,0.03,0.054,-0.075
21,7,0.224,0.297,-0.039
21,70,0.027,0.049,-0.077
21,71,0.043,0.072,-0.071
21,72,0.077,0.119,-0.062
21,73,0.047,0.078,-0.07
21,74,0.095,0.142,-0.059
21,75,0.055,0.09,-0.068
21,76,0.067,0.106,-0.065
21,77,0.087,0.133,-0.061
21,78,0.094,0.141,-0.06
21,79,0.105,0.155,-0.058
21,8,0.429,0.512,-0.026
21,80,0.073,0.114,-0.065
21,81,0.116,0.17,-0.057
21,82,0.066,0.105,-0.067
21,83,0.11,0.161,-0.058
21,84,0.128,0.184,-0.056
21,85,0.158,0.22,-0.052
21,86,0.152,0.213,-0.053
21,87,0.079,0.121,-0.065
21,88,0.092,0.139,-0.062
21,89,0.358,0.44,-0.034
21,9,0.099,0.148,-0.053
21,90,0.144,0.204,-0.054
21,91,0.165,0.229,-0.052
21,92,0.223,0.296,-0.046
21,93,0.117,0.171,-0.059
21,94,0.061,0.098,-0.071
21,95,0.12,0.174,-0.059
21,96,0.148,0.208,-0.055
21,97,0.057,0.092,-0.073
21,98,0.106,0.157,-0.062
21,99,0.097,0.145,-0.064
22,10,0.024,0.044,-0.073
22,100,0.045,0.075,-0.079
22,101,0.062,0.099,-0.073
22,102,0.067,0.106,-0.072
22,103,0.055,0.089,-0.076
22,104,0.065,0.103,-0.073
22,105,0.086,0.131,-0.068
22,106,0.101,0.15,-0.066
22,107,0.09,0.136,-0.068
22,108,0.111,0.163,-0.064
22,109,0.1,0.148,-0.066
22,11,0.027,0.049,-0.07
22,110,0.165,0.229,-0.056
22,111,0.124,0.179,-0.063
22,112,0.087,0.132,-0.07
22,113,0.124,0.179,-0.063
22,114,0.075,0.117,-0.073
22,115,0.09,0.136,-0.07
22,116,0.149,0.21,-0.059
22,117,0.259,0.335,-0.047
22,118,0.212,0.283,-0.052
22,119,0.277,0.355,-0.045
22,12,0.026,0.047,-0.071
22,120,0.263,0.34,-0.046
22,121,0.319,0.4,-0.041
22,122,0.26,0.337,-0.047
22,123,0.25,0.326,-0.048
22,124,0.224,0.297,-0.051
22,125,0.278,0.356,-0.046
22,126,0.256,0.332,-0.048
22,127,0.304,0.384,-0.043
22,128,0.263,0.339,-0.047
22,129,0.258,0.335,-0.048
22,13,0.019,0.035,-0.075
22,130,0.314,0.394,-0.042
22,131,0.295,0.374,-0.044
22,132,0.288,0.367,-0.045
22,133,0.292,0.371,-0.044
22,134,0.214,0.285,-0.053
22,135,0.147,0.207,-0.061
22,136,0.236,0.31,-0.05
22,137,0.329,0.41,-0.041
22,138,0.383,0.466,-0.037
22,139,0.416,0.499,-0.035
22,14,0.036,0.063,-0.066
22,140,0.321,0.402,-0.042
22,141,0.234,0.307,-0.051
22,142,0.277,0.355,-0.046
22,143,0.197,0.266,-0.055
22,144,0.187,0.254,-0.056
22,145,0.387,0.47,-0.037
22,146,0.251,0.327,-0.049
22,147,0.23,0.303,-0.051
22,148,0.261,0.337,-0.048
22,149,0.198,0.267,-0.055
22,15,0.062,0.098,-0.059
22,150,0.171,0.236,-0.058
22,151,0.15,0.211,-0.061
22,152,0.224,0.297,-0.051
22,153,0.16,0.222,-0.059
22,154,0.208,0.279,-0.053
22,155,0.23,0.303,-0.051
22,156,0.175,0.241,-0.057
22,157,0.239,0.314,-0.05
22,158,0.212,0.283,-0.053
22,159,0.229,0.302,-0.051
22,16,0.027,0.049,-0.07
22,160,0.287,0.365,-0.045
22,161,0.193,0.261,-0.055
22,162,0.236,0.31,-0.05
22,163,0.289,0.368,-0.045
22,164,0.411,0.494,-0.035
22,165,0.291,0.37,-0.044
22,166,0.232,0.305,-0.05
22,167,0.478,0.56,-0.03
22,168,0.483,0.565,-0.029
22,169,0.177,0.242,-0.057
22,17,0.072,0.113,-0.057
22,170,0.246,0.321,-0.049
22,171,0.396,0.479,-0.035
22,172,0.259,0.336,-0.047
22,173,0.286,0.365,-0.045
22,174,0.521,0.601,-0.027
22,175,0.171,0.236,-0.057
22,176,0.249,0.325,-0.048
22,177,0.222,0.294,-0.051
22,178,0.249,0.324,-0.048
22,179,0.211,0.283,-0.052
22,18,0.03,0.053,-0.068
22,180,0.178,0.244,-0.056
22,181,0.2,0.27,-0.053
22,182,0.212,0.284,-0.052
22,183,0.216,0.287,-0.051
22,184,0.276,0.354,-0.045
22,185,0.267,0.344,-0.046
22,186,0.386,0.469,-0.036
22,187,0.321,0.402,-0.041
22,188,0.375,0.458,-0.037
22,189,0.438,0.521,-0.032
22,19,0.088,0.134,-0.054
22,190,0.328,0.41,-0.041
22,191,0.29,0.369,-0.044
22,192,0.286,0.365,-0.044
22,193,0.317,0.398,-0.042
22,194,0.31,0.39,-0.042
22,195,0.322,0.403,-0.042
22,196,0.295,0.374,-0.044
22,197,0.283,0.362,-0.045
22,198,0.396,0.479,-0.036
22,199,0.295,0.374,-0.044
22,20,0.055,0.09,-0.06
22,200,0.239,0.314,-0.05
22,201,0.267,0.344,-0.047
22,202,0.375,0.458,-0.038
22,203,0.336,0.418,-0.041
22,204,0.455,0.538,-0.032
22,205,0.322,0.403,-0.043
22,206,0.373,0.456,-0.038
22,207,0.559,0.636,-0.025
22,208,0.315,0.395,-0.044
22,209,0.309,0.389,-0.045
22,21,0.026,0.047,-0.07
22,210,0.429,0.512,-0.035
22,211,0.278,0.356,-0.048
22,212,0.307,0.387,-0.046
22,213,0.41,0.493,-0.037
22,214,0.434,0.517,-0.035
22,215,0.289,0.368,-0.048
22,216,0.523,0.603,-0.029
22,217,0.282,0.361,-0.05
22,218,0.393,0.476,-0.04
22,219,0.348,0.43,-0.044
22,22,0.111,0.163,-0.05
22,220,0.304,0.384,-0.049
22,221,0.311,0.392,-0.048
22,222,0.293,0.373,-0.051
22,223,0.293,0.373,-0.051
22,224,0.236,0.31,-0.058
22,225,0.356,0.438,-0.046
22,226,0.259,0.335,-0.057
22,227,0.145,0.205,-0.074
22,228,0.281,0.359,-0.055
22,229,0.129,0.186,-0.078
22,23,0.037,0.064,-0.066
22,230,0.097,0.144,-0.087
22,231,0.123,0.178,-0.081
22,232,0.157,0.219,-0.075
22,233,0.112,0.164,-0.085
22,234,0.237,0.311,-0.064
22,235,0.176,0.242,-0.074
22,236,0.209,0.28,-0.07
22,237,0.21,0.28,-0.07
22,238,0.296,0.375,-0.059
22,239,0.192,0.261,-0.075
22,24,0.06,0.096,-0.059
22,240,0.225,0.298,-0.07
22,241,0.2,0.269,-0.075
22,242,0.252,0.327,-0.068
22,243,0.334,0.416,-0.058
22,244,0.229,0.303,-0.073
22,245,0.278,0.356,-0.067
22,246,0.373,0.456,-0.056
22,247,0.422,0.505,-0.051
22,248,0.352,0.434,-0.06
22,249,0.391,0.474,-0.055
22,25,0.082,0.125,-0.055
22,250,0.391,0.474,-0.056
22,251,0.458,0.541,-0.049
22,26,0.075,0.116,-0.056
22,27,0.06,0.097,-0.059
22,28,0.051,0.083,-0.062
22,29,0.132,0.189,-0.048
22,30,0.063,0.1,-0.059
22,31,0.035,0.06,-0.067
22,32,0.072,0.112,-0.057
22,33,0.066,0.104,-0.059
22,34,0.037,0.063,-0.067
22,35,0.084,0.128,-0.055
22,36,0.037,0.063,-0.067
22,37,0.037,0.063,-0.067
22,38,0.045,0.075,-0.064
22,39,0.124,0.179,-0.05
22,40,0.073,0.114,-0.058
22,41,0.071,0.111,-0.058
22,42,0.064,0.102,-0.06
22,43,0.091,0.138,-0.055
22,44,0.102,0.152,-0.053
22,45,0.065,0.103,-0.06
22,46,0.116,0.169,-0.051
22,47,0.081,0.125,-0.057
22,48,0.142,0.202,-0.048
22,49,0.078,0.121,-0.058
22,50,0.069,0.108,-0.06
22,51,0.093,0.14,-0.056
22,52,0.168,0.233,-0.046
22,53,0.099,0.148,-0.055
22,54,0.077,0.119,-0.059
22,55,0.099,0.148,-0.055
22,56,0.104,0.154,-0.054
22,57,0.127,0.183,-0.051
22,58,0.053,0.087,-0.066
22,59,0.078,0.121,-0.06
22,6,0.046,0.077,-0.066
22,60,0.16,0.223,-0.048
22,61,0.066,0.105,-0.063
22,62,0.026,0.047,-0.076
22,63,0.076,0.118,-0.061
22,64,0.134,0.192,-0.052
22,65,0.096,0.144,-0.058
22,66,0.113,0.166,-0.055
22,67,0.105,0.155,-0.056
22,68,0.058,0.094,-0.066
22,69,0.067,0.105,-0.064
22,7,0.03,0.053,-0.071
22,70,0.113,0.165,-0.056
22,71,0.168,0.232,-0.049
22,72,0.064,0.101,-0.066
22,73,0.108,0.159,-0.057
22,74,0.083,0.127,-0.062
22,75,0.146,0.206,-0.052
22,76,0.104,0.154,-0.058
22,77,0.124,0.179,-0.055
22,78,0.047,0.078,-0.072
22,79,0.088,0.133,-0.062
22,8,0.015,0.029,-0.08
22,80,0.077,0.119,-0.064
22,81,0.114,0.167,-0.058
22,82,0.08,0.123,-0.064
22,83,0.072,0.112,-0.066
22,84,0.057,0.092,-0.07
22,85,0.15,0.21,-0.053
22,86,0.208,0.278,-0.047
22,87,0.095,0.142,-0.062
22,88,0.134,0.192,-0.056
22,89,0.125,0.181,-0.058
22,9,0.05,0.082,-0.064
22,90,0.125,0.181,-0.058
22,91,0.075,0.117,-0.067
22,92,0.118,0.172,-0.06
22,93,0.099,0.148,-0.063
22,94,0.108,0.159,-0.062
22,95,0.072,0.113,-0.069
22,96,0.059,0.095,-0.073
22,97,0.056,0.09,-0.074
22,98,0.043,0.073,-0.078
22,99,0.053,0.086,-0.075
23,10,0.231,0.305,-0.039
23,100,0.13,0.186,-0.06
23,101,0.187,0.255,-0.052
23,102,0.169,0.233,-0.054
23,103,0.25,0.325,-0.046
23,104,0.223,0.295,-0.049
23,105,0.113,0.165,-0.064
23,106,0.108,0.159,-0.065
23,107,0.151,0.212,-0.058
23,108,0.212,0.283,-0.05
23,109,0.183,0.25,-0.054
23,11,0.491,0.572,-0.022
23,110,0.119,0.172,-0.063
23,111,0.099,0.148,-0.067
23,112,0.221,0.293,-0.05
23,113,0.235,0.31,-0.049
23,114,0.207,0.277,-0.052
23,115,0.171,0.235,-0.056
23,116,0.158,0.22,-0.059
23,117,0.123,0.177,-0.064
23,118,0.211,0.282,-0.052
23,119,0.261,0.337,-0.047
23,12,0.343,0.425,-0.031
23,120,0.33,0.411,-0.041
23,121,0.293,0.373,-0.044
23,122,0.399,0.482,-0.035
23,123,0.385,0.468,-0.037
23,124,0.48,0.562,-0.03
23,125,0.382,0.465,-0.037
23,126,0.359,0.442,-0.039
23,127,0.378,0.461,-0.037
23,128,0.383,0.466,-0.037
23,129,0.466,0.549,-0.031
23,13,0.213,0.285,-0.04
23,130,0.352,0.434,-0.04
23,131,0.49,0.571,-0.029
23,132,0.464,0.547,-0.031
23,133,0.442,0.525,-0.033
23,134,0.484,0.565,-0.03
23,135,0.38,0.463,-0.038
23,136,0.41,0.493,-0.035
23,137,0.471,0.553,-0.031
23,138,0.47,0.552,-0.031
23,139,0.319,0.4,-0.043
23,14,0.215,0.286,-0.04
23,140,0.443,0.526,-0.033
23,141,0.435,0.518,-0.033
23,142,0.399,0.482,-0.036
23,143,0.324,0.405,-0.042
23,144,0.32,0.401,-0.043
23,145,0.257,0.333,-0.049
23,146,0.245,0.32,-0.05
23,147,0.231,0.304,-0.051
23,148,0.24,0.314,-0.05
23,149,0.244,0.319,-0.05
23,15,0.522,0.602,-0.02
23,150,0.215,0.286,-0.053
23,151,0.202,0.271,-0.054
23,152,0.144,0.204,-0.062
23,153,0.133,0.19,-0.064
23,154,0.164,0.227,-0.059
23,155,0.221,0.293,-0.052
23,156,0.341,0.423,-0.041
23,157,0.247,0.322,-0.049
23,158,0.31,0.39,-0.043
23,159,0.335,0.417,-0.041
23,16,0.579,0.654,-0.018
23,160,0.334,0.415,-0.041
23,161,0.319,0.4,-0.042
23,162,0.354,0.436,-0.039
23,163,0.384,0.467,-0.037
23,164,0.665,0.732,-0.018
23,165,0.509,0.59,-0.028
23,166,0.508,0.588,-0.028
23,167,0.542,0.621,-0.026
23,168,0.519,0.599,-0.027
23,169,0.363,0.446,-0.038
23,17,0.378,0.461,-0.028
23,170,0.344,0.426,-0.04
23,171,0.189,0.256,-0.055
23,172,0.299,0.378,-0.044
23,173,0.307,0.387,-0.043
23,174,0.388,0.471,-0.036
23,175,0.319,0.4,-0.042
23,176,0.281,0.359,-0.045
23,177,0.227,0.3,-0.05
23,178,0.214,0.285,-0.052
23,179,0.271,0.349,-0.046
23,18,0.222,0.294,-0.039
23,180,0.337,0.419,-0.04
23,181,0.391,0.475,-0.036
23,182,0.241,0.315,-0.049
23,183,0.196,0.265,-0.054
23,184,0.269,0.346,-0.046
23,185,0.325,0.406,-0.041
23,186,0.195,0.264,-0.054
23,187,0.354,0.436,-0.038
23,188,0.361,0.444,-0.038
23,189,0.211,0.282,-0.052
23,19,0.273,0.351,-0.035
23,190,0.231,0.305,-0.05
23,191,0.195,0.264,-0.054
23,192,0.211,0.282,-0.052
23,193,0.237,0.311,-0.049
23,194,0.304,0.384,-0.043
23,195,0.359,0.442,-0.038
23,196,0.214,0.285,-0.052
23,197,0.394,0.477,-0.036
23,198,0.383,0.466,-0.037
23,199,0.415,0.499,-0.034
23,20,0.287,0.365,-0.033
23,200,0.363,0.446,-0.038
23,201,0.474,0.557,-0.03
23,202,0.41,0.493,-0.035
23,203,0.36,0.442,-0.039
23,204,0.322,0.403,-0.042
23,205,0.335,0.416,-0.041
23,206,0.422,0.506,-0.034
23,207,0.568,0.645,-0.025
23,208,0.384,0.467,-0.038
23,209,0.54,0.619,-0.027
23,21,0.221,0.294,-0.038
23,210,0.596,0.67,-0.023
23,211,0.674,0.739,-0.019
23,212,0.643,0.712,-0.021
23,213,0.487,0.569,-0.031
23,214,0.426,0.509,-0.036
23,215,0.624,0.695,-0.022
23,216,0.547,0.625,-0.027
23,217,0.633,0.704,-0.022
23,218,0.605,0.679,-0.024
23,219,0.643,0.712,-0.022
23,22,0.332,0.413,-0.03
23,220,0.608,0.681,-0.024
23,221,0.593,0.668,-0.025
23,222,0.646,0.714,-0.022
23,223,0.419,0.502,-0.039
23,224,0.357,0.44,-0.045
23,225,0.447,0.53,-0.037
23,226,0.525,0.604,-0.031
23,227,0.334,0.415,-0.048
23,228,0.442,0.525,-0.039
23,229,0.339,0.421,-0.049
23,23,0.181,0.247,-0.042
23,230,0.455,0.538,-0.039
23,231,0.228,0.301,-0.063
23,232,0.216,0.287,-0.065
23,233,0.454,0.537,-0.04
23,234,0.293,0.372,-0.057
23,235,0.235,0.309,-0.064
23,236,0.163,0.226,-0.077
23,237,0.219,0.291,-0.068
23,238,0.329,0.41,-0.055
23,239,0.295,0.374,-0.06
23,24,0.26,0.337,-0.035
23,240,0.31,0.39,-0.059
23,241,0.304,0.384,-0.06
23,242,0.37,0.452,-0.053
23,243,0.334,0.416,-0.058
23,244,0.465,0.547,-0.044
23,245,0.472,0.555,-0.044
23,246,0.401,0.485,-0.052
23,247,0.52,0.6,-0.041
23,248,0.465,0.547,-0.047
23,249,0.465,0.547,-0.047
23,25,0.086,0.131,-0.054
23,250,0.502,0.583,-0.044
23,251,0.605,0.679,-0.034
23,26,0.257,0.333,-0.036
23,27,0.206,0.277,-0.04
23,28,0.321,0.402,-0.031
23,29,0.136,0.194,-0.047
23,30,0.081,0.124,-0.056
23,31,0.27,0.347,-0.035
23,32,0.204,0.274,-0.04
23,33,0.075,0.116,-0.057
23,34,0.067,0.105,-0.059
23,35,0.064,0.101,-0.06
23,36,0.15,0.211,-0.046
23,37,0.075,0.116,-0.057
23,38,0.036,0.063,-0.068
23,39,0.091,0.137,-0.054
23,40,0.103,0.153,-0.053
23,41,0.088,0.134,-0.055
23,42,0.096,0.144,-0.054
23,43,0.163,0.226,-0.045
23,44,0.129,0.185,-0.05
23,45,0.098,0.146,-0.054
23,46,0.042,0.071,-0.066
23,47,0.103,0.152,-0.054
23,48,0.132,0.189,-0.05
23,49,0.151,0.212,-0.047
23,50,0.114,0.166,-0.052
23,51,0.162,0.226,-0.046
23,52,0.139,0.197,-0.049
23,53,0.195,0.264,-0.043
23,54,0.18,0.246,-0.045
23,55,0.099,0.148,-0.055
23,56,0.175,0.24,-0.046
23,57,0.14,0.199,-0.05
23,58,0.137,0.195,-0.05
23,59,0.19,0.258,-0.045
23,6,0.458,0.541,-0.025
23,60,0.139,0.197,-0.05
23,61,0.172,0.237,-0.047
23,62,0.132,0.188,-0.052
23,63,0.123,0.178,-0.053
23,64,0.13,0.186,-0.052
23,65,0.157,0.22,-0.049
23,66,0.165,0.229,-0.048
23,67,0.098,0.147,-0.058
23,68,0.141,0.2,-0.051
23,69,0.061,0.098,-0.066
23,7,0.333,0.414,-0.032
23,70,0.023,0.042,-0.08
23,71,0.037,0.064,-0.074
23,72,0.046,0.077,-0.071
23,73,0.113,0.165,-0.056
23,74,0.076,0.118,-0.063
23,75,0.069,0.108,-0.065
23,76,0.076,0.118,-0.064
23,77,0.095,0.142,-0.06
23,78,0.122,0.176,-0.056
23,79,0.075,0.116,-0.065
23,8,0.341,0.423,-0.032
23,80,0.119,0.173,-0.057
23,81,0.119,0.172,-0.057
23,82,0.096,0.144,-0.061
23,83,0.107,0.158,-0.06
23,84,0.154,0.216,-0.053
23,85,0.135,0.193,-0.055
23,86,0.185,0.252,-0.05
23,87,0.15,0.211,-0.054
23,88,0.287,0.366,-0.04
23,89,0.283,0.361,-0.041
23,9,0.272,0.349,-0.036
23,90,0.091,0.138,-0.064
23,91,0.201,0.271,-0.049
23,92,0.177,0.243,-0.052
23,93,0.163,0.226,-0.054
23,94,0.122,0.177,-0.059
23,95,0.141,0.2,-0.057
23,96,0.129,0.185,-0.059
23,97,0.132,0.189,-0.059
23,98,0.167,0.231,-0.054
23,99,0.153,0.215,-0.056
24,10,0.231,0.305,-0.039
24,100,0.035,0.061,-0.084
24,101,0.03,0.053,-0.087
24,102,0.041,0.07,-0.082
24,103,0.058,0.093,-0.076
24,104,0.051,0.084,-0.079
24,105,0.112,0.164,-0.064
24,106,0.103,0.153,-0.066
24,107,0.104,0.154,-0.066
24,108,0.063,0.101,-0.076
24,109,0.081,0.124,-0.072
24,11,0.464,0.546,-0.024
24,110,0.106,0.156,-0.066
24,111,0.049,0.081,-0.081
24,112,0.043,0.073,-0.084
24,113,0.111,0.162,-0.066
24,114,0.244,0.318,-0.049
24,115,0.204,0.274,-0.053
24,116,0.254,0.33,-0.048
24,117,0.32,0.4,-0.042
24,118,0.294,0.373,-0.044
24,119,0.242,0.317,-0.049
24,12,0.111,0.163,-0.051
24,120,0.218,0.29,-0.052
24,121,0.277,0.355,-0.046
24,122,0.25,0.326,-0.049
24,123,0.254,0.33,-0.048
24,124,0.215,0.287,-0.053
24,125,0.272,0.349,-0.047
24,126,0.279,0.357,-0.046
24,127,0.187,0.255,-0.056
24,128,0.195,0.264,-0.055
24,129,0.251,0.327,-0.049
24,13,0.24,0.314,-0.037
24,130,0.281,0.359,-0.046
24,131,0.355,0.437,-0.04
24,132,0.274,0.352,-0.047
24,133,0.229,0.303,-0.051
24,134,0.295,0.374,-0.045
24,135,0.265,0.342,-0.048
24,136,0.305,0.385,-0.044
24,137,0.275,0.353,-0.047
24,138,0.268,0.345,-0.048
24,139,0.349,0.432,-0.04
24,14,0.296,0.375,-0.033
24,140,0.394,0.477,-0.037
24,141,0.264,0.341,-0.048
24,142,0.212,0.283,-0.054
24,143,0.274,0.352,-0.047
24,144,0.212,0.283,-0.054
24,145,0.162,0.225,-0.061
24,146,0.274,0.352,-0.047
24,147,0.221,0.294,-0.053
24,148,0.2,0.269,-0.055
24,149,0.244,0.319,-0.05
24,15,0.156,0.218,-0.045
24,150,0.192,0.26,-0.056
24,151,0.289,0.368,-0.046
24,152,0.209,0.28,-0.054
24,153,0.316,0.397,-0.043
24,154,0.212,0.283,-0.054
24,155,0.259,0.335,-0.049
24,156,0.173,0.239,-0.059
24,157,0.137,0.195,-0.064
24,158,0.182,0.249,-0.057
24,159,0.184,0.251,-0.057
24,16,0.244,0.318,-0.037
24,160,0.121,0.175,-0.066
24,161,0.14,0.199,-0.063
24,162,0.124,0.179,-0.066
24,163,0.233,0.307,-0.051
24,164,0.165,0.229,-0.059
24,165,0.187,0.254,-0.056
24,166,0.121,0.176,-0.066
24,167,0.144,0.203,-0.062
24,168,0.128,0.184,-0.064
24,169,0.14,0.199,-0.063
24,17,0.272,0.349,-0.035
24,170,0.131,0.188,-0.064
24,171,0.162,0.226,-0.059
24,172,0.191,0.259,-0.055
24,173,0.185,0.253,-0.056
24,174,0.166,0.229,-0.059
24,175,0.29,0.369,-0.045
24,176,0.211,0.282,-0.053
24,177,0.163,0.227,-0.059
24,178,0.305,0.385,-0.043
24,179,0.256,0.332,-0.048
24,18,0.245,0.32,-0.036
24,180,0.155,0.216,-0.059
24,181,0.147,0.207,-0.06
24,182,0.19,0.258,-0.055
24,183,0.161,0.224,-0.058
24,184,0.15,0.21,-0.06
24,185,0.095,0.142,-0.069
24,186,0.1,0.148,-0.068
24,187,0.174,0.239,-0.057
24,188,0.113,0.166,-0.066
24,189,0.11,0.162,-0.066
24,19,0.199,0.269,-0.04
24,190,0.15,0.21,-0.06
24,191,0.279,0.357,-0.045
24,192,0.264,0.341,-0.046
24,193,0.248,0.323,-0.048
24,194,0.182,0.248,-0.056
24,195,0.13,0.187,-0.063
24,196,0.165,0.229,-0.058
24,197,0.247,0.322,-0.048
24,198,0.298,0.377,-0.044
24,199,0.235,0.309,-0.05
24,20,0.156,0.218,-0.045
24,200,0.298,0.377,-0.044
24,201,0.351,0.433,-0.039
24,202,0.31,0.391,-0.043
24,203,0.278,0.356,-0.046
24,204,0.474,0.556,-0.03
24,205,0.303,0.383,-0.044
24,206,0.293,0.372,-0.045
24,207,0.411,0.494,-0.035
24,208,0.369,0.452,-0.039
24,209,0.412,0.495,-0.036
24,21,0.048,0.079,-0.062
24,210,0.379,0.462,-0.038
24,211,0.532,0.611,-0.027
24,212,0.326,0.407,-0.043
24,213,0.453,0.536,-0.033
24,214,0.313,0.394,-0.045
24,215,0.411,0.494,-0.037
24,216,0.498,0.579,-0.031
24,217,0.419,0.502,-0.037
24,218,0.373,0.456,-0.041
24,219,0.288,0.366,-0.049
24,22,0.19,0.258,-0.041
24,220,0.386,0.469,-0.04
24,221,0.441,0.524,-0.036
24,222,0.409,0.493,-0.039
24,223,0.337,0.419,-0.046
24,224,0.314,0.395,-0.048
24,225,0.146,0.206,-0.071
24,226,0.296,0.375,-0.051
24,227,0.419,0.503,-0.04
24,228,0.252,0.328,-0.057
24,229,0.413,0.497,-0.041
24,23,0.077,0.12,-0.055
24,230,0.383,0.467,-0.044
24,231,0.175,0.241,-0.07
24,232,0.245,0.32,-0.061
24,233,0.354,0.437,-0.049
24,234,0.2,0.269,-0.068
24,235,0.251,0.327,-0.062
24,236,0.235,0.309,-0.065
24,237,0.19,0.257,-0.072
24,238,0.221,0.293,-0.069
24,239,0.182,0.249,-0.076
24,24,0.073,0.113,-0.056
24,240,0.125,0.18,-0.088
24,241,0.167,0.231,-0.08
24,242,0.144,0.203,-0.086
24,243,0.21,0.281,-0.075
24,244,0.129,0.186,-0.092
24,245,0.243,0.318,-0.072
24,246,0.262,0.338,-0.07
24,247,0.202,0.272,-0.08
24,248,0.186,0.253,-0.084
24,249,0.249,0.325,-0.074
24,25,0.119,0.173,-0.049
24,250,0.203,0.272,-0.083
24,251,0.264,0.341,-0.074
24,26,0.224,0.296,-0.038
24,27,0.139,0.197,-0.047
24,28,0.174,0.239,-0.043
24,29,0.105,0.155,-0.052
24,30,0.077,0.119,-0.056
24,31,0.165,0.228,-0.044
24,32,0.06,0.096,-0.06
24,33,0.091,0.138,-0.054
24,34,0.04,0.068,-0.066
24,35,0.042,0.071,-0.065
24,36,0.014,0.028,-0.079
24,37,0.047,0.078,-0.064
24,38,0.04,0.068,-0.066
24,39,0.027,0.049,-0.072
24,40,0.024,0.044,-0.073
24,41,0.013,0.026,-0.081
24,42,0.023,0.042,-0.074
24,43,0.02,0.037,-0.076
24,44,0.043,0.072,-0.067
24,45,0.017,0.033,-0.079
24,46,0.015,0.029,-0.08
24,47,0.062,0.098,-0.062
24,48,0.018,0.033,-0.079
24,49,0.021,0.039,-0.077
24,50,0.04,0.068,-0.068
24,51,0.135,0.193,-0.05
24,52,0.027,0.048,-0.074
24,53,0.026,0.048,-0.074
24,54,0.051,0.084,-0.066
24,55,0.013,0.026,-0.084
24,56,0.082,0.125,-0.059
24,57,0.048,0.079,-0.068
24,58,0.06,0.096,-0.064
24,59,0.053,0.087,-0.066
24,6,0.153,0.215,-0.047
24,60,0.067,0.105,-0.062
24,61,0.072,0.113,-0.062
24,62,0.015,0.029,-0.084
24,63,0.029,0.052,-0.075
24,64,0.026,0.046,-0.078
24,65,0.017,0.032,-0.083
24,66,0.018,0.034,-0.082
24,67,0.014,0.028,-0.086
24,68,0.02,0.037,-0.082
24,69,0.05,0.082,-0.069
24,7,0.151,0.212,-0.048
24,70,0.024,0.044,-0.08
24,71,0.038,0.065,-0.074
24,72,0.017,0.033,-0.085
24,73,0.034,0.059,-0.076
24,74,0.072,0.112,-0.065
24,75,0.03,0.053,-0.079
24,76,0.015,0.029,-0.088
24,77,0.015,0.029,-0.088
24,78,0.03,0.053,-0.08
24,79,0.021,0.039,-0.085
24,8,0.196,0.265,-0.043
24,80,0.017,0.033,-0.088
24,81,0.04,0.069,-0.076
24,82,0.039,0.066,-0.077
24,83,0.028,0.05,-0.082
24,84,0.038,0.064,-0.078
24,85,0.044,0.073,-0.075
24,86,0.037,0.063,-0.079
24,87,0.023,0.042,-0.086
24,88,0.085,0.13,-0.065
24,89,0.079,0.121,-0.067
24,9,0.093,0.139,-0.055
24,90,0.088,0.134,-0.065
24,91,0.046,0.077,-0.077
24,92,0.112,0.164,-0.061
24,93,0.076,0.117,-0.069
24,94,0.062,0.099,-0.072
24,95,0.059,0.094,-0.074
24,96,0.072,0.113,-0.07
24,97,0.065,0.102,-0.073
24,98,0.07,0.11,-0.072
24,99,0.067,0.106,-0.072
25,10,0.367,0.45,-0.029
25,100,0.17,0.235,-0.055
25,101,0.163,0.227,-0.056
25,102,0.198,0.268,-0.052
25,103,0.147,0.207,-0.059
25,104,0.135,0.192,-0.061
25,105,0.105,0.155,-0.066
25,106,0.123,0.178,-0.063
25,107,0.154,0.216,-0.058
25,108,0.18,0.247,-0.055
25,109,0.195,0.263,-0.054
25,11,0.225,0.298,-0.039
25,110,0.132,0.189,-0.062
25,111,0.189,0.256,-0.055
25,112,0.149,0.209,-0.06
25,113,0.184,0.251,-0.056
25,114,0.353,0.435,-0.039
25,115,0.253,0.329,-0.048
25,116,0.266,0.343,-0.047
25,117,0.307,0.387,-0.043
25,118,0.327,0.408,-0.042
25,119,0.313,0.393,-0.043
25,12,0.371,0.454,-0.029
25,120,0.243,0.318,-0.049
25,121,0.339,0.421,-0.041
25,122,0.376,0.459,-0.038
25,123,0.364,0.447,-0.039
25,124,0.317,0.397,-0.043
25,125,0.461,0.544,-0.032
25,126,0.362,0.445,-0.039
25,127,0.389,0.472,-0.037
25,128,0.284,0.363,-0.046
25,129,0.295,0.375,-0.045
25,13,0.508,0.589,-0.021
25,130,0.319,0.4,-0.043
25,131,0.48,0.562,-0.031
25,132,0.606,0.679,-0.022
25,133,0.715,0.774,-0.016
25,134,0.597,0.671,-0.023
25,135,0.614,0.686,-0.022
25,136,0.66,0.727,-0.019
25,137,0.696,0.758,-0.017
25,138,0.646,0.715,-0.02
25,139,0.55,0.628,-0.026
25,14,0.131,0.187,-0.048
25,140,0.368,0.451,-0.039
25,141,0.471,0.553,-0.031
25,142,0.411,0.494,-0.036
25,143,0.337,0.419,-0.042
25,144,0.233,0.307,-0.052
25,145,0.195,0.263,-0.057
25,146,0.315,0.395,-0.044
25,147,0.323,0.405,-0.043
25,148,0.305,0.385,-0.045
25,149,0.179,0.245,-0.059
25,15,0.241,0.315,-0.037
25,150,0.157,0.219,-0.062
25,151,0.214,0.286,-0.054
25,152,0.203,0.273,-0.055
25,153,0.238,0.312,-0.051
25,154,0.253,0.329,-0.05
25,155,0.193,0.261,-0.056
25,156,0.138,0.196,-0.064
25,157,0.168,0.233,-0.06
25,158,0.146,0.206,-0.063
25,159,0.147,0.208,-0.063
25,16,0.37,0.453,-0.028
25,160,0.126,0.182,-0.066
25,161,0.181,0.248,-0.058
25,162,0.253,0.329,-0.049
25,163,0.28,0.359,-0.046
25,164,0.344,0.426,-0.041
25,165,0.352,0.434,-0.04
25,166,0.207,0.277,-0.054
25,167,0.266,0.343,-0.048
25,168,0.309,0.389,-0.043
25,169,0.401,0.485,-0.036
25,17,0.265,0.342,-0.035
25,170,0.372,0.455,-0.038
25,171,0.431,0.515,-0.033
25,172,0.298,0.378,-0.044
25,173,0.364,0.447,-0.038
25,174,0.361,0.444,-0.039
25,175,0.368,0.451,-0.038
25,176,0.394,0.478,-0.036
25,177,0.56,0.637,-0.025
25,178,0.394,0.477,-0.036
25,179,0.433,0.516,-0.033
25,18,0.147,0.207,-0.046
25,180,0.469,0.551,-0.03
25,181,0.316,0.397,-0.042
25,182,0.361,0.443,-0.038
25,183,0.32,0.401,-0.042
25,184,0.243,0.317,-0.049
25,185,0.247,0.323,-0.048
25,186,0.338,0.42,-0.04
25,187,0.237,0.311,-0.049
25,188,0.296,0.375,-0.044
25,189,0.243,0.318,-0.049
25,19,0.205,0.275,-0.04
25,190,0.25,0.325,-0.048
25,191,0.189,0.257,-0.055
25,192,0.213,0.285,-0.052
25,193,0.261,0.338,-0.047
25,194,0.204,0.274,-0.053
25,195,0.236,0.31,-0.049
25,196,0.319,0.4,-0.042
25,197,0.326,0.407,-0.041
25,198,0.421,0.504,-0.034
25,199,0.293,0.373,-0.044
25,20,0.296,0.375,-0.033
25,200,0.39,0.473,-0.036
25,201,0.467,0.55,-0.031
25,202,0.503,0.584,-0.028
25,203,0.47,0.552,-0.03
25,204,0.426,0.509,-0.034
25,205,0.295,0.374,-0.045
25,206,0.398,0.482,-0.036
25,207,0.568,0.645,-0.024
25,208,0.574,0.65,-0.024
25,209,0.257,0.333,-0.049
25,21,0.114,0.167,-0.05
25,210,0.397,0.48,-0.037
25,211,0.419,0.502,-0.035
25,212,0.599,0.672,-0.023
25,213,0.633,0.704,-0.021
25,214,0.405,0.489,-0.037
25,215,0.326,0.407,-0.044
25,216,0.423,0.506,-0.036
25,217,0.524,0.603,-0.029
25,218,0.421,0.504,-0.037
25,219,0.252,0.328,-0.052
25,22,0.288,0.367,-0.033
25,220,0.312,0.392,-0.047
25,221,0.415,0.498,-0.038
25,222,0.354,0.436,-0.043
25,223,0.404,0.487,-0.039
25,224,0.526,0.606,-0.03
25,225,0.335,0.417,-0.046
25,226,0.374,0.457,-0.043
25,227,0.311,0.391,-0.05
25,228,0.307,0.387,-0.051
25,229,0.327,0.409,-0.049
25,23,0.224,0.296,-0.038
25,230,0.382,0.465,-0.044
25,231,0.363,0.446,-0.047
25,232,0.514,0.594,-0.034
25,233,0.317,0.397,-0.052
25,234,0.28,0.358,-0.057
25,235,0.378,0.461,-0.047
25,236,0.29,0.369,-0.057
25,237,0.285,0.363,-0.059
25,238,0.231,0.305,-0.066
25,239,0.265,0.342,-0.063
25,24,0.116,0.17,-0.049
25,240,0.343,0.425,-0.054
25,241,0.313,0.394,-0.058
25,242,0.289,0.368,-0.062
25,243,0.328,0.41,-0.058
25,244,0.232,0.306,-0.072
25,245,0.269,0.347,-0.067
25,246,0.251,0.326,-0.071
25,247,0.271,0.348,-0.069
25,248,0.418,0.501,-0.052
25,249,0.363,0.445,-0.059
25,25,0.211,0.282,-0.039
25,250,0.332,0.414,-0.063
25,251,0.359,0.442,-0.06
25,26,0.316,0.397,-0.032
25,27,0.283,0.362,-0.034
25,28,0.228,0.301,-0.038
25,29,0.253,0.328,-0.036
25,30,0.256,0.332,-0.036
25,31,0.101,0.15,-0.052
25,32,0.115,0.168,-0.05
25,33,0.217,0.289,-0.039
25,34,0.254,0.33,-0.036
25,35,0.275,0.353,-0.035
25,36,0.262,0.339,-0.036
25,37,0.122,0.176,-0.05
25,38,0.174,0.239,-0.044
25,39,0.101,0.15,-0.053
25,40,0.127,0.182,-0.05
25,41,0.142,0.201,-0.048
25,42,0.093,0.141,-0.055
25,43,0.189,0.257,-0.043
25,44,0.153,0.214,-0.047
25,45,0.074,0.116,-0.059
25,46,0.068,0.107,-0.06
25,47,0.138,0.196,-0.049
25,48,0.033,0.057,-0.071
25,49,0.038,0.065,-0.069
25,50,0.104,0.155,-0.054
25,51,0.083,0.127,-0.058
25,52,0.181,0.247,-0.045
25,53,0.09,0.136,-0.057
25,54,0.098,0.147,-0.056
25,55,0.101,0.15,-0.056
25,56,0.183,0.25,-0.045
25,57,0.055,0.09,-0.065
25,58,0.081,0.124,-0.06
25,59,0.075,0.116,-0.061
25,6,0.373,0.456,-0.03
25,60,0.12,0.175,-0.053
25,61,0.258,0.334,-0.039
25,62,0.21,0.281,-0.043
25,63,0.122,0.177,-0.054
25,64,0.176,0.242,-0.047
25,65,0.137,0.195,-0.052
25,66,0.177,0.242,-0.047
25,67,0.088,0.133,-0.06
25,68,0.279,0.357,-0.038
25,69,0.193,0.262,-0.046
25,7,0.357,0.44,-0.031
25,70,0.194,0.263,-0.046
25,71,0.236,0.31,-0.042
25,72,0.245,0.32,-0.042
25,73,0.246,0.321,-0.042
25,74,0.196,0.265,-0.047
25,75,0.141,0.2,-0.053
25,76,0.248,0.323,-0.042
25,77,0.175,0.24,-0.05
25,78,0.104,0.154,-0.06
25,79,0.129,0.185,-0.056
25,8,0.485,0.567,-0.023
25,80,0.117,0.171,-0.058
25,81,0.101,0.15,-0.061
25,82,0.116,0.169,-0.059
25,83,0.183,0.249,-0.05
25,84,0.104,0.155,-0.061
25,85,0.108,0.159,-0.061
25,86,0.102,0.151,-0.062
25,87,0.105,0.155,-0.062
25,88,0.126,0.181,-0.058
25,89,0.112,0.164,-0.061
25,9,0.162,0.225,-0.046
25,90,0.089,0.134,-0.066
25,91,0.112,0.164,-0.062
25,92,0.175,0.241,-0.053
25,93,0.225,0.297,-0.047
25,94,0.372,0.455,-0.035
25,95,0.273,0.351,-0.043
25,96,0.131,0.187,-0.06
25,97,0.143,0.202,-0.058
25,98,0.079,0.122,-0.07
25,99,0.142,0.201,-0.059
26,10,0.113,0.165,-0.052
26,100,0.088,0.133,-0.069
26,101,0.134,0.191,-0.061
26,102,0.096,0.144,-0.068
26,103,0.071,0.111,-0.074
26,104,0.088,0.133,-0.07
26,105,0.233,0.307,-0.049
26,106,0.25,0.325,-0.048
26,107,0.156,0.217,-0.059
26,108,0.202,0.271,-0.053
26,109,0.25,0.326,-0.048
26,11,0.167,0.231,-0.045
26,110,0.143,0.202,-0.061
26,111,0.234,0.308,-0.05
26,112,0.266,0.343,-0.047
26,113,0.222,0.294,-0.052
26,114,0.277,0.355,-0.046
26,115,0.368,0.451,-0.038
26,116,0.294,0.373,-0.045
26,117,0.217,0.288,-0.053
26,118,0.232,0.305,-0.051
26,119,0.174,0.239,-0.059
26,12,0.216,0.288,-0.04
26,120,0.293,0.373,-0.045
26,121,0.306,0.387,-0.044
26,122,0.287,0.366,-0.046
26,123,0.236,0.311,-0.051
26,124,0.281,0.36,-0.047
26,125,0.287,0.365,-0.046
26,126,0.228,0.301,-0.052
26,127,0.222,0.295,-0.053
26,128,0.313,0.394,-0.044
26,129,0.329,0.41,-0.042
26,13,0.143,0.202,-0.047
26,130,0.328,0.409,-0.043
26,131,0.199,0.268,-0.056
26,132,0.377,0.46,-0.039
26,133,0.331,0.413,-0.042
26,134,0.25,0.326,-0.05
26,135,0.294,0.373,-0.046
26,136,0.374,0.457,-0.039
26,137,0.326,0.407,-0.043
26,138,0.205,0.276,-0.056
26,139,0.154,0.216,-0.063
26,14,0.218,0.289,-0.04
26,140,0.193,0.262,-0.057
26,141,0.267,0.344,-0.049
26,142,0.429,0.512,-0.035
26,143,0.356,0.439,-0.041
26,144,0.217,0.289,-0.054
26,145,0.177,0.243,-0.06
26,146,0.178,0.245,-0.059
26,147,0.197,0.266,-0.057
26,148,0.182,0.248,-0.059
26,149,0.156,0.217,-0.063
26,15,0.069,0.109,-0.058
26,150,0.124,0.179,-0.068
26,151,0.17,0.235,-0.06
26,152,0.196,0.264,-0.057
26,153,0.176,0.242,-0.059
26,154,0.178,0.244,-0.059
26,155,0.172,0.237,-0.06
26,156,0.28,0.358,-0.047
26,157,0.157,0.219,-0.062
26,158,0.19,0.258,-0.057
26,159,0.281,0.359,-0.047
26,16,0.129,0.185,-0.048
26,160,0.272,0.35,-0.048
26,161,0.22,0.292,-0.053
26,162,0.158,0.22,-0.061
26,163,0.191,0.259,-0.057
26,164,0.248,0.324,-0.05
26,165,0.3,0.38,-0.045
26,166,0.259,0.335,-0.049
26,167,0.376,0.459,-0.038
26,168,0.294,0.374,-0.045
26,169,0.221,0.293,-0.053
26,17,0.18,0.246,-0.042
26,170,0.266,0.343,-0.048
26,171,0.278,0.357,-0.046
26,172,0.324,0.406,-0.042
26,173,0.344,0.426,-0.04
26,174,0.496,0.577,-0.029
26,175,0.377,0.46,-0.038
26,176,0.327,0.408,-0.042
26,177,0.281,0.359,-0.046
26,178,0.409,0.492,-0.035
26,179,0.457,0.54,-0.031
26,18,0.189,0.257,-0.042
26,180,0.344,0.426,-0.04
26,181,0.45,0.533,-0.032
26,182,0.435,0.518,-0.033
26,183,0.316,0.396,-0.042
26,184,0.433,0.516,-0.033
26,185,0.372,0.455,-0.037
26,186,0.362,0.445,-0.038
26,187,0.374,0.457,-0.037
26,188,0.451,0.534,-0.032
26,189,0.402,0.486,-0.035
26,19,0.127,0.183,-0.048
26,190,0.271,0.349,-0.046
26,191,0.274,0.352,-0.046
26,192,0.272,0.35,-0.046
26,193,0.362,0.445,-0.038
26,194,0.284,0.362,-0.045
26,195,0.364,0.446,-0.038
26,196,0.356,0.438,-0.039
26,197,0.337,0.418,-0.04
26,198,0.351,0.433,-0.039
26,199,0.348,0.43,-0.039
26,20,0.092,0.139,-0.053
26,200,0.283,0.362,-0.045
26,201,0.437,0.52,-0.033
26,202,0.3,0.38,-0.044
26,203,0.557,0.634,-0.025
26,204,0.368,0.45,-0.038
26,205,0.397,0.48,-0.036
26,206,0.492,0.573,-0.029
26,207,0.442,0.525,-0.033
26,208,0.599,0.672,-0.023
26,209,0.382,0.465,-0.038
26,21,0.177,0.243,-0.043
26,210,0.356,0.438,-0.04
26,211,0.688,0.751,-0.018
26,212,0.564,0.641,-0.025
26,213,0.416,0.499,-0.036
26,214,0.349,0.431,-0.041
26,215,0.432,0.515,-0.035
26,216,0.372,0.455,-0.04
26,217,0.423,0.506,-0.036
26,218,0.393,0.476,-0.039
26,219,0.235,0.309,-0.054
26,22,0.186,0.253,-0.042
26,220,0.301,0.381,-0.047
26,221,0.377,0.46,-0.041
26,222,0.392,0.475,-0.04
26,223,0.263,0.34,-0.053
26,224,0.414,0.497,-0.039
26,225,0.579,0.655,-0.027
26,226,0.417,0.5,-0.039
26,227,0.288,0.366,-0.052
26,228,0.402,0.485,-0.041
26,229,0.405,0.488,-0.041
26,23,0.132,0.189,-0.048
26,230,0.301,0.381,-0.052
26,231,0.246,0.321,-0.059
26,232,0.248,0.323,-0.06
26,233,0.375,0.458,-0.046
26,234,0.272,0.35,-0.058
26,235,0.245,0.32,-0.062
26,236,0.319,0.4,-0.054
26,237,0.231,0.304,-0.066
26,238,0.259,0.336,-0.063
26,239,0.355,0.437,-0.052
26,24,0.104,0.154,-0.051
26,240,0.359,0.441,-0.052
26,241,0.25,0.326,-0.066
26,242,0.327,0.408,-0.057
26,243,0.302,0.382,-0.061
26,244,0.322,0.403,-0.059
26,245,0.332,0.414,-0.059
26,246,0.483,0.565,-0.043
26,247,0.374,0.456,-0.056
26,248,0.302,0.381,-0.066
26,249,0.29,0.369,-0.068
26,25,0.185,0.252,-0.042
26,250,0.304,0.384,-0.067
26,251,0.316,0.396,-0.066
26,26,0.113,0.165,-0.05
26,27,0.054,0.088,-0.061
26,28,0.144,0.203,-0.047
26,29,0.087,0.132,-0.054
26,30,0.069,0.109,-0.058
26,31,0.087,0.132,-0.054
26,32,0.086,0.13,-0.055
26,33,0.249,0.325,-0.037
26,34,0.187,0.254,-0.042
26,35,0.134,0.192,-0.048
26,36,0.112,0.164,-0.051
26,37,0.16,0.222,-0.045
26,38,0.115,0.168,-0.051
26,39,0.124,0.178,-0.05
26,40,0.094,0.141,-0.054
26,41,0.064,0.101,-0.06
26,42,0.086,0.131,-0.056
26,43,0.098,0.146,-0.054
26,44,0.055,0.089,-0.063
26,45,0.141,0.2,-0.049
26,46,0.069,0.108,-0.06
26,47,0.053,0.087,-0.064
26,48,0.069,0.108,-0.061
26,49,0.058,0.093,-0.063
26,50,0.021,0.039,-0.078
26,51,0.058,0.094,-0.064
26,52,0.108,0.159,-0.054
26,53,0.138,0.197,-0.05
26,54,0.07,0.11,-0.061
26,55,0.079,0.122,-0.06
26,56,0.042,0.071,-0.07
26,57,0.071,0.111,-0.062
26,58,0.101,0.15,-0.056
26,59,0.146,0.206,-0.05
26,6,0.189,0.256,-0.045
26,60,0.085,0.129,-0.06
26,61,0.088,0.133,-0.059
26,62,0.186,0.254,-0.046
26,63,0.108,0.159,-0.056
26,64,0.107,0.158,-0.057
26,65,0.124,0.179,-0.054
26,66,0.099,0.147,-0.058
26,67,0.106,0.156,-0.058
26,68,0.202,0.271,-0.045
26,69,0.156,0.219,-0.051
26,7,0.166,0.23,-0.047
26,70,0.078,0.121,-0.063
26,71,0.052,0.085,-0.07
26,72,0.089,0.134,-0.061
26,73,0.073,0.113,-0.065
26,74,0.113,0.165,-0.058
26,75,0.123,0.178,-0.056
26,76,0.114,0.166,-0.058
26,77,0.082,0.126,-0.064
26,78,0.075,0.116,-0.066
26,79,0.079,0.122,-0.065
26,8,0.094,0.142,-0.056
26,80,0.075,0.117,-0.066
26,81,0.039,0.067,-0.077
26,82,0.036,0.062,-0.079
26,83,0.103,0.153,-0.062
26,84,0.048,0.079,-0.075
26,85,0.108,0.159,-0.062
26,86,0.153,0.215,-0.055
26,87,0.116,0.169,-0.06
26,88,0.076,0.117,-0.069
26,89,0.071,0.112,-0.07
26,9,0.303,0.383,-0.034
26,90,0.083,0.127,-0.068
26,91,0.093,0.14,-0.066
26,92,0.179,0.246,-0.053
26,93,0.133,0.19,-0.059
26,94,0.127,0.183,-0.06
26,95,0.165,0.228,-0.055
26,96,0.216,0.288,-0.049
26,97,0.132,0.189,-0.06
26,98,0.123,0.178,-0.062
26,99,0.118,0.171,-0.063
27,10,0.191,0.259,-0.043
27,100,0.131,0.188,-0.062
27,101,0.134,0.191,-0.061
27,102,0.105,0.156,-0.067
27,103,0.109,0.161,-0.066
27,104,0.091,0.138,-0.07
27,105,0.099,0.148,-0.069
27,106,0.083,0.128,-0.072
27,107,0.132,0.189,-0.063
27,108,0.079,0.121,-0.074
27,109,0.067,0.106,-0.077
27,11,0.136,0.194,-0.048
27,110,0.102,0.151,-0.069
27,111,0.116,0.169,-0.066
27,112,0.115,0.168,-0.067
27,113,0.281,0.36,-0.046
27,114,0.272,0.35,-0.047
27,115,0.314,0.395,-0.043
27,116,0.365,0.447,-0.039
27,117,0.295,0.374,-0.045
27,118,0.24,0.314,-0.051
27,119,0.258,0.334,-0.049
27,12,0.156,0.218,-0.045
27,120,0.212,0.284,-0.054
27,121,0.101,0.151,-0.071
27,122,0.208,0.279,-0.055
27,123,0.208,0.279,-0.055
27,124,0.188,0.256,-0.057
27,125,0.162,0.225,-0.061
27,126,0.159,0.221,-0.062
27,127,0.208,0.279,-0.055
27,128,0.206,0.276,-0.056
27,129,0.234,0.308,-0.052
27,13,0.202,0.271,-0.041
27,130,0.195,0.264,-0.057
27,131,0.172,0.237,-0.06
27,132,0.245,0.32,-0.051
27,133,0.229,0.303,-0.053
27,134,0.196,0.265,-0.057
27,135,0.266,0.343,-0.049
27,136,0.276,0.354,-0.048
27,137,0.386,0.469,-0.039
27,138,0.26,0.336,-0.05
27,139,0.337,0.419,-0.043
27,14,0.16,0.222,-0.045
27,140,0.278,0.356,-0.048
27,141,0.159,0.221,-0.063
27,142,0.246,0.321,-0.052
27,143,0.241,0.316,-0.052
27,144,0.306,0.386,-0.046
27,145,0.327,0.408,-0.044
27,146,0.296,0.376,-0.047
27,147,0.257,0.333,-0.05
27,148,0.347,0.429,-0.042
27,149,0.225,0.298,-0.054
27,15,0.34,0.422,-0.03
27,150,0.196,0.265,-0.057
27,151,0.252,0.327,-0.051
27,152,0.261,0.338,-0.05
27,153,0.169,0.234,-0.061
27,154,0.174,0.24,-0.06
27,155,0.162,0.225,-0.062
27,156,0.179,0.245,-0.059
27,157,0.228,0.301,-0.053
27,158,0.185,0.252,-0.058
27,159,0.214,0.286,-0.055
27,16,0.177,0.242,-0.043
27,160,0.178,0.244,-0.059
27,161,0.148,0.208,-0.063
27,162,0.15,0.21,-0.063
27,163,0.093,0.139,-0.074
27,164,0.245,0.32,-0.051
27,165,0.255,0.331,-0.05
27,166,0.151,0.212,-0.062
27,167,0.106,0.156,-0.07
27,168,0.09,0.136,-0.073
27,169,0.137,0.195,-0.064
27,17,0.176,0.242,-0.043
27,170,0.265,0.342,-0.048
27,171,0.253,0.329,-0.049
27,172,0.263,0.34,-0.048
27,173,0.218,0.29,-0.053
27,174,0.125,0.18,-0.066
27,175,0.244,0.319,-0.05
27,176,0.297,0.377,-0.044
27,177,0.28,0.358,-0.046
27,178,0.372,0.455,-0.038
27,179,0.21,0.281,-0.053
27,18,0.324,0.405,-0.031
27,180,0.343,0.425,-0.04
27,181,0.392,0.475,-0.036
27,182,0.271,0.349,-0.047
27,183,0.273,0.35,-0.046
27,184,0.222,0.294,-0.052
27,185,0.174,0.239,-0.057
27,186,0.249,0.325,-0.049
27,187,0.247,0.323,-0.049
27,188,0.19,0.258,-0.055
27,189,0.195,0.264,-0.054
27,19,0.504,0.585,-0.021
27,190,0.201,0.27,-0.054
27,191,0.232,0.306,-0.05
27,192,0.167,0.232,-0.058
27,193,0.253,0.328,-0.048
27,194,0.33,0.411,-0.041
27,195,0.413,0.497,-0.034
27,196,0.387,0.47,-0.036
27,197,0.255,0.331,-0.048
27,198,0.242,0.317,-0.049
27,199,0.251,0.326,-0.048
27,20,0.231,0.304,-0.038
27,200,0.172,0.237,-0.057
27,201,0.218,0.29,-0.052
27,202,0.244,0.319,-0.049
27,203,0.269,0.346,-0.047
27,204,0.297,0.376,-0.044
27,205,0.386,0.469,-0.037
27,206,0.304,0.384,-0.044
27,207,0.326,0.407,-0.042
27,208,0.257,0.333,-0.049
27,209,0.354,0.436,-0.04
27,21,0.157,0.219,-0.045
27,210,0.342,0.424,-0.041
27,211,0.382,0.465,-0.038
27,212,0.319,0.399,-0.043
27,213,0.233,0.306,-0.052
27,214,0.354,0.436,-0.041
27,215,0.371,0.454,-0.039
27,216,0.304,0.385,-0.046
27,217,0.262,0.339,-0.05
27,218,0.227,0.3,-0.054
27,219,0.27,0.348,-0.05
27,22,0.239,0.314,-0.037
27,220,0.263,0.339,-0.051
27,221,0.199,0.268,-0.059
27,222,0.234,0.308,-0.055
27,223,0.164,0.228,-0.065
27,224,0.222,0.294,-0.057
27,225,0.332,0.413,-0.046
27,226,0.309,0.389,-0.049
27,227,0.258,0.334,-0.055
27,228,0.206,0.277,-0.062
27,229,0.304,0.384,-0.051
27,23,0.272,0.35,-0.035
27,230,0.325,0.406,-0.049
27,231,0.301,0.381,-0.052
27,232,0.315,0.396,-0.051
27,233,0.216,0.288,-0.064
27,234,0.224,0.296,-0.064
27,235,0.291,0.37,-0.056
27,236,0.236,0.31,-0.064
27,237,0.256,0.332,-0.062
27,238,0.355,0.438,-0.051
27,239,0.29,0.37,-0.059
27,24,0.28,0.358,-0.034
27,240,0.417,0.5,-0.046
27,241,0.296,0.375,-0.06
27,242,0.376,0.459,-0.051
27,243,0.389,0.472,-0.051
27,244,0.357,0.44,-0.055
27,245,0.456,0.538,-0.045
27,246,0.489,0.57,-0.043
27,247,0.449,0.531,-0.047
27,248,0.456,0.539,-0.047
27,249,0.57,0.647,-0.036
27,25,0.164,0.227,-0.044
27,250,0.485,0.567,-0.045
27,251,0.423,0.506,-0.052
27,26,0.359,0.441,-0.029
27,27,0.315,0.395,-0.032
27,28,0.167,0.231,-0.044
27,29,0.253,0.329,-0.036
27,30,0.14,0.199,-0.047
27,31,0.129,0.185,-0.048
27,32,0.244,0.319,-0.037
27,33,0.172,0.237,-0.044
27,34,0.07,0.11,-0.058
27,35,0.024,0.044,-0.072
27,36,0.046,0.076,-0.064
27,37,0.05,0.083,-0.063
27,38,0.062,0.099,-0.06
27,39,0.051,0.083,-0.063
27,40,0.088,0.133,-0.056
27,41,0.029,0.051,-0.071
27,42,0.049,0.081,-0.064
27,43,0.052,0.086,-0.064
27,44,0.103,0.153,-0.054
27,45,0.133,0.19,-0.049
27,46,0.131,0.188,-0.05
27,47,0.04,0.067,-0.069
27,48,0.231,0.305,-0.04
27,49,0.149,0.21,-0.048
27,50,0.103,0.152,-0.055
27,51,0.113,0.166,-0.053
27,52,0.06,0.096,-0.064
27,53,0.141,0.199,-0.05
27,54,0.058,0.093,-0.065
27,55,0.116,0.169,-0.054
27,56,0.161,0.223,-0.048
27,57,0.13,0.186,-0.052
27,58,0.046,0.077,-0.069
27,59,0.136,0.194,-0.052
27,6,0.105,0.155,-0.054
27,60,0.196,0.264,-0.045
27,61,0.175,0.24,-0.047
27,62,0.114,0.167,-0.055
27,63,0.136,0.194,-0.052
27,64,0.152,0.213,-0.051
27,65,0.11,0.161,-0.057
27,66,0.102,0.151,-0.058
27,67,0.104,0.154,-0.058
27,68,0.16,0.222,-0.05
27,69,0.067,0.106,-0.066
27,7,0.161,0.224,-0.046
27,70,0.112,0.164,-0.057
27,71,0.1,0.149,-0.06
27,72,0.059,0.095,-0.068
27,73,0.058,0.093,-0.069
27,74,0.111,0.163,-0.058
27,75,0.079,0.122,-0.064
27,76,0.134,0.192,-0.055
27,77,0.133,0.19,-0.056
27,78,0.048,0.079,-0.074
27,79,0.065,0.103,-0.068
27,8,0.116,0.169,-0.052
27,80,0.076,0.117,-0.067
27,81,0.153,0.215,-0.054
27,82,0.089,0.134,-0.064
27,83,0.069,0.109,-0.069
27,84,0.051,0.084,-0.075
27,85,0.071,0.111,-0.069
27,86,0.094,0.141,-0.065
27,87,0.149,0.21,-0.056
27,88,0.106,0.156,-0.063
27,89,0.053,0.087,-0.076
27,9,0.255,0.331,-0.037
27,90,0.148,0.209,-0.057
27,91,0.101,0.151,-0.065
27,92,0.11,0.161,-0.063
27,93,0.08,0.123,-0.069
27,94,0.086,0.13,-0.069
27,95,0.097,0.145,-0.066
27,96,0.134,0.191,-0.06
27,97,0.11,0.162,-0.065
27,98,0.101,0.15,-0.067
27,99,0.11,0.162,-0.065
28,10,0.23,0.303,-0.039
28,100,0.295,0.374,-0.043
28,101,0.283,0.362,-0.044
28,102,0.233,0.307,-0.05
28,103,0.258,0.334,-0.047
28,104,0.328,0.409,-0.041
28,105,0.238,0.312,-0.05
28,106,0.244,0.319,-0.049
28,107,0.238,0.312,-0.05
28,108,0.137,0.196,-0.063
28,109,0.166,0.23,-0.059
28,11,0.199,0.268,-0.041
28,110,0.192,0.26,-0.056
28,111,0.229,0.302,-0.051
28,112,0.21,0.28,-0.054
28,113,0.278,0.356,-0.047
28,114,0.461,0.544,-0.032
28,115,0.334,0.415,-0.042
28,116,0.323,0.404,-0.043
28,117,0.371,0.454,-0.039
28,118,0.43,0.513,-0.034
28,119,0.423,0.506,-0.035
28,12,0.231,0.304,-0.038
28,120,0.332,0.414,-0.042
28,121,0.398,0.482,-0.037
28,122,0.322,0.403,-0.043
28,123,0.375,0.458,-0.039
28,124,0.259,0.335,-0.05
28,125,0.295,0.374,-0.046
28,126,0.458,0.541,-0.033
28,127,0.352,0.434,-0.041
28,128,0.303,0.383,-0.046
28,129,0.393,0.476,-0.038
28,13,0.124,0.179,-0.049
28,130,0.261,0.338,-0.05
28,131,0.227,0.3,-0.054
28,132,0.404,0.487,-0.037
28,133,0.313,0.394,-0.045
28,134,0.399,0.482,-0.038
28,135,0.323,0.404,-0.044
28,136,0.279,0.357,-0.048
28,137,0.312,0.392,-0.045
28,138,0.252,0.328,-0.051
28,139,0.335,0.417,-0.043
28,14,0.231,0.304,-0.038
28,140,0.357,0.44,-0.041
28,141,0.324,0.405,-0.044
28,142,0.437,0.52,-0.035
28,143,0.348,0.43,-0.042
28,144,0.4,0.483,-0.038
28,145,0.371,0.453,-0.04
28,146,0.247,0.322,-0.052
28,147,0.255,0.331,-0.051
28,148,0.163,0.227,-0.062
28,149,0.287,0.366,-0.047
28,15,0.4,0.483,-0.027
28,150,0.269,0.347,-0.049
28,151,0.281,0.359,-0.048
28,152,0.313,0.393,-0.045
28,153,0.257,0.333,-0.051
28,154,0.282,0.361,-0.048
28,155,0.233,0.307,-0.053
28,156,0.213,0.284,-0.055
28,157,0.237,0.311,-0.053
28,158,0.211,0.282,-0.056
28,159,0.146,0.206,-0.064
28,16,0.37,0.453,-0.028
28,160,0.126,0.182,-0.068
28,161,0.21,0.28,-0.055
28,162,0.138,0.196,-0.065
28,163,0.123,0.178,-0.068
28,164,0.211,0.282,-0.055
28,165,0.135,0.193,-0.065
28,166,0.159,0.222,-0.062
28,167,0.18,0.246,-0.058
28,168,0.169,0.233,-0.06
28,169,0.195,0.263,-0.056
28,17,0.188,0.255,-0.042
28,170,0.215,0.286,-0.054
28,171,0.281,0.359,-0.047
28,172,0.297,0.377,-0.045
28,173,0.239,0.313,-0.051
28,174,0.25,0.326,-0.05
28,175,0.345,0.427,-0.041
28,176,0.426,0.51,-0.034
28,177,0.314,0.395,-0.043
28,178,0.238,0.312,-0.051
28,179,0.254,0.329,-0.049
28,18,0.339,0.421,-0.03
28,180,0.321,0.402,-0.042
28,181,0.343,0.425,-0.04
28,182,0.348,0.43,-0.04
28,183,0.449,0.532,-0.032
28,184,0.306,0.386,-0.043
28,185,0.361,0.444,-0.039
28,186,0.288,0.366,-0.045
28,187,0.344,0.427,-0.04
28,188,0.401,0.484,-0.035
28,189,0.314,0.394,-0.042
28,19,0.24,0.314,-0.037
28,190,0.294,0.373,-0.044
28,191,0.239,0.314,-0.049
28,192,0.181,0.247,-0.056
28,193,0.316,0.397,-0.042
28,194,0.298,0.378,-0.044
28,195,0.241,0.315,-0.049
28,196,0.328,0.41,-0.041
28,197,0.399,0.482,-0.035
28,198,0.34,0.422,-0.04
28,199,0.253,0.328,-0.048
28,20,0.202,0.272,-0.04
28,200,0.235,0.309,-0.05
28,201,0.284,0.363,-0.045
28,202,0.352,0.435,-0.039
28,203,0.424,0.507,-0.034
28,204,0.502,0.583,-0.028
28,205,0.373,0.456,-0.038
28,206,0.492,0.574,-0.029
28,207,0.596,0.67,-0.023
28,208,0.574,0.65,-0.024
28,209,0.594,0.668,-0.023
28,21,0.218,0.29,-0.039
28,210,0.485,0.567,-0.03
28,211,0.705,0.766,-0.016
28,212,0.834,0.873,-0.009
28,213,0.512,0.592,-0.029
28,214,0.596,0.67,-0.023
28,215,0.602,0.676,-0.023
28,216,0.634,0.704,-0.021
28,217,0.525,0.605,-0.028
28,218,0.321,0.402,-0.044
28,219,0.489,0.571,-0.031
28,22,0.287,0.365,-0.034
28,220,0.419,0.503,-0.037
28,221,0.472,0.554,-0.033
28,222,0.519,0.599,-0.03
28,223,0.482,0.564,-0.033
28,224,0.602,0.676,-0.024
28,225,0.38,0.463,-0.041
28,226,0.372,0.454,-0.043
28,227,0.629,0.7,-0.023
28,228,0.541,0.62,-0.03
28,229,0.332,0.414,-0.048
28,23,0.299,0.378,-0.033
28,230,0.281,0.359,-0.053
28,231,0.446,0.529,-0.038
28,232,0.322,0.403,-0.05
28,233,0.346,0.429,-0.048
28,234,0.344,0.426,-0.049
28,235,0.341,0.423,-0.05
28,236,0.231,0.305,-0.064
28,237,0.267,0.344,-0.06
28,238,0.349,0.432,-0.051
28,239,0.356,0.438,-0.051
28,24,0.095,0.142,-0.053
28,240,0.283,0.361,-0.06
28,241,0.225,0.298,-0.069
28,242,0.299,0.379,-0.06
28,243,0.301,0.38,-0.06
28,244,0.289,0.368,-0.063
28,245,0.319,0.4,-0.06
28,246,0.403,0.486,-0.051
28,247,0.265,0.343,-0.069
28,248,0.295,0.375,-0.066
28,249,0.445,0.528,-0.049
28,25,0.143,0.203,-0.046
28,250,0.468,0.55,-0.047
28,251,0.432,0.515,-0.051
28,26,0.122,0.177,-0.049
28,27,0.08,0.123,-0.056
28,28,0.042,0.07,-0.065
28,29,0.129,0.186,-0.049
28,30,0.078,0.121,-0.056
28,31,0.094,0.141,-0.054
28,32,0.117,0.171,-0.05
28,33,0.072,0.112,-0.058
28,34,0.137,0.195,-0.048
28,35,0.173,0.238,-0.044
28,36,0.076,0.118,-0.057
28,37,0.097,0.145,-0.054
28,38,0.097,0.145,-0.054
28,39,0.126,0.182,-0.05
28,40,0.106,0.157,-0.053
28,41,0.154,0.215,-0.047
28,42,0.101,0.15,-0.054
28,43,0.123,0.178,-0.051
28,44,0.1,0.149,-0.054
28,45,0.075,0.116,-0.059
28,46,0.172,0.237,-0.046
28,47,0.061,0.097,-0.062
28,48,0.072,0.113,-0.06
28,49,0.137,0.195,-0.05
28,50,0.065,0.103,-0.062
28,51,0.137,0.195,-0.05
28,52,0.055,0.089,-0.065
28,53,0.078,0.12,-0.06
28,54,0.153,0.214,-0.049
28,55,0.151,0.212,-0.049
28,56,0.166,0.23,-0.048
28,57,0.051,0.084,-0.067
28,58,0.161,0.224,-0.049
28,59,0.126,0.181,-0.053
28,6,0.456,0.538,-0.025
28,60,0.095,0.142,-0.058
28,61,0.047,0.079,-0.069
28,62,0.156,0.218,-0.05
28,63,0.075,0.116,-0.063
28,64,0.05,0.082,-0.069
28,65,0.044,0.074,-0.072
28,66,0.107,0.158,-0.058
28,67,0.04,0.068,-0.074
28,68,0.064,0.102,-0.067
28,69,0.142,0.201,-0.053
28,7,0.364,0.447,-0.03
28,70,0.076,0.118,-0.064
28,71,0.075,0.116,-0.065
28,72,0.04,0.068,-0.075
28,73,0.085,0.13,-0.063
28,74,0.087,0.133,-0.063
28,75,0.094,0.141,-0.062
28,76,0.075,0.116,-0.066
28,77,0.077,0.119,-0.066
28,78,0.058,0.093,-0.071
28,79,0.128,0.184,-0.058
28,8,0.391,0.474,-0.028
28,80,0.265,0.342,-0.042
28,81,0.212,0.283,-0.048
28,82,0.142,0.201,-0.056
28,83,0.143,0.203,-0.056
28,84,0.122,0.176,-0.06
28,85,0.133,0.191,-0.058
28,86,0.152,0.213,-0.056
28,87,0.079,0.122,-0.069
28,88,0.21,0.281,-0.049
28,89,0.13,0.187,-0.06
28,9,0.177,0.243,-0.044
28,90,0.144,0.204,-0.058
28,91,0.201,0.27,-0.051
28,92,0.297,0.377,-0.042
28,93,0.249,0.325,-0.046
28,94,0.179,0.246,-0.054
28,95,0.193,0.261,-0.053
28,96,0.195,0.264,-0.053
28,97,0.187,0.254,-0.054
28,98,0.152,0.213,-0.059
28,99,0.149,0.209,-0.059
29,10,0.145,0.204,-0.048
29,100,0.256,0.332,-0.047
29,101,0.274,0.352,-0.046
29,102,0.259,0.336,-0.047
29,103,0.27,0.348,-0.046
29,104,0.193,0.262,-0.055
29,105,0.299,0.379,-0.044
29,106,0.266,0.343,-0.047
29,107,0.259,0.335,-0.048
29,108,0.201,0.271,-0.054
29,109,0.231,0.304,-0.051
29,11,0.304,0.384,-0.034
29,110,0.222,0.295,-0.052
29,111,0.381,0.464,-0.038
29,112,0.347,0.429,-0.041
29,113,0.287,0.366,-0.046
29,114,0.359,0.442,-0.04
29,115,0.445,0.528,-0.033
29,116,0.299,0.379,-0.045
29,117,0.269,0.346,-0.048
29,118,0.392,0.475,-0.037
29,119,0.418,0.502,-0.035
29,12,0.24,0.314,-0.038
29,120,0.293,0.372,-0.046
29,121,0.331,0.412,-0.043
29,122,0.346,0.429,-0.042
29,123,0.344,0.426,-0.042
29,124,0.314,0.395,-0.045
29,125,0.32,0.401,-0.044
29,126,0.355,0.437,-0.041
29,127,0.379,0.462,-0.039
29,128,0.352,0.434,-0.042
29,129,0.362,0.445,-0.041
29,13,0.182,0.249,-0.043
29,130,0.329,0.411,-0.044
29,131,0.464,0.546,-0.033
29,132,0.419,0.502,-0.036
29,133,0.354,0.436,-0.042
29,134,0.424,0.508,-0.036
29,135,0.404,0.488,-0.037
29,136,0.405,0.488,-0.037
29,137,0.461,0.544,-0.033
29,138,0.47,0.552,-0.033
29,139,0.422,0.505,-0.036
29,14,0.118,0.171,-0.05
29,140,0.38,0.463,-0.04
29,141,0.315,0.395,-0.045
29,142,0.328,0.41,-0.044
29,143,0.388,0.471,-0.039
29,144,0.431,0.514,-0.035
29,145,0.447,0.53,-0.034
29,146,0.292,0.371,-0.048
29,147,0.186,0.254,-0.06
29,148,0.253,0.329,-0.051
29,149,0.25,0.325,-0.052
29,15,0.145,0.205,-0.047
29,150,0.238,0.313,-0.053
29,151,0.281,0.359,-0.048
29,152,0.4,0.483,-0.038
29,153,0.59,0.664,-0.024
29,154,0.499,0.58,-0.03
29,155,0.649,0.717,-0.02
29,156,0.588,0.663,-0.024
29,157,0.38,0.463,-0.039
29,158,0.262,0.338,-0.05
29,159,0.266,0.343,-0.05
29,16,0.123,0.178,-0.049
29,160,0.232,0.306,-0.053
29,161,0.323,0.404,-0.044
29,162,0.298,0.378,-0.046
29,163,0.264,0.341,-0.049
29,164,0.357,0.439,-0.041
29,165,0.463,0.546,-0.032
29,166,0.264,0.341,-0.049
29,167,0.293,0.372,-0.046
29,168,0.345,0.427,-0.042
29,169,0.308,0.388,-0.045
29,17,0.084,0.129,-0.055
29,170,0.23,0.303,-0.053
29,171,0.302,0.382,-0.045
29,172,0.379,0.462,-0.039
29,173,0.34,0.422,-0.042
29,174,0.522,0.602,-0.028
29,175,0.394,0.477,-0.037
29,176,0.441,0.524,-0.034
29,177,0.375,0.458,-0.038
29,178,0.414,0.498,-0.035
29,179,0.253,0.329,-0.049
29,18,0.211,0.283,-0.04
29,180,0.323,0.404,-0.043
29,181,0.347,0.429,-0.04
29,182,0.393,0.476,-0.037
29,183,0.433,0.516,-0.034
29,184,0.308,0.389,-0.043
29,185,0.47,0.552,-0.031
29,186,0.329,0.411,-0.041
29,187,0.374,0.457,-0.038
29,188,0.155,0.217,-0.06
29,189,0.204,0.275,-0.054
29,19,0.145,0.204,-0.046
29,190,0.257,0.333,-0.048
29,191,0.274,0.352,-0.046
29,192,0.256,0.332,-0.048
29,193,0.254,0.33,-0.048
29,194,0.324,0.405,-0.042
29,195,0.293,0.372,-0.044
29,196,0.235,0.309,-0.05
29,197,0.303,0.383,-0.043
29,198,0.302,0.382,-0.043
29,199,0.253,0.328,-0.048
29,20,0.196,0.265,-0.041
29,200,0.253,0.329,-0.048
29,201,0.378,0.461,-0.037
29,202,0.44,0.523,-0.033
29,203,0.518,0.598,-0.027
29,204,0.43,0.513,-0.034
29,205,0.564,0.641,-0.025
29,206,0.624,0.695,-0.021
29,207,0.523,0.603,-0.027
29,208,0.352,0.435,-0.04
29,209,0.577,0.653,-0.024
29,21,0.128,0.184,-0.049
29,210,0.495,0.577,-0.029
29,211,0.615,0.687,-0.022
29,212,0.521,0.601,-0.028
29,213,0.487,0.568,-0.03
29,214,0.439,0.522,-0.034
29,215,0.566,0.643,-0.025
29,216,0.604,0.678,-0.023
29,217,0.532,0.611,-0.028
29,218,0.531,0.611,-0.028
29,219,0.44,0.523,-0.035
29,22,0.2,0.269,-0.041
29,220,0.347,0.429,-0.043
29,221,0.368,0.451,-0.041
29,222,0.427,0.51,-0.036
29,223,0.329,0.411,-0.045
29,224,0.318,0.398,-0.046
29,225,0.445,0.528,-0.036
29,226,0.397,0.48,-0.04
29,227,0.434,0.517,-0.037
29,228,0.311,0.391,-0.049
29,229,0.35,0.432,-0.045
29,23,0.145,0.205,-0.046
29,230,0.366,0.448,-0.045
29,231,0.301,0.38,-0.051
29,232,0.464,0.547,-0.037
29,233,0.568,0.645,-0.029
29,234,0.456,0.539,-0.038
29,235,0.461,0.544,-0.038
29,236,0.397,0.48,-0.045
29,237,0.456,0.539,-0.04
29,238,0.427,0.51,-0.043
29,239,0.474,0.556,-0.039
29,24,0.222,0.294,-0.039
29,240,0.592,0.667,-0.03
29,241,0.447,0.53,-0.043
29,242,0.443,0.526,-0.044
29,243,0.301,0.381,-0.06
29,244,0.461,0.544,-0.043
29,245,0.374,0.457,-0.053
29,246,0.45,0.533,-0.046
29,247,0.48,0.562,-0.043
29,248,0.554,0.632,-0.037
29,249,0.537,0.615,-0.039
29,25,0.135,0.192,-0.048
29,250,0.501,0.582,-0.043
29,251,0.543,0.621,-0.04
29,26,0.08,0.124,-0.056
29,27,0.119,0.173,-0.05
29,28,0.168,0.232,-0.044
29,29,0.082,0.125,-0.056
29,30,0.099,0.148,-0.053
29,31,0.048,0.079,-0.063
29,32,0.115,0.168,-0.051
29,33,0.062,0.098,-0.06
29,34,0.082,0.126,-0.056
29,35,0.045,0.076,-0.064
29,36,0.061,0.098,-0.06
29,37,0.057,0.092,-0.062
29,38,0.039,0.067,-0.067
29,39,0.053,0.087,-0.063
29,40,0.068,0.107,-0.06
29,41,0.037,0.063,-0.069
29,42,0.05,0.083,-0.065
29,43,0.067,0.106,-0.061
29,44,0.049,0.081,-0.066
29,45,0.048,0.079,-0.066
29,46,0.1,0.148,-0.055
29,47,0.064,0.101,-0.063
29,48,0.061,0.097,-0.063
29,49,0.052,0.085,-0.066
29,50,0.061,0.098,-0.064
29,51,0.107,0.157,-0.055
29,52,0.109,0.16,-0.055
29,53,0.155,0.216,-0.049
29,54,0.114,0.167,-0.054
29,55,0.047,0.079,-0.069
29,56,0.085,0.129,-0.06
29,57,0.115,0.168,-0.055
29,58,0.052,0.085,-0.068
29,59,0.117,0.17,-0.055
29,6,0.162,0.225,-0.047
29,60,0.045,0.075,-0.071
29,61,0.058,0.093,-0.067
29,62,0.102,0.152,-0.058
29,63,0.041,0.069,-0.073
29,64,0.09,0.136,-0.061
29,65,0.08,0.123,-0.063
29,66,0.096,0.144,-0.06
29,67,0.1,0.148,-0.059
29,68,0.128,0.184,-0.055
29,69,0.056,0.091,-0.069
29,7,0.271,0.349,-0.037
29,70,0.061,0.097,-0.069
29,71,0.119,0.172,-0.057
29,72,0.146,0.206,-0.054
29,73,0.127,0.183,-0.057
29,74,0.211,0.282,-0.047
29,75,0.074,0.115,-0.067
29,76,0.148,0.208,-0.054
29,77,0.094,0.142,-0.063
29,78,0.129,0.185,-0.058
29,79,0.299,0.379,-0.04
29,8,0.103,0.152,-0.054
29,80,0.088,0.134,-0.065
29,81,0.084,0.128,-0.067
29,82,0.186,0.254,-0.051
29,83,0.16,0.223,-0.055
29,84,0.142,0.202,-0.057
29,85,0.203,0.273,-0.05
29,86,0.165,0.228,-0.055
29,87,0.204,0.274,-0.05
29,88,0.221,0.293,-0.049
29,89,0.236,0.31,-0.048
29,9,0.224,0.297,-0.04
29,90,0.18,0.246,-0.054
29,91,0.282,0.36,-0.043
29,92,0.334,0.415,-0.039
29,93,0.26,0.336,-0.046
29,94,0.207,0.278,-0.052
29,95,0.291,0.37,-0.043
29,96,0.287,0.366,-0.044
29,97,0.218,0.29,-0.051
29,98,0.208,0.279,-0.052
29,99,0.284,0.363,-0.044
3,10,0.028,0.051,-0.073
3,100,0.102,0.152,-0.059
3,101,0.079,0.121,-0.064
3,102,0.112,0.165,-0.058
3,103,0.079,0.122,-0.064
3,104,0.064,0.102,-0.068
3,105,0.06,0.097,-0.069
3,106,0.116,0.169,-0.058
3,107,0.114,0.166,-0.059
3,108,0.044,0.074,-0.074
3,109,0.106,0.157,-0.06
3,11,0.011,0.023,-0.084
3,110,0.063,0.101,-0.069
3,111,0.109,0.16,-0.06
3,112,0.098,0.147,-0.062
3,113,0.095,0.143,-0.063
3,114,0.148,0.208,-0.055
3,115,0.09,0.136,-0.064
3,116,0.096,0.144,-0.063
3,117,0.175,0.241,-0.052
3,118,0.165,0.229,-0.053
3,119,0.127,0.183,-0.058
3,12,0.018,0.034,-0.078
3,120,0.124,0.179,-0.059
3,121,0.249,0.325,-0.044
3,122,0.193,0.262,-0.05
3,123,0.194,0.263,-0.05
3,124,0.255,0.331,-0.044
3,125,0.228,0.302,-0.046
3,126,0.275,0.353,-0.042
3,127,0.252,0.327,-0.044
3,128,0.242,0.317,-0.045
3,129,0.449,0.532,-0.029
3,13,0.021,0.039,-0.075
3,130,0.294,0.373,-0.041
3,131,0.396,0.479,-0.033
3,132,0.344,0.426,-0.037
3,133,0.383,0.466,-0.034
3,134,0.414,0.497,-0.032
3,135,0.444,0.527,-0.03
3,136,0.407,0.491,-0.033
3,137,0.379,0.462,-0.035
3,138,0.549,0.627,-0.024
3,139,0.595,0.67,-0.021
3,14,0.007,0.016,-0.087
3,140,0.503,0.584,-0.027
3,141,0.408,0.492,-0.033
3,142,0.526,0.606,-0.025
3,143,0.396,0.479,-0.034
3,144,0.48,0.562,-0.028
3,145,0.371,0.454,-0.036
3,146,0.47,0.553,-0.029
3,147,0.422,0.505,-0.032
3,148,0.424,0.508,-0.032
3,149,0.338,0.42,-0.039
3,15,0.017,0.033,-0.077
3,150,0.26,0.337,-0.046
3,151,0.268,0.345,-0.045
3,152,0.215,0.287,-0.051
3,153,0.249,0.324,-0.047
3,154,0.464,0.546,-0.03
3,155,0.333,0.414,-0.04
3,156,0.273,0.351,-0.045
3,157,0.23,0.303,-0.05
3,158,0.177,0.243,-0.056
3,159,0.161,0.224,-0.058
3,16,0.02,0.037,-0.075
3,160,0.249,0.325,-0.048
3,161,0.204,0.274,-0.053
3,162,0.162,0.226,-0.058
3,163,0.185,0.252,-0.055
3,164,0.149,0.21,-0.06
3,165,0.159,0.221,-0.059
3,166,0.11,0.162,-0.067
3,167,0.168,0.233,-0.058
3,168,0.165,0.229,-0.059
3,169,0.177,0.243,-0.057
3,17,0.009,0.019,-0.083
3,170,0.09,0.136,-0.072
3,171,0.131,0.188,-0.065
3,172,0.121,0.175,-0.067
3,173,0.198,0.268,-0.055
3,174,0.202,0.272,-0.055
3,175,0.172,0.237,-0.059
3,176,0.144,0.204,-0.064
3,177,0.203,0.273,-0.056
3,178,0.214,0.286,-0.055
3,179,0.247,0.323,-0.051
3,18,0.059,0.094,-0.06
3,180,0.142,0.201,-0.065
3,181,0.149,0.21,-0.065
3,182,0.129,0.185,-0.069
3,183,0.155,0.217,-0.065
3,184,0.121,0.176,-0.071
3,185,0.143,0.203,-0.067
3,186,0.166,0.23,-0.064
3,187,0.129,0.185,-0.07
3,188,0.224,0.297,-0.056
3,189,0.184,0.251,-0.062
3,19,0.065,0.103,-0.059
3,190,0.178,0.244,-0.064
3,191,0.274,0.352,-0.052
3,192,0.308,0.388,-0.049
3,193,0.418,0.502,-0.039
3,194,0.274,0.352,-0.053
3,195,0.215,0.286,-0.06
3,196,0.313,0.394,-0.049
3,197,0.287,0.366,-0.053
3,198,0.251,0.327,-0.057
3,199,0.28,0.358,-0.054
3,20,0.03,0.053,-0.069
3,200,0.263,0.34,-0.056
3,201,0.282,0.361,-0.054
3,202,0.37,0.453,-0.045
3,203,0.24,0.314,-0.06
3,204,0.257,0.333,-0.058
3,205,0.198,0.267,-0.066
3,206,0.163,0.226,-0.072
3,207,0.194,0.262,-0.067
3,208,0.189,0.257,-0.069
3,209,0.36,0.443,-0.048
3,21,0.13,0.187,-0.048
3,210,0.293,0.372,-0.055
3,211,0.239,0.313,-0.062
3,212,0.258,0.334,-0.06
3,213,0.323,0.404,-0.053
3,214,0.236,0.31,-0.063
3,215,0.373,0.456,-0.048
3,216,0.35,0.432,-0.05
3,217,0.422,0.505,-0.043
3,218,0.327,0.408,-0.053
3,219,0.278,0.356,-0.059
3,22,0.099,0.148,-0.052
3,220,0.413,0.496,-0.045
3,221,0.338,0.42,-0.053
3,222,0.331,0.412,-0.054
3,223,0.321,0.402,-0.055
3,224,0.362,0.444,-0.051
3,225,0.348,0.43,-0.052
3,226,0.318,0.399,-0.056
3,227,0.324,0.406,-0.055
3,228,0.521,0.601,-0.036
3,229,0.488,0.57,-0.039
3,23,0.161,0.224,-0.045
3,230,0.498,0.579,-0.038
3,231,0.412,0.496,-0.046
3,232,0.432,0.515,-0.045
3,233,0.544,0.623,-0.035
3,234,0.501,0.582,-0.038
3,235,0.523,0.603,-0.037
3,236,0.658,0.725,-0.025
3,237,0.476,0.558,-0.041
3,238,0.52,0.6,-0.037
3,239,0.589,0.664,-0.031
3,24,0.11,0.161,-0.051
3,240,0.741,0.796,-0.019
3,241,0.607,0.68,-0.03
3,242,0.641,0.71,-0.028
3,243,0.549,0.627,-0.036
3,244,0.579,0.654,-0.033
3,245,0.52,0.6,-0.039
3,246,0.518,0.598,-0.039
3,247,0.639,0.709,-0.029
3,248,0.498,0.579,-0.042
3,249,0.594,0.668,-0.034
3,25,0.147,0.207,-0.046
3,250,0.52,0.6,-0.041
3,26,0.054,0.088,-0.061
3,27,0.069,0.108,-0.058
3,28,0.373,0.456,-0.028
3,29,0.083,0.127,-0.055
3,30,0.041,0.07,-0.065
3,31,0.068,0.108,-0.057
3,32,0.086,0.131,-0.054
3,33,0.07,0.109,-0.057
3,34,0.058,0.093,-0.06
3,35,0.096,0.144,-0.053
3,36,0.015,0.03,-0.077
3,37,0.039,0.066,-0.066
3,38,0.041,0.07,-0.065
3,39,0.037,0.063,-0.066
3,40,0.028,0.049,-0.07
3,41,0.059,0.095,-0.06
3,42,0.034,0.058,-0.068
3,43,0.042,0.071,-0.065
3,44,0.012,0.024,-0.08
3,45,0.084,0.128,-0.055
3,46,0.103,0.152,-0.052
3,47,0.025,0.045,-0.072
3,48,0.037,0.063,-0.067
3,49,0.031,0.055,-0.069
3,50,0.021,0.04,-0.074
3,51,0.02,0.037,-0.075
3,52,0.036,0.063,-0.068
3,53,0.047,0.078,-0.064
3,54,0.022,0.041,-0.074
3,55,0.02,0.037,-0.076
3,56,0.043,0.072,-0.066
3,57,0.025,0.046,-0.073
3,58,0.027,0.049,-0.072
3,59,0.036,0.062,-0.069
3,60,0.019,0.036,-0.077
3,61,0.047,0.078,-0.065
3,62,0.032,0.056,-0.071
3,63,0.018,0.033,-0.079
3,64,0.049,0.081,-0.065
3,65,0.035,0.061,-0.07
3,66,0.011,0.022,-0.085
3,67,0.024,0.044,-0.076
3,68,0.031,0.054,-0.073
3,69,0.019,0.035,-0.079
3,7,0.081,0.124,-0.061
3,70,0.007,0.015,-0.091
3,71,0.023,0.042,-0.077
3,72,0.032,0.057,-0.072
3,73,0.015,0.03,-0.082
3,74,0.035,0.06,-0.072
3,75,0.088,0.133,-0.058
3,76,0.08,0.123,-0.06
3,77,0.041,0.07,-0.07
3,78,0.064,0.101,-0.064
3,79,0.066,0.105,-0.063
3,8,0.032,0.056,-0.074
3,80,0.061,0.098,-0.065
3,81,0.061,0.098,-0.065
3,82,0.092,0.139,-0.059
3,83,0.085,0.13,-0.06
3,84,0.058,0.094,-0.066
3,85,0.099,0.148,-0.058
3,86,0.096,0.144,-0.058
3,87,0.143,0.202,-0.052
3,88,0.155,0.216,-0.05
3,89,0.1,0.149,-0.058
3,9,0.014,0.027,-0.084
3,90,0.116,0.169,-0.056
3,91,0.053,0.086,-0.069
3,92,0.084,0.128,-0.062
3,93,0.094,0.141,-0.06
3,94,0.174,0.239,-0.049
3,95,0.112,0.164,-0.057
3,96,0.19,0.258,-0.047
3,97,0.164,0.227,-0.05
3,98,0.072,0.112,-0.065
3,99,0.079,0.122,-0.064
30,10,0.232,0.306,-0.039
30,100,0.179,0.245,-0.057
30,101,0.116,0.169,-0.066
30,102,0.15,0.211,-0.061
30,103,0.2,0.269,-0.054
30,104,0.122,0.177,-0.066
30,105,0.141,0.2,-0.063
30,106,0.205,0.275,-0.054
30,107,0.235,0.309,-0.051
30,108,0.204,0.274,-0.055
30,109,0.207,0.277,-0.055
30,11,0.217,0.289,-0.04
30,110,0.235,0.309,-0.051
30,111,0.2,0.27,-0.056
30,112,0.202,0.272,-0.056
30,113,0.245,0.32,-0.051
30,114,0.3,0.379,-0.045
30,115,0.35,0.432,-0.041
30,116,0.232,0.306,-0.052
30,117,0.271,0.349,-0.049
30,118,0.236,0.31,-0.052
30,119,0.297,0.376,-0.046
30,12,0.115,0.167,-0.051
30,120,0.286,0.365,-0.047
30,121,0.408,0.491,-0.037
30,122,0.335,0.416,-0.043
30,123,0.337,0.419,-0.043
30,124,0.315,0.395,-0.045
30,125,0.286,0.365,-0.048
30,126,0.343,0.425,-0.043
30,127,0.26,0.336,-0.051
30,128,0.21,0.281,-0.057
30,129,0.295,0.375,-0.047
30,13,0.23,0.304,-0.039
30,130,0.39,0.473,-0.039
30,131,0.305,0.385,-0.046
30,132,0.278,0.356,-0.049
30,133,0.323,0.404,-0.045
30,134,0.307,0.387,-0.046
30,135,0.236,0.31,-0.054
30,136,0.319,0.4,-0.045
30,137,0.37,0.453,-0.041
30,138,0.351,0.433,-0.043
30,139,0.348,0.431,-0.043
30,14,0.266,0.343,-0.036
30,140,0.375,0.458,-0.04
30,141,0.449,0.532,-0.035
30,142,0.369,0.451,-0.041
30,143,0.232,0.306,-0.054
30,144,0.195,0.263,-0.059
30,145,0.211,0.282,-0.057
30,146,0.286,0.365,-0.048
30,147,0.295,0.374,-0.048
30,148,0.23,0.304,-0.054
30,149,0.247,0.322,-0.053
30,15,0.127,0.183,-0.049
30,150,0.295,0.375,-0.047
30,151,0.194,0.263,-0.059
30,152,0.311,0.391,-0.046
30,153,0.254,0.329,-0.052
30,154,0.274,0.352,-0.049
30,155,0.199,0.268,-0.058
30,156,0.194,0.263,-0.058
30,157,0.195,0.263,-0.058
30,158,0.299,0.379,-0.047
30,159,0.222,0.295,-0.055
30,16,0.419,0.502,-0.026
30,160,0.24,0.314,-0.053
30,161,0.214,0.286,-0.056
30,162,0.165,0.229,-0.062
30,163,0.172,0.237,-0.061
30,164,0.203,0.273,-0.057
30,165,0.202,0.272,-0.057
30,166,0.152,0.213,-0.064
30,167,0.195,0.264,-0.058
30,168,0.193,0.262,-0.058
30,169,0.179,0.245,-0.06
30,17,0.17,0.235,-0.044
30,170,0.168,0.232,-0.061
30,171,0.103,0.152,-0.072
30,172,0.161,0.223,-0.062
30,173,0.128,0.183,-0.067
30,174,0.152,0.213,-0.063
30,175,0.175,0.24,-0.06
30,176,0.218,0.289,-0.054
30,177,0.134,0.192,-0.065
30,178,0.143,0.203,-0.064
30,179,0.13,0.186,-0.066
30,18,0.136,0.193,-0.048
30,180,0.111,0.163,-0.069
30,181,0.109,0.16,-0.069
30,182,0.116,0.169,-0.068
30,183,0.199,0.268,-0.055
30,184,0.12,0.174,-0.067
30,185,0.124,0.179,-0.066
30,186,0.069,0.108,-0.078
30,187,0.123,0.178,-0.066
30,188,0.253,0.329,-0.049
30,189,0.211,0.282,-0.053
30,19,0.234,0.308,-0.038
30,190,0.203,0.273,-0.054
30,191,0.283,0.361,-0.046
30,192,0.398,0.482,-0.036
30,193,0.157,0.219,-0.06
30,194,0.317,0.398,-0.042
30,195,0.382,0.465,-0.037
30,196,0.332,0.414,-0.041
30,197,0.279,0.357,-0.046
30,198,0.252,0.328,-0.049
30,199,0.253,0.329,-0.049
30,20,0.31,0.39,-0.032
30,200,0.138,0.196,-0.063
30,201,0.238,0.312,-0.05
30,202,0.237,0.311,-0.05
30,203,0.174,0.239,-0.058
30,204,0.182,0.248,-0.057
30,205,0.314,0.395,-0.043
30,206,0.199,0.268,-0.055
30,207,0.202,0.272,-0.055
30,208,0.261,0.338,-0.048
30,209,0.251,0.327,-0.049
30,21,0.031,0.054,-0.069
30,210,0.227,0.3,-0.052
30,211,0.402,0.485,-0.036
30,212,0.347,0.429,-0.041
30,213,0.446,0.529,-0.033
30,214,0.317,0.398,-0.044
30,215,0.407,0.491,-0.036
30,216,0.448,0.531,-0.033
30,217,0.396,0.479,-0.038
30,218,0.504,0.585,-0.03
30,219,0.604,0.677,-0.023
30,22,0.203,0.273,-0.041
30,220,0.42,0.503,-0.036
30,221,0.428,0.511,-0.036
30,222,0.425,0.509,-0.036
30,223,0.374,0.457,-0.041
30,224,0.362,0.444,-0.042
30,225,0.548,0.626,-0.028
30,226,0.289,0.368,-0.05
30,227,0.379,0.461,-0.042
30,228,0.399,0.482,-0.04
30,229,0.349,0.431,-0.045
30,23,0.277,0.355,-0.035
30,230,0.466,0.548,-0.036
30,231,0.303,0.383,-0.051
30,232,0.358,0.441,-0.046
30,233,0.426,0.509,-0.04
30,234,0.353,0.435,-0.048
30,235,0.277,0.355,-0.056
30,236,0.305,0.385,-0.054
30,237,0.36,0.443,-0.049
30,238,0.237,0.312,-0.064
30,239,0.342,0.424,-0.052
30,24,0.141,0.2,-0.047
30,240,0.225,0.298,-0.067
30,241,0.281,0.359,-0.061
30,242,0.285,0.364,-0.061
30,243,0.271,0.348,-0.064
30,244,0.374,0.457,-0.052
30,245,0.362,0.445,-0.054
30,246,0.361,0.444,-0.055
30,247,0.331,0.413,-0.06
30,248,0.245,0.32,-0.073
30,249,0.259,0.336,-0.072
30,25,0.164,0.227,-0.044
30,250,0.211,0.282,-0.08
30,251,0.264,0.341,-0.073
30,26,0.066,0.105,-0.059
30,27,0.205,0.275,-0.041
30,28,0.095,0.143,-0.053
30,29,0.099,0.147,-0.053
30,30,0.041,0.07,-0.065
30,31,0.073,0.114,-0.058
30,32,0.069,0.108,-0.059
30,33,0.236,0.31,-0.038
30,34,0.068,0.107,-0.059
30,35,0.069,0.109,-0.059
30,36,0.13,0.186,-0.049
30,37,0.031,0.054,-0.071
30,38,0.122,0.176,-0.051
30,39,0.059,0.094,-0.062
30,40,0.076,0.118,-0.058
30,41,0.112,0.164,-0.053
30,42,0.146,0.206,-0.048
30,43,0.075,0.116,-0.059
30,44,0.058,0.093,-0.064
30,45,0.113,0.165,-0.053
30,46,0.044,0.073,-0.068
30,47,0.132,0.189,-0.051
30,48,0.173,0.239,-0.046
30,49,0.155,0.216,-0.049
30,50,0.09,0.136,-0.058
30,51,0.104,0.154,-0.056
30,52,0.087,0.132,-0.059
30,53,0.234,0.308,-0.041
30,54,0.183,0.25,-0.046
30,55,0.121,0.175,-0.054
30,56,0.079,0.121,-0.061
30,57,0.202,0.272,-0.045
30,58,0.243,0.318,-0.041
30,59,0.065,0.103,-0.065
30,6,0.111,0.163,-0.053
30,60,0.1,0.149,-0.058
30,61,0.239,0.314,-0.042
30,62,0.134,0.191,-0.053
30,63,0.076,0.118,-0.064
30,64,0.062,0.099,-0.067
30,65,0.117,0.17,-0.057
30,66,0.148,0.208,-0.053
30,67,0.276,0.354,-0.04
30,68,0.249,0.324,-0.042
30,69,0.138,0.196,-0.054
30,7,0.08,0.124,-0.058
30,70,0.061,0.097,-0.069
30,71,0.036,0.062,-0.078
30,72,0.091,0.138,-0.063
30,73,0.225,0.298,-0.045
30,74,0.116,0.169,-0.059
30,75,0.08,0.123,-0.066
30,76,0.159,0.222,-0.053
30,77,0.172,0.237,-0.052
30,78,0.191,0.259,-0.05
30,79,0.209,0.28,-0.048
30,8,0.216,0.287,-0.041
30,80,0.09,0.137,-0.065
30,81,0.078,0.12,-0.069
30,82,0.154,0.216,-0.056
30,83,0.19,0.258,-0.051
30,84,0.078,0.12,-0.069
30,85,0.115,0.168,-0.062
30,86,0.188,0.255,-0.052
30,87,0.242,0.317,-0.047
30,88,0.197,0.266,-0.052
30,89,0.231,0.305,-0.048
30,9,0.214,0.285,-0.041
30,90,0.201,0.271,-0.052
30,91,0.186,0.254,-0.054
30,92,0.182,0.249,-0.054
30,93,0.221,0.293,-0.05
30,94,0.13,0.187,-0.062
30,95,0.1,0.149,-0.068
30,96,0.141,0.2,-0.061
30,97,0.134,0.192,-0.062
30,98,0.123,0.177,-0.065
30,99,0.109,0.161,-0.067
31,10,0.098,0.147,-0.055
31,100,0.166,0.23,-0.059
31,101,0.213,0.284,-0.053
31,102,0.305,0.385,-0.044
31,103,0.236,0.311,-0.05
31,104,0.2,0.27,-0.055
31,105,0.247,0.322,-0.05
31,106,0.224,0.297,-0.052
31,107,0.276,0.354,-0.047
31,108,0.258,0.335,-0.049
31,109,0.205,0.275,-0.055
31,11,0.045,0.075,-0.066
31,110,0.169,0.234,-0.06
31,111,0.199,0.269,-0.056
31,112,0.269,0.346,-0.048
31,113,0.232,0.306,-0.052
31,114,0.307,0.388,-0.045
31,115,0.195,0.264,-0.057
31,116,0.354,0.436,-0.041
31,117,0.355,0.437,-0.041
31,118,0.353,0.436,-0.041
31,119,0.405,0.488,-0.037
31,12,0.104,0.154,-0.053
31,120,0.252,0.327,-0.051
31,121,0.36,0.443,-0.041
31,122,0.371,0.453,-0.04
31,123,0.323,0.404,-0.044
31,124,0.269,0.346,-0.05
31,125,0.303,0.383,-0.046
31,126,0.28,0.359,-0.049
31,127,0.341,0.423,-0.043
31,128,0.372,0.454,-0.04
31,129,0.343,0.425,-0.043
31,13,0.027,0.049,-0.071
31,130,0.352,0.434,-0.042
31,131,0.33,0.411,-0.044
31,132,0.362,0.444,-0.042
31,133,0.308,0.389,-0.046
31,134,0.309,0.39,-0.046
31,135,0.41,0.493,-0.038
31,136,0.313,0.393,-0.046
31,137,0.403,0.486,-0.038
31,138,0.402,0.486,-0.038
31,139,0.418,0.501,-0.037
31,14,0.055,0.09,-0.062
31,140,0.411,0.494,-0.037
31,141,0.38,0.463,-0.04
31,142,0.415,0.498,-0.037
31,143,0.479,0.561,-0.032
31,144,0.415,0.499,-0.037
31,145,0.447,0.53,-0.035
31,146,0.488,0.57,-0.032
31,147,0.555,0.633,-0.027
31,148,0.647,0.716,-0.021
31,149,0.57,0.646,-0.026
31,15,0.031,0.054,-0.07
31,150,0.408,0.491,-0.038
31,151,0.517,0.597,-0.03
31,152,0.459,0.541,-0.034
31,153,0.351,0.434,-0.042
31,154,0.412,0.495,-0.037
31,155,0.406,0.49,-0.038
31,156,0.24,0.314,-0.053
31,157,0.289,0.368,-0.048
31,158,0.347,0.43,-0.043
31,159,0.281,0.359,-0.049
31,16,0.045,0.075,-0.064
31,160,0.291,0.37,-0.048
31,161,0.26,0.336,-0.051
31,162,0.221,0.293,-0.055
31,163,0.271,0.349,-0.05
31,164,0.25,0.325,-0.052
31,165,0.322,0.403,-0.045
31,166,0.363,0.446,-0.041
31,167,0.317,0.398,-0.045
31,168,0.322,0.403,-0.044
31,169,0.227,0.301,-0.054
31,17,0.049,0.081,-0.063
31,170,0.239,0.314,-0.053
31,171,0.324,0.405,-0.044
31,172,0.282,0.36,-0.048
31,173,0.164,0.228,-0.062
31,174,0.211,0.282,-0.055
31,175,0.219,0.291,-0.054
31,176,0.165,0.229,-0.061
31,177,0.163,0.227,-0.061
31,178,0.143,0.203,-0.064
31,179,0.257,0.333,-0.05
31,18,0.05,0.083,-0.063
31,180,0.264,0.341,-0.049
31,181,0.198,0.267,-0.056
31,182,0.197,0.266,-0.056
31,183,0.263,0.34,-0.048
31,184,0.301,0.38,-0.045
31,185,0.324,0.405,-0.042
31,186,0.303,0.383,-0.044
31,187,0.258,0.335,-0.048
31,188,0.163,0.226,-0.06
31,189,0.265,0.342,-0.048
31,19,0.067,0.106,-0.059
31,190,0.34,0.422,-0.041
31,191,0.357,0.44,-0.039
31,192,0.35,0.432,-0.04
31,193,0.265,0.341,-0.047
31,194,0.26,0.336,-0.048
31,195,0.294,0.373,-0.045
31,196,0.238,0.312,-0.05
31,197,0.298,0.377,-0.044
31,198,0.324,0.405,-0.042
31,199,0.353,0.435,-0.04
31,20,0.02,0.038,-0.074
31,200,0.346,0.428,-0.04
31,201,0.349,0.431,-0.04
31,202,0.504,0.585,-0.028
31,203,0.573,0.649,-0.024
31,204,0.518,0.598,-0.027
31,205,0.277,0.355,-0.046
31,206,0.319,0.4,-0.042
31,207,0.477,0.559,-0.03
31,208,0.255,0.331,-0.049
31,209,0.426,0.509,-0.034
31,21,0.054,0.087,-0.062
31,210,0.379,0.462,-0.038
31,211,0.406,0.489,-0.036
31,212,0.415,0.498,-0.035
31,213,0.379,0.462,-0.038
31,214,0.424,0.507,-0.035
31,215,0.349,0.431,-0.041
31,216,0.245,0.32,-0.051
31,217,0.504,0.585,-0.029
31,218,0.373,0.456,-0.039
31,219,0.438,0.521,-0.035
31,22,0.099,0.148,-0.053
31,220,0.379,0.462,-0.039
31,221,0.332,0.414,-0.044
31,222,0.408,0.491,-0.038
31,223,0.554,0.632,-0.027
31,224,0.326,0.407,-0.045
31,225,0.327,0.409,-0.045
31,226,0.344,0.426,-0.044
31,227,0.308,0.388,-0.048
31,228,0.421,0.504,-0.038
31,229,0.359,0.441,-0.044
31,23,0.077,0.119,-0.057
31,230,0.266,0.343,-0.054
31,231,0.323,0.404,-0.049
31,232,0.393,0.476,-0.042
31,233,0.543,0.622,-0.03
31,234,0.449,0.532,-0.038
31,235,0.372,0.454,-0.046
31,236,0.46,0.542,-0.039
31,237,0.369,0.452,-0.047
31,238,0.476,0.558,-0.038
31,239,0.506,0.586,-0.036
31,24,0.077,0.119,-0.057
31,240,0.353,0.436,-0.051
31,241,0.43,0.513,-0.044
31,242,0.448,0.531,-0.043
31,243,0.29,0.369,-0.061
31,244,0.46,0.542,-0.043
31,245,0.388,0.471,-0.051
31,246,0.395,0.479,-0.051
31,247,0.329,0.41,-0.06
31,248,0.306,0.386,-0.064
31,249,0.351,0.433,-0.059
31,25,0.068,0.108,-0.059
31,250,0.366,0.449,-0.058
31,251,0.402,0.485,-0.054
31,26,0.081,0.124,-0.056
31,27,0.029,0.051,-0.071
31,28,0.067,0.106,-0.059
31,29,0.033,0.057,-0.069
31,30,0.109,0.161,-0.052
31,31,0.074,0.115,-0.058
31,32,0.066,0.105,-0.06
31,33,0.062,0.099,-0.061
31,34,0.085,0.13,-0.056
31,35,0.049,0.081,-0.065
31,36,0.111,0.163,-0.052
31,37,0.079,0.122,-0.058
31,38,0.122,0.177,-0.051
31,39,0.102,0.151,-0.054
31,40,0.122,0.176,-0.052
31,41,0.204,0.275,-0.042
31,42,0.113,0.165,-0.053
31,43,0.075,0.116,-0.06
31,44,0.121,0.176,-0.053
31,45,0.114,0.166,-0.054
31,46,0.073,0.113,-0.061
31,47,0.16,0.223,-0.048
31,48,0.101,0.151,-0.056
31,49,0.089,0.135,-0.058
31,50,0.141,0.2,-0.051
31,51,0.158,0.22,-0.049
31,52,0.183,0.249,-0.046
31,53,0.211,0.282,-0.043
31,54,0.13,0.186,-0.053
31,55,0.07,0.11,-0.064
31,56,0.157,0.22,-0.05
31,57,0.131,0.187,-0.053
31,58,0.14,0.199,-0.052
31,59,0.12,0.174,-0.055
31,6,0.187,0.254,-0.045
31,60,0.134,0.192,-0.053
31,61,0.11,0.162,-0.057
31,62,0.138,0.196,-0.053
31,63,0.105,0.156,-0.058
31,64,0.067,0.105,-0.066
31,65,0.079,0.122,-0.064
31,66,0.104,0.154,-0.059
31,67,0.145,0.205,-0.053
31,68,0.126,0.182,-0.056
31,69,0.149,0.209,-0.053
31,7,0.05,0.082,-0.066
31,70,0.128,0.184,-0.057
31,71,0.189,0.257,-0.049
31,72,0.145,0.205,-0.055
31,73,0.13,0.186,-0.057
31,74,0.101,0.15,-0.062
31,75,0.136,0.194,-0.057
31,76,0.231,0.305,-0.046
31,77,0.147,0.207,-0.056
31,78,0.119,0.173,-0.06
31,79,0.108,0.159,-0.062
31,8,0.128,0.184,-0.051
31,80,0.22,0.292,-0.048
31,81,0.199,0.269,-0.05
31,82,0.21,0.281,-0.049
31,83,0.327,0.409,-0.039
31,84,0.287,0.366,-0.042
31,85,0.277,0.355,-0.044
31,86,0.284,0.362,-0.043
31,87,0.279,0.357,-0.044
31,88,0.311,0.392,-0.041
31,89,0.451,0.533,-0.031
31,9,0.052,0.084,-0.065
31,90,0.255,0.331,-0.047
31,91,0.293,0.372,-0.043
31,92,0.281,0.36,-0.044
31,93,0.26,0.336,-0.047
31,94,0.209,0.28,-0.052
31,95,0.263,0.34,-0.047
31,96,0.321,0.402,-0.041
31,97,0.226,0.299,-0.051
31,98,0.15,0.211,-0.06
31,99,0.163,0.227,-0.059
32,10,0.149,0.209,-0.047
32,100,0.365,0.448,-0.039
32,101,0.37,0.453,-0.038
32,102,0.35,0.432,-0.04
32,103,0.337,0.419,-0.041
32,104,0.298,0.378,-0.045
32,105,0.284,0.362,-0.046
32,106,0.265,0.342,-0.048
32,107,0.268,0.346,-0.048
32,108,0.378,0.461,-0.038
32,109,0.288,0.367,-0.046
32,11,0.27,0.347,-0.036
32,110,0.203,0.273,-0.056
32,111,0.218,0.29,-0.054
32,112,0.26,0.337,-0.05
32,113,0.276,0.354,-0.048
32,114,0.307,0.388,-0.045
32,115,0.272,0.35,-0.049
32,116,0.215,0.286,-0.055
32,117,0.344,0.426,-0.042
32,118,0.274,0.351,-0.049
32,119,0.24,0.314,-0.053
32,12,0.271,0.349,-0.036
32,120,0.24,0.315,-0.052
32,121,0.264,0.341,-0.05
32,122,0.273,0.35,-0.049
32,123,0.315,0.396,-0.045
32,124,0.371,0.454,-0.04
32,125,0.316,0.397,-0.045
32,126,0.324,0.406,-0.045
32,127,0.34,0.422,-0.043
32,128,0.417,0.5,-0.037
32,129,0.306,0.386,-0.046
32,13,0.117,0.17,-0.051
32,130,0.269,0.347,-0.05
32,131,0.326,0.408,-0.045
32,132,0.296,0.376,-0.048
32,133,0.297,0.377,-0.048
32,134,0.259,0.335,-0.052
32,135,0.232,0.306,-0.055
32,136,0.299,0.379,-0.048
32,137,0.217,0.289,-0.057
32,138,0.204,0.274,-0.058
32,139,0.275,0.352,-0.05
32,14,0.066,0.104,-0.059
32,140,0.301,0.381,-0.047
32,141,0.232,0.306,-0.055
32,142,0.193,0.261,-0.06
32,143,0.204,0.275,-0.058
32,144,0.122,0.177,-0.071
32,145,0.188,0.255,-0.06
32,146,0.205,0.275,-0.058
32,147,0.216,0.287,-0.057
32,148,0.235,0.309,-0.054
32,149,0.213,0.284,-0.057
32,15,0.143,0.202,-0.047
32,150,0.14,0.199,-0.067
32,151,0.202,0.272,-0.058
32,152,0.252,0.328,-0.052
32,153,0.355,0.437,-0.042
32,154,0.188,0.255,-0.06
32,155,0.203,0.273,-0.058
32,156,0.232,0.306,-0.055
32,157,0.265,0.342,-0.051
32,158,0.291,0.37,-0.048
32,159,0.367,0.45,-0.041
32,16,0.124,0.179,-0.05
32,160,0.453,0.536,-0.034
32,161,0.381,0.464,-0.04
32,162,0.34,0.422,-0.043
32,163,0.336,0.417,-0.044
32,164,0.233,0.306,-0.054
32,165,0.24,0.315,-0.053
32,166,0.33,0.411,-0.044
32,167,0.308,0.388,-0.046
32,168,0.224,0.297,-0.054
32,169,0.191,0.259,-0.058
32,17,0.088,0.134,-0.055
32,170,0.255,0.331,-0.051
32,171,0.265,0.342,-0.05
32,172,0.382,0.465,-0.039
32,173,0.453,0.536,-0.033
32,174,0.272,0.349,-0.049
32,175,0.264,0.341,-0.05
32,176,0.155,0.216,-0.063
32,177,0.139,0.197,-0.065
32,178,0.145,0.205,-0.064
32,179,0.205,0.275,-0.056
32,18,0.221,0.293,-0.039
32,180,0.23,0.303,-0.053
32,181,0.192,0.261,-0.057
32,182,0.144,0.204,-0.064
32,183,0.18,0.246,-0.058
32,184,0.184,0.251,-0.058
32,185,0.185,0.252,-0.057
32,186,0.231,0.304,-0.052
32,187,0.304,0.384,-0.044
32,188,0.297,0.376,-0.045
32,189,0.382,0.465,-0.038
32,19,0.146,0.206,-0.047
32,190,0.347,0.429,-0.04
32,191,0.278,0.356,-0.046
32,192,0.261,0.338,-0.048
32,193,0.155,0.216,-0.061
32,194,0.226,0.299,-0.052
32,195,0.199,0.268,-0.055
32,196,0.262,0.339,-0.048
32,197,0.303,0.383,-0.044
32,198,0.3,0.38,-0.044
32,199,0.315,0.396,-0.043
32,20,0.16,0.223,-0.045
32,200,0.337,0.419,-0.041
32,201,0.278,0.356,-0.046
32,202,0.381,0.464,-0.037
32,203,0.36,0.443,-0.039
32,204,0.263,0.339,-0.048
32,205,0.222,0.294,-0.052
32,206,0.387,0.47,-0.037
32,207,0.366,0.449,-0.039
32,208,0.252,0.328,-0.049
32,209,0.241,0.316,-0.05
32,21,0.08,0.123,-0.056
32,210,0.261,0.338,-0.048
32,211,0.394,0.477,-0.037
32,212,0.312,0.393,-0.044
32,213,0.325,0.406,-0.043
32,214,0.328,0.409,-0.043
32,215,0.327,0.408,-0.043
32,216,0.363,0.445,-0.04
32,217,0.422,0.505,-0.035
32,218,0.309,0.39,-0.045
32,219,0.289,0.368,-0.047
32,22,0.159,0.222,-0.045
32,220,0.304,0.384,-0.046
32,221,0.355,0.437,-0.042
32,222,0.27,0.348,-0.05
32,223,0.415,0.498,-0.037
32,224,0.333,0.415,-0.044
32,225,0.431,0.514,-0.036
32,226,0.487,0.569,-0.032
32,227,0.275,0.353,-0.051
32,228,0.257,0.333,-0.054
32,229,0.201,0.271,-0.061
32,23,0.135,0.193,-0.048
32,230,0.261,0.337,-0.054
32,231,0.373,0.456,-0.043
32,232,0.215,0.286,-0.061
32,233,0.252,0.328,-0.057
32,234,0.305,0.385,-0.052
32,235,0.262,0.339,-0.057
32,236,0.305,0.385,-0.053
32,237,0.29,0.369,-0.055
32,238,0.278,0.356,-0.058
32,239,0.231,0.305,-0.064
32,24,0.07,0.11,-0.058
32,240,0.28,0.358,-0.059
32,241,0.268,0.346,-0.061
32,242,0.22,0.292,-0.069
32,243,0.266,0.343,-0.063
32,244,0.288,0.367,-0.062
32,245,0.284,0.363,-0.063
32,246,0.285,0.363,-0.064
32,247,0.366,0.449,-0.055
32,248,0.271,0.349,-0.068
32,249,0.337,0.418,-0.06
32,25,0.11,0.162,-0.051
32,250,0.297,0.377,-0.066
32,251,0.298,0.378,-0.067
32,26,0.099,0.147,-0.053
32,27,0.088,0.133,-0.055
32,28,0.093,0.14,-0.054
32,29,0.134,0.191,-0.049
32,30,0.113,0.166,-0.051
32,31,0.086,0.131,-0.056
32,32,0.13,0.187,-0.05
32,33,0.142,0.201,-0.048
32,34,0.278,0.357,-0.036
32,35,0.106,0.157,-0.053
32,36,0.12,0.175,-0.051
32,37,0.167,0.231,-0.046
32,38,0.174,0.24,-0.045
32,39,0.168,0.232,-0.046
32,40,0.239,0.314,-0.039
32,41,0.052,0.085,-0.065
32,42,0.173,0.239,-0.046
32,43,0.236,0.31,-0.04
32,44,0.22,0.292,-0.042
32,45,0.18,0.246,-0.045
32,46,0.191,0.259,-0.045
32,47,0.079,0.122,-0.06
32,48,0.208,0.279,-0.043
32,49,0.184,0.25,-0.046
32,50,0.125,0.181,-0.053
32,51,0.185,0.253,-0.046
32,52,0.197,0.266,-0.045
32,53,0.192,0.26,-0.046
32,54,0.226,0.298,-0.043
32,55,0.196,0.264,-0.046
32,56,0.192,0.26,-0.046
32,57,0.232,0.306,-0.043
32,58,0.154,0.215,-0.051
32,59,0.276,0.354,-0.039
32,6,0.103,0.153,-0.055
32,60,0.189,0.257,-0.047
32,61,0.238,0.312,-0.043
32,62,0.268,0.346,-0.04
32,63,0.294,0.373,-0.038
32,64,0.222,0.295,-0.045
32,65,0.307,0.388,-0.038
32,66,0.263,0.339,-0.041
32,67,0.446,0.529,-0.028
32,68,0.371,0.454,-0.033
32,69,0.354,0.437,-0.035
32,7,0.13,0.187,-0.051
32,70,0.355,0.437,-0.035
32,71,0.159,0.222,-0.053
32,72,0.244,0.319,-0.044
32,73,0.29,0.37,-0.04
32,74,0.268,0.345,-0.042
32,75,0.244,0.319,-0.045
32,76,0.272,0.349,-0.042
32,77,0.245,0.32,-0.045
32,78,0.162,0.226,-0.055
32,79,0.221,0.293,-0.048
32,8,0.114,0.167,-0.053
32,80,0.357,0.439,-0.036
32,81,0.288,0.367,-0.042
32,82,0.177,0.243,-0.054
32,83,0.269,0.346,-0.044
32,84,0.294,0.373,-0.042
32,85,0.182,0.249,-0.054
32,86,0.328,0.41,-0.04
32,87,0.501,0.582,-0.027
32,88,0.389,0.473,-0.035
32,89,0.28,0.358,-0.044
32,9,0.2,0.27,-0.042
32,90,0.416,0.499,-0.033
32,91,0.318,0.399,-0.041
32,92,0.429,0.512,-0.033
32,93,0.49,0.571,-0.029
32,94,0.494,0.576,-0.028
32,95,0.451,0.534,-0.032
32,96,0.341,0.423,-0.04
32,97,0.285,0.363,-0.045
32,98,0.203,0.273,-0.054
32,99,0.305,0.385,-0.043
33,10,0.289,0.368,-0.035
33,100,0.352,0.434,-0.04
33,101,0.384,0.467,-0.037
33,102,0.468,0.551,-0.031
33,103,0.344,0.426,-0.041
33,104,0.318,0.399,-0.043
33,105,0.333,0.414,-0.042
33,106,0.177,0.243,-0.059
33,107,0.313,0.393,-0.044
33,108,0.301,0.381,-0.045
33,109,0.253,0.329,-0.05
33,11,0.213,0.285,-0.041
33,110,0.275,0.352,-0.048
33,111,0.368,0.451,-0.04
33,112,0.31,0.391,-0.045
33,113,0.227,0.3,-0.054
33,114,0.181,0.247,-0.06
33,115,0.208,0.279,-0.056
33,116,0.262,0.338,-0.05
33,117,0.264,0.341,-0.05
33,118,0.22,0.292,-0.055
33,119,0.257,0.333,-0.051
33,12,0.144,0.204,-0.048
33,120,0.267,0.344,-0.05
33,121,0.186,0.253,-0.059
33,122,0.181,0.247,-0.06
33,123,0.161,0.224,-0.063
33,124,0.137,0.195,-0.067
33,125,0.132,0.189,-0.068
33,126,0.197,0.266,-0.058
33,127,0.222,0.294,-0.055
33,128,0.206,0.276,-0.057
33,129,0.218,0.29,-0.056
33,13,0.237,0.311,-0.039
33,130,0.21,0.281,-0.057
33,131,0.159,0.221,-0.064
33,132,0.183,0.25,-0.061
33,133,0.153,0.215,-0.065
33,134,0.152,0.213,-0.065
33,135,0.123,0.178,-0.071
33,136,0.171,0.236,-0.063
33,137,0.137,0.195,-0.068
33,138,0.096,0.144,-0.076
33,139,0.119,0.172,-0.071
33,14,0.194,0.263,-0.042
33,140,0.12,0.174,-0.071
33,141,0.092,0.139,-0.077
33,142,0.117,0.171,-0.072
33,143,0.132,0.189,-0.069
33,144,0.173,0.238,-0.062
33,145,0.133,0.19,-0.069
33,146,0.126,0.181,-0.07
33,147,0.187,0.255,-0.06
33,148,0.173,0.238,-0.062
33,149,0.197,0.266,-0.059
33,15,0.172,0.237,-0.044
33,150,0.137,0.195,-0.068
33,151,0.172,0.237,-0.062
33,152,0.154,0.216,-0.065
33,153,0.255,0.331,-0.052
33,154,0.177,0.242,-0.062
33,155,0.241,0.316,-0.054
33,156,0.232,0.306,-0.054
33,157,0.252,0.328,-0.052
33,158,0.351,0.433,-0.042
33,159,0.285,0.364,-0.049
33,16,0.103,0.153,-0.053
33,160,0.281,0.36,-0.049
33,161,0.257,0.333,-0.052
33,162,0.286,0.364,-0.048
33,163,0.351,0.434,-0.042
33,164,0.41,0.493,-0.037
33,165,0.288,0.367,-0.048
33,166,0.226,0.299,-0.055
33,167,0.195,0.263,-0.058
33,168,0.181,0.247,-0.06
33,169,0.312,0.392,-0.045
33,17,0.211,0.282,-0.04
33,170,0.232,0.306,-0.054
33,171,0.278,0.356,-0.049
33,172,0.366,0.448,-0.04
33,173,0.259,0.336,-0.05
33,174,0.25,0.326,-0.051
33,175,0.305,0.385,-0.046
33,176,0.325,0.406,-0.044
33,177,0.293,0.372,-0.046
33,178,0.25,0.325,-0.051
33,179,0.266,0.343,-0.049
33,18,0.095,0.142,-0.054
33,180,0.211,0.282,-0.055
33,181,0.176,0.241,-0.059
33,182,0.207,0.278,-0.055
33,183,0.243,0.318,-0.051
33,184,0.208,0.279,-0.055
33,185,0.293,0.372,-0.046
33,186,0.295,0.375,-0.045
33,187,0.314,0.395,-0.044
33,188,0.178,0.244,-0.058
33,189,0.239,0.313,-0.051
33,19,0.082,0.125,-0.056
33,190,0.171,0.236,-0.059
33,191,0.15,0.211,-0.062
33,192,0.167,0.232,-0.059
33,193,0.263,0.34,-0.048
33,194,0.233,0.307,-0.051
33,195,0.186,0.253,-0.057
33,196,0.247,0.322,-0.049
33,197,0.198,0.267,-0.055
33,198,0.187,0.255,-0.056
33,199,0.163,0.226,-0.06
33,20,0.08,0.123,-0.056
33,200,0.221,0.293,-0.052
33,201,0.202,0.272,-0.054
33,202,0.225,0.298,-0.052
33,203,0.261,0.337,-0.048
33,204,0.217,0.289,-0.053
33,205,0.343,0.425,-0.04
33,206,0.181,0.248,-0.057
33,207,0.29,0.369,-0.045
33,208,0.402,0.485,-0.036
33,209,0.328,0.409,-0.042
33,21,0.068,0.107,-0.059
33,210,0.24,0.315,-0.051
33,211,0.341,0.423,-0.041
33,212,0.456,0.539,-0.032
33,213,0.306,0.386,-0.044
33,214,0.363,0.446,-0.039
33,215,0.326,0.407,-0.043
33,216,0.378,0.461,-0.039
33,217,0.43,0.513,-0.035
33,218,0.266,0.343,-0.049
33,219,0.429,0.512,-0.035
33,22,0.16,0.223,-0.045
33,220,0.417,0.5,-0.036
33,221,0.42,0.504,-0.036
33,222,0.369,0.451,-0.04
33,223,0.255,0.331,-0.052
33,224,0.298,0.378,-0.047
33,225,0.326,0.407,-0.045
33,226,0.235,0.309,-0.055
33,227,0.383,0.466,-0.041
33,228,0.379,0.462,-0.042
33,229,0.458,0.541,-0.036
33,23,0.138,0.196,-0.048
33,230,0.388,0.471,-0.042
33,231,0.178,0.244,-0.066
33,232,0.211,0.282,-0.062
33,233,0.384,0.467,-0.043
33,234,0.221,0.293,-0.062
33,235,0.33,0.412,-0.05
33,236,0.272,0.349,-0.057
33,237,0.19,0.258,-0.069
33,238,0.133,0.19,-0.08
33,239,0.195,0.263,-0.07
33,24,0.13,0.187,-0.049
33,240,0.203,0.273,-0.069
33,241,0.175,0.24,-0.075
33,242,0.194,0.263,-0.073
33,243,0.205,0.275,-0.072
33,244,0.301,0.381,-0.06
33,245,0.247,0.322,-0.068
33,246,0.196,0.265,-0.077
33,247,0.223,0.295,-0.074
33,248,0.224,0.296,-0.075
33,249,0.321,0.402,-0.062
33,25,0.021,0.039,-0.075
33,250,0.239,0.314,-0.075
33,251,0.291,0.37,-0.068
33,26,0.063,0.1,-0.06
33,27,0.027,0.048,-0.072
33,28,0.065,0.102,-0.06
33,29,0.017,0.032,-0.078
33,30,0.035,0.061,-0.069
33,31,0.106,0.156,-0.053
33,32,0.055,0.09,-0.063
33,33,0.027,0.048,-0.073
33,34,0.019,0.037,-0.077
33,35,0.076,0.117,-0.059
33,36,0.042,0.071,-0.067
33,37,0.041,0.069,-0.068
33,38,0.067,0.106,-0.061
33,39,0.076,0.118,-0.059
33,40,0.12,0.174,-0.052
33,41,0.102,0.151,-0.055
33,42,0.033,0.058,-0.071
33,43,0.127,0.182,-0.052
33,44,0.114,0.166,-0.054
33,45,0.174,0.239,-0.047
33,46,0.045,0.076,-0.069
33,47,0.077,0.119,-0.061
33,48,0.17,0.234,-0.047
33,49,0.101,0.151,-0.057
33,50,0.161,0.223,-0.049
33,51,0.189,0.257,-0.046
33,52,0.083,0.126,-0.061
33,53,0.104,0.154,-0.057
33,54,0.201,0.27,-0.045
33,55,0.123,0.178,-0.055
33,56,0.145,0.205,-0.052
33,57,0.094,0.142,-0.06
33,58,0.152,0.213,-0.052
33,59,0.099,0.147,-0.06
33,6,0.116,0.169,-0.054
33,60,0.088,0.134,-0.062
33,61,0.074,0.115,-0.065
33,62,0.094,0.141,-0.061
33,63,0.175,0.241,-0.05
33,64,0.183,0.249,-0.049
33,65,0.172,0.237,-0.051
33,66,0.075,0.116,-0.066
33,67,0.072,0.112,-0.067
33,68,0.11,0.162,-0.06
33,69,0.16,0.223,-0.053
33,7,0.083,0.126,-0.059
33,70,0.22,0.292,-0.047
33,71,0.156,0.218,-0.054
33,72,0.216,0.287,-0.047
33,73,0.26,0.337,-0.043
33,74,0.282,0.361,-0.042
33,75,0.183,0.25,-0.052
33,76,0.176,0.241,-0.053
33,77,0.148,0.208,-0.057
33,78,0.214,0.285,-0.049
33,79,0.176,0.241,-0.054
33,8,0.147,0.207,-0.049
33,80,0.208,0.278,-0.05
33,81,0.194,0.262,-0.052
33,82,0.269,0.346,-0.044
33,83,0.162,0.225,-0.057
33,84,0.337,0.418,-0.039
33,85,0.4,0.483,-0.034
33,86,0.447,0.53,-0.031
33,87,0.25,0.325,-0.047
33,88,0.252,0.328,-0.047
33,89,0.305,0.385,-0.042
33,9,0.205,0.275,-0.042
33,90,0.27,0.347,-0.046
33,91,0.361,0.443,-0.038
33,92,0.425,0.509,-0.033
33,93,0.55,0.628,-0.025
33,94,0.291,0.37,-0.044
33,95,0.322,0.403,-0.042
33,96,0.318,0.399,-0.042
33,97,0.371,0.454,-0.038
33,98,0.55,0.628,-0.026
33,99,0.428,0.511,-0.034
34,10,0.098,0.147,-0.055
34,100,0.249,0.324,-0.05
34,101,0.344,0.426,-0.041
34,102,0.428,0.512,-0.034
34,103,0.291,0.37,-0.046
34,104,0.455,0.538,-0.033
34,105,0.49,0.572,-0.03
34,106,0.54,0.618,-0.027
34,107,0.506,0.587,-0.029
34,108,0.448,0.531,-0.033
34,109,0.443,0.526,-0.034
34,11,0.053,0.086,-0.064
34,110,0.36,0.442,-0.04
34,111,0.474,0.557,-0.032
34,112,0.374,0.457,-0.039
34,113,0.364,0.446,-0.04
34,114,0.323,0.404,-0.044
34,115,0.369,0.452,-0.04
34,116,0.343,0.425,-0.042
34,117,0.343,0.425,-0.042
34,118,0.245,0.32,-0.052
34,119,0.259,0.335,-0.051
34,12,0.117,0.171,-0.051
34,120,0.224,0.297,-0.055
34,121,0.261,0.338,-0.051
34,122,0.309,0.389,-0.046
34,123,0.217,0.289,-0.056
34,124,0.173,0.238,-0.062
34,125,0.236,0.31,-0.054
34,126,0.265,0.342,-0.051
34,127,0.333,0.415,-0.044
34,128,0.204,0.274,-0.058
34,129,0.223,0.295,-0.056
34,13,0.138,0.196,-0.049
34,130,0.269,0.346,-0.051
34,131,0.224,0.297,-0.056
34,132,0.348,0.431,-0.043
34,133,0.238,0.313,-0.054
34,134,0.148,0.209,-0.066
34,135,0.174,0.239,-0.062
34,136,0.287,0.365,-0.049
34,137,0.229,0.303,-0.055
34,138,0.255,0.331,-0.052
34,139,0.226,0.299,-0.056
34,14,0.1,0.15,-0.053
34,140,0.214,0.285,-0.057
34,141,0.216,0.287,-0.057
34,142,0.308,0.388,-0.047
34,143,0.288,0.367,-0.049
34,144,0.336,0.417,-0.044
34,145,0.36,0.442,-0.042
34,146,0.322,0.403,-0.046
34,147,0.343,0.425,-0.044
34,148,0.363,0.445,-0.042
34,149,0.37,0.453,-0.041
34,15,0.13,0.187,-0.049
34,150,0.228,0.301,-0.056
34,151,0.256,0.332,-0.052
34,152,0.196,0.265,-0.059
34,153,0.268,0.345,-0.051
34,154,0.253,0.329,-0.052
34,155,0.203,0.273,-0.058
34,156,0.207,0.277,-0.058
34,157,0.159,0.222,-0.064
34,158,0.27,0.348,-0.05
34,159,0.235,0.309,-0.054
34,16,0.042,0.07,-0.066
34,160,0.242,0.317,-0.053
34,161,0.423,0.506,-0.037
34,162,0.346,0.428,-0.043
34,163,0.252,0.328,-0.052
34,164,0.225,0.298,-0.055
34,165,0.185,0.252,-0.06
34,166,0.251,0.326,-0.052
34,167,0.247,0.322,-0.052
34,168,0.181,0.248,-0.06
34,169,0.207,0.278,-0.057
34,17,0.143,0.203,-0.047
34,170,0.17,0.235,-0.062
34,171,0.137,0.195,-0.067
34,172,0.218,0.289,-0.055
34,173,0.387,0.47,-0.039
34,174,0.245,0.32,-0.052
34,175,0.207,0.277,-0.056
34,176,0.188,0.256,-0.059
34,177,0.249,0.325,-0.051
34,178,0.267,0.344,-0.049
34,179,0.293,0.372,-0.047
34,18,0.092,0.138,-0.055
34,180,0.361,0.443,-0.041
34,181,0.282,0.361,-0.048
34,182,0.326,0.407,-0.043
34,183,0.354,0.437,-0.041
34,184,0.561,0.638,-0.026
34,185,0.4,0.483,-0.037
34,186,0.402,0.485,-0.037
34,187,0.464,0.547,-0.032
34,188,0.54,0.619,-0.027
34,189,0.321,0.402,-0.043
34,19,0.081,0.125,-0.056
34,190,0.312,0.392,-0.044
34,191,0.238,0.312,-0.051
34,192,0.26,0.336,-0.049
34,193,0.319,0.399,-0.043
34,194,0.34,0.422,-0.041
34,195,0.302,0.382,-0.044
34,196,0.286,0.364,-0.046
34,197,0.301,0.381,-0.045
34,198,0.382,0.465,-0.038
34,199,0.317,0.398,-0.043
34,20,0.092,0.139,-0.054
34,200,0.327,0.409,-0.042
34,201,0.429,0.513,-0.034
34,202,0.326,0.407,-0.042
34,203,0.469,0.552,-0.031
34,204,0.323,0.404,-0.042
34,205,0.399,0.482,-0.036
34,206,0.26,0.337,-0.048
34,207,0.255,0.331,-0.049
34,208,0.173,0.238,-0.058
34,209,0.299,0.379,-0.045
34,21,0.07,0.11,-0.059
34,210,0.336,0.418,-0.041
34,211,0.297,0.377,-0.045
34,212,0.344,0.427,-0.041
34,213,0.354,0.437,-0.04
34,214,0.255,0.331,-0.049
34,215,0.367,0.449,-0.039
34,216,0.365,0.447,-0.04
34,217,0.503,0.584,-0.029
34,218,0.479,0.561,-0.031
34,219,0.288,0.366,-0.047
34,22,0.023,0.042,-0.074
34,220,0.279,0.357,-0.048
34,221,0.271,0.348,-0.05
34,222,0.344,0.426,-0.043
34,223,0.247,0.322,-0.053
34,224,0.25,0.326,-0.053
34,225,0.377,0.46,-0.041
34,226,0.272,0.35,-0.051
34,227,0.358,0.44,-0.043
34,228,0.257,0.334,-0.054
34,229,0.162,0.225,-0.067
34,23,0.057,0.093,-0.062
34,230,0.375,0.458,-0.043
34,231,0.291,0.37,-0.052
34,232,0.221,0.293,-0.06
34,233,0.241,0.315,-0.059
34,234,0.292,0.371,-0.053
34,235,0.257,0.334,-0.058
34,236,0.304,0.384,-0.053
34,237,0.301,0.381,-0.054
34,238,0.293,0.372,-0.056
34,239,0.2,0.27,-0.069
34,24,0.056,0.09,-0.062
34,240,0.163,0.226,-0.076
34,241,0.194,0.262,-0.072
34,242,0.199,0.268,-0.072
34,243,0.212,0.284,-0.071
34,244,0.236,0.31,-0.068
34,245,0.255,0.331,-0.067
34,246,0.238,0.312,-0.07
34,247,0.246,0.321,-0.07
34,248,0.218,0.29,-0.076
34,249,0.294,0.374,-0.065
34,25,0.122,0.176,-0.05
34,250,0.252,0.328,-0.072
34,251,0.224,0.297,-0.078
34,26,0.026,0.047,-0.073
34,27,0.084,0.129,-0.056
34,28,0.048,0.079,-0.065
34,29,0.058,0.093,-0.062
34,30,0.176,0.242,-0.044
34,31,0.078,0.12,-0.058
34,32,0.094,0.142,-0.055
34,33,0.166,0.229,-0.046
34,34,0.162,0.225,-0.046
34,35,0.137,0.195,-0.049
34,36,0.288,0.367,-0.035
34,37,0.26,0.336,-0.038
34,38,0.401,0.485,-0.028
34,39,0.415,0.498,-0.027
34,40,0.152,0.213,-0.048
34,41,0.281,0.36,-0.036
34,42,0.285,0.363,-0.036
34,43,0.222,0.294,-0.042
34,44,0.216,0.287,-0.042
34,45,0.279,0.357,-0.037
34,46,0.276,0.354,-0.038
34,47,0.344,0.426,-0.033
34,48,0.225,0.298,-0.042
34,49,0.117,0.17,-0.055
34,50,0.173,0.238,-0.048
34,51,0.111,0.163,-0.056
34,52,0.196,0.265,-0.045
34,53,0.124,0.179,-0.055
34,54,0.2,0.27,-0.045
34,55,0.265,0.342,-0.04
34,56,0.262,0.339,-0.04
34,57,0.122,0.177,-0.056
34,58,0.201,0.271,-0.046
34,59,0.161,0.224,-0.051
34,6,0.158,0.22,-0.048
34,60,0.134,0.192,-0.054
34,61,0.181,0.248,-0.049
34,62,0.133,0.19,-0.055
34,63,0.124,0.18,-0.057
34,64,0.178,0.244,-0.05
34,65,0.161,0.225,-0.052
34,66,0.358,0.441,-0.034
34,67,0.198,0.267,-0.049
34,68,0.229,0.302,-0.045
34,69,0.335,0.417,-0.037
34,7,0.143,0.202,-0.049
34,70,0.344,0.426,-0.036
34,71,0.502,0.583,-0.026
34,72,0.433,0.517,-0.03
34,73,0.276,0.354,-0.042
34,74,0.181,0.247,-0.052
34,75,0.282,0.36,-0.042
34,76,0.246,0.321,-0.046
34,77,0.311,0.392,-0.04
34,78,0.259,0.336,-0.045
34,79,0.281,0.36,-0.043
34,8,0.112,0.164,-0.053
34,80,0.237,0.311,-0.048
34,81,0.289,0.368,-0.043
34,82,0.301,0.38,-0.042
34,83,0.351,0.433,-0.038
34,84,0.372,0.455,-0.036
34,85,0.237,0.312,-0.048
34,86,0.244,0.319,-0.048
34,87,0.192,0.261,-0.054
34,88,0.221,0.293,-0.051
34,89,0.455,0.538,-0.031
34,9,0.137,0.195,-0.05
34,90,0.321,0.402,-0.041
34,91,0.407,0.49,-0.035
34,92,0.417,0.501,-0.034
34,93,0.278,0.356,-0.046
34,94,0.53,0.61,-0.026
34,95,0.524,0.604,-0.027
34,96,0.318,0.399,-0.042
34,97,0.5,0.581,-0.029
34,98,0.512,0.593,-0.028
34,99,0.531,0.61,-0.027
35,10,0.163,0.227,-0.046
35,100,0.315,0.395,-0.044
35,101,0.269,0.346,-0.048
35,102,0.35,0.432,-0.041
35,103,0.303,0.383,-0.045
35,104,0.25,0.325,-0.05
35,105,0.324,0.406,-0.043
35,106,0.219,0.292,-0.054
35,107,0.357,0.44,-0.04
35,108,0.327,0.408,-0.043
35,109,0.443,0.526,-0.034
35,11,0.106,0.156,-0.053
35,110,0.255,0.331,-0.05
35,111,0.28,0.359,-0.048
35,112,0.358,0.44,-0.041
35,113,0.45,0.533,-0.034
35,114,0.5,0.581,-0.03
35,115,0.538,0.617,-0.027
35,116,0.606,0.679,-0.023
35,117,0.436,0.519,-0.035
35,118,0.375,0.458,-0.04
35,119,0.315,0.395,-0.045
35,12,0.069,0.108,-0.059
35,120,0.316,0.397,-0.045
35,121,0.231,0.304,-0.054
35,122,0.239,0.313,-0.053
35,123,0.253,0.329,-0.051
35,124,0.379,0.462,-0.04
35,125,0.281,0.359,-0.049
35,126,0.346,0.428,-0.043
35,127,0.289,0.368,-0.048
35,128,0.292,0.371,-0.048
35,129,0.282,0.361,-0.049
35,13,0.158,0.22,-0.046
35,130,0.347,0.429,-0.043
35,131,0.329,0.41,-0.044
35,132,0.207,0.278,-0.057
35,133,0.274,0.351,-0.05
35,134,0.146,0.206,-0.066
35,135,0.258,0.335,-0.052
35,136,0.307,0.387,-0.047
35,137,0.395,0.478,-0.039
35,138,0.303,0.383,-0.047
35,139,0.279,0.357,-0.05
35,14,0.108,0.16,-0.052
35,140,0.338,0.419,-0.044
35,141,0.291,0.37,-0.048
35,142,0.242,0.317,-0.054
35,143,0.323,0.404,-0.045
35,144,0.288,0.367,-0.049
35,145,0.223,0.296,-0.056
35,146,0.261,0.337,-0.052
35,147,0.286,0.364,-0.049
35,148,0.195,0.264,-0.059
35,149,0.207,0.277,-0.058
35,15,0.113,0.166,-0.051
35,150,0.15,0.211,-0.066
35,151,0.139,0.197,-0.068
35,152,0.139,0.197,-0.068
35,153,0.171,0.236,-0.063
35,154,0.244,0.319,-0.053
35,155,0.229,0.302,-0.055
35,156,0.165,0.229,-0.063
35,157,0.273,0.35,-0.05
35,158,0.317,0.398,-0.046
35,159,0.284,0.362,-0.049
35,16,0.075,0.116,-0.058
35,160,0.241,0.316,-0.053
35,161,0.228,0.301,-0.055
35,162,0.27,0.347,-0.05
35,163,0.421,0.504,-0.037
35,164,0.445,0.528,-0.035
35,165,0.381,0.464,-0.04
35,166,0.384,0.467,-0.04
35,167,0.431,0.514,-0.036
35,168,0.394,0.478,-0.039
35,169,0.383,0.466,-0.04
35,17,0.036,0.063,-0.068
35,170,0.249,0.324,-0.052
35,171,0.214,0.286,-0.056
35,172,0.331,0.412,-0.044
35,173,0.315,0.396,-0.045
35,174,0.257,0.333,-0.051
35,175,0.351,0.433,-0.042
35,176,0.379,0.462,-0.039
35,177,0.345,0.427,-0.042
35,178,0.338,0.42,-0.043
35,179,0.427,0.51,-0.036
35,18,0.063,0.1,-0.06
35,180,0.368,0.451,-0.04
35,181,0.476,0.558,-0.032
35,182,0.451,0.534,-0.034
35,183,0.482,0.564,-0.031
35,184,0.414,0.498,-0.036
35,185,0.49,0.572,-0.031
35,186,0.462,0.545,-0.032
35,187,0.407,0.49,-0.037
35,188,0.451,0.534,-0.033
35,189,0.536,0.615,-0.027
35,19,0.055,0.089,-0.062
35,190,0.455,0.538,-0.033
35,191,0.419,0.502,-0.035
35,192,0.381,0.464,-0.038
35,193,0.535,0.614,-0.027
35,194,0.48,0.562,-0.031
35,195,0.443,0.526,-0.033
35,196,0.489,0.571,-0.03
35,197,0.363,0.446,-0.039
35,198,0.357,0.439,-0.04
35,199,0.526,0.606,-0.027
35,20,0.064,0.102,-0.06
35,200,0.356,0.438,-0.04
35,201,0.431,0.514,-0.034
35,202,0.24,0.315,-0.05
35,203,0.293,0.372,-0.045
35,204,0.347,0.429,-0.04
35,205,0.548,0.626,-0.026
35,206,0.488,0.57,-0.03
35,207,0.352,0.435,-0.04
35,208,0.396,0.479,-0.036
35,209,0.461,0.543,-0.032
35,21,0.136,0.194,-0.048
35,210,0.469,0.551,-0.031
35,211,0.459,0.541,-0.032
35,212,0.489,0.571,-0.03
35,213,0.603,0.677,-0.023
35,214,0.514,0.595,-0.028
35,215,0.683,0.747,-0.018
35,216,0.788,0.836,-0.012
35,217,0.57,0.646,-0.025
35,218,0.573,0.649,-0.025
35,219,0.689,0.752,-0.018
35,22,0.052,0.085,-0.063
35,220,0.743,0.798,-0.015
35,221,0.744,0.799,-0.015
35,222,0.83,0.869,-0.01
35,223,0.677,0.742,-0.019
35,224,0.567,0.644,-0.026
35,225,0.605,0.678,-0.024
35,226,0.592,0.666,-0.025
35,227,0.543,0.622,-0.028
35,228,0.402,0.485,-0.04
35,229,0.276,0.354,-0.052
35,23,0.042,0.071,-0.067
35,230,0.322,0.403,-0.048
35,231,0.462,0.544,-0.036
35,232,0.249,0.324,-0.056
35,233,0.204,0.274,-0.063
35,234,0.227,0.3,-0.061
35,235,0.27,0.347,-0.056
35,236,0.297,0.377,-0.054
35,237,0.27,0.348,-0.057
35,238,0.278,0.356,-0.057
35,239,0.18,0.246,-0.072
35,24,0.174,0.24,-0.044
35,240,0.199,0.268,-0.07
35,241,0.284,0.362,-0.059
35,242,0.238,0.312,-0.066
35,243,0.139,0.198,-0.084
35,244,0.174,0.239,-0.078
35,245,0.251,0.326,-0.067
35,246,0.192,0.26,-0.077
35,247,0.202,0.272,-0.077
35,248,0.162,0.225,-0.086
35,249,0.127,0.183,-0.095
35,25,0.153,0.215,-0.047
35,250,0.135,0.192,-0.094
35,251,0.182,0.249,-0.085
35,26,0.078,0.12,-0.058
35,27,0.045,0.076,-0.066
35,28,0.036,0.062,-0.069
35,29,0.104,0.154,-0.054
35,30,0.05,0.082,-0.065
35,31,0.091,0.137,-0.056
35,32,0.081,0.124,-0.058
35,33,0.137,0.195,-0.049
35,34,0.095,0.143,-0.055
35,35,0.118,0.171,-0.052
35,36,0.095,0.142,-0.056
35,37,0.167,0.231,-0.046
35,38,0.193,0.262,-0.044
35,39,0.146,0.206,-0.049
35,40,0.289,0.368,-0.036
35,41,0.249,0.325,-0.039
35,42,0.181,0.248,-0.046
35,43,0.167,0.231,-0.047
35,44,0.27,0.347,-0.038
35,45,0.19,0.259,-0.045
35,46,0.206,0.277,-0.044
35,47,0.374,0.457,-0.031
35,48,0.132,0.189,-0.053
35,49,0.252,0.328,-0.04
35,50,0.34,0.422,-0.034
35,51,0.185,0.252,-0.047
35,52,0.13,0.186,-0.054
35,53,0.189,0.256,-0.047
35,54,0.197,0.265,-0.046
35,55,0.176,0.242,-0.049
35,56,0.235,0.309,-0.043
35,57,0.15,0.21,-0.052
35,58,0.084,0.128,-0.063
35,59,0.145,0.204,-0.053
35,6,0.254,0.33,-0.039
35,60,0.255,0.331,-0.042
35,61,0.356,0.438,-0.034
35,62,0.21,0.281,-0.047
35,63,0.273,0.35,-0.041
35,64,0.269,0.346,-0.041
35,65,0.309,0.389,-0.038
35,66,0.346,0.428,-0.036
35,67,0.429,0.513,-0.03
35,68,0.509,0.59,-0.025
35,69,0.341,0.423,-0.037
35,7,0.307,0.387,-0.034
35,70,0.407,0.491,-0.032
35,71,0.298,0.378,-0.04
35,72,0.351,0.433,-0.036
35,73,0.459,0.542,-0.029
35,74,0.3,0.38,-0.041
35,75,0.212,0.283,-0.049
35,76,0.239,0.314,-0.047
35,77,0.175,0.24,-0.054
35,78,0.208,0.279,-0.05
35,79,0.185,0.252,-0.053
35,8,0.304,0.384,-0.035
35,80,0.354,0.436,-0.037
35,81,0.224,0.296,-0.049
35,82,0.21,0.281,-0.051
35,83,0.226,0.299,-0.049
35,84,0.301,0.381,-0.042
35,85,0.235,0.309,-0.049
35,86,0.248,0.323,-0.048
35,87,0.344,0.426,-0.039
35,88,0.371,0.454,-0.037
35,89,0.256,0.332,-0.048
35,9,0.086,0.13,-0.057
35,90,0.201,0.271,-0.054
35,91,0.225,0.298,-0.051
35,92,0.442,0.525,-0.033
35,93,0.335,0.417,-0.041
35,94,0.347,0.429,-0.04
35,95,0.298,0.378,-0.044
35,96,0.324,0.406,-0.042
35,97,0.334,0.415,-0.041
35,98,0.292,0.371,-0.045
35,99,0.374,0.457,-0.038
36,10,0.055,0.09,-0.064
36,100,0.446,0.529,-0.033
36,101,0.333,0.414,-0.042
36,102,0.22,0.293,-0.053
36,103,0.292,0.371,-0.046
36,104,0.294,0.373,-0.046
36,105,0.316,0.397,-0.044
36,106,0.317,0.398,-0.044
36,107,0.214,0.285,-0.055
36,108,0.297,0.376,-0.046
36,109,0.283,0.361,-0.047
36,11,0.05,0.082,-0.065
36,110,0.288,0.367,-0.047
36,111,0.289,0.368,-0.047
36,112,0.491,0.572,-0.03
36,113,0.445,0.528,-0.034
36,114,0.324,0.405,-0.044
36,115,0.336,0.418,-0.043
36,116,0.394,0.477,-0.038
36,117,0.513,0.593,-0.029
36,118,0.412,0.496,-0.036
36,119,0.269,0.346,-0.049
36,12,0.1,0.149,-0.054
36,120,0.237,0.311,-0.053
36,121,0.292,0.371,-0.047
36,122,0.319,0.4,-0.045
36,123,0.369,0.452,-0.04
36,124,0.306,0.387,-0.046
36,125,0.227,0.3,-0.054
36,126,0.258,0.334,-0.051
36,127,0.295,0.375,-0.047
36,128,0.265,0.342,-0.051
36,129,0.371,0.454,-0.04
36,13,0.046,0.077,-0.065
36,130,0.342,0.424,-0.043
36,131,0.387,0.47,-0.039
36,132,0.304,0.384,-0.047
36,133,0.312,0.392,-0.046
36,134,0.353,0.435,-0.042
36,135,0.248,0.323,-0.052
36,136,0.183,0.249,-0.061
36,137,0.313,0.393,-0.046
36,138,0.326,0.407,-0.045
36,139,0.321,0.402,-0.045
36,14,0.139,0.197,-0.048
36,140,0.326,0.407,-0.045
36,141,0.348,0.431,-0.043
36,142,0.547,0.625,-0.027
36,143,0.556,0.634,-0.027
36,144,0.587,0.662,-0.025
36,145,0.445,0.528,-0.035
36,146,0.449,0.532,-0.035
36,147,0.502,0.583,-0.031
36,148,0.396,0.479,-0.039
36,149,0.474,0.557,-0.033
36,15,0.136,0.194,-0.048
36,150,0.452,0.535,-0.034
36,151,0.346,0.428,-0.043
36,152,0.27,0.347,-0.05
36,153,0.295,0.374,-0.048
36,154,0.22,0.292,-0.056
36,155,0.28,0.358,-0.049
36,156,0.329,0.411,-0.045
36,157,0.305,0.385,-0.047
36,158,0.31,0.391,-0.046
36,159,0.289,0.368,-0.049
36,16,0.055,0.09,-0.062
36,160,0.235,0.309,-0.054
36,161,0.23,0.303,-0.055
36,162,0.163,0.226,-0.064
36,163,0.267,0.344,-0.051
36,164,0.376,0.459,-0.04
36,165,0.337,0.419,-0.044
36,166,0.413,0.497,-0.037
36,167,0.388,0.471,-0.039
36,168,0.384,0.467,-0.04
36,169,0.279,0.358,-0.049
36,17,0.047,0.078,-0.065
36,170,0.378,0.461,-0.04
36,171,0.415,0.498,-0.037
36,172,0.308,0.388,-0.046
36,173,0.262,0.339,-0.051
36,174,0.293,0.373,-0.048
36,175,0.432,0.515,-0.036
36,176,0.37,0.453,-0.04
36,177,0.438,0.521,-0.035
36,178,0.358,0.44,-0.041
36,179,0.252,0.328,-0.051
36,18,0.084,0.128,-0.056
36,180,0.254,0.33,-0.051
36,181,0.369,0.452,-0.04
36,182,0.543,0.622,-0.027
36,183,0.411,0.495,-0.037
36,184,0.458,0.541,-0.033
36,185,0.423,0.506,-0.036
36,186,0.426,0.509,-0.035
36,187,0.431,0.514,-0.035
36,188,0.288,0.367,-0.047
36,189,0.353,0.435,-0.041
36,19,0.114,0.167,-0.052
36,190,0.433,0.516,-0.034
36,191,0.45,0.533,-0.033
36,192,0.321,0.402,-0.043
36,193,0.326,0.407,-0.043
36,194,0.337,0.418,-0.042
36,195,0.273,0.351,-0.048
36,196,0.33,0.412,-0.042
36,197,0.422,0.506,-0.035
36,198,0.365,0.448,-0.039
36,199,0.343,0.425,-0.041
36,20,0.155,0.216,-0.046
36,200,0.366,0.449,-0.039
36,201,0.474,0.556,-0.031
36,202,0.368,0.45,-0.039
36,203,0.402,0.485,-0.036
36,204,0.348,0.43,-0.04
36,205,0.218,0.29,-0.053
36,206,0.346,0.428,-0.041
36,207,0.218,0.29,-0.053
36,208,0.311,0.392,-0.044
36,209,0.379,0.462,-0.038
36,21,0.111,0.163,-0.052
36,210,0.422,0.505,-0.035
36,211,0.471,0.554,-0.031
36,212,0.357,0.439,-0.04
36,213,0.37,0.453,-0.039
36,214,0.407,0.49,-0.036
36,215,0.375,0.458,-0.039
36,216,0.403,0.486,-0.037
36,217,0.27,0.348,-0.049
36,218,0.447,0.53,-0.034
36,219,0.244,0.319,-0.052
36,22,0.047,0.077,-0.065
36,220,0.163,0.226,-0.062
36,221,0.16,0.223,-0.063
36,222,0.211,0.282,-0.056
36,223,0.237,0.311,-0.053
36,224,0.347,0.429,-0.043
36,225,0.32,0.401,-0.046
36,226,0.44,0.523,-0.036
36,227,0.393,0.477,-0.04
36,228,0.28,0.358,-0.051
36,229,0.336,0.418,-0.046
36,23,0.15,0.211,-0.047
36,230,0.244,0.319,-0.056
36,231,0.312,0.393,-0.049
36,232,0.203,0.273,-0.062
36,233,0.285,0.363,-0.053
36,234,0.317,0.397,-0.05
36,235,0.261,0.337,-0.057
36,236,0.266,0.343,-0.057
36,237,0.261,0.338,-0.058
36,238,0.256,0.332,-0.059
36,239,0.178,0.243,-0.071
36,24,0.107,0.157,-0.053
36,240,0.139,0.198,-0.079
36,241,0.131,0.188,-0.082
36,242,0.171,0.236,-0.075
36,243,0.132,0.188,-0.084
36,244,0.207,0.277,-0.072
36,245,0.187,0.255,-0.076
36,246,0.133,0.19,-0.088
36,247,0.177,0.243,-0.08
36,248,0.139,0.197,-0.09
36,249,0.158,0.22,-0.087
36,25,0.08,0.123,-0.058
36,250,0.148,0.208,-0.09
36,251,0.178,0.244,-0.086
36,26,0.076,0.118,-0.058
36,27,0.093,0.14,-0.056
36,28,0.079,0.122,-0.058
36,29,0.122,0.176,-0.051
36,30,0.057,0.091,-0.063
36,31,0.119,0.173,-0.052
36,32,0.112,0.164,-0.053
36,33,0.074,0.115,-0.06
36,34,0.14,0.199,-0.049
36,35,0.152,0.214,-0.048
36,36,0.075,0.117,-0.06
36,37,0.178,0.244,-0.045
36,38,0.201,0.271,-0.043
36,39,0.124,0.179,-0.052
36,40,0.064,0.101,-0.063
36,41,0.186,0.253,-0.045
36,42,0.214,0.285,-0.043
36,43,0.119,0.173,-0.054
36,44,0.164,0.227,-0.048
36,45,0.19,0.258,-0.045
36,46,0.184,0.251,-0.046
36,47,0.243,0.318,-0.041
36,48,0.22,0.292,-0.043
36,49,0.251,0.326,-0.041
36,50,0.204,0.274,-0.045
36,51,0.202,0.272,-0.045
36,52,0.211,0.282,-0.045
36,53,0.073,0.114,-0.064
36,54,0.129,0.185,-0.055
36,55,0.165,0.229,-0.05
36,56,0.124,0.179,-0.056
36,57,0.148,0.208,-0.053
36,58,0.098,0.146,-0.061
36,59,0.139,0.198,-0.054
36,6,0.091,0.137,-0.058
36,60,0.199,0.268,-0.048
36,61,0.13,0.186,-0.056
36,62,0.136,0.194,-0.055
36,63,0.115,0.168,-0.059
36,64,0.228,0.301,-0.045
36,65,0.18,0.246,-0.051
36,66,0.18,0.246,-0.051
36,67,0.324,0.405,-0.038
36,68,0.331,0.412,-0.037
36,69,0.294,0.373,-0.04
36,7,0.082,0.126,-0.059
36,70,0.302,0.381,-0.04
36,71,0.351,0.434,-0.036
36,72,0.182,0.249,-0.052
36,73,0.233,0.306,-0.047
36,74,0.211,0.282,-0.049
36,75,0.17,0.234,-0.055
36,76,0.259,0.336,-0.045
36,77,0.187,0.254,-0.053
36,78,0.197,0.266,-0.052
36,79,0.24,0.315,-0.048
36,8,0.06,0.097,-0.063
36,80,0.239,0.313,-0.048
36,81,0.282,0.36,-0.044
36,82,0.307,0.387,-0.042
36,83,0.349,0.431,-0.038
36,84,0.357,0.44,-0.038
36,85,0.365,0.448,-0.038
36,86,0.306,0.386,-0.043
36,87,0.421,0.505,-0.034
36,88,0.324,0.406,-0.041
36,89,0.229,0.303,-0.05
36,9,0.057,0.093,-0.063
36,90,0.266,0.343,-0.047
36,91,0.362,0.444,-0.039
36,92,0.363,0.446,-0.038
36,93,0.376,0.459,-0.038
36,94,0.348,0.431,-0.04
36,95,0.306,0.386,-0.044
36,96,0.506,0.587,-0.028
36,97,0.333,0.415,-0.042
36,98,0.397,0.48,-0.036
36,99,0.35,0.433,-0.04
37,10,0.076,0.118,-0.059
37,100,0.306,0.387,-0.044
37,101,0.33,0.412,-0.042
37,102,0.448,0.531,-0.033
37,103,0.427,0.51,-0.034
37,104,0.417,0.5,-0.035
37,105,0.332,0.414,-0.042
37,106,0.226,0.299,-0.053
37,107,0.263,0.34,-0.049
37,108,0.403,0.486,-0.037
37,109,0.348,0.431,-0.041
37,11,0.075,0.117,-0.059
37,110,0.222,0.294,-0.054
37,111,0.256,0.332,-0.05
37,112,0.421,0.504,-0.035
37,113,0.381,0.464,-0.039
37,114,0.345,0.427,-0.042
37,115,0.28,0.358,-0.048
37,116,0.206,0.276,-0.056
37,117,0.236,0.311,-0.052
37,118,0.173,0.238,-0.06
37,119,0.219,0.291,-0.055
37,12,0.048,0.08,-0.065
37,120,0.272,0.35,-0.049
37,121,0.296,0.375,-0.047
37,122,0.231,0.304,-0.053
37,123,0.194,0.263,-0.058
37,124,0.174,0.24,-0.061
37,125,0.227,0.3,-0.054
37,126,0.172,0.238,-0.061
37,127,0.142,0.201,-0.066
37,128,0.231,0.305,-0.054
37,129,0.183,0.25,-0.06
37,13,0.094,0.141,-0.055
37,130,0.207,0.277,-0.057
37,131,0.266,0.344,-0.05
37,132,0.355,0.438,-0.042
37,133,0.302,0.381,-0.047
37,134,0.262,0.339,-0.051
37,135,0.225,0.298,-0.055
37,136,0.189,0.257,-0.059
37,137,0.172,0.237,-0.062
37,138,0.228,0.301,-0.055
37,139,0.284,0.363,-0.048
37,14,0.018,0.034,-0.077
37,140,0.245,0.32,-0.053
37,141,0.23,0.303,-0.054
37,142,0.264,0.341,-0.051
37,143,0.258,0.335,-0.051
37,144,0.281,0.36,-0.049
37,145,0.312,0.392,-0.046
37,146,0.44,0.523,-0.035
37,147,0.359,0.441,-0.042
37,148,0.237,0.311,-0.054
37,149,0.276,0.354,-0.05
37,15,0.05,0.082,-0.064
37,150,0.273,0.35,-0.05
37,151,0.305,0.385,-0.047
37,152,0.309,0.39,-0.046
37,153,0.302,0.381,-0.047
37,154,0.225,0.298,-0.055
37,155,0.256,0.332,-0.052
37,156,0.226,0.299,-0.055
37,157,0.167,0.231,-0.063
37,158,0.202,0.272,-0.058
37,159,0.2,0.27,-0.058
37,16,0.046,0.077,-0.065
37,160,0.268,0.345,-0.05
37,161,0.329,0.411,-0.044
37,162,0.275,0.353,-0.05
37,163,0.199,0.268,-0.058
37,164,0.303,0.383,-0.047
37,165,0.366,0.449,-0.041
37,166,0.352,0.434,-0.042
37,167,0.399,0.482,-0.038
37,168,0.452,0.535,-0.034
37,169,0.464,0.547,-0.033
37,17,0.067,0.106,-0.06
37,170,0.361,0.444,-0.042
37,171,0.475,0.557,-0.033
37,172,0.466,0.548,-0.033
37,173,0.408,0.491,-0.037
37,174,0.461,0.544,-0.033
37,175,0.582,0.657,-0.025
37,176,0.457,0.539,-0.034
37,177,0.415,0.498,-0.037
37,178,0.295,0.374,-0.047
37,179,0.392,0.475,-0.039
37,18,0.06,0.096,-0.062
37,180,0.346,0.428,-0.042
37,181,0.295,0.374,-0.047
37,182,0.342,0.424,-0.043
37,183,0.288,0.367,-0.048
37,184,0.311,0.392,-0.045
37,185,0.304,0.384,-0.046
37,186,0.433,0.516,-0.035
37,187,0.272,0.35,-0.049
37,188,0.271,0.348,-0.049
37,189,0.418,0.501,-0.036
37,19,0.035,0.061,-0.069
37,190,0.276,0.354,-0.048
37,191,0.26,0.337,-0.05
37,192,0.42,0.504,-0.035
37,193,0.334,0.416,-0.043
37,194,0.322,0.403,-0.043
37,195,0.445,0.528,-0.033
37,196,0.329,0.41,-0.043
37,197,0.382,0.465,-0.038
37,198,0.425,0.508,-0.035
37,199,0.366,0.449,-0.039
37,20,0.085,0.13,-0.057
37,200,0.42,0.504,-0.035
37,201,0.414,0.497,-0.035
37,202,0.45,0.533,-0.033
37,203,0.549,0.627,-0.026
37,204,0.494,0.575,-0.03
37,205,0.396,0.479,-0.037
37,206,0.292,0.371,-0.046
37,207,0.364,0.447,-0.039
37,208,0.482,0.564,-0.03
37,209,0.323,0.404,-0.043
37,21,0.068,0.107,-0.06
37,210,0.526,0.606,-0.028
37,211,0.427,0.511,-0.034
37,212,0.292,0.371,-0.046
37,213,0.23,0.304,-0.052
37,214,0.321,0.402,-0.043
37,215,0.428,0.511,-0.035
37,216,0.341,0.423,-0.042
37,217,0.217,0.289,-0.054
37,218,0.206,0.276,-0.056
37,219,0.293,0.372,-0.047
37,22,0.079,0.122,-0.057
37,220,0.265,0.342,-0.05
37,221,0.302,0.382,-0.046
37,222,0.208,0.279,-0.057
37,223,0.194,0.262,-0.059
37,224,0.221,0.293,-0.056
37,225,0.218,0.29,-0.056
37,226,0.171,0.235,-0.063
37,227,0.157,0.219,-0.066
37,228,0.181,0.247,-0.063
37,229,0.199,0.269,-0.061
37,23,0.062,0.099,-0.061
37,230,0.136,0.194,-0.071
37,231,0.12,0.174,-0.075
37,232,0.196,0.265,-0.063
37,233,0.19,0.258,-0.064
37,234,0.15,0.211,-0.072
37,235,0.18,0.247,-0.067
37,236,0.198,0.268,-0.066
37,237,0.179,0.246,-0.069
37,238,0.193,0.262,-0.068
37,239,0.112,0.164,-0.084
37,24,0.038,0.064,-0.068
37,240,0.203,0.273,-0.068
37,241,0.174,0.24,-0.074
37,242,0.146,0.206,-0.08
37,243,0.156,0.218,-0.079
37,244,0.102,0.151,-0.092
37,245,0.151,0.212,-0.082
37,246,0.149,0.21,-0.084
37,247,0.119,0.172,-0.092
37,248,0.182,0.248,-0.08
37,249,0.166,0.229,-0.085
37,25,0.025,0.045,-0.074
37,250,0.139,0.197,-0.092
37,251,0.111,0.162,-0.1
37,26,0.082,0.126,-0.057
37,27,0.073,0.114,-0.059
37,28,0.035,0.06,-0.07
37,29,0.039,0.067,-0.069
37,30,0.074,0.115,-0.06
37,31,0.084,0.128,-0.058
37,32,0.063,0.101,-0.062
37,33,0.048,0.08,-0.066
37,34,0.045,0.075,-0.067
37,35,0.046,0.076,-0.067
37,36,0.06,0.097,-0.063
37,37,0.082,0.125,-0.059
37,38,0.073,0.114,-0.061
37,39,0.068,0.107,-0.062
37,40,0.115,0.168,-0.054
37,41,0.132,0.189,-0.052
37,42,0.149,0.21,-0.05
37,43,0.1,0.149,-0.057
37,44,0.102,0.152,-0.057
37,45,0.127,0.183,-0.053
37,46,0.152,0.213,-0.05
37,47,0.191,0.259,-0.046
37,48,0.199,0.268,-0.045
37,49,0.18,0.247,-0.048
37,50,0.155,0.216,-0.051
37,51,0.217,0.289,-0.044
37,52,0.16,0.223,-0.05
37,53,0.224,0.296,-0.044
37,54,0.238,0.313,-0.043
37,55,0.167,0.231,-0.05
37,56,0.172,0.237,-0.05
37,57,0.195,0.263,-0.047
37,58,0.332,0.413,-0.036
37,59,0.55,0.628,-0.022
37,6,0.251,0.327,-0.039
37,60,0.338,0.42,-0.036
37,61,0.363,0.446,-0.034
37,62,0.144,0.203,-0.055
37,63,0.2,0.269,-0.048
37,64,0.373,0.456,-0.034
37,65,0.441,0.524,-0.029
37,66,0.311,0.392,-0.039
37,67,0.523,0.603,-0.025
37,68,0.254,0.33,-0.044
37,69,0.367,0.45,-0.035
37,7,0.113,0.165,-0.053
37,70,0.326,0.407,-0.038
37,71,0.24,0.314,-0.046
37,72,0.435,0.518,-0.031
37,73,0.348,0.43,-0.037
37,74,0.333,0.415,-0.038
37,75,0.361,0.443,-0.037
37,76,0.336,0.418,-0.039
37,77,0.207,0.278,-0.051
37,78,0.225,0.297,-0.049
37,79,0.253,0.328,-0.046
37,8,0.049,0.081,-0.066
37,80,0.288,0.367,-0.043
37,81,0.339,0.421,-0.039
37,82,0.337,0.419,-0.04
37,83,0.434,0.517,-0.032
37,84,0.391,0.474,-0.035
37,85,0.46,0.542,-0.031
37,86,0.415,0.499,-0.034
37,87,0.609,0.682,-0.021
37,88,0.513,0.593,-0.027
37,89,0.448,0.531,-0.032
37,9,0.071,0.111,-0.06
37,90,0.525,0.605,-0.027
37,91,0.489,0.57,-0.029
37,92,0.4,0.483,-0.036
37,93,0.453,0.536,-0.032
37,94,0.437,0.52,-0.033
37,95,0.385,0.468,-0.037
37,96,0.494,0.576,-0.029
37,97,0.483,0.564,-0.03
37,98,0.435,0.518,-0.034
37,99,0.295,0.375,-0.045
38,10,0.05,0.083,-0.066
38,100,0.248,0.323,-0.05
38,101,0.186,0.253,-0.057
38,102,0.183,0.25,-0.058
38,103,0.134,0.192,-0.065
38,104,0.179,0.245,-0.059
38,105,0.184,0.251,-0.058
38,106,0.135,0.193,-0.065
38,107,0.131,0.187,-0.066
38,108,0.239,0.314,-0.051
38,109,0.274,0.352,-0.048
38,11,0.018,0.035,-0.078
38,110,0.181,0.247,-0.058
38,111,0.198,0.267,-0.056
38,112,0.207,0.277,-0.055
38,113,0.169,0.234,-0.06
38,114,0.181,0.248,-0.059
38,115,0.168,0.233,-0.061
38,116,0.198,0.267,-0.057
38,117,0.232,0.305,-0.053
38,118,0.137,0.196,-0.066
38,119,0.164,0.228,-0.062
38,12,0.01,0.02,-0.086
38,120,0.15,0.211,-0.064
38,121,0.16,0.222,-0.062
38,122,0.118,0.172,-0.069
38,123,0.115,0.168,-0.07
38,124,0.178,0.244,-0.06
38,125,0.252,0.328,-0.051
38,126,0.189,0.257,-0.059
38,127,0.178,0.244,-0.06
38,128,0.289,0.368,-0.047
38,129,0.216,0.288,-0.055
38,13,0.017,0.033,-0.078
38,130,0.252,0.327,-0.051
38,131,0.215,0.287,-0.055
38,132,0.199,0.268,-0.058
38,133,0.228,0.301,-0.054
38,134,0.214,0.285,-0.056
38,135,0.168,0.232,-0.062
38,136,0.193,0.261,-0.058
38,137,0.212,0.283,-0.056
38,138,0.211,0.282,-0.056
38,139,0.197,0.266,-0.058
38,14,0.025,0.046,-0.074
38,140,0.183,0.25,-0.06
38,141,0.194,0.262,-0.058
38,142,0.269,0.346,-0.05
38,143,0.293,0.372,-0.047
38,144,0.254,0.33,-0.051
38,145,0.317,0.397,-0.045
38,146,0.283,0.362,-0.048
38,147,0.428,0.511,-0.036
38,148,0.346,0.428,-0.043
38,149,0.211,0.282,-0.057
38,15,0.011,0.023,-0.083
38,150,0.268,0.346,-0.05
38,151,0.253,0.329,-0.052
38,152,0.306,0.386,-0.046
38,153,0.236,0.31,-0.054
38,154,0.185,0.252,-0.06
38,155,0.17,0.234,-0.062
38,156,0.143,0.202,-0.066
38,157,0.168,0.232,-0.063
38,158,0.188,0.255,-0.06
38,159,0.208,0.278,-0.057
38,16,0.014,0.028,-0.08
38,160,0.15,0.21,-0.065
38,161,0.114,0.167,-0.072
38,162,0.19,0.258,-0.06
38,163,0.14,0.199,-0.067
38,164,0.091,0.137,-0.077
38,165,0.133,0.19,-0.068
38,166,0.088,0.133,-0.078
38,167,0.16,0.223,-0.064
38,168,0.211,0.282,-0.057
38,169,0.187,0.254,-0.06
38,17,0.046,0.077,-0.065
38,170,0.153,0.214,-0.065
38,171,0.112,0.164,-0.072
38,172,0.216,0.288,-0.056
38,173,0.222,0.295,-0.055
38,174,0.259,0.336,-0.051
38,175,0.334,0.416,-0.044
38,176,0.314,0.395,-0.045
38,177,0.392,0.475,-0.039
38,178,0.354,0.436,-0.042
38,179,0.377,0.46,-0.04
38,18,0.035,0.06,-0.069
38,180,0.509,0.59,-0.03
38,181,0.465,0.547,-0.033
38,182,0.374,0.456,-0.04
38,183,0.436,0.519,-0.035
38,184,0.415,0.499,-0.037
38,185,0.348,0.431,-0.042
38,186,0.39,0.473,-0.039
38,187,0.402,0.485,-0.038
38,188,0.44,0.523,-0.035
38,189,0.42,0.503,-0.036
38,19,0.02,0.038,-0.076
38,190,0.32,0.401,-0.044
38,191,0.242,0.316,-0.052
38,192,0.254,0.33,-0.05
38,193,0.286,0.364,-0.047
38,194,0.388,0.471,-0.038
38,195,0.397,0.48,-0.037
38,196,0.329,0.41,-0.043
38,197,0.377,0.46,-0.039
38,198,0.329,0.41,-0.043
38,199,0.492,0.574,-0.03
38,20,0.055,0.09,-0.063
38,200,0.516,0.596,-0.028
38,201,0.309,0.39,-0.044
38,202,0.461,0.544,-0.032
38,203,0.455,0.538,-0.033
38,204,0.446,0.529,-0.033
38,205,0.273,0.351,-0.048
38,206,0.382,0.465,-0.038
38,207,0.299,0.379,-0.045
38,208,0.268,0.345,-0.048
38,209,0.275,0.353,-0.048
38,21,0.021,0.039,-0.076
38,210,0.332,0.414,-0.042
38,211,0.231,0.305,-0.052
38,212,0.341,0.423,-0.042
38,213,0.337,0.419,-0.042
38,214,0.321,0.401,-0.044
38,215,0.316,0.396,-0.044
38,216,0.354,0.436,-0.041
38,217,0.231,0.305,-0.053
38,218,0.283,0.362,-0.048
38,219,0.305,0.385,-0.046
38,22,0.053,0.086,-0.064
38,220,0.228,0.301,-0.054
38,221,0.176,0.241,-0.061
38,222,0.199,0.268,-0.058
38,223,0.198,0.267,-0.058
38,224,0.159,0.221,-0.064
38,225,0.184,0.251,-0.061
38,226,0.165,0.229,-0.064
38,227,0.105,0.156,-0.075
38,228,0.136,0.194,-0.07
38,229,0.209,0.28,-0.059
38,23,0.058,0.093,-0.063
38,230,0.106,0.156,-0.077
38,231,0.139,0.198,-0.071
38,232,0.164,0.227,-0.067
38,233,0.102,0.151,-0.08
38,234,0.146,0.206,-0.072
38,235,0.214,0.286,-0.062
38,236,0.145,0.204,-0.074
38,237,0.103,0.152,-0.083
38,238,0.229,0.302,-0.062
38,239,0.188,0.256,-0.069
38,24,0.028,0.05,-0.072
38,240,0.218,0.29,-0.065
38,241,0.144,0.203,-0.078
38,242,0.146,0.206,-0.079
38,243,0.094,0.141,-0.093
38,244,0.071,0.111,-0.101
38,245,0.089,0.135,-0.097
38,246,0.116,0.169,-0.091
38,247,0.089,0.135,-0.1
38,248,0.09,0.136,-0.102
38,249,0.088,0.133,-0.104
38,25,0.037,0.064,-0.069
38,250,0.138,0.197,-0.092
38,251,0.162,0.225,-0.088
38,26,0.088,0.134,-0.056
38,27,0.074,0.115,-0.06
38,28,0.025,0.045,-0.075
38,29,0.087,0.132,-0.057
38,30,0.028,0.05,-0.074
38,31,0.025,0.045,-0.076
38,32,0.027,0.048,-0.075
38,33,0.05,0.082,-0.066
38,34,0.033,0.057,-0.072
38,35,0.027,0.049,-0.075
38,36,0.021,0.04,-0.078
38,37,0.026,0.047,-0.076
38,38,0.013,0.025,-0.085
38,39,0.049,0.08,-0.068
38,40,0.037,0.064,-0.072
38,41,0.1,0.149,-0.057
38,42,0.082,0.126,-0.06
38,43,0.066,0.104,-0.064
38,44,0.089,0.134,-0.06
38,45,0.056,0.091,-0.067
38,46,0.07,0.109,-0.064
38,47,0.13,0.187,-0.054
38,48,0.154,0.216,-0.051
38,49,0.187,0.255,-0.047
38,50,0.12,0.174,-0.056
38,51,0.104,0.154,-0.058
38,52,0.113,0.166,-0.057
38,53,0.253,0.329,-0.042
38,54,0.27,0.348,-0.04
38,55,0.234,0.308,-0.043
38,56,0.236,0.31,-0.044
38,57,0.253,0.329,-0.042
38,58,0.174,0.239,-0.051
38,59,0.369,0.452,-0.034
38,6,0.087,0.132,-0.059
38,60,0.274,0.352,-0.041
38,61,0.226,0.298,-0.046
38,62,0.28,0.358,-0.041
38,63,0.43,0.513,-0.03
38,64,0.246,0.321,-0.044
38,65,0.239,0.313,-0.045
38,66,0.236,0.31,-0.046
38,67,0.295,0.374,-0.041
38,68,0.182,0.248,-0.052
38,69,0.324,0.405,-0.039
38,7,0.022,0.041,-0.078
38,70,0.278,0.356,-0.043
38,71,0.234,0.308,-0.047
38,72,0.238,0.312,-0.047
38,73,0.359,0.442,-0.037
38,74,0.259,0.336,-0.045
38,75,0.279,0.357,-0.044
38,76,0.446,0.529,-0.031
38,77,0.31,0.391,-0.041
38,78,0.332,0.413,-0.04
38,79,0.274,0.352,-0.045
38,8,0.014,0.027,-0.084
38,80,0.402,0.486,-0.034
38,81,0.379,0.462,-0.036
38,82,0.329,0.411,-0.04
38,83,0.324,0.405,-0.041
38,84,0.24,0.315,-0.049
38,85,0.415,0.499,-0.034
38,86,0.392,0.475,-0.036
38,87,0.323,0.404,-0.042
38,88,0.308,0.389,-0.043
38,89,0.4,0.484,-0.036
38,9,0.015,0.029,-0.082
38,90,0.29,0.369,-0.045
38,91,0.297,0.377,-0.044
38,92,0.294,0.373,-0.045
38,93,0.321,0.402,-0.042
38,94,0.257,0.333,-0.048
38,95,0.213,0.284,-0.053
38,96,0.175,0.24,-0.058
38,97,0.333,0.414,-0.042
38,98,0.202,0.271,-0.055
38,99,0.169,0.234,-0.059
39,10,0.096,0.143,-0.056
39,100,0.219,0.291,-0.053
39,101,0.218,0.29,-0.053
39,102,0.206,0.276,-0.055
39,103,0.214,0.286,-0.054
39,104,0.141,0.2,-0.064
39,105,0.242,0.316,-0.051
39,106,0.155,0.217,-0.062
39,107,0.254,0.33,-0.05
39,108,0.178,0.244,-0.059
39,109,0.161,0.224,-0.061
39,11,0.023,0.042,-0.076
39,110,0.132,0.189,-0.066
39,111,0.114,0.166,-0.069
39,112,0.159,0.222,-0.062
39,113,0.277,0.355,-0.048
39,114,0.171,0.236,-0.06
39,115,0.082,0.125,-0.077
39,116,0.12,0.175,-0.068
39,117,0.157,0.219,-0.062
39,118,0.156,0.218,-0.062
39,119,0.169,0.233,-0.061
39,12,0.034,0.059,-0.07
39,120,0.217,0.289,-0.054
39,121,0.159,0.222,-0.062
39,122,0.191,0.259,-0.058
39,123,0.192,0.26,-0.058
39,124,0.192,0.26,-0.058
39,125,0.15,0.211,-0.064
39,126,0.229,0.302,-0.053
39,127,0.167,0.232,-0.061
39,128,0.16,0.222,-0.062
39,129,0.13,0.186,-0.067
39,13,0.068,0.107,-0.061
39,130,0.211,0.282,-0.056
39,131,0.199,0.269,-0.057
39,132,0.251,0.326,-0.051
39,133,0.298,0.378,-0.046
39,134,0.206,0.277,-0.056
39,135,0.299,0.379,-0.046
39,136,0.268,0.345,-0.05
39,137,0.219,0.291,-0.055
39,138,0.168,0.233,-0.062
39,139,0.216,0.288,-0.055
39,14,0.059,0.094,-0.063
39,140,0.346,0.428,-0.042
39,141,0.252,0.327,-0.051
39,142,0.412,0.495,-0.037
39,143,0.352,0.434,-0.042
39,144,0.25,0.325,-0.052
39,145,0.224,0.297,-0.055
39,146,0.214,0.285,-0.056
39,147,0.294,0.373,-0.047
39,148,0.347,0.43,-0.042
39,149,0.245,0.32,-0.052
39,15,0.054,0.088,-0.064
39,150,0.193,0.262,-0.059
39,151,0.211,0.282,-0.056
39,152,0.176,0.242,-0.061
39,153,0.181,0.247,-0.061
39,154,0.248,0.323,-0.052
39,155,0.268,0.345,-0.05
39,156,0.291,0.37,-0.048
39,157,0.309,0.389,-0.046
39,158,0.239,0.314,-0.053
39,159,0.19,0.258,-0.06
39,16,0.024,0.044,-0.075
39,160,0.165,0.229,-0.063
39,161,0.159,0.221,-0.064
39,162,0.18,0.247,-0.061
39,163,0.195,0.263,-0.059
39,164,0.143,0.202,-0.066
39,165,0.103,0.153,-0.074
39,166,0.176,0.242,-0.061
39,167,0.163,0.227,-0.063
39,168,0.182,0.249,-0.061
39,169,0.066,0.105,-0.083
39,17,0.01,0.021,-0.085
39,170,0.062,0.099,-0.085
39,171,0.101,0.15,-0.075
39,172,0.104,0.154,-0.074
39,173,0.175,0.24,-0.062
39,174,0.212,0.283,-0.057
39,175,0.241,0.316,-0.053
39,176,0.156,0.218,-0.064
39,177,0.171,0.235,-0.062
39,178,0.259,0.336,-0.051
39,179,0.275,0.353,-0.049
39,18,0.16,0.222,-0.047
39,180,0.359,0.441,-0.041
39,181,0.272,0.35,-0.049
39,182,0.234,0.308,-0.054
39,183,0.222,0.294,-0.055
39,184,0.196,0.265,-0.058
39,185,0.216,0.287,-0.056
39,186,0.151,0.212,-0.064
39,187,0.189,0.257,-0.059
39,188,0.171,0.236,-0.061
39,189,0.108,0.16,-0.072
39,19,0.025,0.045,-0.074
39,190,0.136,0.194,-0.066
39,191,0.194,0.263,-0.058
39,192,0.208,0.279,-0.056
39,193,0.269,0.346,-0.049
39,194,0.248,0.324,-0.051
39,195,0.271,0.349,-0.049
39,196,0.139,0.197,-0.065
39,197,0.158,0.221,-0.062
39,198,0.223,0.296,-0.054
39,199,0.136,0.193,-0.066
39,20,0.009,0.019,-0.087
39,200,0.173,0.238,-0.06
39,201,0.232,0.306,-0.052
39,202,0.199,0.268,-0.056
39,203,0.221,0.294,-0.054
39,204,0.215,0.286,-0.054
39,205,0.136,0.194,-0.065
39,206,0.264,0.341,-0.049
39,207,0.345,0.427,-0.041
39,208,0.223,0.296,-0.053
39,209,0.217,0.288,-0.054
39,21,0.053,0.086,-0.064
39,210,0.142,0.201,-0.064
39,211,0.192,0.26,-0.057
39,212,0.227,0.3,-0.053
39,213,0.29,0.369,-0.046
39,214,0.303,0.383,-0.045
39,215,0.22,0.292,-0.054
39,216,0.182,0.249,-0.059
39,217,0.157,0.22,-0.063
39,218,0.202,0.272,-0.057
39,219,0.322,0.403,-0.044
39,22,0.022,0.041,-0.076
39,220,0.211,0.282,-0.056
39,221,0.183,0.249,-0.06
39,222,0.219,0.291,-0.056
39,223,0.196,0.265,-0.058
39,224,0.13,0.186,-0.069
39,225,0.144,0.204,-0.067
39,226,0.177,0.243,-0.062
39,227,0.231,0.304,-0.055
39,228,0.181,0.248,-0.062
39,229,0.186,0.254,-0.062
39,23,0.035,0.061,-0.07
39,230,0.157,0.219,-0.067
39,231,0.144,0.203,-0.07
39,232,0.159,0.222,-0.068
39,233,0.183,0.25,-0.065
39,234,0.211,0.282,-0.062
39,235,0.167,0.23,-0.069
39,236,0.192,0.26,-0.066
39,237,0.166,0.23,-0.07
39,238,0.185,0.252,-0.068
39,239,0.171,0.235,-0.071
39,24,0.086,0.131,-0.057
39,240,0.171,0.236,-0.072
39,241,0.278,0.356,-0.058
39,242,0.217,0.289,-0.067
39,243,0.21,0.28,-0.069
39,244,0.2,0.27,-0.071
39,245,0.161,0.224,-0.079
39,246,0.198,0.267,-0.074
39,247,0.155,0.217,-0.083
39,248,0.143,0.202,-0.087
39,249,0.177,0.243,-0.082
39,25,0.036,0.061,-0.07
39,250,0.215,0.287,-0.076
39,251,0.239,0.313,-0.073
39,26,0.059,0.094,-0.063
39,27,0.04,0.069,-0.069
39,28,0.049,0.081,-0.066
39,29,0.035,0.061,-0.071
39,30,0.069,0.108,-0.061
39,31,0.043,0.072,-0.069
39,32,0.07,0.11,-0.062
39,33,0.028,0.05,-0.075
39,34,0.026,0.047,-0.076
39,35,0.017,0.033,-0.081
39,36,0.03,0.053,-0.074
39,37,0.073,0.114,-0.062
39,38,0.027,0.049,-0.076
39,39,0.031,0.055,-0.075
39,40,0.063,0.1,-0.065
39,41,0.06,0.096,-0.066
39,42,0.057,0.092,-0.066
39,43,0.087,0.133,-0.06
39,44,0.138,0.196,-0.052
39,45,0.099,0.148,-0.058
39,46,0.078,0.12,-0.063
39,47,0.116,0.169,-0.056
39,48,0.176,0.242,-0.049
39,49,0.128,0.184,-0.055
39,50,0.12,0.174,-0.056
39,51,0.25,0.326,-0.042
39,52,0.368,0.451,-0.033
39,53,0.169,0.234,-0.05
39,54,0.116,0.169,-0.058
39,55,0.206,0.277,-0.047
39,56,0.224,0.296,-0.045
39,57,0.286,0.365,-0.04
39,58,0.279,0.357,-0.04
39,59,0.306,0.386,-0.038
39,6,0.075,0.117,-0.061
39,60,0.54,0.618,-0.023
39,61,0.218,0.29,-0.047
39,62,0.282,0.36,-0.041
39,63,0.361,0.444,-0.035
39,64,0.246,0.321,-0.045
39,65,0.222,0.294,-0.047
39,66,0.286,0.365,-0.041
39,67,0.302,0.382,-0.04
39,68,0.245,0.32,-0.046
39,69,0.134,0.191,-0.059
39,7,0.226,0.299,-0.041
39,70,0.311,0.392,-0.04
39,71,0.303,0.383,-0.041
39,72,0.236,0.31,-0.047
39,73,0.298,0.377,-0.042
39,74,0.285,0.363,-0.043
39,75,0.134,0.191,-0.061
39,76,0.202,0.272,-0.052
39,77,0.199,0.268,-0.053
39,78,0.19,0.258,-0.054
39,79,0.248,0.324,-0.048
39,8,0.129,0.185,-0.051
39,80,0.204,0.274,-0.053
39,81,0.252,0.327,-0.048
39,82,0.248,0.323,-0.048
39,83,0.318,0.399,-0.042
39,84,0.23,0.303,-0.05
39,85,0.189,0.257,-0.055
39,86,0.213,0.284,-0.052
39,87,0.293,0.372,-0.044
39,88,0.208,0.279,-0.053
39,89,0.261,0.337,-0.048
39,9,0.052,0.085,-0.066
39,90,0.352,0.435,-0.039
39,91,0.261,0.338,-0.048
39,92,0.293,0.372,-0.045
39,93,0.398,0.482,-0.036
39,94,0.373,0.456,-0.038
39,95,0.319,0.399,-0.043
39,96,0.293,0.372,-0.045
39,97,0.348,0.431,-0.04
39,98,0.309,0.389,-0.044
39,99,0.233,0.306,-0.052
4,10,0.017,0.032,-0.08
4,100,0.118,0.172,-0.057
4,101,0.189,0.256,-0.048
4,102,0.069,0.108,-0.067
4,103,0.087,0.132,-0.063
4,104,0.074,0.115,-0.066
4,105,0.22,0.293,-0.045
4,106,0.148,0.208,-0.053
4,107,0.078,0.12,-0.065
4,108,0.112,0.165,-0.059
4,109,0.153,0.214,-0.053
4,11,0.036,0.062,-0.069
4,110,0.175,0.241,-0.05
4,111,0.224,0.297,-0.045
4,112,0.26,0.337,-0.042
4,113,0.26,0.336,-0.042
4,114,0.2,0.27,-0.048
4,115,0.158,0.22,-0.053
4,116,0.233,0.307,-0.045
4,117,0.272,0.35,-0.041
4,118,0.264,0.341,-0.042
4,119,0.284,0.363,-0.041
4,12,0.051,0.084,-0.064
4,120,0.354,0.437,-0.035
4,121,0.243,0.318,-0.044
4,122,0.192,0.26,-0.05
4,123,0.192,0.26,-0.05
4,124,0.195,0.264,-0.05
4,125,0.176,0.242,-0.052
4,126,0.13,0.187,-0.058
4,127,0.195,0.263,-0.05
4,128,0.14,0.198,-0.057
4,129,0.201,0.271,-0.05
4,13,0.013,0.026,-0.08
4,130,0.233,0.307,-0.046
4,131,0.156,0.218,-0.055
4,132,0.229,0.302,-0.047
4,133,0.322,0.403,-0.039
4,134,0.348,0.43,-0.037
4,135,0.317,0.398,-0.039
4,136,0.396,0.48,-0.033
4,137,0.583,0.658,-0.022
4,138,0.678,0.743,-0.016
4,139,0.653,0.721,-0.018
4,14,0.035,0.061,-0.068
4,140,0.663,0.729,-0.017
4,141,0.636,0.705,-0.019
4,142,0.619,0.691,-0.02
4,143,0.622,0.693,-0.02
4,144,0.532,0.611,-0.025
4,145,0.405,0.488,-0.033
4,146,0.414,0.497,-0.033
4,147,0.274,0.352,-0.044
4,148,0.467,0.55,-0.029
4,149,0.524,0.604,-0.026
4,15,0.057,0.092,-0.061
4,150,0.595,0.669,-0.022
4,151,0.474,0.556,-0.029
4,152,0.51,0.591,-0.027
4,153,0.554,0.632,-0.024
4,154,0.521,0.601,-0.026
4,155,0.509,0.59,-0.027
4,156,0.685,0.749,-0.017
4,157,0.554,0.632,-0.024
4,158,0.588,0.663,-0.022
4,159,0.531,0.61,-0.026
4,16,0.041,0.069,-0.065
4,160,0.616,0.688,-0.021
4,161,0.576,0.652,-0.023
4,162,0.501,0.582,-0.028
4,163,0.404,0.487,-0.035
4,164,0.426,0.509,-0.033
4,165,0.401,0.484,-0.035
4,166,0.403,0.486,-0.035
4,167,0.351,0.434,-0.039
4,168,0.232,0.305,-0.05
4,169,0.22,0.292,-0.052
4,17,0.05,0.082,-0.062
4,170,0.186,0.254,-0.056
4,171,0.315,0.396,-0.043
4,172,0.263,0.34,-0.048
4,173,0.225,0.298,-0.052
4,174,0.214,0.286,-0.053
4,175,0.252,0.328,-0.049
4,176,0.219,0.291,-0.053
4,177,0.244,0.319,-0.051
4,178,0.258,0.334,-0.049
4,179,0.251,0.327,-0.05
4,18,0.098,0.147,-0.053
4,180,0.195,0.263,-0.057
4,181,0.177,0.243,-0.06
4,182,0.22,0.292,-0.055
4,183,0.209,0.279,-0.056
4,184,0.157,0.22,-0.064
4,185,0.206,0.276,-0.057
4,186,0.168,0.232,-0.063
4,187,0.091,0.138,-0.077
4,188,0.139,0.197,-0.068
4,189,0.228,0.301,-0.056
4,19,0.086,0.13,-0.054
4,190,0.189,0.256,-0.061
4,191,0.155,0.217,-0.067
4,192,0.198,0.267,-0.061
4,193,0.194,0.263,-0.062
4,194,0.228,0.301,-0.058
4,195,0.384,0.467,-0.042
4,196,0.303,0.382,-0.05
4,197,0.288,0.367,-0.052
4,198,0.29,0.369,-0.052
4,199,0.215,0.286,-0.061
4,20,0.133,0.191,-0.047
4,200,0.36,0.442,-0.045
4,201,0.464,0.546,-0.037
4,202,0.57,0.646,-0.029
4,203,0.412,0.495,-0.041
4,204,0.296,0.376,-0.053
4,205,0.284,0.363,-0.054
4,206,0.414,0.498,-0.042
4,207,0.4,0.483,-0.043
4,208,0.435,0.518,-0.04
4,209,0.364,0.447,-0.047
4,21,0.138,0.197,-0.047
4,210,0.386,0.469,-0.045
4,211,0.312,0.393,-0.053
4,212,0.354,0.436,-0.049
4,213,0.346,0.429,-0.05
4,214,0.38,0.463,-0.047
4,215,0.393,0.476,-0.046
4,216,0.463,0.546,-0.039
4,217,0.405,0.489,-0.045
4,218,0.328,0.409,-0.053
4,219,0.358,0.441,-0.05
4,22,0.257,0.333,-0.036
4,220,0.431,0.515,-0.043
4,221,0.413,0.496,-0.045
4,222,0.297,0.376,-0.058
4,223,0.318,0.399,-0.055
4,224,0.413,0.497,-0.046
4,225,0.407,0.49,-0.046
4,226,0.561,0.638,-0.033
4,227,0.421,0.504,-0.045
4,228,0.36,0.442,-0.052
4,229,0.533,0.613,-0.035
4,23,0.101,0.15,-0.052
4,230,0.437,0.52,-0.044
4,231,0.331,0.413,-0.055
4,232,0.522,0.602,-0.037
4,233,0.551,0.629,-0.034
4,234,0.591,0.666,-0.031
4,235,0.592,0.666,-0.031
4,236,0.507,0.588,-0.038
4,237,0.513,0.593,-0.038
4,238,0.487,0.569,-0.04
4,239,0.59,0.664,-0.032
4,24,0.092,0.139,-0.053
4,240,0.483,0.565,-0.041
4,241,0.447,0.53,-0.045
4,242,0.696,0.758,-0.023
4,243,0.47,0.552,-0.043
4,244,0.485,0.567,-0.042
4,245,0.391,0.475,-0.052
4,246,0.344,0.426,-0.058
4,247,0.449,0.532,-0.046
4,248,0.519,0.599,-0.04
4,249,0.494,0.575,-0.043
4,25,0.208,0.279,-0.039
4,250,0.645,0.714,-0.029
4,251,0.799,0.844,-0.016
4,26,0.163,0.226,-0.044
4,27,0.106,0.156,-0.051
4,28,0.458,0.54,-0.023
4,29,0.102,0.151,-0.051
4,30,0.252,0.328,-0.036
4,31,0.118,0.172,-0.049
4,32,0.081,0.124,-0.055
4,33,0.117,0.171,-0.049
4,34,0.103,0.153,-0.051
4,35,0.243,0.317,-0.037
4,36,0.181,0.247,-0.042
4,37,0.053,0.087,-0.061
4,38,0.16,0.223,-0.045
4,39,0.111,0.163,-0.05
4,40,0.062,0.099,-0.059
4,41,0.371,0.454,-0.028
4,42,0.091,0.138,-0.053
4,43,0.116,0.169,-0.05
4,44,0.19,0.258,-0.042
4,45,0.081,0.124,-0.056
4,46,0.108,0.159,-0.051
4,47,0.082,0.126,-0.055
4,48,0.045,0.075,-0.064
4,49,0.196,0.264,-0.041
4,50,0.089,0.134,-0.055
4,51,0.07,0.11,-0.058
4,52,0.061,0.097,-0.06
4,53,0.134,0.192,-0.048
4,54,0.024,0.044,-0.073
4,55,0.027,0.049,-0.072
4,56,0.036,0.062,-0.068
4,57,0.098,0.146,-0.054
4,58,0.052,0.085,-0.063
4,59,0.029,0.051,-0.071
4,60,0.077,0.119,-0.058
4,61,0.062,0.099,-0.062
4,62,0.128,0.184,-0.05
4,63,0.059,0.094,-0.063
4,64,0.038,0.065,-0.069
4,65,0.081,0.124,-0.058
4,66,0.02,0.037,-0.078
4,67,0.037,0.064,-0.07
4,68,0.034,0.059,-0.071
4,69,0.017,0.032,-0.08
4,7,0.08,0.123,-0.061
4,70,0.035,0.061,-0.071
4,71,0.066,0.104,-0.062
4,72,0.046,0.077,-0.067
4,73,0.051,0.084,-0.066
4,74,0.024,0.044,-0.077
4,75,0.019,0.036,-0.08
4,76,0.071,0.111,-0.062
4,77,0.064,0.102,-0.064
4,78,0.068,0.107,-0.063
4,79,0.094,0.141,-0.058
4,8,0.018,0.034,-0.081
4,80,0.066,0.104,-0.063
4,81,0.089,0.134,-0.059
4,82,0.174,0.24,-0.047
4,83,0.067,0.105,-0.064
4,84,0.067,0.105,-0.064
4,85,0.09,0.136,-0.059
4,86,0.106,0.156,-0.057
4,87,0.105,0.155,-0.057
4,88,0.121,0.175,-0.055
4,89,0.046,0.077,-0.07
4,9,0.009,0.018,-0.088
4,90,0.092,0.138,-0.06
4,91,0.078,0.12,-0.063
4,92,0.096,0.144,-0.059
4,93,0.191,0.26,-0.047
4,94,0.131,0.187,-0.054
4,95,0.064,0.102,-0.066
4,96,0.063,0.101,-0.067
4,97,0.071,0.111,-0.065
4,98,0.063,0.1,-0.067
4,99,0.093,0.139,-0.061
40,10,0.069,0.109,-0.062
40,100,0.236,0.31,-0.051
40,101,0.169,0.234,-0.059
40,102,0.217,0.288,-0.053
40,103,0.189,0.256,-0.057
40,104,0.313,0.394,-0.044
40,105,0.236,0.31,-0.051
40,106,0.312,0.392,-0.044
40,107,0.186,0.253,-0.057
40,108,0.245,0.32,-0.05
40,109,0.415,0.498,-0.035
40,11,0.103,0.152,-0.055
40,110,0.53,0.609,-0.027
40,111,0.317,0.397,-0.043
40,112,0.203,0.273,-0.055
40,113,0.299,0.378,-0.045
40,114,0.318,0.399,-0.043
40,115,0.213,0.284,-0.054
40,116,0.337,0.419,-0.042
40,117,0.413,0.496,-0.036
40,118,0.26,0.336,-0.049
40,119,0.175,0.24,-0.059
40,12,0.045,0.075,-0.067
40,120,0.163,0.226,-0.061
40,121,0.142,0.201,-0.064
40,122,0.153,0.214,-0.063
40,123,0.19,0.257,-0.058
40,124,0.301,0.381,-0.046
40,125,0.343,0.425,-0.042
40,126,0.179,0.245,-0.059
40,127,0.188,0.255,-0.058
40,128,0.226,0.299,-0.053
40,129,0.216,0.288,-0.055
40,13,0.033,0.057,-0.071
40,130,0.185,0.252,-0.059
40,131,0.231,0.304,-0.053
40,132,0.235,0.309,-0.052
40,133,0.222,0.294,-0.054
40,134,0.18,0.247,-0.059
40,135,0.111,0.162,-0.07
40,136,0.121,0.175,-0.069
40,137,0.149,0.21,-0.064
40,138,0.138,0.197,-0.066
40,139,0.187,0.255,-0.058
40,14,0.163,0.226,-0.047
40,140,0.262,0.339,-0.05
40,141,0.235,0.309,-0.053
40,142,0.262,0.338,-0.05
40,143,0.313,0.394,-0.045
40,144,0.361,0.444,-0.041
40,145,0.336,0.418,-0.043
40,146,0.173,0.238,-0.061
40,147,0.214,0.286,-0.055
40,148,0.212,0.283,-0.056
40,149,0.247,0.322,-0.052
40,15,0.103,0.153,-0.054
40,150,0.364,0.447,-0.041
40,151,0.293,0.372,-0.047
40,152,0.271,0.348,-0.049
40,153,0.124,0.179,-0.069
40,154,0.236,0.311,-0.053
40,155,0.318,0.399,-0.045
40,156,0.216,0.288,-0.056
40,157,0.175,0.241,-0.061
40,158,0.232,0.306,-0.054
40,159,0.196,0.265,-0.058
40,16,0.062,0.099,-0.062
40,160,0.219,0.291,-0.056
40,161,0.148,0.209,-0.065
40,162,0.162,0.225,-0.063
40,163,0.191,0.259,-0.059
40,164,0.147,0.207,-0.065
40,165,0.073,0.114,-0.081
40,166,0.081,0.124,-0.079
40,167,0.116,0.169,-0.071
40,168,0.129,0.186,-0.069
40,169,0.11,0.161,-0.073
40,17,0.058,0.093,-0.063
40,170,0.122,0.177,-0.07
40,171,0.179,0.245,-0.061
40,172,0.227,0.3,-0.055
40,173,0.121,0.175,-0.071
40,174,0.111,0.163,-0.072
40,175,0.132,0.189,-0.068
40,176,0.26,0.337,-0.051
40,177,0.346,0.428,-0.043
40,178,0.267,0.344,-0.05
40,179,0.228,0.301,-0.055
40,18,0.018,0.033,-0.079
40,180,0.291,0.37,-0.048
40,181,0.256,0.332,-0.052
40,182,0.244,0.319,-0.053
40,183,0.243,0.318,-0.053
40,184,0.212,0.283,-0.056
40,185,0.268,0.345,-0.05
40,186,0.339,0.42,-0.043
40,187,0.493,0.574,-0.031
40,188,0.553,0.631,-0.027
40,189,0.35,0.432,-0.042
40,19,0.021,0.04,-0.077
40,190,0.281,0.359,-0.048
40,191,0.272,0.35,-0.049
40,192,0.263,0.34,-0.05
40,193,0.217,0.289,-0.055
40,194,0.343,0.425,-0.042
40,195,0.39,0.473,-0.038
40,196,0.262,0.338,-0.05
40,197,0.212,0.283,-0.055
40,198,0.274,0.352,-0.048
40,199,0.282,0.361,-0.048
40,20,0.042,0.071,-0.068
40,200,0.195,0.263,-0.057
40,201,0.178,0.244,-0.059
40,202,0.192,0.26,-0.058
40,203,0.239,0.313,-0.052
40,204,0.218,0.29,-0.054
40,205,0.204,0.274,-0.056
40,206,0.265,0.342,-0.049
40,207,0.176,0.241,-0.059
40,208,0.261,0.338,-0.049
40,209,0.23,0.304,-0.053
40,21,0.06,0.097,-0.063
40,210,0.186,0.253,-0.058
40,211,0.197,0.266,-0.057
40,212,0.16,0.223,-0.062
40,213,0.243,0.318,-0.051
40,214,0.255,0.331,-0.05
40,215,0.268,0.346,-0.049
40,216,0.231,0.304,-0.053
40,217,0.284,0.362,-0.048
40,218,0.27,0.347,-0.049
40,219,0.286,0.364,-0.048
40,22,0.035,0.061,-0.07
40,220,0.165,0.229,-0.062
40,221,0.173,0.238,-0.061
40,222,0.136,0.193,-0.067
40,223,0.117,0.171,-0.071
40,224,0.101,0.15,-0.075
40,225,0.084,0.129,-0.079
40,226,0.104,0.155,-0.075
40,227,0.124,0.179,-0.071
40,228,0.116,0.169,-0.073
40,229,0.095,0.142,-0.079
40,23,0.016,0.031,-0.081
40,230,0.138,0.196,-0.071
40,231,0.109,0.16,-0.077
40,232,0.108,0.16,-0.077
40,233,0.136,0.194,-0.073
40,234,0.185,0.252,-0.065
40,235,0.133,0.19,-0.074
40,236,0.122,0.176,-0.078
40,237,0.165,0.229,-0.07
40,238,0.187,0.255,-0.067
40,239,0.121,0.176,-0.08
40,24,0.053,0.086,-0.065
40,240,0.181,0.248,-0.07
40,241,0.211,0.281,-0.066
40,242,0.166,0.229,-0.074
40,243,0.199,0.268,-0.07
40,244,0.152,0.214,-0.079
40,245,0.111,0.163,-0.089
40,246,0.165,0.229,-0.079
40,247,0.15,0.21,-0.084
40,248,0.208,0.279,-0.074
40,249,0.182,0.248,-0.08
40,25,0.114,0.166,-0.053
40,250,0.231,0.304,-0.073
40,251,0.226,0.299,-0.075
40,26,0.053,0.086,-0.065
40,27,0.066,0.104,-0.062
40,28,0.037,0.064,-0.07
40,29,0.032,0.057,-0.073
40,30,0.146,0.206,-0.049
40,31,0.067,0.105,-0.062
40,32,0.06,0.096,-0.064
40,33,0.052,0.084,-0.066
40,34,0.105,0.155,-0.056
40,35,0.059,0.095,-0.065
40,36,0.098,0.146,-0.057
40,37,0.126,0.181,-0.053
40,38,0.023,0.042,-0.079
40,39,0.064,0.102,-0.064
40,40,0.117,0.17,-0.055
40,41,0.108,0.159,-0.056
40,42,0.07,0.109,-0.064
40,43,0.075,0.116,-0.063
40,44,0.062,0.099,-0.066
40,45,0.179,0.246,-0.048
40,46,0.12,0.174,-0.056
40,47,0.228,0.301,-0.043
40,48,0.151,0.213,-0.052
40,49,0.277,0.355,-0.039
40,50,0.354,0.436,-0.034
40,51,0.198,0.267,-0.047
40,52,0.291,0.37,-0.039
40,53,0.263,0.339,-0.041
40,54,0.279,0.357,-0.04
40,55,0.173,0.238,-0.05
40,56,0.163,0.226,-0.052
40,57,0.355,0.437,-0.035
40,58,0.181,0.247,-0.05
40,59,0.182,0.249,-0.05
40,6,0.062,0.098,-0.065
40,60,0.207,0.277,-0.048
40,61,0.169,0.234,-0.052
40,62,0.224,0.297,-0.047
40,63,0.23,0.303,-0.046
40,64,0.229,0.302,-0.047
40,65,0.234,0.307,-0.046
40,66,0.416,0.5,-0.032
40,67,0.452,0.535,-0.029
40,68,0.323,0.404,-0.039
40,69,0.141,0.2,-0.058
40,7,0.065,0.102,-0.064
40,70,0.365,0.448,-0.036
40,71,0.303,0.383,-0.041
40,72,0.352,0.434,-0.037
40,73,0.38,0.463,-0.035
40,74,0.212,0.283,-0.051
40,75,0.215,0.287,-0.051
40,76,0.294,0.373,-0.043
40,77,0.371,0.454,-0.037
40,78,0.427,0.51,-0.033
40,79,0.328,0.409,-0.041
40,8,0.049,0.08,-0.068
40,80,0.287,0.366,-0.044
40,81,0.394,0.477,-0.035
40,82,0.422,0.505,-0.033
40,83,0.54,0.619,-0.026
40,84,0.658,0.725,-0.019
40,85,0.364,0.447,-0.038
40,86,0.344,0.426,-0.04
40,87,0.489,0.57,-0.029
40,88,0.432,0.515,-0.033
40,89,0.437,0.52,-0.033
40,9,0.081,0.125,-0.06
40,90,0.427,0.51,-0.034
40,91,0.329,0.411,-0.042
40,92,0.348,0.43,-0.04
40,93,0.299,0.378,-0.045
40,94,0.299,0.379,-0.044
40,95,0.225,0.298,-0.052
40,96,0.362,0.444,-0.039
40,97,0.37,0.453,-0.038
40,98,0.291,0.371,-0.045
40,99,0.231,0.305,-0.051
41,10,0.13,0.186,-0.052
41,100,0.267,0.344,-0.047
41,101,0.289,0.368,-0.045
41,102,0.324,0.405,-0.042
41,103,0.288,0.367,-0.045
41,104,0.305,0.385,-0.044
41,105,0.349,0.431,-0.04
41,106,0.471,0.553,-0.031
41,107,0.368,0.45,-0.039
41,108,0.258,0.334,-0.049
41,109,0.254,0.33,-0.049
41,11,0.052,0.085,-0.066
41,110,0.202,0.272,-0.055
41,111,0.277,0.356,-0.047
41,112,0.276,0.354,-0.047
41,113,0.33,0.411,-0.042
41,114,0.349,0.432,-0.04
41,115,0.321,0.402,-0.043
41,116,0.29,0.369,-0.046
41,117,0.387,0.47,-0.038
41,118,0.27,0.348,-0.048
41,119,0.28,0.358,-0.047
41,12,0.09,0.136,-0.057
41,120,0.256,0.332,-0.049
41,121,0.21,0.281,-0.054
41,122,0.309,0.389,-0.044
41,123,0.304,0.384,-0.045
41,124,0.241,0.315,-0.051
41,125,0.295,0.374,-0.046
41,126,0.297,0.377,-0.046
41,127,0.238,0.312,-0.052
41,128,0.209,0.279,-0.055
41,129,0.272,0.35,-0.048
41,13,0.069,0.108,-0.061
41,130,0.322,0.404,-0.043
41,131,0.182,0.249,-0.058
41,132,0.177,0.242,-0.059
41,133,0.197,0.266,-0.057
41,134,0.301,0.381,-0.045
41,135,0.261,0.338,-0.049
41,136,0.27,0.347,-0.049
41,137,0.186,0.253,-0.058
41,138,0.211,0.282,-0.055
41,139,0.266,0.343,-0.049
41,14,0.066,0.105,-0.062
41,140,0.237,0.311,-0.052
41,141,0.357,0.44,-0.041
41,142,0.359,0.441,-0.04
41,143,0.311,0.391,-0.045
41,144,0.284,0.363,-0.047
41,145,0.269,0.347,-0.049
41,146,0.249,0.324,-0.051
41,147,0.286,0.364,-0.047
41,148,0.254,0.329,-0.05
41,149,0.242,0.316,-0.052
41,15,0.029,0.052,-0.073
41,150,0.162,0.225,-0.062
41,151,0.277,0.355,-0.048
41,152,0.309,0.389,-0.045
41,153,0.241,0.316,-0.052
41,154,0.189,0.257,-0.059
41,155,0.227,0.3,-0.054
41,156,0.208,0.279,-0.056
41,157,0.191,0.259,-0.058
41,158,0.225,0.297,-0.054
41,159,0.195,0.264,-0.058
41,16,0.052,0.085,-0.065
41,160,0.278,0.356,-0.049
41,161,0.243,0.318,-0.052
41,162,0.239,0.313,-0.053
41,163,0.148,0.209,-0.065
41,164,0.198,0.267,-0.058
41,165,0.182,0.248,-0.06
41,166,0.209,0.28,-0.057
41,167,0.221,0.293,-0.055
41,168,0.151,0.212,-0.065
41,169,0.169,0.234,-0.062
41,17,0.074,0.115,-0.06
41,170,0.157,0.22,-0.064
41,171,0.112,0.165,-0.072
41,172,0.137,0.194,-0.067
41,173,0.131,0.188,-0.068
41,174,0.16,0.223,-0.064
41,175,0.077,0.119,-0.08
41,176,0.095,0.143,-0.076
41,177,0.121,0.176,-0.071
41,178,0.145,0.205,-0.066
41,179,0.249,0.324,-0.052
41,18,0.064,0.102,-0.062
41,180,0.237,0.311,-0.054
41,181,0.189,0.256,-0.06
41,182,0.263,0.34,-0.051
41,183,0.22,0.292,-0.056
41,184,0.221,0.294,-0.055
41,185,0.228,0.302,-0.054
41,186,0.235,0.309,-0.053
41,187,0.251,0.327,-0.052
41,188,0.243,0.318,-0.052
41,189,0.313,0.394,-0.045
41,19,0.036,0.063,-0.07
41,190,0.383,0.466,-0.039
41,191,0.421,0.504,-0.036
41,192,0.355,0.437,-0.041
41,193,0.321,0.402,-0.044
41,194,0.25,0.326,-0.051
41,195,0.257,0.333,-0.05
41,196,0.312,0.392,-0.045
41,197,0.315,0.396,-0.045
41,198,0.325,0.406,-0.044
41,199,0.241,0.316,-0.052
41,20,0.037,0.064,-0.07
41,200,0.317,0.398,-0.044
41,201,0.265,0.342,-0.049
41,202,0.265,0.342,-0.049
41,203,0.235,0.308,-0.052
41,204,0.2,0.269,-0.057
41,205,0.27,0.348,-0.049
41,206,0.29,0.369,-0.047
41,207,0.391,0.474,-0.038
41,208,0.231,0.305,-0.053
41,209,0.258,0.334,-0.05
41,21,0.03,0.053,-0.073
41,210,0.444,0.527,-0.034
41,211,0.273,0.351,-0.048
41,212,0.286,0.365,-0.047
41,213,0.43,0.513,-0.035
41,214,0.414,0.498,-0.036
41,215,0.199,0.268,-0.057
41,216,0.257,0.333,-0.05
41,217,0.358,0.44,-0.041
41,218,0.337,0.418,-0.043
41,219,0.357,0.439,-0.041
41,22,0.049,0.081,-0.066
41,220,0.471,0.553,-0.032
41,221,0.497,0.578,-0.031
41,222,0.435,0.518,-0.035
41,223,0.377,0.46,-0.04
41,224,0.397,0.48,-0.039
41,225,0.534,0.613,-0.028
41,226,0.49,0.572,-0.032
41,227,0.506,0.586,-0.031
41,228,0.384,0.467,-0.04
41,229,0.369,0.452,-0.042
41,23,0.078,0.121,-0.06
41,230,0.29,0.369,-0.05
41,231,0.517,0.597,-0.031
41,232,0.453,0.535,-0.036
41,233,0.359,0.441,-0.044
41,234,0.412,0.495,-0.04
41,235,0.431,0.514,-0.039
41,236,0.43,0.513,-0.039
41,237,0.425,0.508,-0.04
41,238,0.514,0.595,-0.033
41,239,0.497,0.579,-0.035
41,24,0.099,0.147,-0.056
41,240,0.483,0.565,-0.036
41,241,0.445,0.528,-0.04
41,242,0.437,0.52,-0.041
41,243,0.361,0.444,-0.049
41,244,0.423,0.506,-0.044
41,245,0.349,0.431,-0.052
41,246,0.452,0.535,-0.043
41,247,0.439,0.522,-0.045
41,248,0.36,0.443,-0.054
41,249,0.391,0.474,-0.051
41,25,0.068,0.107,-0.062
41,250,0.233,0.307,-0.072
41,251,0.253,0.329,-0.071
41,26,0.09,0.136,-0.057
41,27,0.161,0.224,-0.048
41,28,0.054,0.087,-0.066
41,29,0.132,0.189,-0.051
41,30,0.049,0.081,-0.068
41,31,0.083,0.127,-0.06
41,32,0.075,0.116,-0.061
41,33,0.199,0.268,-0.044
41,34,0.144,0.204,-0.051
41,35,0.087,0.132,-0.06
41,36,0.051,0.084,-0.068
41,37,0.165,0.229,-0.048
41,38,0.071,0.112,-0.063
41,39,0.091,0.138,-0.059
41,40,0.209,0.279,-0.044
41,41,0.08,0.124,-0.062
41,42,0.051,0.084,-0.069
41,43,0.124,0.18,-0.055
41,44,0.053,0.087,-0.069
41,45,0.148,0.208,-0.052
41,46,0.069,0.108,-0.066
41,47,0.163,0.227,-0.05
41,48,0.18,0.246,-0.049
41,49,0.232,0.305,-0.044
41,50,0.13,0.187,-0.056
41,51,0.237,0.311,-0.044
41,52,0.252,0.328,-0.042
41,53,0.383,0.466,-0.032
41,54,0.411,0.494,-0.031
41,55,0.278,0.356,-0.041
41,56,0.305,0.385,-0.039
41,57,0.308,0.388,-0.038
41,58,0.34,0.422,-0.036
41,59,0.398,0.481,-0.032
41,6,0.099,0.147,-0.058
41,60,0.414,0.497,-0.031
41,61,0.493,0.574,-0.026
41,62,0.346,0.428,-0.036
41,63,0.187,0.254,-0.051
41,64,0.255,0.331,-0.044
41,65,0.145,0.205,-0.057
41,66,0.248,0.323,-0.045
41,67,0.443,0.526,-0.03
41,68,0.395,0.478,-0.034
41,69,0.371,0.454,-0.036
41,7,0.126,0.181,-0.054
41,70,0.258,0.334,-0.045
41,71,0.415,0.498,-0.033
41,72,0.498,0.579,-0.027
41,73,0.359,0.441,-0.037
41,74,0.346,0.428,-0.038
41,75,0.479,0.561,-0.029
41,76,0.386,0.469,-0.036
41,77,0.315,0.396,-0.041
41,78,0.48,0.562,-0.029
41,79,0.3,0.379,-0.043
41,8,0.094,0.141,-0.058
41,80,0.31,0.39,-0.042
41,81,0.233,0.307,-0.05
41,82,0.392,0.475,-0.036
41,83,0.438,0.521,-0.032
41,84,0.532,0.611,-0.026
41,85,0.461,0.544,-0.031
41,86,0.526,0.605,-0.027
41,87,0.627,0.698,-0.021
41,88,0.331,0.412,-0.041
41,89,0.217,0.289,-0.052
41,9,0.06,0.096,-0.065
41,90,0.392,0.475,-0.036
41,91,0.416,0.499,-0.035
41,92,0.395,0.478,-0.036
41,93,0.43,0.513,-0.034
41,94,0.287,0.365,-0.045
41,95,0.36,0.442,-0.039
41,96,0.277,0.355,-0.046
41,97,0.35,0.432,-0.04
41,98,0.292,0.371,-0.045
41,99,0.213,0.284,-0.053
42,10,0.029,0.052,-0.075
42,100,0.25,0.325,-0.049
42,101,0.4,0.483,-0.036
42,102,0.295,0.374,-0.045
42,103,0.313,0.393,-0.043
42,104,0.273,0.35,-0.047
42,105,0.32,0.401,-0.042
42,106,0.326,0.407,-0.042
42,107,0.254,0.329,-0.049
42,108,0.169,0.234,-0.059
42,109,0.197,0.266,-0.055
42,11,0.046,0.076,-0.068
42,110,0.284,0.363,-0.046
42,111,0.273,0.35,-0.047
42,112,0.296,0.375,-0.045
42,113,0.188,0.256,-0.056
42,114,0.201,0.271,-0.055
42,115,0.199,0.269,-0.055
42,116,0.25,0.326,-0.049
42,117,0.184,0.251,-0.057
42,118,0.241,0.315,-0.051
42,119,0.222,0.294,-0.053
42,12,0.039,0.067,-0.07
42,120,0.198,0.267,-0.056
42,121,0.148,0.209,-0.062
42,122,0.194,0.262,-0.056
42,123,0.174,0.239,-0.059
42,124,0.103,0.152,-0.071
42,125,0.095,0.142,-0.073
42,126,0.113,0.165,-0.069
42,127,0.14,0.198,-0.064
42,128,0.161,0.224,-0.061
42,129,0.144,0.204,-0.063
42,13,0.066,0.104,-0.062
42,130,0.135,0.192,-0.065
42,131,0.185,0.252,-0.058
42,132,0.248,0.323,-0.051
42,133,0.216,0.288,-0.054
42,134,0.146,0.206,-0.064
42,135,0.21,0.28,-0.055
42,136,0.245,0.32,-0.051
42,137,0.248,0.324,-0.05
42,138,0.168,0.232,-0.06
42,139,0.172,0.237,-0.06
42,14,0.124,0.178,-0.052
42,140,0.108,0.159,-0.07
42,141,0.2,0.269,-0.056
42,142,0.155,0.216,-0.062
42,143,0.127,0.182,-0.067
42,144,0.138,0.196,-0.065
42,145,0.152,0.213,-0.063
42,146,0.145,0.204,-0.064
42,147,0.142,0.201,-0.064
42,148,0.098,0.147,-0.072
42,149,0.185,0.252,-0.058
42,15,0.056,0.09,-0.064
42,150,0.133,0.19,-0.066
42,151,0.14,0.198,-0.065
42,152,0.066,0.105,-0.081
42,153,0.122,0.177,-0.068
42,154,0.132,0.189,-0.066
42,155,0.134,0.192,-0.066
42,156,0.136,0.194,-0.066
42,157,0.125,0.18,-0.068
42,158,0.126,0.182,-0.068
42,159,0.114,0.167,-0.07
42,16,0.05,0.082,-0.066
42,160,0.071,0.111,-0.08
42,161,0.069,0.109,-0.081
42,162,0.109,0.16,-0.071
42,163,0.073,0.114,-0.08
42,164,0.115,0.168,-0.071
42,165,0.11,0.161,-0.072
42,166,0.102,0.152,-0.073
42,167,0.069,0.108,-0.082
42,168,0.097,0.146,-0.075
42,169,0.152,0.213,-0.064
42,17,0.054,0.088,-0.064
42,170,0.215,0.287,-0.056
42,171,0.119,0.173,-0.07
42,172,0.116,0.17,-0.071
42,173,0.112,0.164,-0.072
42,174,0.155,0.216,-0.064
42,175,0.153,0.215,-0.065
42,176,0.155,0.217,-0.065
42,177,0.143,0.202,-0.066
42,178,0.111,0.163,-0.072
42,179,0.196,0.264,-0.059
42,18,0.038,0.065,-0.069
42,180,0.145,0.205,-0.066
42,181,0.149,0.21,-0.065
42,182,0.18,0.246,-0.061
42,183,0.135,0.193,-0.067
42,184,0.162,0.226,-0.063
42,185,0.13,0.187,-0.068
42,186,0.189,0.257,-0.059
42,187,0.157,0.219,-0.064
42,188,0.133,0.19,-0.068
42,189,0.124,0.179,-0.069
42,19,0.044,0.073,-0.068
42,190,0.135,0.192,-0.067
42,191,0.193,0.262,-0.058
42,192,0.228,0.301,-0.054
42,193,0.238,0.313,-0.053
42,194,0.222,0.294,-0.055
42,195,0.256,0.332,-0.051
42,196,0.275,0.353,-0.049
42,197,0.418,0.501,-0.036
42,198,0.287,0.365,-0.047
42,199,0.318,0.399,-0.044
42,20,0.03,0.053,-0.073
42,200,0.208,0.278,-0.056
42,201,0.189,0.256,-0.058
42,202,0.165,0.228,-0.062
42,203,0.137,0.195,-0.066
42,204,0.134,0.191,-0.067
42,205,0.148,0.208,-0.064
42,206,0.156,0.219,-0.063
42,207,0.185,0.252,-0.059
42,208,0.25,0.325,-0.051
42,209,0.195,0.264,-0.057
42,21,0.066,0.104,-0.062
42,210,0.177,0.242,-0.06
42,211,0.233,0.307,-0.053
42,212,0.299,0.379,-0.046
42,213,0.305,0.386,-0.045
42,214,0.243,0.318,-0.052
42,215,0.31,0.39,-0.045
42,216,0.248,0.323,-0.051
42,217,0.234,0.308,-0.053
42,218,0.222,0.295,-0.054
42,219,0.265,0.342,-0.05
42,22,0.079,0.122,-0.059
42,220,0.353,0.435,-0.042
42,221,0.349,0.431,-0.042
42,222,0.219,0.291,-0.056
42,223,0.186,0.253,-0.06
42,224,0.16,0.223,-0.064
42,225,0.198,0.268,-0.059
42,226,0.203,0.272,-0.058
42,227,0.191,0.259,-0.06
42,228,0.195,0.263,-0.06
42,229,0.205,0.275,-0.059
42,23,0.044,0.074,-0.067
42,230,0.275,0.353,-0.051
42,231,0.327,0.409,-0.046
42,232,0.252,0.328,-0.055
42,233,0.313,0.394,-0.048
42,234,0.337,0.419,-0.047
42,235,0.348,0.43,-0.046
42,236,0.311,0.392,-0.05
42,237,0.361,0.444,-0.046
42,238,0.27,0.347,-0.056
42,239,0.208,0.278,-0.064
42,24,0.054,0.087,-0.065
42,240,0.263,0.339,-0.058
42,241,0.269,0.346,-0.058
42,242,0.251,0.326,-0.061
42,243,0.152,0.213,-0.077
42,244,0.213,0.285,-0.068
42,245,0.225,0.298,-0.067
42,246,0.203,0.273,-0.071
42,247,0.182,0.249,-0.076
42,248,0.229,0.302,-0.07
42,249,0.152,0.213,-0.085
42,25,0.046,0.077,-0.067
42,250,0.162,0.225,-0.084
42,251,0.134,0.192,-0.092
42,26,0.116,0.17,-0.053
42,27,0.076,0.117,-0.06
42,28,0.045,0.075,-0.068
42,29,0.056,0.091,-0.065
42,30,0.051,0.083,-0.067
42,31,0.055,0.089,-0.066
42,32,0.049,0.081,-0.068
42,33,0.097,0.145,-0.057
42,34,0.1,0.149,-0.057
42,35,0.051,0.084,-0.068
42,36,0.129,0.186,-0.053
42,37,0.064,0.102,-0.065
42,38,0.089,0.134,-0.06
42,39,0.084,0.128,-0.061
42,40,0.166,0.23,-0.049
42,41,0.072,0.112,-0.064
42,42,0.096,0.144,-0.059
42,43,0.125,0.18,-0.055
42,44,0.141,0.2,-0.053
42,45,0.101,0.15,-0.059
42,46,0.158,0.22,-0.051
42,47,0.128,0.184,-0.055
42,48,0.186,0.254,-0.048
42,49,0.193,0.261,-0.048
42,50,0.241,0.316,-0.043
42,51,0.199,0.269,-0.047
42,52,0.402,0.485,-0.031
42,53,0.32,0.401,-0.037
42,54,0.317,0.397,-0.038
42,55,0.287,0.366,-0.04
42,56,0.349,0.431,-0.035
42,57,0.331,0.412,-0.037
42,58,0.207,0.277,-0.048
42,59,0.345,0.427,-0.036
42,6,0.032,0.055,-0.077
42,60,0.35,0.432,-0.036
42,61,0.21,0.28,-0.049
42,62,0.19,0.258,-0.051
42,63,0.313,0.394,-0.039
42,64,0.284,0.362,-0.042
42,65,0.246,0.321,-0.046
42,66,0.216,0.287,-0.049
42,67,0.27,0.348,-0.044
42,68,0.257,0.333,-0.045
42,69,0.505,0.586,-0.027
42,7,0.044,0.073,-0.071
42,70,0.302,0.382,-0.041
42,71,0.223,0.296,-0.049
42,72,0.371,0.454,-0.036
42,73,0.245,0.32,-0.047
42,74,0.274,0.352,-0.045
42,75,0.409,0.492,-0.034
42,76,0.344,0.426,-0.039
42,77,0.477,0.559,-0.029
42,78,0.409,0.493,-0.034
42,79,0.435,0.518,-0.032
42,8,0.08,0.124,-0.061
42,80,0.389,0.472,-0.036
42,81,0.408,0.491,-0.035
42,82,0.427,0.511,-0.033
42,83,0.541,0.62,-0.026
42,84,0.376,0.459,-0.037
42,85,0.361,0.443,-0.039
42,86,0.361,0.444,-0.039
42,87,0.403,0.486,-0.035
42,88,0.371,0.454,-0.038
42,89,0.263,0.34,-0.047
42,9,0.041,0.069,-0.071
42,90,0.313,0.394,-0.043
42,91,0.432,0.515,-0.033
42,92,0.307,0.387,-0.043
42,93,0.431,0.515,-0.033
42,94,0.367,0.449,-0.038
42,95,0.459,0.541,-0.031
42,96,0.518,0.598,-0.027
42,97,0.479,0.561,-0.03
42,98,0.382,0.465,-0.037
42,99,0.399,0.482,-0.036
43,10,0.077,0.119,-0.061
43,100,0.352,0.434,-0.039
43,101,0.502,0.583,-0.028
43,102,0.597,0.671,-0.022
43,103,0.439,0.522,-0.033
43,104,0.379,0.462,-0.037
43,105,0.412,0.496,-0.035
43,106,0.305,0.385,-0.043
43,107,0.306,0.387,-0.043
43,108,0.332,0.413,-0.041
43,109,0.349,0.431,-0.04
43,11,0.064,0.101,-0.064
43,110,0.275,0.352,-0.046
43,111,0.165,0.229,-0.059
43,112,0.171,0.235,-0.058
43,113,0.185,0.253,-0.056
43,114,0.221,0.293,-0.052
43,115,0.187,0.254,-0.056
43,116,0.273,0.351,-0.046
43,117,0.276,0.354,-0.046
43,118,0.195,0.264,-0.055
43,119,0.23,0.303,-0.051
43,12,0.101,0.15,-0.056
43,120,0.214,0.286,-0.053
43,121,0.264,0.341,-0.048
43,122,0.182,0.248,-0.057
43,123,0.143,0.202,-0.063
43,124,0.136,0.194,-0.064
43,125,0.223,0.296,-0.052
43,126,0.183,0.25,-0.057
43,127,0.165,0.229,-0.06
43,128,0.153,0.215,-0.062
43,129,0.145,0.204,-0.063
43,13,0.118,0.172,-0.053
43,130,0.166,0.23,-0.06
43,131,0.22,0.292,-0.053
43,132,0.2,0.27,-0.055
43,133,0.15,0.211,-0.062
43,134,0.175,0.241,-0.058
43,135,0.209,0.28,-0.054
43,136,0.168,0.232,-0.06
43,137,0.149,0.209,-0.062
43,138,0.13,0.187,-0.065
43,139,0.101,0.15,-0.071
43,14,0.053,0.087,-0.066
43,140,0.177,0.243,-0.058
43,141,0.308,0.388,-0.044
43,142,0.298,0.378,-0.045
43,143,0.127,0.183,-0.066
43,144,0.164,0.227,-0.06
43,145,0.178,0.244,-0.058
43,146,0.237,0.311,-0.051
43,147,0.196,0.265,-0.056
43,148,0.136,0.193,-0.065
43,149,0.135,0.193,-0.065
43,15,0.091,0.137,-0.057
43,150,0.219,0.291,-0.053
43,151,0.208,0.279,-0.055
43,152,0.15,0.211,-0.063
43,153,0.207,0.278,-0.055
43,154,0.215,0.286,-0.054
43,155,0.178,0.244,-0.059
43,156,0.179,0.245,-0.059
43,157,0.123,0.177,-0.068
43,158,0.114,0.167,-0.069
43,159,0.114,0.167,-0.07
43,16,0.122,0.176,-0.052
43,160,0.093,0.14,-0.074
43,161,0.096,0.143,-0.074
43,162,0.129,0.186,-0.067
43,163,0.122,0.176,-0.069
43,164,0.153,0.214,-0.064
43,165,0.157,0.219,-0.063
43,166,0.123,0.178,-0.069
43,167,0.133,0.19,-0.067
43,168,0.067,0.106,-0.082
43,169,0.046,0.076,-0.089
43,17,0.165,0.229,-0.047
43,170,0.104,0.154,-0.073
43,171,0.053,0.087,-0.087
43,172,0.07,0.11,-0.081
43,173,0.081,0.124,-0.079
43,174,0.049,0.081,-0.089
43,175,0.053,0.087,-0.087
43,176,0.117,0.17,-0.071
43,177,0.105,0.156,-0.073
43,178,0.148,0.208,-0.065
43,179,0.129,0.185,-0.069
43,18,0.071,0.11,-0.061
43,180,0.16,0.223,-0.064
43,181,0.115,0.167,-0.071
43,182,0.103,0.153,-0.074
43,183,0.112,0.164,-0.072
43,184,0.098,0.147,-0.075
43,185,0.114,0.166,-0.071
43,186,0.173,0.238,-0.061
43,187,0.167,0.231,-0.063
43,188,0.166,0.229,-0.062
43,189,0.257,0.334,-0.051
43,19,0.079,0.121,-0.059
43,190,0.253,0.329,-0.051
43,191,0.155,0.217,-0.064
43,192,0.198,0.267,-0.058
43,193,0.239,0.313,-0.053
43,194,0.236,0.31,-0.053
43,195,0.217,0.289,-0.055
43,196,0.171,0.236,-0.061
43,197,0.295,0.374,-0.047
43,198,0.23,0.304,-0.053
43,199,0.278,0.356,-0.048
43,20,0.131,0.188,-0.051
43,200,0.242,0.317,-0.052
43,201,0.418,0.501,-0.036
43,202,0.449,0.531,-0.034
43,203,0.511,0.591,-0.029
43,204,0.338,0.419,-0.043
43,205,0.234,0.308,-0.053
43,206,0.235,0.309,-0.053
43,207,0.29,0.369,-0.047
43,208,0.281,0.36,-0.048
43,209,0.23,0.303,-0.053
43,21,0.132,0.189,-0.051
43,210,0.276,0.354,-0.048
43,211,0.292,0.371,-0.047
43,212,0.222,0.294,-0.054
43,213,0.223,0.295,-0.054
43,214,0.216,0.288,-0.055
43,215,0.17,0.234,-0.061
43,216,0.142,0.201,-0.065
43,217,0.261,0.338,-0.05
43,218,0.265,0.342,-0.05
43,219,0.279,0.357,-0.048
43,22,0.116,0.169,-0.053
43,220,0.122,0.177,-0.069
43,221,0.121,0.176,-0.07
43,222,0.168,0.232,-0.062
43,223,0.149,0.209,-0.065
43,224,0.133,0.19,-0.068
43,225,0.092,0.139,-0.077
43,226,0.099,0.148,-0.076
43,227,0.067,0.105,-0.084
43,228,0.065,0.104,-0.085
43,229,0.124,0.179,-0.072
43,23,0.092,0.139,-0.057
43,230,0.09,0.136,-0.08
43,231,0.099,0.148,-0.078
43,232,0.094,0.141,-0.08
43,233,0.107,0.158,-0.077
43,234,0.068,0.106,-0.088
43,235,0.139,0.197,-0.072
43,236,0.187,0.254,-0.065
43,237,0.265,0.342,-0.055
43,238,0.293,0.372,-0.053
43,239,0.19,0.258,-0.067
43,24,0.05,0.082,-0.067
43,240,0.278,0.356,-0.055
43,241,0.261,0.337,-0.058
43,242,0.29,0.369,-0.056
43,243,0.196,0.265,-0.069
43,244,0.295,0.374,-0.056
43,245,0.336,0.418,-0.053
43,246,0.299,0.379,-0.057
43,247,0.273,0.35,-0.062
43,248,0.349,0.431,-0.054
43,249,0.379,0.462,-0.051
43,25,0.074,0.116,-0.061
43,250,0.403,0.487,-0.049
43,251,0.329,0.41,-0.059
43,26,0.048,0.08,-0.067
43,27,0.081,0.125,-0.059
43,28,0.169,0.233,-0.047
43,29,0.078,0.12,-0.061
43,30,0.119,0.172,-0.054
43,31,0.101,0.15,-0.056
43,32,0.136,0.194,-0.052
43,33,0.105,0.155,-0.056
43,34,0.113,0.165,-0.055
43,35,0.224,0.296,-0.043
43,36,0.089,0.135,-0.06
43,37,0.13,0.186,-0.053
43,38,0.205,0.275,-0.045
43,39,0.207,0.278,-0.045
43,40,0.137,0.195,-0.053
43,41,0.093,0.14,-0.06
43,42,0.14,0.198,-0.053
43,43,0.212,0.283,-0.045
43,44,0.34,0.422,-0.034
43,45,0.205,0.276,-0.046
43,46,0.443,0.526,-0.028
43,47,0.375,0.458,-0.032
43,48,0.314,0.394,-0.037
43,49,0.271,0.348,-0.041
43,50,0.498,0.579,-0.025
43,51,0.427,0.51,-0.03
43,52,0.178,0.244,-0.05
43,53,0.361,0.443,-0.034
43,54,0.311,0.392,-0.038
43,55,0.237,0.312,-0.045
43,56,0.26,0.337,-0.043
43,57,0.421,0.505,-0.031
43,58,0.369,0.452,-0.035
43,59,0.252,0.328,-0.044
43,6,0.126,0.181,-0.055
43,60,0.394,0.477,-0.033
43,61,0.297,0.377,-0.041
43,62,0.349,0.431,-0.037
43,63,0.366,0.448,-0.036
43,64,0.359,0.442,-0.036
43,65,0.376,0.459,-0.035
43,66,0.453,0.536,-0.03
43,67,0.348,0.431,-0.037
43,68,0.304,0.384,-0.041
43,69,0.498,0.58,-0.027
43,7,0.062,0.098,-0.066
43,70,0.329,0.41,-0.039
43,71,0.404,0.488,-0.034
43,72,0.332,0.413,-0.04
43,73,0.326,0.408,-0.04
43,74,0.3,0.38,-0.043
43,75,0.327,0.408,-0.04
43,76,0.302,0.382,-0.043
43,77,0.385,0.469,-0.036
43,78,0.382,0.465,-0.036
43,79,0.523,0.602,-0.027
43,8,0.086,0.131,-0.06
43,80,0.387,0.47,-0.036
43,81,0.31,0.391,-0.042
43,82,0.372,0.455,-0.037
43,83,0.465,0.548,-0.03
43,84,0.612,0.685,-0.021
43,85,0.564,0.641,-0.024
43,86,0.48,0.562,-0.03
43,87,0.513,0.593,-0.028
43,88,0.502,0.583,-0.028
43,89,0.491,0.573,-0.029
43,9,0.039,0.066,-0.072
43,90,0.483,0.565,-0.03
43,91,0.392,0.475,-0.036
43,92,0.375,0.458,-0.038
43,93,0.538,0.617,-0.026
43,94,0.508,0.589,-0.028
43,95,0.351,0.433,-0.04
43,96,0.412,0.495,-0.035
43,97,0.305,0.385,-0.043
43,98,0.334,0.416,-0.041
43,99,0.376,0.459,-0.037
44,10,0.175,0.241,-0.046
44,100,0.263,0.339,-0.047
44,101,0.339,0.421,-0.04
44,102,0.283,0.361,-0.045
44,103,0.299,0.379,-0.044
44,104,0.373,0.455,-0.038
44,105,0.291,0.371,-0.044
44,106,0.247,0.322,-0.049
44,107,0.254,0.33,-0.048
44,108,0.386,0.47,-0.036
44,109,0.336,0.418,-0.04
44,11,0.341,0.423,-0.033
44,110,0.341,0.423,-0.04
44,111,0.321,0.402,-0.042
44,112,0.416,0.499,-0.034
44,113,0.367,0.45,-0.038
44,114,0.284,0.362,-0.045
44,115,0.275,0.353,-0.046
44,116,0.28,0.358,-0.046
44,117,0.249,0.325,-0.049
44,118,0.211,0.282,-0.053
44,119,0.245,0.32,-0.05
44,12,0.318,0.399,-0.034
44,120,0.23,0.304,-0.051
44,121,0.172,0.237,-0.059
44,122,0.226,0.299,-0.052
44,123,0.167,0.232,-0.059
44,124,0.112,0.164,-0.068
44,125,0.112,0.165,-0.068
44,126,0.099,0.147,-0.071
44,127,0.131,0.188,-0.065
44,128,0.096,0.144,-0.072
44,129,0.07,0.109,-0.079
44,13,0.378,0.461,-0.03
44,130,0.06,0.096,-0.082
44,131,0.092,0.139,-0.073
44,132,0.071,0.111,-0.078
44,133,0.086,0.131,-0.074
44,134,0.081,0.124,-0.075
44,135,0.103,0.153,-0.071
44,136,0.126,0.181,-0.066
44,137,0.133,0.19,-0.065
44,138,0.137,0.195,-0.064
44,139,0.06,0.096,-0.081
44,14,0.242,0.317,-0.04
44,140,0.111,0.162,-0.069
44,141,0.124,0.179,-0.066
44,142,0.153,0.215,-0.062
44,143,0.134,0.191,-0.065
44,144,0.181,0.248,-0.058
44,145,0.18,0.246,-0.058
44,146,0.168,0.232,-0.06
44,147,0.207,0.277,-0.054
44,148,0.209,0.28,-0.054
44,149,0.217,0.288,-0.053
44,15,0.165,0.229,-0.047
44,150,0.185,0.252,-0.057
44,151,0.159,0.222,-0.061
44,152,0.143,0.203,-0.063
44,153,0.127,0.182,-0.066
44,154,0.14,0.198,-0.064
44,155,0.22,0.292,-0.053
44,156,0.145,0.204,-0.064
44,157,0.162,0.226,-0.061
44,158,0.209,0.28,-0.055
44,159,0.167,0.232,-0.06
44,16,0.268,0.345,-0.038
44,160,0.192,0.26,-0.057
44,161,0.113,0.166,-0.07
44,162,0.122,0.177,-0.068
44,163,0.132,0.188,-0.067
44,164,0.117,0.17,-0.069
44,165,0.085,0.129,-0.076
44,166,0.123,0.178,-0.068
44,167,0.153,0.215,-0.064
44,168,0.179,0.245,-0.06
44,169,0.124,0.179,-0.069
44,17,0.158,0.221,-0.048
44,170,0.091,0.138,-0.075
44,171,0.109,0.161,-0.072
44,172,0.098,0.147,-0.074
44,173,0.144,0.204,-0.065
44,174,0.098,0.146,-0.074
44,175,0.174,0.239,-0.061
44,176,0.186,0.253,-0.059
44,177,0.2,0.269,-0.058
44,178,0.179,0.245,-0.061
44,179,0.111,0.163,-0.072
44,18,0.146,0.206,-0.049
44,180,0.098,0.147,-0.075
44,181,0.083,0.127,-0.078
44,182,0.117,0.171,-0.071
44,183,0.16,0.223,-0.064
44,184,0.225,0.298,-0.055
44,185,0.253,0.329,-0.052
44,186,0.305,0.385,-0.046
44,187,0.235,0.309,-0.054
44,188,0.198,0.267,-0.058
44,189,0.232,0.306,-0.054
44,19,0.324,0.405,-0.033
44,190,0.243,0.318,-0.053
44,191,0.223,0.295,-0.055
44,192,0.158,0.221,-0.063
44,193,0.227,0.3,-0.054
44,194,0.223,0.296,-0.055
44,195,0.202,0.272,-0.057
44,196,0.287,0.366,-0.048
44,197,0.296,0.375,-0.047
44,198,0.399,0.483,-0.038
44,199,0.392,0.475,-0.038
44,20,0.13,0.186,-0.052
44,200,0.346,0.429,-0.042
44,201,0.349,0.431,-0.042
44,202,0.317,0.398,-0.045
44,203,0.25,0.326,-0.051
44,204,0.301,0.381,-0.046
44,205,0.298,0.378,-0.046
44,206,0.306,0.386,-0.046
44,207,0.289,0.368,-0.047
44,208,0.316,0.397,-0.045
44,209,0.432,0.515,-0.035
44,21,0.06,0.096,-0.064
44,210,0.338,0.419,-0.043
44,211,0.298,0.377,-0.046
44,212,0.302,0.381,-0.046
44,213,0.304,0.385,-0.046
44,214,0.282,0.361,-0.048
44,215,0.307,0.387,-0.046
44,216,0.39,0.473,-0.038
44,217,0.288,0.367,-0.047
44,218,0.281,0.36,-0.048
44,219,0.288,0.367,-0.047
44,22,0.1,0.15,-0.056
44,220,0.178,0.244,-0.06
44,221,0.284,0.363,-0.048
44,222,0.285,0.363,-0.048
44,223,0.264,0.341,-0.05
44,224,0.366,0.448,-0.041
44,225,0.227,0.301,-0.055
44,226,0.309,0.389,-0.046
44,227,0.238,0.313,-0.054
44,228,0.237,0.311,-0.055
44,229,0.273,0.35,-0.051
44,23,0.107,0.157,-0.055
44,230,0.123,0.178,-0.072
44,231,0.302,0.382,-0.048
44,232,0.298,0.377,-0.049
44,233,0.248,0.324,-0.055
44,234,0.271,0.348,-0.053
44,235,0.26,0.337,-0.054
44,236,0.149,0.21,-0.07
44,237,0.189,0.256,-0.065
44,238,0.189,0.256,-0.065
44,239,0.194,0.262,-0.065
44,24,0.203,0.273,-0.043
44,240,0.171,0.235,-0.07
44,241,0.219,0.292,-0.063
44,242,0.155,0.217,-0.074
44,243,0.232,0.306,-0.063
44,244,0.26,0.337,-0.06
44,245,0.223,0.296,-0.066
44,246,0.218,0.289,-0.068
44,247,0.253,0.329,-0.064
44,248,0.341,0.422,-0.054
44,249,0.352,0.435,-0.054
44,25,0.118,0.172,-0.054
44,250,0.412,0.495,-0.049
44,251,0.346,0.428,-0.057
44,26,0.152,0.213,-0.049
44,27,0.05,0.083,-0.067
44,28,0.114,0.167,-0.055
44,29,0.191,0.259,-0.045
44,30,0.172,0.237,-0.047
44,31,0.164,0.228,-0.048
44,32,0.095,0.143,-0.058
44,33,0.131,0.188,-0.053
44,34,0.186,0.253,-0.046
44,35,0.198,0.268,-0.045
44,36,0.118,0.172,-0.055
44,37,0.111,0.163,-0.056
44,38,0.208,0.278,-0.045
44,39,0.171,0.235,-0.049
44,40,0.241,0.315,-0.042
44,41,0.187,0.255,-0.048
44,42,0.162,0.225,-0.051
44,43,0.23,0.303,-0.044
44,44,0.321,0.402,-0.036
44,45,0.273,0.35,-0.04
44,46,0.219,0.291,-0.045
44,47,0.296,0.376,-0.039
44,48,0.324,0.405,-0.037
44,49,0.342,0.424,-0.035
44,50,0.283,0.362,-0.04
44,51,0.385,0.468,-0.033
44,52,0.449,0.532,-0.029
44,53,0.264,0.341,-0.043
44,54,0.276,0.354,-0.042
44,55,0.196,0.265,-0.05
44,56,0.332,0.413,-0.038
44,57,0.325,0.406,-0.038
44,58,0.192,0.26,-0.051
44,59,0.307,0.387,-0.04
44,6,0.151,0.212,-0.051
44,60,0.436,0.519,-0.031
44,61,0.429,0.512,-0.031
44,62,0.306,0.386,-0.04
44,63,0.454,0.537,-0.03
44,64,0.641,0.71,-0.019
44,65,0.467,0.55,-0.029
44,66,0.467,0.55,-0.029
44,67,0.34,0.421,-0.038
44,68,0.541,0.62,-0.025
44,69,0.43,0.513,-0.032
44,7,0.218,0.29,-0.043
44,70,0.45,0.532,-0.031
44,71,0.407,0.49,-0.034
44,72,0.4,0.483,-0.034
44,73,0.515,0.596,-0.027
44,74,0.534,0.613,-0.026
44,75,0.58,0.656,-0.023
44,76,0.45,0.533,-0.031
44,77,0.336,0.418,-0.04
44,78,0.437,0.52,-0.032
44,79,0.595,0.669,-0.022
44,8,0.289,0.368,-0.037
44,80,0.452,0.535,-0.031
44,81,0.396,0.479,-0.036
44,82,0.548,0.626,-0.025
44,83,0.672,0.738,-0.018
44,84,0.528,0.608,-0.027
44,85,0.566,0.642,-0.024
44,86,0.456,0.539,-0.031
44,87,0.459,0.541,-0.031
44,88,0.501,0.582,-0.028
44,89,0.352,0.435,-0.039
44,9,0.219,0.292,-0.042
44,90,0.281,0.359,-0.046
44,91,0.419,0.502,-0.034
44,92,0.31,0.39,-0.043
44,93,0.368,0.451,-0.038
44,94,0.267,0.344,-0.047
44,95,0.429,0.512,-0.033
44,96,0.282,0.36,-0.045
44,97,0.334,0.416,-0.041
44,98,0.457,0.539,-0.031
44,99,0.425,0.508,-0.034
45,10,0.034,0.059,-0.073
45,100,0.478,0.56,-0.03
45,101,0.423,0.506,-0.033
45,102,0.368,0.45,-0.037
45,103,0.266,0.343,-0.046
45,104,0.299,0.379,-0.043
45,105,0.262,0.339,-0.047
45,106,0.268,0.345,-0.046
45,107,0.234,0.308,-0.05
45,108,0.266,0.343,-0.046
45,109,0.222,0.294,-0.051
45,11,0.058,0.093,-0.065
45,110,0.215,0.286,-0.052
45,111,0.298,0.378,-0.044
45,112,0.307,0.388,-0.043
45,113,0.285,0.364,-0.045
45,114,0.212,0.283,-0.053
45,115,0.254,0.33,-0.048
45,116,0.383,0.466,-0.037
45,117,0.265,0.342,-0.047
45,118,0.186,0.253,-0.056
45,119,0.193,0.262,-0.055
45,12,0.044,0.074,-0.068
45,120,0.175,0.24,-0.058
45,121,0.166,0.229,-0.059
45,122,0.174,0.24,-0.058
45,123,0.184,0.251,-0.057
45,124,0.124,0.178,-0.066
45,125,0.13,0.186,-0.065
45,126,0.152,0.213,-0.062
45,127,0.089,0.135,-0.074
45,128,0.126,0.181,-0.066
45,129,0.155,0.217,-0.062
45,13,0.102,0.151,-0.055
45,130,0.104,0.154,-0.07
45,131,0.102,0.151,-0.071
45,132,0.057,0.092,-0.082
45,133,0.063,0.101,-0.08
45,134,0.078,0.121,-0.076
45,135,0.102,0.152,-0.071
45,136,0.124,0.18,-0.066
45,137,0.11,0.161,-0.069
45,138,0.13,0.186,-0.065
45,139,0.113,0.165,-0.068
45,14,0.09,0.137,-0.057
45,140,0.095,0.142,-0.072
45,141,0.076,0.118,-0.076
45,142,0.089,0.135,-0.073
45,143,0.06,0.096,-0.081
45,144,0.056,0.09,-0.082
45,145,0.069,0.108,-0.078
45,146,0.068,0.106,-0.078
45,147,0.136,0.194,-0.064
45,148,0.107,0.158,-0.069
45,149,0.125,0.181,-0.066
45,15,0.085,0.129,-0.058
45,150,0.112,0.164,-0.068
45,151,0.075,0.116,-0.076
45,152,0.107,0.157,-0.069
45,153,0.119,0.173,-0.067
45,154,0.127,0.183,-0.066
45,155,0.113,0.165,-0.068
45,156,0.145,0.205,-0.063
45,157,0.12,0.174,-0.067
45,158,0.125,0.18,-0.066
45,159,0.144,0.204,-0.063
45,16,0.05,0.082,-0.066
45,160,0.119,0.173,-0.068
45,161,0.063,0.1,-0.081
45,162,0.061,0.098,-0.082
45,163,0.132,0.189,-0.066
45,164,0.162,0.226,-0.061
45,165,0.11,0.162,-0.07
45,166,0.09,0.136,-0.075
45,167,0.201,0.271,-0.056
45,168,0.189,0.256,-0.058
45,169,0.215,0.286,-0.055
45,17,0.087,0.132,-0.058
45,170,0.132,0.188,-0.067
45,171,0.096,0.144,-0.074
45,172,0.116,0.17,-0.07
45,173,0.154,0.216,-0.064
45,174,0.113,0.166,-0.071
45,175,0.14,0.199,-0.066
45,176,0.203,0.273,-0.057
45,177,0.171,0.236,-0.061
45,178,0.204,0.274,-0.057
45,179,0.128,0.184,-0.068
45,18,0.047,0.078,-0.067
45,180,0.112,0.164,-0.072
45,181,0.09,0.136,-0.076
45,182,0.098,0.146,-0.074
45,183,0.15,0.211,-0.065
45,184,0.192,0.26,-0.059
45,185,0.141,0.2,-0.066
45,186,0.114,0.167,-0.071
45,187,0.138,0.196,-0.067
45,188,0.182,0.249,-0.06
45,189,0.221,0.293,-0.055
45,19,0.055,0.09,-0.065
45,190,0.139,0.197,-0.066
45,191,0.213,0.284,-0.056
45,192,0.294,0.373,-0.047
45,193,0.328,0.41,-0.044
45,194,0.187,0.255,-0.059
45,195,0.266,0.343,-0.05
45,196,0.337,0.418,-0.043
45,197,0.368,0.451,-0.04
45,198,0.269,0.346,-0.049
45,199,0.231,0.305,-0.054
45,20,0.085,0.13,-0.058
45,200,0.169,0.234,-0.061
45,201,0.206,0.277,-0.057
45,202,0.296,0.375,-0.047
45,203,0.162,0.225,-0.062
45,204,0.143,0.202,-0.065
45,205,0.134,0.191,-0.067
45,206,0.126,0.181,-0.068
45,207,0.147,0.207,-0.065
45,208,0.14,0.199,-0.066
45,209,0.127,0.183,-0.068
45,21,0.091,0.137,-0.057
45,210,0.116,0.169,-0.07
45,211,0.104,0.154,-0.072
45,212,0.129,0.185,-0.068
45,213,0.196,0.265,-0.058
45,214,0.202,0.272,-0.057
45,215,0.181,0.247,-0.06
45,216,0.262,0.339,-0.05
45,217,0.196,0.265,-0.058
45,218,0.25,0.326,-0.051
45,219,0.288,0.367,-0.047
45,22,0.08,0.123,-0.06
45,220,0.331,0.412,-0.044
45,221,0.247,0.322,-0.052
45,222,0.153,0.214,-0.064
45,223,0.234,0.307,-0.054
45,224,0.204,0.274,-0.058
45,225,0.184,0.251,-0.061
45,226,0.195,0.263,-0.059
45,227,0.206,0.276,-0.058
45,228,0.16,0.222,-0.065
45,229,0.216,0.288,-0.057
45,23,0.176,0.242,-0.046
45,230,0.268,0.346,-0.052
45,231,0.167,0.231,-0.065
45,232,0.244,0.319,-0.055
45,233,0.206,0.277,-0.06
45,234,0.137,0.195,-0.071
45,235,0.214,0.285,-0.06
45,236,0.136,0.194,-0.073
45,237,0.118,0.171,-0.077
45,238,0.171,0.236,-0.068
45,239,0.279,0.357,-0.054
45,24,0.098,0.147,-0.056
45,240,0.126,0.182,-0.077
45,241,0.152,0.213,-0.073
45,242,0.132,0.189,-0.078
45,243,0.169,0.233,-0.072
45,244,0.188,0.256,-0.069
45,245,0.215,0.286,-0.066
45,246,0.13,0.187,-0.082
45,247,0.25,0.326,-0.063
45,248,0.273,0.35,-0.062
45,249,0.312,0.392,-0.058
45,25,0.14,0.199,-0.051
45,250,0.371,0.454,-0.052
45,251,0.206,0.277,-0.075
45,26,0.067,0.105,-0.063
45,27,0.174,0.24,-0.047
45,28,0.079,0.121,-0.061
45,29,0.09,0.136,-0.059
45,30,0.127,0.182,-0.053
45,31,0.107,0.158,-0.056
45,32,0.179,0.245,-0.047
45,33,0.151,0.212,-0.05
45,34,0.106,0.156,-0.057
45,35,0.055,0.089,-0.068
45,36,0.117,0.17,-0.056
45,37,0.132,0.188,-0.054
45,38,0.162,0.225,-0.05
45,39,0.173,0.239,-0.049
45,40,0.084,0.128,-0.062
45,41,0.164,0.228,-0.051
45,42,0.232,0.306,-0.044
45,43,0.161,0.224,-0.051
45,44,0.247,0.322,-0.042
45,45,0.138,0.196,-0.055
45,46,0.197,0.266,-0.048
45,47,0.199,0.268,-0.048
45,48,0.322,0.403,-0.037
45,49,0.305,0.385,-0.038
45,50,0.259,0.336,-0.042
45,51,0.153,0.214,-0.054
45,52,0.295,0.375,-0.04
45,53,0.242,0.316,-0.045
45,54,0.483,0.564,-0.027
45,55,0.389,0.472,-0.033
45,56,0.383,0.466,-0.034
45,57,0.609,0.682,-0.02
45,58,0.605,0.678,-0.02
45,59,0.36,0.443,-0.036
45,6,0.02,0.038,-0.082
45,60,0.356,0.438,-0.036
45,61,0.321,0.402,-0.039
45,62,0.401,0.484,-0.033
45,63,0.49,0.572,-0.027
45,64,0.324,0.405,-0.039
45,65,0.391,0.474,-0.034
45,66,0.523,0.603,-0.026
45,67,0.4,0.483,-0.034
45,68,0.428,0.511,-0.032
45,69,0.382,0.465,-0.035
45,7,0.024,0.044,-0.079
45,70,0.305,0.385,-0.042
45,71,0.495,0.576,-0.028
45,72,0.428,0.511,-0.032
45,73,0.411,0.495,-0.034
45,74,0.504,0.585,-0.027
45,75,0.815,0.857,-0.01
45,76,0.812,0.855,-0.01
45,77,0.626,0.697,-0.02
45,78,0.708,0.768,-0.016
45,79,0.607,0.68,-0.021
45,8,0.031,0.055,-0.075
45,80,0.564,0.641,-0.024
45,81,0.559,0.637,-0.024
45,82,0.594,0.669,-0.022
45,83,0.497,0.579,-0.028
45,84,0.365,0.448,-0.038
45,85,0.382,0.465,-0.037
45,86,0.348,0.431,-0.039
45,87,0.376,0.459,-0.037
45,88,0.289,0.368,-0.044
45,89,0.576,0.652,-0.023
45,9,0.069,0.108,-0.063
45,90,0.529,0.609,-0.026
45,91,0.496,0.577,-0.028
45,92,0.312,0.393,-0.042
45,93,0.351,0.433,-0.039
45,94,0.36,0.442,-0.038
45,95,0.512,0.592,-0.027
45,96,0.34,0.422,-0.04
45,97,0.238,0.312,-0.049
45,98,0.262,0.338,-0.047
45,99,0.472,0.554,-0.03
46,10,0.039,0.067,-0.072
46,100,0.241,0.315,-0.049
46,101,0.201,0.27,-0.053
46,102,0.271,0.348,-0.045
46,103,0.22,0.293,-0.051
46,104,0.179,0.245,-0.056
46,105,0.217,0.289,-0.051
46,106,0.154,0.216,-0.059
46,107,0.141,0.2,-0.061
46,108,0.174,0.24,-0.056
46,109,0.196,0.264,-0.054
46,11,0.113,0.165,-0.055
46,110,0.164,0.227,-0.058
46,111,0.145,0.204,-0.061
46,112,0.1,0.149,-0.069
46,113,0.124,0.179,-0.065
46,114,0.17,0.235,-0.058
46,115,0.134,0.192,-0.063
46,116,0.125,0.18,-0.065
46,117,0.082,0.125,-0.074
46,118,0.158,0.22,-0.06
46,119,0.14,0.198,-0.063
46,12,0.09,0.136,-0.058
46,120,0.09,0.136,-0.073
46,121,0.088,0.133,-0.074
46,122,0.1,0.149,-0.071
46,123,0.078,0.12,-0.077
46,124,0.084,0.129,-0.075
46,125,0.125,0.18,-0.067
46,126,0.071,0.111,-0.079
46,127,0.083,0.127,-0.076
46,128,0.099,0.148,-0.072
46,129,0.099,0.148,-0.072
46,13,0.105,0.156,-0.055
46,130,0.092,0.139,-0.074
46,131,0.063,0.1,-0.081
46,132,0.09,0.137,-0.074
46,133,0.074,0.116,-0.078
46,134,0.076,0.118,-0.078
46,135,0.061,0.097,-0.082
46,136,0.067,0.106,-0.08
46,137,0.096,0.144,-0.072
46,138,0.116,0.169,-0.068
46,139,0.063,0.1,-0.081
46,14,0.057,0.092,-0.065
46,140,0.058,0.094,-0.082
46,141,0.112,0.164,-0.068
46,142,0.102,0.152,-0.07
46,143,0.106,0.157,-0.07
46,144,0.105,0.156,-0.07
46,145,0.197,0.266,-0.055
46,146,0.115,0.167,-0.068
46,147,0.065,0.104,-0.079
46,148,0.066,0.105,-0.079
46,149,0.068,0.107,-0.078
46,15,0.061,0.098,-0.064
46,150,0.055,0.089,-0.082
46,151,0.065,0.103,-0.079
46,152,0.07,0.11,-0.078
46,153,0.102,0.151,-0.07
46,154,0.1,0.149,-0.07
46,155,0.114,0.167,-0.068
46,156,0.102,0.152,-0.07
46,157,0.141,0.2,-0.063
46,158,0.104,0.154,-0.07
46,159,0.062,0.099,-0.08
46,16,0.054,0.088,-0.066
46,160,0.061,0.098,-0.081
46,161,0.044,0.074,-0.087
46,162,0.043,0.072,-0.088
46,163,0.091,0.138,-0.073
46,164,0.112,0.164,-0.069
46,165,0.086,0.131,-0.075
46,166,0.182,0.249,-0.058
46,167,0.119,0.173,-0.068
46,168,0.158,0.22,-0.062
46,169,0.125,0.181,-0.067
46,17,0.099,0.148,-0.056
46,170,0.083,0.127,-0.076
46,171,0.14,0.198,-0.065
46,172,0.12,0.174,-0.069
46,173,0.213,0.284,-0.055
46,174,0.166,0.23,-0.062
46,175,0.181,0.247,-0.06
46,176,0.158,0.221,-0.063
46,177,0.173,0.238,-0.061
46,178,0.129,0.185,-0.068
46,179,0.132,0.188,-0.067
46,18,0.276,0.354,-0.037
46,180,0.177,0.243,-0.06
46,181,0.134,0.192,-0.067
46,182,0.114,0.167,-0.071
46,183,0.126,0.182,-0.069
46,184,0.165,0.229,-0.062
46,185,0.256,0.332,-0.051
46,186,0.216,0.287,-0.056
46,187,0.196,0.264,-0.058
46,188,0.151,0.212,-0.064
46,189,0.232,0.306,-0.054
46,19,0.245,0.321,-0.04
46,190,0.171,0.236,-0.061
46,191,0.346,0.428,-0.042
46,192,0.228,0.301,-0.054
46,193,0.266,0.344,-0.05
46,194,0.221,0.293,-0.055
46,195,0.279,0.357,-0.048
46,196,0.225,0.298,-0.054
46,197,0.156,0.218,-0.064
46,198,0.23,0.303,-0.054
46,199,0.235,0.309,-0.053
46,20,0.171,0.236,-0.047
46,200,0.183,0.25,-0.06
46,201,0.155,0.217,-0.063
46,202,0.182,0.249,-0.06
46,203,0.155,0.216,-0.064
46,204,0.14,0.199,-0.066
46,205,0.113,0.165,-0.071
46,206,0.11,0.162,-0.071
46,207,0.082,0.126,-0.077
46,208,0.099,0.147,-0.073
46,209,0.115,0.168,-0.07
46,21,0.128,0.184,-0.052
46,210,0.07,0.11,-0.08
46,211,0.088,0.134,-0.076
46,212,0.06,0.095,-0.084
46,213,0.081,0.124,-0.078
46,214,0.134,0.191,-0.067
46,215,0.132,0.189,-0.067
46,216,0.168,0.232,-0.062
46,217,0.118,0.172,-0.07
46,218,0.101,0.15,-0.073
46,219,0.098,0.147,-0.074
46,22,0.128,0.185,-0.052
46,220,0.12,0.175,-0.07
46,221,0.158,0.22,-0.064
46,222,0.127,0.183,-0.069
46,223,0.101,0.15,-0.074
46,224,0.157,0.219,-0.064
46,225,0.166,0.23,-0.063
46,226,0.111,0.163,-0.073
46,227,0.197,0.266,-0.059
46,228,0.147,0.207,-0.067
46,229,0.135,0.192,-0.069
46,23,0.067,0.105,-0.063
46,230,0.191,0.26,-0.061
46,231,0.169,0.234,-0.064
46,232,0.285,0.364,-0.051
46,233,0.258,0.334,-0.054
46,234,0.32,0.401,-0.047
46,235,0.289,0.368,-0.051
46,236,0.307,0.388,-0.049
46,237,0.294,0.373,-0.051
46,238,0.24,0.314,-0.058
46,239,0.203,0.273,-0.063
46,24,0.102,0.152,-0.056
46,240,0.296,0.376,-0.052
46,241,0.33,0.411,-0.049
46,242,0.387,0.47,-0.044
46,243,0.316,0.397,-0.052
46,244,0.294,0.374,-0.055
46,245,0.351,0.434,-0.05
46,246,0.394,0.477,-0.046
46,247,0.411,0.494,-0.045
46,248,0.477,0.559,-0.04
46,249,0.421,0.504,-0.046
46,25,0.104,0.154,-0.056
46,250,0.387,0.47,-0.05
46,251,0.506,0.587,-0.039
46,26,0.116,0.169,-0.055
46,27,0.139,0.198,-0.052
46,28,0.1,0.149,-0.058
46,29,0.084,0.128,-0.06
46,30,0.121,0.175,-0.055
46,31,0.128,0.184,-0.054
46,32,0.062,0.098,-0.066
46,33,0.085,0.129,-0.061
46,34,0.075,0.116,-0.063
46,35,0.143,0.202,-0.052
46,36,0.172,0.237,-0.049
46,37,0.164,0.228,-0.05
46,38,0.142,0.202,-0.053
46,39,0.15,0.21,-0.052
46,40,0.196,0.265,-0.047
46,41,0.438,0.521,-0.028
46,42,0.235,0.309,-0.043
46,43,0.156,0.218,-0.052
46,44,0.181,0.247,-0.05
46,45,0.305,0.385,-0.038
46,46,0.229,0.302,-0.045
46,47,0.354,0.437,-0.035
46,48,0.385,0.468,-0.033
46,49,0.419,0.503,-0.031
46,50,0.462,0.544,-0.028
46,51,0.591,0.666,-0.02
46,52,0.417,0.501,-0.031
46,53,0.305,0.385,-0.039
46,54,0.292,0.371,-0.041
46,55,0.395,0.478,-0.033
46,56,0.263,0.34,-0.044
46,57,0.459,0.541,-0.029
46,58,0.349,0.431,-0.037
46,59,0.437,0.52,-0.031
46,6,0.142,0.201,-0.051
46,60,0.459,0.541,-0.029
46,61,0.629,0.7,-0.019
46,62,0.538,0.617,-0.025
46,63,0.708,0.768,-0.015
46,64,0.536,0.615,-0.025
46,65,0.584,0.659,-0.022
46,66,0.672,0.737,-0.017
46,67,0.498,0.579,-0.027
46,68,0.757,0.81,-0.013
46,69,0.787,0.834,-0.011
46,7,0.048,0.079,-0.069
46,70,0.676,0.741,-0.017
46,71,0.554,0.631,-0.024
46,72,0.591,0.665,-0.022
46,73,0.558,0.635,-0.024
46,74,0.434,0.518,-0.032
46,75,0.524,0.604,-0.026
46,76,0.543,0.622,-0.025
46,77,0.563,0.64,-0.024
46,78,0.682,0.746,-0.017
46,79,0.542,0.62,-0.025
46,8,0.076,0.118,-0.062
46,80,0.605,0.678,-0.022
46,81,0.805,0.849,-0.01
46,82,0.642,0.711,-0.019
46,83,0.577,0.652,-0.023
46,84,0.53,0.609,-0.026
46,85,0.701,0.762,-0.016
46,86,0.372,0.455,-0.037
46,87,0.577,0.653,-0.023
46,88,0.779,0.828,-0.012
46,89,0.762,0.814,-0.013
46,9,0.049,0.081,-0.068
46,90,0.448,0.531,-0.032
46,91,0.56,0.637,-0.024
46,92,0.581,0.656,-0.023
46,93,0.366,0.449,-0.038
46,94,0.321,0.402,-0.041
46,95,0.402,0.485,-0.035
46,96,0.471,0.553,-0.03
46,97,0.222,0.295,-0.051
46,98,0.274,0.351,-0.045
46,99,0.277,0.355,-0.045
47,10,0.036,0.062,-0.073
47,100,0.233,0.307,-0.049
47,101,0.236,0.31,-0.049
47,102,0.343,0.425,-0.039
47,103,0.281,0.36,-0.044
47,104,0.259,0.335,-0.047
47,105,0.214,0.285,-0.051
47,106,0.222,0.295,-0.05
47,107,0.224,0.296,-0.05
47,108,0.184,0.251,-0.055
47,109,0.132,0.189,-0.063
47,11,0.013,0.025,-0.086
47,110,0.105,0.155,-0.068
47,111,0.146,0.206,-0.061
47,112,0.176,0.242,-0.057
47,113,0.113,0.166,-0.067
47,114,0.097,0.146,-0.07
47,115,0.118,0.172,-0.066
47,116,0.164,0.227,-0.059
47,117,0.105,0.156,-0.069
47,118,0.065,0.103,-0.08
47,119,0.107,0.158,-0.07
47,12,0.078,0.121,-0.06
47,120,0.135,0.193,-0.065
47,121,0.092,0.138,-0.074
47,122,0.092,0.138,-0.074
47,123,0.077,0.12,-0.078
47,124,0.058,0.093,-0.084
47,125,0.078,0.12,-0.078
47,126,0.078,0.121,-0.078
47,127,0.099,0.148,-0.073
47,128,0.117,0.171,-0.07
47,129,0.069,0.109,-0.081
47,13,0.057,0.092,-0.065
47,130,0.059,0.095,-0.084
47,131,0.105,0.155,-0.072
47,132,0.08,0.123,-0.078
47,133,0.075,0.116,-0.079
47,134,0.061,0.098,-0.083
47,135,0.064,0.101,-0.082
47,136,0.049,0.081,-0.087
47,137,0.095,0.142,-0.074
47,138,0.056,0.09,-0.084
47,139,0.086,0.13,-0.075
47,14,0.024,0.044,-0.077
47,140,0.081,0.124,-0.076
47,141,0.056,0.091,-0.083
47,142,0.036,0.062,-0.091
47,143,0.037,0.064,-0.09
47,144,0.088,0.134,-0.074
47,145,0.072,0.112,-0.077
47,146,0.059,0.095,-0.081
47,147,0.062,0.099,-0.08
47,148,0.076,0.117,-0.076
47,149,0.078,0.12,-0.075
47,15,0.098,0.146,-0.056
47,150,0.057,0.092,-0.081
47,151,0.108,0.159,-0.069
47,152,0.105,0.155,-0.069
47,153,0.075,0.117,-0.076
47,154,0.074,0.116,-0.076
47,155,0.074,0.115,-0.076
47,156,0.077,0.12,-0.075
47,157,0.051,0.084,-0.083
47,158,0.06,0.097,-0.08
47,159,0.069,0.108,-0.078
47,16,0.054,0.087,-0.066
47,160,0.137,0.195,-0.064
47,161,0.157,0.219,-0.061
47,162,0.134,0.192,-0.065
47,163,0.178,0.244,-0.058
47,164,0.132,0.189,-0.065
47,165,0.081,0.125,-0.076
47,166,0.099,0.147,-0.072
47,167,0.108,0.159,-0.07
47,168,0.113,0.165,-0.069
47,169,0.198,0.267,-0.056
47,17,0.155,0.216,-0.049
47,170,0.126,0.181,-0.067
47,171,0.064,0.102,-0.081
47,172,0.071,0.112,-0.079
47,173,0.143,0.202,-0.064
47,174,0.181,0.247,-0.059
47,175,0.159,0.221,-0.062
47,176,0.11,0.162,-0.071
47,177,0.131,0.188,-0.067
47,178,0.247,0.323,-0.052
47,179,0.235,0.309,-0.053
47,18,0.076,0.117,-0.061
47,180,0.19,0.258,-0.059
47,181,0.153,0.214,-0.064
47,182,0.175,0.241,-0.061
47,183,0.178,0.244,-0.06
47,184,0.211,0.282,-0.056
47,185,0.144,0.203,-0.066
47,186,0.114,0.166,-0.071
47,187,0.139,0.198,-0.066
47,188,0.141,0.2,-0.066
47,189,0.136,0.193,-0.067
47,19,0.178,0.244,-0.046
47,190,0.119,0.173,-0.07
47,191,0.181,0.248,-0.06
47,192,0.193,0.261,-0.059
47,193,0.202,0.272,-0.057
47,194,0.138,0.196,-0.067
47,195,0.128,0.184,-0.068
47,196,0.122,0.176,-0.069
47,197,0.09,0.136,-0.076
47,198,0.086,0.131,-0.077
47,199,0.095,0.143,-0.075
47,20,0.15,0.211,-0.049
47,200,0.092,0.139,-0.075
47,201,0.104,0.154,-0.073
47,202,0.129,0.185,-0.068
47,203,0.121,0.175,-0.069
47,204,0.117,0.17,-0.07
47,205,0.088,0.133,-0.076
47,206,0.094,0.141,-0.075
47,207,0.129,0.185,-0.068
47,208,0.11,0.162,-0.072
47,209,0.125,0.181,-0.069
47,21,0.163,0.227,-0.048
47,210,0.094,0.141,-0.075
47,211,0.098,0.147,-0.074
47,212,0.115,0.168,-0.07
47,213,0.061,0.097,-0.083
47,214,0.093,0.14,-0.075
47,215,0.069,0.108,-0.081
47,216,0.081,0.124,-0.078
47,217,0.121,0.175,-0.069
47,218,0.102,0.151,-0.073
47,219,0.11,0.161,-0.072
47,22,0.173,0.238,-0.047
47,220,0.112,0.165,-0.071
47,221,0.089,0.135,-0.077
47,222,0.125,0.181,-0.069
47,223,0.161,0.223,-0.063
47,224,0.134,0.192,-0.068
47,225,0.066,0.104,-0.084
47,226,0.052,0.085,-0.089
47,227,0.097,0.145,-0.076
47,228,0.06,0.096,-0.087
47,229,0.051,0.083,-0.09
47,23,0.098,0.147,-0.057
47,230,0.058,0.094,-0.088
47,231,0.105,0.156,-0.076
47,232,0.059,0.094,-0.089
47,233,0.07,0.11,-0.086
47,234,0.069,0.108,-0.087
47,235,0.083,0.126,-0.083
47,236,0.125,0.18,-0.074
47,237,0.075,0.116,-0.087
47,238,0.113,0.165,-0.078
47,239,0.091,0.137,-0.083
47,24,0.119,0.172,-0.054
47,240,0.095,0.143,-0.083
47,241,0.091,0.137,-0.085
47,242,0.073,0.113,-0.091
47,243,0.111,0.163,-0.082
47,244,0.087,0.132,-0.089
47,245,0.085,0.13,-0.09
47,246,0.158,0.221,-0.075
47,247,0.152,0.213,-0.078
47,248,0.182,0.249,-0.074
47,249,0.125,0.181,-0.086
47,25,0.181,0.248,-0.046
47,250,0.179,0.245,-0.077
47,251,0.138,0.196,-0.087
47,26,0.202,0.271,-0.044
47,27,0.112,0.164,-0.056
47,28,0.258,0.335,-0.04
47,29,0.316,0.397,-0.035
47,30,0.188,0.256,-0.046
47,31,0.085,0.13,-0.061
47,32,0.097,0.145,-0.059
47,33,0.09,0.136,-0.061
47,34,0.08,0.123,-0.063
47,35,0.087,0.132,-0.061
47,36,0.059,0.095,-0.068
47,37,0.1,0.149,-0.059
47,38,0.094,0.142,-0.061
47,39,0.084,0.128,-0.063
47,40,0.117,0.17,-0.057
47,41,0.111,0.163,-0.058
47,42,0.094,0.141,-0.062
47,43,0.074,0.115,-0.066
47,44,0.146,0.206,-0.054
47,45,0.187,0.254,-0.049
47,46,0.194,0.263,-0.049
47,47,0.194,0.262,-0.049
47,48,0.275,0.353,-0.041
47,49,0.308,0.388,-0.039
47,50,0.402,0.486,-0.032
47,51,0.397,0.481,-0.033
47,52,0.508,0.589,-0.026
47,53,0.458,0.54,-0.029
47,54,0.325,0.406,-0.038
47,55,0.298,0.377,-0.041
47,56,0.608,0.681,-0.02
47,57,0.45,0.533,-0.03
47,58,0.389,0.472,-0.034
47,59,0.583,0.659,-0.022
47,6,0.013,0.025,-0.089
47,60,0.408,0.491,-0.033
47,61,0.303,0.383,-0.041
47,62,0.271,0.349,-0.044
47,63,0.423,0.506,-0.032
47,64,0.732,0.788,-0.014
47,65,0.445,0.528,-0.031
47,66,0.58,0.656,-0.022
47,67,0.615,0.687,-0.02
47,68,0.48,0.562,-0.029
47,69,0.397,0.481,-0.035
47,7,0.053,0.086,-0.069
47,70,0.766,0.817,-0.012
47,71,0.569,0.646,-0.023
47,72,0.696,0.758,-0.016
47,73,0.661,0.728,-0.018
47,74,0.613,0.686,-0.021
47,75,0.506,0.587,-0.028
47,76,0.67,0.736,-0.018
47,77,0.661,0.728,-0.018
47,78,0.669,0.734,-0.018
47,79,0.723,0.781,-0.015
47,8,0.06,0.096,-0.067
47,80,0.761,0.813,-0.013
47,81,0.548,0.626,-0.025
47,82,0.488,0.57,-0.029
47,83,0.564,0.641,-0.024
47,84,0.662,0.728,-0.018
47,85,0.571,0.647,-0.024
47,86,0.675,0.74,-0.017
47,87,0.549,0.627,-0.025
47,88,0.519,0.599,-0.027
47,89,0.618,0.69,-0.021
47,9,0.034,0.059,-0.074
47,90,0.523,0.603,-0.026
47,91,0.633,0.703,-0.02
47,92,0.441,0.524,-0.032
47,93,0.38,0.463,-0.036
47,94,0.309,0.39,-0.042
47,95,0.358,0.441,-0.038
47,96,0.377,0.46,-0.036
47,97,0.332,0.414,-0.04
47,98,0.308,0.388,-0.042
47,99,0.318,0.399,-0.041
48,10,0.087,0.133,-0.06
48,100,0.386,0.469,-0.036
48,101,0.309,0.389,-0.042
48,102,0.14,0.199,-0.061
48,103,0.197,0.266,-0.053
48,104,0.311,0.391,-0.042
48,105,0.174,0.239,-0.056
48,106,0.152,0.214,-0.059
48,107,0.18,0.246,-0.056
48,108,0.145,0.205,-0.061
48,109,0.107,0.158,-0.067
48,11,0.119,0.173,-0.054
48,110,0.124,0.179,-0.064
48,111,0.076,0.118,-0.075
48,112,0.083,0.127,-0.073
48,113,0.074,0.115,-0.076
48,114,0.107,0.158,-0.069
48,115,0.071,0.111,-0.078
48,116,0.096,0.144,-0.072
48,117,0.128,0.185,-0.066
48,118,0.104,0.154,-0.071
48,119,0.068,0.108,-0.08
48,12,0.117,0.17,-0.054
48,120,0.084,0.128,-0.077
48,121,0.119,0.173,-0.069
48,122,0.107,0.158,-0.072
48,123,0.071,0.111,-0.081
48,124,0.073,0.113,-0.081
48,125,0.076,0.117,-0.081
48,126,0.08,0.123,-0.08
48,127,0.065,0.103,-0.084
48,128,0.065,0.104,-0.084
48,129,0.071,0.111,-0.082
48,13,0.078,0.121,-0.06
48,130,0.088,0.134,-0.078
48,131,0.076,0.118,-0.081
48,132,0.061,0.097,-0.086
48,133,0.029,0.052,-0.099
48,134,0.036,0.062,-0.095
48,135,0.059,0.094,-0.086
48,136,0.09,0.136,-0.077
48,137,0.087,0.132,-0.077
48,138,0.073,0.114,-0.08
48,139,0.08,0.123,-0.078
48,14,0.18,0.247,-0.046
48,140,0.071,0.11,-0.08
48,141,0.096,0.144,-0.074
48,142,0.07,0.109,-0.08
48,143,0.06,0.095,-0.083
48,144,0.057,0.092,-0.083
48,145,0.039,0.066,-0.09
48,146,0.044,0.074,-0.087
48,147,0.049,0.081,-0.085
48,148,0.105,0.156,-0.07
48,149,0.045,0.076,-0.086
48,15,0.224,0.297,-0.042
48,150,0.04,0.067,-0.088
48,151,0.044,0.074,-0.086
48,152,0.062,0.099,-0.08
48,153,0.073,0.114,-0.077
48,154,0.072,0.112,-0.077
48,155,0.124,0.179,-0.066
48,156,0.086,0.131,-0.073
48,157,0.1,0.148,-0.07
48,158,0.105,0.155,-0.069
48,159,0.071,0.111,-0.077
48,16,0.153,0.214,-0.049
48,160,0.072,0.112,-0.077
48,161,0.079,0.122,-0.075
48,162,0.065,0.103,-0.079
48,163,0.122,0.177,-0.066
48,164,0.224,0.296,-0.052
48,165,0.138,0.196,-0.064
48,166,0.123,0.178,-0.067
48,167,0.184,0.251,-0.058
48,168,0.179,0.245,-0.058
48,169,0.132,0.189,-0.066
48,17,0.242,0.317,-0.04
48,170,0.134,0.191,-0.065
48,171,0.183,0.25,-0.058
48,172,0.133,0.19,-0.066
48,173,0.177,0.243,-0.059
48,174,0.135,0.193,-0.066
48,175,0.185,0.252,-0.059
48,176,0.157,0.219,-0.063
48,177,0.142,0.201,-0.065
48,178,0.175,0.24,-0.06
48,179,0.249,0.324,-0.051
48,18,0.214,0.285,-0.043
48,180,0.217,0.289,-0.055
48,181,0.183,0.25,-0.06
48,182,0.159,0.222,-0.063
48,183,0.133,0.19,-0.067
48,184,0.147,0.207,-0.065
48,185,0.172,0.237,-0.062
48,186,0.237,0.311,-0.053
48,187,0.304,0.384,-0.046
48,188,0.144,0.204,-0.066
48,189,0.183,0.25,-0.06
48,19,0.147,0.207,-0.05
48,190,0.147,0.207,-0.065
48,191,0.212,0.283,-0.056
48,192,0.163,0.226,-0.063
48,193,0.233,0.307,-0.054
48,194,0.262,0.338,-0.05
48,195,0.172,0.237,-0.061
48,196,0.189,0.256,-0.059
48,197,0.292,0.371,-0.047
48,198,0.244,0.319,-0.052
48,199,0.208,0.279,-0.057
48,20,0.282,0.361,-0.037
48,200,0.19,0.258,-0.059
48,201,0.188,0.256,-0.059
48,202,0.291,0.37,-0.047
48,203,0.315,0.395,-0.045
48,204,0.286,0.364,-0.048
48,205,0.341,0.423,-0.043
48,206,0.251,0.326,-0.051
48,207,0.271,0.348,-0.049
48,208,0.223,0.296,-0.054
48,209,0.188,0.255,-0.059
48,21,0.281,0.36,-0.037
48,210,0.249,0.324,-0.052
48,211,0.159,0.222,-0.063
48,212,0.135,0.193,-0.067
48,213,0.228,0.301,-0.054
48,214,0.168,0.232,-0.062
48,215,0.14,0.199,-0.066
48,216,0.125,0.181,-0.068
48,217,0.149,0.209,-0.065
48,218,0.114,0.167,-0.071
48,219,0.107,0.158,-0.072
48,22,0.239,0.314,-0.041
48,220,0.122,0.177,-0.069
48,221,0.117,0.171,-0.071
48,222,0.15,0.211,-0.065
48,223,0.269,0.346,-0.05
48,224,0.231,0.305,-0.054
48,225,0.214,0.286,-0.057
48,226,0.134,0.192,-0.068
48,227,0.229,0.302,-0.055
48,228,0.24,0.315,-0.054
48,229,0.138,0.196,-0.069
48,23,0.167,0.231,-0.048
48,230,0.143,0.203,-0.068
48,231,0.138,0.196,-0.069
48,232,0.179,0.245,-0.063
48,233,0.094,0.141,-0.079
48,234,0.136,0.194,-0.071
48,235,0.113,0.165,-0.076
48,236,0.125,0.181,-0.074
48,237,0.143,0.202,-0.071
48,238,0.111,0.163,-0.078
48,239,0.121,0.176,-0.076
48,24,0.362,0.444,-0.032
48,240,0.166,0.23,-0.069
48,241,0.13,0.186,-0.076
48,242,0.181,0.247,-0.068
48,243,0.211,0.282,-0.064
48,244,0.224,0.296,-0.063
48,245,0.225,0.298,-0.063
48,246,0.283,0.361,-0.057
48,247,0.29,0.369,-0.057
48,248,0.314,0.395,-0.055
48,249,0.375,0.458,-0.05
48,25,0.264,0.341,-0.039
48,250,0.352,0.435,-0.053
48,251,0.39,0.473,-0.05
48,26,0.192,0.261,-0.045
48,27,0.196,0.265,-0.045
48,28,0.205,0.275,-0.044
48,29,0.252,0.328,-0.04
48,30,0.125,0.18,-0.054
48,31,0.143,0.203,-0.052
48,32,0.249,0.325,-0.041
48,33,0.328,0.41,-0.035
48,34,0.365,0.447,-0.032
48,35,0.202,0.272,-0.046
48,36,0.285,0.364,-0.039
48,37,0.184,0.251,-0.048
48,38,0.177,0.242,-0.049
48,39,0.148,0.209,-0.053
48,40,0.241,0.316,-0.043
48,41,0.379,0.462,-0.032
48,42,0.333,0.414,-0.036
48,43,0.325,0.407,-0.037
48,44,0.354,0.436,-0.035
48,45,0.258,0.334,-0.043
48,46,0.321,0.402,-0.038
48,47,0.285,0.363,-0.041
48,48,0.668,0.734,-0.016
48,49,0.583,0.658,-0.021
48,50,0.253,0.329,-0.044
48,51,0.423,0.506,-0.031
48,52,0.509,0.589,-0.026
48,53,0.5,0.581,-0.026
48,54,0.464,0.546,-0.029
48,55,0.538,0.616,-0.024
48,56,0.472,0.554,-0.028
48,57,0.591,0.665,-0.021
48,58,0.639,0.708,-0.019
48,59,0.533,0.612,-0.025
48,6,0.032,0.056,-0.077
48,60,0.604,0.677,-0.021
48,61,0.807,0.851,-0.01
48,62,0.523,0.602,-0.026
48,63,0.526,0.605,-0.026
48,64,0.872,0.903,-0.007
48,65,0.461,0.543,-0.03
48,66,0.561,0.638,-0.024
48,67,0.499,0.58,-0.028
48,68,0.709,0.769,-0.015
48,69,0.707,0.768,-0.015
48,7,0.041,0.07,-0.073
48,70,0.984,0.988,-0.001
48,71,0.735,0.791,-0.014
48,72,0.656,0.723,-0.018
48,73,0.76,0.812,-0.013
48,74,0.788,0.835,-0.011
48,75,0.964,0.973,-0.002
48,76,0.778,0.827,-0.012
48,77,0.782,0.831,-0.011
48,78,0.6,0.673,-0.022
48,79,0.747,0.801,-0.013
48,8,0.093,0.14,-0.06
48,80,0.587,0.662,-0.023
48,81,0.549,0.628,-0.025
48,82,0.41,0.493,-0.034
48,83,0.519,0.599,-0.027
48,84,0.465,0.547,-0.03
48,85,0.51,0.591,-0.027
48,86,0.656,0.723,-0.018
48,87,0.647,0.715,-0.019
48,88,0.484,0.565,-0.029
48,89,0.497,0.579,-0.028
48,9,0.075,0.116,-0.063
48,90,0.505,0.586,-0.027
48,91,0.485,0.567,-0.029
48,92,0.495,0.576,-0.028
48,93,0.568,0.644,-0.023
48,94,0.402,0.485,-0.034
48,95,0.441,0.524,-0.032
48,96,0.474,0.556,-0.029
48,97,0.368,0.45,-0.037
48,98,0.339,0.421,-0.039
48,99,0.372,0.455,-0.037
49,10,0.038,0.065,-0.072
49,100,0.231,0.305,-0.049
49,101,0.193,0.261,-0.053
49,102,0.153,0.214,-0.059
49,103,0.131,0.187,-0.062
49,104,0.186,0.253,-0.054
49,105,0.115,0.168,-0.065
49,106,0.143,0.202,-0.061
49,107,0.167,0.231,-0.058
49,108,0.112,0.164,-0.067
49,109,0.143,0.202,-0.062
49,11,0.015,0.03,-0.084
49,110,0.139,0.197,-0.062
49,111,0.089,0.135,-0.072
49,112,0.104,0.154,-0.069
49,113,0.095,0.142,-0.072
49,114,0.044,0.074,-0.087
49,115,0.056,0.091,-0.083
49,116,0.031,0.054,-0.095
49,117,0.066,0.104,-0.081
49,118,0.094,0.142,-0.074
49,119,0.074,0.115,-0.08
49,12,0.08,0.123,-0.06
49,120,0.034,0.059,-0.096
49,121,0.041,0.069,-0.093
49,122,0.049,0.08,-0.09
49,123,0.036,0.062,-0.096
49,124,0.014,0.028,-0.113
49,125,0.017,0.032,-0.111
49,126,0.015,0.03,-0.113
49,127,0.037,0.064,-0.097
49,128,0.046,0.077,-0.093
49,129,0.034,0.059,-0.099
49,13,0.113,0.165,-0.054
49,130,0.028,0.051,-0.102
49,131,0.034,0.059,-0.099
49,132,0.029,0.051,-0.102
49,133,0.025,0.046,-0.104
49,134,0.021,0.039,-0.107
49,135,0.018,0.035,-0.109
49,136,0.027,0.048,-0.102
49,137,0.022,0.04,-0.105
49,138,0.032,0.057,-0.098
49,139,0.044,0.073,-0.092
49,14,0.051,0.084,-0.067
49,140,0.034,0.059,-0.096
49,141,0.038,0.065,-0.093
49,142,0.031,0.055,-0.096
49,143,0.029,0.051,-0.098
49,144,0.053,0.086,-0.086
49,145,0.05,0.082,-0.086
49,146,0.04,0.068,-0.09
49,147,0.058,0.093,-0.083
49,148,0.057,0.092,-0.083
49,149,0.059,0.095,-0.082
49,15,0.048,0.08,-0.068
49,150,0.037,0.064,-0.09
49,151,0.034,0.059,-0.091
49,152,0.15,0.211,-0.062
49,153,0.069,0.108,-0.078
49,154,0.052,0.085,-0.083
49,155,0.05,0.082,-0.084
49,156,0.056,0.091,-0.082
49,157,0.067,0.106,-0.078
49,158,0.074,0.115,-0.076
49,159,0.105,0.156,-0.069
49,16,0.068,0.107,-0.063
49,160,0.097,0.144,-0.071
49,161,0.1,0.149,-0.07
49,162,0.101,0.151,-0.07
49,163,0.116,0.169,-0.067
49,164,0.105,0.156,-0.069
49,165,0.082,0.125,-0.074
49,166,0.086,0.131,-0.074
49,167,0.119,0.173,-0.067
49,168,0.104,0.154,-0.07
49,169,0.133,0.19,-0.065
49,17,0.078,0.12,-0.06
49,170,0.126,0.181,-0.066
49,171,0.242,0.317,-0.051
49,172,0.123,0.178,-0.067
49,173,0.115,0.167,-0.069
49,174,0.15,0.211,-0.063
49,175,0.222,0.294,-0.054
49,176,0.199,0.269,-0.057
49,177,0.203,0.273,-0.056
49,178,0.14,0.198,-0.065
49,179,0.219,0.291,-0.055
49,18,0.129,0.186,-0.052
49,180,0.121,0.176,-0.069
49,181,0.087,0.132,-0.076
49,182,0.082,0.126,-0.077
49,183,0.067,0.106,-0.082
49,184,0.186,0.253,-0.059
49,185,0.12,0.174,-0.07
49,186,0.238,0.312,-0.053
49,187,0.188,0.256,-0.059
49,188,0.175,0.241,-0.061
49,189,0.147,0.208,-0.065
49,19,0.104,0.154,-0.056
49,190,0.223,0.296,-0.055
49,191,0.308,0.388,-0.046
49,192,0.191,0.259,-0.059
49,193,0.193,0.262,-0.058
49,194,0.198,0.267,-0.058
49,195,0.1,0.149,-0.074
49,196,0.112,0.165,-0.071
49,197,0.139,0.198,-0.066
49,198,0.148,0.209,-0.065
49,199,0.154,0.216,-0.064
49,20,0.049,0.081,-0.068
49,200,0.17,0.234,-0.062
49,201,0.151,0.212,-0.065
49,202,0.158,0.221,-0.064
49,203,0.179,0.245,-0.061
49,204,0.184,0.251,-0.06
49,205,0.211,0.281,-0.056
49,206,0.188,0.256,-0.059
49,207,0.156,0.218,-0.064
49,208,0.215,0.287,-0.056
49,209,0.177,0.243,-0.061
49,21,0.057,0.091,-0.066
49,210,0.241,0.316,-0.053
49,211,0.203,0.273,-0.057
49,212,0.197,0.266,-0.058
49,213,0.2,0.269,-0.057
49,214,0.221,0.293,-0.055
49,215,0.145,0.205,-0.066
49,216,0.134,0.191,-0.067
49,217,0.183,0.249,-0.06
49,218,0.161,0.224,-0.063
49,219,0.168,0.232,-0.062
49,22,0.249,0.324,-0.04
49,220,0.21,0.28,-0.056
49,221,0.146,0.206,-0.065
49,222,0.124,0.179,-0.069
49,223,0.116,0.169,-0.071
49,224,0.147,0.207,-0.066
49,225,0.103,0.153,-0.074
49,226,0.157,0.22,-0.065
49,227,0.108,0.159,-0.073
49,228,0.15,0.211,-0.066
49,229,0.126,0.182,-0.07
49,23,0.228,0.301,-0.042
49,230,0.084,0.128,-0.08
49,231,0.14,0.199,-0.068
49,232,0.129,0.185,-0.071
49,233,0.122,0.176,-0.073
49,234,0.143,0.203,-0.069
49,235,0.222,0.295,-0.058
49,236,0.213,0.284,-0.059
49,237,0.175,0.24,-0.065
49,238,0.15,0.211,-0.07
49,239,0.128,0.184,-0.074
49,24,0.165,0.229,-0.048
49,240,0.259,0.335,-0.056
49,241,0.189,0.257,-0.065
49,242,0.127,0.183,-0.077
49,243,0.175,0.241,-0.069
49,244,0.186,0.253,-0.068
49,245,0.252,0.328,-0.06
49,246,0.206,0.277,-0.067
49,247,0.204,0.274,-0.068
49,248,0.287,0.366,-0.058
49,249,0.207,0.278,-0.071
49,25,0.196,0.264,-0.045
49,250,0.329,0.41,-0.056
49,251,0.191,0.259,-0.076
49,26,0.069,0.108,-0.064
49,27,0.241,0.316,-0.041
49,28,0.131,0.187,-0.053
49,29,0.202,0.272,-0.045
49,30,0.361,0.444,-0.033
49,31,0.176,0.242,-0.048
49,32,0.21,0.281,-0.045
49,33,0.285,0.364,-0.038
49,34,0.151,0.212,-0.052
49,35,0.32,0.4,-0.036
49,36,0.229,0.303,-0.044
49,37,0.242,0.317,-0.043
49,38,0.337,0.419,-0.035
49,39,0.224,0.297,-0.045
49,40,0.241,0.315,-0.043
49,41,0.315,0.395,-0.037
49,42,0.336,0.418,-0.036
49,43,0.356,0.438,-0.034
49,44,0.191,0.259,-0.049
49,45,0.282,0.36,-0.041
49,46,0.241,0.316,-0.045
49,47,0.28,0.358,-0.041
49,48,0.241,0.316,-0.045
49,49,0.329,0.41,-0.038
49,50,0.348,0.431,-0.036
49,51,0.317,0.397,-0.039
49,52,0.515,0.595,-0.025
49,53,0.409,0.493,-0.032
49,54,0.323,0.404,-0.039
49,55,0.457,0.54,-0.029
49,56,0.443,0.526,-0.03
49,57,0.504,0.585,-0.027
49,58,0.373,0.456,-0.036
49,59,0.476,0.558,-0.029
49,6,0.047,0.078,-0.071
49,60,0.579,0.655,-0.022
49,61,0.591,0.665,-0.022
49,62,0.498,0.58,-0.027
49,63,0.449,0.532,-0.031
49,64,0.621,0.693,-0.02
49,65,0.568,0.644,-0.023
49,66,0.511,0.591,-0.027
49,67,0.626,0.697,-0.02
49,68,0.587,0.662,-0.022
49,69,0.748,0.802,-0.013
49,7,0.032,0.056,-0.076
49,70,0.54,0.619,-0.025
49,71,0.638,0.708,-0.019
49,72,0.658,0.725,-0.018
49,73,0.597,0.671,-0.022
49,74,0.677,0.742,-0.017
49,75,0.766,0.817,-0.012
49,76,0.573,0.65,-0.023
49,77,0.532,0.611,-0.026
49,78,0.558,0.636,-0.024
49,79,0.606,0.679,-0.021
49,8,0.038,0.064,-0.073
49,80,0.44,0.523,-0.032
49,81,0.686,0.749,-0.017
49,82,0.565,0.642,-0.024
49,83,0.79,0.837,-0.011
49,84,0.708,0.768,-0.016
49,85,0.622,0.694,-0.02
49,86,0.545,0.623,-0.025
49,87,0.449,0.531,-0.031
49,88,0.496,0.577,-0.028
49,89,0.571,0.647,-0.023
49,9,0.06,0.096,-0.066
49,90,0.43,0.514,-0.032
49,91,0.595,0.67,-0.022
49,92,0.451,0.533,-0.031
49,93,0.486,0.568,-0.028
49,94,0.349,0.432,-0.038
49,95,0.359,0.442,-0.037
49,96,0.217,0.289,-0.05
49,97,0.192,0.26,-0.053
49,98,0.222,0.294,-0.05
49,99,0.265,0.342,-0.045
5,10,0.015,0.029,-0.081
5,100,0.184,0.251,-0.048
5,101,0.265,0.342,-0.04
5,102,0.181,0.248,-0.049
5,103,0.239,0.314,-0.043
5,104,0.22,0.293,-0.045
5,105,0.251,0.327,-0.042
5,106,0.146,0.206,-0.053
5,107,0.096,0.144,-0.061
5,108,0.091,0.137,-0.063
5,109,0.231,0.305,-0.044
5,11,0.025,0.046,-0.074
5,110,0.149,0.209,-0.054
5,111,0.089,0.135,-0.063
5,112,0.321,0.402,-0.037
5,113,0.166,0.23,-0.052
5,114,0.194,0.263,-0.049
5,115,0.214,0.285,-0.046
5,116,0.302,0.382,-0.039
5,117,0.413,0.496,-0.031
5,118,0.267,0.344,-0.042
5,119,0.228,0.302,-0.046
5,12,0.044,0.074,-0.066
5,120,0.272,0.35,-0.042
5,121,0.284,0.362,-0.041
5,122,0.341,0.423,-0.036
5,123,0.241,0.316,-0.045
5,124,0.214,0.286,-0.047
5,125,0.227,0.3,-0.046
5,126,0.18,0.246,-0.052
5,127,0.269,0.347,-0.042
5,128,0.209,0.28,-0.048
5,129,0.187,0.255,-0.051
5,13,0.022,0.04,-0.074
5,130,0.24,0.314,-0.046
5,131,0.259,0.335,-0.044
5,132,0.348,0.43,-0.036
5,133,0.387,0.47,-0.034
5,134,0.317,0.397,-0.039
5,135,0.249,0.325,-0.045
5,136,0.165,0.229,-0.054
5,137,0.213,0.284,-0.049
5,138,0.332,0.414,-0.038
5,139,0.316,0.397,-0.04
5,14,0.114,0.166,-0.051
5,140,0.445,0.528,-0.03
5,141,0.337,0.418,-0.038
5,142,0.305,0.385,-0.041
5,143,0.271,0.348,-0.044
5,144,0.289,0.368,-0.042
5,145,0.436,0.519,-0.031
5,146,0.477,0.559,-0.028
5,147,0.4,0.483,-0.034
5,148,0.429,0.512,-0.032
5,149,0.414,0.497,-0.033
5,15,0.049,0.081,-0.063
5,150,0.296,0.375,-0.042
5,151,0.229,0.302,-0.048
5,152,0.354,0.436,-0.037
5,153,0.401,0.485,-0.034
5,154,0.326,0.407,-0.04
5,155,0.414,0.498,-0.033
5,156,0.354,0.436,-0.038
5,157,0.428,0.511,-0.032
5,158,0.305,0.385,-0.042
5,159,0.364,0.446,-0.037
5,16,0.037,0.063,-0.066
5,160,0.241,0.316,-0.048
5,161,0.473,0.555,-0.029
5,162,0.52,0.6,-0.026
5,163,0.58,0.656,-0.023
5,164,0.41,0.494,-0.034
5,165,0.378,0.461,-0.036
5,166,0.345,0.427,-0.039
5,167,0.305,0.385,-0.042
5,168,0.361,0.444,-0.038
5,169,0.302,0.382,-0.043
5,17,0.124,0.179,-0.049
5,170,0.406,0.489,-0.035
5,171,0.37,0.453,-0.038
5,172,0.386,0.469,-0.036
5,173,0.426,0.509,-0.034
5,174,0.341,0.423,-0.04
5,175,0.411,0.494,-0.035
5,176,0.387,0.47,-0.037
5,177,0.457,0.54,-0.032
5,178,0.466,0.548,-0.031
5,179,0.338,0.42,-0.042
5,18,0.067,0.106,-0.058
5,180,0.419,0.502,-0.035
5,181,0.418,0.501,-0.035
5,182,0.396,0.479,-0.037
5,183,0.359,0.441,-0.041
5,184,0.318,0.399,-0.044
5,185,0.464,0.546,-0.033
5,186,0.355,0.437,-0.042
5,187,0.405,0.489,-0.038
5,188,0.428,0.512,-0.036
5,189,0.292,0.371,-0.048
5,19,0.094,0.141,-0.053
5,190,0.233,0.307,-0.055
5,191,0.353,0.435,-0.043
5,192,0.34,0.422,-0.045
5,193,0.281,0.359,-0.051
5,194,0.449,0.532,-0.036
5,195,0.349,0.431,-0.045
5,196,0.416,0.499,-0.039
5,197,0.369,0.452,-0.044
5,198,0.435,0.518,-0.038
5,199,0.381,0.464,-0.043
5,20,0.042,0.071,-0.064
5,200,0.359,0.442,-0.045
5,201,0.413,0.496,-0.041
5,202,0.544,0.622,-0.03
5,203,0.478,0.56,-0.035
5,204,0.342,0.424,-0.048
5,205,0.402,0.485,-0.042
5,206,0.369,0.452,-0.046
5,207,0.354,0.436,-0.047
5,208,0.435,0.518,-0.04
5,209,0.253,0.329,-0.059
5,21,0.107,0.158,-0.051
5,210,0.246,0.321,-0.06
5,211,0.271,0.349,-0.057
5,212,0.426,0.509,-0.042
5,213,0.298,0.378,-0.055
5,214,0.317,0.398,-0.053
5,215,0.397,0.48,-0.045
5,216,0.367,0.45,-0.048
5,217,0.431,0.514,-0.042
5,218,0.38,0.463,-0.048
5,219,0.273,0.35,-0.06
5,22,0.072,0.112,-0.057
5,220,0.361,0.443,-0.05
5,221,0.405,0.488,-0.046
5,222,0.437,0.52,-0.043
5,223,0.499,0.581,-0.038
5,224,0.399,0.482,-0.047
5,225,0.401,0.484,-0.047
5,226,0.373,0.456,-0.05
5,227,0.493,0.574,-0.039
5,228,0.457,0.54,-0.042
5,229,0.571,0.647,-0.032
5,23,0.093,0.14,-0.053
5,230,0.527,0.607,-0.036
5,231,0.547,0.625,-0.034
5,232,0.511,0.591,-0.038
5,233,0.462,0.544,-0.042
5,234,0.389,0.472,-0.05
5,235,0.533,0.612,-0.036
5,236,0.335,0.417,-0.056
5,237,0.48,0.562,-0.041
5,238,0.36,0.443,-0.053
5,239,0.407,0.49,-0.049
5,24,0.124,0.179,-0.049
5,240,0.583,0.658,-0.032
5,241,0.379,0.462,-0.052
5,242,0.271,0.348,-0.065
5,243,0.369,0.452,-0.054
5,244,0.491,0.572,-0.041
5,245,0.34,0.422,-0.058
5,246,0.451,0.534,-0.046
5,247,0.386,0.47,-0.053
5,248,0.347,0.429,-0.058
5,249,0.354,0.436,-0.058
5,25,0.221,0.294,-0.038
5,250,0.369,0.452,-0.057
5,251,0.376,0.459,-0.056
5,26,0.08,0.122,-0.055
5,27,0.215,0.287,-0.039
5,28,0.211,0.282,-0.039
5,29,0.327,0.408,-0.031
5,30,0.248,0.323,-0.036
5,31,0.295,0.374,-0.033
5,32,0.177,0.242,-0.043
5,33,0.404,0.487,-0.026
5,34,0.458,0.541,-0.024
5,35,0.241,0.315,-0.037
5,36,0.373,0.456,-0.028
5,37,0.37,0.453,-0.028
5,38,0.17,0.234,-0.044
5,39,0.119,0.173,-0.05
5,40,0.225,0.298,-0.038
5,41,0.152,0.213,-0.046
5,42,0.208,0.278,-0.04
5,43,0.129,0.185,-0.048
5,44,0.149,0.209,-0.046
5,45,0.098,0.147,-0.053
5,46,0.08,0.122,-0.056
5,47,0.18,0.246,-0.043
5,48,0.104,0.154,-0.052
5,49,0.097,0.145,-0.053
5,50,0.072,0.112,-0.058
5,51,0.052,0.086,-0.062
5,52,0.013,0.026,-0.08
5,53,0.064,0.102,-0.059
5,54,0.022,0.041,-0.074
5,55,0.059,0.095,-0.061
5,56,0.062,0.099,-0.061
5,57,0.16,0.223,-0.046
5,58,0.045,0.076,-0.065
5,59,0.033,0.058,-0.07
5,60,0.053,0.087,-0.063
5,61,0.08,0.123,-0.057
5,62,0.096,0.144,-0.055
5,63,0.024,0.043,-0.075
5,64,0.046,0.076,-0.066
5,65,0.086,0.131,-0.057
5,66,0.034,0.059,-0.07
5,67,0.055,0.089,-0.064
5,68,0.052,0.085,-0.065
5,69,0.092,0.138,-0.057
5,7,0.051,0.084,-0.067
5,70,0.048,0.08,-0.067
5,71,0.048,0.079,-0.067
5,72,0.111,0.163,-0.054
5,73,0.222,0.295,-0.041
5,74,0.111,0.163,-0.054
5,75,0.147,0.207,-0.049
5,76,0.138,0.196,-0.051
5,77,0.108,0.16,-0.055
5,78,0.125,0.181,-0.053
5,79,0.11,0.161,-0.055
5,8,0.07,0.109,-0.062
5,80,0.108,0.159,-0.056
5,81,0.092,0.139,-0.058
5,82,0.069,0.108,-0.063
5,83,0.137,0.195,-0.052
5,84,0.104,0.154,-0.056
5,85,0.152,0.213,-0.05
5,86,0.113,0.165,-0.055
5,87,0.123,0.178,-0.054
5,88,0.094,0.141,-0.059
5,89,0.035,0.061,-0.074
5,9,0.019,0.035,-0.079
5,90,0.113,0.166,-0.056
5,91,0.083,0.126,-0.062
5,92,0.063,0.1,-0.066
5,93,0.128,0.184,-0.054
5,94,0.208,0.279,-0.045
5,95,0.131,0.188,-0.054
5,96,0.128,0.185,-0.055
5,97,0.123,0.178,-0.055
5,98,0.341,0.422,-0.034
5,99,0.357,0.44,-0.033
50,10,0.291,0.37,-0.037
50,100,0.111,0.163,-0.065
50,101,0.103,0.153,-0.066
50,102,0.087,0.132,-0.07
50,103,0.071,0.111,-0.074
50,104,0.133,0.191,-0.062
50,105,0.109,0.16,-0.066
50,106,0.08,0.122,-0.073
50,107,0.068,0.106,-0.076
50,108,0.08,0.124,-0.073
50,109,0.116,0.169,-0.066
50,11,0.645,0.713,-0.016
50,110,0.113,0.165,-0.067
50,111,0.087,0.132,-0.073
50,112,0.047,0.078,-0.086
50,113,0.045,0.075,-0.087
50,114,0.035,0.061,-0.092
50,115,0.035,0.061,-0.093
50,116,0.035,0.061,-0.094
50,117,0.03,0.053,-0.097
50,118,0.043,0.072,-0.092
50,119,0.025,0.046,-0.102
50,12,0.376,0.459,-0.031
50,120,0.032,0.056,-0.099
50,121,0.023,0.043,-0.105
50,122,0.03,0.053,-0.102
50,123,0.024,0.043,-0.107
50,124,0.017,0.033,-0.113
50,125,0.022,0.04,-0.109
50,126,0.021,0.039,-0.11
50,127,0.012,0.024,-0.121
50,128,0.017,0.032,-0.115
50,129,0.018,0.034,-0.114
50,13,0.121,0.175,-0.054
50,130,0.015,0.029,-0.117
50,131,0.017,0.032,-0.115
50,132,0.018,0.035,-0.113
50,133,0.011,0.023,-0.121
50,134,0.009,0.019,-0.125
50,135,0.015,0.029,-0.116
50,136,0.021,0.038,-0.11
50,137,0.015,0.029,-0.115
50,138,0.017,0.033,-0.112
50,139,0.02,0.037,-0.109
50,14,0.277,0.355,-0.038
50,140,0.023,0.043,-0.105
50,141,0.022,0.041,-0.105
50,142,0.02,0.038,-0.106
50,143,0.027,0.049,-0.101
50,144,0.03,0.052,-0.099
50,145,0.032,0.055,-0.097
50,146,0.029,0.052,-0.098
50,147,0.027,0.049,-0.098
50,148,0.03,0.052,-0.096
50,149,0.06,0.097,-0.083
50,15,0.464,0.546,-0.025
50,150,0.084,0.128,-0.076
50,151,0.058,0.094,-0.082
50,152,0.049,0.081,-0.085
50,153,0.037,0.064,-0.09
50,154,0.045,0.076,-0.086
50,155,0.063,0.101,-0.08
50,156,0.055,0.089,-0.082
50,157,0.049,0.081,-0.084
50,158,0.054,0.087,-0.082
50,159,0.03,0.053,-0.093
50,16,0.307,0.387,-0.035
50,160,0.041,0.07,-0.087
50,161,0.05,0.082,-0.083
50,162,0.046,0.077,-0.085
50,163,0.045,0.076,-0.085
50,164,0.047,0.077,-0.085
50,165,0.069,0.108,-0.078
50,166,0.066,0.104,-0.079
50,167,0.119,0.173,-0.067
50,168,0.05,0.082,-0.084
50,169,0.057,0.092,-0.082
50,17,0.242,0.316,-0.04
50,170,0.036,0.062,-0.09
50,171,0.028,0.05,-0.095
50,172,0.051,0.083,-0.085
50,173,0.058,0.093,-0.082
50,174,0.039,0.067,-0.09
50,175,0.07,0.11,-0.079
50,176,0.072,0.112,-0.079
50,177,0.061,0.098,-0.082
50,178,0.057,0.092,-0.084
50,179,0.09,0.136,-0.075
50,18,0.381,0.464,-0.03
50,180,0.09,0.136,-0.075
50,181,0.066,0.104,-0.082
50,182,0.085,0.129,-0.077
50,183,0.088,0.134,-0.076
50,184,0.126,0.182,-0.068
50,185,0.179,0.245,-0.06
50,186,0.15,0.211,-0.064
50,187,0.124,0.178,-0.069
50,188,0.076,0.118,-0.079
50,189,0.102,0.151,-0.074
50,19,0.415,0.498,-0.028
50,190,0.088,0.134,-0.077
50,191,0.116,0.17,-0.071
50,192,0.079,0.122,-0.079
50,193,0.124,0.179,-0.069
50,194,0.087,0.132,-0.077
50,195,0.104,0.154,-0.073
50,196,0.124,0.179,-0.069
50,197,0.113,0.165,-0.071
50,198,0.191,0.259,-0.059
50,199,0.252,0.328,-0.051
50,20,0.328,0.41,-0.034
50,200,0.208,0.279,-0.056
50,201,0.28,0.359,-0.049
50,202,0.222,0.294,-0.055
50,203,0.156,0.218,-0.064
50,204,0.115,0.168,-0.071
50,205,0.176,0.242,-0.061
50,206,0.13,0.186,-0.068
50,207,0.128,0.184,-0.068
50,208,0.139,0.197,-0.066
50,209,0.153,0.214,-0.064
50,21,0.312,0.393,-0.035
50,210,0.267,0.344,-0.05
50,211,0.165,0.229,-0.062
50,212,0.148,0.208,-0.065
50,213,0.162,0.225,-0.063
50,214,0.067,0.106,-0.082
50,215,0.063,0.1,-0.084
50,216,0.071,0.111,-0.081
50,217,0.151,0.212,-0.064
50,218,0.105,0.156,-0.073
50,219,0.112,0.164,-0.071
50,22,0.281,0.36,-0.038
50,220,0.098,0.147,-0.074
50,221,0.043,0.073,-0.091
50,222,0.071,0.111,-0.082
50,223,0.109,0.161,-0.072
50,224,0.099,0.147,-0.075
50,225,0.085,0.129,-0.078
50,226,0.168,0.232,-0.063
50,227,0.136,0.194,-0.068
50,228,0.14,0.198,-0.068
50,229,0.194,0.263,-0.06
50,23,0.11,0.162,-0.055
50,230,0.215,0.287,-0.057
50,231,0.221,0.293,-0.057
50,232,0.19,0.258,-0.061
50,233,0.259,0.335,-0.053
50,234,0.154,0.216,-0.067
50,235,0.336,0.418,-0.045
50,236,0.265,0.342,-0.053
50,237,0.087,0.132,-0.082
50,238,0.116,0.169,-0.076
50,239,0.144,0.203,-0.071
50,24,0.277,0.355,-0.038
50,240,0.176,0.242,-0.066
50,241,0.202,0.272,-0.063
50,242,0.177,0.243,-0.067
50,243,0.188,0.256,-0.066
50,244,0.158,0.22,-0.072
50,245,0.263,0.339,-0.058
50,246,0.255,0.331,-0.06
50,247,0.171,0.236,-0.073
50,248,0.261,0.338,-0.061
50,249,0.214,0.286,-0.069
50,25,0.179,0.245,-0.047
50,250,0.22,0.292,-0.07
50,251,0.182,0.249,-0.077
50,26,0.16,0.222,-0.05
50,27,0.204,0.273,-0.045
50,28,0.278,0.356,-0.038
50,29,0.226,0.299,-0.043
50,30,0.157,0.219,-0.05
50,31,0.244,0.319,-0.042
50,32,0.189,0.256,-0.047
50,33,0.148,0.208,-0.052
50,34,0.296,0.375,-0.038
50,35,0.247,0.322,-0.042
50,36,0.282,0.361,-0.039
50,37,0.378,0.461,-0.032
50,38,0.306,0.386,-0.038
50,39,0.244,0.319,-0.043
50,40,0.35,0.433,-0.035
50,41,0.332,0.414,-0.036
50,42,0.314,0.394,-0.038
50,43,0.363,0.446,-0.034
50,44,0.411,0.494,-0.031
50,45,0.521,0.601,-0.024
50,46,0.505,0.586,-0.026
50,47,0.62,0.692,-0.019
50,48,0.521,0.601,-0.025
50,49,0.473,0.555,-0.028
50,50,0.441,0.524,-0.03
50,51,0.451,0.534,-0.029
50,52,0.484,0.566,-0.027
50,53,0.423,0.506,-0.031
50,54,0.435,0.518,-0.031
50,55,0.466,0.548,-0.029
50,56,0.476,0.558,-0.028
50,57,0.549,0.627,-0.024
50,58,0.605,0.678,-0.021
50,59,0.376,0.459,-0.036
50,6,0.269,0.346,-0.04
50,60,0.644,0.713,-0.019
50,61,0.519,0.599,-0.026
50,62,0.612,0.685,-0.021
50,63,0.496,0.578,-0.028
50,64,0.481,0.563,-0.029
50,65,0.581,0.657,-0.023
50,66,0.486,0.567,-0.028
50,67,0.556,0.633,-0.024
50,68,0.482,0.564,-0.029
50,69,0.51,0.591,-0.027
50,7,0.074,0.115,-0.064
50,70,0.535,0.614,-0.026
50,71,0.557,0.635,-0.024
50,72,0.573,0.649,-0.023
50,73,0.484,0.566,-0.029
50,74,0.577,0.653,-0.023
50,75,0.424,0.507,-0.033
50,76,0.655,0.723,-0.018
50,77,0.558,0.636,-0.024
50,78,0.599,0.672,-0.022
50,79,0.457,0.54,-0.031
50,8,0.112,0.164,-0.056
50,80,0.584,0.659,-0.023
50,81,0.346,0.428,-0.039
50,82,0.414,0.497,-0.034
50,83,0.453,0.536,-0.031
50,84,0.426,0.509,-0.033
50,85,0.419,0.502,-0.033
50,86,0.367,0.45,-0.037
50,87,0.312,0.392,-0.041
50,88,0.367,0.45,-0.037
50,89,0.403,0.486,-0.034
50,9,0.135,0.193,-0.053
50,90,0.224,0.297,-0.05
50,91,0.28,0.358,-0.044
50,92,0.195,0.264,-0.053
50,93,0.147,0.207,-0.059
50,94,0.194,0.262,-0.053
50,95,0.11,0.162,-0.065
50,96,0.15,0.21,-0.059
50,97,0.181,0.248,-0.054
50,98,0.151,0.212,-0.059
50,99,0.154,0.216,-0.058
51,10,0.344,0.426,-0.033
51,100,0.074,0.115,-0.073
51,101,0.083,0.126,-0.071
51,102,0.103,0.152,-0.067
51,103,0.116,0.169,-0.065
51,104,0.063,0.1,-0.077
51,105,0.078,0.12,-0.073
51,106,0.056,0.091,-0.08
51,107,0.062,0.099,-0.079
51,108,0.072,0.112,-0.076
51,109,0.057,0.092,-0.081
51,11,0.12,0.174,-0.055
51,110,0.063,0.1,-0.08
51,111,0.07,0.11,-0.079
51,112,0.059,0.094,-0.083
51,113,0.036,0.062,-0.093
51,114,0.026,0.046,-0.099
51,115,0.053,0.086,-0.087
51,116,0.041,0.07,-0.093
51,117,0.038,0.065,-0.095
51,118,0.018,0.034,-0.11
51,119,0.026,0.047,-0.105
51,12,0.085,0.13,-0.06
51,120,0.017,0.033,-0.113
51,121,0.035,0.06,-0.101
51,122,0.029,0.052,-0.106
51,123,0.017,0.033,-0.116
51,124,0.021,0.04,-0.113
51,125,0.021,0.039,-0.114
51,126,0.023,0.042,-0.113
51,127,0.019,0.036,-0.117
51,128,0.012,0.024,-0.126
51,129,0.019,0.036,-0.117
51,13,0.138,0.197,-0.051
51,130,0.032,0.056,-0.107
51,131,0.027,0.049,-0.11
51,132,0.032,0.056,-0.107
51,133,0.028,0.05,-0.109
51,134,0.016,0.031,-0.119
51,135,0.018,0.034,-0.117
51,136,0.015,0.029,-0.12
51,137,0.015,0.029,-0.119
51,138,0.01,0.021,-0.124
51,139,0.015,0.029,-0.117
51,14,0.11,0.161,-0.056
51,140,0.019,0.035,-0.112
51,141,0.015,0.029,-0.116
51,142,0.016,0.032,-0.113
51,143,0.018,0.034,-0.111
51,144,0.007,0.016,-0.125
51,145,0.017,0.032,-0.11
51,146,0.014,0.027,-0.112
51,147,0.013,0.027,-0.112
51,148,0.022,0.041,-0.103
51,149,0.01,0.021,-0.115
51,15,0.114,0.166,-0.055
51,150,0.061,0.097,-0.083
51,151,0.049,0.081,-0.087
51,152,0.057,0.092,-0.084
51,153,0.067,0.106,-0.08
51,154,0.055,0.09,-0.083
51,155,0.048,0.079,-0.086
51,156,0.028,0.05,-0.095
51,157,0.045,0.076,-0.086
51,158,0.057,0.092,-0.082
51,159,0.04,0.068,-0.088
51,16,0.172,0.237,-0.047
51,160,0.052,0.085,-0.083
51,161,0.063,0.101,-0.079
51,162,0.074,0.115,-0.076
51,163,0.103,0.153,-0.069
51,164,0.091,0.137,-0.072
51,165,0.09,0.136,-0.072
51,166,0.185,0.252,-0.056
51,167,0.128,0.184,-0.065
51,168,0.073,0.114,-0.077
51,169,0.106,0.157,-0.069
51,17,0.224,0.296,-0.042
51,170,0.106,0.156,-0.07
51,171,0.099,0.148,-0.071
51,172,0.054,0.087,-0.083
51,173,0.091,0.137,-0.073
51,174,0.07,0.109,-0.079
51,175,0.095,0.143,-0.073
51,176,0.072,0.113,-0.078
51,177,0.045,0.075,-0.088
51,178,0.092,0.138,-0.074
51,179,0.083,0.127,-0.076
51,18,0.241,0.316,-0.04
51,180,0.104,0.154,-0.072
51,181,0.097,0.145,-0.073
51,182,0.125,0.18,-0.068
51,183,0.08,0.123,-0.078
51,184,0.069,0.109,-0.081
51,185,0.116,0.17,-0.07
51,186,0.102,0.152,-0.073
51,187,0.089,0.135,-0.076
51,188,0.116,0.169,-0.07
51,189,0.168,0.233,-0.062
51,19,0.061,0.098,-0.065
51,190,0.141,0.199,-0.066
51,191,0.112,0.164,-0.071
51,192,0.123,0.178,-0.069
51,193,0.099,0.148,-0.074
51,194,0.084,0.128,-0.078
51,195,0.191,0.259,-0.059
51,196,0.223,0.296,-0.055
51,197,0.103,0.152,-0.073
51,198,0.136,0.194,-0.067
51,199,0.187,0.254,-0.059
51,20,0.163,0.227,-0.049
51,200,0.197,0.266,-0.058
51,201,0.15,0.211,-0.065
51,202,0.134,0.191,-0.067
51,203,0.155,0.217,-0.064
51,204,0.126,0.182,-0.069
51,205,0.191,0.259,-0.059
51,206,0.255,0.331,-0.051
51,207,0.222,0.295,-0.055
51,208,0.145,0.205,-0.066
51,209,0.176,0.242,-0.061
51,21,0.099,0.148,-0.057
51,210,0.163,0.226,-0.063
51,211,0.193,0.262,-0.059
51,212,0.23,0.303,-0.054
51,213,0.307,0.387,-0.046
51,214,0.18,0.247,-0.06
51,215,0.224,0.297,-0.055
51,216,0.147,0.207,-0.065
51,217,0.166,0.229,-0.062
51,218,0.189,0.257,-0.059
51,219,0.282,0.36,-0.049
51,22,0.083,0.127,-0.06
51,220,0.249,0.325,-0.052
51,221,0.199,0.269,-0.058
51,222,0.249,0.324,-0.052
51,223,0.273,0.35,-0.05
51,224,0.283,0.361,-0.049
51,225,0.264,0.341,-0.051
51,226,0.35,0.433,-0.043
51,227,0.294,0.373,-0.048
51,228,0.23,0.303,-0.055
51,229,0.255,0.331,-0.052
51,23,0.172,0.237,-0.048
51,230,0.285,0.363,-0.049
51,231,0.301,0.381,-0.048
51,232,0.368,0.451,-0.042
51,233,0.264,0.341,-0.052
51,234,0.311,0.392,-0.048
51,235,0.279,0.357,-0.051
51,236,0.221,0.294,-0.058
51,237,0.212,0.283,-0.06
51,238,0.185,0.253,-0.064
51,239,0.155,0.217,-0.069
51,24,0.182,0.248,-0.047
51,240,0.147,0.208,-0.071
51,241,0.267,0.344,-0.055
51,242,0.153,0.215,-0.071
51,243,0.225,0.297,-0.061
51,244,0.335,0.417,-0.049
51,245,0.274,0.352,-0.056
51,246,0.24,0.314,-0.062
51,247,0.172,0.237,-0.073
51,248,0.258,0.334,-0.061
51,249,0.329,0.411,-0.054
51,25,0.084,0.129,-0.06
51,250,0.329,0.411,-0.055
51,251,0.297,0.377,-0.06
51,26,0.261,0.338,-0.04
51,27,0.246,0.322,-0.041
51,28,0.203,0.273,-0.045
51,29,0.241,0.316,-0.042
51,30,0.181,0.248,-0.048
51,31,0.122,0.176,-0.055
51,32,0.13,0.187,-0.054
51,33,0.38,0.463,-0.032
51,34,0.123,0.178,-0.056
51,35,0.152,0.213,-0.052
51,36,0.249,0.324,-0.042
51,37,0.315,0.396,-0.037
51,38,0.142,0.201,-0.054
51,39,0.148,0.208,-0.054
51,40,0.188,0.256,-0.049
51,41,0.236,0.31,-0.045
51,42,0.173,0.238,-0.051
51,43,0.238,0.312,-0.045
51,44,0.388,0.472,-0.033
51,45,0.243,0.318,-0.045
51,46,0.323,0.404,-0.038
51,47,0.496,0.578,-0.026
51,48,0.512,0.593,-0.025
51,49,0.493,0.575,-0.027
51,50,0.583,0.658,-0.021
51,51,0.427,0.51,-0.031
51,52,0.236,0.31,-0.047
51,53,0.483,0.564,-0.028
51,54,0.379,0.462,-0.035
51,55,0.468,0.55,-0.029
51,56,0.513,0.593,-0.026
51,57,0.69,0.753,-0.016
51,58,0.543,0.622,-0.024
51,59,0.733,0.789,-0.014
51,6,0.155,0.217,-0.052
51,60,0.657,0.724,-0.018
51,61,0.815,0.857,-0.009
51,62,0.67,0.736,-0.017
51,63,0.68,0.744,-0.017
51,64,0.719,0.777,-0.015
51,65,0.739,0.795,-0.014
51,66,0.611,0.683,-0.021
51,67,0.627,0.698,-0.02
51,68,0.608,0.68,-0.021
51,69,0.528,0.607,-0.026
51,7,0.14,0.198,-0.053
51,70,0.668,0.734,-0.018
51,71,0.575,0.651,-0.023
51,72,0.607,0.68,-0.021
51,73,0.76,0.812,-0.013
51,74,0.729,0.786,-0.014
51,75,0.653,0.72,-0.019
51,76,0.487,0.569,-0.029
51,77,0.558,0.635,-0.024
51,78,0.608,0.681,-0.021
51,79,0.43,0.513,-0.033
51,8,0.229,0.303,-0.043
51,80,0.441,0.524,-0.032
51,81,0.381,0.464,-0.036
51,82,0.34,0.422,-0.039
51,83,0.197,0.266,-0.053
51,84,0.417,0.5,-0.033
51,85,0.452,0.535,-0.031
51,86,0.262,0.339,-0.046
51,87,0.28,0.358,-0.044
51,88,0.306,0.386,-0.042
51,89,0.389,0.472,-0.035
51,9,0.327,0.409,-0.035
51,90,0.16,0.222,-0.057
51,91,0.174,0.239,-0.055
51,92,0.139,0.198,-0.06
51,93,0.129,0.185,-0.062
51,94,0.149,0.21,-0.058
51,95,0.16,0.223,-0.057
51,96,0.094,0.141,-0.068
51,97,0.071,0.111,-0.073
51,98,0.061,0.098,-0.076
51,99,0.059,0.095,-0.077
52,10,0.157,0.219,-0.05
52,100,0.047,0.078,-0.081
52,101,0.06,0.096,-0.078
52,102,0.055,0.089,-0.079
52,103,0.126,0.182,-0.064
52,104,0.093,0.14,-0.07
52,105,0.086,0.131,-0.072
52,106,0.096,0.143,-0.07
52,107,0.04,0.068,-0.087
52,108,0.058,0.094,-0.081
52,109,0.035,0.061,-0.091
52,11,0.106,0.157,-0.057
52,110,0.022,0.041,-0.1
52,111,0.04,0.068,-0.09
52,112,0.022,0.04,-0.102
52,113,0.038,0.066,-0.093
52,114,0.039,0.066,-0.094
52,115,0.036,0.061,-0.097
52,116,0.026,0.047,-0.104
52,117,0.039,0.066,-0.098
52,118,0.045,0.076,-0.096
52,119,0.03,0.053,-0.105
52,12,0.128,0.184,-0.054
52,120,0.021,0.039,-0.113
52,121,0.019,0.036,-0.116
52,122,0.017,0.032,-0.119
52,123,0.021,0.039,-0.116
52,124,0.013,0.025,-0.127
52,125,0.02,0.037,-0.119
52,126,0.031,0.055,-0.111
52,127,0.032,0.056,-0.111
52,128,0.016,0.031,-0.125
52,129,0.022,0.041,-0.119
52,13,0.079,0.122,-0.062
52,130,0.016,0.032,-0.125
52,131,0.017,0.033,-0.124
52,132,0.02,0.038,-0.12
52,133,0.012,0.024,-0.129
52,134,0.011,0.022,-0.131
52,135,0.006,0.013,-0.141
52,136,0.013,0.026,-0.126
52,137,0.024,0.044,-0.113
52,138,0.015,0.03,-0.121
52,139,0.008,0.017,-0.132
52,14,0.101,0.15,-0.057
52,140,0.012,0.024,-0.124
52,141,0.015,0.029,-0.118
52,142,0.017,0.032,-0.115
52,143,0.017,0.033,-0.114
52,144,0.021,0.038,-0.11
52,145,0.009,0.02,-0.122
52,146,0.014,0.027,-0.115
52,147,0.015,0.03,-0.112
52,148,0.012,0.024,-0.115
52,149,0.019,0.035,-0.107
52,15,0.088,0.133,-0.06
52,150,0.014,0.028,-0.11
52,151,0.028,0.049,-0.099
52,152,0.048,0.08,-0.088
52,153,0.024,0.044,-0.1
52,154,0.027,0.048,-0.098
52,155,0.018,0.035,-0.103
52,156,0.05,0.082,-0.085
52,157,0.022,0.041,-0.099
52,158,0.031,0.055,-0.093
52,159,0.038,0.065,-0.089
52,16,0.155,0.217,-0.05
52,160,0.036,0.062,-0.09
52,161,0.049,0.081,-0.084
52,162,0.038,0.065,-0.089
52,163,0.036,0.062,-0.09
52,164,0.053,0.087,-0.082
52,165,0.057,0.093,-0.081
52,166,0.039,0.067,-0.088
52,167,0.034,0.059,-0.091
52,168,0.031,0.054,-0.092
52,169,0.022,0.04,-0.098
52,17,0.12,0.174,-0.054
52,170,0.03,0.053,-0.093
52,171,0.054,0.088,-0.083
52,172,0.08,0.122,-0.076
52,173,0.085,0.13,-0.074
52,174,0.077,0.118,-0.077
52,175,0.063,0.1,-0.08
52,176,0.117,0.17,-0.068
52,177,0.052,0.086,-0.084
52,178,0.095,0.142,-0.073
52,179,0.08,0.123,-0.076
52,18,0.145,0.205,-0.051
52,180,0.068,0.108,-0.08
52,181,0.057,0.092,-0.084
52,182,0.06,0.096,-0.083
52,183,0.094,0.141,-0.074
52,184,0.082,0.126,-0.077
52,185,0.106,0.156,-0.072
52,186,0.106,0.156,-0.072
52,187,0.142,0.201,-0.065
52,188,0.092,0.139,-0.075
52,189,0.118,0.171,-0.07
52,19,0.227,0.3,-0.042
52,190,0.125,0.18,-0.069
52,191,0.155,0.217,-0.064
52,192,0.074,0.115,-0.08
52,193,0.148,0.208,-0.065
52,194,0.154,0.215,-0.064
52,195,0.182,0.249,-0.06
52,196,0.115,0.167,-0.071
52,197,0.08,0.123,-0.079
52,198,0.194,0.263,-0.058
52,199,0.196,0.265,-0.058
52,20,0.148,0.208,-0.051
52,200,0.265,0.342,-0.05
52,201,0.245,0.32,-0.052
52,202,0.18,0.246,-0.06
52,203,0.183,0.25,-0.06
52,204,0.273,0.351,-0.049
52,205,0.269,0.347,-0.05
52,206,0.286,0.365,-0.048
52,207,0.358,0.441,-0.041
52,208,0.363,0.446,-0.041
52,209,0.285,0.363,-0.048
52,21,0.128,0.184,-0.053
52,210,0.312,0.393,-0.045
52,211,0.294,0.374,-0.047
52,212,0.191,0.259,-0.059
52,213,0.245,0.32,-0.052
52,214,0.18,0.247,-0.06
52,215,0.184,0.25,-0.06
52,216,0.148,0.209,-0.065
52,217,0.161,0.224,-0.063
52,218,0.226,0.299,-0.054
52,219,0.15,0.211,-0.065
52,22,0.103,0.153,-0.057
52,220,0.154,0.216,-0.064
52,221,0.25,0.326,-0.052
52,222,0.2,0.269,-0.058
52,223,0.174,0.239,-0.061
52,224,0.158,0.22,-0.064
52,225,0.185,0.252,-0.06
52,226,0.265,0.342,-0.051
52,227,0.237,0.312,-0.054
52,228,0.179,0.245,-0.062
52,229,0.164,0.228,-0.064
52,23,0.252,0.328,-0.04
52,230,0.198,0.268,-0.059
52,231,0.123,0.178,-0.072
52,232,0.183,0.25,-0.062
52,233,0.237,0.311,-0.055
52,234,0.164,0.227,-0.066
52,235,0.124,0.179,-0.073
52,236,0.163,0.227,-0.066
52,237,0.161,0.225,-0.067
52,238,0.287,0.366,-0.051
52,239,0.117,0.17,-0.076
52,24,0.233,0.306,-0.042
52,240,0.116,0.17,-0.077
52,241,0.155,0.217,-0.07
52,242,0.158,0.22,-0.07
52,243,0.243,0.318,-0.059
52,244,0.293,0.372,-0.054
52,245,0.308,0.388,-0.053
52,246,0.301,0.38,-0.054
52,247,0.409,0.492,-0.044
52,248,0.341,0.423,-0.052
52,249,0.43,0.513,-0.044
52,25,0.356,0.438,-0.033
52,250,0.455,0.538,-0.042
52,251,0.402,0.486,-0.048
52,26,0.279,0.357,-0.038
52,27,0.226,0.299,-0.043
52,28,0.208,0.278,-0.045
52,29,0.215,0.287,-0.044
52,30,0.188,0.256,-0.047
52,31,0.217,0.289,-0.045
52,32,0.271,0.349,-0.04
52,33,0.164,0.228,-0.051
52,34,0.222,0.295,-0.045
52,35,0.208,0.279,-0.046
52,36,0.154,0.215,-0.053
52,37,0.207,0.277,-0.047
52,38,0.211,0.282,-0.047
52,39,0.234,0.308,-0.044
52,40,0.394,0.477,-0.032
52,41,0.223,0.295,-0.046
52,42,0.264,0.341,-0.042
52,43,0.237,0.311,-0.045
52,44,0.289,0.368,-0.041
52,45,0.371,0.454,-0.034
52,46,0.25,0.326,-0.045
52,47,0.407,0.49,-0.032
52,48,0.324,0.406,-0.038
52,49,0.326,0.408,-0.038
52,50,0.245,0.32,-0.046
52,51,0.395,0.478,-0.034
52,52,0.418,0.501,-0.032
52,53,0.386,0.469,-0.035
52,54,0.666,0.732,-0.017
52,55,0.662,0.729,-0.017
52,56,0.482,0.564,-0.028
52,57,0.559,0.636,-0.024
52,58,0.438,0.521,-0.031
52,59,0.788,0.835,-0.011
52,6,0.091,0.137,-0.062
52,60,0.733,0.79,-0.014
52,61,0.486,0.568,-0.028
52,62,0.559,0.637,-0.024
52,63,0.592,0.666,-0.022
52,64,0.579,0.655,-0.023
52,65,0.675,0.74,-0.017
52,66,0.923,0.942,-0.004
52,67,0.628,0.699,-0.02
52,68,0.612,0.685,-0.021
52,69,0.763,0.815,-0.012
52,7,0.124,0.179,-0.056
52,70,0.594,0.668,-0.022
52,71,0.632,0.702,-0.02
52,72,0.567,0.644,-0.024
52,73,0.593,0.667,-0.022
52,74,0.564,0.641,-0.024
52,75,0.571,0.648,-0.023
52,76,0.634,0.704,-0.02
52,77,0.543,0.622,-0.025
52,78,0.441,0.524,-0.032
52,79,0.522,0.602,-0.026
52,8,0.12,0.175,-0.056
52,80,0.327,0.408,-0.04
52,81,0.578,0.653,-0.023
52,82,0.35,0.433,-0.038
52,83,0.55,0.628,-0.024
52,84,0.479,0.561,-0.029
52,85,0.629,0.699,-0.02
52,86,0.39,0.473,-0.035
52,87,0.409,0.493,-0.033
52,88,0.233,0.307,-0.048
52,89,0.303,0.383,-0.042
52,9,0.108,0.159,-0.058
52,90,0.291,0.37,-0.043
52,91,0.319,0.4,-0.04
52,92,0.22,0.292,-0.05
52,93,0.205,0.275,-0.051
52,94,0.207,0.278,-0.051
52,95,0.161,0.224,-0.057
52,96,0.202,0.272,-0.052
52,97,0.144,0.204,-0.059
52,98,0.231,0.304,-0.049
52,99,0.12,0.175,-0.063
53,10,0.198,0.267,-0.046
53,100,0.064,0.101,-0.076
53,101,0.08,0.123,-0.073
53,102,0.072,0.112,-0.075
53,103,0.04,0.067,-0.086
53,104,0.029,0.052,-0.092
53,105,0.042,0.071,-0.086
53,106,0.031,0.055,-0.092
53,107,0.038,0.066,-0.089
53,108,0.03,0.053,-0.094
53,109,0.036,0.062,-0.092
53,11,0.2,0.27,-0.045
53,110,0.014,0.027,-0.109
53,111,0.031,0.055,-0.097
53,112,0.013,0.026,-0.113
53,113,0.015,0.029,-0.112
53,114,0.023,0.042,-0.106
53,115,0.01,0.021,-0.121
53,116,0.015,0.029,-0.117
53,117,0.021,0.039,-0.112
53,118,0.037,0.064,-0.103
53,119,0.027,0.048,-0.11
53,12,0.217,0.289,-0.043
53,120,0.02,0.037,-0.118
53,121,0.019,0.035,-0.121
53,122,0.019,0.036,-0.121
53,123,0.022,0.041,-0.12
53,124,0.034,0.059,-0.112
53,125,0.028,0.051,-0.116
53,126,0.019,0.035,-0.126
53,127,0.01,0.02,-0.138
53,128,0.016,0.03,-0.13
53,129,0.016,0.031,-0.13
53,13,0.344,0.426,-0.033
53,130,0.014,0.028,-0.132
53,131,0.016,0.03,-0.13
53,132,0.018,0.034,-0.127
53,133,0.018,0.034,-0.126
53,134,0.029,0.052,-0.115
53,135,0.033,0.058,-0.112
53,136,0.029,0.051,-0.114
53,137,0.03,0.053,-0.113
53,138,0.013,0.026,-0.127
53,139,0.015,0.029,-0.124
53,14,0.198,0.268,-0.045
53,140,0.043,0.072,-0.102
53,141,0.037,0.064,-0.104
53,142,0.019,0.036,-0.116
53,143,0.018,0.033,-0.116
53,144,0.013,0.025,-0.121
53,145,0.014,0.027,-0.118
53,146,0.02,0.038,-0.11
53,147,0.012,0.024,-0.119
53,148,0.014,0.027,-0.115
53,149,0.017,0.033,-0.11
53,15,0.246,0.321,-0.04
53,150,0.023,0.043,-0.104
53,151,0.013,0.025,-0.114
53,152,0.018,0.034,-0.107
53,153,0.026,0.047,-0.1
53,154,0.023,0.042,-0.102
53,155,0.022,0.041,-0.102
53,156,0.045,0.075,-0.088
53,157,0.034,0.059,-0.093
53,158,0.023,0.043,-0.099
53,159,0.02,0.038,-0.101
53,16,0.313,0.394,-0.035
53,160,0.022,0.041,-0.099
53,161,0.023,0.042,-0.098
53,162,0.022,0.041,-0.098
53,163,0.035,0.061,-0.09
53,164,0.051,0.084,-0.083
53,165,0.071,0.111,-0.077
53,166,0.049,0.081,-0.084
53,167,0.045,0.074,-0.086
53,168,0.046,0.077,-0.085
53,169,0.051,0.084,-0.083
53,17,0.239,0.314,-0.041
53,170,0.064,0.101,-0.079
53,171,0.091,0.138,-0.072
53,172,0.073,0.114,-0.077
53,173,0.04,0.068,-0.088
53,174,0.046,0.077,-0.086
53,175,0.069,0.109,-0.079
53,176,0.044,0.073,-0.087
53,177,0.074,0.115,-0.078
53,178,0.101,0.15,-0.071
53,179,0.09,0.136,-0.074
53,18,0.247,0.322,-0.041
53,180,0.065,0.102,-0.081
53,181,0.131,0.187,-0.067
53,182,0.117,0.171,-0.069
53,183,0.071,0.111,-0.08
53,184,0.092,0.138,-0.075
53,185,0.082,0.126,-0.077
53,186,0.054,0.087,-0.086
53,187,0.082,0.126,-0.077
53,188,0.145,0.205,-0.065
53,189,0.131,0.188,-0.067
53,19,0.312,0.392,-0.035
53,190,0.166,0.23,-0.062
53,191,0.122,0.177,-0.069
53,192,0.125,0.18,-0.069
53,193,0.146,0.206,-0.065
53,194,0.192,0.26,-0.058
53,195,0.141,0.2,-0.066
53,196,0.14,0.198,-0.066
53,197,0.111,0.163,-0.071
53,198,0.1,0.149,-0.074
53,199,0.114,0.167,-0.071
53,20,0.237,0.311,-0.041
53,200,0.219,0.291,-0.055
53,201,0.092,0.139,-0.075
53,202,0.146,0.206,-0.065
53,203,0.134,0.192,-0.067
53,204,0.153,0.215,-0.064
53,205,0.126,0.182,-0.069
53,206,0.13,0.186,-0.068
53,207,0.169,0.234,-0.062
53,208,0.162,0.225,-0.063
53,209,0.095,0.142,-0.075
53,21,0.284,0.363,-0.037
53,210,0.183,0.25,-0.06
53,211,0.093,0.14,-0.076
53,212,0.067,0.105,-0.082
53,213,0.084,0.129,-0.077
53,214,0.159,0.222,-0.063
53,215,0.171,0.236,-0.062
53,216,0.054,0.087,-0.087
53,217,0.037,0.063,-0.094
53,218,0.079,0.121,-0.079
53,219,0.111,0.163,-0.072
53,22,0.351,0.433,-0.033
53,220,0.123,0.178,-0.07
53,221,0.127,0.183,-0.069
53,222,0.113,0.166,-0.072
53,223,0.085,0.13,-0.078
53,224,0.07,0.11,-0.082
53,225,0.079,0.122,-0.08
53,226,0.072,0.112,-0.082
53,227,0.15,0.211,-0.066
53,228,0.117,0.17,-0.072
53,229,0.146,0.206,-0.067
53,23,0.366,0.448,-0.032
53,230,0.12,0.174,-0.072
53,231,0.167,0.231,-0.064
53,232,0.098,0.147,-0.077
53,233,0.153,0.215,-0.067
53,234,0.195,0.264,-0.061
53,235,0.27,0.348,-0.052
53,236,0.21,0.28,-0.059
53,237,0.21,0.281,-0.06
53,238,0.251,0.326,-0.055
53,239,0.229,0.302,-0.058
53,24,0.361,0.444,-0.033
53,240,0.187,0.255,-0.064
53,241,0.241,0.315,-0.057
53,242,0.219,0.291,-0.061
53,243,0.256,0.332,-0.056
53,244,0.259,0.336,-0.057
53,245,0.296,0.376,-0.053
53,246,0.44,0.523,-0.04
53,247,0.338,0.42,-0.05
53,248,0.283,0.361,-0.057
53,249,0.357,0.439,-0.05
53,25,0.399,0.483,-0.03
53,250,0.482,0.564,-0.039
53,251,0.399,0.482,-0.048
53,26,0.354,0.436,-0.033
53,27,0.459,0.542,-0.027
53,28,0.427,0.51,-0.029
53,29,0.474,0.556,-0.026
53,30,0.336,0.418,-0.035
53,31,0.628,0.699,-0.018
53,32,0.594,0.669,-0.019
53,33,0.473,0.555,-0.026
53,34,0.43,0.513,-0.029
53,35,0.363,0.446,-0.034
53,36,0.468,0.55,-0.027
53,37,0.377,0.46,-0.033
53,38,0.401,0.484,-0.031
53,39,0.339,0.421,-0.036
53,40,0.42,0.503,-0.031
53,41,0.274,0.352,-0.041
53,42,0.341,0.423,-0.036
53,43,0.345,0.427,-0.036
53,44,0.32,0.4,-0.038
53,45,0.474,0.557,-0.028
53,46,0.371,0.454,-0.035
53,47,0.349,0.432,-0.037
53,48,0.498,0.579,-0.027
53,49,0.589,0.664,-0.021
53,50,0.58,0.655,-0.022
53,51,0.59,0.664,-0.021
53,52,0.5,0.581,-0.027
53,53,0.539,0.618,-0.025
53,54,0.522,0.602,-0.026
53,55,0.435,0.518,-0.031
53,56,0.479,0.561,-0.028
53,57,0.363,0.446,-0.037
53,58,0.529,0.608,-0.025
53,59,0.591,0.665,-0.022
53,6,0.563,0.64,-0.021
53,60,0.606,0.679,-0.021
53,61,0.746,0.8,-0.013
53,62,0.742,0.797,-0.013
53,63,0.819,0.86,-0.009
53,64,0.993,0.995,-0.0
53,65,0.843,0.88,-0.008
53,66,0.576,0.652,-0.023
53,67,0.657,0.724,-0.018
53,68,0.882,0.91,-0.006
53,69,0.944,0.958,-0.003
53,7,0.388,0.472,-0.031
53,70,0.686,0.749,-0.017
53,71,0.798,0.844,-0.01
53,72,0.964,0.973,-0.002
53,73,0.77,0.821,-0.012
53,74,0.62,0.692,-0.02
53,75,0.643,0.712,-0.019
53,76,0.715,0.775,-0.015
53,77,0.683,0.747,-0.017
53,78,0.652,0.72,-0.018
53,79,0.601,0.675,-0.021
53,8,0.145,0.205,-0.052
53,80,0.607,0.68,-0.021
53,81,0.816,0.858,-0.009
53,82,0.961,0.971,-0.002
53,83,0.668,0.734,-0.017
53,84,0.56,0.637,-0.024
53,85,0.612,0.685,-0.02
53,86,0.453,0.536,-0.03
53,87,0.588,0.662,-0.022
53,88,0.479,0.561,-0.029
53,89,0.487,0.568,-0.028
53,9,0.22,0.292,-0.044
53,90,0.286,0.365,-0.043
53,91,0.316,0.397,-0.041
53,92,0.218,0.29,-0.05
53,93,0.174,0.24,-0.055
53,94,0.186,0.253,-0.054
53,95,0.186,0.253,-0.054
53,96,0.178,0.244,-0.055
53,97,0.118,0.172,-0.064
53,98,0.147,0.207,-0.059
53,99,0.189,0.256,-0.054
54,10,0.262,0.338,-0.04
54,100,0.099,0.148,-0.068
54,101,0.044,0.074,-0.084
54,102,0.049,0.081,-0.083
54,103,0.032,0.057,-0.09
54,104,0.035,0.06,-0.09
54,105,0.057,0.092,-0.082
54,106,0.059,0.095,-0.082
54,107,0.037,0.064,-0.091
54,108,0.027,0.049,-0.098
54,109,0.028,0.05,-0.098
54,11,0.293,0.372,-0.037
54,110,0.019,0.036,-0.106
54,111,0.013,0.025,-0.114
54,112,0.013,0.025,-0.116
54,113,0.011,0.023,-0.119
54,114,0.02,0.037,-0.111
54,115,0.013,0.026,-0.12
54,116,0.013,0.025,-0.123
54,117,0.01,0.021,-0.129
54,118,0.008,0.017,-0.135
54,119,0.017,0.032,-0.124
54,12,0.452,0.535,-0.026
54,120,0.021,0.038,-0.122
54,121,0.024,0.044,-0.12
54,122,0.019,0.035,-0.127
54,123,0.018,0.035,-0.129
54,124,0.025,0.045,-0.123
54,125,0.019,0.036,-0.13
54,126,0.022,0.041,-0.128
54,127,0.019,0.036,-0.132
54,128,0.029,0.051,-0.123
54,129,0.023,0.043,-0.128
54,13,0.328,0.409,-0.034
54,130,0.021,0.039,-0.13
54,131,0.023,0.042,-0.128
54,132,0.024,0.043,-0.127
54,133,0.033,0.057,-0.119
54,134,0.036,0.062,-0.116
54,135,0.046,0.076,-0.109
54,136,0.039,0.067,-0.112
54,137,0.036,0.062,-0.112
54,138,0.04,0.067,-0.109
54,139,0.018,0.034,-0.124
54,14,0.431,0.514,-0.028
54,140,0.022,0.04,-0.119
54,141,0.029,0.052,-0.112
54,142,0.032,0.056,-0.108
54,143,0.042,0.07,-0.102
54,144,0.045,0.075,-0.099
54,145,0.034,0.059,-0.104
54,146,0.026,0.047,-0.108
54,147,0.032,0.056,-0.103
54,148,0.026,0.047,-0.106
54,149,0.022,0.041,-0.108
54,15,0.327,0.409,-0.034
54,150,0.042,0.071,-0.095
54,151,0.025,0.046,-0.104
54,152,0.031,0.054,-0.099
54,153,0.024,0.043,-0.103
54,154,0.053,0.087,-0.088
54,155,0.042,0.07,-0.092
54,156,0.036,0.062,-0.094
54,157,0.037,0.064,-0.092
54,158,0.07,0.11,-0.08
54,159,0.06,0.097,-0.083
54,16,0.411,0.494,-0.029
54,160,0.094,0.141,-0.073
54,161,0.1,0.15,-0.071
54,162,0.102,0.151,-0.071
54,163,0.124,0.179,-0.066
54,164,0.182,0.248,-0.057
54,165,0.121,0.175,-0.067
54,166,0.073,0.114,-0.077
54,167,0.11,0.162,-0.068
54,168,0.079,0.122,-0.075
54,169,0.074,0.116,-0.076
54,17,0.491,0.573,-0.024
54,170,0.06,0.096,-0.08
54,171,0.071,0.11,-0.077
54,172,0.034,0.06,-0.091
54,173,0.089,0.135,-0.073
54,174,0.049,0.081,-0.084
54,175,0.107,0.158,-0.069
54,176,0.06,0.097,-0.081
54,177,0.065,0.103,-0.08
54,178,0.113,0.166,-0.069
54,179,0.07,0.11,-0.078
54,18,0.554,0.632,-0.021
54,180,0.04,0.067,-0.089
54,181,0.051,0.083,-0.085
54,182,0.049,0.081,-0.086
54,183,0.046,0.077,-0.088
54,184,0.044,0.074,-0.088
54,185,0.04,0.068,-0.09
54,186,0.074,0.116,-0.079
54,187,0.098,0.146,-0.073
54,188,0.088,0.134,-0.076
54,189,0.057,0.092,-0.085
54,19,0.521,0.601,-0.022
54,190,0.052,0.084,-0.086
54,191,0.126,0.182,-0.068
54,192,0.07,0.109,-0.081
54,193,0.083,0.128,-0.077
54,194,0.055,0.089,-0.085
54,195,0.085,0.13,-0.077
54,196,0.104,0.153,-0.073
54,197,0.051,0.084,-0.087
54,198,0.08,0.123,-0.079
54,199,0.098,0.146,-0.074
54,20,0.403,0.486,-0.029
54,200,0.073,0.114,-0.08
54,201,0.091,0.137,-0.076
54,202,0.093,0.141,-0.076
54,203,0.124,0.179,-0.069
54,204,0.085,0.129,-0.078
54,205,0.101,0.151,-0.074
54,206,0.245,0.32,-0.052
54,207,0.153,0.214,-0.064
54,208,0.176,0.242,-0.061
54,209,0.142,0.201,-0.066
54,21,0.627,0.698,-0.017
54,210,0.175,0.241,-0.061
54,211,0.115,0.168,-0.071
54,212,0.183,0.25,-0.06
54,213,0.228,0.301,-0.054
54,214,0.172,0.236,-0.061
54,215,0.197,0.266,-0.058
54,216,0.134,0.192,-0.067
54,217,0.098,0.147,-0.074
54,218,0.143,0.202,-0.066
54,219,0.212,0.283,-0.056
54,22,0.44,0.523,-0.027
54,220,0.17,0.234,-0.062
54,221,0.121,0.176,-0.07
54,222,0.068,0.107,-0.082
54,223,0.08,0.123,-0.079
54,224,0.124,0.18,-0.069
54,225,0.125,0.181,-0.069
54,226,0.101,0.15,-0.074
54,227,0.118,0.171,-0.071
54,228,0.187,0.254,-0.06
54,229,0.105,0.155,-0.074
54,23,0.526,0.605,-0.022
54,230,0.113,0.165,-0.073
54,231,0.178,0.244,-0.062
54,232,0.177,0.243,-0.063
54,233,0.215,0.287,-0.058
54,234,0.26,0.336,-0.053
54,235,0.207,0.278,-0.059
54,236,0.147,0.207,-0.069
54,237,0.156,0.219,-0.067
54,238,0.137,0.195,-0.071
54,239,0.156,0.217,-0.068
54,24,0.402,0.485,-0.03
54,240,0.128,0.184,-0.074
54,241,0.227,0.3,-0.059
54,242,0.177,0.243,-0.067
54,243,0.13,0.187,-0.076
54,244,0.129,0.185,-0.077
54,245,0.222,0.294,-0.063
54,246,0.169,0.233,-0.071
54,247,0.179,0.245,-0.071
54,248,0.209,0.28,-0.067
54,249,0.197,0.266,-0.071
54,25,0.268,0.346,-0.039
54,250,0.146,0.205,-0.081
54,251,0.187,0.254,-0.075
54,26,0.346,0.428,-0.034
54,27,0.412,0.495,-0.029
54,28,0.365,0.448,-0.033
54,29,0.39,0.473,-0.031
54,30,0.331,0.412,-0.035
54,31,0.532,0.611,-0.023
54,32,0.361,0.444,-0.033
54,33,0.591,0.665,-0.02
54,34,0.433,0.517,-0.029
54,35,0.378,0.461,-0.033
54,36,0.616,0.688,-0.019
54,37,0.449,0.532,-0.028
54,38,0.466,0.548,-0.027
54,39,0.477,0.559,-0.027
54,40,0.527,0.607,-0.024
54,41,0.509,0.59,-0.025
54,42,0.669,0.735,-0.016
54,43,0.529,0.609,-0.024
54,44,0.485,0.567,-0.027
54,45,0.565,0.642,-0.022
54,46,0.577,0.653,-0.022
54,47,0.506,0.587,-0.026
54,48,0.721,0.779,-0.014
54,49,0.508,0.589,-0.026
54,50,0.497,0.578,-0.027
54,51,0.62,0.692,-0.02
54,52,0.744,0.799,-0.013
54,53,0.625,0.696,-0.02
54,54,0.571,0.648,-0.023
54,55,0.655,0.722,-0.018
54,56,0.702,0.764,-0.015
54,57,0.478,0.56,-0.029
54,58,0.624,0.695,-0.02
54,59,0.656,0.723,-0.018
54,6,0.263,0.34,-0.041
54,60,0.618,0.69,-0.02
54,61,0.66,0.727,-0.018
54,62,0.778,0.827,-0.012
54,63,0.691,0.754,-0.016
54,64,0.452,0.535,-0.031
54,65,0.571,0.647,-0.023
54,66,0.693,0.755,-0.016
54,67,0.975,0.982,0.001
54,68,0.609,0.682,-0.021
54,69,0.473,0.555,-0.03
54,7,0.185,0.252,-0.048
54,70,0.661,0.728,-0.018
54,71,0.503,0.584,-0.028
54,72,0.617,0.689,-0.021
54,73,0.578,0.654,-0.023
54,74,0.497,0.579,-0.028
54,75,0.466,0.549,-0.03
54,76,0.511,0.591,-0.027
54,77,0.385,0.468,-0.035
54,78,0.618,0.69,-0.02
54,79,0.592,0.667,-0.022
54,8,0.202,0.272,-0.046
54,80,0.495,0.576,-0.028
54,81,0.529,0.609,-0.026
54,82,0.518,0.598,-0.026
54,83,0.437,0.52,-0.032
54,84,0.432,0.515,-0.032
54,85,0.424,0.507,-0.032
54,86,0.256,0.333,-0.046
54,87,0.213,0.284,-0.05
54,88,0.25,0.326,-0.046
54,89,0.168,0.233,-0.056
54,9,0.311,0.392,-0.036
54,90,0.167,0.231,-0.056
54,91,0.151,0.212,-0.058
54,92,0.182,0.249,-0.054
54,93,0.124,0.179,-0.062
54,94,0.14,0.198,-0.06
54,95,0.106,0.156,-0.066
54,96,0.119,0.173,-0.064
54,97,0.066,0.105,-0.075
54,98,0.04,0.068,-0.084
54,99,0.092,0.138,-0.07
55,10,0.318,0.399,-0.036
55,100,0.071,0.111,-0.076
55,101,0.056,0.09,-0.081
55,102,0.083,0.126,-0.074
55,103,0.053,0.086,-0.083
55,104,0.025,0.045,-0.097
55,105,0.026,0.047,-0.097
55,106,0.038,0.065,-0.091
55,107,0.043,0.073,-0.09
55,108,0.024,0.043,-0.101
55,109,0.011,0.023,-0.115
55,11,0.414,0.497,-0.029
55,110,0.023,0.042,-0.105
55,111,0.015,0.03,-0.113
55,112,0.018,0.034,-0.112
55,113,0.015,0.029,-0.118
55,114,0.016,0.032,-0.118
55,115,0.027,0.049,-0.11
55,116,0.025,0.046,-0.114
55,117,0.009,0.019,-0.135
55,118,0.012,0.025,-0.132
55,119,0.015,0.03,-0.13
55,12,0.445,0.528,-0.027
55,120,0.016,0.031,-0.132
55,121,0.019,0.036,-0.13
55,122,0.013,0.025,-0.14
55,123,0.011,0.022,-0.145
55,124,0.021,0.038,-0.133
55,125,0.014,0.027,-0.143
55,126,0.017,0.033,-0.139
55,127,0.018,0.034,-0.139
55,128,0.024,0.044,-0.132
55,129,0.026,0.047,-0.131
55,13,0.453,0.536,-0.026
55,130,0.019,0.035,-0.138
55,131,0.037,0.063,-0.122
55,132,0.06,0.096,-0.109
55,133,0.037,0.064,-0.12
55,134,0.04,0.068,-0.117
55,135,0.053,0.087,-0.109
55,136,0.053,0.087,-0.108
55,137,0.031,0.055,-0.119
55,138,0.072,0.112,-0.098
55,139,0.033,0.058,-0.115
55,14,0.447,0.53,-0.027
55,140,0.043,0.072,-0.108
55,141,0.048,0.079,-0.104
55,142,0.072,0.113,-0.094
55,143,0.04,0.067,-0.106
55,144,0.041,0.07,-0.104
55,145,0.035,0.06,-0.106
55,146,0.03,0.053,-0.108
55,147,0.033,0.058,-0.105
55,148,0.031,0.054,-0.105
55,149,0.031,0.055,-0.104
55,15,0.426,0.509,-0.028
55,150,0.023,0.042,-0.109
55,151,0.033,0.057,-0.101
55,152,0.037,0.063,-0.098
55,153,0.038,0.065,-0.097
55,154,0.026,0.047,-0.102
55,155,0.055,0.089,-0.088
55,156,0.029,0.052,-0.099
55,157,0.016,0.031,-0.109
55,158,0.029,0.051,-0.098
55,159,0.057,0.093,-0.084
55,16,0.672,0.738,-0.015
55,160,0.031,0.055,-0.095
55,161,0.048,0.079,-0.087
55,162,0.041,0.07,-0.089
55,163,0.048,0.08,-0.086
55,164,0.05,0.082,-0.085
55,165,0.052,0.085,-0.084
55,166,0.073,0.113,-0.077
55,167,0.065,0.104,-0.079
55,168,0.053,0.086,-0.083
55,169,0.031,0.054,-0.092
55,17,0.771,0.821,-0.01
55,170,0.036,0.062,-0.089
55,171,0.027,0.048,-0.095
55,172,0.057,0.092,-0.081
55,173,0.049,0.081,-0.084
55,174,0.067,0.105,-0.078
55,175,0.036,0.062,-0.09
55,176,0.044,0.074,-0.086
55,177,0.061,0.097,-0.081
55,178,0.072,0.112,-0.078
55,179,0.048,0.08,-0.086
55,18,0.621,0.693,-0.017
55,180,0.057,0.092,-0.083
55,181,0.028,0.05,-0.096
55,182,0.039,0.066,-0.09
55,183,0.061,0.097,-0.082
55,184,0.052,0.085,-0.085
55,185,0.04,0.069,-0.09
55,186,0.058,0.093,-0.084
55,187,0.051,0.084,-0.086
55,188,0.033,0.058,-0.095
55,189,0.038,0.064,-0.092
55,19,0.498,0.579,-0.024
55,190,0.051,0.084,-0.087
55,191,0.05,0.082,-0.087
55,192,0.051,0.083,-0.087
55,193,0.07,0.109,-0.081
55,194,0.065,0.102,-0.083
55,195,0.06,0.096,-0.084
55,196,0.072,0.112,-0.081
55,197,0.079,0.121,-0.079
55,198,0.114,0.167,-0.071
55,199,0.184,0.251,-0.06
55,20,0.33,0.412,-0.034
55,200,0.121,0.175,-0.07
55,201,0.099,0.148,-0.074
55,202,0.147,0.207,-0.065
55,203,0.237,0.311,-0.053
55,204,0.193,0.262,-0.059
55,205,0.153,0.214,-0.064
55,206,0.15,0.211,-0.065
55,207,0.184,0.251,-0.06
55,208,0.193,0.261,-0.059
55,209,0.253,0.328,-0.052
55,21,0.621,0.693,-0.017
55,210,0.125,0.181,-0.069
55,211,0.098,0.146,-0.074
55,212,0.106,0.156,-0.073
55,213,0.086,0.131,-0.077
55,214,0.072,0.113,-0.081
55,215,0.092,0.138,-0.076
55,216,0.132,0.189,-0.068
55,217,0.08,0.124,-0.078
55,218,0.068,0.108,-0.082
55,219,0.071,0.111,-0.081
55,22,0.375,0.458,-0.031
55,220,0.066,0.104,-0.083
55,221,0.143,0.203,-0.066
55,222,0.113,0.165,-0.072
55,223,0.148,0.209,-0.065
55,224,0.131,0.187,-0.068
55,225,0.114,0.167,-0.072
55,226,0.153,0.214,-0.065
55,227,0.164,0.228,-0.063
55,228,0.217,0.289,-0.056
55,229,0.23,0.304,-0.055
55,23,0.315,0.396,-0.036
55,230,0.163,0.226,-0.064
55,231,0.28,0.358,-0.05
55,232,0.209,0.28,-0.058
55,233,0.181,0.247,-0.062
55,234,0.165,0.229,-0.065
55,235,0.094,0.142,-0.078
55,236,0.208,0.279,-0.059
55,237,0.152,0.213,-0.068
55,238,0.184,0.251,-0.063
55,239,0.142,0.201,-0.07
55,24,0.268,0.345,-0.04
55,240,0.111,0.163,-0.077
55,241,0.119,0.173,-0.076
55,242,0.126,0.181,-0.075
55,243,0.113,0.165,-0.079
55,244,0.207,0.278,-0.063
55,245,0.205,0.275,-0.065
55,246,0.241,0.315,-0.061
55,247,0.237,0.311,-0.062
55,248,0.207,0.277,-0.068
55,249,0.28,0.359,-0.059
55,25,0.296,0.376,-0.037
55,250,0.303,0.383,-0.057
55,251,0.325,0.406,-0.056
55,26,0.369,0.452,-0.032
55,27,0.553,0.63,-0.022
55,28,0.234,0.308,-0.043
55,29,0.254,0.329,-0.042
55,30,0.219,0.291,-0.045
55,31,0.169,0.234,-0.051
55,32,0.206,0.276,-0.047
55,33,0.233,0.307,-0.044
55,34,0.324,0.405,-0.037
55,35,0.3,0.38,-0.039
55,36,0.247,0.322,-0.044
55,37,0.222,0.294,-0.046
55,38,0.161,0.224,-0.053
55,39,0.308,0.388,-0.039
55,40,0.379,0.462,-0.034
55,41,0.238,0.312,-0.045
55,42,0.268,0.346,-0.043
55,43,0.263,0.34,-0.043
55,44,0.219,0.291,-0.048
55,45,0.388,0.471,-0.034
55,46,0.468,0.55,-0.029
55,47,0.481,0.562,-0.028
55,48,0.635,0.705,-0.019
55,49,0.621,0.693,-0.02
55,50,0.483,0.565,-0.028
55,51,0.767,0.818,-0.012
55,52,0.891,0.917,-0.006
55,53,0.68,0.744,-0.017
55,54,0.537,0.616,-0.025
55,55,0.729,0.786,-0.014
55,56,0.714,0.773,-0.015
55,57,0.715,0.775,-0.015
55,58,0.778,0.827,-0.012
55,59,0.769,0.819,-0.012
55,6,0.122,0.177,-0.058
55,60,0.829,0.868,-0.009
55,61,0.738,0.794,-0.014
55,62,0.694,0.757,-0.016
55,63,0.554,0.631,-0.024
55,64,0.742,0.797,-0.014
55,65,0.623,0.694,-0.02
55,66,0.546,0.624,-0.025
55,67,0.401,0.484,-0.035
55,68,0.514,0.594,-0.027
55,69,0.582,0.657,-0.023
55,7,0.248,0.324,-0.043
55,70,0.565,0.641,-0.024
55,71,0.605,0.678,-0.021
55,72,0.497,0.578,-0.028
55,73,0.321,0.402,-0.041
55,74,0.536,0.615,-0.025
55,75,0.415,0.498,-0.033
55,76,0.458,0.541,-0.03
55,77,0.367,0.449,-0.037
55,78,0.381,0.464,-0.036
55,79,0.551,0.629,-0.024
55,8,0.237,0.311,-0.043
55,80,0.588,0.663,-0.022
55,81,0.476,0.558,-0.029
55,82,0.41,0.493,-0.033
55,83,0.348,0.43,-0.038
55,84,0.381,0.464,-0.035
55,85,0.38,0.463,-0.035
55,86,0.199,0.268,-0.052
55,87,0.16,0.222,-0.057
55,88,0.12,0.174,-0.063
55,89,0.194,0.263,-0.052
55,9,0.469,0.551,-0.026
55,90,0.157,0.219,-0.057
55,91,0.083,0.127,-0.07
55,92,0.094,0.141,-0.068
55,93,0.113,0.165,-0.064
55,94,0.129,0.185,-0.062
55,95,0.095,0.143,-0.068
55,96,0.117,0.171,-0.064
55,97,0.053,0.087,-0.08
55,98,0.046,0.076,-0.083
55,99,0.068,0.107,-0.076
56,10,0.643,0.712,-0.017
56,100,0.031,0.055,-0.091
56,101,0.031,0.055,-0.091
56,102,0.01,0.021,-0.11
56,103,0.021,0.038,-0.1
56,104,0.007,0.015,-0.117
56,105,0.011,0.022,-0.112
56,106,0.012,0.024,-0.112
56,107,0.005,0.011,-0.127
56,108,0.013,0.025,-0.114
56,109,0.009,0.018,-0.121
56,11,0.506,0.586,-0.024
56,110,0.006,0.014,-0.128
56,111,0.01,0.021,-0.123
56,112,0.014,0.027,-0.12
56,113,0.007,0.016,-0.134
56,114,0.009,0.018,-0.133
56,115,0.009,0.019,-0.135
56,116,0.005,0.012,-0.148
56,117,0.009,0.018,-0.142
56,118,0.015,0.029,-0.134
56,119,0.009,0.019,-0.147
56,12,0.516,0.596,-0.023
56,120,0.01,0.021,-0.147
56,121,0.013,0.026,-0.144
56,122,0.009,0.019,-0.153
56,123,0.011,0.022,-0.152
56,124,0.014,0.027,-0.149
56,125,0.013,0.026,-0.151
56,126,0.011,0.022,-0.156
56,127,0.017,0.032,-0.146
56,128,0.014,0.028,-0.15
56,129,0.031,0.054,-0.132
56,13,0.56,0.637,-0.021
56,130,0.026,0.047,-0.135
56,131,0.022,0.04,-0.139
56,132,0.015,0.03,-0.146
56,133,0.029,0.052,-0.13
56,134,0.02,0.038,-0.137
56,135,0.026,0.046,-0.131
56,136,0.033,0.057,-0.124
56,137,0.026,0.048,-0.127
56,138,0.037,0.063,-0.118
56,139,0.021,0.039,-0.128
56,14,0.47,0.552,-0.025
56,140,0.042,0.071,-0.112
56,141,0.04,0.068,-0.111
56,142,0.03,0.053,-0.116
56,143,0.041,0.069,-0.108
56,144,0.024,0.044,-0.118
56,145,0.029,0.051,-0.112
56,146,0.024,0.043,-0.115
56,147,0.016,0.031,-0.121
56,148,0.019,0.036,-0.116
56,149,0.013,0.026,-0.122
56,15,0.408,0.491,-0.029
56,150,0.02,0.037,-0.113
56,151,0.028,0.05,-0.106
56,152,0.018,0.034,-0.113
56,153,0.024,0.044,-0.107
56,154,0.024,0.043,-0.106
56,155,0.032,0.057,-0.099
56,156,0.042,0.071,-0.094
56,157,0.017,0.033,-0.108
56,158,0.027,0.048,-0.1
56,159,0.017,0.033,-0.107
56,16,0.374,0.457,-0.031
56,160,0.053,0.087,-0.087
56,161,0.081,0.125,-0.077
56,162,0.042,0.071,-0.089
56,163,0.057,0.092,-0.083
56,164,0.091,0.138,-0.073
56,165,0.067,0.105,-0.079
56,166,0.09,0.136,-0.073
56,167,0.166,0.23,-0.06
56,168,0.077,0.119,-0.076
56,169,0.091,0.138,-0.072
56,17,0.294,0.374,-0.037
56,170,0.046,0.076,-0.085
56,171,0.05,0.083,-0.084
56,172,0.055,0.089,-0.082
56,173,0.117,0.171,-0.067
56,174,0.043,0.072,-0.087
56,175,0.075,0.116,-0.077
56,176,0.06,0.097,-0.081
56,177,0.072,0.112,-0.078
56,178,0.048,0.08,-0.086
56,179,0.029,0.051,-0.095
56,18,0.368,0.451,-0.032
56,180,0.045,0.075,-0.087
56,181,0.096,0.143,-0.073
56,182,0.052,0.085,-0.085
56,183,0.028,0.05,-0.096
56,184,0.038,0.065,-0.091
56,185,0.056,0.09,-0.084
56,186,0.088,0.134,-0.075
56,187,0.035,0.06,-0.094
56,188,0.061,0.098,-0.083
56,189,0.059,0.095,-0.084
56,19,0.55,0.628,-0.021
56,190,0.032,0.055,-0.096
56,191,0.053,0.087,-0.086
56,192,0.052,0.085,-0.087
56,193,0.1,0.149,-0.074
56,194,0.06,0.095,-0.085
56,195,0.095,0.142,-0.075
56,196,0.116,0.169,-0.071
56,197,0.106,0.156,-0.073
56,198,0.114,0.166,-0.071
56,199,0.079,0.121,-0.079
56,20,0.578,0.654,-0.02
56,200,0.082,0.126,-0.078
56,201,0.171,0.236,-0.062
56,202,0.144,0.204,-0.066
56,203,0.116,0.17,-0.071
56,204,0.137,0.195,-0.067
56,205,0.116,0.169,-0.071
56,206,0.103,0.153,-0.074
56,207,0.197,0.266,-0.058
56,208,0.132,0.189,-0.068
56,209,0.149,0.209,-0.065
56,21,0.456,0.538,-0.026
56,210,0.103,0.152,-0.073
56,211,0.098,0.146,-0.074
56,212,0.147,0.207,-0.065
56,213,0.151,0.212,-0.065
56,214,0.141,0.2,-0.066
56,215,0.088,0.134,-0.077
56,216,0.184,0.251,-0.06
56,217,0.173,0.238,-0.061
56,218,0.124,0.179,-0.069
56,219,0.075,0.116,-0.08
56,22,0.502,0.583,-0.024
56,220,0.049,0.08,-0.089
56,221,0.06,0.096,-0.085
56,222,0.065,0.102,-0.084
56,223,0.097,0.146,-0.075
56,224,0.098,0.147,-0.075
56,225,0.093,0.14,-0.076
56,226,0.059,0.095,-0.086
56,227,0.09,0.136,-0.077
56,228,0.148,0.209,-0.066
56,229,0.096,0.143,-0.076
56,23,0.424,0.507,-0.029
56,230,0.084,0.128,-0.079
56,231,0.172,0.237,-0.063
56,232,0.133,0.191,-0.069
56,233,0.136,0.193,-0.069
56,234,0.12,0.174,-0.072
56,235,0.122,0.176,-0.073
56,236,0.147,0.207,-0.068
56,237,0.11,0.162,-0.075
56,238,0.113,0.165,-0.075
56,239,0.071,0.112,-0.086
56,24,0.464,0.547,-0.026
56,240,0.083,0.127,-0.084
56,241,0.042,0.071,-0.099
56,242,0.125,0.18,-0.075
56,243,0.136,0.194,-0.074
56,244,0.098,0.146,-0.083
56,245,0.152,0.213,-0.073
56,246,0.233,0.307,-0.061
56,247,0.218,0.289,-0.064
56,248,0.262,0.338,-0.06
56,249,0.273,0.351,-0.059
56,25,0.421,0.505,-0.029
56,250,0.265,0.342,-0.062
56,251,0.43,0.513,-0.045
56,26,0.393,0.476,-0.031
56,27,0.701,0.762,-0.014
56,28,0.706,0.767,-0.014
56,29,0.54,0.619,-0.022
56,30,0.504,0.585,-0.025
56,31,0.705,0.766,-0.014
56,32,0.753,0.806,-0.012
56,33,0.76,0.812,-0.011
56,34,0.754,0.807,-0.012
56,35,0.682,0.746,-0.015
56,36,0.999,1.0,-0.0
56,37,0.886,0.914,-0.005
56,38,0.782,0.83,-0.011
56,39,0.658,0.725,-0.017
56,40,0.861,0.894,-0.007
56,41,0.676,0.741,-0.016
56,42,0.924,0.943,-0.004
56,43,0.684,0.748,-0.016
56,44,0.702,0.763,-0.015
56,45,0.423,0.506,-0.032
56,46,0.521,0.601,-0.025
56,47,0.56,0.637,-0.023
56,48,0.624,0.695,-0.02
56,49,0.508,0.589,-0.026
56,50,0.4,0.484,-0.034
56,51,0.311,0.392,-0.041
56,52,0.588,0.663,-0.022
56,53,0.665,0.731,-0.018
56,54,0.816,0.858,-0.009
56,55,0.715,0.774,-0.015
56,56,0.554,0.632,-0.024
56,57,0.852,0.887,-0.008
56,58,0.654,0.722,-0.018
56,59,0.763,0.814,-0.012
56,6,0.297,0.376,-0.039
56,60,0.826,0.866,-0.009
56,61,0.709,0.769,-0.015
56,62,0.809,0.853,-0.01
56,63,0.885,0.913,-0.006
56,64,0.712,0.772,-0.015
56,65,0.818,0.86,-0.01
56,66,0.664,0.731,-0.018
56,67,0.669,0.735,-0.018
56,68,0.681,0.745,-0.017
56,69,0.593,0.667,-0.022
56,7,0.375,0.458,-0.033
56,70,0.713,0.773,-0.015
56,71,0.66,0.727,-0.018
56,72,0.434,0.517,-0.032
56,73,0.437,0.52,-0.032
56,74,0.564,0.641,-0.024
56,75,0.523,0.603,-0.026
56,76,0.42,0.503,-0.033
56,77,0.421,0.505,-0.033
56,78,0.49,0.571,-0.028
56,79,0.476,0.558,-0.029
56,8,0.498,0.58,-0.025
56,80,0.383,0.467,-0.035
56,81,0.408,0.491,-0.034
56,82,0.246,0.321,-0.047
56,83,0.244,0.319,-0.047
56,84,0.254,0.33,-0.046
56,85,0.199,0.268,-0.052
56,86,0.141,0.2,-0.06
56,87,0.104,0.154,-0.066
56,88,0.161,0.224,-0.056
56,89,0.094,0.141,-0.068
56,9,0.432,0.515,-0.028
56,90,0.168,0.232,-0.056
56,91,0.127,0.183,-0.062
56,92,0.058,0.094,-0.077
56,93,0.066,0.105,-0.075
56,94,0.115,0.168,-0.064
56,95,0.102,0.152,-0.067
56,96,0.046,0.077,-0.082
56,97,0.029,0.052,-0.09
56,98,0.056,0.09,-0.08
56,99,0.061,0.098,-0.078
57,10,0.494,0.576,-0.025
57,100,0.044,0.074,-0.086
57,101,0.07,0.11,-0.078
57,102,0.051,0.084,-0.084
57,103,0.044,0.074,-0.088
57,104,0.052,0.084,-0.086
57,105,0.028,0.05,-0.099
57,106,0.015,0.03,-0.11
57,107,0.016,0.03,-0.111
57,108,0.022,0.04,-0.107
57,109,0.011,0.023,-0.12
57,11,0.751,0.805,-0.011
57,110,0.029,0.052,-0.105
57,111,0.014,0.027,-0.121
57,112,0.012,0.024,-0.126
57,113,0.014,0.028,-0.126
57,114,0.023,0.043,-0.119
57,115,0.022,0.04,-0.124
57,116,0.015,0.03,-0.134
57,117,0.008,0.017,-0.15
57,118,0.017,0.032,-0.138
57,119,0.016,0.031,-0.141
57,12,0.646,0.715,-0.016
57,120,0.01,0.021,-0.153
57,121,0.015,0.029,-0.147
57,122,0.015,0.03,-0.148
57,123,0.017,0.032,-0.147
57,124,0.028,0.05,-0.136
57,125,0.023,0.043,-0.141
57,126,0.027,0.048,-0.138
57,127,0.045,0.075,-0.125
57,128,0.049,0.081,-0.123
57,129,0.032,0.057,-0.133
57,13,0.397,0.48,-0.03
57,130,0.031,0.055,-0.134
57,131,0.05,0.082,-0.121
57,132,0.042,0.07,-0.125
57,133,0.023,0.042,-0.139
57,134,0.022,0.04,-0.14
57,135,0.047,0.078,-0.12
57,136,0.034,0.059,-0.126
57,137,0.037,0.064,-0.123
57,138,0.022,0.04,-0.133
57,139,0.036,0.063,-0.12
57,14,0.505,0.586,-0.024
57,140,0.02,0.038,-0.131
57,141,0.021,0.039,-0.128
57,142,0.026,0.047,-0.122
57,143,0.017,0.032,-0.13
57,144,0.021,0.038,-0.124
57,145,0.016,0.031,-0.127
57,146,0.009,0.019,-0.135
57,147,0.029,0.052,-0.112
57,148,0.016,0.031,-0.122
57,149,0.018,0.034,-0.119
57,15,0.668,0.734,-0.015
57,150,0.01,0.021,-0.127
57,151,0.03,0.052,-0.107
57,152,0.014,0.028,-0.119
57,153,0.011,0.022,-0.123
57,154,0.008,0.017,-0.126
57,155,0.007,0.015,-0.128
57,156,0.008,0.018,-0.123
57,157,0.007,0.015,-0.125
57,158,0.022,0.041,-0.105
57,159,0.037,0.063,-0.095
57,16,0.632,0.703,-0.017
57,160,0.025,0.046,-0.101
57,161,0.043,0.072,-0.09
57,162,0.032,0.056,-0.095
57,163,0.04,0.068,-0.09
57,164,0.046,0.076,-0.088
57,165,0.047,0.078,-0.086
57,166,0.042,0.071,-0.088
57,167,0.044,0.074,-0.087
57,168,0.109,0.16,-0.069
57,169,0.065,0.104,-0.079
57,17,0.51,0.59,-0.023
57,170,0.08,0.123,-0.075
57,171,0.062,0.1,-0.08
57,172,0.044,0.073,-0.086
57,173,0.048,0.079,-0.085
57,174,0.055,0.089,-0.082
57,175,0.053,0.087,-0.083
57,176,0.059,0.095,-0.081
57,177,0.063,0.1,-0.08
57,178,0.072,0.112,-0.078
57,179,0.049,0.08,-0.086
57,18,0.649,0.718,-0.016
57,180,0.104,0.154,-0.071
57,181,0.163,0.226,-0.061
57,182,0.129,0.186,-0.066
57,183,0.088,0.134,-0.074
57,184,0.121,0.176,-0.068
57,185,0.082,0.126,-0.076
57,186,0.076,0.118,-0.078
57,187,0.098,0.146,-0.073
57,188,0.062,0.098,-0.083
57,189,0.068,0.107,-0.081
57,19,0.613,0.685,-0.018
57,190,0.079,0.121,-0.078
57,191,0.119,0.173,-0.069
57,192,0.084,0.129,-0.077
57,193,0.132,0.189,-0.067
57,194,0.16,0.223,-0.063
57,195,0.165,0.228,-0.062
57,196,0.174,0.24,-0.061
57,197,0.267,0.344,-0.05
57,198,0.213,0.285,-0.056
57,199,0.153,0.214,-0.064
57,20,0.463,0.546,-0.026
57,200,0.191,0.259,-0.059
57,201,0.149,0.21,-0.065
57,202,0.157,0.22,-0.064
57,203,0.175,0.241,-0.061
57,204,0.14,0.198,-0.067
57,205,0.161,0.224,-0.063
57,206,0.164,0.228,-0.063
57,207,0.143,0.202,-0.066
57,208,0.17,0.235,-0.062
57,209,0.128,0.184,-0.068
57,21,0.451,0.534,-0.027
57,210,0.176,0.242,-0.061
57,211,0.141,0.2,-0.066
57,212,0.08,0.123,-0.079
57,213,0.188,0.255,-0.059
57,214,0.139,0.198,-0.066
57,215,0.135,0.192,-0.067
57,216,0.131,0.188,-0.068
57,217,0.101,0.151,-0.074
57,218,0.093,0.14,-0.075
57,219,0.113,0.166,-0.071
57,22,0.505,0.586,-0.024
57,220,0.13,0.186,-0.068
57,221,0.162,0.225,-0.063
57,222,0.153,0.214,-0.064
57,223,0.107,0.157,-0.073
57,224,0.153,0.214,-0.064
57,225,0.172,0.236,-0.062
57,226,0.155,0.216,-0.064
57,227,0.153,0.215,-0.065
57,228,0.148,0.209,-0.066
57,229,0.163,0.226,-0.064
57,23,0.633,0.703,-0.017
57,230,0.155,0.217,-0.065
57,231,0.223,0.296,-0.056
57,232,0.268,0.345,-0.051
57,233,0.23,0.303,-0.056
57,234,0.22,0.292,-0.057
57,235,0.221,0.294,-0.057
57,236,0.237,0.311,-0.056
57,237,0.192,0.26,-0.062
57,238,0.218,0.29,-0.058
57,239,0.249,0.325,-0.055
57,24,0.559,0.636,-0.021
57,240,0.199,0.268,-0.062
57,241,0.127,0.182,-0.074
57,242,0.134,0.191,-0.074
57,243,0.123,0.178,-0.076
57,244,0.17,0.234,-0.069
57,245,0.164,0.227,-0.071
57,246,0.171,0.236,-0.07
57,247,0.191,0.259,-0.068
57,248,0.221,0.293,-0.065
57,249,0.327,0.408,-0.053
57,25,0.57,0.647,-0.021
57,250,0.461,0.544,-0.041
57,251,0.407,0.49,-0.047
57,26,0.677,0.742,-0.015
57,27,0.487,0.569,-0.025
57,28,0.346,0.428,-0.035
57,29,0.477,0.559,-0.026
57,30,0.494,0.576,-0.025
57,31,0.424,0.507,-0.03
57,32,0.363,0.445,-0.034
57,33,0.473,0.555,-0.027
57,34,0.596,0.67,-0.02
57,35,0.531,0.61,-0.024
57,36,0.604,0.677,-0.02
57,37,0.585,0.66,-0.021
57,38,0.526,0.606,-0.024
57,39,0.568,0.644,-0.022
57,40,0.691,0.754,-0.015
57,41,0.549,0.627,-0.023
57,42,0.694,0.757,-0.015
57,43,0.521,0.601,-0.025
57,44,0.671,0.737,-0.017
57,45,0.627,0.698,-0.019
57,46,0.67,0.736,-0.017
57,47,0.612,0.684,-0.02
57,48,0.776,0.826,-0.011
57,49,0.763,0.815,-0.012
57,50,0.857,0.891,-0.007
57,51,0.783,0.831,-0.011
57,52,0.632,0.702,-0.02
57,53,0.781,0.83,-0.011
57,54,0.649,0.718,-0.019
57,55,0.55,0.628,-0.025
57,56,0.974,0.981,-0.001
57,57,0.939,0.955,-0.003
57,58,0.713,0.773,-0.015
57,59,0.637,0.706,-0.02
57,6,0.354,0.436,-0.035
57,60,0.712,0.772,-0.015
57,61,0.556,0.633,-0.024
57,62,0.53,0.609,-0.026
57,63,0.445,0.528,-0.032
57,64,0.745,0.8,-0.013
57,65,0.701,0.762,-0.016
57,66,0.668,0.734,-0.018
57,67,0.698,0.76,-0.016
57,68,0.695,0.757,-0.016
57,69,0.669,0.735,-0.018
57,7,0.612,0.685,-0.019
57,70,0.431,0.514,-0.032
57,71,0.61,0.682,-0.021
57,72,0.49,0.572,-0.028
57,73,0.592,0.666,-0.022
57,74,0.401,0.484,-0.034
57,75,0.35,0.432,-0.038
57,76,0.547,0.625,-0.025
57,77,0.535,0.614,-0.025
57,78,0.379,0.462,-0.036
57,79,0.277,0.355,-0.044
57,8,0.416,0.499,-0.03
57,80,0.374,0.457,-0.036
57,81,0.328,0.409,-0.04
57,82,0.265,0.342,-0.045
57,83,0.192,0.261,-0.053
57,84,0.297,0.376,-0.042
57,85,0.318,0.399,-0.04
57,86,0.122,0.177,-0.063
57,87,0.125,0.18,-0.062
57,88,0.124,0.179,-0.062
57,89,0.099,0.147,-0.067
57,9,0.701,0.763,-0.014
57,90,0.099,0.148,-0.067
57,91,0.162,0.225,-0.057
57,92,0.176,0.241,-0.055
57,93,0.047,0.077,-0.082
57,94,0.087,0.132,-0.071
57,95,0.071,0.111,-0.075
57,96,0.05,0.082,-0.081
57,97,0.057,0.092,-0.079
57,98,0.075,0.117,-0.075
57,99,0.048,0.079,-0.084
58,10,0.535,0.614,-0.023
58,100,0.024,0.044,-0.097
58,101,0.01,0.021,-0.111
58,102,0.017,0.033,-0.104
58,103,0.02,0.038,-0.103
58,104,0.008,0.017,-0.119
58,105,0.015,0.029,-0.111
58,106,0.02,0.038,-0.107
58,107,0.009,0.02,-0.121
58,108,0.004,0.01,-0.135
58,109,0.004,0.008,-0.141
58,11,0.433,0.516,-0.028
58,110,0.008,0.017,-0.131
58,111,0.014,0.028,-0.124
58,112,0.018,0.035,-0.122
58,113,0.024,0.044,-0.12
58,114,0.017,0.032,-0.13
58,115,0.021,0.039,-0.129
58,116,0.021,0.039,-0.131
58,117,0.013,0.026,-0.144
58,118,0.022,0.041,-0.135
58,119,0.01,0.02,-0.155
58,12,0.737,0.793,-0.012
58,120,0.015,0.029,-0.147
58,121,0.009,0.018,-0.16
58,122,0.012,0.024,-0.154
58,123,0.023,0.042,-0.14
58,124,0.041,0.069,-0.126
58,125,0.026,0.046,-0.138
58,126,0.037,0.063,-0.129
58,127,0.036,0.062,-0.13
58,128,0.039,0.067,-0.128
58,129,0.04,0.069,-0.127
58,13,0.697,0.759,-0.014
58,130,0.042,0.071,-0.125
58,131,0.061,0.097,-0.115
58,132,0.041,0.07,-0.125
58,133,0.054,0.088,-0.118
58,134,0.059,0.095,-0.116
58,135,0.066,0.104,-0.112
58,136,0.069,0.108,-0.11
58,137,0.048,0.079,-0.119
58,138,0.036,0.062,-0.125
58,139,0.051,0.083,-0.115
58,14,0.822,0.863,-0.008
58,140,0.04,0.068,-0.119
58,141,0.027,0.048,-0.126
58,142,0.038,0.066,-0.116
58,143,0.043,0.072,-0.112
58,144,0.027,0.049,-0.12
58,145,0.016,0.03,-0.13
58,146,0.015,0.029,-0.129
58,147,0.006,0.014,-0.142
58,148,0.019,0.036,-0.121
58,149,0.023,0.042,-0.116
58,15,0.679,0.743,-0.015
58,150,0.012,0.025,-0.126
58,151,0.014,0.027,-0.122
58,152,0.013,0.026,-0.122
58,153,0.01,0.021,-0.125
58,154,0.013,0.026,-0.119
58,155,0.012,0.023,-0.12
58,156,0.021,0.04,-0.109
58,157,0.019,0.036,-0.11
58,158,0.017,0.032,-0.111
58,159,0.019,0.035,-0.108
58,16,0.861,0.894,-0.006
58,160,0.017,0.032,-0.109
58,161,0.013,0.027,-0.112
58,162,0.022,0.041,-0.102
58,163,0.023,0.042,-0.101
58,164,0.012,0.024,-0.111
58,165,0.011,0.023,-0.111
58,166,0.02,0.038,-0.101
58,167,0.053,0.086,-0.084
58,168,0.061,0.097,-0.081
58,169,0.035,0.06,-0.091
58,17,0.632,0.702,-0.017
58,170,0.053,0.086,-0.083
58,171,0.056,0.091,-0.082
58,172,0.071,0.111,-0.077
58,173,0.091,0.137,-0.072
58,174,0.049,0.081,-0.084
58,175,0.038,0.065,-0.089
58,176,0.047,0.078,-0.085
58,177,0.091,0.137,-0.073
58,178,0.063,0.1,-0.08
58,179,0.057,0.092,-0.082
58,18,0.678,0.742,-0.015
58,180,0.04,0.068,-0.089
58,181,0.098,0.146,-0.072
58,182,0.044,0.074,-0.088
58,183,0.039,0.066,-0.09
58,184,0.053,0.086,-0.085
58,185,0.096,0.144,-0.073
58,186,0.077,0.12,-0.078
58,187,0.159,0.222,-0.062
58,188,0.144,0.203,-0.065
58,189,0.112,0.164,-0.071
58,19,0.809,0.852,-0.009
58,190,0.117,0.171,-0.07
58,191,0.152,0.213,-0.064
58,192,0.103,0.153,-0.073
58,193,0.105,0.156,-0.072
58,194,0.153,0.215,-0.064
58,195,0.145,0.205,-0.065
58,196,0.144,0.204,-0.066
58,197,0.138,0.196,-0.067
58,198,0.104,0.154,-0.073
58,199,0.145,0.205,-0.066
58,20,0.787,0.834,-0.01
58,200,0.098,0.146,-0.075
58,201,0.102,0.152,-0.074
58,202,0.087,0.132,-0.077
58,203,0.111,0.163,-0.072
58,204,0.069,0.108,-0.083
58,205,0.114,0.167,-0.072
58,206,0.09,0.136,-0.077
58,207,0.098,0.147,-0.075
58,208,0.166,0.23,-0.063
58,209,0.162,0.225,-0.063
58,21,0.507,0.587,-0.024
58,210,0.234,0.308,-0.054
58,211,0.18,0.246,-0.061
58,212,0.151,0.212,-0.065
58,213,0.19,0.258,-0.059
58,214,0.304,0.384,-0.046
58,215,0.288,0.367,-0.048
58,216,0.187,0.254,-0.06
58,217,0.311,0.391,-0.046
58,218,0.294,0.374,-0.047
58,219,0.247,0.322,-0.052
58,22,0.489,0.571,-0.025
58,220,0.227,0.3,-0.055
58,221,0.278,0.356,-0.049
58,222,0.199,0.268,-0.058
58,223,0.185,0.252,-0.06
58,224,0.094,0.141,-0.076
58,225,0.15,0.211,-0.066
58,226,0.175,0.241,-0.062
58,227,0.136,0.194,-0.068
58,228,0.145,0.205,-0.067
58,229,0.167,0.231,-0.063
58,23,0.28,0.358,-0.039
58,230,0.204,0.273,-0.058
58,231,0.226,0.299,-0.056
58,232,0.183,0.25,-0.062
58,233,0.16,0.222,-0.065
58,234,0.128,0.184,-0.071
58,235,0.18,0.246,-0.063
58,236,0.155,0.217,-0.067
58,237,0.135,0.192,-0.071
58,238,0.169,0.234,-0.065
58,239,0.229,0.302,-0.058
58,24,0.486,0.567,-0.025
58,240,0.206,0.276,-0.061
58,241,0.26,0.336,-0.055
58,242,0.192,0.261,-0.064
58,243,0.278,0.357,-0.054
58,244,0.294,0.373,-0.052
58,245,0.143,0.202,-0.074
58,246,0.226,0.299,-0.062
58,247,0.249,0.324,-0.06
58,248,0.217,0.289,-0.066
58,249,0.371,0.453,-0.049
58,25,0.403,0.486,-0.03
58,250,0.289,0.368,-0.059
58,251,0.288,0.367,-0.06
58,26,0.344,0.426,-0.034
58,27,0.259,0.336,-0.041
58,28,0.172,0.237,-0.05
58,29,0.264,0.341,-0.041
58,30,0.214,0.286,-0.046
58,31,0.36,0.442,-0.034
58,32,0.259,0.335,-0.042
58,33,0.523,0.603,-0.024
58,34,0.443,0.526,-0.029
58,35,0.686,0.749,-0.015
58,36,0.663,0.73,-0.017
58,37,0.5,0.581,-0.026
58,38,0.503,0.584,-0.026
58,39,0.641,0.71,-0.018
58,40,0.773,0.823,-0.011
58,41,0.938,0.954,-0.003
58,42,0.832,0.871,-0.008
58,43,0.974,0.981,0.001
58,44,0.793,0.839,-0.01
58,45,0.796,0.842,-0.01
58,46,0.728,0.786,-0.014
58,47,0.687,0.751,-0.016
58,48,0.994,0.996,-0.0
58,49,0.904,0.928,0.005
58,50,0.736,0.792,0.014
58,51,0.792,0.839,0.011
58,52,0.926,0.945,0.004
58,53,0.928,0.946,0.004
58,54,0.839,0.876,-0.008
58,55,0.876,0.906,0.006
58,56,0.964,0.973,-0.002
58,57,0.984,0.988,-0.001
58,58,0.893,0.919,-0.006
58,59,0.898,0.923,-0.005
58,6,0.272,0.349,-0.041
58,60,0.989,0.992,-0.001
58,61,0.849,0.885,0.008
58,62,0.88,0.909,-0.006
58,63,0.893,0.919,-0.006
58,64,0.736,0.792,-0.014
58,65,0.579,0.655,-0.023
58,66,0.785,0.833,-0.011
58,67,0.689,0.752,-0.017
58,68,0.628,0.699,-0.02
58,69,0.733,0.789,-0.014
58,7,0.351,0.433,-0.035
58,70,0.743,0.798,-0.014
58,71,0.465,0.547,-0.03
58,72,0.527,0.606,-0.026
58,73,0.489,0.57,-0.029
58,74,0.304,0.384,-0.042
58,75,0.349,0.431,-0.038
58,76,0.531,0.611,-0.026
58,77,0.294,0.374,-0.043
58,78,0.314,0.394,-0.041
58,79,0.325,0.406,-0.04
58,8,0.469,0.551,-0.027
58,80,0.308,0.388,-0.042
58,81,0.457,0.54,-0.03
58,82,0.271,0.349,-0.045
58,83,0.198,0.267,-0.052
58,84,0.2,0.27,-0.052
58,85,0.125,0.181,-0.062
58,86,0.087,0.132,-0.07
58,87,0.069,0.109,-0.074
58,88,0.073,0.113,-0.073
58,89,0.084,0.128,-0.071
58,9,0.342,0.424,-0.035
58,90,0.053,0.086,-0.079
58,91,0.038,0.064,-0.085
58,92,0.018,0.033,-0.098
58,93,0.041,0.07,-0.085
58,94,0.037,0.064,-0.086
58,95,0.034,0.059,-0.088
58,96,0.012,0.024,-0.106
58,97,0.017,0.033,-0.1
58,98,0.031,0.054,-0.091
58,99,0.027,0.048,-0.094
59,10,0.244,0.319,-0.043
59,100,0.008,0.018,-0.115
59,101,0.02,0.038,-0.102
59,102,0.012,0.024,-0.112
59,103,0.009,0.019,-0.117
59,104,0.012,0.023,-0.115
59,105,0.006,0.013,-0.128
59,106,0.005,0.011,-0.133
59,107,0.007,0.015,-0.13
59,108,0.006,0.013,-0.135
59,109,0.008,0.018,-0.131
59,11,0.367,0.449,-0.033
59,110,0.005,0.012,-0.143
59,111,0.004,0.01,-0.149
59,112,0.003,0.008,-0.157
59,113,0.003,0.008,-0.161
59,114,0.003,0.008,-0.165
59,115,0.008,0.016,-0.153
59,116,0.006,0.014,-0.158
59,117,0.016,0.031,-0.142
59,118,0.022,0.041,-0.136
59,119,0.019,0.036,-0.141
59,12,0.311,0.391,-0.037
59,120,0.022,0.041,-0.137
59,121,0.019,0.036,-0.141
59,122,0.044,0.074,-0.121
59,123,0.04,0.068,-0.124
59,124,0.032,0.055,-0.13
59,125,0.065,0.103,-0.111
59,126,0.065,0.104,-0.111
59,127,0.085,0.13,-0.104
59,128,0.052,0.085,-0.117
59,129,0.054,0.088,-0.116
59,13,0.261,0.338,-0.041
59,130,0.038,0.065,-0.125
59,131,0.045,0.075,-0.121
59,132,0.057,0.092,-0.115
59,133,0.066,0.104,-0.111
59,134,0.08,0.124,-0.106
59,135,0.085,0.13,-0.104
59,136,0.05,0.082,-0.118
59,137,0.059,0.095,-0.114
59,138,0.041,0.069,-0.123
59,139,0.06,0.096,-0.112
59,14,0.433,0.516,-0.028
59,140,0.039,0.066,-0.122
59,141,0.036,0.063,-0.122
59,142,0.029,0.052,-0.125
59,143,0.022,0.04,-0.13
59,144,0.011,0.023,-0.142
59,145,0.008,0.017,-0.145
59,146,0.011,0.023,-0.137
59,147,0.003,0.008,-0.156
59,148,0.006,0.014,-0.143
59,149,0.005,0.011,-0.147
59,15,0.376,0.459,-0.032
59,150,0.005,0.012,-0.142
59,151,0.004,0.009,-0.146
59,152,0.004,0.01,-0.142
59,153,0.006,0.013,-0.135
59,154,0.008,0.018,-0.128
59,155,0.006,0.013,-0.132
59,156,0.016,0.03,-0.115
59,157,0.011,0.022,-0.12
59,158,0.006,0.014,-0.128
59,159,0.008,0.018,-0.122
59,16,0.509,0.589,-0.024
59,160,0.018,0.035,-0.109
59,161,0.02,0.038,-0.105
59,162,0.021,0.039,-0.104
59,163,0.034,0.059,-0.095
59,164,0.034,0.06,-0.094
59,165,0.04,0.067,-0.091
59,166,0.037,0.063,-0.092
59,167,0.07,0.11,-0.079
59,168,0.053,0.086,-0.084
59,169,0.035,0.06,-0.091
59,17,0.648,0.716,-0.016
59,170,0.06,0.096,-0.081
59,171,0.052,0.085,-0.083
59,172,0.053,0.086,-0.083
59,173,0.026,0.048,-0.095
59,174,0.038,0.064,-0.089
59,175,0.063,0.1,-0.08
59,176,0.038,0.065,-0.089
59,177,0.056,0.091,-0.082
59,178,0.052,0.086,-0.083
59,179,0.075,0.117,-0.077
59,18,0.726,0.784,-0.013
59,180,0.071,0.111,-0.078
59,181,0.096,0.144,-0.072
59,182,0.057,0.092,-0.083
59,183,0.063,0.101,-0.081
59,184,0.047,0.078,-0.087
59,185,0.052,0.085,-0.085
59,186,0.089,0.135,-0.075
59,187,0.076,0.118,-0.078
59,188,0.073,0.114,-0.079
59,189,0.069,0.109,-0.08
59,19,0.277,0.355,-0.039
59,190,0.045,0.076,-0.089
59,191,0.05,0.082,-0.087
59,192,0.068,0.107,-0.081
59,193,0.089,0.135,-0.076
59,194,0.06,0.096,-0.084
59,195,0.088,0.134,-0.076
59,196,0.194,0.263,-0.058
59,197,0.138,0.196,-0.066
59,198,0.19,0.258,-0.059
59,199,0.169,0.233,-0.062
59,20,0.326,0.407,-0.035
59,200,0.144,0.203,-0.066
59,201,0.196,0.265,-0.058
59,202,0.208,0.278,-0.057
59,203,0.182,0.249,-0.06
59,204,0.191,0.259,-0.059
59,205,0.101,0.151,-0.074
59,206,0.138,0.197,-0.067
59,207,0.114,0.167,-0.071
59,208,0.103,0.153,-0.073
59,209,0.082,0.126,-0.079
59,21,0.599,0.673,-0.019
59,210,0.096,0.144,-0.075
59,211,0.133,0.19,-0.068
59,212,0.145,0.205,-0.066
59,213,0.181,0.248,-0.06
59,214,0.185,0.252,-0.06
59,215,0.151,0.213,-0.065
59,216,0.096,0.144,-0.075
59,217,0.159,0.222,-0.064
59,218,0.127,0.182,-0.069
59,219,0.205,0.275,-0.057
59,22,0.608,0.681,-0.018
59,220,0.156,0.218,-0.064
59,221,0.157,0.219,-0.064
59,222,0.142,0.201,-0.067
59,223,0.099,0.147,-0.075
59,224,0.157,0.219,-0.064
59,225,0.247,0.323,-0.052
59,226,0.177,0.243,-0.061
59,227,0.18,0.247,-0.061
59,228,0.244,0.318,-0.053
59,229,0.165,0.229,-0.063
59,23,0.496,0.578,-0.025
59,230,0.288,0.367,-0.049
59,231,0.125,0.18,-0.071
59,232,0.227,0.3,-0.056
59,233,0.238,0.312,-0.055
59,234,0.305,0.385,-0.048
59,235,0.21,0.281,-0.059
59,236,0.153,0.214,-0.067
59,237,0.111,0.162,-0.076
59,238,0.12,0.174,-0.074
59,239,0.105,0.155,-0.078
59,24,0.593,0.667,-0.019
59,240,0.119,0.172,-0.075
59,241,0.103,0.153,-0.079
59,242,0.099,0.147,-0.081
59,243,0.145,0.204,-0.072
59,244,0.132,0.189,-0.075
59,245,0.079,0.122,-0.089
59,246,0.071,0.112,-0.093
59,247,0.069,0.108,-0.095
59,248,0.052,0.085,-0.103
59,249,0.073,0.113,-0.097
59,25,0.734,0.79,-0.012
59,250,0.077,0.119,-0.097
59,251,0.099,0.148,-0.093
59,26,0.425,0.509,-0.029
59,27,0.55,0.628,-0.022
59,28,0.395,0.478,-0.031
59,29,0.45,0.533,-0.028
59,30,0.596,0.67,-0.02
59,31,0.465,0.548,-0.027
59,32,0.375,0.458,-0.033
59,33,0.632,0.702,-0.018
59,34,0.633,0.703,-0.018
59,35,0.35,0.432,-0.035
59,36,0.654,0.722,-0.017
59,37,0.264,0.341,-0.043
59,38,0.461,0.543,-0.028
59,39,0.37,0.453,-0.035
59,40,0.454,0.537,-0.029
59,41,0.416,0.5,-0.032
59,42,0.401,0.485,-0.033
59,43,0.46,0.543,-0.029
59,44,0.521,0.601,-0.026
59,45,0.408,0.491,-0.033
59,46,0.648,0.716,-0.018
59,47,0.57,0.647,-0.023
59,48,0.604,0.677,-0.021
59,49,0.493,0.574,-0.028
59,50,0.542,0.621,-0.025
59,51,0.647,0.715,-0.019
59,52,0.701,0.763,-0.016
59,53,0.659,0.726,-0.018
59,54,0.587,0.662,-0.022
59,55,0.85,0.886,-0.008
59,56,0.602,0.676,-0.022
59,57,0.792,0.839,-0.011
59,58,0.815,0.858,-0.01
59,59,0.708,0.769,-0.016
59,6,0.505,0.586,-0.026
59,60,0.866,0.898,-0.007
59,61,0.555,0.633,-0.025
59,62,0.681,0.745,-0.017
59,63,0.739,0.794,-0.014
59,64,0.646,0.715,-0.019
59,65,0.823,0.864,-0.009
59,66,0.671,0.736,-0.018
59,67,0.664,0.73,-0.018
59,68,0.65,0.719,-0.019
59,69,0.509,0.589,-0.027
59,7,0.304,0.384,-0.039
59,70,0.582,0.658,-0.023
59,71,0.473,0.556,-0.03
59,72,0.432,0.515,-0.032
59,73,0.509,0.589,-0.027
59,74,0.655,0.722,-0.018
59,75,0.49,0.572,-0.028
59,76,0.361,0.443,-0.037
59,77,0.295,0.374,-0.043
59,78,0.288,0.367,-0.043
59,79,0.268,0.346,-0.045
59,8,0.302,0.382,-0.039
59,80,0.132,0.189,-0.061
59,81,0.124,0.179,-0.063
59,82,0.111,0.163,-0.065
59,83,0.149,0.21,-0.059
59,84,0.135,0.193,-0.061
59,85,0.054,0.088,-0.078
59,86,0.093,0.14,-0.068
59,87,0.08,0.123,-0.071
59,88,0.06,0.096,-0.077
59,89,0.074,0.115,-0.073
59,9,0.271,0.348,-0.041
59,90,0.09,0.136,-0.07
59,91,0.07,0.109,-0.075
59,92,0.066,0.104,-0.076
59,93,0.024,0.043,-0.094
59,94,0.036,0.062,-0.087
59,95,0.019,0.036,-0.098
59,96,0.034,0.059,-0.089
59,97,0.043,0.073,-0.085
59,98,0.014,0.028,-0.105
59,99,0.017,0.033,-0.102
6,10,0.049,0.081,-0.065
6,100,0.052,0.086,-0.07
6,101,0.058,0.094,-0.069
6,102,0.052,0.086,-0.071
6,103,0.084,0.129,-0.063
6,104,0.106,0.157,-0.059
6,105,0.131,0.188,-0.055
6,106,0.079,0.122,-0.065
6,107,0.037,0.064,-0.077
6,108,0.085,0.13,-0.064
6,109,0.174,0.24,-0.05
6,11,0.068,0.107,-0.06
6,110,0.129,0.185,-0.056
6,111,0.133,0.19,-0.056
6,112,0.114,0.166,-0.059
6,113,0.13,0.187,-0.057
6,114,0.191,0.259,-0.049
6,115,0.129,0.186,-0.057
6,116,0.114,0.166,-0.06
6,117,0.2,0.27,-0.048
6,118,0.201,0.271,-0.048
6,119,0.345,0.427,-0.036
6,12,0.038,0.065,-0.067
6,120,0.601,0.674,-0.02
6,121,0.463,0.546,-0.028
6,122,0.328,0.41,-0.037
6,123,0.173,0.238,-0.052
6,124,0.231,0.304,-0.046
6,125,0.165,0.228,-0.053
6,126,0.175,0.24,-0.052
6,127,0.184,0.251,-0.051
6,128,0.134,0.191,-0.058
6,129,0.183,0.25,-0.051
6,13,0.021,0.039,-0.074
6,130,0.17,0.235,-0.053
6,131,0.151,0.212,-0.056
6,132,0.248,0.323,-0.045
6,133,0.283,0.361,-0.042
6,134,0.215,0.287,-0.048
6,135,0.308,0.388,-0.04
6,136,0.26,0.337,-0.044
6,137,0.28,0.358,-0.042
6,138,0.359,0.441,-0.036
6,139,0.191,0.259,-0.051
6,14,0.062,0.099,-0.06
6,140,0.249,0.324,-0.046
6,141,0.194,0.262,-0.051
6,142,0.263,0.34,-0.044
6,143,0.433,0.517,-0.031
6,144,0.428,0.511,-0.031
6,145,0.256,0.332,-0.045
6,146,0.312,0.393,-0.04
6,147,0.191,0.259,-0.052
6,148,0.223,0.295,-0.049
6,149,0.382,0.465,-0.035
6,15,0.058,0.094,-0.061
6,150,0.576,0.652,-0.022
6,151,0.557,0.635,-0.024
6,152,0.392,0.475,-0.034
6,153,0.555,0.633,-0.024
6,154,0.549,0.627,-0.024
6,155,0.641,0.71,-0.019
6,156,0.585,0.66,-0.022
6,157,0.564,0.641,-0.023
6,158,0.376,0.459,-0.036
6,159,0.603,0.676,-0.021
6,16,0.052,0.084,-0.062
6,160,0.523,0.603,-0.026
6,161,0.703,0.764,-0.016
6,162,0.608,0.681,-0.021
6,163,0.629,0.7,-0.02
6,164,0.615,0.687,-0.021
6,165,0.407,0.49,-0.034
6,166,0.554,0.632,-0.024
6,167,0.434,0.517,-0.032
6,168,0.364,0.447,-0.038
6,169,0.474,0.556,-0.03
6,17,0.073,0.113,-0.057
6,170,0.428,0.511,-0.033
6,171,0.517,0.597,-0.027
6,172,0.364,0.447,-0.038
6,173,0.441,0.524,-0.032
6,174,0.512,0.593,-0.028
6,175,0.257,0.334,-0.048
6,176,0.425,0.508,-0.034
6,177,0.366,0.449,-0.039
6,178,0.336,0.418,-0.041
6,179,0.336,0.418,-0.041
6,18,0.034,0.06,-0.067
6,180,0.387,0.47,-0.037
6,181,0.416,0.499,-0.035
6,182,0.315,0.396,-0.044
6,183,0.2,0.269,-0.056
6,184,0.253,0.328,-0.05
6,185,0.283,0.362,-0.048
6,186,0.245,0.32,-0.052
6,187,0.24,0.315,-0.053
6,188,0.364,0.447,-0.041
6,189,0.3,0.38,-0.047
6,19,0.135,0.192,-0.047
6,190,0.303,0.383,-0.047
6,191,0.345,0.427,-0.043
6,192,0.429,0.512,-0.037
6,193,0.454,0.537,-0.035
6,194,0.397,0.48,-0.04
6,195,0.374,0.456,-0.042
6,196,0.391,0.474,-0.041
6,197,0.484,0.566,-0.033
6,198,0.353,0.435,-0.045
6,199,0.226,0.299,-0.058
6,20,0.074,0.116,-0.056
6,200,0.246,0.321,-0.056
6,201,0.28,0.358,-0.053
6,202,0.274,0.352,-0.054
6,203,0.252,0.327,-0.057
6,204,0.244,0.319,-0.058
6,205,0.285,0.364,-0.054
6,206,0.192,0.26,-0.066
6,207,0.229,0.302,-0.061
6,208,0.113,0.165,-0.081
6,209,0.151,0.213,-0.074
6,21,0.089,0.135,-0.054
6,210,0.141,0.199,-0.076
6,211,0.145,0.205,-0.076
6,212,0.103,0.153,-0.085
6,213,0.148,0.208,-0.076
6,214,0.212,0.283,-0.066
6,215,0.142,0.201,-0.078
6,216,0.237,0.311,-0.063
6,217,0.184,0.251,-0.072
6,218,0.203,0.273,-0.069
6,219,0.223,0.295,-0.066
6,22,0.156,0.217,-0.045
6,220,0.242,0.317,-0.064
6,221,0.157,0.219,-0.078
6,222,0.207,0.277,-0.07
6,223,0.147,0.207,-0.081
6,224,0.193,0.261,-0.073
6,225,0.282,0.361,-0.06
6,226,0.255,0.331,-0.064
6,227,0.294,0.373,-0.059
6,228,0.283,0.361,-0.061
6,229,0.305,0.386,-0.058
6,23,0.08,0.123,-0.055
6,230,0.254,0.33,-0.065
6,231,0.447,0.53,-0.043
6,232,0.453,0.536,-0.043
6,233,0.318,0.399,-0.057
6,234,0.474,0.556,-0.041
6,235,0.402,0.485,-0.049
6,236,0.381,0.464,-0.051
6,237,0.367,0.45,-0.053
6,238,0.456,0.539,-0.044
6,239,0.457,0.54,-0.044
6,24,0.13,0.187,-0.048
6,240,0.494,0.576,-0.04
6,241,0.386,0.47,-0.051
6,242,0.414,0.497,-0.049
6,243,0.449,0.532,-0.045
6,244,0.317,0.397,-0.06
6,245,0.232,0.306,-0.072
6,246,0.52,0.6,-0.039
6,247,0.402,0.485,-0.052
6,248,0.307,0.387,-0.064
6,249,0.337,0.418,-0.06
6,25,0.1,0.149,-0.052
6,250,0.372,0.454,-0.056
6,251,0.253,0.329,-0.073
6,26,0.119,0.173,-0.049
6,27,0.042,0.07,-0.064
6,28,0.114,0.166,-0.05
6,29,0.111,0.163,-0.05
6,30,0.061,0.097,-0.059
6,31,0.123,0.178,-0.048
6,32,0.055,0.089,-0.06
6,33,0.054,0.087,-0.061
6,34,0.17,0.235,-0.043
6,35,0.059,0.095,-0.059
6,36,0.026,0.047,-0.07
6,37,0.036,0.062,-0.066
6,38,0.061,0.098,-0.059
6,39,0.112,0.164,-0.05
6,40,0.097,0.145,-0.052
6,41,0.036,0.062,-0.066
6,42,0.046,0.076,-0.064
6,43,0.02,0.037,-0.074
6,44,0.015,0.03,-0.077
6,45,0.061,0.097,-0.06
6,46,0.021,0.04,-0.073
6,47,0.018,0.035,-0.076
6,48,0.089,0.135,-0.055
6,49,0.027,0.049,-0.071
6,50,0.019,0.035,-0.075
6,51,0.078,0.121,-0.057
6,52,0.029,0.051,-0.071
6,53,0.043,0.072,-0.065
6,54,0.049,0.081,-0.064
6,55,0.032,0.057,-0.069
6,56,0.036,0.062,-0.068
6,57,0.029,0.051,-0.071
6,58,0.054,0.089,-0.062
6,59,0.031,0.054,-0.07
6,60,0.029,0.052,-0.071
6,61,0.028,0.05,-0.072
6,62,0.035,0.061,-0.069
6,63,0.017,0.033,-0.078
6,64,0.016,0.031,-0.079
6,65,0.01,0.021,-0.085
6,66,0.034,0.06,-0.07
6,67,0.048,0.079,-0.066
6,68,0.039,0.066,-0.069
6,69,0.033,0.057,-0.072
6,7,0.065,0.102,-0.063
6,70,0.105,0.156,-0.054
6,71,0.036,0.062,-0.071
6,72,0.089,0.134,-0.058
6,73,0.09,0.136,-0.058
6,74,0.112,0.164,-0.054
6,75,0.147,0.208,-0.049
6,76,0.083,0.127,-0.059
6,77,0.125,0.18,-0.053
6,78,0.222,0.294,-0.042
6,79,0.303,0.382,-0.035
6,8,0.047,0.078,-0.067
6,80,0.175,0.241,-0.047
6,81,0.265,0.342,-0.039
6,82,0.195,0.264,-0.045
6,83,0.191,0.259,-0.046
6,84,0.312,0.392,-0.035
6,85,0.194,0.263,-0.045
6,86,0.172,0.236,-0.048
6,87,0.32,0.401,-0.035
6,88,0.364,0.447,-0.032
6,89,0.119,0.173,-0.055
6,9,0.015,0.03,-0.081
6,90,0.116,0.169,-0.056
6,91,0.194,0.262,-0.046
6,92,0.298,0.377,-0.037
6,93,0.106,0.157,-0.058
6,94,0.084,0.128,-0.062
6,95,0.2,0.27,-0.046
6,96,0.199,0.268,-0.046
6,97,0.077,0.119,-0.064
6,98,0.127,0.182,-0.055
6,99,0.073,0.114,-0.065
60,10,0.226,0.299,-0.045
60,100,0.007,0.015,-0.118
60,101,0.015,0.029,-0.108
60,102,0.013,0.027,-0.11
60,103,0.004,0.01,-0.129
60,104,0.003,0.007,-0.138
60,105,0.003,0.008,-0.138
60,106,0.003,0.008,-0.14
60,107,0.005,0.011,-0.136
60,108,0.009,0.019,-0.129
60,109,0.014,0.027,-0.126
60,11,0.293,0.373,-0.038
60,110,0.009,0.019,-0.136
60,111,0.003,0.007,-0.158
60,112,0.008,0.017,-0.145
60,113,0.012,0.023,-0.141
60,114,0.009,0.019,-0.149
60,115,0.013,0.025,-0.144
60,116,0.01,0.02,-0.151
60,117,0.013,0.026,-0.146
60,118,0.016,0.031,-0.141
60,119,0.019,0.035,-0.139
60,12,0.524,0.604,-0.023
60,120,0.011,0.023,-0.15
60,121,0.028,0.05,-0.129
60,122,0.04,0.067,-0.121
60,123,0.053,0.087,-0.113
60,124,0.054,0.088,-0.112
60,125,0.057,0.093,-0.111
60,126,0.078,0.12,-0.103
60,127,0.129,0.185,-0.088
60,128,0.144,0.203,-0.085
60,129,0.124,0.179,-0.09
60,13,0.539,0.617,-0.022
60,130,0.117,0.17,-0.091
60,131,0.165,0.229,-0.081
60,132,0.163,0.226,-0.082
60,133,0.135,0.192,-0.088
60,134,0.129,0.185,-0.089
60,135,0.093,0.14,-0.099
60,136,0.071,0.111,-0.107
60,137,0.051,0.083,-0.116
60,138,0.042,0.071,-0.12
60,139,0.023,0.043,-0.134
60,14,0.409,0.492,-0.03
60,140,0.023,0.042,-0.134
60,141,0.008,0.017,-0.155
60,142,0.008,0.016,-0.154
60,143,0.006,0.013,-0.159
60,144,0.007,0.016,-0.152
60,145,0.007,0.015,-0.15
60,146,0.009,0.019,-0.144
60,147,0.007,0.015,-0.145
60,148,0.005,0.012,-0.149
60,149,0.005,0.012,-0.147
60,15,0.217,0.289,-0.044
60,150,0.008,0.017,-0.136
60,151,0.004,0.01,-0.146
60,152,0.006,0.013,-0.138
60,153,0.003,0.007,-0.149
60,154,0.005,0.011,-0.139
60,155,0.008,0.017,-0.128
60,156,0.007,0.016,-0.129
60,157,0.006,0.012,-0.132
60,158,0.012,0.025,-0.118
60,159,0.017,0.032,-0.111
60,16,0.389,0.472,-0.031
60,160,0.007,0.016,-0.124
60,161,0.016,0.03,-0.111
60,162,0.037,0.063,-0.095
60,163,0.034,0.059,-0.095
60,164,0.036,0.062,-0.094
60,165,0.021,0.039,-0.102
60,166,0.032,0.056,-0.094
60,167,0.083,0.128,-0.076
60,168,0.071,0.111,-0.079
60,169,0.037,0.064,-0.09
60,17,0.429,0.512,-0.028
60,170,0.046,0.077,-0.086
60,171,0.035,0.061,-0.091
60,172,0.074,0.115,-0.077
60,173,0.04,0.068,-0.088
60,174,0.027,0.048,-0.095
60,175,0.023,0.042,-0.098
60,176,0.033,0.058,-0.091
60,177,0.048,0.08,-0.085
60,178,0.05,0.082,-0.084
60,179,0.041,0.07,-0.088
60,18,0.441,0.524,-0.027
60,180,0.07,0.11,-0.078
60,181,0.051,0.083,-0.085
60,182,0.049,0.081,-0.085
60,183,0.05,0.082,-0.085
60,184,0.057,0.092,-0.083
60,185,0.055,0.089,-0.084
60,186,0.051,0.084,-0.085
60,187,0.032,0.056,-0.094
60,188,0.043,0.073,-0.089
60,189,0.059,0.095,-0.084
60,19,0.44,0.523,-0.028
60,190,0.096,0.144,-0.074
60,191,0.079,0.122,-0.078
60,192,0.039,0.067,-0.092
60,193,0.108,0.159,-0.071
60,194,0.068,0.107,-0.081
60,195,0.065,0.103,-0.082
60,196,0.044,0.073,-0.09
60,197,0.063,0.1,-0.083
60,198,0.081,0.125,-0.078
60,199,0.087,0.132,-0.077
60,20,0.431,0.515,-0.028
60,200,0.129,0.186,-0.068
60,201,0.105,0.155,-0.073
60,202,0.13,0.187,-0.068
60,203,0.151,0.212,-0.065
60,204,0.137,0.195,-0.067
60,205,0.062,0.1,-0.084
60,206,0.067,0.105,-0.083
60,207,0.098,0.147,-0.075
60,208,0.088,0.133,-0.077
60,209,0.082,0.125,-0.079
60,21,0.279,0.357,-0.039
60,210,0.066,0.105,-0.083
60,211,0.046,0.077,-0.091
60,212,0.047,0.079,-0.09
60,213,0.064,0.102,-0.084
60,214,0.101,0.15,-0.074
60,215,0.06,0.096,-0.085
60,216,0.063,0.1,-0.084
60,217,0.036,0.063,-0.095
60,218,0.091,0.137,-0.076
60,219,0.116,0.169,-0.071
60,22,0.351,0.434,-0.034
60,220,0.107,0.158,-0.073
60,221,0.116,0.17,-0.071
60,222,0.156,0.218,-0.064
60,223,0.095,0.142,-0.076
60,224,0.137,0.195,-0.067
60,225,0.155,0.217,-0.065
60,226,0.151,0.212,-0.065
60,227,0.15,0.211,-0.065
60,228,0.123,0.178,-0.071
60,229,0.146,0.206,-0.066
60,23,0.349,0.431,-0.034
60,230,0.093,0.14,-0.077
60,231,0.081,0.124,-0.08
60,232,0.109,0.16,-0.074
60,233,0.077,0.118,-0.082
60,234,0.07,0.11,-0.084
60,235,0.099,0.148,-0.077
60,236,0.096,0.144,-0.078
60,237,0.072,0.112,-0.085
60,238,0.052,0.085,-0.092
60,239,0.036,0.062,-0.1
60,24,0.369,0.452,-0.033
60,240,0.065,0.104,-0.089
60,241,0.084,0.128,-0.084
60,242,0.043,0.072,-0.099
60,243,0.059,0.095,-0.093
60,244,0.088,0.133,-0.085
60,245,0.103,0.153,-0.082
60,246,0.078,0.12,-0.09
60,247,0.081,0.125,-0.091
60,248,0.07,0.11,-0.096
60,249,0.079,0.121,-0.095
60,25,0.475,0.558,-0.026
60,250,0.077,0.119,-0.098
60,251,0.109,0.16,-0.09
60,26,0.31,0.39,-0.037
60,27,0.233,0.307,-0.044
60,28,0.25,0.326,-0.042
60,29,0.326,0.407,-0.036
60,30,0.363,0.445,-0.034
60,31,0.197,0.266,-0.048
60,32,0.311,0.391,-0.038
60,33,0.621,0.693,-0.019
60,34,0.253,0.328,-0.043
60,35,0.201,0.27,-0.049
60,36,0.462,0.544,-0.028
60,37,0.247,0.322,-0.045
60,38,0.356,0.438,-0.036
60,39,0.444,0.527,-0.03
60,40,0.453,0.536,-0.029
60,41,0.381,0.464,-0.034
60,42,0.41,0.493,-0.033
60,43,0.456,0.539,-0.03
60,44,0.639,0.709,-0.019
60,45,0.456,0.539,-0.03
60,46,0.572,0.648,-0.023
60,47,0.652,0.72,-0.018
60,48,0.698,0.76,-0.016
60,49,0.661,0.728,-0.018
60,50,0.604,0.678,-0.021
60,51,0.564,0.641,-0.024
60,52,0.655,0.722,-0.018
60,53,0.83,0.869,-0.009
60,54,0.729,0.787,-0.014
60,55,0.608,0.681,-0.021
60,56,0.625,0.696,-0.02
60,57,0.56,0.637,-0.024
60,58,0.582,0.657,-0.023
60,59,0.619,0.69,-0.021
60,6,0.343,0.425,-0.036
60,60,0.845,0.881,-0.008
60,61,0.779,0.828,-0.012
60,62,0.804,0.848,-0.01
60,63,0.765,0.816,-0.013
60,64,0.858,0.892,-0.007
60,65,0.763,0.815,-0.013
60,66,0.609,0.682,-0.021
60,67,0.535,0.614,-0.026
60,68,0.786,0.834,-0.011
60,69,0.71,0.77,-0.015
60,7,0.423,0.506,-0.03
60,70,0.812,0.855,-0.01
60,71,0.887,0.915,-0.006
60,72,0.532,0.612,-0.026
60,73,0.461,0.543,-0.03
60,74,0.27,0.347,-0.046
60,75,0.34,0.422,-0.039
60,76,0.253,0.329,-0.047
60,77,0.245,0.321,-0.048
60,78,0.227,0.3,-0.049
60,79,0.257,0.334,-0.046
60,8,0.259,0.335,-0.042
60,80,0.184,0.251,-0.054
60,81,0.19,0.258,-0.054
60,82,0.188,0.256,-0.054
60,83,0.12,0.175,-0.063
60,84,0.096,0.143,-0.068
60,85,0.108,0.159,-0.066
60,86,0.06,0.096,-0.077
60,87,0.123,0.178,-0.063
60,88,0.079,0.122,-0.072
60,89,0.077,0.119,-0.073
60,9,0.146,0.206,-0.054
60,90,0.033,0.058,-0.087
60,91,0.049,0.081,-0.081
60,92,0.023,0.043,-0.094
60,93,0.023,0.043,-0.094
60,94,0.014,0.028,-0.103
60,95,0.007,0.015,-0.113
60,96,0.011,0.023,-0.107
60,97,0.007,0.015,-0.115
60,98,0.026,0.047,-0.096
60,99,0.018,0.034,-0.103
61,10,0.217,0.289,-0.045
61,100,0.002,0.005,-0.137
61,101,0.003,0.008,-0.131
61,102,0.006,0.014,-0.124
61,103,0.005,0.012,-0.128
61,104,0.01,0.02,-0.12
61,105,0.003,0.007,-0.142
61,106,0.004,0.009,-0.141
61,107,0.002,0.004,-0.157
61,108,0.006,0.013,-0.139
61,109,0.006,0.013,-0.143
61,11,0.278,0.357,-0.04
61,110,0.013,0.026,-0.132
61,111,0.013,0.025,-0.136
61,112,0.007,0.016,-0.149
61,113,0.007,0.015,-0.153
61,114,0.011,0.023,-0.145
61,115,0.01,0.02,-0.149
61,116,0.015,0.03,-0.14
61,117,0.012,0.024,-0.145
61,118,0.02,0.038,-0.134
61,119,0.04,0.068,-0.118
61,12,0.387,0.47,-0.031
61,120,0.019,0.036,-0.134
61,121,0.063,0.1,-0.106
61,122,0.083,0.127,-0.098
61,123,0.081,0.124,-0.099
61,124,0.062,0.099,-0.105
61,125,0.107,0.158,-0.091
61,126,0.215,0.287,-0.07
61,127,0.171,0.235,-0.077
61,128,0.152,0.213,-0.08
61,129,0.151,0.212,-0.08
61,13,0.438,0.521,-0.028
61,130,0.128,0.184,-0.085
61,131,0.176,0.241,-0.076
61,132,0.162,0.226,-0.079
61,133,0.147,0.207,-0.082
61,134,0.094,0.141,-0.095
61,135,0.212,0.283,-0.072
61,136,0.136,0.194,-0.086
61,137,0.195,0.264,-0.075
61,138,0.133,0.19,-0.088
61,139,0.104,0.154,-0.095
61,14,0.219,0.291,-0.044
61,140,0.067,0.106,-0.107
61,141,0.048,0.08,-0.116
61,142,0.045,0.076,-0.116
61,143,0.042,0.071,-0.117
61,144,0.026,0.047,-0.127
61,145,0.026,0.047,-0.125
61,146,0.034,0.059,-0.118
61,147,0.025,0.045,-0.123
61,148,0.015,0.029,-0.131
61,149,0.014,0.028,-0.13
61,15,0.44,0.523,-0.028
61,150,0.014,0.028,-0.128
61,151,0.015,0.029,-0.125
61,152,0.011,0.023,-0.128
61,153,0.01,0.021,-0.129
61,154,0.005,0.012,-0.138
61,155,0.008,0.017,-0.13
61,156,0.009,0.018,-0.127
61,157,0.013,0.025,-0.119
61,158,0.012,0.024,-0.119
61,159,0.014,0.027,-0.115
61,16,0.492,0.573,-0.025
61,160,0.016,0.031,-0.112
61,161,0.014,0.028,-0.112
61,162,0.01,0.02,-0.118
61,163,0.035,0.061,-0.095
61,164,0.022,0.041,-0.102
61,165,0.014,0.028,-0.109
61,166,0.017,0.033,-0.105
61,167,0.026,0.047,-0.098
61,168,0.04,0.067,-0.09
61,169,0.028,0.05,-0.095
61,17,0.591,0.666,-0.019
61,170,0.066,0.104,-0.08
61,171,0.033,0.058,-0.092
61,172,0.076,0.118,-0.076
61,173,0.113,0.166,-0.068
61,174,0.055,0.089,-0.082
61,175,0.043,0.073,-0.087
61,176,0.077,0.119,-0.076
61,177,0.054,0.088,-0.083
61,178,0.111,0.162,-0.069
61,179,0.085,0.13,-0.074
61,18,0.46,0.543,-0.027
61,180,0.045,0.075,-0.087
61,181,0.069,0.109,-0.079
61,182,0.061,0.098,-0.081
61,183,0.089,0.135,-0.074
61,184,0.127,0.183,-0.067
61,185,0.092,0.138,-0.074
61,186,0.084,0.128,-0.076
61,187,0.102,0.151,-0.072
61,188,0.123,0.177,-0.068
61,189,0.115,0.168,-0.069
61,19,0.535,0.614,-0.022
61,190,0.101,0.151,-0.073
61,191,0.181,0.248,-0.059
61,192,0.213,0.284,-0.055
61,193,0.233,0.306,-0.053
61,194,0.189,0.257,-0.058
61,195,0.267,0.344,-0.05
61,196,0.171,0.236,-0.061
61,197,0.127,0.183,-0.068
61,198,0.186,0.253,-0.059
61,199,0.171,0.236,-0.061
61,20,0.38,0.463,-0.032
61,200,0.189,0.257,-0.059
61,201,0.212,0.283,-0.056
61,202,0.185,0.252,-0.059
61,203,0.232,0.305,-0.054
61,204,0.276,0.354,-0.049
61,205,0.319,0.399,-0.045
61,206,0.385,0.468,-0.039
61,207,0.256,0.332,-0.051
61,208,0.246,0.321,-0.052
61,209,0.28,0.358,-0.049
61,21,0.55,0.628,-0.022
61,210,0.225,0.298,-0.055
61,211,0.229,0.303,-0.054
61,212,0.229,0.302,-0.054
61,213,0.16,0.223,-0.064
61,214,0.152,0.213,-0.065
61,215,0.15,0.211,-0.065
61,216,0.137,0.195,-0.067
61,217,0.16,0.222,-0.063
61,218,0.156,0.218,-0.064
61,219,0.165,0.228,-0.063
61,22,0.574,0.651,-0.02
61,220,0.082,0.126,-0.078
61,221,0.167,0.231,-0.062
61,222,0.106,0.156,-0.073
61,223,0.137,0.195,-0.067
61,224,0.129,0.185,-0.069
61,225,0.138,0.196,-0.067
61,226,0.151,0.212,-0.065
61,227,0.145,0.205,-0.066
61,228,0.244,0.319,-0.053
61,229,0.243,0.318,-0.053
61,23,0.357,0.439,-0.034
61,230,0.199,0.269,-0.059
61,231,0.219,0.291,-0.056
61,232,0.297,0.376,-0.048
61,233,0.224,0.297,-0.056
61,234,0.204,0.274,-0.059
61,235,0.143,0.202,-0.068
61,236,0.174,0.239,-0.064
61,237,0.202,0.272,-0.06
61,238,0.121,0.175,-0.074
61,239,0.067,0.105,-0.088
61,24,0.72,0.779,-0.013
61,240,0.081,0.124,-0.085
61,241,0.078,0.12,-0.086
61,242,0.122,0.176,-0.076
61,243,0.137,0.195,-0.074
61,244,0.075,0.117,-0.089
61,245,0.186,0.254,-0.067
61,246,0.237,0.311,-0.061
61,247,0.192,0.26,-0.068
61,248,0.148,0.208,-0.077
61,249,0.159,0.222,-0.077
61,25,0.663,0.73,-0.016
61,250,0.201,0.271,-0.071
61,251,0.251,0.326,-0.065
61,26,0.513,0.593,-0.024
61,27,0.59,0.664,-0.02
61,28,0.569,0.645,-0.021
61,29,0.517,0.598,-0.024
61,30,0.485,0.567,-0.026
61,31,0.597,0.671,-0.02
61,32,0.459,0.541,-0.028
61,33,0.566,0.643,-0.022
61,34,0.55,0.628,-0.023
61,35,0.553,0.63,-0.023
61,36,0.856,0.89,-0.007
61,37,0.425,0.508,-0.031
61,38,0.532,0.612,-0.024
61,39,0.562,0.639,-0.023
61,40,0.353,0.435,-0.037
61,41,0.489,0.57,-0.027
61,42,0.503,0.584,-0.027
61,43,0.684,0.748,-0.016
61,44,0.528,0.608,-0.025
61,45,0.715,0.774,-0.015
61,46,0.652,0.72,-0.018
61,47,0.589,0.664,-0.022
61,48,0.95,0.963,-0.003
61,49,0.857,0.891,-0.007
61,50,0.812,0.855,-0.01
61,51,0.74,0.795,-0.014
61,52,0.759,0.811,-0.013
61,53,0.961,0.971,-0.002
61,54,0.964,0.973,-0.002
61,55,0.732,0.789,-0.014
61,56,0.743,0.798,-0.014
61,57,0.917,0.938,-0.004
61,58,0.89,0.917,-0.006
61,59,0.666,0.732,-0.018
61,6,0.318,0.399,-0.038
61,60,0.634,0.704,-0.02
61,61,0.844,0.88,-0.008
61,62,0.748,0.802,-0.013
61,63,0.685,0.748,-0.017
61,64,0.799,0.844,-0.011
61,65,0.838,0.875,-0.009
61,66,0.623,0.694,-0.021
61,67,0.634,0.704,-0.02
61,68,0.577,0.653,-0.023
61,69,0.53,0.61,-0.026
61,7,0.421,0.504,-0.03
61,70,0.539,0.618,-0.026
61,71,0.448,0.53,-0.032
61,72,0.452,0.534,-0.031
61,73,0.224,0.297,-0.05
61,74,0.262,0.339,-0.046
61,75,0.253,0.329,-0.047
61,76,0.194,0.263,-0.053
61,77,0.245,0.32,-0.048
61,78,0.149,0.21,-0.059
61,79,0.126,0.181,-0.063
61,8,0.481,0.563,-0.026
61,80,0.192,0.26,-0.054
61,81,0.136,0.194,-0.061
61,82,0.116,0.169,-0.064
61,83,0.111,0.163,-0.065
61,84,0.071,0.111,-0.074
61,85,0.065,0.103,-0.076
61,86,0.099,0.148,-0.068
61,87,0.049,0.08,-0.081
61,88,0.038,0.065,-0.085
61,89,0.024,0.044,-0.093
61,9,0.476,0.558,-0.026
61,90,0.039,0.066,-0.086
61,91,0.026,0.047,-0.092
61,92,0.008,0.016,-0.112
61,93,0.029,0.052,-0.091
61,94,0.01,0.02,-0.109
61,95,0.009,0.018,-0.111
61,96,0.01,0.02,-0.11
61,97,0.01,0.021,-0.111
61,98,0.006,0.013,-0.119
61,99,0.01,0.021,-0.112
62,10,0.2,0.27,-0.047
62,100,0.003,0.006,-0.134
62,101,0.006,0.012,-0.124
62,102,0.004,0.009,-0.131
62,103,0.004,0.01,-0.131
62,104,0.002,0.005,-0.145
62,105,0.001,0.002,-0.161
62,106,0.001,0.002,-0.165
62,107,0.003,0.007,-0.149
62,108,0.004,0.009,-0.147
62,109,0.002,0.005,-0.162
62,11,0.187,0.254,-0.048
62,110,0.001,0.004,-0.171
62,111,0.004,0.01,-0.157
62,112,0.005,0.011,-0.158
62,113,0.006,0.013,-0.155
62,114,0.019,0.035,-0.134
62,115,0.017,0.033,-0.136
62,116,0.033,0.058,-0.122
62,117,0.015,0.029,-0.139
62,118,0.03,0.052,-0.124
62,119,0.05,0.082,-0.111
62,12,0.252,0.328,-0.042
62,120,0.033,0.058,-0.12
62,121,0.044,0.074,-0.113
62,122,0.037,0.064,-0.116
62,123,0.061,0.098,-0.104
62,124,0.098,0.146,-0.091
62,125,0.118,0.171,-0.086
62,126,0.1,0.149,-0.09
62,127,0.068,0.107,-0.1
62,128,0.095,0.143,-0.091
62,129,0.137,0.196,-0.081
62,13,0.26,0.337,-0.041
62,130,0.138,0.196,-0.081
62,131,0.199,0.269,-0.071
62,132,0.195,0.263,-0.072
62,133,0.171,0.235,-0.076
62,134,0.144,0.203,-0.082
62,135,0.188,0.255,-0.074
62,136,0.197,0.266,-0.073
62,137,0.144,0.204,-0.083
62,138,0.103,0.153,-0.094
62,139,0.114,0.167,-0.092
62,14,0.185,0.252,-0.048
62,140,0.088,0.133,-0.099
62,141,0.112,0.164,-0.093
62,142,0.039,0.067,-0.12
62,143,0.031,0.055,-0.125
62,144,0.02,0.037,-0.133
62,145,0.021,0.038,-0.131
62,146,0.013,0.026,-0.138
62,147,0.011,0.023,-0.139
62,148,0.008,0.017,-0.144
62,149,0.012,0.025,-0.133
62,15,0.242,0.317,-0.042
62,150,0.011,0.023,-0.133
62,151,0.011,0.022,-0.132
62,152,0.012,0.023,-0.128
62,153,0.012,0.024,-0.126
62,154,0.009,0.018,-0.13
62,155,0.017,0.033,-0.117
62,156,0.017,0.032,-0.115
62,157,0.008,0.017,-0.128
62,158,0.028,0.05,-0.104
62,159,0.012,0.024,-0.118
62,16,0.171,0.236,-0.049
62,160,0.023,0.042,-0.105
62,161,0.015,0.029,-0.112
62,162,0.014,0.027,-0.112
62,163,0.039,0.066,-0.093
62,164,0.063,0.1,-0.083
62,165,0.036,0.062,-0.093
62,166,0.024,0.043,-0.1
62,167,0.028,0.05,-0.096
62,168,0.068,0.107,-0.08
62,169,0.078,0.12,-0.077
62,17,0.328,0.41,-0.035
62,170,0.097,0.145,-0.072
62,171,0.071,0.111,-0.078
62,172,0.153,0.214,-0.062
62,173,0.11,0.162,-0.069
62,174,0.059,0.095,-0.081
62,175,0.058,0.094,-0.081
62,176,0.106,0.157,-0.069
62,177,0.099,0.148,-0.071
62,178,0.113,0.166,-0.068
62,179,0.124,0.179,-0.066
62,18,0.207,0.278,-0.045
62,180,0.052,0.085,-0.083
62,181,0.055,0.089,-0.083
62,182,0.041,0.069,-0.089
62,183,0.04,0.068,-0.089
62,184,0.079,0.122,-0.076
62,185,0.091,0.138,-0.074
62,186,0.079,0.122,-0.077
62,187,0.073,0.114,-0.079
62,188,0.094,0.141,-0.074
62,189,0.084,0.128,-0.076
62,19,0.137,0.195,-0.053
62,190,0.075,0.116,-0.078
62,191,0.065,0.103,-0.081
62,192,0.084,0.129,-0.077
62,193,0.085,0.13,-0.076
62,194,0.115,0.168,-0.07
62,195,0.056,0.091,-0.085
62,196,0.03,0.054,-0.097
62,197,0.045,0.076,-0.09
62,198,0.077,0.119,-0.079
62,199,0.088,0.133,-0.077
62,20,0.354,0.436,-0.033
62,200,0.064,0.102,-0.083
62,201,0.073,0.113,-0.081
62,202,0.14,0.198,-0.067
62,203,0.154,0.216,-0.064
62,204,0.121,0.176,-0.07
62,205,0.14,0.199,-0.066
62,206,0.246,0.321,-0.052
62,207,0.189,0.257,-0.059
62,208,0.106,0.156,-0.073
62,209,0.192,0.26,-0.059
62,21,0.358,0.441,-0.033
62,210,0.31,0.39,-0.046
62,211,0.244,0.319,-0.053
62,212,0.176,0.242,-0.061
62,213,0.236,0.31,-0.053
62,214,0.205,0.275,-0.057
62,215,0.161,0.224,-0.063
62,216,0.18,0.246,-0.06
62,217,0.148,0.208,-0.065
62,218,0.121,0.175,-0.069
62,219,0.127,0.183,-0.068
62,22,0.428,0.511,-0.029
62,220,0.131,0.188,-0.068
62,221,0.108,0.159,-0.072
62,222,0.148,0.208,-0.065
62,223,0.147,0.207,-0.065
62,224,0.154,0.215,-0.064
62,225,0.154,0.215,-0.064
62,226,0.172,0.236,-0.062
62,227,0.176,0.242,-0.061
62,228,0.251,0.327,-0.052
62,229,0.239,0.314,-0.054
62,23,0.429,0.512,-0.029
62,230,0.309,0.39,-0.046
62,231,0.254,0.33,-0.052
62,232,0.306,0.386,-0.047
62,233,0.249,0.325,-0.053
62,234,0.295,0.374,-0.049
62,235,0.27,0.347,-0.051
62,236,0.301,0.381,-0.049
62,237,0.192,0.26,-0.062
62,238,0.322,0.403,-0.047
62,239,0.205,0.275,-0.061
62,24,0.328,0.409,-0.036
62,240,0.2,0.269,-0.062
62,241,0.354,0.436,-0.045
62,242,0.235,0.309,-0.058
62,243,0.282,0.361,-0.053
62,244,0.34,0.422,-0.048
62,245,0.392,0.475,-0.044
62,246,0.233,0.307,-0.061
62,247,0.297,0.377,-0.054
62,248,0.252,0.328,-0.061
62,249,0.372,0.455,-0.048
62,25,0.394,0.477,-0.031
62,250,0.262,0.338,-0.062
62,251,0.348,0.43,-0.053
62,26,0.56,0.637,-0.021
62,27,0.37,0.452,-0.033
62,28,0.438,0.521,-0.029
62,29,0.242,0.317,-0.043
62,30,0.525,0.604,-0.024
62,31,0.609,0.682,-0.019
62,32,0.396,0.479,-0.032
62,33,0.422,0.505,-0.03
62,34,0.592,0.667,-0.02
62,35,0.491,0.573,-0.026
62,36,0.442,0.525,-0.03
62,37,0.484,0.566,-0.027
62,38,0.766,0.817,-0.012
62,39,0.787,0.835,-0.01
62,40,0.579,0.655,-0.022
62,41,0.595,0.669,-0.021
62,42,0.605,0.678,-0.021
62,43,0.663,0.73,-0.017
62,44,0.731,0.788,-0.014
62,45,0.586,0.661,-0.022
62,46,0.729,0.786,-0.014
62,47,0.527,0.607,-0.026
62,48,0.487,0.569,-0.028
62,49,0.97,0.978,-0.002
62,50,0.808,0.852,-0.01
62,51,0.819,0.861,-0.009
62,52,0.676,0.741,-0.017
62,53,0.707,0.767,-0.016
62,54,0.886,0.914,-0.006
62,55,0.846,0.882,-0.008
62,56,0.903,0.926,0.005
62,57,0.979,0.985,0.001
62,58,0.985,0.989,0.001
62,59,0.79,0.837,-0.011
62,6,0.34,0.422,-0.036
62,60,0.956,0.967,-0.002
62,61,0.916,0.937,-0.004
62,62,0.945,0.959,-0.003
62,63,0.976,0.982,-0.001
62,64,0.845,0.882,-0.008
62,65,0.877,0.906,-0.007
62,66,0.94,0.955,-0.003
62,67,0.832,0.871,-0.009
62,68,0.826,0.866,-0.009
62,69,0.572,0.648,-0.024
62,7,0.283,0.362,-0.04
62,70,0.524,0.604,-0.027
62,71,0.476,0.558,-0.03
62,72,0.339,0.421,-0.04
62,73,0.339,0.421,-0.04
62,74,0.382,0.465,-0.036
62,75,0.368,0.451,-0.037
62,76,0.268,0.345,-0.046
62,77,0.316,0.397,-0.041
62,78,0.236,0.31,-0.049
62,79,0.202,0.271,-0.052
62,8,0.272,0.35,-0.041
62,80,0.167,0.231,-0.057
62,81,0.116,0.169,-0.064
62,82,0.153,0.214,-0.058
62,83,0.087,0.133,-0.07
62,84,0.115,0.167,-0.065
62,85,0.098,0.146,-0.068
62,86,0.076,0.118,-0.073
62,87,0.021,0.039,-0.095
62,88,0.054,0.088,-0.079
62,89,0.054,0.088,-0.08
62,9,0.28,0.359,-0.04
62,90,0.028,0.05,-0.091
62,91,0.023,0.042,-0.095
62,92,0.042,0.071,-0.085
62,93,0.019,0.036,-0.098
62,94,0.01,0.02,-0.109
62,95,0.023,0.042,-0.097
62,96,0.023,0.042,-0.097
62,97,0.024,0.044,-0.097
62,98,0.013,0.025,-0.108
62,99,0.007,0.015,-0.118
63,10,0.402,0.486,-0.031
63,100,0.005,0.011,-0.125
63,101,0.007,0.016,-0.12
63,102,0.004,0.01,-0.131
63,103,0.003,0.007,-0.138
63,104,0.002,0.006,-0.145
63,105,0.004,0.009,-0.139
63,106,0.003,0.007,-0.148
63,107,0.003,0.008,-0.148
63,108,0.002,0.005,-0.159
63,109,0.003,0.007,-0.157
63,11,0.602,0.675,-0.019
63,110,0.004,0.009,-0.156
63,111,0.006,0.013,-0.152
63,112,0.002,0.006,-0.17
63,113,0.008,0.016,-0.151
63,114,0.007,0.015,-0.153
63,115,0.02,0.037,-0.133
63,116,0.019,0.036,-0.134
63,117,0.029,0.051,-0.125
63,118,0.036,0.063,-0.118
63,119,0.032,0.056,-0.121
63,12,0.664,0.73,-0.016
63,120,0.061,0.098,-0.104
63,121,0.051,0.084,-0.108
63,122,0.056,0.09,-0.105
63,123,0.072,0.112,-0.099
63,124,0.061,0.097,-0.103
63,125,0.082,0.125,-0.095
63,126,0.082,0.125,-0.095
63,127,0.083,0.127,-0.094
63,128,0.122,0.176,-0.084
63,129,0.106,0.157,-0.087
63,13,0.46,0.543,-0.026
63,130,0.093,0.14,-0.091
63,131,0.054,0.088,-0.105
63,132,0.065,0.103,-0.101
63,133,0.124,0.179,-0.084
63,134,0.086,0.13,-0.095
63,135,0.097,0.145,-0.092
63,136,0.105,0.156,-0.09
63,137,0.083,0.127,-0.098
63,138,0.053,0.086,-0.11
63,139,0.072,0.112,-0.103
63,14,0.491,0.573,-0.025
63,140,0.041,0.07,-0.118
63,141,0.049,0.081,-0.114
63,142,0.041,0.07,-0.118
63,143,0.047,0.077,-0.114
63,144,0.051,0.084,-0.111
63,145,0.026,0.048,-0.125
63,146,0.022,0.04,-0.128
63,147,0.039,0.066,-0.113
63,148,0.021,0.04,-0.124
63,149,0.032,0.055,-0.114
63,15,0.537,0.616,-0.022
63,150,0.017,0.033,-0.125
63,151,0.032,0.057,-0.11
63,152,0.02,0.037,-0.119
63,153,0.023,0.042,-0.114
63,154,0.016,0.031,-0.119
63,155,0.018,0.034,-0.116
63,156,0.029,0.051,-0.106
63,157,0.024,0.044,-0.108
63,158,0.034,0.058,-0.1
63,159,0.017,0.033,-0.111
63,16,0.58,0.656,-0.02
63,160,0.022,0.04,-0.107
63,161,0.024,0.044,-0.104
63,162,0.03,0.053,-0.099
63,163,0.024,0.044,-0.102
63,164,0.026,0.048,-0.099
63,165,0.022,0.04,-0.102
63,166,0.039,0.066,-0.091
63,167,0.052,0.085,-0.085
63,168,0.075,0.117,-0.077
63,169,0.076,0.118,-0.077
63,17,0.353,0.436,-0.033
63,170,0.072,0.112,-0.078
63,171,0.07,0.109,-0.078
63,172,0.104,0.155,-0.07
63,173,0.085,0.129,-0.074
63,174,0.067,0.106,-0.078
63,175,0.058,0.093,-0.081
63,176,0.112,0.165,-0.068
63,177,0.091,0.137,-0.073
63,178,0.105,0.155,-0.07
63,179,0.136,0.194,-0.064
63,18,0.554,0.632,-0.021
63,180,0.092,0.139,-0.072
63,181,0.064,0.101,-0.08
63,182,0.073,0.114,-0.078
63,183,0.083,0.127,-0.075
63,184,0.063,0.101,-0.081
63,185,0.098,0.147,-0.072
63,186,0.041,0.069,-0.089
63,187,0.066,0.104,-0.081
63,188,0.093,0.139,-0.074
63,189,0.07,0.109,-0.08
63,19,0.589,0.664,-0.019
63,190,0.048,0.08,-0.087
63,191,0.033,0.057,-0.094
63,192,0.089,0.135,-0.075
63,193,0.076,0.117,-0.079
63,194,0.106,0.157,-0.072
63,195,0.09,0.136,-0.076
63,196,0.081,0.124,-0.078
63,197,0.088,0.133,-0.076
63,198,0.082,0.126,-0.078
63,199,0.06,0.096,-0.085
63,20,0.734,0.79,-0.012
63,200,0.11,0.162,-0.072
63,201,0.158,0.221,-0.064
63,202,0.173,0.238,-0.061
63,203,0.191,0.26,-0.059
63,204,0.31,0.39,-0.046
63,205,0.19,0.258,-0.059
63,206,0.182,0.248,-0.06
63,207,0.155,0.216,-0.064
63,208,0.324,0.405,-0.045
63,209,0.282,0.36,-0.049
63,21,0.813,0.856,-0.008
63,210,0.226,0.299,-0.055
63,211,0.261,0.338,-0.051
63,212,0.244,0.319,-0.052
63,213,0.231,0.305,-0.054
63,214,0.337,0.419,-0.043
63,215,0.195,0.264,-0.058
63,216,0.117,0.17,-0.071
63,217,0.189,0.257,-0.059
63,218,0.197,0.266,-0.058
63,219,0.143,0.202,-0.066
63,22,0.896,0.921,-0.005
63,220,0.222,0.294,-0.055
63,221,0.176,0.242,-0.061
63,222,0.112,0.164,-0.072
63,223,0.143,0.202,-0.066
63,224,0.154,0.216,-0.064
63,225,0.147,0.207,-0.066
63,226,0.154,0.216,-0.064
63,227,0.145,0.204,-0.066
63,228,0.173,0.238,-0.062
63,229,0.383,0.466,-0.04
63,23,0.541,0.619,-0.022
63,230,0.178,0.244,-0.061
63,231,0.229,0.303,-0.055
63,232,0.306,0.386,-0.047
63,233,0.226,0.299,-0.056
63,234,0.183,0.25,-0.062
63,235,0.1,0.149,-0.076
63,236,0.117,0.171,-0.073
63,237,0.166,0.23,-0.065
63,238,0.208,0.279,-0.06
63,239,0.33,0.411,-0.046
63,24,0.701,0.762,-0.014
63,240,0.248,0.324,-0.055
63,241,0.238,0.312,-0.057
63,242,0.253,0.329,-0.056
63,243,0.232,0.306,-0.059
63,244,0.264,0.341,-0.056
63,245,0.31,0.39,-0.052
63,246,0.276,0.353,-0.056
63,247,0.304,0.384,-0.054
63,248,0.292,0.372,-0.056
63,249,0.389,0.472,-0.047
63,25,0.768,0.819,-0.011
63,250,0.281,0.36,-0.06
63,251,0.319,0.4,-0.057
63,26,0.822,0.863,-0.008
63,27,0.63,0.701,-0.018
63,28,0.534,0.613,-0.023
63,29,0.84,0.877,-0.007
63,30,0.646,0.715,-0.017
63,31,0.646,0.715,-0.017
63,32,0.628,0.699,-0.018
63,33,0.748,0.802,-0.012
63,34,0.807,0.851,-0.009
63,35,0.823,0.864,-0.009
63,36,0.886,0.914,-0.005
63,37,0.925,0.944,0.004
63,38,0.689,0.752,-0.016
63,39,0.804,0.849,-0.01
63,40,0.959,0.97,-0.002
63,41,0.786,0.834,-0.011
63,42,0.789,0.836,-0.011
63,43,0.845,0.882,-0.008
63,44,0.836,0.874,-0.008
63,45,0.924,0.943,0.004
63,46,0.869,0.901,0.007
63,47,0.984,0.988,0.001
63,48,0.843,0.88,-0.008
63,49,0.678,0.743,-0.017
63,50,0.629,0.7,-0.02
63,51,0.502,0.583,-0.028
63,52,0.606,0.679,-0.021
63,53,0.576,0.652,-0.023
63,54,0.512,0.592,-0.027
63,55,0.517,0.597,-0.027
63,56,0.841,0.878,-0.008
63,57,0.744,0.798,-0.014
63,58,0.799,0.844,-0.011
63,59,0.84,0.877,-0.008
63,6,0.505,0.586,-0.025
63,60,0.628,0.699,-0.02
63,61,0.779,0.828,-0.012
63,62,0.871,0.902,-0.007
63,63,0.622,0.694,-0.021
63,64,0.855,0.889,-0.008
63,65,0.686,0.75,-0.017
63,66,0.51,0.59,-0.028
63,67,0.485,0.567,-0.029
63,68,0.588,0.663,-0.023
63,69,0.501,0.582,-0.028
63,7,0.327,0.409,-0.037
63,70,0.45,0.533,-0.031
63,71,0.36,0.443,-0.038
63,72,0.326,0.407,-0.041
63,73,0.272,0.349,-0.045
63,74,0.288,0.367,-0.044
63,75,0.277,0.355,-0.045
63,76,0.184,0.25,-0.055
63,77,0.196,0.265,-0.053
63,78,0.135,0.193,-0.061
63,79,0.113,0.165,-0.065
63,8,0.415,0.498,-0.03
63,80,0.165,0.229,-0.057
63,81,0.211,0.282,-0.051
63,82,0.116,0.169,-0.064
63,83,0.096,0.144,-0.068
63,84,0.097,0.145,-0.068
63,85,0.087,0.133,-0.07
63,86,0.123,0.178,-0.064
63,87,0.083,0.127,-0.071
63,88,0.044,0.073,-0.083
63,89,0.031,0.054,-0.089
63,9,0.568,0.645,-0.021
63,90,0.032,0.056,-0.089
63,91,0.049,0.08,-0.082
63,92,0.025,0.045,-0.094
63,93,0.013,0.026,-0.104
63,94,0.03,0.052,-0.092
63,95,0.034,0.059,-0.09
63,96,0.012,0.024,-0.107
63,97,0.016,0.031,-0.103
63,98,0.02,0.038,-0.101
63,99,0.005,0.011,-0.123
64,10,0.785,0.833,-0.01
64,100,0.002,0.005,-0.137
64,101,0.004,0.01,-0.129
64,102,0.002,0.005,-0.143
64,103,0.003,0.006,-0.14
64,104,0.002,0.005,-0.147
64,105,0.0,0.001,-0.169
64,106,0.002,0.005,-0.152
64,107,0.002,0.006,-0.155
64,108,0.006,0.013,-0.142
64,109,0.003,0.008,-0.154
64,11,0.442,0.525,-0.028
64,110,0.005,0.012,-0.15
64,111,0.005,0.012,-0.152
64,112,0.005,0.011,-0.158
64,113,0.004,0.009,-0.164
64,114,0.012,0.024,-0.143
64,115,0.014,0.028,-0.14
64,116,0.029,0.052,-0.124
64,117,0.034,0.059,-0.121
64,118,0.024,0.044,-0.127
64,119,0.039,0.066,-0.116
64,12,0.672,0.738,-0.015
64,120,0.036,0.062,-0.117
64,121,0.021,0.039,-0.128
64,122,0.036,0.062,-0.115
64,123,0.061,0.098,-0.102
64,124,0.062,0.099,-0.102
64,125,0.111,0.163,-0.087
64,126,0.124,0.179,-0.084
64,127,0.17,0.235,-0.075
64,128,0.145,0.204,-0.079
64,129,0.159,0.222,-0.077
64,13,0.319,0.4,-0.036
64,130,0.206,0.276,-0.069
64,131,0.227,0.3,-0.066
64,132,0.274,0.352,-0.06
64,133,0.246,0.321,-0.064
64,134,0.153,0.215,-0.079
64,135,0.158,0.221,-0.078
64,136,0.195,0.264,-0.072
64,137,0.12,0.174,-0.088
64,138,0.12,0.175,-0.088
64,139,0.1,0.148,-0.094
64,14,0.551,0.629,-0.021
64,140,0.101,0.15,-0.095
64,141,0.058,0.094,-0.11
64,142,0.027,0.048,-0.128
64,143,0.035,0.061,-0.121
64,144,0.018,0.033,-0.136
64,145,0.008,0.018,-0.149
64,146,0.009,0.019,-0.145
64,147,0.005,0.012,-0.153
64,148,0.003,0.008,-0.16
64,149,0.006,0.013,-0.146
64,15,0.471,0.554,-0.026
64,150,0.007,0.014,-0.142
64,151,0.003,0.008,-0.152
64,152,0.007,0.014,-0.138
64,153,0.005,0.011,-0.141
64,154,0.006,0.013,-0.137
64,155,0.003,0.007,-0.145
64,156,0.011,0.022,-0.123
64,157,0.012,0.025,-0.119
64,158,0.013,0.025,-0.118
64,159,0.011,0.023,-0.118
64,16,0.413,0.496,-0.029
64,160,0.023,0.042,-0.105
64,161,0.011,0.023,-0.116
64,162,0.025,0.045,-0.102
64,163,0.022,0.041,-0.103
64,164,0.049,0.081,-0.088
64,165,0.05,0.082,-0.087
64,166,0.028,0.05,-0.097
64,167,0.03,0.053,-0.095
64,168,0.045,0.075,-0.087
64,169,0.037,0.063,-0.09
64,17,0.364,0.446,-0.032
64,170,0.038,0.065,-0.09
64,171,0.034,0.059,-0.091
64,172,0.037,0.063,-0.09
64,173,0.037,0.064,-0.089
64,174,0.041,0.07,-0.087
64,175,0.02,0.038,-0.1
64,176,0.027,0.048,-0.095
64,177,0.04,0.068,-0.088
64,178,0.031,0.055,-0.092
64,179,0.033,0.057,-0.092
64,18,0.257,0.333,-0.04
64,180,0.022,0.04,-0.099
64,181,0.039,0.067,-0.089
64,182,0.036,0.062,-0.091
64,183,0.069,0.108,-0.079
64,184,0.082,0.126,-0.076
64,185,0.097,0.145,-0.072
64,186,0.05,0.082,-0.086
64,187,0.121,0.175,-0.068
64,188,0.092,0.138,-0.074
64,189,0.091,0.138,-0.074
64,19,0.555,0.633,-0.021
64,190,0.07,0.11,-0.08
64,191,0.115,0.168,-0.07
64,192,0.119,0.173,-0.069
64,193,0.097,0.145,-0.074
64,194,0.124,0.179,-0.068
64,195,0.212,0.284,-0.055
64,196,0.105,0.155,-0.072
64,197,0.117,0.171,-0.07
64,198,0.144,0.204,-0.066
64,199,0.113,0.165,-0.071
64,20,0.306,0.386,-0.037
64,200,0.064,0.101,-0.084
64,201,0.162,0.225,-0.063
64,202,0.206,0.276,-0.057
64,203,0.174,0.24,-0.061
64,204,0.137,0.195,-0.067
64,205,0.141,0.2,-0.066
64,206,0.081,0.124,-0.079
64,207,0.189,0.257,-0.059
64,208,0.219,0.292,-0.055
64,209,0.14,0.198,-0.067
64,21,0.221,0.293,-0.044
64,210,0.161,0.223,-0.063
64,211,0.144,0.204,-0.066
64,212,0.204,0.274,-0.057
64,213,0.18,0.246,-0.06
64,214,0.175,0.24,-0.061
64,215,0.194,0.263,-0.059
64,216,0.176,0.241,-0.061
64,217,0.197,0.267,-0.058
64,218,0.173,0.239,-0.061
64,219,0.247,0.322,-0.052
64,22,0.403,0.487,-0.03
64,220,0.249,0.324,-0.052
64,221,0.172,0.237,-0.061
64,222,0.283,0.361,-0.048
64,223,0.198,0.267,-0.058
64,224,0.251,0.326,-0.052
64,225,0.226,0.299,-0.055
64,226,0.21,0.281,-0.057
64,227,0.356,0.438,-0.042
64,228,0.331,0.413,-0.044
64,229,0.268,0.345,-0.05
64,23,0.219,0.291,-0.044
64,230,0.201,0.271,-0.058
64,231,0.229,0.302,-0.055
64,232,0.153,0.214,-0.066
64,233,0.148,0.208,-0.067
64,234,0.155,0.216,-0.066
64,235,0.113,0.165,-0.074
64,236,0.114,0.167,-0.074
64,237,0.12,0.174,-0.074
64,238,0.088,0.133,-0.081
64,239,0.109,0.161,-0.077
64,24,0.265,0.342,-0.04
64,240,0.135,0.193,-0.072
64,241,0.148,0.208,-0.071
64,242,0.121,0.175,-0.076
64,243,0.194,0.263,-0.065
64,244,0.175,0.24,-0.068
64,245,0.21,0.281,-0.064
64,246,0.154,0.215,-0.074
64,247,0.211,0.282,-0.066
64,248,0.257,0.333,-0.061
64,249,0.28,0.359,-0.059
64,25,0.42,0.503,-0.029
64,250,0.252,0.327,-0.064
64,251,0.263,0.34,-0.063
64,26,0.347,0.429,-0.034
64,27,0.412,0.496,-0.03
64,28,0.254,0.33,-0.042
64,29,0.232,0.306,-0.044
64,30,0.323,0.404,-0.037
64,31,0.315,0.396,-0.038
64,32,0.256,0.332,-0.043
64,33,0.327,0.408,-0.037
64,34,0.386,0.469,-0.033
64,35,0.316,0.397,-0.038
64,36,0.423,0.506,-0.031
64,37,0.434,0.517,-0.03
64,38,0.458,0.54,-0.029
64,39,0.507,0.587,-0.026
64,40,0.486,0.568,-0.027
64,41,0.769,0.819,-0.012
64,42,0.713,0.773,-0.015
64,43,0.439,0.522,-0.031
64,44,0.507,0.588,-0.027
64,45,0.549,0.627,-0.024
64,46,0.547,0.625,-0.024
64,47,0.597,0.671,-0.021
64,48,0.559,0.636,-0.024
64,49,0.854,0.888,-0.008
64,50,0.844,0.881,-0.008
64,51,0.804,0.848,-0.01
64,52,0.683,0.747,-0.017
64,53,0.749,0.803,-0.013
64,54,0.563,0.64,-0.024
64,55,0.746,0.8,-0.014
64,56,0.733,0.79,-0.014
64,57,0.575,0.651,-0.023
64,58,0.767,0.818,-0.012
64,59,0.582,0.657,-0.023
64,6,0.819,0.861,-0.009
64,60,0.37,0.453,-0.038
64,61,0.448,0.531,-0.032
64,62,0.428,0.511,-0.033
64,63,0.35,0.433,-0.039
64,64,0.522,0.602,-0.027
64,65,0.355,0.437,-0.039
64,66,0.362,0.444,-0.038
64,67,0.509,0.59,-0.027
64,68,0.437,0.52,-0.032
64,69,0.277,0.355,-0.045
64,7,0.828,0.868,-0.008
64,70,0.223,0.295,-0.051
64,71,0.335,0.417,-0.04
64,72,0.17,0.234,-0.057
64,73,0.241,0.315,-0.048
64,74,0.312,0.393,-0.042
64,75,0.186,0.254,-0.055
64,76,0.202,0.272,-0.053
64,77,0.186,0.253,-0.055
64,78,0.139,0.197,-0.061
64,79,0.195,0.264,-0.053
64,8,0.96,0.971,0.002
64,80,0.121,0.176,-0.063
64,81,0.194,0.262,-0.053
64,82,0.095,0.142,-0.069
64,83,0.043,0.073,-0.083
64,84,0.04,0.068,-0.084
64,85,0.026,0.048,-0.091
64,86,0.031,0.054,-0.088
64,87,0.035,0.061,-0.087
64,88,0.017,0.032,-0.099
64,89,0.012,0.025,-0.104
64,9,0.818,0.86,-0.009
64,90,0.022,0.041,-0.095
64,91,0.043,0.072,-0.084
64,92,0.021,0.04,-0.096
64,93,0.007,0.015,-0.113
64,94,0.009,0.019,-0.111
64,95,0.007,0.015,-0.115
64,96,0.007,0.015,-0.115
64,97,0.004,0.009,-0.124
64,98,0.003,0.007,-0.13
64,99,0.002,0.006,-0.134
65,10,0.343,0.425,-0.035
65,100,0.006,0.013,-0.123
65,101,0.003,0.007,-0.134
65,102,0.002,0.004,-0.144
65,103,0.003,0.007,-0.138
65,104,0.002,0.006,-0.143
65,105,0.003,0.007,-0.142
65,106,0.002,0.006,-0.148
65,107,0.003,0.007,-0.15
65,108,0.001,0.004,-0.165
65,109,0.004,0.009,-0.153
65,11,0.21,0.281,-0.046
65,110,0.004,0.009,-0.156
65,111,0.007,0.015,-0.148
65,112,0.005,0.011,-0.157
65,113,0.018,0.034,-0.134
65,114,0.026,0.046,-0.128
65,115,0.009,0.018,-0.151
65,116,0.02,0.038,-0.134
65,117,0.025,0.045,-0.129
65,118,0.025,0.046,-0.129
65,119,0.062,0.099,-0.106
65,12,0.258,0.334,-0.041
65,120,0.053,0.087,-0.11
65,121,0.056,0.091,-0.107
65,122,0.096,0.144,-0.093
65,123,0.084,0.128,-0.096
65,124,0.055,0.089,-0.106
65,125,0.079,0.121,-0.097
65,126,0.097,0.145,-0.091
65,127,0.182,0.249,-0.073
65,128,0.225,0.298,-0.066
65,129,0.123,0.177,-0.084
65,13,0.197,0.266,-0.046
65,130,0.088,0.134,-0.093
65,131,0.076,0.117,-0.097
65,132,0.116,0.169,-0.087
65,133,0.06,0.096,-0.104
65,134,0.074,0.116,-0.099
65,135,0.051,0.083,-0.109
65,136,0.036,0.061,-0.118
65,137,0.033,0.057,-0.122
65,138,0.041,0.069,-0.117
65,139,0.037,0.064,-0.121
65,14,0.139,0.198,-0.053
65,140,0.02,0.038,-0.135
65,141,0.012,0.024,-0.146
65,142,0.006,0.014,-0.158
65,143,0.005,0.012,-0.161
65,144,0.008,0.018,-0.15
65,145,0.007,0.015,-0.152
65,146,0.004,0.009,-0.161
65,147,0.009,0.019,-0.143
65,148,0.007,0.016,-0.144
65,149,0.007,0.016,-0.141
65,15,0.145,0.205,-0.052
65,150,0.006,0.013,-0.143
65,151,0.006,0.014,-0.14
65,152,0.007,0.015,-0.137
65,153,0.007,0.015,-0.134
65,154,0.004,0.009,-0.143
65,155,0.009,0.019,-0.127
65,156,0.014,0.027,-0.119
65,157,0.013,0.027,-0.117
65,158,0.009,0.018,-0.124
65,159,0.005,0.011,-0.131
65,16,0.125,0.181,-0.055
65,160,0.015,0.03,-0.112
65,161,0.019,0.035,-0.107
65,162,0.015,0.03,-0.11
65,163,0.014,0.027,-0.111
65,164,0.02,0.038,-0.103
65,165,0.025,0.045,-0.099
65,166,0.03,0.053,-0.095
65,167,0.02,0.038,-0.102
65,168,0.04,0.069,-0.089
65,169,0.065,0.103,-0.08
65,17,0.274,0.352,-0.039
65,170,0.042,0.071,-0.088
65,171,0.042,0.071,-0.087
65,172,0.078,0.121,-0.075
65,173,0.093,0.14,-0.072
65,174,0.051,0.084,-0.084
65,175,0.12,0.175,-0.067
65,176,0.172,0.237,-0.059
65,177,0.191,0.259,-0.056
65,178,0.095,0.143,-0.072
65,179,0.083,0.126,-0.075
65,18,0.357,0.44,-0.033
65,180,0.066,0.104,-0.079
65,181,0.052,0.085,-0.084
65,182,0.047,0.078,-0.086
65,183,0.037,0.064,-0.09
65,184,0.084,0.128,-0.075
65,185,0.129,0.185,-0.066
65,186,0.091,0.138,-0.074
65,187,0.079,0.122,-0.077
65,188,0.067,0.106,-0.08
65,189,0.1,0.149,-0.072
65,19,0.366,0.449,-0.032
65,190,0.053,0.086,-0.085
65,191,0.068,0.107,-0.081
65,192,0.115,0.168,-0.07
65,193,0.097,0.146,-0.074
65,194,0.122,0.176,-0.069
65,195,0.093,0.14,-0.075
65,196,0.114,0.166,-0.071
65,197,0.087,0.132,-0.077
65,198,0.127,0.182,-0.068
65,199,0.175,0.241,-0.061
65,20,0.279,0.357,-0.039
65,200,0.218,0.29,-0.055
65,201,0.242,0.317,-0.053
65,202,0.15,0.211,-0.065
65,203,0.133,0.19,-0.068
65,204,0.2,0.27,-0.058
65,205,0.146,0.206,-0.065
65,206,0.169,0.233,-0.062
65,207,0.115,0.168,-0.071
65,208,0.127,0.183,-0.069
65,209,0.164,0.227,-0.063
65,21,0.348,0.431,-0.034
65,210,0.158,0.22,-0.063
65,211,0.173,0.238,-0.061
65,212,0.155,0.217,-0.064
65,213,0.205,0.276,-0.057
65,214,0.139,0.197,-0.067
65,215,0.128,0.184,-0.069
65,216,0.166,0.229,-0.062
65,217,0.25,0.326,-0.052
65,218,0.237,0.312,-0.053
65,219,0.244,0.319,-0.052
65,22,0.322,0.403,-0.036
65,220,0.322,0.403,-0.045
65,221,0.265,0.342,-0.05
65,222,0.3,0.38,-0.047
65,223,0.316,0.396,-0.045
65,224,0.273,0.351,-0.049
65,225,0.323,0.404,-0.045
65,226,0.173,0.238,-0.062
65,227,0.231,0.304,-0.054
65,228,0.291,0.37,-0.048
65,229,0.238,0.312,-0.054
65,23,0.314,0.394,-0.037
65,230,0.207,0.277,-0.058
65,231,0.22,0.292,-0.056
65,232,0.239,0.313,-0.054
65,233,0.236,0.31,-0.055
65,234,0.23,0.303,-0.056
65,235,0.185,0.252,-0.062
65,236,0.21,0.28,-0.059
65,237,0.178,0.244,-0.064
65,238,0.219,0.291,-0.058
65,239,0.2,0.269,-0.062
65,24,0.472,0.555,-0.026
65,240,0.214,0.285,-0.06
65,241,0.245,0.321,-0.057
65,242,0.171,0.236,-0.068
65,243,0.221,0.294,-0.061
65,244,0.206,0.277,-0.064
65,245,0.203,0.273,-0.065
65,246,0.213,0.284,-0.065
65,247,0.263,0.339,-0.06
65,248,0.209,0.28,-0.068
65,249,0.215,0.286,-0.068
65,25,0.295,0.374,-0.038
65,250,0.165,0.229,-0.078
65,251,0.182,0.249,-0.076
65,26,0.418,0.501,-0.03
65,27,0.469,0.552,-0.027
65,28,0.245,0.32,-0.043
65,29,0.318,0.398,-0.037
65,30,0.328,0.409,-0.037
65,31,0.512,0.592,-0.025
65,32,0.466,0.549,-0.027
65,33,0.361,0.443,-0.035
65,34,0.478,0.56,-0.027
65,35,0.432,0.515,-0.03
65,36,0.383,0.466,-0.034
65,37,0.426,0.509,-0.031
65,38,0.423,0.506,-0.031
65,39,0.424,0.507,-0.031
65,40,0.387,0.47,-0.034
65,41,0.58,0.656,-0.022
65,42,0.529,0.608,-0.025
65,43,0.625,0.696,-0.019
65,44,0.631,0.701,-0.019
65,45,0.54,0.619,-0.025
65,46,0.422,0.505,-0.033
65,47,0.596,0.67,-0.022
65,48,0.755,0.808,-0.013
65,49,0.728,0.785,-0.014
65,50,0.553,0.631,-0.025
65,51,0.716,0.775,-0.015
65,52,0.762,0.814,-0.013
65,53,0.744,0.798,-0.014
65,54,0.768,0.819,-0.012
65,55,0.691,0.754,-0.017
65,56,0.599,0.673,-0.022
65,57,0.637,0.707,-0.02
65,58,0.609,0.682,-0.021
65,59,0.777,0.826,-0.012
65,6,0.44,0.523,-0.03
65,60,0.792,0.838,-0.011
65,61,0.678,0.742,-0.017
65,62,0.649,0.717,-0.019
65,63,0.635,0.705,-0.02
65,64,0.816,0.858,-0.01
65,65,0.687,0.75,-0.017
65,66,0.658,0.725,-0.019
65,67,0.524,0.604,-0.027
65,68,0.601,0.675,-0.022
65,69,0.484,0.566,-0.029
65,7,0.29,0.369,-0.04
65,70,0.519,0.599,-0.027
65,71,0.48,0.562,-0.029
65,72,0.291,0.37,-0.044
65,73,0.244,0.318,-0.048
65,74,0.304,0.384,-0.042
65,75,0.284,0.363,-0.044
65,76,0.32,0.401,-0.041
65,77,0.218,0.29,-0.051
65,78,0.145,0.205,-0.06
65,79,0.103,0.153,-0.067
65,8,0.55,0.628,-0.022
65,80,0.086,0.13,-0.071
65,81,0.082,0.125,-0.072
65,82,0.071,0.111,-0.074
65,83,0.054,0.087,-0.079
65,84,0.108,0.159,-0.066
65,85,0.061,0.098,-0.077
65,86,0.088,0.134,-0.07
65,87,0.046,0.077,-0.083
65,88,0.048,0.08,-0.082
65,89,0.068,0.107,-0.076
65,9,0.432,0.515,-0.029
65,90,0.039,0.066,-0.086
65,91,0.016,0.03,-0.101
65,92,0.023,0.043,-0.095
65,93,0.012,0.025,-0.105
65,94,0.038,0.064,-0.088
65,95,0.02,0.037,-0.1
65,96,0.018,0.035,-0.101
65,97,0.008,0.017,-0.115
65,98,0.006,0.012,-0.121
65,99,0.012,0.025,-0.11
66,10,0.631,0.702,-0.017
66,100,0.007,0.015,-0.12
66,101,0.015,0.029,-0.109
66,102,0.004,0.009,-0.13
66,103,0.008,0.017,-0.122
66,104,0.004,0.008,-0.136
66,105,0.01,0.021,-0.122
66,106,0.004,0.01,-0.138
66,107,0.003,0.008,-0.144
66,108,0.006,0.014,-0.138
66,109,0.006,0.014,-0.142
66,11,0.613,0.685,-0.018
66,110,0.027,0.049,-0.117
66,111,0.011,0.023,-0.137
66,112,0.008,0.017,-0.147
66,113,0.011,0.023,-0.143
66,114,0.015,0.03,-0.139
66,115,0.026,0.047,-0.128
66,116,0.023,0.042,-0.132
66,117,0.023,0.042,-0.133
66,118,0.023,0.042,-0.133
66,119,0.041,0.069,-0.119
66,12,0.382,0.465,-0.031
66,120,0.039,0.067,-0.119
66,121,0.042,0.07,-0.117
66,122,0.077,0.12,-0.101
66,123,0.053,0.086,-0.11
66,124,0.067,0.106,-0.103
66,125,0.142,0.201,-0.083
66,126,0.171,0.236,-0.077
66,127,0.171,0.236,-0.077
66,128,0.14,0.198,-0.083
66,129,0.144,0.203,-0.082
66,13,0.723,0.781,-0.013
66,130,0.13,0.187,-0.085
66,131,0.169,0.233,-0.077
66,132,0.181,0.247,-0.075
66,133,0.156,0.217,-0.08
66,134,0.085,0.129,-0.097
66,135,0.166,0.23,-0.079
66,136,0.095,0.142,-0.096
66,137,0.106,0.157,-0.093
66,138,0.106,0.156,-0.094
66,139,0.072,0.112,-0.105
66,14,0.782,0.83,-0.01
66,140,0.052,0.085,-0.113
66,141,0.074,0.115,-0.104
66,142,0.041,0.069,-0.118
66,143,0.033,0.057,-0.122
66,144,0.045,0.075,-0.113
66,145,0.023,0.042,-0.127
66,146,0.028,0.05,-0.12
66,147,0.02,0.037,-0.126
66,148,0.027,0.048,-0.117
66,149,0.018,0.034,-0.124
66,15,0.538,0.617,-0.022
66,150,0.008,0.017,-0.137
66,151,0.008,0.017,-0.134
66,152,0.005,0.012,-0.139
66,153,0.007,0.016,-0.132
66,154,0.01,0.02,-0.126
66,155,0.012,0.024,-0.121
66,156,0.017,0.033,-0.114
66,157,0.01,0.021,-0.121
66,158,0.024,0.044,-0.105
66,159,0.041,0.069,-0.095
66,16,0.795,0.841,-0.009
66,160,0.041,0.069,-0.094
66,161,0.04,0.069,-0.093
66,162,0.029,0.052,-0.098
66,163,0.041,0.07,-0.091
66,164,0.07,0.109,-0.08
66,165,0.108,0.16,-0.071
66,166,0.089,0.134,-0.074
66,167,0.1,0.149,-0.072
66,168,0.065,0.103,-0.08
66,169,0.028,0.05,-0.095
66,17,0.964,0.973,0.002
66,170,0.035,0.061,-0.09
66,171,0.09,0.137,-0.073
66,172,0.059,0.094,-0.081
66,173,0.087,0.132,-0.073
66,174,0.062,0.099,-0.08
66,175,0.077,0.119,-0.076
66,176,0.118,0.171,-0.067
66,177,0.127,0.183,-0.065
66,178,0.1,0.148,-0.071
66,179,0.169,0.234,-0.059
66,18,0.619,0.691,-0.018
66,180,0.142,0.201,-0.063
66,181,0.152,0.213,-0.062
66,182,0.206,0.276,-0.055
66,183,0.176,0.241,-0.059
66,184,0.143,0.202,-0.064
66,185,0.119,0.173,-0.068
66,186,0.112,0.165,-0.07
66,187,0.082,0.125,-0.076
66,188,0.123,0.178,-0.068
66,189,0.095,0.143,-0.073
66,19,0.667,0.733,-0.015
66,190,0.154,0.216,-0.063
66,191,0.177,0.243,-0.06
66,192,0.196,0.264,-0.058
66,193,0.166,0.229,-0.062
66,194,0.107,0.158,-0.072
66,195,0.218,0.29,-0.055
66,196,0.165,0.228,-0.062
66,197,0.095,0.142,-0.075
66,198,0.149,0.209,-0.065
66,199,0.271,0.349,-0.049
66,20,0.98,0.985,-0.001
66,200,0.221,0.293,-0.055
66,201,0.396,0.479,-0.038
66,202,0.366,0.449,-0.041
66,203,0.255,0.331,-0.051
66,204,0.219,0.291,-0.055
66,205,0.174,0.239,-0.061
66,206,0.185,0.252,-0.06
66,207,0.185,0.253,-0.059
66,208,0.273,0.35,-0.049
66,209,0.31,0.39,-0.046
66,21,0.892,0.918,-0.005
66,210,0.321,0.402,-0.045
66,211,0.453,0.536,-0.034
66,212,0.322,0.403,-0.045
66,213,0.176,0.241,-0.061
66,214,0.139,0.198,-0.066
66,215,0.209,0.28,-0.056
66,216,0.136,0.194,-0.067
66,217,0.163,0.226,-0.063
66,218,0.26,0.337,-0.051
66,219,0.215,0.287,-0.056
66,22,0.612,0.684,-0.018
66,220,0.272,0.349,-0.049
66,221,0.294,0.373,-0.047
66,222,0.28,0.358,-0.049
66,223,0.387,0.47,-0.039
66,224,0.332,0.414,-0.044
66,225,0.361,0.444,-0.041
66,226,0.441,0.524,-0.035
66,227,0.374,0.457,-0.04
66,228,0.425,0.508,-0.036
66,229,0.489,0.571,-0.031
66,23,0.72,0.779,-0.013
66,230,0.337,0.419,-0.044
66,231,0.478,0.56,-0.033
66,232,0.32,0.4,-0.046
66,233,0.375,0.458,-0.041
66,234,0.405,0.489,-0.039
66,235,0.299,0.379,-0.049
66,236,0.279,0.357,-0.051
66,237,0.229,0.302,-0.057
66,238,0.298,0.378,-0.05
66,239,0.281,0.36,-0.052
66,24,0.977,0.983,-0.001
66,240,0.23,0.303,-0.058
66,241,0.326,0.407,-0.048
66,242,0.27,0.347,-0.055
66,243,0.255,0.331,-0.057
66,244,0.18,0.246,-0.068
66,245,0.278,0.356,-0.056
66,246,0.263,0.34,-0.059
66,247,0.25,0.325,-0.061
66,248,0.298,0.378,-0.056
66,249,0.306,0.386,-0.057
66,25,0.556,0.634,-0.021
66,250,0.311,0.392,-0.057
66,251,0.212,0.283,-0.072
66,26,0.655,0.722,-0.016
66,27,0.818,0.859,-0.008
66,28,0.754,0.807,-0.011
66,29,0.649,0.717,-0.017
66,30,0.767,0.818,-0.011
66,31,0.724,0.782,-0.013
66,32,0.628,0.699,-0.018
66,33,0.765,0.817,-0.011
66,34,0.752,0.805,-0.012
66,35,0.633,0.703,-0.018
66,36,0.715,0.775,-0.014
66,37,0.695,0.758,-0.015
66,38,0.777,0.826,-0.011
66,39,0.774,0.824,-0.011
66,40,0.95,0.963,-0.002
66,41,0.715,0.774,-0.014
66,42,0.714,0.774,-0.014
66,43,0.83,0.869,0.009
66,44,0.904,0.927,-0.005
66,45,0.92,0.94,-0.004
66,46,0.835,0.874,-0.008
66,47,0.83,0.87,-0.009
66,48,0.852,0.887,-0.008
66,49,0.821,0.862,-0.009
66,50,0.875,0.905,-0.006
66,51,0.846,0.882,-0.008
66,52,0.757,0.81,-0.013
66,53,0.596,0.67,-0.022
66,54,0.504,0.585,-0.028
66,55,0.664,0.731,-0.018
66,56,0.834,0.872,-0.009
66,57,0.792,0.838,-0.011
66,58,0.887,0.915,-0.006
66,59,0.824,0.864,-0.009
66,6,0.616,0.688,-0.019
66,60,0.694,0.757,-0.016
66,61,0.735,0.791,-0.014
66,62,0.799,0.845,-0.011
66,63,0.616,0.688,-0.021
66,64,0.646,0.715,-0.019
66,65,0.569,0.645,-0.024
66,66,0.704,0.765,-0.016
66,67,0.534,0.613,-0.026
66,68,0.55,0.628,-0.025
66,69,0.392,0.475,-0.036
66,7,0.422,0.505,-0.03
66,70,0.334,0.416,-0.04
66,71,0.475,0.557,-0.03
66,72,0.312,0.393,-0.042
66,73,0.312,0.393,-0.042
66,74,0.316,0.396,-0.041
66,75,0.3,0.38,-0.043
66,76,0.202,0.272,-0.052
66,77,0.213,0.285,-0.051
66,78,0.198,0.267,-0.053
66,79,0.221,0.294,-0.05
66,8,0.678,0.743,-0.015
66,80,0.137,0.195,-0.061
66,81,0.099,0.147,-0.068
66,82,0.164,0.228,-0.057
66,83,0.207,0.277,-0.052
66,84,0.066,0.105,-0.075
66,85,0.092,0.139,-0.069
66,86,0.083,0.127,-0.071
66,87,0.102,0.152,-0.067
66,88,0.122,0.176,-0.064
66,89,0.094,0.141,-0.069
66,9,0.494,0.575,-0.025
66,90,0.089,0.134,-0.071
66,91,0.1,0.149,-0.069
66,92,0.047,0.077,-0.083
66,93,0.018,0.035,-0.099
66,94,0.018,0.034,-0.1
66,95,0.033,0.057,-0.091
66,96,0.032,0.055,-0.092
66,97,0.017,0.032,-0.103
66,98,0.015,0.03,-0.105
66,99,0.011,0.023,-0.111
67,10,0.821,0.862,-0.008
67,100,0.007,0.016,-0.118
67,101,0.007,0.015,-0.12
67,102,0.005,0.011,-0.126
67,103,0.005,0.011,-0.127
67,104,0.002,0.006,-0.139
67,105,0.001,0.002,-0.157
67,106,0.002,0.006,-0.145
67,107,0.002,0.005,-0.149
67,108,0.002,0.006,-0.152
67,109,0.003,0.007,-0.152
67,11,0.704,0.765,-0.014
67,110,0.002,0.004,-0.164
67,111,0.007,0.015,-0.144
67,112,0.007,0.016,-0.147
67,113,0.006,0.013,-0.154
67,114,0.01,0.02,-0.147
67,115,0.022,0.04,-0.132
67,116,0.03,0.053,-0.127
67,117,0.03,0.053,-0.128
67,118,0.035,0.061,-0.124
67,119,0.035,0.06,-0.125
67,12,0.647,0.716,-0.017
67,120,0.042,0.071,-0.12
67,121,0.03,0.053,-0.127
67,122,0.037,0.063,-0.122
67,123,0.047,0.079,-0.116
67,124,0.05,0.083,-0.114
67,125,0.051,0.083,-0.114
67,126,0.062,0.099,-0.108
67,127,0.038,0.065,-0.12
67,128,0.042,0.071,-0.117
67,129,0.063,0.101,-0.107
67,13,0.589,0.664,-0.019
67,130,0.055,0.089,-0.111
67,131,0.054,0.087,-0.111
67,132,0.047,0.078,-0.115
67,133,0.037,0.063,-0.12
67,134,0.058,0.093,-0.11
67,135,0.027,0.048,-0.129
67,136,0.03,0.054,-0.126
67,137,0.041,0.069,-0.12
67,138,0.044,0.074,-0.118
67,139,0.039,0.066,-0.121
67,14,0.44,0.523,-0.028
67,140,0.032,0.056,-0.125
67,141,0.036,0.061,-0.121
67,142,0.013,0.026,-0.142
67,143,0.011,0.023,-0.143
67,144,0.016,0.03,-0.135
67,145,0.011,0.023,-0.139
67,146,0.015,0.029,-0.131
67,147,0.005,0.011,-0.15
67,148,0.008,0.017,-0.139
67,149,0.008,0.017,-0.136
67,15,0.5,0.581,-0.024
67,150,0.003,0.008,-0.149
67,151,0.017,0.033,-0.119
67,152,0.01,0.021,-0.126
67,153,0.005,0.012,-0.135
67,154,0.006,0.014,-0.132
67,155,0.007,0.015,-0.128
67,156,0.007,0.016,-0.126
67,157,0.007,0.015,-0.127
67,158,0.009,0.02,-0.12
67,159,0.016,0.031,-0.11
67,16,0.564,0.641,-0.021
67,160,0.012,0.023,-0.114
67,161,0.016,0.03,-0.109
67,162,0.012,0.024,-0.112
67,163,0.052,0.085,-0.086
67,164,0.031,0.054,-0.095
67,165,0.045,0.076,-0.088
67,166,0.061,0.098,-0.082
67,167,0.056,0.09,-0.083
67,168,0.049,0.08,-0.085
67,169,0.071,0.111,-0.078
67,17,0.432,0.515,-0.028
67,170,0.081,0.124,-0.075
67,171,0.093,0.14,-0.072
67,172,0.047,0.079,-0.085
67,173,0.049,0.081,-0.084
67,174,0.083,0.127,-0.074
67,175,0.077,0.118,-0.076
67,176,0.086,0.13,-0.074
67,177,0.085,0.13,-0.074
67,178,0.072,0.113,-0.077
67,179,0.193,0.262,-0.056
67,18,0.361,0.444,-0.033
67,180,0.121,0.175,-0.067
67,181,0.074,0.115,-0.077
67,182,0.064,0.102,-0.08
67,183,0.052,0.085,-0.085
67,184,0.079,0.121,-0.077
67,185,0.136,0.194,-0.065
67,186,0.097,0.145,-0.073
67,187,0.101,0.15,-0.072
67,188,0.067,0.106,-0.08
67,189,0.094,0.142,-0.074
67,19,0.649,0.718,-0.016
67,190,0.108,0.159,-0.071
67,191,0.067,0.106,-0.081
67,192,0.069,0.108,-0.081
67,193,0.043,0.072,-0.09
67,194,0.053,0.087,-0.086
67,195,0.102,0.152,-0.073
67,196,0.09,0.136,-0.076
67,197,0.09,0.136,-0.076
67,198,0.076,0.118,-0.08
67,199,0.083,0.127,-0.078
67,20,0.531,0.611,-0.022
67,200,0.134,0.191,-0.068
67,201,0.126,0.182,-0.069
67,202,0.062,0.099,-0.084
67,203,0.153,0.214,-0.065
67,204,0.154,0.215,-0.064
67,205,0.163,0.227,-0.063
67,206,0.172,0.236,-0.062
67,207,0.219,0.291,-0.055
67,208,0.157,0.219,-0.064
67,209,0.158,0.22,-0.064
67,21,0.771,0.821,-0.01
67,210,0.173,0.238,-0.061
67,211,0.185,0.252,-0.06
67,212,0.255,0.332,-0.051
67,213,0.358,0.441,-0.042
67,214,0.229,0.302,-0.054
67,215,0.186,0.254,-0.06
67,216,0.263,0.34,-0.05
67,217,0.239,0.313,-0.053
67,218,0.329,0.411,-0.044
67,219,0.217,0.289,-0.056
67,22,0.741,0.796,-0.012
67,220,0.203,0.272,-0.057
67,221,0.236,0.31,-0.053
67,222,0.312,0.393,-0.045
67,223,0.271,0.348,-0.05
67,224,0.343,0.425,-0.043
67,225,0.304,0.384,-0.046
67,226,0.263,0.34,-0.051
67,227,0.322,0.403,-0.045
67,228,0.336,0.417,-0.044
67,229,0.268,0.345,-0.05
67,23,0.837,0.875,-0.007
67,230,0.172,0.237,-0.062
67,231,0.233,0.307,-0.055
67,232,0.196,0.264,-0.06
67,233,0.147,0.207,-0.067
67,234,0.173,0.238,-0.063
67,235,0.163,0.226,-0.065
67,236,0.15,0.21,-0.068
67,237,0.203,0.273,-0.061
67,238,0.175,0.24,-0.065
67,239,0.206,0.277,-0.061
67,24,0.609,0.681,-0.018
67,240,0.178,0.244,-0.066
67,241,0.217,0.289,-0.061
67,242,0.146,0.206,-0.073
67,243,0.169,0.234,-0.07
67,244,0.182,0.249,-0.069
67,245,0.122,0.176,-0.081
67,246,0.087,0.133,-0.091
67,247,0.103,0.153,-0.088
67,248,0.169,0.233,-0.076
67,249,0.139,0.198,-0.083
67,25,0.61,0.683,-0.018
67,250,0.137,0.195,-0.085
67,251,0.143,0.202,-0.085
67,26,0.406,0.489,-0.03
67,27,0.433,0.516,-0.029
67,28,0.407,0.49,-0.03
67,29,0.533,0.612,-0.023
67,30,0.324,0.405,-0.036
67,31,0.371,0.454,-0.033
67,32,0.439,0.522,-0.029
67,33,0.341,0.423,-0.036
67,34,0.471,0.553,-0.027
67,35,0.393,0.476,-0.032
67,36,0.474,0.556,-0.027
67,37,0.384,0.468,-0.033
67,38,0.412,0.496,-0.032
67,39,0.33,0.411,-0.038
67,40,0.505,0.586,-0.026
67,41,0.693,0.755,-0.016
67,42,0.784,0.832,-0.011
67,43,0.753,0.806,-0.012
67,44,0.725,0.783,-0.014
67,45,0.561,0.638,-0.023
67,46,0.79,0.837,-0.011
67,47,0.86,0.893,-0.007
67,48,0.887,0.914,-0.006
67,49,0.966,0.975,-0.002
67,50,0.855,0.889,-0.007
67,51,0.843,0.88,-0.008
67,52,0.867,0.898,-0.007
67,53,0.843,0.879,-0.008
67,54,0.915,0.936,-0.004
67,55,0.858,0.892,0.007
67,56,0.905,0.928,-0.005
67,57,0.847,0.883,-0.008
67,58,0.852,0.887,-0.008
67,59,0.719,0.778,-0.015
67,6,0.548,0.626,-0.023
67,60,0.674,0.739,-0.018
67,61,0.454,0.536,-0.031
67,62,0.528,0.607,-0.026
67,63,0.726,0.784,-0.015
67,64,0.679,0.744,-0.017
67,65,0.767,0.818,-0.012
67,66,0.682,0.746,-0.017
67,67,0.579,0.655,-0.023
67,68,0.556,0.633,-0.024
67,69,0.434,0.517,-0.033
67,7,0.699,0.761,-0.014
67,70,0.556,0.633,-0.024
67,71,0.532,0.611,-0.026
67,72,0.32,0.401,-0.041
67,73,0.367,0.449,-0.037
67,74,0.355,0.438,-0.038
67,75,0.231,0.304,-0.049
67,76,0.234,0.307,-0.049
67,77,0.364,0.446,-0.037
67,78,0.326,0.408,-0.04
67,79,0.184,0.251,-0.054
67,8,0.722,0.78,-0.013
67,80,0.175,0.241,-0.055
67,81,0.18,0.246,-0.055
67,82,0.145,0.205,-0.06
67,83,0.135,0.193,-0.061
67,84,0.089,0.135,-0.069
67,85,0.046,0.076,-0.082
67,86,0.052,0.085,-0.079
67,87,0.064,0.101,-0.076
67,88,0.083,0.127,-0.071
67,89,0.048,0.079,-0.082
67,9,0.561,0.638,-0.021
67,90,0.042,0.07,-0.084
67,91,0.028,0.05,-0.091
67,92,0.04,0.068,-0.085
67,93,0.031,0.055,-0.09
67,94,0.014,0.028,-0.103
67,95,0.012,0.025,-0.106
67,96,0.016,0.03,-0.103
67,97,0.008,0.016,-0.114
67,98,0.01,0.02,-0.112
67,99,0.011,0.022,-0.11
68,10,0.839,0.877,0.007
68,100,0.008,0.017,-0.115
68,101,0.006,0.013,-0.121
68,102,0.009,0.019,-0.116
68,103,0.011,0.022,-0.114
68,104,0.006,0.013,-0.125
68,105,0.002,0.005,-0.141
68,106,0.006,0.013,-0.128
68,107,0.003,0.008,-0.14
68,108,0.003,0.008,-0.143
68,109,0.007,0.015,-0.134
68,11,0.8,0.845,-0.009
68,110,0.006,0.014,-0.138
68,111,0.008,0.016,-0.139
68,112,0.012,0.025,-0.133
68,113,0.019,0.035,-0.128
68,114,0.019,0.037,-0.13
68,115,0.019,0.036,-0.133
68,116,0.029,0.052,-0.126
68,117,0.044,0.074,-0.118
68,118,0.031,0.054,-0.128
68,119,0.046,0.077,-0.119
68,12,0.981,0.986,0.001
68,120,0.042,0.071,-0.122
68,121,0.049,0.08,-0.118
68,122,0.075,0.116,-0.107
68,123,0.072,0.112,-0.108
68,124,0.072,0.112,-0.108
68,125,0.067,0.105,-0.11
68,126,0.077,0.119,-0.106
68,127,0.059,0.095,-0.113
68,128,0.052,0.084,-0.116
68,129,0.056,0.091,-0.114
68,13,0.654,0.722,-0.016
68,130,0.104,0.154,-0.096
68,131,0.049,0.08,-0.117
68,132,0.052,0.085,-0.116
68,133,0.057,0.092,-0.113
68,134,0.052,0.086,-0.115
68,135,0.039,0.067,-0.122
68,136,0.046,0.076,-0.118
68,137,0.044,0.074,-0.119
68,138,0.049,0.081,-0.116
68,139,0.02,0.037,-0.136
68,14,0.776,0.825,-0.01
68,140,0.017,0.032,-0.138
68,141,0.01,0.02,-0.148
68,142,0.008,0.016,-0.151
68,143,0.009,0.019,-0.145
68,144,0.007,0.016,-0.147
68,145,0.007,0.015,-0.146
68,146,0.009,0.019,-0.138
68,147,0.005,0.012,-0.145
68,148,0.007,0.015,-0.138
68,149,0.004,0.009,-0.145
68,15,0.751,0.804,-0.011
68,150,0.003,0.008,-0.146
68,151,0.004,0.008,-0.144
68,152,0.006,0.014,-0.133
68,153,0.015,0.029,-0.117
68,154,0.004,0.01,-0.136
68,155,0.009,0.019,-0.123
68,156,0.015,0.03,-0.113
68,157,0.017,0.033,-0.11
68,158,0.023,0.043,-0.104
68,159,0.011,0.022,-0.115
68,16,0.903,0.927,-0.004
68,160,0.018,0.034,-0.106
68,161,0.026,0.047,-0.099
68,162,0.032,0.055,-0.095
68,163,0.02,0.038,-0.102
68,164,0.041,0.069,-0.09
68,165,0.036,0.062,-0.091
68,166,0.056,0.091,-0.083
68,167,0.079,0.122,-0.076
68,168,0.125,0.18,-0.066
68,169,0.13,0.186,-0.065
68,17,0.731,0.788,-0.012
68,170,0.117,0.171,-0.067
68,171,0.136,0.194,-0.064
68,172,0.134,0.191,-0.064
68,173,0.117,0.17,-0.067
68,174,0.086,0.131,-0.073
68,175,0.091,0.137,-0.072
68,176,0.154,0.215,-0.061
68,177,0.074,0.115,-0.076
68,178,0.047,0.078,-0.085
68,179,0.07,0.109,-0.078
68,18,0.59,0.664,-0.019
68,180,0.1,0.148,-0.071
68,181,0.137,0.195,-0.064
68,182,0.127,0.182,-0.066
68,183,0.133,0.19,-0.066
68,184,0.088,0.134,-0.074
68,185,0.098,0.146,-0.073
68,186,0.107,0.158,-0.071
68,187,0.117,0.17,-0.069
68,188,0.085,0.13,-0.076
68,189,0.091,0.137,-0.075
68,19,0.525,0.605,-0.023
68,190,0.096,0.144,-0.074
68,191,0.108,0.159,-0.071
68,192,0.107,0.157,-0.072
68,193,0.104,0.155,-0.072
68,194,0.114,0.167,-0.07
68,195,0.143,0.203,-0.065
68,196,0.141,0.2,-0.066
68,197,0.101,0.15,-0.073
68,198,0.163,0.226,-0.063
68,199,0.165,0.229,-0.062
68,20,0.551,0.629,-0.021
68,200,0.134,0.192,-0.067
68,201,0.117,0.17,-0.07
68,202,0.117,0.17,-0.071
68,203,0.182,0.249,-0.06
68,204,0.225,0.298,-0.055
68,205,0.1,0.149,-0.074
68,206,0.247,0.322,-0.052
68,207,0.259,0.336,-0.051
68,208,0.177,0.242,-0.061
68,209,0.15,0.211,-0.065
68,21,0.455,0.537,-0.027
68,210,0.139,0.198,-0.066
68,211,0.199,0.268,-0.057
68,212,0.25,0.325,-0.052
68,213,0.239,0.313,-0.053
68,214,0.196,0.265,-0.058
68,215,0.193,0.261,-0.058
68,216,0.185,0.252,-0.059
68,217,0.17,0.235,-0.061
68,218,0.218,0.289,-0.055
68,219,0.338,0.42,-0.043
68,22,0.435,0.518,-0.028
68,220,0.329,0.41,-0.044
68,221,0.257,0.334,-0.051
68,222,0.364,0.447,-0.041
68,223,0.387,0.47,-0.039
68,224,0.341,0.423,-0.043
68,225,0.379,0.462,-0.04
68,226,0.35,0.432,-0.042
68,227,0.332,0.413,-0.044
68,228,0.37,0.453,-0.041
68,229,0.384,0.467,-0.04
68,23,0.319,0.4,-0.036
68,230,0.353,0.436,-0.042
68,231,0.18,0.246,-0.062
68,232,0.144,0.203,-0.067
68,233,0.137,0.195,-0.069
68,234,0.253,0.328,-0.053
68,235,0.173,0.238,-0.064
68,236,0.118,0.172,-0.074
68,237,0.083,0.127,-0.083
68,238,0.168,0.232,-0.066
68,239,0.113,0.166,-0.077
68,24,0.322,0.403,-0.036
68,240,0.114,0.167,-0.078
68,241,0.125,0.18,-0.076
68,242,0.175,0.24,-0.068
68,243,0.133,0.19,-0.077
68,244,0.067,0.106,-0.095
68,245,0.056,0.09,-0.1
68,246,0.111,0.163,-0.085
68,247,0.11,0.162,-0.087
68,248,0.134,0.191,-0.083
68,249,0.127,0.183,-0.086
68,25,0.182,0.249,-0.048
68,250,0.109,0.161,-0.092
68,251,0.112,0.164,-0.092
68,26,0.215,0.287,-0.045
68,27,0.435,0.518,-0.028
68,28,0.35,0.433,-0.034
68,29,0.424,0.507,-0.029
68,30,0.388,0.471,-0.032
68,31,0.55,0.628,-0.022
68,32,0.473,0.555,-0.027
68,33,0.465,0.547,-0.027
68,34,0.395,0.478,-0.032
68,35,0.63,0.7,-0.018
68,36,0.549,0.627,-0.023
68,37,0.789,0.836,-0.01
68,38,0.554,0.632,-0.023
68,39,0.853,0.888,-0.007
68,40,0.728,0.786,-0.014
68,41,0.674,0.739,-0.016
68,42,0.861,0.894,-0.007
68,43,0.584,0.659,-0.022
68,44,0.69,0.753,-0.016
68,45,0.812,0.855,-0.01
68,46,0.631,0.701,-0.019
68,47,0.762,0.814,-0.012
68,48,0.812,0.855,-0.01
68,49,0.714,0.773,-0.015
68,50,0.721,0.78,-0.015
68,51,0.737,0.793,-0.014
68,52,0.673,0.738,-0.017
68,53,0.734,0.79,-0.014
68,54,0.629,0.7,-0.02
68,55,0.763,0.815,-0.012
68,56,0.879,0.909,-0.006
68,57,0.772,0.822,-0.012
68,58,0.853,0.888,-0.008
68,59,0.722,0.78,-0.015
68,6,0.574,0.65,0.021
68,60,0.664,0.73,-0.018
68,61,0.656,0.724,-0.019
68,62,0.678,0.743,-0.017
68,63,0.718,0.777,-0.015
68,64,0.829,0.869,-0.009
68,65,0.709,0.769,-0.016
68,66,0.741,0.797,-0.014
68,67,0.587,0.661,-0.023
68,68,0.539,0.618,-0.025
68,69,0.624,0.695,-0.02
68,7,0.632,0.702,0.018
68,70,0.564,0.641,-0.024
68,71,0.456,0.539,-0.031
68,72,0.427,0.51,-0.033
68,73,0.241,0.315,-0.049
68,74,0.303,0.383,-0.042
68,75,0.268,0.345,-0.046
68,76,0.336,0.418,-0.039
68,77,0.217,0.289,-0.051
68,78,0.153,0.215,-0.058
68,79,0.15,0.211,-0.059
68,8,0.713,0.773,0.014
68,80,0.107,0.158,-0.066
68,81,0.089,0.135,-0.069
68,82,0.091,0.137,-0.069
68,83,0.064,0.101,-0.076
68,84,0.05,0.082,-0.08
68,85,0.061,0.098,-0.076
68,86,0.048,0.079,-0.081
68,87,0.085,0.13,-0.07
68,88,0.08,0.124,-0.072
68,89,0.091,0.138,-0.069
68,9,0.805,0.849,0.009
68,90,0.093,0.14,-0.069
68,91,0.067,0.105,-0.076
68,92,0.085,0.13,-0.071
68,93,0.04,0.068,-0.085
68,94,0.03,0.053,-0.091
68,95,0.029,0.051,-0.092
68,96,0.025,0.046,-0.094
68,97,0.033,0.058,-0.091
68,98,0.015,0.029,-0.104
68,99,0.011,0.022,-0.11
69,10,0.526,0.605,-0.023
69,100,0.009,0.019,-0.113
69,101,0.013,0.026,-0.108
69,102,0.008,0.017,-0.117
69,103,0.008,0.016,-0.118
69,104,0.008,0.018,-0.118
69,105,0.003,0.008,-0.134
69,106,0.005,0.011,-0.129
69,107,0.013,0.025,-0.116
69,108,0.014,0.028,-0.117
69,109,0.027,0.049,-0.107
69,11,0.492,0.573,-0.025
69,110,0.01,0.02,-0.127
69,111,0.009,0.018,-0.132
69,112,0.01,0.02,-0.133
69,113,0.021,0.038,-0.122
69,114,0.033,0.057,-0.115
69,115,0.031,0.055,-0.119
69,116,0.035,0.061,-0.119
69,117,0.046,0.076,-0.115
69,118,0.034,0.059,-0.124
69,119,0.039,0.067,-0.122
69,12,0.603,0.676,-0.019
69,120,0.037,0.064,-0.125
69,121,0.052,0.085,-0.117
69,122,0.042,0.071,-0.124
69,123,0.063,0.101,-0.113
69,124,0.05,0.083,-0.12
69,125,0.069,0.108,-0.111
69,126,0.064,0.102,-0.113
69,127,0.041,0.07,-0.125
69,128,0.037,0.063,-0.128
69,129,0.048,0.08,-0.121
69,13,0.478,0.56,-0.026
69,130,0.036,0.062,-0.128
69,131,0.061,0.098,-0.114
69,132,0.026,0.046,-0.136
69,133,0.022,0.041,-0.138
69,134,0.019,0.037,-0.141
69,135,0.025,0.045,-0.134
69,136,0.024,0.043,-0.135
69,137,0.016,0.032,-0.141
69,138,0.022,0.04,-0.134
69,139,0.032,0.056,-0.124
69,14,0.441,0.524,-0.028
69,140,0.013,0.026,-0.142
69,141,0.018,0.034,-0.134
69,142,0.009,0.019,-0.145
69,143,0.009,0.019,-0.143
69,144,0.01,0.021,-0.138
69,145,0.019,0.036,-0.124
69,146,0.019,0.035,-0.122
69,147,0.022,0.041,-0.117
69,148,0.023,0.042,-0.115
69,149,0.016,0.032,-0.12
69,15,0.408,0.492,-0.03
69,150,0.017,0.033,-0.117
69,151,0.012,0.025,-0.122
69,152,0.017,0.032,-0.115
69,153,0.022,0.041,-0.109
69,154,0.018,0.035,-0.111
69,155,0.023,0.042,-0.106
69,156,0.034,0.059,-0.098
69,157,0.021,0.039,-0.105
69,158,0.01,0.021,-0.116
69,159,0.052,0.085,-0.087
69,16,0.528,0.607,-0.022
69,160,0.034,0.059,-0.095
69,161,0.05,0.082,-0.087
69,162,0.046,0.076,-0.088
69,163,0.092,0.139,-0.074
69,164,0.088,0.133,-0.074
69,165,0.053,0.087,-0.084
69,166,0.069,0.109,-0.078
69,167,0.134,0.191,-0.064
69,168,0.243,0.318,-0.05
69,169,0.11,0.162,-0.068
69,17,0.544,0.622,-0.022
69,170,0.146,0.206,-0.062
69,171,0.146,0.206,-0.062
69,172,0.177,0.243,-0.058
69,173,0.078,0.12,-0.075
69,174,0.097,0.145,-0.071
69,175,0.134,0.191,-0.064
69,176,0.124,0.179,-0.066
69,177,0.116,0.17,-0.067
69,178,0.184,0.251,-0.057
69,179,0.171,0.236,-0.059
69,18,0.693,0.755,-0.014
69,180,0.199,0.268,-0.055
69,181,0.16,0.222,-0.061
69,182,0.061,0.097,-0.082
69,183,0.099,0.147,-0.072
69,184,0.08,0.123,-0.077
69,185,0.092,0.138,-0.074
69,186,0.106,0.156,-0.071
69,187,0.147,0.207,-0.064
69,188,0.215,0.286,-0.055
69,189,0.184,0.25,-0.059
69,19,0.576,0.652,-0.02
69,190,0.21,0.281,-0.056
69,191,0.236,0.31,-0.053
69,192,0.261,0.338,-0.05
69,193,0.193,0.262,-0.058
69,194,0.154,0.215,-0.064
69,195,0.201,0.27,-0.057
69,196,0.163,0.226,-0.063
69,197,0.156,0.218,-0.064
69,198,0.192,0.26,-0.059
69,199,0.111,0.163,-0.072
69,20,0.551,0.629,-0.021
69,200,0.155,0.217,-0.064
69,201,0.2,0.269,-0.058
69,202,0.259,0.336,-0.051
69,203,0.238,0.312,-0.053
69,204,0.182,0.249,-0.06
69,205,0.212,0.283,-0.056
69,206,0.232,0.306,-0.054
69,207,0.271,0.348,-0.05
69,208,0.268,0.346,-0.05
69,209,0.234,0.308,-0.053
69,21,0.366,0.449,-0.032
69,210,0.191,0.259,-0.059
69,211,0.205,0.275,-0.057
69,212,0.237,0.311,-0.053
69,213,0.373,0.456,-0.04
69,214,0.287,0.366,-0.048
69,215,0.33,0.411,-0.044
69,216,0.35,0.432,-0.042
69,217,0.414,0.497,-0.037
69,218,0.397,0.481,-0.038
69,219,0.292,0.371,-0.047
69,22,0.448,0.531,-0.027
69,220,0.345,0.427,-0.042
69,221,0.478,0.56,-0.032
69,222,0.485,0.566,-0.031
69,223,0.496,0.577,-0.031
69,224,0.518,0.599,-0.029
69,225,0.55,0.628,-0.027
69,226,0.567,0.644,-0.026
69,227,0.6,0.673,-0.024
69,228,0.568,0.645,-0.026
69,229,0.605,0.678,-0.024
69,23,0.274,0.352,-0.039
69,230,0.468,0.551,-0.033
69,231,0.44,0.523,-0.036
69,232,0.558,0.636,-0.027
69,233,0.566,0.643,-0.027
69,234,0.53,0.61,-0.03
69,235,0.43,0.513,-0.038
69,236,0.349,0.432,-0.045
69,237,0.339,0.42,-0.046
69,238,0.401,0.485,-0.041
69,239,0.209,0.28,-0.062
69,24,0.612,0.685,-0.018
69,240,0.324,0.405,-0.049
69,241,0.191,0.259,-0.065
69,242,0.198,0.267,-0.065
69,243,0.17,0.235,-0.071
69,244,0.227,0.3,-0.063
69,245,0.206,0.276,-0.067
69,246,0.194,0.263,-0.07
69,247,0.208,0.279,-0.069
69,248,0.197,0.266,-0.072
69,249,0.227,0.3,-0.069
69,25,0.394,0.477,-0.031
69,250,0.21,0.281,-0.073
69,251,0.2,0.269,-0.075
69,26,0.467,0.55,-0.026
69,27,0.311,0.392,-0.037
69,28,0.391,0.475,-0.031
69,29,0.309,0.389,-0.037
69,30,0.403,0.486,-0.031
69,31,0.44,0.523,-0.029
69,32,0.366,0.449,-0.034
69,33,0.274,0.352,-0.041
69,34,0.322,0.403,-0.037
69,35,0.545,0.623,-0.023
69,36,0.463,0.546,-0.028
69,37,0.394,0.477,-0.032
69,38,0.353,0.435,-0.036
69,39,0.546,0.624,-0.023
69,40,0.623,0.695,-0.019
69,41,0.522,0.602,-0.025
69,42,0.642,0.711,-0.018
69,43,0.611,0.684,-0.02
69,44,0.51,0.59,-0.026
69,45,0.651,0.719,-0.018
69,46,0.458,0.54,-0.03
69,47,0.509,0.589,-0.027
69,48,0.678,0.742,-0.017
69,49,0.64,0.709,-0.019
69,50,0.588,0.663,-0.022
69,51,0.447,0.53,-0.031
69,52,0.477,0.559,-0.029
69,53,0.657,0.724,-0.018
69,54,0.55,0.628,-0.025
69,55,0.593,0.668,-0.022
69,56,0.577,0.653,-0.023
69,57,0.843,0.88,-0.008
69,58,0.646,0.714,-0.019
69,59,0.693,0.755,-0.016
69,6,0.434,0.517,-0.03
69,60,0.702,0.763,-0.016
69,61,0.574,0.65,-0.023
69,62,0.693,0.755,-0.016
69,63,0.825,0.865,-0.009
69,64,0.63,0.7,-0.02
69,65,0.716,0.775,-0.015
69,66,0.612,0.684,-0.021
69,67,0.712,0.772,-0.015
69,68,0.94,0.955,-0.003
69,69,0.654,0.722,-0.019
69,7,0.431,0.514,-0.03
69,70,0.683,0.747,-0.017
69,71,0.68,0.745,-0.017
69,72,0.531,0.61,-0.026
69,73,0.417,0.501,-0.033
69,74,0.367,0.45,-0.037
69,75,0.459,0.542,-0.03
69,76,0.252,0.328,-0.047
69,77,0.435,0.518,-0.032
69,78,0.323,0.404,-0.04
69,79,0.333,0.415,-0.039
69,8,0.417,0.5,-0.03
69,80,0.431,0.514,-0.032
69,81,0.275,0.353,-0.045
69,82,0.28,0.358,-0.044
69,83,0.313,0.393,-0.041
69,84,0.455,0.538,-0.03
69,85,0.314,0.395,-0.041
69,86,0.113,0.165,-0.065
69,87,0.163,0.227,-0.057
69,88,0.24,0.314,-0.048
69,89,0.123,0.178,-0.063
69,9,0.311,0.392,-0.038
69,90,0.066,0.105,-0.075
69,91,0.07,0.11,-0.075
69,92,0.129,0.185,-0.063
69,93,0.057,0.092,-0.079
69,94,0.071,0.11,-0.076
69,95,0.041,0.069,-0.086
69,96,0.017,0.032,-0.1
69,97,0.015,0.03,-0.102
69,98,0.019,0.035,-0.1
69,99,0.02,0.037,-0.1
7,10,0.228,0.302,-0.04
7,100,0.167,0.231,-0.05
7,101,0.196,0.265,-0.047
7,102,0.191,0.259,-0.048
7,103,0.181,0.248,-0.049
7,104,0.172,0.237,-0.05
7,105,0.121,0.175,-0.057
7,106,0.088,0.134,-0.063
7,107,0.165,0.229,-0.051
7,108,0.251,0.326,-0.042
7,109,0.26,0.336,-0.042
7,11,0.161,0.224,-0.046
7,110,0.154,0.216,-0.053
7,111,0.122,0.177,-0.058
7,112,0.172,0.237,-0.051
7,113,0.221,0.293,-0.046
7,114,0.247,0.322,-0.043
7,115,0.237,0.311,-0.045
7,116,0.294,0.373,-0.04
7,117,0.244,0.319,-0.044
7,118,0.123,0.178,-0.058
7,119,0.155,0.216,-0.054
7,12,0.078,0.12,-0.057
7,120,0.272,0.35,-0.042
7,121,0.14,0.199,-0.056
7,122,0.198,0.268,-0.049
7,123,0.231,0.305,-0.046
7,124,0.232,0.306,-0.046
7,125,0.313,0.393,-0.039
7,126,0.193,0.262,-0.05
7,127,0.128,0.184,-0.058
7,128,0.177,0.243,-0.052
7,129,0.139,0.198,-0.057
7,13,0.096,0.144,-0.054
7,130,0.157,0.22,-0.055
7,131,0.203,0.273,-0.049
7,132,0.264,0.34,-0.043
7,133,0.194,0.263,-0.05
7,134,0.399,0.482,-0.033
7,135,0.35,0.433,-0.036
7,136,0.338,0.42,-0.038
7,137,0.327,0.408,-0.038
7,138,0.347,0.429,-0.037
7,139,0.212,0.284,-0.049
7,14,0.135,0.192,-0.048
7,140,0.296,0.375,-0.041
7,141,0.231,0.305,-0.047
7,142,0.263,0.339,-0.044
7,143,0.194,0.262,-0.051
7,144,0.295,0.374,-0.041
7,145,0.194,0.262,-0.051
7,146,0.26,0.337,-0.045
7,147,0.356,0.438,-0.037
7,148,0.284,0.363,-0.043
7,149,0.544,0.622,-0.024
7,15,0.142,0.201,-0.047
7,150,0.444,0.527,-0.031
7,151,0.484,0.566,-0.028
7,152,0.527,0.607,-0.025
7,153,0.584,0.659,-0.022
7,154,0.655,0.722,-0.018
7,155,0.766,0.817,-0.012
7,156,0.481,0.563,-0.028
7,157,0.6,0.673,-0.021
7,158,0.641,0.71,-0.019
7,159,0.789,0.836,-0.011
7,16,0.077,0.119,-0.056
7,160,0.761,0.813,-0.012
7,161,0.871,0.902,-0.007
7,162,0.617,0.689,-0.02
7,163,0.645,0.714,-0.019
7,164,0.663,0.73,-0.018
7,165,0.665,0.731,-0.018
7,166,0.622,0.693,-0.02
7,167,0.497,0.578,-0.028
7,168,0.39,0.474,-0.035
7,169,0.422,0.506,-0.033
7,17,0.149,0.209,-0.046
7,170,0.35,0.432,-0.039
7,171,0.332,0.414,-0.04
7,172,0.401,0.484,-0.035
7,173,0.376,0.459,-0.037
7,174,0.352,0.434,-0.039
7,175,0.353,0.436,-0.039
7,176,0.282,0.36,-0.045
7,177,0.21,0.281,-0.053
7,178,0.295,0.375,-0.044
7,179,0.226,0.299,-0.052
7,18,0.08,0.124,-0.055
7,180,0.203,0.273,-0.055
7,181,0.169,0.233,-0.059
7,182,0.147,0.208,-0.063
7,183,0.328,0.409,-0.042
7,184,0.161,0.224,-0.061
7,185,0.207,0.277,-0.055
7,186,0.273,0.35,-0.048
7,187,0.292,0.371,-0.047
7,188,0.274,0.352,-0.049
7,189,0.319,0.4,-0.045
7,19,0.03,0.052,-0.069
7,190,0.408,0.492,-0.037
7,191,0.379,0.462,-0.04
7,192,0.338,0.42,-0.044
7,193,0.445,0.528,-0.035
7,194,0.297,0.376,-0.049
7,195,0.37,0.453,-0.042
7,196,0.406,0.49,-0.039
7,197,0.328,0.409,-0.046
7,198,0.459,0.542,-0.035
7,199,0.371,0.454,-0.043
7,20,0.131,0.188,-0.047
7,200,0.251,0.327,-0.055
7,201,0.396,0.479,-0.041
7,202,0.347,0.429,-0.046
7,203,0.369,0.452,-0.044
7,204,0.235,0.309,-0.059
7,205,0.354,0.436,-0.046
7,206,0.306,0.386,-0.051
7,207,0.327,0.408,-0.049
7,208,0.332,0.414,-0.049
7,209,0.394,0.477,-0.044
7,21,0.024,0.044,-0.071
7,210,0.274,0.352,-0.056
7,211,0.207,0.277,-0.065
7,212,0.272,0.349,-0.057
7,213,0.283,0.361,-0.056
7,214,0.39,0.473,-0.045
7,215,0.362,0.444,-0.048
7,216,0.186,0.253,-0.071
7,217,0.151,0.212,-0.077
7,218,0.278,0.356,-0.059
7,219,0.251,0.327,-0.062
7,22,0.083,0.127,-0.054
7,220,0.164,0.228,-0.076
7,221,0.223,0.295,-0.067
7,222,0.246,0.321,-0.064
7,223,0.161,0.224,-0.078
7,224,0.234,0.308,-0.066
7,225,0.206,0.276,-0.071
7,226,0.19,0.258,-0.074
7,227,0.265,0.342,-0.063
7,228,0.252,0.327,-0.065
7,229,0.216,0.287,-0.071
7,23,0.077,0.119,-0.055
7,230,0.403,0.487,-0.048
7,231,0.281,0.359,-0.062
7,232,0.461,0.543,-0.042
7,233,0.328,0.41,-0.057
7,234,0.357,0.44,-0.053
7,235,0.323,0.404,-0.057
7,236,0.336,0.418,-0.056
7,237,0.406,0.489,-0.049
7,238,0.399,0.482,-0.05
7,239,0.539,0.618,-0.036
7,24,0.122,0.177,-0.048
7,240,0.355,0.437,-0.055
7,241,0.305,0.385,-0.061
7,242,0.283,0.362,-0.064
7,243,0.422,0.505,-0.048
7,244,0.404,0.487,-0.05
7,245,0.446,0.529,-0.046
7,246,0.365,0.447,-0.055
7,247,0.335,0.417,-0.059
7,248,0.479,0.561,-0.044
7,249,0.369,0.452,-0.056
7,25,0.089,0.135,-0.053
7,250,0.464,0.547,-0.046
7,251,0.463,0.546,-0.047
7,26,0.123,0.178,-0.048
7,27,0.129,0.186,-0.047
7,28,0.126,0.181,-0.048
7,29,0.134,0.192,-0.047
7,30,0.13,0.187,-0.047
7,31,0.076,0.118,-0.056
7,32,0.111,0.163,-0.05
7,33,0.098,0.147,-0.052
7,34,0.12,0.175,-0.049
7,35,0.067,0.106,-0.058
7,36,0.083,0.127,-0.055
7,37,0.079,0.122,-0.055
7,38,0.062,0.099,-0.059
7,39,0.193,0.261,-0.041
7,40,0.04,0.068,-0.065
7,41,0.066,0.105,-0.058
7,42,0.074,0.115,-0.057
7,43,0.052,0.084,-0.062
7,44,0.048,0.079,-0.063
7,45,0.106,0.156,-0.052
7,46,0.044,0.074,-0.064
7,47,0.077,0.119,-0.057
7,48,0.123,0.178,-0.049
7,49,0.072,0.112,-0.058
7,50,0.054,0.088,-0.062
7,51,0.026,0.047,-0.072
7,52,0.094,0.141,-0.054
7,53,0.067,0.105,-0.059
7,54,0.035,0.061,-0.068
7,55,0.083,0.127,-0.056
7,56,0.045,0.074,-0.065
7,57,0.051,0.084,-0.064
7,58,0.037,0.063,-0.068
7,59,0.029,0.051,-0.071
7,60,0.037,0.063,-0.069
7,61,0.09,0.136,-0.056
7,62,0.038,0.066,-0.068
7,63,0.037,0.063,-0.069
7,64,0.063,0.1,-0.062
7,65,0.033,0.058,-0.071
7,66,0.08,0.122,-0.059
7,67,0.057,0.092,-0.064
7,68,0.033,0.058,-0.071
7,69,0.055,0.089,-0.064
7,7,0.096,0.144,-0.057
7,70,0.041,0.07,-0.069
7,71,0.057,0.092,-0.064
7,72,0.066,0.105,-0.062
7,73,0.114,0.166,-0.054
7,74,0.073,0.114,-0.061
7,75,0.073,0.113,-0.061
7,76,0.176,0.242,-0.046
7,77,0.23,0.303,-0.041
7,78,0.141,0.2,-0.05
7,79,0.114,0.167,-0.054
7,8,0.125,0.18,-0.052
7,80,0.182,0.249,-0.046
7,81,0.206,0.276,-0.044
7,82,0.17,0.234,-0.048
7,83,0.191,0.259,-0.045
7,84,0.497,0.578,-0.024
7,85,0.178,0.244,-0.047
7,86,0.293,0.372,-0.037
7,87,0.394,0.477,-0.03
7,88,0.414,0.497,-0.029
7,89,0.353,0.435,-0.033
7,9,0.122,0.176,-0.052
7,90,0.271,0.348,-0.039
7,91,0.36,0.442,-0.032
7,92,0.533,0.613,-0.022
7,93,0.25,0.325,-0.041
7,94,0.255,0.332,-0.041
7,95,0.227,0.3,-0.043
7,96,0.342,0.424,-0.034
7,97,0.274,0.352,-0.04
7,98,0.287,0.365,-0.039
7,99,0.165,0.229,-0.05
70,10,0.499,0.58,-0.025
70,100,0.012,0.024,-0.107
70,101,0.007,0.015,-0.116
70,102,0.014,0.027,-0.107
70,103,0.015,0.029,-0.106
70,104,0.005,0.011,-0.124
70,105,0.004,0.01,-0.127
70,106,0.012,0.023,-0.114
70,107,0.03,0.053,-0.1
70,108,0.013,0.027,-0.115
70,109,0.021,0.039,-0.109
70,11,0.657,0.724,-0.016
70,110,0.012,0.025,-0.12
70,111,0.004,0.01,-0.139
70,112,0.008,0.018,-0.131
70,113,0.013,0.026,-0.126
70,114,0.022,0.041,-0.119
70,115,0.034,0.059,-0.113
70,116,0.027,0.048,-0.12
70,117,0.016,0.031,-0.134
70,118,0.02,0.038,-0.131
70,119,0.034,0.059,-0.122
70,12,0.418,0.501,-0.029
70,120,0.055,0.089,-0.112
70,121,0.024,0.043,-0.134
70,122,0.054,0.088,-0.116
70,123,0.034,0.06,-0.129
70,124,0.033,0.058,-0.13
70,125,0.066,0.104,-0.113
70,126,0.062,0.099,-0.115
70,127,0.043,0.072,-0.125
70,128,0.06,0.096,-0.116
70,129,0.038,0.065,-0.127
70,13,0.377,0.46,-0.031
70,130,0.046,0.077,-0.122
70,131,0.038,0.066,-0.126
70,132,0.027,0.049,-0.134
70,133,0.03,0.052,-0.131
70,134,0.031,0.054,-0.13
70,135,0.02,0.037,-0.139
70,136,0.021,0.039,-0.136
70,137,0.032,0.056,-0.125
70,138,0.015,0.029,-0.14
70,139,0.017,0.032,-0.135
70,14,0.373,0.456,-0.032
70,140,0.006,0.013,-0.154
70,141,0.011,0.022,-0.14
70,142,0.008,0.017,-0.143
70,143,0.002,0.006,-0.161
70,144,0.009,0.018,-0.138
70,145,0.004,0.009,-0.15
70,146,0.005,0.011,-0.142
70,147,0.005,0.012,-0.139
70,148,0.005,0.011,-0.14
70,149,0.008,0.018,-0.129
70,15,0.409,0.492,-0.029
70,150,0.008,0.017,-0.128
70,151,0.004,0.01,-0.136
70,152,0.006,0.013,-0.131
70,153,0.006,0.013,-0.129
70,154,0.008,0.017,-0.123
70,155,0.011,0.022,-0.117
70,156,0.014,0.028,-0.112
70,157,0.011,0.023,-0.115
70,158,0.011,0.022,-0.114
70,159,0.018,0.035,-0.105
70,16,0.419,0.502,-0.029
70,160,0.047,0.078,-0.087
70,161,0.027,0.049,-0.097
70,162,0.044,0.074,-0.088
70,163,0.031,0.055,-0.093
70,164,0.027,0.049,-0.095
70,165,0.055,0.09,-0.082
70,166,0.053,0.087,-0.083
70,167,0.087,0.132,-0.073
70,168,0.097,0.145,-0.071
70,169,0.129,0.185,-0.064
70,17,0.581,0.656,-0.019
70,170,0.104,0.154,-0.069
70,171,0.078,0.121,-0.075
70,172,0.105,0.155,-0.069
70,173,0.073,0.113,-0.076
70,174,0.126,0.182,-0.065
70,175,0.09,0.136,-0.073
70,176,0.074,0.115,-0.077
70,177,0.072,0.113,-0.077
70,178,0.099,0.148,-0.071
70,179,0.097,0.145,-0.072
70,18,0.59,0.665,-0.019
70,180,0.133,0.191,-0.065
70,181,0.142,0.201,-0.064
70,182,0.105,0.155,-0.071
70,183,0.102,0.151,-0.071
70,184,0.095,0.142,-0.073
70,185,0.133,0.19,-0.066
70,186,0.103,0.153,-0.072
70,187,0.122,0.177,-0.068
70,188,0.137,0.195,-0.066
70,189,0.125,0.181,-0.068
70,19,0.476,0.558,-0.025
70,190,0.079,0.121,-0.078
70,191,0.085,0.13,-0.076
70,192,0.112,0.164,-0.071
70,193,0.087,0.132,-0.076
70,194,0.136,0.194,-0.066
70,195,0.238,0.312,-0.053
70,196,0.13,0.186,-0.068
70,197,0.12,0.174,-0.07
70,198,0.144,0.203,-0.065
70,199,0.246,0.321,-0.052
70,20,0.401,0.485,-0.03
70,200,0.31,0.391,-0.046
70,201,0.29,0.369,-0.047
70,202,0.216,0.288,-0.055
70,203,0.228,0.301,-0.054
70,204,0.266,0.343,-0.05
70,205,0.279,0.357,-0.049
70,206,0.217,0.289,-0.055
70,207,0.181,0.248,-0.06
70,208,0.192,0.26,-0.058
70,209,0.167,0.231,-0.062
70,21,0.439,0.522,-0.027
70,210,0.187,0.255,-0.059
70,211,0.188,0.256,-0.059
70,212,0.196,0.265,-0.058
70,213,0.209,0.28,-0.056
70,214,0.397,0.48,-0.038
70,215,0.357,0.44,-0.041
70,216,0.358,0.441,-0.041
70,217,0.304,0.384,-0.046
70,218,0.307,0.387,-0.046
70,219,0.287,0.366,-0.048
70,22,0.297,0.376,-0.037
70,220,0.295,0.375,-0.047
70,221,0.46,0.543,-0.033
70,222,0.458,0.54,-0.033
70,223,0.485,0.566,-0.031
70,224,0.334,0.415,-0.043
70,225,0.339,0.421,-0.043
70,226,0.354,0.436,-0.042
70,227,0.238,0.312,-0.053
70,228,0.286,0.365,-0.048
70,229,0.193,0.262,-0.059
70,23,0.361,0.444,-0.032
70,230,0.295,0.374,-0.048
70,231,0.368,0.451,-0.042
70,232,0.367,0.45,-0.042
70,233,0.305,0.385,-0.048
70,234,0.206,0.276,-0.06
70,235,0.262,0.338,-0.053
70,236,0.211,0.282,-0.06
70,237,0.346,0.428,-0.046
70,238,0.29,0.369,-0.052
70,239,0.304,0.384,-0.051
70,24,0.603,0.676,-0.019
70,240,0.201,0.27,-0.064
70,241,0.209,0.279,-0.064
70,242,0.203,0.273,-0.065
70,243,0.156,0.219,-0.074
70,244,0.097,0.145,-0.088
70,245,0.164,0.228,-0.075
70,246,0.175,0.241,-0.074
70,247,0.123,0.178,-0.085
70,248,0.107,0.158,-0.091
70,249,0.099,0.148,-0.095
70,25,0.309,0.389,-0.037
70,250,0.078,0.121,-0.103
70,251,0.079,0.122,-0.104
70,26,0.277,0.355,-0.039
70,27,0.35,0.432,-0.034
70,28,0.312,0.393,-0.037
70,29,0.527,0.607,-0.023
70,30,0.426,0.509,-0.029
70,31,0.431,0.514,-0.029
70,32,0.424,0.507,-0.03
70,33,0.535,0.614,-0.023
70,34,0.33,0.412,-0.037
70,35,0.506,0.587,-0.025
70,36,0.548,0.626,-0.023
70,37,0.402,0.485,-0.032
70,38,0.376,0.459,-0.034
70,39,0.353,0.436,-0.036
70,40,0.376,0.459,-0.034
70,41,0.35,0.432,-0.036
70,42,0.427,0.511,-0.031
70,43,0.463,0.546,-0.029
70,44,0.371,0.454,-0.035
70,45,0.424,0.508,-0.032
70,46,0.586,0.661,-0.022
70,47,0.473,0.555,-0.029
70,48,0.347,0.43,-0.038
70,49,0.38,0.463,-0.035
70,50,0.548,0.626,-0.024
70,51,0.542,0.62,-0.025
70,52,0.474,0.557,-0.029
70,53,0.582,0.658,-0.023
70,54,0.751,0.804,-0.013
70,55,0.8,0.845,-0.01
70,56,0.547,0.625,-0.025
70,57,0.431,0.514,-0.033
70,58,0.595,0.669,-0.022
70,59,0.788,0.836,-0.011
70,6,0.809,0.852,-0.009
70,60,0.941,0.956,-0.003
70,61,0.412,0.495,-0.034
70,62,0.447,0.53,-0.032
70,63,0.504,0.585,-0.028
70,64,0.611,0.684,-0.021
70,65,0.775,0.825,-0.012
70,66,0.742,0.797,-0.014
70,67,0.792,0.838,-0.011
70,68,0.549,0.627,-0.025
70,69,0.561,0.638,-0.024
70,7,0.762,0.814,-0.011
70,70,0.386,0.469,-0.036
70,71,0.362,0.444,-0.038
70,72,0.432,0.515,-0.032
70,73,0.491,0.572,-0.028
70,74,0.613,0.685,-0.021
70,75,0.538,0.617,-0.025
70,76,0.527,0.606,-0.026
70,77,0.417,0.5,-0.033
70,78,0.357,0.439,-0.038
70,79,0.32,0.401,-0.041
70,8,0.809,0.852,-0.009
70,80,0.399,0.482,-0.034
70,81,0.359,0.442,-0.037
70,82,0.268,0.345,-0.045
70,83,0.209,0.28,-0.051
70,84,0.217,0.289,-0.05
70,85,0.206,0.276,-0.052
70,86,0.145,0.205,-0.059
70,87,0.119,0.173,-0.064
70,88,0.153,0.215,-0.058
70,89,0.092,0.138,-0.069
70,9,0.762,0.814,-0.011
70,90,0.101,0.151,-0.067
70,91,0.094,0.141,-0.069
70,92,0.072,0.113,-0.074
70,93,0.03,0.053,-0.089
70,94,0.027,0.048,-0.092
70,95,0.043,0.072,-0.084
70,96,0.04,0.067,-0.086
70,97,0.02,0.038,-0.097
70,98,0.018,0.034,-0.099
70,99,0.011,0.023,-0.107
71,10,0.183,0.25,-0.048
71,100,0.016,0.031,-0.102
71,101,0.042,0.071,-0.086
71,102,0.029,0.052,-0.094
71,103,0.014,0.028,-0.106
71,104,0.013,0.026,-0.109
71,105,0.013,0.026,-0.109
71,106,0.011,0.022,-0.114
71,107,0.015,0.029,-0.11
71,108,0.01,0.02,-0.118
71,109,0.01,0.02,-0.12
71,11,0.293,0.373,-0.037
71,110,0.007,0.015,-0.127
71,111,0.013,0.026,-0.118
71,112,0.033,0.058,-0.103
71,113,0.016,0.031,-0.119
71,114,0.013,0.026,-0.124
71,115,0.012,0.024,-0.128
71,116,0.018,0.034,-0.124
71,117,0.018,0.034,-0.126
71,118,0.027,0.048,-0.12
71,119,0.024,0.044,-0.124
71,12,0.328,0.41,-0.035
71,120,0.029,0.052,-0.123
71,121,0.023,0.042,-0.129
71,122,0.027,0.049,-0.127
71,123,0.043,0.072,-0.118
71,124,0.084,0.128,-0.102
71,125,0.039,0.066,-0.123
71,126,0.039,0.067,-0.123
71,127,0.059,0.095,-0.113
71,128,0.039,0.066,-0.124
71,129,0.038,0.065,-0.124
71,13,0.384,0.467,-0.031
71,130,0.044,0.073,-0.121
71,131,0.035,0.06,-0.126
71,132,0.035,0.061,-0.125
71,133,0.038,0.065,-0.122
71,134,0.038,0.065,-0.121
71,135,0.02,0.037,-0.134
71,136,0.027,0.048,-0.126
71,137,0.013,0.026,-0.14
71,138,0.023,0.042,-0.126
71,139,0.051,0.084,-0.106
71,14,0.486,0.568,-0.025
71,140,0.023,0.042,-0.123
71,141,0.024,0.043,-0.12
71,142,0.026,0.046,-0.116
71,143,0.02,0.037,-0.12
71,144,0.024,0.044,-0.114
71,145,0.021,0.039,-0.115
71,146,0.016,0.031,-0.119
71,147,0.026,0.047,-0.109
71,148,0.036,0.062,-0.101
71,149,0.036,0.063,-0.1
71,15,0.355,0.437,-0.033
71,150,0.017,0.032,-0.113
71,151,0.044,0.074,-0.094
71,152,0.024,0.044,-0.105
71,153,0.02,0.037,-0.107
71,154,0.02,0.037,-0.106
71,155,0.048,0.079,-0.089
71,156,0.078,0.12,-0.079
71,157,0.044,0.073,-0.09
71,158,0.04,0.068,-0.091
71,159,0.075,0.117,-0.078
71,16,0.394,0.478,-0.03
71,160,0.063,0.1,-0.081
71,161,0.068,0.107,-0.079
71,162,0.089,0.134,-0.073
71,163,0.087,0.133,-0.073
71,164,0.078,0.12,-0.076
71,165,0.137,0.195,-0.063
71,166,0.08,0.123,-0.074
71,167,0.07,0.11,-0.077
71,168,0.093,0.14,-0.071
71,169,0.125,0.181,-0.065
71,17,0.558,0.635,-0.021
71,170,0.101,0.15,-0.07
71,171,0.094,0.142,-0.071
71,172,0.119,0.172,-0.066
71,173,0.154,0.216,-0.06
71,174,0.079,0.122,-0.075
71,175,0.044,0.073,-0.086
71,176,0.042,0.07,-0.087
71,177,0.05,0.083,-0.084
71,178,0.068,0.107,-0.079
71,179,0.1,0.149,-0.071
71,18,0.455,0.537,-0.026
71,180,0.096,0.143,-0.072
71,181,0.075,0.117,-0.077
71,182,0.13,0.186,-0.066
71,183,0.168,0.232,-0.06
71,184,0.207,0.277,-0.055
71,185,0.179,0.245,-0.059
71,186,0.174,0.239,-0.06
71,187,0.247,0.322,-0.051
71,188,0.24,0.315,-0.052
71,189,0.236,0.31,-0.053
71,19,0.49,0.571,-0.024
71,190,0.185,0.253,-0.059
71,191,0.267,0.345,-0.049
71,192,0.207,0.278,-0.056
71,193,0.22,0.293,-0.055
71,194,0.161,0.224,-0.063
71,195,0.293,0.373,-0.047
71,196,0.191,0.259,-0.059
71,197,0.17,0.235,-0.061
71,198,0.179,0.245,-0.06
71,199,0.147,0.207,-0.065
71,20,0.424,0.507,-0.028
71,200,0.123,0.178,-0.069
71,201,0.225,0.297,-0.055
71,202,0.219,0.291,-0.055
71,203,0.242,0.317,-0.053
71,204,0.188,0.256,-0.059
71,205,0.2,0.27,-0.057
71,206,0.261,0.338,-0.05
71,207,0.262,0.338,-0.05
71,208,0.236,0.31,-0.053
71,209,0.277,0.355,-0.049
71,21,0.63,0.701,-0.017
71,210,0.416,0.5,-0.036
71,211,0.305,0.385,-0.046
71,212,0.201,0.27,-0.057
71,213,0.275,0.353,-0.049
71,214,0.257,0.333,-0.051
71,215,0.205,0.275,-0.057
71,216,0.285,0.364,-0.048
71,217,0.356,0.438,-0.041
71,218,0.383,0.466,-0.039
71,219,0.357,0.439,-0.041
71,22,0.467,0.549,-0.026
71,220,0.393,0.476,-0.038
71,221,0.489,0.571,-0.031
71,222,0.53,0.609,-0.028
71,223,0.446,0.528,-0.034
71,224,0.518,0.598,-0.029
71,225,0.573,0.65,-0.026
71,226,0.467,0.549,-0.033
71,227,0.635,0.705,-0.022
71,228,0.552,0.629,-0.027
71,229,0.616,0.688,-0.023
71,23,0.4,0.483,-0.03
71,230,0.61,0.683,-0.023
71,231,0.428,0.511,-0.037
71,232,0.357,0.439,-0.043
71,233,0.437,0.52,-0.037
71,234,0.532,0.612,-0.03
71,235,0.506,0.587,-0.032
71,236,0.622,0.693,-0.024
71,237,0.573,0.65,-0.027
71,238,0.504,0.585,-0.033
71,239,0.615,0.687,-0.025
71,24,0.508,0.589,-0.024
71,240,0.517,0.597,-0.033
71,241,0.557,0.634,-0.03
71,242,0.359,0.442,-0.047
71,243,0.288,0.367,-0.056
71,244,0.313,0.393,-0.054
71,245,0.211,0.282,-0.068
71,246,0.241,0.315,-0.065
71,247,0.303,0.382,-0.058
71,248,0.234,0.308,-0.068
71,249,0.197,0.266,-0.075
71,25,0.453,0.536,-0.027
71,250,0.322,0.403,-0.058
71,251,0.279,0.357,-0.065
71,26,0.585,0.66,-0.02
71,27,0.476,0.558,-0.026
71,28,0.525,0.605,-0.023
71,29,0.554,0.632,-0.021
71,30,0.632,0.703,-0.017
71,31,0.405,0.489,-0.031
71,32,0.41,0.493,-0.03
71,33,0.312,0.393,-0.037
71,34,0.471,0.553,-0.027
71,35,0.423,0.506,-0.03
71,36,0.404,0.487,-0.031
71,37,0.517,0.597,-0.024
71,38,0.434,0.517,-0.03
71,39,0.535,0.614,-0.024
71,40,0.372,0.454,-0.034
71,41,0.41,0.493,-0.032
71,42,0.528,0.607,-0.024
71,43,0.409,0.492,-0.032
71,44,0.469,0.552,-0.028
71,45,0.696,0.758,-0.015
71,46,0.47,0.552,-0.028
71,47,0.549,0.627,-0.024
71,48,0.502,0.583,-0.027
71,49,0.687,0.75,-0.016
71,50,0.627,0.697,-0.02
71,51,0.717,0.776,-0.015
71,52,0.66,0.727,-0.018
71,53,0.742,0.797,-0.013
71,54,0.756,0.808,-0.013
71,55,0.382,0.465,-0.036
71,56,0.581,0.657,-0.023
71,57,0.421,0.504,-0.033
71,58,0.672,0.738,-0.018
71,59,0.956,0.967,-0.002
71,6,0.305,0.385,-0.038
71,60,0.687,0.751,-0.017
71,61,0.664,0.73,-0.018
71,62,0.554,0.632,-0.025
71,63,0.557,0.634,-0.024
71,64,0.626,0.697,-0.02
71,65,0.665,0.732,-0.018
71,66,0.669,0.735,-0.018
71,67,0.573,0.649,-0.023
71,68,0.602,0.675,-0.022
71,69,0.51,0.59,-0.027
71,7,0.329,0.41,-0.036
71,70,0.497,0.578,-0.028
71,71,0.686,0.749,-0.017
71,72,0.509,0.59,-0.027
71,73,0.462,0.544,-0.03
71,74,0.468,0.55,-0.03
71,75,0.416,0.499,-0.033
71,76,0.335,0.417,-0.04
71,77,0.371,0.454,-0.037
71,78,0.326,0.407,-0.04
71,79,0.316,0.397,-0.041
71,8,0.238,0.312,-0.043
71,80,0.277,0.355,-0.045
71,81,0.192,0.261,-0.053
71,82,0.266,0.343,-0.045
71,83,0.182,0.249,-0.054
71,84,0.119,0.173,-0.063
71,85,0.194,0.263,-0.053
71,86,0.161,0.225,-0.057
71,87,0.085,0.129,-0.07
71,88,0.122,0.177,-0.063
71,89,0.07,0.109,-0.074
71,9,0.241,0.315,-0.043
71,90,0.059,0.095,-0.077
71,91,0.122,0.177,-0.063
71,92,0.087,0.132,-0.07
71,93,0.026,0.047,-0.091
71,94,0.025,0.045,-0.093
71,95,0.032,0.056,-0.089
71,96,0.036,0.062,-0.087
71,97,0.029,0.051,-0.091
71,98,0.021,0.038,-0.097
71,99,0.013,0.026,-0.105
72,10,0.769,0.82,-0.011
72,100,0.029,0.051,-0.092
72,101,0.034,0.059,-0.089
72,102,0.028,0.05,-0.093
72,103,0.05,0.082,-0.084
72,104,0.018,0.034,-0.102
72,105,0.022,0.041,-0.099
72,106,0.018,0.035,-0.103
72,107,0.017,0.033,-0.105
72,108,0.023,0.042,-0.102
72,109,0.014,0.028,-0.111
72,11,0.513,0.594,-0.023
72,110,0.027,0.048,-0.101
72,111,0.02,0.037,-0.108
72,112,0.021,0.039,-0.108
72,113,0.019,0.036,-0.112
72,114,0.015,0.03,-0.117
72,115,0.018,0.034,-0.116
72,116,0.036,0.062,-0.105
72,117,0.031,0.055,-0.11
72,118,0.018,0.034,-0.123
72,119,0.019,0.036,-0.124
72,12,0.573,0.649,-0.02
72,120,0.022,0.041,-0.123
72,121,0.03,0.052,-0.119
72,122,0.022,0.041,-0.126
72,123,0.023,0.042,-0.128
72,124,0.023,0.042,-0.129
72,125,0.029,0.051,-0.125
72,126,0.036,0.062,-0.12
72,127,0.029,0.051,-0.126
72,128,0.028,0.049,-0.127
72,129,0.025,0.046,-0.129
72,13,0.601,0.675,-0.018
72,130,0.024,0.043,-0.131
72,131,0.048,0.08,-0.113
72,132,0.042,0.07,-0.116
72,133,0.032,0.056,-0.122
72,134,0.035,0.06,-0.118
72,135,0.029,0.052,-0.121
72,136,0.016,0.03,-0.133
72,137,0.014,0.027,-0.134
72,138,0.031,0.055,-0.115
72,139,0.025,0.045,-0.119
72,14,0.574,0.65,-0.02
72,140,0.014,0.028,-0.127
72,141,0.01,0.021,-0.132
72,142,0.015,0.028,-0.124
72,143,0.041,0.07,-0.102
72,144,0.023,0.042,-0.112
72,145,0.017,0.033,-0.116
72,146,0.01,0.021,-0.124
72,147,0.025,0.046,-0.107
72,148,0.021,0.039,-0.109
72,149,0.017,0.032,-0.112
72,15,0.479,0.561,-0.025
72,150,0.014,0.028,-0.114
72,151,0.03,0.053,-0.1
72,152,0.015,0.029,-0.111
72,153,0.035,0.06,-0.095
72,154,0.041,0.07,-0.091
72,155,0.038,0.065,-0.092
72,156,0.045,0.075,-0.089
72,157,0.044,0.073,-0.089
72,158,0.071,0.111,-0.079
72,159,0.068,0.107,-0.079
72,16,0.421,0.504,-0.028
72,160,0.045,0.075,-0.086
72,161,0.061,0.098,-0.08
72,162,0.04,0.068,-0.088
72,163,0.104,0.154,-0.069
72,164,0.115,0.168,-0.067
72,165,0.098,0.147,-0.07
72,166,0.063,0.1,-0.079
72,167,0.05,0.082,-0.083
72,168,0.068,0.107,-0.077
72,169,0.104,0.154,-0.069
72,17,0.53,0.61,-0.022
72,170,0.113,0.166,-0.067
72,171,0.103,0.153,-0.069
72,172,0.063,0.101,-0.079
72,173,0.068,0.106,-0.078
72,174,0.095,0.143,-0.071
72,175,0.05,0.083,-0.084
72,176,0.059,0.094,-0.081
72,177,0.068,0.106,-0.079
72,178,0.062,0.099,-0.081
72,179,0.058,0.093,-0.082
72,18,0.611,0.683,-0.018
72,180,0.09,0.136,-0.074
72,181,0.101,0.15,-0.072
72,182,0.077,0.119,-0.078
72,183,0.102,0.151,-0.072
72,184,0.057,0.092,-0.084
72,185,0.092,0.139,-0.075
72,186,0.135,0.192,-0.066
72,187,0.164,0.228,-0.062
72,188,0.109,0.161,-0.071
72,189,0.114,0.166,-0.071
72,19,0.64,0.709,-0.016
72,190,0.109,0.16,-0.072
72,191,0.051,0.083,-0.087
72,192,0.099,0.148,-0.074
72,193,0.123,0.178,-0.069
72,194,0.09,0.136,-0.076
72,195,0.046,0.076,-0.09
72,196,0.097,0.146,-0.075
72,197,0.165,0.228,-0.063
72,198,0.301,0.381,-0.047
72,199,0.155,0.217,-0.064
72,20,0.47,0.552,-0.025
72,200,0.089,0.135,-0.077
72,201,0.109,0.16,-0.072
72,202,0.096,0.144,-0.075
72,203,0.162,0.225,-0.063
72,204,0.123,0.177,-0.07
72,205,0.198,0.267,-0.058
72,206,0.174,0.24,-0.061
72,207,0.179,0.245,-0.061
72,208,0.143,0.202,-0.066
72,209,0.217,0.289,-0.056
72,21,0.327,0.408,-0.035
72,210,0.256,0.332,-0.051
72,211,0.165,0.229,-0.062
72,212,0.243,0.318,-0.052
72,213,0.187,0.255,-0.059
72,214,0.227,0.3,-0.054
72,215,0.267,0.344,-0.05
72,216,0.344,0.426,-0.042
72,217,0.432,0.515,-0.035
72,218,0.322,0.403,-0.044
72,219,0.297,0.376,-0.047
72,22,0.439,0.522,-0.027
72,220,0.448,0.531,-0.034
72,221,0.412,0.495,-0.037
72,222,0.364,0.446,-0.041
72,223,0.355,0.437,-0.042
72,224,0.277,0.355,-0.049
72,225,0.475,0.557,-0.032
72,226,0.271,0.349,-0.05
72,227,0.317,0.398,-0.045
72,228,0.338,0.42,-0.044
72,229,0.325,0.406,-0.045
72,23,0.35,0.433,-0.033
72,230,0.32,0.4,-0.046
72,231,0.283,0.361,-0.05
72,232,0.266,0.343,-0.052
72,233,0.196,0.265,-0.061
72,234,0.243,0.318,-0.055
72,235,0.207,0.277,-0.06
72,236,0.202,0.272,-0.062
72,237,0.268,0.345,-0.054
72,238,0.304,0.384,-0.051
72,239,0.208,0.279,-0.063
72,24,0.357,0.44,-0.033
72,240,0.293,0.372,-0.053
72,241,0.271,0.349,-0.056
72,242,0.272,0.35,-0.057
72,243,0.182,0.248,-0.071
72,244,0.257,0.333,-0.061
72,245,0.237,0.311,-0.065
72,246,0.18,0.246,-0.075
72,247,0.129,0.186,-0.086
72,248,0.095,0.143,-0.096
72,249,0.146,0.206,-0.085
72,25,0.562,0.639,-0.021
72,250,0.107,0.158,-0.096
72,251,0.132,0.189,-0.091
72,26,0.401,0.484,-0.03
72,27,0.459,0.541,-0.027
72,28,0.302,0.382,-0.037
72,29,0.381,0.464,-0.032
72,30,0.44,0.523,-0.028
72,31,0.343,0.425,-0.035
72,32,0.377,0.46,-0.032
72,33,0.255,0.331,-0.042
72,34,0.435,0.518,-0.029
72,35,0.597,0.671,-0.02
72,36,0.417,0.501,-0.03
72,37,0.428,0.512,-0.03
72,38,0.281,0.359,-0.041
72,39,0.441,0.524,-0.029
72,40,0.62,0.691,-0.019
72,41,0.502,0.583,-0.026
72,42,0.544,0.622,-0.023
72,43,0.658,0.725,-0.017
72,44,0.786,0.834,-0.011
72,45,0.773,0.823,-0.011
72,46,0.734,0.79,-0.013
72,47,0.593,0.667,-0.021
72,48,0.568,0.644,-0.023
72,49,0.439,0.522,-0.031
72,50,0.655,0.722,-0.018
72,51,0.733,0.79,-0.014
72,52,0.616,0.688,-0.02
72,53,0.416,0.499,-0.033
72,54,0.582,0.658,-0.022
72,55,0.534,0.613,-0.025
72,56,0.607,0.68,-0.021
72,57,0.473,0.556,-0.029
72,58,0.338,0.42,-0.04
72,59,0.406,0.49,-0.034
72,6,0.707,0.768,-0.014
72,60,0.444,0.527,-0.032
72,61,0.551,0.629,-0.025
72,62,0.645,0.714,-0.019
72,63,0.508,0.588,-0.027
72,64,0.685,0.749,-0.017
72,65,0.646,0.715,-0.019
72,66,0.433,0.516,-0.033
72,67,0.501,0.582,-0.028
72,68,0.389,0.472,-0.036
72,69,0.685,0.749,-0.017
72,7,0.591,0.665,-0.02
72,70,0.613,0.685,-0.021
72,71,0.463,0.546,-0.03
72,72,0.441,0.524,-0.032
72,73,0.46,0.542,-0.031
72,74,0.736,0.792,-0.014
72,75,0.553,0.631,-0.024
72,76,0.489,0.571,-0.028
72,77,0.337,0.419,-0.039
72,78,0.53,0.61,-0.026
72,79,0.424,0.507,-0.033
72,8,0.772,0.822,-0.011
72,80,0.365,0.448,-0.037
72,81,0.216,0.288,-0.05
72,82,0.251,0.327,-0.047
72,83,0.239,0.314,-0.048
72,84,0.26,0.337,-0.046
72,85,0.239,0.314,-0.048
72,86,0.258,0.335,-0.046
72,87,0.186,0.253,-0.054
72,88,0.104,0.154,-0.066
72,89,0.112,0.165,-0.064
72,9,0.676,0.741,-0.015
72,90,0.096,0.144,-0.068
72,91,0.129,0.186,-0.062
72,92,0.077,0.119,-0.072
72,93,0.094,0.141,-0.068
72,94,0.085,0.13,-0.07
72,95,0.081,0.124,-0.071
72,96,0.047,0.077,-0.082
72,97,0.06,0.096,-0.077
72,98,0.038,0.066,-0.086
72,99,0.028,0.049,-0.092
73,10,0.407,0.49,-0.03
73,100,0.086,0.131,-0.071
73,101,0.055,0.089,-0.08
73,102,0.036,0.062,-0.088
73,103,0.037,0.064,-0.088
73,104,0.031,0.054,-0.092
73,105,0.023,0.042,-0.098
73,106,0.033,0.058,-0.092
73,107,0.016,0.031,-0.105
73,108,0.032,0.056,-0.094
73,109,0.027,0.049,-0.098
73,11,0.321,0.402,-0.035
73,110,0.017,0.032,-0.108
73,111,0.013,0.026,-0.113
73,112,0.017,0.032,-0.11
73,113,0.021,0.039,-0.108
73,114,0.015,0.029,-0.115
73,115,0.036,0.062,-0.101
73,116,0.024,0.043,-0.11
73,117,0.028,0.05,-0.109
73,118,0.028,0.05,-0.11
73,119,0.056,0.091,-0.097
73,12,0.419,0.502,-0.029
73,120,0.06,0.096,-0.097
73,121,0.06,0.096,-0.098
73,122,0.035,0.06,-0.112
73,123,0.035,0.06,-0.113
73,124,0.028,0.049,-0.119
73,125,0.029,0.052,-0.119
73,126,0.032,0.056,-0.117
73,127,0.023,0.043,-0.125
73,128,0.023,0.043,-0.125
73,129,0.04,0.068,-0.113
73,13,0.364,0.447,-0.032
73,130,0.032,0.056,-0.118
73,131,0.035,0.06,-0.116
73,132,0.029,0.052,-0.119
73,133,0.034,0.06,-0.115
73,134,0.022,0.041,-0.123
73,135,0.04,0.067,-0.11
73,136,0.022,0.04,-0.121
73,137,0.032,0.055,-0.112
73,138,0.029,0.051,-0.113
73,139,0.026,0.046,-0.114
73,14,0.455,0.538,-0.026
73,140,0.03,0.053,-0.11
73,141,0.035,0.061,-0.105
73,142,0.03,0.054,-0.107
73,143,0.023,0.042,-0.111
73,144,0.032,0.057,-0.103
73,145,0.045,0.075,-0.096
73,146,0.043,0.072,-0.095
73,147,0.034,0.059,-0.099
73,148,0.04,0.068,-0.095
73,149,0.043,0.072,-0.093
73,15,0.504,0.585,-0.023
73,150,0.059,0.095,-0.086
73,151,0.047,0.078,-0.09
73,152,0.101,0.15,-0.073
73,153,0.061,0.098,-0.083
73,154,0.071,0.112,-0.08
73,155,0.067,0.106,-0.08
73,156,0.084,0.128,-0.076
73,157,0.095,0.142,-0.073
73,158,0.102,0.152,-0.071
73,159,0.141,0.2,-0.063
73,16,0.351,0.434,-0.033
73,160,0.137,0.195,-0.064
73,161,0.139,0.198,-0.063
73,162,0.105,0.155,-0.069
73,163,0.106,0.157,-0.069
73,164,0.095,0.142,-0.071
73,165,0.111,0.162,-0.067
73,166,0.105,0.156,-0.068
73,167,0.174,0.239,-0.057
73,168,0.167,0.231,-0.058
73,169,0.125,0.18,-0.065
73,17,0.575,0.651,-0.02
73,170,0.148,0.208,-0.061
73,171,0.2,0.269,-0.054
73,172,0.159,0.221,-0.06
73,173,0.198,0.267,-0.055
73,174,0.21,0.28,-0.054
73,175,0.203,0.273,-0.055
73,176,0.231,0.305,-0.052
73,177,0.199,0.268,-0.056
73,178,0.198,0.267,-0.056
73,179,0.207,0.278,-0.055
73,18,0.269,0.346,-0.039
73,180,0.219,0.291,-0.054
73,181,0.23,0.303,-0.053
73,182,0.138,0.196,-0.065
73,183,0.181,0.248,-0.059
73,184,0.168,0.232,-0.061
73,185,0.131,0.187,-0.067
73,186,0.139,0.197,-0.066
73,187,0.181,0.248,-0.06
73,188,0.155,0.217,-0.063
73,189,0.218,0.29,-0.055
73,19,0.297,0.377,-0.036
73,190,0.187,0.255,-0.059
73,191,0.238,0.312,-0.053
73,192,0.273,0.35,-0.049
73,193,0.307,0.387,-0.046
73,194,0.368,0.451,-0.04
73,195,0.384,0.467,-0.039
73,196,0.369,0.451,-0.04
73,197,0.303,0.383,-0.046
73,198,0.318,0.399,-0.045
73,199,0.329,0.41,-0.044
73,20,0.395,0.479,-0.03
73,200,0.367,0.45,-0.041
73,201,0.333,0.415,-0.044
73,202,0.427,0.511,-0.036
73,203,0.473,0.555,-0.032
73,204,0.375,0.458,-0.04
73,205,0.36,0.442,-0.041
73,206,0.272,0.35,-0.049
73,207,0.353,0.435,-0.042
73,208,0.357,0.44,-0.041
73,209,0.295,0.374,-0.047
73,21,0.387,0.47,-0.03
73,210,0.396,0.479,-0.038
73,211,0.423,0.506,-0.036
73,212,0.499,0.58,-0.03
73,213,0.283,0.361,-0.048
73,214,0.285,0.364,-0.048
73,215,0.259,0.336,-0.05
73,216,0.143,0.202,-0.065
73,217,0.275,0.352,-0.049
73,218,0.369,0.451,-0.04
73,219,0.471,0.553,-0.032
73,22,0.189,0.257,-0.046
73,220,0.313,0.393,-0.045
73,221,0.354,0.436,-0.042
73,222,0.473,0.555,-0.032
73,223,0.502,0.583,-0.03
73,224,0.582,0.657,-0.025
73,225,0.608,0.681,-0.023
73,226,0.587,0.662,-0.025
73,227,0.567,0.643,-0.026
73,228,0.375,0.458,-0.041
73,229,0.343,0.425,-0.044
73,23,0.445,0.528,-0.027
73,230,0.335,0.416,-0.045
73,231,0.331,0.412,-0.045
73,232,0.39,0.473,-0.04
73,233,0.238,0.312,-0.056
73,234,0.352,0.435,-0.044
73,235,0.33,0.411,-0.047
73,236,0.278,0.356,-0.053
73,237,0.307,0.387,-0.05
73,238,0.383,0.466,-0.043
73,239,0.251,0.327,-0.058
73,24,0.459,0.541,-0.026
73,240,0.385,0.469,-0.044
73,241,0.237,0.311,-0.061
73,242,0.276,0.354,-0.057
73,243,0.283,0.362,-0.057
73,244,0.289,0.368,-0.057
73,245,0.291,0.37,-0.058
73,246,0.346,0.429,-0.052
73,247,0.417,0.5,-0.046
73,248,0.304,0.384,-0.059
73,249,0.416,0.499,-0.048
73,25,0.578,0.653,-0.02
73,250,0.376,0.459,-0.053
73,251,0.312,0.392,-0.062
73,26,0.476,0.558,-0.025
73,27,0.381,0.464,-0.031
73,28,0.405,0.488,-0.03
73,29,0.273,0.351,-0.04
73,30,0.431,0.514,-0.028
73,31,0.528,0.607,-0.023
73,32,0.601,0.675,-0.019
73,33,0.433,0.516,-0.029
73,34,0.417,0.5,-0.03
73,35,0.585,0.66,-0.02
73,36,0.755,0.808,-0.012
73,37,0.516,0.596,-0.024
73,38,0.588,0.663,-0.02
73,39,0.495,0.576,-0.026
73,40,0.555,0.632,-0.022
73,41,0.565,0.642,-0.022
73,42,0.488,0.57,-0.027
73,43,0.642,0.711,-0.018
73,44,0.869,0.9,-0.006
73,45,0.74,0.795,-0.013
73,46,0.622,0.693,-0.019
73,47,0.593,0.667,-0.021
73,48,0.878,0.907,-0.006
73,49,0.797,0.843,-0.01
73,50,0.871,0.902,-0.007
73,51,0.986,0.99,-0.001
73,52,0.765,0.816,-0.012
73,53,0.7,0.762,-0.016
73,54,0.746,0.8,-0.013
73,55,0.628,0.699,-0.02
73,56,0.709,0.769,-0.015
73,57,0.658,0.726,-0.018
73,58,0.69,0.753,-0.016
73,59,0.726,0.784,-0.014
73,6,0.447,0.53,-0.028
73,60,0.877,0.907,-0.006
73,61,0.792,0.839,-0.011
73,62,0.94,0.955,-0.003
73,63,0.796,0.842,-0.011
73,64,0.698,0.76,-0.016
73,65,0.656,0.723,-0.019
73,66,0.716,0.775,-0.015
73,67,0.71,0.77,-0.015
73,68,0.786,0.834,-0.011
73,69,0.485,0.566,-0.029
73,7,0.294,0.373,-0.039
73,70,0.55,0.628,-0.025
73,71,0.629,0.699,-0.02
73,72,0.421,0.505,-0.033
73,73,0.533,0.612,-0.026
73,74,0.762,0.814,-0.012
73,75,0.559,0.636,-0.024
73,76,0.712,0.772,-0.015
73,77,0.433,0.516,-0.032
73,78,0.449,0.532,-0.031
73,79,0.5,0.581,-0.028
73,8,0.384,0.467,-0.032
73,80,0.406,0.489,-0.034
73,81,0.615,0.687,-0.021
73,82,0.483,0.565,-0.029
73,83,0.269,0.347,-0.045
73,84,0.417,0.5,-0.033
73,85,0.292,0.371,-0.043
73,86,0.344,0.426,-0.038
73,87,0.4,0.483,-0.034
73,88,0.376,0.459,-0.036
73,89,0.399,0.482,-0.034
73,9,0.351,0.433,-0.034
73,90,0.248,0.323,-0.047
73,91,0.326,0.408,-0.04
73,92,0.262,0.339,-0.046
73,93,0.119,0.173,-0.063
73,94,0.16,0.223,-0.057
73,95,0.223,0.296,-0.05
73,96,0.134,0.191,-0.061
73,97,0.125,0.18,-0.063
73,98,0.075,0.117,-0.073
73,99,0.15,0.211,-0.06
74,10,0.236,0.311,-0.042
74,100,0.064,0.101,-0.076
74,101,0.05,0.083,-0.081
74,102,0.031,0.054,-0.09
74,103,0.025,0.046,-0.093
74,104,0.027,0.049,-0.093
74,105,0.032,0.057,-0.09
74,106,0.034,0.059,-0.09
74,107,0.028,0.049,-0.095
74,108,0.035,0.061,-0.091
74,109,0.053,0.086,-0.085
74,11,0.19,0.258,-0.047
74,110,0.038,0.065,-0.092
74,111,0.018,0.035,-0.105
74,112,0.033,0.057,-0.096
74,113,0.031,0.054,-0.099
74,114,0.017,0.033,-0.11
74,115,0.05,0.082,-0.092
74,116,0.032,0.056,-0.101
74,117,0.033,0.057,-0.103
74,118,0.031,0.055,-0.105
74,119,0.033,0.058,-0.105
74,12,0.303,0.383,-0.036
74,120,0.03,0.052,-0.109
74,121,0.025,0.046,-0.113
74,122,0.05,0.082,-0.1
74,123,0.051,0.083,-0.1
74,124,0.035,0.06,-0.11
74,125,0.022,0.04,-0.12
74,126,0.042,0.071,-0.107
74,127,0.021,0.039,-0.122
74,128,0.031,0.054,-0.115
74,129,0.028,0.05,-0.117
74,13,0.243,0.317,-0.041
74,130,0.017,0.033,-0.127
74,131,0.025,0.045,-0.119
74,132,0.023,0.043,-0.119
74,133,0.025,0.045,-0.117
74,134,0.02,0.038,-0.121
74,135,0.019,0.036,-0.121
74,136,0.025,0.045,-0.115
74,137,0.037,0.064,-0.106
74,138,0.021,0.039,-0.116
74,139,0.023,0.043,-0.113
74,14,0.332,0.414,-0.034
74,140,0.05,0.082,-0.096
74,141,0.048,0.079,-0.096
74,142,0.025,0.046,-0.108
74,143,0.011,0.022,-0.122
74,144,0.038,0.065,-0.098
74,145,0.036,0.063,-0.098
74,146,0.021,0.039,-0.107
74,147,0.039,0.067,-0.095
74,148,0.03,0.054,-0.099
74,149,0.044,0.074,-0.091
74,15,0.195,0.263,-0.045
74,150,0.04,0.068,-0.092
74,151,0.028,0.049,-0.098
74,152,0.03,0.052,-0.096
74,153,0.045,0.075,-0.088
74,154,0.051,0.084,-0.085
74,155,0.067,0.106,-0.08
74,156,0.067,0.105,-0.079
74,157,0.074,0.115,-0.077
74,158,0.081,0.125,-0.075
74,159,0.052,0.085,-0.083
74,16,0.355,0.437,-0.032
74,160,0.106,0.157,-0.069
74,161,0.056,0.091,-0.081
74,162,0.095,0.142,-0.071
74,163,0.104,0.154,-0.069
74,164,0.071,0.111,-0.076
74,165,0.105,0.155,-0.069
74,166,0.154,0.216,-0.06
74,167,0.168,0.233,-0.058
74,168,0.125,0.181,-0.065
74,169,0.108,0.159,-0.068
74,17,0.168,0.232,-0.048
74,170,0.124,0.179,-0.065
74,171,0.14,0.198,-0.063
74,172,0.109,0.161,-0.069
74,173,0.108,0.159,-0.069
74,174,0.106,0.157,-0.069
74,175,0.099,0.148,-0.071
74,176,0.055,0.089,-0.083
74,177,0.049,0.081,-0.086
74,178,0.054,0.087,-0.084
74,179,0.058,0.093,-0.083
74,18,0.221,0.294,-0.043
74,180,0.079,0.121,-0.077
74,181,0.051,0.083,-0.086
74,182,0.085,0.13,-0.076
74,183,0.112,0.164,-0.07
74,184,0.099,0.147,-0.073
74,185,0.082,0.126,-0.077
74,186,0.054,0.088,-0.086
74,187,0.109,0.161,-0.072
74,188,0.066,0.104,-0.082
74,189,0.114,0.166,-0.071
74,19,0.249,0.325,-0.04
74,190,0.124,0.179,-0.069
74,191,0.123,0.177,-0.069
74,192,0.068,0.107,-0.082
74,193,0.095,0.143,-0.075
74,194,0.086,0.131,-0.077
74,195,0.091,0.137,-0.076
74,196,0.113,0.165,-0.071
74,197,0.103,0.152,-0.074
74,198,0.209,0.279,-0.057
74,199,0.179,0.245,-0.06
74,20,0.113,0.165,-0.055
74,200,0.15,0.211,-0.065
74,201,0.172,0.236,-0.062
74,202,0.146,0.206,-0.066
74,203,0.112,0.164,-0.071
74,204,0.115,0.167,-0.071
74,205,0.17,0.235,-0.062
74,206,0.2,0.27,-0.057
74,207,0.235,0.309,-0.053
74,208,0.235,0.309,-0.053
74,209,0.207,0.278,-0.056
74,21,0.209,0.279,-0.044
74,210,0.145,0.204,-0.065
74,211,0.171,0.236,-0.061
74,212,0.17,0.235,-0.061
74,213,0.134,0.191,-0.067
74,214,0.238,0.313,-0.053
74,215,0.242,0.316,-0.052
74,216,0.173,0.238,-0.061
74,217,0.208,0.279,-0.056
74,218,0.159,0.221,-0.063
74,219,0.164,0.228,-0.062
74,22,0.245,0.32,-0.041
74,220,0.29,0.369,-0.047
74,221,0.178,0.244,-0.061
74,222,0.121,0.175,-0.07
74,223,0.148,0.208,-0.065
74,224,0.156,0.218,-0.064
74,225,0.15,0.211,-0.065
74,226,0.243,0.318,-0.053
74,227,0.223,0.296,-0.056
74,228,0.277,0.355,-0.05
74,229,0.263,0.339,-0.052
74,23,0.162,0.225,-0.049
74,230,0.271,0.349,-0.051
74,231,0.416,0.499,-0.038
74,232,0.217,0.289,-0.058
74,233,0.214,0.285,-0.059
74,234,0.165,0.228,-0.067
74,235,0.201,0.271,-0.062
74,236,0.2,0.27,-0.063
74,237,0.168,0.232,-0.068
74,238,0.153,0.215,-0.071
74,239,0.167,0.231,-0.07
74,24,0.319,0.4,-0.035
74,240,0.197,0.265,-0.066
74,241,0.171,0.236,-0.071
74,242,0.217,0.289,-0.065
74,243,0.274,0.351,-0.058
74,244,0.132,0.189,-0.082
74,245,0.158,0.22,-0.078
74,246,0.15,0.211,-0.081
74,247,0.205,0.275,-0.073
74,248,0.176,0.241,-0.079
74,249,0.188,0.256,-0.078
74,25,0.459,0.541,-0.026
74,250,0.196,0.264,-0.078
74,251,0.206,0.276,-0.077
74,26,0.346,0.428,-0.033
74,27,0.287,0.366,-0.038
74,28,0.359,0.441,-0.033
74,29,0.255,0.331,-0.041
74,30,0.364,0.446,-0.033
74,31,0.339,0.42,-0.035
74,32,0.349,0.432,-0.034
74,33,0.432,0.515,-0.029
74,34,0.341,0.423,-0.035
74,35,0.354,0.437,-0.034
74,36,0.338,0.419,-0.036
74,37,0.375,0.458,-0.033
74,38,0.264,0.341,-0.042
74,39,0.388,0.471,-0.033
74,40,0.453,0.536,-0.028
74,41,0.317,0.398,-0.038
74,42,0.393,0.477,-0.033
74,43,0.467,0.549,-0.028
74,44,0.594,0.668,-0.021
74,45,0.398,0.481,-0.033
74,46,0.485,0.567,-0.027
74,47,0.449,0.532,-0.03
74,48,0.547,0.625,-0.024
74,49,0.423,0.506,-0.032
74,50,0.623,0.694,-0.02
74,51,0.528,0.608,-0.025
74,52,0.744,0.798,-0.013
74,53,0.506,0.587,-0.027
74,54,0.507,0.587,-0.027
74,55,0.459,0.542,-0.03
74,56,0.325,0.406,-0.04
74,57,0.609,0.682,-0.021
74,58,0.533,0.612,-0.026
74,59,0.554,0.631,-0.024
74,6,0.405,0.488,-0.031
74,60,0.576,0.652,-0.023
74,61,0.469,0.551,-0.03
74,62,0.381,0.464,-0.036
74,63,0.65,0.718,-0.019
74,64,0.554,0.632,-0.025
74,65,0.612,0.684,-0.021
74,66,0.733,0.789,-0.014
74,67,0.48,0.562,-0.029
74,68,0.454,0.537,-0.031
74,69,0.455,0.538,-0.031
74,7,0.351,0.434,-0.034
74,70,0.402,0.485,-0.035
74,71,0.39,0.473,-0.036
74,72,0.337,0.418,-0.04
74,73,0.257,0.333,-0.047
74,74,0.315,0.396,-0.041
74,75,0.251,0.326,-0.047
74,76,0.346,0.428,-0.039
74,77,0.397,0.48,-0.035
74,78,0.453,0.536,-0.031
74,79,0.344,0.426,-0.039
74,8,0.334,0.415,-0.035
74,80,0.148,0.209,-0.059
74,81,0.173,0.239,-0.055
74,82,0.195,0.264,-0.053
74,83,0.201,0.271,-0.052
74,84,0.201,0.271,-0.052
74,85,0.197,0.266,-0.052
74,86,0.25,0.326,-0.047
74,87,0.176,0.242,-0.055
74,88,0.172,0.237,-0.055
74,89,0.092,0.139,-0.068
74,9,0.362,0.445,-0.033
74,90,0.167,0.231,-0.056
74,91,0.172,0.237,-0.055
74,92,0.154,0.216,-0.058
74,93,0.122,0.176,-0.063
74,94,0.107,0.158,-0.065
74,95,0.125,0.18,-0.063
74,96,0.051,0.084,-0.079
74,97,0.085,0.129,-0.071
74,98,0.068,0.107,-0.075
74,99,0.064,0.102,-0.076
75,10,0.131,0.188,-0.054
75,100,0.05,0.082,-0.08
75,101,0.087,0.132,-0.07
75,102,0.068,0.108,-0.075
75,103,0.063,0.101,-0.077
75,104,0.055,0.089,-0.08
75,105,0.072,0.112,-0.076
75,106,0.056,0.09,-0.081
75,107,0.04,0.067,-0.088
75,108,0.038,0.065,-0.089
75,109,0.046,0.077,-0.086
75,11,0.136,0.194,-0.053
75,110,0.042,0.071,-0.089
75,111,0.073,0.114,-0.079
75,112,0.042,0.071,-0.09
75,113,0.042,0.072,-0.091
75,114,0.024,0.043,-0.103
75,115,0.032,0.057,-0.098
75,116,0.026,0.047,-0.104
75,117,0.028,0.05,-0.103
75,118,0.046,0.077,-0.095
75,119,0.027,0.048,-0.107
75,12,0.111,0.163,-0.056
75,120,0.028,0.05,-0.107
75,121,0.052,0.085,-0.096
75,122,0.042,0.071,-0.101
75,123,0.085,0.13,-0.086
75,124,0.05,0.082,-0.099
75,125,0.028,0.05,-0.112
75,126,0.054,0.087,-0.099
75,127,0.045,0.075,-0.103
75,128,0.088,0.134,-0.088
75,129,0.058,0.093,-0.097
75,13,0.238,0.312,-0.041
75,130,0.059,0.095,-0.097
75,131,0.063,0.101,-0.095
75,132,0.06,0.096,-0.096
75,133,0.045,0.076,-0.102
75,134,0.049,0.081,-0.099
75,135,0.045,0.075,-0.101
75,136,0.055,0.089,-0.096
75,137,0.072,0.112,-0.089
75,138,0.04,0.067,-0.101
75,139,0.041,0.07,-0.099
75,14,0.267,0.344,-0.039
75,140,0.042,0.071,-0.098
75,141,0.065,0.103,-0.088
75,142,0.064,0.102,-0.087
75,143,0.065,0.103,-0.086
75,144,0.044,0.073,-0.093
75,145,0.043,0.072,-0.093
75,146,0.036,0.062,-0.095
75,147,0.027,0.048,-0.1
75,148,0.039,0.067,-0.092
75,149,0.048,0.08,-0.088
75,15,0.126,0.182,-0.053
75,150,0.065,0.103,-0.081
75,151,0.095,0.143,-0.073
75,152,0.046,0.077,-0.087
75,153,0.043,0.073,-0.088
75,154,0.051,0.084,-0.084
75,155,0.144,0.203,-0.063
75,156,0.078,0.12,-0.076
75,157,0.063,0.101,-0.079
75,158,0.08,0.123,-0.075
75,159,0.129,0.185,-0.064
75,16,0.084,0.128,-0.06
75,160,0.128,0.184,-0.065
75,161,0.096,0.144,-0.071
75,162,0.094,0.142,-0.07
75,163,0.105,0.155,-0.068
75,164,0.136,0.194,-0.063
75,165,0.13,0.187,-0.064
75,166,0.195,0.264,-0.055
75,167,0.176,0.241,-0.057
75,168,0.223,0.296,-0.052
75,169,0.181,0.248,-0.057
75,17,0.187,0.254,-0.046
75,170,0.164,0.227,-0.059
75,171,0.129,0.186,-0.065
75,172,0.158,0.221,-0.06
75,173,0.239,0.314,-0.051
75,174,0.223,0.296,-0.052
75,175,0.209,0.279,-0.055
75,176,0.117,0.171,-0.068
75,177,0.151,0.212,-0.063
75,178,0.1,0.148,-0.072
75,179,0.074,0.116,-0.078
75,18,0.224,0.297,-0.042
75,180,0.123,0.177,-0.068
75,181,0.161,0.224,-0.062
75,182,0.179,0.245,-0.06
75,183,0.172,0.237,-0.061
75,184,0.085,0.13,-0.077
75,185,0.097,0.145,-0.074
75,186,0.116,0.17,-0.07
75,187,0.14,0.199,-0.066
75,188,0.144,0.204,-0.066
75,189,0.127,0.183,-0.069
75,19,0.155,0.217,-0.049
75,190,0.169,0.234,-0.062
75,191,0.079,0.122,-0.079
75,192,0.104,0.153,-0.073
75,193,0.122,0.176,-0.07
75,194,0.149,0.21,-0.065
75,195,0.137,0.195,-0.067
75,196,0.113,0.165,-0.072
75,197,0.119,0.173,-0.07
75,198,0.229,0.302,-0.054
75,199,0.162,0.225,-0.063
75,20,0.153,0.215,-0.05
75,200,0.164,0.227,-0.063
75,201,0.17,0.235,-0.062
75,202,0.142,0.202,-0.066
75,203,0.12,0.174,-0.07
75,204,0.142,0.201,-0.066
75,205,0.235,0.309,-0.053
75,206,0.151,0.212,-0.065
75,207,0.267,0.345,-0.05
75,208,0.276,0.354,-0.049
75,209,0.194,0.262,-0.058
75,21,0.114,0.167,-0.055
75,210,0.272,0.35,-0.049
75,211,0.195,0.263,-0.058
75,212,0.238,0.313,-0.053
75,213,0.321,0.402,-0.044
75,214,0.307,0.387,-0.046
75,215,0.301,0.381,-0.046
75,216,0.365,0.447,-0.04
75,217,0.256,0.332,-0.051
75,218,0.278,0.356,-0.049
75,219,0.174,0.239,-0.061
75,22,0.063,0.101,-0.065
75,220,0.24,0.314,-0.053
75,221,0.238,0.312,-0.053
75,222,0.297,0.376,-0.047
75,223,0.462,0.544,-0.033
75,224,0.272,0.35,-0.05
75,225,0.351,0.433,-0.042
75,226,0.341,0.423,-0.043
75,227,0.434,0.517,-0.036
75,228,0.504,0.585,-0.031
75,229,0.318,0.398,-0.046
75,23,0.15,0.211,-0.05
75,230,0.291,0.37,-0.049
75,231,0.228,0.302,-0.057
75,232,0.31,0.39,-0.048
75,233,0.454,0.537,-0.036
75,234,0.399,0.482,-0.041
75,235,0.219,0.292,-0.06
75,236,0.229,0.303,-0.059
75,237,0.222,0.294,-0.061
75,238,0.268,0.345,-0.056
75,239,0.286,0.365,-0.054
75,24,0.253,0.329,-0.04
75,240,0.314,0.395,-0.052
75,241,0.272,0.349,-0.058
75,242,0.294,0.374,-0.056
75,243,0.217,0.288,-0.067
75,244,0.221,0.293,-0.067
75,245,0.212,0.284,-0.069
75,246,0.297,0.377,-0.059
75,247,0.23,0.303,-0.069
75,248,0.237,0.311,-0.069
75,249,0.268,0.345,-0.066
75,25,0.216,0.288,-0.044
75,250,0.182,0.249,-0.081
75,251,0.206,0.276,-0.078
75,26,0.157,0.219,-0.05
75,27,0.126,0.182,-0.055
75,28,0.217,0.289,-0.044
75,29,0.287,0.365,-0.038
75,30,0.29,0.369,-0.038
75,31,0.455,0.538,-0.027
75,32,0.409,0.492,-0.03
75,33,0.197,0.267,-0.047
75,34,0.265,0.342,-0.041
75,35,0.537,0.616,-0.023
75,36,0.467,0.55,-0.027
75,37,0.484,0.566,-0.026
75,38,0.529,0.609,-0.023
75,39,0.685,0.749,-0.015
75,40,0.545,0.623,-0.023
75,41,0.563,0.64,-0.022
75,42,0.794,0.84,-0.01
75,43,0.614,0.686,-0.019
75,44,0.611,0.684,-0.02
75,45,0.624,0.695,-0.019
75,46,0.685,0.749,-0.016
75,47,0.475,0.557,-0.028
75,48,0.543,0.621,-0.024
75,49,0.496,0.577,-0.027
75,50,0.589,0.664,-0.021
75,51,0.612,0.685,-0.02
75,52,0.91,0.932,-0.005
75,53,0.475,0.557,-0.029
75,54,0.446,0.529,-0.031
75,55,0.467,0.549,-0.029
75,56,0.511,0.592,-0.027
75,57,0.69,0.753,-0.016
75,58,0.586,0.661,-0.022
75,59,0.729,0.786,-0.014
75,6,0.162,0.225,-0.051
75,60,0.598,0.672,-0.022
75,61,0.613,0.685,-0.021
75,62,0.583,0.658,-0.023
75,63,0.459,0.542,-0.031
75,64,0.425,0.508,-0.033
75,65,0.577,0.653,-0.023
75,66,0.684,0.748,-0.017
75,67,0.57,0.647,-0.024
75,68,0.546,0.624,-0.025
75,69,0.395,0.479,-0.035
75,7,0.19,0.258,-0.048
75,70,0.423,0.506,-0.033
75,71,0.443,0.526,-0.032
75,72,0.357,0.44,-0.038
75,73,0.419,0.503,-0.034
75,74,0.357,0.44,-0.038
75,75,0.396,0.48,-0.035
75,76,0.389,0.472,-0.036
75,77,0.314,0.395,-0.042
75,78,0.124,0.179,-0.063
75,79,0.165,0.229,-0.057
75,8,0.111,0.163,-0.058
75,80,0.199,0.268,-0.053
75,81,0.256,0.332,-0.047
75,82,0.141,0.2,-0.06
75,83,0.121,0.176,-0.063
75,84,0.198,0.267,-0.053
75,85,0.287,0.366,-0.043
75,86,0.24,0.314,-0.048
75,87,0.159,0.221,-0.057
75,88,0.116,0.169,-0.064
75,89,0.244,0.319,-0.047
75,9,0.306,0.386,-0.037
75,90,0.285,0.364,-0.043
75,91,0.216,0.287,-0.05
75,92,0.119,0.172,-0.063
75,93,0.104,0.153,-0.066
75,94,0.193,0.262,-0.053
75,95,0.176,0.241,-0.055
75,96,0.108,0.16,-0.065
75,97,0.065,0.104,-0.075
75,98,0.099,0.148,-0.067
75,99,0.1,0.149,-0.067
76,10,0.094,0.141,-0.059
76,100,0.061,0.098,-0.077
76,101,0.037,0.064,-0.086
76,102,0.055,0.089,-0.079
76,103,0.039,0.066,-0.085
76,104,0.049,0.081,-0.082
76,105,0.046,0.076,-0.083
76,106,0.029,0.051,-0.092
76,107,0.049,0.081,-0.083
76,108,0.034,0.059,-0.09
76,109,0.011,0.023,-0.109
76,11,0.071,0.111,-0.064
76,110,0.012,0.023,-0.109
76,111,0.02,0.037,-0.101
76,112,0.014,0.028,-0.107
76,113,0.024,0.044,-0.1
76,114,0.027,0.049,-0.099
76,115,0.025,0.045,-0.101
76,116,0.04,0.068,-0.093
76,117,0.022,0.04,-0.106
76,118,0.033,0.057,-0.1
76,119,0.041,0.069,-0.097
76,12,0.092,0.139,-0.06
76,120,0.056,0.09,-0.091
76,121,0.043,0.073,-0.097
76,122,0.031,0.055,-0.104
76,123,0.028,0.051,-0.107
76,124,0.044,0.073,-0.099
76,125,0.054,0.088,-0.095
76,126,0.047,0.078,-0.098
76,127,0.054,0.088,-0.096
76,128,0.056,0.09,-0.096
76,129,0.083,0.126,-0.087
76,13,0.267,0.344,-0.039
76,130,0.088,0.133,-0.085
76,131,0.062,0.099,-0.093
76,132,0.043,0.072,-0.1
76,133,0.044,0.074,-0.099
76,134,0.052,0.085,-0.095
76,135,0.079,0.121,-0.086
76,136,0.072,0.113,-0.087
76,137,0.071,0.111,-0.087
76,138,0.035,0.061,-0.101
76,139,0.045,0.075,-0.095
76,14,0.192,0.26,-0.045
76,140,0.035,0.06,-0.099
76,141,0.036,0.062,-0.098
76,142,0.036,0.061,-0.097
76,143,0.037,0.063,-0.096
76,144,0.032,0.055,-0.098
76,145,0.075,0.116,-0.08
76,146,0.058,0.094,-0.085
76,147,0.081,0.124,-0.077
76,148,0.049,0.081,-0.087
76,149,0.055,0.09,-0.084
76,15,0.12,0.174,-0.054
76,150,0.062,0.098,-0.082
76,151,0.048,0.08,-0.086
76,152,0.056,0.091,-0.082
76,153,0.079,0.122,-0.075
76,154,0.045,0.075,-0.086
76,155,0.039,0.066,-0.088
76,156,0.074,0.115,-0.076
76,157,0.086,0.131,-0.073
76,158,0.082,0.126,-0.074
76,159,0.073,0.113,-0.076
76,16,0.152,0.213,-0.05
76,160,0.062,0.099,-0.079
76,161,0.098,0.147,-0.07
76,162,0.144,0.203,-0.062
76,163,0.161,0.224,-0.059
76,164,0.136,0.194,-0.063
76,165,0.192,0.26,-0.055
76,166,0.112,0.165,-0.067
76,167,0.145,0.205,-0.062
76,168,0.195,0.264,-0.055
76,169,0.17,0.234,-0.059
76,17,0.303,0.383,-0.036
76,170,0.14,0.198,-0.063
76,171,0.116,0.169,-0.068
76,172,0.15,0.211,-0.062
76,173,0.17,0.235,-0.059
76,174,0.125,0.181,-0.067
76,175,0.183,0.25,-0.058
76,176,0.178,0.244,-0.059
76,177,0.202,0.272,-0.056
76,178,0.216,0.288,-0.055
76,179,0.111,0.163,-0.07
76,18,0.209,0.28,-0.043
76,180,0.129,0.185,-0.067
76,181,0.212,0.283,-0.056
76,182,0.134,0.191,-0.067
76,183,0.226,0.299,-0.054
76,184,0.164,0.227,-0.063
76,185,0.083,0.127,-0.078
76,186,0.187,0.255,-0.059
76,187,0.161,0.224,-0.063
76,188,0.184,0.251,-0.06
76,189,0.171,0.236,-0.062
76,19,0.132,0.189,-0.052
76,190,0.197,0.266,-0.058
76,191,0.125,0.181,-0.07
76,192,0.139,0.198,-0.067
76,193,0.18,0.247,-0.061
76,194,0.193,0.261,-0.059
76,195,0.159,0.221,-0.064
76,196,0.166,0.23,-0.063
76,197,0.158,0.22,-0.064
76,198,0.179,0.245,-0.061
76,199,0.239,0.314,-0.053
76,20,0.042,0.071,-0.071
76,200,0.228,0.301,-0.055
76,201,0.146,0.206,-0.066
76,202,0.201,0.27,-0.058
76,203,0.198,0.267,-0.058
76,204,0.27,0.347,-0.05
76,205,0.227,0.301,-0.054
76,206,0.237,0.311,-0.053
76,207,0.205,0.276,-0.057
76,208,0.18,0.246,-0.06
76,209,0.209,0.279,-0.056
76,21,0.083,0.127,-0.06
76,210,0.212,0.283,-0.056
76,211,0.192,0.26,-0.058
76,212,0.201,0.271,-0.057
76,213,0.123,0.178,-0.069
76,214,0.101,0.151,-0.074
76,215,0.091,0.137,-0.076
76,216,0.173,0.238,-0.061
76,217,0.185,0.253,-0.06
76,218,0.158,0.22,-0.064
76,219,0.108,0.158,-0.073
76,22,0.081,0.125,-0.061
76,220,0.139,0.198,-0.067
76,221,0.156,0.217,-0.064
76,222,0.157,0.22,-0.064
76,223,0.17,0.235,-0.062
76,224,0.212,0.283,-0.057
76,225,0.199,0.268,-0.059
76,226,0.228,0.301,-0.055
76,227,0.401,0.485,-0.039
76,228,0.405,0.488,-0.039
76,229,0.408,0.491,-0.038
76,23,0.1,0.149,-0.057
76,230,0.438,0.521,-0.036
76,231,0.393,0.477,-0.04
76,232,0.467,0.549,-0.035
76,233,0.297,0.376,-0.05
76,234,0.228,0.301,-0.058
76,235,0.312,0.393,-0.049
76,236,0.283,0.361,-0.053
76,237,0.307,0.387,-0.051
76,238,0.335,0.417,-0.049
76,239,0.252,0.328,-0.059
76,24,0.12,0.174,-0.054
76,240,0.262,0.339,-0.058
76,241,0.212,0.283,-0.066
76,242,0.228,0.302,-0.064
76,243,0.158,0.22,-0.076
76,244,0.138,0.196,-0.082
76,245,0.151,0.212,-0.081
76,246,0.193,0.261,-0.074
76,247,0.125,0.18,-0.089
76,248,0.123,0.177,-0.091
76,249,0.189,0.257,-0.079
76,25,0.155,0.217,-0.05
76,250,0.213,0.284,-0.076
76,251,0.212,0.283,-0.078
76,26,0.111,0.163,-0.056
76,27,0.11,0.162,-0.057
76,28,0.237,0.311,-0.042
76,29,0.264,0.341,-0.04
76,30,0.129,0.185,-0.054
76,31,0.161,0.224,-0.05
76,32,0.341,0.423,-0.035
76,33,0.349,0.431,-0.034
76,34,0.184,0.251,-0.049
76,35,0.255,0.331,-0.042
76,36,0.264,0.341,-0.041
76,37,0.156,0.218,-0.053
76,38,0.438,0.522,-0.029
76,39,0.627,0.698,-0.018
76,40,0.366,0.449,-0.034
76,41,0.338,0.42,-0.036
76,42,0.292,0.372,-0.04
76,43,0.687,0.751,-0.015
76,44,0.413,0.496,-0.032
76,45,0.247,0.322,-0.045
76,46,0.408,0.491,-0.032
76,47,0.414,0.497,-0.032
76,48,0.338,0.42,-0.038
76,49,0.383,0.467,-0.035
76,50,0.315,0.395,-0.04
76,51,0.434,0.517,-0.031
76,52,0.278,0.356,-0.044
76,53,0.56,0.637,-0.024
76,54,0.691,0.754,-0.016
76,55,0.541,0.619,-0.025
76,56,0.642,0.711,-0.019
76,57,0.505,0.586,-0.027
76,58,0.544,0.623,-0.025
76,59,0.488,0.57,-0.028
76,6,0.152,0.213,-0.053
76,60,0.691,0.753,-0.016
76,61,0.631,0.701,-0.02
76,62,0.585,0.66,-0.023
76,63,0.585,0.66,-0.023
76,64,0.609,0.682,-0.021
76,65,0.495,0.576,-0.028
76,66,0.575,0.651,-0.023
76,67,0.469,0.551,-0.03
76,68,0.495,0.576,-0.029
76,69,0.446,0.529,-0.032
76,7,0.077,0.119,-0.065
76,70,0.451,0.534,-0.032
76,71,0.509,0.589,-0.028
76,72,0.331,0.412,-0.041
76,73,0.438,0.521,-0.032
76,74,0.541,0.62,-0.025
76,75,0.413,0.496,-0.034
76,76,0.344,0.426,-0.039
76,77,0.308,0.388,-0.043
76,78,0.343,0.425,-0.039
76,79,0.411,0.494,-0.034
76,8,0.078,0.12,-0.064
76,80,0.401,0.485,-0.035
76,81,0.347,0.429,-0.039
76,82,0.321,0.402,-0.041
76,83,0.289,0.368,-0.044
76,84,0.216,0.288,-0.051
76,85,0.276,0.354,-0.045
76,86,0.206,0.277,-0.052
76,87,0.158,0.22,-0.058
76,88,0.208,0.278,-0.051
76,89,0.198,0.268,-0.052
76,9,0.177,0.243,-0.048
76,90,0.178,0.244,-0.055
76,91,0.158,0.22,-0.057
76,92,0.223,0.296,-0.049
76,93,0.164,0.227,-0.057
76,94,0.158,0.221,-0.057
76,95,0.093,0.14,-0.068
76,96,0.134,0.191,-0.061
76,97,0.089,0.135,-0.069
76,98,0.072,0.113,-0.073
76,99,0.054,0.088,-0.079
77,10,0.104,0.155,-0.057
77,100,0.093,0.14,-0.069
77,101,0.082,0.126,-0.071
77,102,0.063,0.1,-0.076
77,103,0.065,0.103,-0.076
77,104,0.08,0.124,-0.072
77,105,0.053,0.087,-0.08
77,106,0.04,0.068,-0.085
77,107,0.032,0.057,-0.089
77,108,0.036,0.063,-0.088
77,109,0.025,0.045,-0.095
77,11,0.096,0.144,-0.058
77,110,0.025,0.045,-0.096
77,111,0.038,0.065,-0.089
77,112,0.113,0.165,-0.069
77,113,0.042,0.071,-0.089
77,114,0.019,0.037,-0.103
77,115,0.035,0.06,-0.094
77,116,0.017,0.032,-0.107
77,117,0.012,0.024,-0.114
77,118,0.024,0.044,-0.103
77,119,0.034,0.059,-0.098
77,12,0.122,0.176,-0.054
77,120,0.043,0.072,-0.094
77,121,0.034,0.059,-0.099
77,122,0.026,0.047,-0.105
77,123,0.027,0.048,-0.106
77,124,0.024,0.043,-0.108
77,125,0.017,0.033,-0.114
77,126,0.024,0.044,-0.109
77,127,0.029,0.052,-0.106
77,128,0.023,0.041,-0.111
77,129,0.032,0.057,-0.104
77,13,0.207,0.277,-0.044
77,130,0.044,0.073,-0.098
77,131,0.03,0.054,-0.105
77,132,0.035,0.061,-0.102
77,133,0.04,0.067,-0.099
77,134,0.029,0.051,-0.105
77,135,0.019,0.036,-0.112
77,136,0.016,0.03,-0.114
77,137,0.019,0.036,-0.11
77,138,0.012,0.024,-0.118
77,139,0.015,0.029,-0.113
77,14,0.242,0.317,-0.04
77,140,0.033,0.058,-0.098
77,141,0.02,0.037,-0.106
77,142,0.018,0.034,-0.107
77,143,0.029,0.051,-0.099
77,144,0.016,0.031,-0.108
77,145,0.03,0.053,-0.097
77,146,0.039,0.066,-0.091
77,147,0.055,0.089,-0.084
77,148,0.049,0.081,-0.086
77,149,0.029,0.051,-0.095
77,15,0.334,0.416,-0.033
77,150,0.033,0.058,-0.092
77,151,0.038,0.065,-0.089
77,152,0.057,0.092,-0.081
77,153,0.037,0.064,-0.089
77,154,0.071,0.111,-0.077
77,155,0.116,0.17,-0.066
77,156,0.083,0.126,-0.073
77,157,0.065,0.104,-0.077
77,158,0.115,0.168,-0.066
77,159,0.078,0.12,-0.074
77,16,0.244,0.319,-0.04
77,160,0.1,0.149,-0.069
77,161,0.118,0.171,-0.066
77,162,0.056,0.091,-0.081
77,163,0.079,0.122,-0.074
77,164,0.081,0.125,-0.074
77,165,0.086,0.131,-0.073
77,166,0.09,0.136,-0.072
77,167,0.061,0.097,-0.08
77,168,0.054,0.087,-0.082
77,169,0.071,0.112,-0.077
77,17,0.18,0.246,-0.046
77,170,0.082,0.126,-0.075
77,171,0.118,0.172,-0.068
77,172,0.11,0.161,-0.07
77,173,0.066,0.105,-0.08
77,174,0.057,0.092,-0.083
77,175,0.044,0.074,-0.089
77,176,0.063,0.1,-0.082
77,177,0.088,0.134,-0.075
77,178,0.071,0.111,-0.08
77,179,0.128,0.184,-0.068
77,18,0.216,0.288,-0.042
77,180,0.107,0.157,-0.072
77,181,0.174,0.24,-0.061
77,182,0.148,0.208,-0.065
77,183,0.098,0.146,-0.074
77,184,0.118,0.172,-0.07
77,185,0.085,0.13,-0.078
77,186,0.198,0.267,-0.058
77,187,0.207,0.277,-0.057
77,188,0.193,0.262,-0.059
77,189,0.113,0.166,-0.072
77,19,0.169,0.234,-0.047
77,190,0.11,0.162,-0.073
77,191,0.089,0.135,-0.077
77,192,0.118,0.171,-0.071
77,193,0.12,0.174,-0.07
77,194,0.115,0.168,-0.071
77,195,0.155,0.217,-0.064
77,196,0.163,0.226,-0.063
77,197,0.208,0.279,-0.057
77,198,0.121,0.176,-0.07
77,199,0.162,0.225,-0.063
77,20,0.114,0.166,-0.054
77,200,0.125,0.18,-0.07
77,201,0.171,0.236,-0.062
77,202,0.267,0.344,-0.05
77,203,0.245,0.32,-0.053
77,204,0.169,0.234,-0.062
77,205,0.22,0.292,-0.055
77,206,0.247,0.322,-0.052
77,207,0.266,0.343,-0.05
77,208,0.271,0.348,-0.049
77,209,0.22,0.292,-0.055
77,21,0.154,0.216,-0.049
77,210,0.183,0.25,-0.06
77,211,0.159,0.221,-0.063
77,212,0.183,0.25,-0.06
77,213,0.147,0.207,-0.065
77,214,0.214,0.285,-0.056
77,215,0.149,0.209,-0.065
77,216,0.17,0.234,-0.061
77,217,0.187,0.255,-0.059
77,218,0.245,0.32,-0.052
77,219,0.312,0.392,-0.045
77,22,0.29,0.369,-0.037
77,220,0.484,0.566,-0.032
77,221,0.274,0.352,-0.049
77,222,0.314,0.394,-0.046
77,223,0.327,0.408,-0.044
77,224,0.384,0.467,-0.04
77,225,0.397,0.48,-0.039
77,226,0.504,0.585,-0.031
77,227,0.346,0.428,-0.043
77,228,0.224,0.296,-0.056
77,229,0.198,0.267,-0.06
77,23,0.233,0.306,-0.041
77,230,0.385,0.468,-0.041
77,231,0.321,0.402,-0.047
77,232,0.289,0.368,-0.051
77,233,0.324,0.405,-0.047
77,234,0.336,0.418,-0.047
77,235,0.381,0.464,-0.043
77,236,0.316,0.397,-0.05
77,237,0.295,0.374,-0.053
77,238,0.362,0.445,-0.046
77,239,0.214,0.286,-0.064
77,24,0.143,0.202,-0.051
77,240,0.226,0.298,-0.063
77,241,0.243,0.318,-0.062
77,242,0.159,0.221,-0.076
77,243,0.16,0.222,-0.077
77,244,0.182,0.249,-0.074
77,245,0.154,0.215,-0.08
77,246,0.157,0.22,-0.081
77,247,0.112,0.164,-0.093
77,248,0.138,0.196,-0.088
77,249,0.143,0.202,-0.089
77,25,0.126,0.182,-0.053
77,250,0.122,0.177,-0.095
77,251,0.143,0.202,-0.091
77,26,0.119,0.173,-0.055
77,27,0.262,0.338,-0.04
77,28,0.305,0.385,-0.036
77,29,0.22,0.292,-0.044
77,30,0.21,0.281,-0.045
77,31,0.209,0.28,-0.045
77,32,0.24,0.315,-0.042
77,33,0.29,0.369,-0.038
77,34,0.357,0.439,-0.034
77,35,0.344,0.426,-0.035
77,36,0.251,0.327,-0.042
77,37,0.37,0.453,-0.033
77,38,0.261,0.338,-0.042
77,39,0.39,0.473,-0.032
77,40,0.291,0.37,-0.039
77,41,0.339,0.421,-0.036
77,42,0.229,0.303,-0.046
77,43,0.409,0.492,-0.031
77,44,0.562,0.639,-0.022
77,45,0.352,0.435,-0.036
77,46,0.598,0.672,-0.02
77,47,0.533,0.612,-0.024
77,48,0.546,0.625,-0.024
77,49,0.622,0.693,-0.019
77,50,0.556,0.633,-0.023
77,51,0.552,0.63,-0.024
77,52,0.621,0.693,-0.02
77,53,0.594,0.668,-0.021
77,54,0.481,0.563,-0.028
77,55,0.77,0.821,-0.012
77,56,0.641,0.71,-0.019
77,57,0.561,0.638,-0.024
77,58,0.527,0.607,-0.026
77,59,0.501,0.582,-0.028
77,6,0.142,0.201,-0.053
77,60,0.636,0.706,-0.02
77,61,0.578,0.653,-0.023
77,62,0.596,0.67,-0.022
77,63,0.591,0.665,-0.022
77,64,0.519,0.599,-0.027
77,65,0.472,0.554,-0.03
77,66,0.349,0.432,-0.039
77,67,0.449,0.532,-0.032
77,68,0.672,0.738,-0.018
77,69,0.593,0.667,-0.022
77,7,0.145,0.205,-0.053
77,70,0.435,0.518,-0.033
77,71,0.284,0.363,-0.045
77,72,0.312,0.393,-0.042
77,73,0.384,0.467,-0.036
77,74,0.328,0.41,-0.041
77,75,0.517,0.597,-0.027
77,76,0.391,0.474,-0.036
77,77,0.366,0.449,-0.038
77,78,0.356,0.439,-0.038
77,79,0.434,0.517,-0.033
77,8,0.192,0.26,-0.047
77,80,0.369,0.451,-0.037
77,81,0.262,0.339,-0.046
77,82,0.263,0.34,-0.046
77,83,0.33,0.412,-0.04
77,84,0.175,0.241,-0.056
77,85,0.183,0.25,-0.055
77,86,0.24,0.314,-0.048
77,87,0.191,0.259,-0.053
77,88,0.206,0.277,-0.052
77,89,0.204,0.274,-0.052
77,9,0.242,0.317,-0.041
77,90,0.166,0.23,-0.057
77,91,0.178,0.244,-0.055
77,92,0.15,0.211,-0.058
77,93,0.164,0.228,-0.056
77,94,0.115,0.167,-0.064
77,95,0.181,0.248,-0.054
77,96,0.155,0.217,-0.058
77,97,0.239,0.314,-0.048
77,98,0.198,0.268,-0.052
77,99,0.135,0.193,-0.061
78,10,0.24,0.314,-0.042
78,100,0.152,0.213,-0.058
78,101,0.236,0.31,-0.048
78,102,0.158,0.22,-0.058
78,103,0.2,0.27,-0.053
78,104,0.098,0.146,-0.068
78,105,0.065,0.103,-0.076
78,106,0.07,0.11,-0.075
78,107,0.054,0.088,-0.08
78,108,0.075,0.116,-0.074
78,109,0.067,0.105,-0.077
78,11,0.159,0.221,-0.05
78,110,0.086,0.131,-0.073
78,111,0.03,0.052,-0.093
78,112,0.043,0.072,-0.087
78,113,0.031,0.055,-0.093
78,114,0.06,0.097,-0.082
78,115,0.04,0.068,-0.09
78,116,0.036,0.061,-0.093
78,117,0.026,0.047,-0.099
78,118,0.016,0.032,-0.108
78,119,0.016,0.031,-0.109
78,12,0.234,0.308,-0.042
78,120,0.04,0.068,-0.094
78,121,0.044,0.073,-0.093
78,122,0.036,0.063,-0.097
78,123,0.036,0.062,-0.097
78,124,0.039,0.067,-0.096
78,125,0.038,0.065,-0.098
78,126,0.031,0.054,-0.102
78,127,0.033,0.057,-0.101
78,128,0.025,0.046,-0.106
78,129,0.026,0.047,-0.106
78,13,0.278,0.356,-0.038
78,130,0.027,0.049,-0.105
78,131,0.027,0.049,-0.105
78,132,0.034,0.059,-0.1
78,133,0.032,0.056,-0.101
78,134,0.036,0.062,-0.099
78,135,0.034,0.059,-0.099
78,136,0.023,0.041,-0.106
78,137,0.019,0.036,-0.109
78,138,0.025,0.045,-0.104
78,139,0.019,0.036,-0.108
78,14,0.21,0.281,-0.043
78,140,0.025,0.046,-0.102
78,141,0.028,0.05,-0.099
78,142,0.018,0.035,-0.106
78,143,0.023,0.043,-0.101
78,144,0.024,0.043,-0.1
78,145,0.041,0.069,-0.09
78,146,0.041,0.07,-0.089
78,147,0.036,0.061,-0.091
78,148,0.032,0.057,-0.093
78,149,0.055,0.09,-0.083
78,15,0.144,0.204,-0.05
78,150,0.049,0.081,-0.085
78,151,0.044,0.073,-0.086
78,152,0.054,0.088,-0.082
78,153,0.071,0.111,-0.077
78,154,0.044,0.074,-0.085
78,155,0.066,0.104,-0.078
78,156,0.099,0.147,-0.07
78,157,0.07,0.11,-0.077
78,158,0.097,0.146,-0.07
78,159,0.091,0.138,-0.072
78,16,0.104,0.154,-0.056
78,160,0.082,0.126,-0.074
78,161,0.085,0.13,-0.073
78,162,0.108,0.159,-0.068
78,163,0.195,0.263,-0.055
78,164,0.211,0.282,-0.053
78,165,0.235,0.309,-0.051
78,166,0.246,0.321,-0.05
78,167,0.264,0.341,-0.048
78,168,0.174,0.239,-0.059
78,169,0.126,0.182,-0.066
78,17,0.289,0.368,-0.036
78,170,0.068,0.107,-0.08
78,171,0.093,0.14,-0.074
78,172,0.21,0.281,-0.055
78,173,0.227,0.3,-0.053
78,174,0.354,0.437,-0.041
78,175,0.368,0.451,-0.04
78,176,0.3,0.379,-0.046
78,177,0.34,0.422,-0.043
78,178,0.286,0.365,-0.048
78,179,0.266,0.343,-0.05
78,18,0.109,0.16,-0.055
78,180,0.255,0.331,-0.051
78,181,0.261,0.338,-0.051
78,182,0.293,0.372,-0.048
78,183,0.218,0.29,-0.056
78,184,0.183,0.249,-0.06
78,185,0.184,0.251,-0.06
78,186,0.207,0.277,-0.057
78,187,0.224,0.297,-0.055
78,188,0.334,0.415,-0.044
78,189,0.27,0.348,-0.05
78,19,0.37,0.453,-0.031
78,190,0.278,0.357,-0.049
78,191,0.238,0.312,-0.054
78,192,0.207,0.277,-0.057
78,193,0.246,0.321,-0.053
78,194,0.23,0.303,-0.055
78,195,0.23,0.303,-0.055
78,196,0.142,0.201,-0.067
78,197,0.152,0.213,-0.065
78,198,0.172,0.237,-0.062
78,199,0.171,0.236,-0.062
78,20,0.229,0.302,-0.041
78,200,0.182,0.249,-0.061
78,201,0.147,0.207,-0.066
78,202,0.178,0.244,-0.061
78,203,0.222,0.294,-0.055
78,204,0.179,0.245,-0.061
78,205,0.231,0.305,-0.054
78,206,0.213,0.285,-0.056
78,207,0.14,0.199,-0.066
78,208,0.136,0.194,-0.067
78,209,0.168,0.233,-0.062
78,21,0.269,0.347,-0.038
78,210,0.223,0.296,-0.055
78,211,0.285,0.364,-0.048
78,212,0.267,0.344,-0.05
78,213,0.197,0.266,-0.058
78,214,0.175,0.241,-0.061
78,215,0.18,0.246,-0.06
78,216,0.233,0.307,-0.053
78,217,0.172,0.237,-0.061
78,218,0.201,0.271,-0.057
78,219,0.173,0.238,-0.061
78,22,0.169,0.233,-0.048
78,220,0.177,0.242,-0.061
78,221,0.162,0.225,-0.063
78,222,0.206,0.276,-0.057
78,223,0.242,0.317,-0.053
78,224,0.227,0.3,-0.055
78,225,0.247,0.322,-0.053
78,226,0.418,0.501,-0.037
78,227,0.52,0.6,-0.03
78,228,0.37,0.453,-0.042
78,229,0.345,0.427,-0.044
78,23,0.092,0.138,-0.058
78,230,0.333,0.414,-0.046
78,231,0.454,0.537,-0.036
78,232,0.468,0.55,-0.035
78,233,0.289,0.368,-0.051
78,234,0.282,0.36,-0.053
78,235,0.303,0.383,-0.051
78,236,0.328,0.409,-0.049
78,237,0.413,0.496,-0.041
78,238,0.316,0.396,-0.051
78,239,0.275,0.353,-0.057
78,24,0.248,0.324,-0.04
78,240,0.297,0.377,-0.055
78,241,0.231,0.305,-0.064
78,242,0.17,0.235,-0.074
78,243,0.183,0.25,-0.073
78,244,0.217,0.289,-0.069
78,245,0.137,0.195,-0.085
78,246,0.125,0.18,-0.089
78,247,0.083,0.127,-0.102
78,248,0.076,0.117,-0.107
78,249,0.094,0.141,-0.102
78,25,0.33,0.411,-0.034
78,250,0.077,0.119,-0.11
78,251,0.06,0.096,-0.118
78,26,0.254,0.33,-0.04
78,27,0.459,0.541,-0.026
78,28,0.395,0.478,-0.03
78,29,0.367,0.45,-0.032
78,30,0.281,0.359,-0.038
78,31,0.489,0.57,-0.025
78,32,0.363,0.445,-0.033
78,33,0.405,0.489,-0.03
78,34,0.406,0.49,-0.03
78,35,0.437,0.52,-0.028
78,36,0.57,0.647,-0.021
78,37,0.473,0.555,-0.026
78,38,0.364,0.447,-0.034
78,39,0.624,0.696,-0.018
78,40,0.464,0.546,-0.027
78,41,0.351,0.433,-0.035
78,42,0.341,0.422,-0.036
78,43,0.595,0.669,-0.02
78,44,0.337,0.419,-0.037
78,45,0.237,0.311,-0.045
78,46,0.422,0.505,-0.031
78,47,0.39,0.474,-0.033
78,48,0.328,0.409,-0.038
78,49,0.57,0.647,-0.022
78,50,0.527,0.606,-0.025
78,51,0.515,0.596,-0.026
78,52,0.584,0.659,-0.022
78,53,0.509,0.59,-0.026
78,54,0.646,0.714,-0.018
78,55,0.611,0.683,-0.021
78,56,0.665,0.732,-0.017
78,57,0.539,0.618,-0.025
78,58,0.504,0.585,-0.027
78,59,0.508,0.588,-0.027
78,6,0.241,0.315,-0.043
78,60,0.592,0.666,-0.022
78,61,0.629,0.699,-0.02
78,62,0.751,0.805,-0.013
78,63,0.715,0.775,-0.015
78,64,0.759,0.811,-0.013
78,65,0.814,0.857,-0.01
78,66,0.791,0.838,-0.011
78,67,0.696,0.758,-0.016
78,68,0.939,0.954,-0.003
78,69,0.758,0.811,-0.013
78,7,0.341,0.423,-0.035
78,70,0.821,0.862,-0.009
78,71,0.723,0.781,-0.015
78,72,0.781,0.83,-0.012
78,73,0.688,0.752,-0.017
78,74,0.675,0.74,-0.018
78,75,0.645,0.714,-0.019
78,76,0.656,0.724,-0.019
78,77,0.654,0.722,-0.019
78,78,0.483,0.565,-0.029
78,79,0.452,0.535,-0.031
78,8,0.296,0.376,-0.038
78,80,0.597,0.671,-0.022
78,81,0.408,0.491,-0.034
78,82,0.237,0.311,-0.049
78,83,0.335,0.417,-0.04
78,84,0.311,0.392,-0.042
78,85,0.358,0.441,-0.038
78,86,0.329,0.41,-0.04
78,87,0.308,0.389,-0.042
78,88,0.348,0.43,-0.039
78,89,0.306,0.386,-0.042
78,9,0.267,0.344,-0.04
78,90,0.296,0.375,-0.043
78,91,0.266,0.343,-0.045
78,92,0.178,0.244,-0.055
78,93,0.234,0.307,-0.048
78,94,0.135,0.193,-0.061
78,95,0.201,0.271,-0.052
78,96,0.167,0.231,-0.056
78,97,0.319,0.399,-0.041
78,98,0.203,0.273,-0.052
78,99,0.118,0.172,-0.064
79,10,0.094,0.142,-0.059
79,100,0.107,0.157,-0.066
79,101,0.078,0.12,-0.072
79,102,0.047,0.079,-0.081
79,103,0.063,0.1,-0.077
79,104,0.045,0.075,-0.083
79,105,0.102,0.151,-0.068
79,106,0.053,0.086,-0.08
79,107,0.036,0.061,-0.088
79,108,0.055,0.089,-0.08
79,109,0.045,0.075,-0.084
79,11,0.101,0.15,-0.057
79,110,0.04,0.068,-0.087
79,111,0.056,0.09,-0.081
79,112,0.031,0.055,-0.092
79,113,0.024,0.044,-0.097
79,114,0.029,0.052,-0.094
79,115,0.032,0.056,-0.093
79,116,0.053,0.086,-0.085
79,117,0.03,0.053,-0.096
79,118,0.025,0.045,-0.099
79,119,0.023,0.042,-0.102
79,12,0.029,0.052,-0.075
79,120,0.02,0.037,-0.105
79,121,0.013,0.026,-0.112
79,122,0.028,0.05,-0.1
79,123,0.025,0.045,-0.103
79,124,0.036,0.062,-0.097
79,125,0.024,0.044,-0.104
79,126,0.018,0.035,-0.109
79,127,0.02,0.038,-0.108
79,128,0.018,0.034,-0.11
79,129,0.037,0.063,-0.097
79,13,0.042,0.07,-0.07
79,130,0.046,0.076,-0.093
79,131,0.023,0.042,-0.106
79,132,0.008,0.017,-0.123
79,133,0.009,0.019,-0.121
79,134,0.008,0.018,-0.122
79,135,0.013,0.025,-0.115
79,136,0.017,0.033,-0.109
79,137,0.015,0.03,-0.11
79,138,0.021,0.039,-0.105
79,139,0.008,0.017,-0.119
79,14,0.032,0.055,-0.074
79,140,0.015,0.029,-0.109
79,141,0.008,0.017,-0.118
79,142,0.009,0.018,-0.117
79,143,0.011,0.022,-0.112
79,144,0.01,0.02,-0.114
79,145,0.011,0.022,-0.111
79,146,0.016,0.03,-0.105
79,147,0.01,0.021,-0.111
79,148,0.019,0.036,-0.101
79,149,0.022,0.041,-0.098
79,15,0.059,0.095,-0.065
79,150,0.03,0.053,-0.093
79,151,0.026,0.047,-0.095
79,152,0.034,0.058,-0.091
79,153,0.024,0.043,-0.096
79,154,0.036,0.062,-0.089
79,155,0.038,0.066,-0.088
79,156,0.044,0.073,-0.086
79,157,0.04,0.067,-0.087
79,158,0.043,0.072,-0.086
79,159,0.042,0.071,-0.087
79,16,0.049,0.08,-0.067
79,160,0.04,0.068,-0.088
79,161,0.053,0.087,-0.083
79,162,0.037,0.063,-0.089
79,163,0.091,0.138,-0.073
79,164,0.07,0.109,-0.078
79,165,0.09,0.136,-0.073
79,166,0.103,0.153,-0.07
79,167,0.065,0.102,-0.08
79,168,0.082,0.126,-0.076
79,169,0.07,0.11,-0.079
79,17,0.085,0.13,-0.059
79,170,0.092,0.138,-0.074
79,171,0.084,0.128,-0.076
79,172,0.057,0.092,-0.084
79,173,0.067,0.106,-0.081
79,174,0.102,0.151,-0.073
79,175,0.141,0.2,-0.066
79,176,0.151,0.211,-0.064
79,177,0.113,0.166,-0.071
79,178,0.103,0.153,-0.073
79,179,0.129,0.185,-0.069
79,18,0.114,0.166,-0.054
79,180,0.178,0.244,-0.061
79,181,0.202,0.272,-0.058
79,182,0.145,0.205,-0.066
79,183,0.107,0.158,-0.073
79,184,0.189,0.257,-0.06
79,185,0.118,0.171,-0.071
79,186,0.153,0.215,-0.065
79,187,0.18,0.246,-0.061
79,188,0.148,0.208,-0.066
79,189,0.209,0.279,-0.057
79,19,0.059,0.095,-0.065
79,190,0.241,0.315,-0.054
79,191,0.205,0.275,-0.058
79,192,0.147,0.208,-0.066
79,193,0.116,0.169,-0.072
79,194,0.145,0.205,-0.066
79,195,0.217,0.289,-0.056
79,196,0.234,0.308,-0.054
79,197,0.178,0.244,-0.061
79,198,0.181,0.248,-0.061
79,199,0.083,0.127,-0.079
79,20,0.084,0.128,-0.06
79,200,0.13,0.187,-0.069
79,201,0.303,0.383,-0.047
79,202,0.191,0.259,-0.059
79,203,0.18,0.247,-0.061
79,204,0.166,0.23,-0.063
79,205,0.138,0.197,-0.067
79,206,0.154,0.215,-0.064
79,207,0.212,0.283,-0.056
79,208,0.204,0.274,-0.057
79,209,0.285,0.364,-0.048
79,21,0.164,0.228,-0.048
79,210,0.187,0.254,-0.059
79,211,0.121,0.176,-0.07
79,212,0.147,0.207,-0.065
79,213,0.226,0.299,-0.055
79,214,0.174,0.24,-0.061
79,215,0.223,0.295,-0.055
79,216,0.165,0.228,-0.063
79,217,0.26,0.336,-0.051
79,218,0.22,0.292,-0.055
79,219,0.326,0.407,-0.044
79,22,0.061,0.098,-0.065
79,220,0.259,0.335,-0.051
79,221,0.386,0.469,-0.039
79,222,0.289,0.368,-0.048
79,223,0.208,0.279,-0.058
79,224,0.209,0.279,-0.058
79,225,0.227,0.3,-0.056
79,226,0.254,0.33,-0.053
79,227,0.273,0.35,-0.051
79,228,0.458,0.54,-0.035
79,229,0.25,0.325,-0.054
79,23,0.097,0.145,-0.058
79,230,0.311,0.391,-0.048
79,231,0.481,0.563,-0.034
79,232,0.547,0.626,-0.029
79,233,0.53,0.609,-0.031
79,234,0.456,0.539,-0.037
79,235,0.397,0.481,-0.042
79,236,0.353,0.436,-0.047
79,237,0.378,0.461,-0.045
79,238,0.289,0.368,-0.055
79,239,0.299,0.379,-0.055
79,24,0.096,0.144,-0.058
79,240,0.248,0.323,-0.061
79,241,0.295,0.374,-0.057
79,242,0.244,0.319,-0.064
79,243,0.286,0.365,-0.06
79,244,0.201,0.27,-0.073
79,245,0.207,0.278,-0.073
79,246,0.126,0.181,-0.09
79,247,0.131,0.188,-0.09
79,248,0.15,0.211,-0.087
79,249,0.183,0.25,-0.082
79,25,0.185,0.253,-0.046
79,250,0.112,0.165,-0.1
79,251,0.122,0.176,-0.098
79,26,0.355,0.438,-0.032
79,27,0.165,0.229,-0.049
79,28,0.227,0.3,-0.043
79,29,0.238,0.312,-0.042
79,30,0.208,0.279,-0.045
79,31,0.337,0.419,-0.034
79,32,0.278,0.356,-0.039
79,33,0.34,0.422,-0.034
79,34,0.297,0.377,-0.038
79,35,0.35,0.432,-0.034
79,36,0.457,0.539,-0.027
79,37,0.356,0.439,-0.034
79,38,0.309,0.39,-0.038
79,39,0.268,0.345,-0.041
79,40,0.318,0.398,-0.037
79,41,0.394,0.478,-0.032
79,42,0.297,0.376,-0.039
79,43,0.278,0.356,-0.041
79,44,0.356,0.438,-0.035
79,45,0.196,0.265,-0.05
79,46,0.219,0.291,-0.047
79,47,0.249,0.325,-0.045
79,48,0.2,0.269,-0.05
79,49,0.411,0.494,-0.032
79,50,0.315,0.396,-0.04
79,51,0.342,0.423,-0.038
79,52,0.342,0.424,-0.038
79,53,0.288,0.367,-0.043
79,54,0.286,0.364,-0.043
79,55,0.456,0.538,-0.03
79,56,0.642,0.711,-0.019
79,57,0.594,0.668,-0.022
79,58,0.5,0.581,-0.027
79,59,0.391,0.474,-0.035
79,6,0.105,0.156,-0.059
79,60,0.479,0.561,-0.029
79,61,0.598,0.672,-0.022
79,62,0.708,0.768,-0.016
79,63,0.541,0.62,-0.025
79,64,0.501,0.582,-0.028
79,65,0.451,0.534,-0.031
79,66,0.39,0.474,-0.036
79,67,0.379,0.462,-0.037
79,68,0.412,0.495,-0.034
79,69,0.442,0.525,-0.032
79,7,0.057,0.092,-0.068
79,70,0.317,0.398,-0.042
79,71,0.311,0.391,-0.042
79,72,0.281,0.359,-0.045
79,73,0.28,0.358,-0.045
79,74,0.331,0.412,-0.041
79,75,0.381,0.464,-0.037
79,76,0.475,0.557,-0.03
79,77,0.231,0.304,-0.05
79,78,0.195,0.263,-0.054
79,79,0.346,0.428,-0.039
79,8,0.135,0.193,-0.053
79,80,0.261,0.337,-0.047
79,81,0.213,0.285,-0.052
79,82,0.149,0.21,-0.06
79,83,0.159,0.222,-0.059
79,84,0.149,0.21,-0.06
79,85,0.165,0.229,-0.058
79,86,0.153,0.215,-0.059
79,87,0.153,0.214,-0.059
79,88,0.16,0.223,-0.058
79,89,0.181,0.248,-0.055
79,9,0.108,0.158,-0.057
79,90,0.199,0.268,-0.053
79,91,0.22,0.292,-0.051
79,92,0.309,0.39,-0.042
79,93,0.145,0.205,-0.06
79,94,0.117,0.17,-0.064
79,95,0.091,0.138,-0.069
79,96,0.102,0.151,-0.067
79,97,0.057,0.092,-0.078
79,98,0.08,0.123,-0.072
79,99,0.093,0.14,-0.069
8,10,0.016,0.03,-0.079
8,100,0.235,0.309,-0.043
8,101,0.186,0.253,-0.048
8,102,0.168,0.232,-0.05
8,103,0.138,0.196,-0.055
8,104,0.203,0.273,-0.047
8,105,0.261,0.338,-0.041
8,106,0.242,0.316,-0.043
8,107,0.236,0.31,-0.044
8,108,0.131,0.188,-0.056
8,109,0.148,0.209,-0.054
8,11,0.053,0.086,-0.063
8,110,0.113,0.165,-0.059
8,111,0.126,0.181,-0.057
8,112,0.209,0.28,-0.047
8,113,0.196,0.265,-0.049
8,114,0.135,0.192,-0.056
8,115,0.107,0.157,-0.061
8,116,0.092,0.139,-0.064
8,117,0.115,0.168,-0.06
8,118,0.126,0.182,-0.058
8,119,0.119,0.173,-0.059
8,12,0.033,0.058,-0.069
8,120,0.195,0.264,-0.049
8,121,0.116,0.169,-0.06
8,122,0.156,0.218,-0.054
8,123,0.165,0.229,-0.053
8,124,0.256,0.332,-0.044
8,125,0.147,0.207,-0.056
8,126,0.124,0.179,-0.059
8,127,0.118,0.171,-0.061
8,128,0.209,0.279,-0.049
8,129,0.164,0.227,-0.054
8,13,0.067,0.105,-0.059
8,130,0.201,0.271,-0.05
8,131,0.15,0.21,-0.056
8,132,0.328,0.409,-0.038
8,133,0.303,0.383,-0.04
8,134,0.208,0.279,-0.049
8,135,0.194,0.262,-0.051
8,136,0.168,0.232,-0.054
8,137,0.152,0.213,-0.056
8,138,0.134,0.191,-0.059
8,139,0.178,0.244,-0.053
8,14,0.158,0.22,-0.045
8,140,0.313,0.393,-0.04
8,141,0.243,0.318,-0.046
8,142,0.205,0.275,-0.05
8,143,0.182,0.248,-0.053
8,144,0.232,0.306,-0.047
8,145,0.425,0.508,-0.032
8,146,0.41,0.494,-0.033
8,147,0.612,0.685,-0.02
8,148,0.57,0.647,-0.023
8,149,0.507,0.588,-0.027
8,15,0.042,0.071,-0.064
8,150,0.455,0.538,-0.03
8,151,0.422,0.505,-0.032
8,152,0.27,0.348,-0.044
8,153,0.412,0.495,-0.033
8,154,0.417,0.5,-0.033
8,155,0.291,0.371,-0.042
8,156,0.313,0.393,-0.041
8,157,0.398,0.481,-0.034
8,158,0.427,0.51,-0.032
8,159,0.472,0.554,-0.029
8,16,0.077,0.119,-0.056
8,160,0.483,0.565,-0.028
8,161,0.481,0.563,-0.029
8,162,0.467,0.549,-0.03
8,163,0.37,0.453,-0.036
8,164,0.323,0.404,-0.04
8,165,0.339,0.421,-0.039
8,166,0.399,0.482,-0.035
8,167,0.266,0.343,-0.046
8,168,0.331,0.413,-0.04
8,169,0.26,0.336,-0.046
8,17,0.091,0.138,-0.054
8,170,0.285,0.363,-0.044
8,171,0.208,0.278,-0.052
8,172,0.217,0.288,-0.051
8,173,0.205,0.276,-0.053
8,174,0.266,0.343,-0.046
8,175,0.175,0.241,-0.056
8,176,0.197,0.266,-0.054
8,177,0.223,0.295,-0.051
8,178,0.23,0.304,-0.051
8,179,0.363,0.446,-0.038
8,18,0.063,0.1,-0.059
8,180,0.382,0.465,-0.037
8,181,0.279,0.357,-0.046
8,182,0.269,0.347,-0.047
8,183,0.192,0.26,-0.056
8,184,0.192,0.26,-0.057
8,185,0.202,0.272,-0.056
8,186,0.216,0.287,-0.054
8,187,0.205,0.275,-0.056
8,188,0.212,0.283,-0.055
8,189,0.259,0.336,-0.05
8,19,0.063,0.1,-0.059
8,190,0.183,0.249,-0.06
8,191,0.386,0.469,-0.039
8,192,0.3,0.38,-0.047
8,193,0.226,0.299,-0.055
8,194,0.377,0.46,-0.041
8,195,0.398,0.482,-0.039
8,196,0.35,0.433,-0.043
8,197,0.264,0.341,-0.052
8,198,0.346,0.428,-0.044
8,199,0.298,0.378,-0.049
8,20,0.118,0.171,-0.049
8,200,0.273,0.351,-0.052
8,201,0.318,0.399,-0.048
8,202,0.431,0.515,-0.038
8,203,0.262,0.339,-0.055
8,204,0.453,0.536,-0.037
8,205,0.325,0.406,-0.049
8,206,0.278,0.356,-0.054
8,207,0.364,0.447,-0.045
8,208,0.291,0.37,-0.053
8,209,0.42,0.503,-0.041
8,21,0.063,0.1,-0.059
8,210,0.276,0.354,-0.056
8,211,0.322,0.403,-0.051
8,212,0.35,0.433,-0.048
8,213,0.275,0.352,-0.057
8,214,0.229,0.302,-0.063
8,215,0.25,0.326,-0.061
8,216,0.332,0.413,-0.052
8,217,0.185,0.252,-0.071
8,218,0.221,0.293,-0.066
8,219,0.2,0.27,-0.07
8,22,0.083,0.126,-0.055
8,220,0.284,0.363,-0.058
8,221,0.253,0.329,-0.063
8,222,0.202,0.272,-0.07
8,223,0.164,0.228,-0.077
8,224,0.242,0.317,-0.065
8,225,0.179,0.245,-0.075
8,226,0.212,0.284,-0.07
8,227,0.263,0.339,-0.063
8,228,0.2,0.27,-0.073
8,229,0.393,0.476,-0.049
8,23,0.127,0.183,-0.048
8,230,0.177,0.243,-0.077
8,231,0.262,0.339,-0.064
8,232,0.305,0.385,-0.059
8,233,0.154,0.216,-0.082
8,234,0.282,0.36,-0.062
8,235,0.22,0.292,-0.071
8,236,0.289,0.368,-0.062
8,237,0.23,0.303,-0.071
8,238,0.286,0.364,-0.063
8,239,0.206,0.277,-0.075
8,24,0.155,0.217,-0.044
8,240,0.314,0.395,-0.06
8,241,0.29,0.369,-0.063
8,242,0.297,0.377,-0.062
8,243,0.293,0.372,-0.063
8,244,0.336,0.418,-0.058
8,245,0.329,0.41,-0.06
8,246,0.318,0.399,-0.061
8,247,0.339,0.421,-0.059
8,248,0.445,0.528,-0.047
8,249,0.321,0.402,-0.062
8,25,0.028,0.05,-0.069
8,250,0.405,0.488,-0.053
8,251,0.619,0.691,-0.032
8,26,0.05,0.082,-0.061
8,27,0.149,0.209,-0.045
8,28,0.084,0.129,-0.054
8,29,0.053,0.086,-0.061
8,30,0.083,0.128,-0.054
8,31,0.102,0.151,-0.051
8,32,0.065,0.103,-0.058
8,33,0.02,0.038,-0.073
8,34,0.145,0.204,-0.046
8,35,0.144,0.204,-0.046
8,36,0.136,0.194,-0.047
8,37,0.099,0.148,-0.052
8,38,0.096,0.144,-0.052
8,39,0.101,0.151,-0.052
8,40,0.073,0.114,-0.057
8,41,0.081,0.124,-0.055
8,42,0.144,0.204,-0.047
8,43,0.072,0.112,-0.057
8,44,0.093,0.14,-0.054
8,45,0.125,0.181,-0.049
8,46,0.038,0.065,-0.067
8,47,0.127,0.183,-0.049
8,48,0.052,0.085,-0.063
8,49,0.049,0.081,-0.063
8,50,0.073,0.113,-0.058
8,51,0.038,0.065,-0.067
8,52,0.023,0.042,-0.073
8,53,0.117,0.171,-0.051
8,54,0.05,0.082,-0.064
8,55,0.015,0.03,-0.079
8,56,0.053,0.086,-0.063
8,57,0.024,0.044,-0.074
8,58,0.02,0.038,-0.076
8,59,0.017,0.032,-0.079
8,60,0.024,0.044,-0.074
8,61,0.031,0.055,-0.071
8,62,0.019,0.036,-0.078
8,63,0.014,0.027,-0.082
8,64,0.018,0.035,-0.078
8,65,0.026,0.048,-0.074
8,66,0.053,0.086,-0.065
8,67,0.05,0.082,-0.066
8,68,0.044,0.074,-0.068
8,69,0.05,0.082,-0.066
8,7,0.005,0.011,-0.095
8,70,0.085,0.129,-0.058
8,71,0.057,0.092,-0.064
8,72,0.099,0.148,-0.056
8,73,0.095,0.142,-0.056
8,74,0.195,0.264,-0.044
8,75,0.2,0.27,-0.043
8,76,0.114,0.166,-0.054
8,77,0.259,0.335,-0.039
8,78,0.151,0.212,-0.049
8,79,0.142,0.202,-0.05
8,8,0.022,0.041,-0.076
8,80,0.178,0.244,-0.046
8,81,0.154,0.216,-0.049
8,82,0.212,0.283,-0.043
8,83,0.213,0.284,-0.043
8,84,0.109,0.161,-0.056
8,85,0.092,0.139,-0.059
8,86,0.322,0.403,-0.035
8,87,0.175,0.241,-0.048
8,88,0.111,0.163,-0.056
8,89,0.185,0.252,-0.047
8,9,0.015,0.029,-0.08
8,90,0.157,0.219,-0.05
8,91,0.218,0.29,-0.044
8,92,0.179,0.245,-0.048
8,93,0.204,0.274,-0.045
8,94,0.184,0.251,-0.048
8,95,0.171,0.236,-0.049
8,96,0.185,0.252,-0.048
8,97,0.269,0.346,-0.04
8,98,0.212,0.283,-0.045
8,99,0.205,0.276,-0.046
80,10,0.037,0.064,-0.073
80,100,0.099,0.147,-0.068
80,101,0.055,0.089,-0.079
80,102,0.066,0.104,-0.076
80,103,0.038,0.065,-0.086
80,104,0.056,0.091,-0.079
80,105,0.096,0.144,-0.069
80,106,0.069,0.108,-0.075
80,107,0.038,0.065,-0.086
80,108,0.047,0.078,-0.083
80,109,0.062,0.099,-0.078
80,11,0.102,0.152,-0.057
80,110,0.048,0.08,-0.083
80,111,0.038,0.065,-0.088
80,112,0.028,0.051,-0.093
80,113,0.037,0.063,-0.089
80,114,0.053,0.087,-0.083
80,115,0.061,0.097,-0.081
80,116,0.038,0.065,-0.09
80,117,0.041,0.07,-0.089
80,118,0.049,0.08,-0.086
80,119,0.065,0.104,-0.081
80,12,0.067,0.105,-0.063
80,120,0.033,0.058,-0.095
80,121,0.042,0.072,-0.091
80,122,0.035,0.06,-0.095
80,123,0.022,0.04,-0.104
80,124,0.024,0.044,-0.102
80,125,0.06,0.096,-0.085
80,126,0.06,0.096,-0.086
80,127,0.055,0.089,-0.088
80,128,0.046,0.077,-0.091
80,129,0.024,0.044,-0.103
80,13,0.084,0.128,-0.059
80,130,0.031,0.055,-0.098
80,131,0.025,0.046,-0.102
80,132,0.028,0.05,-0.1
80,133,0.019,0.036,-0.107
80,134,0.024,0.043,-0.102
80,135,0.038,0.065,-0.094
80,136,0.022,0.041,-0.103
80,137,0.031,0.055,-0.097
80,138,0.01,0.021,-0.115
80,139,0.018,0.034,-0.105
80,14,0.099,0.147,-0.056
80,140,0.029,0.051,-0.097
80,141,0.023,0.042,-0.1
80,142,0.015,0.029,-0.107
80,143,0.011,0.022,-0.111
80,144,0.012,0.024,-0.109
80,145,0.026,0.047,-0.096
80,146,0.016,0.031,-0.103
80,147,0.027,0.048,-0.095
80,148,0.055,0.089,-0.082
80,149,0.049,0.081,-0.084
80,15,0.077,0.119,-0.061
80,150,0.057,0.092,-0.081
80,151,0.022,0.04,-0.098
80,152,0.02,0.038,-0.099
80,153,0.032,0.056,-0.091
80,154,0.036,0.062,-0.089
80,155,0.048,0.08,-0.084
80,156,0.027,0.049,-0.094
80,157,0.065,0.103,-0.079
80,158,0.075,0.117,-0.076
80,159,0.11,0.161,-0.069
80,16,0.051,0.083,-0.067
80,160,0.088,0.133,-0.073
80,161,0.105,0.156,-0.069
80,162,0.174,0.24,-0.059
80,163,0.106,0.157,-0.07
80,164,0.168,0.232,-0.06
80,165,0.138,0.196,-0.065
80,166,0.119,0.172,-0.069
80,167,0.131,0.188,-0.066
80,168,0.174,0.24,-0.06
80,169,0.154,0.215,-0.063
80,17,0.126,0.182,-0.052
80,170,0.166,0.23,-0.061
80,171,0.312,0.393,-0.045
80,172,0.248,0.324,-0.051
80,173,0.25,0.325,-0.051
80,174,0.263,0.34,-0.05
80,175,0.23,0.304,-0.054
80,176,0.209,0.28,-0.057
80,177,0.309,0.389,-0.046
80,178,0.331,0.412,-0.044
80,179,0.216,0.287,-0.056
80,18,0.072,0.113,-0.062
80,180,0.253,0.329,-0.052
80,181,0.22,0.292,-0.056
80,182,0.185,0.253,-0.061
80,183,0.14,0.199,-0.068
80,184,0.141,0.2,-0.067
80,185,0.086,0.131,-0.079
80,186,0.086,0.13,-0.079
80,187,0.119,0.173,-0.071
80,188,0.14,0.198,-0.068
80,189,0.131,0.187,-0.069
80,19,0.137,0.196,-0.051
80,190,0.128,0.184,-0.07
80,191,0.078,0.121,-0.08
80,192,0.154,0.216,-0.065
80,193,0.173,0.238,-0.062
80,194,0.118,0.172,-0.071
80,195,0.098,0.146,-0.075
80,196,0.111,0.163,-0.073
80,197,0.115,0.168,-0.072
80,198,0.118,0.172,-0.071
80,199,0.151,0.212,-0.065
80,20,0.152,0.213,-0.049
80,200,0.148,0.208,-0.066
80,201,0.178,0.244,-0.061
80,202,0.217,0.288,-0.056
80,203,0.244,0.319,-0.053
80,204,0.173,0.239,-0.062
80,205,0.273,0.351,-0.05
80,206,0.202,0.271,-0.058
80,207,0.286,0.364,-0.048
80,208,0.255,0.331,-0.051
80,209,0.226,0.299,-0.055
80,21,0.161,0.224,-0.048
80,210,0.229,0.303,-0.054
80,211,0.209,0.28,-0.057
80,212,0.251,0.327,-0.052
80,213,0.223,0.296,-0.055
80,214,0.242,0.317,-0.053
80,215,0.263,0.34,-0.051
80,216,0.214,0.285,-0.056
80,217,0.231,0.305,-0.054
80,218,0.293,0.372,-0.048
80,219,0.259,0.336,-0.051
80,22,0.152,0.213,-0.05
80,220,0.207,0.278,-0.057
80,221,0.23,0.303,-0.055
80,222,0.205,0.275,-0.058
80,223,0.234,0.308,-0.055
80,224,0.247,0.322,-0.054
80,225,0.278,0.356,-0.05
80,226,0.246,0.321,-0.054
80,227,0.242,0.316,-0.055
80,228,0.259,0.335,-0.053
80,229,0.316,0.397,-0.048
80,23,0.356,0.438,-0.032
80,230,0.234,0.307,-0.057
80,231,0.278,0.356,-0.053
80,232,0.23,0.304,-0.059
80,233,0.232,0.305,-0.059
80,234,0.291,0.37,-0.053
80,235,0.267,0.345,-0.056
80,236,0.203,0.273,-0.065
80,237,0.249,0.325,-0.06
80,238,0.191,0.259,-0.069
80,239,0.259,0.336,-0.06
80,24,0.251,0.327,-0.04
80,240,0.252,0.327,-0.062
80,241,0.165,0.228,-0.076
80,242,0.194,0.263,-0.072
80,243,0.139,0.197,-0.084
80,244,0.146,0.206,-0.084
80,245,0.121,0.176,-0.09
80,246,0.111,0.163,-0.094
80,247,0.121,0.175,-0.093
80,248,0.149,0.21,-0.088
80,249,0.138,0.196,-0.092
80,25,0.273,0.351,-0.038
80,250,0.187,0.254,-0.083
80,251,0.185,0.252,-0.085
80,26,0.307,0.387,-0.036
80,27,0.33,0.412,-0.034
80,28,0.208,0.279,-0.044
80,29,0.466,0.548,-0.026
80,30,0.363,0.446,-0.032
80,31,0.479,0.561,-0.025
80,32,0.605,0.678,-0.018
80,33,0.488,0.57,-0.025
80,34,0.389,0.472,-0.031
80,35,0.469,0.551,-0.026
80,36,0.581,0.657,-0.02
80,37,0.46,0.543,-0.027
80,38,0.422,0.505,-0.03
80,39,0.359,0.442,-0.034
80,40,0.422,0.505,-0.03
80,41,0.438,0.521,-0.029
80,42,0.427,0.51,-0.03
80,43,0.39,0.473,-0.032
80,44,0.333,0.415,-0.037
80,45,0.412,0.495,-0.031
80,46,0.308,0.389,-0.039
80,47,0.265,0.342,-0.043
80,48,0.336,0.418,-0.037
80,49,0.534,0.613,-0.024
80,50,0.401,0.485,-0.033
80,51,0.254,0.33,-0.045
80,52,0.266,0.343,-0.044
80,53,0.302,0.382,-0.041
80,54,0.312,0.393,-0.04
80,55,0.432,0.516,-0.031
80,56,0.34,0.422,-0.038
80,57,0.429,0.512,-0.032
80,58,0.425,0.508,-0.032
80,59,0.477,0.559,-0.029
80,6,0.243,0.317,-0.042
80,60,0.369,0.451,-0.037
80,61,0.414,0.497,-0.033
80,62,0.425,0.508,-0.033
80,63,0.309,0.389,-0.042
80,64,0.465,0.548,-0.03
80,65,0.669,0.735,-0.018
80,66,0.549,0.627,-0.025
80,67,0.351,0.434,-0.039
80,68,0.287,0.366,-0.044
80,69,0.454,0.537,-0.031
80,7,0.281,0.359,-0.039
80,70,0.641,0.71,-0.02
80,71,0.514,0.595,-0.027
80,72,0.475,0.557,-0.03
80,73,0.533,0.612,-0.026
80,74,0.435,0.518,-0.033
80,75,0.451,0.534,-0.032
80,76,0.467,0.55,-0.031
80,77,0.328,0.409,-0.041
80,78,0.292,0.372,-0.044
80,79,0.305,0.385,-0.043
80,8,0.187,0.254,-0.047
80,80,0.302,0.382,-0.043
80,81,0.258,0.334,-0.048
80,82,0.239,0.313,-0.05
80,83,0.247,0.322,-0.049
80,84,0.226,0.299,-0.051
80,85,0.2,0.27,-0.053
80,86,0.309,0.39,-0.042
80,87,0.142,0.201,-0.061
80,88,0.119,0.173,-0.065
80,89,0.179,0.246,-0.056
80,9,0.093,0.14,-0.059
80,90,0.207,0.277,-0.052
80,91,0.195,0.264,-0.054
80,92,0.158,0.22,-0.058
80,93,0.169,0.233,-0.057
80,94,0.188,0.256,-0.054
80,95,0.172,0.237,-0.056
80,96,0.098,0.146,-0.068
80,97,0.114,0.166,-0.065
80,98,0.136,0.194,-0.061
80,99,0.156,0.218,-0.058
81,10,0.219,0.291,-0.043
81,100,0.107,0.158,-0.067
81,101,0.077,0.119,-0.073
81,102,0.057,0.092,-0.078
81,103,0.053,0.087,-0.08
81,104,0.023,0.043,-0.094
81,105,0.043,0.072,-0.084
81,106,0.061,0.098,-0.078
81,107,0.044,0.074,-0.084
81,108,0.029,0.051,-0.091
81,109,0.026,0.047,-0.093
81,11,0.181,0.247,-0.047
81,110,0.035,0.06,-0.089
81,111,0.03,0.053,-0.091
81,112,0.022,0.04,-0.097
81,113,0.032,0.057,-0.091
81,114,0.047,0.078,-0.084
81,115,0.036,0.062,-0.089
81,116,0.028,0.049,-0.095
81,117,0.018,0.034,-0.102
81,118,0.016,0.031,-0.104
81,119,0.024,0.044,-0.099
81,12,0.147,0.208,-0.051
81,120,0.016,0.031,-0.105
81,121,0.009,0.02,-0.114
81,122,0.02,0.038,-0.102
81,123,0.036,0.063,-0.093
81,124,0.054,0.088,-0.086
81,125,0.036,0.062,-0.094
81,126,0.02,0.037,-0.104
81,127,0.033,0.058,-0.096
81,128,0.05,0.083,-0.088
81,129,0.022,0.04,-0.103
81,13,0.123,0.178,-0.054
81,130,0.018,0.035,-0.106
81,131,0.027,0.049,-0.099
81,132,0.017,0.033,-0.107
81,133,0.017,0.032,-0.107
81,134,0.02,0.038,-0.104
81,135,0.017,0.032,-0.107
81,136,0.017,0.033,-0.106
81,137,0.019,0.037,-0.104
81,138,0.015,0.029,-0.108
81,139,0.01,0.021,-0.113
81,14,0.096,0.144,-0.058
81,140,0.011,0.023,-0.111
81,141,0.036,0.062,-0.091
81,142,0.026,0.048,-0.097
81,143,0.028,0.051,-0.095
81,144,0.02,0.037,-0.101
81,145,0.01,0.021,-0.111
81,146,0.015,0.029,-0.105
81,147,0.01,0.021,-0.111
81,148,0.024,0.044,-0.097
81,149,0.023,0.042,-0.097
81,15,0.104,0.154,-0.056
81,150,0.026,0.047,-0.095
81,151,0.03,0.054,-0.092
81,152,0.04,0.068,-0.088
81,153,0.039,0.066,-0.088
81,154,0.035,0.061,-0.09
81,155,0.033,0.058,-0.091
81,156,0.061,0.098,-0.08
81,157,0.04,0.068,-0.088
81,158,0.044,0.073,-0.087
81,159,0.059,0.095,-0.081
81,16,0.229,0.302,-0.042
81,160,0.048,0.08,-0.085
81,161,0.07,0.11,-0.078
81,162,0.071,0.111,-0.078
81,163,0.086,0.13,-0.075
81,164,0.091,0.137,-0.074
81,165,0.095,0.142,-0.073
81,166,0.069,0.108,-0.08
81,167,0.091,0.138,-0.075
81,168,0.077,0.12,-0.078
81,169,0.074,0.115,-0.08
81,17,0.183,0.25,-0.046
81,170,0.137,0.194,-0.067
81,171,0.09,0.137,-0.076
81,172,0.084,0.128,-0.078
81,173,0.077,0.119,-0.08
81,174,0.098,0.146,-0.075
81,175,0.177,0.243,-0.061
81,176,0.18,0.246,-0.061
81,177,0.203,0.273,-0.058
81,178,0.202,0.272,-0.058
81,179,0.167,0.232,-0.063
81,18,0.238,0.312,-0.041
81,180,0.193,0.262,-0.06
81,181,0.236,0.31,-0.055
81,182,0.105,0.155,-0.075
81,183,0.173,0.238,-0.063
81,184,0.149,0.21,-0.066
81,185,0.178,0.244,-0.062
81,186,0.177,0.243,-0.062
81,187,0.179,0.245,-0.062
81,188,0.167,0.231,-0.064
81,189,0.158,0.22,-0.065
81,19,0.178,0.244,-0.047
81,190,0.237,0.312,-0.054
81,191,0.196,0.264,-0.059
81,192,0.134,0.191,-0.069
81,193,0.161,0.224,-0.064
81,194,0.176,0.241,-0.062
81,195,0.222,0.294,-0.056
81,196,0.213,0.284,-0.057
81,197,0.29,0.369,-0.048
81,198,0.152,0.214,-0.065
81,199,0.17,0.235,-0.062
81,20,0.279,0.357,-0.037
81,200,0.197,0.266,-0.059
81,201,0.242,0.317,-0.053
81,202,0.199,0.269,-0.058
81,203,0.205,0.275,-0.057
81,204,0.206,0.276,-0.057
81,205,0.237,0.311,-0.054
81,206,0.287,0.365,-0.048
81,207,0.23,0.304,-0.054
81,208,0.291,0.371,-0.048
81,209,0.26,0.337,-0.051
81,21,0.343,0.425,-0.033
81,210,0.408,0.491,-0.037
81,211,0.34,0.422,-0.043
81,212,0.262,0.339,-0.05
81,213,0.277,0.355,-0.049
81,214,0.255,0.331,-0.051
81,215,0.255,0.331,-0.051
81,216,0.363,0.445,-0.041
81,217,0.327,0.408,-0.044
81,218,0.317,0.398,-0.045
81,219,0.218,0.29,-0.056
81,22,0.141,0.2,-0.051
81,220,0.335,0.417,-0.044
81,221,0.337,0.419,-0.044
81,222,0.277,0.355,-0.05
81,223,0.368,0.451,-0.041
81,224,0.275,0.353,-0.05
81,225,0.271,0.348,-0.051
81,226,0.349,0.431,-0.044
81,227,0.465,0.547,-0.034
81,228,0.412,0.496,-0.039
81,229,0.539,0.617,-0.029
81,23,0.31,0.391,-0.035
81,230,0.481,0.563,-0.034
81,231,0.266,0.344,-0.054
81,232,0.248,0.323,-0.057
81,233,0.331,0.412,-0.048
81,234,0.381,0.464,-0.044
81,235,0.48,0.562,-0.036
81,236,0.509,0.59,-0.034
81,237,0.501,0.582,-0.035
81,238,0.496,0.578,-0.036
81,239,0.425,0.508,-0.043
81,24,0.461,0.543,-0.026
81,240,0.437,0.52,-0.042
81,241,0.468,0.551,-0.04
81,242,0.37,0.453,-0.05
81,243,0.289,0.368,-0.06
81,244,0.232,0.306,-0.069
81,245,0.333,0.415,-0.057
81,246,0.264,0.341,-0.066
81,247,0.413,0.496,-0.05
81,248,0.345,0.427,-0.058
81,249,0.336,0.418,-0.06
81,25,0.21,0.281,-0.044
81,250,0.286,0.365,-0.068
81,251,0.298,0.378,-0.067
81,26,0.232,0.305,-0.042
81,27,0.257,0.333,-0.04
81,28,0.201,0.271,-0.045
81,29,0.194,0.263,-0.046
81,30,0.299,0.379,-0.037
81,31,0.127,0.183,-0.054
81,32,0.142,0.201,-0.052
81,33,0.196,0.265,-0.046
81,34,0.222,0.295,-0.044
81,35,0.164,0.228,-0.05
81,36,0.174,0.239,-0.049
81,37,0.2,0.269,-0.047
81,38,0.241,0.315,-0.043
81,39,0.237,0.312,-0.043
81,40,0.256,0.332,-0.042
81,41,0.232,0.305,-0.044
81,42,0.312,0.393,-0.038
81,43,0.239,0.314,-0.044
81,44,0.342,0.424,-0.036
81,45,0.37,0.453,-0.034
81,46,0.185,0.253,-0.051
81,47,0.305,0.385,-0.039
81,48,0.222,0.294,-0.047
81,49,0.199,0.268,-0.05
81,50,0.274,0.351,-0.043
81,51,0.25,0.326,-0.045
81,52,0.279,0.357,-0.043
81,53,0.299,0.379,-0.041
81,54,0.361,0.443,-0.036
81,55,0.576,0.652,-0.022
81,56,0.332,0.413,-0.039
81,57,0.415,0.499,-0.033
81,58,0.629,0.7,-0.019
81,59,0.468,0.55,-0.029
81,6,0.189,0.256,-0.048
81,60,0.411,0.494,-0.033
81,61,0.586,0.661,-0.022
81,62,0.649,0.717,-0.019
81,63,0.506,0.587,-0.027
81,64,0.662,0.729,-0.018
81,65,0.596,0.67,-0.022
81,66,0.486,0.568,-0.029
81,67,0.506,0.587,-0.028
81,68,0.51,0.59,-0.028
81,69,0.329,0.41,-0.041
81,7,0.107,0.158,-0.058
81,70,0.383,0.466,-0.037
81,71,0.538,0.617,-0.026
81,72,0.428,0.512,-0.033
81,73,0.247,0.322,-0.049
81,74,0.29,0.369,-0.045
81,75,0.169,0.233,-0.058
81,76,0.248,0.323,-0.049
81,77,0.212,0.284,-0.053
81,78,0.212,0.283,-0.053
81,79,0.259,0.335,-0.048
81,8,0.086,0.131,-0.062
81,80,0.233,0.307,-0.05
81,81,0.147,0.207,-0.062
81,82,0.235,0.309,-0.05
81,83,0.12,0.174,-0.066
81,84,0.138,0.196,-0.063
81,85,0.24,0.315,-0.05
81,86,0.142,0.202,-0.062
81,87,0.134,0.191,-0.063
81,88,0.218,0.29,-0.052
81,89,0.126,0.181,-0.064
81,9,0.18,0.247,-0.048
81,90,0.148,0.209,-0.06
81,91,0.138,0.196,-0.062
81,92,0.116,0.17,-0.066
81,93,0.119,0.173,-0.065
81,94,0.104,0.154,-0.068
81,95,0.148,0.208,-0.06
81,96,0.127,0.183,-0.063
81,97,0.081,0.124,-0.072
81,98,0.078,0.12,-0.073
81,99,0.106,0.157,-0.067
82,10,0.038,0.065,-0.072
82,100,0.149,0.21,-0.06
82,101,0.144,0.203,-0.061
82,102,0.103,0.152,-0.068
82,103,0.117,0.171,-0.065
82,104,0.13,0.187,-0.063
82,105,0.09,0.136,-0.07
82,106,0.106,0.157,-0.067
82,107,0.071,0.111,-0.075
82,108,0.067,0.106,-0.076
82,109,0.083,0.127,-0.072
82,11,0.117,0.17,-0.054
82,110,0.06,0.097,-0.079
82,111,0.05,0.082,-0.083
82,112,0.054,0.088,-0.082
82,113,0.057,0.091,-0.081
82,114,0.081,0.125,-0.074
82,115,0.082,0.126,-0.075
82,116,0.052,0.086,-0.083
82,117,0.068,0.107,-0.079
82,118,0.035,0.061,-0.091
82,119,0.088,0.133,-0.074
82,12,0.302,0.382,-0.036
82,120,0.06,0.096,-0.082
82,121,0.068,0.108,-0.08
82,122,0.104,0.154,-0.072
82,123,0.097,0.146,-0.073
82,124,0.075,0.117,-0.079
82,125,0.064,0.102,-0.082
82,126,0.036,0.062,-0.094
82,127,0.032,0.056,-0.096
82,128,0.029,0.052,-0.097
82,129,0.022,0.04,-0.103
82,13,0.075,0.116,-0.061
82,130,0.034,0.059,-0.095
82,131,0.041,0.07,-0.091
82,132,0.03,0.054,-0.097
82,133,0.022,0.041,-0.102
82,134,0.016,0.031,-0.107
82,135,0.026,0.046,-0.099
82,136,0.024,0.044,-0.1
82,137,0.025,0.046,-0.098
82,138,0.019,0.037,-0.103
82,139,0.029,0.052,-0.096
82,14,0.083,0.128,-0.059
82,140,0.019,0.036,-0.102
82,141,0.035,0.061,-0.092
82,142,0.035,0.061,-0.092
82,143,0.028,0.05,-0.096
82,144,0.018,0.034,-0.102
82,145,0.024,0.044,-0.097
82,146,0.019,0.035,-0.101
82,147,0.02,0.038,-0.1
82,148,0.021,0.04,-0.099
82,149,0.02,0.037,-0.1
82,15,0.109,0.161,-0.055
82,150,0.024,0.044,-0.097
82,151,0.023,0.042,-0.098
82,152,0.032,0.057,-0.092
82,153,0.032,0.056,-0.092
82,154,0.042,0.07,-0.088
82,155,0.064,0.101,-0.08
82,156,0.066,0.104,-0.079
82,157,0.056,0.091,-0.082
82,158,0.041,0.069,-0.089
82,159,0.032,0.056,-0.093
82,16,0.069,0.109,-0.062
82,160,0.047,0.079,-0.087
82,161,0.092,0.139,-0.074
82,162,0.076,0.118,-0.078
82,163,0.13,0.186,-0.067
82,164,0.141,0.199,-0.065
82,165,0.146,0.205,-0.064
82,166,0.183,0.25,-0.059
82,167,0.224,0.296,-0.055
82,168,0.125,0.18,-0.069
82,169,0.266,0.343,-0.05
82,17,0.089,0.134,-0.058
82,170,0.212,0.283,-0.056
82,171,0.275,0.352,-0.049
82,172,0.268,0.345,-0.05
82,173,0.285,0.364,-0.049
82,174,0.434,0.517,-0.036
82,175,0.418,0.501,-0.037
82,176,0.393,0.476,-0.039
82,177,0.272,0.349,-0.05
82,178,0.282,0.36,-0.049
82,179,0.214,0.285,-0.057
82,18,0.083,0.128,-0.059
82,180,0.176,0.242,-0.063
82,181,0.257,0.333,-0.052
82,182,0.454,0.536,-0.035
82,183,0.261,0.338,-0.052
82,184,0.316,0.397,-0.046
82,185,0.302,0.382,-0.048
82,186,0.168,0.232,-0.064
82,187,0.238,0.312,-0.055
82,188,0.298,0.377,-0.048
82,189,0.265,0.342,-0.052
82,19,0.076,0.118,-0.061
82,190,0.269,0.346,-0.051
82,191,0.307,0.387,-0.047
82,192,0.242,0.317,-0.054
82,193,0.181,0.247,-0.062
82,194,0.299,0.378,-0.048
82,195,0.296,0.375,-0.048
82,196,0.486,0.568,-0.032
82,197,0.392,0.476,-0.039
82,198,0.368,0.451,-0.041
82,199,0.204,0.274,-0.058
82,20,0.095,0.143,-0.057
82,200,0.269,0.347,-0.05
82,201,0.259,0.336,-0.051
82,202,0.2,0.27,-0.058
82,203,0.216,0.287,-0.056
82,204,0.313,0.394,-0.046
82,205,0.299,0.379,-0.047
82,206,0.266,0.343,-0.05
82,207,0.415,0.498,-0.037
82,208,0.293,0.372,-0.047
82,209,0.381,0.464,-0.039
82,21,0.047,0.078,-0.068
82,210,0.283,0.361,-0.048
82,211,0.336,0.418,-0.043
82,212,0.407,0.49,-0.037
82,213,0.304,0.384,-0.046
82,214,0.292,0.372,-0.048
82,215,0.222,0.294,-0.055
82,216,0.235,0.309,-0.054
82,217,0.451,0.534,-0.034
82,218,0.277,0.355,-0.049
82,219,0.378,0.461,-0.04
82,22,0.081,0.124,-0.06
82,220,0.524,0.604,-0.029
82,221,0.542,0.621,-0.028
82,222,0.523,0.603,-0.029
82,223,0.682,0.746,-0.019
82,224,0.411,0.494,-0.038
82,225,0.44,0.523,-0.036
82,226,0.537,0.616,-0.029
82,227,0.435,0.518,-0.037
82,228,0.534,0.613,-0.03
82,229,0.595,0.669,-0.026
82,23,0.097,0.145,-0.057
82,230,0.727,0.785,-0.017
82,231,0.62,0.691,-0.024
82,232,0.612,0.685,-0.025
82,233,0.647,0.715,-0.023
82,234,0.662,0.729,-0.022
82,235,0.387,0.47,-0.044
82,236,0.48,0.562,-0.037
82,237,0.392,0.475,-0.045
82,238,0.428,0.511,-0.042
82,239,0.458,0.541,-0.04
82,24,0.127,0.182,-0.053
82,240,0.348,0.43,-0.052
82,241,0.352,0.434,-0.052
82,242,0.4,0.483,-0.048
82,243,0.273,0.35,-0.063
82,244,0.37,0.453,-0.052
82,245,0.348,0.43,-0.056
82,246,0.328,0.41,-0.059
82,247,0.364,0.447,-0.055
82,248,0.371,0.454,-0.056
82,249,0.243,0.318,-0.073
82,25,0.254,0.33,-0.04
82,250,0.217,0.289,-0.079
82,251,0.259,0.335,-0.073
82,26,0.147,0.208,-0.05
82,27,0.211,0.282,-0.044
82,28,0.233,0.307,-0.042
82,29,0.271,0.349,-0.039
82,30,0.243,0.318,-0.041
82,31,0.367,0.449,-0.032
82,32,0.322,0.403,-0.035
82,33,0.48,0.562,-0.025
82,34,0.33,0.412,-0.035
82,35,0.399,0.483,-0.03
82,36,0.37,0.453,-0.032
82,37,0.35,0.432,-0.034
82,38,0.353,0.435,-0.034
82,39,0.337,0.419,-0.035
82,40,0.304,0.384,-0.038
82,41,0.274,0.352,-0.04
82,42,0.307,0.387,-0.038
82,43,0.189,0.257,-0.049
82,44,0.256,0.332,-0.042
82,45,0.211,0.282,-0.047
82,46,0.274,0.352,-0.041
82,47,0.422,0.506,-0.031
82,48,0.375,0.458,-0.034
82,49,0.287,0.366,-0.041
82,50,0.25,0.325,-0.045
82,51,0.37,0.453,-0.035
82,52,0.4,0.484,-0.033
82,53,0.426,0.51,-0.031
82,54,0.508,0.588,-0.026
82,55,0.332,0.413,-0.039
82,56,0.318,0.399,-0.04
82,57,0.41,0.493,-0.033
82,58,0.476,0.558,-0.029
82,59,0.59,0.665,-0.022
82,6,0.131,0.188,-0.055
82,60,0.493,0.574,-0.028
82,61,0.469,0.552,-0.029
82,62,0.386,0.469,-0.035
82,63,0.461,0.543,-0.03
82,64,0.487,0.568,-0.029
82,65,0.498,0.579,-0.028
82,66,0.397,0.48,-0.035
82,67,0.23,0.304,-0.05
82,68,0.391,0.474,-0.036
82,69,0.31,0.391,-0.042
82,7,0.069,0.109,-0.066
82,70,0.35,0.432,-0.039
82,71,0.297,0.377,-0.044
82,72,0.326,0.407,-0.041
82,73,0.36,0.442,-0.039
82,74,0.352,0.434,-0.039
82,75,0.258,0.334,-0.048
82,76,0.253,0.329,-0.049
82,77,0.272,0.35,-0.047
82,78,0.416,0.499,-0.035
82,79,0.256,0.332,-0.048
82,8,0.068,0.107,-0.065
82,80,0.302,0.382,-0.044
82,81,0.182,0.249,-0.057
82,82,0.21,0.281,-0.053
82,83,0.216,0.288,-0.053
82,84,0.165,0.229,-0.059
82,85,0.245,0.32,-0.049
82,86,0.241,0.316,-0.049
82,87,0.192,0.26,-0.055
82,88,0.113,0.166,-0.067
82,89,0.151,0.212,-0.06
82,9,0.052,0.085,-0.068
82,90,0.181,0.247,-0.056
82,91,0.189,0.257,-0.055
82,92,0.147,0.207,-0.061
82,93,0.198,0.268,-0.054
82,94,0.096,0.144,-0.07
82,95,0.11,0.161,-0.067
82,96,0.179,0.245,-0.056
82,97,0.12,0.174,-0.065
82,98,0.126,0.182,-0.064
82,99,0.104,0.154,-0.068
83,10,0.042,0.071,-0.071
83,100,0.084,0.129,-0.072
83,101,0.158,0.22,-0.059
83,102,0.126,0.181,-0.064
83,103,0.07,0.11,-0.076
83,104,0.097,0.145,-0.07
83,105,0.153,0.214,-0.06
83,106,0.089,0.134,-0.071
83,107,0.12,0.174,-0.065
83,108,0.094,0.141,-0.07
83,109,0.099,0.147,-0.07
83,11,0.019,0.035,-0.082
83,110,0.071,0.111,-0.076
83,111,0.063,0.101,-0.079
83,112,0.068,0.106,-0.077
83,113,0.047,0.077,-0.085
83,114,0.059,0.094,-0.081
83,115,0.05,0.082,-0.084
83,116,0.032,0.055,-0.092
83,117,0.048,0.079,-0.085
83,118,0.038,0.064,-0.09
83,119,0.015,0.029,-0.105
83,12,0.105,0.156,-0.056
83,120,0.028,0.05,-0.096
83,121,0.021,0.039,-0.1
83,122,0.041,0.069,-0.089
83,123,0.018,0.035,-0.103
83,124,0.021,0.039,-0.101
83,125,0.023,0.042,-0.1
83,126,0.016,0.03,-0.107
83,127,0.015,0.029,-0.107
83,128,0.025,0.045,-0.099
83,129,0.018,0.034,-0.105
83,13,0.035,0.06,-0.072
83,130,0.02,0.037,-0.104
83,131,0.016,0.031,-0.106
83,132,0.023,0.042,-0.101
83,133,0.021,0.039,-0.102
83,134,0.023,0.043,-0.1
83,135,0.013,0.025,-0.109
83,136,0.016,0.031,-0.106
83,137,0.021,0.04,-0.101
83,138,0.01,0.021,-0.112
83,139,0.011,0.023,-0.111
83,14,0.035,0.061,-0.072
83,140,0.011,0.023,-0.11
83,141,0.013,0.025,-0.109
83,142,0.017,0.033,-0.103
83,143,0.007,0.014,-0.118
83,144,0.005,0.011,-0.122
83,145,0.011,0.023,-0.11
83,146,0.013,0.027,-0.107
83,147,0.015,0.029,-0.105
83,148,0.01,0.021,-0.111
83,149,0.012,0.025,-0.108
83,15,0.019,0.035,-0.08
83,150,0.02,0.037,-0.101
83,151,0.032,0.056,-0.093
83,152,0.057,0.092,-0.083
83,153,0.06,0.097,-0.082
83,154,0.044,0.074,-0.088
83,155,0.086,0.131,-0.075
83,156,0.075,0.116,-0.078
83,157,0.049,0.08,-0.086
83,158,0.085,0.129,-0.076
83,159,0.068,0.106,-0.08
83,16,0.133,0.19,-0.051
83,160,0.107,0.158,-0.071
83,161,0.086,0.131,-0.076
83,162,0.08,0.123,-0.078
83,163,0.158,0.221,-0.063
83,164,0.147,0.207,-0.065
83,165,0.192,0.26,-0.059
83,166,0.252,0.328,-0.052
83,167,0.265,0.342,-0.05
83,168,0.251,0.327,-0.052
83,169,0.279,0.357,-0.049
83,17,0.086,0.131,-0.058
83,170,0.399,0.483,-0.038
83,171,0.397,0.481,-0.039
83,172,0.416,0.499,-0.037
83,173,0.414,0.498,-0.038
83,174,0.38,0.463,-0.041
83,175,0.402,0.486,-0.039
83,176,0.474,0.556,-0.033
83,177,0.577,0.653,-0.026
83,178,0.504,0.585,-0.031
83,179,0.641,0.711,-0.022
83,18,0.153,0.214,-0.049
83,180,0.511,0.592,-0.031
83,181,0.509,0.589,-0.031
83,182,0.55,0.628,-0.028
83,183,0.7,0.762,-0.018
83,184,0.495,0.576,-0.032
83,185,0.579,0.655,-0.026
83,186,0.408,0.491,-0.038
83,187,0.444,0.527,-0.036
83,188,0.44,0.523,-0.036
83,189,0.463,0.546,-0.034
83,19,0.123,0.178,-0.053
83,190,0.342,0.424,-0.044
83,191,0.509,0.59,-0.031
83,192,0.393,0.476,-0.039
83,193,0.398,0.481,-0.039
83,194,0.342,0.424,-0.044
83,195,0.321,0.402,-0.045
83,196,0.262,0.339,-0.051
83,197,0.361,0.444,-0.042
83,198,0.496,0.577,-0.031
83,199,0.412,0.495,-0.037
83,20,0.071,0.111,-0.062
83,200,0.536,0.615,-0.028
83,201,0.375,0.458,-0.04
83,202,0.314,0.395,-0.046
83,203,0.216,0.287,-0.056
83,204,0.331,0.412,-0.044
83,205,0.308,0.388,-0.046
83,206,0.331,0.413,-0.044
83,207,0.464,0.546,-0.033
83,208,0.565,0.642,-0.026
83,209,0.646,0.714,-0.021
83,21,0.176,0.242,-0.046
83,210,0.536,0.615,-0.028
83,211,0.498,0.579,-0.031
83,212,0.578,0.654,-0.025
83,213,0.553,0.631,-0.027
83,214,0.575,0.651,-0.025
83,215,0.548,0.626,-0.027
83,216,0.508,0.589,-0.03
83,217,0.56,0.638,-0.027
83,218,0.401,0.484,-0.038
83,219,0.406,0.489,-0.038
83,22,0.166,0.229,-0.048
83,220,0.47,0.552,-0.033
83,221,0.584,0.659,-0.025
83,222,0.463,0.546,-0.034
83,223,0.572,0.648,-0.026
83,224,0.429,0.512,-0.037
83,225,0.352,0.434,-0.044
83,226,0.369,0.452,-0.043
83,227,0.383,0.466,-0.042
83,228,0.415,0.498,-0.039
83,229,0.501,0.582,-0.033
83,23,0.087,0.132,-0.059
83,230,0.544,0.623,-0.03
83,231,0.502,0.583,-0.033
83,232,0.402,0.485,-0.042
83,233,0.494,0.575,-0.035
83,234,0.432,0.515,-0.04
83,235,0.391,0.474,-0.044
83,236,0.509,0.59,-0.035
83,237,0.426,0.509,-0.042
83,238,0.277,0.355,-0.059
83,239,0.345,0.427,-0.052
83,24,0.095,0.142,-0.058
83,240,0.455,0.538,-0.041
83,241,0.527,0.607,-0.036
83,242,0.353,0.435,-0.053
83,243,0.376,0.459,-0.051
83,244,0.285,0.363,-0.063
83,245,0.285,0.363,-0.064
83,246,0.351,0.434,-0.057
83,247,0.29,0.369,-0.065
83,248,0.326,0.407,-0.062
83,249,0.342,0.424,-0.06
83,25,0.11,0.161,-0.055
83,250,0.244,0.319,-0.075
83,251,0.31,0.39,-0.066
83,26,0.097,0.145,-0.058
83,27,0.142,0.201,-0.051
83,28,0.122,0.177,-0.054
83,29,0.074,0.115,-0.063
83,30,0.062,0.099,-0.066
83,31,0.076,0.118,-0.063
83,32,0.048,0.08,-0.07
83,33,0.07,0.11,-0.065
83,34,0.15,0.21,-0.052
83,35,0.127,0.183,-0.055
83,36,0.165,0.228,-0.05
83,37,0.121,0.175,-0.056
83,38,0.169,0.233,-0.05
83,39,0.109,0.16,-0.059
83,40,0.127,0.183,-0.056
83,41,0.141,0.2,-0.054
83,42,0.149,0.21,-0.053
83,43,0.093,0.139,-0.062
83,44,0.117,0.171,-0.058
83,45,0.165,0.229,-0.052
83,46,0.11,0.162,-0.06
83,47,0.134,0.192,-0.057
83,48,0.079,0.122,-0.067
83,49,0.184,0.251,-0.051
83,50,0.157,0.219,-0.055
83,51,0.111,0.163,-0.062
83,52,0.139,0.197,-0.058
83,53,0.135,0.193,-0.059
83,54,0.195,0.264,-0.051
83,55,0.126,0.182,-0.061
83,56,0.154,0.215,-0.057
83,57,0.151,0.212,-0.058
83,58,0.252,0.328,-0.046
83,59,0.3,0.38,-0.042
83,6,0.035,0.06,-0.077
83,60,0.193,0.261,-0.053
83,61,0.299,0.379,-0.042
83,62,0.313,0.394,-0.041
83,63,0.355,0.437,-0.038
83,64,0.428,0.511,-0.033
83,65,0.434,0.517,-0.032
83,66,0.339,0.421,-0.04
83,67,0.35,0.432,-0.039
83,68,0.343,0.425,-0.04
83,69,0.35,0.432,-0.039
83,7,0.067,0.105,-0.066
83,70,0.327,0.408,-0.041
83,71,0.294,0.373,-0.044
83,72,0.356,0.439,-0.039
83,73,0.265,0.342,-0.047
83,74,0.182,0.249,-0.057
83,75,0.215,0.287,-0.053
83,76,0.276,0.354,-0.046
83,77,0.284,0.362,-0.046
83,78,0.217,0.289,-0.053
83,79,0.276,0.354,-0.047
83,8,0.034,0.059,-0.075
83,80,0.264,0.341,-0.048
83,81,0.252,0.328,-0.049
83,82,0.183,0.249,-0.057
83,83,0.292,0.372,-0.045
83,84,0.304,0.383,-0.044
83,85,0.225,0.298,-0.052
83,86,0.177,0.243,-0.058
83,87,0.158,0.22,-0.06
83,88,0.154,0.215,-0.061
83,89,0.186,0.254,-0.056
83,9,0.04,0.068,-0.072
83,90,0.188,0.255,-0.056
83,91,0.106,0.157,-0.068
83,92,0.141,0.2,-0.062
83,93,0.131,0.187,-0.064
83,94,0.065,0.103,-0.078
83,95,0.1,0.149,-0.069
83,96,0.129,0.186,-0.064
83,97,0.144,0.204,-0.061
83,98,0.061,0.098,-0.079
83,99,0.102,0.152,-0.069
84,10,0.065,0.103,-0.064
84,100,0.132,0.189,-0.064
84,101,0.119,0.173,-0.066
84,102,0.078,0.12,-0.074
84,103,0.057,0.092,-0.08
84,104,0.067,0.106,-0.077
84,105,0.058,0.094,-0.08
84,106,0.056,0.091,-0.081
84,107,0.061,0.098,-0.079
84,108,0.096,0.143,-0.07
84,109,0.055,0.089,-0.081
84,11,0.144,0.204,-0.05
84,110,0.033,0.058,-0.09
84,111,0.029,0.051,-0.093
84,112,0.037,0.064,-0.088
84,113,0.037,0.064,-0.089
84,114,0.066,0.105,-0.078
84,115,0.039,0.066,-0.088
84,116,0.038,0.066,-0.089
84,117,0.041,0.069,-0.088
84,118,0.052,0.085,-0.084
84,119,0.059,0.095,-0.082
84,12,0.156,0.217,-0.049
84,120,0.06,0.096,-0.082
84,121,0.039,0.066,-0.09
84,122,0.067,0.105,-0.08
84,123,0.047,0.077,-0.087
84,124,0.05,0.083,-0.086
84,125,0.045,0.075,-0.088
84,126,0.04,0.068,-0.09
84,127,0.024,0.044,-0.099
84,128,0.024,0.043,-0.099
84,129,0.024,0.044,-0.099
84,13,0.057,0.092,-0.065
84,130,0.034,0.06,-0.093
84,131,0.051,0.084,-0.086
84,132,0.045,0.075,-0.089
84,133,0.027,0.048,-0.098
84,134,0.03,0.053,-0.095
84,135,0.039,0.066,-0.091
84,136,0.025,0.045,-0.098
84,137,0.022,0.04,-0.101
84,138,0.014,0.028,-0.108
84,139,0.033,0.057,-0.093
84,14,0.122,0.177,-0.053
84,140,0.022,0.041,-0.1
84,141,0.016,0.031,-0.105
84,142,0.018,0.035,-0.103
84,143,0.027,0.049,-0.096
84,144,0.018,0.034,-0.103
84,145,0.017,0.032,-0.104
84,146,0.026,0.047,-0.097
84,147,0.025,0.045,-0.098
84,148,0.019,0.036,-0.102
84,149,0.014,0.028,-0.107
84,15,0.129,0.185,-0.052
84,150,0.017,0.033,-0.104
84,151,0.04,0.068,-0.09
84,152,0.053,0.086,-0.085
84,153,0.057,0.092,-0.083
84,154,0.083,0.127,-0.076
84,155,0.041,0.069,-0.09
84,156,0.041,0.069,-0.09
84,157,0.033,0.057,-0.095
84,158,0.06,0.096,-0.083
84,159,0.077,0.119,-0.079
84,16,0.202,0.271,-0.043
84,160,0.088,0.134,-0.076
84,161,0.077,0.119,-0.079
84,162,0.067,0.105,-0.082
84,163,0.071,0.111,-0.081
84,164,0.102,0.152,-0.074
84,165,0.081,0.124,-0.079
84,166,0.057,0.092,-0.086
84,167,0.096,0.144,-0.076
84,168,0.098,0.146,-0.076
84,169,0.088,0.134,-0.078
84,17,0.094,0.141,-0.057
84,170,0.116,0.169,-0.072
84,171,0.159,0.222,-0.065
84,172,0.159,0.221,-0.065
84,173,0.16,0.223,-0.065
84,174,0.172,0.237,-0.063
84,175,0.243,0.318,-0.054
84,176,0.366,0.448,-0.042
84,177,0.31,0.39,-0.047
84,178,0.308,0.388,-0.048
84,179,0.315,0.396,-0.047
84,18,0.101,0.151,-0.056
84,180,0.302,0.382,-0.048
84,181,0.331,0.412,-0.045
84,182,0.391,0.474,-0.04
84,183,0.34,0.422,-0.045
84,184,0.203,0.273,-0.06
84,185,0.201,0.271,-0.06
84,186,0.205,0.276,-0.059
84,187,0.403,0.487,-0.039
84,188,0.416,0.499,-0.038
84,189,0.319,0.399,-0.046
84,19,0.055,0.089,-0.065
84,190,0.356,0.439,-0.043
84,191,0.245,0.32,-0.054
84,192,0.399,0.482,-0.039
84,193,0.385,0.469,-0.04
84,194,0.422,0.505,-0.037
84,195,0.424,0.507,-0.037
84,196,0.434,0.517,-0.036
84,197,0.373,0.456,-0.041
84,198,0.252,0.327,-0.053
84,199,0.391,0.474,-0.039
84,20,0.04,0.068,-0.07
84,200,0.291,0.37,-0.048
84,201,0.279,0.357,-0.049
84,202,0.24,0.314,-0.053
84,203,0.248,0.323,-0.052
84,204,0.302,0.381,-0.047
84,205,0.407,0.49,-0.038
84,206,0.343,0.425,-0.043
84,207,0.325,0.406,-0.045
84,208,0.316,0.397,-0.045
84,209,0.25,0.325,-0.052
84,21,0.06,0.096,-0.064
84,210,0.271,0.348,-0.05
84,211,0.262,0.338,-0.051
84,212,0.291,0.371,-0.048
84,213,0.3,0.379,-0.047
84,214,0.283,0.361,-0.049
84,215,0.247,0.322,-0.053
84,216,0.288,0.367,-0.048
84,217,0.371,0.453,-0.041
84,218,0.345,0.427,-0.043
84,219,0.226,0.299,-0.056
84,22,0.178,0.244,-0.046
84,220,0.322,0.403,-0.046
84,221,0.303,0.382,-0.048
84,222,0.37,0.453,-0.042
84,223,0.331,0.413,-0.045
84,224,0.387,0.47,-0.041
84,225,0.44,0.523,-0.036
84,226,0.395,0.478,-0.041
84,227,0.436,0.519,-0.037
84,228,0.374,0.457,-0.043
84,229,0.549,0.627,-0.029
84,23,0.13,0.187,-0.051
84,230,0.506,0.586,-0.033
84,231,0.486,0.567,-0.035
84,232,0.52,0.6,-0.032
84,233,0.578,0.653,-0.028
84,234,0.436,0.519,-0.04
84,235,0.414,0.498,-0.043
84,236,0.568,0.644,-0.03
84,237,0.424,0.507,-0.043
84,238,0.424,0.508,-0.044
84,239,0.374,0.457,-0.049
84,24,0.102,0.151,-0.056
84,240,0.313,0.393,-0.057
84,241,0.283,0.362,-0.061
84,242,0.318,0.398,-0.058
84,243,0.306,0.387,-0.06
84,244,0.247,0.322,-0.069
84,245,0.198,0.267,-0.078
84,246,0.199,0.268,-0.079
84,247,0.155,0.217,-0.089
84,248,0.193,0.262,-0.082
84,249,0.199,0.269,-0.082
84,25,0.106,0.156,-0.056
84,250,0.183,0.25,-0.086
84,251,0.201,0.27,-0.084
84,26,0.167,0.231,-0.048
84,27,0.142,0.202,-0.051
84,28,0.127,0.183,-0.053
84,29,0.121,0.175,-0.054
84,30,0.173,0.238,-0.048
84,31,0.173,0.239,-0.048
84,32,0.088,0.133,-0.06
84,33,0.101,0.151,-0.058
84,34,0.145,0.205,-0.052
84,35,0.21,0.281,-0.045
84,36,0.116,0.169,-0.056
84,37,0.172,0.236,-0.049
84,38,0.062,0.099,-0.067
84,39,0.079,0.122,-0.063
84,40,0.107,0.158,-0.059
84,41,0.128,0.185,-0.056
84,42,0.109,0.16,-0.059
84,43,0.282,0.361,-0.04
84,44,0.148,0.208,-0.054
84,45,0.113,0.166,-0.059
84,46,0.065,0.103,-0.069
84,47,0.09,0.137,-0.064
84,48,0.107,0.158,-0.061
84,49,0.149,0.21,-0.055
84,50,0.173,0.238,-0.052
84,51,0.228,0.301,-0.047
84,52,0.142,0.201,-0.057
84,53,0.124,0.179,-0.06
84,54,0.185,0.252,-0.052
84,55,0.199,0.268,-0.051
84,56,0.176,0.241,-0.053
84,57,0.234,0.308,-0.047
84,58,0.308,0.389,-0.041
84,59,0.266,0.343,-0.045
84,60,0.353,0.435,-0.038
84,61,0.296,0.376,-0.042
84,62,0.299,0.378,-0.042
84,63,0.299,0.379,-0.043
84,64,0.282,0.36,-0.044
84,65,0.296,0.376,-0.043
84,66,0.3,0.38,-0.043
84,67,0.288,0.367,-0.044
84,68,0.302,0.382,-0.043
84,69,0.373,0.456,-0.037
84,7,0.098,0.147,-0.059
84,70,0.262,0.339,-0.047
84,71,0.297,0.377,-0.044
84,72,0.367,0.45,-0.038
84,73,0.131,0.187,-0.064
84,74,0.153,0.214,-0.061
84,75,0.267,0.344,-0.047
84,76,0.181,0.248,-0.057
84,77,0.175,0.24,-0.058
84,78,0.28,0.359,-0.046
84,79,0.36,0.442,-0.039
84,8,0.05,0.083,-0.069
84,80,0.243,0.318,-0.05
84,81,0.288,0.367,-0.046
84,82,0.32,0.401,-0.043
84,83,0.305,0.385,-0.044
84,84,0.236,0.31,-0.051
84,85,0.19,0.258,-0.056
84,86,0.258,0.335,-0.048
84,87,0.253,0.328,-0.049
84,88,0.147,0.207,-0.062
84,89,0.102,0.152,-0.07
84,9,0.14,0.199,-0.052
84,90,0.144,0.204,-0.062
84,91,0.113,0.166,-0.068
84,92,0.171,0.236,-0.058
84,93,0.143,0.202,-0.062
84,94,0.174,0.239,-0.058
84,95,0.134,0.191,-0.064
84,96,0.148,0.208,-0.061
84,97,0.133,0.19,-0.064
84,98,0.124,0.179,-0.065
84,99,0.23,0.303,-0.051
85,10,0.236,0.31,-0.041
85,100,0.264,0.341,-0.048
85,101,0.319,0.4,-0.042
85,102,0.207,0.277,-0.054
85,103,0.165,0.229,-0.059
85,104,0.171,0.236,-0.058
85,105,0.156,0.218,-0.06
85,106,0.285,0.363,-0.045
85,107,0.254,0.33,-0.048
85,108,0.199,0.268,-0.054
85,109,0.177,0.242,-0.057
85,11,0.174,0.239,-0.047
85,110,0.14,0.198,-0.063
85,111,0.116,0.169,-0.067
85,112,0.129,0.185,-0.065
85,113,0.093,0.139,-0.072
85,114,0.093,0.139,-0.072
85,115,0.086,0.131,-0.074
85,116,0.069,0.109,-0.078
85,117,0.079,0.121,-0.076
85,118,0.081,0.125,-0.075
85,119,0.057,0.092,-0.083
85,12,0.052,0.086,-0.067
85,120,0.072,0.113,-0.078
85,121,0.079,0.122,-0.076
85,122,0.048,0.08,-0.086
85,123,0.047,0.078,-0.087
85,124,0.058,0.093,-0.083
85,125,0.099,0.148,-0.072
85,126,0.103,0.153,-0.071
85,127,0.073,0.114,-0.078
85,128,0.062,0.098,-0.082
85,129,0.065,0.103,-0.081
85,13,0.093,0.14,-0.057
85,130,0.053,0.086,-0.085
85,131,0.052,0.084,-0.086
85,132,0.031,0.055,-0.095
85,133,0.029,0.051,-0.096
85,134,0.018,0.035,-0.104
85,135,0.01,0.021,-0.113
85,136,0.021,0.038,-0.102
85,137,0.026,0.047,-0.098
85,138,0.019,0.035,-0.103
85,139,0.011,0.023,-0.111
85,14,0.214,0.285,-0.042
85,140,0.011,0.022,-0.111
85,141,0.018,0.034,-0.104
85,142,0.006,0.014,-0.119
85,143,0.026,0.047,-0.098
85,144,0.026,0.047,-0.097
85,145,0.032,0.056,-0.094
85,146,0.055,0.089,-0.084
85,147,0.054,0.088,-0.084
85,148,0.065,0.103,-0.081
85,149,0.042,0.071,-0.089
85,15,0.189,0.257,-0.045
85,150,0.059,0.095,-0.083
85,151,0.057,0.092,-0.084
85,152,0.042,0.07,-0.09
85,153,0.055,0.09,-0.085
85,154,0.077,0.119,-0.079
85,155,0.065,0.103,-0.082
85,156,0.053,0.086,-0.086
85,157,0.088,0.134,-0.076
85,158,0.142,0.201,-0.066
85,159,0.131,0.187,-0.068
85,16,0.173,0.238,-0.046
85,160,0.073,0.114,-0.081
85,161,0.079,0.122,-0.079
85,162,0.119,0.173,-0.071
85,163,0.149,0.21,-0.066
85,164,0.181,0.248,-0.061
85,165,0.129,0.185,-0.069
85,166,0.151,0.212,-0.066
85,167,0.13,0.187,-0.069
85,168,0.163,0.226,-0.064
85,169,0.194,0.263,-0.06
85,17,0.227,0.3,-0.041
85,170,0.17,0.235,-0.063
85,171,0.21,0.28,-0.058
85,172,0.257,0.334,-0.053
85,173,0.245,0.32,-0.054
85,174,0.377,0.46,-0.041
85,175,0.358,0.441,-0.043
85,176,0.313,0.394,-0.047
85,177,0.239,0.313,-0.055
85,178,0.34,0.422,-0.045
85,179,0.433,0.516,-0.037
85,18,0.187,0.254,-0.045
85,180,0.594,0.668,-0.025
85,181,0.462,0.545,-0.034
85,182,0.422,0.506,-0.038
85,183,0.33,0.412,-0.046
85,184,0.3,0.379,-0.049
85,185,0.283,0.361,-0.05
85,186,0.357,0.44,-0.043
85,187,0.332,0.413,-0.045
85,188,0.252,0.328,-0.053
85,189,0.323,0.404,-0.046
85,19,0.236,0.31,-0.04
85,190,0.255,0.331,-0.053
85,191,0.305,0.385,-0.048
85,192,0.279,0.357,-0.05
85,193,0.361,0.443,-0.042
85,194,0.329,0.411,-0.045
85,195,0.311,0.391,-0.047
85,196,0.338,0.42,-0.044
85,197,0.266,0.343,-0.051
85,198,0.237,0.311,-0.054
85,199,0.268,0.345,-0.051
85,20,0.207,0.277,-0.043
85,200,0.326,0.408,-0.045
85,201,0.364,0.447,-0.041
85,202,0.348,0.431,-0.042
85,203,0.337,0.418,-0.043
85,204,0.35,0.432,-0.042
85,205,0.459,0.541,-0.034
85,206,0.341,0.423,-0.043
85,207,0.382,0.465,-0.04
85,208,0.38,0.463,-0.04
85,209,0.328,0.409,-0.044
85,21,0.239,0.313,-0.04
85,210,0.369,0.452,-0.041
85,211,0.291,0.37,-0.048
85,212,0.213,0.285,-0.056
85,213,0.385,0.468,-0.039
85,214,0.3,0.379,-0.047
85,215,0.299,0.379,-0.047
85,216,0.28,0.358,-0.049
85,217,0.328,0.409,-0.045
85,218,0.507,0.587,-0.031
85,219,0.517,0.597,-0.03
85,22,0.25,0.326,-0.039
85,220,0.417,0.5,-0.038
85,221,0.529,0.608,-0.029
85,222,0.592,0.666,-0.025
85,223,0.639,0.708,-0.022
85,224,0.53,0.61,-0.03
85,225,0.692,0.755,-0.019
85,226,0.632,0.702,-0.023
85,227,0.816,0.858,-0.011
85,228,0.642,0.711,-0.023
85,229,0.747,0.802,-0.016
85,23,0.232,0.306,-0.041
85,230,0.774,0.824,-0.014
85,231,0.587,0.662,-0.027
85,232,0.739,0.795,-0.017
85,233,0.639,0.708,-0.024
85,234,0.641,0.71,-0.024
85,235,0.684,0.748,-0.022
85,236,0.461,0.543,-0.039
85,237,0.444,0.527,-0.041
85,238,0.535,0.614,-0.034
85,239,0.403,0.486,-0.047
85,24,0.176,0.242,-0.047
85,240,0.375,0.458,-0.05
85,241,0.356,0.438,-0.053
85,242,0.237,0.311,-0.069
85,243,0.302,0.382,-0.061
85,244,0.292,0.372,-0.063
85,245,0.381,0.464,-0.053
85,246,0.287,0.365,-0.066
85,247,0.303,0.383,-0.065
85,248,0.274,0.352,-0.069
85,249,0.247,0.323,-0.075
85,25,0.127,0.183,-0.053
85,250,0.351,0.434,-0.061
85,251,0.284,0.363,-0.071
85,26,0.19,0.258,-0.045
85,27,0.113,0.165,-0.055
85,28,0.064,0.101,-0.064
85,29,0.057,0.093,-0.066
85,30,0.075,0.116,-0.062
85,31,0.132,0.189,-0.053
85,32,0.074,0.115,-0.063
85,33,0.031,0.055,-0.076
85,34,0.027,0.048,-0.079
85,35,0.092,0.138,-0.06
85,36,0.105,0.155,-0.058
85,37,0.121,0.176,-0.055
85,38,0.093,0.141,-0.06
85,39,0.086,0.131,-0.062
85,40,0.157,0.219,-0.051
85,41,0.103,0.153,-0.059
85,42,0.084,0.129,-0.063
85,43,0.158,0.22,-0.052
85,44,0.209,0.28,-0.046
85,45,0.191,0.259,-0.048
85,46,0.195,0.264,-0.048
85,47,0.239,0.313,-0.044
85,48,0.246,0.322,-0.044
85,49,0.176,0.242,-0.051
85,50,0.209,0.28,-0.048
85,51,0.308,0.388,-0.039
85,52,0.26,0.336,-0.043
85,53,0.232,0.306,-0.046
85,54,0.304,0.383,-0.04
85,55,0.419,0.502,-0.032
85,56,0.376,0.459,-0.035
85,57,0.398,0.481,-0.034
85,58,0.387,0.47,-0.034
85,59,0.534,0.613,-0.025
85,6,0.125,0.18,-0.056
85,60,0.367,0.449,-0.036
85,61,0.473,0.555,-0.029
85,62,0.593,0.667,-0.022
85,63,0.369,0.451,-0.037
85,64,0.531,0.61,-0.026
85,65,0.446,0.529,-0.031
85,66,0.471,0.553,-0.03
85,67,0.384,0.467,-0.036
85,68,0.351,0.433,-0.039
85,69,0.443,0.526,-0.032
85,7,0.058,0.093,-0.068
85,70,0.34,0.422,-0.04
85,71,0.336,0.418,-0.04
85,72,0.234,0.308,-0.05
85,73,0.378,0.461,-0.037
85,74,0.24,0.314,-0.05
85,75,0.179,0.245,-0.057
85,76,0.181,0.248,-0.057
85,77,0.254,0.33,-0.049
85,78,0.247,0.323,-0.05
85,79,0.28,0.359,-0.046
85,8,0.065,0.102,-0.065
85,80,0.31,0.39,-0.044
85,81,0.263,0.34,-0.048
85,82,0.238,0.312,-0.051
85,83,0.205,0.275,-0.055
85,84,0.264,0.341,-0.048
85,85,0.217,0.289,-0.053
85,86,0.173,0.239,-0.059
85,87,0.173,0.239,-0.059
85,88,0.267,0.345,-0.048
85,89,0.379,0.462,-0.038
85,9,0.155,0.217,-0.05
85,90,0.306,0.387,-0.044
85,91,0.3,0.38,-0.045
85,92,0.22,0.293,-0.053
85,93,0.273,0.351,-0.047
85,94,0.339,0.421,-0.041
85,95,0.309,0.39,-0.043
85,96,0.326,0.407,-0.042
85,97,0.276,0.354,-0.046
85,98,0.157,0.219,-0.06
85,99,0.193,0.261,-0.056
86,10,0.122,0.177,-0.054
86,100,0.137,0.195,-0.064
86,101,0.144,0.204,-0.063
86,102,0.165,0.228,-0.06
86,103,0.136,0.194,-0.064
86,104,0.131,0.187,-0.065
86,105,0.16,0.223,-0.06
86,106,0.303,0.383,-0.044
86,107,0.235,0.308,-0.051
86,108,0.109,0.161,-0.069
86,109,0.108,0.159,-0.069
86,11,0.185,0.252,-0.046
86,110,0.181,0.248,-0.058
86,111,0.195,0.264,-0.056
86,112,0.129,0.186,-0.065
86,113,0.112,0.164,-0.069
86,114,0.087,0.132,-0.074
86,115,0.111,0.163,-0.069
86,116,0.106,0.157,-0.07
86,117,0.125,0.18,-0.067
86,118,0.061,0.097,-0.081
86,119,0.049,0.081,-0.086
86,12,0.075,0.116,-0.061
86,120,0.04,0.068,-0.09
86,121,0.032,0.056,-0.094
86,122,0.047,0.078,-0.087
86,123,0.051,0.084,-0.085
86,124,0.041,0.069,-0.09
86,125,0.035,0.06,-0.093
86,126,0.037,0.064,-0.091
86,127,0.045,0.075,-0.088
86,128,0.027,0.048,-0.097
86,129,0.02,0.037,-0.102
86,13,0.208,0.279,-0.043
86,130,0.039,0.067,-0.091
86,131,0.035,0.06,-0.093
86,132,0.027,0.048,-0.098
86,133,0.015,0.03,-0.107
86,134,0.013,0.026,-0.11
86,135,0.014,0.028,-0.108
86,136,0.01,0.02,-0.115
86,137,0.01,0.021,-0.114
86,138,0.021,0.04,-0.102
86,139,0.016,0.032,-0.106
86,14,0.122,0.177,-0.053
86,140,0.015,0.029,-0.107
86,141,0.023,0.042,-0.1
86,142,0.037,0.063,-0.092
86,143,0.026,0.047,-0.098
86,144,0.028,0.05,-0.097
86,145,0.039,0.066,-0.092
86,146,0.042,0.071,-0.09
86,147,0.044,0.074,-0.089
86,148,0.052,0.085,-0.086
86,149,0.038,0.066,-0.092
86,15,0.075,0.117,-0.061
86,150,0.033,0.058,-0.095
86,151,0.044,0.074,-0.09
86,152,0.037,0.063,-0.093
86,153,0.043,0.072,-0.091
86,154,0.043,0.072,-0.091
86,155,0.043,0.072,-0.091
86,156,0.037,0.064,-0.094
86,157,0.081,0.124,-0.079
86,158,0.09,0.136,-0.077
86,159,0.088,0.134,-0.077
86,16,0.181,0.247,-0.046
86,160,0.086,0.131,-0.078
86,161,0.126,0.182,-0.07
86,162,0.078,0.121,-0.081
86,163,0.103,0.153,-0.075
86,164,0.166,0.23,-0.064
86,165,0.16,0.222,-0.065
86,166,0.144,0.203,-0.067
86,167,0.23,0.303,-0.056
86,168,0.35,0.433,-0.043
86,169,0.288,0.366,-0.049
86,17,0.196,0.264,-0.044
86,170,0.235,0.309,-0.055
86,171,0.221,0.294,-0.057
86,172,0.205,0.275,-0.059
86,173,0.239,0.313,-0.055
86,174,0.364,0.447,-0.042
86,175,0.368,0.451,-0.042
86,176,0.341,0.423,-0.045
86,177,0.267,0.344,-0.052
86,178,0.325,0.406,-0.046
86,179,0.312,0.392,-0.047
86,18,0.202,0.272,-0.044
86,180,0.385,0.468,-0.041
86,181,0.294,0.373,-0.049
86,182,0.334,0.415,-0.046
86,183,0.325,0.407,-0.046
86,184,0.293,0.372,-0.049
86,185,0.329,0.411,-0.046
86,186,0.369,0.451,-0.042
86,187,0.35,0.432,-0.044
86,188,0.283,0.362,-0.05
86,189,0.487,0.569,-0.032
86,19,0.167,0.231,-0.047
86,190,0.472,0.554,-0.033
86,191,0.52,0.6,-0.03
86,192,0.731,0.788,-0.016
86,193,0.537,0.616,-0.028
86,194,0.564,0.641,-0.027
86,195,0.613,0.685,-0.023
86,196,0.726,0.784,-0.016
86,197,0.8,0.845,-0.012
86,198,0.541,0.62,-0.028
86,199,0.416,0.5,-0.037
86,20,0.358,0.44,-0.031
86,200,0.354,0.436,-0.042
86,201,0.322,0.403,-0.045
86,202,0.315,0.396,-0.045
86,203,0.362,0.444,-0.041
86,204,0.394,0.477,-0.038
86,205,0.416,0.5,-0.037
86,206,0.312,0.392,-0.046
86,207,0.22,0.292,-0.055
86,208,0.298,0.378,-0.047
86,209,0.281,0.359,-0.049
86,21,0.404,0.488,-0.029
86,210,0.305,0.385,-0.046
86,211,0.336,0.418,-0.043
86,212,0.274,0.351,-0.05
86,213,0.266,0.343,-0.05
86,214,0.227,0.3,-0.055
86,215,0.224,0.297,-0.055
86,216,0.301,0.38,-0.047
86,217,0.279,0.358,-0.05
86,218,0.294,0.373,-0.048
86,219,0.304,0.384,-0.048
86,22,0.314,0.395,-0.035
86,220,0.313,0.393,-0.047
86,221,0.262,0.339,-0.052
86,222,0.277,0.355,-0.051
86,223,0.36,0.443,-0.043
86,224,0.503,0.584,-0.032
86,225,0.486,0.568,-0.034
86,226,0.515,0.595,-0.032
86,227,0.344,0.426,-0.046
86,228,0.502,0.583,-0.033
86,229,0.602,0.675,-0.026
86,23,0.229,0.302,-0.041
86,230,0.705,0.766,-0.019
86,231,0.781,0.829,-0.014
86,232,0.566,0.643,-0.03
86,233,0.821,0.862,-0.012
86,234,0.553,0.631,-0.031
86,235,0.612,0.684,-0.027
86,236,0.484,0.565,-0.038
86,237,0.623,0.694,-0.027
86,238,0.546,0.624,-0.034
86,239,0.46,0.542,-0.042
86,24,0.22,0.292,-0.042
86,240,0.427,0.51,-0.046
86,241,0.475,0.557,-0.042
86,242,0.346,0.428,-0.056
86,243,0.36,0.442,-0.055
86,244,0.33,0.412,-0.059
86,245,0.463,0.545,-0.045
86,246,0.341,0.423,-0.059
86,247,0.217,0.289,-0.078
86,248,0.275,0.353,-0.07
86,249,0.276,0.354,-0.071
86,25,0.282,0.361,-0.037
86,250,0.315,0.395,-0.066
86,251,0.235,0.309,-0.079
86,26,0.346,0.429,-0.033
86,27,0.124,0.179,-0.053
86,28,0.218,0.289,-0.043
86,29,0.32,0.4,-0.035
86,30,0.208,0.279,-0.044
86,31,0.147,0.207,-0.051
86,32,0.159,0.222,-0.049
86,33,0.202,0.272,-0.045
86,34,0.401,0.484,-0.03
86,35,0.27,0.347,-0.039
86,36,0.261,0.338,-0.04
86,37,0.295,0.374,-0.037
86,38,0.172,0.237,-0.049
86,39,0.227,0.3,-0.043
86,40,0.156,0.218,-0.051
86,41,0.209,0.28,-0.045
86,42,0.215,0.286,-0.045
86,43,0.243,0.318,-0.043
86,44,0.224,0.297,-0.045
86,45,0.25,0.325,-0.043
86,46,0.269,0.346,-0.041
86,47,0.269,0.346,-0.041
86,48,0.232,0.306,-0.045
86,49,0.211,0.282,-0.047
86,50,0.198,0.267,-0.049
86,51,0.233,0.306,-0.046
86,52,0.136,0.194,-0.057
86,53,0.245,0.32,-0.045
86,54,0.228,0.301,-0.047
86,55,0.275,0.353,-0.042
86,56,0.302,0.382,-0.04
86,57,0.21,0.281,-0.049
86,58,0.341,0.422,-0.038
86,59,0.326,0.407,-0.039
86,60,0.379,0.462,-0.035
86,61,0.359,0.441,-0.037
86,62,0.334,0.416,-0.039
86,63,0.345,0.427,-0.038
86,64,0.487,0.568,-0.028
86,65,0.251,0.326,-0.047
86,66,0.229,0.302,-0.05
86,67,0.255,0.331,-0.047
86,68,0.384,0.467,-0.036
86,69,0.227,0.299,-0.05
86,7,0.099,0.148,-0.059
86,70,0.113,0.165,-0.066
86,71,0.144,0.204,-0.061
86,72,0.332,0.413,-0.041
86,73,0.257,0.333,-0.048
86,74,0.165,0.229,-0.059
86,75,0.162,0.225,-0.059
86,76,0.24,0.314,-0.05
86,77,0.254,0.33,-0.049
86,78,0.306,0.387,-0.044
86,79,0.243,0.318,-0.05
86,8,0.097,0.145,-0.059
86,80,0.277,0.355,-0.047
86,81,0.3,0.38,-0.045
86,82,0.246,0.322,-0.05
86,83,0.125,0.18,-0.066
86,84,0.251,0.326,-0.05
86,85,0.202,0.272,-0.055
86,86,0.278,0.356,-0.047
86,87,0.318,0.399,-0.043
86,88,0.137,0.195,-0.065
86,89,0.189,0.257,-0.057
86,9,0.106,0.157,-0.057
86,90,0.186,0.253,-0.057
86,91,0.167,0.231,-0.06
86,92,0.212,0.283,-0.054
86,93,0.176,0.242,-0.059
86,94,0.178,0.244,-0.058
86,95,0.139,0.198,-0.064
86,96,0.136,0.194,-0.064
86,97,0.116,0.169,-0.068
86,98,0.176,0.241,-0.058
86,99,0.201,0.27,-0.055
87,10,0.064,0.101,-0.064
87,100,0.214,0.285,-0.054
87,101,0.213,0.284,-0.054
87,102,0.202,0.272,-0.056
87,103,0.173,0.238,-0.059
87,104,0.176,0.242,-0.059
87,105,0.139,0.197,-0.064
87,106,0.151,0.212,-0.062
87,107,0.102,0.152,-0.071
87,108,0.091,0.137,-0.074
87,109,0.118,0.172,-0.068
87,11,0.129,0.185,-0.052
87,110,0.215,0.287,-0.054
87,111,0.188,0.256,-0.057
87,112,0.202,0.271,-0.056
87,113,0.193,0.262,-0.057
87,114,0.098,0.146,-0.072
87,115,0.121,0.175,-0.068
87,116,0.154,0.216,-0.062
87,117,0.145,0.205,-0.064
87,118,0.154,0.216,-0.063
87,119,0.095,0.142,-0.073
87,12,0.172,0.237,-0.047
87,120,0.097,0.146,-0.073
87,121,0.073,0.113,-0.079
87,122,0.094,0.141,-0.074
87,123,0.071,0.111,-0.079
87,124,0.082,0.126,-0.077
87,125,0.029,0.052,-0.096
87,126,0.035,0.06,-0.093
87,127,0.034,0.059,-0.094
87,128,0.07,0.109,-0.08
87,129,0.04,0.068,-0.091
87,13,0.35,0.432,-0.032
87,130,0.037,0.064,-0.092
87,131,0.033,0.057,-0.095
87,132,0.027,0.048,-0.098
87,133,0.034,0.059,-0.094
87,134,0.035,0.061,-0.093
87,135,0.064,0.102,-0.082
87,136,0.04,0.067,-0.092
87,137,0.045,0.075,-0.089
87,138,0.037,0.064,-0.093
87,139,0.041,0.069,-0.091
87,14,0.32,0.4,-0.034
87,140,0.027,0.048,-0.098
87,141,0.017,0.033,-0.106
87,142,0.017,0.032,-0.106
87,143,0.013,0.026,-0.11
87,144,0.025,0.045,-0.1
87,145,0.009,0.018,-0.117
87,146,0.016,0.031,-0.107
87,147,0.019,0.037,-0.105
87,148,0.027,0.049,-0.099
87,149,0.025,0.045,-0.1
87,15,0.1,0.149,-0.056
87,150,0.032,0.057,-0.096
87,151,0.045,0.075,-0.09
87,152,0.041,0.07,-0.092
87,153,0.047,0.078,-0.09
87,154,0.041,0.07,-0.092
87,155,0.053,0.086,-0.088
87,156,0.06,0.096,-0.085
87,157,0.076,0.118,-0.081
87,158,0.066,0.105,-0.084
87,159,0.081,0.125,-0.08
87,16,0.25,0.325,-0.039
87,160,0.073,0.114,-0.082
87,161,0.112,0.164,-0.073
87,162,0.126,0.181,-0.071
87,163,0.087,0.132,-0.079
87,164,0.157,0.219,-0.066
87,165,0.123,0.178,-0.072
87,166,0.094,0.141,-0.078
87,167,0.123,0.178,-0.072
87,168,0.138,0.196,-0.069
87,169,0.093,0.14,-0.079
87,17,0.171,0.236,-0.046
87,170,0.144,0.204,-0.069
87,171,0.221,0.293,-0.058
87,172,0.249,0.325,-0.054
87,173,0.22,0.293,-0.058
87,174,0.232,0.306,-0.056
87,175,0.239,0.314,-0.055
87,176,0.235,0.309,-0.056
87,177,0.265,0.343,-0.052
87,178,0.201,0.271,-0.06
87,179,0.265,0.342,-0.052
87,18,0.354,0.436,-0.031
87,180,0.302,0.382,-0.048
87,181,0.274,0.352,-0.051
87,182,0.337,0.419,-0.045
87,183,0.457,0.539,-0.035
87,184,0.303,0.382,-0.048
87,185,0.248,0.323,-0.054
87,186,0.261,0.338,-0.052
87,187,0.246,0.321,-0.054
87,188,0.269,0.346,-0.051
87,189,0.318,0.399,-0.046
87,19,0.315,0.396,-0.034
87,190,0.373,0.456,-0.041
87,191,0.268,0.345,-0.051
87,192,0.362,0.445,-0.042
87,193,0.327,0.408,-0.045
87,194,0.451,0.534,-0.035
87,195,0.469,0.551,-0.033
87,196,0.536,0.615,-0.028
87,197,0.519,0.599,-0.029
87,198,0.467,0.55,-0.033
87,199,0.376,0.458,-0.04
87,20,0.212,0.283,-0.042
87,200,0.33,0.412,-0.044
87,201,0.34,0.421,-0.043
87,202,0.33,0.411,-0.044
87,203,0.315,0.396,-0.045
87,204,0.377,0.46,-0.04
87,205,0.543,0.621,-0.027
87,206,0.455,0.538,-0.034
87,207,0.379,0.462,-0.04
87,208,0.311,0.392,-0.046
87,209,0.19,0.258,-0.059
87,21,0.305,0.385,-0.035
87,210,0.29,0.369,-0.048
87,211,0.233,0.307,-0.054
87,212,0.196,0.265,-0.058
87,213,0.236,0.31,-0.054
87,214,0.188,0.255,-0.06
87,215,0.198,0.267,-0.059
87,216,0.316,0.397,-0.046
87,217,0.247,0.322,-0.053
87,218,0.327,0.409,-0.045
87,219,0.232,0.306,-0.056
87,22,0.482,0.564,-0.024
87,220,0.39,0.473,-0.04
87,221,0.458,0.541,-0.035
87,222,0.562,0.639,-0.028
87,223,0.49,0.572,-0.033
87,224,0.467,0.549,-0.035
87,225,0.496,0.577,-0.033
87,226,0.333,0.415,-0.048
87,227,0.534,0.613,-0.031
87,228,0.604,0.677,-0.026
87,229,0.471,0.553,-0.037
87,23,0.224,0.296,-0.042
87,230,0.535,0.614,-0.032
87,231,0.546,0.625,-0.031
87,232,0.528,0.608,-0.033
87,233,0.579,0.655,-0.029
87,234,0.519,0.599,-0.035
87,235,0.481,0.562,-0.038
87,236,0.526,0.606,-0.035
87,237,0.593,0.668,-0.03
87,238,0.49,0.571,-0.039
87,239,0.502,0.583,-0.038
87,24,0.137,0.195,-0.051
87,240,0.609,0.682,-0.03
87,241,0.471,0.553,-0.042
87,242,0.601,0.675,-0.031
87,243,0.543,0.622,-0.037
87,244,0.437,0.52,-0.048
87,245,0.532,0.612,-0.039
87,246,0.446,0.529,-0.048
87,247,0.472,0.554,-0.046
87,248,0.43,0.513,-0.051
87,249,0.401,0.484,-0.055
87,25,0.062,0.099,-0.064
87,250,0.497,0.578,-0.045
87,251,0.448,0.531,-0.051
87,26,0.105,0.155,-0.056
87,27,0.07,0.11,-0.062
87,28,0.089,0.135,-0.059
87,29,0.048,0.079,-0.069
87,30,0.036,0.062,-0.073
87,31,0.087,0.132,-0.06
87,32,0.087,0.133,-0.06
87,33,0.094,0.141,-0.059
87,34,0.13,0.187,-0.053
87,35,0.111,0.163,-0.056
87,36,0.066,0.104,-0.065
87,37,0.098,0.147,-0.059
87,38,0.126,0.182,-0.055
87,39,0.091,0.137,-0.061
87,40,0.093,0.14,-0.06
87,41,0.098,0.147,-0.06
87,42,0.151,0.212,-0.052
87,43,0.115,0.168,-0.058
87,44,0.129,0.185,-0.056
87,45,0.176,0.242,-0.05
87,46,0.161,0.224,-0.052
87,47,0.14,0.199,-0.055
87,48,0.211,0.282,-0.047
87,49,0.27,0.348,-0.041
87,50,0.171,0.236,-0.052
87,51,0.262,0.339,-0.043
87,52,0.315,0.396,-0.038
87,53,0.276,0.354,-0.042
87,54,0.192,0.261,-0.05
87,55,0.119,0.173,-0.061
87,56,0.096,0.144,-0.065
87,57,0.15,0.21,-0.057
87,58,0.186,0.253,-0.052
87,59,0.134,0.192,-0.06
87,60,0.184,0.251,-0.053
87,61,0.147,0.207,-0.058
87,62,0.18,0.246,-0.054
87,63,0.227,0.3,-0.049
87,64,0.166,0.23,-0.056
87,65,0.162,0.225,-0.057
87,66,0.175,0.24,-0.056
87,67,0.087,0.132,-0.07
87,68,0.106,0.157,-0.067
87,69,0.158,0.22,-0.059
87,7,0.136,0.193,-0.053
87,70,0.195,0.263,-0.054
87,71,0.144,0.204,-0.061
87,72,0.072,0.113,-0.076
87,73,0.116,0.169,-0.067
87,74,0.124,0.179,-0.065
87,75,0.094,0.141,-0.071
87,76,0.076,0.117,-0.076
87,77,0.069,0.109,-0.078
87,78,0.097,0.145,-0.071
87,79,0.183,0.25,-0.057
87,8,0.141,0.2,-0.052
87,80,0.204,0.274,-0.055
87,81,0.164,0.228,-0.06
87,82,0.104,0.154,-0.071
87,83,0.136,0.194,-0.065
87,84,0.163,0.226,-0.061
87,85,0.214,0.286,-0.054
87,86,0.109,0.16,-0.07
87,87,0.147,0.208,-0.063
87,88,0.124,0.18,-0.067
87,89,0.073,0.113,-0.079
87,9,0.105,0.155,-0.056
87,90,0.086,0.13,-0.075
87,91,0.099,0.148,-0.072
87,92,0.177,0.243,-0.059
87,93,0.221,0.294,-0.053
87,94,0.171,0.236,-0.06
87,95,0.112,0.164,-0.069
87,96,0.205,0.275,-0.055
87,97,0.222,0.294,-0.053
87,98,0.167,0.231,-0.06
87,99,0.162,0.225,-0.061
88,10,0.038,0.065,-0.072
88,100,0.155,0.217,-0.062
88,101,0.158,0.22,-0.062
88,102,0.143,0.202,-0.065
88,103,0.172,0.237,-0.06
88,104,0.168,0.232,-0.061
88,105,0.17,0.235,-0.06
88,106,0.152,0.213,-0.063
88,107,0.074,0.115,-0.079
88,108,0.15,0.211,-0.063
88,109,0.119,0.173,-0.069
88,11,0.111,0.162,-0.056
88,110,0.157,0.219,-0.062
88,111,0.135,0.193,-0.066
88,112,0.141,0.2,-0.065
88,113,0.113,0.165,-0.07
88,114,0.074,0.115,-0.079
88,115,0.113,0.165,-0.07
88,116,0.151,0.211,-0.063
88,117,0.145,0.205,-0.065
88,118,0.081,0.125,-0.077
88,119,0.142,0.202,-0.065
88,12,0.138,0.197,-0.051
88,120,0.103,0.153,-0.073
88,121,0.142,0.201,-0.066
88,122,0.095,0.142,-0.075
88,123,0.106,0.156,-0.072
88,124,0.088,0.134,-0.076
88,125,0.066,0.104,-0.082
88,126,0.09,0.136,-0.076
88,127,0.072,0.113,-0.08
88,128,0.065,0.103,-0.082
88,129,0.063,0.1,-0.083
88,13,0.279,0.357,-0.037
88,130,0.09,0.136,-0.076
88,131,0.073,0.113,-0.08
88,132,0.054,0.088,-0.086
88,133,0.042,0.071,-0.091
88,134,0.025,0.046,-0.1
88,135,0.04,0.068,-0.092
88,136,0.045,0.075,-0.09
88,137,0.035,0.061,-0.095
88,138,0.029,0.052,-0.098
88,139,0.043,0.072,-0.091
88,14,0.125,0.18,-0.053
88,140,0.029,0.051,-0.098
88,141,0.033,0.058,-0.096
88,142,0.014,0.027,-0.111
88,143,0.023,0.042,-0.103
88,144,0.026,0.047,-0.1
88,145,0.026,0.047,-0.101
88,146,0.032,0.056,-0.097
88,147,0.026,0.046,-0.101
88,148,0.025,0.045,-0.102
88,149,0.024,0.044,-0.102
88,15,0.072,0.113,-0.061
88,150,0.033,0.058,-0.096
88,151,0.036,0.062,-0.095
88,152,0.042,0.071,-0.093
88,153,0.051,0.084,-0.089
88,154,0.086,0.131,-0.079
88,155,0.12,0.174,-0.071
88,156,0.125,0.181,-0.071
88,157,0.058,0.094,-0.087
88,158,0.06,0.096,-0.087
88,159,0.057,0.092,-0.088
88,16,0.165,0.228,-0.047
88,160,0.056,0.091,-0.088
88,161,0.089,0.135,-0.079
88,162,0.094,0.141,-0.078
88,163,0.079,0.122,-0.082
88,164,0.144,0.204,-0.068
88,165,0.063,0.1,-0.087
88,166,0.101,0.15,-0.077
88,167,0.126,0.181,-0.072
88,168,0.13,0.186,-0.071
88,169,0.126,0.181,-0.072
88,17,0.113,0.165,-0.054
88,170,0.124,0.179,-0.073
88,171,0.255,0.331,-0.054
88,172,0.156,0.217,-0.067
88,173,0.177,0.242,-0.064
88,174,0.213,0.285,-0.059
88,175,0.325,0.406,-0.046
88,176,0.236,0.31,-0.056
88,177,0.208,0.278,-0.059
88,178,0.255,0.332,-0.054
88,179,0.263,0.339,-0.053
88,18,0.104,0.154,-0.055
88,180,0.169,0.234,-0.065
88,181,0.243,0.317,-0.055
88,182,0.195,0.264,-0.061
88,183,0.224,0.297,-0.057
88,184,0.332,0.413,-0.046
88,185,0.266,0.343,-0.052
88,186,0.257,0.334,-0.053
88,187,0.308,0.389,-0.048
88,188,0.204,0.274,-0.059
88,189,0.269,0.346,-0.051
88,19,0.282,0.36,-0.037
88,190,0.363,0.445,-0.042
88,191,0.311,0.391,-0.047
88,192,0.238,0.312,-0.055
88,193,0.185,0.252,-0.061
88,194,0.368,0.451,-0.042
88,195,0.325,0.406,-0.045
88,196,0.358,0.441,-0.042
88,197,0.287,0.365,-0.049
88,198,0.227,0.3,-0.055
88,199,0.286,0.365,-0.049
88,20,0.202,0.272,-0.044
88,200,0.308,0.388,-0.046
88,201,0.34,0.421,-0.043
88,202,0.378,0.461,-0.04
88,203,0.233,0.307,-0.054
88,204,0.3,0.38,-0.047
88,205,0.302,0.382,-0.047
88,206,0.219,0.291,-0.056
88,207,0.245,0.32,-0.053
88,208,0.257,0.333,-0.052
88,209,0.365,0.447,-0.041
88,21,0.162,0.225,-0.048
88,210,0.419,0.502,-0.037
88,211,0.412,0.495,-0.037
88,212,0.465,0.547,-0.033
88,213,0.46,0.543,-0.034
88,214,0.471,0.553,-0.033
88,215,0.594,0.668,-0.025
88,216,0.59,0.665,-0.025
88,217,0.613,0.685,-0.024
88,218,0.588,0.663,-0.025
88,219,0.597,0.671,-0.025
88,22,0.175,0.241,-0.046
88,220,0.441,0.524,-0.037
88,221,0.747,0.802,-0.015
88,222,0.815,0.857,-0.011
88,223,0.761,0.813,-0.015
88,224,0.805,0.849,-0.012
88,225,0.844,0.881,-0.01
88,226,0.699,0.761,-0.019
88,227,0.623,0.694,-0.025
88,228,0.619,0.691,-0.025
88,229,0.538,0.616,-0.032
88,23,0.142,0.201,-0.05
88,230,0.683,0.747,-0.021
88,231,0.818,0.86,-0.012
88,232,0.838,0.876,-0.011
88,233,0.667,0.733,-0.023
88,234,0.562,0.639,-0.032
88,235,0.621,0.693,-0.027
88,236,0.508,0.589,-0.037
88,237,0.413,0.497,-0.046
88,238,0.409,0.492,-0.047
88,239,0.419,0.502,-0.047
88,24,0.158,0.22,-0.048
88,240,0.45,0.533,-0.044
88,241,0.421,0.505,-0.048
88,242,0.475,0.557,-0.043
88,243,0.441,0.524,-0.047
88,244,0.334,0.416,-0.06
88,245,0.431,0.514,-0.05
88,246,0.47,0.552,-0.046
88,247,0.407,0.49,-0.053
88,248,0.368,0.45,-0.059
88,249,0.375,0.458,-0.058
88,25,0.136,0.194,-0.051
88,250,0.289,0.368,-0.07
88,251,0.372,0.455,-0.06
88,26,0.115,0.167,-0.054
88,27,0.122,0.177,-0.053
88,28,0.096,0.143,-0.057
88,29,0.066,0.105,-0.063
88,30,0.053,0.086,-0.067
88,31,0.108,0.159,-0.056
88,32,0.105,0.156,-0.056
88,33,0.046,0.077,-0.07
88,34,0.065,0.103,-0.064
88,35,0.16,0.223,-0.049
88,36,0.129,0.185,-0.053
88,37,0.089,0.135,-0.06
88,38,0.078,0.12,-0.062
88,39,0.102,0.151,-0.058
88,40,0.417,0.501,-0.029
88,41,0.186,0.254,-0.047
88,42,0.179,0.245,-0.048
88,43,0.189,0.257,-0.048
88,44,0.14,0.198,-0.054
88,45,0.109,0.16,-0.059
88,46,0.131,0.187,-0.055
88,47,0.136,0.194,-0.055
88,48,0.146,0.206,-0.054
88,49,0.088,0.133,-0.064
88,50,0.155,0.217,-0.053
88,51,0.124,0.179,-0.058
88,52,0.12,0.174,-0.059
88,53,0.216,0.288,-0.047
88,54,0.142,0.201,-0.056
88,55,0.122,0.176,-0.06
88,56,0.24,0.315,-0.046
88,57,0.261,0.338,-0.044
88,58,0.285,0.364,-0.042
88,59,0.234,0.307,-0.047
88,60,0.237,0.311,-0.047
88,61,0.237,0.311,-0.047
88,62,0.224,0.297,-0.049
88,63,0.224,0.297,-0.049
88,64,0.195,0.264,-0.053
88,65,0.171,0.235,-0.056
88,66,0.211,0.281,-0.051
88,67,0.209,0.279,-0.052
88,68,0.236,0.31,-0.049
88,69,0.16,0.222,-0.059
88,7,0.1,0.149,-0.059
88,70,0.159,0.221,-0.059
88,71,0.162,0.225,-0.059
88,72,0.208,0.279,-0.053
88,73,0.238,0.312,-0.05
88,74,0.24,0.315,-0.05
88,75,0.168,0.232,-0.059
88,76,0.253,0.329,-0.049
88,77,0.346,0.428,-0.04
88,78,0.302,0.382,-0.044
88,79,0.311,0.392,-0.044
88,8,0.107,0.158,-0.057
88,80,0.39,0.473,-0.037
88,81,0.362,0.445,-0.04
88,82,0.289,0.367,-0.046
88,83,0.242,0.317,-0.051
88,84,0.326,0.407,-0.043
88,85,0.276,0.354,-0.048
88,86,0.238,0.313,-0.051
88,87,0.26,0.336,-0.049
88,88,0.162,0.225,-0.061
88,89,0.211,0.282,-0.055
88,9,0.108,0.159,-0.057
88,90,0.141,0.2,-0.065
88,91,0.237,0.311,-0.052
88,92,0.11,0.162,-0.07
88,93,0.074,0.115,-0.079
88,94,0.107,0.158,-0.071
88,95,0.152,0.213,-0.063
88,96,0.14,0.199,-0.065
88,97,0.184,0.251,-0.058
88,98,0.144,0.203,-0.064
88,99,0.153,0.214,-0.063
89,10,0.05,0.083,-0.069
89,100,0.088,0.133,-0.075
89,101,0.049,0.081,-0.087
89,102,0.09,0.136,-0.075
89,103,0.086,0.131,-0.076
89,104,0.071,0.111,-0.08
89,105,0.087,0.132,-0.076
89,106,0.131,0.187,-0.067
89,107,0.119,0.173,-0.069
89,108,0.104,0.154,-0.072
89,109,0.185,0.252,-0.059
89,11,0.072,0.112,-0.063
89,110,0.14,0.199,-0.065
89,111,0.113,0.166,-0.07
89,112,0.152,0.213,-0.064
89,113,0.109,0.161,-0.071
89,114,0.111,0.163,-0.071
89,115,0.131,0.188,-0.067
89,116,0.061,0.097,-0.084
89,117,0.082,0.126,-0.077
89,118,0.153,0.214,-0.064
89,119,0.142,0.201,-0.065
89,12,0.035,0.061,-0.073
89,120,0.11,0.162,-0.071
89,121,0.106,0.156,-0.072
89,122,0.094,0.141,-0.075
89,123,0.157,0.219,-0.063
89,124,0.175,0.24,-0.061
89,125,0.116,0.17,-0.071
89,126,0.084,0.129,-0.078
89,127,0.064,0.102,-0.083
89,128,0.101,0.151,-0.074
89,129,0.082,0.126,-0.078
89,13,0.063,0.1,-0.064
89,130,0.063,0.1,-0.084
89,131,0.065,0.103,-0.083
89,132,0.035,0.06,-0.095
89,133,0.046,0.077,-0.09
89,134,0.053,0.086,-0.088
89,135,0.057,0.092,-0.086
89,136,0.079,0.122,-0.079
89,137,0.132,0.189,-0.068
89,138,0.054,0.088,-0.087
89,139,0.042,0.07,-0.092
89,14,0.054,0.088,-0.067
89,140,0.038,0.065,-0.094
89,141,0.062,0.099,-0.085
89,142,0.052,0.085,-0.088
89,143,0.045,0.075,-0.091
89,144,0.056,0.091,-0.087
89,145,0.077,0.12,-0.08
89,146,0.049,0.081,-0.089
89,147,0.021,0.04,-0.105
89,148,0.027,0.048,-0.101
89,149,0.023,0.043,-0.104
89,15,0.048,0.08,-0.068
89,150,0.027,0.049,-0.101
89,151,0.054,0.088,-0.089
89,152,0.037,0.064,-0.096
89,153,0.038,0.065,-0.096
89,154,0.033,0.057,-0.099
89,155,0.032,0.056,-0.099
89,156,0.041,0.069,-0.095
89,157,0.035,0.061,-0.098
89,158,0.034,0.06,-0.098
89,159,0.054,0.088,-0.09
89,16,0.094,0.142,-0.057
89,160,0.048,0.079,-0.092
89,161,0.054,0.089,-0.09
89,162,0.064,0.102,-0.087
89,163,0.06,0.096,-0.088
89,164,0.057,0.092,-0.09
89,165,0.058,0.093,-0.089
89,166,0.049,0.081,-0.093
89,167,0.07,0.11,-0.085
89,168,0.078,0.12,-0.083
89,169,0.109,0.161,-0.076
89,17,0.06,0.096,-0.064
89,170,0.134,0.191,-0.071
89,171,0.149,0.209,-0.068
89,172,0.147,0.207,-0.068
89,173,0.203,0.273,-0.06
89,174,0.195,0.263,-0.061
89,175,0.163,0.226,-0.066
89,176,0.102,0.151,-0.077
89,177,0.118,0.171,-0.074
89,178,0.192,0.261,-0.061
89,179,0.224,0.297,-0.057
89,18,0.074,0.115,-0.061
89,180,0.264,0.341,-0.052
89,181,0.372,0.455,-0.042
89,182,0.288,0.367,-0.05
89,183,0.307,0.388,-0.048
89,184,0.386,0.47,-0.04
89,185,0.454,0.537,-0.035
89,186,0.416,0.499,-0.038
89,187,0.568,0.644,-0.027
89,188,0.456,0.538,-0.035
89,189,0.386,0.469,-0.04
89,19,0.025,0.045,-0.077
89,190,0.387,0.47,-0.04
89,191,0.491,0.572,-0.032
89,192,0.386,0.469,-0.04
89,193,0.336,0.418,-0.044
89,194,0.326,0.407,-0.045
89,195,0.265,0.342,-0.051
89,196,0.178,0.244,-0.061
89,197,0.117,0.171,-0.071
89,198,0.198,0.267,-0.058
89,199,0.307,0.387,-0.046
89,20,0.059,0.094,-0.065
89,200,0.36,0.443,-0.041
89,201,0.214,0.286,-0.056
89,202,0.165,0.229,-0.063
89,203,0.247,0.323,-0.052
89,204,0.19,0.258,-0.059
89,205,0.27,0.347,-0.05
89,206,0.331,0.413,-0.044
89,207,0.368,0.451,-0.041
89,208,0.383,0.466,-0.04
89,209,0.436,0.519,-0.035
89,21,0.107,0.158,-0.055
89,210,0.337,0.419,-0.044
89,211,0.447,0.529,-0.035
89,212,0.371,0.454,-0.041
89,213,0.443,0.526,-0.035
89,214,0.489,0.57,-0.032
89,215,0.432,0.515,-0.036
89,216,0.718,0.777,-0.017
89,217,0.582,0.658,-0.026
89,218,0.532,0.611,-0.03
89,219,0.572,0.648,-0.027
89,22,0.071,0.111,-0.062
89,220,0.465,0.548,-0.035
89,221,0.385,0.469,-0.042
89,222,0.588,0.663,-0.026
89,223,0.624,0.695,-0.024
89,224,0.605,0.678,-0.026
89,225,0.518,0.598,-0.032
89,226,0.446,0.529,-0.039
89,227,0.602,0.675,-0.027
89,228,0.658,0.725,-0.023
89,229,0.771,0.821,-0.015
89,23,0.071,0.111,-0.062
89,230,0.787,0.834,-0.014
89,231,0.796,0.842,-0.014
89,232,0.702,0.763,-0.021
89,233,0.606,0.679,-0.028
89,234,0.898,0.923,-0.007
89,235,0.728,0.786,-0.019
89,236,0.69,0.753,-0.023
89,237,0.842,0.879,-0.011
89,238,0.721,0.78,-0.021
89,239,0.486,0.568,-0.041
89,24,0.089,0.135,-0.058
89,240,0.491,0.572,-0.041
89,241,0.541,0.62,-0.037
89,242,0.57,0.647,-0.035
89,243,0.424,0.507,-0.049
89,244,0.468,0.55,-0.046
89,245,0.398,0.481,-0.053
89,246,0.403,0.486,-0.054
89,247,0.298,0.378,-0.067
89,248,0.321,0.402,-0.065
89,249,0.284,0.362,-0.071
89,25,0.1,0.149,-0.057
89,250,0.336,0.418,-0.064
89,251,0.313,0.394,-0.068
89,26,0.113,0.165,-0.055
89,27,0.076,0.117,-0.061
89,28,0.034,0.058,-0.073
89,29,0.088,0.133,-0.059
89,30,0.128,0.184,-0.053
89,31,0.082,0.125,-0.06
89,32,0.11,0.162,-0.056
89,33,0.126,0.181,-0.054
89,34,0.052,0.085,-0.068
89,35,0.097,0.145,-0.058
89,36,0.128,0.184,-0.054
89,37,0.172,0.237,-0.048
89,38,0.104,0.154,-0.058
89,39,0.074,0.115,-0.064
89,40,0.126,0.182,-0.054
89,41,0.157,0.22,-0.051
89,42,0.194,0.263,-0.047
89,43,0.097,0.146,-0.06
89,44,0.174,0.24,-0.049
89,45,0.087,0.132,-0.063
89,46,0.172,0.237,-0.05
89,47,0.246,0.321,-0.043
89,48,0.169,0.233,-0.051
89,49,0.11,0.161,-0.06
89,50,0.099,0.147,-0.062
89,51,0.07,0.109,-0.068
89,52,0.137,0.195,-0.056
89,53,0.092,0.139,-0.064
89,54,0.089,0.134,-0.065
89,55,0.086,0.131,-0.066
89,56,0.117,0.17,-0.061
89,57,0.106,0.157,-0.063
89,58,0.181,0.247,-0.053
89,59,0.079,0.122,-0.069
89,60,0.086,0.13,-0.068
89,61,0.149,0.21,-0.058
89,62,0.099,0.147,-0.066
89,63,0.133,0.191,-0.061
89,64,0.215,0.286,-0.05
89,65,0.174,0.239,-0.056
89,66,0.133,0.19,-0.062
89,67,0.14,0.198,-0.061
89,68,0.221,0.294,-0.051
89,69,0.14,0.199,-0.061
89,7,0.056,0.091,-0.07
89,70,0.151,0.212,-0.06
89,71,0.128,0.185,-0.064
89,72,0.109,0.16,-0.067
89,73,0.193,0.261,-0.055
89,74,0.156,0.218,-0.06
89,75,0.185,0.252,-0.057
89,76,0.092,0.139,-0.072
89,77,0.114,0.166,-0.068
89,78,0.108,0.159,-0.069
89,79,0.253,0.329,-0.049
89,8,0.051,0.083,-0.071
89,80,0.182,0.249,-0.058
89,81,0.191,0.26,-0.057
89,82,0.183,0.249,-0.058
89,83,0.161,0.223,-0.061
89,84,0.146,0.207,-0.064
89,85,0.164,0.227,-0.061
89,86,0.077,0.119,-0.078
89,87,0.078,0.12,-0.078
89,88,0.108,0.159,-0.071
89,89,0.104,0.154,-0.071
89,9,0.065,0.103,-0.066
89,90,0.092,0.138,-0.074
89,91,0.132,0.189,-0.066
89,92,0.087,0.132,-0.076
89,93,0.058,0.094,-0.084
89,94,0.101,0.15,-0.072
89,95,0.181,0.247,-0.059
89,96,0.182,0.249,-0.059
89,97,0.081,0.124,-0.077
89,98,0.07,0.11,-0.08
89,99,0.098,0.146,-0.073
9,10,0.015,0.029,-0.08
9,100,0.118,0.172,-0.057
9,101,0.116,0.169,-0.058
9,102,0.114,0.166,-0.058
9,103,0.1,0.148,-0.061
9,104,0.094,0.141,-0.062
9,105,0.104,0.154,-0.06
9,106,0.138,0.196,-0.055
9,107,0.169,0.234,-0.051
9,108,0.181,0.248,-0.05
9,109,0.169,0.234,-0.051
9,11,0.087,0.132,-0.056
9,110,0.15,0.21,-0.054
9,111,0.104,0.153,-0.061
9,112,0.137,0.195,-0.056
9,113,0.139,0.198,-0.056
9,114,0.216,0.287,-0.047
9,115,0.169,0.234,-0.052
9,116,0.162,0.226,-0.053
9,117,0.169,0.233,-0.052
9,118,0.148,0.208,-0.055
9,119,0.087,0.132,-0.065
9,12,0.039,0.066,-0.067
9,120,0.076,0.118,-0.068
9,121,0.168,0.232,-0.053
9,122,0.232,0.305,-0.046
9,123,0.15,0.21,-0.055
9,124,0.227,0.3,-0.047
9,125,0.204,0.274,-0.049
9,126,0.371,0.454,-0.035
9,127,0.224,0.297,-0.047
9,128,0.29,0.369,-0.041
9,129,0.174,0.239,-0.053
9,13,0.026,0.047,-0.071
9,130,0.161,0.224,-0.054
9,131,0.14,0.199,-0.057
9,132,0.21,0.281,-0.049
9,133,0.314,0.395,-0.039
9,134,0.36,0.443,-0.036
9,135,0.451,0.534,-0.03
9,136,0.244,0.319,-0.046
9,137,0.245,0.32,-0.046
9,138,0.349,0.432,-0.037
9,139,0.362,0.444,-0.036
9,14,0.064,0.102,-0.059
9,140,0.401,0.485,-0.033
9,141,0.422,0.505,-0.032
9,142,0.371,0.453,-0.035
9,143,0.356,0.439,-0.036
9,144,0.23,0.304,-0.047
9,145,0.192,0.26,-0.052
9,146,0.168,0.232,-0.055
9,147,0.138,0.197,-0.059
9,148,0.129,0.185,-0.06
9,149,0.227,0.301,-0.048
9,15,0.042,0.071,-0.065
9,150,0.239,0.314,-0.047
9,151,0.309,0.389,-0.041
9,152,0.276,0.354,-0.044
9,153,0.333,0.414,-0.039
9,154,0.337,0.419,-0.039
9,155,0.333,0.415,-0.039
9,156,0.244,0.319,-0.047
9,157,0.295,0.375,-0.042
9,158,0.264,0.341,-0.045
9,159,0.25,0.326,-0.046
9,16,0.043,0.072,-0.064
9,160,0.238,0.312,-0.048
9,161,0.24,0.314,-0.047
9,162,0.226,0.298,-0.049
9,163,0.324,0.405,-0.04
9,164,0.27,0.347,-0.045
9,165,0.248,0.323,-0.047
9,166,0.236,0.31,-0.048
9,167,0.303,0.383,-0.042
9,168,0.283,0.361,-0.044
9,169,0.24,0.314,-0.048
9,17,0.026,0.047,-0.07
9,170,0.264,0.341,-0.046
9,171,0.403,0.487,-0.034
9,172,0.332,0.414,-0.04
9,173,0.394,0.477,-0.035
9,174,0.239,0.313,-0.049
9,175,0.347,0.429,-0.039
9,176,0.323,0.404,-0.041
9,177,0.346,0.428,-0.039
9,178,0.249,0.324,-0.048
9,179,0.242,0.317,-0.049
9,18,0.102,0.151,-0.052
9,180,0.201,0.27,-0.054
9,181,0.225,0.298,-0.051
9,182,0.171,0.236,-0.058
9,183,0.147,0.207,-0.062
9,184,0.115,0.168,-0.068
9,185,0.112,0.164,-0.069
9,186,0.163,0.226,-0.061
9,187,0.146,0.206,-0.063
9,188,0.138,0.196,-0.065
9,189,0.118,0.171,-0.069
9,19,0.053,0.087,-0.061
9,190,0.151,0.212,-0.064
9,191,0.166,0.23,-0.062
9,192,0.112,0.164,-0.071
9,193,0.132,0.189,-0.068
9,194,0.147,0.207,-0.066
9,195,0.098,0.147,-0.076
9,196,0.132,0.189,-0.069
9,197,0.125,0.181,-0.071
9,198,0.215,0.287,-0.058
9,199,0.153,0.214,-0.067
9,20,0.022,0.041,-0.072
9,200,0.185,0.252,-0.063
9,201,0.159,0.222,-0.067
9,202,0.141,0.2,-0.07
9,203,0.364,0.447,-0.044
9,204,0.334,0.415,-0.047
9,205,0.215,0.286,-0.061
9,206,0.237,0.311,-0.058
9,207,0.319,0.4,-0.049
9,208,0.334,0.415,-0.048
9,209,0.4,0.483,-0.042
9,21,0.051,0.084,-0.061
9,210,0.485,0.567,-0.035
9,211,0.408,0.492,-0.042
9,212,0.418,0.501,-0.042
9,213,0.527,0.607,-0.033
9,214,0.521,0.601,-0.034
9,215,0.461,0.544,-0.039
9,216,0.313,0.393,-0.053
9,217,0.316,0.396,-0.053
9,218,0.237,0.312,-0.063
9,219,0.279,0.357,-0.058
9,22,0.014,0.028,-0.077
9,220,0.427,0.51,-0.043
9,221,0.275,0.353,-0.059
9,222,0.173,0.238,-0.075
9,223,0.13,0.186,-0.084
9,224,0.277,0.356,-0.06
9,225,0.205,0.275,-0.071
9,226,0.255,0.331,-0.064
9,227,0.161,0.223,-0.079
9,228,0.24,0.315,-0.066
9,229,0.26,0.337,-0.064
9,23,0.061,0.098,-0.059
9,230,0.262,0.339,-0.064
9,231,0.231,0.304,-0.069
9,232,0.205,0.275,-0.073
9,233,0.226,0.299,-0.07
9,234,0.346,0.428,-0.055
9,235,0.334,0.416,-0.056
9,236,0.238,0.312,-0.069
9,237,0.267,0.344,-0.065
9,238,0.322,0.403,-0.058
9,239,0.288,0.367,-0.063
9,24,0.044,0.073,-0.063
9,240,0.345,0.427,-0.056
9,241,0.351,0.433,-0.056
9,242,0.409,0.493,-0.049
9,243,0.347,0.429,-0.057
9,244,0.364,0.447,-0.055
9,245,0.453,0.536,-0.046
9,246,0.511,0.591,-0.04
9,247,0.404,0.487,-0.052
9,248,0.487,0.568,-0.043
9,249,0.362,0.444,-0.057
9,25,0.053,0.087,-0.061
9,250,0.478,0.56,-0.045
9,251,0.638,0.708,-0.03
9,26,0.033,0.058,-0.066
9,27,0.07,0.11,-0.057
9,28,0.03,0.053,-0.068
9,29,0.036,0.062,-0.066
9,30,0.072,0.112,-0.057
9,31,0.154,0.216,-0.045
9,32,0.079,0.121,-0.055
9,33,0.113,0.166,-0.05
9,34,0.113,0.166,-0.05
9,35,0.094,0.141,-0.053
9,36,0.138,0.196,-0.047
9,37,0.178,0.244,-0.042
9,38,0.114,0.167,-0.05
9,39,0.166,0.23,-0.044
9,40,0.054,0.087,-0.061
9,41,0.133,0.19,-0.048
9,42,0.05,0.083,-0.062
9,43,0.096,0.144,-0.053
9,44,0.054,0.088,-0.061
9,45,0.091,0.137,-0.054
9,46,0.021,0.038,-0.074
9,47,0.057,0.091,-0.061
9,48,0.035,0.061,-0.068
9,49,0.028,0.051,-0.071
9,50,0.041,0.07,-0.066
9,51,0.034,0.06,-0.069
9,52,0.04,0.068,-0.067
9,53,0.016,0.03,-0.079
9,54,0.011,0.022,-0.083
9,55,0.026,0.046,-0.073
9,56,0.044,0.074,-0.066
9,57,0.044,0.073,-0.066
9,58,0.032,0.057,-0.07
9,59,0.056,0.09,-0.063
9,60,0.018,0.034,-0.078
9,61,0.022,0.041,-0.075
9,62,0.052,0.085,-0.064
9,63,0.014,0.028,-0.081
9,64,0.076,0.118,-0.058
9,65,0.046,0.076,-0.066
9,66,0.115,0.168,-0.052
9,67,0.127,0.183,-0.051
9,68,0.047,0.078,-0.066
9,69,0.063,0.1,-0.062
9,7,0.047,0.077,-0.067
9,70,0.149,0.21,-0.048
9,71,0.151,0.212,-0.048
9,72,0.239,0.313,-0.04
9,73,0.122,0.177,-0.052
9,74,0.142,0.201,-0.05
9,75,0.196,0.265,-0.044
9,76,0.203,0.273,-0.043
9,77,0.143,0.202,-0.05
9,78,0.199,0.269,-0.044
9,79,0.126,0.182,-0.053
9,8,0.038,0.065,-0.069
9,80,0.165,0.229,-0.048
9,81,0.192,0.26,-0.045
9,82,0.121,0.176,-0.054
9,83,0.133,0.19,-0.052
9,84,0.102,0.152,-0.057
9,85,0.156,0.218,-0.05
9,86,0.138,0.196,-0.052
9,87,0.066,0.104,-0.065
9,88,0.24,0.315,-0.042
9,89,0.159,0.222,-0.05
9,9,0.01,0.021,-0.085
9,90,0.24,0.315,-0.042
9,91,0.267,0.344,-0.04
9,92,0.103,0.153,-0.059
9,93,0.116,0.17,-0.056
9,94,0.054,0.087,-0.07
9,95,0.105,0.156,-0.059
9,96,0.144,0.203,-0.053
9,97,0.174,0.24,-0.05
9,98,0.141,0.2,-0.054
9,99,0.227,0.3,-0.044
90,10,0.021,0.039,-0.081
90,100,0.111,0.162,-0.071
90,101,0.055,0.089,-0.086
90,102,0.108,0.159,-0.072
90,103,0.108,0.16,-0.071
90,104,0.076,0.118,-0.079
90,105,0.129,0.185,-0.068
90,106,0.146,0.206,-0.065
90,107,0.081,0.124,-0.078
90,108,0.135,0.192,-0.067
90,109,0.218,0.29,-0.055
90,11,0.071,0.111,-0.063
90,110,0.128,0.184,-0.068
90,111,0.109,0.16,-0.072
90,112,0.178,0.244,-0.06
90,113,0.092,0.139,-0.075
90,114,0.083,0.127,-0.078
90,115,0.149,0.21,-0.065
90,116,0.11,0.162,-0.072
90,117,0.148,0.209,-0.065
90,118,0.103,0.153,-0.074
90,119,0.109,0.16,-0.072
90,12,0.067,0.106,-0.063
90,120,0.094,0.141,-0.076
90,121,0.102,0.152,-0.074
90,122,0.101,0.15,-0.074
90,123,0.117,0.171,-0.071
90,124,0.269,0.346,-0.05
90,125,0.202,0.272,-0.058
90,126,0.153,0.215,-0.065
90,127,0.117,0.17,-0.071
90,128,0.108,0.159,-0.073
90,129,0.137,0.196,-0.068
90,13,0.157,0.22,-0.049
90,130,0.148,0.209,-0.066
90,131,0.086,0.131,-0.078
90,132,0.066,0.105,-0.084
90,133,0.077,0.119,-0.081
90,134,0.075,0.116,-0.081
90,135,0.048,0.08,-0.09
90,136,0.059,0.095,-0.086
90,137,0.094,0.141,-0.077
90,138,0.051,0.084,-0.089
90,139,0.058,0.093,-0.087
90,14,0.049,0.081,-0.067
90,140,0.039,0.066,-0.094
90,141,0.082,0.126,-0.08
90,142,0.047,0.078,-0.091
90,143,0.05,0.083,-0.09
90,144,0.064,0.102,-0.085
90,145,0.047,0.077,-0.092
90,146,0.072,0.113,-0.083
90,147,0.083,0.127,-0.08
90,148,0.095,0.142,-0.077
90,149,0.066,0.104,-0.085
90,15,0.096,0.144,-0.057
90,150,0.082,0.126,-0.081
90,151,0.047,0.078,-0.092
90,152,0.04,0.068,-0.095
90,153,0.07,0.11,-0.084
90,154,0.107,0.158,-0.075
90,155,0.106,0.156,-0.075
90,156,0.106,0.156,-0.076
90,157,0.107,0.158,-0.075
90,158,0.174,0.239,-0.064
90,159,0.136,0.194,-0.07
90,16,0.039,0.067,-0.071
90,160,0.138,0.196,-0.07
90,161,0.157,0.22,-0.066
90,162,0.12,0.174,-0.073
90,163,0.086,0.131,-0.081
90,164,0.086,0.131,-0.081
90,165,0.105,0.155,-0.077
90,166,0.089,0.135,-0.08
90,167,0.098,0.146,-0.078
90,168,0.106,0.157,-0.076
90,169,0.144,0.203,-0.069
90,17,0.064,0.102,-0.063
90,170,0.13,0.186,-0.072
90,171,0.148,0.208,-0.068
90,172,0.185,0.252,-0.063
90,173,0.11,0.161,-0.076
90,174,0.125,0.18,-0.072
90,175,0.108,0.16,-0.076
90,176,0.166,0.23,-0.065
90,177,0.124,0.18,-0.072
90,178,0.065,0.102,-0.087
90,179,0.089,0.134,-0.08
90,18,0.197,0.267,-0.044
90,180,0.075,0.116,-0.084
90,181,0.101,0.15,-0.077
90,182,0.072,0.112,-0.084
90,183,0.084,0.128,-0.081
90,184,0.053,0.087,-0.09
90,185,0.074,0.115,-0.083
90,186,0.077,0.118,-0.082
90,187,0.113,0.165,-0.073
90,188,0.141,0.2,-0.068
90,189,0.128,0.185,-0.07
90,19,0.142,0.201,-0.05
90,190,0.107,0.158,-0.074
90,191,0.136,0.194,-0.068
90,192,0.224,0.296,-0.056
90,193,0.189,0.256,-0.06
90,194,0.249,0.325,-0.052
90,195,0.243,0.318,-0.053
90,196,0.26,0.336,-0.051
90,197,0.229,0.302,-0.054
90,198,0.406,0.49,-0.037
90,199,0.488,0.57,-0.031
90,20,0.121,0.176,-0.053
90,200,0.397,0.481,-0.038
90,201,0.361,0.444,-0.041
90,202,0.331,0.413,-0.044
90,203,0.296,0.375,-0.047
90,204,0.434,0.517,-0.035
90,205,0.431,0.514,-0.035
90,206,0.384,0.467,-0.039
90,207,0.542,0.621,-0.028
90,208,0.507,0.587,-0.03
90,209,0.435,0.518,-0.035
90,21,0.079,0.121,-0.06
90,210,0.361,0.443,-0.042
90,211,0.405,0.488,-0.038
90,212,0.507,0.588,-0.03
90,213,0.485,0.567,-0.032
90,214,0.507,0.588,-0.031
90,215,0.38,0.463,-0.041
90,216,0.477,0.559,-0.033
90,217,0.684,0.748,-0.019
90,218,0.577,0.652,-0.026
90,219,0.648,0.716,-0.022
90,22,0.135,0.193,-0.051
90,220,0.829,0.869,-0.01
90,221,0.715,0.774,-0.018
90,222,0.752,0.805,-0.015
90,223,0.694,0.756,-0.019
90,224,0.755,0.808,-0.016
90,225,0.849,0.885,-0.01
90,226,0.844,0.881,-0.01
90,227,0.901,0.925,-0.006
90,228,0.696,0.758,-0.02
90,229,0.906,0.929,-0.006
90,23,0.128,0.184,-0.052
90,230,0.588,0.662,-0.029
90,231,0.762,0.814,-0.016
90,232,0.609,0.682,-0.028
90,233,0.664,0.731,-0.024
90,234,0.838,0.876,-0.011
90,235,0.688,0.752,-0.023
90,236,0.612,0.684,-0.029
90,237,0.601,0.674,-0.03
90,238,0.763,0.814,-0.018
90,239,0.668,0.734,-0.025
90,24,0.144,0.203,-0.05
90,240,0.553,0.631,-0.036
90,241,0.566,0.643,-0.035
90,242,0.527,0.607,-0.039
90,243,0.558,0.636,-0.036
90,244,0.542,0.621,-0.038
90,245,0.491,0.573,-0.044
90,246,0.4,0.483,-0.054
90,247,0.4,0.483,-0.054
90,248,0.451,0.534,-0.049
90,249,0.298,0.378,-0.068
90,25,0.094,0.142,-0.057
90,250,0.306,0.386,-0.068
90,251,0.308,0.389,-0.068
90,26,0.121,0.175,-0.053
90,27,0.159,0.221,-0.048
90,28,0.186,0.253,-0.046
90,29,0.202,0.272,-0.044
90,30,0.137,0.195,-0.051
90,31,0.066,0.105,-0.063
90,32,0.138,0.197,-0.051
90,33,0.155,0.217,-0.049
90,34,0.143,0.202,-0.051
90,35,0.149,0.21,-0.05
90,36,0.154,0.215,-0.05
90,37,0.14,0.198,-0.052
90,38,0.274,0.352,-0.039
90,39,0.089,0.134,-0.06
90,40,0.099,0.147,-0.059
90,41,0.219,0.291,-0.044
90,42,0.284,0.362,-0.039
90,43,0.236,0.31,-0.043
90,44,0.24,0.315,-0.043
90,45,0.301,0.381,-0.038
90,46,0.14,0.198,-0.054
90,47,0.134,0.191,-0.055
90,48,0.093,0.14,-0.062
90,49,0.185,0.252,-0.049
90,50,0.136,0.194,-0.056
90,51,0.128,0.185,-0.057
90,52,0.205,0.275,-0.048
90,53,0.289,0.368,-0.04
90,54,0.136,0.194,-0.057
90,55,0.153,0.214,-0.055
90,56,0.236,0.31,-0.046
90,57,0.171,0.236,-0.053
90,58,0.088,0.134,-0.067
90,59,0.118,0.172,-0.061
90,60,0.177,0.243,-0.053
90,61,0.129,0.186,-0.06
90,62,0.095,0.142,-0.067
90,63,0.095,0.142,-0.067
90,64,0.106,0.157,-0.065
90,65,0.112,0.164,-0.064
90,66,0.088,0.133,-0.07
90,67,0.095,0.142,-0.069
90,68,0.066,0.104,-0.076
90,69,0.033,0.057,-0.088
90,7,0.062,0.099,-0.067
90,70,0.034,0.058,-0.088
90,71,0.045,0.075,-0.084
90,72,0.022,0.04,-0.096
90,73,0.019,0.037,-0.099
90,74,0.025,0.046,-0.095
90,75,0.036,0.062,-0.089
90,76,0.026,0.047,-0.095
90,77,0.049,0.08,-0.084
90,78,0.028,0.049,-0.094
90,79,0.022,0.04,-0.099
90,8,0.065,0.103,-0.066
90,80,0.052,0.085,-0.084
90,81,0.044,0.074,-0.087
90,82,0.044,0.073,-0.088
90,83,0.039,0.067,-0.09
90,84,0.027,0.049,-0.096
90,85,0.053,0.086,-0.085
90,86,0.1,0.149,-0.072
90,87,0.071,0.111,-0.08
90,88,0.069,0.109,-0.08
90,89,0.082,0.126,-0.077
90,9,0.069,0.108,-0.064
90,90,0.075,0.117,-0.079
90,91,0.078,0.121,-0.078
90,92,0.058,0.093,-0.084
90,93,0.087,0.133,-0.076
90,94,0.076,0.118,-0.079
90,95,0.095,0.142,-0.074
90,96,0.095,0.142,-0.074
90,97,0.069,0.108,-0.081
90,98,0.067,0.105,-0.082
90,99,0.091,0.137,-0.075
91,10,0.04,0.068,-0.072
91,100,0.064,0.101,-0.083
91,101,0.082,0.126,-0.078
91,102,0.143,0.203,-0.066
91,103,0.157,0.219,-0.064
91,104,0.11,0.162,-0.072
91,105,0.13,0.187,-0.068
91,106,0.141,0.2,-0.066
91,107,0.114,0.167,-0.071
91,108,0.166,0.229,-0.062
91,109,0.211,0.282,-0.056
91,11,0.064,0.101,-0.065
91,110,0.295,0.375,-0.047
91,111,0.238,0.312,-0.053
91,112,0.197,0.267,-0.058
91,113,0.114,0.167,-0.071
91,114,0.118,0.172,-0.071
91,115,0.083,0.127,-0.079
91,116,0.079,0.122,-0.08
91,117,0.057,0.093,-0.086
91,118,0.05,0.082,-0.089
91,119,0.08,0.123,-0.08
91,12,0.08,0.123,-0.061
91,120,0.106,0.156,-0.074
91,121,0.079,0.122,-0.08
91,122,0.061,0.098,-0.085
91,123,0.038,0.065,-0.095
91,124,0.07,0.11,-0.083
91,125,0.051,0.084,-0.089
91,126,0.074,0.115,-0.082
91,127,0.097,0.145,-0.076
91,128,0.077,0.119,-0.081
91,129,0.057,0.092,-0.087
91,13,0.062,0.099,-0.064
91,130,0.043,0.072,-0.093
91,131,0.033,0.057,-0.098
91,132,0.06,0.096,-0.087
91,133,0.076,0.118,-0.082
91,134,0.042,0.071,-0.094
91,135,0.056,0.09,-0.088
91,136,0.076,0.117,-0.082
91,137,0.052,0.085,-0.09
91,138,0.052,0.086,-0.09
91,139,0.071,0.111,-0.084
91,14,0.076,0.118,-0.061
91,140,0.076,0.118,-0.082
91,141,0.045,0.075,-0.093
91,142,0.042,0.071,-0.094
91,143,0.037,0.063,-0.097
91,144,0.026,0.047,-0.104
91,145,0.022,0.041,-0.107
91,146,0.021,0.038,-0.108
91,147,0.032,0.055,-0.1
91,148,0.025,0.045,-0.105
91,149,0.02,0.038,-0.109
91,15,0.1,0.149,-0.056
91,150,0.05,0.083,-0.092
91,151,0.032,0.057,-0.1
91,152,0.032,0.055,-0.101
91,153,0.047,0.078,-0.093
91,154,0.038,0.065,-0.098
91,155,0.024,0.044,-0.106
91,156,0.037,0.064,-0.098
91,157,0.024,0.044,-0.106
91,158,0.06,0.097,-0.089
91,159,0.065,0.103,-0.087
91,16,0.081,0.124,-0.06
91,160,0.06,0.096,-0.089
91,161,0.061,0.097,-0.089
91,162,0.063,0.1,-0.088
91,163,0.047,0.078,-0.094
91,164,0.05,0.082,-0.093
91,165,0.048,0.08,-0.093
91,166,0.071,0.111,-0.086
91,167,0.049,0.081,-0.093
91,168,0.051,0.084,-0.092
91,169,0.073,0.114,-0.085
91,17,0.062,0.099,-0.063
91,170,0.091,0.137,-0.08
91,171,0.047,0.078,-0.094
91,172,0.026,0.047,-0.105
91,173,0.025,0.045,-0.106
91,174,0.029,0.051,-0.103
91,175,0.033,0.058,-0.1
91,176,0.039,0.066,-0.097
91,177,0.051,0.083,-0.092
91,178,0.044,0.073,-0.095
91,179,0.069,0.109,-0.085
91,18,0.238,0.312,-0.04
91,180,0.067,0.105,-0.086
91,181,0.06,0.097,-0.088
91,182,0.12,0.174,-0.073
91,183,0.067,0.106,-0.085
91,184,0.076,0.118,-0.082
91,185,0.071,0.112,-0.084
91,186,0.106,0.156,-0.075
91,187,0.115,0.169,-0.072
91,188,0.112,0.164,-0.073
91,189,0.103,0.152,-0.075
91,19,0.084,0.128,-0.059
91,190,0.09,0.136,-0.078
91,191,0.122,0.177,-0.071
91,192,0.14,0.199,-0.067
91,193,0.206,0.276,-0.057
91,194,0.168,0.232,-0.062
91,195,0.139,0.198,-0.067
91,196,0.18,0.246,-0.061
91,197,0.202,0.272,-0.058
91,198,0.181,0.247,-0.061
91,199,0.144,0.204,-0.066
91,20,0.064,0.102,-0.063
91,200,0.142,0.201,-0.066
91,201,0.224,0.296,-0.055
91,202,0.263,0.34,-0.05
91,203,0.377,0.46,-0.04
91,204,0.253,0.329,-0.052
91,205,0.261,0.337,-0.051
91,206,0.32,0.4,-0.045
91,207,0.287,0.366,-0.048
91,208,0.251,0.327,-0.052
91,209,0.269,0.346,-0.05
91,21,0.103,0.153,-0.056
91,210,0.35,0.432,-0.043
91,211,0.411,0.494,-0.038
91,212,0.364,0.447,-0.042
91,213,0.316,0.397,-0.046
91,214,0.426,0.51,-0.037
91,215,0.326,0.407,-0.046
91,216,0.26,0.337,-0.053
91,217,0.324,0.405,-0.047
91,218,0.325,0.406,-0.047
91,219,0.327,0.408,-0.048
91,22,0.078,0.12,-0.06
91,220,0.331,0.412,-0.047
91,221,0.407,0.49,-0.041
91,222,0.362,0.445,-0.045
91,223,0.483,0.565,-0.035
91,224,0.459,0.542,-0.037
91,225,0.479,0.561,-0.036
91,226,0.464,0.546,-0.038
91,227,0.411,0.494,-0.043
91,228,0.632,0.702,-0.025
91,229,0.79,0.837,-0.014
91,23,0.137,0.194,-0.051
91,230,0.558,0.635,-0.032
91,231,0.654,0.722,-0.025
91,232,0.612,0.684,-0.028
91,233,0.718,0.777,-0.02
91,234,0.664,0.73,-0.025
91,235,0.736,0.792,-0.019
91,236,0.689,0.752,-0.023
91,237,0.765,0.816,-0.018
91,238,0.754,0.807,-0.019
91,239,0.683,0.747,-0.024
91,24,0.132,0.189,-0.051
91,240,0.676,0.741,-0.025
91,241,0.667,0.733,-0.026
91,242,0.448,0.531,-0.047
91,243,0.503,0.584,-0.042
91,244,0.521,0.601,-0.041
91,245,0.523,0.603,-0.041
91,246,0.558,0.635,-0.038
91,247,0.393,0.476,-0.055
91,248,0.405,0.488,-0.055
91,249,0.576,0.652,-0.037
91,25,0.104,0.154,-0.055
91,250,0.413,0.496,-0.055
91,251,0.516,0.596,-0.044
91,26,0.115,0.168,-0.054
91,27,0.152,0.213,-0.049
91,28,0.17,0.235,-0.047
91,29,0.136,0.193,-0.051
91,30,0.125,0.181,-0.053
91,31,0.222,0.295,-0.042
91,32,0.156,0.218,-0.049
91,33,0.117,0.171,-0.054
91,34,0.147,0.207,-0.05
91,35,0.246,0.321,-0.04
91,36,0.134,0.192,-0.052
91,37,0.122,0.177,-0.054
91,38,0.127,0.183,-0.053
91,39,0.183,0.25,-0.047
91,40,0.132,0.189,-0.053
91,41,0.086,0.131,-0.061
91,42,0.124,0.179,-0.055
91,43,0.24,0.315,-0.042
91,44,0.128,0.185,-0.055
91,45,0.115,0.168,-0.057
91,46,0.156,0.218,-0.052
91,47,0.077,0.119,-0.064
91,48,0.218,0.29,-0.045
91,49,0.057,0.092,-0.07
91,50,0.027,0.048,-0.082
91,51,0.059,0.094,-0.07
91,52,0.054,0.087,-0.072
91,53,0.13,0.187,-0.057
91,54,0.101,0.15,-0.062
91,55,0.06,0.096,-0.072
91,56,0.045,0.075,-0.077
91,57,0.095,0.143,-0.064
91,58,0.091,0.137,-0.065
91,59,0.069,0.108,-0.071
91,60,0.058,0.093,-0.074
91,61,0.046,0.077,-0.079
91,62,0.106,0.157,-0.064
91,63,0.061,0.098,-0.074
91,64,0.048,0.08,-0.079
91,65,0.103,0.153,-0.066
91,66,0.06,0.096,-0.076
91,67,0.092,0.138,-0.069
91,68,0.133,0.19,-0.062
91,69,0.106,0.156,-0.067
91,7,0.075,0.117,-0.065
91,70,0.1,0.149,-0.068
91,71,0.072,0.113,-0.075
91,72,0.11,0.162,-0.067
91,73,0.163,0.227,-0.059
91,74,0.122,0.177,-0.065
91,75,0.085,0.129,-0.073
91,76,0.096,0.143,-0.071
91,77,0.082,0.126,-0.074
91,78,0.119,0.173,-0.067
91,79,0.074,0.115,-0.077
91,8,0.053,0.087,-0.069
91,80,0.076,0.118,-0.077
91,81,0.085,0.129,-0.075
91,82,0.069,0.108,-0.079
91,83,0.064,0.102,-0.081
91,84,0.08,0.123,-0.077
91,85,0.102,0.152,-0.072
91,86,0.089,0.135,-0.075
91,87,0.063,0.1,-0.082
91,88,0.079,0.122,-0.077
91,89,0.069,0.108,-0.08
91,9,0.038,0.066,-0.074
91,90,0.084,0.128,-0.077
91,91,0.094,0.142,-0.074
91,92,0.056,0.09,-0.085
91,93,0.065,0.103,-0.082
91,94,0.066,0.104,-0.082
91,95,0.063,0.101,-0.083
91,96,0.064,0.102,-0.083
91,97,0.054,0.088,-0.086
91,98,0.072,0.112,-0.081
91,99,0.065,0.103,-0.083
92,10,0.043,0.072,-0.072
92,100,0.098,0.146,-0.075
92,101,0.086,0.13,-0.077
92,102,0.095,0.143,-0.075
92,103,0.113,0.165,-0.071
92,104,0.209,0.28,-0.057
92,105,0.216,0.288,-0.056
92,106,0.139,0.197,-0.067
92,107,0.093,0.139,-0.076
92,108,0.084,0.129,-0.078
92,109,0.153,0.215,-0.065
92,11,0.063,0.101,-0.065
92,110,0.223,0.295,-0.055
92,111,0.244,0.319,-0.053
92,112,0.285,0.364,-0.049
92,113,0.149,0.209,-0.066
92,114,0.147,0.208,-0.066
92,115,0.159,0.222,-0.064
92,116,0.122,0.176,-0.071
92,117,0.2,0.269,-0.059
92,118,0.145,0.205,-0.066
92,119,0.188,0.255,-0.06
92,12,0.028,0.05,-0.077
92,120,0.161,0.224,-0.064
92,121,0.156,0.218,-0.065
92,122,0.191,0.259,-0.06
92,123,0.163,0.226,-0.064
92,124,0.173,0.238,-0.063
92,125,0.099,0.147,-0.076
92,126,0.082,0.126,-0.08
92,127,0.111,0.163,-0.073
92,128,0.07,0.11,-0.084
92,129,0.037,0.064,-0.096
92,13,0.084,0.128,-0.06
92,130,0.039,0.067,-0.095
92,131,0.048,0.079,-0.091
92,132,0.031,0.055,-0.1
92,133,0.054,0.087,-0.089
92,134,0.061,0.097,-0.087
92,135,0.103,0.153,-0.076
92,136,0.138,0.197,-0.069
92,137,0.101,0.151,-0.076
92,138,0.09,0.136,-0.079
92,139,0.07,0.11,-0.084
92,14,0.1,0.149,-0.056
92,140,0.065,0.104,-0.086
92,141,0.154,0.216,-0.066
92,142,0.136,0.194,-0.069
92,143,0.093,0.14,-0.078
92,144,0.09,0.136,-0.079
92,145,0.06,0.097,-0.088
92,146,0.04,0.068,-0.096
92,147,0.053,0.087,-0.091
92,148,0.087,0.132,-0.08
92,149,0.077,0.119,-0.083
92,15,0.052,0.086,-0.066
92,150,0.055,0.089,-0.09
92,151,0.076,0.117,-0.083
92,152,0.056,0.091,-0.09
92,153,0.037,0.064,-0.098
92,154,0.072,0.113,-0.085
92,155,0.066,0.104,-0.087
92,156,0.106,0.157,-0.076
92,157,0.095,0.143,-0.079
92,158,0.069,0.108,-0.086
92,159,0.076,0.118,-0.084
92,16,0.107,0.158,-0.055
92,160,0.04,0.068,-0.097
92,161,0.035,0.06,-0.1
92,162,0.05,0.082,-0.093
92,163,0.052,0.085,-0.092
92,164,0.058,0.093,-0.09
92,165,0.053,0.086,-0.092
92,166,0.068,0.107,-0.086
92,167,0.073,0.114,-0.085
92,168,0.125,0.18,-0.073
92,169,0.111,0.162,-0.076
92,17,0.055,0.089,-0.065
92,170,0.07,0.11,-0.086
92,171,0.082,0.125,-0.082
92,172,0.15,0.211,-0.068
92,173,0.117,0.17,-0.074
92,174,0.139,0.197,-0.07
92,175,0.15,0.21,-0.068
92,176,0.139,0.198,-0.07
92,177,0.128,0.184,-0.071
92,178,0.125,0.18,-0.072
92,179,0.112,0.164,-0.074
92,18,0.101,0.15,-0.056
92,180,0.097,0.145,-0.077
92,181,0.117,0.17,-0.073
92,182,0.225,0.297,-0.056
92,183,0.24,0.314,-0.054
92,184,0.217,0.289,-0.057
92,185,0.146,0.206,-0.067
92,186,0.079,0.122,-0.081
92,187,0.11,0.162,-0.073
92,188,0.142,0.201,-0.067
92,189,0.153,0.214,-0.065
92,19,0.132,0.188,-0.051
92,190,0.109,0.161,-0.073
92,191,0.191,0.259,-0.059
92,192,0.223,0.296,-0.055
92,193,0.176,0.242,-0.061
92,194,0.111,0.163,-0.072
92,195,0.131,0.188,-0.068
92,196,0.107,0.157,-0.073
92,197,0.113,0.166,-0.071
92,198,0.198,0.268,-0.058
92,199,0.102,0.152,-0.074
92,20,0.068,0.106,-0.062
92,200,0.138,0.196,-0.067
92,201,0.14,0.198,-0.067
92,202,0.237,0.311,-0.053
92,203,0.202,0.272,-0.058
92,204,0.152,0.213,-0.065
92,205,0.208,0.278,-0.057
92,206,0.177,0.243,-0.061
92,207,0.233,0.307,-0.054
92,208,0.378,0.461,-0.04
92,209,0.297,0.377,-0.048
92,21,0.062,0.099,-0.064
92,210,0.25,0.325,-0.053
92,211,0.372,0.455,-0.041
92,212,0.457,0.54,-0.035
92,213,0.426,0.51,-0.037
92,214,0.471,0.553,-0.034
92,215,0.644,0.713,-0.022
92,216,0.642,0.711,-0.022
92,217,0.838,0.876,-0.01
92,218,0.821,0.862,-0.011
92,219,0.78,0.828,-0.014
92,22,0.115,0.168,-0.054
92,220,0.805,0.849,-0.012
92,221,0.915,0.936,-0.005
92,222,0.895,0.92,-0.007
92,223,0.719,0.778,-0.018
92,224,0.865,0.897,-0.009
92,225,0.847,0.883,-0.01
92,226,0.964,0.973,-0.002
92,227,0.922,0.941,-0.005
92,228,0.766,0.817,-0.016
92,229,0.962,0.972,0.003
92,23,0.083,0.127,-0.059
92,230,0.775,0.825,-0.016
92,231,0.779,0.828,-0.016
92,232,0.626,0.697,-0.027
92,233,0.689,0.752,-0.023
92,234,0.693,0.756,-0.023
92,235,0.768,0.818,-0.017
92,236,0.828,0.867,-0.013
92,237,0.791,0.838,-0.016
92,238,0.719,0.778,-0.022
92,239,0.732,0.789,-0.021
92,24,0.103,0.152,-0.056
92,240,0.645,0.714,-0.028
92,241,0.695,0.758,-0.024
92,242,0.599,0.673,-0.033
92,243,0.754,0.808,-0.02
92,244,0.61,0.682,-0.032
92,245,0.531,0.611,-0.04
92,246,0.53,0.609,-0.04
92,247,0.724,0.782,-0.023
92,248,0.734,0.79,-0.022
92,249,0.611,0.684,-0.034
92,25,0.109,0.16,-0.055
92,250,0.644,0.713,-0.031
92,251,0.687,0.75,-0.027
92,26,0.176,0.241,-0.046
92,27,0.083,0.127,-0.059
92,28,0.144,0.204,-0.05
92,29,0.129,0.185,-0.052
92,30,0.187,0.255,-0.045
92,31,0.245,0.321,-0.04
92,32,0.144,0.204,-0.05
92,33,0.193,0.262,-0.045
92,34,0.282,0.36,-0.037
92,35,0.129,0.185,-0.053
92,36,0.093,0.14,-0.059
92,37,0.027,0.048,-0.078
92,38,0.074,0.116,-0.063
92,39,0.12,0.175,-0.055
92,40,0.134,0.192,-0.053
92,41,0.055,0.089,-0.068
92,42,0.076,0.118,-0.063
92,43,0.094,0.141,-0.06
92,44,0.072,0.112,-0.065
92,45,0.126,0.181,-0.055
92,46,0.226,0.299,-0.044
92,47,0.047,0.078,-0.072
92,48,0.051,0.084,-0.071
92,49,0.058,0.094,-0.07
92,50,0.074,0.115,-0.066
92,51,0.085,0.13,-0.064
92,52,0.09,0.136,-0.063
92,53,0.083,0.127,-0.065
92,54,0.16,0.223,-0.053
92,55,0.104,0.155,-0.061
92,56,0.079,0.121,-0.067
92,57,0.057,0.092,-0.073
92,58,0.078,0.121,-0.068
92,59,0.091,0.138,-0.065
92,60,0.086,0.13,-0.067
92,61,0.06,0.097,-0.074
92,62,0.049,0.081,-0.078
92,63,0.031,0.054,-0.086
92,64,0.071,0.112,-0.072
92,65,0.059,0.095,-0.075
92,66,0.047,0.078,-0.08
92,67,0.058,0.093,-0.077
92,68,0.094,0.142,-0.068
92,69,0.075,0.116,-0.073
92,7,0.06,0.096,-0.069
92,70,0.041,0.069,-0.084
92,71,0.034,0.059,-0.088
92,72,0.071,0.111,-0.075
92,73,0.062,0.098,-0.078
92,74,0.059,0.094,-0.079
92,75,0.035,0.061,-0.089
92,76,0.03,0.054,-0.092
92,77,0.081,0.125,-0.074
92,78,0.074,0.115,-0.076
92,79,0.053,0.086,-0.083
92,8,0.046,0.076,-0.072
92,80,0.05,0.082,-0.084
92,81,0.042,0.071,-0.088
92,82,0.033,0.058,-0.093
92,83,0.067,0.106,-0.08
92,84,0.036,0.062,-0.092
92,85,0.045,0.076,-0.088
92,86,0.054,0.088,-0.084
92,87,0.046,0.077,-0.088
92,88,0.108,0.159,-0.071
92,89,0.072,0.113,-0.08
92,9,0.069,0.109,-0.065
92,90,0.105,0.155,-0.072
92,91,0.104,0.154,-0.072
92,92,0.191,0.259,-0.058
92,93,0.126,0.182,-0.068
92,94,0.077,0.119,-0.079
92,95,0.051,0.083,-0.088
92,96,0.088,0.133,-0.077
92,97,0.137,0.195,-0.067
92,98,0.129,0.185,-0.068
92,99,0.13,0.187,-0.068
93,10,0.186,0.254,-0.046
93,100,0.091,0.137,-0.076
93,101,0.08,0.122,-0.079
93,102,0.103,0.152,-0.074
93,103,0.094,0.141,-0.076
93,104,0.091,0.138,-0.076
93,105,0.07,0.11,-0.082
93,106,0.053,0.087,-0.088
93,107,0.087,0.132,-0.078
93,108,0.157,0.219,-0.064
93,109,0.151,0.212,-0.065
93,11,0.192,0.261,-0.045
93,110,0.125,0.18,-0.07
93,111,0.109,0.161,-0.073
93,112,0.141,0.2,-0.067
93,113,0.164,0.227,-0.063
93,114,0.115,0.168,-0.072
93,115,0.136,0.194,-0.068
93,116,0.163,0.226,-0.064
93,117,0.159,0.221,-0.065
93,118,0.159,0.222,-0.064
93,119,0.13,0.187,-0.069
93,12,0.165,0.229,-0.048
93,120,0.094,0.141,-0.077
93,121,0.104,0.154,-0.075
93,122,0.121,0.176,-0.071
93,123,0.09,0.137,-0.078
93,124,0.118,0.171,-0.072
93,125,0.114,0.167,-0.073
93,126,0.089,0.135,-0.079
93,127,0.071,0.111,-0.084
93,128,0.058,0.094,-0.088
93,129,0.055,0.09,-0.089
93,13,0.157,0.219,-0.048
93,130,0.086,0.131,-0.08
93,131,0.089,0.135,-0.079
93,132,0.121,0.175,-0.072
93,133,0.149,0.209,-0.067
93,134,0.128,0.184,-0.071
93,135,0.247,0.322,-0.054
93,136,0.282,0.36,-0.05
93,137,0.189,0.257,-0.062
93,138,0.18,0.246,-0.063
93,139,0.196,0.265,-0.06
93,14,0.094,0.141,-0.057
93,140,0.195,0.263,-0.061
93,141,0.124,0.18,-0.072
93,142,0.137,0.195,-0.07
93,143,0.117,0.171,-0.073
93,144,0.105,0.155,-0.076
93,145,0.135,0.193,-0.07
93,146,0.214,0.285,-0.058
93,147,0.167,0.231,-0.065
93,148,0.202,0.272,-0.06
93,149,0.151,0.212,-0.068
93,15,0.074,0.115,-0.061
93,150,0.114,0.166,-0.074
93,151,0.099,0.148,-0.078
93,152,0.083,0.128,-0.082
93,153,0.136,0.194,-0.07
93,154,0.181,0.247,-0.063
93,155,0.13,0.187,-0.072
93,156,0.081,0.124,-0.083
93,157,0.081,0.124,-0.083
93,158,0.104,0.154,-0.077
93,159,0.103,0.153,-0.077
93,16,0.056,0.091,-0.065
93,160,0.182,0.248,-0.063
93,161,0.237,0.311,-0.056
93,162,0.144,0.204,-0.069
93,163,0.1,0.148,-0.078
93,164,0.16,0.223,-0.067
93,165,0.138,0.196,-0.07
93,166,0.146,0.206,-0.069
93,167,0.126,0.182,-0.072
93,168,0.06,0.097,-0.089
93,169,0.082,0.126,-0.082
93,17,0.061,0.098,-0.063
93,170,0.125,0.181,-0.072
93,171,0.178,0.244,-0.063
93,172,0.173,0.238,-0.064
93,173,0.162,0.225,-0.066
93,174,0.109,0.161,-0.075
93,175,0.092,0.138,-0.079
93,176,0.09,0.136,-0.079
93,177,0.1,0.149,-0.077
93,178,0.076,0.117,-0.083
93,179,0.099,0.148,-0.077
93,18,0.047,0.077,-0.067
93,180,0.15,0.211,-0.067
93,181,0.129,0.185,-0.07
93,182,0.144,0.204,-0.067
93,183,0.137,0.195,-0.068
93,184,0.135,0.192,-0.069
93,185,0.148,0.208,-0.067
93,186,0.238,0.312,-0.054
93,187,0.228,0.301,-0.055
93,188,0.134,0.191,-0.069
93,189,0.15,0.211,-0.065
93,19,0.051,0.083,-0.066
93,190,0.122,0.177,-0.07
93,191,0.171,0.236,-0.062
93,192,0.215,0.287,-0.056
93,193,0.311,0.392,-0.046
93,194,0.239,0.313,-0.053
93,195,0.355,0.437,-0.042
93,196,0.21,0.281,-0.056
93,197,0.319,0.399,-0.045
93,198,0.301,0.381,-0.047
93,199,0.359,0.442,-0.041
93,20,0.034,0.059,-0.072
93,200,0.287,0.366,-0.048
93,201,0.295,0.375,-0.047
93,202,0.374,0.457,-0.04
93,203,0.348,0.43,-0.043
93,204,0.376,0.459,-0.04
93,205,0.407,0.491,-0.038
93,206,0.325,0.406,-0.045
93,207,0.383,0.466,-0.04
93,208,0.267,0.344,-0.051
93,209,0.386,0.469,-0.04
93,21,0.018,0.034,-0.08
93,210,0.393,0.477,-0.04
93,211,0.267,0.344,-0.052
93,212,0.267,0.344,-0.052
93,213,0.31,0.39,-0.048
93,214,0.226,0.299,-0.058
93,215,0.282,0.361,-0.052
93,216,0.354,0.436,-0.045
93,217,0.454,0.537,-0.036
93,218,0.416,0.5,-0.04
93,219,0.424,0.507,-0.04
93,22,0.078,0.12,-0.06
93,220,0.322,0.403,-0.049
93,221,0.623,0.694,-0.025
93,222,0.559,0.636,-0.03
93,223,0.402,0.485,-0.043
93,224,0.546,0.625,-0.031
93,225,0.382,0.465,-0.046
93,226,0.426,0.509,-0.042
93,227,0.468,0.55,-0.039
93,228,0.422,0.505,-0.044
93,229,0.564,0.641,-0.032
93,23,0.03,0.052,-0.074
93,230,0.498,0.579,-0.037
93,231,0.423,0.506,-0.045
93,232,0.541,0.619,-0.035
93,233,0.503,0.584,-0.038
93,234,0.465,0.547,-0.042
93,235,0.509,0.59,-0.039
93,236,0.56,0.637,-0.035
93,237,0.513,0.593,-0.039
93,238,0.532,0.612,-0.038
93,239,0.511,0.592,-0.04
93,24,0.054,0.087,-0.065
93,240,0.418,0.501,-0.05
93,241,0.336,0.418,-0.06
93,242,0.32,0.401,-0.062
93,243,0.278,0.356,-0.068
93,244,0.414,0.497,-0.052
93,245,0.408,0.492,-0.053
93,246,0.474,0.556,-0.046
93,247,0.48,0.562,-0.046
93,248,0.472,0.555,-0.047
93,249,0.581,0.657,-0.036
93,25,0.061,0.098,-0.063
93,250,0.633,0.704,-0.032
93,251,0.679,0.743,-0.028
93,26,0.076,0.118,-0.06
93,27,0.017,0.033,-0.081
93,28,0.096,0.144,-0.056
93,29,0.103,0.153,-0.055
93,30,0.052,0.085,-0.066
93,31,0.095,0.143,-0.057
93,32,0.056,0.091,-0.065
93,33,0.057,0.092,-0.065
93,34,0.068,0.107,-0.063
93,35,0.076,0.117,-0.061
93,36,0.07,0.11,-0.063
93,37,0.058,0.093,-0.066
93,38,0.053,0.086,-0.067
93,39,0.026,0.047,-0.077
93,40,0.027,0.048,-0.078
93,41,0.039,0.066,-0.072
93,42,0.065,0.104,-0.065
93,43,0.025,0.045,-0.08
93,44,0.033,0.058,-0.076
93,45,0.053,0.087,-0.069
93,46,0.023,0.042,-0.082
93,47,0.035,0.061,-0.076
93,48,0.057,0.092,-0.069
93,49,0.064,0.102,-0.067
93,50,0.021,0.039,-0.084
93,51,0.06,0.095,-0.069
93,52,0.078,0.121,-0.065
93,53,0.055,0.09,-0.071
93,54,0.075,0.116,-0.066
93,55,0.083,0.128,-0.065
93,56,0.1,0.149,-0.062
93,57,0.058,0.094,-0.072
93,58,0.089,0.135,-0.065
93,59,0.102,0.152,-0.063
93,60,0.061,0.097,-0.072
93,61,0.044,0.074,-0.078
93,62,0.066,0.105,-0.071
93,63,0.064,0.101,-0.072
93,64,0.08,0.123,-0.069
93,65,0.036,0.063,-0.083
93,66,0.068,0.106,-0.073
93,67,0.064,0.102,-0.074
93,68,0.056,0.09,-0.077
93,69,0.027,0.048,-0.09
93,7,0.301,0.381,-0.037
93,70,0.041,0.069,-0.083
93,71,0.033,0.058,-0.088
93,72,0.079,0.122,-0.073
93,73,0.034,0.059,-0.088
93,74,0.046,0.077,-0.083
93,75,0.027,0.049,-0.093
93,76,0.023,0.042,-0.096
93,77,0.027,0.048,-0.094
93,78,0.06,0.097,-0.08
93,79,0.039,0.067,-0.088
93,8,0.567,0.644,-0.02
93,80,0.013,0.026,-0.106
93,81,0.03,0.053,-0.093
93,82,0.025,0.045,-0.097
93,83,0.054,0.088,-0.083
93,84,0.035,0.06,-0.092
93,85,0.062,0.098,-0.082
93,86,0.076,0.117,-0.078
93,87,0.117,0.17,-0.069
93,88,0.052,0.085,-0.085
93,89,0.053,0.087,-0.085
93,9,0.195,0.264,-0.046
93,90,0.055,0.089,-0.085
93,91,0.064,0.102,-0.082
93,92,0.1,0.149,-0.073
93,93,0.045,0.075,-0.089
93,94,0.038,0.066,-0.092
93,95,0.047,0.078,-0.089
93,96,0.041,0.069,-0.092
93,97,0.035,0.061,-0.095
93,98,0.031,0.054,-0.097
93,99,0.044,0.073,-0.091
94,10,0.064,0.101,-0.064
94,100,0.158,0.22,-0.064
94,101,0.08,0.124,-0.079
94,102,0.097,0.145,-0.075
94,103,0.093,0.139,-0.076
94,104,0.117,0.171,-0.071
94,105,0.22,0.292,-0.055
94,106,0.203,0.273,-0.058
94,107,0.203,0.273,-0.058
94,108,0.126,0.181,-0.07
94,109,0.124,0.179,-0.07
94,11,0.043,0.072,-0.07
94,110,0.226,0.299,-0.055
94,111,0.216,0.287,-0.057
94,112,0.185,0.252,-0.061
94,113,0.189,0.257,-0.06
94,114,0.146,0.206,-0.067
94,115,0.17,0.234,-0.063
94,116,0.112,0.165,-0.073
94,117,0.113,0.165,-0.073
94,118,0.118,0.172,-0.072
94,119,0.174,0.239,-0.063
94,12,0.09,0.136,-0.058
94,120,0.11,0.162,-0.074
94,121,0.125,0.181,-0.071
94,122,0.112,0.164,-0.074
94,123,0.084,0.128,-0.081
94,124,0.121,0.175,-0.072
94,125,0.135,0.193,-0.07
94,126,0.127,0.182,-0.071
94,127,0.126,0.182,-0.071
94,128,0.165,0.229,-0.065
94,129,0.143,0.202,-0.069
94,13,0.044,0.074,-0.068
94,130,0.086,0.131,-0.08
94,131,0.099,0.148,-0.077
94,132,0.121,0.176,-0.073
94,133,0.203,0.273,-0.06
94,134,0.146,0.206,-0.068
94,135,0.151,0.212,-0.067
94,136,0.161,0.224,-0.066
94,137,0.124,0.18,-0.072
94,138,0.138,0.196,-0.07
94,139,0.139,0.197,-0.07
94,14,0.033,0.058,-0.072
94,140,0.169,0.233,-0.065
94,141,0.104,0.154,-0.076
94,142,0.119,0.173,-0.073
94,143,0.219,0.291,-0.058
94,144,0.103,0.152,-0.077
94,145,0.066,0.104,-0.087
94,146,0.07,0.11,-0.085
94,147,0.069,0.109,-0.086
94,148,0.069,0.108,-0.086
94,149,0.088,0.133,-0.081
94,15,0.056,0.091,-0.064
94,150,0.082,0.125,-0.082
94,151,0.109,0.161,-0.076
94,152,0.073,0.114,-0.085
94,153,0.079,0.122,-0.083
94,154,0.124,0.179,-0.073
94,155,0.162,0.226,-0.066
94,156,0.152,0.214,-0.068
94,157,0.149,0.209,-0.068
94,158,0.117,0.171,-0.074
94,159,0.127,0.183,-0.072
94,16,0.038,0.065,-0.07
94,160,0.129,0.186,-0.071
94,161,0.122,0.177,-0.073
94,162,0.129,0.185,-0.072
94,163,0.141,0.2,-0.07
94,164,0.084,0.129,-0.081
94,165,0.117,0.17,-0.074
94,166,0.172,0.237,-0.065
94,167,0.19,0.258,-0.062
94,168,0.164,0.228,-0.066
94,169,0.118,0.172,-0.074
94,17,0.048,0.08,-0.066
94,170,0.119,0.173,-0.073
94,171,0.12,0.174,-0.073
94,172,0.105,0.156,-0.076
94,173,0.082,0.126,-0.081
94,174,0.079,0.121,-0.082
94,175,0.09,0.137,-0.079
94,176,0.064,0.102,-0.086
94,177,0.098,0.146,-0.077
94,178,0.116,0.169,-0.073
94,179,0.091,0.137,-0.078
94,18,0.061,0.098,-0.063
94,180,0.119,0.173,-0.072
94,181,0.085,0.13,-0.079
94,182,0.109,0.161,-0.074
94,183,0.107,0.158,-0.074
94,184,0.153,0.215,-0.065
94,185,0.187,0.254,-0.06
94,186,0.173,0.238,-0.062
94,187,0.244,0.319,-0.053
94,188,0.24,0.315,-0.053
94,189,0.276,0.354,-0.049
94,19,0.049,0.08,-0.066
94,190,0.319,0.4,-0.045
94,191,0.304,0.383,-0.046
94,192,0.231,0.305,-0.054
94,193,0.3,0.38,-0.047
94,194,0.385,0.468,-0.039
94,195,0.378,0.461,-0.04
94,196,0.277,0.355,-0.049
94,197,0.366,0.449,-0.041
94,198,0.319,0.4,-0.045
94,199,0.346,0.428,-0.042
94,20,0.039,0.067,-0.069
94,200,0.34,0.422,-0.043
94,201,0.355,0.437,-0.042
94,202,0.447,0.53,-0.034
94,203,0.504,0.585,-0.03
94,204,0.508,0.589,-0.03
94,205,0.419,0.502,-0.037
94,206,0.376,0.459,-0.041
94,207,0.468,0.55,-0.033
94,208,0.353,0.435,-0.043
94,209,0.482,0.564,-0.033
94,21,0.051,0.084,-0.065
94,210,0.547,0.625,-0.028
94,211,0.552,0.63,-0.028
94,212,0.433,0.516,-0.037
94,213,0.537,0.616,-0.029
94,214,0.519,0.599,-0.031
94,215,0.693,0.756,-0.019
94,216,0.711,0.771,-0.018
94,217,0.727,0.785,-0.017
94,218,0.621,0.693,-0.025
94,219,0.665,0.732,-0.022
94,22,0.057,0.092,-0.064
94,220,0.682,0.746,-0.021
94,221,0.581,0.656,-0.028
94,222,0.707,0.768,-0.019
94,223,0.811,0.854,-0.013
94,224,0.803,0.848,-0.013
94,225,0.831,0.87,-0.011
94,226,0.755,0.808,-0.017
94,227,0.852,0.887,-0.01
94,228,0.791,0.838,-0.015
94,229,0.843,0.88,-0.011
94,23,0.059,0.094,-0.063
94,230,0.671,0.737,-0.024
94,231,0.684,0.748,-0.023
94,232,0.594,0.669,-0.031
94,233,0.719,0.778,-0.021
94,234,0.744,0.799,-0.019
94,235,0.546,0.624,-0.036
94,236,0.656,0.723,-0.027
94,237,0.684,0.747,-0.025
94,238,0.571,0.648,-0.034
94,239,0.554,0.632,-0.036
94,24,0.055,0.089,-0.064
94,240,0.699,0.76,-0.024
94,241,0.459,0.542,-0.046
94,242,0.51,0.591,-0.041
94,243,0.625,0.696,-0.031
94,244,0.49,0.571,-0.044
94,245,0.587,0.662,-0.035
94,246,0.649,0.717,-0.029
94,247,0.64,0.709,-0.03
94,248,0.613,0.686,-0.033
94,249,0.525,0.605,-0.042
94,25,0.066,0.104,-0.062
94,250,0.803,0.848,-0.016
94,251,0.68,0.744,-0.027
94,26,0.05,0.082,-0.066
94,27,0.037,0.063,-0.07
94,28,0.049,0.081,-0.067
94,29,0.047,0.078,-0.067
94,30,0.067,0.106,-0.062
94,31,0.069,0.109,-0.062
94,32,0.094,0.142,-0.057
94,33,0.045,0.075,-0.069
94,34,0.045,0.075,-0.068
94,35,0.026,0.048,-0.076
94,36,0.055,0.09,-0.066
94,37,0.11,0.162,-0.055
94,38,0.03,0.053,-0.075
94,39,0.057,0.092,-0.066
94,40,0.072,0.112,-0.063
94,41,0.047,0.078,-0.069
94,42,0.056,0.09,-0.067
94,43,0.066,0.105,-0.065
94,44,0.067,0.106,-0.064
94,45,0.032,0.056,-0.076
94,46,0.066,0.105,-0.066
94,47,0.085,0.129,-0.062
94,48,0.078,0.12,-0.064
94,49,0.065,0.103,-0.067
94,50,0.052,0.085,-0.071
94,51,0.044,0.074,-0.074
94,52,0.126,0.181,-0.056
94,53,0.106,0.156,-0.06
94,54,0.062,0.099,-0.069
94,55,0.08,0.123,-0.066
94,56,0.093,0.14,-0.063
94,57,0.07,0.109,-0.069
94,58,0.101,0.15,-0.062
94,59,0.159,0.221,-0.054
94,60,0.097,0.145,-0.064
94,61,0.093,0.141,-0.064
94,62,0.213,0.284,-0.048
94,63,0.154,0.215,-0.056
94,64,0.128,0.184,-0.06
94,65,0.056,0.091,-0.076
94,66,0.09,0.136,-0.067
94,67,0.106,0.157,-0.064
94,68,0.082,0.126,-0.069
94,69,0.147,0.207,-0.059
94,7,0.202,0.272,-0.046
94,70,0.171,0.236,-0.056
94,71,0.15,0.211,-0.058
94,72,0.14,0.199,-0.06
94,73,0.147,0.207,-0.06
94,74,0.141,0.199,-0.061
94,75,0.133,0.191,-0.063
94,76,0.044,0.073,-0.084
94,77,0.051,0.084,-0.082
94,78,0.065,0.102,-0.078
94,79,0.078,0.121,-0.074
94,8,0.156,0.218,-0.05
94,80,0.074,0.115,-0.076
94,81,0.084,0.129,-0.074
94,82,0.123,0.178,-0.066
94,83,0.078,0.121,-0.076
94,84,0.057,0.092,-0.082
94,85,0.157,0.219,-0.061
94,86,0.069,0.108,-0.079
94,87,0.086,0.131,-0.075
94,88,0.086,0.131,-0.075
94,89,0.103,0.153,-0.072
94,9,0.143,0.202,-0.051
94,90,0.107,0.158,-0.071
94,91,0.122,0.177,-0.068
94,92,0.072,0.112,-0.08
94,93,0.093,0.14,-0.074
94,94,0.1,0.149,-0.073
94,95,0.08,0.123,-0.078
94,96,0.049,0.08,-0.088
94,97,0.075,0.117,-0.079
94,98,0.077,0.119,-0.079
94,99,0.085,0.13,-0.077
95,10,0.137,0.195,-0.051
95,100,0.058,0.094,-0.085
95,101,0.037,0.063,-0.094
95,102,0.101,0.151,-0.074
95,103,0.095,0.143,-0.075
95,104,0.056,0.09,-0.087
95,105,0.055,0.09,-0.087
95,106,0.053,0.087,-0.088
95,107,0.083,0.127,-0.079
95,108,0.072,0.112,-0.082
95,109,0.053,0.086,-0.088
95,11,0.172,0.237,-0.047
95,110,0.062,0.099,-0.085
95,111,0.042,0.071,-0.093
95,112,0.054,0.088,-0.088
95,113,0.094,0.141,-0.077
95,114,0.075,0.116,-0.082
95,115,0.115,0.168,-0.073
95,116,0.07,0.109,-0.084
95,117,0.11,0.162,-0.074
95,118,0.108,0.159,-0.074
95,119,0.095,0.143,-0.077
95,12,0.239,0.314,-0.04
95,120,0.116,0.169,-0.073
95,121,0.122,0.177,-0.072
95,122,0.134,0.192,-0.07
95,123,0.287,0.365,-0.05
95,124,0.163,0.226,-0.065
95,125,0.126,0.181,-0.071
95,126,0.163,0.226,-0.065
95,127,0.135,0.192,-0.07
95,128,0.129,0.185,-0.071
95,129,0.11,0.162,-0.075
95,13,0.21,0.281,-0.042
95,130,0.12,0.174,-0.073
95,131,0.111,0.163,-0.075
95,132,0.131,0.188,-0.071
95,133,0.19,0.257,-0.062
95,134,0.126,0.181,-0.072
95,135,0.1,0.149,-0.077
95,136,0.098,0.146,-0.078
95,137,0.192,0.261,-0.061
95,138,0.175,0.24,-0.064
95,139,0.196,0.265,-0.061
95,14,0.166,0.23,-0.047
95,140,0.157,0.219,-0.067
95,141,0.136,0.194,-0.07
95,142,0.125,0.181,-0.072
95,143,0.115,0.167,-0.074
95,144,0.131,0.187,-0.071
95,145,0.108,0.159,-0.076
95,146,0.086,0.131,-0.081
95,147,0.167,0.231,-0.065
95,148,0.075,0.117,-0.084
95,149,0.068,0.107,-0.087
95,15,0.159,0.222,-0.048
95,150,0.101,0.15,-0.078
95,151,0.081,0.124,-0.083
95,152,0.074,0.114,-0.085
95,153,0.065,0.103,-0.087
95,154,0.066,0.105,-0.087
95,155,0.054,0.088,-0.091
95,156,0.052,0.086,-0.092
95,157,0.102,0.151,-0.078
95,158,0.089,0.135,-0.08
95,159,0.082,0.125,-0.082
95,16,0.109,0.16,-0.054
95,160,0.075,0.117,-0.084
95,161,0.091,0.137,-0.08
95,162,0.121,0.175,-0.073
95,163,0.089,0.134,-0.08
95,164,0.086,0.131,-0.081
95,165,0.08,0.122,-0.083
95,166,0.055,0.089,-0.091
95,167,0.047,0.078,-0.093
95,168,0.047,0.078,-0.093
95,169,0.036,0.061,-0.099
95,17,0.204,0.274,-0.043
95,170,0.084,0.128,-0.081
95,171,0.074,0.115,-0.084
95,172,0.052,0.085,-0.091
95,173,0.095,0.143,-0.078
95,174,0.118,0.171,-0.073
95,175,0.09,0.136,-0.079
95,176,0.048,0.08,-0.092
95,177,0.053,0.086,-0.09
95,178,0.052,0.085,-0.09
95,179,0.044,0.073,-0.093
95,18,0.113,0.166,-0.053
95,180,0.047,0.077,-0.092
95,181,0.083,0.126,-0.08
95,182,0.11,0.161,-0.073
95,183,0.136,0.194,-0.068
95,184,0.132,0.189,-0.069
95,185,0.167,0.231,-0.063
95,186,0.164,0.228,-0.063
95,187,0.216,0.288,-0.056
95,188,0.271,0.348,-0.05
95,189,0.254,0.33,-0.052
95,19,0.082,0.126,-0.059
95,190,0.256,0.332,-0.051
95,191,0.275,0.353,-0.049
95,192,0.328,0.409,-0.044
95,193,0.317,0.398,-0.045
95,194,0.357,0.439,-0.041
95,195,0.456,0.539,-0.034
95,196,0.511,0.591,-0.03
95,197,0.432,0.515,-0.035
95,198,0.547,0.626,-0.027
95,199,0.463,0.545,-0.033
95,20,0.119,0.173,-0.052
95,200,0.535,0.614,-0.028
95,201,0.571,0.647,-0.026
95,202,0.629,0.699,-0.022
95,203,0.538,0.617,-0.028
95,204,0.431,0.514,-0.036
95,205,0.422,0.505,-0.037
95,206,0.43,0.513,-0.037
95,207,0.459,0.542,-0.034
95,208,0.561,0.638,-0.027
95,209,0.468,0.55,-0.034
95,21,0.099,0.148,-0.056
95,210,0.662,0.729,-0.021
95,211,0.783,0.831,-0.013
95,212,0.568,0.644,-0.027
95,213,0.61,0.682,-0.025
95,214,0.581,0.657,-0.027
95,215,0.651,0.719,-0.022
95,216,0.71,0.77,-0.018
95,217,0.663,0.729,-0.022
95,218,0.631,0.701,-0.024
95,219,0.686,0.75,-0.021
95,22,0.123,0.178,-0.052
95,220,0.694,0.756,-0.02
95,221,0.514,0.594,-0.034
95,222,0.57,0.647,-0.03
95,223,0.641,0.71,-0.025
95,224,0.686,0.75,-0.022
95,225,0.546,0.624,-0.033
95,226,0.537,0.616,-0.034
95,227,0.651,0.719,-0.025
95,228,0.705,0.766,-0.021
95,229,0.678,0.743,-0.023
95,23,0.147,0.208,-0.049
95,230,0.824,0.864,-0.013
95,231,0.62,0.692,-0.029
95,232,0.764,0.815,-0.017
95,233,0.474,0.556,-0.042
95,234,0.519,0.599,-0.038
95,235,0.624,0.695,-0.029
95,236,0.596,0.67,-0.032
95,237,0.643,0.712,-0.028
95,238,0.734,0.791,-0.021
95,239,0.562,0.639,-0.036
95,24,0.117,0.17,-0.053
95,240,0.62,0.691,-0.031
95,241,0.525,0.604,-0.04
95,242,0.622,0.693,-0.031
95,243,0.729,0.786,-0.022
95,244,0.61,0.682,-0.032
95,245,0.779,0.828,-0.018
95,246,0.871,0.902,-0.01
95,247,0.96,0.97,-0.003
95,248,0.971,0.979,-0.002
95,249,0.993,0.995,-0.001
95,25,0.051,0.084,-0.066
95,250,0.96,0.97,-0.003
95,251,0.94,0.955,0.005
95,26,0.252,0.328,-0.039
95,27,0.143,0.202,-0.05
95,28,0.155,0.217,-0.049
95,29,0.134,0.191,-0.051
95,30,0.112,0.164,-0.054
95,31,0.256,0.332,-0.039
95,32,0.139,0.198,-0.051
95,33,0.151,0.212,-0.049
95,34,0.135,0.192,-0.051
95,35,0.079,0.121,-0.06
95,36,0.05,0.083,-0.067
95,37,0.14,0.198,-0.051
95,38,0.123,0.178,-0.053
95,39,0.13,0.187,-0.053
95,40,0.171,0.236,-0.047
95,41,0.095,0.142,-0.058
95,42,0.049,0.081,-0.069
95,43,0.072,0.112,-0.063
95,44,0.059,0.095,-0.066
95,45,0.05,0.082,-0.069
95,46,0.074,0.116,-0.063
95,47,0.095,0.143,-0.06
95,48,0.063,0.1,-0.066
95,49,0.069,0.108,-0.066
95,50,0.115,0.168,-0.057
95,51,0.101,0.151,-0.06
95,52,0.022,0.04,-0.084
95,53,0.083,0.127,-0.064
95,54,0.093,0.14,-0.062
95,55,0.052,0.084,-0.073
95,56,0.101,0.15,-0.061
95,57,0.128,0.184,-0.057
95,58,0.173,0.238,-0.051
95,59,0.13,0.186,-0.057
95,60,0.078,0.12,-0.067
95,61,0.067,0.106,-0.07
95,62,0.156,0.218,-0.055
95,63,0.158,0.22,-0.055
95,64,0.154,0.216,-0.055
95,65,0.171,0.236,-0.054
95,66,0.212,0.284,-0.049
95,67,0.225,0.298,-0.048
95,68,0.146,0.206,-0.058
95,69,0.134,0.192,-0.06
95,7,0.573,0.65,-0.02
95,70,0.123,0.178,-0.062
95,71,0.214,0.285,-0.05
95,72,0.168,0.233,-0.056
95,73,0.113,0.166,-0.065
95,74,0.13,0.186,-0.062
95,75,0.133,0.19,-0.062
95,76,0.152,0.213,-0.06
95,77,0.172,0.237,-0.057
95,78,0.169,0.234,-0.058
95,79,0.139,0.197,-0.062
95,8,0.415,0.498,-0.029
95,80,0.088,0.133,-0.072
95,81,0.135,0.192,-0.064
95,82,0.157,0.219,-0.061
95,83,0.114,0.167,-0.068
95,84,0.106,0.157,-0.07
95,85,0.053,0.087,-0.084
95,86,0.06,0.096,-0.082
95,87,0.119,0.173,-0.068
95,88,0.12,0.175,-0.068
95,89,0.131,0.188,-0.066
95,9,0.32,0.401,-0.035
95,90,0.096,0.144,-0.073
95,91,0.061,0.098,-0.082
95,92,0.062,0.099,-0.082
95,93,0.067,0.106,-0.081
95,94,0.041,0.07,-0.091
95,95,0.05,0.082,-0.087
95,96,0.048,0.079,-0.088
95,97,0.04,0.067,-0.092
95,98,0.086,0.131,-0.077
95,99,0.089,0.135,-0.076
96,10,0.258,0.335,-0.04
96,100,0.068,0.107,-0.082
96,101,0.101,0.15,-0.074
96,102,0.089,0.135,-0.076
96,103,0.069,0.108,-0.082
96,104,0.114,0.166,-0.071
96,105,0.086,0.13,-0.078
96,106,0.079,0.122,-0.079
96,107,0.077,0.119,-0.08
96,108,0.06,0.096,-0.085
96,109,0.048,0.079,-0.09
96,11,0.099,0.147,-0.057
96,110,0.085,0.13,-0.078
96,111,0.085,0.129,-0.079
96,112,0.126,0.182,-0.07
96,113,0.104,0.154,-0.074
96,114,0.08,0.122,-0.08
96,115,0.09,0.136,-0.078
96,116,0.129,0.185,-0.07
96,117,0.121,0.175,-0.071
96,118,0.066,0.104,-0.085
96,119,0.08,0.123,-0.081
96,12,0.135,0.193,-0.052
96,120,0.118,0.172,-0.072
96,121,0.091,0.137,-0.079
96,122,0.129,0.185,-0.07
96,123,0.117,0.171,-0.073
96,124,0.126,0.181,-0.071
96,125,0.096,0.144,-0.077
96,126,0.137,0.195,-0.069
96,127,0.085,0.129,-0.08
96,128,0.087,0.132,-0.08
96,129,0.082,0.126,-0.081
96,13,0.207,0.277,-0.043
96,130,0.078,0.12,-0.082
96,131,0.094,0.141,-0.078
96,132,0.084,0.129,-0.081
96,133,0.072,0.113,-0.084
96,134,0.084,0.128,-0.081
96,135,0.117,0.171,-0.073
96,136,0.132,0.188,-0.07
96,137,0.067,0.106,-0.086
96,138,0.05,0.083,-0.092
96,139,0.056,0.091,-0.09
96,14,0.165,0.229,-0.047
96,140,0.049,0.081,-0.093
96,141,0.049,0.08,-0.093
96,142,0.062,0.1,-0.088
96,143,0.091,0.138,-0.079
96,144,0.062,0.099,-0.088
96,145,0.057,0.092,-0.089
96,146,0.037,0.064,-0.098
96,147,0.056,0.091,-0.09
96,148,0.074,0.115,-0.084
96,149,0.052,0.085,-0.092
96,15,0.065,0.103,-0.063
96,150,0.081,0.124,-0.082
96,151,0.067,0.106,-0.086
96,152,0.105,0.155,-0.076
96,153,0.136,0.194,-0.07
96,154,0.141,0.2,-0.07
96,155,0.081,0.125,-0.082
96,156,0.074,0.116,-0.084
96,157,0.101,0.15,-0.078
96,158,0.081,0.124,-0.083
96,159,0.07,0.11,-0.086
96,16,0.143,0.202,-0.05
96,160,0.081,0.124,-0.083
96,161,0.058,0.093,-0.089
96,162,0.07,0.11,-0.085
96,163,0.066,0.104,-0.087
96,164,0.066,0.105,-0.086
96,165,0.075,0.117,-0.083
96,166,0.046,0.076,-0.094
96,167,0.084,0.129,-0.081
96,168,0.061,0.097,-0.088
96,169,0.072,0.113,-0.084
96,17,0.074,0.115,-0.06
96,170,0.153,0.215,-0.067
96,171,0.126,0.182,-0.071
96,172,0.136,0.194,-0.069
96,173,0.188,0.256,-0.061
96,174,0.205,0.275,-0.059
96,175,0.22,0.292,-0.057
96,176,0.193,0.261,-0.06
96,177,0.217,0.289,-0.057
96,178,0.172,0.237,-0.063
96,179,0.206,0.276,-0.058
96,18,0.137,0.195,-0.05
96,180,0.186,0.253,-0.06
96,181,0.228,0.301,-0.055
96,182,0.282,0.36,-0.049
96,183,0.213,0.285,-0.056
96,184,0.242,0.317,-0.053
96,185,0.202,0.272,-0.058
96,186,0.297,0.376,-0.047
96,187,0.295,0.374,-0.047
96,188,0.299,0.379,-0.047
96,189,0.233,0.307,-0.054
96,19,0.062,0.099,-0.063
96,190,0.258,0.334,-0.051
96,191,0.249,0.325,-0.052
96,192,0.326,0.408,-0.044
96,193,0.246,0.321,-0.052
96,194,0.287,0.365,-0.048
96,195,0.271,0.349,-0.05
96,196,0.313,0.393,-0.046
96,197,0.191,0.259,-0.059
96,198,0.289,0.368,-0.048
96,199,0.355,0.437,-0.042
96,20,0.049,0.08,-0.066
96,200,0.247,0.322,-0.053
96,201,0.24,0.314,-0.054
96,202,0.362,0.444,-0.042
96,203,0.466,0.548,-0.034
96,204,0.428,0.511,-0.037
96,205,0.317,0.398,-0.047
96,206,0.484,0.566,-0.033
96,207,0.48,0.562,-0.033
96,208,0.344,0.426,-0.045
96,209,0.575,0.651,-0.027
96,21,0.068,0.107,-0.061
96,210,0.561,0.639,-0.028
96,211,0.582,0.657,-0.027
96,212,0.543,0.622,-0.03
96,213,0.53,0.609,-0.031
96,214,0.738,0.794,-0.017
96,215,0.559,0.636,-0.029
96,216,0.766,0.817,-0.015
96,217,0.687,0.75,-0.021
96,218,0.828,0.868,-0.011
96,219,0.798,0.844,-0.013
96,22,0.16,0.223,-0.047
96,220,0.738,0.794,-0.018
96,221,0.579,0.655,-0.029
96,222,0.927,0.945,-0.005
96,223,0.746,0.801,-0.018
96,224,0.839,0.876,-0.011
96,225,0.878,0.907,-0.008
96,226,0.812,0.855,-0.013
96,227,0.684,0.748,-0.023
96,228,0.813,0.856,-0.013
96,229,0.711,0.771,-0.021
96,23,0.119,0.173,-0.052
96,230,0.645,0.714,-0.027
96,231,0.734,0.79,-0.02
96,232,0.717,0.776,-0.021
96,233,0.709,0.769,-0.022
96,234,0.595,0.67,-0.032
96,235,0.513,0.593,-0.04
96,236,0.58,0.655,-0.034
96,237,0.622,0.694,-0.03
96,238,0.558,0.636,-0.036
96,239,0.605,0.678,-0.032
96,24,0.125,0.18,-0.051
96,240,0.545,0.624,-0.038
96,241,0.594,0.669,-0.033
96,242,0.666,0.732,-0.027
96,243,0.734,0.791,-0.021
96,244,0.753,0.807,-0.02
96,245,0.826,0.866,-0.014
96,246,0.88,0.909,-0.01
96,247,0.988,0.991,0.001
96,248,0.879,0.908,-0.01
96,249,0.957,0.968,-0.004
96,25,0.063,0.101,-0.062
96,250,0.89,0.917,0.009
96,251,0.948,0.961,0.004
96,26,0.031,0.055,-0.072
96,27,0.049,0.081,-0.066
96,28,0.1,0.15,-0.055
96,29,0.1,0.149,-0.055
96,30,0.039,0.067,-0.07
96,31,0.065,0.103,-0.063
96,32,0.098,0.146,-0.056
96,33,0.041,0.07,-0.069
96,34,0.1,0.148,-0.056
96,35,0.099,0.148,-0.056
96,36,0.062,0.099,-0.064
96,37,0.061,0.097,-0.064
96,38,0.054,0.087,-0.066
96,39,0.208,0.279,-0.043
96,40,0.155,0.217,-0.049
96,41,0.159,0.221,-0.049
96,42,0.117,0.17,-0.055
96,43,0.194,0.263,-0.045
96,44,0.258,0.335,-0.04
96,45,0.09,0.136,-0.06
96,46,0.117,0.17,-0.055
96,47,0.169,0.234,-0.049
96,48,0.141,0.2,-0.053
96,49,0.061,0.097,-0.067
96,50,0.116,0.17,-0.057
96,51,0.107,0.158,-0.059
96,52,0.088,0.134,-0.062
96,53,0.145,0.204,-0.053
96,54,0.204,0.274,-0.047
96,55,0.089,0.135,-0.063
96,56,0.151,0.212,-0.053
96,57,0.137,0.195,-0.055
96,58,0.149,0.209,-0.054
96,59,0.182,0.249,-0.05
96,60,0.24,0.314,-0.045
96,61,0.139,0.198,-0.056
96,62,0.073,0.114,-0.068
96,63,0.102,0.152,-0.063
96,64,0.112,0.165,-0.061
96,65,0.078,0.121,-0.068
96,66,0.133,0.19,-0.059
96,67,0.098,0.146,-0.065
96,68,0.113,0.165,-0.062
96,69,0.11,0.162,-0.063
96,7,0.437,0.52,-0.028
96,70,0.074,0.114,-0.071
96,71,0.036,0.063,-0.084
96,72,0.039,0.067,-0.083
96,73,0.046,0.077,-0.081
96,74,0.05,0.082,-0.08
96,75,0.078,0.12,-0.072
96,76,0.039,0.067,-0.085
96,77,0.063,0.1,-0.077
96,78,0.051,0.083,-0.081
96,79,0.04,0.067,-0.086
96,8,0.246,0.321,-0.041
96,80,0.048,0.079,-0.084
96,81,0.105,0.156,-0.069
96,82,0.106,0.156,-0.068
96,83,0.038,0.065,-0.088
96,84,0.08,0.123,-0.075
96,85,0.052,0.085,-0.083
96,86,0.073,0.113,-0.077
96,87,0.053,0.086,-0.084
96,88,0.076,0.118,-0.077
96,89,0.055,0.089,-0.083
96,9,0.282,0.36,-0.038
96,90,0.042,0.071,-0.089
96,91,0.087,0.133,-0.075
96,92,0.047,0.078,-0.087
96,93,0.057,0.091,-0.084
96,94,0.07,0.109,-0.08
96,95,0.093,0.139,-0.074
96,96,0.111,0.163,-0.071
96,97,0.05,0.082,-0.087
96,98,0.073,0.114,-0.08
96,99,0.099,0.148,-0.074
97,10,0.163,0.226,-0.049
97,100,0.033,0.058,-0.095
97,101,0.047,0.078,-0.089
97,102,0.087,0.132,-0.077
97,103,0.057,0.091,-0.086
97,104,0.061,0.097,-0.085
97,105,0.078,0.121,-0.079
97,106,0.105,0.155,-0.073
97,107,0.176,0.241,-0.061
97,108,0.124,0.179,-0.07
97,109,0.057,0.092,-0.086
97,11,0.069,0.108,-0.063
97,110,0.095,0.142,-0.076
97,111,0.103,0.153,-0.075
97,112,0.093,0.141,-0.077
97,113,0.087,0.132,-0.079
97,114,0.06,0.096,-0.087
97,115,0.058,0.093,-0.087
97,116,0.06,0.097,-0.087
97,117,0.09,0.136,-0.078
97,118,0.085,0.13,-0.079
97,119,0.102,0.151,-0.076
97,12,0.173,0.239,-0.047
97,120,0.125,0.18,-0.071
97,121,0.114,0.166,-0.074
97,122,0.083,0.127,-0.08
97,123,0.163,0.226,-0.065
97,124,0.164,0.228,-0.065
97,125,0.133,0.19,-0.07
97,126,0.179,0.245,-0.063
97,127,0.11,0.162,-0.075
97,128,0.14,0.198,-0.069
97,129,0.136,0.194,-0.07
97,13,0.099,0.147,-0.056
97,130,0.142,0.201,-0.069
97,131,0.16,0.223,-0.066
97,132,0.171,0.236,-0.064
97,133,0.154,0.216,-0.067
97,134,0.126,0.181,-0.072
97,135,0.08,0.122,-0.082
97,136,0.084,0.128,-0.081
97,137,0.145,0.205,-0.068
97,138,0.132,0.189,-0.071
97,139,0.057,0.092,-0.089
97,14,0.053,0.087,-0.065
97,140,0.048,0.079,-0.093
97,141,0.083,0.127,-0.081
97,142,0.093,0.14,-0.079
97,143,0.085,0.129,-0.081
97,144,0.089,0.134,-0.08
97,145,0.068,0.107,-0.086
97,146,0.078,0.12,-0.083
97,147,0.08,0.122,-0.082
97,148,0.047,0.078,-0.093
97,149,0.066,0.104,-0.087
97,15,0.108,0.159,-0.054
97,150,0.041,0.069,-0.096
97,151,0.069,0.108,-0.085
97,152,0.085,0.129,-0.081
97,153,0.063,0.101,-0.087
97,154,0.062,0.099,-0.088
97,155,0.059,0.095,-0.089
97,156,0.08,0.123,-0.082
97,157,0.085,0.129,-0.081
97,158,0.062,0.099,-0.088
97,159,0.066,0.104,-0.086
97,16,0.153,0.215,-0.048
97,160,0.117,0.171,-0.073
97,161,0.103,0.153,-0.076
97,162,0.057,0.091,-0.089
97,163,0.129,0.185,-0.071
97,164,0.126,0.182,-0.072
97,165,0.113,0.166,-0.074
97,166,0.181,0.248,-0.062
97,167,0.211,0.282,-0.058
97,168,0.118,0.172,-0.073
97,169,0.136,0.193,-0.069
97,17,0.123,0.178,-0.052
97,170,0.121,0.175,-0.072
97,171,0.121,0.175,-0.072
97,172,0.118,0.172,-0.072
97,173,0.133,0.19,-0.069
97,174,0.09,0.136,-0.078
97,175,0.073,0.114,-0.082
97,176,0.143,0.202,-0.067
97,177,0.083,0.127,-0.079
97,178,0.061,0.097,-0.085
97,179,0.095,0.142,-0.076
97,18,0.198,0.267,-0.043
97,180,0.141,0.199,-0.067
97,181,0.109,0.161,-0.072
97,182,0.078,0.121,-0.08
97,183,0.106,0.157,-0.073
97,184,0.123,0.178,-0.07
97,185,0.168,0.232,-0.062
97,186,0.154,0.216,-0.064
97,187,0.152,0.213,-0.065
97,188,0.272,0.349,-0.05
97,189,0.292,0.372,-0.047
97,19,0.204,0.274,-0.042
97,190,0.258,0.335,-0.051
97,191,0.31,0.391,-0.046
97,192,0.308,0.389,-0.046
97,193,0.346,0.428,-0.043
97,194,0.199,0.269,-0.058
97,195,0.423,0.506,-0.036
97,196,0.438,0.521,-0.035
97,197,0.448,0.53,-0.035
97,198,0.458,0.54,-0.034
97,199,0.408,0.491,-0.038
97,20,0.145,0.205,-0.049
97,200,0.729,0.786,-0.016
97,201,0.583,0.658,-0.025
97,202,0.654,0.722,-0.021
97,203,0.889,0.916,-0.007
97,204,0.887,0.914,-0.007
97,205,0.836,0.874,-0.01
97,206,0.592,0.667,-0.025
97,207,0.535,0.614,-0.03
97,208,0.67,0.735,-0.02
97,209,0.559,0.636,-0.028
97,21,0.095,0.143,-0.056
97,210,0.658,0.725,-0.022
97,211,0.514,0.595,-0.032
97,212,0.603,0.677,-0.026
97,213,0.626,0.697,-0.024
97,214,0.716,0.775,-0.018
97,215,0.758,0.811,-0.016
97,216,0.561,0.638,-0.03
97,217,0.696,0.758,-0.02
97,218,0.575,0.651,-0.029
97,219,0.438,0.521,-0.041
97,22,0.164,0.228,-0.046
97,220,0.603,0.677,-0.028
97,221,0.723,0.781,-0.019
97,222,0.637,0.707,-0.026
97,223,0.805,0.85,-0.013
97,224,0.638,0.707,-0.026
97,225,0.599,0.673,-0.029
97,226,0.501,0.582,-0.038
97,227,0.485,0.566,-0.04
97,228,0.649,0.717,-0.026
97,229,0.549,0.628,-0.035
97,23,0.092,0.138,-0.056
97,230,0.613,0.686,-0.029
97,231,0.805,0.849,-0.015
97,232,0.684,0.748,-0.024
97,233,0.713,0.773,-0.022
97,234,0.749,0.803,-0.019
97,235,0.869,0.9,-0.01
97,236,0.77,0.82,-0.018
97,237,0.801,0.846,-0.015
97,238,0.772,0.822,-0.018
97,239,0.881,0.91,-0.009
97,24,0.152,0.213,-0.048
97,240,0.777,0.826,-0.018
97,241,0.736,0.792,-0.021
97,242,0.597,0.671,-0.033
97,243,0.746,0.801,-0.02
97,244,0.622,0.694,-0.031
97,245,0.786,0.834,-0.017
97,246,0.931,0.949,-0.006
97,247,0.812,0.855,-0.015
97,248,0.8,0.845,-0.016
97,249,0.752,0.805,-0.021
97,25,0.145,0.204,-0.049
97,250,0.749,0.803,-0.021
97,251,0.785,0.833,-0.018
97,26,0.045,0.076,-0.067
97,27,0.112,0.164,-0.053
97,28,0.106,0.157,-0.054
97,29,0.1,0.148,-0.055
97,30,0.065,0.103,-0.062
97,31,0.133,0.19,-0.051
97,32,0.087,0.132,-0.058
97,33,0.193,0.261,-0.044
97,34,0.13,0.187,-0.052
97,35,0.146,0.206,-0.05
97,36,0.157,0.219,-0.048
97,37,0.109,0.161,-0.055
97,38,0.152,0.213,-0.049
97,39,0.123,0.178,-0.053
97,40,0.164,0.228,-0.048
97,41,0.246,0.321,-0.04
97,42,0.058,0.093,-0.066
97,43,0.124,0.179,-0.054
97,44,0.117,0.171,-0.055
97,45,0.102,0.152,-0.057
97,46,0.092,0.139,-0.059
97,47,0.204,0.274,-0.045
97,48,0.164,0.228,-0.049
97,49,0.129,0.186,-0.054
97,50,0.144,0.203,-0.053
97,51,0.096,0.144,-0.06
97,52,0.117,0.171,-0.057
97,53,0.098,0.146,-0.06
97,54,0.07,0.11,-0.066
97,55,0.1,0.149,-0.06
97,56,0.147,0.207,-0.054
97,57,0.16,0.222,-0.052
97,58,0.076,0.118,-0.066
97,59,0.11,0.161,-0.06
97,60,0.065,0.103,-0.069
97,61,0.086,0.131,-0.065
97,62,0.076,0.118,-0.068
97,63,0.023,0.043,-0.087
97,64,0.061,0.097,-0.072
97,65,0.128,0.184,-0.059
97,66,0.102,0.151,-0.063
97,67,0.06,0.096,-0.073
97,68,0.084,0.128,-0.068
97,69,0.03,0.053,-0.085
97,7,0.272,0.349,-0.039
97,70,0.062,0.099,-0.074
97,71,0.074,0.115,-0.071
97,72,0.034,0.059,-0.085
97,73,0.071,0.111,-0.073
97,74,0.056,0.091,-0.077
97,75,0.064,0.102,-0.075
97,76,0.055,0.09,-0.078
97,77,0.07,0.109,-0.075
97,78,0.056,0.091,-0.079
97,79,0.036,0.062,-0.087
97,8,0.418,0.501,-0.029
97,80,0.041,0.069,-0.086
97,81,0.061,0.097,-0.079
97,82,0.04,0.068,-0.086
97,83,0.047,0.077,-0.084
97,84,0.053,0.087,-0.082
97,85,0.022,0.04,-0.098
97,86,0.02,0.037,-0.1
97,87,0.033,0.057,-0.092
97,88,0.013,0.026,-0.107
97,89,0.019,0.035,-0.102
97,9,0.173,0.239,-0.048
97,90,0.021,0.039,-0.1
97,91,0.02,0.037,-0.102
97,92,0.022,0.041,-0.1
97,93,0.021,0.04,-0.101
97,94,0.033,0.057,-0.094
97,95,0.033,0.058,-0.094
97,96,0.03,0.053,-0.096
97,97,0.041,0.069,-0.091
97,98,0.041,0.069,-0.091
97,99,0.038,0.065,-0.093
98,10,0.343,0.425,-0.033
98,100,0.031,0.055,-0.095
98,101,0.03,0.053,-0.096
98,102,0.014,0.027,-0.109
98,103,0.06,0.096,-0.084
98,104,0.027,0.049,-0.099
98,105,0.035,0.061,-0.095
98,106,0.031,0.055,-0.097
98,107,0.037,0.064,-0.094
98,108,0.044,0.074,-0.091
98,109,0.039,0.067,-0.093
98,11,0.364,0.446,-0.031
98,110,0.047,0.078,-0.09
98,111,0.079,0.122,-0.08
98,112,0.092,0.139,-0.076
98,113,0.051,0.084,-0.089
98,114,0.047,0.078,-0.09
98,115,0.054,0.087,-0.088
98,116,0.047,0.078,-0.091
98,117,0.062,0.098,-0.086
98,118,0.042,0.071,-0.094
98,119,0.048,0.08,-0.091
98,12,0.384,0.468,-0.03
98,120,0.058,0.094,-0.087
98,121,0.073,0.113,-0.083
98,122,0.121,0.176,-0.072
98,123,0.093,0.14,-0.078
98,124,0.097,0.145,-0.077
98,125,0.095,0.142,-0.078
98,126,0.124,0.179,-0.072
98,127,0.093,0.14,-0.078
98,128,0.07,0.11,-0.084
98,129,0.087,0.132,-0.079
98,13,0.192,0.261,-0.044
98,130,0.076,0.118,-0.082
98,131,0.124,0.18,-0.071
98,132,0.12,0.175,-0.072
98,133,0.145,0.205,-0.068
98,134,0.131,0.188,-0.07
98,135,0.114,0.167,-0.074
98,136,0.121,0.175,-0.072
98,137,0.083,0.127,-0.081
98,138,0.106,0.157,-0.075
98,139,0.12,0.174,-0.073
98,14,0.412,0.495,-0.028
98,140,0.132,0.189,-0.07
98,141,0.132,0.189,-0.07
98,142,0.108,0.159,-0.075
98,143,0.096,0.144,-0.078
98,144,0.072,0.113,-0.084
98,145,0.086,0.13,-0.08
98,146,0.076,0.118,-0.083
98,147,0.069,0.109,-0.085
98,148,0.087,0.132,-0.08
98,149,0.145,0.205,-0.068
98,15,0.324,0.405,-0.033
98,150,0.109,0.16,-0.075
98,151,0.079,0.121,-0.082
98,152,0.063,0.1,-0.087
98,153,0.109,0.16,-0.075
98,154,0.1,0.149,-0.077
98,155,0.052,0.085,-0.091
98,156,0.05,0.083,-0.091
98,157,0.061,0.098,-0.087
98,158,0.055,0.089,-0.089
98,159,0.04,0.068,-0.096
98,16,0.264,0.341,-0.037
98,160,0.034,0.058,-0.099
98,161,0.031,0.054,-0.101
98,162,0.027,0.049,-0.103
98,163,0.042,0.071,-0.095
98,164,0.033,0.058,-0.099
98,165,0.028,0.05,-0.102
98,166,0.042,0.071,-0.094
98,167,0.035,0.06,-0.098
98,168,0.021,0.038,-0.107
98,169,0.036,0.061,-0.097
98,17,0.236,0.31,-0.04
98,170,0.051,0.084,-0.09
98,171,0.053,0.086,-0.089
98,172,0.079,0.122,-0.081
98,173,0.058,0.093,-0.087
98,174,0.069,0.108,-0.083
98,175,0.059,0.095,-0.086
98,176,0.07,0.11,-0.083
98,177,0.079,0.122,-0.08
98,178,0.134,0.191,-0.068
98,179,0.195,0.264,-0.059
98,18,0.227,0.3,-0.04
98,180,0.115,0.168,-0.071
98,181,0.092,0.139,-0.076
98,182,0.208,0.279,-0.057
98,183,0.197,0.265,-0.058
98,184,0.197,0.266,-0.058
98,185,0.221,0.293,-0.055
98,186,0.156,0.218,-0.064
98,187,0.217,0.289,-0.055
98,188,0.194,0.262,-0.058
98,189,0.295,0.374,-0.047
98,19,0.233,0.307,-0.04
98,190,0.358,0.44,-0.041
98,191,0.296,0.375,-0.047
98,192,0.171,0.236,-0.061
98,193,0.361,0.444,-0.041
98,194,0.347,0.429,-0.042
98,195,0.428,0.511,-0.036
98,196,0.537,0.616,-0.028
98,197,0.526,0.606,-0.029
98,198,0.384,0.467,-0.04
98,199,0.458,0.541,-0.034
98,20,0.224,0.297,-0.041
98,200,0.552,0.63,-0.027
98,201,0.552,0.63,-0.027
98,202,0.438,0.521,-0.036
98,203,0.628,0.698,-0.023
98,204,0.653,0.721,-0.021
98,205,0.646,0.715,-0.022
98,206,0.611,0.684,-0.024
98,207,0.46,0.543,-0.035
98,208,0.463,0.545,-0.036
98,209,0.423,0.506,-0.039
98,21,0.223,0.296,-0.041
98,210,0.43,0.514,-0.039
98,211,0.576,0.652,-0.028
98,212,0.459,0.542,-0.037
98,213,0.346,0.428,-0.048
98,214,0.538,0.617,-0.031
98,215,0.575,0.651,-0.029
98,216,0.577,0.653,-0.029
98,217,0.711,0.771,-0.019
98,218,0.426,0.509,-0.042
98,219,0.415,0.498,-0.044
98,22,0.093,0.14,-0.056
98,220,0.557,0.634,-0.032
98,221,0.394,0.477,-0.046
98,222,0.52,0.6,-0.035
98,223,0.615,0.687,-0.028
98,224,0.47,0.552,-0.04
98,225,0.621,0.692,-0.028
98,226,0.79,0.837,-0.015
98,227,0.729,0.786,-0.02
98,228,0.699,0.761,-0.022
98,229,0.733,0.79,-0.02
98,23,0.158,0.22,-0.047
98,230,0.701,0.762,-0.023
98,231,0.529,0.608,-0.037
98,232,0.617,0.689,-0.03
98,233,0.651,0.719,-0.027
98,234,0.672,0.737,-0.026
98,235,0.763,0.814,-0.018
98,236,0.573,0.649,-0.034
98,237,0.611,0.684,-0.031
98,238,0.569,0.645,-0.035
98,239,0.579,0.655,-0.034
98,24,0.188,0.256,-0.044
98,240,0.499,0.58,-0.042
98,241,0.562,0.639,-0.036
98,242,0.759,0.811,-0.019
98,243,0.611,0.684,-0.032
98,244,0.728,0.785,-0.022
98,245,0.798,0.844,-0.016
98,246,0.771,0.821,-0.019
98,247,0.906,0.93,-0.008
98,248,0.899,0.924,-0.008
98,249,0.926,0.945,0.006
98,25,0.081,0.125,-0.058
98,250,0.804,0.848,0.016
98,251,0.793,0.84,0.017
98,26,0.122,0.176,-0.052
98,27,0.092,0.139,-0.056
98,28,0.062,0.099,-0.063
98,29,0.085,0.129,-0.058
98,30,0.087,0.133,-0.057
98,31,0.158,0.221,-0.048
98,32,0.062,0.099,-0.063
98,33,0.023,0.042,-0.077
98,34,0.194,0.263,-0.044
98,35,0.06,0.095,-0.064
98,36,0.358,0.44,-0.031
98,37,0.114,0.166,-0.054
98,38,0.132,0.188,-0.052
98,39,0.083,0.127,-0.06
98,40,0.164,0.228,-0.048
98,41,0.241,0.316,-0.041
98,42,0.107,0.157,-0.056
98,43,0.144,0.204,-0.051
98,44,0.269,0.346,-0.039
98,45,0.211,0.282,-0.044
98,46,0.075,0.116,-0.063
98,47,0.139,0.197,-0.052
98,48,0.156,0.218,-0.05
98,49,0.159,0.222,-0.05
98,50,0.164,0.228,-0.05
98,51,0.22,0.292,-0.044
98,52,0.172,0.237,-0.049
98,53,0.053,0.087,-0.07
98,54,0.146,0.206,-0.053
98,55,0.177,0.243,-0.049
98,56,0.239,0.313,-0.043
98,57,0.148,0.208,-0.053
98,58,0.141,0.2,-0.054
98,59,0.077,0.118,-0.066
98,60,0.11,0.161,-0.06
98,61,0.096,0.144,-0.063
98,62,0.094,0.141,-0.063
98,63,0.091,0.138,-0.064
98,64,0.082,0.126,-0.066
98,65,0.131,0.187,-0.058
98,66,0.096,0.144,-0.064
98,67,0.054,0.088,-0.075
98,68,0.062,0.099,-0.073
98,69,0.074,0.115,-0.07
98,7,0.305,0.385,-0.037
98,70,0.036,0.062,-0.083
98,71,0.034,0.059,-0.084
98,72,0.052,0.085,-0.077
98,73,0.052,0.085,-0.078
98,74,0.026,0.047,-0.09
98,75,0.056,0.091,-0.077
98,76,0.047,0.078,-0.081
98,77,0.061,0.097,-0.076
98,78,0.03,0.052,-0.089
98,79,0.042,0.071,-0.084
98,8,0.364,0.447,-0.032
98,80,0.028,0.05,-0.091
98,81,0.119,0.172,-0.065
98,82,0.065,0.103,-0.077
98,83,0.06,0.096,-0.079
98,84,0.06,0.096,-0.079
98,85,0.066,0.105,-0.078
98,86,0.071,0.111,-0.077
98,87,0.058,0.094,-0.08
98,88,0.079,0.121,-0.075
98,89,0.106,0.157,-0.069
98,9,0.313,0.393,-0.035
98,90,0.09,0.136,-0.073
98,91,0.055,0.089,-0.083
98,92,0.07,0.109,-0.078
98,93,0.099,0.148,-0.072
98,94,0.044,0.074,-0.088
98,95,0.053,0.087,-0.084
98,96,0.055,0.089,-0.084
98,97,0.03,0.053,-0.095
98,98,0.052,0.084,-0.086
98,99,0.028,0.05,-0.097
99,10,0.053,0.087,-0.067
99,100,0.049,0.081,-0.087
99,101,0.073,0.114,-0.079
99,102,0.063,0.101,-0.082
99,103,0.153,0.215,-0.064
99,104,0.109,0.161,-0.071
99,105,0.058,0.093,-0.085
99,106,0.141,0.2,-0.066
99,107,0.121,0.176,-0.07
99,108,0.159,0.221,-0.064
99,109,0.142,0.201,-0.066
99,11,0.053,0.087,-0.066
99,110,0.117,0.17,-0.071
99,111,0.1,0.148,-0.074
99,112,0.157,0.219,-0.064
99,113,0.203,0.273,-0.058
99,114,0.242,0.316,-0.053
99,115,0.138,0.196,-0.067
99,116,0.196,0.265,-0.059
99,117,0.244,0.319,-0.053
99,118,0.116,0.169,-0.072
99,119,0.106,0.157,-0.074
99,12,0.072,0.112,-0.061
99,120,0.161,0.223,-0.064
99,121,0.196,0.265,-0.059
99,122,0.143,0.202,-0.067
99,123,0.079,0.121,-0.081
99,124,0.118,0.172,-0.072
99,125,0.149,0.209,-0.067
99,126,0.113,0.166,-0.073
99,127,0.148,0.208,-0.067
99,128,0.115,0.167,-0.073
99,129,0.079,0.121,-0.081
99,13,0.068,0.107,-0.062
99,130,0.116,0.169,-0.073
99,131,0.087,0.133,-0.079
99,132,0.077,0.119,-0.082
99,133,0.075,0.116,-0.083
99,134,0.051,0.084,-0.09
99,135,0.068,0.107,-0.085
99,136,0.121,0.176,-0.072
99,137,0.086,0.131,-0.08
99,138,0.115,0.167,-0.073
99,139,0.153,0.215,-0.066
99,14,0.042,0.07,-0.069
99,140,0.078,0.121,-0.082
99,141,0.051,0.083,-0.091
99,142,0.052,0.085,-0.09
99,143,0.055,0.09,-0.089
99,144,0.085,0.13,-0.08
99,145,0.096,0.143,-0.077
99,146,0.1,0.148,-0.077
99,147,0.094,0.141,-0.078
99,148,0.14,0.199,-0.069
99,149,0.193,0.261,-0.061
99,15,0.052,0.086,-0.065
99,150,0.226,0.299,-0.056
99,151,0.127,0.183,-0.071
99,152,0.159,0.222,-0.065
99,153,0.124,0.179,-0.072
99,154,0.118,0.172,-0.073
99,155,0.09,0.136,-0.079
99,156,0.106,0.156,-0.075
99,157,0.058,0.093,-0.088
99,158,0.069,0.108,-0.084
99,159,0.056,0.091,-0.089
99,16,0.08,0.122,-0.059
99,160,0.06,0.096,-0.087
99,161,0.069,0.109,-0.084
99,162,0.092,0.138,-0.078
99,163,0.078,0.12,-0.081
99,164,0.053,0.087,-0.089
99,165,0.055,0.089,-0.089
99,166,0.081,0.124,-0.08
99,167,0.108,0.159,-0.074
99,168,0.142,0.201,-0.067
99,169,0.065,0.103,-0.084
99,17,0.056,0.091,-0.064
99,170,0.076,0.117,-0.081
99,171,0.103,0.153,-0.074
99,172,0.099,0.148,-0.075
99,173,0.137,0.195,-0.068
99,174,0.145,0.205,-0.066
99,175,0.178,0.243,-0.061
99,176,0.13,0.186,-0.069
99,177,0.099,0.148,-0.075
99,178,0.098,0.147,-0.075
99,179,0.121,0.176,-0.07
99,18,0.134,0.191,-0.05
99,180,0.18,0.246,-0.061
99,181,0.227,0.3,-0.055
99,182,0.184,0.251,-0.06
99,183,0.24,0.314,-0.053
99,184,0.36,0.443,-0.041
99,185,0.227,0.3,-0.054
99,186,0.402,0.485,-0.038
99,187,0.401,0.484,-0.038
99,188,0.543,0.622,-0.027
99,189,0.479,0.561,-0.032
99,19,0.081,0.124,-0.058
99,190,0.64,0.709,-0.021
99,191,0.63,0.701,-0.022
99,192,0.615,0.687,-0.023
99,193,0.526,0.606,-0.029
99,194,0.363,0.446,-0.041
99,195,0.42,0.503,-0.037
99,196,0.565,0.642,-0.026
99,197,0.521,0.6,-0.029
99,198,0.448,0.531,-0.035
99,199,0.472,0.554,-0.033
99,20,0.048,0.079,-0.066
99,200,0.479,0.561,-0.033
99,201,0.531,0.61,-0.029
99,202,0.541,0.619,-0.029
99,203,0.424,0.507,-0.038
99,204,0.519,0.599,-0.031
99,205,0.374,0.457,-0.043
99,206,0.405,0.488,-0.04
99,207,0.472,0.554,-0.035
99,208,0.505,0.586,-0.033
99,209,0.403,0.486,-0.041
99,21,0.116,0.17,-0.052
99,210,0.458,0.54,-0.037
99,211,0.537,0.616,-0.031
99,212,0.447,0.53,-0.039
99,213,0.41,0.493,-0.042
99,214,0.547,0.626,-0.031
99,215,0.454,0.537,-0.039
99,216,0.444,0.527,-0.04
99,217,0.317,0.398,-0.053
99,218,0.483,0.565,-0.038
99,219,0.51,0.59,-0.036
99,22,0.179,0.246,-0.045
99,220,0.536,0.615,-0.034
99,221,0.64,0.709,-0.026
99,222,0.584,0.659,-0.031
99,223,0.64,0.709,-0.026
99,224,0.568,0.645,-0.033
99,225,0.509,0.589,-0.038
99,226,0.525,0.605,-0.037
99,227,0.601,0.675,-0.03
99,228,0.516,0.596,-0.038
99,229,0.523,0.603,-0.038
99,23,0.138,0.196,-0.05
99,230,0.573,0.649,-0.033
99,231,0.646,0.714,-0.028
99,232,0.576,0.652,-0.034
99,233,0.722,0.78,-0.022
99,234,0.591,0.665,-0.033
99,235,0.429,0.512,-0.048
99,236,0.5,0.581,-0.041
99,237,0.626,0.697,-0.03
99,238,0.446,0.529,-0.047
99,239,0.463,0.545,-0.046
99,24,0.145,0.204,-0.049
99,240,0.534,0.613,-0.039
99,241,0.652,0.72,-0.028
99,242,0.619,0.691,-0.031
99,243,0.578,0.653,-0.035
99,244,0.645,0.714,-0.029
99,245,0.66,0.727,-0.028
99,246,0.677,0.741,-0.026
99,247,0.761,0.813,-0.019
99,248,0.706,0.767,-0.024
99,249,0.679,0.743,-0.027
99,25,0.092,0.139,-0.056
99,250,0.828,0.868,-0.014
99,251,0.79,0.837,-0.017
99,26,0.105,0.155,-0.054
99,27,0.136,0.194,-0.05
99,28,0.087,0.132,-0.057
99,29,0.077,0.119,-0.059
99,30,0.117,0.17,-0.052
99,31,0.126,0.182,-0.051
99,32,0.053,0.086,-0.065
99,33,0.07,0.109,-0.061
99,34,0.175,0.24,-0.046
99,35,0.104,0.154,-0.055
99,36,0.082,0.126,-0.059
99,37,0.081,0.124,-0.059
99,38,0.1,0.148,-0.056
99,39,0.072,0.113,-0.061
99,40,0.087,0.132,-0.059
99,41,0.134,0.191,-0.051
99,42,0.311,0.391,-0.035
99,43,0.094,0.141,-0.058
99,44,0.107,0.157,-0.056
99,45,0.113,0.166,-0.055
99,46,0.064,0.102,-0.065
99,47,0.121,0.175,-0.055
99,48,0.064,0.101,-0.065
99,49,0.156,0.218,-0.05
99,50,0.103,0.153,-0.058
99,51,0.084,0.129,-0.062
99,52,0.143,0.202,-0.053
99,53,0.158,0.221,-0.051
99,54,0.144,0.203,-0.053
99,55,0.065,0.103,-0.067
99,56,0.083,0.127,-0.063
99,57,0.193,0.262,-0.047
99,58,0.224,0.297,-0.045
99,59,0.133,0.191,-0.055
99,60,0.116,0.17,-0.058
99,61,0.138,0.196,-0.055
99,62,0.111,0.163,-0.06
99,63,0.108,0.159,-0.061
99,64,0.153,0.214,-0.054
99,65,0.131,0.188,-0.057
99,66,0.107,0.158,-0.062
99,67,0.04,0.068,-0.079
99,68,0.05,0.083,-0.076
99,69,0.077,0.12,-0.069
99,7,0.172,0.237,-0.049
99,70,0.066,0.104,-0.072
99,71,0.027,0.049,-0.087
99,72,0.026,0.048,-0.088
99,73,0.049,0.081,-0.078
99,74,0.046,0.076,-0.08
99,75,0.087,0.132,-0.069
99,76,0.069,0.108,-0.074
99,77,0.118,0.172,-0.063
99,78,0.084,0.128,-0.07
99,79,0.05,0.082,-0.08
99,8,0.191,0.259,-0.046
99,80,0.046,0.076,-0.082
99,81,0.027,0.049,-0.091
99,82,0.028,0.05,-0.091
99,83,0.047,0.078,-0.083
99,84,0.082,0.126,-0.072
99,85,0.055,0.09,-0.08
99,86,0.057,0.092,-0.08
99,87,0.048,0.079,-0.084
99,88,0.069,0.108,-0.077
99,89,0.078,0.12,-0.075
99,9,0.082,0.126,-0.061
99,90,0.056,0.091,-0.082
99,91,0.092,0.139,-0.072
99,92,0.079,0.122,-0.076
99,93,0.082,0.126,-0.075
99,94,0.044,0.073,-0.087
99,95,0.062,0.099,-0.081
99,96,0.043,0.072,-0.088
99,97,0.084,0.129,-0.075
99,98,0.079,0.122,-0.077
99,99,0.06,0.097,-0.083
