slice_num,coord_num,PValue,adjPVal,logFC
1,100,0.001,0.004,0.119
1,101,0.0,0.001,0.134
1,102,0.0,0.0,0.147
1,103,0.0,0.001,0.132
1,104,0.0,0.001,0.134
1,105,0.0,0.001,0.135
1,106,0.001,0.002,0.126
1,107,0.0,0.001,0.142
1,108,0.0,0.001,0.136
1,109,0.0,0.0,0.147
1,110,0.001,0.003,0.126
1,111,0.001,0.004,0.123
1,112,0.0,0.001,0.139
1,113,0.0,0.001,0.137
1,114,0.0,0.0,0.152
1,115,0.0,0.0,0.149
1,116,0.0,0.001,0.148
1,117,0.0,0.001,0.147
1,118,0.0,0.001,0.149
1,119,0.0,0.0,0.155
1,120,0.0,0.0,0.162
1,121,0.0,0.001,0.15
1,122,0.0,0.001,0.142
1,123,0.0,0.001,0.142
1,124,0.0,0.0,0.154
1,125,0.0,0.0,0.155
1,126,0.0,0.0,0.154
1,127,0.0,0.0,0.157
1,128,0.0,0.0,0.168
1,129,0.0,0.0,0.165
1,130,0.0,0.0,0.164
1,131,0.0,0.0,0.166
1,132,0.0,0.0,0.162
1,133,0.0,0.0,0.171
1,134,0.0,0.0,0.166
1,135,0.0,0.0,0.176
1,136,0.0,0.0,0.182
1,137,0.0,0.0,0.172
1,138,0.0,0.0,0.167
1,139,0.0,0.0,0.174
1,140,0.0,0.0,0.181
1,141,0.0,0.0,0.177
1,142,0.0,0.0,0.18
1,143,0.0,0.0,0.172
1,144,0.0,0.0,0.172
1,145,0.0,0.0,0.18
1,146,0.0,0.0,0.178
1,147,0.0,0.0,0.166
1,148,0.0,0.0,0.178
1,149,0.0,0.0,0.173
1,150,0.0,0.0,0.168
1,151,0.0,0.0,0.172
1,152,0.0,0.0,0.189
1,153,0.0,0.0,0.187
1,154,0.0,0.0,0.182
1,155,0.0,0.0,0.188
1,156,0.0,0.0,0.187
1,157,0.0,0.0,0.182
1,158,0.0,0.0,0.186
1,159,0.0,0.0,0.198
1,160,0.0,0.0,0.195
1,161,0.0,0.0,0.196
1,162,0.0,0.0,0.196
1,163,0.0,0.0,0.193
1,164,0.0,0.0,0.198
1,165,0.0,0.0,0.182
1,166,0.0,0.0,0.19
1,167,0.0,0.0,0.182
1,168,0.0,0.0,0.176
1,169,0.0,0.0,0.177
1,170,0.0,0.0,0.182
1,171,0.0,0.0,0.189
1,172,0.0,0.0,0.199
1,173,0.0,0.0,0.189
1,174,0.0,0.0,0.182
1,175,0.0,0.0,0.18
1,176,0.0,0.0,0.188
1,177,0.0,0.0,0.199
1,178,0.0,0.0,0.203
1,179,0.0,0.0,0.197
1,180,0.0,0.0,0.194
1,181,0.0,0.0,0.2
1,182,0.0,0.0,0.201
1,183,0.0,0.0,0.206
1,184,0.0,0.0,0.205
1,185,0.0,0.0,0.202
1,186,0.0,0.0,0.209
1,187,0.0,0.0,0.2
1,188,0.0,0.0,0.2
1,189,0.0,0.0,0.203
1,190,0.0,0.0,0.202
1,191,0.0,0.0,0.198
1,192,0.0,0.0,0.194
1,193,0.0,0.0,0.201
1,194,0.0,0.0,0.202
1,195,0.0,0.0,0.211
1,196,0.0,0.0,0.209
1,197,0.0,0.0,0.213
1,198,0.0,0.0,0.22
1,199,0.0,0.0,0.218
1,200,0.0,0.0,0.23
1,201,0.0,0.0,0.22
1,202,0.0,0.0,0.23
1,203,0.0,0.0,0.233
1,204,0.0,0.0,0.244
1,205,0.0,0.0,0.24
1,206,0.0,0.0,0.233
1,207,0.0,0.0,0.228
1,208,0.0,0.0,0.237
1,209,0.0,0.0,0.25
1,210,0.0,0.0,0.242
1,211,0.0,0.0,0.245
1,212,0.0,0.0,0.254
1,213,0.0,0.0,0.259
1,214,0.0,0.0,0.259
1,215,0.0,0.0,0.249
1,216,0.0,0.0,0.236
1,217,0.0,0.0,0.24
1,218,0.0,0.0,0.248
1,219,0.0,0.0,0.245
1,220,0.0,0.0,0.234
1,221,0.0,0.0,0.234
1,222,0.0,0.0,0.216
1,223,0.0,0.0,0.225
1,224,0.0,0.001,0.215
1,39,0.0,0.001,0.125
1,40,0.0,0.001,0.125
1,41,0.001,0.002,0.113
1,42,0.0,0.0,0.129
1,43,0.0,0.001,0.121
1,44,0.0,0.001,0.12
1,45,0.0,0.001,0.125
1,46,0.0,0.001,0.122
1,47,0.0,0.002,0.115
1,48,0.0,0.001,0.12
1,49,0.0,0.001,0.12
1,50,0.0,0.001,0.118
1,51,0.001,0.002,0.113
1,52,0.0,0.001,0.119
1,53,0.0,0.001,0.117
1,54,0.001,0.002,0.112
1,55,0.0,0.0,0.129
1,56,0.0,0.001,0.126
1,57,0.0,0.001,0.125
1,58,0.0,0.001,0.125
1,59,0.0,0.0,0.132
1,60,0.0,0.0,0.139
1,61,0.0,0.0,0.134
1,62,0.0,0.001,0.127
1,63,0.0,0.0,0.138
1,64,0.0,0.0,0.131
1,65,0.0,0.001,0.124
1,66,0.0,0.001,0.13
1,67,0.0,0.0,0.133
1,68,0.0,0.0,0.132
1,69,0.0,0.001,0.128
1,70,0.0,0.001,0.124
1,71,0.001,0.003,0.115
1,72,0.001,0.003,0.115
1,73,0.0,0.001,0.127
1,74,0.0,0.001,0.132
1,75,0.0,0.001,0.126
1,76,0.0,0.001,0.134
1,77,0.001,0.004,0.113
1,78,0.002,0.006,0.108
1,79,0.002,0.004,0.112
1,80,0.001,0.003,0.118
1,81,0.001,0.004,0.114
1,82,0.001,0.002,0.122
1,83,0.001,0.002,0.122
1,84,0.0,0.001,0.134
1,85,0.0,0.001,0.129
1,86,0.001,0.002,0.124
1,87,0.0,0.001,0.13
1,88,0.0,0.001,0.136
1,89,0.0,0.001,0.136
1,90,0.0,0.001,0.134
1,91,0.0,0.001,0.13
1,92,0.0,0.001,0.134
1,93,0.0,0.001,0.14
1,94,0.0,0.001,0.137
1,95,0.0,0.001,0.131
1,96,0.0,0.001,0.133
1,97,0.0,0.001,0.131
1,98,0.001,0.003,0.12
1,99,0.001,0.002,0.128
10,10,0.001,0.003,0.108
10,100,0.004,0.01,0.107
10,101,0.003,0.008,0.109
10,102,0.004,0.01,0.107
10,103,0.004,0.009,0.109
10,104,0.005,0.012,0.104
10,105,0.002,0.005,0.117
10,106,0.002,0.006,0.115
10,107,0.002,0.005,0.117
10,108,0.006,0.012,0.105
10,109,0.002,0.005,0.117
10,11,0.0,0.002,0.114
10,110,0.001,0.003,0.124
10,111,0.0,0.002,0.133
10,112,0.001,0.004,0.122
10,113,0.001,0.002,0.129
10,114,0.001,0.003,0.127
10,115,0.002,0.006,0.118
10,116,0.003,0.006,0.116
10,117,0.002,0.005,0.121
10,118,0.001,0.002,0.129
10,119,0.001,0.002,0.133
10,12,0.0,0.001,0.116
10,120,0.002,0.005,0.121
10,121,0.0,0.001,0.141
10,122,0.0,0.001,0.147
10,123,0.0,0.002,0.136
10,124,0.0,0.001,0.138
10,125,0.001,0.002,0.134
10,126,0.0,0.001,0.138
10,127,0.001,0.002,0.137
10,128,0.0,0.0,0.152
10,129,0.0,0.001,0.139
10,13,0.0,0.001,0.117
10,130,0.0,0.001,0.149
10,131,0.0,0.001,0.144
10,132,0.0,0.001,0.142
10,133,0.001,0.002,0.137
10,134,0.0,0.001,0.145
10,135,0.0,0.001,0.152
10,136,0.0,0.001,0.151
10,137,0.0,0.001,0.146
10,138,0.001,0.002,0.136
10,139,0.001,0.002,0.138
10,14,0.001,0.002,0.11
10,140,0.0,0.001,0.149
10,141,0.0,0.001,0.142
10,142,0.0,0.001,0.147
10,143,0.0,0.001,0.149
10,144,0.0,0.001,0.149
10,145,0.0,0.001,0.147
10,146,0.0,0.001,0.154
10,147,0.0,0.001,0.15
10,148,0.0,0.001,0.152
10,149,0.0,0.001,0.155
10,15,0.0,0.001,0.113
10,150,0.0,0.0,0.156
10,151,0.0,0.0,0.164
10,152,0.0,0.0,0.176
10,153,0.0,0.0,0.175
10,154,0.0,0.0,0.168
10,155,0.0,0.0,0.163
10,156,0.0,0.0,0.171
10,157,0.0,0.0,0.165
10,158,0.0,0.0,0.163
10,159,0.0,0.0,0.164
10,16,0.0,0.001,0.112
10,160,0.0,0.0,0.174
10,161,0.0,0.0,0.16
10,162,0.0,0.0,0.165
10,163,0.0,0.0,0.162
10,164,0.0,0.0,0.161
10,165,0.0,0.0,0.164
10,166,0.0,0.001,0.146
10,167,0.001,0.003,0.137
10,168,0.0,0.001,0.157
10,169,0.0,0.001,0.151
10,17,0.001,0.003,0.104
10,170,0.0,0.001,0.147
10,171,0.001,0.003,0.135
10,172,0.0,0.002,0.145
10,173,0.0,0.001,0.155
10,174,0.0,0.001,0.151
10,175,0.0,0.0,0.16
10,176,0.0,0.001,0.149
10,177,0.001,0.002,0.144
10,178,0.001,0.002,0.147
10,179,0.0,0.001,0.149
10,18,0.001,0.003,0.106
10,180,0.0,0.001,0.157
10,181,0.0,0.001,0.158
10,182,0.0,0.001,0.16
10,183,0.0,0.0,0.167
10,184,0.0,0.0,0.168
10,185,0.0,0.0,0.17
10,186,0.0,0.001,0.156
10,187,0.0,0.001,0.16
10,188,0.0,0.001,0.163
10,189,0.0,0.001,0.163
10,19,0.001,0.003,0.105
10,190,0.0,0.0,0.171
10,191,0.0,0.0,0.175
10,192,0.0,0.0,0.177
10,193,0.0,0.0,0.174
10,194,0.0,0.0,0.197
10,195,0.0,0.0,0.18
10,196,0.0,0.0,0.184
10,197,0.0,0.0,0.191
10,198,0.0,0.0,0.2
10,199,0.0,0.0,0.192
10,20,0.0,0.001,0.115
10,200,0.0,0.0,0.197
10,201,0.0,0.0,0.201
10,202,0.0,0.0,0.202
10,203,0.0,0.0,0.194
10,204,0.0,0.001,0.181
10,205,0.0,0.0,0.193
10,206,0.0,0.0,0.193
10,207,0.0,0.001,0.186
10,208,0.0,0.001,0.183
10,209,0.0,0.0,0.193
10,21,0.0,0.001,0.114
10,210,0.0,0.0,0.195
10,211,0.0,0.001,0.191
10,212,0.0,0.0,0.198
10,213,0.0,0.001,0.191
10,214,0.0,0.0,0.205
10,215,0.0,0.001,0.2
10,216,0.0,0.0,0.208
10,217,0.0,0.001,0.199
10,218,0.0,0.001,0.189
10,219,0.0,0.001,0.196
10,22,0.001,0.003,0.103
10,220,0.0,0.001,0.196
10,221,0.0,0.001,0.194
10,222,0.0,0.001,0.2
10,223,0.0,0.001,0.206
10,224,0.0,0.001,0.206
10,225,0.0,0.001,0.214
10,226,0.0,0.001,0.208
10,227,0.0,0.0,0.22
10,228,0.0,0.001,0.219
10,229,0.0,0.001,0.214
10,23,0.001,0.002,0.109
10,230,0.0,0.001,0.215
10,231,0.0,0.001,0.209
10,232,0.0,0.0,0.225
10,233,0.0,0.001,0.219
10,234,0.0,0.001,0.223
10,235,0.0,0.001,0.226
10,236,0.0,0.0,0.23
10,237,0.0,0.001,0.219
10,238,0.0,0.001,0.222
10,239,0.0,0.0,0.233
10,24,0.001,0.003,0.103
10,240,0.0,0.0,0.234
10,241,0.0,0.001,0.223
10,242,0.0,0.001,0.226
10,243,0.0,0.001,0.224
10,244,0.0,0.001,0.222
10,245,0.0,0.001,0.229
10,246,0.001,0.002,0.214
10,247,0.0,0.001,0.226
10,248,0.0,0.001,0.222
10,249,0.0,0.001,0.228
10,25,0.001,0.003,0.105
10,250,0.001,0.003,0.211
10,251,0.0,0.002,0.223
10,26,0.001,0.002,0.107
10,27,0.001,0.002,0.107
10,28,0.001,0.002,0.107
10,29,0.002,0.005,0.099
10,30,0.006,0.014,0.087
10,31,0.002,0.005,0.099
10,32,0.003,0.007,0.094
10,33,0.007,0.015,0.086
10,34,0.001,0.003,0.104
10,35,0.004,0.009,0.092
10,36,0.008,0.017,0.085
10,37,0.009,0.018,0.084
10,38,0.004,0.008,0.094
10,39,0.001,0.002,0.11
10,40,0.005,0.012,0.089
10,41,0.002,0.004,0.102
10,42,0.002,0.006,0.098
10,43,0.003,0.008,0.095
10,44,0.001,0.002,0.11
10,45,0.001,0.002,0.11
10,46,0.001,0.003,0.108
10,47,0.002,0.005,0.101
10,48,0.001,0.003,0.106
10,49,0.001,0.002,0.112
10,50,0.001,0.002,0.11
10,51,0.001,0.002,0.113
10,52,0.001,0.002,0.111
10,53,0.001,0.002,0.111
10,54,0.001,0.003,0.108
10,55,0.001,0.004,0.105
10,56,0.001,0.002,0.111
10,57,0.001,0.002,0.113
10,58,0.0,0.001,0.123
10,59,0.0,0.001,0.118
10,60,0.0,0.001,0.123
10,61,0.0,0.001,0.122
10,62,0.001,0.002,0.115
10,63,0.0,0.001,0.121
10,64,0.001,0.002,0.114
10,65,0.001,0.002,0.112
10,66,0.002,0.005,0.104
10,67,0.002,0.005,0.105
10,68,0.001,0.003,0.112
10,69,0.003,0.007,0.102
10,7,0.001,0.002,0.116
10,70,0.004,0.01,0.097
10,71,0.003,0.007,0.102
10,72,0.001,0.003,0.114
10,73,0.002,0.006,0.106
10,74,0.002,0.005,0.106
10,75,0.003,0.008,0.102
10,76,0.001,0.004,0.11
10,77,0.001,0.003,0.114
10,78,0.001,0.002,0.121
10,79,0.001,0.003,0.113
10,8,0.001,0.002,0.114
10,80,0.001,0.002,0.118
10,81,0.0,0.001,0.124
10,82,0.001,0.003,0.116
10,83,0.002,0.006,0.108
10,84,0.004,0.009,0.104
10,85,0.001,0.003,0.117
10,86,0.002,0.005,0.11
10,87,0.002,0.006,0.11
10,88,0.003,0.008,0.106
10,89,0.006,0.013,0.1
10,9,0.0,0.001,0.116
10,90,0.009,0.019,0.095
10,91,0.007,0.016,0.098
10,92,0.008,0.017,0.097
10,93,0.004,0.01,0.105
10,94,0.004,0.01,0.105
10,95,0.012,0.024,0.092
10,96,0.013,0.026,0.092
10,97,0.01,0.02,0.096
10,98,0.008,0.017,0.098
10,99,0.003,0.007,0.11
100,10,0.007,0.016,0.095
100,100,0.005,0.011,0.125
100,101,0.003,0.008,0.132
100,102,0.004,0.009,0.13
100,103,0.006,0.014,0.122
100,104,0.014,0.028,0.11
100,105,0.008,0.017,0.119
100,106,0.004,0.009,0.131
100,107,0.007,0.015,0.123
100,108,0.006,0.013,0.125
100,109,0.007,0.015,0.123
100,11,0.007,0.015,0.094
100,110,0.003,0.007,0.136
100,111,0.005,0.01,0.129
100,112,0.007,0.015,0.123
100,113,0.009,0.018,0.12
100,114,0.009,0.018,0.121
100,115,0.013,0.027,0.114
100,116,0.007,0.015,0.125
100,117,0.005,0.011,0.131
100,118,0.007,0.016,0.124
100,119,0.004,0.009,0.133
100,12,0.006,0.013,0.095
100,120,0.005,0.011,0.131
100,121,0.014,0.028,0.114
100,122,0.018,0.034,0.11
100,123,0.018,0.035,0.11
100,124,0.009,0.018,0.122
100,125,0.016,0.031,0.112
100,126,0.008,0.018,0.123
100,127,0.006,0.013,0.128
100,128,0.007,0.015,0.127
100,129,0.005,0.011,0.132
100,13,0.004,0.01,0.097
100,130,0.005,0.011,0.131
100,131,0.003,0.008,0.137
100,132,0.006,0.013,0.128
100,133,0.003,0.007,0.14
100,134,0.003,0.006,0.141
100,135,0.003,0.007,0.14
100,136,0.003,0.007,0.139
100,137,0.002,0.005,0.144
100,138,0.001,0.003,0.156
100,139,0.002,0.005,0.145
100,14,0.001,0.004,0.109
100,140,0.001,0.004,0.148
100,141,0.001,0.004,0.151
100,142,0.004,0.009,0.136
100,143,0.002,0.004,0.148
100,144,0.003,0.008,0.138
100,145,0.002,0.006,0.143
100,146,0.002,0.006,0.144
100,147,0.003,0.007,0.141
100,148,0.001,0.004,0.15
100,149,0.001,0.003,0.153
100,15,0.002,0.006,0.103
100,150,0.001,0.004,0.15
100,151,0.002,0.006,0.143
100,152,0.001,0.004,0.15
100,153,0.002,0.004,0.149
100,154,0.002,0.005,0.145
100,155,0.001,0.003,0.152
100,156,0.002,0.005,0.147
100,157,0.002,0.005,0.147
100,158,0.003,0.006,0.141
100,159,0.002,0.005,0.145
100,16,0.002,0.005,0.105
100,160,0.001,0.004,0.149
100,161,0.002,0.005,0.146
100,162,0.001,0.002,0.158
100,163,0.001,0.002,0.161
100,164,0.001,0.002,0.159
100,165,0.0,0.001,0.17
100,166,0.0,0.001,0.165
100,167,0.002,0.005,0.143
100,168,0.002,0.006,0.141
100,169,0.007,0.016,0.123
100,17,0.001,0.003,0.112
100,170,0.004,0.009,0.134
100,171,0.004,0.009,0.132
100,172,0.003,0.006,0.139
100,173,0.008,0.017,0.122
100,174,0.008,0.017,0.121
100,175,0.007,0.015,0.123
100,176,0.005,0.012,0.128
100,177,0.007,0.016,0.123
100,178,0.01,0.02,0.118
100,179,0.014,0.027,0.113
100,18,0.001,0.002,0.117
100,180,0.019,0.035,0.107
100,181,0.014,0.027,0.112
100,182,0.011,0.023,0.116
100,183,0.016,0.031,0.11
100,184,0.009,0.019,0.118
100,185,0.03,0.053,0.099
100,186,0.021,0.039,0.106
100,187,0.019,0.036,0.107
100,188,0.012,0.024,0.115
100,189,0.019,0.036,0.107
100,19,0.0,0.001,0.121
100,190,0.033,0.058,0.097
100,191,0.027,0.048,0.102
100,192,0.013,0.025,0.114
100,193,0.012,0.024,0.116
100,194,0.022,0.041,0.106
100,195,0.014,0.028,0.114
100,196,0.018,0.034,0.111
100,197,0.017,0.033,0.112
100,198,0.016,0.031,0.113
100,199,0.02,0.037,0.11
100,20,0.001,0.003,0.112
100,200,0.028,0.05,0.105
100,201,0.018,0.034,0.114
100,202,0.018,0.034,0.114
100,203,0.015,0.029,0.118
100,204,0.007,0.015,0.132
100,205,0.009,0.019,0.128
100,206,0.009,0.019,0.129
100,207,0.008,0.016,0.133
100,208,0.009,0.018,0.132
100,209,0.013,0.025,0.127
100,21,0.001,0.002,0.115
100,210,0.017,0.033,0.122
100,211,0.014,0.027,0.128
100,212,0.009,0.018,0.137
100,213,0.013,0.025,0.131
100,214,0.007,0.015,0.143
100,215,0.011,0.023,0.136
100,216,0.008,0.017,0.144
100,217,0.008,0.018,0.144
100,218,0.014,0.027,0.136
100,219,0.009,0.019,0.145
100,22,0.002,0.004,0.107
100,220,0.016,0.031,0.135
100,221,0.023,0.043,0.129
100,222,0.021,0.04,0.132
100,223,0.014,0.027,0.143
100,224,0.011,0.023,0.148
100,225,0.019,0.036,0.138
100,226,0.014,0.027,0.146
100,227,0.014,0.028,0.146
100,228,0.013,0.026,0.149
100,229,0.01,0.021,0.155
100,23,0.003,0.007,0.102
100,230,0.011,0.022,0.155
100,231,0.014,0.027,0.15
100,232,0.011,0.022,0.156
100,233,0.006,0.012,0.171
100,234,0.005,0.012,0.172
100,235,0.003,0.007,0.186
100,236,0.003,0.008,0.183
100,237,0.002,0.005,0.194
100,238,0.002,0.006,0.191
100,239,0.001,0.003,0.207
100,24,0.004,0.009,0.097
100,240,0.001,0.003,0.208
100,241,0.001,0.003,0.209
100,242,0.001,0.002,0.219
100,243,0.0,0.001,0.226
100,244,0.0,0.001,0.223
100,245,0.0,0.0,0.249
100,246,0.0,0.001,0.235
100,247,0.0,0.001,0.238
100,248,0.0,0.0,0.249
100,249,0.0,0.0,0.257
100,25,0.003,0.008,0.1
100,250,0.0,0.0,0.263
100,251,0.0,0.0,0.263
100,26,0.006,0.014,0.093
100,27,0.004,0.01,0.097
100,28,0.003,0.007,0.101
100,29,0.008,0.017,0.09
100,30,0.001,0.003,0.112
100,31,0.006,0.014,0.093
100,32,0.004,0.008,0.1
100,33,0.004,0.01,0.098
100,34,0.005,0.011,0.096
100,35,0.003,0.007,0.102
100,36,0.003,0.008,0.102
100,37,0.009,0.019,0.09
100,38,0.002,0.005,0.108
100,39,0.003,0.007,0.104
100,40,0.015,0.03,0.085
100,41,0.006,0.013,0.096
100,42,0.004,0.009,0.101
100,43,0.007,0.015,0.095
100,44,0.009,0.019,0.092
100,45,0.005,0.011,0.1
100,46,0.012,0.024,0.09
100,47,0.013,0.026,0.089
100,48,0.024,0.044,0.081
100,49,0.033,0.058,0.076
100,50,0.014,0.028,0.089
100,51,0.009,0.02,0.094
100,52,0.014,0.028,0.089
100,53,0.027,0.049,0.081
100,54,0.009,0.02,0.095
100,55,0.012,0.024,0.093
100,56,0.056,0.091,0.071
100,57,0.013,0.026,0.092
100,58,0.004,0.009,0.108
100,59,0.008,0.018,0.099
100,60,0.032,0.057,0.081
100,61,0.019,0.035,0.089
100,62,0.01,0.02,0.099
100,63,0.019,0.036,0.089
100,64,0.008,0.017,0.102
100,65,0.02,0.038,0.09
100,66,0.015,0.029,0.094
100,67,0.016,0.031,0.094
100,68,0.008,0.018,0.103
100,69,0.01,0.021,0.101
100,7,0.011,0.022,0.092
100,70,0.007,0.015,0.107
100,71,0.006,0.013,0.109
100,72,0.011,0.023,0.101
100,73,0.015,0.029,0.098
100,74,0.006,0.013,0.111
100,75,0.007,0.015,0.11
100,76,0.005,0.012,0.113
100,77,0.016,0.031,0.098
100,78,0.012,0.025,0.103
100,79,0.024,0.043,0.093
100,8,0.007,0.014,0.098
100,80,0.02,0.037,0.097
100,81,0.012,0.023,0.105
100,82,0.013,0.026,0.104
100,83,0.022,0.04,0.096
100,84,0.01,0.02,0.109
100,85,0.011,0.023,0.107
100,86,0.013,0.026,0.106
100,87,0.01,0.021,0.109
100,88,0.019,0.036,0.1
100,89,0.024,0.043,0.097
100,9,0.004,0.009,0.103
100,90,0.01,0.02,0.112
100,91,0.008,0.018,0.114
100,92,0.006,0.013,0.119
100,93,0.011,0.023,0.11
100,94,0.009,0.019,0.114
100,95,0.005,0.011,0.123
100,96,0.009,0.02,0.114
100,97,0.005,0.012,0.123
100,98,0.005,0.011,0.124
100,99,0.005,0.012,0.124
101,10,0.004,0.009,0.102
101,100,0.002,0.005,0.138
101,101,0.003,0.008,0.131
101,102,0.004,0.01,0.127
101,103,0.003,0.008,0.131
101,104,0.005,0.012,0.124
101,105,0.005,0.011,0.126
101,106,0.003,0.008,0.132
101,107,0.002,0.005,0.14
101,108,0.009,0.019,0.118
101,109,0.006,0.013,0.125
101,11,0.002,0.004,0.109
101,110,0.005,0.012,0.127
101,111,0.006,0.014,0.124
101,112,0.004,0.01,0.131
101,113,0.003,0.008,0.134
101,114,0.005,0.012,0.127
101,115,0.005,0.011,0.129
101,116,0.004,0.009,0.133
101,117,0.006,0.014,0.125
101,118,0.005,0.012,0.127
101,119,0.003,0.007,0.137
101,12,0.001,0.003,0.111
101,120,0.009,0.019,0.121
101,121,0.009,0.018,0.121
101,122,0.005,0.011,0.13
101,123,0.005,0.011,0.131
101,124,0.008,0.017,0.123
101,125,0.011,0.022,0.118
101,126,0.007,0.016,0.124
101,127,0.004,0.01,0.133
101,128,0.003,0.007,0.138
101,129,0.005,0.01,0.132
101,13,0.006,0.014,0.094
101,130,0.007,0.014,0.127
101,131,0.003,0.008,0.137
101,132,0.001,0.002,0.159
101,133,0.002,0.004,0.148
101,134,0.004,0.009,0.135
101,135,0.002,0.006,0.142
101,136,0.001,0.003,0.154
101,137,0.002,0.005,0.144
101,138,0.003,0.007,0.139
101,139,0.002,0.006,0.141
101,14,0.001,0.003,0.111
101,140,0.002,0.005,0.144
101,141,0.003,0.007,0.14
101,142,0.002,0.005,0.144
101,143,0.001,0.003,0.152
101,144,0.001,0.003,0.153
101,145,0.001,0.003,0.152
101,146,0.002,0.004,0.146
101,147,0.003,0.008,0.137
101,148,0.003,0.007,0.14
101,149,0.001,0.003,0.155
101,15,0.001,0.003,0.111
101,150,0.002,0.005,0.145
101,151,0.003,0.007,0.139
101,152,0.004,0.009,0.135
101,153,0.004,0.01,0.134
101,154,0.004,0.01,0.134
101,155,0.002,0.006,0.142
101,156,0.002,0.006,0.141
101,157,0.004,0.01,0.133
101,158,0.005,0.011,0.131
101,159,0.002,0.005,0.143
101,16,0.002,0.004,0.106
101,160,0.002,0.006,0.143
101,161,0.002,0.006,0.142
101,162,0.001,0.003,0.154
101,163,0.002,0.005,0.145
101,164,0.001,0.004,0.147
101,165,0.001,0.004,0.149
101,166,0.001,0.002,0.158
101,167,0.002,0.005,0.142
101,168,0.001,0.003,0.15
101,169,0.003,0.007,0.137
101,17,0.002,0.004,0.106
101,170,0.002,0.005,0.144
101,171,0.002,0.005,0.144
101,172,0.001,0.004,0.147
101,173,0.002,0.005,0.143
101,174,0.001,0.004,0.146
101,175,0.002,0.006,0.139
101,176,0.004,0.01,0.13
101,177,0.006,0.014,0.124
101,178,0.006,0.013,0.126
101,179,0.004,0.009,0.131
101,18,0.001,0.002,0.115
101,180,0.003,0.007,0.137
101,181,0.003,0.007,0.136
101,182,0.008,0.017,0.121
101,183,0.006,0.013,0.126
101,184,0.004,0.01,0.131
101,185,0.004,0.009,0.133
101,186,0.003,0.008,0.134
101,187,0.004,0.01,0.131
101,188,0.004,0.01,0.13
101,189,0.006,0.013,0.126
101,19,0.0,0.001,0.119
101,190,0.006,0.014,0.126
101,191,0.008,0.017,0.122
101,192,0.004,0.009,0.135
101,193,0.004,0.01,0.133
101,194,0.002,0.005,0.143
101,195,0.002,0.005,0.147
101,196,0.002,0.006,0.143
101,197,0.004,0.01,0.136
101,198,0.002,0.005,0.147
101,199,0.002,0.004,0.151
101,20,0.002,0.005,0.103
101,200,0.002,0.005,0.149
101,201,0.002,0.006,0.147
101,202,0.003,0.008,0.143
101,203,0.004,0.009,0.143
101,204,0.008,0.018,0.131
101,205,0.005,0.011,0.141
101,206,0.006,0.013,0.139
101,207,0.006,0.014,0.138
101,208,0.004,0.01,0.147
101,209,0.007,0.014,0.141
101,21,0.001,0.002,0.113
101,210,0.003,0.008,0.154
101,211,0.008,0.018,0.139
101,212,0.006,0.014,0.146
101,213,0.003,0.008,0.158
101,214,0.007,0.016,0.145
101,215,0.004,0.009,0.158
101,216,0.005,0.011,0.155
101,217,0.011,0.022,0.141
101,218,0.006,0.013,0.155
101,219,0.01,0.021,0.145
101,22,0.001,0.002,0.114
101,220,0.007,0.016,0.153
101,221,0.005,0.011,0.162
101,222,0.005,0.012,0.162
101,223,0.008,0.018,0.154
101,224,0.009,0.019,0.154
101,225,0.004,0.009,0.172
101,226,0.008,0.017,0.159
101,227,0.007,0.015,0.163
101,228,0.005,0.011,0.171
101,229,0.009,0.018,0.16
101,23,0.001,0.002,0.114
101,230,0.006,0.014,0.167
101,231,0.005,0.012,0.172
101,232,0.005,0.011,0.174
101,233,0.002,0.005,0.191
101,234,0.002,0.006,0.191
101,235,0.002,0.006,0.19
101,236,0.001,0.003,0.206
101,237,0.001,0.003,0.202
101,238,0.001,0.003,0.203
101,239,0.002,0.005,0.193
101,24,0.001,0.002,0.115
101,240,0.0,0.001,0.221
101,241,0.0,0.001,0.223
101,242,0.0,0.001,0.222
101,243,0.001,0.002,0.214
101,244,0.0,0.001,0.228
101,245,0.0,0.001,0.238
101,246,0.0,0.001,0.236
101,247,0.0,0.001,0.232
101,248,0.0,0.001,0.243
101,249,0.0,0.0,0.257
101,25,0.0,0.001,0.127
101,250,0.0,0.0,0.258
101,251,0.0,0.0,0.27
101,26,0.002,0.005,0.106
101,27,0.001,0.002,0.115
101,28,0.0,0.001,0.124
101,29,0.002,0.004,0.107
101,30,0.001,0.003,0.112
101,31,0.0,0.001,0.124
101,32,0.002,0.006,0.104
101,33,0.002,0.006,0.104
101,34,0.01,0.02,0.088
101,35,0.006,0.014,0.094
101,36,0.001,0.003,0.111
101,37,0.01,0.021,0.088
101,38,0.006,0.014,0.094
101,39,0.002,0.006,0.106
101,40,0.005,0.011,0.098
101,41,0.01,0.02,0.09
101,42,0.004,0.01,0.1
101,43,0.002,0.005,0.11
101,44,0.004,0.009,0.102
101,45,0.009,0.019,0.092
101,46,0.002,0.006,0.108
101,47,0.004,0.009,0.103
101,48,0.003,0.008,0.104
101,49,0.002,0.006,0.11
101,50,0.001,0.002,0.121
101,51,0.0,0.002,0.127
101,52,0.001,0.004,0.117
101,53,0.003,0.007,0.109
101,54,0.002,0.005,0.114
101,55,0.002,0.005,0.115
101,56,0.002,0.006,0.112
101,57,0.002,0.005,0.116
101,58,0.003,0.007,0.111
101,59,0.002,0.005,0.117
101,60,0.002,0.004,0.119
101,61,0.0,0.001,0.133
101,62,0.001,0.004,0.122
101,63,0.003,0.008,0.112
101,64,0.003,0.008,0.113
101,65,0.002,0.005,0.12
101,66,0.002,0.006,0.118
101,67,0.001,0.003,0.125
101,68,0.004,0.009,0.112
101,69,0.006,0.013,0.108
101,7,0.014,0.028,0.088
101,70,0.009,0.018,0.103
101,71,0.006,0.013,0.108
101,72,0.014,0.027,0.098
101,73,0.01,0.021,0.103
101,74,0.008,0.017,0.106
101,75,0.006,0.013,0.11
101,76,0.012,0.024,0.102
101,77,0.018,0.033,0.096
101,78,0.007,0.015,0.11
101,79,0.01,0.02,0.106
101,8,0.021,0.039,0.082
101,80,0.009,0.02,0.107
101,81,0.005,0.011,0.117
101,82,0.003,0.008,0.122
101,83,0.009,0.019,0.109
101,84,0.003,0.008,0.123
101,85,0.005,0.012,0.117
101,86,0.003,0.007,0.126
101,87,0.003,0.007,0.127
101,88,0.002,0.006,0.13
101,89,0.001,0.003,0.138
101,9,0.004,0.01,0.1
101,90,0.002,0.005,0.133
101,91,0.004,0.01,0.123
101,92,0.004,0.008,0.126
101,93,0.003,0.007,0.13
101,94,0.002,0.005,0.136
101,95,0.002,0.005,0.134
101,96,0.003,0.007,0.131
101,97,0.005,0.012,0.122
101,98,0.002,0.006,0.134
101,99,0.001,0.004,0.142
102,10,0.005,0.011,0.1
102,100,0.006,0.013,0.121
102,101,0.003,0.008,0.129
102,102,0.003,0.008,0.128
102,103,0.003,0.008,0.13
102,104,0.005,0.012,0.123
102,105,0.007,0.016,0.118
102,106,0.004,0.01,0.127
102,107,0.002,0.006,0.135
102,108,0.003,0.008,0.132
102,109,0.004,0.01,0.128
102,11,0.008,0.016,0.093
102,110,0.002,0.006,0.136
102,111,0.003,0.008,0.132
102,112,0.004,0.01,0.128
102,113,0.006,0.013,0.124
102,114,0.007,0.015,0.122
102,115,0.003,0.007,0.134
102,116,0.005,0.012,0.127
102,117,0.005,0.012,0.127
102,118,0.003,0.008,0.133
102,119,0.003,0.008,0.134
102,12,0.001,0.003,0.112
102,120,0.007,0.015,0.123
102,121,0.005,0.011,0.129
102,122,0.004,0.01,0.13
102,123,0.012,0.024,0.115
102,124,0.009,0.019,0.12
102,125,0.006,0.014,0.125
102,126,0.005,0.012,0.128
102,127,0.003,0.007,0.138
102,128,0.002,0.005,0.142
102,129,0.005,0.012,0.127
102,13,0.002,0.004,0.109
102,130,0.004,0.01,0.131
102,131,0.005,0.011,0.129
102,132,0.003,0.006,0.139
102,133,0.002,0.005,0.145
102,134,0.002,0.005,0.142
102,135,0.003,0.007,0.137
102,136,0.001,0.004,0.149
102,137,0.002,0.006,0.14
102,138,0.003,0.007,0.137
102,139,0.001,0.003,0.151
102,14,0.0,0.002,0.12
102,140,0.002,0.005,0.143
102,141,0.002,0.004,0.146
102,142,0.001,0.003,0.153
102,143,0.001,0.002,0.155
102,144,0.002,0.005,0.143
102,145,0.002,0.005,0.143
102,146,0.003,0.006,0.14
102,147,0.001,0.004,0.147
102,148,0.003,0.007,0.137
102,149,0.001,0.002,0.157
102,15,0.001,0.004,0.108
102,150,0.001,0.002,0.156
102,151,0.001,0.002,0.155
102,152,0.001,0.002,0.158
102,153,0.001,0.002,0.155
102,154,0.001,0.004,0.148
102,155,0.002,0.005,0.144
102,156,0.001,0.003,0.151
102,157,0.002,0.005,0.143
102,158,0.002,0.005,0.142
102,159,0.001,0.004,0.148
102,16,0.003,0.008,0.1
102,160,0.004,0.009,0.134
102,161,0.004,0.009,0.133
102,162,0.006,0.014,0.126
102,163,0.005,0.012,0.128
102,164,0.002,0.006,0.14
102,165,0.003,0.008,0.136
102,166,0.003,0.007,0.137
102,167,0.004,0.009,0.133
102,168,0.003,0.008,0.134
102,169,0.003,0.007,0.137
102,17,0.001,0.003,0.113
102,170,0.001,0.002,0.154
102,171,0.001,0.003,0.148
102,172,0.001,0.003,0.149
102,173,0.001,0.003,0.15
102,174,0.001,0.003,0.149
102,175,0.002,0.006,0.138
102,176,0.003,0.007,0.135
102,177,0.003,0.007,0.135
102,178,0.004,0.009,0.132
102,179,0.003,0.007,0.136
102,18,0.003,0.007,0.1
102,180,0.007,0.015,0.123
102,181,0.011,0.022,0.116
102,182,0.019,0.035,0.107
102,183,0.026,0.046,0.102
102,184,0.025,0.045,0.103
102,185,0.012,0.024,0.116
102,186,0.018,0.034,0.109
102,187,0.022,0.04,0.106
102,188,0.017,0.032,0.11
102,189,0.021,0.039,0.107
102,19,0.001,0.004,0.109
102,190,0.006,0.013,0.128
102,191,0.015,0.029,0.114
102,192,0.018,0.034,0.11
102,193,0.011,0.022,0.119
102,194,0.014,0.028,0.115
102,195,0.015,0.029,0.116
102,196,0.011,0.022,0.122
102,197,0.013,0.026,0.119
102,198,0.009,0.018,0.127
102,199,0.005,0.011,0.136
102,20,0.002,0.006,0.103
102,200,0.007,0.015,0.132
102,201,0.011,0.022,0.126
102,202,0.015,0.029,0.121
102,203,0.017,0.033,0.119
102,204,0.009,0.019,0.132
102,205,0.013,0.026,0.126
102,206,0.008,0.018,0.135
102,207,0.019,0.036,0.121
102,208,0.017,0.032,0.124
102,209,0.009,0.018,0.138
102,21,0.0,0.002,0.118
102,210,0.007,0.015,0.143
102,211,0.004,0.009,0.155
102,212,0.008,0.016,0.144
102,213,0.006,0.014,0.149
102,214,0.01,0.021,0.141
102,215,0.005,0.011,0.156
102,216,0.008,0.018,0.147
102,217,0.004,0.01,0.161
102,218,0.005,0.012,0.159
102,219,0.003,0.008,0.169
102,22,0.001,0.002,0.114
102,220,0.003,0.007,0.173
102,221,0.002,0.005,0.179
102,222,0.002,0.005,0.183
102,223,0.001,0.003,0.191
102,224,0.003,0.006,0.179
102,225,0.002,0.005,0.185
102,226,0.002,0.004,0.19
102,227,0.001,0.003,0.198
102,228,0.001,0.003,0.202
102,229,0.002,0.005,0.189
102,23,0.005,0.011,0.095
102,230,0.003,0.007,0.184
102,231,0.001,0.003,0.199
102,232,0.001,0.003,0.204
102,233,0.001,0.002,0.211
102,234,0.001,0.002,0.214
102,235,0.002,0.005,0.195
102,236,0.001,0.003,0.204
102,237,0.001,0.004,0.202
102,238,0.001,0.003,0.205
102,239,0.001,0.003,0.207
102,24,0.001,0.003,0.11
102,240,0.001,0.002,0.209
102,241,0.0,0.001,0.221
102,242,0.001,0.002,0.215
102,243,0.0,0.001,0.22
102,244,0.0,0.001,0.225
102,245,0.0,0.001,0.234
102,246,0.0,0.001,0.231
102,247,0.0,0.0,0.247
102,248,0.0,0.001,0.241
102,249,0.0,0.0,0.259
102,25,0.0,0.001,0.119
102,250,0.0,0.0,0.27
102,251,0.0,0.0,0.267
102,26,0.0,0.001,0.123
102,27,0.0,0.001,0.126
102,28,0.0,0.001,0.124
102,29,0.001,0.002,0.118
102,30,0.0,0.001,0.125
102,31,0.001,0.002,0.114
102,32,0.0,0.001,0.122
102,33,0.002,0.004,0.107
102,34,0.001,0.002,0.116
102,35,0.001,0.002,0.115
102,36,0.001,0.003,0.113
102,37,0.001,0.002,0.119
102,38,0.003,0.008,0.102
102,39,0.004,0.009,0.101
102,40,0.002,0.005,0.108
102,41,0.001,0.002,0.117
102,42,0.003,0.008,0.104
102,43,0.003,0.006,0.106
102,44,0.002,0.004,0.111
102,45,0.001,0.003,0.117
102,46,0.001,0.002,0.123
102,47,0.004,0.009,0.104
102,48,0.002,0.004,0.113
102,49,0.001,0.003,0.118
102,50,0.003,0.006,0.108
102,51,0.001,0.002,0.122
102,52,0.001,0.003,0.118
102,53,0.003,0.007,0.109
102,54,0.002,0.004,0.116
102,55,0.001,0.003,0.121
102,56,0.002,0.005,0.115
102,57,0.003,0.008,0.109
102,58,0.003,0.008,0.109
102,59,0.002,0.004,0.117
102,60,0.007,0.015,0.102
102,61,0.008,0.017,0.099
102,62,0.015,0.03,0.091
102,63,0.007,0.015,0.102
102,64,0.003,0.007,0.114
102,65,0.003,0.008,0.112
102,66,0.002,0.006,0.117
102,67,0.002,0.006,0.117
102,68,0.003,0.008,0.113
102,69,0.01,0.021,0.1
102,7,0.011,0.022,0.093
102,70,0.009,0.019,0.102
102,71,0.008,0.018,0.103
102,72,0.015,0.03,0.095
102,73,0.006,0.013,0.108
102,74,0.006,0.013,0.11
102,75,0.012,0.023,0.1
102,76,0.009,0.019,0.105
102,77,0.014,0.027,0.099
102,78,0.017,0.032,0.097
102,79,0.005,0.011,0.115
102,8,0.008,0.017,0.096
102,80,0.012,0.025,0.102
102,81,0.008,0.017,0.109
102,82,0.01,0.021,0.106
102,83,0.006,0.013,0.114
102,84,0.011,0.023,0.105
102,85,0.013,0.026,0.103
102,86,0.015,0.03,0.101
102,87,0.021,0.039,0.096
102,88,0.009,0.02,0.109
102,89,0.004,0.009,0.122
102,9,0.001,0.003,0.119
102,90,0.004,0.01,0.12
102,91,0.007,0.015,0.114
102,92,0.008,0.017,0.112
102,93,0.012,0.023,0.108
102,94,0.005,0.011,0.122
102,95,0.008,0.017,0.115
102,96,0.011,0.023,0.109
102,97,0.007,0.016,0.116
102,98,0.007,0.015,0.117
102,99,0.005,0.011,0.123
103,10,0.0,0.002,0.122
103,100,0.011,0.022,0.11
103,101,0.012,0.024,0.109
103,102,0.007,0.015,0.117
103,103,0.01,0.02,0.113
103,104,0.011,0.022,0.111
103,105,0.006,0.013,0.12
103,106,0.004,0.009,0.127
103,107,0.008,0.016,0.117
103,108,0.005,0.012,0.123
103,109,0.004,0.009,0.128
103,11,0.001,0.004,0.112
103,110,0.006,0.014,0.122
103,111,0.007,0.015,0.12
103,112,0.011,0.023,0.113
103,113,0.003,0.008,0.131
103,114,0.005,0.011,0.126
103,115,0.009,0.019,0.117
103,116,0.003,0.008,0.132
103,117,0.003,0.008,0.132
103,118,0.005,0.012,0.125
103,119,0.005,0.01,0.128
103,12,0.0,0.001,0.122
103,120,0.004,0.009,0.131
103,121,0.005,0.011,0.128
103,122,0.005,0.012,0.127
103,123,0.008,0.018,0.12
103,124,0.013,0.026,0.113
103,125,0.012,0.023,0.115
103,126,0.015,0.029,0.111
103,127,0.009,0.019,0.119
103,128,0.005,0.012,0.127
103,129,0.011,0.022,0.117
103,13,0.001,0.003,0.113
103,130,0.01,0.02,0.118
103,131,0.005,0.012,0.128
103,132,0.006,0.013,0.126
103,133,0.004,0.008,0.133
103,134,0.005,0.012,0.128
103,135,0.004,0.01,0.13
103,136,0.003,0.006,0.138
103,137,0.008,0.017,0.122
103,138,0.007,0.015,0.124
103,139,0.004,0.009,0.133
103,14,0.0,0.001,0.124
103,140,0.002,0.006,0.14
103,141,0.002,0.005,0.141
103,142,0.002,0.006,0.139
103,143,0.002,0.006,0.14
103,144,0.004,0.01,0.131
103,145,0.003,0.007,0.136
103,146,0.002,0.006,0.139
103,147,0.002,0.005,0.143
103,148,0.003,0.006,0.138
103,149,0.002,0.005,0.143
103,15,0.001,0.002,0.117
103,150,0.003,0.006,0.139
103,151,0.004,0.01,0.132
103,152,0.005,0.011,0.13
103,153,0.003,0.006,0.138
103,154,0.005,0.012,0.128
103,155,0.005,0.011,0.128
103,156,0.009,0.019,0.119
103,157,0.006,0.013,0.127
103,158,0.004,0.01,0.131
103,159,0.005,0.012,0.128
103,16,0.001,0.002,0.117
103,160,0.003,0.008,0.134
103,161,0.003,0.007,0.136
103,162,0.004,0.01,0.13
103,163,0.002,0.005,0.142
103,164,0.003,0.008,0.134
103,165,0.004,0.01,0.13
103,166,0.004,0.01,0.13
103,167,0.003,0.006,0.137
103,168,0.004,0.01,0.13
103,169,0.003,0.007,0.137
103,17,0.0,0.001,0.121
103,170,0.005,0.011,0.127
103,171,0.003,0.008,0.133
103,172,0.003,0.007,0.135
103,173,0.004,0.009,0.131
103,174,0.004,0.009,0.131
103,175,0.006,0.013,0.125
103,176,0.002,0.006,0.137
103,177,0.004,0.008,0.132
103,178,0.003,0.007,0.135
103,179,0.006,0.013,0.126
103,18,0.001,0.002,0.113
103,180,0.007,0.015,0.123
103,181,0.006,0.014,0.125
103,182,0.009,0.019,0.119
103,183,0.008,0.017,0.121
103,184,0.01,0.02,0.118
103,185,0.011,0.023,0.116
103,186,0.006,0.013,0.126
103,187,0.012,0.024,0.116
103,188,0.013,0.026,0.115
103,189,0.008,0.016,0.124
103,19,0.001,0.002,0.116
103,190,0.009,0.02,0.121
103,191,0.004,0.01,0.133
103,192,0.006,0.013,0.128
103,193,0.003,0.008,0.138
103,194,0.005,0.011,0.134
103,195,0.005,0.012,0.133
103,196,0.005,0.012,0.134
103,197,0.005,0.011,0.136
103,198,0.003,0.008,0.143
103,199,0.004,0.009,0.143
103,20,0.0,0.0,0.135
103,200,0.003,0.007,0.146
103,201,0.009,0.018,0.131
103,202,0.007,0.015,0.136
103,203,0.007,0.016,0.136
103,204,0.013,0.026,0.127
103,205,0.013,0.025,0.128
103,206,0.014,0.028,0.127
103,207,0.01,0.021,0.134
103,208,0.014,0.027,0.13
103,209,0.021,0.039,0.123
103,21,0.0,0.001,0.123
103,210,0.03,0.053,0.116
103,211,0.018,0.034,0.128
103,212,0.014,0.027,0.134
103,213,0.01,0.02,0.143
103,214,0.009,0.019,0.145
103,215,0.016,0.031,0.135
103,216,0.009,0.02,0.147
103,217,0.007,0.015,0.153
103,218,0.011,0.022,0.146
103,219,0.006,0.014,0.158
103,22,0.0,0.001,0.12
103,220,0.006,0.014,0.159
103,221,0.005,0.012,0.164
103,222,0.004,0.009,0.172
103,223,0.002,0.006,0.181
103,224,0.002,0.005,0.185
103,225,0.003,0.008,0.177
103,226,0.002,0.006,0.184
103,227,0.001,0.004,0.193
103,228,0.002,0.005,0.191
103,229,0.001,0.003,0.201
103,23,0.001,0.003,0.109
103,230,0.001,0.003,0.198
103,231,0.001,0.002,0.207
103,232,0.001,0.004,0.198
103,233,0.001,0.003,0.205
103,234,0.001,0.002,0.213
103,235,0.001,0.002,0.211
103,236,0.001,0.003,0.206
103,237,0.001,0.002,0.212
103,238,0.001,0.002,0.213
103,239,0.0,0.001,0.222
103,24,0.0,0.001,0.119
103,240,0.0,0.001,0.227
103,241,0.0,0.001,0.227
103,242,0.0,0.001,0.225
103,243,0.001,0.002,0.213
103,244,0.0,0.002,0.216
103,245,0.0,0.001,0.237
103,246,0.0,0.001,0.232
103,247,0.0,0.001,0.232
103,248,0.0,0.0,0.24
103,249,0.0,0.001,0.236
103,25,0.001,0.002,0.117
103,250,0.0,0.0,0.244
103,251,0.0,0.0,0.245
103,26,0.001,0.003,0.109
103,27,0.001,0.004,0.108
103,28,0.001,0.004,0.108
103,29,0.001,0.002,0.114
103,30,0.0,0.001,0.125
103,31,0.0,0.002,0.118
103,32,0.0,0.001,0.12
103,33,0.0,0.001,0.123
103,34,0.001,0.003,0.113
103,35,0.0,0.001,0.125
103,36,0.0,0.001,0.127
103,37,0.001,0.002,0.118
103,38,0.001,0.003,0.112
103,39,0.0,0.001,0.121
103,40,0.002,0.005,0.108
103,41,0.003,0.007,0.104
103,42,0.001,0.004,0.111
103,43,0.002,0.006,0.107
103,44,0.001,0.003,0.115
103,45,0.006,0.013,0.097
103,46,0.005,0.012,0.098
103,47,0.001,0.004,0.113
103,48,0.005,0.01,0.1
103,49,0.002,0.005,0.11
103,50,0.012,0.025,0.089
103,51,0.012,0.024,0.09
103,52,0.013,0.026,0.089
103,53,0.008,0.017,0.095
103,54,0.005,0.011,0.102
103,55,0.008,0.016,0.097
103,56,0.014,0.028,0.09
103,57,0.007,0.015,0.1
103,58,0.002,0.006,0.112
103,59,0.006,0.013,0.102
103,60,0.005,0.01,0.106
103,61,0.004,0.01,0.107
103,62,0.002,0.004,0.118
103,63,0.008,0.016,0.1
103,64,0.004,0.01,0.108
103,65,0.005,0.01,0.107
103,66,0.002,0.006,0.116
103,67,0.008,0.017,0.102
103,68,0.015,0.029,0.093
103,69,0.014,0.028,0.095
103,7,0.002,0.005,0.114
103,70,0.01,0.021,0.099
103,71,0.007,0.015,0.105
103,72,0.007,0.015,0.105
103,73,0.01,0.02,0.101
103,74,0.012,0.023,0.099
103,75,0.002,0.005,0.121
103,76,0.006,0.014,0.108
103,77,0.008,0.016,0.107
103,78,0.006,0.014,0.11
103,79,0.006,0.013,0.111
103,8,0.0,0.002,0.125
103,80,0.006,0.013,0.111
103,81,0.016,0.031,0.098
103,82,0.012,0.025,0.102
103,83,0.009,0.018,0.108
103,84,0.012,0.024,0.103
103,85,0.015,0.029,0.1
103,86,0.026,0.047,0.092
103,87,0.009,0.019,0.108
103,88,0.01,0.021,0.107
103,89,0.007,0.015,0.113
103,9,0.001,0.002,0.123
103,90,0.019,0.035,0.099
103,91,0.01,0.021,0.109
103,92,0.008,0.017,0.112
103,93,0.012,0.024,0.106
103,94,0.004,0.009,0.122
103,95,0.004,0.01,0.123
103,96,0.004,0.009,0.124
103,97,0.01,0.021,0.111
103,98,0.013,0.026,0.106
103,99,0.004,0.01,0.123
104,10,0.002,0.005,0.11
104,100,0.012,0.023,0.108
104,101,0.007,0.015,0.117
104,102,0.004,0.009,0.125
104,103,0.004,0.009,0.125
104,104,0.008,0.017,0.115
104,105,0.013,0.026,0.107
104,106,0.006,0.013,0.12
104,107,0.004,0.01,0.125
104,108,0.008,0.016,0.117
104,109,0.003,0.008,0.129
104,11,0.001,0.003,0.115
104,110,0.011,0.022,0.112
104,111,0.012,0.024,0.11
104,112,0.019,0.036,0.103
104,113,0.013,0.025,0.11
104,114,0.008,0.018,0.117
104,115,0.008,0.017,0.117
104,116,0.003,0.008,0.13
104,117,0.002,0.006,0.135
104,118,0.002,0.005,0.139
104,119,0.002,0.006,0.137
104,12,0.003,0.007,0.103
104,120,0.003,0.008,0.132
104,121,0.002,0.005,0.137
104,122,0.004,0.009,0.131
104,123,0.009,0.019,0.118
104,124,0.01,0.021,0.115
104,125,0.006,0.014,0.122
104,126,0.005,0.012,0.125
104,127,0.007,0.016,0.12
104,128,0.013,0.026,0.112
104,129,0.009,0.018,0.119
104,13,0.0,0.001,0.129
104,130,0.007,0.015,0.122
104,131,0.01,0.021,0.117
104,132,0.009,0.018,0.119
104,133,0.008,0.017,0.12
104,134,0.013,0.025,0.113
104,135,0.014,0.028,0.111
104,136,0.011,0.022,0.116
104,137,0.006,0.013,0.125
104,138,0.006,0.013,0.125
104,139,0.004,0.01,0.13
104,14,0.0,0.0,0.132
104,140,0.006,0.012,0.126
104,141,0.007,0.015,0.123
104,142,0.012,0.025,0.114
104,143,0.005,0.012,0.127
104,144,0.006,0.013,0.125
104,145,0.004,0.009,0.131
104,146,0.005,0.011,0.128
104,147,0.007,0.016,0.122
104,148,0.004,0.009,0.131
104,149,0.004,0.008,0.133
104,15,0.0,0.001,0.126
104,150,0.002,0.006,0.139
104,151,0.004,0.009,0.132
104,152,0.006,0.013,0.126
104,153,0.003,0.008,0.133
104,154,0.003,0.007,0.136
104,155,0.003,0.007,0.135
104,156,0.003,0.008,0.132
104,157,0.004,0.009,0.131
104,158,0.002,0.006,0.137
104,159,0.001,0.002,0.154
104,16,0.0,0.001,0.123
104,160,0.001,0.002,0.153
104,161,0.002,0.005,0.141
104,162,0.002,0.005,0.141
104,163,0.002,0.006,0.138
104,164,0.002,0.005,0.141
104,165,0.002,0.005,0.142
104,166,0.003,0.007,0.134
104,167,0.003,0.006,0.136
104,168,0.002,0.006,0.137
104,169,0.003,0.008,0.133
104,17,0.0,0.001,0.121
104,170,0.003,0.007,0.135
104,171,0.003,0.008,0.134
104,172,0.002,0.006,0.138
104,173,0.002,0.005,0.142
104,174,0.002,0.005,0.14
104,175,0.003,0.007,0.136
104,176,0.003,0.008,0.134
104,177,0.004,0.009,0.132
104,178,0.005,0.012,0.127
104,179,0.003,0.008,0.134
104,18,0.0,0.0,0.134
104,180,0.006,0.013,0.126
104,181,0.006,0.013,0.127
104,182,0.006,0.013,0.126
104,183,0.003,0.007,0.137
104,184,0.004,0.009,0.134
104,185,0.004,0.008,0.135
104,186,0.002,0.006,0.141
104,187,0.004,0.008,0.136
104,188,0.003,0.007,0.139
104,189,0.004,0.009,0.136
104,19,0.0,0.0,0.137
104,190,0.003,0.007,0.141
104,191,0.002,0.006,0.144
104,192,0.004,0.01,0.136
104,193,0.002,0.005,0.148
104,194,0.003,0.008,0.141
104,195,0.002,0.005,0.149
104,196,0.002,0.005,0.151
104,197,0.004,0.009,0.143
104,198,0.003,0.007,0.147
104,199,0.003,0.008,0.146
104,20,0.0,0.001,0.127
104,200,0.006,0.013,0.138
104,201,0.004,0.01,0.145
104,202,0.006,0.013,0.14
104,203,0.004,0.01,0.146
104,204,0.007,0.015,0.139
104,205,0.007,0.014,0.142
104,206,0.003,0.008,0.154
104,207,0.006,0.014,0.145
104,208,0.007,0.015,0.145
104,209,0.006,0.013,0.149
104,21,0.0,0.0,0.136
104,210,0.009,0.018,0.143
104,211,0.015,0.029,0.133
104,212,0.018,0.035,0.131
104,213,0.014,0.028,0.137
104,214,0.014,0.027,0.139
104,215,0.007,0.016,0.152
104,216,0.01,0.02,0.147
104,217,0.013,0.025,0.144
104,218,0.01,0.022,0.148
104,219,0.011,0.022,0.148
104,22,0.0,0.0,0.136
104,220,0.005,0.012,0.163
104,221,0.007,0.015,0.159
104,222,0.004,0.01,0.169
104,223,0.003,0.007,0.178
104,224,0.005,0.011,0.169
104,225,0.005,0.011,0.17
104,226,0.004,0.01,0.173
104,227,0.003,0.007,0.182
104,228,0.003,0.007,0.182
104,229,0.002,0.005,0.191
104,23,0.001,0.002,0.116
104,230,0.002,0.005,0.188
104,231,0.002,0.006,0.187
104,232,0.001,0.003,0.205
104,233,0.001,0.002,0.207
104,234,0.001,0.002,0.209
104,235,0.001,0.002,0.209
104,236,0.0,0.002,0.215
104,237,0.0,0.001,0.221
104,238,0.0,0.001,0.223
104,239,0.0,0.001,0.222
104,24,0.0,0.001,0.122
104,240,0.0,0.001,0.223
104,241,0.0,0.001,0.219
104,242,0.0,0.001,0.224
104,243,0.0,0.001,0.223
104,244,0.0,0.001,0.221
104,245,0.0,0.001,0.232
104,246,0.0,0.0,0.24
104,247,0.0,0.0,0.243
104,248,0.0,0.0,0.248
104,249,0.0,0.0,0.245
104,25,0.0,0.0,0.131
104,250,0.0,0.0,0.242
104,251,0.0,0.0,0.252
104,26,0.001,0.003,0.11
104,27,0.0,0.001,0.118
104,28,0.0,0.001,0.128
104,29,0.0,0.001,0.119
104,30,0.0,0.001,0.124
104,31,0.0,0.001,0.13
104,32,0.0,0.0,0.134
104,33,0.0,0.0,0.134
104,34,0.002,0.004,0.108
104,35,0.0,0.001,0.124
104,36,0.001,0.002,0.119
104,37,0.0,0.001,0.121
104,38,0.001,0.002,0.115
104,39,0.001,0.003,0.113
104,40,0.001,0.003,0.113
104,41,0.002,0.004,0.109
104,42,0.003,0.006,0.105
104,43,0.005,0.012,0.098
104,44,0.0,0.001,0.125
104,45,0.001,0.003,0.116
104,46,0.002,0.004,0.111
104,47,0.002,0.004,0.111
104,48,0.004,0.009,0.102
104,49,0.006,0.013,0.098
104,50,0.005,0.012,0.1
104,51,0.004,0.01,0.102
104,52,0.013,0.026,0.089
104,53,0.002,0.005,0.111
104,54,0.004,0.009,0.104
104,55,0.002,0.006,0.11
104,56,0.003,0.007,0.109
104,57,0.011,0.022,0.093
104,58,0.008,0.017,0.097
104,59,0.009,0.018,0.096
104,60,0.009,0.019,0.096
104,61,0.007,0.015,0.1
104,62,0.004,0.009,0.107
104,63,0.002,0.005,0.115
104,64,0.004,0.01,0.107
104,65,0.01,0.021,0.097
104,66,0.011,0.023,0.096
104,67,0.007,0.015,0.102
104,68,0.006,0.014,0.104
104,69,0.012,0.024,0.096
104,7,0.004,0.009,0.105
104,70,0.007,0.015,0.103
104,71,0.006,0.014,0.105
104,72,0.004,0.009,0.112
104,73,0.006,0.013,0.107
104,74,0.002,0.004,0.123
104,75,0.002,0.004,0.123
104,76,0.004,0.009,0.114
104,77,0.004,0.009,0.114
104,78,0.004,0.009,0.114
104,79,0.005,0.012,0.111
104,8,0.002,0.005,0.11
104,80,0.005,0.011,0.112
104,81,0.002,0.006,0.123
104,82,0.003,0.006,0.122
104,83,0.004,0.009,0.116
104,84,0.002,0.005,0.126
104,85,0.003,0.008,0.119
104,86,0.006,0.013,0.113
104,87,0.003,0.008,0.12
104,88,0.004,0.009,0.12
104,89,0.006,0.013,0.115
104,9,0.003,0.007,0.106
104,90,0.009,0.019,0.108
104,91,0.002,0.006,0.126
104,92,0.002,0.005,0.131
104,93,0.003,0.007,0.127
104,94,0.003,0.007,0.125
104,95,0.003,0.008,0.124
104,96,0.004,0.01,0.121
104,97,0.01,0.021,0.109
104,98,0.01,0.02,0.11
104,99,0.011,0.023,0.108
105,10,0.003,0.007,0.105
105,100,0.013,0.026,0.106
105,101,0.012,0.025,0.107
105,102,0.008,0.016,0.114
105,103,0.01,0.021,0.11
105,104,0.009,0.019,0.112
105,105,0.028,0.05,0.095
105,106,0.013,0.026,0.107
105,107,0.009,0.019,0.113
105,108,0.006,0.014,0.119
105,109,0.015,0.03,0.105
105,11,0.003,0.008,0.103
105,110,0.01,0.02,0.112
105,111,0.019,0.035,0.103
105,112,0.018,0.033,0.104
105,113,0.013,0.025,0.109
105,114,0.006,0.014,0.12
105,115,0.01,0.02,0.114
105,116,0.011,0.022,0.112
105,117,0.005,0.012,0.123
105,118,0.006,0.013,0.121
105,119,0.01,0.02,0.114
105,12,0.002,0.006,0.106
105,120,0.019,0.035,0.104
105,121,0.022,0.041,0.102
105,122,0.012,0.025,0.111
105,123,0.007,0.015,0.12
105,124,0.008,0.017,0.118
105,125,0.005,0.012,0.124
105,126,0.006,0.014,0.122
105,127,0.006,0.013,0.123
105,128,0.022,0.04,0.102
105,129,0.011,0.023,0.113
105,13,0.005,0.01,0.098
105,130,0.006,0.012,0.124
105,131,0.007,0.015,0.12
105,132,0.002,0.006,0.135
105,133,0.006,0.013,0.124
105,134,0.004,0.008,0.131
105,135,0.004,0.009,0.13
105,136,0.004,0.009,0.129
105,137,0.013,0.027,0.111
105,138,0.008,0.018,0.119
105,139,0.004,0.009,0.131
105,14,0.003,0.008,0.1
105,140,0.005,0.012,0.126
105,141,0.001,0.004,0.145
105,142,0.002,0.006,0.138
105,143,0.002,0.006,0.137
105,144,0.004,0.009,0.131
105,145,0.003,0.007,0.134
105,146,0.004,0.01,0.128
105,147,0.005,0.012,0.126
105,148,0.008,0.018,0.119
105,149,0.004,0.01,0.129
105,15,0.002,0.005,0.106
105,150,0.014,0.028,0.11
105,151,0.011,0.022,0.115
105,152,0.005,0.011,0.127
105,153,0.006,0.013,0.124
105,154,0.008,0.017,0.12
105,155,0.008,0.017,0.119
105,156,0.007,0.015,0.121
105,157,0.008,0.016,0.12
105,158,0.006,0.013,0.123
105,159,0.007,0.015,0.121
105,16,0.0,0.001,0.123
105,160,0.008,0.017,0.119
105,161,0.006,0.013,0.123
105,162,0.009,0.019,0.117
105,163,0.008,0.018,0.118
105,164,0.007,0.015,0.121
105,165,0.007,0.014,0.121
105,166,0.004,0.009,0.129
105,167,0.007,0.016,0.12
105,168,0.013,0.026,0.111
105,169,0.01,0.021,0.115
105,17,0.004,0.01,0.096
105,170,0.013,0.025,0.112
105,171,0.008,0.017,0.12
105,172,0.009,0.018,0.119
105,173,0.008,0.017,0.12
105,174,0.01,0.02,0.117
105,175,0.015,0.029,0.11
105,176,0.013,0.027,0.112
105,177,0.014,0.027,0.112
105,178,0.009,0.018,0.12
105,179,0.012,0.025,0.114
105,18,0.003,0.007,0.1
105,180,0.008,0.018,0.121
105,181,0.009,0.02,0.119
105,182,0.006,0.013,0.126
105,183,0.005,0.012,0.129
105,184,0.005,0.011,0.13
105,185,0.004,0.009,0.133
105,186,0.004,0.01,0.133
105,187,0.001,0.003,0.151
105,188,0.002,0.006,0.142
105,189,0.005,0.012,0.132
105,19,0.001,0.004,0.107
105,190,0.002,0.004,0.151
105,191,0.002,0.004,0.15
105,192,0.001,0.003,0.155
105,193,0.004,0.009,0.14
105,194,0.003,0.006,0.146
105,195,0.007,0.015,0.132
105,196,0.005,0.011,0.139
105,197,0.005,0.012,0.139
105,198,0.006,0.013,0.138
105,199,0.004,0.01,0.144
105,20,0.0,0.0,0.129
105,200,0.005,0.012,0.141
105,201,0.005,0.011,0.144
105,202,0.006,0.014,0.141
105,203,0.008,0.017,0.139
105,204,0.004,0.01,0.149
105,205,0.004,0.01,0.15
105,206,0.004,0.01,0.153
105,207,0.011,0.022,0.137
105,208,0.01,0.021,0.14
105,209,0.005,0.011,0.154
105,21,0.002,0.005,0.104
105,210,0.006,0.014,0.15
105,211,0.01,0.021,0.143
105,212,0.012,0.024,0.141
105,213,0.01,0.02,0.146
105,214,0.008,0.016,0.152
105,215,0.011,0.023,0.145
105,216,0.006,0.013,0.159
105,217,0.005,0.012,0.162
105,218,0.005,0.011,0.164
105,219,0.005,0.011,0.167
105,22,0.001,0.002,0.117
105,220,0.004,0.01,0.168
105,221,0.004,0.009,0.172
105,222,0.005,0.012,0.165
105,223,0.002,0.005,0.187
105,224,0.002,0.005,0.188
105,225,0.003,0.008,0.177
105,226,0.005,0.011,0.171
105,227,0.002,0.006,0.185
105,228,0.001,0.004,0.196
105,229,0.002,0.005,0.191
105,23,0.001,0.003,0.11
105,230,0.003,0.006,0.184
105,231,0.001,0.004,0.196
105,232,0.001,0.002,0.212
105,233,0.001,0.003,0.199
105,234,0.001,0.003,0.199
105,235,0.001,0.002,0.209
105,236,0.001,0.002,0.212
105,237,0.001,0.002,0.209
105,238,0.001,0.002,0.208
105,239,0.001,0.002,0.209
105,24,0.001,0.002,0.113
105,240,0.001,0.002,0.208
105,241,0.0,0.001,0.219
105,242,0.0,0.001,0.22
105,243,0.0,0.001,0.221
105,244,0.0,0.002,0.214
105,245,0.001,0.003,0.203
105,246,0.001,0.002,0.21
105,247,0.0,0.001,0.226
105,248,0.0,0.001,0.23
105,249,0.0,0.001,0.223
105,25,0.001,0.002,0.115
105,250,0.0,0.001,0.238
105,251,0.0,0.0,0.242
105,26,0.001,0.003,0.111
105,27,0.0,0.001,0.119
105,28,0.0,0.001,0.118
105,29,0.001,0.002,0.115
105,30,0.002,0.005,0.105
105,31,0.001,0.002,0.114
105,32,0.002,0.005,0.105
105,33,0.003,0.007,0.1
105,34,0.001,0.004,0.109
105,35,0.001,0.003,0.113
105,36,0.001,0.002,0.115
105,37,0.001,0.002,0.115
105,38,0.001,0.004,0.11
105,39,0.001,0.002,0.115
105,40,0.001,0.003,0.114
105,41,0.001,0.002,0.12
105,42,0.001,0.002,0.12
105,43,0.001,0.002,0.118
105,44,0.0,0.001,0.131
105,45,0.001,0.004,0.112
105,46,0.001,0.004,0.112
105,47,0.001,0.002,0.118
105,48,0.0,0.002,0.123
105,49,0.002,0.006,0.108
105,50,0.003,0.006,0.107
105,51,0.001,0.004,0.114
105,52,0.002,0.004,0.113
105,53,0.002,0.005,0.112
105,54,0.003,0.007,0.107
105,55,0.002,0.005,0.111
105,56,0.002,0.005,0.112
105,57,0.005,0.011,0.103
105,58,0.008,0.018,0.096
105,59,0.008,0.017,0.097
105,60,0.002,0.006,0.112
105,61,0.004,0.009,0.106
105,62,0.005,0.011,0.105
105,63,0.007,0.015,0.101
105,64,0.01,0.02,0.096
105,65,0.007,0.014,0.102
105,66,0.007,0.016,0.101
105,67,0.008,0.018,0.099
105,68,0.01,0.021,0.097
105,69,0.012,0.024,0.095
105,7,0.011,0.022,0.093
105,70,0.007,0.016,0.102
105,71,0.012,0.024,0.096
105,72,0.008,0.017,0.101
105,73,0.021,0.039,0.089
105,74,0.012,0.024,0.097
105,75,0.012,0.024,0.097
105,76,0.009,0.019,0.101
105,77,0.006,0.013,0.108
105,78,0.003,0.008,0.116
105,79,0.003,0.007,0.119
105,8,0.018,0.034,0.085
105,80,0.008,0.017,0.105
105,81,0.006,0.013,0.11
105,82,0.01,0.021,0.102
105,83,0.002,0.005,0.124
105,84,0.002,0.005,0.125
105,85,0.003,0.008,0.118
105,86,0.002,0.005,0.126
105,87,0.004,0.009,0.118
105,88,0.003,0.007,0.122
105,89,0.002,0.006,0.125
105,9,0.028,0.05,0.078
105,90,0.006,0.014,0.112
105,91,0.006,0.013,0.114
105,92,0.007,0.015,0.112
105,93,0.007,0.016,0.112
105,94,0.005,0.01,0.119
105,95,0.003,0.008,0.124
105,96,0.006,0.013,0.116
105,97,0.008,0.016,0.112
105,98,0.007,0.016,0.113
105,99,0.008,0.018,0.112
106,10,0.001,0.002,0.121
106,100,0.01,0.02,0.109
106,101,0.009,0.019,0.11
106,102,0.004,0.01,0.121
106,103,0.006,0.014,0.116
106,104,0.005,0.012,0.119
106,105,0.005,0.012,0.119
106,106,0.008,0.017,0.113
106,107,0.008,0.018,0.113
106,108,0.014,0.028,0.105
106,109,0.02,0.037,0.1
106,11,0.001,0.002,0.119
106,110,0.011,0.022,0.11
106,111,0.015,0.029,0.105
106,112,0.017,0.033,0.103
106,113,0.024,0.044,0.098
106,114,0.039,0.066,0.089
106,115,0.024,0.044,0.098
106,116,0.021,0.039,0.1
106,117,0.023,0.043,0.099
106,118,0.012,0.025,0.109
106,119,0.019,0.036,0.102
106,12,0.0,0.001,0.129
106,120,0.019,0.036,0.102
106,121,0.007,0.015,0.118
106,122,0.013,0.026,0.109
106,123,0.026,0.048,0.097
106,124,0.04,0.068,0.09
106,125,0.021,0.039,0.102
106,126,0.015,0.03,0.107
106,127,0.008,0.017,0.117
106,128,0.017,0.033,0.105
106,129,0.008,0.016,0.118
106,13,0.0,0.002,0.12
106,130,0.012,0.024,0.112
106,131,0.012,0.024,0.111
106,132,0.015,0.03,0.108
106,133,0.01,0.021,0.114
106,134,0.01,0.021,0.115
106,135,0.014,0.027,0.11
106,136,0.008,0.017,0.118
106,137,0.008,0.017,0.118
106,138,0.005,0.011,0.125
106,139,0.006,0.014,0.122
106,14,0.001,0.002,0.119
106,140,0.006,0.013,0.123
106,141,0.006,0.014,0.121
106,142,0.012,0.024,0.113
106,143,0.006,0.013,0.123
106,144,0.004,0.009,0.129
106,145,0.007,0.015,0.12
106,146,0.006,0.013,0.123
106,147,0.005,0.011,0.125
106,148,0.005,0.011,0.125
106,149,0.005,0.011,0.125
106,15,0.001,0.002,0.115
106,150,0.006,0.013,0.123
106,151,0.014,0.027,0.11
106,152,0.008,0.016,0.119
106,153,0.01,0.02,0.115
106,154,0.006,0.013,0.123
106,155,0.006,0.014,0.122
106,156,0.011,0.022,0.113
106,157,0.006,0.013,0.122
106,158,0.005,0.011,0.126
106,159,0.003,0.006,0.134
106,16,0.0,0.001,0.127
106,160,0.003,0.007,0.133
106,161,0.007,0.015,0.12
106,162,0.007,0.015,0.121
106,163,0.004,0.01,0.127
106,164,0.005,0.012,0.124
106,165,0.004,0.009,0.129
106,166,0.006,0.012,0.124
106,167,0.006,0.014,0.123
106,168,0.007,0.015,0.121
106,169,0.005,0.012,0.125
106,17,0.0,0.001,0.122
106,170,0.01,0.021,0.116
106,171,0.011,0.022,0.115
106,172,0.009,0.019,0.118
106,173,0.01,0.021,0.116
106,174,0.008,0.018,0.119
106,175,0.006,0.014,0.124
106,176,0.009,0.019,0.119
106,177,0.014,0.027,0.113
106,178,0.01,0.021,0.118
106,179,0.008,0.017,0.121
106,18,0.001,0.004,0.108
106,180,0.01,0.021,0.118
106,181,0.013,0.025,0.115
106,182,0.02,0.037,0.108
106,183,0.011,0.022,0.119
106,184,0.005,0.011,0.131
106,185,0.005,0.012,0.131
106,186,0.006,0.012,0.131
106,187,0.006,0.014,0.13
106,188,0.006,0.013,0.132
106,189,0.007,0.015,0.129
106,19,0.002,0.005,0.105
106,190,0.005,0.011,0.135
106,191,0.005,0.011,0.136
106,192,0.011,0.023,0.123
106,193,0.008,0.017,0.129
106,194,0.012,0.025,0.123
106,195,0.011,0.023,0.125
106,196,0.01,0.02,0.129
106,197,0.013,0.026,0.125
106,198,0.012,0.025,0.127
106,199,0.008,0.017,0.136
106,20,0.004,0.01,0.096
106,200,0.008,0.018,0.136
106,201,0.007,0.016,0.14
106,202,0.01,0.021,0.135
106,203,0.016,0.031,0.128
106,204,0.012,0.024,0.135
106,205,0.009,0.018,0.142
106,206,0.011,0.022,0.138
106,207,0.013,0.025,0.136
106,208,0.013,0.026,0.137
106,209,0.01,0.02,0.144
106,21,0.001,0.004,0.108
106,210,0.009,0.02,0.145
106,211,0.013,0.026,0.14
106,212,0.019,0.036,0.133
106,213,0.009,0.019,0.149
106,214,0.008,0.017,0.153
106,215,0.008,0.016,0.155
106,216,0.012,0.024,0.146
106,217,0.008,0.017,0.156
106,218,0.01,0.02,0.152
106,219,0.013,0.026,0.147
106,22,0.001,0.003,0.111
106,220,0.006,0.013,0.164
106,221,0.004,0.009,0.174
106,222,0.003,0.007,0.178
106,223,0.005,0.01,0.171
106,224,0.002,0.006,0.184
106,225,0.002,0.006,0.184
106,226,0.002,0.004,0.191
106,227,0.003,0.007,0.181
106,228,0.004,0.009,0.178
106,229,0.001,0.002,0.206
106,23,0.003,0.007,0.1
106,230,0.001,0.002,0.208
106,231,0.0,0.001,0.217
106,232,0.001,0.002,0.209
106,233,0.0,0.001,0.217
106,234,0.0,0.001,0.215
106,235,0.0,0.002,0.213
106,236,0.001,0.002,0.21
106,237,0.0,0.001,0.22
106,238,0.0,0.001,0.225
106,239,0.001,0.002,0.21
106,24,0.002,0.005,0.105
106,240,0.001,0.002,0.206
106,241,0.001,0.002,0.21
106,242,0.001,0.002,0.208
106,243,0.0,0.001,0.218
106,244,0.0,0.001,0.216
106,245,0.0,0.001,0.215
106,246,0.0,0.001,0.229
106,247,0.0,0.001,0.219
106,248,0.0,0.001,0.232
106,249,0.0,0.0,0.254
106,25,0.001,0.003,0.112
106,250,0.0,0.0,0.258
106,251,0.0,0.0,0.259
106,26,0.001,0.003,0.112
106,27,0.001,0.003,0.111
106,28,0.001,0.002,0.114
106,29,0.0,0.001,0.119
106,30,0.001,0.003,0.112
106,31,0.002,0.004,0.106
106,32,0.003,0.007,0.102
106,33,0.001,0.004,0.107
106,34,0.0,0.001,0.119
106,35,0.001,0.003,0.112
106,36,0.002,0.005,0.106
106,37,0.001,0.002,0.118
106,38,0.003,0.008,0.101
106,39,0.005,0.012,0.096
106,40,0.005,0.011,0.097
106,41,0.001,0.003,0.113
106,42,0.005,0.012,0.096
106,43,0.002,0.005,0.108
106,44,0.001,0.004,0.111
106,45,0.003,0.007,0.105
106,46,0.001,0.004,0.111
106,47,0.004,0.008,0.102
106,48,0.003,0.006,0.106
106,49,0.005,0.012,0.098
106,50,0.004,0.009,0.103
106,51,0.005,0.011,0.1
106,52,0.005,0.01,0.101
106,53,0.005,0.011,0.1
106,54,0.009,0.019,0.093
106,55,0.013,0.026,0.089
106,56,0.011,0.023,0.091
106,57,0.011,0.022,0.092
106,58,0.011,0.023,0.092
106,59,0.016,0.031,0.087
106,60,0.019,0.036,0.086
106,61,0.005,0.012,0.103
106,62,0.008,0.017,0.098
106,63,0.009,0.02,0.096
106,64,0.002,0.005,0.115
106,65,0.004,0.01,0.106
106,66,0.006,0.014,0.102
106,67,0.005,0.012,0.105
106,68,0.005,0.011,0.106
106,69,0.008,0.017,0.1
106,7,0.001,0.003,0.119
106,70,0.007,0.015,0.103
106,71,0.003,0.008,0.113
106,72,0.008,0.016,0.102
106,73,0.009,0.018,0.101
106,74,0.008,0.017,0.103
106,75,0.005,0.011,0.109
106,76,0.004,0.01,0.112
106,77,0.007,0.015,0.106
106,78,0.004,0.009,0.114
106,79,0.009,0.02,0.103
106,8,0.001,0.002,0.122
106,80,0.006,0.014,0.109
106,81,0.003,0.008,0.117
106,82,0.009,0.018,0.105
106,83,0.005,0.012,0.112
106,84,0.006,0.014,0.11
106,85,0.007,0.015,0.109
106,86,0.002,0.005,0.125
106,87,0.003,0.008,0.119
106,88,0.008,0.016,0.109
106,89,0.008,0.017,0.108
106,9,0.002,0.006,0.11
106,90,0.014,0.027,0.101
106,91,0.015,0.029,0.1
106,92,0.018,0.034,0.097
106,93,0.013,0.025,0.103
106,94,0.004,0.009,0.121
106,95,0.02,0.037,0.097
106,96,0.011,0.023,0.105
106,97,0.006,0.014,0.114
106,98,0.005,0.011,0.119
106,99,0.003,0.008,0.123
107,10,0.0,0.001,0.134
107,100,0.002,0.006,0.126
107,101,0.003,0.008,0.124
107,102,0.008,0.017,0.111
107,103,0.008,0.017,0.111
107,104,0.013,0.026,0.105
107,105,0.014,0.028,0.104
107,106,0.013,0.026,0.106
107,107,0.016,0.031,0.102
107,108,0.014,0.027,0.105
107,109,0.014,0.028,0.105
107,11,0.0,0.001,0.13
107,110,0.007,0.016,0.115
107,111,0.012,0.024,0.107
107,112,0.01,0.02,0.11
107,113,0.01,0.021,0.11
107,114,0.021,0.039,0.099
107,115,0.019,0.036,0.101
107,116,0.022,0.041,0.098
107,117,0.036,0.063,0.09
107,118,0.024,0.044,0.098
107,119,0.018,0.034,0.102
107,12,0.0,0.0,0.138
107,120,0.022,0.04,0.099
107,121,0.047,0.078,0.086
107,122,0.042,0.071,0.088
107,123,0.031,0.054,0.094
107,124,0.025,0.046,0.097
107,125,0.037,0.063,0.091
107,126,0.057,0.093,0.083
107,127,0.046,0.076,0.087
107,128,0.019,0.035,0.103
107,129,0.01,0.021,0.112
107,13,0.0,0.0,0.144
107,130,0.016,0.032,0.105
107,131,0.019,0.035,0.103
107,132,0.018,0.035,0.104
107,133,0.011,0.023,0.112
107,134,0.016,0.031,0.106
107,135,0.012,0.025,0.11
107,136,0.008,0.016,0.118
107,137,0.012,0.024,0.111
107,138,0.016,0.031,0.107
107,139,0.028,0.05,0.097
107,14,0.0,0.0,0.153
107,140,0.02,0.038,0.103
107,141,0.014,0.028,0.109
107,142,0.008,0.018,0.117
107,143,0.005,0.011,0.125
107,144,0.003,0.007,0.132
107,145,0.005,0.011,0.125
107,146,0.006,0.013,0.122
107,147,0.006,0.013,0.123
107,148,0.009,0.018,0.116
107,149,0.01,0.021,0.114
107,15,0.0,0.0,0.14
107,150,0.01,0.02,0.114
107,151,0.007,0.015,0.119
107,152,0.015,0.029,0.108
107,153,0.01,0.021,0.114
107,154,0.014,0.028,0.108
107,155,0.026,0.048,0.098
107,156,0.025,0.046,0.099
107,157,0.02,0.038,0.103
107,158,0.022,0.041,0.102
107,159,0.026,0.046,0.099
107,16,0.0,0.0,0.135
107,160,0.037,0.063,0.093
107,161,0.039,0.066,0.092
107,162,0.029,0.052,0.097
107,163,0.02,0.038,0.104
107,164,0.04,0.067,0.092
107,165,0.022,0.041,0.103
107,166,0.005,0.012,0.125
107,167,0.009,0.019,0.118
107,168,0.009,0.018,0.118
107,169,0.009,0.019,0.118
107,17,0.0,0.0,0.143
107,170,0.009,0.018,0.118
107,171,0.007,0.015,0.123
107,172,0.006,0.014,0.123
107,173,0.004,0.01,0.13
107,174,0.004,0.01,0.13
107,175,0.009,0.019,0.119
107,176,0.009,0.019,0.119
107,177,0.009,0.019,0.119
107,178,0.017,0.033,0.109
107,179,0.021,0.039,0.106
107,18,0.0,0.0,0.132
107,180,0.04,0.068,0.095
107,181,0.02,0.037,0.108
107,182,0.032,0.057,0.1
107,183,0.023,0.042,0.107
107,184,0.009,0.019,0.123
107,185,0.014,0.027,0.117
107,186,0.008,0.017,0.126
107,187,0.022,0.041,0.11
107,188,0.015,0.029,0.117
107,189,0.01,0.021,0.124
107,19,0.0,0.0,0.135
107,190,0.019,0.036,0.114
107,191,0.018,0.034,0.116
107,192,0.006,0.014,0.135
107,193,0.01,0.021,0.128
107,194,0.008,0.018,0.132
107,195,0.014,0.027,0.124
107,196,0.009,0.02,0.132
107,197,0.012,0.023,0.129
107,198,0.019,0.035,0.121
107,199,0.01,0.021,0.134
107,20,0.001,0.002,0.113
107,200,0.005,0.012,0.146
107,201,0.004,0.009,0.153
107,202,0.005,0.011,0.151
107,203,0.005,0.01,0.153
107,204,0.01,0.02,0.14
107,205,0.011,0.022,0.139
107,206,0.005,0.011,0.156
107,207,0.012,0.024,0.139
107,208,0.007,0.016,0.15
107,209,0.014,0.028,0.138
107,21,0.0,0.001,0.121
107,210,0.008,0.017,0.149
107,211,0.007,0.016,0.152
107,212,0.006,0.013,0.157
107,213,0.004,0.01,0.163
107,214,0.017,0.033,0.138
107,215,0.013,0.027,0.144
107,216,0.009,0.018,0.154
107,217,0.008,0.018,0.155
107,218,0.009,0.019,0.153
107,219,0.007,0.016,0.159
107,22,0.0,0.001,0.12
107,220,0.011,0.022,0.151
107,221,0.005,0.012,0.167
107,222,0.002,0.006,0.184
107,223,0.005,0.012,0.168
107,224,0.005,0.012,0.168
107,225,0.006,0.013,0.167
107,226,0.003,0.007,0.18
107,227,0.006,0.013,0.168
107,228,0.002,0.005,0.187
107,229,0.001,0.003,0.201
107,23,0.001,0.002,0.116
107,230,0.001,0.004,0.195
107,231,0.001,0.003,0.199
107,232,0.001,0.003,0.196
107,233,0.001,0.002,0.204
107,234,0.001,0.002,0.204
107,235,0.001,0.002,0.21
107,236,0.0,0.001,0.215
107,237,0.0,0.001,0.213
107,238,0.0,0.001,0.216
107,239,0.0,0.001,0.221
107,24,0.001,0.004,0.108
107,240,0.0,0.001,0.217
107,241,0.0,0.001,0.217
107,242,0.0,0.001,0.228
107,243,0.0,0.002,0.211
107,244,0.0,0.001,0.221
107,245,0.0,0.001,0.231
107,246,0.0,0.0,0.234
107,247,0.0,0.0,0.237
107,248,0.0,0.001,0.234
107,249,0.0,0.0,0.239
107,25,0.0,0.001,0.124
107,250,0.0,0.0,0.25
107,251,0.0,0.0,0.24
107,26,0.006,0.013,0.093
107,27,0.004,0.009,0.097
107,28,0.005,0.01,0.096
107,29,0.005,0.011,0.095
107,30,0.002,0.005,0.105
107,31,0.001,0.003,0.11
107,32,0.002,0.005,0.104
107,33,0.003,0.008,0.099
107,34,0.005,0.012,0.094
107,35,0.002,0.006,0.103
107,36,0.004,0.01,0.098
107,37,0.002,0.005,0.106
107,38,0.001,0.004,0.11
107,39,0.006,0.013,0.095
107,40,0.004,0.01,0.098
107,41,0.001,0.002,0.117
107,42,0.0,0.001,0.124
107,43,0.002,0.006,0.105
107,44,0.001,0.003,0.114
107,45,0.002,0.005,0.107
107,46,0.001,0.004,0.112
107,47,0.002,0.005,0.109
107,48,0.001,0.003,0.115
107,49,0.004,0.009,0.102
107,50,0.003,0.006,0.106
107,51,0.004,0.009,0.102
107,52,0.009,0.019,0.092
107,53,0.003,0.008,0.105
107,54,0.002,0.006,0.108
107,55,0.009,0.019,0.093
107,56,0.012,0.025,0.089
107,57,0.008,0.017,0.095
107,58,0.003,0.006,0.109
107,59,0.004,0.009,0.105
107,60,0.002,0.005,0.114
107,61,0.004,0.01,0.105
107,62,0.013,0.026,0.091
107,63,0.004,0.009,0.106
107,64,0.005,0.011,0.105
107,65,0.005,0.01,0.105
107,66,0.003,0.008,0.109
107,67,0.004,0.009,0.108
107,68,0.004,0.009,0.109
107,69,0.007,0.016,0.101
107,70,0.011,0.023,0.096
107,71,0.007,0.014,0.103
107,72,0.012,0.025,0.095
107,73,0.011,0.022,0.097
107,74,0.008,0.017,0.102
107,75,0.005,0.011,0.109
107,76,0.009,0.018,0.102
107,77,0.008,0.017,0.103
107,78,0.004,0.009,0.113
107,79,0.002,0.006,0.121
107,8,0.0,0.001,0.134
107,80,0.005,0.011,0.111
107,81,0.005,0.011,0.111
107,82,0.008,0.017,0.105
107,83,0.002,0.005,0.123
107,84,0.002,0.005,0.123
107,85,0.004,0.009,0.116
107,86,0.01,0.021,0.103
107,87,0.008,0.018,0.106
107,88,0.008,0.017,0.107
107,89,0.004,0.01,0.117
107,9,0.0,0.0,0.141
107,90,0.004,0.01,0.116
107,91,0.004,0.009,0.118
107,92,0.006,0.013,0.112
107,93,0.007,0.016,0.11
107,94,0.004,0.009,0.119
107,95,0.008,0.017,0.109
107,96,0.011,0.022,0.105
107,97,0.01,0.021,0.106
107,98,0.008,0.017,0.11
107,99,0.004,0.009,0.121
108,10,0.001,0.003,0.117
108,100,0.004,0.008,0.121
108,101,0.002,0.006,0.127
108,102,0.002,0.005,0.128
108,103,0.001,0.003,0.136
108,104,0.003,0.008,0.122
108,105,0.001,0.003,0.137
108,106,0.002,0.006,0.127
108,107,0.003,0.007,0.125
108,108,0.002,0.005,0.13
108,109,0.003,0.007,0.125
108,11,0.002,0.004,0.111
108,110,0.01,0.021,0.108
108,111,0.012,0.025,0.105
108,112,0.016,0.031,0.102
108,113,0.008,0.018,0.112
108,114,0.006,0.013,0.117
108,115,0.005,0.011,0.12
108,116,0.006,0.013,0.118
108,117,0.011,0.023,0.108
108,118,0.011,0.023,0.108
108,119,0.018,0.034,0.101
108,12,0.001,0.004,0.111
108,120,0.007,0.015,0.116
108,121,0.002,0.006,0.13
108,122,0.007,0.016,0.115
108,123,0.009,0.02,0.112
108,124,0.006,0.013,0.118
108,125,0.011,0.022,0.11
108,126,0.012,0.024,0.108
108,127,0.017,0.033,0.103
108,128,0.014,0.028,0.106
108,129,0.02,0.038,0.1
108,13,0.001,0.002,0.119
108,130,0.026,0.047,0.097
108,131,0.013,0.025,0.109
108,132,0.019,0.036,0.102
108,133,0.021,0.039,0.101
108,134,0.039,0.066,0.09
108,135,0.019,0.035,0.103
108,136,0.009,0.019,0.114
108,137,0.007,0.015,0.118
108,138,0.01,0.02,0.113
108,139,0.018,0.034,0.104
108,14,0.0,0.001,0.121
108,140,0.024,0.045,0.099
108,141,0.01,0.021,0.113
108,142,0.009,0.019,0.114
108,143,0.015,0.03,0.106
108,144,0.008,0.018,0.116
108,145,0.009,0.019,0.115
108,146,0.007,0.016,0.118
108,147,0.005,0.012,0.122
108,148,0.007,0.015,0.118
108,149,0.009,0.018,0.116
108,15,0.002,0.006,0.105
108,150,0.005,0.01,0.125
108,151,0.004,0.009,0.127
108,152,0.005,0.011,0.124
108,153,0.007,0.015,0.119
108,154,0.006,0.014,0.12
108,155,0.009,0.019,0.115
108,156,0.006,0.013,0.122
108,157,0.008,0.017,0.117
108,158,0.013,0.026,0.11
108,159,0.02,0.037,0.103
108,16,0.001,0.002,0.116
108,160,0.011,0.023,0.112
108,161,0.035,0.061,0.093
108,162,0.015,0.028,0.109
108,163,0.021,0.039,0.103
108,164,0.012,0.024,0.112
108,165,0.024,0.043,0.101
108,166,0.015,0.03,0.108
108,167,0.016,0.031,0.108
108,168,0.008,0.017,0.119
108,169,0.007,0.016,0.12
108,17,0.0,0.001,0.121
108,170,0.01,0.02,0.117
108,171,0.009,0.018,0.118
108,172,0.006,0.014,0.123
108,173,0.004,0.009,0.131
108,174,0.002,0.005,0.141
108,175,0.004,0.01,0.131
108,176,0.008,0.018,0.121
108,177,0.006,0.014,0.125
108,178,0.009,0.02,0.12
108,179,0.006,0.014,0.127
108,18,0.001,0.002,0.116
108,180,0.008,0.017,0.124
108,181,0.005,0.012,0.13
108,182,0.009,0.019,0.122
108,183,0.005,0.01,0.134
108,184,0.007,0.014,0.129
108,185,0.007,0.016,0.128
108,186,0.006,0.014,0.131
108,187,0.004,0.009,0.141
108,188,0.003,0.008,0.142
108,189,0.004,0.01,0.14
108,19,0.001,0.002,0.114
108,190,0.007,0.015,0.132
108,191,0.006,0.013,0.137
108,192,0.006,0.013,0.137
108,193,0.007,0.016,0.135
108,194,0.005,0.012,0.142
108,195,0.017,0.032,0.122
108,196,0.016,0.031,0.124
108,197,0.012,0.024,0.13
108,198,0.008,0.018,0.138
108,199,0.009,0.019,0.138
108,20,0.001,0.002,0.116
108,200,0.006,0.014,0.145
108,201,0.006,0.013,0.148
108,202,0.012,0.024,0.136
108,203,0.012,0.025,0.137
108,204,0.015,0.029,0.133
108,205,0.005,0.011,0.156
108,206,0.006,0.013,0.154
108,207,0.007,0.014,0.152
108,208,0.003,0.008,0.167
108,209,0.006,0.014,0.155
108,21,0.001,0.002,0.116
108,210,0.005,0.012,0.159
108,211,0.005,0.012,0.16
108,212,0.008,0.018,0.152
108,213,0.012,0.025,0.145
108,214,0.006,0.014,0.159
108,215,0.006,0.013,0.161
108,216,0.003,0.007,0.176
108,217,0.009,0.019,0.154
108,218,0.008,0.017,0.156
108,219,0.01,0.021,0.152
108,22,0.0,0.001,0.119
108,220,0.007,0.015,0.161
108,221,0.005,0.012,0.166
108,222,0.005,0.012,0.167
108,223,0.002,0.006,0.181
108,224,0.003,0.008,0.177
108,225,0.004,0.01,0.172
108,226,0.004,0.009,0.175
108,227,0.001,0.003,0.198
108,228,0.001,0.004,0.192
108,229,0.001,0.002,0.208
108,23,0.0,0.001,0.124
108,230,0.0,0.001,0.215
108,231,0.001,0.002,0.209
108,232,0.0,0.001,0.211
108,233,0.0,0.001,0.215
108,234,0.0,0.001,0.228
108,235,0.0,0.001,0.225
108,236,0.0,0.001,0.222
108,237,0.0,0.001,0.219
108,238,0.0,0.001,0.215
108,239,0.0,0.001,0.214
108,24,0.002,0.005,0.104
108,240,0.0,0.001,0.212
108,241,0.0,0.001,0.214
108,242,0.0,0.001,0.212
108,243,0.0,0.001,0.209
108,244,0.0,0.001,0.21
108,245,0.0,0.001,0.213
108,246,0.0,0.0,0.231
108,247,0.0,0.0,0.236
108,248,0.0,0.001,0.232
108,249,0.0,0.0,0.241
108,25,0.0,0.001,0.119
108,250,0.0,0.0,0.256
108,26,0.0,0.001,0.125
108,27,0.001,0.002,0.115
108,28,0.0,0.0,0.133
108,29,0.0,0.001,0.121
108,30,0.0,0.001,0.125
108,31,0.0,0.001,0.123
108,32,0.001,0.002,0.115
108,33,0.003,0.006,0.102
108,34,0.001,0.003,0.113
108,35,0.002,0.004,0.107
108,36,0.001,0.002,0.118
108,37,0.001,0.004,0.11
108,38,0.0,0.002,0.119
108,39,0.001,0.004,0.11
108,40,0.003,0.008,0.101
108,41,0.002,0.006,0.105
108,42,0.002,0.006,0.105
108,43,0.001,0.002,0.116
108,44,0.003,0.006,0.104
108,45,0.006,0.014,0.095
108,46,0.002,0.006,0.107
108,47,0.002,0.004,0.11
108,48,0.006,0.013,0.096
108,49,0.005,0.011,0.098
108,50,0.004,0.009,0.101
108,51,0.005,0.011,0.099
108,52,0.005,0.011,0.1
108,53,0.002,0.006,0.108
108,54,0.004,0.009,0.102
108,55,0.007,0.015,0.096
108,56,0.004,0.009,0.104
108,57,0.019,0.035,0.084
108,58,0.005,0.012,0.1
108,59,0.003,0.006,0.109
108,60,0.005,0.012,0.101
108,61,0.012,0.024,0.091
108,62,0.018,0.034,0.086
108,63,0.003,0.008,0.107
108,64,0.013,0.026,0.091
108,65,0.006,0.013,0.102
108,66,0.008,0.017,0.098
108,67,0.02,0.038,0.086
108,68,0.005,0.012,0.104
108,69,0.007,0.015,0.101
108,70,0.01,0.021,0.097
108,71,0.022,0.041,0.086
108,72,0.004,0.009,0.11
108,73,0.012,0.023,0.096
108,74,0.004,0.009,0.11
108,75,0.005,0.011,0.108
108,76,0.008,0.017,0.102
108,77,0.004,0.009,0.111
108,78,0.011,0.022,0.098
108,79,0.015,0.029,0.095
108,8,0.003,0.008,0.107
108,80,0.01,0.021,0.1
108,81,0.011,0.023,0.099
108,82,0.021,0.039,0.091
108,83,0.012,0.023,0.1
108,84,0.004,0.01,0.113
108,85,0.002,0.005,0.123
108,86,0.002,0.004,0.125
108,87,0.003,0.007,0.119
108,88,0.011,0.022,0.102
108,89,0.007,0.016,0.108
108,9,0.001,0.003,0.117
108,90,0.004,0.008,0.117
108,91,0.004,0.008,0.118
108,92,0.006,0.014,0.111
108,93,0.005,0.011,0.115
108,94,0.009,0.019,0.107
108,95,0.004,0.01,0.116
108,96,0.003,0.008,0.12
108,97,0.003,0.007,0.123
108,98,0.002,0.005,0.127
108,99,0.003,0.006,0.125
109,10,0.004,0.009,0.103
109,100,0.005,0.011,0.116
109,101,0.011,0.023,0.105
109,102,0.014,0.027,0.102
109,103,0.01,0.02,0.107
109,104,0.008,0.017,0.11
109,105,0.009,0.019,0.109
109,106,0.012,0.025,0.104
109,107,0.004,0.009,0.121
109,108,0.007,0.015,0.112
109,109,0.009,0.019,0.11
109,11,0.001,0.003,0.116
109,110,0.004,0.01,0.12
109,111,0.01,0.02,0.109
109,112,0.006,0.013,0.116
109,113,0.009,0.019,0.11
109,114,0.016,0.031,0.102
109,115,0.011,0.023,0.107
109,116,0.011,0.023,0.107
109,117,0.019,0.035,0.1
109,118,0.024,0.043,0.096
109,119,0.04,0.067,0.088
109,12,0.002,0.005,0.108
109,120,0.049,0.081,0.084
109,121,0.041,0.07,0.087
109,122,0.027,0.049,0.095
109,123,0.03,0.053,0.093
109,124,0.04,0.068,0.089
109,125,0.033,0.058,0.092
109,126,0.04,0.067,0.089
109,127,0.028,0.05,0.095
109,128,0.058,0.093,0.082
109,129,0.068,0.108,0.079
109,13,0.001,0.002,0.116
109,130,0.054,0.088,0.083
109,131,0.031,0.055,0.093
109,132,0.034,0.058,0.092
109,133,0.061,0.097,0.082
109,134,0.031,0.054,0.094
109,135,0.022,0.04,0.1
109,136,0.021,0.039,0.101
109,137,0.02,0.037,0.102
109,138,0.011,0.023,0.111
109,139,0.009,0.018,0.115
109,14,0.001,0.002,0.119
109,140,0.009,0.02,0.114
109,141,0.023,0.042,0.1
109,142,0.01,0.02,0.113
109,143,0.012,0.024,0.11
109,144,0.014,0.027,0.108
109,145,0.012,0.024,0.11
109,146,0.031,0.055,0.094
109,147,0.053,0.086,0.085
109,148,0.023,0.042,0.1
109,149,0.017,0.032,0.105
109,15,0.001,0.003,0.112
109,150,0.017,0.033,0.105
109,151,0.007,0.016,0.118
109,152,0.01,0.02,0.114
109,153,0.016,0.031,0.106
109,154,0.011,0.023,0.112
109,155,0.011,0.022,0.113
109,156,0.027,0.048,0.098
109,157,0.018,0.035,0.105
109,158,0.012,0.024,0.112
109,159,0.013,0.026,0.109
109,16,0.003,0.007,0.103
109,160,0.027,0.049,0.097
109,161,0.025,0.045,0.099
109,162,0.035,0.06,0.094
109,163,0.024,0.043,0.1
109,164,0.026,0.047,0.099
109,165,0.012,0.023,0.112
109,166,0.009,0.018,0.117
109,167,0.012,0.024,0.112
109,168,0.025,0.045,0.1
109,169,0.013,0.026,0.111
109,17,0.012,0.024,0.086
109,170,0.017,0.032,0.108
109,171,0.008,0.017,0.119
109,172,0.01,0.021,0.116
109,173,0.012,0.025,0.114
109,174,0.01,0.021,0.118
109,175,0.015,0.029,0.112
109,176,0.004,0.01,0.131
109,177,0.005,0.011,0.13
109,178,0.007,0.015,0.125
109,179,0.009,0.019,0.122
109,18,0.002,0.005,0.106
109,180,0.011,0.022,0.12
109,181,0.007,0.016,0.126
109,182,0.009,0.019,0.123
109,183,0.006,0.014,0.13
109,184,0.004,0.01,0.137
109,185,0.005,0.011,0.136
109,186,0.01,0.021,0.125
109,187,0.013,0.026,0.121
109,188,0.018,0.034,0.116
109,189,0.022,0.04,0.113
109,19,0.001,0.002,0.115
109,190,0.024,0.044,0.113
109,191,0.01,0.021,0.129
109,192,0.009,0.02,0.131
109,193,0.021,0.039,0.117
109,194,0.005,0.011,0.144
109,195,0.009,0.02,0.134
109,196,0.016,0.03,0.126
109,197,0.015,0.029,0.128
109,198,0.009,0.018,0.139
109,199,0.007,0.015,0.145
109,20,0.004,0.01,0.097
109,200,0.012,0.024,0.136
109,201,0.009,0.018,0.143
109,202,0.006,0.013,0.152
109,203,0.009,0.018,0.145
109,204,0.007,0.015,0.15
109,205,0.008,0.016,0.15
109,206,0.005,0.012,0.158
109,207,0.009,0.019,0.148
109,208,0.012,0.024,0.144
109,209,0.005,0.011,0.161
109,21,0.001,0.003,0.11
109,210,0.013,0.026,0.143
109,211,0.026,0.047,0.129
109,212,0.029,0.052,0.127
109,213,0.015,0.029,0.142
109,214,0.015,0.029,0.143
109,215,0.009,0.019,0.154
109,216,0.018,0.035,0.139
109,217,0.017,0.032,0.141
109,218,0.015,0.029,0.144
109,219,0.014,0.027,0.146
109,22,0.001,0.004,0.108
109,220,0.005,0.012,0.166
109,221,0.005,0.012,0.166
109,222,0.003,0.007,0.179
109,223,0.007,0.015,0.161
109,224,0.003,0.007,0.181
109,225,0.003,0.007,0.177
109,226,0.002,0.006,0.181
109,227,0.001,0.004,0.191
109,228,0.002,0.005,0.186
109,229,0.001,0.003,0.194
109,23,0.003,0.007,0.102
109,230,0.001,0.004,0.191
109,231,0.001,0.003,0.193
109,232,0.002,0.005,0.186
109,233,0.001,0.003,0.196
109,234,0.001,0.002,0.203
109,235,0.001,0.002,0.205
109,236,0.001,0.003,0.193
109,237,0.002,0.005,0.184
109,238,0.001,0.002,0.206
109,239,0.0,0.001,0.212
109,24,0.008,0.018,0.089
109,240,0.001,0.004,0.188
109,241,0.0,0.001,0.21
109,242,0.001,0.003,0.196
109,243,0.0,0.001,0.218
109,244,0.0,0.001,0.216
109,245,0.0,0.001,0.218
109,246,0.0,0.002,0.21
109,247,0.001,0.002,0.205
109,248,0.0,0.001,0.217
109,249,0.0,0.001,0.22
109,25,0.003,0.007,0.101
109,250,0.0,0.002,0.215
109,26,0.002,0.005,0.104
109,27,0.001,0.003,0.11
109,28,0.004,0.008,0.099
109,29,0.001,0.003,0.109
109,30,0.001,0.002,0.115
109,31,0.004,0.009,0.098
109,32,0.001,0.003,0.111
109,33,0.003,0.007,0.102
109,34,0.008,0.017,0.09
109,35,0.001,0.003,0.11
109,36,0.001,0.004,0.109
109,37,0.001,0.002,0.118
109,38,0.0,0.001,0.122
109,39,0.005,0.011,0.097
109,40,0.004,0.01,0.098
109,41,0.003,0.007,0.102
109,42,0.002,0.006,0.105
109,43,0.002,0.004,0.108
109,44,0.005,0.011,0.097
109,45,0.004,0.009,0.1
109,46,0.003,0.006,0.104
109,47,0.005,0.011,0.097
109,48,0.011,0.023,0.088
109,49,0.007,0.014,0.095
109,50,0.005,0.012,0.098
109,51,0.009,0.019,0.092
109,52,0.007,0.016,0.095
109,53,0.019,0.036,0.083
109,54,0.01,0.021,0.091
109,55,0.015,0.029,0.086
109,56,0.007,0.015,0.096
109,57,0.024,0.044,0.08
109,58,0.016,0.03,0.087
109,59,0.009,0.019,0.094
109,60,0.019,0.036,0.084
109,61,0.003,0.007,0.107
109,62,0.018,0.034,0.086
109,63,0.015,0.029,0.088
109,64,0.014,0.027,0.09
109,65,0.015,0.029,0.089
109,66,0.011,0.022,0.094
109,67,0.005,0.012,0.103
109,68,0.005,0.012,0.104
109,69,0.021,0.039,0.086
109,70,0.012,0.024,0.094
109,71,0.009,0.02,0.097
109,72,0.008,0.017,0.1
109,73,0.006,0.013,0.105
109,74,0.003,0.006,0.115
109,75,0.005,0.011,0.107
109,76,0.001,0.004,0.123
109,77,0.003,0.007,0.115
109,78,0.002,0.006,0.117
109,79,0.002,0.005,0.121
109,8,0.001,0.002,0.123
109,80,0.004,0.01,0.111
109,81,0.002,0.006,0.118
109,82,0.001,0.003,0.128
109,83,0.002,0.004,0.123
109,84,0.001,0.002,0.133
109,85,0.001,0.003,0.128
109,86,0.001,0.004,0.125
109,87,0.001,0.003,0.131
109,88,0.002,0.005,0.122
109,89,0.001,0.003,0.13
109,9,0.002,0.005,0.112
109,90,0.001,0.004,0.127
109,91,0.005,0.012,0.112
109,92,0.002,0.005,0.124
109,93,0.002,0.004,0.128
109,94,0.002,0.005,0.126
109,95,0.003,0.008,0.119
109,96,0.004,0.009,0.119
109,97,0.008,0.018,0.108
109,98,0.003,0.007,0.121
109,99,0.005,0.012,0.114
11,10,0.001,0.002,0.116
11,100,0.002,0.005,0.115
11,101,0.001,0.002,0.128
11,102,0.0,0.001,0.139
11,103,0.001,0.003,0.124
11,104,0.001,0.003,0.124
11,105,0.0,0.002,0.131
11,106,0.001,0.002,0.129
11,107,0.001,0.003,0.124
11,108,0.0,0.001,0.136
11,109,0.0,0.002,0.133
11,11,0.0,0.001,0.117
11,110,0.001,0.002,0.128
11,111,0.001,0.003,0.127
11,112,0.002,0.004,0.12
11,113,0.002,0.005,0.12
11,114,0.001,0.002,0.133
11,115,0.0,0.001,0.143
11,116,0.0,0.001,0.136
11,117,0.001,0.002,0.133
11,118,0.0,0.001,0.137
11,119,0.0,0.0,0.153
11,12,0.0,0.001,0.124
11,120,0.0,0.001,0.144
11,121,0.0,0.001,0.146
11,122,0.0,0.001,0.148
11,123,0.0,0.001,0.147
11,124,0.0,0.0,0.155
11,125,0.0,0.0,0.156
11,126,0.0,0.0,0.155
11,127,0.0,0.001,0.151
11,128,0.0,0.001,0.145
11,129,0.0,0.001,0.15
11,13,0.0,0.001,0.122
11,130,0.0,0.0,0.158
11,131,0.0,0.0,0.152
11,132,0.0,0.001,0.147
11,133,0.0,0.001,0.143
11,134,0.0,0.001,0.151
11,135,0.0,0.001,0.147
11,136,0.0,0.001,0.149
11,137,0.0,0.0,0.161
11,138,0.0,0.0,0.159
11,139,0.0,0.0,0.156
11,14,0.0,0.001,0.117
11,140,0.0,0.0,0.159
11,141,0.0,0.0,0.165
11,142,0.0,0.001,0.15
11,143,0.0,0.0,0.159
11,144,0.0,0.001,0.154
11,145,0.0,0.0,0.16
11,146,0.0,0.0,0.16
11,147,0.0,0.0,0.157
11,148,0.0,0.0,0.164
11,149,0.0,0.0,0.164
11,15,0.001,0.002,0.109
11,150,0.0,0.0,0.172
11,151,0.0,0.0,0.175
11,152,0.0,0.0,0.179
11,153,0.0,0.0,0.181
11,154,0.0,0.0,0.171
11,155,0.0,0.0,0.173
11,156,0.0,0.0,0.184
11,157,0.0,0.0,0.185
11,158,0.0,0.0,0.19
11,159,0.0,0.0,0.175
11,16,0.001,0.002,0.108
11,160,0.0,0.0,0.183
11,161,0.0,0.0,0.184
11,162,0.0,0.0,0.179
11,163,0.0,0.0,0.177
11,164,0.0,0.0,0.173
11,165,0.0,0.0,0.17
11,166,0.0,0.0,0.162
11,167,0.0,0.0,0.167
11,168,0.0,0.0,0.173
11,169,0.0,0.0,0.17
11,17,0.0,0.001,0.113
11,170,0.0,0.0,0.168
11,171,0.0,0.001,0.156
11,172,0.0,0.0,0.17
11,173,0.0,0.0,0.174
11,174,0.0,0.0,0.166
11,175,0.0,0.0,0.165
11,176,0.0,0.0,0.176
11,177,0.0,0.0,0.174
11,178,0.0,0.0,0.174
11,179,0.0,0.0,0.162
11,18,0.003,0.007,0.096
11,180,0.0,0.0,0.163
11,181,0.0,0.0,0.174
11,182,0.0,0.0,0.169
11,183,0.0,0.001,0.159
11,184,0.0,0.0,0.17
11,185,0.0,0.0,0.172
11,186,0.0,0.0,0.17
11,187,0.0,0.0,0.19
11,188,0.0,0.0,0.183
11,189,0.0,0.0,0.174
11,19,0.0,0.001,0.116
11,190,0.0,0.001,0.167
11,191,0.0,0.0,0.182
11,192,0.0,0.0,0.187
11,193,0.0,0.0,0.193
11,194,0.0,0.0,0.176
11,195,0.0,0.0,0.177
11,196,0.0,0.0,0.176
11,197,0.0,0.001,0.174
11,198,0.0,0.0,0.179
11,199,0.0,0.0,0.185
11,20,0.001,0.003,0.105
11,200,0.0,0.0,0.188
11,201,0.0,0.001,0.175
11,202,0.0,0.0,0.183
11,203,0.0,0.0,0.184
11,204,0.0,0.0,0.186
11,205,0.0,0.001,0.184
11,206,0.0,0.0,0.193
11,207,0.0,0.001,0.184
11,208,0.0,0.001,0.182
11,209,0.0,0.001,0.181
11,21,0.0,0.001,0.115
11,210,0.0,0.001,0.183
11,211,0.0,0.001,0.183
11,212,0.0,0.001,0.182
11,213,0.0,0.001,0.183
11,214,0.002,0.005,0.161
11,215,0.0,0.001,0.187
11,216,0.0,0.001,0.191
11,217,0.0,0.001,0.189
11,218,0.0,0.002,0.187
11,219,0.0,0.001,0.189
11,22,0.001,0.002,0.111
11,220,0.0,0.001,0.202
11,221,0.0,0.001,0.207
11,222,0.0,0.001,0.205
11,223,0.0,0.001,0.207
11,224,0.0,0.001,0.212
11,225,0.0,0.001,0.202
11,226,0.0,0.0,0.22
11,227,0.0,0.001,0.209
11,228,0.0,0.001,0.204
11,229,0.0,0.001,0.209
11,23,0.0,0.001,0.112
11,230,0.0,0.0,0.223
11,231,0.0,0.0,0.227
11,232,0.0,0.001,0.223
11,233,0.0,0.001,0.22
11,234,0.0,0.0,0.232
11,235,0.0,0.0,0.238
11,236,0.0,0.001,0.224
11,237,0.0,0.0,0.25
11,238,0.0,0.001,0.222
11,239,0.0,0.0,0.241
11,24,0.001,0.004,0.102
11,240,0.0,0.0,0.253
11,241,0.0,0.0,0.252
11,242,0.0,0.0,0.252
11,243,0.0,0.0,0.244
11,244,0.0,0.0,0.249
11,245,0.0,0.0,0.259
11,246,0.0,0.0,0.243
11,247,0.0,0.0,0.252
11,248,0.0,0.0,0.244
11,249,0.0,0.0,0.249
11,25,0.0,0.0,0.129
11,250,0.0,0.001,0.236
11,251,0.0,0.001,0.228
11,26,0.0,0.001,0.111
11,27,0.0,0.001,0.117
11,28,0.0,0.001,0.121
11,29,0.002,0.005,0.099
11,30,0.001,0.002,0.11
11,31,0.002,0.005,0.098
11,32,0.002,0.006,0.097
11,33,0.001,0.002,0.108
11,34,0.001,0.003,0.105
11,35,0.002,0.005,0.098
11,36,0.006,0.014,0.087
11,37,0.012,0.025,0.08
11,38,0.001,0.002,0.109
11,39,0.001,0.003,0.106
11,40,0.005,0.011,0.091
11,41,0.001,0.003,0.106
11,42,0.004,0.009,0.094
11,43,0.002,0.005,0.1
11,44,0.001,0.002,0.112
11,45,0.001,0.002,0.11
11,46,0.001,0.004,0.104
11,47,0.0,0.001,0.115
11,48,0.001,0.004,0.104
11,49,0.001,0.002,0.112
11,50,0.001,0.002,0.11
11,51,0.0,0.001,0.12
11,52,0.0,0.001,0.115
11,53,0.001,0.003,0.107
11,54,0.0,0.001,0.117
11,55,0.0,0.001,0.121
11,56,0.0,0.001,0.125
11,57,0.0,0.001,0.117
11,58,0.001,0.002,0.112
11,59,0.0,0.001,0.124
11,60,0.0,0.0,0.131
11,61,0.001,0.002,0.115
11,62,0.0,0.0,0.128
11,63,0.0,0.001,0.118
11,64,0.0,0.001,0.12
11,65,0.0,0.0,0.135
11,66,0.0,0.001,0.12
11,67,0.0,0.001,0.12
11,68,0.001,0.003,0.111
11,69,0.001,0.002,0.115
11,7,0.001,0.004,0.11
11,70,0.001,0.003,0.111
11,71,0.001,0.002,0.117
11,72,0.003,0.008,0.101
11,73,0.001,0.002,0.119
11,74,0.001,0.003,0.115
11,75,0.002,0.005,0.109
11,76,0.001,0.003,0.113
11,77,0.002,0.005,0.11
11,78,0.002,0.005,0.11
11,79,0.002,0.005,0.11
11,8,0.0,0.001,0.128
11,80,0.001,0.002,0.118
11,81,0.001,0.003,0.115
11,82,0.001,0.003,0.115
11,83,0.002,0.005,0.111
11,84,0.0,0.001,0.125
11,85,0.001,0.002,0.123
11,86,0.001,0.002,0.125
11,87,0.001,0.002,0.122
11,88,0.001,0.002,0.121
11,89,0.001,0.003,0.118
11,9,0.001,0.004,0.107
11,90,0.003,0.008,0.106
11,91,0.002,0.005,0.113
11,92,0.002,0.004,0.115
11,93,0.004,0.009,0.106
11,94,0.005,0.011,0.103
11,95,0.006,0.013,0.101
11,96,0.003,0.006,0.111
11,97,0.002,0.006,0.113
11,98,0.003,0.007,0.11
11,99,0.0,0.002,0.13
110,10,0.007,0.015,0.098
110,100,0.002,0.005,0.127
110,101,0.002,0.006,0.124
110,102,0.007,0.015,0.11
110,103,0.001,0.003,0.132
110,104,0.003,0.008,0.121
110,105,0.004,0.009,0.119
110,106,0.002,0.006,0.126
110,107,0.002,0.005,0.127
110,108,0.002,0.005,0.128
110,109,0.001,0.004,0.132
110,11,0.007,0.016,0.095
110,110,0.003,0.008,0.123
110,111,0.005,0.012,0.116
110,112,0.001,0.003,0.136
110,113,0.003,0.007,0.126
110,114,0.002,0.005,0.13
110,115,0.002,0.006,0.127
110,116,0.003,0.008,0.124
110,117,0.002,0.005,0.132
110,118,0.002,0.006,0.128
110,119,0.004,0.01,0.12
110,12,0.003,0.008,0.104
110,120,0.011,0.022,0.108
110,121,0.01,0.021,0.109
110,122,0.007,0.016,0.114
110,123,0.006,0.014,0.116
110,124,0.005,0.011,0.12
110,125,0.023,0.042,0.097
110,126,0.006,0.013,0.117
110,127,0.006,0.014,0.117
110,128,0.012,0.023,0.109
110,129,0.014,0.028,0.105
110,13,0.001,0.004,0.112
110,130,0.021,0.04,0.099
110,131,0.017,0.032,0.103
110,132,0.013,0.025,0.107
110,133,0.014,0.028,0.106
110,134,0.016,0.03,0.105
110,135,0.016,0.03,0.105
110,136,0.012,0.023,0.109
110,137,0.014,0.027,0.107
110,138,0.032,0.057,0.093
110,139,0.025,0.045,0.097
110,14,0.007,0.014,0.094
110,140,0.014,0.027,0.107
110,141,0.013,0.025,0.108
110,142,0.021,0.039,0.1
110,143,0.034,0.06,0.092
110,144,0.036,0.062,0.091
110,145,0.035,0.061,0.092
110,146,0.025,0.045,0.098
110,147,0.018,0.033,0.104
110,148,0.013,0.026,0.109
110,149,0.01,0.02,0.114
110,15,0.002,0.004,0.109
110,150,0.017,0.033,0.104
110,151,0.012,0.023,0.11
110,152,0.008,0.017,0.117
110,153,0.014,0.027,0.108
110,154,0.013,0.026,0.11
110,155,0.008,0.017,0.117
110,156,0.005,0.012,0.123
110,157,0.006,0.013,0.121
110,158,0.003,0.007,0.131
110,159,0.005,0.011,0.125
110,16,0.003,0.008,0.101
110,160,0.009,0.018,0.116
110,161,0.007,0.015,0.12
110,162,0.012,0.024,0.112
110,163,0.007,0.015,0.119
110,164,0.009,0.019,0.116
110,165,0.017,0.033,0.106
110,166,0.03,0.053,0.097
110,167,0.019,0.036,0.105
110,168,0.021,0.039,0.104
110,169,0.012,0.024,0.114
110,17,0.003,0.008,0.101
110,170,0.005,0.011,0.127
110,171,0.01,0.02,0.117
110,172,0.004,0.01,0.131
110,173,0.007,0.015,0.124
110,174,0.009,0.02,0.119
110,175,0.008,0.016,0.123
110,176,0.016,0.031,0.112
110,177,0.019,0.036,0.109
110,178,0.013,0.026,0.116
110,179,0.01,0.02,0.122
110,18,0.005,0.01,0.097
110,180,0.011,0.022,0.121
110,181,0.007,0.015,0.128
110,182,0.005,0.012,0.133
110,183,0.004,0.01,0.137
110,184,0.006,0.014,0.133
110,185,0.004,0.009,0.142
110,186,0.004,0.009,0.142
110,187,0.007,0.014,0.135
110,188,0.003,0.008,0.147
110,189,0.004,0.009,0.146
110,19,0.003,0.006,0.103
110,190,0.002,0.006,0.154
110,191,0.004,0.009,0.147
110,192,0.003,0.008,0.152
110,193,0.003,0.007,0.156
110,194,0.004,0.008,0.153
110,195,0.005,0.012,0.147
110,196,0.004,0.009,0.155
110,197,0.003,0.007,0.161
110,198,0.003,0.006,0.162
110,199,0.001,0.004,0.175
110,20,0.007,0.015,0.092
110,200,0.003,0.007,0.164
110,201,0.002,0.005,0.169
110,202,0.002,0.005,0.171
110,203,0.003,0.007,0.167
110,204,0.002,0.005,0.174
110,205,0.001,0.003,0.187
110,206,0.001,0.003,0.186
110,207,0.001,0.003,0.189
110,208,0.001,0.003,0.188
110,209,0.002,0.005,0.178
110,21,0.003,0.007,0.102
110,210,0.001,0.003,0.192
110,211,0.002,0.005,0.181
110,212,0.001,0.002,0.204
110,213,0.001,0.004,0.187
110,214,0.002,0.005,0.181
110,215,0.001,0.004,0.188
110,216,0.001,0.003,0.194
110,217,0.002,0.005,0.184
110,218,0.002,0.004,0.188
110,219,0.001,0.003,0.198
110,22,0.003,0.008,0.1
110,220,0.001,0.003,0.194
110,221,0.003,0.007,0.179
110,222,0.002,0.006,0.181
110,223,0.001,0.003,0.196
110,224,0.001,0.003,0.194
110,225,0.001,0.003,0.197
110,226,0.002,0.004,0.188
110,227,0.001,0.003,0.192
110,228,0.001,0.002,0.2
110,229,0.001,0.002,0.198
110,23,0.003,0.007,0.101
110,230,0.0,0.001,0.214
110,231,0.0,0.002,0.206
110,232,0.0,0.001,0.21
110,233,0.0,0.002,0.205
110,234,0.0,0.001,0.21
110,235,0.001,0.002,0.202
110,236,0.0,0.001,0.215
110,237,0.0,0.001,0.209
110,238,0.0,0.001,0.212
110,239,0.0,0.002,0.205
110,24,0.001,0.002,0.115
110,240,0.0,0.001,0.213
110,241,0.001,0.002,0.202
110,242,0.0,0.001,0.207
110,243,0.001,0.002,0.206
110,244,0.0,0.001,0.212
110,245,0.0,0.001,0.217
110,246,0.0,0.0,0.235
110,247,0.0,0.001,0.22
110,248,0.0,0.002,0.212
110,249,0.0,0.001,0.234
110,25,0.003,0.007,0.102
110,250,0.0,0.001,0.23
110,26,0.002,0.006,0.103
110,27,0.005,0.012,0.094
110,28,0.002,0.004,0.107
110,29,0.003,0.008,0.1
110,30,0.004,0.01,0.096
110,31,0.002,0.006,0.103
110,32,0.003,0.008,0.1
110,33,0.011,0.022,0.086
110,34,0.011,0.022,0.087
110,35,0.002,0.006,0.104
110,36,0.003,0.007,0.101
110,37,0.002,0.004,0.108
110,38,0.003,0.008,0.1
110,39,0.002,0.005,0.106
110,40,0.004,0.01,0.098
110,41,0.006,0.014,0.093
110,42,0.001,0.004,0.11
110,43,0.0,0.001,0.123
110,44,0.003,0.006,0.104
110,45,0.004,0.008,0.1
110,46,0.004,0.009,0.1
110,47,0.001,0.002,0.119
110,48,0.004,0.01,0.1
110,49,0.001,0.004,0.111
110,50,0.002,0.004,0.11
110,51,0.002,0.005,0.109
110,52,0.002,0.005,0.108
110,53,0.004,0.009,0.102
110,54,0.004,0.01,0.101
110,55,0.007,0.015,0.097
110,56,0.004,0.01,0.102
110,57,0.005,0.011,0.1
110,58,0.002,0.006,0.109
110,59,0.005,0.011,0.1
110,60,0.007,0.014,0.098
110,61,0.011,0.023,0.091
110,62,0.004,0.009,0.105
110,63,0.006,0.014,0.099
110,64,0.003,0.008,0.107
110,65,0.003,0.007,0.109
110,66,0.002,0.005,0.114
110,67,0.005,0.012,0.102
110,68,0.01,0.021,0.095
110,69,0.002,0.004,0.117
110,70,0.002,0.004,0.118
110,71,0.006,0.013,0.104
110,72,0.001,0.003,0.121
110,73,0.001,0.003,0.125
110,74,0.001,0.004,0.121
110,75,0.002,0.005,0.118
110,76,0.0,0.001,0.136
110,77,0.001,0.003,0.126
110,78,0.002,0.006,0.118
110,79,0.003,0.007,0.116
110,8,0.006,0.013,0.101
110,80,0.001,0.003,0.128
110,81,0.001,0.002,0.13
110,82,0.0,0.001,0.144
110,83,0.0,0.001,0.147
110,84,0.0,0.001,0.139
110,85,0.001,0.002,0.135
110,86,0.001,0.004,0.126
110,87,0.001,0.002,0.132
110,88,0.001,0.002,0.135
110,89,0.001,0.002,0.135
110,9,0.014,0.027,0.09
110,90,0.001,0.002,0.134
110,91,0.002,0.005,0.124
110,92,0.001,0.004,0.128
110,93,0.002,0.005,0.124
110,94,0.002,0.005,0.125
110,95,0.001,0.004,0.128
110,96,0.004,0.009,0.116
110,97,0.002,0.006,0.123
110,98,0.002,0.005,0.125
110,99,0.003,0.007,0.122
111,10,0.001,0.003,0.119
111,100,0.001,0.002,0.136
111,101,0.0,0.001,0.15
111,102,0.0,0.001,0.153
111,103,0.0,0.001,0.145
111,104,0.001,0.004,0.13
111,105,0.0,0.001,0.143
111,106,0.001,0.002,0.142
111,107,0.002,0.004,0.13
111,108,0.002,0.005,0.127
111,109,0.001,0.002,0.139
111,11,0.001,0.004,0.115
111,110,0.001,0.002,0.139
111,111,0.001,0.002,0.141
111,112,0.0,0.001,0.148
111,113,0.001,0.002,0.144
111,114,0.002,0.006,0.126
111,115,0.006,0.014,0.114
111,116,0.003,0.008,0.122
111,117,0.003,0.007,0.124
111,118,0.004,0.009,0.121
111,119,0.003,0.008,0.124
111,12,0.001,0.003,0.115
111,120,0.003,0.008,0.124
111,121,0.004,0.009,0.122
111,122,0.006,0.013,0.116
111,123,0.006,0.014,0.115
111,124,0.003,0.008,0.124
111,125,0.009,0.019,0.11
111,126,0.006,0.014,0.116
111,127,0.005,0.012,0.118
111,128,0.007,0.014,0.116
111,129,0.007,0.016,0.114
111,13,0.001,0.002,0.121
111,130,0.005,0.011,0.121
111,131,0.003,0.007,0.128
111,132,0.005,0.011,0.12
111,133,0.006,0.014,0.116
111,134,0.014,0.028,0.105
111,135,0.018,0.034,0.102
111,136,0.009,0.019,0.112
111,137,0.019,0.036,0.101
111,138,0.012,0.024,0.108
111,139,0.008,0.017,0.114
111,14,0.001,0.003,0.113
111,140,0.009,0.018,0.113
111,141,0.007,0.015,0.117
111,142,0.006,0.013,0.119
111,143,0.007,0.015,0.117
111,144,0.01,0.02,0.112
111,145,0.008,0.017,0.116
111,146,0.013,0.025,0.109
111,147,0.015,0.029,0.107
111,148,0.029,0.051,0.096
111,149,0.017,0.032,0.105
111,15,0.001,0.004,0.111
111,150,0.009,0.018,0.115
111,151,0.012,0.023,0.111
111,152,0.015,0.03,0.107
111,153,0.012,0.025,0.11
111,154,0.02,0.038,0.102
111,155,0.009,0.02,0.114
111,156,0.006,0.014,0.121
111,157,0.008,0.017,0.117
111,158,0.011,0.023,0.112
111,159,0.009,0.018,0.116
111,16,0.003,0.007,0.102
111,160,0.007,0.015,0.119
111,161,0.004,0.01,0.127
111,162,0.003,0.008,0.131
111,163,0.004,0.009,0.129
111,164,0.003,0.007,0.134
111,165,0.005,0.011,0.125
111,166,0.007,0.015,0.121
111,167,0.006,0.014,0.123
111,168,0.002,0.006,0.137
111,169,0.005,0.01,0.129
111,17,0.002,0.004,0.107
111,170,0.002,0.006,0.138
111,171,0.003,0.007,0.136
111,172,0.002,0.006,0.139
111,173,0.001,0.003,0.15
111,174,0.001,0.004,0.149
111,175,0.001,0.002,0.158
111,176,0.003,0.006,0.142
111,177,0.002,0.006,0.144
111,178,0.004,0.01,0.134
111,179,0.005,0.011,0.134
111,18,0.001,0.002,0.116
111,180,0.003,0.006,0.144
111,181,0.003,0.008,0.142
111,182,0.001,0.003,0.158
111,183,0.002,0.005,0.151
111,184,0.002,0.004,0.156
111,185,0.003,0.007,0.147
111,186,0.004,0.009,0.145
111,187,0.006,0.014,0.137
111,188,0.006,0.014,0.138
111,189,0.004,0.01,0.146
111,19,0.001,0.004,0.108
111,190,0.003,0.008,0.15
111,191,0.005,0.011,0.146
111,192,0.005,0.011,0.146
111,193,0.004,0.009,0.151
111,194,0.004,0.01,0.151
111,195,0.002,0.006,0.163
111,196,0.004,0.009,0.155
111,197,0.004,0.009,0.158
111,198,0.004,0.01,0.157
111,199,0.008,0.018,0.145
111,20,0.002,0.005,0.105
111,200,0.007,0.015,0.149
111,201,0.003,0.007,0.167
111,202,0.006,0.012,0.156
111,203,0.008,0.016,0.151
111,204,0.006,0.013,0.157
111,205,0.004,0.008,0.167
111,206,0.003,0.008,0.168
111,207,0.003,0.007,0.174
111,208,0.005,0.012,0.162
111,209,0.006,0.014,0.159
111,21,0.004,0.01,0.097
111,210,0.005,0.011,0.164
111,211,0.006,0.012,0.162
111,212,0.005,0.01,0.167
111,213,0.004,0.009,0.17
111,214,0.004,0.009,0.171
111,215,0.002,0.006,0.18
111,216,0.004,0.009,0.171
111,217,0.004,0.009,0.171
111,218,0.002,0.006,0.18
111,219,0.005,0.011,0.168
111,22,0.004,0.01,0.096
111,220,0.002,0.006,0.18
111,221,0.002,0.005,0.183
111,222,0.002,0.006,0.181
111,223,0.003,0.007,0.176
111,224,0.002,0.005,0.181
111,225,0.003,0.007,0.175
111,226,0.001,0.004,0.19
111,227,0.002,0.006,0.18
111,228,0.002,0.004,0.185
111,229,0.002,0.004,0.185
111,23,0.002,0.004,0.107
111,230,0.001,0.003,0.195
111,231,0.003,0.008,0.174
111,232,0.002,0.005,0.184
111,233,0.002,0.005,0.181
111,234,0.001,0.003,0.193
111,235,0.001,0.003,0.192
111,236,0.0,0.001,0.205
111,237,0.0,0.001,0.21
111,238,0.0,0.001,0.221
111,239,0.0,0.001,0.214
111,24,0.007,0.014,0.091
111,240,0.0,0.001,0.216
111,241,0.0,0.0,0.229
111,242,0.0,0.0,0.245
111,243,0.0,0.0,0.227
111,244,0.0,0.0,0.229
111,245,0.0,0.0,0.235
111,246,0.0,0.0,0.238
111,247,0.0,0.0,0.245
111,248,0.0,0.001,0.23
111,249,0.0,0.0,0.236
111,25,0.007,0.015,0.091
111,250,0.0,0.0,0.241
111,26,0.006,0.012,0.093
111,27,0.002,0.004,0.106
111,28,0.005,0.012,0.094
111,29,0.005,0.012,0.094
111,30,0.002,0.005,0.105
111,31,0.001,0.003,0.109
111,32,0.003,0.007,0.1
111,33,0.002,0.006,0.103
111,34,0.002,0.006,0.103
111,35,0.011,0.023,0.086
111,36,0.002,0.005,0.106
111,37,0.004,0.01,0.097
111,38,0.002,0.005,0.106
111,39,0.003,0.007,0.101
111,40,0.002,0.004,0.107
111,41,0.002,0.004,0.108
111,42,0.001,0.004,0.109
111,43,0.005,0.011,0.097
111,44,0.001,0.002,0.114
111,45,0.002,0.004,0.108
111,46,0.0,0.001,0.122
111,47,0.002,0.005,0.108
111,48,0.008,0.017,0.092
111,49,0.005,0.012,0.097
111,50,0.001,0.002,0.117
111,51,0.003,0.007,0.104
111,52,0.002,0.006,0.107
111,53,0.001,0.004,0.113
111,54,0.002,0.004,0.111
111,55,0.001,0.002,0.118
111,56,0.001,0.003,0.117
111,57,0.002,0.005,0.11
111,58,0.003,0.008,0.104
111,59,0.004,0.009,0.103
111,60,0.001,0.004,0.114
111,61,0.001,0.003,0.12
111,62,0.002,0.004,0.114
111,63,0.0,0.001,0.127
111,64,0.002,0.004,0.114
111,65,0.005,0.01,0.103
111,66,0.002,0.005,0.115
111,67,0.004,0.008,0.107
111,68,0.006,0.014,0.1
111,69,0.009,0.019,0.096
111,70,0.006,0.013,0.102
111,71,0.007,0.016,0.1
111,72,0.006,0.013,0.103
111,73,0.002,0.005,0.116
111,74,0.002,0.005,0.118
111,75,0.004,0.008,0.11
111,76,0.002,0.006,0.116
111,77,0.001,0.004,0.121
111,78,0.002,0.004,0.119
111,79,0.001,0.003,0.127
111,80,0.002,0.005,0.12
111,81,0.001,0.004,0.124
111,82,0.001,0.002,0.131
111,83,0.0,0.001,0.145
111,84,0.0,0.001,0.136
111,85,0.0,0.001,0.14
111,86,0.001,0.003,0.127
111,87,0.001,0.004,0.125
111,88,0.001,0.003,0.131
111,89,0.001,0.003,0.129
111,9,0.001,0.002,0.125
111,90,0.0,0.001,0.147
111,91,0.0,0.001,0.143
111,92,0.001,0.002,0.133
111,93,0.0,0.001,0.141
111,94,0.0,0.001,0.139
111,95,0.002,0.004,0.126
111,96,0.002,0.005,0.125
111,97,0.001,0.002,0.134
111,98,0.001,0.002,0.136
111,99,0.0,0.001,0.147
112,10,0.001,0.002,0.123
112,100,0.002,0.005,0.124
112,101,0.001,0.002,0.136
112,102,0.001,0.003,0.134
112,103,0.001,0.002,0.136
112,104,0.001,0.002,0.141
112,105,0.001,0.002,0.141
112,106,0.003,0.007,0.121
112,107,0.001,0.003,0.132
112,108,0.0,0.002,0.142
112,109,0.001,0.003,0.134
112,11,0.001,0.003,0.119
112,110,0.001,0.002,0.137
112,111,0.001,0.003,0.137
112,112,0.002,0.004,0.13
112,113,0.001,0.004,0.131
112,114,0.003,0.007,0.124
112,115,0.007,0.015,0.112
112,116,0.004,0.009,0.12
112,117,0.001,0.004,0.133
112,118,0.003,0.007,0.123
112,119,0.002,0.005,0.129
112,12,0.002,0.006,0.108
112,120,0.003,0.007,0.126
112,121,0.005,0.011,0.118
112,122,0.011,0.022,0.107
112,123,0.01,0.02,0.108
112,124,0.012,0.024,0.105
112,125,0.012,0.024,0.106
112,126,0.015,0.029,0.103
112,127,0.016,0.031,0.101
112,128,0.01,0.021,0.108
112,129,0.019,0.036,0.099
112,13,0.001,0.003,0.116
112,130,0.018,0.034,0.1
112,131,0.026,0.047,0.094
112,132,0.023,0.042,0.096
112,133,0.034,0.058,0.09
112,134,0.032,0.056,0.091
112,135,0.033,0.057,0.091
112,136,0.019,0.035,0.1
112,137,0.043,0.072,0.087
112,138,0.03,0.053,0.093
112,139,0.013,0.025,0.107
112,14,0.002,0.005,0.109
112,140,0.013,0.026,0.107
112,141,0.03,0.053,0.093
112,142,0.028,0.05,0.094
112,143,0.018,0.035,0.102
112,144,0.012,0.024,0.108
112,145,0.014,0.028,0.105
112,146,0.011,0.022,0.11
112,147,0.005,0.011,0.121
112,148,0.006,0.013,0.12
112,149,0.004,0.01,0.124
112,15,0.001,0.002,0.116
112,150,0.006,0.014,0.119
112,151,0.005,0.011,0.124
112,152,0.007,0.015,0.118
112,153,0.005,0.011,0.123
112,154,0.005,0.011,0.123
112,155,0.009,0.019,0.115
112,156,0.007,0.016,0.118
112,157,0.005,0.011,0.124
112,158,0.004,0.01,0.126
112,159,0.005,0.011,0.125
112,16,0.005,0.011,0.097
112,160,0.003,0.007,0.132
112,161,0.003,0.007,0.132
112,162,0.005,0.011,0.125
112,163,0.002,0.005,0.14
112,164,0.002,0.006,0.137
112,165,0.003,0.008,0.132
112,166,0.001,0.004,0.144
112,167,0.002,0.005,0.14
112,168,0.006,0.013,0.125
112,169,0.006,0.014,0.124
112,17,0.003,0.007,0.103
112,170,0.002,0.005,0.141
112,171,0.002,0.004,0.146
112,172,0.004,0.009,0.134
112,173,0.007,0.016,0.125
112,174,0.005,0.012,0.13
112,175,0.004,0.01,0.134
112,176,0.004,0.009,0.136
112,177,0.005,0.011,0.134
112,178,0.011,0.022,0.122
112,179,0.005,0.012,0.134
112,18,0.001,0.004,0.11
112,180,0.007,0.016,0.131
112,181,0.013,0.025,0.122
112,182,0.007,0.016,0.131
112,183,0.009,0.019,0.129
112,184,0.009,0.018,0.131
112,185,0.009,0.018,0.132
112,186,0.009,0.018,0.133
112,187,0.014,0.027,0.125
112,188,0.011,0.023,0.13
112,189,0.014,0.028,0.127
112,19,0.004,0.009,0.098
112,190,0.009,0.02,0.135
112,191,0.011,0.023,0.133
112,192,0.015,0.03,0.129
112,193,0.011,0.022,0.136
112,194,0.009,0.018,0.141
112,195,0.007,0.016,0.145
112,196,0.004,0.009,0.158
112,197,0.003,0.008,0.161
112,198,0.002,0.006,0.169
112,199,0.003,0.007,0.166
112,20,0.005,0.011,0.096
112,200,0.002,0.005,0.171
112,201,0.002,0.005,0.175
112,202,0.002,0.004,0.178
112,203,0.001,0.003,0.184
112,204,0.001,0.002,0.197
112,205,0.001,0.002,0.196
112,206,0.001,0.002,0.192
112,207,0.001,0.003,0.19
112,208,0.001,0.003,0.193
112,209,0.001,0.003,0.192
112,21,0.006,0.014,0.092
112,210,0.001,0.003,0.191
112,211,0.001,0.002,0.197
112,212,0.001,0.003,0.191
112,213,0.001,0.003,0.19
112,214,0.002,0.005,0.182
112,215,0.001,0.003,0.194
112,216,0.003,0.006,0.178
112,217,0.001,0.004,0.188
112,218,0.002,0.005,0.184
112,219,0.001,0.002,0.199
112,22,0.002,0.005,0.106
112,220,0.002,0.004,0.185
112,221,0.001,0.003,0.195
112,222,0.002,0.005,0.181
112,223,0.002,0.006,0.178
112,224,0.001,0.003,0.191
112,225,0.001,0.003,0.193
112,226,0.002,0.005,0.182
112,227,0.002,0.004,0.185
112,228,0.001,0.003,0.189
112,229,0.001,0.004,0.186
112,23,0.003,0.008,0.099
112,230,0.002,0.005,0.182
112,231,0.002,0.004,0.183
112,232,0.001,0.002,0.194
112,233,0.0,0.001,0.205
112,234,0.0,0.001,0.21
112,235,0.0,0.001,0.209
112,236,0.0,0.001,0.21
112,237,0.001,0.003,0.193
112,238,0.0,0.001,0.208
112,239,0.0,0.001,0.21
112,24,0.007,0.015,0.091
112,240,0.0,0.001,0.218
112,241,0.0,0.001,0.219
112,242,0.0,0.0,0.231
112,243,0.0,0.0,0.233
112,244,0.0,0.0,0.238
112,245,0.0,0.0,0.233
112,246,0.0,0.001,0.231
112,247,0.0,0.001,0.223
112,248,0.0,0.001,0.219
112,249,0.0,0.001,0.222
112,25,0.001,0.004,0.107
112,250,0.0,0.001,0.224
112,26,0.008,0.018,0.088
112,27,0.003,0.008,0.099
112,28,0.006,0.013,0.092
112,29,0.007,0.016,0.09
112,30,0.002,0.005,0.104
112,31,0.007,0.014,0.091
112,32,0.028,0.049,0.074
112,33,0.003,0.007,0.1
112,34,0.007,0.015,0.091
112,35,0.007,0.015,0.091
112,36,0.006,0.013,0.093
112,37,0.009,0.019,0.088
112,38,0.005,0.011,0.096
112,39,0.014,0.028,0.083
112,40,0.001,0.004,0.108
112,41,0.002,0.005,0.106
112,42,0.005,0.012,0.095
112,43,0.003,0.007,0.102
112,44,0.001,0.003,0.111
112,45,0.001,0.003,0.113
112,46,0.001,0.004,0.11
112,47,0.002,0.005,0.108
112,48,0.001,0.004,0.11
112,49,0.002,0.005,0.107
112,50,0.002,0.004,0.11
112,51,0.002,0.005,0.107
112,52,0.001,0.002,0.118
112,53,0.002,0.006,0.107
112,54,0.003,0.008,0.103
112,55,0.001,0.002,0.118
112,56,0.003,0.006,0.107
112,57,0.003,0.006,0.107
112,58,0.002,0.006,0.109
112,59,0.001,0.004,0.114
112,60,0.002,0.005,0.11
112,61,0.006,0.013,0.099
112,62,0.004,0.009,0.104
112,63,0.001,0.003,0.118
112,64,0.014,0.027,0.089
112,65,0.004,0.009,0.106
112,66,0.003,0.007,0.109
112,67,0.007,0.016,0.098
112,68,0.003,0.007,0.11
112,69,0.002,0.006,0.112
112,70,0.003,0.006,0.111
112,71,0.007,0.015,0.1
112,72,0.004,0.009,0.108
112,73,0.005,0.011,0.106
112,74,0.013,0.026,0.093
112,75,0.002,0.006,0.115
112,76,0.004,0.009,0.11
112,77,0.003,0.007,0.114
112,78,0.003,0.007,0.114
112,79,0.001,0.002,0.131
112,80,0.002,0.006,0.116
112,81,0.002,0.006,0.118
112,82,0.002,0.006,0.118
112,83,0.002,0.006,0.117
112,84,0.001,0.002,0.135
112,85,0.001,0.003,0.126
112,86,0.001,0.003,0.127
112,87,0.004,0.009,0.113
112,88,0.001,0.004,0.126
112,89,0.003,0.007,0.116
112,9,0.002,0.004,0.115
112,90,0.003,0.006,0.119
112,91,0.003,0.007,0.117
112,92,0.003,0.008,0.117
112,93,0.003,0.007,0.117
112,94,0.003,0.007,0.118
112,95,0.003,0.007,0.12
112,96,0.003,0.007,0.119
112,97,0.002,0.006,0.122
112,98,0.002,0.006,0.122
112,99,0.002,0.004,0.127
113,10,0.003,0.008,0.107
113,100,0.001,0.003,0.133
113,101,0.001,0.003,0.134
113,102,0.001,0.004,0.129
113,103,0.001,0.003,0.132
113,104,0.0,0.001,0.146
113,105,0.001,0.002,0.135
113,106,0.003,0.007,0.122
113,107,0.001,0.003,0.135
113,108,0.002,0.005,0.129
113,109,0.002,0.005,0.128
113,11,0.001,0.002,0.122
113,110,0.001,0.004,0.132
113,111,0.001,0.002,0.138
113,112,0.001,0.003,0.137
113,113,0.0,0.001,0.146
113,114,0.001,0.002,0.139
113,115,0.001,0.003,0.137
113,116,0.001,0.003,0.138
113,117,0.001,0.002,0.144
113,118,0.002,0.004,0.131
113,119,0.001,0.003,0.138
113,12,0.001,0.003,0.118
113,120,0.001,0.002,0.141
113,121,0.002,0.005,0.13
113,122,0.003,0.006,0.126
113,123,0.004,0.01,0.119
113,124,0.01,0.02,0.108
113,125,0.005,0.011,0.119
113,126,0.004,0.009,0.121
113,127,0.005,0.012,0.118
113,128,0.007,0.015,0.114
113,129,0.012,0.025,0.106
113,13,0.001,0.003,0.118
113,130,0.018,0.035,0.099
113,131,0.022,0.04,0.097
113,132,0.009,0.018,0.111
113,133,0.015,0.029,0.103
113,134,0.012,0.025,0.106
113,135,0.02,0.038,0.099
113,136,0.037,0.063,0.089
113,137,0.037,0.064,0.089
113,138,0.035,0.061,0.09
113,139,0.017,0.033,0.102
113,14,0.002,0.005,0.11
113,140,0.028,0.05,0.094
113,141,0.025,0.045,0.097
113,142,0.017,0.033,0.103
113,143,0.02,0.038,0.1
113,144,0.018,0.035,0.102
113,145,0.02,0.037,0.101
113,146,0.013,0.026,0.108
113,147,0.011,0.023,0.11
113,148,0.011,0.023,0.111
113,149,0.008,0.017,0.116
113,15,0.002,0.006,0.107
113,150,0.008,0.017,0.116
113,151,0.007,0.015,0.119
113,152,0.003,0.006,0.132
113,153,0.005,0.011,0.124
113,154,0.004,0.01,0.125
113,155,0.006,0.013,0.122
113,156,0.008,0.018,0.116
113,157,0.004,0.01,0.126
113,158,0.004,0.009,0.128
113,159,0.006,0.013,0.123
113,16,0.005,0.011,0.098
113,160,0.005,0.011,0.125
113,161,0.004,0.009,0.128
113,162,0.004,0.009,0.13
113,163,0.003,0.008,0.132
113,164,0.006,0.013,0.124
113,165,0.007,0.015,0.121
113,166,0.005,0.012,0.127
113,167,0.005,0.011,0.128
113,168,0.006,0.014,0.125
113,169,0.008,0.018,0.121
113,17,0.003,0.007,0.103
113,170,0.006,0.014,0.127
113,171,0.013,0.026,0.115
113,172,0.011,0.022,0.119
113,173,0.011,0.023,0.119
113,174,0.011,0.022,0.12
113,175,0.008,0.017,0.126
113,176,0.011,0.023,0.121
113,177,0.003,0.007,0.143
113,178,0.003,0.007,0.145
113,179,0.005,0.012,0.136
113,18,0.002,0.005,0.106
113,180,0.007,0.016,0.132
113,181,0.008,0.017,0.131
113,182,0.005,0.011,0.14
113,183,0.011,0.022,0.128
113,184,0.012,0.024,0.127
113,185,0.017,0.032,0.121
113,186,0.011,0.023,0.13
113,187,0.02,0.038,0.12
113,188,0.02,0.037,0.121
113,189,0.011,0.023,0.133
113,19,0.004,0.01,0.098
113,190,0.006,0.014,0.144
113,191,0.005,0.011,0.15
113,192,0.007,0.016,0.144
113,193,0.006,0.013,0.149
113,194,0.005,0.011,0.153
113,195,0.003,0.007,0.162
113,196,0.003,0.007,0.165
113,197,0.003,0.007,0.165
113,198,0.002,0.006,0.169
113,199,0.003,0.008,0.165
113,20,0.003,0.008,0.101
113,200,0.004,0.009,0.162
113,201,0.003,0.007,0.169
113,202,0.002,0.005,0.177
113,203,0.002,0.005,0.178
113,204,0.001,0.004,0.184
113,205,0.002,0.006,0.176
113,206,0.002,0.006,0.178
113,207,0.002,0.006,0.178
113,208,0.002,0.005,0.181
113,209,0.001,0.003,0.192
113,21,0.008,0.016,0.092
113,210,0.002,0.004,0.185
113,211,0.003,0.007,0.176
113,212,0.002,0.005,0.183
113,213,0.002,0.004,0.186
113,214,0.001,0.003,0.191
113,215,0.001,0.002,0.2
113,216,0.001,0.003,0.196
113,217,0.001,0.004,0.188
113,218,0.001,0.004,0.188
113,219,0.003,0.007,0.176
113,22,0.001,0.002,0.114
113,220,0.003,0.007,0.174
113,221,0.002,0.006,0.179
113,222,0.002,0.006,0.177
113,223,0.002,0.006,0.178
113,224,0.003,0.007,0.175
113,225,0.004,0.009,0.168
113,226,0.001,0.004,0.186
113,227,0.002,0.004,0.184
113,228,0.003,0.007,0.173
113,229,0.004,0.009,0.167
113,23,0.005,0.012,0.095
113,230,0.002,0.006,0.178
113,231,0.001,0.003,0.19
113,232,0.001,0.003,0.19
113,233,0.001,0.003,0.192
113,234,0.001,0.002,0.198
113,235,0.001,0.002,0.199
113,236,0.001,0.002,0.2
113,237,0.0,0.001,0.216
113,238,0.0,0.001,0.223
113,239,0.0,0.0,0.239
113,24,0.002,0.004,0.108
113,240,0.0,0.0,0.241
113,241,0.0,0.0,0.229
113,242,0.0,0.0,0.241
113,243,0.0,0.0,0.235
113,244,0.0,0.0,0.239
113,245,0.0,0.0,0.237
113,246,0.0,0.0,0.237
113,247,0.0,0.0,0.241
113,248,0.0,0.0,0.238
113,249,0.0,0.001,0.236
113,25,0.004,0.009,0.098
113,250,0.0,0.001,0.239
113,26,0.0,0.001,0.121
113,27,0.001,0.002,0.113
113,28,0.0,0.002,0.118
113,29,0.001,0.002,0.116
113,30,0.002,0.006,0.103
113,31,0.001,0.002,0.113
113,32,0.0,0.001,0.123
113,33,0.001,0.003,0.11
113,34,0.0,0.001,0.121
113,35,0.001,0.002,0.115
113,36,0.0,0.001,0.121
113,37,0.003,0.008,0.099
113,38,0.001,0.003,0.111
113,39,0.0,0.001,0.12
113,40,0.0,0.001,0.121
113,41,0.001,0.002,0.115
113,42,0.0,0.001,0.122
113,43,0.001,0.002,0.118
113,44,0.001,0.002,0.119
113,45,0.001,0.003,0.113
113,46,0.001,0.002,0.115
113,47,0.0,0.001,0.121
113,48,0.0,0.001,0.125
113,49,0.001,0.004,0.111
113,50,0.001,0.002,0.119
113,51,0.001,0.003,0.115
113,52,0.0,0.001,0.132
113,53,0.001,0.002,0.119
113,54,0.001,0.002,0.119
113,55,0.001,0.002,0.12
113,56,0.0,0.001,0.127
113,57,0.0,0.001,0.124
113,58,0.001,0.002,0.121
113,59,0.0,0.001,0.127
113,60,0.002,0.005,0.111
113,61,0.001,0.002,0.122
113,62,0.002,0.005,0.112
113,63,0.003,0.006,0.108
113,64,0.002,0.004,0.114
113,65,0.003,0.008,0.107
113,66,0.004,0.01,0.104
113,67,0.006,0.014,0.099
113,68,0.003,0.008,0.108
113,69,0.004,0.01,0.105
113,70,0.015,0.03,0.089
113,71,0.006,0.013,0.103
113,72,0.007,0.015,0.101
113,73,0.004,0.01,0.107
113,74,0.006,0.013,0.104
113,75,0.013,0.026,0.093
113,76,0.003,0.007,0.113
113,77,0.004,0.009,0.109
113,78,0.006,0.012,0.105
113,79,0.003,0.007,0.113
113,80,0.002,0.005,0.118
113,81,0.005,0.012,0.107
113,82,0.002,0.006,0.117
113,83,0.003,0.007,0.115
113,84,0.002,0.005,0.12
113,85,0.002,0.006,0.119
113,86,0.007,0.015,0.105
113,87,0.004,0.009,0.112
113,88,0.005,0.011,0.11
113,89,0.003,0.007,0.117
113,9,0.0,0.001,0.131
113,90,0.002,0.005,0.122
113,91,0.005,0.012,0.11
113,92,0.006,0.013,0.109
113,93,0.002,0.005,0.123
113,94,0.003,0.006,0.119
113,95,0.001,0.004,0.126
113,96,0.003,0.006,0.12
113,97,0.001,0.003,0.131
113,98,0.002,0.006,0.122
113,99,0.002,0.004,0.126
114,10,0.003,0.007,0.11
114,100,0.001,0.002,0.137
114,101,0.0,0.001,0.141
114,102,0.001,0.003,0.13
114,103,0.001,0.003,0.13
114,104,0.0,0.001,0.142
114,105,0.0,0.001,0.147
114,106,0.0,0.001,0.149
114,107,0.0,0.001,0.153
114,108,0.0,0.001,0.148
114,109,0.0,0.001,0.155
114,11,0.001,0.003,0.119
114,110,0.0,0.0,0.168
114,111,0.0,0.001,0.154
114,112,0.0,0.001,0.153
114,113,0.0,0.001,0.153
114,114,0.0,0.001,0.158
114,115,0.0,0.001,0.146
114,116,0.0,0.001,0.149
114,117,0.0,0.001,0.151
114,118,0.0,0.001,0.148
114,119,0.001,0.002,0.143
114,12,0.003,0.006,0.109
114,120,0.0,0.001,0.149
114,121,0.001,0.003,0.135
114,122,0.002,0.005,0.129
114,123,0.002,0.005,0.13
114,124,0.002,0.006,0.128
114,125,0.002,0.005,0.129
114,126,0.003,0.006,0.127
114,127,0.003,0.008,0.123
114,128,0.006,0.014,0.115
114,129,0.003,0.008,0.125
114,13,0.001,0.003,0.118
114,130,0.005,0.011,0.119
114,131,0.013,0.025,0.106
114,132,0.008,0.017,0.112
114,133,0.014,0.027,0.105
114,134,0.008,0.017,0.112
114,135,0.011,0.022,0.108
114,136,0.009,0.018,0.112
114,137,0.016,0.03,0.103
114,138,0.011,0.023,0.109
114,139,0.011,0.022,0.109
114,14,0.002,0.005,0.111
114,140,0.008,0.018,0.113
114,141,0.008,0.017,0.114
114,142,0.009,0.02,0.112
114,143,0.015,0.03,0.105
114,144,0.005,0.011,0.122
114,145,0.013,0.026,0.108
114,146,0.007,0.015,0.117
114,147,0.005,0.011,0.123
114,148,0.006,0.014,0.119
114,149,0.005,0.012,0.121
114,15,0.003,0.008,0.104
114,150,0.01,0.021,0.112
114,151,0.008,0.018,0.115
114,152,0.003,0.007,0.13
114,153,0.007,0.015,0.119
114,154,0.002,0.006,0.134
114,155,0.004,0.009,0.127
114,156,0.003,0.007,0.133
114,157,0.005,0.01,0.127
114,158,0.005,0.012,0.125
114,159,0.004,0.01,0.129
114,16,0.002,0.004,0.111
114,160,0.005,0.01,0.128
114,161,0.011,0.022,0.115
114,162,0.004,0.009,0.131
114,163,0.003,0.008,0.133
114,164,0.003,0.006,0.138
114,165,0.004,0.01,0.131
114,166,0.008,0.018,0.121
114,167,0.003,0.007,0.136
114,168,0.002,0.006,0.142
114,169,0.006,0.014,0.127
114,17,0.001,0.002,0.117
114,170,0.013,0.025,0.117
114,171,0.014,0.028,0.116
114,172,0.01,0.021,0.122
114,173,0.011,0.022,0.122
114,174,0.01,0.021,0.123
114,175,0.013,0.026,0.12
114,176,0.017,0.033,0.116
114,177,0.014,0.027,0.121
114,178,0.032,0.055,0.106
114,179,0.037,0.063,0.104
114,18,0.003,0.008,0.102
114,180,0.025,0.046,0.112
114,181,0.018,0.034,0.119
114,182,0.027,0.048,0.112
114,183,0.026,0.046,0.114
114,184,0.014,0.027,0.126
114,185,0.026,0.046,0.115
114,186,0.009,0.019,0.136
114,187,0.009,0.019,0.136
114,188,0.014,0.028,0.129
114,189,0.011,0.023,0.134
114,19,0.003,0.008,0.102
114,190,0.008,0.018,0.14
114,191,0.01,0.02,0.139
114,192,0.007,0.016,0.145
114,193,0.016,0.03,0.131
114,194,0.006,0.013,0.151
114,195,0.006,0.013,0.151
114,196,0.005,0.012,0.154
114,197,0.004,0.009,0.16
114,198,0.004,0.01,0.161
114,199,0.003,0.006,0.17
114,20,0.002,0.005,0.106
114,200,0.002,0.005,0.176
114,201,0.003,0.007,0.17
114,202,0.001,0.004,0.184
114,203,0.003,0.006,0.174
114,204,0.003,0.007,0.173
114,205,0.003,0.007,0.173
114,206,0.001,0.004,0.187
114,207,0.002,0.005,0.179
114,208,0.001,0.004,0.186
114,209,0.001,0.003,0.193
114,21,0.004,0.009,0.099
114,210,0.001,0.002,0.196
114,211,0.002,0.004,0.185
114,212,0.002,0.005,0.18
114,213,0.002,0.005,0.181
114,214,0.002,0.004,0.184
114,215,0.003,0.008,0.172
114,216,0.002,0.005,0.183
114,217,0.004,0.009,0.168
114,218,0.003,0.007,0.174
114,219,0.002,0.005,0.183
114,22,0.004,0.01,0.098
114,220,0.001,0.004,0.185
114,221,0.002,0.004,0.184
114,222,0.002,0.005,0.18
114,223,0.002,0.006,0.176
114,224,0.002,0.005,0.179
114,225,0.001,0.003,0.192
114,226,0.001,0.004,0.184
114,227,0.001,0.002,0.198
114,228,0.001,0.002,0.194
114,229,0.0,0.002,0.201
114,23,0.003,0.008,0.1
114,230,0.0,0.001,0.215
114,231,0.0,0.001,0.204
114,232,0.0,0.002,0.201
114,233,0.0,0.001,0.211
114,234,0.0,0.001,0.217
114,235,0.0,0.0,0.233
114,236,0.0,0.0,0.226
114,237,0.0,0.001,0.22
114,238,0.0,0.0,0.229
114,239,0.0,0.0,0.228
114,24,0.003,0.008,0.101
114,240,0.0,0.0,0.233
114,241,0.0,0.0,0.239
114,242,0.0,0.0,0.237
114,243,0.0,0.0,0.25
114,244,0.0,0.0,0.244
114,245,0.0,0.0,0.242
114,246,0.0,0.001,0.226
114,247,0.0,0.001,0.227
114,248,0.0,0.001,0.237
114,249,0.0,0.001,0.23
114,25,0.002,0.006,0.104
114,26,0.003,0.007,0.102
114,27,0.004,0.008,0.099
114,28,0.0,0.001,0.122
114,29,0.001,0.003,0.111
114,30,0.0,0.001,0.121
114,31,0.001,0.003,0.111
114,32,0.001,0.003,0.11
114,33,0.001,0.003,0.111
114,34,0.001,0.004,0.109
114,35,0.001,0.002,0.115
114,36,0.0,0.002,0.118
114,37,0.0,0.001,0.126
114,38,0.0,0.001,0.119
114,39,0.002,0.004,0.107
114,40,0.002,0.005,0.106
114,41,0.0,0.001,0.119
114,42,0.001,0.003,0.112
114,43,0.001,0.003,0.112
114,44,0.002,0.005,0.106
114,45,0.0,0.001,0.121
114,46,0.001,0.003,0.112
114,47,0.004,0.009,0.1
114,48,0.001,0.002,0.118
114,49,0.003,0.007,0.103
114,50,0.001,0.003,0.113
114,51,0.001,0.004,0.112
114,52,0.001,0.004,0.111
114,53,0.002,0.005,0.108
114,54,0.003,0.007,0.105
114,55,0.002,0.004,0.111
114,56,0.001,0.004,0.113
114,57,0.001,0.003,0.116
114,58,0.002,0.006,0.108
114,59,0.002,0.006,0.108
114,60,0.001,0.002,0.121
114,61,0.001,0.003,0.116
114,62,0.002,0.005,0.111
114,63,0.001,0.003,0.116
114,64,0.0,0.002,0.126
114,65,0.001,0.003,0.117
114,66,0.002,0.005,0.112
114,67,0.001,0.003,0.121
114,68,0.001,0.003,0.119
114,69,0.002,0.006,0.111
114,70,0.004,0.01,0.105
114,71,0.002,0.004,0.116
114,72,0.002,0.004,0.117
114,73,0.005,0.012,0.103
114,74,0.001,0.004,0.12
114,75,0.004,0.009,0.109
114,76,0.006,0.013,0.103
114,77,0.001,0.003,0.122
114,78,0.001,0.003,0.124
114,79,0.001,0.002,0.127
114,80,0.001,0.003,0.125
114,81,0.001,0.002,0.131
114,82,0.001,0.003,0.127
114,83,0.001,0.003,0.124
114,84,0.002,0.005,0.118
114,85,0.0,0.001,0.135
114,86,0.0,0.001,0.137
114,87,0.001,0.003,0.129
114,88,0.0,0.001,0.14
114,89,0.0,0.002,0.136
114,90,0.001,0.002,0.133
114,91,0.001,0.003,0.129
114,92,0.0,0.001,0.147
114,93,0.0,0.001,0.142
114,94,0.001,0.003,0.128
114,95,0.001,0.004,0.127
114,96,0.0,0.001,0.143
114,97,0.001,0.002,0.134
114,98,0.0,0.001,0.144
114,99,0.0,0.0,0.155
115,100,0.0,0.001,0.148
115,101,0.0,0.001,0.15
115,102,0.0,0.001,0.152
115,103,0.0,0.001,0.146
115,104,0.0,0.001,0.15
115,105,0.001,0.002,0.139
115,106,0.0,0.001,0.144
115,107,0.001,0.004,0.13
115,108,0.001,0.003,0.134
115,109,0.001,0.004,0.131
115,11,0.002,0.005,0.115
115,110,0.0,0.002,0.142
115,111,0.0,0.002,0.143
115,112,0.001,0.004,0.13
115,113,0.001,0.003,0.136
115,114,0.001,0.003,0.134
115,115,0.001,0.004,0.132
115,116,0.002,0.004,0.131
115,117,0.001,0.004,0.133
115,118,0.004,0.009,0.121
115,119,0.007,0.014,0.114
115,12,0.003,0.007,0.109
115,120,0.004,0.009,0.121
115,121,0.006,0.013,0.115
115,122,0.002,0.006,0.126
115,123,0.003,0.006,0.127
115,124,0.004,0.01,0.121
115,125,0.004,0.009,0.122
115,126,0.004,0.01,0.12
115,127,0.006,0.013,0.117
115,128,0.002,0.006,0.128
115,129,0.002,0.006,0.129
115,13,0.006,0.013,0.1
115,130,0.004,0.01,0.121
115,131,0.004,0.01,0.121
115,132,0.006,0.013,0.117
115,133,0.007,0.016,0.114
115,134,0.004,0.009,0.124
115,135,0.004,0.01,0.122
115,136,0.005,0.011,0.121
115,137,0.003,0.007,0.127
115,138,0.004,0.009,0.124
115,139,0.005,0.012,0.119
115,14,0.001,0.003,0.118
115,140,0.008,0.017,0.113
115,141,0.012,0.023,0.109
115,142,0.006,0.012,0.119
115,143,0.004,0.009,0.125
115,144,0.002,0.006,0.131
115,145,0.002,0.006,0.132
115,146,0.009,0.018,0.114
115,147,0.02,0.037,0.102
115,148,0.015,0.029,0.107
115,149,0.02,0.037,0.102
115,15,0.004,0.01,0.102
115,150,0.014,0.027,0.108
115,151,0.008,0.016,0.117
115,152,0.006,0.012,0.122
115,153,0.005,0.011,0.125
115,154,0.01,0.02,0.114
115,155,0.013,0.025,0.111
115,156,0.009,0.018,0.117
115,157,0.006,0.014,0.122
115,158,0.007,0.016,0.12
115,159,0.007,0.015,0.121
115,16,0.003,0.008,0.104
115,160,0.017,0.033,0.107
115,161,0.007,0.015,0.123
115,162,0.011,0.022,0.116
115,163,0.01,0.02,0.118
115,164,0.01,0.02,0.119
115,165,0.011,0.022,0.118
115,166,0.01,0.02,0.12
115,167,0.008,0.018,0.123
115,168,0.015,0.03,0.114
115,169,0.011,0.022,0.12
115,17,0.002,0.006,0.108
115,170,0.012,0.024,0.12
115,171,0.012,0.024,0.12
115,172,0.011,0.022,0.123
115,173,0.015,0.03,0.117
115,174,0.007,0.015,0.131
115,175,0.017,0.033,0.116
115,176,0.028,0.051,0.108
115,177,0.029,0.052,0.108
115,178,0.018,0.034,0.119
115,179,0.018,0.034,0.119
115,18,0.001,0.002,0.119
115,180,0.013,0.025,0.126
115,181,0.017,0.032,0.122
115,182,0.019,0.036,0.12
115,183,0.015,0.029,0.126
115,184,0.015,0.029,0.127
115,185,0.009,0.02,0.137
115,186,0.015,0.029,0.129
115,187,0.013,0.026,0.132
115,188,0.004,0.01,0.153
115,189,0.005,0.012,0.15
115,19,0.002,0.006,0.106
115,190,0.005,0.011,0.153
115,191,0.007,0.014,0.149
115,192,0.006,0.013,0.151
115,193,0.006,0.014,0.151
115,194,0.003,0.007,0.167
115,195,0.004,0.009,0.163
115,196,0.003,0.007,0.167
115,197,0.002,0.006,0.171
115,198,0.002,0.004,0.179
115,199,0.002,0.006,0.174
115,20,0.001,0.002,0.116
115,200,0.001,0.002,0.198
115,201,0.001,0.002,0.195
115,202,0.002,0.005,0.18
115,203,0.001,0.003,0.192
115,204,0.001,0.003,0.19
115,205,0.001,0.002,0.197
115,206,0.001,0.002,0.201
115,207,0.001,0.002,0.2
115,208,0.001,0.003,0.191
115,209,0.001,0.004,0.187
115,21,0.002,0.006,0.106
115,210,0.001,0.003,0.192
115,211,0.001,0.003,0.194
115,212,0.001,0.002,0.196
115,213,0.002,0.005,0.183
115,214,0.002,0.005,0.181
115,215,0.002,0.006,0.179
115,216,0.001,0.003,0.189
115,217,0.001,0.002,0.196
115,218,0.002,0.006,0.178
115,219,0.002,0.005,0.179
115,22,0.0,0.001,0.121
115,220,0.002,0.005,0.182
115,221,0.003,0.006,0.176
115,222,0.003,0.006,0.175
115,223,0.001,0.004,0.187
115,224,0.001,0.004,0.186
115,225,0.001,0.002,0.196
115,226,0.001,0.004,0.184
115,227,0.001,0.002,0.196
115,228,0.001,0.002,0.195
115,229,0.001,0.002,0.193
115,23,0.001,0.002,0.115
115,230,0.0,0.001,0.209
115,231,0.0,0.001,0.205
115,232,0.0,0.001,0.213
115,233,0.0,0.0,0.223
115,234,0.0,0.001,0.219
115,235,0.0,0.0,0.233
115,236,0.0,0.0,0.232
115,237,0.0,0.0,0.241
115,238,0.0,0.0,0.234
115,239,0.0,0.0,0.243
115,24,0.001,0.003,0.112
115,240,0.0,0.0,0.25
115,241,0.0,0.0,0.243
115,242,0.0,0.0,0.255
115,243,0.0,0.0,0.256
115,244,0.0,0.0,0.249
115,245,0.0,0.0,0.256
115,246,0.0,0.0,0.257
115,247,0.0,0.0,0.254
115,248,0.0,0.0,0.257
115,249,0.0,0.0,0.268
115,25,0.0,0.001,0.123
115,26,0.001,0.002,0.116
115,27,0.0,0.001,0.125
115,28,0.0,0.001,0.122
115,29,0.0,0.001,0.121
115,30,0.0,0.001,0.12
115,31,0.0,0.001,0.125
115,32,0.0,0.001,0.124
115,33,0.0,0.001,0.128
115,34,0.0,0.001,0.119
115,35,0.0,0.002,0.119
115,36,0.001,0.002,0.117
115,37,0.0,0.001,0.12
115,38,0.0,0.002,0.119
115,39,0.0,0.002,0.119
115,40,0.0,0.001,0.12
115,41,0.0,0.001,0.128
115,42,0.001,0.003,0.113
115,43,0.001,0.004,0.11
115,44,0.001,0.002,0.119
115,45,0.0,0.001,0.124
115,46,0.002,0.006,0.105
115,47,0.002,0.005,0.108
115,48,0.0,0.001,0.128
115,49,0.001,0.003,0.115
115,50,0.002,0.005,0.11
115,51,0.002,0.005,0.109
115,52,0.001,0.002,0.118
115,53,0.002,0.005,0.109
115,54,0.001,0.004,0.112
115,55,0.001,0.003,0.117
115,56,0.001,0.003,0.118
115,57,0.001,0.004,0.114
115,58,0.001,0.002,0.123
115,59,0.001,0.002,0.124
115,60,0.002,0.005,0.112
115,61,0.002,0.004,0.113
115,62,0.001,0.003,0.117
115,63,0.003,0.008,0.105
115,64,0.001,0.003,0.118
115,65,0.001,0.002,0.122
115,66,0.003,0.007,0.109
115,67,0.002,0.006,0.111
115,68,0.002,0.004,0.115
115,69,0.003,0.007,0.11
115,70,0.004,0.009,0.107
115,71,0.006,0.012,0.102
115,72,0.004,0.01,0.105
115,73,0.003,0.008,0.108
115,74,0.005,0.012,0.104
115,75,0.003,0.007,0.112
115,76,0.003,0.008,0.109
115,77,0.003,0.007,0.111
115,78,0.002,0.005,0.117
115,79,0.004,0.008,0.11
115,80,0.003,0.007,0.113
115,81,0.001,0.003,0.123
115,82,0.0,0.001,0.135
115,83,0.0,0.001,0.134
115,84,0.0,0.001,0.138
115,85,0.0,0.001,0.144
115,86,0.0,0.001,0.139
115,87,0.0,0.001,0.148
115,88,0.0,0.001,0.142
115,89,0.0,0.001,0.145
115,90,0.0,0.001,0.145
115,91,0.0,0.0,0.154
115,92,0.0,0.001,0.15
115,93,0.0,0.001,0.144
115,94,0.001,0.002,0.134
115,95,0.0,0.001,0.147
115,96,0.0,0.0,0.152
115,97,0.0,0.0,0.156
115,98,0.0,0.0,0.153
115,99,0.0,0.001,0.146
116,100,0.0,0.001,0.141
116,101,0.0,0.0,0.158
116,102,0.0,0.001,0.148
116,103,0.0,0.001,0.147
116,104,0.0,0.0,0.158
116,105,0.0,0.0,0.163
116,106,0.001,0.002,0.138
116,107,0.001,0.002,0.136
116,108,0.001,0.002,0.141
116,109,0.001,0.002,0.138
116,110,0.0,0.001,0.15
116,111,0.001,0.002,0.142
116,112,0.0,0.001,0.148
116,113,0.0,0.001,0.144
116,114,0.0,0.001,0.157
116,115,0.0,0.001,0.154
116,116,0.0,0.001,0.145
116,117,0.001,0.003,0.135
116,118,0.001,0.003,0.138
116,119,0.001,0.003,0.137
116,120,0.002,0.005,0.129
116,121,0.001,0.002,0.142
116,122,0.002,0.004,0.132
116,123,0.003,0.007,0.124
116,124,0.005,0.011,0.118
116,125,0.014,0.027,0.104
116,126,0.009,0.018,0.11
116,127,0.004,0.01,0.121
116,128,0.006,0.013,0.117
116,129,0.006,0.014,0.116
116,13,0.0,0.001,0.131
116,130,0.009,0.018,0.112
116,131,0.011,0.022,0.109
116,132,0.006,0.013,0.117
116,133,0.006,0.013,0.117
116,134,0.008,0.017,0.113
116,135,0.005,0.012,0.12
116,136,0.003,0.008,0.127
116,137,0.004,0.01,0.122
116,138,0.003,0.008,0.126
116,139,0.005,0.012,0.121
116,14,0.0,0.001,0.13
116,140,0.01,0.02,0.112
116,141,0.008,0.017,0.115
116,142,0.006,0.013,0.121
116,143,0.005,0.012,0.121
116,144,0.006,0.013,0.121
116,145,0.008,0.017,0.116
116,146,0.015,0.029,0.107
116,147,0.01,0.02,0.114
116,148,0.004,0.01,0.127
116,149,0.003,0.007,0.133
116,15,0.003,0.007,0.107
116,150,0.002,0.005,0.139
116,151,0.003,0.008,0.13
116,152,0.004,0.009,0.128
116,153,0.005,0.011,0.126
116,154,0.005,0.011,0.127
116,155,0.004,0.01,0.129
116,156,0.008,0.016,0.121
116,157,0.006,0.014,0.124
116,158,0.006,0.014,0.124
116,159,0.01,0.02,0.118
116,16,0.0,0.001,0.126
116,160,0.013,0.027,0.113
116,161,0.018,0.034,0.109
116,162,0.016,0.032,0.111
116,163,0.043,0.072,0.094
116,164,0.039,0.067,0.096
116,165,0.04,0.068,0.096
116,166,0.052,0.086,0.091
116,167,0.029,0.051,0.104
116,168,0.028,0.051,0.104
116,169,0.033,0.058,0.102
116,17,0.001,0.003,0.117
116,170,0.031,0.054,0.104
116,171,0.022,0.041,0.11
116,172,0.02,0.037,0.113
116,173,0.02,0.037,0.115
116,174,0.022,0.041,0.113
116,175,0.022,0.041,0.114
116,176,0.017,0.033,0.119
116,177,0.024,0.043,0.114
116,178,0.025,0.046,0.113
116,179,0.024,0.043,0.115
116,18,0.0,0.001,0.128
116,180,0.029,0.052,0.112
116,181,0.036,0.062,0.108
116,182,0.027,0.049,0.115
116,183,0.018,0.035,0.124
116,184,0.022,0.04,0.121
116,185,0.014,0.028,0.13
116,186,0.011,0.022,0.137
116,187,0.01,0.021,0.138
116,188,0.005,0.01,0.154
116,189,0.004,0.01,0.155
116,19,0.0,0.001,0.13
116,190,0.006,0.014,0.151
116,191,0.002,0.006,0.167
116,192,0.003,0.007,0.165
116,193,0.003,0.008,0.164
116,194,0.004,0.01,0.159
116,195,0.003,0.007,0.168
116,196,0.001,0.004,0.181
116,197,0.002,0.005,0.177
116,198,0.002,0.006,0.174
116,199,0.001,0.004,0.183
116,20,0.0,0.001,0.132
116,200,0.001,0.002,0.197
116,201,0.001,0.002,0.194
116,202,0.002,0.005,0.179
116,203,0.001,0.002,0.197
116,204,0.002,0.004,0.182
116,205,0.001,0.003,0.19
116,206,0.001,0.004,0.185
116,207,0.001,0.003,0.192
116,208,0.001,0.003,0.189
116,209,0.001,0.003,0.189
116,21,0.0,0.001,0.123
116,210,0.002,0.006,0.177
116,211,0.003,0.008,0.171
116,212,0.002,0.005,0.181
116,213,0.002,0.006,0.179
116,214,0.002,0.006,0.177
116,215,0.001,0.002,0.202
116,216,0.003,0.007,0.175
116,217,0.003,0.007,0.173
116,218,0.002,0.006,0.178
116,219,0.001,0.003,0.193
116,22,0.0,0.0,0.137
116,220,0.001,0.003,0.188
116,221,0.002,0.005,0.18
116,222,0.002,0.006,0.176
116,223,0.001,0.002,0.194
116,224,0.001,0.002,0.197
116,225,0.001,0.002,0.197
116,226,0.0,0.0,0.225
116,227,0.0,0.001,0.204
116,228,0.0,0.001,0.216
116,229,0.0,0.001,0.218
116,23,0.001,0.002,0.12
116,230,0.0,0.0,0.224
116,231,0.0,0.001,0.219
116,232,0.0,0.0,0.225
116,233,0.0,0.0,0.239
116,234,0.0,0.0,0.237
116,235,0.0,0.0,0.232
116,236,0.0,0.0,0.234
116,237,0.0,0.0,0.233
116,238,0.0,0.0,0.233
116,239,0.0,0.0,0.242
116,24,0.0,0.001,0.124
116,240,0.0,0.001,0.226
116,241,0.0,0.001,0.225
116,242,0.0,0.001,0.225
116,243,0.0,0.001,0.228
116,244,0.0,0.001,0.222
116,245,0.0,0.001,0.218
116,246,0.0,0.001,0.231
116,247,0.0,0.001,0.224
116,248,0.0,0.001,0.228
116,25,0.001,0.002,0.117
116,26,0.0,0.0,0.132
116,27,0.0,0.0,0.137
116,28,0.001,0.003,0.113
116,29,0.0,0.001,0.121
116,30,0.0,0.001,0.124
116,31,0.0,0.001,0.13
116,32,0.0,0.001,0.13
116,33,0.0,0.001,0.125
116,34,0.0,0.001,0.124
116,35,0.0,0.001,0.121
116,36,0.001,0.002,0.119
116,37,0.0,0.0,0.141
116,38,0.0,0.001,0.13
116,39,0.0,0.001,0.12
116,40,0.0,0.001,0.121
116,41,0.0,0.0,0.143
116,42,0.0,0.001,0.131
116,43,0.0,0.001,0.121
116,44,0.0,0.001,0.125
116,45,0.0,0.001,0.127
116,46,0.0,0.0,0.143
116,47,0.0,0.001,0.132
116,48,0.0,0.001,0.127
116,49,0.001,0.003,0.113
116,50,0.001,0.002,0.121
116,51,0.001,0.002,0.118
116,52,0.001,0.003,0.114
116,53,0.0,0.001,0.126
116,54,0.001,0.003,0.114
116,55,0.006,0.014,0.097
116,56,0.001,0.004,0.112
116,57,0.001,0.002,0.12
116,58,0.001,0.003,0.115
116,59,0.001,0.003,0.117
116,60,0.001,0.004,0.114
116,61,0.004,0.01,0.102
116,62,0.001,0.003,0.116
116,63,0.001,0.002,0.123
116,64,0.001,0.004,0.116
116,65,0.001,0.003,0.119
116,66,0.0,0.001,0.128
116,67,0.002,0.006,0.111
116,68,0.004,0.009,0.106
116,69,0.001,0.004,0.116
116,70,0.003,0.006,0.111
116,71,0.004,0.009,0.106
116,72,0.001,0.002,0.124
116,73,0.004,0.009,0.107
116,74,0.008,0.016,0.099
116,75,0.004,0.01,0.106
116,76,0.002,0.006,0.113
116,77,0.001,0.003,0.123
116,78,0.001,0.003,0.123
116,79,0.002,0.005,0.116
116,80,0.002,0.006,0.115
116,81,0.002,0.006,0.115
116,82,0.001,0.002,0.13
116,83,0.0,0.001,0.137
116,84,0.001,0.004,0.122
116,85,0.0,0.002,0.134
116,86,0.0,0.001,0.142
116,87,0.0,0.001,0.142
116,88,0.0,0.001,0.143
116,89,0.0,0.001,0.14
116,90,0.0,0.001,0.146
116,91,0.0,0.001,0.147
116,92,0.0,0.001,0.144
116,93,0.001,0.002,0.134
116,94,0.0,0.001,0.143
116,95,0.001,0.003,0.129
116,96,0.001,0.004,0.127
116,97,0.001,0.002,0.135
116,98,0.0,0.001,0.14
116,99,0.0,0.001,0.146
117,100,0.002,0.005,0.123
117,101,0.002,0.004,0.127
117,102,0.004,0.01,0.115
117,103,0.002,0.006,0.122
117,104,0.001,0.004,0.129
117,105,0.004,0.009,0.117
117,106,0.003,0.007,0.122
117,107,0.005,0.012,0.113
117,108,0.004,0.01,0.116
117,109,0.008,0.018,0.107
117,110,0.005,0.011,0.115
117,111,0.003,0.008,0.12
117,112,0.004,0.01,0.118
117,113,0.001,0.003,0.137
117,114,0.001,0.002,0.14
117,115,0.002,0.005,0.128
117,116,0.003,0.008,0.121
117,117,0.006,0.013,0.115
117,118,0.006,0.013,0.115
117,119,0.004,0.009,0.121
117,120,0.002,0.005,0.131
117,121,0.001,0.002,0.142
117,122,0.001,0.004,0.134
117,123,0.002,0.006,0.128
117,124,0.005,0.011,0.119
117,125,0.003,0.007,0.126
117,126,0.001,0.004,0.135
117,127,0.003,0.007,0.127
117,128,0.001,0.004,0.136
117,129,0.003,0.007,0.127
117,130,0.006,0.013,0.118
117,131,0.012,0.023,0.108
117,132,0.007,0.015,0.116
117,133,0.012,0.023,0.108
117,134,0.012,0.024,0.108
117,135,0.007,0.015,0.116
117,136,0.006,0.014,0.117
117,137,0.009,0.02,0.112
117,138,0.006,0.013,0.119
117,139,0.007,0.016,0.117
117,140,0.006,0.014,0.119
117,141,0.004,0.01,0.124
117,142,0.004,0.01,0.125
117,143,0.004,0.008,0.128
117,144,0.003,0.007,0.131
117,145,0.003,0.006,0.133
117,146,0.004,0.009,0.128
117,147,0.006,0.013,0.122
117,148,0.004,0.01,0.126
117,149,0.008,0.017,0.118
117,150,0.004,0.01,0.127
117,151,0.004,0.009,0.13
117,152,0.007,0.015,0.122
117,153,0.008,0.017,0.12
117,154,0.006,0.014,0.124
117,155,0.007,0.016,0.122
117,156,0.014,0.027,0.113
117,157,0.009,0.019,0.12
117,158,0.011,0.023,0.117
117,159,0.019,0.036,0.108
117,16,0.0,0.001,0.128
117,160,0.014,0.027,0.114
117,161,0.01,0.02,0.12
117,162,0.01,0.021,0.12
117,163,0.014,0.027,0.116
117,164,0.006,0.014,0.129
117,165,0.006,0.012,0.131
117,166,0.011,0.022,0.121
117,167,0.006,0.013,0.132
117,168,0.006,0.014,0.132
117,169,0.01,0.02,0.125
117,17,0.001,0.003,0.116
117,170,0.02,0.037,0.113
117,171,0.039,0.067,0.101
117,172,0.057,0.092,0.094
117,173,0.043,0.072,0.101
117,174,0.037,0.063,0.104
117,175,0.027,0.049,0.111
117,176,0.026,0.048,0.113
117,177,0.027,0.049,0.113
117,178,0.028,0.05,0.113
117,179,0.02,0.038,0.12
117,18,0.005,0.011,0.101
117,180,0.018,0.035,0.123
117,181,0.018,0.034,0.124
117,182,0.036,0.062,0.111
117,183,0.022,0.041,0.122
117,184,0.019,0.035,0.126
117,185,0.012,0.023,0.136
117,186,0.012,0.024,0.136
117,187,0.01,0.02,0.141
117,188,0.005,0.011,0.155
117,189,0.003,0.007,0.166
117,19,0.001,0.003,0.118
117,190,0.003,0.007,0.166
117,191,0.002,0.006,0.17
117,192,0.006,0.013,0.154
117,193,0.002,0.005,0.174
117,194,0.002,0.004,0.178
117,195,0.003,0.007,0.17
117,196,0.003,0.007,0.17
117,197,0.002,0.006,0.175
117,198,0.002,0.004,0.181
117,199,0.003,0.008,0.17
117,20,0.005,0.011,0.1
117,200,0.002,0.004,0.183
117,201,0.002,0.006,0.176
117,202,0.001,0.004,0.187
117,203,0.003,0.006,0.176
117,204,0.004,0.009,0.17
117,205,0.003,0.007,0.173
117,206,0.003,0.007,0.172
117,207,0.006,0.013,0.161
117,208,0.004,0.009,0.168
117,209,0.003,0.008,0.17
117,21,0.001,0.004,0.113
117,210,0.006,0.013,0.16
117,211,0.005,0.011,0.163
117,212,0.003,0.006,0.175
117,213,0.005,0.012,0.162
117,214,0.005,0.011,0.163
117,215,0.003,0.008,0.171
117,216,0.003,0.006,0.175
117,217,0.002,0.006,0.177
117,218,0.002,0.005,0.182
117,219,0.001,0.003,0.19
117,22,0.0,0.001,0.123
117,220,0.001,0.003,0.188
117,221,0.001,0.004,0.187
117,222,0.001,0.003,0.187
117,223,0.001,0.004,0.186
117,224,0.0,0.001,0.211
117,225,0.0,0.001,0.213
117,226,0.0,0.001,0.207
117,227,0.0,0.001,0.208
117,228,0.0,0.001,0.219
117,229,0.0,0.0,0.23
117,23,0.0,0.001,0.124
117,230,0.0,0.001,0.215
117,231,0.0,0.0,0.226
117,232,0.0,0.0,0.228
117,233,0.0,0.001,0.221
117,234,0.0,0.0,0.227
117,235,0.0,0.0,0.23
117,236,0.0,0.0,0.247
117,237,0.0,0.0,0.246
117,238,0.0,0.0,0.245
117,239,0.0,0.0,0.239
117,24,0.001,0.002,0.118
117,240,0.0,0.0,0.238
117,241,0.0,0.0,0.233
117,242,0.0,0.0,0.246
117,243,0.0,0.001,0.234
117,244,0.0,0.0,0.248
117,245,0.0,0.0,0.246
117,246,0.0,0.001,0.235
117,247,0.0,0.001,0.241
117,25,0.0,0.001,0.126
117,26,0.001,0.003,0.114
117,27,0.002,0.005,0.108
117,28,0.001,0.002,0.119
117,29,0.0,0.001,0.126
117,30,0.002,0.006,0.105
117,31,0.001,0.002,0.116
117,32,0.001,0.003,0.113
117,33,0.001,0.002,0.116
117,34,0.0,0.001,0.125
117,35,0.0,0.0,0.138
117,36,0.0,0.0,0.133
117,37,0.0,0.002,0.12
117,38,0.0,0.001,0.13
117,39,0.0,0.001,0.122
117,40,0.0,0.001,0.12
117,41,0.0,0.002,0.12
117,42,0.001,0.002,0.119
117,43,0.001,0.002,0.117
117,44,0.0,0.001,0.128
117,45,0.001,0.002,0.116
117,46,0.001,0.003,0.113
117,47,0.0,0.002,0.121
117,48,0.002,0.004,0.11
117,49,0.002,0.004,0.111
117,50,0.001,0.003,0.113
117,51,0.001,0.002,0.121
117,52,0.001,0.002,0.119
117,53,0.002,0.004,0.112
117,54,0.004,0.009,0.103
117,55,0.001,0.003,0.115
117,56,0.002,0.005,0.11
117,57,0.0,0.001,0.129
117,58,0.001,0.003,0.118
117,59,0.002,0.004,0.113
117,60,0.001,0.002,0.122
117,61,0.001,0.002,0.124
117,62,0.0,0.001,0.127
117,63,0.001,0.002,0.124
117,64,0.001,0.003,0.117
117,65,0.002,0.005,0.112
117,66,0.003,0.007,0.108
117,67,0.002,0.004,0.115
117,68,0.003,0.008,0.107
117,69,0.001,0.003,0.122
117,70,0.002,0.005,0.115
117,71,0.001,0.004,0.118
117,72,0.003,0.008,0.109
117,73,0.002,0.006,0.114
117,74,0.003,0.007,0.111
117,75,0.002,0.005,0.117
117,76,0.001,0.003,0.121
117,77,0.004,0.01,0.107
117,78,0.004,0.009,0.108
117,79,0.0,0.001,0.132
117,80,0.001,0.002,0.127
117,81,0.001,0.003,0.123
117,82,0.001,0.004,0.122
117,83,0.002,0.004,0.12
117,84,0.001,0.003,0.126
117,85,0.001,0.003,0.128
117,86,0.001,0.003,0.126
117,87,0.001,0.004,0.123
117,88,0.001,0.002,0.135
117,89,0.001,0.004,0.125
117,90,0.002,0.005,0.122
117,91,0.001,0.003,0.129
117,92,0.001,0.003,0.129
117,93,0.002,0.004,0.124
117,94,0.002,0.004,0.124
117,95,0.001,0.003,0.131
117,96,0.001,0.003,0.13
117,97,0.001,0.002,0.136
117,98,0.0,0.001,0.146
117,99,0.001,0.002,0.133
118,100,0.001,0.003,0.13
118,101,0.001,0.003,0.133
118,102,0.001,0.003,0.131
118,103,0.001,0.003,0.133
118,104,0.001,0.002,0.136
118,105,0.0,0.001,0.146
118,106,0.0,0.001,0.145
118,107,0.0,0.001,0.144
118,108,0.001,0.002,0.137
118,109,0.002,0.005,0.127
118,110,0.006,0.013,0.113
118,111,0.008,0.017,0.11
118,112,0.002,0.005,0.13
118,113,0.001,0.004,0.132
118,114,0.001,0.002,0.139
118,115,0.002,0.006,0.128
118,116,0.001,0.003,0.139
118,117,0.003,0.007,0.124
118,118,0.005,0.011,0.119
118,119,0.002,0.004,0.133
118,120,0.001,0.003,0.137
118,121,0.002,0.005,0.13
118,122,0.002,0.006,0.13
118,123,0.001,0.004,0.136
118,124,0.003,0.007,0.128
118,125,0.002,0.005,0.132
118,126,0.002,0.006,0.131
118,127,0.003,0.008,0.127
118,128,0.004,0.009,0.124
118,129,0.004,0.009,0.124
118,130,0.006,0.013,0.12
118,131,0.003,0.007,0.129
118,132,0.005,0.011,0.122
118,133,0.004,0.01,0.124
118,134,0.006,0.012,0.121
118,135,0.011,0.022,0.111
118,136,0.011,0.022,0.111
118,137,0.005,0.011,0.124
118,138,0.005,0.012,0.123
118,139,0.004,0.01,0.126
118,140,0.004,0.01,0.126
118,141,0.003,0.007,0.131
118,142,0.002,0.005,0.137
118,143,0.006,0.013,0.123
118,144,0.004,0.01,0.127
118,145,0.004,0.009,0.13
118,146,0.004,0.01,0.129
118,147,0.004,0.01,0.129
118,148,0.006,0.013,0.124
118,149,0.005,0.012,0.126
118,150,0.008,0.017,0.121
118,151,0.007,0.016,0.122
118,152,0.006,0.014,0.125
118,153,0.005,0.012,0.128
118,154,0.011,0.023,0.117
118,155,0.008,0.017,0.122
118,156,0.008,0.017,0.123
118,157,0.007,0.015,0.126
118,158,0.005,0.011,0.132
118,159,0.004,0.009,0.135
118,160,0.005,0.01,0.134
118,161,0.007,0.015,0.128
118,162,0.01,0.02,0.124
118,163,0.004,0.01,0.136
118,164,0.01,0.021,0.124
118,165,0.021,0.038,0.112
118,166,0.02,0.038,0.113
118,167,0.011,0.023,0.124
118,168,0.021,0.04,0.113
118,169,0.02,0.038,0.115
118,170,0.022,0.041,0.114
118,171,0.033,0.057,0.107
118,172,0.034,0.059,0.107
118,173,0.031,0.055,0.109
118,174,0.042,0.07,0.104
118,175,0.054,0.088,0.099
118,176,0.048,0.08,0.102
118,177,0.056,0.09,0.099
118,178,0.032,0.055,0.112
118,179,0.033,0.058,0.112
118,180,0.016,0.031,0.127
118,181,0.027,0.048,0.118
118,182,0.03,0.053,0.116
118,183,0.016,0.031,0.13
118,184,0.013,0.026,0.135
118,185,0.012,0.024,0.136
118,186,0.015,0.028,0.134
118,187,0.008,0.017,0.147
118,188,0.01,0.02,0.143
118,189,0.005,0.011,0.158
118,190,0.005,0.011,0.158
118,191,0.002,0.006,0.173
118,192,0.008,0.018,0.149
118,193,0.003,0.006,0.172
118,194,0.002,0.006,0.175
118,195,0.002,0.005,0.176
118,196,0.002,0.005,0.179
118,197,0.002,0.005,0.178
118,198,0.002,0.005,0.181
118,199,0.003,0.007,0.173
118,200,0.001,0.003,0.19
118,201,0.002,0.004,0.184
118,202,0.002,0.005,0.179
118,203,0.003,0.007,0.175
118,204,0.003,0.008,0.17
118,205,0.003,0.007,0.173
118,206,0.004,0.01,0.166
118,207,0.005,0.011,0.163
118,208,0.005,0.012,0.162
118,209,0.001,0.003,0.189
118,210,0.002,0.005,0.178
118,211,0.001,0.004,0.185
118,212,0.001,0.003,0.192
118,213,0.002,0.004,0.183
118,214,0.001,0.003,0.189
118,215,0.002,0.005,0.178
118,216,0.001,0.002,0.197
118,217,0.001,0.002,0.197
118,218,0.001,0.002,0.198
118,219,0.0,0.001,0.207
118,220,0.0,0.0,0.223
118,221,0.0,0.001,0.22
118,222,0.0,0.0,0.222
118,223,0.0,0.001,0.22
118,224,0.0,0.0,0.229
118,225,0.0,0.0,0.244
118,226,0.0,0.0,0.235
118,227,0.0,0.0,0.243
118,228,0.0,0.0,0.236
118,229,0.0,0.0,0.236
118,230,0.0,0.0,0.255
118,231,0.0,0.0,0.254
118,232,0.0,0.0,0.254
118,233,0.0,0.0,0.259
118,234,0.0,0.0,0.27
118,235,0.0,0.0,0.268
118,236,0.0,0.0,0.261
118,237,0.0,0.0,0.265
118,238,0.0,0.0,0.274
118,239,0.0,0.0,0.269
118,240,0.0,0.0,0.265
118,241,0.0,0.0,0.284
118,242,0.0,0.0,0.262
118,243,0.0,0.0,0.255
118,244,0.0,0.0,0.26
118,245,0.0,0.0,0.271
118,25,0.0,0.0,0.163
118,26,0.0,0.0,0.149
118,27,0.0,0.0,0.17
118,28,0.0,0.0,0.149
118,29,0.0,0.0,0.138
118,30,0.0,0.0,0.145
118,31,0.0,0.0,0.15
118,32,0.0,0.0,0.154
118,33,0.0,0.0,0.144
118,34,0.0,0.0,0.14
118,35,0.0,0.0,0.149
118,36,0.0,0.0,0.152
118,37,0.0,0.0,0.148
118,38,0.0,0.0,0.156
118,39,0.0,0.0,0.16
118,40,0.0,0.0,0.139
118,41,0.0,0.0,0.136
118,42,0.0,0.0,0.146
118,43,0.0,0.0,0.144
118,44,0.0,0.0,0.14
118,45,0.0,0.0,0.14
118,46,0.0,0.0,0.145
118,47,0.001,0.003,0.117
118,48,0.0,0.0,0.143
118,49,0.0,0.0,0.145
118,50,0.0,0.001,0.132
118,51,0.0,0.001,0.133
118,52,0.0,0.001,0.134
118,53,0.0,0.001,0.125
118,54,0.0,0.002,0.125
118,55,0.0,0.001,0.128
118,56,0.0,0.0,0.142
118,57,0.001,0.002,0.122
118,58,0.0,0.001,0.128
118,59,0.0,0.001,0.131
118,60,0.0,0.001,0.13
118,61,0.0,0.001,0.139
118,62,0.0,0.001,0.129
118,63,0.001,0.003,0.118
118,64,0.0,0.001,0.136
118,65,0.001,0.002,0.122
118,66,0.001,0.002,0.128
118,67,0.002,0.004,0.116
118,68,0.001,0.002,0.126
118,69,0.0,0.001,0.13
118,70,0.002,0.005,0.115
118,71,0.002,0.005,0.114
118,72,0.002,0.006,0.114
118,73,0.002,0.006,0.114
118,74,0.002,0.005,0.117
118,75,0.002,0.006,0.115
118,76,0.002,0.006,0.115
118,77,0.003,0.007,0.112
118,78,0.005,0.011,0.107
118,79,0.003,0.008,0.113
118,80,0.002,0.005,0.118
118,81,0.001,0.002,0.129
118,82,0.001,0.003,0.124
118,83,0.001,0.002,0.13
118,84,0.002,0.005,0.119
118,85,0.002,0.006,0.119
118,86,0.0,0.001,0.136
118,87,0.001,0.003,0.129
118,88,0.002,0.006,0.119
118,89,0.002,0.005,0.122
118,90,0.002,0.005,0.121
118,91,0.001,0.003,0.13
118,92,0.001,0.003,0.129
118,93,0.001,0.004,0.126
118,94,0.002,0.004,0.126
118,95,0.001,0.002,0.135
118,96,0.0,0.001,0.15
118,97,0.0,0.001,0.14
118,98,0.001,0.002,0.135
118,99,0.001,0.003,0.13
119,100,0.001,0.003,0.134
119,101,0.001,0.002,0.136
119,102,0.002,0.005,0.129
119,103,0.001,0.003,0.134
119,104,0.001,0.003,0.137
119,105,0.001,0.002,0.143
119,106,0.001,0.002,0.14
119,107,0.001,0.003,0.134
119,108,0.002,0.006,0.127
119,109,0.001,0.002,0.143
119,110,0.001,0.002,0.139
119,111,0.0,0.002,0.146
119,112,0.001,0.002,0.141
119,113,0.001,0.002,0.142
119,114,0.0,0.001,0.154
119,115,0.0,0.001,0.151
119,116,0.0,0.001,0.152
119,117,0.001,0.002,0.148
119,118,0.001,0.002,0.144
119,119,0.001,0.003,0.14
119,120,0.001,0.004,0.138
119,121,0.001,0.004,0.137
119,122,0.001,0.003,0.14
119,123,0.001,0.004,0.138
119,124,0.001,0.002,0.15
119,125,0.002,0.005,0.135
119,126,0.002,0.005,0.134
119,127,0.001,0.003,0.142
119,128,0.001,0.003,0.141
119,129,0.003,0.007,0.132
119,130,0.006,0.014,0.12
119,131,0.003,0.007,0.131
119,132,0.002,0.006,0.133
119,133,0.002,0.005,0.138
119,134,0.001,0.003,0.144
119,135,0.002,0.005,0.137
119,136,0.001,0.004,0.141
119,137,0.002,0.005,0.137
119,138,0.002,0.005,0.138
119,139,0.003,0.007,0.133
119,140,0.006,0.013,0.124
119,141,0.003,0.008,0.132
119,142,0.004,0.009,0.13
119,143,0.003,0.008,0.133
119,144,0.002,0.006,0.138
119,145,0.002,0.006,0.139
119,146,0.004,0.009,0.133
119,147,0.006,0.014,0.124
119,148,0.005,0.012,0.128
119,149,0.006,0.013,0.126
119,150,0.003,0.007,0.138
119,151,0.004,0.01,0.133
119,152,0.006,0.014,0.127
119,153,0.006,0.013,0.129
119,154,0.009,0.019,0.122
119,155,0.007,0.015,0.127
119,156,0.009,0.02,0.122
119,157,0.014,0.028,0.116
119,158,0.015,0.03,0.115
119,159,0.023,0.042,0.109
119,160,0.016,0.031,0.116
119,161,0.021,0.039,0.111
119,162,0.021,0.039,0.112
119,163,0.028,0.05,0.107
119,164,0.029,0.051,0.107
119,165,0.028,0.049,0.108
119,166,0.05,0.082,0.097
119,167,0.066,0.104,0.092
119,168,0.068,0.107,0.092
119,169,0.061,0.098,0.095
119,170,0.059,0.095,0.096
119,171,0.042,0.072,0.104
119,172,0.035,0.061,0.108
119,173,0.027,0.049,0.114
119,174,0.028,0.051,0.114
119,175,0.025,0.046,0.117
119,176,0.026,0.046,0.118
119,177,0.033,0.058,0.113
119,178,0.017,0.032,0.127
119,179,0.021,0.039,0.124
119,180,0.019,0.035,0.127
119,181,0.015,0.029,0.132
119,182,0.026,0.047,0.122
119,183,0.006,0.013,0.15
119,184,0.004,0.01,0.157
119,185,0.005,0.012,0.155
119,186,0.004,0.009,0.161
119,187,0.003,0.008,0.163
119,188,0.003,0.008,0.166
119,189,0.004,0.009,0.164
119,190,0.001,0.004,0.182
119,191,0.002,0.006,0.173
119,192,0.001,0.004,0.185
119,193,0.001,0.003,0.187
119,194,0.002,0.006,0.176
119,195,0.003,0.007,0.172
119,196,0.001,0.003,0.188
119,197,0.003,0.007,0.175
119,198,0.002,0.005,0.18
119,199,0.003,0.008,0.172
119,200,0.001,0.003,0.188
119,201,0.002,0.004,0.183
119,202,0.002,0.005,0.182
119,203,0.001,0.003,0.19
119,204,0.002,0.005,0.179
119,205,0.001,0.004,0.185
119,206,0.001,0.003,0.189
119,207,0.001,0.003,0.19
119,208,0.001,0.002,0.201
119,209,0.001,0.002,0.197
119,210,0.001,0.003,0.191
119,211,0.001,0.002,0.199
119,212,0.001,0.002,0.198
119,213,0.0,0.001,0.204
119,214,0.0,0.001,0.213
119,215,0.001,0.002,0.194
119,216,0.0,0.001,0.214
119,217,0.0,0.001,0.21
119,218,0.0,0.001,0.218
119,219,0.0,0.001,0.206
119,220,0.0,0.001,0.22
119,221,0.0,0.0,0.235
119,222,0.0,0.0,0.231
119,223,0.0,0.0,0.237
119,224,0.0,0.0,0.245
119,225,0.0,0.0,0.246
119,226,0.0,0.0,0.26
119,227,0.0,0.0,0.26
119,228,0.0,0.0,0.263
119,229,0.0,0.0,0.269
119,230,0.0,0.0,0.256
119,231,0.0,0.0,0.276
119,232,0.0,0.0,0.267
119,233,0.0,0.0,0.265
119,234,0.0,0.0,0.284
119,235,0.0,0.0,0.276
119,236,0.0,0.0,0.283
119,42,0.0,0.0,0.138
119,43,0.0,0.0,0.143
119,44,0.0,0.0,0.143
119,45,0.0,0.0,0.143
119,46,0.0,0.0,0.144
119,47,0.0,0.001,0.131
119,48,0.0,0.0,0.14
119,49,0.0,0.0,0.145
119,50,0.0,0.001,0.136
119,51,0.0,0.001,0.135
119,52,0.0,0.001,0.133
119,53,0.0,0.0,0.138
119,54,0.0,0.001,0.133
119,55,0.0,0.001,0.127
119,56,0.0,0.001,0.128
119,57,0.0,0.0,0.139
119,58,0.001,0.002,0.122
119,59,0.001,0.002,0.127
119,60,0.0,0.001,0.137
119,61,0.001,0.003,0.12
119,62,0.0,0.002,0.128
119,63,0.001,0.002,0.124
119,64,0.001,0.002,0.128
119,65,0.0,0.001,0.133
119,66,0.002,0.004,0.117
119,67,0.002,0.006,0.113
119,68,0.003,0.007,0.112
119,69,0.0,0.001,0.135
119,70,0.0,0.001,0.136
119,71,0.003,0.007,0.112
119,72,0.002,0.005,0.117
119,73,0.003,0.006,0.114
119,74,0.002,0.005,0.116
119,75,0.001,0.004,0.122
119,76,0.002,0.006,0.116
119,77,0.005,0.011,0.108
119,78,0.002,0.006,0.117
119,79,0.004,0.01,0.109
119,80,0.001,0.004,0.123
119,81,0.003,0.007,0.116
119,82,0.002,0.004,0.122
119,83,0.002,0.004,0.123
119,84,0.002,0.006,0.119
119,85,0.001,0.002,0.131
119,86,0.001,0.003,0.128
119,87,0.001,0.002,0.135
119,88,0.001,0.003,0.13
119,89,0.0,0.001,0.147
119,90,0.001,0.002,0.137
119,91,0.0,0.001,0.141
119,92,0.0,0.0,0.157
119,93,0.0,0.001,0.146
119,94,0.001,0.002,0.137
119,95,0.001,0.002,0.136
119,96,0.001,0.002,0.14
119,97,0.001,0.002,0.138
119,98,0.0,0.001,0.143
119,99,0.001,0.002,0.136
12,10,0.001,0.002,0.115
12,100,0.001,0.002,0.127
12,101,0.001,0.004,0.119
12,102,0.0,0.001,0.135
12,103,0.001,0.002,0.129
12,104,0.001,0.002,0.131
12,105,0.001,0.002,0.127
12,106,0.004,0.01,0.108
12,107,0.003,0.007,0.113
12,108,0.001,0.003,0.122
12,109,0.001,0.004,0.122
12,11,0.001,0.002,0.112
12,110,0.002,0.005,0.118
12,111,0.001,0.002,0.128
12,112,0.001,0.003,0.126
12,113,0.001,0.003,0.124
12,114,0.001,0.003,0.125
12,115,0.002,0.006,0.118
12,116,0.001,0.002,0.129
12,117,0.001,0.002,0.131
12,118,0.001,0.002,0.132
12,119,0.0,0.001,0.143
12,12,0.0,0.001,0.117
12,120,0.0,0.001,0.146
12,121,0.0,0.0,0.152
12,122,0.0,0.001,0.147
12,123,0.0,0.0,0.151
12,124,0.0,0.0,0.154
12,125,0.0,0.0,0.156
12,126,0.0,0.0,0.162
12,127,0.0,0.0,0.153
12,128,0.0,0.001,0.151
12,129,0.0,0.001,0.146
12,13,0.001,0.002,0.111
12,130,0.0,0.0,0.161
12,131,0.0,0.0,0.155
12,132,0.0,0.001,0.152
12,133,0.0,0.0,0.156
12,134,0.0,0.0,0.16
12,135,0.0,0.0,0.154
12,136,0.0,0.0,0.169
12,137,0.0,0.0,0.171
12,138,0.0,0.0,0.155
12,139,0.0,0.001,0.148
12,14,0.0,0.001,0.121
12,140,0.0,0.001,0.141
12,141,0.0,0.001,0.147
12,142,0.0,0.001,0.149
12,143,0.0,0.001,0.149
12,144,0.0,0.001,0.153
12,145,0.0,0.001,0.152
12,146,0.0,0.0,0.158
12,147,0.0,0.001,0.145
12,148,0.0,0.0,0.167
12,149,0.0,0.0,0.157
12,15,0.001,0.002,0.109
12,150,0.0,0.0,0.163
12,151,0.0,0.0,0.163
12,152,0.0,0.0,0.179
12,153,0.0,0.0,0.187
12,154,0.0,0.0,0.176
12,155,0.0,0.0,0.181
12,156,0.0,0.0,0.176
12,157,0.0,0.0,0.177
12,158,0.0,0.0,0.178
12,159,0.0,0.0,0.175
12,16,0.001,0.002,0.111
12,160,0.0,0.0,0.17
12,161,0.0,0.0,0.178
12,162,0.0,0.0,0.174
12,163,0.0,0.0,0.175
12,164,0.0,0.0,0.17
12,165,0.0,0.0,0.172
12,166,0.0,0.001,0.152
12,167,0.0,0.0,0.158
12,168,0.0,0.001,0.155
12,169,0.0,0.0,0.163
12,17,0.001,0.002,0.109
12,170,0.0,0.0,0.175
12,171,0.0,0.0,0.166
12,172,0.0,0.0,0.168
12,173,0.0,0.0,0.171
12,174,0.0,0.0,0.163
12,175,0.0,0.001,0.156
12,176,0.0,0.001,0.152
12,177,0.0,0.001,0.148
12,178,0.0,0.001,0.153
12,179,0.0,0.001,0.158
12,18,0.001,0.003,0.106
12,180,0.001,0.002,0.145
12,181,0.001,0.002,0.143
12,182,0.0,0.002,0.147
12,183,0.0,0.001,0.158
12,184,0.0,0.001,0.151
12,185,0.0,0.001,0.156
12,186,0.0,0.001,0.153
12,187,0.0,0.001,0.151
12,188,0.0,0.001,0.155
12,189,0.0,0.001,0.161
12,19,0.004,0.009,0.093
12,190,0.0,0.001,0.158
12,191,0.0,0.001,0.162
12,192,0.001,0.003,0.146
12,193,0.0,0.001,0.164
12,194,0.0,0.0,0.178
12,195,0.0,0.001,0.17
12,196,0.0,0.001,0.163
12,197,0.0,0.001,0.159
12,198,0.0,0.001,0.167
12,199,0.0,0.001,0.166
12,20,0.002,0.006,0.097
12,200,0.001,0.002,0.159
12,201,0.001,0.002,0.162
12,202,0.0,0.001,0.177
12,203,0.001,0.002,0.163
12,204,0.0,0.001,0.169
12,205,0.0,0.001,0.174
12,206,0.001,0.002,0.166
12,207,0.001,0.004,0.154
12,208,0.002,0.005,0.153
12,209,0.001,0.002,0.171
12,21,0.0,0.002,0.112
12,210,0.001,0.002,0.168
12,211,0.001,0.002,0.173
12,212,0.001,0.002,0.172
12,213,0.001,0.002,0.172
12,214,0.0,0.001,0.185
12,215,0.0,0.001,0.192
12,216,0.0,0.001,0.194
12,217,0.0,0.001,0.193
12,218,0.0,0.001,0.201
12,219,0.0,0.001,0.196
12,22,0.001,0.003,0.104
12,220,0.0,0.001,0.19
12,221,0.0,0.0,0.208
12,222,0.0,0.001,0.198
12,223,0.0,0.001,0.208
12,224,0.0,0.001,0.208
12,225,0.0,0.001,0.204
12,226,0.001,0.002,0.188
12,227,0.0,0.001,0.216
12,228,0.0,0.001,0.206
12,229,0.0,0.001,0.218
12,23,0.001,0.004,0.102
12,230,0.0,0.001,0.211
12,231,0.0,0.001,0.212
12,232,0.0,0.001,0.211
12,233,0.0,0.001,0.214
12,234,0.0,0.001,0.216
12,235,0.0,0.001,0.222
12,236,0.0,0.001,0.219
12,237,0.0,0.001,0.217
12,238,0.0,0.0,0.24
12,239,0.0,0.0,0.232
12,24,0.002,0.004,0.101
12,240,0.0,0.0,0.251
12,241,0.0,0.0,0.247
12,242,0.0,0.0,0.247
12,243,0.0,0.0,0.252
12,244,0.0,0.0,0.259
12,245,0.0,0.0,0.246
12,246,0.0,0.0,0.251
12,247,0.0,0.0,0.254
12,248,0.0,0.001,0.236
12,249,0.0,0.001,0.239
12,25,0.003,0.008,0.094
12,250,0.0,0.001,0.239
12,251,0.0,0.001,0.228
12,26,0.001,0.004,0.101
12,27,0.001,0.004,0.102
12,28,0.004,0.009,0.093
12,29,0.001,0.004,0.102
12,30,0.004,0.01,0.091
12,31,0.011,0.022,0.081
12,32,0.002,0.006,0.096
12,33,0.001,0.002,0.11
12,34,0.001,0.003,0.106
12,35,0.002,0.004,0.101
12,36,0.001,0.002,0.11
12,37,0.0,0.001,0.118
12,38,0.0,0.001,0.115
12,39,0.001,0.004,0.104
12,40,0.001,0.002,0.112
12,41,0.0,0.001,0.113
12,42,0.0,0.001,0.115
12,43,0.0,0.001,0.121
12,44,0.0,0.001,0.118
12,45,0.001,0.003,0.106
12,46,0.0,0.002,0.113
12,47,0.0,0.001,0.117
12,48,0.0,0.001,0.12
12,49,0.001,0.002,0.113
12,50,0.001,0.002,0.109
12,51,0.001,0.002,0.111
12,52,0.001,0.003,0.108
12,53,0.0,0.001,0.122
12,54,0.0,0.001,0.118
12,55,0.001,0.002,0.113
12,56,0.001,0.003,0.107
12,57,0.0,0.002,0.116
12,58,0.0,0.0,0.129
12,59,0.0,0.001,0.116
12,60,0.0,0.001,0.12
12,61,0.0,0.001,0.12
12,62,0.0,0.001,0.12
12,63,0.0,0.001,0.118
12,64,0.001,0.002,0.114
12,65,0.003,0.007,0.101
12,66,0.004,0.008,0.099
12,67,0.002,0.006,0.104
12,68,0.002,0.004,0.108
12,69,0.004,0.01,0.098
12,7,0.002,0.005,0.105
12,70,0.006,0.013,0.095
12,71,0.003,0.007,0.103
12,72,0.002,0.004,0.109
12,73,0.003,0.007,0.103
12,74,0.004,0.009,0.1
12,75,0.002,0.005,0.107
12,76,0.002,0.005,0.108
12,77,0.003,0.008,0.103
12,78,0.001,0.004,0.112
12,79,0.001,0.003,0.116
12,8,0.0,0.001,0.125
12,80,0.001,0.003,0.117
12,81,0.001,0.003,0.117
12,82,0.001,0.002,0.121
12,83,0.0,0.001,0.135
12,84,0.001,0.003,0.119
12,85,0.003,0.007,0.107
12,86,0.001,0.003,0.119
12,87,0.002,0.005,0.113
12,88,0.002,0.006,0.109
12,89,0.002,0.004,0.115
12,9,0.0,0.001,0.119
12,90,0.005,0.011,0.104
12,91,0.001,0.002,0.125
12,92,0.002,0.006,0.112
12,93,0.002,0.005,0.114
12,94,0.001,0.003,0.123
12,95,0.003,0.007,0.111
12,96,0.002,0.005,0.114
12,97,0.001,0.004,0.118
12,98,0.002,0.004,0.118
12,99,0.002,0.004,0.118
13,10,0.003,0.007,0.099
13,100,0.0,0.001,0.134
13,101,0.001,0.003,0.121
13,102,0.0,0.001,0.14
13,103,0.0,0.0,0.149
13,104,0.001,0.002,0.129
13,105,0.001,0.003,0.126
13,106,0.001,0.002,0.127
13,107,0.001,0.002,0.128
13,108,0.0,0.001,0.145
13,109,0.0,0.001,0.146
13,11,0.001,0.002,0.112
13,110,0.0,0.001,0.135
13,111,0.001,0.003,0.124
13,112,0.0,0.001,0.135
13,113,0.0,0.001,0.147
13,114,0.0,0.0,0.15
13,115,0.0,0.0,0.159
13,116,0.0,0.001,0.143
13,117,0.0,0.001,0.144
13,118,0.0,0.0,0.157
13,119,0.0,0.0,0.158
13,12,0.003,0.007,0.097
13,120,0.0,0.0,0.156
13,121,0.0,0.001,0.148
13,122,0.0,0.0,0.158
13,123,0.0,0.0,0.172
13,124,0.0,0.0,0.16
13,125,0.0,0.0,0.154
13,126,0.0,0.0,0.155
13,127,0.0,0.0,0.16
13,128,0.0,0.0,0.16
13,129,0.0,0.0,0.168
13,13,0.001,0.002,0.109
13,130,0.0,0.001,0.143
13,131,0.0,0.001,0.143
13,132,0.0,0.0,0.155
13,133,0.0,0.001,0.147
13,134,0.0,0.001,0.148
13,135,0.0,0.001,0.152
13,136,0.0,0.001,0.15
13,137,0.0,0.0,0.154
13,138,0.001,0.002,0.139
13,139,0.0,0.001,0.144
13,14,0.0,0.001,0.121
13,140,0.0,0.001,0.143
13,141,0.0,0.001,0.151
13,142,0.0,0.001,0.146
13,143,0.001,0.003,0.133
13,144,0.0,0.001,0.152
13,145,0.0,0.0,0.159
13,146,0.0,0.0,0.176
13,147,0.0,0.0,0.171
13,148,0.0,0.0,0.159
13,149,0.0,0.0,0.158
13,15,0.0,0.001,0.122
13,150,0.0,0.0,0.166
13,151,0.0,0.0,0.174
13,152,0.0,0.0,0.166
13,153,0.0,0.0,0.169
13,154,0.0,0.0,0.166
13,155,0.0,0.0,0.172
13,156,0.0,0.0,0.187
13,157,0.0,0.0,0.188
13,158,0.0,0.0,0.18
13,159,0.0,0.0,0.172
13,16,0.001,0.002,0.109
13,160,0.0,0.0,0.174
13,161,0.0,0.0,0.182
13,162,0.0,0.0,0.179
13,163,0.0,0.0,0.181
13,164,0.0,0.0,0.186
13,165,0.0,0.0,0.171
13,166,0.0,0.0,0.169
13,167,0.0,0.0,0.163
13,168,0.0,0.0,0.173
13,169,0.0,0.0,0.165
13,17,0.0,0.001,0.112
13,170,0.0,0.0,0.168
13,171,0.0,0.0,0.174
13,172,0.0,0.0,0.164
13,173,0.0,0.0,0.173
13,174,0.0,0.0,0.166
13,175,0.0,0.0,0.171
13,176,0.0,0.0,0.165
13,177,0.0,0.0,0.168
13,178,0.0,0.0,0.17
13,179,0.0,0.0,0.173
13,18,0.0,0.001,0.121
13,180,0.0,0.0,0.163
13,181,0.0,0.001,0.158
13,182,0.0,0.0,0.164
13,183,0.0,0.0,0.169
13,184,0.0,0.001,0.161
13,185,0.0,0.0,0.179
13,186,0.0,0.0,0.174
13,187,0.0,0.0,0.169
13,188,0.0,0.0,0.169
13,189,0.0,0.0,0.179
13,19,0.001,0.003,0.107
13,190,0.0,0.0,0.17
13,191,0.001,0.002,0.149
13,192,0.001,0.002,0.148
13,193,0.0,0.001,0.16
13,194,0.0,0.001,0.158
13,195,0.0,0.001,0.164
13,196,0.001,0.002,0.154
13,197,0.0,0.001,0.17
13,198,0.0,0.001,0.17
13,199,0.001,0.002,0.154
13,20,0.0,0.001,0.117
13,200,0.0,0.001,0.169
13,201,0.0,0.001,0.164
13,202,0.0,0.001,0.162
13,203,0.001,0.002,0.16
13,204,0.003,0.007,0.139
13,205,0.001,0.002,0.164
13,206,0.001,0.002,0.164
13,207,0.001,0.002,0.161
13,208,0.001,0.004,0.154
13,209,0.001,0.003,0.159
13,21,0.0,0.001,0.116
13,210,0.0,0.001,0.182
13,211,0.0,0.002,0.173
13,212,0.0,0.001,0.174
13,213,0.0,0.001,0.191
13,214,0.0,0.001,0.184
13,215,0.0,0.001,0.182
13,216,0.0,0.0,0.198
13,217,0.0,0.001,0.19
13,218,0.0,0.001,0.191
13,219,0.0,0.001,0.196
13,22,0.0,0.001,0.115
13,220,0.0,0.001,0.2
13,221,0.0,0.0,0.212
13,222,0.0,0.001,0.201
13,223,0.0,0.001,0.207
13,224,0.0,0.0,0.214
13,225,0.0,0.001,0.212
13,226,0.0,0.001,0.213
13,227,0.0,0.001,0.211
13,228,0.0,0.0,0.234
13,229,0.0,0.0,0.224
13,23,0.0,0.002,0.111
13,230,0.0,0.0,0.236
13,231,0.0,0.0,0.231
13,232,0.0,0.0,0.228
13,233,0.0,0.0,0.223
13,234,0.0,0.0,0.243
13,235,0.0,0.001,0.225
13,236,0.0,0.0,0.256
13,237,0.0,0.0,0.242
13,238,0.0,0.0,0.235
13,239,0.0,0.0,0.235
13,24,0.002,0.006,0.097
13,240,0.0,0.0,0.234
13,241,0.0,0.001,0.231
13,242,0.0,0.0,0.24
13,243,0.0,0.0,0.251
13,244,0.0,0.0,0.259
13,245,0.0,0.001,0.236
13,246,0.0,0.001,0.239
13,247,0.0,0.0,0.245
13,248,0.0,0.001,0.238
13,249,0.0,0.001,0.228
13,25,0.001,0.003,0.104
13,250,0.0,0.001,0.237
13,251,0.0,0.001,0.236
13,26,0.0,0.001,0.116
13,27,0.002,0.005,0.099
13,28,0.0,0.001,0.118
13,29,0.003,0.008,0.094
13,30,0.001,0.002,0.107
13,31,0.0,0.001,0.113
13,32,0.001,0.003,0.105
13,33,0.001,0.003,0.106
13,34,0.004,0.01,0.091
13,35,0.001,0.004,0.102
13,36,0.001,0.002,0.108
13,37,0.001,0.003,0.105
13,38,0.001,0.002,0.107
13,39,0.001,0.003,0.107
13,40,0.004,0.01,0.092
13,41,0.003,0.007,0.095
13,42,0.004,0.009,0.093
13,43,0.002,0.006,0.097
13,44,0.001,0.003,0.106
13,45,0.001,0.002,0.108
13,46,0.001,0.002,0.109
13,47,0.001,0.002,0.112
13,48,0.001,0.002,0.112
13,49,0.001,0.004,0.103
13,50,0.0,0.002,0.113
13,51,0.001,0.004,0.104
13,52,0.001,0.002,0.11
13,53,0.0,0.001,0.119
13,54,0.0,0.001,0.119
13,55,0.0,0.0,0.131
13,56,0.0,0.0,0.131
13,57,0.0,0.001,0.124
13,58,0.0,0.001,0.124
13,59,0.0,0.0,0.128
13,6,0.001,0.002,0.114
13,60,0.0,0.0,0.142
13,61,0.0,0.0,0.137
13,62,0.0,0.0,0.133
13,63,0.0,0.0,0.13
13,64,0.0,0.0,0.131
13,65,0.0,0.001,0.122
13,66,0.0,0.0,0.134
13,67,0.0,0.0,0.131
13,68,0.001,0.004,0.109
13,69,0.001,0.002,0.117
13,7,0.002,0.005,0.105
13,70,0.002,0.005,0.107
13,71,0.001,0.002,0.119
13,72,0.0,0.001,0.122
13,73,0.0,0.001,0.122
13,74,0.0,0.001,0.125
13,75,0.001,0.004,0.111
13,76,0.001,0.004,0.112
13,77,0.001,0.003,0.116
13,78,0.002,0.005,0.109
13,79,0.001,0.004,0.113
13,8,0.002,0.006,0.102
13,80,0.001,0.003,0.116
13,81,0.001,0.002,0.12
13,82,0.002,0.006,0.108
13,83,0.002,0.005,0.112
13,84,0.001,0.003,0.116
13,85,0.001,0.002,0.121
13,86,0.003,0.006,0.108
13,87,0.001,0.003,0.119
13,88,0.001,0.004,0.116
13,89,0.002,0.005,0.114
13,9,0.001,0.003,0.108
13,90,0.001,0.004,0.116
13,91,0.002,0.005,0.113
13,92,0.001,0.003,0.122
13,93,0.001,0.002,0.126
13,94,0.002,0.004,0.117
13,95,0.002,0.004,0.117
13,96,0.001,0.003,0.121
13,97,0.001,0.003,0.121
13,98,0.001,0.004,0.119
13,99,0.001,0.002,0.128
14,10,0.002,0.006,0.1
14,100,0.001,0.002,0.129
14,101,0.0,0.001,0.135
14,102,0.0,0.001,0.134
14,103,0.001,0.002,0.127
14,104,0.001,0.003,0.123
14,105,0.001,0.002,0.129
14,106,0.0,0.001,0.139
14,107,0.0,0.0,0.148
14,108,0.0,0.001,0.143
14,109,0.0,0.001,0.139
14,11,0.013,0.026,0.081
14,110,0.0,0.001,0.145
14,111,0.001,0.002,0.134
14,112,0.0,0.001,0.141
14,113,0.0,0.001,0.138
14,114,0.0,0.001,0.145
14,115,0.0,0.001,0.137
14,116,0.0,0.001,0.147
14,117,0.0,0.0,0.15
14,118,0.0,0.001,0.137
14,119,0.0,0.001,0.137
14,12,0.005,0.011,0.091
14,120,0.0,0.001,0.144
14,121,0.0,0.001,0.14
14,122,0.0,0.001,0.15
14,123,0.0,0.0,0.153
14,124,0.0,0.001,0.141
14,125,0.0,0.001,0.146
14,126,0.0,0.001,0.141
14,127,0.0,0.001,0.144
14,128,0.0,0.001,0.148
14,129,0.0,0.001,0.148
14,13,0.004,0.009,0.093
14,130,0.0,0.001,0.152
14,131,0.0,0.001,0.152
14,132,0.0,0.0,0.16
14,133,0.0,0.0,0.163
14,134,0.0,0.0,0.162
14,135,0.0,0.0,0.165
14,136,0.0,0.0,0.167
14,137,0.0,0.0,0.155
14,138,0.0,0.0,0.159
14,139,0.0,0.0,0.162
14,14,0.012,0.024,0.081
14,140,0.0,0.001,0.148
14,141,0.0,0.001,0.148
14,142,0.0,0.0,0.156
14,143,0.0,0.0,0.162
14,144,0.0,0.0,0.167
14,145,0.0,0.0,0.161
14,146,0.0,0.0,0.169
14,147,0.0,0.0,0.163
14,148,0.0,0.0,0.156
14,149,0.0,0.0,0.158
14,15,0.003,0.008,0.095
14,150,0.0,0.0,0.158
14,151,0.0,0.0,0.171
14,152,0.0,0.0,0.172
14,153,0.0,0.0,0.17
14,154,0.0,0.0,0.173
14,155,0.0,0.0,0.184
14,156,0.0,0.0,0.172
14,157,0.0,0.0,0.167
14,158,0.0,0.0,0.176
14,159,0.0,0.0,0.184
14,16,0.004,0.009,0.093
14,160,0.0,0.0,0.179
14,161,0.0,0.0,0.178
14,162,0.0,0.0,0.169
14,163,0.0,0.0,0.182
14,164,0.0,0.0,0.172
14,165,0.0,0.0,0.175
14,166,0.0,0.0,0.173
14,167,0.0,0.0,0.167
14,168,0.0,0.0,0.167
14,169,0.0,0.0,0.168
14,17,0.001,0.002,0.108
14,170,0.0,0.0,0.174
14,171,0.0,0.0,0.173
14,172,0.0,0.0,0.172
14,173,0.0,0.0,0.183
14,174,0.0,0.0,0.179
14,175,0.0,0.0,0.178
14,176,0.0,0.0,0.171
14,177,0.0,0.0,0.185
14,178,0.0,0.0,0.171
14,179,0.0,0.0,0.179
14,18,0.001,0.003,0.104
14,180,0.0,0.0,0.176
14,181,0.0,0.0,0.173
14,182,0.0,0.0,0.166
14,183,0.0,0.001,0.157
14,184,0.0,0.0,0.169
14,185,0.0,0.0,0.166
14,186,0.0,0.0,0.166
14,187,0.0,0.001,0.156
14,188,0.0,0.001,0.157
14,189,0.0,0.001,0.154
14,19,0.005,0.012,0.089
14,190,0.0,0.0,0.166
14,191,0.0,0.001,0.164
14,192,0.0,0.0,0.167
14,193,0.0,0.0,0.176
14,194,0.0,0.001,0.162
14,195,0.0,0.0,0.175
14,196,0.0,0.0,0.177
14,197,0.0,0.001,0.164
14,198,0.001,0.002,0.154
14,199,0.0,0.001,0.165
14,20,0.001,0.004,0.102
14,200,0.0,0.001,0.159
14,201,0.0,0.001,0.164
14,202,0.0,0.001,0.165
14,203,0.0,0.002,0.161
14,204,0.001,0.002,0.161
14,205,0.0,0.001,0.167
14,206,0.001,0.002,0.163
14,207,0.001,0.002,0.159
14,208,0.001,0.002,0.167
14,209,0.002,0.004,0.152
14,21,0.0,0.001,0.12
14,210,0.001,0.002,0.167
14,211,0.0,0.001,0.181
14,212,0.001,0.003,0.16
14,213,0.001,0.003,0.164
14,214,0.001,0.002,0.169
14,215,0.001,0.002,0.176
14,216,0.0,0.001,0.181
14,217,0.0,0.001,0.185
14,218,0.001,0.002,0.179
14,219,0.0,0.001,0.189
14,22,0.001,0.002,0.106
14,220,0.0,0.001,0.189
14,221,0.0,0.001,0.192
14,222,0.0,0.001,0.205
14,223,0.0,0.0,0.216
14,224,0.0,0.0,0.222
14,225,0.0,0.0,0.223
14,226,0.0,0.0,0.223
14,227,0.0,0.0,0.224
14,228,0.0,0.0,0.228
14,229,0.0,0.0,0.223
14,23,0.0,0.001,0.118
14,230,0.0,0.0,0.238
14,231,0.0,0.0,0.223
14,232,0.0,0.0,0.237
14,233,0.0,0.0,0.233
14,234,0.0,0.0,0.228
14,235,0.0,0.0,0.228
14,236,0.0,0.0,0.235
14,237,0.0,0.001,0.222
14,238,0.0,0.0,0.235
14,239,0.0,0.0,0.232
14,24,0.002,0.004,0.1
14,240,0.0,0.001,0.228
14,241,0.0,0.0,0.233
14,242,0.0,0.0,0.245
14,243,0.0,0.0,0.255
14,244,0.0,0.0,0.239
14,245,0.0,0.0,0.246
14,246,0.0,0.0,0.269
14,247,0.0,0.0,0.253
14,248,0.0,0.0,0.259
14,249,0.0,0.0,0.271
14,25,0.0,0.001,0.118
14,250,0.0,0.0,0.266
14,251,0.0,0.0,0.266
14,26,0.001,0.003,0.103
14,27,0.003,0.007,0.095
14,28,0.002,0.005,0.098
14,29,0.006,0.013,0.087
14,30,0.003,0.007,0.096
14,31,0.001,0.004,0.102
14,32,0.002,0.005,0.098
14,33,0.009,0.019,0.083
14,34,0.002,0.005,0.099
14,35,0.006,0.012,0.088
14,36,0.001,0.002,0.106
14,37,0.004,0.009,0.092
14,38,0.003,0.007,0.095
14,39,0.003,0.006,0.096
14,40,0.001,0.003,0.106
14,41,0.002,0.006,0.098
14,42,0.001,0.004,0.103
14,43,0.001,0.003,0.104
14,44,0.003,0.006,0.097
14,45,0.002,0.005,0.101
14,46,0.0,0.001,0.116
14,47,0.001,0.003,0.105
14,48,0.003,0.007,0.098
14,49,0.002,0.005,0.101
14,50,0.001,0.002,0.113
14,51,0.001,0.003,0.106
14,52,0.001,0.003,0.105
14,53,0.001,0.002,0.11
14,54,0.001,0.004,0.104
14,55,0.001,0.003,0.109
14,56,0.001,0.003,0.109
14,57,0.001,0.002,0.115
14,58,0.001,0.002,0.114
14,59,0.0,0.001,0.124
14,6,0.052,0.085,0.066
14,60,0.0,0.001,0.121
14,61,0.0,0.001,0.121
14,62,0.0,0.001,0.12
14,63,0.0,0.0,0.135
14,64,0.001,0.002,0.116
14,65,0.001,0.002,0.118
14,66,0.001,0.003,0.113
14,67,0.0,0.001,0.121
14,68,0.0,0.001,0.128
14,69,0.001,0.003,0.113
14,7,0.011,0.022,0.086
14,70,0.001,0.004,0.11
14,71,0.0,0.001,0.127
14,72,0.001,0.003,0.114
14,73,0.002,0.004,0.109
14,74,0.0,0.001,0.123
14,75,0.001,0.002,0.119
14,76,0.002,0.005,0.109
14,77,0.001,0.003,0.116
14,78,0.001,0.002,0.12
14,79,0.0,0.002,0.123
14,8,0.018,0.034,0.079
14,80,0.002,0.005,0.111
14,81,0.0,0.001,0.129
14,82,0.001,0.003,0.117
14,83,0.001,0.003,0.116
14,84,0.001,0.003,0.116
14,85,0.0,0.001,0.129
14,86,0.0,0.0,0.141
14,87,0.001,0.002,0.125
14,88,0.001,0.003,0.119
14,89,0.001,0.002,0.125
14,9,0.023,0.042,0.076
14,90,0.0,0.001,0.131
14,91,0.0,0.001,0.133
14,92,0.0,0.001,0.13
14,93,0.0,0.001,0.134
14,94,0.001,0.003,0.123
14,95,0.001,0.003,0.123
14,96,0.0,0.001,0.132
14,97,0.0,0.001,0.137
14,98,0.0,0.001,0.137
14,99,0.001,0.002,0.13
15,10,0.0,0.0,0.129
15,100,0.002,0.004,0.119
15,101,0.002,0.006,0.116
15,102,0.001,0.002,0.127
15,103,0.001,0.003,0.126
15,104,0.001,0.002,0.129
15,105,0.0,0.001,0.142
15,106,0.0,0.001,0.142
15,107,0.0,0.001,0.14
15,108,0.0,0.001,0.138
15,109,0.0,0.001,0.14
15,11,0.0,0.001,0.121
15,110,0.0,0.001,0.14
15,111,0.0,0.0,0.15
15,112,0.0,0.0,0.159
15,113,0.0,0.0,0.151
15,114,0.0,0.001,0.148
15,115,0.0,0.001,0.145
15,116,0.0,0.0,0.15
15,117,0.0,0.001,0.148
15,118,0.0,0.001,0.142
15,119,0.001,0.002,0.133
15,12,0.0,0.001,0.12
15,120,0.001,0.002,0.133
15,121,0.001,0.002,0.136
15,122,0.0,0.001,0.143
15,123,0.0,0.001,0.139
15,124,0.001,0.002,0.135
15,125,0.0,0.001,0.149
15,126,0.0,0.001,0.153
15,127,0.0,0.0,0.159
15,128,0.0,0.001,0.148
15,129,0.0,0.0,0.154
15,13,0.0,0.001,0.122
15,130,0.0,0.0,0.158
15,131,0.0,0.001,0.15
15,132,0.0,0.0,0.158
15,133,0.0,0.0,0.159
15,134,0.0,0.001,0.153
15,135,0.0,0.001,0.153
15,136,0.0,0.0,0.155
15,137,0.0,0.0,0.16
15,138,0.0,0.0,0.169
15,139,0.0,0.0,0.163
15,14,0.0,0.001,0.114
15,140,0.0,0.0,0.17
15,141,0.0,0.0,0.175
15,142,0.0,0.0,0.175
15,143,0.0,0.0,0.169
15,144,0.0,0.0,0.173
15,145,0.0,0.0,0.17
15,146,0.0,0.0,0.168
15,147,0.0,0.0,0.163
15,148,0.0,0.0,0.171
15,149,0.0,0.0,0.189
15,15,0.0,0.001,0.122
15,150,0.0,0.0,0.181
15,151,0.0,0.0,0.174
15,152,0.0,0.0,0.173
15,153,0.0,0.0,0.176
15,154,0.0,0.0,0.173
15,155,0.0,0.0,0.168
15,156,0.0,0.0,0.16
15,157,0.0,0.0,0.161
15,158,0.0,0.0,0.165
15,159,0.0,0.0,0.169
15,16,0.0,0.0,0.131
15,160,0.0,0.0,0.157
15,161,0.0,0.0,0.17
15,162,0.0,0.0,0.173
15,163,0.0,0.0,0.16
15,164,0.0,0.0,0.168
15,165,0.0,0.0,0.168
15,166,0.0,0.0,0.175
15,167,0.0,0.0,0.17
15,168,0.0,0.0,0.163
15,169,0.0,0.0,0.158
15,17,0.0,0.002,0.113
15,170,0.0,0.0,0.166
15,171,0.0,0.001,0.147
15,172,0.0,0.001,0.157
15,173,0.0,0.0,0.158
15,174,0.0,0.0,0.176
15,175,0.0,0.0,0.167
15,176,0.0,0.0,0.169
15,177,0.0,0.0,0.161
15,178,0.0,0.0,0.173
15,179,0.0,0.001,0.157
15,18,0.0,0.001,0.121
15,180,0.0,0.001,0.155
15,181,0.0,0.0,0.161
15,182,0.0,0.0,0.172
15,183,0.0,0.0,0.164
15,184,0.0,0.0,0.168
15,185,0.0,0.0,0.17
15,186,0.0,0.0,0.172
15,187,0.0,0.0,0.171
15,188,0.0,0.0,0.176
15,189,0.0,0.0,0.184
15,19,0.0,0.001,0.119
15,190,0.0,0.0,0.178
15,191,0.0,0.001,0.164
15,192,0.0,0.001,0.16
15,193,0.0,0.0,0.187
15,194,0.0,0.0,0.18
15,195,0.0,0.0,0.168
15,196,0.0,0.0,0.18
15,197,0.0,0.001,0.168
15,198,0.0,0.0,0.177
15,199,0.0,0.0,0.188
15,20,0.0,0.0,0.126
15,200,0.0,0.0,0.173
15,201,0.0,0.0,0.179
15,202,0.0,0.0,0.184
15,203,0.0,0.001,0.17
15,204,0.0,0.001,0.172
15,205,0.0,0.001,0.175
15,206,0.0,0.001,0.169
15,207,0.0,0.001,0.171
15,208,0.0,0.001,0.172
15,209,0.0,0.001,0.173
15,21,0.0,0.001,0.119
15,210,0.0,0.001,0.172
15,211,0.0,0.001,0.18
15,212,0.0,0.001,0.18
15,213,0.0,0.001,0.177
15,214,0.0,0.001,0.181
15,215,0.0,0.001,0.179
15,216,0.001,0.002,0.174
15,217,0.0,0.001,0.186
15,218,0.0,0.001,0.193
15,219,0.001,0.002,0.177
15,22,0.0,0.001,0.114
15,220,0.0,0.001,0.19
15,221,0.0,0.001,0.189
15,222,0.001,0.002,0.182
15,223,0.001,0.002,0.182
15,224,0.001,0.002,0.18
15,225,0.0,0.001,0.2
15,226,0.0,0.001,0.2
15,227,0.0,0.001,0.197
15,228,0.001,0.002,0.188
15,229,0.001,0.002,0.194
15,23,0.0,0.002,0.112
15,230,0.0,0.001,0.206
15,231,0.0,0.001,0.204
15,232,0.0,0.001,0.208
15,233,0.0,0.001,0.214
15,234,0.0,0.001,0.211
15,235,0.0,0.0,0.227
15,236,0.0,0.0,0.227
15,237,0.0,0.0,0.228
15,238,0.0,0.0,0.24
15,239,0.0,0.0,0.247
15,24,0.0,0.001,0.113
15,240,0.0,0.0,0.247
15,241,0.0,0.0,0.258
15,242,0.0,0.0,0.254
15,243,0.0,0.0,0.261
15,244,0.0,0.0,0.257
15,245,0.0,0.0,0.263
15,246,0.0,0.0,0.258
15,247,0.0,0.0,0.267
15,248,0.0,0.0,0.266
15,249,0.0,0.0,0.258
15,25,0.0,0.001,0.117
15,250,0.0,0.001,0.243
15,251,0.0,0.0,0.26
15,26,0.001,0.004,0.103
15,27,0.001,0.002,0.109
15,28,0.002,0.004,0.1
15,29,0.0,0.001,0.114
15,30,0.0,0.001,0.114
15,31,0.002,0.005,0.098
15,32,0.002,0.006,0.097
15,33,0.002,0.004,0.101
15,34,0.003,0.007,0.096
15,35,0.002,0.005,0.1
15,36,0.001,0.004,0.102
15,37,0.004,0.009,0.092
15,38,0.002,0.006,0.099
15,39,0.004,0.009,0.092
15,40,0.001,0.004,0.103
15,41,0.007,0.015,0.087
15,42,0.007,0.014,0.087
15,43,0.004,0.009,0.093
15,44,0.002,0.005,0.1
15,45,0.004,0.01,0.092
15,46,0.003,0.008,0.096
15,47,0.005,0.012,0.091
15,48,0.004,0.009,0.095
15,49,0.006,0.014,0.089
15,50,0.004,0.009,0.095
15,51,0.003,0.007,0.097
15,52,0.004,0.009,0.095
15,53,0.01,0.021,0.085
15,54,0.002,0.005,0.102
15,55,0.001,0.003,0.109
15,56,0.005,0.011,0.094
15,57,0.003,0.008,0.098
15,58,0.002,0.004,0.106
15,59,0.001,0.003,0.111
15,6,0.003,0.007,0.102
15,60,0.001,0.004,0.108
15,61,0.001,0.002,0.114
15,62,0.001,0.004,0.107
15,63,0.0,0.001,0.124
15,64,0.001,0.002,0.113
15,65,0.001,0.002,0.116
15,66,0.001,0.002,0.116
15,67,0.001,0.002,0.116
15,68,0.001,0.002,0.115
15,69,0.002,0.004,0.108
15,7,0.0,0.001,0.124
15,70,0.002,0.004,0.109
15,71,0.001,0.003,0.113
15,72,0.001,0.002,0.121
15,73,0.0,0.002,0.121
15,74,0.001,0.004,0.112
15,75,0.002,0.004,0.11
15,76,0.004,0.009,0.101
15,77,0.005,0.01,0.1
15,78,0.001,0.004,0.114
15,79,0.0,0.001,0.124
15,8,0.0,0.001,0.121
15,80,0.002,0.006,0.109
15,81,0.001,0.002,0.121
15,82,0.001,0.003,0.116
15,83,0.001,0.004,0.115
15,84,0.003,0.007,0.108
15,85,0.001,0.003,0.12
15,86,0.001,0.002,0.122
15,87,0.0,0.002,0.126
15,88,0.001,0.002,0.123
15,89,0.002,0.004,0.115
15,9,0.001,0.002,0.115
15,90,0.001,0.003,0.119
15,91,0.001,0.003,0.119
15,92,0.001,0.003,0.121
15,93,0.002,0.006,0.113
15,94,0.001,0.003,0.12
15,95,0.001,0.004,0.119
15,96,0.002,0.004,0.118
15,97,0.002,0.006,0.113
15,98,0.001,0.002,0.126
15,99,0.001,0.003,0.122
16,10,0.003,0.008,0.097
16,100,0.002,0.005,0.118
16,101,0.003,0.008,0.113
16,102,0.002,0.004,0.122
16,103,0.001,0.003,0.128
16,104,0.0,0.001,0.137
16,105,0.0,0.001,0.136
16,106,0.001,0.003,0.126
16,107,0.0,0.001,0.139
16,108,0.0,0.001,0.136
16,109,0.001,0.002,0.135
16,11,0.002,0.005,0.102
16,110,0.001,0.002,0.135
16,111,0.001,0.002,0.136
16,112,0.001,0.003,0.129
16,113,0.0,0.001,0.138
16,114,0.001,0.002,0.133
16,115,0.001,0.002,0.134
16,116,0.001,0.002,0.132
16,117,0.0,0.001,0.145
16,118,0.001,0.002,0.138
16,119,0.001,0.003,0.13
16,12,0.002,0.005,0.101
16,120,0.001,0.002,0.134
16,121,0.0,0.001,0.145
16,122,0.001,0.002,0.135
16,123,0.002,0.006,0.122
16,124,0.001,0.002,0.136
16,125,0.001,0.003,0.131
16,126,0.0,0.001,0.15
16,127,0.0,0.0,0.157
16,128,0.0,0.0,0.161
16,129,0.0,0.001,0.15
16,13,0.001,0.003,0.105
16,130,0.0,0.0,0.16
16,131,0.0,0.0,0.158
16,132,0.0,0.0,0.159
16,133,0.0,0.001,0.15
16,134,0.0,0.001,0.149
16,135,0.0,0.001,0.155
16,136,0.0,0.001,0.152
16,137,0.0,0.0,0.16
16,138,0.0,0.001,0.156
16,139,0.0,0.0,0.156
16,14,0.006,0.013,0.089
16,140,0.0,0.001,0.148
16,141,0.0,0.001,0.151
16,142,0.0,0.0,0.157
16,143,0.0,0.001,0.147
16,144,0.0,0.0,0.158
16,145,0.0,0.001,0.156
16,146,0.0,0.001,0.148
16,147,0.0,0.001,0.152
16,148,0.0,0.0,0.171
16,149,0.0,0.0,0.157
16,15,0.003,0.008,0.094
16,150,0.0,0.0,0.163
16,151,0.0,0.0,0.162
16,152,0.0,0.0,0.164
16,153,0.0,0.0,0.161
16,154,0.0,0.0,0.169
16,155,0.0,0.0,0.167
16,156,0.0,0.001,0.151
16,157,0.0,0.001,0.151
16,158,0.0,0.001,0.153
16,159,0.0,0.0,0.16
16,16,0.001,0.003,0.106
16,160,0.0,0.0,0.175
16,161,0.0,0.0,0.168
16,162,0.0,0.0,0.158
16,163,0.0,0.0,0.161
16,164,0.0,0.0,0.16
16,165,0.0,0.0,0.163
16,166,0.0,0.001,0.157
16,167,0.0,0.0,0.162
16,168,0.0,0.0,0.168
16,169,0.0,0.0,0.165
16,17,0.001,0.002,0.107
16,170,0.0,0.0,0.16
16,171,0.0,0.0,0.159
16,172,0.0,0.0,0.159
16,173,0.0,0.001,0.158
16,174,0.0,0.0,0.162
16,175,0.0,0.001,0.147
16,176,0.0,0.001,0.154
16,177,0.0,0.0,0.161
16,178,0.0,0.001,0.157
16,179,0.0,0.001,0.153
16,18,0.003,0.007,0.096
16,180,0.0,0.0,0.163
16,181,0.0,0.001,0.151
16,182,0.0,0.0,0.17
16,183,0.0,0.0,0.167
16,184,0.0,0.001,0.16
16,185,0.0,0.0,0.171
16,186,0.0,0.0,0.172
16,187,0.0,0.0,0.164
16,188,0.0,0.0,0.166
16,189,0.0,0.0,0.176
16,19,0.001,0.002,0.11
16,190,0.0,0.0,0.175
16,191,0.0,0.0,0.18
16,192,0.0,0.0,0.185
16,193,0.0,0.0,0.18
16,194,0.0,0.0,0.178
16,195,0.0,0.0,0.178
16,196,0.0,0.001,0.163
16,197,0.0,0.0,0.188
16,198,0.0,0.0,0.187
16,199,0.0,0.001,0.166
16,20,0.003,0.006,0.096
16,200,0.0,0.0,0.194
16,201,0.0,0.0,0.185
16,202,0.0,0.0,0.179
16,203,0.0,0.0,0.179
16,204,0.0,0.0,0.18
16,205,0.0,0.001,0.175
16,206,0.0,0.001,0.167
16,207,0.0,0.001,0.164
16,208,0.001,0.002,0.158
16,209,0.0,0.001,0.166
16,21,0.0,0.001,0.117
16,210,0.001,0.002,0.16
16,211,0.001,0.002,0.167
16,212,0.001,0.002,0.167
16,213,0.0,0.001,0.176
16,214,0.0,0.001,0.177
16,215,0.001,0.002,0.17
16,216,0.0,0.001,0.179
16,217,0.0,0.001,0.189
16,218,0.0,0.001,0.191
16,219,0.0,0.001,0.187
16,22,0.001,0.004,0.102
16,220,0.0,0.001,0.192
16,221,0.0,0.001,0.196
16,222,0.0,0.001,0.198
16,223,0.0,0.001,0.202
16,224,0.0,0.0,0.206
16,225,0.0,0.0,0.209
16,226,0.0,0.0,0.219
16,227,0.0,0.001,0.2
16,228,0.0,0.001,0.205
16,229,0.0,0.001,0.201
16,23,0.002,0.005,0.1
16,230,0.0,0.001,0.21
16,231,0.001,0.002,0.197
16,232,0.0,0.001,0.207
16,233,0.0,0.002,0.2
16,234,0.001,0.002,0.201
16,235,0.0,0.001,0.21
16,236,0.0,0.001,0.222
16,237,0.0,0.002,0.206
16,238,0.0,0.001,0.219
16,239,0.0,0.001,0.229
16,24,0.002,0.005,0.098
16,240,0.0,0.0,0.241
16,241,0.0,0.0,0.24
16,242,0.0,0.0,0.253
16,243,0.0,0.0,0.253
16,244,0.0,0.0,0.258
16,245,0.0,0.0,0.249
16,246,0.0,0.0,0.263
16,247,0.0,0.0,0.264
16,248,0.0,0.0,0.261
16,249,0.0,0.001,0.245
16,25,0.007,0.014,0.087
16,250,0.0,0.0,0.258
16,251,0.0,0.0,0.255
16,26,0.002,0.005,0.099
16,27,0.005,0.011,0.09
16,28,0.002,0.004,0.101
16,29,0.007,0.016,0.085
16,30,0.003,0.008,0.093
16,31,0.004,0.01,0.091
16,32,0.002,0.004,0.1
16,33,0.004,0.009,0.093
16,34,0.004,0.01,0.091
16,35,0.005,0.011,0.09
16,36,0.002,0.006,0.097
16,37,0.002,0.005,0.1
16,38,0.011,0.022,0.082
16,39,0.008,0.016,0.086
16,40,0.01,0.021,0.083
16,41,0.007,0.016,0.086
16,42,0.009,0.018,0.085
16,43,0.063,0.101,0.06
16,44,0.003,0.007,0.097
16,45,0.012,0.024,0.081
16,46,0.019,0.036,0.076
16,47,0.008,0.016,0.087
16,48,0.044,0.073,0.065
16,49,0.005,0.011,0.092
16,50,0.003,0.008,0.096
16,51,0.013,0.026,0.081
16,52,0.008,0.017,0.087
16,53,0.004,0.01,0.094
16,54,0.002,0.005,0.102
16,55,0.005,0.012,0.092
16,56,0.001,0.003,0.109
16,57,0.004,0.01,0.095
16,58,0.009,0.019,0.087
16,59,0.002,0.005,0.103
16,6,0.003,0.008,0.101
16,60,0.001,0.002,0.113
16,61,0.001,0.002,0.115
16,62,0.002,0.006,0.102
16,63,0.006,0.013,0.094
16,64,0.001,0.003,0.111
16,65,0.001,0.003,0.111
16,66,0.003,0.008,0.1
16,67,0.002,0.006,0.104
16,68,0.003,0.006,0.104
16,69,0.004,0.009,0.1
16,7,0.004,0.009,0.099
16,70,0.001,0.004,0.11
16,71,0.002,0.005,0.108
16,72,0.002,0.005,0.109
16,73,0.001,0.002,0.117
16,74,0.002,0.006,0.106
16,75,0.001,0.002,0.121
16,76,0.001,0.002,0.12
16,77,0.003,0.007,0.105
16,78,0.004,0.01,0.101
16,79,0.002,0.006,0.109
16,8,0.003,0.008,0.099
16,80,0.001,0.004,0.113
16,81,0.001,0.003,0.118
16,82,0.007,0.016,0.096
16,83,0.008,0.017,0.096
16,84,0.003,0.006,0.109
16,85,0.002,0.004,0.115
16,86,0.006,0.014,0.099
16,87,0.005,0.011,0.103
16,88,0.003,0.007,0.108
16,89,0.002,0.005,0.115
16,9,0.001,0.003,0.108
16,90,0.002,0.006,0.111
16,91,0.002,0.006,0.114
16,92,0.007,0.015,0.101
16,93,0.002,0.006,0.114
16,94,0.003,0.008,0.111
16,95,0.001,0.003,0.123
16,96,0.002,0.004,0.119
16,97,0.001,0.003,0.123
16,98,0.001,0.002,0.127
16,99,0.001,0.003,0.124
17,10,0.0,0.0,0.133
17,100,0.001,0.002,0.129
17,101,0.001,0.003,0.125
17,102,0.001,0.002,0.131
17,103,0.001,0.003,0.126
17,104,0.001,0.004,0.124
17,105,0.002,0.005,0.121
17,106,0.001,0.003,0.125
17,107,0.0,0.001,0.142
17,108,0.001,0.003,0.128
17,109,0.0,0.001,0.146
17,11,0.0,0.0,0.127
17,110,0.0,0.001,0.146
17,111,0.0,0.001,0.143
17,112,0.0,0.0,0.153
17,113,0.0,0.001,0.146
17,114,0.0,0.001,0.14
17,115,0.0,0.001,0.14
17,116,0.0,0.001,0.142
17,117,0.0,0.001,0.148
17,118,0.001,0.002,0.138
17,119,0.001,0.003,0.133
17,12,0.0,0.0,0.126
17,120,0.0,0.001,0.141
17,121,0.0,0.001,0.148
17,122,0.0,0.001,0.154
17,123,0.0,0.001,0.152
17,124,0.0,0.001,0.144
17,125,0.0,0.0,0.164
17,126,0.0,0.0,0.162
17,127,0.0,0.001,0.145
17,128,0.0,0.001,0.151
17,129,0.0,0.001,0.153
17,13,0.0,0.001,0.121
17,130,0.0,0.001,0.151
17,131,0.0,0.001,0.147
17,132,0.0,0.001,0.151
17,133,0.0,0.001,0.149
17,134,0.0,0.001,0.154
17,135,0.0,0.001,0.148
17,136,0.0,0.001,0.149
17,137,0.0,0.001,0.15
17,138,0.0,0.001,0.155
17,139,0.0,0.0,0.169
17,14,0.001,0.002,0.107
17,140,0.0,0.0,0.167
17,141,0.0,0.0,0.167
17,142,0.0,0.0,0.173
17,143,0.0,0.0,0.175
17,144,0.0,0.0,0.183
17,145,0.0,0.0,0.173
17,146,0.0,0.0,0.172
17,147,0.0,0.0,0.169
17,148,0.0,0.0,0.172
17,149,0.0,0.0,0.177
17,15,0.001,0.003,0.107
17,150,0.0,0.0,0.178
17,151,0.0,0.0,0.17
17,152,0.0,0.0,0.168
17,153,0.0,0.0,0.172
17,154,0.0,0.0,0.171
17,155,0.0,0.0,0.169
17,156,0.0,0.0,0.172
17,157,0.0,0.0,0.177
17,158,0.0,0.0,0.176
17,159,0.0,0.0,0.164
17,16,0.001,0.003,0.104
17,160,0.0,0.0,0.172
17,161,0.0,0.0,0.17
17,162,0.0,0.0,0.171
17,163,0.0,0.0,0.174
17,164,0.0,0.0,0.17
17,165,0.0,0.0,0.174
17,166,0.0,0.0,0.163
17,167,0.0,0.0,0.164
17,168,0.0,0.001,0.154
17,169,0.0,0.0,0.163
17,17,0.002,0.006,0.097
17,170,0.0,0.0,0.165
17,171,0.0,0.0,0.16
17,172,0.0,0.001,0.154
17,173,0.0,0.0,0.162
17,174,0.0,0.0,0.161
17,175,0.0,0.0,0.168
17,176,0.0,0.0,0.169
17,177,0.0,0.0,0.163
17,178,0.0,0.0,0.165
17,179,0.0,0.0,0.17
17,18,0.0,0.001,0.115
17,180,0.0,0.0,0.169
17,181,0.0,0.0,0.166
17,182,0.0,0.0,0.176
17,183,0.0,0.0,0.172
17,184,0.0,0.0,0.165
17,185,0.0,0.0,0.179
17,186,0.0,0.0,0.179
17,187,0.0,0.001,0.157
17,188,0.0,0.0,0.163
17,189,0.0,0.001,0.161
17,19,0.0,0.001,0.111
17,190,0.0,0.001,0.161
17,191,0.0,0.0,0.172
17,192,0.0,0.0,0.172
17,193,0.0,0.0,0.183
17,194,0.0,0.0,0.165
17,195,0.0,0.001,0.162
17,196,0.0,0.0,0.171
17,197,0.0,0.0,0.172
17,198,0.0,0.0,0.181
17,199,0.0,0.0,0.189
17,20,0.002,0.005,0.1
17,200,0.0,0.0,0.178
17,201,0.0,0.0,0.186
17,202,0.0,0.0,0.191
17,203,0.0,0.0,0.2
17,204,0.0,0.0,0.182
17,205,0.0,0.0,0.179
17,206,0.0,0.0,0.185
17,207,0.0,0.0,0.193
17,208,0.0,0.0,0.178
17,209,0.0,0.0,0.181
17,21,0.001,0.004,0.101
17,210,0.0,0.0,0.185
17,211,0.0,0.001,0.18
17,212,0.0,0.0,0.19
17,213,0.0,0.0,0.186
17,214,0.0,0.001,0.184
17,215,0.0,0.0,0.198
17,216,0.0,0.0,0.193
17,217,0.0,0.001,0.182
17,218,0.0,0.001,0.19
17,219,0.0,0.001,0.182
17,22,0.001,0.002,0.107
17,220,0.0,0.0,0.198
17,221,0.0,0.001,0.189
17,222,0.0,0.001,0.194
17,223,0.0,0.001,0.19
17,224,0.001,0.002,0.183
17,225,0.0,0.001,0.194
17,226,0.0,0.001,0.203
17,227,0.0,0.001,0.206
17,228,0.0,0.001,0.201
17,229,0.0,0.001,0.194
17,23,0.001,0.002,0.109
17,230,0.0,0.001,0.201
17,231,0.0,0.001,0.207
17,232,0.0,0.001,0.202
17,233,0.0,0.001,0.218
17,234,0.0,0.0,0.234
17,235,0.0,0.001,0.219
17,236,0.0,0.001,0.221
17,237,0.0,0.001,0.224
17,238,0.0,0.0,0.248
17,239,0.0,0.0,0.242
17,24,0.001,0.004,0.102
17,240,0.0,0.001,0.223
17,241,0.0,0.0,0.243
17,242,0.0,0.0,0.251
17,243,0.0,0.0,0.238
17,244,0.0,0.0,0.24
17,245,0.0,0.0,0.242
17,246,0.0,0.001,0.235
17,247,0.0,0.001,0.244
17,248,0.0,0.001,0.243
17,249,0.0,0.001,0.244
17,25,0.001,0.003,0.104
17,250,0.0,0.0,0.251
17,251,0.0,0.0,0.255
17,26,0.0,0.001,0.112
17,27,0.001,0.004,0.102
17,28,0.002,0.006,0.096
17,29,0.002,0.006,0.097
17,30,0.002,0.006,0.097
17,31,0.003,0.007,0.095
17,32,0.003,0.008,0.093
17,33,0.005,0.012,0.089
17,34,0.003,0.007,0.094
17,35,0.003,0.007,0.095
17,36,0.002,0.004,0.101
17,37,0.001,0.002,0.109
17,38,0.002,0.005,0.1
17,39,0.006,0.014,0.088
17,40,0.001,0.002,0.108
17,41,0.0,0.001,0.117
17,42,0.0,0.001,0.114
17,43,0.001,0.002,0.11
17,44,0.001,0.002,0.109
17,45,0.0,0.001,0.116
17,46,0.001,0.002,0.111
17,47,0.002,0.004,0.103
17,48,0.001,0.002,0.113
17,49,0.001,0.002,0.109
17,50,0.001,0.003,0.106
17,51,0.0,0.001,0.123
17,52,0.0,0.001,0.119
17,53,0.003,0.007,0.098
17,54,0.004,0.01,0.095
17,55,0.0,0.0,0.128
17,56,0.002,0.006,0.102
17,57,0.001,0.003,0.109
17,58,0.002,0.004,0.106
17,59,0.001,0.002,0.113
17,6,0.0,0.0,0.138
17,60,0.003,0.007,0.1
17,61,0.001,0.002,0.116
17,62,0.0,0.001,0.12
17,63,0.001,0.002,0.117
17,64,0.0,0.001,0.126
17,65,0.001,0.002,0.119
17,66,0.0,0.001,0.122
17,67,0.0,0.002,0.119
17,68,0.0,0.001,0.127
17,69,0.0,0.001,0.128
17,7,0.0,0.0,0.142
17,70,0.0,0.0,0.134
17,71,0.0,0.001,0.122
17,72,0.001,0.002,0.121
17,73,0.0,0.001,0.123
17,74,0.0,0.001,0.129
17,75,0.0,0.0,0.143
17,76,0.0,0.0,0.139
17,77,0.001,0.002,0.124
17,78,0.0,0.001,0.132
17,79,0.001,0.002,0.124
17,8,0.0,0.0,0.136
17,80,0.001,0.002,0.121
17,81,0.001,0.002,0.121
17,82,0.002,0.004,0.113
17,83,0.0,0.001,0.13
17,84,0.001,0.003,0.12
17,85,0.002,0.005,0.113
17,86,0.002,0.006,0.112
17,87,0.004,0.01,0.105
17,88,0.002,0.005,0.114
17,89,0.001,0.003,0.123
17,9,0.0,0.001,0.117
17,90,0.0,0.001,0.129
17,91,0.001,0.004,0.118
17,92,0.001,0.002,0.127
17,93,0.0,0.001,0.132
17,94,0.001,0.002,0.125
17,95,0.002,0.006,0.115
17,96,0.001,0.003,0.122
17,97,0.002,0.004,0.119
17,98,0.001,0.002,0.13
17,99,0.001,0.002,0.127
18,10,0.011,0.022,0.084
18,100,0.003,0.007,0.116
18,101,0.002,0.005,0.119
18,102,0.003,0.008,0.115
18,103,0.004,0.008,0.113
18,104,0.002,0.006,0.119
18,105,0.001,0.003,0.127
18,106,0.001,0.003,0.127
18,107,0.001,0.002,0.134
18,108,0.001,0.002,0.136
18,109,0.001,0.003,0.129
18,11,0.017,0.033,0.079
18,110,0.001,0.003,0.129
18,111,0.0,0.001,0.141
18,112,0.001,0.002,0.135
18,113,0.002,0.004,0.126
18,114,0.002,0.005,0.123
18,115,0.002,0.006,0.122
18,116,0.002,0.006,0.121
18,117,0.004,0.01,0.115
18,118,0.002,0.005,0.124
18,119,0.001,0.003,0.132
18,12,0.011,0.023,0.083
18,120,0.001,0.003,0.132
18,121,0.001,0.002,0.135
18,122,0.001,0.002,0.137
18,123,0.0,0.001,0.143
18,124,0.0,0.0,0.159
18,125,0.0,0.0,0.158
18,126,0.0,0.0,0.16
18,127,0.0,0.001,0.151
18,128,0.0,0.001,0.148
18,129,0.0,0.001,0.148
18,13,0.006,0.013,0.09
18,130,0.0,0.001,0.148
18,131,0.0,0.001,0.147
18,132,0.0,0.001,0.156
18,133,0.0,0.001,0.147
18,134,0.0,0.001,0.156
18,135,0.0,0.001,0.145
18,136,0.001,0.002,0.142
18,137,0.001,0.003,0.133
18,138,0.0,0.001,0.145
18,139,0.001,0.003,0.136
18,14,0.003,0.007,0.097
18,140,0.0,0.001,0.146
18,141,0.001,0.003,0.138
18,142,0.0,0.001,0.153
18,143,0.0,0.0,0.159
18,144,0.0,0.001,0.156
18,145,0.0,0.0,0.161
18,146,0.0,0.001,0.152
18,147,0.0,0.001,0.151
18,148,0.0,0.001,0.158
18,149,0.0,0.001,0.159
18,15,0.011,0.023,0.081
18,150,0.0,0.0,0.164
18,151,0.0,0.001,0.158
18,152,0.0,0.001,0.155
18,153,0.0,0.002,0.145
18,154,0.0,0.001,0.154
18,155,0.001,0.002,0.14
18,156,0.001,0.003,0.137
18,157,0.001,0.003,0.138
18,158,0.001,0.002,0.144
18,159,0.001,0.002,0.143
18,16,0.004,0.009,0.092
18,160,0.0,0.001,0.149
18,161,0.0,0.001,0.154
18,162,0.0,0.001,0.151
18,163,0.0,0.001,0.145
18,164,0.001,0.002,0.142
18,165,0.0,0.001,0.148
18,166,0.0,0.001,0.146
18,167,0.0,0.001,0.147
18,168,0.0,0.001,0.148
18,169,0.0,0.002,0.144
18,17,0.006,0.013,0.089
18,170,0.001,0.002,0.139
18,171,0.001,0.002,0.141
18,172,0.0,0.001,0.157
18,173,0.0,0.001,0.159
18,174,0.0,0.001,0.157
18,175,0.0,0.001,0.159
18,176,0.0,0.001,0.156
18,177,0.0,0.001,0.148
18,178,0.001,0.002,0.142
18,179,0.0,0.001,0.148
18,18,0.002,0.005,0.099
18,180,0.0,0.001,0.156
18,181,0.0,0.001,0.157
18,182,0.0,0.001,0.159
18,183,0.0,0.0,0.165
18,184,0.0,0.001,0.158
18,185,0.0,0.001,0.158
18,186,0.0,0.001,0.157
18,187,0.0,0.001,0.158
18,188,0.0,0.001,0.154
18,189,0.0,0.001,0.16
18,19,0.011,0.023,0.081
18,190,0.0,0.001,0.149
18,191,0.0,0.001,0.157
18,192,0.0,0.0,0.167
18,193,0.0,0.001,0.162
18,194,0.001,0.002,0.148
18,195,0.0,0.001,0.157
18,196,0.0,0.001,0.163
18,197,0.0,0.0,0.167
18,198,0.0,0.001,0.165
18,199,0.0,0.001,0.166
18,20,0.008,0.017,0.085
18,200,0.0,0.001,0.164
18,201,0.0,0.0,0.184
18,202,0.0,0.0,0.175
18,203,0.0,0.0,0.179
18,204,0.0,0.0,0.194
18,205,0.0,0.0,0.188
18,206,0.0,0.0,0.196
18,207,0.0,0.0,0.184
18,208,0.0,0.0,0.193
18,209,0.0,0.0,0.2
18,21,0.001,0.004,0.102
18,210,0.0,0.0,0.201
18,211,0.0,0.0,0.189
18,212,0.0,0.0,0.186
18,213,0.0,0.0,0.192
18,214,0.0,0.0,0.187
18,215,0.0,0.001,0.183
18,216,0.0,0.001,0.173
18,217,0.0,0.001,0.183
18,218,0.0,0.0,0.193
18,219,0.0,0.0,0.207
18,22,0.001,0.003,0.103
18,220,0.0,0.0,0.199
18,221,0.0,0.001,0.187
18,222,0.0,0.001,0.192
18,223,0.0,0.0,0.207
18,224,0.0,0.001,0.195
18,225,0.0,0.0,0.204
18,226,0.0,0.0,0.209
18,227,0.0,0.001,0.203
18,228,0.0,0.001,0.205
18,229,0.0,0.001,0.201
18,23,0.004,0.009,0.092
18,230,0.0,0.0,0.219
18,231,0.0,0.0,0.221
18,232,0.0,0.001,0.198
18,233,0.0,0.001,0.207
18,234,0.0,0.001,0.215
18,235,0.0,0.001,0.214
18,236,0.0,0.001,0.221
18,237,0.0,0.001,0.21
18,238,0.0,0.001,0.221
18,239,0.0,0.001,0.221
18,24,0.009,0.019,0.083
18,240,0.0,0.001,0.229
18,241,0.0,0.001,0.222
18,242,0.0,0.001,0.222
18,243,0.001,0.003,0.206
18,244,0.001,0.003,0.206
18,245,0.0,0.001,0.222
18,246,0.001,0.003,0.212
18,247,0.001,0.004,0.205
18,248,0.001,0.002,0.222
18,249,0.001,0.002,0.222
18,25,0.004,0.009,0.092
18,250,0.001,0.002,0.227
18,251,0.0,0.001,0.242
18,26,0.002,0.006,0.097
18,27,0.007,0.015,0.086
18,28,0.008,0.017,0.084
18,29,0.003,0.008,0.093
18,30,0.001,0.003,0.103
18,31,0.009,0.02,0.083
18,32,0.002,0.004,0.1
18,33,0.005,0.011,0.09
18,34,0.001,0.004,0.102
18,35,0.003,0.008,0.094
18,36,0.003,0.006,0.097
18,37,0.002,0.005,0.1
18,38,0.001,0.002,0.108
18,39,0.001,0.003,0.104
18,40,0.002,0.005,0.099
18,41,0.003,0.007,0.097
18,42,0.0,0.001,0.118
18,43,0.002,0.005,0.101
18,44,0.002,0.005,0.102
18,45,0.002,0.005,0.101
18,46,0.001,0.003,0.108
18,47,0.002,0.005,0.1
18,48,0.001,0.003,0.109
18,49,0.001,0.002,0.11
18,50,0.002,0.006,0.1
18,51,0.001,0.003,0.109
18,52,0.002,0.005,0.103
18,53,0.001,0.003,0.107
18,54,0.001,0.002,0.114
18,55,0.001,0.002,0.114
18,56,0.006,0.014,0.092
18,57,0.001,0.002,0.116
18,58,0.002,0.004,0.106
18,59,0.001,0.002,0.116
18,6,0.003,0.008,0.099
18,60,0.003,0.008,0.099
18,61,0.003,0.007,0.101
18,62,0.002,0.005,0.105
18,63,0.001,0.003,0.112
18,64,0.004,0.009,0.098
18,65,0.002,0.004,0.109
18,66,0.003,0.006,0.104
18,67,0.005,0.012,0.096
18,68,0.004,0.009,0.1
18,69,0.001,0.003,0.113
18,7,0.01,0.021,0.087
18,70,0.001,0.002,0.117
18,71,0.002,0.005,0.108
18,72,0.002,0.005,0.108
18,73,0.003,0.007,0.105
18,74,0.001,0.004,0.113
18,75,0.002,0.005,0.109
18,76,0.001,0.002,0.12
18,77,0.0,0.001,0.129
18,78,0.002,0.005,0.111
18,79,0.001,0.003,0.118
18,8,0.009,0.019,0.088
18,80,0.001,0.003,0.118
18,81,0.001,0.003,0.118
18,82,0.001,0.003,0.12
18,83,0.001,0.004,0.116
18,84,0.001,0.004,0.117
18,85,0.001,0.004,0.117
18,86,0.003,0.008,0.108
18,87,0.001,0.004,0.118
18,88,0.001,0.002,0.128
18,89,0.003,0.007,0.111
18,9,0.002,0.005,0.104
18,90,0.004,0.01,0.106
18,91,0.003,0.007,0.111
18,92,0.002,0.004,0.118
18,93,0.004,0.01,0.108
18,94,0.002,0.006,0.115
18,95,0.004,0.009,0.109
18,96,0.002,0.004,0.121
18,97,0.006,0.014,0.104
18,98,0.003,0.008,0.112
18,99,0.004,0.009,0.111
19,10,0.001,0.003,0.107
19,100,0.002,0.005,0.12
19,101,0.002,0.006,0.118
19,102,0.001,0.003,0.129
19,103,0.002,0.005,0.123
19,104,0.001,0.002,0.134
19,105,0.002,0.004,0.124
19,106,0.002,0.004,0.125
19,107,0.002,0.004,0.125
19,108,0.002,0.004,0.125
19,109,0.001,0.002,0.136
19,11,0.0,0.001,0.121
19,110,0.0,0.002,0.139
19,111,0.0,0.001,0.142
19,112,0.001,0.002,0.139
19,113,0.001,0.003,0.13
19,114,0.001,0.002,0.138
19,115,0.0,0.001,0.141
19,116,0.002,0.005,0.126
19,117,0.001,0.004,0.13
19,118,0.001,0.003,0.135
19,119,0.001,0.002,0.142
19,12,0.001,0.003,0.108
19,120,0.0,0.001,0.146
19,121,0.0,0.002,0.143
19,122,0.0,0.001,0.154
19,123,0.0,0.0,0.158
19,124,0.0,0.001,0.156
19,125,0.0,0.001,0.146
19,126,0.0,0.0,0.16
19,127,0.0,0.001,0.155
19,128,0.0,0.001,0.156
19,129,0.0,0.001,0.156
19,13,0.0,0.0,0.128
19,130,0.001,0.002,0.143
19,131,0.001,0.002,0.139
19,132,0.001,0.002,0.143
19,133,0.001,0.002,0.143
19,134,0.001,0.002,0.139
19,135,0.0,0.001,0.153
19,136,0.0,0.001,0.155
19,137,0.0,0.001,0.158
19,138,0.0,0.001,0.156
19,139,0.0,0.001,0.157
19,14,0.005,0.011,0.091
19,140,0.0,0.001,0.153
19,141,0.0,0.001,0.154
19,142,0.0,0.001,0.153
19,143,0.0,0.0,0.16
19,144,0.0,0.001,0.159
19,145,0.0,0.001,0.156
19,146,0.0,0.0,0.168
19,147,0.0,0.0,0.172
19,148,0.0,0.0,0.178
19,149,0.0,0.0,0.181
19,15,0.0,0.001,0.115
19,150,0.0,0.0,0.172
19,151,0.0,0.0,0.176
19,152,0.0,0.0,0.179
19,153,0.0,0.0,0.178
19,154,0.0,0.0,0.172
19,155,0.0,0.001,0.157
19,156,0.0,0.0,0.165
19,157,0.0,0.0,0.16
19,158,0.0,0.0,0.169
19,159,0.0,0.0,0.164
19,16,0.001,0.002,0.11
19,160,0.0,0.001,0.158
19,161,0.0,0.0,0.16
19,162,0.0,0.0,0.169
19,163,0.0,0.0,0.17
19,164,0.0,0.0,0.168
19,165,0.0,0.001,0.151
19,166,0.0,0.001,0.155
19,167,0.0,0.001,0.156
19,168,0.0,0.0,0.161
19,169,0.0,0.0,0.173
19,17,0.001,0.003,0.103
19,170,0.0,0.0,0.166
19,171,0.0,0.001,0.148
19,172,0.0,0.001,0.147
19,173,0.0,0.001,0.159
19,174,0.0,0.0,0.174
19,175,0.0,0.001,0.159
19,176,0.0,0.001,0.155
19,177,0.0,0.001,0.152
19,178,0.0,0.001,0.154
19,179,0.0,0.0,0.161
19,18,0.002,0.004,0.101
19,180,0.0,0.0,0.168
19,181,0.0,0.0,0.168
19,182,0.0,0.0,0.165
19,183,0.0,0.0,0.171
19,184,0.0,0.0,0.17
19,185,0.0,0.0,0.171
19,186,0.0,0.0,0.177
19,187,0.0,0.0,0.174
19,188,0.0,0.0,0.178
19,189,0.0,0.0,0.167
19,19,0.001,0.002,0.108
19,190,0.0,0.0,0.171
19,191,0.0,0.001,0.157
19,192,0.0,0.0,0.177
19,193,0.0,0.0,0.181
19,194,0.0,0.0,0.178
19,195,0.0,0.0,0.176
19,196,0.0,0.0,0.175
19,197,0.0,0.0,0.171
19,198,0.0,0.0,0.173
19,199,0.0,0.0,0.191
19,20,0.007,0.015,0.086
19,200,0.0,0.0,0.186
19,201,0.0,0.0,0.182
19,202,0.0,0.0,0.181
19,203,0.0,0.0,0.189
19,204,0.0,0.0,0.185
19,205,0.0,0.0,0.189
19,206,0.0,0.0,0.192
19,207,0.0,0.0,0.173
19,208,0.0,0.0,0.18
19,209,0.0,0.0,0.178
19,21,0.0,0.001,0.113
19,210,0.0,0.0,0.199
19,211,0.0,0.0,0.189
19,212,0.0,0.0,0.183
19,213,0.0,0.0,0.189
19,214,0.0,0.0,0.2
19,215,0.0,0.0,0.187
19,216,0.0,0.001,0.173
19,217,0.0,0.0,0.186
19,218,0.0,0.0,0.201
19,219,0.0,0.0,0.197
19,22,0.004,0.009,0.092
19,220,0.0,0.0,0.193
19,221,0.0,0.0,0.197
19,222,0.0,0.0,0.196
19,223,0.0,0.001,0.194
19,224,0.0,0.0,0.2
19,225,0.0,0.0,0.203
19,226,0.0,0.001,0.194
19,227,0.0,0.001,0.199
19,228,0.0,0.001,0.194
19,229,0.0,0.0,0.212
19,23,0.003,0.007,0.094
19,230,0.0,0.001,0.197
19,231,0.0,0.001,0.196
19,232,0.0,0.0,0.218
19,233,0.0,0.001,0.211
19,234,0.0,0.001,0.206
19,235,0.0,0.001,0.217
19,236,0.0,0.001,0.222
19,237,0.0,0.001,0.215
19,238,0.0,0.0,0.239
19,239,0.0,0.0,0.234
19,24,0.001,0.002,0.11
19,240,0.0,0.0,0.235
19,241,0.0,0.0,0.241
19,242,0.0,0.0,0.249
19,243,0.0,0.001,0.231
19,244,0.0,0.001,0.229
19,245,0.0,0.002,0.221
19,246,0.0,0.001,0.235
19,247,0.0,0.0,0.25
19,248,0.0,0.001,0.235
19,249,0.0,0.001,0.24
19,25,0.001,0.003,0.106
19,250,0.0,0.002,0.231
19,251,0.0,0.001,0.246
19,26,0.005,0.012,0.089
19,27,0.003,0.007,0.095
19,28,0.001,0.002,0.107
19,29,0.001,0.003,0.103
19,30,0.003,0.007,0.095
19,31,0.0,0.001,0.113
19,32,0.001,0.002,0.109
19,33,0.001,0.003,0.104
19,34,0.001,0.003,0.105
19,35,0.001,0.003,0.103
19,36,0.001,0.003,0.104
19,37,0.001,0.002,0.107
19,38,0.001,0.003,0.104
19,39,0.003,0.007,0.096
19,40,0.0,0.001,0.116
19,41,0.001,0.003,0.105
19,42,0.002,0.006,0.098
19,43,0.0,0.001,0.114
19,44,0.0,0.001,0.122
19,45,0.001,0.003,0.107
19,46,0.0,0.001,0.12
19,47,0.004,0.009,0.094
19,48,0.003,0.008,0.096
19,49,0.003,0.007,0.098
19,50,0.001,0.003,0.107
19,51,0.001,0.002,0.114
19,52,0.003,0.006,0.1
19,53,0.001,0.003,0.108
19,54,0.001,0.002,0.113
19,55,0.001,0.002,0.113
19,56,0.001,0.003,0.112
19,57,0.001,0.002,0.113
19,58,0.001,0.004,0.108
19,59,0.001,0.003,0.112
19,6,0.001,0.002,0.116
19,60,0.002,0.006,0.102
19,61,0.002,0.006,0.103
19,62,0.001,0.003,0.114
19,63,0.001,0.002,0.116
19,64,0.0,0.001,0.122
19,65,0.0,0.0,0.132
19,66,0.001,0.003,0.115
19,67,0.0,0.001,0.13
19,68,0.0,0.0,0.142
19,69,0.0,0.001,0.13
19,7,0.001,0.002,0.114
19,70,0.0,0.001,0.124
19,71,0.0,0.001,0.133
19,72,0.0,0.001,0.132
19,73,0.0,0.0,0.135
19,74,0.001,0.002,0.121
19,75,0.001,0.002,0.123
19,76,0.0,0.001,0.137
19,77,0.0,0.001,0.135
19,78,0.001,0.002,0.122
19,79,0.0,0.001,0.135
19,8,0.001,0.002,0.114
19,80,0.0,0.0,0.139
19,81,0.001,0.002,0.122
19,82,0.001,0.002,0.124
19,83,0.001,0.002,0.122
19,84,0.0,0.001,0.129
19,85,0.001,0.002,0.127
19,86,0.001,0.002,0.127
19,87,0.001,0.002,0.123
19,88,0.001,0.002,0.125
19,89,0.001,0.003,0.121
19,9,0.001,0.002,0.115
19,90,0.001,0.002,0.128
19,91,0.0,0.001,0.132
19,92,0.001,0.003,0.123
19,93,0.001,0.003,0.123
19,94,0.003,0.007,0.114
19,95,0.002,0.004,0.121
19,96,0.002,0.006,0.117
19,97,0.003,0.008,0.113
19,98,0.002,0.005,0.12
19,99,0.001,0.002,0.131
2,10,0.0,0.0,0.137
2,100,0.0,0.001,0.13
2,101,0.0,0.001,0.13
2,102,0.001,0.003,0.123
2,103,0.001,0.002,0.128
2,104,0.001,0.002,0.127
2,105,0.001,0.002,0.126
2,106,0.001,0.004,0.119
2,107,0.002,0.005,0.116
2,108,0.0,0.002,0.132
2,109,0.0,0.001,0.14
2,11,0.0,0.0,0.139
2,110,0.0,0.001,0.134
2,111,0.0,0.001,0.135
2,112,0.0,0.002,0.133
2,113,0.001,0.003,0.127
2,114,0.001,0.003,0.128
2,115,0.0,0.001,0.145
2,116,0.0,0.001,0.141
2,117,0.0,0.001,0.139
2,118,0.0,0.0,0.15
2,119,0.0,0.0,0.151
2,12,0.0,0.0,0.138
2,120,0.0,0.001,0.149
2,121,0.0,0.0,0.153
2,122,0.0,0.0,0.159
2,123,0.0,0.0,0.159
2,124,0.0,0.0,0.152
2,125,0.0,0.0,0.156
2,126,0.0,0.0,0.159
2,127,0.0,0.0,0.154
2,128,0.0,0.0,0.163
2,129,0.0,0.0,0.162
2,13,0.0,0.0,0.139
2,130,0.0,0.0,0.16
2,131,0.0,0.0,0.158
2,132,0.0,0.0,0.168
2,133,0.0,0.0,0.155
2,134,0.0,0.0,0.16
2,135,0.0,0.0,0.161
2,136,0.0,0.0,0.155
2,137,0.0,0.0,0.161
2,138,0.0,0.001,0.151
2,139,0.0,0.0,0.161
2,14,0.0,0.0,0.145
2,140,0.0,0.0,0.159
2,141,0.0,0.001,0.155
2,142,0.0,0.0,0.161
2,143,0.0,0.0,0.156
2,144,0.0,0.0,0.161
2,145,0.0,0.0,0.164
2,146,0.0,0.0,0.161
2,147,0.0,0.0,0.161
2,148,0.0,0.0,0.16
2,149,0.0,0.001,0.155
2,15,0.0,0.0,0.13
2,150,0.0,0.001,0.152
2,151,0.0,0.001,0.155
2,152,0.0,0.0,0.166
2,153,0.0,0.0,0.165
2,154,0.0,0.0,0.177
2,155,0.0,0.0,0.17
2,156,0.0,0.0,0.166
2,157,0.0,0.0,0.163
2,158,0.0,0.0,0.161
2,159,0.0,0.0,0.176
2,16,0.0,0.0,0.134
2,160,0.0,0.0,0.17
2,161,0.0,0.0,0.176
2,162,0.0,0.0,0.176
2,163,0.0,0.0,0.176
2,164,0.0,0.0,0.182
2,165,0.0,0.0,0.175
2,166,0.0,0.0,0.176
2,167,0.0,0.0,0.172
2,168,0.0,0.001,0.164
2,169,0.0,0.0,0.18
2,17,0.0,0.0,0.138
2,170,0.0,0.0,0.181
2,171,0.0,0.001,0.167
2,172,0.0,0.001,0.169
2,173,0.0,0.0,0.174
2,174,0.0,0.0,0.171
2,175,0.0,0.0,0.177
2,176,0.0,0.001,0.167
2,177,0.0,0.0,0.174
2,178,0.0,0.0,0.178
2,179,0.0,0.001,0.166
2,18,0.0,0.0,0.127
2,180,0.0,0.001,0.173
2,181,0.0,0.001,0.172
2,182,0.0,0.0,0.185
2,183,0.0,0.001,0.177
2,184,0.0,0.001,0.172
2,185,0.0,0.001,0.175
2,186,0.0,0.001,0.177
2,187,0.0,0.001,0.181
2,188,0.0,0.001,0.179
2,189,0.0,0.001,0.178
2,19,0.0,0.0,0.138
2,190,0.0,0.002,0.169
2,191,0.0,0.001,0.181
2,192,0.0,0.001,0.186
2,193,0.0,0.001,0.186
2,194,0.0,0.001,0.189
2,195,0.0,0.0,0.194
2,196,0.0,0.001,0.191
2,197,0.0,0.0,0.198
2,198,0.0,0.001,0.191
2,199,0.0,0.001,0.194
2,20,0.0,0.0,0.126
2,200,0.0,0.0,0.205
2,201,0.0,0.001,0.189
2,202,0.0,0.0,0.202
2,203,0.0,0.001,0.193
2,204,0.0,0.0,0.205
2,205,0.0,0.0,0.203
2,206,0.0,0.0,0.205
2,207,0.0,0.0,0.213
2,208,0.0,0.0,0.216
2,209,0.0,0.001,0.203
2,21,0.001,0.002,0.113
2,210,0.0,0.0,0.221
2,211,0.0,0.0,0.23
2,212,0.0,0.0,0.225
2,213,0.0,0.0,0.228
2,214,0.0,0.0,0.241
2,215,0.0,0.0,0.224
2,216,0.0,0.0,0.232
2,217,0.0,0.0,0.229
2,218,0.0,0.0,0.241
2,219,0.0,0.0,0.242
2,22,0.0,0.0,0.132
2,220,0.0,0.0,0.23
2,221,0.0,0.0,0.231
2,222,0.0,0.0,0.233
2,223,0.0,0.0,0.245
2,224,0.0,0.0,0.225
2,225,0.0,0.0,0.23
2,226,0.0,0.0,0.226
2,227,0.0,0.001,0.214
2,228,0.0,0.001,0.215
2,229,0.0,0.001,0.21
2,23,0.0,0.002,0.114
2,230,0.0,0.002,0.2
2,231,0.001,0.004,0.185
2,232,0.001,0.002,0.192
2,233,0.001,0.002,0.194
2,234,0.001,0.003,0.188
2,235,0.002,0.006,0.176
2,236,0.002,0.006,0.178
2,237,0.004,0.009,0.171
2,238,0.002,0.004,0.185
2,239,0.004,0.009,0.171
2,24,0.0,0.001,0.116
2,240,0.008,0.017,0.157
2,241,0.009,0.019,0.156
2,242,0.008,0.017,0.16
2,243,0.008,0.017,0.161
2,244,0.007,0.015,0.165
2,245,0.013,0.026,0.153
2,246,0.009,0.018,0.163
2,247,0.009,0.02,0.163
2,248,0.014,0.027,0.158
2,249,0.015,0.029,0.158
2,25,0.0,0.001,0.115
2,250,0.008,0.017,0.174
2,26,0.0,0.0,0.129
2,27,0.001,0.002,0.112
2,28,0.0,0.0,0.133
2,29,0.0,0.001,0.122
2,30,0.0,0.001,0.123
2,31,0.0,0.0,0.126
2,32,0.0,0.001,0.124
2,33,0.0,0.001,0.114
2,34,0.0,0.0,0.131
2,35,0.0,0.001,0.12
2,36,0.0,0.001,0.122
2,37,0.0,0.002,0.113
2,38,0.0,0.001,0.124
2,39,0.001,0.003,0.105
2,40,0.0,0.001,0.116
2,41,0.0,0.001,0.121
2,42,0.001,0.002,0.11
2,43,0.0,0.001,0.116
2,44,0.001,0.002,0.109
2,45,0.001,0.004,0.104
2,46,0.0,0.0,0.125
2,47,0.0,0.002,0.114
2,48,0.0,0.001,0.118
2,49,0.001,0.002,0.114
2,50,0.0,0.001,0.124
2,51,0.0,0.001,0.12
2,52,0.0,0.001,0.12
2,53,0.0,0.001,0.118
2,54,0.0,0.001,0.117
2,55,0.0,0.001,0.117
2,56,0.0,0.001,0.121
2,57,0.001,0.002,0.116
2,58,0.0,0.001,0.121
2,59,0.001,0.002,0.115
2,60,0.0,0.001,0.123
2,61,0.0,0.001,0.123
2,62,0.001,0.003,0.109
2,63,0.0,0.001,0.128
2,64,0.0,0.001,0.129
2,65,0.0,0.001,0.125
2,66,0.002,0.005,0.105
2,67,0.0,0.001,0.121
2,68,0.0,0.001,0.122
2,69,0.001,0.003,0.113
2,70,0.0,0.001,0.126
2,71,0.001,0.003,0.114
2,72,0.0,0.001,0.124
2,73,0.001,0.003,0.113
2,74,0.002,0.005,0.109
2,75,0.004,0.008,0.102
2,76,0.003,0.006,0.106
2,77,0.009,0.019,0.092
2,78,0.003,0.008,0.104
2,79,0.003,0.008,0.104
2,80,0.003,0.008,0.105
2,81,0.02,0.038,0.083
2,82,0.011,0.022,0.091
2,83,0.003,0.007,0.106
2,84,0.005,0.011,0.101
2,85,0.005,0.011,0.101
2,86,0.004,0.01,0.103
2,87,0.007,0.014,0.098
2,88,0.004,0.01,0.104
2,89,0.008,0.016,0.097
2,9,0.0,0.001,0.132
2,90,0.003,0.007,0.109
2,91,0.002,0.004,0.115
2,92,0.002,0.004,0.115
2,93,0.001,0.004,0.117
2,94,0.001,0.003,0.121
2,95,0.001,0.002,0.122
2,96,0.001,0.004,0.117
2,97,0.001,0.003,0.122
2,98,0.0,0.001,0.13
2,99,0.001,0.002,0.124
20,10,0.002,0.005,0.103
20,100,0.002,0.004,0.124
20,101,0.001,0.002,0.134
20,102,0.002,0.004,0.123
20,103,0.001,0.002,0.131
20,104,0.003,0.008,0.116
20,105,0.002,0.005,0.124
20,106,0.003,0.007,0.119
20,107,0.002,0.005,0.125
20,108,0.002,0.004,0.127
20,109,0.002,0.006,0.122
20,11,0.001,0.003,0.109
20,110,0.001,0.003,0.133
20,111,0.004,0.008,0.117
20,112,0.001,0.004,0.129
20,113,0.002,0.005,0.126
20,114,0.003,0.007,0.122
20,115,0.006,0.013,0.113
20,116,0.001,0.003,0.132
20,117,0.002,0.004,0.13
20,118,0.001,0.004,0.133
20,119,0.002,0.005,0.127
20,12,0.001,0.004,0.105
20,120,0.001,0.003,0.136
20,121,0.001,0.002,0.139
20,122,0.001,0.004,0.132
20,123,0.001,0.002,0.143
20,124,0.0,0.001,0.153
20,125,0.0,0.001,0.151
20,126,0.0,0.001,0.151
20,127,0.001,0.002,0.14
20,128,0.001,0.002,0.142
20,129,0.0,0.001,0.151
20,13,0.0,0.001,0.119
20,130,0.001,0.002,0.14
20,131,0.002,0.005,0.129
20,132,0.001,0.003,0.135
20,133,0.002,0.005,0.13
20,134,0.001,0.003,0.137
20,135,0.001,0.004,0.134
20,136,0.002,0.005,0.13
20,137,0.001,0.002,0.14
20,138,0.001,0.003,0.138
20,139,0.0,0.001,0.149
20,14,0.0,0.001,0.115
20,140,0.0,0.001,0.158
20,141,0.0,0.001,0.159
20,142,0.0,0.001,0.149
20,143,0.0,0.001,0.154
20,144,0.0,0.001,0.148
20,145,0.0,0.001,0.15
20,146,0.0,0.001,0.15
20,147,0.0,0.0,0.163
20,148,0.0,0.001,0.159
20,149,0.0,0.0,0.163
20,15,0.0,0.001,0.12
20,150,0.0,0.001,0.161
20,151,0.0,0.0,0.165
20,152,0.0,0.001,0.156
20,153,0.001,0.002,0.142
20,154,0.001,0.002,0.142
20,155,0.0,0.001,0.154
20,156,0.0,0.0,0.162
20,157,0.0,0.001,0.157
20,158,0.0,0.001,0.156
20,159,0.0,0.001,0.16
20,16,0.001,0.003,0.106
20,160,0.0,0.001,0.152
20,161,0.0,0.001,0.157
20,162,0.0,0.001,0.16
20,163,0.0,0.0,0.165
20,164,0.0,0.0,0.164
20,165,0.0,0.001,0.155
20,166,0.0,0.001,0.158
20,167,0.0,0.0,0.171
20,168,0.0,0.0,0.171
20,169,0.0,0.0,0.173
20,17,0.0,0.001,0.12
20,170,0.0,0.0,0.166
20,171,0.0,0.001,0.16
20,172,0.0,0.001,0.16
20,173,0.0,0.001,0.16
20,174,0.0,0.0,0.172
20,175,0.0,0.0,0.171
20,176,0.0,0.0,0.168
20,177,0.0,0.0,0.161
20,178,0.0,0.0,0.163
20,179,0.0,0.001,0.15
20,18,0.0,0.001,0.114
20,180,0.0,0.001,0.156
20,181,0.0,0.001,0.16
20,182,0.0,0.001,0.16
20,183,0.0,0.0,0.162
20,184,0.0,0.001,0.151
20,185,0.001,0.002,0.145
20,186,0.001,0.003,0.139
20,187,0.0,0.001,0.147
20,188,0.0,0.001,0.156
20,189,0.0,0.001,0.153
20,19,0.0,0.001,0.115
20,190,0.0,0.001,0.154
20,191,0.0,0.001,0.156
20,192,0.0,0.0,0.163
20,193,0.0,0.001,0.16
20,194,0.0,0.0,0.17
20,195,0.0,0.001,0.156
20,196,0.0,0.0,0.18
20,197,0.0,0.0,0.171
20,198,0.0,0.0,0.185
20,199,0.0,0.0,0.184
20,20,0.0,0.001,0.113
20,200,0.0,0.0,0.195
20,201,0.0,0.0,0.2
20,202,0.0,0.0,0.198
20,203,0.0,0.0,0.209
20,204,0.0,0.0,0.201
20,205,0.0,0.0,0.201
20,206,0.0,0.0,0.193
20,207,0.0,0.0,0.204
20,208,0.0,0.0,0.199
20,209,0.0,0.0,0.209
20,21,0.001,0.003,0.103
20,210,0.0,0.0,0.206
20,211,0.0,0.0,0.205
20,212,0.0,0.0,0.193
20,213,0.0,0.0,0.207
20,214,0.0,0.0,0.195
20,215,0.0,0.0,0.198
20,216,0.0,0.0,0.203
20,217,0.0,0.0,0.194
20,218,0.0,0.0,0.188
20,219,0.0,0.0,0.202
20,22,0.0,0.001,0.112
20,220,0.0,0.0,0.201
20,221,0.0,0.0,0.191
20,222,0.0,0.0,0.192
20,223,0.0,0.0,0.199
20,224,0.0,0.0,0.196
20,225,0.0,0.001,0.195
20,226,0.0,0.0,0.2
20,227,0.0,0.001,0.199
20,228,0.0,0.001,0.186
20,229,0.001,0.002,0.182
20,23,0.002,0.006,0.097
20,230,0.001,0.002,0.187
20,231,0.001,0.004,0.173
20,232,0.0,0.001,0.202
20,233,0.0,0.001,0.201
20,234,0.001,0.002,0.194
20,235,0.001,0.003,0.183
20,236,0.001,0.002,0.196
20,237,0.0,0.002,0.201
20,238,0.001,0.002,0.202
20,239,0.001,0.002,0.201
20,24,0.002,0.005,0.099
20,240,0.001,0.002,0.202
20,241,0.001,0.002,0.208
20,242,0.001,0.002,0.206
20,243,0.001,0.003,0.205
20,244,0.001,0.002,0.208
20,245,0.001,0.003,0.205
20,246,0.002,0.004,0.2
20,247,0.002,0.005,0.2
20,248,0.001,0.002,0.219
20,249,0.002,0.004,0.208
20,25,0.002,0.006,0.098
20,250,0.001,0.002,0.221
20,251,0.002,0.004,0.212
20,26,0.002,0.005,0.1
20,27,0.0,0.001,0.116
20,28,0.005,0.011,0.09
20,29,0.002,0.006,0.098
20,30,0.002,0.004,0.102
20,31,0.001,0.003,0.105
20,32,0.001,0.003,0.104
20,33,0.0,0.001,0.114
20,34,0.001,0.004,0.102
20,35,0.001,0.002,0.112
20,36,0.0,0.001,0.117
20,37,0.0,0.001,0.114
20,38,0.001,0.003,0.106
20,39,0.001,0.004,0.104
20,40,0.0,0.001,0.117
20,41,0.001,0.002,0.113
20,42,0.002,0.006,0.099
20,43,0.001,0.002,0.112
20,44,0.003,0.007,0.097
20,45,0.003,0.007,0.098
20,46,0.004,0.009,0.096
20,47,0.0,0.001,0.123
20,48,0.001,0.002,0.115
20,49,0.002,0.005,0.104
20,50,0.003,0.008,0.098
20,51,0.001,0.002,0.115
20,52,0.002,0.005,0.102
20,53,0.001,0.003,0.111
20,54,0.003,0.007,0.1
20,55,0.002,0.005,0.105
20,56,0.002,0.006,0.103
20,57,0.007,0.016,0.09
20,58,0.003,0.007,0.1
20,59,0.004,0.01,0.097
20,6,0.001,0.003,0.11
20,60,0.004,0.01,0.097
20,61,0.003,0.008,0.1
20,62,0.001,0.004,0.11
20,63,0.001,0.003,0.111
20,64,0.001,0.002,0.116
20,65,0.0,0.001,0.129
20,66,0.001,0.002,0.119
20,67,0.001,0.003,0.114
20,68,0.001,0.003,0.113
20,69,0.001,0.003,0.113
20,7,0.001,0.003,0.11
20,70,0.001,0.003,0.116
20,71,0.001,0.003,0.116
20,72,0.002,0.005,0.109
20,73,0.002,0.006,0.108
20,74,0.001,0.004,0.114
20,75,0.002,0.006,0.108
20,76,0.002,0.004,0.113
20,77,0.001,0.002,0.121
20,78,0.001,0.003,0.12
20,79,0.001,0.002,0.124
20,8,0.002,0.004,0.107
20,80,0.001,0.004,0.116
20,81,0.002,0.004,0.116
20,82,0.002,0.006,0.111
20,83,0.001,0.004,0.117
20,84,0.004,0.009,0.106
20,85,0.002,0.006,0.113
20,86,0.001,0.003,0.121
20,87,0.002,0.005,0.115
20,88,0.002,0.006,0.113
20,89,0.003,0.008,0.11
20,9,0.0,0.001,0.123
20,90,0.003,0.007,0.113
20,91,0.002,0.006,0.115
20,92,0.001,0.002,0.127
20,93,0.0,0.001,0.138
20,94,0.001,0.002,0.132
20,95,0.002,0.005,0.118
20,96,0.001,0.003,0.125
20,97,0.001,0.004,0.123
20,98,0.001,0.002,0.134
20,99,0.002,0.005,0.121
21,10,0.0,0.001,0.122
21,100,0.004,0.009,0.113
21,101,0.008,0.017,0.105
21,102,0.005,0.011,0.112
21,103,0.002,0.005,0.123
21,104,0.002,0.006,0.121
21,105,0.001,0.004,0.128
21,106,0.001,0.002,0.135
21,107,0.001,0.003,0.133
21,108,0.001,0.003,0.133
21,109,0.001,0.002,0.141
21,11,0.002,0.005,0.101
21,110,0.001,0.003,0.132
21,111,0.001,0.002,0.137
21,112,0.001,0.003,0.136
21,113,0.001,0.002,0.138
21,114,0.001,0.002,0.137
21,115,0.001,0.003,0.133
21,116,0.001,0.003,0.136
21,117,0.001,0.004,0.133
21,118,0.002,0.005,0.128
21,119,0.001,0.004,0.133
21,12,0.001,0.002,0.108
21,120,0.0,0.001,0.147
21,121,0.001,0.002,0.142
21,122,0.001,0.003,0.139
21,123,0.001,0.003,0.14
21,124,0.0,0.001,0.152
21,125,0.001,0.002,0.146
21,126,0.001,0.002,0.146
21,127,0.001,0.003,0.138
21,128,0.001,0.002,0.146
21,129,0.003,0.006,0.128
21,13,0.003,0.006,0.097
21,130,0.001,0.003,0.14
21,131,0.0,0.001,0.149
21,132,0.0,0.001,0.158
21,133,0.0,0.001,0.154
21,134,0.001,0.002,0.146
21,135,0.0,0.001,0.15
21,136,0.001,0.002,0.142
21,137,0.0,0.002,0.148
21,138,0.0,0.001,0.153
21,139,0.0,0.002,0.148
21,14,0.0,0.001,0.113
21,140,0.0,0.001,0.152
21,141,0.0,0.001,0.153
21,142,0.001,0.002,0.147
21,143,0.0,0.002,0.149
21,144,0.001,0.002,0.148
21,145,0.001,0.002,0.146
21,146,0.001,0.002,0.144
21,147,0.0,0.001,0.158
21,148,0.0,0.001,0.158
21,149,0.001,0.002,0.148
21,15,0.001,0.003,0.106
21,150,0.001,0.003,0.142
21,151,0.0,0.001,0.155
21,152,0.0,0.0,0.164
21,153,0.0,0.001,0.151
21,154,0.0,0.001,0.151
21,155,0.001,0.003,0.141
21,156,0.001,0.004,0.136
21,157,0.001,0.002,0.146
21,158,0.001,0.002,0.145
21,159,0.001,0.002,0.143
21,16,0.003,0.006,0.097
21,160,0.001,0.002,0.144
21,161,0.0,0.001,0.149
21,162,0.0,0.001,0.155
21,163,0.0,0.0,0.162
21,164,0.0,0.0,0.164
21,165,0.0,0.0,0.162
21,166,0.0,0.0,0.163
21,167,0.0,0.001,0.16
21,168,0.0,0.001,0.158
21,169,0.0,0.0,0.171
21,17,0.001,0.002,0.111
21,170,0.0,0.0,0.176
21,171,0.0,0.0,0.172
21,172,0.0,0.001,0.161
21,173,0.0,0.001,0.156
21,174,0.0,0.0,0.167
21,175,0.0,0.0,0.176
21,176,0.0,0.0,0.163
21,177,0.0,0.0,0.163
21,178,0.0,0.0,0.162
21,179,0.0,0.001,0.16
21,18,0.003,0.008,0.094
21,180,0.0,0.001,0.149
21,181,0.0,0.0,0.164
21,182,0.0,0.001,0.161
21,183,0.0,0.0,0.162
21,184,0.0,0.0,0.171
21,185,0.0,0.001,0.158
21,186,0.0,0.001,0.157
21,187,0.0,0.0,0.168
21,188,0.0,0.0,0.165
21,189,0.0,0.0,0.171
21,19,0.001,0.002,0.107
21,190,0.0,0.0,0.167
21,191,0.0,0.001,0.161
21,192,0.0,0.0,0.173
21,193,0.0,0.0,0.165
21,194,0.0,0.0,0.17
21,195,0.0,0.0,0.189
21,196,0.0,0.0,0.186
21,197,0.0,0.0,0.188
21,198,0.0,0.0,0.177
21,199,0.0,0.0,0.176
21,20,0.002,0.004,0.101
21,200,0.0,0.0,0.185
21,201,0.0,0.0,0.185
21,202,0.0,0.0,0.171
21,203,0.0,0.0,0.179
21,204,0.0,0.0,0.18
21,205,0.0,0.0,0.183
21,206,0.0,0.0,0.188
21,207,0.0,0.0,0.191
21,208,0.0,0.0,0.183
21,209,0.0,0.0,0.178
21,21,0.003,0.007,0.096
21,210,0.0,0.0,0.19
21,211,0.0,0.0,0.185
21,212,0.0,0.0,0.199
21,213,0.0,0.0,0.198
21,214,0.0,0.0,0.193
21,215,0.0,0.001,0.17
21,216,0.0,0.0,0.182
21,217,0.0,0.0,0.182
21,218,0.0,0.0,0.186
21,219,0.0,0.0,0.191
21,22,0.002,0.006,0.097
21,220,0.0,0.001,0.171
21,221,0.0,0.001,0.187
21,222,0.0,0.001,0.181
21,223,0.0,0.001,0.188
21,224,0.0,0.001,0.188
21,225,0.001,0.002,0.173
21,226,0.0,0.001,0.195
21,227,0.0,0.001,0.185
21,228,0.001,0.002,0.182
21,229,0.0,0.001,0.186
21,23,0.001,0.002,0.107
21,230,0.001,0.002,0.18
21,231,0.001,0.003,0.179
21,232,0.001,0.004,0.173
21,233,0.001,0.003,0.181
21,234,0.002,0.005,0.174
21,235,0.001,0.002,0.191
21,236,0.001,0.002,0.19
21,237,0.001,0.003,0.189
21,238,0.001,0.003,0.192
21,239,0.001,0.003,0.191
21,24,0.001,0.002,0.111
21,240,0.002,0.005,0.186
21,241,0.002,0.005,0.188
21,242,0.001,0.003,0.199
21,243,0.002,0.005,0.191
21,244,0.002,0.004,0.196
21,245,0.003,0.007,0.189
21,246,0.005,0.011,0.18
21,247,0.002,0.005,0.198
21,248,0.002,0.005,0.2
21,249,0.003,0.007,0.197
21,25,0.002,0.005,0.099
21,250,0.004,0.01,0.19
21,251,0.003,0.008,0.198
21,26,0.0,0.001,0.116
21,27,0.001,0.004,0.102
21,28,0.001,0.003,0.104
21,29,0.001,0.002,0.11
21,30,0.001,0.002,0.11
21,31,0.0,0.001,0.117
21,32,0.001,0.002,0.107
21,33,0.0,0.001,0.115
21,34,0.0,0.001,0.114
21,35,0.002,0.004,0.102
21,36,0.005,0.01,0.091
21,37,0.001,0.003,0.105
21,38,0.001,0.004,0.103
21,39,0.001,0.004,0.104
21,40,0.001,0.003,0.105
21,41,0.001,0.002,0.111
21,42,0.004,0.01,0.093
21,43,0.001,0.003,0.109
21,44,0.002,0.005,0.101
21,45,0.002,0.005,0.102
21,46,0.001,0.003,0.108
21,47,0.0,0.001,0.122
21,48,0.001,0.003,0.11
21,49,0.001,0.002,0.112
21,50,0.002,0.006,0.102
21,51,0.001,0.003,0.11
21,52,0.0,0.001,0.126
21,53,0.001,0.002,0.114
21,54,0.001,0.002,0.114
21,55,0.001,0.003,0.111
21,56,0.003,0.008,0.099
21,57,0.002,0.006,0.103
21,58,0.001,0.003,0.112
21,59,0.003,0.007,0.102
21,6,0.002,0.004,0.105
21,60,0.006,0.013,0.095
21,61,0.003,0.006,0.104
21,62,0.011,0.023,0.087
21,63,0.011,0.022,0.088
21,64,0.007,0.015,0.094
21,65,0.01,0.02,0.09
21,66,0.006,0.013,0.096
21,67,0.003,0.008,0.103
21,68,0.002,0.006,0.107
21,69,0.005,0.012,0.098
21,7,0.002,0.006,0.1
21,70,0.001,0.003,0.114
21,71,0.003,0.007,0.105
21,72,0.003,0.007,0.106
21,73,0.001,0.003,0.116
21,74,0.004,0.01,0.103
21,75,0.001,0.003,0.119
21,76,0.002,0.005,0.112
21,77,0.003,0.008,0.107
21,78,0.001,0.003,0.121
21,79,0.0,0.001,0.13
21,8,0.001,0.004,0.106
21,80,0.002,0.004,0.116
21,81,0.001,0.003,0.123
21,82,0.001,0.004,0.118
21,83,0.004,0.008,0.108
21,84,0.002,0.005,0.117
21,85,0.002,0.006,0.114
21,86,0.002,0.006,0.113
21,87,0.001,0.003,0.124
21,88,0.001,0.003,0.124
21,89,0.004,0.01,0.108
21,9,0.001,0.002,0.112
21,90,0.005,0.012,0.105
21,91,0.004,0.009,0.109
21,92,0.001,0.004,0.122
21,93,0.004,0.008,0.112
21,94,0.006,0.014,0.105
21,95,0.003,0.007,0.115
21,96,0.003,0.007,0.115
21,97,0.002,0.006,0.118
21,98,0.005,0.011,0.11
21,99,0.008,0.016,0.104
22,10,0.001,0.002,0.11
22,100,0.002,0.004,0.126
22,101,0.002,0.006,0.122
22,102,0.001,0.004,0.127
22,103,0.001,0.003,0.133
22,104,0.002,0.004,0.127
22,105,0.002,0.006,0.122
22,106,0.002,0.005,0.127
22,107,0.001,0.002,0.138
22,108,0.001,0.003,0.134
22,109,0.0,0.001,0.146
22,11,0.0,0.001,0.12
22,110,0.0,0.002,0.143
22,111,0.001,0.002,0.141
22,112,0.001,0.002,0.141
22,113,0.001,0.003,0.138
22,114,0.0,0.001,0.145
22,115,0.001,0.002,0.143
22,116,0.001,0.002,0.14
22,117,0.002,0.004,0.132
22,118,0.002,0.005,0.13
22,119,0.004,0.008,0.123
22,12,0.002,0.005,0.1
22,120,0.002,0.006,0.129
22,121,0.001,0.004,0.135
22,122,0.001,0.004,0.136
22,123,0.001,0.004,0.135
22,124,0.001,0.002,0.142
22,125,0.001,0.004,0.136
22,126,0.001,0.003,0.14
22,127,0.001,0.002,0.143
22,128,0.001,0.003,0.14
22,129,0.0,0.002,0.149
22,13,0.0,0.001,0.121
22,130,0.001,0.004,0.137
22,131,0.001,0.003,0.141
22,132,0.001,0.002,0.146
22,133,0.001,0.003,0.142
22,134,0.001,0.002,0.149
22,135,0.001,0.002,0.145
22,136,0.003,0.007,0.129
22,137,0.001,0.003,0.139
22,138,0.001,0.003,0.142
22,139,0.001,0.004,0.138
22,14,0.001,0.002,0.11
22,140,0.001,0.003,0.142
22,141,0.0,0.001,0.158
22,142,0.0,0.001,0.161
22,143,0.0,0.001,0.161
22,144,0.0,0.0,0.167
22,145,0.0,0.001,0.154
22,146,0.0,0.002,0.15
22,147,0.0,0.001,0.155
22,148,0.0,0.001,0.157
22,149,0.001,0.002,0.147
22,15,0.002,0.004,0.101
22,150,0.001,0.002,0.145
22,151,0.0,0.0,0.165
22,152,0.0,0.0,0.164
22,153,0.0,0.0,0.165
22,154,0.0,0.001,0.163
22,155,0.0,0.001,0.164
22,156,0.0,0.001,0.164
22,157,0.0,0.0,0.166
22,158,0.0,0.001,0.157
22,159,0.0,0.001,0.163
22,16,0.001,0.002,0.108
22,160,0.0,0.001,0.161
22,161,0.0,0.0,0.168
22,162,0.0,0.0,0.186
22,163,0.0,0.0,0.17
22,164,0.0,0.0,0.178
22,165,0.0,0.0,0.175
22,166,0.0,0.0,0.175
22,167,0.0,0.0,0.18
22,168,0.0,0.0,0.179
22,169,0.0,0.0,0.168
22,17,0.001,0.004,0.103
22,170,0.0,0.0,0.168
22,171,0.0,0.0,0.174
22,172,0.0,0.0,0.169
22,173,0.0,0.0,0.178
22,174,0.0,0.001,0.158
22,175,0.0,0.0,0.172
22,176,0.0,0.0,0.165
22,177,0.0,0.0,0.173
22,178,0.0,0.0,0.166
22,179,0.0,0.001,0.155
22,18,0.001,0.002,0.11
22,180,0.0,0.001,0.151
22,181,0.0,0.001,0.151
22,182,0.0,0.001,0.159
22,183,0.0,0.0,0.168
22,184,0.0,0.0,0.17
22,185,0.0,0.0,0.171
22,186,0.0,0.001,0.155
22,187,0.0,0.0,0.182
22,188,0.0,0.0,0.163
22,189,0.0,0.0,0.178
22,19,0.001,0.003,0.104
22,190,0.0,0.0,0.172
22,191,0.0,0.0,0.176
22,192,0.0,0.0,0.176
22,193,0.0,0.0,0.182
22,194,0.0,0.0,0.188
22,195,0.0,0.0,0.185
22,196,0.0,0.0,0.185
22,197,0.0,0.0,0.188
22,198,0.0,0.0,0.179
22,199,0.0,0.0,0.185
22,20,0.002,0.004,0.1
22,200,0.0,0.0,0.183
22,201,0.0,0.0,0.185
22,202,0.0,0.0,0.18
22,203,0.0,0.0,0.186
22,204,0.0,0.0,0.188
22,205,0.0,0.0,0.185
22,206,0.0,0.0,0.187
22,207,0.0,0.0,0.206
22,208,0.0,0.0,0.183
22,209,0.0,0.0,0.182
22,21,0.001,0.003,0.104
22,210,0.0,0.0,0.188
22,211,0.0,0.0,0.186
22,212,0.0,0.0,0.192
22,213,0.0,0.0,0.186
22,214,0.0,0.0,0.194
22,215,0.0,0.0,0.196
22,216,0.0,0.0,0.19
22,217,0.0,0.0,0.187
22,218,0.0,0.0,0.189
22,219,0.0,0.0,0.188
22,22,0.001,0.003,0.105
22,220,0.0,0.001,0.184
22,221,0.0,0.0,0.189
22,222,0.0,0.0,0.199
22,223,0.0,0.001,0.188
22,224,0.0,0.0,0.198
22,225,0.0,0.0,0.197
22,226,0.0,0.001,0.184
22,227,0.0,0.001,0.185
22,228,0.0,0.001,0.193
22,229,0.0,0.001,0.19
22,23,0.001,0.002,0.108
22,230,0.001,0.002,0.183
22,231,0.001,0.003,0.176
22,232,0.001,0.003,0.177
22,233,0.001,0.002,0.184
22,234,0.001,0.002,0.188
22,235,0.002,0.005,0.173
22,236,0.001,0.003,0.182
22,237,0.0,0.001,0.204
22,238,0.001,0.002,0.194
22,239,0.002,0.005,0.181
22,24,0.001,0.003,0.106
22,240,0.001,0.004,0.187
22,241,0.001,0.003,0.198
22,242,0.0,0.001,0.211
22,243,0.001,0.002,0.206
22,244,0.001,0.002,0.214
22,245,0.001,0.002,0.214
22,246,0.001,0.002,0.213
22,247,0.001,0.002,0.218
22,248,0.001,0.003,0.214
22,249,0.001,0.002,0.224
22,25,0.001,0.003,0.105
22,250,0.0,0.001,0.235
22,251,0.001,0.002,0.227
22,26,0.001,0.002,0.111
22,27,0.001,0.003,0.104
22,28,0.0,0.002,0.112
22,29,0.0,0.001,0.12
22,30,0.001,0.003,0.105
22,31,0.001,0.002,0.11
22,32,0.001,0.003,0.105
22,33,0.002,0.005,0.101
22,34,0.003,0.008,0.095
22,35,0.003,0.008,0.095
22,36,0.001,0.003,0.105
22,37,0.001,0.002,0.112
22,38,0.0,0.001,0.115
22,39,0.003,0.007,0.097
22,40,0.001,0.004,0.105
22,41,0.0,0.001,0.115
22,42,0.001,0.003,0.108
22,43,0.001,0.004,0.105
22,44,0.002,0.004,0.104
22,45,0.003,0.007,0.098
22,46,0.002,0.006,0.101
22,47,0.002,0.006,0.101
22,48,0.002,0.004,0.106
22,49,0.004,0.009,0.097
22,50,0.004,0.01,0.096
22,51,0.002,0.006,0.102
22,52,0.005,0.012,0.094
22,53,0.016,0.03,0.082
22,54,0.008,0.018,0.089
22,55,0.015,0.028,0.083
22,56,0.011,0.023,0.086
22,57,0.007,0.015,0.092
22,58,0.003,0.007,0.103
22,59,0.009,0.02,0.09
22,6,0.001,0.003,0.112
22,60,0.017,0.032,0.082
22,61,0.009,0.018,0.091
22,62,0.004,0.009,0.1
22,63,0.012,0.024,0.088
22,64,0.023,0.042,0.08
22,65,0.011,0.023,0.089
22,66,0.012,0.023,0.089
22,67,0.013,0.026,0.087
22,68,0.021,0.039,0.082
22,69,0.017,0.033,0.084
22,7,0.003,0.008,0.099
22,70,0.009,0.019,0.093
22,71,0.007,0.015,0.097
22,72,0.004,0.01,0.103
22,73,0.002,0.006,0.11
22,74,0.001,0.003,0.119
22,75,0.007,0.015,0.098
22,76,0.004,0.01,0.104
22,77,0.003,0.008,0.107
22,78,0.003,0.007,0.109
22,79,0.003,0.008,0.108
22,8,0.001,0.004,0.106
22,80,0.002,0.005,0.115
22,81,0.002,0.004,0.117
22,82,0.003,0.007,0.111
22,83,0.003,0.007,0.112
22,84,0.004,0.009,0.109
22,85,0.003,0.007,0.112
22,86,0.002,0.005,0.116
22,87,0.002,0.005,0.117
22,88,0.002,0.006,0.116
22,89,0.001,0.004,0.123
22,9,0.001,0.003,0.11
22,90,0.001,0.004,0.122
22,91,0.003,0.008,0.112
22,92,0.007,0.016,0.104
22,93,0.002,0.006,0.118
22,94,0.002,0.006,0.118
22,95,0.003,0.007,0.117
22,96,0.007,0.015,0.106
22,97,0.005,0.011,0.11
22,98,0.003,0.008,0.116
22,99,0.001,0.003,0.129
23,10,0.002,0.004,0.105
23,100,0.003,0.007,0.119
23,101,0.005,0.011,0.112
23,102,0.003,0.007,0.12
23,103,0.002,0.005,0.124
23,104,0.001,0.002,0.14
23,105,0.001,0.002,0.136
23,106,0.001,0.002,0.14
23,107,0.001,0.003,0.135
23,108,0.002,0.004,0.129
23,109,0.002,0.005,0.128
23,11,0.002,0.005,0.102
23,110,0.002,0.005,0.128
23,111,0.001,0.004,0.132
23,112,0.003,0.008,0.122
23,113,0.002,0.006,0.127
23,114,0.002,0.004,0.132
23,115,0.002,0.005,0.13
23,116,0.001,0.004,0.135
23,117,0.001,0.003,0.14
23,118,0.002,0.004,0.133
23,119,0.002,0.005,0.132
23,12,0.001,0.004,0.105
23,120,0.002,0.006,0.128
23,121,0.003,0.007,0.128
23,122,0.003,0.007,0.127
23,123,0.004,0.008,0.124
23,124,0.003,0.007,0.128
23,125,0.001,0.004,0.137
23,126,0.002,0.006,0.131
23,127,0.005,0.011,0.121
23,128,0.003,0.006,0.13
23,129,0.004,0.009,0.125
23,13,0.002,0.005,0.101
23,130,0.001,0.004,0.137
23,131,0.002,0.004,0.136
23,132,0.001,0.003,0.141
23,133,0.001,0.003,0.143
23,134,0.002,0.005,0.135
23,135,0.001,0.003,0.144
23,136,0.001,0.002,0.151
23,137,0.002,0.006,0.133
23,138,0.001,0.002,0.149
23,139,0.001,0.002,0.149
23,14,0.0,0.001,0.12
23,140,0.0,0.002,0.152
23,141,0.001,0.002,0.149
23,142,0.001,0.003,0.144
23,143,0.001,0.002,0.148
23,144,0.0,0.002,0.152
23,145,0.001,0.002,0.15
23,146,0.0,0.001,0.157
23,147,0.0,0.001,0.162
23,148,0.0,0.001,0.164
23,149,0.0,0.001,0.164
23,15,0.001,0.002,0.11
23,150,0.0,0.0,0.167
23,151,0.0,0.001,0.157
23,152,0.0,0.001,0.162
23,153,0.0,0.0,0.173
23,154,0.0,0.001,0.162
23,155,0.0,0.001,0.161
23,156,0.0,0.001,0.163
23,157,0.0,0.001,0.161
23,158,0.0,0.0,0.17
23,159,0.0,0.0,0.173
23,16,0.004,0.009,0.093
23,160,0.0,0.0,0.184
23,161,0.0,0.0,0.18
23,162,0.0,0.0,0.167
23,163,0.0,0.0,0.174
23,164,0.0,0.0,0.184
23,165,0.0,0.0,0.182
23,166,0.0,0.0,0.172
23,167,0.0,0.0,0.182
23,168,0.0,0.0,0.18
23,169,0.0,0.0,0.174
23,17,0.0,0.001,0.114
23,170,0.0,0.0,0.17
23,171,0.0,0.0,0.165
23,172,0.0,0.0,0.175
23,173,0.0,0.0,0.185
23,174,0.0,0.0,0.185
23,175,0.0,0.0,0.175
23,176,0.0,0.0,0.173
23,177,0.0,0.0,0.173
23,178,0.0,0.0,0.176
23,179,0.0,0.0,0.17
23,18,0.0,0.001,0.119
23,180,0.0,0.0,0.173
23,181,0.0,0.0,0.172
23,182,0.0,0.0,0.176
23,183,0.0,0.0,0.18
23,184,0.0,0.0,0.181
23,185,0.0,0.0,0.175
23,186,0.0,0.0,0.181
23,187,0.0,0.0,0.189
23,188,0.0,0.0,0.182
23,189,0.0,0.0,0.185
23,19,0.0,0.001,0.114
23,190,0.0,0.0,0.198
23,191,0.0,0.0,0.194
23,192,0.0,0.0,0.182
23,193,0.0,0.0,0.178
23,194,0.0,0.0,0.186
23,195,0.0,0.0,0.179
23,196,0.0,0.0,0.182
23,197,0.0,0.0,0.176
23,198,0.0,0.0,0.189
23,199,0.0,0.0,0.185
23,20,0.0,0.001,0.121
23,200,0.0,0.0,0.183
23,201,0.0,0.0,0.178
23,202,0.0,0.0,0.181
23,203,0.0,0.0,0.186
23,204,0.0,0.0,0.183
23,205,0.0,0.0,0.192
23,206,0.0,0.0,0.184
23,207,0.0,0.0,0.178
23,208,0.0,0.0,0.194
23,209,0.0,0.0,0.188
23,21,0.0,0.002,0.111
23,210,0.0,0.0,0.18
23,211,0.0,0.0,0.204
23,212,0.0,0.0,0.192
23,213,0.0,0.0,0.194
23,214,0.0,0.0,0.188
23,215,0.0,0.0,0.191
23,216,0.0,0.0,0.178
23,217,0.0,0.0,0.189
23,218,0.0,0.0,0.182
23,219,0.0,0.0,0.19
23,22,0.0,0.0,0.124
23,220,0.0,0.0,0.185
23,221,0.0,0.0,0.194
23,222,0.0,0.0,0.202
23,223,0.0,0.0,0.193
23,224,0.0,0.0,0.189
23,225,0.0,0.0,0.197
23,226,0.0,0.0,0.2
23,227,0.0,0.0,0.209
23,228,0.0,0.001,0.192
23,229,0.0,0.0,0.207
23,23,0.0,0.001,0.114
23,230,0.0,0.0,0.209
23,231,0.0,0.001,0.186
23,232,0.0,0.001,0.197
23,233,0.0,0.001,0.194
23,234,0.001,0.002,0.188
23,235,0.001,0.002,0.188
23,236,0.001,0.003,0.186
23,237,0.001,0.002,0.195
23,238,0.001,0.002,0.193
23,239,0.001,0.002,0.2
23,24,0.001,0.003,0.103
23,240,0.002,0.004,0.185
23,241,0.001,0.002,0.204
23,242,0.001,0.002,0.204
23,243,0.001,0.002,0.211
23,244,0.001,0.003,0.202
23,245,0.001,0.002,0.213
23,246,0.001,0.004,0.203
23,247,0.002,0.006,0.196
23,248,0.001,0.003,0.213
23,249,0.001,0.003,0.216
23,25,0.0,0.001,0.122
23,250,0.001,0.002,0.226
23,251,0.003,0.007,0.199
23,26,0.001,0.003,0.106
23,27,0.001,0.002,0.111
23,28,0.0,0.001,0.113
23,29,0.0,0.001,0.116
23,30,0.001,0.002,0.111
23,31,0.001,0.002,0.112
23,32,0.002,0.006,0.098
23,33,0.0,0.001,0.123
23,34,0.001,0.002,0.112
23,35,0.001,0.002,0.11
23,36,0.0,0.001,0.122
23,37,0.001,0.003,0.108
23,38,0.0,0.001,0.119
23,39,0.001,0.002,0.113
23,40,0.001,0.002,0.11
23,41,0.0,0.001,0.118
23,42,0.0,0.001,0.12
23,43,0.004,0.009,0.096
23,44,0.0,0.001,0.12
23,45,0.001,0.003,0.109
23,46,0.005,0.011,0.093
23,47,0.002,0.006,0.101
23,48,0.001,0.003,0.11
23,49,0.009,0.019,0.087
23,50,0.002,0.006,0.103
23,51,0.003,0.007,0.1
23,52,0.016,0.03,0.082
23,53,0.007,0.016,0.091
23,54,0.011,0.023,0.087
23,55,0.008,0.018,0.089
23,56,0.005,0.012,0.096
23,57,0.013,0.026,0.085
23,58,0.008,0.016,0.091
23,59,0.02,0.037,0.081
23,6,0.003,0.008,0.1
23,60,0.018,0.035,0.081
23,61,0.029,0.051,0.076
23,62,0.024,0.043,0.079
23,63,0.007,0.016,0.094
23,64,0.029,0.052,0.077
23,65,0.017,0.032,0.084
23,66,0.01,0.021,0.09
23,67,0.017,0.032,0.085
23,68,0.014,0.027,0.087
23,69,0.002,0.005,0.11
23,7,0.006,0.013,0.093
23,70,0.005,0.011,0.101
23,71,0.002,0.006,0.109
23,72,0.002,0.005,0.114
23,73,0.003,0.007,0.108
23,74,0.004,0.009,0.104
23,75,0.005,0.011,0.103
23,76,0.004,0.009,0.107
23,77,0.001,0.004,0.117
23,78,0.003,0.008,0.109
23,79,0.002,0.005,0.114
23,8,0.001,0.004,0.107
23,80,0.002,0.006,0.114
23,81,0.003,0.007,0.11
23,82,0.001,0.003,0.123
23,83,0.001,0.004,0.12
23,84,0.001,0.003,0.126
23,85,0.001,0.002,0.13
23,86,0.003,0.007,0.113
23,87,0.001,0.003,0.123
23,88,0.001,0.002,0.128
23,89,0.001,0.004,0.122
23,9,0.007,0.015,0.09
23,90,0.002,0.006,0.118
23,91,0.002,0.004,0.123
23,92,0.001,0.003,0.129
23,93,0.001,0.004,0.124
23,94,0.001,0.003,0.129
23,95,0.001,0.003,0.13
23,96,0.002,0.004,0.124
23,97,0.004,0.009,0.115
23,98,0.002,0.006,0.12
23,99,0.001,0.004,0.128
24,10,0.002,0.005,0.102
24,100,0.001,0.002,0.135
24,101,0.001,0.003,0.132
24,102,0.003,0.007,0.122
24,103,0.006,0.014,0.111
24,104,0.001,0.004,0.13
24,105,0.001,0.003,0.135
24,106,0.0,0.001,0.146
24,107,0.0,0.001,0.145
24,108,0.001,0.002,0.141
24,109,0.001,0.002,0.143
24,11,0.005,0.011,0.092
24,110,0.0,0.001,0.146
24,111,0.001,0.002,0.141
24,112,0.001,0.003,0.138
24,113,0.002,0.004,0.133
24,114,0.001,0.004,0.134
24,115,0.0,0.001,0.15
24,116,0.001,0.002,0.143
24,117,0.001,0.002,0.145
24,118,0.001,0.003,0.139
24,119,0.001,0.002,0.148
24,12,0.002,0.004,0.102
24,120,0.001,0.003,0.142
24,121,0.0,0.001,0.155
24,122,0.001,0.002,0.146
24,123,0.001,0.002,0.147
24,124,0.001,0.002,0.148
24,125,0.001,0.003,0.14
24,126,0.004,0.008,0.126
24,127,0.002,0.006,0.133
24,128,0.002,0.004,0.138
24,129,0.001,0.002,0.149
24,13,0.001,0.002,0.11
24,130,0.001,0.004,0.138
24,131,0.002,0.005,0.135
24,132,0.003,0.007,0.13
24,133,0.001,0.004,0.14
24,134,0.001,0.003,0.145
24,135,0.001,0.004,0.139
24,136,0.005,0.012,0.122
24,137,0.004,0.009,0.126
24,138,0.002,0.005,0.137
24,139,0.002,0.006,0.134
24,14,0.002,0.006,0.098
24,140,0.002,0.005,0.135
24,141,0.002,0.005,0.137
24,142,0.001,0.002,0.151
24,143,0.001,0.002,0.152
24,144,0.0,0.001,0.153
24,145,0.0,0.0,0.174
24,146,0.0,0.001,0.161
24,147,0.0,0.001,0.157
24,148,0.0,0.001,0.158
24,149,0.0,0.0,0.176
24,15,0.001,0.004,0.103
24,150,0.0,0.0,0.18
24,151,0.0,0.0,0.179
24,152,0.0,0.0,0.179
24,153,0.0,0.0,0.178
24,154,0.0,0.001,0.16
24,155,0.0,0.0,0.168
24,156,0.0,0.0,0.179
24,157,0.0,0.001,0.166
24,158,0.0,0.001,0.165
24,159,0.0,0.0,0.17
24,16,0.002,0.005,0.099
24,160,0.0,0.0,0.173
24,161,0.0,0.0,0.166
24,162,0.0,0.0,0.182
24,163,0.0,0.0,0.169
24,164,0.0,0.001,0.158
24,165,0.001,0.002,0.149
24,166,0.0,0.001,0.163
24,167,0.0,0.0,0.169
24,168,0.0,0.0,0.167
24,169,0.0,0.0,0.173
24,17,0.0,0.001,0.116
24,170,0.0,0.0,0.173
24,171,0.0,0.0,0.168
24,172,0.0,0.001,0.163
24,173,0.0,0.0,0.174
24,174,0.0,0.0,0.168
24,175,0.0,0.0,0.174
24,176,0.0,0.0,0.169
24,177,0.0,0.0,0.176
24,178,0.0,0.0,0.168
24,179,0.0,0.0,0.175
24,18,0.002,0.004,0.101
24,180,0.0,0.0,0.168
24,181,0.0,0.0,0.166
24,182,0.0,0.0,0.169
24,183,0.0,0.0,0.173
24,184,0.0,0.0,0.181
24,185,0.0,0.0,0.173
24,186,0.0,0.0,0.176
24,187,0.0,0.0,0.168
24,188,0.0,0.0,0.175
24,189,0.0,0.0,0.172
24,19,0.001,0.002,0.11
24,190,0.0,0.0,0.17
24,191,0.0,0.0,0.165
24,192,0.0,0.0,0.178
24,193,0.0,0.0,0.181
24,194,0.0,0.0,0.187
24,195,0.0,0.0,0.182
24,196,0.0,0.0,0.183
24,197,0.0,0.0,0.19
24,198,0.0,0.0,0.182
24,199,0.0,0.0,0.177
24,20,0.001,0.003,0.106
24,200,0.0,0.0,0.176
24,201,0.0,0.0,0.182
24,202,0.0,0.0,0.189
24,203,0.0,0.0,0.184
24,204,0.0,0.0,0.183
24,205,0.0,0.0,0.179
24,206,0.0,0.0,0.182
24,207,0.0,0.0,0.182
24,208,0.0,0.0,0.188
24,209,0.0,0.0,0.185
24,21,0.002,0.005,0.098
24,210,0.0,0.0,0.182
24,211,0.0,0.0,0.171
24,212,0.0,0.0,0.184
24,213,0.0,0.0,0.186
24,214,0.0,0.0,0.189
24,215,0.0,0.0,0.189
24,216,0.0,0.001,0.175
24,217,0.0,0.0,0.186
24,218,0.0,0.0,0.184
24,219,0.0,0.0,0.182
24,22,0.002,0.005,0.1
24,220,0.0,0.0,0.182
24,221,0.0,0.001,0.169
24,222,0.0,0.0,0.187
24,223,0.0,0.0,0.195
24,224,0.001,0.002,0.167
24,225,0.0,0.001,0.188
24,226,0.0,0.0,0.195
24,227,0.0,0.001,0.183
24,228,0.0,0.0,0.202
24,229,0.0,0.001,0.186
24,23,0.001,0.003,0.106
24,230,0.0,0.001,0.184
24,231,0.0,0.001,0.185
24,232,0.001,0.002,0.184
24,233,0.0,0.001,0.204
24,234,0.0,0.001,0.197
24,235,0.0,0.0,0.21
24,236,0.0,0.001,0.205
24,237,0.0,0.001,0.206
24,238,0.0,0.001,0.215
24,239,0.0,0.001,0.219
24,24,0.001,0.003,0.107
24,240,0.0,0.001,0.216
24,241,0.0,0.001,0.214
24,242,0.0,0.001,0.212
24,243,0.0,0.001,0.22
24,244,0.0,0.001,0.22
24,245,0.0,0.001,0.225
24,246,0.0,0.001,0.221
24,247,0.001,0.002,0.22
24,248,0.0,0.002,0.226
24,249,0.001,0.002,0.226
24,25,0.001,0.002,0.109
24,250,0.001,0.002,0.225
24,251,0.001,0.002,0.225
24,26,0.001,0.003,0.106
24,27,0.001,0.003,0.106
24,28,0.001,0.002,0.109
24,29,0.001,0.002,0.112
24,30,0.001,0.002,0.108
24,31,0.0,0.001,0.12
24,32,0.001,0.003,0.105
24,33,0.003,0.007,0.097
24,34,0.0,0.001,0.118
24,35,0.001,0.002,0.111
24,36,0.001,0.002,0.112
24,37,0.0,0.001,0.124
24,38,0.0,0.001,0.12
24,39,0.001,0.003,0.109
24,40,0.001,0.003,0.107
24,41,0.001,0.004,0.105
24,42,0.001,0.002,0.112
24,43,0.001,0.003,0.11
24,44,0.0,0.001,0.117
24,45,0.001,0.004,0.107
24,46,0.001,0.003,0.109
24,47,0.0,0.001,0.119
24,48,0.001,0.003,0.109
24,49,0.002,0.005,0.104
24,50,0.002,0.006,0.103
24,51,0.001,0.003,0.112
24,52,0.001,0.004,0.11
24,53,0.001,0.003,0.111
24,54,0.001,0.003,0.113
24,55,0.004,0.008,0.1
24,56,0.002,0.006,0.105
24,57,0.002,0.004,0.109
24,58,0.008,0.017,0.092
24,59,0.007,0.014,0.094
24,6,0.002,0.006,0.103
24,60,0.001,0.002,0.116
24,61,0.007,0.015,0.094
24,62,0.003,0.008,0.103
24,63,0.003,0.007,0.104
24,64,0.001,0.004,0.113
24,65,0.004,0.009,0.102
24,66,0.012,0.024,0.089
24,67,0.007,0.014,0.097
24,68,0.002,0.006,0.109
24,69,0.004,0.009,0.104
24,7,0.001,0.002,0.112
24,70,0.006,0.014,0.098
24,71,0.004,0.01,0.103
24,72,0.002,0.005,0.112
24,73,0.002,0.005,0.113
24,74,0.004,0.01,0.105
24,75,0.003,0.007,0.111
24,76,0.004,0.009,0.106
24,77,0.002,0.005,0.115
24,78,0.002,0.005,0.115
24,79,0.001,0.002,0.127
24,8,0.001,0.003,0.109
24,80,0.001,0.004,0.12
24,81,0.002,0.004,0.119
24,82,0.0,0.002,0.131
24,83,0.001,0.002,0.127
24,84,0.001,0.003,0.123
24,85,0.001,0.002,0.129
24,86,0.002,0.005,0.119
24,87,0.002,0.005,0.12
24,88,0.001,0.004,0.122
24,89,0.001,0.004,0.123
24,9,0.003,0.008,0.097
24,90,0.002,0.005,0.121
24,91,0.001,0.003,0.126
24,92,0.001,0.003,0.127
24,93,0.002,0.004,0.124
24,94,0.003,0.006,0.119
24,95,0.001,0.004,0.127
24,96,0.001,0.002,0.132
24,97,0.003,0.007,0.12
24,98,0.001,0.002,0.138
24,99,0.001,0.003,0.13
25,10,0.001,0.002,0.113
25,100,0.001,0.004,0.13
25,101,0.001,0.004,0.131
25,102,0.001,0.003,0.136
25,103,0.0,0.001,0.144
25,104,0.001,0.002,0.144
25,105,0.0,0.001,0.147
25,106,0.001,0.002,0.141
25,107,0.001,0.002,0.143
25,108,0.001,0.003,0.138
25,109,0.0,0.001,0.149
25,11,0.006,0.013,0.091
25,110,0.0,0.0,0.163
25,111,0.0,0.001,0.149
25,112,0.0,0.001,0.157
25,113,0.0,0.001,0.15
25,114,0.001,0.003,0.14
25,115,0.001,0.002,0.147
25,116,0.001,0.002,0.146
25,117,0.0,0.001,0.151
25,118,0.001,0.002,0.147
25,119,0.001,0.002,0.147
25,12,0.0,0.001,0.116
25,120,0.004,0.009,0.125
25,121,0.002,0.006,0.131
25,122,0.002,0.005,0.136
25,123,0.001,0.004,0.14
25,124,0.001,0.003,0.142
25,125,0.0,0.001,0.154
25,126,0.0,0.001,0.159
25,127,0.0,0.001,0.155
25,128,0.001,0.002,0.151
25,129,0.0,0.001,0.156
25,13,0.001,0.002,0.108
25,130,0.001,0.002,0.148
25,131,0.001,0.002,0.151
25,132,0.001,0.002,0.152
25,133,0.001,0.003,0.146
25,134,0.001,0.002,0.149
25,135,0.001,0.002,0.151
25,136,0.0,0.001,0.156
25,137,0.001,0.002,0.149
25,138,0.001,0.003,0.145
25,139,0.001,0.003,0.143
25,14,0.0,0.0,0.127
25,140,0.001,0.002,0.148
25,141,0.001,0.002,0.149
25,142,0.001,0.003,0.146
25,143,0.0,0.001,0.165
25,144,0.0,0.001,0.157
25,145,0.0,0.001,0.156
25,146,0.0,0.001,0.155
25,147,0.0,0.001,0.157
25,148,0.001,0.002,0.15
25,149,0.0,0.001,0.157
25,15,0.0,0.0,0.125
25,150,0.0,0.001,0.159
25,151,0.0,0.001,0.168
25,152,0.0,0.0,0.175
25,153,0.0,0.001,0.168
25,154,0.0,0.0,0.172
25,155,0.0,0.0,0.173
25,156,0.0,0.0,0.182
25,157,0.0,0.0,0.185
25,158,0.0,0.0,0.169
25,159,0.0,0.0,0.169
25,16,0.0,0.001,0.118
25,160,0.0,0.001,0.167
25,161,0.0,0.0,0.171
25,162,0.0,0.001,0.163
25,163,0.0,0.001,0.157
25,164,0.0,0.001,0.163
25,165,0.0,0.0,0.167
25,166,0.0,0.0,0.186
25,167,0.0,0.0,0.184
25,168,0.0,0.001,0.163
25,169,0.0,0.001,0.156
25,17,0.0,0.002,0.112
25,170,0.0,0.0,0.173
25,171,0.0,0.0,0.165
25,172,0.0,0.0,0.169
25,173,0.0,0.0,0.171
25,174,0.0,0.001,0.164
25,175,0.0,0.0,0.178
25,176,0.0,0.0,0.178
25,177,0.0,0.0,0.167
25,178,0.0,0.001,0.16
25,179,0.0,0.0,0.165
25,18,0.0,0.0,0.123
25,180,0.0,0.0,0.17
25,181,0.0,0.0,0.171
25,182,0.0,0.0,0.169
25,183,0.0,0.0,0.165
25,184,0.0,0.001,0.158
25,185,0.0,0.001,0.156
25,186,0.0,0.0,0.165
25,187,0.0,0.0,0.17
25,188,0.0,0.0,0.163
25,189,0.0,0.001,0.149
25,19,0.0,0.0,0.129
25,190,0.0,0.0,0.166
25,191,0.0,0.0,0.171
25,192,0.0,0.0,0.162
25,193,0.0,0.0,0.164
25,194,0.0,0.0,0.169
25,195,0.0,0.0,0.171
25,196,0.0,0.0,0.174
25,197,0.0,0.0,0.167
25,198,0.0,0.0,0.163
25,199,0.0,0.001,0.161
25,20,0.0,0.0,0.129
25,200,0.0,0.0,0.171
25,201,0.0,0.0,0.169
25,202,0.0,0.0,0.164
25,203,0.0,0.0,0.169
25,204,0.0,0.0,0.178
25,205,0.0,0.0,0.182
25,206,0.0,0.0,0.189
25,207,0.0,0.0,0.167
25,208,0.0,0.0,0.177
25,209,0.0,0.0,0.181
25,21,0.0,0.0,0.128
25,210,0.0,0.0,0.188
25,211,0.0,0.0,0.172
25,212,0.0,0.0,0.172
25,213,0.0,0.001,0.169
25,214,0.0,0.0,0.182
25,215,0.0,0.0,0.178
25,216,0.0,0.0,0.178
25,217,0.0,0.001,0.175
25,218,0.0,0.0,0.196
25,219,0.0,0.0,0.193
25,22,0.0,0.001,0.118
25,220,0.0,0.0,0.187
25,221,0.0,0.0,0.191
25,222,0.0,0.0,0.19
25,223,0.0,0.001,0.172
25,224,0.0,0.001,0.175
25,225,0.0,0.0,0.192
25,226,0.0,0.001,0.186
25,227,0.0,0.001,0.181
25,228,0.0,0.0,0.202
25,229,0.0,0.001,0.194
25,23,0.0,0.001,0.114
25,230,0.0,0.001,0.191
25,231,0.0,0.001,0.191
25,232,0.0,0.001,0.185
25,233,0.0,0.0,0.204
25,234,0.0,0.0,0.207
25,235,0.0,0.001,0.203
25,236,0.0,0.001,0.205
25,237,0.0,0.001,0.198
25,238,0.0,0.001,0.202
25,239,0.0,0.001,0.201
25,24,0.0,0.0,0.127
25,240,0.001,0.002,0.201
25,241,0.0,0.001,0.206
25,242,0.001,0.003,0.197
25,243,0.001,0.002,0.208
25,244,0.002,0.004,0.194
25,245,0.001,0.003,0.206
25,246,0.001,0.002,0.218
25,247,0.001,0.002,0.215
25,248,0.001,0.003,0.211
25,249,0.002,0.005,0.205
25,25,0.0,0.001,0.115
25,250,0.001,0.004,0.211
25,251,0.002,0.006,0.202
25,26,0.0,0.001,0.115
25,27,0.0,0.0,0.135
25,28,0.0,0.001,0.116
25,29,0.0,0.001,0.121
25,30,0.0,0.0,0.125
25,31,0.0,0.001,0.119
25,32,0.0,0.0,0.133
25,33,0.0,0.0,0.134
25,34,0.0,0.0,0.125
25,35,0.0,0.001,0.124
25,36,0.0,0.001,0.123
25,37,0.0,0.001,0.123
25,38,0.0,0.0,0.126
25,39,0.0,0.0,0.13
25,40,0.001,0.002,0.112
25,41,0.001,0.003,0.109
25,42,0.0,0.0,0.127
25,43,0.0,0.001,0.124
25,44,0.002,0.005,0.103
25,45,0.0,0.001,0.127
25,46,0.0,0.001,0.117
25,47,0.001,0.002,0.115
25,48,0.001,0.002,0.114
25,49,0.004,0.008,0.099
25,50,0.001,0.003,0.111
25,51,0.003,0.007,0.102
25,52,0.002,0.005,0.106
25,53,0.005,0.012,0.096
25,54,0.0,0.001,0.125
25,55,0.002,0.005,0.107
25,56,0.002,0.005,0.107
25,57,0.003,0.007,0.104
25,58,0.008,0.017,0.092
25,59,0.013,0.025,0.087
25,6,0.01,0.02,0.088
25,60,0.011,0.022,0.089
25,61,0.013,0.027,0.086
25,62,0.011,0.022,0.089
25,63,0.013,0.026,0.087
25,64,0.005,0.011,0.1
25,65,0.01,0.021,0.091
25,66,0.003,0.007,0.106
25,67,0.002,0.005,0.11
25,68,0.006,0.014,0.098
25,69,0.008,0.017,0.095
25,7,0.003,0.007,0.1
25,70,0.005,0.012,0.101
25,71,0.016,0.031,0.087
25,72,0.006,0.012,0.101
25,73,0.003,0.007,0.11
25,74,0.008,0.017,0.097
25,75,0.007,0.014,0.1
25,76,0.007,0.016,0.099
25,77,0.009,0.019,0.097
25,78,0.005,0.011,0.105
25,79,0.004,0.009,0.109
25,8,0.007,0.015,0.09
25,80,0.002,0.005,0.117
25,81,0.003,0.006,0.114
25,82,0.001,0.003,0.124
25,83,0.001,0.003,0.125
25,84,0.006,0.014,0.104
25,85,0.002,0.006,0.116
25,86,0.001,0.002,0.13
25,87,0.001,0.004,0.124
25,88,0.001,0.004,0.125
25,89,0.001,0.002,0.131
25,9,0.001,0.003,0.109
25,90,0.0,0.002,0.137
25,91,0.0,0.001,0.139
25,92,0.0,0.001,0.143
25,93,0.001,0.003,0.127
25,94,0.001,0.003,0.128
25,95,0.001,0.002,0.133
25,96,0.0,0.001,0.14
25,97,0.0,0.001,0.142
25,98,0.001,0.002,0.14
25,99,0.002,0.006,0.123
26,10,0.002,0.005,0.104
26,100,0.002,0.004,0.129
26,101,0.003,0.007,0.123
26,102,0.002,0.005,0.129
26,103,0.001,0.003,0.137
26,104,0.001,0.003,0.135
26,105,0.002,0.004,0.131
26,106,0.001,0.002,0.146
26,107,0.001,0.003,0.138
26,108,0.002,0.004,0.134
26,109,0.001,0.003,0.14
26,11,0.001,0.002,0.112
26,110,0.001,0.002,0.144
26,111,0.0,0.001,0.151
26,112,0.001,0.002,0.146
26,113,0.001,0.002,0.144
26,114,0.001,0.003,0.144
26,115,0.002,0.005,0.135
26,116,0.0,0.001,0.155
26,117,0.0,0.001,0.162
26,118,0.001,0.002,0.146
26,119,0.0,0.001,0.154
26,12,0.0,0.002,0.114
26,120,0.0,0.001,0.153
26,121,0.0,0.001,0.158
26,122,0.001,0.002,0.151
26,123,0.001,0.002,0.149
26,124,0.001,0.002,0.148
26,125,0.001,0.003,0.143
26,126,0.001,0.002,0.149
26,127,0.0,0.001,0.156
26,128,0.0,0.001,0.157
26,129,0.001,0.002,0.153
26,13,0.0,0.001,0.121
26,130,0.0,0.001,0.157
26,131,0.0,0.001,0.168
26,132,0.0,0.001,0.155
26,133,0.0,0.001,0.166
26,134,0.0,0.0,0.17
26,135,0.0,0.001,0.168
26,136,0.0,0.001,0.162
26,137,0.0,0.001,0.16
26,138,0.0,0.001,0.162
26,139,0.0,0.001,0.162
26,14,0.0,0.001,0.121
26,140,0.0,0.001,0.165
26,141,0.0,0.001,0.162
26,142,0.0,0.001,0.17
26,143,0.0,0.0,0.174
26,144,0.0,0.001,0.163
26,145,0.0,0.001,0.168
26,146,0.0,0.001,0.162
26,147,0.0,0.001,0.161
26,148,0.0,0.001,0.162
26,149,0.0,0.001,0.162
26,15,0.0,0.001,0.114
26,150,0.001,0.002,0.155
26,151,0.0,0.001,0.162
26,152,0.0,0.001,0.157
26,153,0.0,0.001,0.167
26,154,0.0,0.0,0.172
26,155,0.0,0.001,0.163
26,156,0.0,0.001,0.159
26,157,0.0,0.001,0.167
26,158,0.0,0.0,0.174
26,159,0.0,0.001,0.168
26,16,0.0,0.001,0.118
26,160,0.0,0.0,0.17
26,161,0.0,0.001,0.169
26,162,0.0,0.001,0.157
26,163,0.0,0.0,0.173
26,164,0.0,0.0,0.173
26,165,0.0,0.0,0.17
26,166,0.0,0.001,0.154
26,167,0.0,0.001,0.159
26,168,0.0,0.001,0.165
26,169,0.001,0.002,0.148
26,17,0.0,0.0,0.125
26,170,0.001,0.002,0.148
26,171,0.0,0.001,0.153
26,172,0.0,0.001,0.157
26,173,0.0,0.001,0.162
26,174,0.0,0.0,0.167
26,175,0.0,0.001,0.163
26,176,0.0,0.001,0.153
26,177,0.0,0.001,0.158
26,178,0.001,0.002,0.145
26,179,0.0,0.001,0.161
26,18,0.0,0.001,0.116
26,180,0.0,0.001,0.163
26,181,0.0,0.001,0.155
26,182,0.0,0.001,0.15
26,183,0.001,0.002,0.146
26,184,0.001,0.002,0.147
26,185,0.0,0.001,0.161
26,186,0.0,0.0,0.167
26,187,0.0,0.001,0.151
26,188,0.0,0.001,0.158
26,189,0.0,0.001,0.158
26,19,0.001,0.002,0.107
26,190,0.0,0.0,0.164
26,191,0.0,0.001,0.16
26,192,0.0,0.0,0.176
26,193,0.0,0.001,0.157
26,194,0.0,0.001,0.161
26,195,0.0,0.0,0.174
26,196,0.0,0.0,0.181
26,197,0.0,0.0,0.18
26,198,0.0,0.0,0.176
26,199,0.0,0.0,0.168
26,20,0.0,0.0,0.132
26,200,0.0,0.0,0.172
26,201,0.0,0.0,0.176
26,202,0.0,0.0,0.183
26,203,0.0,0.0,0.172
26,204,0.0,0.0,0.174
26,205,0.0,0.0,0.175
26,206,0.0,0.0,0.17
26,207,0.0,0.0,0.176
26,208,0.0,0.0,0.179
26,209,0.0,0.0,0.173
26,21,0.0,0.001,0.116
26,210,0.0,0.0,0.174
26,211,0.0,0.0,0.175
26,212,0.0,0.0,0.181
26,213,0.0,0.0,0.174
26,214,0.0,0.0,0.18
26,215,0.0,0.0,0.184
26,216,0.0,0.0,0.187
26,217,0.0,0.0,0.184
26,218,0.0,0.0,0.176
26,219,0.0,0.001,0.172
26,22,0.0,0.002,0.112
26,220,0.0,0.001,0.173
26,221,0.0,0.0,0.183
26,222,0.0,0.0,0.186
26,223,0.0,0.0,0.19
26,224,0.0,0.001,0.178
26,225,0.0,0.001,0.184
26,226,0.0,0.0,0.192
26,227,0.0,0.001,0.189
26,228,0.0,0.001,0.177
26,229,0.0,0.001,0.189
26,23,0.001,0.002,0.111
26,230,0.0,0.0,0.205
26,231,0.0,0.001,0.191
26,232,0.0,0.0,0.211
26,233,0.0,0.001,0.195
26,234,0.0,0.001,0.205
26,235,0.0,0.001,0.206
26,236,0.0,0.001,0.199
26,237,0.001,0.002,0.192
26,238,0.0,0.001,0.209
26,239,0.0,0.001,0.2
26,24,0.0,0.001,0.118
26,240,0.0,0.001,0.211
26,241,0.0,0.001,0.214
26,242,0.0,0.001,0.219
26,243,0.001,0.002,0.205
26,244,0.0,0.001,0.214
26,245,0.0,0.001,0.216
26,246,0.001,0.002,0.21
26,247,0.0,0.002,0.222
26,248,0.0,0.002,0.225
26,249,0.0,0.001,0.233
26,25,0.001,0.002,0.109
26,250,0.0,0.001,0.238
26,251,0.0,0.001,0.236
26,26,0.001,0.003,0.105
26,27,0.0,0.001,0.121
26,28,0.0,0.001,0.12
26,29,0.001,0.004,0.104
26,30,0.0,0.001,0.115
26,31,0.0,0.001,0.116
26,32,0.0,0.001,0.117
26,33,0.0,0.001,0.115
26,34,0.0,0.001,0.122
26,35,0.0,0.0,0.128
26,36,0.0,0.001,0.121
26,37,0.0,0.001,0.115
26,38,0.0,0.001,0.115
26,39,0.0,0.001,0.115
26,40,0.0,0.001,0.119
26,41,0.0,0.001,0.121
26,42,0.002,0.004,0.105
26,43,0.0,0.002,0.116
26,44,0.001,0.002,0.113
26,45,0.002,0.005,0.104
26,46,0.001,0.003,0.109
26,47,0.001,0.004,0.108
26,48,0.002,0.004,0.106
26,49,0.003,0.007,0.101
26,50,0.003,0.007,0.102
26,51,0.007,0.015,0.092
26,52,0.002,0.005,0.107
26,53,0.001,0.004,0.11
26,54,0.002,0.005,0.107
26,55,0.002,0.006,0.106
26,56,0.002,0.005,0.107
26,57,0.003,0.006,0.105
26,58,0.0,0.001,0.124
26,59,0.001,0.002,0.121
26,6,0.002,0.005,0.106
26,60,0.001,0.003,0.115
26,61,0.002,0.004,0.112
26,62,0.002,0.006,0.108
26,63,0.003,0.006,0.107
26,64,0.002,0.005,0.112
26,65,0.001,0.002,0.12
26,66,0.001,0.004,0.114
26,67,0.003,0.007,0.108
26,68,0.002,0.006,0.109
26,69,0.002,0.006,0.111
26,7,0.005,0.011,0.096
26,70,0.002,0.005,0.112
26,71,0.005,0.011,0.103
26,72,0.003,0.007,0.109
26,73,0.003,0.008,0.108
26,74,0.002,0.006,0.112
26,75,0.01,0.02,0.096
26,76,0.006,0.014,0.102
26,77,0.003,0.006,0.113
26,78,0.004,0.01,0.107
26,79,0.01,0.021,0.096
26,8,0.005,0.011,0.096
26,80,0.004,0.009,0.11
26,81,0.001,0.004,0.122
26,82,0.004,0.009,0.111
26,83,0.005,0.012,0.107
26,84,0.004,0.009,0.112
26,85,0.003,0.008,0.114
26,86,0.001,0.002,0.131
26,87,0.001,0.003,0.13
26,88,0.002,0.006,0.119
26,89,0.004,0.009,0.115
26,9,0.002,0.005,0.105
26,90,0.002,0.006,0.12
26,91,0.004,0.01,0.114
26,92,0.004,0.01,0.115
26,93,0.004,0.009,0.115
26,94,0.002,0.006,0.123
26,95,0.002,0.006,0.124
26,96,0.002,0.005,0.126
26,97,0.001,0.002,0.138
26,98,0.001,0.002,0.136
26,99,0.001,0.004,0.131
27,10,0.0,0.001,0.125
27,100,0.002,0.004,0.131
27,101,0.0,0.001,0.147
27,102,0.0,0.001,0.147
27,103,0.001,0.003,0.137
27,104,0.001,0.002,0.144
27,105,0.001,0.002,0.142
27,106,0.0,0.001,0.156
27,107,0.001,0.002,0.144
27,108,0.0,0.002,0.149
27,109,0.0,0.001,0.153
27,11,0.0,0.001,0.125
27,110,0.0,0.001,0.162
27,111,0.0,0.001,0.159
27,112,0.0,0.001,0.158
27,113,0.0,0.001,0.152
27,114,0.001,0.003,0.143
27,115,0.001,0.003,0.142
27,116,0.001,0.002,0.151
27,117,0.0,0.001,0.158
27,118,0.001,0.002,0.148
27,119,0.001,0.002,0.148
27,12,0.0,0.0,0.127
27,120,0.001,0.003,0.146
27,121,0.0,0.001,0.16
27,122,0.0,0.001,0.16
27,123,0.0,0.001,0.163
27,124,0.0,0.0,0.17
27,125,0.0,0.001,0.167
27,126,0.0,0.0,0.173
27,127,0.0,0.001,0.162
27,128,0.0,0.001,0.167
27,129,0.0,0.0,0.176
27,13,0.0,0.0,0.137
27,130,0.0,0.0,0.179
27,131,0.0,0.0,0.181
27,132,0.0,0.0,0.177
27,133,0.0,0.001,0.164
27,134,0.0,0.001,0.171
27,135,0.0,0.001,0.158
27,136,0.0,0.001,0.168
27,137,0.0,0.001,0.172
27,138,0.0,0.001,0.171
27,139,0.0,0.0,0.176
27,14,0.0,0.0,0.136
27,140,0.0,0.001,0.169
27,141,0.0,0.0,0.177
27,142,0.0,0.0,0.176
27,143,0.0,0.0,0.177
27,144,0.0,0.001,0.17
27,145,0.0,0.0,0.179
27,146,0.0,0.0,0.174
27,147,0.0,0.001,0.168
27,148,0.0,0.001,0.166
27,149,0.0,0.0,0.177
27,15,0.0,0.0,0.126
27,150,0.0,0.0,0.172
27,151,0.0,0.001,0.17
27,152,0.001,0.002,0.155
27,153,0.0,0.001,0.16
27,154,0.001,0.002,0.156
27,155,0.001,0.002,0.154
27,156,0.001,0.002,0.155
27,157,0.0,0.001,0.163
27,158,0.0,0.001,0.17
27,159,0.0,0.001,0.163
27,16,0.0,0.001,0.121
27,160,0.0,0.001,0.163
27,161,0.0,0.001,0.168
27,162,0.0,0.0,0.175
27,163,0.0,0.0,0.178
27,164,0.0,0.0,0.176
27,165,0.0,0.001,0.164
27,166,0.0,0.001,0.167
27,167,0.0,0.0,0.173
27,168,0.0,0.0,0.176
27,169,0.0,0.001,0.165
27,17,0.0,0.0,0.13
27,170,0.0,0.001,0.162
27,171,0.0,0.0,0.173
27,172,0.0,0.0,0.18
27,173,0.0,0.001,0.161
27,174,0.0,0.001,0.159
27,175,0.0,0.001,0.166
27,176,0.0,0.001,0.16
27,177,0.0,0.001,0.165
27,178,0.0,0.0,0.17
27,179,0.0,0.0,0.183
27,18,0.0,0.001,0.116
27,180,0.0,0.0,0.165
27,181,0.0,0.0,0.173
27,182,0.0,0.0,0.175
27,183,0.0,0.0,0.177
27,184,0.0,0.001,0.161
27,185,0.0,0.0,0.169
27,186,0.0,0.0,0.176
27,187,0.0,0.0,0.177
27,188,0.0,0.0,0.175
27,189,0.0,0.0,0.177
27,19,0.0,0.001,0.115
27,190,0.0,0.001,0.163
27,191,0.0,0.0,0.164
27,192,0.0,0.0,0.165
27,193,0.0,0.0,0.165
27,194,0.0,0.0,0.166
27,195,0.0,0.001,0.163
27,196,0.0,0.0,0.163
27,197,0.0,0.0,0.168
27,198,0.0,0.0,0.17
27,199,0.0,0.0,0.175
27,20,0.0,0.001,0.122
27,200,0.0,0.0,0.167
27,201,0.0,0.0,0.165
27,202,0.0,0.0,0.165
27,203,0.0,0.0,0.171
27,204,0.0,0.0,0.172
27,205,0.0,0.0,0.179
27,206,0.0,0.0,0.181
27,207,0.0,0.0,0.183
27,208,0.0,0.0,0.181
27,209,0.0,0.0,0.192
27,21,0.0,0.001,0.115
27,210,0.0,0.0,0.183
27,211,0.0,0.0,0.182
27,212,0.0,0.0,0.188
27,213,0.0,0.0,0.195
27,214,0.0,0.0,0.189
27,215,0.0,0.0,0.189
27,216,0.0,0.0,0.197
27,217,0.0,0.0,0.209
27,218,0.0,0.0,0.207
27,219,0.0,0.0,0.206
27,22,0.002,0.004,0.102
27,220,0.0,0.0,0.186
27,221,0.0,0.0,0.196
27,222,0.0,0.0,0.206
27,223,0.0,0.0,0.195
27,224,0.0,0.0,0.198
27,225,0.0,0.0,0.2
27,226,0.0,0.0,0.2
27,227,0.0,0.0,0.204
27,228,0.0,0.0,0.202
27,229,0.0,0.0,0.197
27,23,0.0,0.001,0.123
27,230,0.0,0.0,0.214
27,231,0.0,0.0,0.211
27,232,0.0,0.0,0.222
27,233,0.0,0.0,0.212
27,234,0.0,0.0,0.219
27,235,0.0,0.0,0.214
27,236,0.0,0.0,0.218
27,237,0.0,0.0,0.22
27,238,0.0,0.001,0.213
27,239,0.0,0.0,0.22
27,24,0.0,0.001,0.113
27,240,0.0,0.001,0.21
27,241,0.0,0.001,0.214
27,242,0.0,0.001,0.21
27,243,0.001,0.003,0.195
27,244,0.001,0.003,0.2
27,245,0.001,0.003,0.202
27,246,0.001,0.002,0.213
27,247,0.001,0.002,0.219
27,248,0.001,0.003,0.211
27,249,0.001,0.003,0.214
27,25,0.0,0.001,0.12
27,250,0.001,0.002,0.222
27,251,0.001,0.002,0.226
27,26,0.0,0.001,0.116
27,27,0.0,0.001,0.113
27,28,0.0,0.001,0.119
27,29,0.0,0.0,0.13
27,30,0.0,0.001,0.122
27,31,0.001,0.002,0.108
27,32,0.0,0.001,0.114
27,33,0.0,0.001,0.123
27,34,0.0,0.001,0.116
27,35,0.001,0.002,0.11
27,36,0.0,0.0,0.136
27,37,0.0,0.0,0.127
27,38,0.001,0.002,0.111
27,39,0.0,0.001,0.123
27,40,0.002,0.004,0.104
27,41,0.0,0.0,0.134
27,42,0.002,0.005,0.102
27,43,0.001,0.002,0.115
27,44,0.0,0.001,0.119
27,45,0.0,0.001,0.121
27,46,0.0,0.001,0.124
27,47,0.001,0.003,0.113
27,48,0.001,0.003,0.112
27,49,0.0,0.001,0.123
27,50,0.001,0.002,0.116
27,51,0.001,0.002,0.116
27,52,0.0,0.001,0.121
27,53,0.001,0.004,0.11
27,54,0.001,0.003,0.113
27,55,0.001,0.002,0.116
27,56,0.002,0.004,0.11
27,57,0.001,0.002,0.12
27,58,0.003,0.007,0.105
27,59,0.004,0.009,0.102
27,6,0.0,0.001,0.123
27,60,0.002,0.004,0.111
27,61,0.008,0.016,0.094
27,62,0.003,0.006,0.107
27,63,0.001,0.003,0.117
27,64,0.001,0.004,0.114
27,65,0.001,0.004,0.114
27,66,0.006,0.014,0.098
27,67,0.006,0.013,0.1
27,68,0.001,0.003,0.121
27,69,0.002,0.005,0.114
27,7,0.001,0.003,0.111
27,70,0.001,0.004,0.117
27,71,0.0,0.001,0.129
27,72,0.001,0.004,0.117
27,73,0.001,0.002,0.124
27,74,0.002,0.005,0.114
27,75,0.003,0.007,0.111
27,76,0.001,0.002,0.127
27,77,0.001,0.002,0.126
27,78,0.001,0.002,0.126
27,79,0.002,0.006,0.115
27,8,0.0,0.001,0.12
27,80,0.001,0.002,0.13
27,81,0.0,0.002,0.134
27,82,0.002,0.005,0.118
27,83,0.001,0.003,0.127
27,84,0.002,0.004,0.122
27,85,0.001,0.004,0.125
27,86,0.001,0.003,0.131
27,87,0.001,0.002,0.137
27,88,0.001,0.002,0.133
27,89,0.001,0.003,0.129
27,9,0.0,0.001,0.12
27,90,0.002,0.004,0.126
27,91,0.001,0.003,0.133
27,92,0.001,0.003,0.132
27,93,0.0,0.001,0.142
27,94,0.0,0.001,0.142
27,95,0.0,0.002,0.142
27,96,0.001,0.003,0.132
27,97,0.001,0.002,0.138
27,98,0.0,0.001,0.156
27,99,0.001,0.003,0.135
28,10,0.0,0.001,0.124
28,100,0.006,0.012,0.116
28,101,0.005,0.011,0.118
28,102,0.004,0.009,0.122
28,103,0.004,0.01,0.121
28,104,0.002,0.006,0.129
28,105,0.002,0.004,0.135
28,106,0.003,0.007,0.128
28,107,0.004,0.009,0.124
28,108,0.003,0.006,0.13
28,109,0.002,0.005,0.135
28,11,0.001,0.003,0.108
28,110,0.001,0.003,0.14
28,111,0.003,0.006,0.13
28,112,0.002,0.005,0.135
28,113,0.001,0.004,0.139
28,114,0.001,0.002,0.149
28,115,0.001,0.002,0.151
28,116,0.001,0.004,0.14
28,117,0.001,0.003,0.143
28,118,0.001,0.003,0.144
28,119,0.002,0.006,0.135
28,12,0.0,0.001,0.122
28,120,0.002,0.004,0.141
28,121,0.004,0.009,0.128
28,122,0.003,0.008,0.13
28,123,0.002,0.006,0.136
28,124,0.002,0.004,0.141
28,125,0.001,0.002,0.155
28,126,0.001,0.002,0.156
28,127,0.001,0.003,0.149
28,128,0.001,0.002,0.15
28,129,0.001,0.002,0.156
28,13,0.001,0.002,0.109
28,130,0.0,0.001,0.157
28,131,0.0,0.0,0.179
28,132,0.0,0.001,0.168
28,133,0.0,0.001,0.165
28,134,0.0,0.001,0.161
28,135,0.001,0.004,0.145
28,136,0.0,0.001,0.162
28,137,0.0,0.001,0.161
28,138,0.0,0.001,0.166
28,139,0.0,0.001,0.171
28,14,0.0,0.0,0.126
28,140,0.0,0.0,0.176
28,141,0.0,0.0,0.176
28,142,0.0,0.0,0.19
28,143,0.0,0.0,0.186
28,144,0.0,0.0,0.177
28,145,0.0,0.0,0.177
28,146,0.0,0.0,0.184
28,147,0.0,0.0,0.178
28,148,0.0,0.0,0.177
28,149,0.0,0.0,0.175
28,15,0.0,0.001,0.121
28,150,0.0,0.0,0.175
28,151,0.0,0.0,0.173
28,152,0.0,0.001,0.172
28,153,0.0,0.001,0.169
28,154,0.0,0.001,0.173
28,155,0.0,0.0,0.173
28,156,0.0,0.0,0.18
28,157,0.0,0.001,0.17
28,158,0.0,0.001,0.165
28,159,0.0,0.001,0.163
28,16,0.0,0.0,0.124
28,160,0.0,0.001,0.17
28,161,0.0,0.001,0.162
28,162,0.0,0.001,0.161
28,163,0.0,0.001,0.165
28,164,0.0,0.001,0.163
28,165,0.0,0.001,0.157
28,166,0.0,0.001,0.157
28,167,0.0,0.001,0.162
28,168,0.0,0.001,0.156
28,169,0.0,0.001,0.16
28,17,0.0,0.001,0.115
28,170,0.0,0.001,0.161
28,171,0.0,0.001,0.156
28,172,0.0,0.002,0.153
28,173,0.0,0.001,0.158
28,174,0.0,0.001,0.164
28,175,0.0,0.001,0.157
28,176,0.0,0.001,0.154
28,177,0.001,0.003,0.141
28,178,0.0,0.002,0.152
28,179,0.001,0.003,0.143
28,18,0.003,0.008,0.095
28,180,0.001,0.003,0.142
28,181,0.0,0.001,0.155
28,182,0.001,0.003,0.141
28,183,0.002,0.006,0.131
28,184,0.0,0.001,0.152
28,185,0.0,0.001,0.155
28,186,0.0,0.001,0.153
28,187,0.001,0.003,0.14
28,188,0.0,0.001,0.15
28,189,0.001,0.002,0.143
28,19,0.0,0.001,0.119
28,190,0.0,0.001,0.157
28,191,0.0,0.001,0.16
28,192,0.0,0.001,0.159
28,193,0.0,0.0,0.169
28,194,0.0,0.0,0.173
28,195,0.0,0.0,0.172
28,196,0.0,0.0,0.165
28,197,0.0,0.0,0.168
28,198,0.0,0.0,0.169
28,199,0.0,0.0,0.176
28,20,0.001,0.002,0.111
28,200,0.0,0.0,0.179
28,201,0.0,0.001,0.163
28,202,0.0,0.0,0.178
28,203,0.0,0.0,0.188
28,204,0.0,0.0,0.179
28,205,0.0,0.0,0.187
28,206,0.0,0.0,0.182
28,207,0.0,0.0,0.179
28,208,0.0,0.0,0.177
28,209,0.0,0.0,0.17
28,21,0.002,0.005,0.099
28,210,0.0,0.0,0.181
28,211,0.0,0.0,0.182
28,212,0.0,0.0,0.172
28,213,0.0,0.001,0.163
28,214,0.0,0.0,0.174
28,215,0.0,0.0,0.178
28,216,0.0,0.0,0.176
28,217,0.0,0.0,0.181
28,218,0.0,0.0,0.18
28,219,0.0,0.0,0.176
28,22,0.0,0.0,0.127
28,220,0.0,0.001,0.166
28,221,0.0,0.001,0.167
28,222,0.0,0.001,0.169
28,223,0.001,0.002,0.163
28,224,0.0,0.001,0.173
28,225,0.0,0.001,0.173
28,226,0.0,0.001,0.173
28,227,0.0,0.001,0.18
28,228,0.0,0.001,0.18
28,229,0.001,0.002,0.168
28,23,0.001,0.003,0.104
28,230,0.0,0.001,0.184
28,231,0.0,0.001,0.19
28,232,0.0,0.001,0.19
28,233,0.0,0.001,0.185
28,234,0.001,0.003,0.176
28,235,0.001,0.003,0.177
28,236,0.0,0.001,0.196
28,237,0.001,0.002,0.187
28,238,0.001,0.003,0.183
28,239,0.001,0.004,0.18
28,24,0.001,0.002,0.107
28,240,0.001,0.003,0.187
28,241,0.001,0.003,0.187
28,242,0.001,0.002,0.2
28,243,0.001,0.002,0.206
28,244,0.001,0.004,0.194
28,245,0.001,0.002,0.209
28,246,0.0,0.002,0.216
28,247,0.001,0.003,0.205
28,248,0.001,0.002,0.214
28,249,0.001,0.002,0.22
28,25,0.001,0.003,0.105
28,250,0.0,0.002,0.229
28,251,0.001,0.002,0.225
28,26,0.001,0.003,0.107
28,27,0.001,0.002,0.109
28,28,0.001,0.004,0.103
28,29,0.0,0.002,0.113
28,30,0.0,0.001,0.117
28,31,0.001,0.004,0.105
28,32,0.001,0.002,0.109
28,33,0.0,0.002,0.114
28,34,0.001,0.003,0.107
28,35,0.001,0.002,0.112
28,36,0.0,0.001,0.116
28,37,0.0,0.001,0.118
28,38,0.001,0.002,0.111
28,39,0.0,0.001,0.122
28,40,0.002,0.005,0.103
28,41,0.001,0.002,0.114
28,42,0.0,0.001,0.117
28,43,0.002,0.005,0.102
28,44,0.001,0.002,0.115
28,45,0.001,0.002,0.116
28,46,0.001,0.002,0.114
28,47,0.001,0.002,0.114
28,48,0.002,0.004,0.107
28,49,0.002,0.005,0.107
28,50,0.003,0.007,0.103
28,51,0.003,0.007,0.102
28,52,0.002,0.005,0.107
28,53,0.001,0.003,0.113
28,54,0.0,0.001,0.128
28,55,0.001,0.003,0.113
28,56,0.004,0.009,0.102
28,57,0.002,0.005,0.109
28,58,0.002,0.004,0.112
28,59,0.002,0.006,0.108
28,6,0.002,0.006,0.103
28,60,0.001,0.003,0.116
28,61,0.001,0.003,0.115
28,62,0.003,0.006,0.108
28,63,0.001,0.002,0.12
28,64,0.002,0.006,0.11
28,65,0.005,0.012,0.1
28,66,0.003,0.008,0.107
28,67,0.003,0.007,0.108
28,68,0.003,0.007,0.11
28,69,0.001,0.003,0.118
28,7,0.0,0.001,0.12
28,70,0.007,0.015,0.099
28,71,0.003,0.008,0.109
28,72,0.002,0.005,0.114
28,73,0.003,0.006,0.113
28,74,0.006,0.013,0.103
28,75,0.003,0.007,0.113
28,76,0.003,0.007,0.113
28,77,0.002,0.005,0.117
28,78,0.003,0.008,0.113
28,79,0.002,0.006,0.118
28,8,0.001,0.002,0.116
28,80,0.001,0.004,0.123
28,81,0.005,0.012,0.108
28,82,0.003,0.008,0.114
28,83,0.001,0.003,0.126
28,84,0.001,0.004,0.126
28,85,0.001,0.003,0.127
28,86,0.001,0.002,0.133
28,87,0.002,0.006,0.121
28,88,0.002,0.004,0.126
28,89,0.002,0.006,0.121
28,9,0.001,0.003,0.108
28,90,0.002,0.006,0.122
28,91,0.002,0.004,0.127
28,92,0.002,0.006,0.123
28,93,0.001,0.004,0.129
28,94,0.002,0.006,0.125
28,95,0.002,0.004,0.129
28,96,0.002,0.005,0.126
28,97,0.002,0.006,0.125
28,98,0.003,0.008,0.122
28,99,0.003,0.008,0.122
29,10,0.0,0.001,0.119
29,100,0.004,0.009,0.123
29,101,0.003,0.007,0.126
29,102,0.001,0.004,0.136
29,103,0.002,0.006,0.13
29,104,0.001,0.003,0.14
29,105,0.001,0.004,0.137
29,106,0.002,0.004,0.135
29,107,0.002,0.004,0.136
29,108,0.001,0.003,0.139
29,109,0.002,0.006,0.132
29,11,0.0,0.001,0.126
29,110,0.002,0.004,0.137
29,111,0.001,0.003,0.144
29,112,0.001,0.004,0.14
29,113,0.001,0.004,0.141
29,114,0.001,0.003,0.143
29,115,0.002,0.004,0.14
29,116,0.001,0.003,0.143
29,117,0.001,0.004,0.141
29,118,0.001,0.002,0.148
29,119,0.001,0.003,0.147
29,12,0.0,0.0,0.129
29,120,0.001,0.003,0.145
29,121,0.002,0.004,0.142
29,122,0.002,0.005,0.14
29,123,0.001,0.002,0.154
29,124,0.0,0.001,0.158
29,125,0.0,0.001,0.159
29,126,0.001,0.002,0.155
29,127,0.001,0.003,0.151
29,128,0.0,0.001,0.164
29,129,0.0,0.001,0.166
29,13,0.0,0.001,0.121
29,130,0.001,0.002,0.157
29,131,0.0,0.001,0.162
29,132,0.0,0.001,0.163
29,133,0.0,0.0,0.175
29,134,0.0,0.001,0.17
29,135,0.0,0.001,0.174
29,136,0.0,0.001,0.165
29,137,0.0,0.001,0.168
29,138,0.0,0.0,0.179
29,139,0.0,0.001,0.168
29,14,0.0,0.0,0.14
29,140,0.0,0.002,0.16
29,141,0.0,0.001,0.163
29,142,0.0,0.001,0.175
29,143,0.0,0.001,0.171
29,144,0.0,0.001,0.165
29,145,0.0,0.001,0.168
29,146,0.0,0.001,0.172
29,147,0.001,0.002,0.155
29,148,0.0,0.001,0.161
29,149,0.0,0.001,0.169
29,15,0.0,0.001,0.119
29,150,0.0,0.001,0.164
29,151,0.0,0.001,0.171
29,152,0.0,0.0,0.182
29,153,0.0,0.001,0.171
29,154,0.0,0.001,0.172
29,155,0.0,0.0,0.174
29,156,0.0,0.0,0.175
29,157,0.0,0.0,0.177
29,158,0.0,0.0,0.182
29,159,0.0,0.0,0.177
29,16,0.0,0.0,0.135
29,160,0.0,0.0,0.175
29,161,0.0,0.001,0.171
29,162,0.0,0.001,0.162
29,163,0.0,0.001,0.165
29,164,0.0,0.001,0.171
29,165,0.0,0.001,0.164
29,166,0.0,0.001,0.169
29,167,0.0,0.0,0.174
29,168,0.0,0.0,0.18
29,169,0.0,0.0,0.182
29,17,0.0,0.0,0.138
29,170,0.0,0.0,0.171
29,171,0.0,0.0,0.173
29,172,0.0,0.0,0.185
29,173,0.0,0.0,0.177
29,174,0.0,0.0,0.172
29,175,0.0,0.001,0.169
29,176,0.0,0.0,0.17
29,177,0.0,0.0,0.173
29,178,0.0,0.001,0.167
29,179,0.0,0.001,0.161
29,18,0.0,0.0,0.128
29,180,0.0,0.001,0.167
29,181,0.0,0.0,0.181
29,182,0.0,0.0,0.175
29,183,0.0,0.0,0.177
29,184,0.0,0.0,0.183
29,185,0.0,0.0,0.171
29,186,0.0,0.0,0.175
29,187,0.0,0.0,0.179
29,188,0.0,0.0,0.175
29,189,0.0,0.0,0.176
29,19,0.0,0.0,0.142
29,190,0.0,0.0,0.165
29,191,0.0,0.0,0.173
29,192,0.0,0.0,0.169
29,193,0.0,0.0,0.174
29,194,0.0,0.0,0.167
29,195,0.0,0.0,0.174
29,196,0.0,0.001,0.161
29,197,0.0,0.0,0.172
29,198,0.0,0.0,0.167
29,199,0.0,0.0,0.182
29,20,0.0,0.0,0.134
29,200,0.0,0.0,0.182
29,201,0.0,0.0,0.172
29,202,0.0,0.0,0.173
29,203,0.0,0.0,0.17
29,204,0.0,0.0,0.176
29,205,0.0,0.0,0.179
29,206,0.0,0.0,0.177
29,207,0.0,0.0,0.174
29,208,0.0,0.0,0.195
29,209,0.0,0.0,0.189
29,21,0.0,0.0,0.137
29,210,0.0,0.0,0.182
29,211,0.0,0.0,0.188
29,212,0.0,0.0,0.19
29,213,0.0,0.0,0.193
29,214,0.0,0.0,0.191
29,215,0.0,0.0,0.186
29,216,0.0,0.0,0.197
29,217,0.0,0.0,0.173
29,218,0.0,0.0,0.191
29,219,0.0,0.0,0.182
29,22,0.0,0.0,0.128
29,220,0.0,0.0,0.198
29,221,0.0,0.0,0.195
29,222,0.0,0.0,0.197
29,223,0.0,0.0,0.194
29,224,0.0,0.001,0.173
29,225,0.0,0.0,0.188
29,226,0.0,0.0,0.185
29,227,0.0,0.0,0.191
29,228,0.0,0.001,0.185
29,229,0.0,0.0,0.191
29,23,0.0,0.001,0.123
29,230,0.0,0.0,0.193
29,231,0.0,0.0,0.202
29,232,0.0,0.001,0.183
29,233,0.0,0.001,0.188
29,234,0.0,0.0,0.203
29,235,0.0,0.001,0.199
29,236,0.0,0.001,0.199
29,237,0.0,0.001,0.196
29,238,0.001,0.002,0.187
29,239,0.0,0.002,0.195
29,24,0.0,0.0,0.13
29,240,0.001,0.002,0.195
29,241,0.0,0.001,0.209
29,242,0.0,0.001,0.207
29,243,0.0,0.001,0.21
29,244,0.001,0.003,0.196
29,245,0.001,0.003,0.202
29,246,0.001,0.003,0.2
29,247,0.002,0.004,0.198
29,248,0.002,0.005,0.195
29,249,0.002,0.006,0.195
29,25,0.0,0.0,0.125
29,250,0.003,0.007,0.195
29,251,0.003,0.007,0.197
29,26,0.0,0.0,0.126
29,27,0.0,0.001,0.123
29,28,0.0,0.001,0.121
29,29,0.0,0.001,0.123
29,30,0.0,0.0,0.129
29,31,0.0,0.0,0.126
29,32,0.0,0.0,0.128
29,33,0.0,0.001,0.123
29,34,0.0,0.0,0.133
29,35,0.0,0.001,0.116
29,36,0.0,0.001,0.123
29,37,0.0,0.001,0.125
29,38,0.0,0.001,0.125
29,39,0.0,0.001,0.12
29,40,0.001,0.002,0.112
29,41,0.0,0.001,0.128
29,42,0.0,0.001,0.123
29,43,0.001,0.002,0.116
29,44,0.0,0.001,0.128
29,45,0.001,0.004,0.108
29,46,0.001,0.002,0.118
29,47,0.0,0.001,0.12
29,48,0.0,0.001,0.121
29,49,0.0,0.001,0.124
29,50,0.001,0.002,0.117
29,51,0.0,0.001,0.128
29,52,0.0,0.001,0.127
29,53,0.0,0.002,0.121
29,54,0.0,0.0,0.139
29,55,0.0,0.001,0.13
29,56,0.0,0.001,0.128
29,57,0.0,0.001,0.133
29,58,0.0,0.0,0.138
29,59,0.0,0.0,0.137
29,6,0.002,0.004,0.108
29,60,0.0,0.001,0.135
29,61,0.001,0.002,0.12
29,62,0.003,0.007,0.108
29,63,0.001,0.002,0.123
29,64,0.0,0.0,0.142
29,65,0.001,0.002,0.122
29,66,0.001,0.003,0.12
29,67,0.0,0.0,0.14
29,68,0.0,0.001,0.133
29,69,0.001,0.002,0.123
29,7,0.002,0.006,0.104
29,70,0.002,0.004,0.117
29,71,0.0,0.001,0.133
29,72,0.001,0.004,0.121
29,73,0.001,0.002,0.126
29,74,0.001,0.003,0.123
29,75,0.001,0.003,0.124
29,76,0.001,0.004,0.121
29,77,0.001,0.003,0.125
29,78,0.003,0.007,0.116
29,79,0.002,0.005,0.12
29,8,0.0,0.001,0.123
29,80,0.002,0.005,0.122
29,81,0.005,0.011,0.11
29,82,0.002,0.005,0.121
29,83,0.002,0.004,0.124
29,84,0.001,0.004,0.126
29,85,0.002,0.006,0.122
29,86,0.004,0.009,0.116
29,87,0.004,0.009,0.117
29,88,0.001,0.004,0.13
29,89,0.002,0.005,0.126
29,9,0.001,0.003,0.111
29,90,0.001,0.004,0.131
29,91,0.003,0.008,0.119
29,92,0.001,0.003,0.134
29,93,0.001,0.003,0.134
29,94,0.002,0.006,0.126
29,95,0.002,0.006,0.126
29,96,0.002,0.006,0.127
29,97,0.001,0.003,0.136
29,98,0.001,0.003,0.136
29,99,0.001,0.004,0.135
3,10,0.0,0.0,0.151
3,100,0.002,0.005,0.115
3,101,0.001,0.002,0.124
3,102,0.001,0.002,0.128
3,103,0.0,0.001,0.136
3,104,0.001,0.002,0.127
3,105,0.001,0.003,0.123
3,106,0.001,0.003,0.124
3,107,0.001,0.002,0.127
3,108,0.001,0.002,0.129
3,109,0.001,0.003,0.123
3,11,0.0,0.0,0.148
3,110,0.001,0.002,0.128
3,111,0.0,0.001,0.138
3,112,0.0,0.001,0.135
3,113,0.001,0.002,0.131
3,114,0.0,0.002,0.133
3,115,0.001,0.002,0.132
3,116,0.0,0.001,0.137
3,117,0.0,0.001,0.14
3,118,0.0,0.001,0.145
3,119,0.0,0.001,0.138
3,12,0.0,0.0,0.16
3,120,0.0,0.001,0.143
3,121,0.0,0.0,0.15
3,122,0.0,0.0,0.154
3,123,0.0,0.0,0.16
3,124,0.0,0.0,0.164
3,125,0.0,0.001,0.148
3,126,0.0,0.001,0.147
3,127,0.0,0.0,0.158
3,128,0.0,0.001,0.14
3,129,0.0,0.001,0.145
3,13,0.0,0.0,0.153
3,130,0.0,0.001,0.151
3,131,0.0,0.001,0.149
3,132,0.0,0.0,0.162
3,133,0.0,0.0,0.173
3,134,0.0,0.0,0.171
3,135,0.0,0.0,0.161
3,136,0.0,0.0,0.164
3,137,0.0,0.0,0.161
3,138,0.0,0.001,0.153
3,139,0.0,0.0,0.155
3,14,0.0,0.0,0.148
3,140,0.0,0.0,0.158
3,141,0.0,0.001,0.15
3,142,0.0,0.0,0.156
3,143,0.0,0.001,0.154
3,144,0.0,0.001,0.153
3,145,0.0,0.0,0.165
3,146,0.0,0.001,0.155
3,147,0.0,0.0,0.16
3,148,0.0,0.0,0.164
3,149,0.0,0.0,0.169
3,15,0.0,0.0,0.15
3,150,0.0,0.0,0.18
3,151,0.0,0.0,0.172
3,152,0.0,0.0,0.172
3,153,0.0,0.0,0.166
3,154,0.0,0.0,0.161
3,155,0.0,0.0,0.165
3,156,0.0,0.0,0.188
3,157,0.0,0.0,0.17
3,158,0.0,0.0,0.169
3,159,0.0,0.0,0.175
3,16,0.0,0.0,0.15
3,160,0.0,0.0,0.18
3,161,0.0,0.0,0.186
3,162,0.0,0.0,0.186
3,163,0.0,0.0,0.169
3,164,0.0,0.0,0.174
3,165,0.0,0.0,0.185
3,166,0.0,0.0,0.188
3,167,0.0,0.0,0.179
3,168,0.0,0.0,0.177
3,169,0.0,0.0,0.172
3,17,0.0,0.0,0.148
3,170,0.0,0.0,0.185
3,171,0.0,0.0,0.17
3,172,0.0,0.0,0.174
3,173,0.0,0.0,0.177
3,174,0.0,0.0,0.177
3,175,0.0,0.0,0.176
3,176,0.0,0.0,0.182
3,177,0.0,0.0,0.186
3,178,0.0,0.0,0.182
3,179,0.0,0.0,0.174
3,18,0.0,0.0,0.145
3,180,0.0,0.0,0.186
3,181,0.0,0.0,0.182
3,182,0.0,0.0,0.194
3,183,0.0,0.0,0.191
3,184,0.0,0.0,0.181
3,185,0.0,0.001,0.173
3,186,0.0,0.0,0.186
3,187,0.0,0.0,0.185
3,188,0.0,0.0,0.182
3,189,0.0,0.0,0.188
3,19,0.0,0.0,0.134
3,190,0.0,0.0,0.199
3,191,0.0,0.0,0.2
3,192,0.0,0.001,0.177
3,193,0.0,0.001,0.186
3,194,0.0,0.0,0.198
3,195,0.0,0.0,0.192
3,196,0.0,0.0,0.2
3,197,0.0,0.0,0.194
3,198,0.0,0.001,0.191
3,199,0.0,0.0,0.197
3,20,0.0,0.0,0.127
3,200,0.0,0.0,0.204
3,201,0.0,0.0,0.208
3,202,0.0,0.0,0.202
3,203,0.0,0.0,0.205
3,204,0.0,0.0,0.201
3,205,0.0,0.0,0.218
3,206,0.0,0.0,0.217
3,207,0.0,0.0,0.21
3,208,0.0,0.0,0.213
3,209,0.0,0.001,0.196
3,21,0.0,0.0,0.137
3,210,0.0,0.001,0.202
3,211,0.0,0.0,0.217
3,212,0.0,0.0,0.226
3,213,0.0,0.0,0.222
3,214,0.0,0.0,0.22
3,215,0.0,0.0,0.217
3,216,0.0,0.0,0.223
3,217,0.0,0.0,0.224
3,218,0.0,0.0,0.225
3,219,0.0,0.0,0.234
3,22,0.0,0.0,0.126
3,220,0.0,0.0,0.231
3,221,0.0,0.0,0.241
3,222,0.0,0.0,0.234
3,223,0.0,0.0,0.231
3,224,0.0,0.0,0.225
3,225,0.0,0.0,0.223
3,226,0.0,0.0,0.233
3,227,0.0,0.001,0.215
3,228,0.0,0.001,0.205
3,229,0.0,0.0,0.222
3,23,0.0,0.0,0.131
3,230,0.0,0.0,0.222
3,231,0.0,0.0,0.223
3,232,0.001,0.002,0.195
3,233,0.0,0.001,0.213
3,234,0.001,0.002,0.196
3,235,0.0,0.002,0.204
3,236,0.001,0.003,0.189
3,237,0.001,0.002,0.199
3,238,0.002,0.005,0.182
3,239,0.003,0.006,0.179
3,24,0.0,0.0,0.139
3,240,0.004,0.009,0.172
3,241,0.002,0.005,0.185
3,242,0.004,0.01,0.171
3,243,0.004,0.01,0.173
3,244,0.009,0.018,0.16
3,245,0.004,0.009,0.176
3,246,0.008,0.017,0.164
3,247,0.009,0.018,0.164
3,248,0.009,0.018,0.165
3,249,0.01,0.021,0.164
3,25,0.0,0.001,0.116
3,250,0.019,0.036,0.151
3,26,0.0,0.0,0.129
3,27,0.0,0.0,0.134
3,28,0.0,0.0,0.124
3,29,0.0,0.0,0.128
3,30,0.0,0.0,0.128
3,31,0.0,0.0,0.141
3,32,0.003,0.007,0.096
3,33,0.0,0.0,0.123
3,34,0.0,0.001,0.12
3,35,0.0,0.001,0.117
3,36,0.0,0.0,0.135
3,37,0.0,0.001,0.119
3,38,0.0,0.001,0.114
3,39,0.0,0.001,0.123
3,40,0.0,0.001,0.114
3,41,0.0,0.0,0.126
3,42,0.0,0.001,0.118
3,43,0.0,0.0,0.128
3,44,0.001,0.002,0.108
3,45,0.001,0.002,0.113
3,46,0.0,0.0,0.129
3,47,0.0,0.001,0.119
3,48,0.0,0.0,0.127
3,49,0.0,0.001,0.12
3,50,0.0,0.0,0.126
3,51,0.0,0.001,0.117
3,52,0.0,0.0,0.134
3,53,0.0,0.001,0.122
3,54,0.0,0.0,0.143
3,55,0.0,0.0,0.132
3,56,0.0,0.001,0.121
3,57,0.0,0.0,0.129
3,58,0.0,0.001,0.12
3,59,0.0,0.001,0.123
3,60,0.0,0.001,0.125
3,61,0.0,0.001,0.124
3,62,0.0,0.001,0.119
3,63,0.0,0.0,0.132
3,64,0.0,0.0,0.139
3,65,0.0,0.0,0.131
3,66,0.0,0.0,0.133
3,67,0.0,0.001,0.122
3,68,0.0,0.0,0.132
3,69,0.0,0.001,0.128
3,7,0.0,0.0,0.138
3,70,0.0,0.001,0.125
3,71,0.0,0.0,0.139
3,72,0.0,0.0,0.132
3,73,0.0,0.0,0.139
3,74,0.0,0.001,0.13
3,75,0.001,0.003,0.114
3,76,0.001,0.003,0.112
3,77,0.0,0.001,0.124
3,78,0.0,0.002,0.122
3,79,0.0,0.001,0.124
3,8,0.0,0.0,0.156
3,80,0.001,0.004,0.113
3,81,0.001,0.003,0.115
3,82,0.001,0.002,0.122
3,83,0.002,0.005,0.111
3,84,0.0,0.001,0.125
3,85,0.002,0.005,0.11
3,86,0.002,0.005,0.112
3,87,0.001,0.002,0.123
3,88,0.0,0.001,0.127
3,89,0.0,0.001,0.127
3,9,0.0,0.0,0.158
3,90,0.001,0.004,0.116
3,91,0.002,0.005,0.113
3,92,0.003,0.008,0.107
3,93,0.002,0.005,0.113
3,94,0.003,0.008,0.108
3,95,0.002,0.006,0.112
3,96,0.001,0.003,0.122
3,97,0.001,0.003,0.122
3,98,0.003,0.007,0.11
3,99,0.001,0.004,0.118
30,10,0.001,0.002,0.112
30,100,0.001,0.004,0.137
30,101,0.001,0.003,0.139
30,102,0.001,0.004,0.138
30,103,0.002,0.005,0.134
30,104,0.002,0.004,0.137
30,105,0.003,0.007,0.13
30,106,0.002,0.006,0.131
30,107,0.003,0.008,0.128
30,108,0.002,0.006,0.132
30,109,0.001,0.004,0.14
30,11,0.001,0.002,0.114
30,110,0.004,0.01,0.126
30,111,0.002,0.005,0.135
30,112,0.001,0.002,0.149
30,113,0.001,0.002,0.151
30,114,0.001,0.003,0.145
30,115,0.001,0.002,0.15
30,116,0.001,0.003,0.146
30,117,0.002,0.005,0.14
30,118,0.003,0.007,0.135
30,119,0.001,0.003,0.148
30,12,0.001,0.002,0.109
30,120,0.001,0.003,0.147
30,121,0.001,0.003,0.147
30,122,0.002,0.006,0.138
30,123,0.001,0.003,0.151
30,124,0.001,0.002,0.154
30,125,0.001,0.004,0.146
30,126,0.002,0.005,0.14
30,127,0.001,0.003,0.147
30,128,0.001,0.002,0.159
30,129,0.001,0.002,0.157
30,13,0.0,0.001,0.117
30,130,0.001,0.003,0.15
30,131,0.001,0.003,0.152
30,132,0.001,0.002,0.153
30,133,0.001,0.002,0.16
30,134,0.0,0.001,0.175
30,135,0.0,0.0,0.186
30,136,0.0,0.0,0.178
30,137,0.001,0.002,0.158
30,138,0.001,0.002,0.159
30,139,0.001,0.002,0.158
30,14,0.0,0.001,0.115
30,140,0.001,0.003,0.154
30,141,0.001,0.002,0.155
30,142,0.001,0.002,0.156
30,143,0.001,0.003,0.154
30,144,0.001,0.002,0.16
30,145,0.0,0.001,0.166
30,146,0.0,0.001,0.173
30,147,0.0,0.001,0.169
30,148,0.0,0.0,0.177
30,149,0.0,0.001,0.166
30,15,0.0,0.001,0.117
30,150,0.0,0.001,0.171
30,151,0.0,0.0,0.181
30,152,0.0,0.0,0.178
30,153,0.0,0.001,0.17
30,154,0.0,0.0,0.178
30,155,0.0,0.0,0.178
30,156,0.0,0.001,0.162
30,157,0.0,0.001,0.169
30,158,0.0,0.001,0.168
30,159,0.0,0.001,0.17
30,16,0.0,0.001,0.123
30,160,0.0,0.0,0.174
30,161,0.0,0.001,0.172
30,162,0.0,0.001,0.171
30,163,0.0,0.001,0.17
30,164,0.0,0.0,0.176
30,165,0.0,0.001,0.168
30,166,0.0,0.0,0.184
30,167,0.0,0.0,0.175
30,168,0.0,0.001,0.167
30,169,0.001,0.002,0.156
30,17,0.0,0.001,0.116
30,170,0.0,0.0,0.173
30,171,0.0,0.0,0.177
30,172,0.0,0.001,0.157
30,173,0.0,0.001,0.157
30,174,0.0,0.001,0.163
30,175,0.0,0.001,0.16
30,176,0.0,0.001,0.16
30,177,0.0,0.0,0.174
30,178,0.0,0.0,0.178
30,179,0.0,0.0,0.172
30,18,0.0,0.001,0.123
30,180,0.0,0.001,0.166
30,181,0.0,0.0,0.173
30,182,0.0,0.001,0.162
30,183,0.0,0.0,0.174
30,184,0.0,0.0,0.173
30,185,0.0,0.0,0.178
30,186,0.0,0.0,0.174
30,187,0.0,0.0,0.169
30,188,0.0,0.0,0.173
30,189,0.0,0.0,0.18
30,19,0.001,0.002,0.112
30,190,0.0,0.0,0.172
30,191,0.0,0.0,0.175
30,192,0.0,0.0,0.169
30,193,0.0,0.0,0.165
30,194,0.0,0.001,0.154
30,195,0.0,0.001,0.154
30,196,0.0,0.001,0.161
30,197,0.0,0.001,0.162
30,198,0.0,0.0,0.174
30,199,0.0,0.0,0.173
30,20,0.0,0.001,0.114
30,200,0.0,0.001,0.164
30,201,0.0,0.0,0.17
30,202,0.0,0.001,0.16
30,203,0.0,0.0,0.182
30,204,0.0,0.0,0.172
30,205,0.0,0.001,0.162
30,206,0.0,0.0,0.172
30,207,0.0,0.0,0.181
30,208,0.0,0.0,0.178
30,209,0.0,0.0,0.173
30,21,0.0,0.0,0.125
30,210,0.0,0.0,0.191
30,211,0.0,0.0,0.177
30,212,0.0,0.0,0.185
30,213,0.0,0.0,0.176
30,214,0.0,0.0,0.178
30,215,0.0,0.0,0.186
30,216,0.0,0.0,0.178
30,217,0.0,0.0,0.185
30,218,0.0,0.0,0.184
30,219,0.0,0.0,0.193
30,22,0.001,0.002,0.109
30,220,0.0,0.0,0.192
30,221,0.0,0.0,0.182
30,222,0.0,0.0,0.184
30,223,0.0,0.0,0.194
30,224,0.0,0.0,0.186
30,225,0.0,0.001,0.176
30,226,0.0,0.001,0.178
30,227,0.0,0.001,0.18
30,228,0.0,0.001,0.177
30,229,0.001,0.002,0.168
30,23,0.0,0.001,0.118
30,230,0.0,0.001,0.183
30,231,0.0,0.001,0.186
30,232,0.0,0.001,0.185
30,233,0.001,0.002,0.178
30,234,0.0,0.001,0.187
30,235,0.0,0.001,0.19
30,236,0.0,0.001,0.195
30,237,0.0,0.001,0.193
30,238,0.0,0.001,0.193
30,239,0.0,0.001,0.206
30,24,0.0,0.001,0.115
30,240,0.0,0.001,0.199
30,241,0.0,0.001,0.201
30,242,0.001,0.002,0.199
30,243,0.0,0.001,0.215
30,244,0.0,0.001,0.21
30,245,0.001,0.002,0.205
30,246,0.0,0.001,0.22
30,247,0.001,0.003,0.205
30,248,0.001,0.002,0.214
30,249,0.001,0.002,0.222
30,25,0.0,0.001,0.115
30,250,0.001,0.003,0.212
30,251,0.001,0.003,0.215
30,26,0.0,0.001,0.116
30,27,0.0,0.001,0.115
30,28,0.0,0.0,0.124
30,29,0.0,0.001,0.121
30,30,0.0,0.001,0.119
30,31,0.0,0.001,0.123
30,32,0.0,0.001,0.12
30,33,0.001,0.003,0.107
30,34,0.0,0.001,0.116
30,35,0.001,0.003,0.106
30,36,0.001,0.002,0.115
30,37,0.0,0.001,0.117
30,38,0.001,0.004,0.107
30,39,0.002,0.004,0.105
30,40,0.002,0.005,0.104
30,41,0.002,0.005,0.103
30,42,0.001,0.003,0.111
30,43,0.001,0.004,0.108
30,44,0.001,0.003,0.111
30,45,0.002,0.004,0.108
30,46,0.003,0.008,0.101
30,47,0.001,0.003,0.111
30,48,0.001,0.002,0.117
30,49,0.001,0.004,0.11
30,50,0.001,0.004,0.112
30,51,0.001,0.002,0.117
30,52,0.0,0.001,0.124
30,53,0.0,0.001,0.123
30,54,0.001,0.003,0.115
30,55,0.001,0.003,0.114
30,56,0.0,0.001,0.134
30,57,0.0,0.0,0.139
30,58,0.001,0.002,0.121
30,59,0.0,0.001,0.125
30,6,0.003,0.007,0.102
30,60,0.001,0.002,0.122
30,61,0.002,0.004,0.114
30,62,0.002,0.005,0.113
30,63,0.001,0.003,0.118
30,64,0.001,0.002,0.125
30,65,0.001,0.003,0.12
30,66,0.001,0.003,0.119
30,67,0.001,0.002,0.126
30,68,0.003,0.007,0.11
30,69,0.001,0.002,0.128
30,7,0.002,0.006,0.103
30,70,0.003,0.008,0.111
30,71,0.004,0.009,0.109
30,72,0.001,0.004,0.121
30,73,0.003,0.007,0.113
30,74,0.007,0.016,0.102
30,75,0.004,0.009,0.111
30,76,0.001,0.003,0.125
30,77,0.001,0.004,0.124
30,78,0.001,0.004,0.124
30,79,0.001,0.003,0.127
30,8,0.001,0.002,0.115
30,80,0.002,0.006,0.119
30,81,0.002,0.005,0.124
30,82,0.002,0.005,0.122
30,83,0.001,0.003,0.133
30,84,0.001,0.003,0.13
30,85,0.001,0.003,0.133
30,86,0.001,0.004,0.129
30,87,0.002,0.006,0.123
30,88,0.002,0.005,0.125
30,89,0.002,0.005,0.126
30,9,0.001,0.002,0.115
30,90,0.002,0.005,0.129
30,91,0.001,0.003,0.134
30,92,0.002,0.004,0.131
30,93,0.002,0.006,0.127
30,94,0.001,0.003,0.136
30,95,0.001,0.004,0.134
30,96,0.001,0.002,0.144
30,97,0.0,0.001,0.15
30,98,0.0,0.001,0.152
30,99,0.001,0.002,0.143
31,10,0.0,0.0,0.148
31,100,0.003,0.007,0.128
31,101,0.002,0.006,0.132
31,102,0.003,0.008,0.126
31,103,0.003,0.007,0.128
31,104,0.002,0.006,0.133
31,105,0.002,0.004,0.137
31,106,0.002,0.005,0.135
31,107,0.003,0.007,0.131
31,108,0.002,0.006,0.133
31,109,0.002,0.005,0.138
31,11,0.0,0.0,0.136
31,110,0.002,0.004,0.14
31,111,0.002,0.005,0.137
31,112,0.004,0.009,0.129
31,113,0.001,0.003,0.144
31,114,0.002,0.004,0.14
31,115,0.001,0.004,0.142
31,116,0.002,0.005,0.137
31,117,0.001,0.004,0.143
31,118,0.002,0.006,0.136
31,119,0.001,0.003,0.147
31,12,0.0,0.0,0.153
31,120,0.001,0.003,0.149
31,121,0.001,0.002,0.152
31,122,0.001,0.004,0.144
31,123,0.001,0.003,0.147
31,124,0.001,0.002,0.155
31,125,0.0,0.001,0.164
31,126,0.0,0.002,0.16
31,127,0.0,0.001,0.168
31,128,0.001,0.002,0.154
31,129,0.001,0.002,0.159
31,13,0.0,0.0,0.149
31,130,0.001,0.002,0.154
31,131,0.0,0.002,0.161
31,132,0.0,0.001,0.166
31,133,0.0,0.001,0.171
31,134,0.0,0.001,0.17
31,135,0.0,0.001,0.173
31,136,0.001,0.002,0.157
31,137,0.001,0.002,0.16
31,138,0.0,0.001,0.166
31,139,0.001,0.002,0.159
31,14,0.0,0.0,0.152
31,140,0.001,0.002,0.16
31,141,0.0,0.001,0.172
31,142,0.0,0.001,0.167
31,143,0.0,0.001,0.171
31,144,0.001,0.002,0.161
31,145,0.001,0.002,0.155
31,146,0.0,0.001,0.174
31,147,0.0,0.0,0.183
31,148,0.0,0.0,0.183
31,149,0.0,0.001,0.175
31,15,0.0,0.0,0.132
31,150,0.0,0.001,0.173
31,151,0.0,0.001,0.174
31,152,0.0,0.001,0.165
31,153,0.001,0.002,0.156
31,154,0.0,0.001,0.161
31,155,0.0,0.001,0.176
31,156,0.0,0.001,0.166
31,157,0.0,0.001,0.168
31,158,0.0,0.001,0.164
31,159,0.0,0.001,0.175
31,16,0.0,0.0,0.147
31,160,0.0,0.001,0.166
31,161,0.001,0.002,0.158
31,162,0.001,0.002,0.156
31,163,0.001,0.002,0.158
31,164,0.001,0.003,0.15
31,165,0.001,0.002,0.158
31,166,0.001,0.002,0.155
31,167,0.001,0.002,0.155
31,168,0.001,0.003,0.15
31,169,0.001,0.004,0.145
31,17,0.0,0.0,0.131
31,170,0.001,0.003,0.151
31,171,0.001,0.003,0.149
31,172,0.001,0.002,0.154
31,173,0.0,0.001,0.158
31,174,0.0,0.001,0.161
31,175,0.0,0.001,0.165
31,176,0.0,0.001,0.169
31,177,0.0,0.0,0.174
31,178,0.0,0.001,0.166
31,179,0.0,0.001,0.167
31,18,0.0,0.0,0.144
31,180,0.0,0.0,0.173
31,181,0.0,0.0,0.175
31,182,0.0,0.0,0.172
31,183,0.0,0.0,0.17
31,184,0.0,0.0,0.172
31,185,0.0,0.001,0.163
31,186,0.0,0.0,0.169
31,187,0.0,0.001,0.162
31,188,0.0,0.002,0.152
31,189,0.0,0.001,0.162
31,19,0.0,0.0,0.135
31,190,0.0,0.0,0.17
31,191,0.0,0.001,0.157
31,192,0.001,0.002,0.148
31,193,0.0,0.001,0.154
31,194,0.0,0.001,0.155
31,195,0.0,0.001,0.158
31,196,0.0,0.001,0.156
31,197,0.0,0.001,0.156
31,198,0.0,0.0,0.168
31,199,0.0,0.0,0.168
31,20,0.0,0.0,0.133
31,200,0.0,0.0,0.168
31,201,0.0,0.001,0.157
31,202,0.0,0.001,0.153
31,203,0.0,0.0,0.172
31,204,0.0,0.001,0.162
31,205,0.0,0.001,0.154
31,206,0.0,0.001,0.159
31,207,0.0,0.001,0.155
31,208,0.0,0.001,0.163
31,209,0.0,0.0,0.175
31,21,0.0,0.0,0.148
31,210,0.0,0.001,0.159
31,211,0.0,0.0,0.17
31,212,0.0,0.001,0.165
31,213,0.0,0.0,0.169
31,214,0.0,0.0,0.169
31,215,0.0,0.001,0.169
31,216,0.0,0.001,0.168
31,217,0.0,0.002,0.156
31,218,0.001,0.002,0.151
31,219,0.0,0.001,0.163
31,22,0.0,0.0,0.132
31,220,0.0,0.001,0.161
31,221,0.0,0.001,0.173
31,222,0.0,0.001,0.173
31,223,0.0,0.001,0.167
31,224,0.0,0.0,0.18
31,225,0.0,0.001,0.179
31,226,0.0,0.001,0.17
31,227,0.0,0.001,0.177
31,228,0.0,0.002,0.168
31,229,0.0,0.001,0.173
31,23,0.0,0.0,0.136
31,230,0.0,0.001,0.181
31,231,0.001,0.002,0.167
31,232,0.002,0.005,0.155
31,233,0.001,0.004,0.163
31,234,0.0,0.001,0.183
31,235,0.001,0.002,0.18
31,236,0.0,0.001,0.186
31,237,0.002,0.006,0.164
31,238,0.001,0.003,0.176
31,239,0.002,0.004,0.175
31,24,0.0,0.001,0.123
31,240,0.001,0.002,0.188
31,241,0.002,0.006,0.173
31,242,0.001,0.003,0.189
31,243,0.001,0.004,0.187
31,244,0.003,0.006,0.179
31,245,0.001,0.004,0.191
31,246,0.003,0.008,0.178
31,247,0.002,0.006,0.189
31,248,0.002,0.006,0.191
31,249,0.003,0.008,0.188
31,25,0.0,0.0,0.128
31,250,0.004,0.009,0.188
31,251,0.003,0.008,0.192
31,26,0.0,0.0,0.133
31,27,0.0,0.0,0.139
31,28,0.0,0.0,0.139
31,29,0.0,0.001,0.126
31,30,0.0,0.0,0.133
31,31,0.0,0.0,0.14
31,32,0.0,0.0,0.14
31,33,0.0,0.0,0.132
31,34,0.0,0.001,0.12
31,35,0.0,0.001,0.123
31,36,0.0,0.001,0.125
31,37,0.0,0.0,0.129
31,38,0.001,0.002,0.115
31,39,0.0,0.002,0.117
31,40,0.0,0.001,0.124
31,41,0.003,0.007,0.102
31,42,0.0,0.001,0.125
31,43,0.001,0.004,0.109
31,44,0.001,0.002,0.117
31,45,0.006,0.013,0.095
31,46,0.0,0.001,0.122
31,47,0.0,0.002,0.121
31,48,0.002,0.006,0.106
31,49,0.003,0.008,0.102
31,50,0.002,0.006,0.106
31,51,0.002,0.004,0.111
31,52,0.004,0.008,0.103
31,53,0.005,0.012,0.098
31,54,0.005,0.011,0.099
31,55,0.002,0.004,0.113
31,56,0.004,0.009,0.104
31,57,0.004,0.009,0.103
31,58,0.003,0.008,0.105
31,59,0.002,0.006,0.11
31,6,0.0,0.0,0.133
31,60,0.002,0.006,0.11
31,61,0.004,0.009,0.105
31,62,0.001,0.004,0.117
31,63,0.002,0.006,0.111
31,64,0.003,0.007,0.11
31,65,0.005,0.011,0.104
31,66,0.001,0.004,0.118
31,67,0.004,0.009,0.107
31,68,0.002,0.006,0.115
31,69,0.006,0.013,0.104
31,7,0.0,0.0,0.147
31,70,0.006,0.014,0.103
31,71,0.013,0.027,0.094
31,72,0.012,0.024,0.096
31,73,0.005,0.012,0.106
31,74,0.007,0.015,0.104
31,75,0.011,0.023,0.098
31,76,0.006,0.014,0.106
31,77,0.002,0.006,0.12
31,78,0.002,0.006,0.119
31,79,0.005,0.012,0.11
31,8,0.0,0.0,0.15
31,80,0.003,0.008,0.117
31,81,0.003,0.008,0.117
31,82,0.004,0.01,0.115
31,83,0.004,0.009,0.117
31,84,0.004,0.009,0.117
31,85,0.002,0.006,0.125
31,86,0.005,0.012,0.114
31,87,0.003,0.008,0.121
31,88,0.001,0.003,0.133
31,89,0.005,0.011,0.117
31,9,0.0,0.0,0.151
31,90,0.001,0.004,0.133
31,91,0.001,0.003,0.134
31,92,0.003,0.008,0.123
31,93,0.002,0.004,0.133
31,94,0.001,0.004,0.135
31,95,0.001,0.003,0.14
31,96,0.002,0.004,0.134
31,97,0.002,0.006,0.129
31,98,0.003,0.007,0.127
31,99,0.004,0.009,0.125
32,10,0.0,0.0,0.137
32,100,0.002,0.005,0.134
32,101,0.001,0.003,0.14
32,102,0.001,0.004,0.139
32,103,0.003,0.007,0.131
32,104,0.004,0.009,0.126
32,105,0.002,0.005,0.137
32,106,0.002,0.006,0.133
32,107,0.002,0.004,0.14
32,108,0.003,0.007,0.132
32,109,0.003,0.007,0.133
32,11,0.0,0.0,0.131
32,110,0.001,0.003,0.144
32,111,0.003,0.007,0.133
32,112,0.002,0.005,0.138
32,113,0.002,0.006,0.136
32,114,0.004,0.009,0.131
32,115,0.003,0.007,0.133
32,116,0.002,0.006,0.137
32,117,0.002,0.006,0.137
32,118,0.001,0.003,0.149
32,119,0.001,0.003,0.15
32,12,0.0,0.0,0.135
32,120,0.001,0.003,0.15
32,121,0.001,0.003,0.147
32,122,0.002,0.005,0.142
32,123,0.003,0.008,0.135
32,124,0.002,0.005,0.143
32,125,0.001,0.003,0.152
32,126,0.0,0.001,0.161
32,127,0.001,0.003,0.148
32,128,0.0,0.001,0.162
32,129,0.0,0.001,0.168
32,13,0.0,0.001,0.125
32,130,0.001,0.002,0.156
32,131,0.001,0.003,0.151
32,132,0.001,0.003,0.152
32,133,0.001,0.003,0.151
32,134,0.0,0.001,0.163
32,135,0.001,0.002,0.161
32,136,0.0,0.001,0.164
32,137,0.0,0.001,0.166
32,138,0.001,0.002,0.161
32,139,0.0,0.001,0.173
32,14,0.0,0.0,0.133
32,140,0.0,0.001,0.172
32,141,0.001,0.002,0.155
32,142,0.0,0.001,0.167
32,143,0.001,0.002,0.156
32,144,0.0,0.001,0.163
32,145,0.0,0.001,0.167
32,146,0.001,0.002,0.16
32,147,0.001,0.002,0.161
32,148,0.0,0.001,0.165
32,149,0.0,0.001,0.164
32,15,0.0,0.001,0.124
32,150,0.001,0.002,0.16
32,151,0.0,0.001,0.167
32,152,0.0,0.001,0.166
32,153,0.0,0.001,0.169
32,154,0.0,0.001,0.177
32,155,0.0,0.0,0.183
32,156,0.0,0.001,0.17
32,157,0.0,0.001,0.162
32,158,0.0,0.001,0.164
32,159,0.0,0.001,0.165
32,16,0.0,0.0,0.139
32,160,0.0,0.001,0.163
32,161,0.0,0.001,0.165
32,162,0.001,0.002,0.159
32,163,0.0,0.001,0.162
32,164,0.0,0.001,0.165
32,165,0.0,0.001,0.167
32,166,0.0,0.001,0.175
32,167,0.0,0.001,0.169
32,168,0.0,0.001,0.162
32,169,0.0,0.001,0.17
32,17,0.0,0.0,0.133
32,170,0.0,0.0,0.181
32,171,0.0,0.0,0.175
32,172,0.0,0.001,0.16
32,173,0.0,0.001,0.159
32,174,0.0,0.001,0.167
32,175,0.0,0.001,0.165
32,176,0.0,0.001,0.17
32,177,0.0,0.001,0.169
32,178,0.0,0.0,0.172
32,179,0.0,0.001,0.166
32,18,0.0,0.0,0.145
32,180,0.0,0.001,0.16
32,181,0.0,0.001,0.158
32,182,0.0,0.002,0.155
32,183,0.0,0.001,0.165
32,184,0.0,0.0,0.177
32,185,0.0,0.0,0.171
32,186,0.0,0.0,0.176
32,187,0.0,0.0,0.17
32,188,0.0,0.001,0.163
32,189,0.0,0.0,0.174
32,19,0.0,0.0,0.133
32,190,0.0,0.0,0.175
32,191,0.0,0.0,0.173
32,192,0.0,0.0,0.173
32,193,0.0,0.0,0.187
32,194,0.0,0.0,0.192
32,195,0.0,0.0,0.187
32,196,0.0,0.0,0.175
32,197,0.0,0.0,0.178
32,198,0.0,0.0,0.182
32,199,0.0,0.0,0.18
32,20,0.0,0.0,0.128
32,200,0.0,0.0,0.168
32,201,0.0,0.001,0.165
32,202,0.0,0.0,0.171
32,203,0.0,0.0,0.177
32,204,0.0,0.0,0.183
32,205,0.0,0.0,0.17
32,206,0.0,0.001,0.159
32,207,0.0,0.0,0.17
32,208,0.0,0.0,0.169
32,209,0.0,0.001,0.159
32,21,0.0,0.0,0.135
32,210,0.0,0.0,0.168
32,211,0.0,0.0,0.167
32,212,0.0,0.001,0.165
32,213,0.0,0.001,0.167
32,214,0.0,0.001,0.156
32,215,0.0,0.001,0.16
32,216,0.0,0.001,0.16
32,217,0.0,0.001,0.16
32,218,0.0,0.001,0.16
32,219,0.001,0.002,0.155
32,22,0.0,0.0,0.13
32,220,0.0,0.001,0.163
32,221,0.001,0.003,0.15
32,222,0.001,0.003,0.152
32,223,0.001,0.002,0.159
32,224,0.001,0.002,0.16
32,225,0.0,0.001,0.164
32,226,0.001,0.002,0.159
32,227,0.0,0.001,0.174
32,228,0.0,0.001,0.172
32,229,0.0,0.001,0.181
32,23,0.0,0.0,0.134
32,230,0.0,0.001,0.171
32,231,0.001,0.003,0.164
32,232,0.0,0.001,0.176
32,233,0.001,0.003,0.165
32,234,0.001,0.002,0.175
32,235,0.001,0.002,0.179
32,236,0.001,0.002,0.183
32,237,0.001,0.002,0.182
32,238,0.001,0.002,0.181
32,239,0.001,0.003,0.181
32,24,0.0,0.0,0.138
32,240,0.001,0.003,0.182
32,241,0.001,0.002,0.19
32,242,0.002,0.005,0.178
32,243,0.002,0.004,0.184
32,244,0.001,0.004,0.187
32,245,0.003,0.006,0.181
32,246,0.001,0.002,0.203
32,247,0.001,0.003,0.205
32,248,0.002,0.005,0.193
32,249,0.003,0.008,0.187
32,25,0.0,0.0,0.127
32,250,0.003,0.007,0.194
32,251,0.002,0.004,0.206
32,26,0.0,0.001,0.116
32,27,0.0,0.001,0.123
32,28,0.001,0.002,0.112
32,29,0.0,0.0,0.131
32,30,0.001,0.002,0.113
32,31,0.0,0.0,0.135
32,32,0.0,0.001,0.117
32,33,0.001,0.002,0.115
32,34,0.0,0.0,0.132
32,35,0.0,0.0,0.129
32,36,0.0,0.001,0.127
32,37,0.0,0.001,0.127
32,38,0.0,0.001,0.127
32,39,0.0,0.001,0.122
32,40,0.002,0.004,0.108
32,41,0.001,0.002,0.118
32,42,0.001,0.002,0.119
32,43,0.001,0.003,0.114
32,44,0.0,0.001,0.126
32,45,0.0,0.001,0.122
32,46,0.001,0.002,0.119
32,47,0.0,0.001,0.124
32,48,0.0,0.001,0.124
32,49,0.001,0.002,0.121
32,50,0.0,0.001,0.124
32,51,0.0,0.0,0.136
32,52,0.0,0.001,0.13
32,53,0.0,0.001,0.127
32,54,0.0,0.001,0.129
32,55,0.0,0.0,0.14
32,56,0.0,0.001,0.136
32,57,0.002,0.006,0.11
32,58,0.0,0.001,0.13
32,59,0.0,0.001,0.13
32,6,0.0,0.0,0.132
32,60,0.001,0.003,0.121
32,61,0.001,0.003,0.119
32,62,0.0,0.001,0.135
32,63,0.001,0.002,0.126
32,64,0.001,0.004,0.119
32,65,0.002,0.005,0.117
32,66,0.002,0.005,0.117
32,67,0.003,0.006,0.114
32,68,0.002,0.005,0.118
32,69,0.005,0.012,0.106
32,7,0.0,0.0,0.146
32,70,0.008,0.016,0.102
32,71,0.006,0.013,0.106
32,72,0.004,0.01,0.111
32,73,0.005,0.012,0.108
32,74,0.007,0.016,0.104
32,75,0.005,0.012,0.109
32,76,0.002,0.006,0.119
32,77,0.008,0.018,0.104
32,78,0.006,0.013,0.11
32,79,0.005,0.012,0.111
32,8,0.0,0.0,0.148
32,80,0.002,0.006,0.122
32,81,0.004,0.009,0.117
32,82,0.006,0.013,0.111
32,83,0.002,0.006,0.125
32,84,0.002,0.005,0.126
32,85,0.003,0.007,0.121
32,86,0.002,0.005,0.128
32,87,0.004,0.01,0.117
32,88,0.004,0.009,0.12
32,89,0.002,0.006,0.126
32,9,0.0,0.0,0.135
32,90,0.001,0.004,0.133
32,91,0.001,0.003,0.137
32,92,0.004,0.01,0.121
32,93,0.002,0.005,0.13
32,94,0.002,0.006,0.129
32,95,0.001,0.004,0.135
32,96,0.001,0.004,0.137
32,97,0.003,0.007,0.127
32,98,0.002,0.005,0.132
32,99,0.001,0.004,0.137
33,10,0.0,0.0,0.142
33,100,0.001,0.002,0.149
33,101,0.001,0.003,0.141
33,102,0.002,0.006,0.133
33,103,0.002,0.004,0.139
33,104,0.002,0.004,0.139
33,105,0.004,0.009,0.127
33,106,0.002,0.005,0.139
33,107,0.001,0.003,0.147
33,108,0.001,0.004,0.143
33,109,0.001,0.003,0.146
33,11,0.0,0.0,0.139
33,110,0.002,0.004,0.142
33,111,0.001,0.003,0.148
33,112,0.001,0.002,0.153
33,113,0.001,0.002,0.154
33,114,0.0,0.001,0.158
33,115,0.001,0.003,0.147
33,116,0.002,0.005,0.14
33,117,0.001,0.003,0.146
33,118,0.001,0.002,0.152
33,119,0.0,0.001,0.164
33,12,0.0,0.0,0.131
33,120,0.0,0.001,0.166
33,121,0.0,0.0,0.182
33,122,0.0,0.001,0.172
33,123,0.0,0.001,0.167
33,124,0.0,0.001,0.173
33,125,0.0,0.001,0.168
33,126,0.001,0.002,0.159
33,127,0.0,0.001,0.163
33,128,0.001,0.002,0.16
33,129,0.0,0.002,0.161
33,13,0.0,0.0,0.133
33,130,0.0,0.001,0.162
33,131,0.0,0.001,0.163
33,132,0.0,0.001,0.169
33,133,0.0,0.001,0.163
33,134,0.0,0.001,0.164
33,135,0.001,0.002,0.158
33,136,0.001,0.002,0.161
33,137,0.001,0.003,0.155
33,138,0.0,0.002,0.162
33,139,0.0,0.001,0.177
33,14,0.0,0.0,0.133
33,140,0.0,0.001,0.177
33,141,0.0,0.001,0.169
33,142,0.0,0.001,0.173
33,143,0.0,0.001,0.173
33,144,0.0,0.0,0.181
33,145,0.0,0.0,0.185
33,146,0.0,0.0,0.182
33,147,0.0,0.001,0.175
33,148,0.0,0.0,0.183
33,149,0.0,0.001,0.169
33,15,0.0,0.0,0.129
33,150,0.0,0.001,0.175
33,151,0.0,0.001,0.169
33,152,0.0,0.001,0.171
33,153,0.0,0.001,0.165
33,154,0.0,0.001,0.174
33,155,0.001,0.002,0.161
33,156,0.001,0.002,0.159
33,157,0.0,0.001,0.164
33,158,0.0,0.001,0.17
33,159,0.0,0.001,0.171
33,16,0.0,0.0,0.137
33,160,0.001,0.002,0.156
33,161,0.001,0.003,0.149
33,162,0.001,0.004,0.147
33,163,0.001,0.003,0.149
33,164,0.001,0.003,0.148
33,165,0.001,0.003,0.151
33,166,0.002,0.004,0.145
33,167,0.002,0.005,0.142
33,168,0.001,0.002,0.155
33,169,0.0,0.002,0.159
33,17,0.0,0.0,0.129
33,170,0.0,0.001,0.164
33,171,0.001,0.003,0.15
33,172,0.001,0.004,0.144
33,173,0.001,0.002,0.156
33,174,0.0,0.001,0.159
33,175,0.0,0.001,0.164
33,176,0.0,0.001,0.16
33,177,0.0,0.001,0.158
33,178,0.001,0.002,0.15
33,179,0.001,0.002,0.153
33,18,0.0,0.0,0.132
33,180,0.001,0.002,0.153
33,181,0.0,0.001,0.158
33,182,0.0,0.001,0.167
33,183,0.0,0.001,0.165
33,184,0.0,0.0,0.175
33,185,0.0,0.001,0.166
33,186,0.0,0.001,0.16
33,187,0.0,0.0,0.177
33,188,0.0,0.0,0.179
33,189,0.0,0.0,0.176
33,19,0.0,0.0,0.134
33,190,0.0,0.0,0.168
33,191,0.0,0.0,0.184
33,192,0.0,0.0,0.177
33,193,0.0,0.0,0.173
33,194,0.0,0.0,0.17
33,195,0.0,0.001,0.163
33,196,0.0,0.0,0.177
33,197,0.0,0.0,0.171
33,198,0.0,0.0,0.17
33,199,0.0,0.0,0.174
33,20,0.0,0.0,0.126
33,200,0.0,0.0,0.18
33,201,0.0,0.0,0.166
33,202,0.0,0.001,0.161
33,203,0.0,0.001,0.158
33,204,0.0,0.0,0.171
33,205,0.0,0.001,0.16
33,206,0.0,0.001,0.16
33,207,0.0,0.0,0.167
33,208,0.0,0.001,0.166
33,209,0.0,0.001,0.155
33,21,0.0,0.0,0.14
33,210,0.0,0.0,0.176
33,211,0.0,0.001,0.162
33,212,0.0,0.001,0.161
33,213,0.0,0.0,0.168
33,214,0.0,0.0,0.171
33,215,0.0,0.0,0.174
33,216,0.0,0.001,0.166
33,217,0.0,0.001,0.17
33,218,0.0,0.001,0.171
33,219,0.0,0.0,0.173
33,22,0.0,0.0,0.138
33,220,0.0,0.001,0.17
33,221,0.0,0.001,0.173
33,222,0.0,0.0,0.178
33,223,0.0,0.001,0.172
33,224,0.0,0.001,0.166
33,225,0.0,0.001,0.167
33,226,0.0,0.001,0.177
33,227,0.001,0.002,0.164
33,228,0.001,0.002,0.164
33,229,0.0,0.002,0.17
33,23,0.0,0.0,0.131
33,230,0.001,0.002,0.166
33,231,0.002,0.005,0.155
33,232,0.0,0.001,0.187
33,233,0.001,0.002,0.173
33,234,0.002,0.004,0.162
33,235,0.002,0.006,0.158
33,236,0.002,0.004,0.166
33,237,0.001,0.002,0.179
33,238,0.002,0.005,0.167
33,239,0.003,0.008,0.162
33,24,0.0,0.0,0.137
33,240,0.001,0.003,0.178
33,241,0.002,0.005,0.175
33,242,0.001,0.003,0.185
33,243,0.003,0.006,0.174
33,244,0.003,0.006,0.177
33,245,0.002,0.004,0.187
33,246,0.001,0.002,0.207
33,247,0.004,0.009,0.179
33,248,0.001,0.003,0.207
33,249,0.001,0.002,0.213
33,25,0.0,0.0,0.141
33,250,0.001,0.004,0.204
33,251,0.001,0.004,0.207
33,26,0.0,0.0,0.138
33,27,0.0,0.0,0.137
33,28,0.0,0.001,0.124
33,29,0.0,0.0,0.144
33,30,0.0,0.0,0.139
33,31,0.0,0.001,0.125
33,32,0.0,0.0,0.134
33,33,0.0,0.0,0.135
33,34,0.0,0.0,0.128
33,35,0.0,0.0,0.142
33,36,0.0,0.0,0.133
33,37,0.0,0.0,0.135
33,38,0.0,0.0,0.142
33,39,0.0,0.001,0.128
33,40,0.0,0.0,0.133
33,41,0.0,0.001,0.127
33,42,0.0,0.001,0.129
33,43,0.001,0.002,0.116
33,44,0.0,0.002,0.121
33,45,0.0,0.001,0.13
33,46,0.0,0.001,0.127
33,47,0.0,0.001,0.129
33,48,0.001,0.002,0.119
33,49,0.0,0.001,0.127
33,50,0.0,0.001,0.125
33,51,0.001,0.002,0.121
33,52,0.001,0.002,0.124
33,53,0.0,0.001,0.134
33,54,0.0,0.001,0.132
33,55,0.0,0.001,0.132
33,56,0.0,0.001,0.129
33,57,0.001,0.002,0.123
33,58,0.0,0.001,0.132
33,59,0.0,0.001,0.138
33,6,0.0,0.0,0.143
33,60,0.001,0.003,0.12
33,61,0.001,0.002,0.126
33,62,0.0,0.001,0.133
33,63,0.0,0.001,0.133
33,64,0.001,0.002,0.125
33,65,0.004,0.01,0.107
33,66,0.001,0.002,0.13
33,67,0.001,0.003,0.124
33,68,0.007,0.016,0.102
33,69,0.001,0.002,0.13
33,7,0.0,0.001,0.127
33,70,0.006,0.013,0.106
33,71,0.005,0.012,0.108
33,72,0.003,0.007,0.116
33,73,0.002,0.005,0.12
33,74,0.004,0.009,0.114
33,75,0.001,0.003,0.129
33,76,0.006,0.014,0.108
33,77,0.006,0.013,0.11
33,78,0.003,0.007,0.12
33,79,0.006,0.013,0.111
33,8,0.0,0.0,0.144
33,80,0.007,0.015,0.109
33,81,0.001,0.003,0.132
33,82,0.002,0.006,0.125
33,83,0.001,0.002,0.137
33,84,0.001,0.004,0.131
33,85,0.002,0.004,0.13
33,86,0.001,0.003,0.137
33,87,0.001,0.002,0.14
33,88,0.001,0.003,0.139
33,89,0.001,0.004,0.135
33,9,0.0,0.0,0.134
33,90,0.001,0.002,0.141
33,91,0.002,0.006,0.128
33,92,0.002,0.006,0.129
33,93,0.001,0.003,0.14
33,94,0.001,0.004,0.136
33,95,0.001,0.002,0.143
33,96,0.001,0.002,0.143
33,97,0.003,0.007,0.128
33,98,0.005,0.011,0.123
33,99,0.001,0.003,0.145
34,10,0.0,0.0,0.133
34,100,0.003,0.008,0.129
34,101,0.002,0.005,0.136
34,102,0.002,0.006,0.134
34,103,0.001,0.003,0.142
34,104,0.001,0.003,0.144
34,105,0.001,0.003,0.145
34,106,0.001,0.003,0.147
34,107,0.002,0.005,0.138
34,108,0.001,0.004,0.142
34,109,0.002,0.004,0.141
34,11,0.0,0.0,0.134
34,110,0.001,0.003,0.148
34,111,0.001,0.002,0.152
34,112,0.001,0.003,0.147
34,113,0.002,0.004,0.143
34,114,0.001,0.003,0.149
34,115,0.001,0.003,0.148
34,116,0.001,0.003,0.15
34,117,0.001,0.002,0.152
34,118,0.001,0.003,0.15
34,119,0.001,0.002,0.154
34,12,0.0,0.001,0.126
34,120,0.001,0.003,0.15
34,121,0.001,0.003,0.15
34,122,0.001,0.002,0.153
34,123,0.001,0.002,0.157
34,124,0.0,0.001,0.164
34,125,0.0,0.001,0.167
34,126,0.0,0.001,0.169
34,127,0.0,0.001,0.171
34,128,0.0,0.0,0.177
34,129,0.0,0.001,0.167
34,13,0.0,0.0,0.133
34,130,0.0,0.001,0.163
34,131,0.0,0.001,0.173
34,132,0.0,0.001,0.174
34,133,0.0,0.0,0.18
34,134,0.0,0.0,0.182
34,135,0.0,0.001,0.177
34,136,0.0,0.0,0.182
34,137,0.0,0.0,0.184
34,138,0.0,0.001,0.177
34,139,0.0,0.001,0.176
34,14,0.0,0.0,0.136
34,140,0.0,0.0,0.186
34,141,0.0,0.001,0.178
34,142,0.0,0.001,0.166
34,143,0.0,0.001,0.166
34,144,0.0,0.001,0.168
34,145,0.0,0.001,0.167
34,146,0.0,0.001,0.17
34,147,0.001,0.002,0.161
34,148,0.0,0.001,0.168
34,149,0.0,0.001,0.164
34,15,0.0,0.0,0.129
34,150,0.0,0.001,0.172
34,151,0.0,0.001,0.165
34,152,0.0,0.001,0.169
34,153,0.0,0.001,0.176
34,154,0.0,0.001,0.171
34,155,0.0,0.001,0.166
34,156,0.001,0.002,0.16
34,157,0.001,0.003,0.15
34,158,0.001,0.002,0.155
34,159,0.001,0.004,0.148
34,16,0.0,0.0,0.137
34,160,0.002,0.005,0.144
34,161,0.003,0.008,0.137
34,162,0.001,0.003,0.152
34,163,0.001,0.003,0.152
34,164,0.002,0.004,0.146
34,165,0.001,0.002,0.155
34,166,0.0,0.001,0.161
34,167,0.001,0.004,0.146
34,168,0.002,0.004,0.145
34,169,0.002,0.005,0.144
34,17,0.0,0.001,0.122
34,170,0.0,0.001,0.161
34,171,0.0,0.001,0.162
34,172,0.001,0.002,0.154
34,173,0.001,0.002,0.153
34,174,0.002,0.005,0.141
34,175,0.001,0.004,0.146
34,176,0.001,0.003,0.147
34,177,0.001,0.002,0.155
34,178,0.001,0.002,0.155
34,179,0.0,0.001,0.166
34,18,0.0,0.001,0.125
34,180,0.001,0.003,0.149
34,181,0.001,0.003,0.148
34,182,0.0,0.002,0.156
34,183,0.0,0.001,0.169
34,184,0.0,0.001,0.158
34,185,0.0,0.001,0.159
34,186,0.0,0.001,0.163
34,187,0.0,0.001,0.16
34,188,0.001,0.002,0.15
34,189,0.0,0.001,0.162
34,19,0.0,0.0,0.133
34,190,0.0,0.0,0.172
34,191,0.0,0.0,0.174
34,192,0.0,0.0,0.177
34,193,0.0,0.0,0.174
34,194,0.0,0.0,0.183
34,195,0.0,0.0,0.187
34,196,0.0,0.0,0.169
34,197,0.0,0.0,0.168
34,198,0.0,0.0,0.174
34,199,0.0,0.0,0.18
34,20,0.0,0.001,0.124
34,200,0.0,0.0,0.18
34,201,0.0,0.001,0.165
34,202,0.001,0.002,0.151
34,203,0.001,0.002,0.15
34,204,0.001,0.002,0.151
34,205,0.0,0.001,0.158
34,206,0.0,0.001,0.155
34,207,0.0,0.002,0.151
34,208,0.0,0.001,0.154
34,209,0.001,0.004,0.14
34,21,0.0,0.001,0.126
34,210,0.001,0.004,0.139
34,211,0.001,0.003,0.141
34,212,0.001,0.004,0.139
34,213,0.001,0.002,0.151
34,214,0.0,0.001,0.155
34,215,0.0,0.001,0.157
34,216,0.0,0.001,0.161
34,217,0.0,0.002,0.155
34,218,0.0,0.001,0.159
34,219,0.0,0.0,0.173
34,22,0.0,0.0,0.129
34,220,0.0,0.001,0.171
34,221,0.0,0.001,0.169
34,222,0.0,0.001,0.165
34,223,0.0,0.002,0.161
34,224,0.0,0.001,0.175
34,225,0.0,0.0,0.186
34,226,0.0,0.001,0.179
34,227,0.0,0.001,0.181
34,228,0.0,0.001,0.18
34,229,0.0,0.001,0.184
34,23,0.0,0.001,0.124
34,230,0.0,0.0,0.191
34,231,0.0,0.0,0.196
34,232,0.0,0.001,0.185
34,233,0.0,0.0,0.195
34,234,0.0,0.001,0.192
34,235,0.0,0.001,0.197
34,236,0.0,0.001,0.189
34,237,0.0,0.001,0.202
34,238,0.0,0.001,0.198
34,239,0.0,0.001,0.195
34,24,0.0,0.0,0.127
34,240,0.0,0.001,0.2
34,241,0.0,0.001,0.206
34,242,0.0,0.001,0.2
34,243,0.0,0.001,0.209
34,244,0.001,0.002,0.198
34,245,0.001,0.002,0.199
34,246,0.001,0.002,0.206
34,247,0.0,0.001,0.22
34,248,0.001,0.002,0.209
34,249,0.0,0.001,0.229
34,25,0.0,0.001,0.124
34,250,0.001,0.002,0.219
34,251,0.001,0.003,0.214
34,26,0.0,0.001,0.127
34,27,0.0,0.001,0.126
34,28,0.0,0.0,0.128
34,29,0.0,0.0,0.137
34,30,0.0,0.001,0.121
34,31,0.0,0.0,0.134
34,32,0.0,0.0,0.131
34,33,0.0,0.0,0.139
34,34,0.0,0.0,0.139
34,35,0.0,0.0,0.134
34,36,0.0,0.0,0.137
34,37,0.0,0.0,0.141
34,38,0.0,0.0,0.136
34,39,0.0,0.0,0.137
34,40,0.0,0.0,0.133
34,41,0.0,0.001,0.124
34,42,0.0,0.0,0.165
34,43,0.0,0.0,0.143
34,44,0.0,0.0,0.138
34,45,0.0,0.001,0.13
34,46,0.0,0.0,0.138
34,47,0.002,0.005,0.11
34,48,0.001,0.002,0.12
34,49,0.0,0.001,0.128
34,50,0.001,0.002,0.122
34,51,0.002,0.005,0.112
34,52,0.001,0.003,0.118
34,53,0.0,0.001,0.126
34,54,0.002,0.006,0.109
34,55,0.001,0.004,0.116
34,56,0.001,0.004,0.117
34,57,0.001,0.002,0.122
34,58,0.001,0.003,0.119
34,59,0.001,0.002,0.126
34,6,0.0,0.001,0.125
34,60,0.002,0.005,0.115
34,61,0.002,0.005,0.115
34,62,0.003,0.007,0.113
34,63,0.002,0.005,0.118
34,64,0.006,0.013,0.104
34,65,0.002,0.006,0.116
34,66,0.003,0.006,0.115
34,67,0.004,0.009,0.112
34,68,0.015,0.028,0.094
34,69,0.009,0.018,0.101
34,7,0.0,0.001,0.124
34,70,0.008,0.018,0.102
34,71,0.007,0.016,0.105
34,72,0.008,0.017,0.104
34,73,0.003,0.007,0.118
34,74,0.006,0.012,0.11
34,75,0.002,0.006,0.121
34,76,0.006,0.013,0.11
34,77,0.005,0.011,0.113
34,78,0.002,0.005,0.124
34,79,0.002,0.004,0.128
34,8,0.0,0.0,0.139
34,80,0.001,0.004,0.131
34,81,0.004,0.01,0.117
34,82,0.003,0.007,0.122
34,83,0.002,0.004,0.13
34,84,0.001,0.003,0.134
34,85,0.001,0.003,0.139
34,86,0.001,0.003,0.135
34,87,0.001,0.004,0.134
34,88,0.001,0.003,0.138
34,89,0.001,0.002,0.141
34,9,0.0,0.0,0.139
34,90,0.0,0.001,0.148
34,91,0.0,0.001,0.155
34,92,0.0,0.001,0.16
34,93,0.0,0.001,0.155
34,94,0.001,0.002,0.145
34,95,0.001,0.002,0.144
34,96,0.001,0.003,0.143
34,97,0.0,0.001,0.153
34,98,0.001,0.003,0.14
34,99,0.004,0.009,0.127
35,10,0.0,0.001,0.123
35,100,0.001,0.002,0.149
35,101,0.001,0.003,0.145
35,102,0.001,0.002,0.148
35,103,0.0,0.001,0.156
35,104,0.001,0.002,0.154
35,105,0.001,0.003,0.144
35,106,0.001,0.004,0.142
35,107,0.001,0.003,0.146
35,108,0.0,0.001,0.158
35,109,0.0,0.001,0.158
35,11,0.0,0.001,0.124
35,110,0.0,0.001,0.161
35,111,0.0,0.001,0.162
35,112,0.001,0.003,0.147
35,113,0.001,0.003,0.145
35,114,0.001,0.004,0.145
35,115,0.001,0.002,0.157
35,116,0.0,0.001,0.167
35,117,0.0,0.001,0.16
35,118,0.001,0.002,0.153
35,119,0.0,0.001,0.169
35,12,0.0,0.001,0.125
35,120,0.0,0.001,0.165
35,121,0.0,0.001,0.162
35,122,0.0,0.001,0.161
35,123,0.0,0.001,0.167
35,124,0.0,0.001,0.167
35,125,0.0,0.001,0.164
35,126,0.0,0.0,0.178
35,127,0.0,0.001,0.168
35,128,0.0,0.0,0.178
35,129,0.0,0.0,0.185
35,13,0.0,0.001,0.119
35,130,0.0,0.0,0.189
35,131,0.0,0.0,0.179
35,132,0.0,0.001,0.175
35,133,0.0,0.0,0.181
35,134,0.0,0.0,0.186
35,135,0.0,0.0,0.182
35,136,0.0,0.001,0.175
35,137,0.0,0.0,0.185
35,138,0.0,0.0,0.188
35,139,0.0,0.001,0.175
35,14,0.0,0.001,0.119
35,140,0.0,0.001,0.17
35,141,0.0,0.001,0.171
35,142,0.0,0.0,0.186
35,143,0.0,0.0,0.183
35,144,0.0,0.001,0.17
35,145,0.001,0.002,0.159
35,146,0.0,0.002,0.162
35,147,0.0,0.001,0.172
35,148,0.0,0.001,0.173
35,149,0.0,0.001,0.165
35,15,0.0,0.001,0.121
35,150,0.001,0.002,0.162
35,151,0.0,0.001,0.172
35,152,0.0,0.001,0.173
35,153,0.001,0.002,0.155
35,154,0.0,0.001,0.166
35,155,0.0,0.0,0.18
35,156,0.0,0.001,0.176
35,157,0.0,0.001,0.167
35,158,0.001,0.002,0.157
35,159,0.001,0.002,0.156
35,16,0.0,0.001,0.119
35,160,0.0,0.001,0.167
35,161,0.0,0.001,0.163
35,162,0.001,0.003,0.154
35,163,0.002,0.005,0.145
35,164,0.001,0.002,0.158
35,165,0.001,0.002,0.158
35,166,0.0,0.001,0.162
35,167,0.001,0.002,0.159
35,168,0.001,0.003,0.15
35,169,0.002,0.005,0.142
35,17,0.0,0.0,0.136
35,170,0.001,0.004,0.148
35,171,0.001,0.002,0.156
35,172,0.0,0.001,0.163
35,173,0.0,0.001,0.162
35,174,0.001,0.002,0.155
35,175,0.001,0.002,0.157
35,176,0.0,0.001,0.163
35,177,0.0,0.001,0.163
35,178,0.0,0.001,0.16
35,179,0.0,0.001,0.163
35,18,0.0,0.001,0.119
35,180,0.0,0.001,0.164
35,181,0.0,0.001,0.165
35,182,0.0,0.001,0.169
35,183,0.001,0.002,0.157
35,184,0.0,0.001,0.164
35,185,0.0,0.001,0.165
35,186,0.001,0.002,0.156
35,187,0.0,0.001,0.162
35,188,0.0,0.001,0.167
35,189,0.0,0.001,0.169
35,19,0.0,0.001,0.117
35,190,0.0,0.001,0.167
35,191,0.0,0.001,0.16
35,192,0.0,0.0,0.179
35,193,0.0,0.0,0.187
35,194,0.0,0.0,0.181
35,195,0.0,0.0,0.181
35,196,0.0,0.0,0.175
35,197,0.0,0.0,0.177
35,198,0.0,0.0,0.175
35,199,0.0,0.001,0.164
35,20,0.0,0.0,0.133
35,200,0.0,0.0,0.167
35,201,0.001,0.002,0.15
35,202,0.0,0.0,0.167
35,203,0.0,0.001,0.159
35,204,0.001,0.002,0.148
35,205,0.0,0.001,0.153
35,206,0.001,0.003,0.144
35,207,0.0,0.002,0.152
35,208,0.0,0.001,0.158
35,209,0.001,0.002,0.146
35,21,0.001,0.003,0.108
35,210,0.001,0.002,0.147
35,211,0.0,0.001,0.16
35,212,0.0,0.0,0.169
35,213,0.0,0.001,0.16
35,214,0.0,0.001,0.166
35,215,0.0,0.001,0.155
35,216,0.0,0.001,0.156
35,217,0.0,0.001,0.158
35,218,0.001,0.003,0.148
35,219,0.0,0.001,0.164
35,22,0.001,0.002,0.111
35,220,0.0,0.001,0.158
35,221,0.001,0.002,0.156
35,222,0.001,0.002,0.154
35,223,0.001,0.002,0.155
35,224,0.001,0.002,0.157
35,225,0.0,0.001,0.164
35,226,0.0,0.001,0.167
35,227,0.0,0.001,0.174
35,228,0.0,0.001,0.169
35,229,0.0,0.001,0.177
35,23,0.0,0.001,0.126
35,230,0.0,0.001,0.18
35,231,0.001,0.002,0.167
35,232,0.001,0.003,0.161
35,233,0.001,0.003,0.165
35,234,0.001,0.003,0.169
35,235,0.001,0.003,0.169
35,236,0.001,0.004,0.167
35,237,0.001,0.003,0.17
35,238,0.001,0.002,0.179
35,239,0.001,0.003,0.18
35,24,0.001,0.002,0.115
35,240,0.002,0.005,0.171
35,241,0.001,0.003,0.183
35,242,0.002,0.004,0.179
35,243,0.001,0.004,0.184
35,244,0.001,0.003,0.193
35,245,0.0,0.001,0.211
35,246,0.0,0.001,0.213
35,247,0.001,0.002,0.21
35,248,0.001,0.002,0.211
35,249,0.001,0.002,0.218
35,25,0.0,0.001,0.123
35,250,0.001,0.003,0.209
35,251,0.001,0.004,0.207
35,26,0.001,0.002,0.115
35,27,0.0,0.001,0.117
35,28,0.0,0.001,0.124
35,29,0.0,0.001,0.122
35,30,0.002,0.006,0.103
35,31,0.0,0.0,0.131
35,32,0.0,0.0,0.14
35,33,0.0,0.001,0.121
35,34,0.001,0.002,0.115
35,35,0.0,0.001,0.119
35,36,0.0,0.001,0.126
35,37,0.0,0.001,0.128
35,38,0.0,0.0,0.138
35,39,0.0,0.001,0.129
35,40,0.0,0.0,0.132
35,41,0.0,0.001,0.121
35,42,0.0,0.001,0.132
35,43,0.001,0.002,0.119
35,44,0.0,0.001,0.127
35,45,0.0,0.001,0.126
35,46,0.0,0.0,0.136
35,47,0.001,0.004,0.114
35,48,0.001,0.003,0.118
35,49,0.001,0.002,0.122
35,50,0.0,0.001,0.128
35,51,0.002,0.004,0.113
35,52,0.004,0.009,0.104
35,53,0.011,0.022,0.092
35,54,0.005,0.01,0.103
35,55,0.004,0.009,0.106
35,56,0.003,0.007,0.11
35,57,0.006,0.013,0.101
35,58,0.002,0.005,0.115
35,59,0.002,0.006,0.113
35,6,0.0,0.001,0.126
35,60,0.003,0.008,0.11
35,61,0.008,0.016,0.1
35,62,0.012,0.024,0.095
35,63,0.005,0.012,0.106
35,64,0.005,0.012,0.106
35,65,0.004,0.01,0.109
35,66,0.004,0.01,0.109
35,67,0.001,0.004,0.123
35,68,0.003,0.008,0.113
35,69,0.006,0.013,0.108
35,7,0.0,0.001,0.127
35,70,0.006,0.014,0.107
35,71,0.02,0.038,0.091
35,72,0.012,0.024,0.099
35,73,0.006,0.014,0.108
35,74,0.004,0.01,0.114
35,75,0.006,0.013,0.11
35,76,0.005,0.012,0.112
35,77,0.004,0.01,0.115
35,78,0.004,0.01,0.116
35,79,0.005,0.012,0.114
35,8,0.0,0.001,0.13
35,80,0.003,0.008,0.12
35,81,0.003,0.007,0.123
35,82,0.002,0.005,0.129
35,83,0.003,0.006,0.125
35,84,0.002,0.005,0.131
35,85,0.002,0.006,0.126
35,86,0.002,0.005,0.13
35,87,0.002,0.005,0.131
35,88,0.001,0.003,0.137
35,89,0.003,0.007,0.127
35,9,0.0,0.001,0.122
35,90,0.004,0.008,0.125
35,91,0.003,0.008,0.126
35,92,0.002,0.005,0.134
35,93,0.003,0.008,0.127
35,94,0.001,0.004,0.139
35,95,0.003,0.007,0.13
35,96,0.001,0.003,0.143
35,97,0.001,0.002,0.148
35,98,0.002,0.004,0.138
35,99,0.001,0.003,0.143
36,10,0.0,0.0,0.144
36,100,0.001,0.002,0.151
36,101,0.001,0.002,0.146
36,102,0.001,0.002,0.151
36,103,0.001,0.002,0.15
36,104,0.001,0.002,0.153
36,105,0.0,0.001,0.161
36,106,0.0,0.001,0.164
36,107,0.0,0.001,0.169
36,108,0.0,0.001,0.167
36,109,0.0,0.001,0.164
36,11,0.0,0.0,0.149
36,110,0.001,0.002,0.155
36,111,0.0,0.001,0.166
36,112,0.0,0.001,0.158
36,113,0.0,0.001,0.162
36,114,0.0,0.001,0.168
36,115,0.0,0.001,0.159
36,116,0.0,0.001,0.165
36,117,0.0,0.001,0.168
36,118,0.0,0.001,0.17
36,119,0.0,0.0,0.176
36,12,0.0,0.0,0.143
36,120,0.0,0.0,0.178
36,121,0.0,0.0,0.176
36,122,0.0,0.001,0.174
36,123,0.0,0.0,0.18
36,124,0.0,0.0,0.192
36,125,0.0,0.0,0.202
36,126,0.0,0.0,0.202
36,127,0.0,0.0,0.191
36,128,0.0,0.0,0.185
36,129,0.0,0.0,0.184
36,13,0.0,0.0,0.138
36,130,0.0,0.0,0.196
36,131,0.0,0.0,0.178
36,132,0.0,0.001,0.175
36,133,0.0,0.0,0.19
36,134,0.0,0.0,0.206
36,135,0.0,0.0,0.209
36,136,0.0,0.0,0.199
36,137,0.0,0.0,0.2
36,138,0.0,0.0,0.207
36,139,0.0,0.0,0.209
36,14,0.0,0.001,0.123
36,140,0.0,0.0,0.192
36,141,0.0,0.0,0.193
36,142,0.0,0.0,0.179
36,143,0.0,0.0,0.18
36,144,0.0,0.0,0.179
36,145,0.0,0.0,0.183
36,146,0.0,0.0,0.191
36,147,0.0,0.0,0.187
36,148,0.0,0.001,0.177
36,149,0.0,0.001,0.167
36,15,0.0,0.0,0.135
36,150,0.0,0.0,0.184
36,151,0.0,0.001,0.177
36,152,0.0,0.001,0.177
36,153,0.0,0.001,0.175
36,154,0.0,0.001,0.171
36,155,0.0,0.001,0.171
36,156,0.0,0.001,0.169
36,157,0.0,0.001,0.172
36,158,0.0,0.001,0.171
36,159,0.0,0.001,0.172
36,16,0.0,0.0,0.143
36,160,0.0,0.001,0.167
36,161,0.0,0.001,0.175
36,162,0.0,0.0,0.179
36,163,0.0,0.001,0.166
36,164,0.0,0.0,0.18
36,165,0.0,0.0,0.178
36,166,0.0,0.0,0.178
36,167,0.0,0.0,0.177
36,168,0.0,0.001,0.167
36,169,0.0,0.001,0.169
36,17,0.0,0.0,0.134
36,170,0.0,0.001,0.171
36,171,0.0,0.002,0.161
36,172,0.001,0.003,0.153
36,173,0.001,0.002,0.158
36,174,0.001,0.002,0.156
36,175,0.0,0.001,0.166
36,176,0.0,0.001,0.174
36,177,0.0,0.001,0.166
36,178,0.0,0.002,0.159
36,179,0.0,0.001,0.161
36,18,0.0,0.0,0.13
36,180,0.0,0.001,0.163
36,181,0.0,0.001,0.164
36,182,0.0,0.001,0.167
36,183,0.0,0.001,0.171
36,184,0.0,0.001,0.169
36,185,0.0,0.0,0.173
36,186,0.0,0.001,0.168
36,187,0.0,0.001,0.17
36,188,0.0,0.0,0.183
36,189,0.0,0.0,0.174
36,19,0.0,0.0,0.135
36,190,0.0,0.0,0.176
36,191,0.0,0.0,0.181
36,192,0.0,0.0,0.183
36,193,0.0,0.0,0.183
36,194,0.0,0.0,0.183
36,195,0.0,0.0,0.183
36,196,0.0,0.0,0.185
36,197,0.0,0.001,0.165
36,198,0.0,0.0,0.18
36,199,0.0,0.0,0.188
36,20,0.0,0.0,0.136
36,200,0.0,0.001,0.167
36,201,0.0,0.0,0.175
36,202,0.0,0.001,0.159
36,203,0.0,0.001,0.154
36,204,0.0,0.001,0.162
36,205,0.0,0.001,0.154
36,206,0.001,0.002,0.147
36,207,0.0,0.001,0.153
36,208,0.0,0.001,0.155
36,209,0.0,0.001,0.157
36,21,0.0,0.0,0.131
36,210,0.0,0.002,0.153
36,211,0.0,0.001,0.165
36,212,0.001,0.002,0.147
36,213,0.001,0.002,0.151
36,214,0.0,0.001,0.163
36,215,0.0,0.0,0.174
36,216,0.0,0.001,0.169
36,217,0.0,0.001,0.164
36,218,0.0,0.001,0.168
36,219,0.0,0.001,0.169
36,22,0.0,0.0,0.133
36,220,0.0,0.001,0.167
36,221,0.0,0.001,0.167
36,222,0.0,0.001,0.173
36,223,0.0,0.0,0.178
36,224,0.0,0.001,0.172
36,225,0.0,0.001,0.178
36,226,0.0,0.001,0.166
36,227,0.0,0.001,0.174
36,228,0.0,0.001,0.177
36,229,0.0,0.001,0.183
36,23,0.0,0.0,0.137
36,230,0.0,0.0,0.188
36,231,0.0,0.0,0.191
36,232,0.0,0.0,0.2
36,233,0.0,0.0,0.197
36,234,0.0,0.0,0.196
36,235,0.0,0.0,0.207
36,236,0.0,0.0,0.204
36,237,0.0,0.0,0.202
36,238,0.0,0.001,0.202
36,239,0.0,0.001,0.192
36,24,0.0,0.0,0.152
36,240,0.0,0.0,0.212
36,241,0.0,0.001,0.2
36,242,0.0,0.001,0.201
36,243,0.0,0.001,0.207
36,244,0.001,0.002,0.198
36,245,0.0,0.001,0.216
36,246,0.0,0.001,0.228
36,247,0.0,0.001,0.212
36,248,0.0,0.001,0.219
36,249,0.0,0.001,0.223
36,25,0.0,0.0,0.14
36,250,0.0,0.001,0.227
36,251,0.0,0.001,0.232
36,26,0.0,0.001,0.127
36,27,0.0,0.0,0.131
36,28,0.0,0.0,0.145
36,29,0.0,0.001,0.123
36,30,0.0,0.0,0.133
36,31,0.0,0.0,0.131
36,32,0.0,0.001,0.123
36,33,0.0,0.001,0.123
36,34,0.0,0.0,0.131
36,35,0.0,0.0,0.139
36,36,0.0,0.0,0.131
36,37,0.0,0.0,0.135
36,38,0.0,0.0,0.132
36,39,0.0,0.0,0.143
36,40,0.0,0.0,0.138
36,41,0.0,0.0,0.138
36,42,0.0,0.0,0.138
36,43,0.0,0.0,0.143
36,44,0.0,0.001,0.134
36,45,0.0,0.001,0.132
36,46,0.0,0.001,0.135
36,47,0.0,0.0,0.15
36,48,0.0,0.0,0.142
36,49,0.0,0.0,0.143
36,50,0.0,0.001,0.131
36,51,0.0,0.001,0.131
36,52,0.001,0.002,0.121
36,53,0.0,0.001,0.132
36,54,0.0,0.001,0.133
36,55,0.001,0.003,0.121
36,56,0.001,0.002,0.124
36,57,0.0,0.001,0.136
36,58,0.0,0.001,0.141
36,59,0.001,0.003,0.123
36,6,0.0,0.0,0.154
36,60,0.001,0.004,0.121
36,61,0.0,0.001,0.138
36,62,0.001,0.002,0.13
36,63,0.001,0.002,0.131
36,64,0.0,0.001,0.136
36,65,0.002,0.006,0.117
36,66,0.002,0.004,0.122
36,67,0.003,0.007,0.115
36,68,0.015,0.029,0.095
36,69,0.015,0.029,0.095
36,7,0.0,0.0,0.152
36,70,0.018,0.034,0.093
36,71,0.012,0.024,0.099
36,72,0.015,0.029,0.097
36,73,0.014,0.028,0.098
36,74,0.015,0.03,0.097
36,75,0.005,0.012,0.113
36,76,0.004,0.009,0.117
36,77,0.005,0.011,0.114
36,78,0.002,0.004,0.129
36,79,0.002,0.005,0.127
36,8,0.0,0.0,0.146
36,80,0.001,0.004,0.132
36,81,0.002,0.004,0.13
36,82,0.001,0.002,0.142
36,83,0.002,0.004,0.132
36,84,0.001,0.004,0.135
36,85,0.002,0.005,0.132
36,86,0.001,0.004,0.135
36,87,0.001,0.004,0.136
36,88,0.001,0.002,0.143
36,89,0.001,0.003,0.14
36,9,0.0,0.0,0.143
36,90,0.0,0.001,0.154
36,91,0.0,0.001,0.154
36,92,0.0,0.001,0.151
36,93,0.0,0.001,0.154
36,94,0.0,0.001,0.16
36,95,0.0,0.001,0.156
36,96,0.001,0.004,0.138
36,97,0.001,0.003,0.142
36,98,0.0,0.001,0.153
36,99,0.001,0.003,0.142
37,10,0.0,0.0,0.137
37,100,0.001,0.002,0.15
37,101,0.001,0.003,0.146
37,102,0.001,0.003,0.146
37,103,0.001,0.003,0.144
37,104,0.001,0.002,0.148
37,105,0.001,0.002,0.151
37,106,0.0,0.001,0.161
37,107,0.0,0.001,0.166
37,108,0.001,0.002,0.154
37,109,0.0,0.001,0.156
37,11,0.0,0.0,0.132
37,110,0.0,0.001,0.163
37,111,0.0,0.001,0.161
37,112,0.0,0.002,0.156
37,113,0.001,0.002,0.154
37,114,0.0,0.001,0.162
37,115,0.0,0.001,0.16
37,116,0.0,0.001,0.165
37,117,0.0,0.001,0.165
37,118,0.0,0.001,0.171
37,119,0.0,0.0,0.177
37,12,0.001,0.003,0.111
37,120,0.0,0.0,0.173
37,121,0.0,0.0,0.181
37,122,0.0,0.0,0.185
37,123,0.0,0.0,0.185
37,124,0.0,0.0,0.186
37,125,0.0,0.0,0.189
37,126,0.0,0.0,0.189
37,127,0.0,0.0,0.189
37,128,0.0,0.0,0.183
37,129,0.0,0.0,0.178
37,13,0.0,0.001,0.12
37,130,0.0,0.0,0.188
37,131,0.0,0.0,0.187
37,132,0.0,0.0,0.193
37,133,0.0,0.0,0.184
37,134,0.0,0.0,0.181
37,135,0.0,0.0,0.179
37,136,0.0,0.0,0.189
37,137,0.0,0.0,0.192
37,138,0.0,0.0,0.187
37,139,0.0,0.0,0.189
37,14,0.0,0.001,0.117
37,140,0.0,0.0,0.198
37,141,0.0,0.0,0.199
37,142,0.0,0.0,0.188
37,143,0.0,0.0,0.185
37,144,0.0,0.0,0.195
37,145,0.0,0.0,0.189
37,146,0.0,0.0,0.186
37,147,0.0,0.001,0.176
37,148,0.0,0.0,0.183
37,149,0.0,0.0,0.183
37,15,0.0,0.001,0.117
37,150,0.0,0.0,0.194
37,151,0.0,0.0,0.188
37,152,0.0,0.001,0.167
37,153,0.0,0.001,0.171
37,154,0.0,0.001,0.168
37,155,0.0,0.001,0.162
37,156,0.0,0.002,0.162
37,157,0.001,0.002,0.156
37,158,0.001,0.002,0.159
37,159,0.001,0.003,0.149
37,16,0.002,0.005,0.103
37,160,0.001,0.002,0.154
37,161,0.001,0.003,0.153
37,162,0.0,0.001,0.163
37,163,0.0,0.001,0.173
37,164,0.001,0.002,0.155
37,165,0.001,0.002,0.154
37,166,0.001,0.003,0.15
37,167,0.001,0.002,0.157
37,168,0.001,0.002,0.157
37,169,0.002,0.005,0.143
37,17,0.002,0.005,0.104
37,170,0.002,0.006,0.141
37,171,0.001,0.004,0.148
37,172,0.001,0.003,0.151
37,173,0.002,0.005,0.143
37,174,0.001,0.003,0.149
37,175,0.002,0.004,0.145
37,176,0.003,0.007,0.137
37,177,0.003,0.007,0.138
37,178,0.002,0.006,0.14
37,179,0.001,0.003,0.152
37,18,0.001,0.002,0.112
37,180,0.001,0.004,0.146
37,181,0.001,0.003,0.147
37,182,0.001,0.002,0.157
37,183,0.001,0.002,0.155
37,184,0.0,0.002,0.158
37,185,0.0,0.001,0.162
37,186,0.0,0.0,0.176
37,187,0.0,0.0,0.18
37,188,0.0,0.0,0.181
37,189,0.0,0.001,0.166
37,19,0.001,0.002,0.115
37,190,0.0,0.001,0.167
37,191,0.0,0.001,0.166
37,192,0.0,0.0,0.184
37,193,0.0,0.0,0.185
37,194,0.0,0.001,0.169
37,195,0.0,0.001,0.159
37,196,0.0,0.0,0.173
37,197,0.0,0.001,0.166
37,198,0.0,0.001,0.161
37,199,0.001,0.002,0.148
37,20,0.003,0.007,0.1
37,200,0.0,0.001,0.166
37,201,0.0,0.001,0.167
37,202,0.0,0.0,0.175
37,203,0.0,0.001,0.158
37,204,0.001,0.002,0.149
37,205,0.0,0.001,0.157
37,206,0.001,0.003,0.145
37,207,0.001,0.002,0.148
37,208,0.001,0.002,0.147
37,209,0.0,0.001,0.155
37,21,0.001,0.002,0.116
37,210,0.0,0.001,0.161
37,211,0.0,0.001,0.154
37,212,0.0,0.001,0.156
37,213,0.001,0.002,0.152
37,214,0.001,0.003,0.146
37,215,0.001,0.004,0.142
37,216,0.0,0.001,0.16
37,217,0.0,0.0,0.173
37,218,0.0,0.001,0.17
37,219,0.0,0.001,0.164
37,22,0.001,0.004,0.106
37,220,0.001,0.002,0.157
37,221,0.0,0.002,0.159
37,222,0.0,0.001,0.163
37,223,0.0,0.001,0.17
37,224,0.001,0.002,0.156
37,225,0.0,0.001,0.163
37,226,0.0,0.001,0.172
37,227,0.001,0.003,0.157
37,228,0.0,0.001,0.17
37,229,0.0,0.001,0.177
37,23,0.002,0.005,0.103
37,230,0.0,0.0,0.191
37,231,0.0,0.001,0.173
37,232,0.0,0.001,0.177
37,233,0.0,0.001,0.179
37,234,0.0,0.001,0.179
37,235,0.0,0.001,0.185
37,236,0.0,0.001,0.186
37,237,0.0,0.0,0.203
37,238,0.0,0.0,0.213
37,239,0.0,0.001,0.204
37,24,0.0,0.001,0.118
37,240,0.0,0.001,0.201
37,241,0.0,0.001,0.195
37,242,0.0,0.001,0.21
37,243,0.0,0.0,0.217
37,244,0.0,0.001,0.219
37,245,0.0,0.001,0.21
37,246,0.0,0.001,0.217
37,247,0.0,0.001,0.227
37,248,0.0,0.001,0.222
37,249,0.0,0.001,0.224
37,25,0.001,0.002,0.116
37,250,0.0,0.001,0.227
37,251,0.0,0.001,0.235
37,26,0.001,0.003,0.11
37,27,0.001,0.002,0.115
37,28,0.0,0.001,0.122
37,29,0.0,0.001,0.123
37,30,0.0,0.0,0.133
37,31,0.0,0.001,0.119
37,32,0.0,0.0,0.131
37,33,0.0,0.001,0.123
37,34,0.0,0.001,0.123
37,35,0.0,0.001,0.121
37,36,0.001,0.002,0.116
37,37,0.001,0.002,0.12
37,38,0.0,0.001,0.126
37,39,0.0,0.001,0.121
37,40,0.001,0.003,0.114
37,41,0.007,0.015,0.094
37,42,0.001,0.002,0.12
37,43,0.001,0.002,0.117
37,44,0.003,0.007,0.106
37,45,0.003,0.008,0.105
37,46,0.009,0.019,0.093
37,47,0.004,0.01,0.102
37,48,0.004,0.009,0.104
37,49,0.012,0.025,0.09
37,50,0.008,0.018,0.095
37,51,0.005,0.011,0.103
37,52,0.006,0.014,0.099
37,53,0.017,0.033,0.087
37,54,0.004,0.01,0.105
37,55,0.007,0.015,0.1
37,56,0.01,0.021,0.095
37,57,0.007,0.016,0.099
37,58,0.002,0.006,0.112
37,59,0.007,0.014,0.102
37,6,0.0,0.002,0.12
37,60,0.006,0.013,0.103
37,61,0.006,0.014,0.103
37,62,0.007,0.014,0.103
37,63,0.008,0.017,0.101
37,64,0.011,0.023,0.097
37,65,0.009,0.018,0.101
37,66,0.009,0.018,0.102
37,67,0.01,0.021,0.1
37,68,0.008,0.016,0.105
37,69,0.008,0.017,0.104
37,7,0.0,0.0,0.132
37,70,0.007,0.015,0.107
37,71,0.003,0.007,0.118
37,72,0.003,0.007,0.12
37,73,0.008,0.016,0.107
37,74,0.01,0.021,0.104
37,75,0.006,0.014,0.111
37,76,0.006,0.013,0.113
37,77,0.017,0.032,0.098
37,78,0.026,0.047,0.091
37,79,0.004,0.009,0.119
37,8,0.0,0.0,0.137
37,80,0.001,0.003,0.133
37,81,0.002,0.006,0.127
37,82,0.003,0.008,0.123
37,83,0.006,0.013,0.115
37,84,0.004,0.009,0.121
37,85,0.004,0.01,0.121
37,86,0.003,0.008,0.124
37,87,0.001,0.004,0.135
37,88,0.001,0.002,0.144
37,89,0.002,0.006,0.13
37,9,0.0,0.001,0.12
37,90,0.002,0.004,0.136
37,91,0.003,0.007,0.129
37,92,0.002,0.005,0.134
37,93,0.002,0.005,0.134
37,94,0.0,0.001,0.153
37,95,0.001,0.003,0.142
37,96,0.001,0.002,0.147
37,97,0.0,0.001,0.162
37,98,0.001,0.002,0.15
37,99,0.002,0.004,0.138
38,10,0.0,0.0,0.131
38,100,0.0,0.001,0.162
38,101,0.0,0.001,0.163
38,102,0.0,0.001,0.165
38,103,0.0,0.001,0.161
38,104,0.0,0.001,0.169
38,105,0.0,0.0,0.17
38,106,0.0,0.0,0.179
38,107,0.0,0.0,0.177
38,108,0.0,0.001,0.165
38,109,0.0,0.001,0.163
38,11,0.0,0.0,0.145
38,110,0.0,0.001,0.165
38,111,0.0,0.0,0.175
38,112,0.0,0.0,0.185
38,113,0.0,0.0,0.182
38,114,0.0,0.0,0.187
38,115,0.0,0.0,0.182
38,116,0.0,0.0,0.191
38,117,0.0,0.0,0.189
38,118,0.0,0.0,0.203
38,119,0.0,0.0,0.199
38,12,0.0,0.0,0.144
38,120,0.0,0.0,0.18
38,121,0.0,0.0,0.18
38,122,0.0,0.0,0.193
38,123,0.0,0.0,0.204
38,124,0.0,0.0,0.2
38,125,0.0,0.0,0.198
38,126,0.0,0.0,0.194
38,127,0.0,0.0,0.206
38,128,0.0,0.0,0.202
38,129,0.0,0.0,0.2
38,13,0.0,0.0,0.146
38,130,0.0,0.0,0.195
38,131,0.0,0.0,0.211
38,132,0.0,0.0,0.21
38,133,0.0,0.0,0.207
38,134,0.0,0.0,0.197
38,135,0.0,0.0,0.204
38,136,0.0,0.0,0.195
38,137,0.0,0.0,0.199
38,138,0.0,0.0,0.199
38,139,0.0,0.0,0.209
38,14,0.0,0.0,0.147
38,140,0.0,0.0,0.204
38,141,0.0,0.0,0.201
38,142,0.0,0.0,0.197
38,143,0.0,0.0,0.192
38,144,0.0,0.0,0.191
38,145,0.0,0.0,0.196
38,146,0.0,0.0,0.193
38,147,0.0,0.0,0.193
38,148,0.0,0.0,0.188
38,149,0.0,0.0,0.183
38,15,0.0,0.0,0.133
38,150,0.0,0.001,0.174
38,151,0.0,0.0,0.186
38,152,0.0,0.0,0.187
38,153,0.0,0.001,0.171
38,154,0.0,0.001,0.173
38,155,0.0,0.001,0.17
38,156,0.0,0.001,0.174
38,157,0.0,0.001,0.173
38,158,0.0,0.001,0.172
38,159,0.0,0.001,0.17
38,16,0.0,0.0,0.14
38,160,0.0,0.001,0.164
38,161,0.0,0.001,0.166
38,162,0.001,0.002,0.159
38,163,0.0,0.002,0.161
38,164,0.001,0.002,0.157
38,165,0.001,0.002,0.159
38,166,0.0,0.001,0.166
38,167,0.001,0.002,0.156
38,168,0.0,0.001,0.163
38,169,0.0,0.001,0.165
38,17,0.0,0.0,0.149
38,170,0.0,0.001,0.169
38,171,0.0,0.001,0.169
38,172,0.001,0.002,0.155
38,173,0.001,0.002,0.156
38,174,0.001,0.002,0.16
38,175,0.001,0.002,0.158
38,176,0.001,0.002,0.154
38,177,0.0,0.001,0.168
38,178,0.0,0.001,0.166
38,179,0.0,0.001,0.161
38,18,0.0,0.0,0.128
38,180,0.0,0.001,0.168
38,181,0.0,0.0,0.181
38,182,0.0,0.0,0.176
38,183,0.0,0.0,0.18
38,184,0.0,0.0,0.18
38,185,0.0,0.0,0.182
38,186,0.0,0.001,0.172
38,187,0.0,0.001,0.169
38,188,0.0,0.001,0.168
38,189,0.0,0.0,0.183
38,19,0.0,0.0,0.144
38,190,0.0,0.0,0.186
38,191,0.0,0.0,0.184
38,192,0.0,0.001,0.168
38,193,0.001,0.002,0.156
38,194,0.0,0.001,0.161
38,195,0.0,0.001,0.164
38,196,0.001,0.002,0.155
38,197,0.0,0.001,0.169
38,198,0.0,0.001,0.17
38,199,0.0,0.001,0.165
38,20,0.0,0.0,0.128
38,200,0.0,0.001,0.169
38,201,0.0,0.001,0.159
38,202,0.001,0.003,0.145
38,203,0.0,0.001,0.155
38,204,0.0,0.001,0.157
38,205,0.001,0.003,0.146
38,206,0.0,0.001,0.157
38,207,0.0,0.001,0.161
38,208,0.001,0.003,0.144
38,209,0.001,0.003,0.145
38,21,0.0,0.001,0.127
38,210,0.001,0.002,0.153
38,211,0.001,0.002,0.153
38,212,0.0,0.001,0.166
38,213,0.0,0.001,0.157
38,214,0.0,0.001,0.164
38,215,0.0,0.001,0.16
38,216,0.0,0.001,0.16
38,217,0.001,0.002,0.154
38,218,0.0,0.001,0.158
38,219,0.001,0.002,0.154
38,22,0.0,0.0,0.131
38,220,0.0,0.001,0.169
38,221,0.0,0.001,0.163
38,222,0.0,0.001,0.16
38,223,0.0,0.001,0.167
38,224,0.001,0.002,0.159
38,225,0.0,0.001,0.164
38,226,0.0,0.001,0.165
38,227,0.0,0.0,0.181
38,228,0.0,0.001,0.178
38,229,0.0,0.001,0.175
38,23,0.0,0.0,0.129
38,230,0.0,0.001,0.171
38,231,0.0,0.001,0.173
38,232,0.0,0.001,0.174
38,233,0.0,0.001,0.184
38,234,0.0,0.0,0.192
38,235,0.0,0.001,0.187
38,236,0.0,0.001,0.196
38,237,0.0,0.001,0.193
38,238,0.0,0.001,0.195
38,239,0.0,0.002,0.185
38,24,0.0,0.0,0.13
38,240,0.0,0.0,0.206
38,241,0.0,0.0,0.208
38,242,0.0,0.001,0.211
38,243,0.0,0.0,0.216
38,244,0.0,0.0,0.219
38,245,0.0,0.001,0.213
38,246,0.0,0.001,0.217
38,247,0.0,0.0,0.238
38,248,0.0,0.001,0.227
38,249,0.0,0.001,0.223
38,25,0.0,0.001,0.121
38,250,0.0,0.001,0.226
38,251,0.0,0.002,0.222
38,26,0.0,0.0,0.13
38,27,0.0,0.0,0.133
38,28,0.0,0.001,0.128
38,29,0.0,0.001,0.119
38,30,0.0,0.0,0.146
38,31,0.0,0.0,0.138
38,32,0.0,0.0,0.134
38,33,0.0,0.0,0.141
38,34,0.0,0.0,0.133
38,35,0.0,0.001,0.123
38,36,0.0,0.0,0.138
38,37,0.0,0.001,0.127
38,38,0.0,0.001,0.132
38,39,0.0,0.001,0.129
38,40,0.0,0.001,0.132
38,41,0.001,0.002,0.12
38,42,0.001,0.002,0.121
38,43,0.0,0.001,0.126
38,44,0.0,0.001,0.125
38,45,0.001,0.002,0.122
38,46,0.001,0.003,0.116
38,47,0.0,0.001,0.129
38,48,0.001,0.002,0.125
38,49,0.002,0.004,0.115
38,50,0.001,0.002,0.123
38,51,0.0,0.001,0.137
38,52,0.0,0.001,0.135
38,53,0.0,0.001,0.13
38,54,0.001,0.002,0.124
38,55,0.001,0.003,0.122
38,56,0.001,0.003,0.123
38,57,0.0,0.001,0.132
38,58,0.0,0.001,0.134
38,59,0.0,0.001,0.134
38,6,0.0,0.0,0.141
38,60,0.001,0.004,0.121
38,61,0.002,0.005,0.12
38,62,0.001,0.003,0.125
38,63,0.002,0.005,0.12
38,64,0.0,0.001,0.137
38,65,0.001,0.003,0.128
38,66,0.001,0.003,0.128
38,67,0.003,0.008,0.116
38,68,0.002,0.006,0.12
38,69,0.002,0.005,0.124
38,7,0.0,0.0,0.138
38,70,0.002,0.006,0.121
38,71,0.011,0.022,0.102
38,72,0.003,0.007,0.121
38,73,0.002,0.006,0.123
38,74,0.001,0.002,0.137
38,75,0.002,0.005,0.128
38,76,0.002,0.006,0.125
38,77,0.001,0.003,0.136
38,78,0.001,0.004,0.132
38,79,0.003,0.008,0.122
38,8,0.0,0.0,0.14
38,80,0.003,0.007,0.124
38,81,0.001,0.004,0.133
38,82,0.0,0.001,0.148
38,83,0.002,0.006,0.128
38,84,0.001,0.004,0.136
38,85,0.001,0.002,0.143
38,86,0.001,0.004,0.137
38,87,0.001,0.003,0.142
38,88,0.001,0.003,0.143
38,89,0.001,0.002,0.144
38,9,0.0,0.0,0.149
38,90,0.001,0.002,0.146
38,91,0.0,0.001,0.151
38,92,0.001,0.002,0.146
38,93,0.001,0.002,0.146
38,94,0.0,0.001,0.158
38,95,0.0,0.001,0.152
38,96,0.0,0.001,0.164
38,97,0.0,0.001,0.161
38,98,0.0,0.0,0.169
38,99,0.0,0.001,0.162
39,10,0.001,0.002,0.115
39,100,0.0,0.0,0.193
39,101,0.0,0.0,0.188
39,102,0.0,0.0,0.179
39,103,0.0,0.0,0.176
39,104,0.0,0.0,0.188
39,105,0.0,0.0,0.203
39,106,0.0,0.0,0.198
39,107,0.0,0.0,0.191
39,108,0.0,0.0,0.191
39,109,0.0,0.0,0.197
39,11,0.0,0.001,0.121
39,110,0.0,0.0,0.199
39,111,0.0,0.0,0.198
39,112,0.0,0.0,0.213
39,113,0.0,0.0,0.21
39,114,0.0,0.0,0.202
39,115,0.0,0.0,0.2
39,116,0.0,0.0,0.203
39,117,0.0,0.0,0.209
39,118,0.0,0.0,0.202
39,119,0.0,0.0,0.202
39,12,0.0,0.001,0.128
39,120,0.0,0.0,0.198
39,121,0.0,0.0,0.209
39,122,0.0,0.0,0.204
39,123,0.0,0.0,0.214
39,124,0.0,0.0,0.214
39,125,0.0,0.0,0.213
39,126,0.0,0.0,0.21
39,127,0.0,0.0,0.211
39,128,0.0,0.0,0.215
39,129,0.0,0.0,0.216
39,13,0.0,0.001,0.126
39,130,0.0,0.0,0.22
39,131,0.0,0.0,0.214
39,132,0.0,0.0,0.216
39,133,0.0,0.0,0.222
39,134,0.0,0.0,0.223
39,135,0.0,0.0,0.216
39,136,0.0,0.0,0.216
39,137,0.0,0.0,0.214
39,138,0.0,0.0,0.219
39,139,0.0,0.0,0.21
39,14,0.0,0.0,0.131
39,140,0.0,0.0,0.2
39,141,0.0,0.0,0.199
39,142,0.0,0.0,0.189
39,143,0.0,0.0,0.191
39,144,0.0,0.0,0.195
39,145,0.0,0.0,0.187
39,146,0.0,0.0,0.195
39,147,0.0,0.0,0.194
39,148,0.0,0.0,0.194
39,149,0.0,0.0,0.206
39,15,0.0,0.001,0.124
39,150,0.0,0.0,0.203
39,151,0.0,0.0,0.2
39,152,0.0,0.0,0.198
39,153,0.0,0.0,0.198
39,154,0.0,0.0,0.194
39,155,0.0,0.0,0.19
39,156,0.0,0.0,0.185
39,157,0.0,0.0,0.18
39,158,0.0,0.0,0.187
39,159,0.0,0.0,0.183
39,16,0.0,0.001,0.12
39,160,0.0,0.0,0.181
39,161,0.0,0.0,0.182
39,162,0.0,0.0,0.187
39,163,0.0,0.0,0.185
39,164,0.0,0.001,0.175
39,165,0.0,0.0,0.184
39,166,0.0,0.001,0.171
39,167,0.0,0.0,0.182
39,168,0.0,0.001,0.169
39,169,0.0,0.001,0.17
39,17,0.0,0.001,0.129
39,170,0.0,0.001,0.174
39,171,0.0,0.001,0.175
39,172,0.0,0.001,0.166
39,173,0.0,0.001,0.164
39,174,0.0,0.0,0.185
39,175,0.0,0.001,0.169
39,176,0.0,0.001,0.174
39,177,0.0,0.0,0.178
39,178,0.0,0.0,0.179
39,179,0.0,0.0,0.183
39,18,0.0,0.0,0.141
39,180,0.0,0.0,0.186
39,181,0.0,0.0,0.185
39,182,0.0,0.0,0.18
39,183,0.0,0.001,0.173
39,184,0.0,0.0,0.193
39,185,0.0,0.0,0.19
39,186,0.0,0.0,0.184
39,187,0.0,0.0,0.179
39,188,0.0,0.001,0.173
39,189,0.0,0.0,0.179
39,19,0.0,0.0,0.138
39,190,0.0,0.0,0.182
39,191,0.0,0.0,0.184
39,192,0.0,0.0,0.185
39,193,0.0,0.0,0.177
39,194,0.0,0.0,0.187
39,195,0.0,0.0,0.173
39,196,0.0,0.0,0.183
39,197,0.0,0.0,0.184
39,198,0.0,0.0,0.176
39,199,0.0,0.0,0.187
39,20,0.0,0.0,0.146
39,200,0.0,0.001,0.165
39,201,0.0,0.0,0.172
39,202,0.0,0.0,0.172
39,203,0.0,0.001,0.167
39,204,0.0,0.001,0.164
39,205,0.0,0.001,0.16
39,206,0.0,0.001,0.161
39,207,0.0,0.001,0.163
39,208,0.0,0.001,0.159
39,209,0.0,0.001,0.156
39,21,0.0,0.001,0.126
39,210,0.0,0.001,0.164
39,211,0.0,0.001,0.163
39,212,0.0,0.0,0.171
39,213,0.0,0.0,0.178
39,214,0.0,0.0,0.179
39,215,0.0,0.001,0.165
39,216,0.0,0.001,0.168
39,217,0.0,0.001,0.159
39,218,0.0,0.001,0.167
39,219,0.0,0.001,0.168
39,22,0.0,0.0,0.142
39,220,0.0,0.001,0.166
39,221,0.0,0.001,0.167
39,222,0.0,0.001,0.167
39,223,0.0,0.001,0.163
39,224,0.0,0.001,0.17
39,225,0.0,0.001,0.171
39,226,0.0,0.001,0.165
39,227,0.001,0.002,0.162
39,228,0.001,0.002,0.16
39,229,0.001,0.002,0.161
39,23,0.0,0.0,0.141
39,230,0.0,0.001,0.171
39,231,0.0,0.001,0.18
39,232,0.001,0.003,0.161
39,233,0.001,0.002,0.166
39,234,0.0,0.001,0.183
39,235,0.0,0.001,0.188
39,236,0.0,0.001,0.189
39,237,0.0,0.001,0.194
39,238,0.0,0.001,0.198
39,239,0.0,0.0,0.207
39,24,0.0,0.0,0.14
39,240,0.0,0.0,0.21
39,241,0.0,0.001,0.2
39,242,0.0,0.0,0.213
39,243,0.0,0.0,0.225
39,244,0.0,0.0,0.236
39,245,0.0,0.0,0.239
39,246,0.0,0.0,0.244
39,247,0.0,0.0,0.239
39,248,0.0,0.0,0.256
39,249,0.0,0.0,0.261
39,25,0.0,0.0,0.132
39,250,0.0,0.0,0.269
39,251,0.0,0.0,0.258
39,26,0.0,0.0,0.14
39,27,0.0,0.0,0.134
39,28,0.0,0.0,0.135
39,29,0.0,0.001,0.128
39,30,0.001,0.002,0.119
39,31,0.0,0.0,0.137
39,32,0.0,0.0,0.138
39,33,0.0,0.0,0.134
39,34,0.0,0.001,0.131
39,35,0.0,0.001,0.124
39,36,0.0,0.002,0.121
39,37,0.001,0.002,0.121
39,38,0.0,0.0,0.135
39,39,0.0,0.0,0.138
39,40,0.0,0.0,0.142
39,41,0.0,0.0,0.137
39,42,0.0,0.001,0.132
39,43,0.001,0.002,0.122
39,44,0.0,0.001,0.127
39,45,0.001,0.003,0.116
39,46,0.0,0.001,0.133
39,47,0.0,0.001,0.136
39,48,0.002,0.005,0.113
39,49,0.001,0.002,0.122
39,50,0.001,0.002,0.123
39,51,0.003,0.006,0.111
39,52,0.001,0.004,0.118
39,53,0.002,0.005,0.116
39,54,0.001,0.002,0.126
39,55,0.002,0.006,0.115
39,56,0.002,0.004,0.118
39,57,0.001,0.002,0.13
39,58,0.001,0.003,0.126
39,59,0.004,0.009,0.111
39,6,0.0,0.001,0.132
39,60,0.002,0.005,0.118
39,61,0.001,0.002,0.13
39,62,0.001,0.003,0.129
39,63,0.001,0.003,0.126
39,64,0.002,0.005,0.122
39,65,0.001,0.003,0.128
39,66,0.002,0.006,0.12
39,67,0.003,0.007,0.119
39,68,0.002,0.005,0.124
39,69,0.001,0.004,0.127
39,7,0.0,0.001,0.126
39,70,0.002,0.005,0.124
39,71,0.005,0.011,0.114
39,72,0.002,0.005,0.126
39,73,0.003,0.008,0.12
39,74,0.001,0.004,0.13
39,75,0.001,0.003,0.135
39,76,0.003,0.007,0.124
39,77,0.001,0.003,0.135
39,78,0.001,0.003,0.136
39,79,0.001,0.003,0.136
39,8,0.0,0.0,0.133
39,80,0.001,0.003,0.136
39,81,0.001,0.004,0.136
39,82,0.001,0.002,0.142
39,83,0.0,0.001,0.156
39,84,0.0,0.001,0.152
39,85,0.0,0.001,0.154
39,86,0.0,0.001,0.159
39,87,0.0,0.0,0.169
39,88,0.0,0.0,0.169
39,89,0.0,0.0,0.17
39,9,0.0,0.001,0.128
39,90,0.0,0.0,0.175
39,91,0.0,0.0,0.174
39,92,0.0,0.0,0.172
39,93,0.0,0.0,0.167
39,94,0.0,0.0,0.178
39,95,0.0,0.0,0.181
39,96,0.0,0.0,0.182
39,97,0.0,0.0,0.18
39,98,0.0,0.0,0.172
39,99,0.0,0.0,0.182
4,10,0.001,0.003,0.11
4,100,0.006,0.013,0.102
4,101,0.005,0.011,0.104
4,102,0.003,0.008,0.109
4,103,0.002,0.005,0.116
4,104,0.002,0.005,0.116
4,105,0.003,0.007,0.112
4,106,0.004,0.009,0.109
4,107,0.002,0.006,0.114
4,108,0.001,0.003,0.124
4,109,0.001,0.003,0.121
4,11,0.0,0.002,0.117
4,110,0.004,0.01,0.108
4,111,0.003,0.008,0.112
4,112,0.002,0.006,0.116
4,113,0.003,0.006,0.115
4,114,0.002,0.005,0.119
4,115,0.001,0.003,0.125
4,116,0.0,0.001,0.138
4,117,0.001,0.002,0.13
4,118,0.001,0.004,0.122
4,119,0.001,0.002,0.131
4,12,0.0,0.001,0.121
4,120,0.0,0.001,0.138
4,121,0.001,0.002,0.131
4,122,0.0,0.001,0.142
4,123,0.0,0.0,0.163
4,124,0.0,0.0,0.153
4,125,0.0,0.0,0.157
4,126,0.0,0.001,0.144
4,127,0.0,0.001,0.149
4,128,0.0,0.0,0.161
4,129,0.0,0.001,0.149
4,13,0.0,0.001,0.124
4,130,0.0,0.001,0.146
4,131,0.0,0.0,0.152
4,132,0.0,0.0,0.153
4,133,0.0,0.001,0.14
4,134,0.0,0.002,0.139
4,135,0.001,0.002,0.137
4,136,0.001,0.003,0.13
4,137,0.001,0.002,0.136
4,138,0.001,0.002,0.137
4,139,0.0,0.001,0.151
4,14,0.001,0.003,0.107
4,140,0.0,0.001,0.152
4,141,0.0,0.001,0.15
4,142,0.0,0.0,0.157
4,143,0.0,0.001,0.151
4,144,0.0,0.001,0.153
4,145,0.0,0.001,0.15
4,146,0.0,0.001,0.153
4,147,0.0,0.0,0.16
4,148,0.0,0.0,0.159
4,149,0.0,0.0,0.161
4,15,0.0,0.001,0.117
4,150,0.0,0.0,0.165
4,151,0.0,0.0,0.162
4,152,0.0,0.0,0.166
4,153,0.0,0.001,0.154
4,154,0.0,0.0,0.162
4,155,0.0,0.0,0.162
4,156,0.0,0.0,0.166
4,157,0.0,0.0,0.173
4,158,0.0,0.0,0.162
4,159,0.0,0.0,0.171
4,16,0.0,0.001,0.12
4,160,0.0,0.0,0.167
4,161,0.0,0.0,0.167
4,162,0.0,0.0,0.172
4,163,0.0,0.001,0.159
4,164,0.0,0.0,0.163
4,165,0.0,0.0,0.163
4,166,0.0,0.0,0.166
4,167,0.0,0.001,0.161
4,168,0.0,0.0,0.174
4,169,0.0,0.0,0.174
4,17,0.001,0.002,0.11
4,170,0.0,0.0,0.17
4,171,0.0,0.0,0.166
4,172,0.0,0.001,0.162
4,173,0.0,0.001,0.164
4,174,0.0,0.0,0.17
4,175,0.0,0.0,0.171
4,176,0.0,0.0,0.169
4,177,0.0,0.001,0.169
4,178,0.0,0.0,0.172
4,179,0.0,0.001,0.168
4,18,0.001,0.003,0.106
4,180,0.0,0.0,0.181
4,181,0.0,0.001,0.171
4,182,0.0,0.0,0.175
4,183,0.0,0.0,0.177
4,184,0.0,0.001,0.171
4,185,0.0,0.0,0.178
4,186,0.0,0.0,0.189
4,187,0.0,0.0,0.181
4,188,0.0,0.0,0.187
4,189,0.0,0.0,0.187
4,19,0.0,0.001,0.114
4,190,0.0,0.0,0.191
4,191,0.0,0.0,0.184
4,192,0.0,0.0,0.191
4,193,0.0,0.0,0.192
4,194,0.0,0.0,0.194
4,195,0.0,0.0,0.196
4,196,0.0,0.0,0.197
4,197,0.0,0.002,0.173
4,198,0.0,0.001,0.174
4,199,0.0,0.001,0.183
4,20,0.001,0.002,0.108
4,200,0.0,0.0,0.199
4,201,0.0,0.001,0.193
4,202,0.0,0.001,0.182
4,203,0.0,0.001,0.192
4,204,0.0,0.002,0.179
4,205,0.0,0.001,0.188
4,206,0.0,0.001,0.19
4,207,0.0,0.001,0.197
4,208,0.0,0.0,0.208
4,209,0.0,0.001,0.195
4,21,0.001,0.003,0.106
4,210,0.0,0.001,0.194
4,211,0.0,0.0,0.207
4,212,0.0,0.0,0.209
4,213,0.0,0.0,0.222
4,214,0.0,0.0,0.21
4,215,0.0,0.001,0.202
4,216,0.0,0.0,0.211
4,217,0.0,0.001,0.198
4,218,0.0,0.0,0.217
4,219,0.0,0.0,0.212
4,22,0.001,0.002,0.108
4,220,0.0,0.0,0.224
4,221,0.0,0.001,0.205
4,222,0.0,0.001,0.21
4,223,0.0,0.0,0.221
4,224,0.0,0.001,0.206
4,225,0.0,0.001,0.212
4,226,0.0,0.001,0.217
4,227,0.0,0.001,0.215
4,228,0.0,0.0,0.224
4,229,0.0,0.001,0.21
4,23,0.0,0.001,0.113
4,230,0.0,0.001,0.203
4,231,0.0,0.0,0.224
4,232,0.0,0.001,0.206
4,233,0.0,0.001,0.207
4,234,0.0,0.001,0.206
4,235,0.001,0.002,0.202
4,236,0.001,0.002,0.2
4,237,0.002,0.004,0.185
4,238,0.001,0.002,0.2
4,239,0.001,0.002,0.199
4,24,0.002,0.004,0.1
4,240,0.002,0.005,0.186
4,241,0.001,0.003,0.195
4,242,0.003,0.006,0.181
4,243,0.002,0.005,0.186
4,244,0.002,0.005,0.19
4,245,0.003,0.008,0.18
4,246,0.006,0.014,0.169
4,247,0.006,0.014,0.17
4,248,0.006,0.014,0.172
4,249,0.009,0.019,0.166
4,25,0.001,0.002,0.106
4,250,0.021,0.039,0.148
4,251,0.031,0.054,0.14
4,26,0.001,0.003,0.105
4,27,0.001,0.002,0.107
4,28,0.002,0.005,0.1
4,29,0.001,0.004,0.101
4,30,0.0,0.001,0.116
4,31,0.003,0.007,0.095
4,32,0.001,0.004,0.103
4,33,0.001,0.002,0.11
4,34,0.0,0.001,0.121
4,35,0.005,0.011,0.091
4,36,0.004,0.01,0.092
4,37,0.0,0.001,0.113
4,38,0.0,0.001,0.118
4,39,0.001,0.003,0.104
4,40,0.0,0.001,0.121
4,41,0.0,0.001,0.12
4,42,0.002,0.006,0.097
4,43,0.001,0.003,0.105
4,44,0.001,0.004,0.103
4,45,0.0,0.002,0.112
4,46,0.001,0.003,0.108
4,47,0.001,0.002,0.109
4,48,0.001,0.002,0.109
4,49,0.0,0.001,0.114
4,50,0.001,0.002,0.111
4,51,0.001,0.002,0.113
4,52,0.0,0.001,0.117
4,53,0.001,0.003,0.109
4,54,0.002,0.004,0.104
4,55,0.0,0.001,0.125
4,56,0.0,0.001,0.122
4,57,0.001,0.002,0.11
4,58,0.001,0.002,0.115
4,59,0.0,0.001,0.117
4,60,0.0,0.001,0.122
4,61,0.0,0.001,0.127
4,62,0.0,0.001,0.12
4,63,0.001,0.002,0.112
4,64,0.001,0.003,0.112
4,65,0.0,0.001,0.124
4,66,0.0,0.0,0.131
4,67,0.001,0.004,0.109
4,68,0.002,0.005,0.106
4,69,0.003,0.007,0.102
4,7,0.0,0.0,0.137
4,70,0.001,0.002,0.117
4,71,0.0,0.001,0.125
4,72,0.001,0.003,0.111
4,73,0.002,0.004,0.108
4,74,0.001,0.003,0.112
4,75,0.001,0.002,0.121
4,76,0.001,0.003,0.113
4,77,0.002,0.004,0.11
4,78,0.002,0.005,0.108
4,79,0.001,0.003,0.117
4,8,0.0,0.0,0.142
4,80,0.001,0.003,0.115
4,81,0.001,0.002,0.121
4,82,0.001,0.003,0.114
4,83,0.001,0.004,0.113
4,84,0.002,0.004,0.111
4,85,0.005,0.011,0.101
4,86,0.002,0.005,0.11
4,87,0.001,0.003,0.116
4,88,0.002,0.004,0.113
4,89,0.005,0.011,0.101
4,9,0.0,0.001,0.128
4,90,0.009,0.02,0.093
4,91,0.002,0.006,0.11
4,92,0.001,0.004,0.115
4,93,0.009,0.018,0.095
4,94,0.002,0.006,0.11
4,95,0.005,0.011,0.103
4,96,0.005,0.012,0.101
4,97,0.009,0.018,0.096
4,98,0.008,0.017,0.097
4,99,0.003,0.008,0.108
40,10,0.0,0.001,0.123
40,100,0.0,0.0,0.185
40,101,0.0,0.0,0.186
40,102,0.0,0.0,0.192
40,103,0.0,0.0,0.196
40,104,0.0,0.0,0.195
40,105,0.0,0.0,0.195
40,106,0.0,0.0,0.2
40,107,0.0,0.0,0.21
40,108,0.0,0.0,0.199
40,109,0.0,0.0,0.208
40,11,0.0,0.001,0.128
40,110,0.0,0.0,0.214
40,111,0.0,0.0,0.21
40,112,0.0,0.0,0.211
40,113,0.0,0.0,0.203
40,114,0.0,0.0,0.196
40,115,0.0,0.0,0.206
40,116,0.0,0.0,0.207
40,117,0.0,0.0,0.204
40,118,0.0,0.0,0.224
40,119,0.0,0.0,0.216
40,12,0.0,0.001,0.121
40,120,0.0,0.0,0.214
40,121,0.0,0.0,0.223
40,122,0.0,0.0,0.23
40,123,0.0,0.0,0.22
40,124,0.0,0.0,0.231
40,125,0.0,0.0,0.228
40,126,0.0,0.0,0.233
40,127,0.0,0.0,0.218
40,128,0.0,0.0,0.213
40,129,0.0,0.0,0.229
40,13,0.0,0.0,0.131
40,130,0.0,0.0,0.234
40,131,0.0,0.0,0.235
40,132,0.0,0.0,0.242
40,133,0.0,0.0,0.249
40,134,0.0,0.0,0.243
40,135,0.0,0.0,0.231
40,136,0.0,0.0,0.223
40,137,0.0,0.0,0.233
40,138,0.0,0.0,0.233
40,139,0.0,0.0,0.224
40,14,0.0,0.0,0.13
40,140,0.0,0.0,0.22
40,141,0.0,0.0,0.223
40,142,0.0,0.0,0.217
40,143,0.0,0.0,0.204
40,144,0.0,0.0,0.216
40,145,0.0,0.0,0.211
40,146,0.0,0.0,0.207
40,147,0.0,0.0,0.207
40,148,0.0,0.0,0.192
40,149,0.0,0.0,0.197
40,15,0.0,0.0,0.136
40,150,0.0,0.0,0.195
40,151,0.0,0.0,0.199
40,152,0.0,0.0,0.187
40,153,0.0,0.0,0.201
40,154,0.0,0.0,0.19
40,155,0.0,0.0,0.194
40,156,0.0,0.0,0.18
40,157,0.0,0.0,0.187
40,158,0.0,0.0,0.178
40,159,0.0,0.0,0.183
40,16,0.0,0.0,0.137
40,160,0.0,0.0,0.182
40,161,0.0,0.0,0.191
40,162,0.0,0.0,0.192
40,163,0.0,0.0,0.178
40,164,0.0,0.0,0.188
40,165,0.0,0.0,0.186
40,166,0.0,0.0,0.188
40,167,0.0,0.0,0.184
40,168,0.0,0.0,0.178
40,169,0.0,0.0,0.184
40,17,0.0,0.0,0.132
40,170,0.0,0.0,0.188
40,171,0.0,0.0,0.181
40,172,0.0,0.0,0.177
40,173,0.0,0.001,0.168
40,174,0.0,0.001,0.174
40,175,0.0,0.0,0.18
40,176,0.0,0.001,0.173
40,177,0.0,0.0,0.177
40,178,0.0,0.0,0.18
40,179,0.0,0.0,0.182
40,18,0.0,0.0,0.138
40,180,0.0,0.0,0.181
40,181,0.0,0.0,0.185
40,182,0.0,0.001,0.174
40,183,0.0,0.0,0.179
40,184,0.0,0.0,0.179
40,185,0.0,0.0,0.177
40,186,0.0,0.0,0.179
40,187,0.0,0.0,0.183
40,188,0.0,0.0,0.18
40,189,0.0,0.001,0.174
40,19,0.0,0.0,0.145
40,190,0.0,0.0,0.187
40,191,0.0,0.0,0.194
40,192,0.0,0.0,0.188
40,193,0.0,0.0,0.184
40,194,0.0,0.0,0.188
40,195,0.0,0.0,0.183
40,196,0.0,0.0,0.194
40,197,0.0,0.0,0.178
40,198,0.0,0.0,0.185
40,199,0.0,0.0,0.195
40,20,0.0,0.0,0.137
40,200,0.0,0.0,0.185
40,201,0.0,0.0,0.188
40,202,0.0,0.0,0.183
40,203,0.0,0.001,0.171
40,204,0.0,0.0,0.183
40,205,0.0,0.0,0.176
40,206,0.0,0.001,0.162
40,207,0.0,0.001,0.168
40,208,0.0,0.001,0.17
40,209,0.0,0.0,0.179
40,21,0.0,0.0,0.137
40,210,0.0,0.0,0.175
40,211,0.0,0.0,0.179
40,212,0.0,0.0,0.174
40,213,0.0,0.0,0.182
40,214,0.0,0.0,0.178
40,215,0.0,0.001,0.171
40,216,0.0,0.0,0.181
40,217,0.0,0.0,0.18
40,218,0.0,0.0,0.185
40,219,0.0,0.0,0.2
40,22,0.0,0.0,0.132
40,220,0.0,0.0,0.187
40,221,0.0,0.0,0.18
40,222,0.0,0.0,0.18
40,223,0.0,0.0,0.19
40,224,0.0,0.0,0.198
40,225,0.0,0.0,0.183
40,226,0.0,0.0,0.19
40,227,0.0,0.0,0.205
40,228,0.0,0.0,0.191
40,229,0.0,0.0,0.191
40,23,0.0,0.0,0.131
40,230,0.0,0.0,0.188
40,231,0.0,0.001,0.184
40,232,0.0,0.001,0.186
40,233,0.0,0.0,0.202
40,234,0.0,0.0,0.207
40,235,0.0,0.0,0.21
40,236,0.0,0.0,0.214
40,237,0.0,0.0,0.226
40,238,0.0,0.0,0.21
40,239,0.0,0.0,0.225
40,24,0.0,0.0,0.132
40,240,0.0,0.0,0.215
40,241,0.0,0.0,0.223
40,242,0.0,0.0,0.234
40,243,0.0,0.0,0.232
40,244,0.0,0.0,0.23
40,245,0.0,0.0,0.241
40,246,0.0,0.0,0.242
40,247,0.0,0.0,0.238
40,248,0.0,0.0,0.236
40,249,0.0,0.0,0.253
40,25,0.0,0.0,0.135
40,250,0.0,0.001,0.235
40,251,0.0,0.0,0.244
40,26,0.0,0.001,0.124
40,27,0.001,0.003,0.113
40,28,0.001,0.003,0.112
40,29,0.001,0.002,0.118
40,30,0.0,0.0,0.139
40,31,0.0,0.001,0.121
40,32,0.001,0.004,0.111
40,33,0.0,0.001,0.122
40,34,0.0,0.001,0.124
40,35,0.0,0.001,0.128
40,36,0.001,0.002,0.118
40,37,0.001,0.002,0.119
40,38,0.001,0.004,0.113
40,39,0.002,0.005,0.11
40,40,0.001,0.002,0.122
40,41,0.001,0.003,0.115
40,42,0.001,0.003,0.115
40,43,0.001,0.003,0.118
40,44,0.001,0.003,0.119
40,45,0.001,0.004,0.115
40,46,0.003,0.007,0.109
40,47,0.004,0.009,0.106
40,48,0.001,0.003,0.121
40,49,0.002,0.005,0.114
40,50,0.001,0.003,0.119
40,51,0.001,0.004,0.119
40,52,0.002,0.005,0.115
40,53,0.003,0.007,0.11
40,54,0.001,0.003,0.121
40,55,0.001,0.002,0.127
40,56,0.001,0.002,0.129
40,57,0.001,0.003,0.125
40,58,0.001,0.004,0.121
40,59,0.001,0.003,0.127
40,6,0.0,0.001,0.132
40,60,0.0,0.001,0.146
40,61,0.001,0.003,0.128
40,62,0.002,0.006,0.118
40,63,0.001,0.003,0.126
40,64,0.001,0.004,0.125
40,65,0.003,0.008,0.116
40,66,0.002,0.005,0.124
40,67,0.001,0.004,0.127
40,68,0.001,0.003,0.131
40,69,0.002,0.005,0.125
40,7,0.0,0.001,0.124
40,70,0.001,0.003,0.133
40,71,0.001,0.003,0.136
40,72,0.001,0.002,0.137
40,73,0.002,0.006,0.125
40,74,0.001,0.003,0.134
40,75,0.001,0.003,0.135
40,76,0.001,0.003,0.137
40,77,0.003,0.008,0.122
40,78,0.001,0.003,0.135
40,79,0.001,0.003,0.138
40,8,0.0,0.001,0.132
40,80,0.002,0.005,0.131
40,81,0.002,0.005,0.13
40,82,0.001,0.002,0.142
40,83,0.001,0.003,0.141
40,84,0.001,0.003,0.139
40,85,0.001,0.002,0.148
40,86,0.0,0.001,0.153
40,87,0.0,0.001,0.157
40,88,0.0,0.001,0.161
40,89,0.0,0.002,0.15
40,9,0.001,0.002,0.116
40,90,0.0,0.0,0.166
40,91,0.0,0.0,0.176
40,92,0.0,0.0,0.175
40,93,0.0,0.0,0.178
40,94,0.0,0.0,0.167
40,95,0.0,0.0,0.172
40,96,0.0,0.0,0.181
40,97,0.0,0.0,0.185
40,98,0.0,0.0,0.177
40,99,0.0,0.0,0.176
41,10,0.0,0.0,0.135
41,100,0.0,0.0,0.203
41,101,0.0,0.0,0.213
41,102,0.0,0.0,0.216
41,103,0.0,0.0,0.213
41,104,0.0,0.0,0.215
41,105,0.0,0.0,0.223
41,106,0.0,0.0,0.22
41,107,0.0,0.0,0.22
41,108,0.0,0.0,0.21
41,109,0.0,0.0,0.217
41,11,0.0,0.0,0.135
41,110,0.0,0.0,0.212
41,111,0.0,0.0,0.222
41,112,0.0,0.0,0.221
41,113,0.0,0.0,0.217
41,114,0.0,0.0,0.221
41,115,0.0,0.0,0.224
41,116,0.0,0.0,0.228
41,117,0.0,0.0,0.235
41,118,0.0,0.0,0.228
41,119,0.0,0.0,0.228
41,12,0.0,0.0,0.141
41,120,0.0,0.0,0.231
41,121,0.0,0.0,0.221
41,122,0.0,0.0,0.234
41,123,0.0,0.0,0.236
41,124,0.0,0.0,0.238
41,125,0.0,0.0,0.228
41,126,0.0,0.0,0.211
41,127,0.0,0.0,0.225
41,128,0.0,0.0,0.228
41,129,0.0,0.0,0.246
41,13,0.0,0.001,0.13
41,130,0.0,0.0,0.243
41,131,0.0,0.0,0.237
41,132,0.0,0.0,0.235
41,133,0.0,0.0,0.235
41,134,0.0,0.0,0.233
41,135,0.0,0.0,0.238
41,136,0.0,0.0,0.243
41,137,0.0,0.0,0.238
41,138,0.0,0.0,0.237
41,139,0.0,0.0,0.234
41,14,0.0,0.0,0.145
41,140,0.0,0.0,0.23
41,141,0.0,0.0,0.223
41,142,0.0,0.0,0.229
41,143,0.0,0.0,0.226
41,144,0.0,0.0,0.214
41,145,0.0,0.0,0.213
41,146,0.0,0.0,0.204
41,147,0.0,0.0,0.218
41,148,0.0,0.0,0.217
41,149,0.0,0.0,0.218
41,15,0.0,0.0,0.147
41,150,0.0,0.0,0.211
41,151,0.0,0.0,0.204
41,152,0.0,0.0,0.193
41,153,0.0,0.0,0.2
41,154,0.0,0.0,0.208
41,155,0.0,0.0,0.199
41,156,0.0,0.0,0.192
41,157,0.0,0.0,0.202
41,158,0.0,0.0,0.201
41,159,0.0,0.0,0.193
41,16,0.0,0.0,0.14
41,160,0.0,0.0,0.188
41,161,0.0,0.0,0.188
41,162,0.0,0.0,0.199
41,163,0.0,0.0,0.194
41,164,0.0,0.0,0.182
41,165,0.0,0.0,0.195
41,166,0.0,0.0,0.197
41,167,0.0,0.0,0.197
41,168,0.0,0.0,0.204
41,169,0.0,0.0,0.188
41,17,0.0,0.0,0.147
41,170,0.0,0.0,0.184
41,171,0.0,0.0,0.181
41,172,0.0,0.0,0.191
41,173,0.0,0.0,0.186
41,174,0.0,0.0,0.179
41,175,0.0,0.0,0.181
41,176,0.0,0.0,0.186
41,177,0.0,0.0,0.191
41,178,0.0,0.0,0.18
41,179,0.0,0.001,0.174
41,18,0.0,0.0,0.154
41,180,0.0,0.001,0.17
41,181,0.0,0.001,0.165
41,182,0.0,0.0,0.179
41,183,0.0,0.0,0.188
41,184,0.0,0.0,0.186
41,185,0.0,0.0,0.181
41,186,0.0,0.0,0.188
41,187,0.0,0.0,0.18
41,188,0.0,0.0,0.179
41,189,0.0,0.0,0.188
41,19,0.0,0.0,0.132
41,190,0.0,0.0,0.183
41,191,0.0,0.0,0.177
41,192,0.0,0.0,0.176
41,193,0.0,0.0,0.187
41,194,0.0,0.0,0.186
41,195,0.0,0.0,0.179
41,196,0.0,0.0,0.183
41,197,0.0,0.0,0.18
41,198,0.0,0.0,0.185
41,199,0.0,0.0,0.183
41,20,0.0,0.0,0.14
41,200,0.0,0.0,0.178
41,201,0.0,0.0,0.177
41,202,0.0,0.0,0.174
41,203,0.0,0.0,0.18
41,204,0.0,0.0,0.181
41,205,0.0,0.001,0.169
41,206,0.0,0.001,0.17
41,207,0.0,0.0,0.173
41,208,0.0,0.001,0.17
41,209,0.0,0.0,0.179
41,21,0.0,0.001,0.129
41,210,0.0,0.001,0.166
41,211,0.0,0.0,0.173
41,212,0.0,0.0,0.179
41,213,0.0,0.001,0.169
41,214,0.0,0.001,0.168
41,215,0.0,0.001,0.164
41,216,0.0,0.001,0.165
41,217,0.0,0.002,0.158
41,218,0.0,0.002,0.158
41,219,0.0,0.001,0.16
41,22,0.0,0.0,0.138
41,220,0.001,0.002,0.155
41,221,0.001,0.002,0.154
41,222,0.001,0.003,0.152
41,223,0.001,0.003,0.148
41,224,0.001,0.003,0.15
41,225,0.003,0.007,0.139
41,226,0.001,0.004,0.148
41,227,0.001,0.004,0.151
41,228,0.002,0.005,0.146
41,229,0.001,0.002,0.163
41,23,0.0,0.0,0.139
41,230,0.002,0.005,0.148
41,231,0.001,0.004,0.153
41,232,0.001,0.003,0.161
41,233,0.001,0.003,0.163
41,234,0.001,0.002,0.166
41,235,0.001,0.003,0.163
41,236,0.001,0.002,0.169
41,237,0.001,0.002,0.176
41,238,0.0,0.0,0.198
41,239,0.0,0.0,0.203
41,24,0.0,0.001,0.13
41,240,0.0,0.0,0.217
41,241,0.0,0.0,0.217
41,242,0.0,0.0,0.226
41,243,0.0,0.0,0.233
41,244,0.0,0.0,0.236
41,245,0.0,0.0,0.242
41,246,0.0,0.0,0.258
41,247,0.0,0.0,0.249
41,248,0.0,0.0,0.241
41,249,0.0,0.0,0.253
41,25,0.0,0.0,0.141
41,250,0.0,0.0,0.256
41,251,0.0,0.0,0.26
41,26,0.0,0.0,0.135
41,27,0.0,0.001,0.128
41,28,0.0,0.0,0.135
41,29,0.0,0.0,0.137
41,30,0.0,0.001,0.128
41,31,0.0,0.001,0.128
41,32,0.0,0.001,0.127
41,33,0.0,0.0,0.147
41,34,0.0,0.001,0.133
41,35,0.0,0.001,0.128
41,36,0.0,0.001,0.131
41,37,0.0,0.001,0.127
41,38,0.002,0.005,0.109
41,39,0.0,0.001,0.128
41,40,0.001,0.002,0.124
41,41,0.001,0.003,0.117
41,42,0.0,0.001,0.133
41,43,0.0,0.001,0.128
41,44,0.001,0.002,0.125
41,45,0.0,0.001,0.129
41,46,0.0,0.001,0.131
41,47,0.001,0.003,0.12
41,48,0.002,0.005,0.116
41,49,0.002,0.006,0.113
41,50,0.0,0.001,0.133
41,51,0.0,0.001,0.136
41,52,0.001,0.003,0.121
41,53,0.001,0.004,0.12
41,54,0.0,0.001,0.134
41,55,0.001,0.002,0.127
41,56,0.001,0.003,0.123
41,57,0.001,0.003,0.127
41,58,0.0,0.001,0.136
41,59,0.001,0.002,0.13
41,6,0.001,0.002,0.123
41,60,0.002,0.004,0.123
41,61,0.005,0.011,0.11
41,62,0.005,0.012,0.11
41,63,0.002,0.005,0.123
41,64,0.002,0.005,0.124
41,65,0.001,0.004,0.126
41,66,0.001,0.004,0.127
41,67,0.002,0.006,0.122
41,68,0.001,0.004,0.128
41,69,0.003,0.006,0.122
41,7,0.0,0.001,0.136
41,70,0.005,0.012,0.114
41,71,0.003,0.008,0.12
41,72,0.003,0.007,0.123
41,73,0.001,0.002,0.137
41,74,0.001,0.003,0.137
41,75,0.001,0.004,0.133
41,76,0.002,0.005,0.13
41,77,0.002,0.004,0.132
41,78,0.001,0.003,0.136
41,79,0.002,0.005,0.132
41,8,0.0,0.001,0.13
41,80,0.001,0.004,0.136
41,81,0.001,0.003,0.141
41,82,0.001,0.002,0.146
41,83,0.0,0.001,0.154
41,84,0.001,0.002,0.143
41,85,0.001,0.002,0.144
41,86,0.001,0.002,0.146
41,87,0.0,0.001,0.163
41,88,0.0,0.001,0.161
41,89,0.0,0.001,0.162
41,9,0.0,0.0,0.136
41,90,0.0,0.0,0.173
41,91,0.0,0.0,0.177
41,92,0.0,0.0,0.185
41,93,0.0,0.0,0.182
41,94,0.0,0.0,0.187
41,95,0.0,0.0,0.186
41,96,0.0,0.0,0.189
41,97,0.0,0.0,0.202
41,98,0.0,0.0,0.203
41,99,0.0,0.0,0.2
42,10,0.0,0.0,0.14
42,100,0.0,0.0,0.212
42,101,0.0,0.0,0.209
42,102,0.0,0.0,0.216
42,103,0.0,0.0,0.217
42,104,0.0,0.0,0.216
42,105,0.0,0.0,0.219
42,106,0.0,0.0,0.217
42,107,0.0,0.0,0.215
42,108,0.0,0.0,0.216
42,109,0.0,0.0,0.227
42,11,0.0,0.001,0.131
42,110,0.0,0.0,0.222
42,111,0.0,0.0,0.231
42,112,0.0,0.0,0.225
42,113,0.0,0.0,0.217
42,114,0.0,0.0,0.217
42,115,0.0,0.0,0.218
42,116,0.0,0.0,0.232
42,117,0.0,0.0,0.236
42,118,0.0,0.0,0.238
42,119,0.0,0.0,0.247
42,12,0.0,0.0,0.148
42,120,0.0,0.0,0.237
42,121,0.0,0.0,0.228
42,122,0.0,0.0,0.235
42,123,0.0,0.0,0.235
42,124,0.0,0.0,0.239
42,125,0.0,0.0,0.24
42,126,0.0,0.0,0.249
42,127,0.0,0.0,0.246
42,128,0.0,0.0,0.244
42,129,0.0,0.0,0.256
42,13,0.0,0.001,0.129
42,130,0.0,0.0,0.242
42,131,0.0,0.0,0.243
42,132,0.0,0.0,0.254
42,133,0.0,0.0,0.261
42,134,0.0,0.0,0.257
42,135,0.0,0.0,0.245
42,136,0.0,0.0,0.243
42,137,0.0,0.0,0.239
42,138,0.0,0.0,0.246
42,139,0.0,0.0,0.244
42,14,0.0,0.0,0.141
42,140,0.0,0.0,0.24
42,141,0.0,0.0,0.238
42,142,0.0,0.0,0.245
42,143,0.0,0.0,0.247
42,144,0.0,0.0,0.244
42,145,0.0,0.0,0.236
42,146,0.0,0.0,0.227
42,147,0.0,0.0,0.228
42,148,0.0,0.0,0.222
42,149,0.0,0.0,0.217
42,15,0.0,0.0,0.135
42,150,0.0,0.0,0.218
42,151,0.0,0.0,0.224
42,152,0.0,0.0,0.216
42,153,0.0,0.0,0.217
42,154,0.0,0.0,0.223
42,155,0.0,0.0,0.221
42,156,0.0,0.0,0.22
42,157,0.0,0.0,0.206
42,158,0.0,0.0,0.191
42,159,0.0,0.0,0.206
42,16,0.0,0.0,0.145
42,160,0.0,0.0,0.212
42,161,0.0,0.0,0.211
42,162,0.0,0.0,0.197
42,163,0.0,0.0,0.198
42,164,0.0,0.0,0.194
42,165,0.0,0.0,0.193
42,166,0.0,0.0,0.199
42,167,0.0,0.0,0.201
42,168,0.0,0.0,0.201
42,169,0.0,0.0,0.193
42,17,0.0,0.0,0.144
42,170,0.0,0.0,0.179
42,171,0.0,0.0,0.185
42,172,0.0,0.0,0.198
42,173,0.0,0.0,0.186
42,174,0.0,0.0,0.187
42,175,0.0,0.0,0.185
42,176,0.0,0.0,0.182
42,177,0.0,0.0,0.177
42,178,0.0,0.001,0.173
42,179,0.0,0.001,0.174
42,18,0.0,0.0,0.151
42,180,0.0,0.001,0.174
42,181,0.0,0.001,0.168
42,182,0.0,0.0,0.184
42,183,0.0,0.0,0.18
42,184,0.0,0.0,0.18
42,185,0.0,0.0,0.178
42,186,0.0,0.0,0.18
42,187,0.0,0.0,0.18
42,188,0.0,0.001,0.173
42,189,0.0,0.0,0.177
42,19,0.0,0.0,0.137
42,190,0.0,0.001,0.173
42,191,0.0,0.001,0.162
42,192,0.001,0.002,0.154
42,193,0.0,0.001,0.167
42,194,0.0,0.001,0.165
42,195,0.0,0.001,0.17
42,196,0.0,0.001,0.174
42,197,0.0,0.001,0.165
42,198,0.0,0.0,0.179
42,199,0.0,0.0,0.186
42,20,0.0,0.0,0.132
42,200,0.0,0.0,0.179
42,201,0.0,0.0,0.177
42,202,0.0,0.001,0.169
42,203,0.0,0.001,0.17
42,204,0.0,0.001,0.165
42,205,0.0,0.001,0.161
42,206,0.001,0.002,0.156
42,207,0.0,0.001,0.158
42,208,0.001,0.002,0.151
42,209,0.001,0.002,0.154
42,21,0.0,0.001,0.123
42,210,0.001,0.003,0.148
42,211,0.0,0.001,0.161
42,212,0.0,0.001,0.16
42,213,0.002,0.005,0.14
42,214,0.002,0.006,0.138
42,215,0.001,0.002,0.15
42,216,0.001,0.002,0.156
42,217,0.002,0.004,0.142
42,218,0.002,0.006,0.138
42,219,0.002,0.005,0.141
42,22,0.0,0.001,0.126
42,220,0.002,0.006,0.139
42,221,0.001,0.002,0.154
42,222,0.001,0.004,0.146
42,223,0.002,0.006,0.139
42,224,0.001,0.002,0.159
42,225,0.001,0.004,0.148
42,226,0.001,0.003,0.153
42,227,0.0,0.001,0.167
42,228,0.0,0.001,0.166
42,229,0.0,0.001,0.171
42,23,0.0,0.0,0.133
42,230,0.0,0.002,0.166
42,231,0.001,0.003,0.158
42,232,0.0,0.001,0.184
42,233,0.0,0.001,0.172
42,234,0.0,0.001,0.181
42,235,0.001,0.002,0.166
42,236,0.0,0.001,0.18
42,237,0.0,0.001,0.188
42,238,0.0,0.001,0.193
42,239,0.0,0.001,0.19
42,24,0.0,0.0,0.143
42,240,0.0,0.001,0.183
42,241,0.0,0.001,0.197
42,242,0.0,0.0,0.206
42,243,0.0,0.0,0.224
42,244,0.0,0.0,0.218
42,245,0.0,0.0,0.237
42,246,0.0,0.0,0.23
42,247,0.0,0.0,0.245
42,248,0.0,0.0,0.244
42,249,0.0,0.0,0.255
42,25,0.0,0.0,0.138
42,250,0.0,0.0,0.251
42,251,0.0,0.0,0.248
42,26,0.0,0.001,0.127
42,27,0.0,0.001,0.13
42,28,0.0,0.001,0.132
42,29,0.0,0.0,0.133
42,30,0.0,0.001,0.127
42,31,0.0,0.0,0.136
42,32,0.0,0.001,0.122
42,33,0.0,0.001,0.13
42,34,0.0,0.0,0.146
42,35,0.0,0.0,0.135
42,36,0.001,0.004,0.114
42,37,0.0,0.001,0.132
42,38,0.0,0.0,0.138
42,39,0.0,0.001,0.133
42,40,0.0,0.001,0.135
42,41,0.0,0.001,0.13
42,42,0.0,0.001,0.138
42,43,0.0,0.001,0.137
42,44,0.0,0.001,0.131
42,45,0.001,0.002,0.125
42,46,0.001,0.002,0.128
42,47,0.001,0.003,0.12
42,48,0.001,0.002,0.124
42,49,0.0,0.001,0.136
42,50,0.0,0.001,0.136
42,51,0.001,0.002,0.128
42,52,0.001,0.002,0.126
42,53,0.002,0.005,0.117
42,54,0.001,0.002,0.128
42,55,0.001,0.002,0.131
42,56,0.001,0.003,0.124
42,57,0.002,0.005,0.119
42,58,0.001,0.002,0.129
42,59,0.001,0.002,0.133
42,6,0.0,0.0,0.144
42,60,0.001,0.003,0.128
42,61,0.001,0.004,0.126
42,62,0.001,0.003,0.131
42,63,0.0,0.001,0.139
42,64,0.001,0.002,0.134
42,65,0.001,0.002,0.134
42,66,0.0,0.001,0.141
42,67,0.001,0.002,0.137
42,68,0.0,0.001,0.144
42,69,0.001,0.002,0.139
42,7,0.0,0.0,0.146
42,70,0.0,0.001,0.146
42,71,0.001,0.003,0.135
42,72,0.001,0.004,0.133
42,73,0.0,0.001,0.146
42,74,0.0,0.001,0.15
42,75,0.0,0.001,0.152
42,76,0.0,0.0,0.16
42,77,0.0,0.001,0.147
42,78,0.001,0.002,0.142
42,79,0.001,0.002,0.143
42,8,0.0,0.001,0.132
42,80,0.0,0.001,0.155
42,81,0.0,0.002,0.148
42,82,0.0,0.001,0.153
42,83,0.0,0.001,0.152
42,84,0.0,0.001,0.152
42,85,0.0,0.001,0.16
42,86,0.0,0.001,0.154
42,87,0.0,0.0,0.166
42,88,0.0,0.0,0.174
42,89,0.0,0.0,0.178
42,9,0.0,0.001,0.131
42,90,0.0,0.0,0.169
42,91,0.0,0.0,0.183
42,92,0.0,0.0,0.185
42,93,0.0,0.0,0.18
42,94,0.0,0.0,0.188
42,95,0.0,0.0,0.19
42,96,0.0,0.0,0.192
42,97,0.0,0.0,0.201
42,98,0.0,0.0,0.209
42,99,0.0,0.0,0.204
43,10,0.0,0.0,0.142
43,100,0.0,0.0,0.207
43,101,0.0,0.0,0.202
43,102,0.0,0.0,0.213
43,103,0.0,0.0,0.215
43,104,0.0,0.0,0.222
43,105,0.0,0.0,0.234
43,106,0.0,0.0,0.234
43,107,0.0,0.0,0.224
43,108,0.0,0.0,0.219
43,109,0.0,0.0,0.231
43,11,0.0,0.0,0.138
43,110,0.0,0.0,0.233
43,111,0.0,0.0,0.228
43,112,0.0,0.0,0.226
43,113,0.0,0.0,0.232
43,114,0.0,0.0,0.226
43,115,0.0,0.0,0.231
43,116,0.0,0.0,0.229
43,117,0.0,0.0,0.225
43,118,0.0,0.0,0.239
43,119,0.0,0.0,0.227
43,12,0.0,0.0,0.151
43,120,0.0,0.0,0.234
43,121,0.0,0.0,0.233
43,122,0.0,0.0,0.238
43,123,0.0,0.0,0.245
43,124,0.0,0.0,0.25
43,125,0.0,0.0,0.254
43,126,0.0,0.0,0.248
43,127,0.0,0.0,0.243
43,128,0.0,0.0,0.243
43,129,0.0,0.0,0.255
43,13,0.0,0.0,0.153
43,130,0.0,0.0,0.257
43,131,0.0,0.0,0.252
43,132,0.0,0.0,0.246
43,133,0.0,0.0,0.243
43,134,0.0,0.0,0.254
43,135,0.0,0.0,0.251
43,136,0.0,0.0,0.245
43,137,0.0,0.0,0.246
43,138,0.0,0.0,0.245
43,139,0.0,0.0,0.247
43,14,0.0,0.0,0.164
43,140,0.0,0.0,0.245
43,141,0.0,0.0,0.225
43,142,0.0,0.0,0.229
43,143,0.0,0.0,0.239
43,144,0.0,0.0,0.237
43,145,0.0,0.0,0.237
43,146,0.0,0.0,0.23
43,147,0.0,0.0,0.228
43,148,0.0,0.0,0.227
43,149,0.0,0.0,0.219
43,15,0.0,0.0,0.149
43,150,0.0,0.0,0.219
43,151,0.0,0.0,0.218
43,152,0.0,0.0,0.231
43,153,0.0,0.0,0.224
43,154,0.0,0.0,0.226
43,155,0.0,0.0,0.228
43,156,0.0,0.0,0.222
43,157,0.0,0.0,0.206
43,158,0.0,0.0,0.21
43,159,0.0,0.0,0.209
43,16,0.0,0.0,0.154
43,160,0.0,0.0,0.209
43,161,0.0,0.0,0.214
43,162,0.0,0.0,0.217
43,163,0.0,0.0,0.201
43,164,0.0,0.0,0.211
43,165,0.0,0.0,0.204
43,166,0.0,0.0,0.202
43,167,0.0,0.0,0.197
43,168,0.0,0.0,0.212
43,169,0.0,0.0,0.196
43,17,0.0,0.0,0.159
43,170,0.0,0.0,0.199
43,171,0.0,0.0,0.201
43,172,0.0,0.0,0.201
43,173,0.0,0.0,0.205
43,174,0.0,0.0,0.205
43,175,0.0,0.0,0.205
43,176,0.0,0.0,0.187
43,177,0.0,0.0,0.193
43,178,0.0,0.0,0.207
43,179,0.0,0.0,0.213
43,18,0.0,0.0,0.157
43,180,0.0,0.0,0.201
43,181,0.0,0.0,0.188
43,182,0.0,0.0,0.198
43,183,0.0,0.0,0.188
43,184,0.0,0.0,0.189
43,185,0.0,0.0,0.185
43,186,0.0,0.0,0.19
43,187,0.0,0.0,0.186
43,188,0.0,0.0,0.191
43,189,0.0,0.0,0.183
43,19,0.0,0.0,0.158
43,190,0.0,0.0,0.184
43,191,0.0,0.0,0.182
43,192,0.0,0.0,0.183
43,193,0.0,0.0,0.193
43,194,0.0,0.0,0.177
43,195,0.0,0.001,0.17
43,196,0.0,0.0,0.174
43,197,0.0,0.001,0.172
43,198,0.0,0.001,0.164
43,199,0.001,0.002,0.155
43,20,0.0,0.0,0.168
43,200,0.0,0.001,0.166
43,201,0.0,0.001,0.168
43,202,0.001,0.002,0.157
43,203,0.001,0.002,0.154
43,204,0.001,0.002,0.153
43,205,0.001,0.002,0.156
43,206,0.001,0.003,0.147
43,207,0.0,0.001,0.16
43,208,0.0,0.001,0.164
43,209,0.001,0.002,0.156
43,21,0.0,0.0,0.143
43,210,0.001,0.002,0.152
43,211,0.001,0.003,0.149
43,212,0.0,0.001,0.159
43,213,0.001,0.003,0.147
43,214,0.001,0.002,0.156
43,215,0.001,0.002,0.153
43,216,0.0,0.001,0.164
43,217,0.0,0.001,0.167
43,218,0.0,0.001,0.16
43,219,0.001,0.003,0.147
43,22,0.0,0.0,0.153
43,220,0.003,0.008,0.134
43,221,0.002,0.004,0.144
43,222,0.001,0.002,0.157
43,223,0.0,0.001,0.165
43,224,0.0,0.001,0.165
43,225,0.0,0.001,0.167
43,226,0.0,0.001,0.168
43,227,0.0,0.001,0.17
43,228,0.0,0.001,0.17
43,229,0.0,0.0,0.183
43,23,0.0,0.0,0.152
43,230,0.0,0.0,0.183
43,231,0.0,0.0,0.194
43,232,0.0,0.0,0.188
43,233,0.0,0.0,0.202
43,234,0.0,0.0,0.198
43,235,0.0,0.0,0.196
43,236,0.0,0.0,0.194
43,237,0.0,0.001,0.185
43,238,0.0,0.0,0.207
43,239,0.0,0.0,0.211
43,24,0.0,0.0,0.14
43,240,0.0,0.0,0.205
43,241,0.0,0.0,0.216
43,242,0.0,0.0,0.217
43,243,0.0,0.0,0.218
43,244,0.0,0.0,0.233
43,245,0.0,0.0,0.228
43,246,0.0,0.0,0.246
43,247,0.0,0.0,0.248
43,248,0.0,0.0,0.247
43,249,0.0,0.0,0.256
43,25,0.0,0.0,0.152
43,250,0.0,0.0,0.249
43,251,0.0,0.0,0.256
43,26,0.0,0.0,0.154
43,27,0.0,0.0,0.148
43,28,0.0,0.0,0.138
43,29,0.0,0.0,0.142
43,30,0.0,0.0,0.138
43,31,0.0,0.001,0.133
43,32,0.0,0.0,0.139
43,33,0.0,0.0,0.137
43,34,0.0,0.0,0.142
43,35,0.0,0.001,0.133
43,36,0.0,0.001,0.129
43,37,0.0,0.001,0.13
43,38,0.0,0.0,0.142
43,39,0.0,0.0,0.146
43,40,0.0,0.0,0.14
43,41,0.0,0.0,0.141
43,42,0.0,0.0,0.142
43,43,0.0,0.001,0.138
43,44,0.0,0.0,0.142
43,45,0.0,0.001,0.137
43,46,0.0,0.001,0.137
43,47,0.0,0.001,0.134
43,48,0.0,0.0,0.143
43,49,0.0,0.001,0.143
43,50,0.0,0.001,0.143
43,51,0.0,0.0,0.147
43,52,0.0,0.001,0.137
43,53,0.0,0.0,0.149
43,54,0.0,0.001,0.135
43,55,0.0,0.001,0.14
43,56,0.0,0.001,0.144
43,57,0.0,0.001,0.145
43,58,0.0,0.0,0.151
43,59,0.0,0.001,0.142
43,6,0.0,0.001,0.129
43,60,0.0,0.001,0.143
43,61,0.0,0.001,0.14
43,62,0.0,0.001,0.142
43,63,0.0,0.001,0.14
43,64,0.0,0.001,0.148
43,65,0.0,0.001,0.153
43,66,0.0,0.001,0.15
43,67,0.0,0.001,0.145
43,68,0.0,0.001,0.15
43,69,0.0,0.001,0.148
43,7,0.0,0.001,0.126
43,70,0.0,0.001,0.154
43,71,0.0,0.002,0.144
43,72,0.0,0.0,0.159
43,73,0.0,0.001,0.157
43,74,0.0,0.001,0.146
43,75,0.001,0.002,0.144
43,76,0.0,0.0,0.162
43,77,0.0,0.001,0.154
43,78,0.0,0.001,0.16
43,79,0.0,0.001,0.153
43,8,0.0,0.001,0.131
43,80,0.0,0.001,0.152
43,81,0.001,0.002,0.146
43,82,0.0,0.0,0.165
43,83,0.0,0.0,0.162
43,84,0.0,0.001,0.162
43,85,0.0,0.0,0.167
43,86,0.0,0.0,0.177
43,87,0.0,0.0,0.176
43,88,0.0,0.0,0.165
43,89,0.0,0.0,0.171
43,9,0.0,0.0,0.137
43,90,0.0,0.0,0.195
43,91,0.0,0.0,0.189
43,92,0.0,0.0,0.18
43,93,0.0,0.0,0.181
43,94,0.0,0.0,0.187
43,95,0.0,0.0,0.186
43,96,0.0,0.0,0.185
43,97,0.0,0.0,0.193
43,98,0.0,0.0,0.2
43,99,0.0,0.0,0.201
44,10,0.0,0.0,0.149
44,100,0.0,0.0,0.24
44,101,0.0,0.0,0.237
44,102,0.0,0.0,0.23
44,103,0.0,0.0,0.227
44,104,0.0,0.0,0.225
44,105,0.0,0.0,0.224
44,106,0.0,0.0,0.232
44,107,0.0,0.0,0.234
44,108,0.0,0.0,0.236
44,109,0.0,0.0,0.243
44,11,0.0,0.0,0.161
44,110,0.0,0.0,0.244
44,111,0.0,0.0,0.244
44,112,0.0,0.0,0.248
44,113,0.0,0.0,0.251
44,114,0.0,0.0,0.26
44,115,0.0,0.0,0.242
44,116,0.0,0.0,0.248
44,117,0.0,0.0,0.26
44,118,0.0,0.0,0.267
44,119,0.0,0.0,0.26
44,12,0.0,0.0,0.154
44,120,0.0,0.0,0.258
44,121,0.0,0.0,0.258
44,122,0.0,0.0,0.257
44,123,0.0,0.0,0.258
44,124,0.0,0.0,0.26
44,125,0.0,0.0,0.272
44,126,0.0,0.0,0.273
44,127,0.0,0.0,0.266
44,128,0.0,0.0,0.262
44,129,0.0,0.0,0.261
44,13,0.0,0.0,0.153
44,130,0.0,0.0,0.262
44,131,0.0,0.0,0.267
44,132,0.0,0.0,0.261
44,133,0.0,0.0,0.253
44,134,0.0,0.0,0.266
44,135,0.0,0.0,0.261
44,136,0.0,0.0,0.263
44,137,0.0,0.0,0.24
44,138,0.0,0.0,0.248
44,139,0.0,0.0,0.261
44,14,0.0,0.0,0.148
44,140,0.0,0.0,0.263
44,141,0.0,0.0,0.246
44,142,0.0,0.0,0.251
44,143,0.0,0.0,0.256
44,144,0.0,0.0,0.256
44,145,0.0,0.0,0.244
44,146,0.0,0.0,0.243
44,147,0.0,0.0,0.237
44,148,0.0,0.0,0.242
44,149,0.0,0.0,0.234
44,15,0.0,0.0,0.154
44,150,0.0,0.0,0.236
44,151,0.0,0.0,0.245
44,152,0.0,0.0,0.243
44,153,0.0,0.0,0.238
44,154,0.0,0.0,0.243
44,155,0.0,0.0,0.228
44,156,0.0,0.0,0.235
44,157,0.0,0.0,0.231
44,158,0.0,0.0,0.225
44,159,0.0,0.0,0.224
44,16,0.0,0.0,0.146
44,160,0.0,0.0,0.216
44,161,0.0,0.0,0.218
44,162,0.0,0.0,0.219
44,163,0.0,0.0,0.225
44,164,0.0,0.0,0.224
44,165,0.0,0.0,0.214
44,166,0.0,0.0,0.196
44,167,0.0,0.0,0.202
44,168,0.0,0.0,0.203
44,169,0.0,0.0,0.197
44,17,0.0,0.0,0.144
44,170,0.0,0.0,0.206
44,171,0.0,0.0,0.203
44,172,0.0,0.0,0.192
44,173,0.0,0.0,0.196
44,174,0.0,0.0,0.188
44,175,0.0,0.0,0.179
44,176,0.0,0.0,0.192
44,177,0.0,0.0,0.187
44,178,0.0,0.0,0.192
44,179,0.0,0.0,0.185
44,18,0.0,0.0,0.142
44,180,0.0,0.0,0.177
44,181,0.0,0.0,0.186
44,182,0.0,0.001,0.173
44,183,0.0,0.001,0.166
44,184,0.0,0.0,0.176
44,185,0.0,0.0,0.181
44,186,0.0,0.0,0.179
44,187,0.0,0.0,0.178
44,188,0.0,0.001,0.173
44,189,0.0,0.001,0.167
44,19,0.0,0.001,0.131
44,190,0.0,0.001,0.164
44,191,0.0,0.001,0.169
44,192,0.0,0.001,0.166
44,193,0.0,0.001,0.161
44,194,0.0,0.001,0.163
44,195,0.001,0.002,0.155
44,196,0.001,0.002,0.152
44,197,0.001,0.002,0.152
44,198,0.001,0.002,0.158
44,199,0.001,0.003,0.15
44,20,0.0,0.0,0.145
44,200,0.001,0.002,0.152
44,201,0.0,0.001,0.161
44,202,0.0,0.001,0.169
44,203,0.0,0.001,0.165
44,204,0.001,0.002,0.154
44,205,0.001,0.003,0.148
44,206,0.001,0.002,0.155
44,207,0.0,0.001,0.162
44,208,0.001,0.002,0.153
44,209,0.001,0.003,0.149
44,21,0.0,0.0,0.146
44,210,0.001,0.003,0.147
44,211,0.001,0.002,0.152
44,212,0.001,0.002,0.151
44,213,0.002,0.005,0.141
44,214,0.001,0.003,0.149
44,215,0.001,0.002,0.155
44,216,0.001,0.002,0.157
44,217,0.001,0.003,0.148
44,218,0.001,0.003,0.148
44,219,0.001,0.003,0.151
44,22,0.0,0.0,0.147
44,220,0.001,0.003,0.147
44,221,0.001,0.003,0.152
44,222,0.0,0.001,0.163
44,223,0.001,0.002,0.155
44,224,0.001,0.002,0.155
44,225,0.001,0.004,0.149
44,226,0.001,0.002,0.155
44,227,0.001,0.003,0.151
44,228,0.0,0.001,0.167
44,229,0.0,0.001,0.165
44,23,0.0,0.0,0.146
44,230,0.001,0.003,0.157
44,231,0.0,0.001,0.166
44,232,0.0,0.001,0.169
44,233,0.0,0.001,0.169
44,234,0.001,0.002,0.168
44,235,0.0,0.002,0.171
44,236,0.0,0.001,0.184
44,237,0.001,0.002,0.167
44,238,0.001,0.004,0.163
44,239,0.001,0.002,0.173
44,24,0.0,0.0,0.14
44,240,0.001,0.002,0.176
44,241,0.002,0.006,0.159
44,242,0.0,0.002,0.184
44,243,0.001,0.002,0.184
44,244,0.001,0.003,0.179
44,245,0.001,0.003,0.179
44,246,0.001,0.002,0.192
44,247,0.002,0.004,0.18
44,248,0.001,0.004,0.186
44,249,0.001,0.002,0.202
44,25,0.0,0.0,0.143
44,250,0.001,0.002,0.205
44,251,0.001,0.003,0.199
44,26,0.0,0.0,0.146
44,27,0.0,0.0,0.147
44,28,0.0,0.0,0.143
44,29,0.0,0.0,0.155
44,30,0.0,0.0,0.152
44,31,0.0,0.0,0.141
44,32,0.0,0.0,0.149
44,33,0.0,0.0,0.146
44,34,0.0,0.0,0.164
44,35,0.0,0.0,0.154
44,36,0.0,0.0,0.15
44,37,0.0,0.0,0.146
44,38,0.0,0.0,0.151
44,39,0.0,0.001,0.138
44,40,0.0,0.0,0.144
44,41,0.0,0.0,0.142
44,42,0.0,0.001,0.138
44,43,0.0,0.001,0.136
44,44,0.0,0.001,0.13
44,45,0.0,0.001,0.131
44,46,0.0,0.001,0.143
44,47,0.0,0.001,0.135
44,48,0.0,0.0,0.15
44,49,0.0,0.0,0.148
44,50,0.0,0.001,0.143
44,51,0.0,0.001,0.146
44,52,0.0,0.0,0.151
44,53,0.0,0.001,0.146
44,54,0.0,0.001,0.145
44,55,0.0,0.0,0.158
44,56,0.001,0.002,0.133
44,57,0.0,0.001,0.143
44,58,0.0,0.001,0.146
44,59,0.0,0.0,0.152
44,6,0.0,0.0,0.151
44,60,0.0,0.001,0.144
44,61,0.0,0.001,0.146
44,62,0.0,0.001,0.142
44,63,0.0,0.001,0.146
44,64,0.0,0.0,0.16
44,65,0.0,0.0,0.157
44,66,0.0,0.001,0.145
44,67,0.0,0.001,0.154
44,68,0.0,0.0,0.157
44,69,0.0,0.0,0.169
44,7,0.0,0.0,0.154
44,70,0.0,0.0,0.166
44,71,0.0,0.0,0.161
44,72,0.0,0.0,0.173
44,73,0.0,0.0,0.178
44,74,0.0,0.0,0.17
44,75,0.0,0.0,0.167
44,76,0.0,0.0,0.163
44,77,0.0,0.0,0.165
44,78,0.0,0.0,0.183
44,79,0.0,0.0,0.184
44,8,0.0,0.0,0.15
44,80,0.0,0.0,0.18
44,81,0.0,0.0,0.174
44,82,0.0,0.0,0.178
44,83,0.0,0.0,0.188
44,84,0.0,0.0,0.183
44,85,0.0,0.0,0.187
44,86,0.0,0.0,0.186
44,87,0.0,0.0,0.191
44,88,0.0,0.0,0.189
44,89,0.0,0.0,0.194
44,9,0.0,0.0,0.149
44,90,0.0,0.0,0.196
44,91,0.0,0.0,0.205
44,92,0.0,0.0,0.202
44,93,0.0,0.0,0.217
44,94,0.0,0.0,0.211
44,95,0.0,0.0,0.206
44,96,0.0,0.0,0.2
44,97,0.0,0.0,0.206
44,98,0.0,0.0,0.22
44,99,0.0,0.0,0.222
45,10,0.0,0.0,0.155
45,100,0.0,0.0,0.215
45,101,0.0,0.0,0.221
45,102,0.0,0.0,0.228
45,103,0.0,0.0,0.226
45,104,0.0,0.0,0.222
45,105,0.0,0.0,0.233
45,106,0.0,0.0,0.23
45,107,0.0,0.0,0.234
45,108,0.0,0.0,0.245
45,109,0.0,0.0,0.246
45,11,0.0,0.0,0.165
45,110,0.0,0.0,0.253
45,111,0.0,0.0,0.251
45,112,0.0,0.0,0.251
45,113,0.0,0.0,0.265
45,114,0.0,0.0,0.259
45,115,0.0,0.0,0.254
45,116,0.0,0.0,0.263
45,117,0.0,0.0,0.263
45,118,0.0,0.0,0.272
45,119,0.0,0.0,0.273
45,12,0.0,0.0,0.144
45,120,0.0,0.0,0.282
45,121,0.0,0.0,0.29
45,122,0.0,0.0,0.275
45,123,0.0,0.0,0.267
45,124,0.0,0.0,0.27
45,125,0.0,0.0,0.271
45,126,0.0,0.0,0.265
45,127,0.0,0.0,0.274
45,128,0.0,0.0,0.274
45,129,0.0,0.0,0.266
45,13,0.0,0.0,0.157
45,130,0.0,0.0,0.267
45,131,0.0,0.0,0.268
45,132,0.0,0.0,0.271
45,133,0.0,0.0,0.272
45,134,0.0,0.0,0.27
45,135,0.0,0.0,0.258
45,136,0.0,0.0,0.268
45,137,0.0,0.0,0.262
45,138,0.0,0.0,0.26
45,139,0.0,0.0,0.26
45,14,0.0,0.0,0.162
45,140,0.0,0.0,0.257
45,141,0.0,0.0,0.264
45,142,0.0,0.0,0.26
45,143,0.0,0.0,0.255
45,144,0.0,0.0,0.261
45,145,0.0,0.0,0.252
45,146,0.0,0.0,0.252
45,147,0.0,0.0,0.246
45,148,0.0,0.0,0.251
45,149,0.0,0.0,0.245
45,15,0.0,0.0,0.152
45,150,0.0,0.0,0.237
45,151,0.0,0.0,0.236
45,152,0.0,0.0,0.234
45,153,0.0,0.0,0.246
45,154,0.0,0.0,0.234
45,155,0.0,0.0,0.241
45,156,0.0,0.0,0.231
45,157,0.0,0.0,0.24
45,158,0.0,0.0,0.227
45,159,0.0,0.0,0.224
45,16,0.0,0.0,0.165
45,160,0.0,0.0,0.23
45,161,0.0,0.0,0.231
45,162,0.0,0.0,0.228
45,163,0.0,0.0,0.218
45,164,0.0,0.0,0.211
45,165,0.0,0.0,0.213
45,166,0.0,0.0,0.22
45,167,0.0,0.0,0.212
45,168,0.0,0.0,0.216
45,169,0.0,0.0,0.203
45,17,0.0,0.0,0.156
45,170,0.0,0.0,0.194
45,171,0.0,0.0,0.199
45,172,0.0,0.0,0.199
45,173,0.0,0.0,0.203
45,174,0.0,0.0,0.2
45,175,0.0,0.0,0.191
45,176,0.0,0.0,0.189
45,177,0.0,0.0,0.201
45,178,0.0,0.0,0.188
45,179,0.0,0.0,0.185
45,18,0.0,0.0,0.16
45,180,0.0,0.0,0.189
45,181,0.0,0.0,0.19
45,182,0.0,0.001,0.171
45,183,0.0,0.0,0.177
45,184,0.0,0.001,0.171
45,185,0.0,0.001,0.171
45,186,0.0,0.0,0.175
45,187,0.0,0.001,0.172
45,188,0.0,0.0,0.185
45,189,0.0,0.0,0.175
45,19,0.0,0.0,0.161
45,190,0.0,0.0,0.178
45,191,0.0,0.0,0.179
45,192,0.0,0.0,0.175
45,193,0.0,0.0,0.185
45,194,0.0,0.001,0.172
45,195,0.0,0.001,0.159
45,196,0.001,0.003,0.148
45,197,0.001,0.002,0.151
45,198,0.001,0.002,0.152
45,199,0.001,0.003,0.151
45,20,0.0,0.0,0.148
45,200,0.0,0.001,0.159
45,201,0.001,0.002,0.156
45,202,0.001,0.002,0.156
45,203,0.001,0.002,0.154
45,204,0.001,0.002,0.157
45,205,0.0,0.001,0.16
45,206,0.001,0.002,0.157
45,207,0.001,0.003,0.147
45,208,0.001,0.002,0.154
45,209,0.0,0.001,0.169
45,21,0.0,0.0,0.152
45,210,0.0,0.001,0.165
45,211,0.0,0.001,0.159
45,212,0.001,0.003,0.151
45,213,0.0,0.001,0.16
45,214,0.001,0.004,0.145
45,215,0.001,0.003,0.148
45,216,0.002,0.004,0.144
45,217,0.001,0.002,0.153
45,218,0.001,0.003,0.148
45,219,0.001,0.004,0.146
45,22,0.0,0.0,0.155
45,220,0.002,0.005,0.14
45,221,0.001,0.004,0.145
45,222,0.001,0.002,0.154
45,223,0.001,0.002,0.157
45,224,0.001,0.002,0.158
45,225,0.0,0.001,0.168
45,226,0.001,0.002,0.157
45,227,0.001,0.003,0.155
45,228,0.0,0.001,0.169
45,229,0.0,0.001,0.168
45,23,0.0,0.0,0.149
45,230,0.0,0.001,0.167
45,231,0.0,0.001,0.167
45,232,0.0,0.001,0.178
45,233,0.0,0.001,0.169
45,234,0.0,0.001,0.178
45,235,0.0,0.001,0.175
45,236,0.0,0.001,0.179
45,237,0.0,0.002,0.174
45,238,0.0,0.001,0.177
45,239,0.001,0.002,0.175
45,24,0.0,0.0,0.155
45,240,0.0,0.001,0.184
45,241,0.0,0.001,0.198
45,242,0.0,0.001,0.187
45,243,0.0,0.001,0.201
45,244,0.0,0.001,0.193
45,245,0.001,0.002,0.183
45,246,0.0,0.001,0.205
45,247,0.0,0.001,0.205
45,248,0.0,0.001,0.202
45,249,0.0,0.001,0.219
45,25,0.0,0.0,0.156
45,250,0.0,0.001,0.207
45,251,0.0,0.001,0.213
45,26,0.0,0.0,0.143
45,27,0.0,0.0,0.138
45,28,0.0,0.0,0.142
45,29,0.0,0.0,0.146
45,30,0.0,0.0,0.147
45,31,0.0,0.0,0.145
45,32,0.0,0.0,0.151
45,33,0.0,0.0,0.156
45,34,0.0,0.0,0.149
45,35,0.0,0.0,0.148
45,36,0.0,0.0,0.158
45,37,0.0,0.0,0.153
45,38,0.0,0.0,0.167
45,39,0.0,0.0,0.167
45,40,0.0,0.0,0.168
45,41,0.0,0.0,0.164
45,42,0.0,0.0,0.168
45,43,0.0,0.0,0.16
45,44,0.0,0.0,0.158
45,45,0.0,0.0,0.157
45,46,0.0,0.0,0.168
45,47,0.0,0.0,0.161
45,48,0.0,0.0,0.166
45,49,0.0,0.0,0.153
45,50,0.0,0.0,0.152
45,51,0.0,0.0,0.16
45,52,0.0,0.001,0.147
45,53,0.0,0.0,0.162
45,54,0.0,0.0,0.15
45,55,0.0,0.0,0.158
45,56,0.0,0.0,0.154
45,57,0.0,0.0,0.151
45,58,0.0,0.0,0.157
45,59,0.0,0.001,0.144
45,6,0.0,0.0,0.151
45,60,0.0,0.001,0.148
45,61,0.0,0.001,0.147
45,62,0.0,0.001,0.152
45,63,0.001,0.002,0.139
45,64,0.0,0.001,0.151
45,65,0.0,0.001,0.15
45,66,0.0,0.001,0.143
45,67,0.0,0.001,0.15
45,68,0.0,0.001,0.148
45,69,0.0,0.001,0.153
45,7,0.0,0.0,0.155
45,70,0.0,0.0,0.158
45,71,0.0,0.001,0.153
45,72,0.0,0.0,0.168
45,73,0.0,0.0,0.173
45,74,0.0,0.0,0.168
45,75,0.0,0.0,0.169
45,76,0.0,0.001,0.156
45,77,0.0,0.0,0.162
45,78,0.0,0.0,0.176
45,79,0.0,0.0,0.172
45,8,0.0,0.0,0.157
45,80,0.0,0.0,0.174
45,81,0.0,0.0,0.178
45,82,0.0,0.0,0.178
45,83,0.0,0.0,0.184
45,84,0.0,0.0,0.186
45,85,0.0,0.0,0.193
45,86,0.0,0.0,0.197
45,87,0.0,0.0,0.193
45,88,0.0,0.0,0.202
45,89,0.0,0.0,0.186
45,9,0.0,0.0,0.166
45,90,0.0,0.0,0.196
45,91,0.0,0.0,0.204
45,92,0.0,0.0,0.208
45,93,0.0,0.0,0.212
45,94,0.0,0.0,0.203
45,95,0.0,0.0,0.198
45,96,0.0,0.0,0.211
45,97,0.0,0.0,0.204
45,98,0.0,0.0,0.204
45,99,0.0,0.0,0.209
46,10,0.0,0.0,0.159
46,100,0.0,0.0,0.219
46,101,0.0,0.0,0.223
46,102,0.0,0.0,0.242
46,103,0.0,0.0,0.236
46,104,0.0,0.0,0.242
46,105,0.0,0.0,0.242
46,106,0.0,0.0,0.256
46,107,0.0,0.0,0.255
46,108,0.0,0.0,0.25
46,109,0.0,0.0,0.255
46,11,0.0,0.0,0.159
46,110,0.0,0.0,0.262
46,111,0.0,0.0,0.263
46,112,0.0,0.0,0.273
46,113,0.0,0.0,0.27
46,114,0.0,0.0,0.262
46,115,0.0,0.0,0.271
46,116,0.0,0.0,0.283
46,117,0.0,0.0,0.281
46,118,0.0,0.0,0.267
46,119,0.0,0.0,0.272
46,12,0.0,0.0,0.149
46,120,0.0,0.0,0.277
46,121,0.0,0.0,0.28
46,122,0.0,0.0,0.283
46,123,0.0,0.0,0.294
46,124,0.0,0.0,0.291
46,125,0.0,0.0,0.286
46,126,0.0,0.0,0.294
46,127,0.0,0.0,0.285
46,128,0.0,0.0,0.28
46,129,0.0,0.0,0.274
46,13,0.0,0.0,0.16
46,130,0.0,0.0,0.275
46,131,0.0,0.0,0.283
46,132,0.0,0.0,0.277
46,133,0.0,0.0,0.275
46,134,0.0,0.0,0.279
46,135,0.0,0.0,0.287
46,136,0.0,0.0,0.292
46,137,0.0,0.0,0.282
46,138,0.0,0.0,0.278
46,139,0.0,0.0,0.275
46,14,0.0,0.0,0.15
46,140,0.0,0.0,0.271
46,141,0.0,0.0,0.259
46,142,0.0,0.0,0.262
46,143,0.0,0.0,0.264
46,144,0.0,0.0,0.263
46,145,0.0,0.0,0.252
46,146,0.0,0.0,0.258
46,147,0.0,0.0,0.257
46,148,0.0,0.0,0.259
46,149,0.0,0.0,0.254
46,15,0.0,0.0,0.16
46,150,0.0,0.0,0.251
46,151,0.0,0.0,0.245
46,152,0.0,0.0,0.243
46,153,0.0,0.0,0.243
46,154,0.0,0.0,0.243
46,155,0.0,0.0,0.253
46,156,0.0,0.0,0.243
46,157,0.0,0.0,0.233
46,158,0.0,0.0,0.224
46,159,0.0,0.0,0.232
46,16,0.0,0.0,0.157
46,160,0.0,0.0,0.241
46,161,0.0,0.0,0.231
46,162,0.0,0.0,0.222
46,163,0.0,0.0,0.221
46,164,0.0,0.0,0.219
46,165,0.0,0.0,0.219
46,166,0.0,0.0,0.215
46,167,0.0,0.0,0.219
46,168,0.0,0.0,0.206
46,169,0.0,0.0,0.205
46,17,0.0,0.0,0.151
46,170,0.0,0.0,0.203
46,171,0.0,0.0,0.201
46,172,0.0,0.0,0.216
46,173,0.0,0.0,0.203
46,174,0.0,0.0,0.201
46,175,0.0,0.0,0.206
46,176,0.0,0.0,0.196
46,177,0.0,0.0,0.189
46,178,0.0,0.0,0.191
46,179,0.0,0.0,0.195
46,18,0.0,0.0,0.158
46,180,0.0,0.0,0.198
46,181,0.0,0.0,0.189
46,182,0.0,0.0,0.181
46,183,0.0,0.0,0.181
46,184,0.0,0.0,0.182
46,185,0.0,0.0,0.185
46,186,0.0,0.0,0.183
46,187,0.0,0.001,0.172
46,188,0.0,0.001,0.17
46,189,0.0,0.001,0.174
46,19,0.0,0.0,0.147
46,190,0.0,0.001,0.17
46,191,0.0,0.0,0.178
46,192,0.0,0.0,0.174
46,193,0.0,0.001,0.162
46,194,0.0,0.001,0.168
46,195,0.0,0.0,0.19
46,196,0.0,0.001,0.173
46,197,0.0,0.001,0.162
46,198,0.001,0.002,0.157
46,199,0.0,0.001,0.168
46,20,0.0,0.0,0.15
46,200,0.0,0.001,0.167
46,201,0.0,0.001,0.16
46,202,0.0,0.001,0.162
46,203,0.001,0.002,0.157
46,204,0.001,0.002,0.157
46,205,0.0,0.001,0.16
46,206,0.0,0.001,0.164
46,207,0.0,0.001,0.173
46,208,0.0,0.001,0.161
46,209,0.0,0.001,0.166
46,21,0.0,0.0,0.161
46,210,0.0,0.001,0.162
46,211,0.0,0.001,0.158
46,212,0.002,0.004,0.142
46,213,0.002,0.005,0.139
46,214,0.001,0.004,0.145
46,215,0.002,0.006,0.137
46,216,0.002,0.004,0.143
46,217,0.001,0.003,0.151
46,218,0.001,0.003,0.147
46,219,0.002,0.005,0.141
46,22,0.0,0.0,0.16
46,220,0.002,0.006,0.139
46,221,0.002,0.006,0.139
46,222,0.002,0.005,0.142
46,223,0.001,0.004,0.147
46,224,0.002,0.005,0.144
46,225,0.004,0.009,0.134
46,226,0.003,0.007,0.139
46,227,0.003,0.006,0.141
46,228,0.002,0.005,0.144
46,229,0.001,0.003,0.154
46,23,0.0,0.0,0.156
46,230,0.001,0.004,0.152
46,231,0.001,0.004,0.151
46,232,0.001,0.003,0.159
46,233,0.001,0.002,0.164
46,234,0.001,0.003,0.161
46,235,0.0,0.002,0.17
46,236,0.001,0.003,0.161
46,237,0.001,0.002,0.169
46,238,0.0,0.001,0.175
46,239,0.001,0.002,0.169
46,24,0.0,0.0,0.159
46,240,0.001,0.003,0.165
46,241,0.0,0.001,0.182
46,242,0.0,0.002,0.181
46,243,0.0,0.002,0.183
46,244,0.0,0.001,0.2
46,245,0.0,0.0,0.213
46,246,0.0,0.001,0.208
46,247,0.0,0.001,0.206
46,248,0.0,0.001,0.212
46,249,0.0,0.001,0.22
46,25,0.0,0.0,0.161
46,250,0.0,0.001,0.22
46,251,0.0,0.001,0.22
46,26,0.0,0.0,0.16
46,27,0.0,0.0,0.16
46,28,0.0,0.0,0.166
46,29,0.0,0.0,0.153
46,30,0.0,0.0,0.163
46,31,0.0,0.0,0.153
46,32,0.0,0.0,0.163
46,33,0.0,0.0,0.17
46,34,0.0,0.0,0.163
46,35,0.0,0.0,0.162
46,36,0.0,0.0,0.165
46,37,0.0,0.0,0.158
46,38,0.0,0.0,0.155
46,39,0.0,0.0,0.165
46,40,0.0,0.0,0.165
46,41,0.0,0.0,0.155
46,42,0.0,0.0,0.157
46,43,0.0,0.0,0.148
46,44,0.0,0.0,0.163
46,45,0.0,0.0,0.156
46,46,0.0,0.001,0.141
46,47,0.0,0.0,0.147
46,48,0.0,0.0,0.163
46,49,0.0,0.0,0.152
46,50,0.0,0.001,0.147
46,51,0.0,0.0,0.151
46,52,0.0,0.0,0.155
46,53,0.0,0.0,0.158
46,54,0.0,0.0,0.158
46,55,0.0,0.0,0.155
46,56,0.0,0.0,0.162
46,57,0.0,0.0,0.163
46,58,0.0,0.0,0.155
46,59,0.0,0.0,0.16
46,6,0.0,0.0,0.146
46,60,0.0,0.0,0.157
46,61,0.0,0.0,0.156
46,62,0.0,0.0,0.156
46,63,0.0,0.001,0.152
46,64,0.0,0.001,0.154
46,65,0.0,0.001,0.156
46,66,0.0,0.0,0.168
46,67,0.0,0.001,0.15
46,68,0.0,0.0,0.162
46,69,0.0,0.0,0.16
46,7,0.0,0.0,0.156
46,70,0.0,0.0,0.162
46,71,0.0,0.001,0.147
46,72,0.0,0.001,0.152
46,73,0.0,0.001,0.151
46,74,0.0,0.001,0.15
46,75,0.0,0.001,0.156
46,76,0.0,0.0,0.163
46,77,0.0,0.0,0.171
46,78,0.0,0.0,0.168
46,79,0.0,0.0,0.164
46,8,0.0,0.0,0.144
46,80,0.0,0.0,0.173
46,81,0.0,0.0,0.181
46,82,0.0,0.0,0.185
46,83,0.0,0.0,0.184
46,84,0.0,0.0,0.189
46,85,0.0,0.0,0.19
46,86,0.0,0.0,0.187
46,87,0.0,0.0,0.191
46,88,0.0,0.0,0.181
46,89,0.0,0.0,0.192
46,9,0.0,0.0,0.159
46,90,0.0,0.0,0.203
46,91,0.0,0.0,0.213
46,92,0.0,0.0,0.214
46,93,0.0,0.0,0.215
46,94,0.0,0.0,0.202
46,95,0.0,0.0,0.203
46,96,0.0,0.0,0.206
46,97,0.0,0.0,0.209
46,98,0.0,0.0,0.213
46,99,0.0,0.0,0.209
47,10,0.0,0.0,0.157
47,100,0.0,0.0,0.237
47,101,0.0,0.0,0.25
47,102,0.0,0.0,0.243
47,103,0.0,0.0,0.233
47,104,0.0,0.0,0.243
47,105,0.0,0.0,0.254
47,106,0.0,0.0,0.251
47,107,0.0,0.0,0.258
47,108,0.0,0.0,0.267
47,109,0.0,0.0,0.261
47,11,0.0,0.0,0.153
47,110,0.0,0.0,0.255
47,111,0.0,0.0,0.259
47,112,0.0,0.0,0.271
47,113,0.0,0.0,0.275
47,114,0.0,0.0,0.281
47,115,0.0,0.0,0.28
47,116,0.0,0.0,0.282
47,117,0.0,0.0,0.285
47,118,0.0,0.0,0.283
47,119,0.0,0.0,0.289
47,12,0.0,0.0,0.146
47,120,0.0,0.0,0.303
47,121,0.0,0.0,0.304
47,122,0.0,0.0,0.306
47,123,0.0,0.0,0.316
47,124,0.0,0.0,0.308
47,125,0.0,0.0,0.306
47,126,0.0,0.0,0.3
47,127,0.0,0.0,0.298
47,128,0.0,0.0,0.295
47,129,0.0,0.0,0.303
47,13,0.0,0.0,0.147
47,130,0.0,0.0,0.301
47,131,0.0,0.0,0.294
47,132,0.0,0.0,0.295
47,133,0.0,0.0,0.298
47,134,0.0,0.0,0.29
47,135,0.0,0.0,0.296
47,136,0.0,0.0,0.298
47,137,0.0,0.0,0.295
47,138,0.0,0.0,0.299
47,139,0.0,0.0,0.28
47,14,0.0,0.0,0.147
47,140,0.0,0.0,0.279
47,141,0.0,0.0,0.274
47,142,0.0,0.0,0.276
47,143,0.0,0.0,0.275
47,144,0.0,0.0,0.277
47,145,0.0,0.0,0.276
47,146,0.0,0.0,0.275
47,147,0.0,0.0,0.277
47,148,0.0,0.0,0.261
47,149,0.0,0.0,0.249
47,15,0.0,0.0,0.146
47,150,0.0,0.0,0.253
47,151,0.0,0.0,0.252
47,152,0.0,0.0,0.26
47,153,0.0,0.0,0.263
47,154,0.0,0.0,0.259
47,155,0.0,0.0,0.258
47,156,0.0,0.0,0.243
47,157,0.0,0.0,0.242
47,158,0.0,0.0,0.236
47,159,0.0,0.0,0.231
47,16,0.0,0.0,0.148
47,160,0.0,0.0,0.225
47,161,0.0,0.0,0.227
47,162,0.0,0.0,0.224
47,163,0.0,0.0,0.217
47,164,0.0,0.0,0.221
47,165,0.0,0.0,0.217
47,166,0.0,0.0,0.207
47,167,0.0,0.0,0.205
47,168,0.0,0.0,0.208
47,169,0.0,0.0,0.21
47,17,0.0,0.001,0.129
47,170,0.0,0.0,0.214
47,171,0.0,0.0,0.222
47,172,0.0,0.0,0.197
47,173,0.0,0.0,0.192
47,174,0.0,0.0,0.197
47,175,0.0,0.0,0.198
47,176,0.0,0.0,0.188
47,177,0.0,0.0,0.189
47,178,0.0,0.0,0.187
47,179,0.0,0.0,0.193
47,18,0.0,0.0,0.146
47,180,0.0,0.0,0.198
47,181,0.0,0.0,0.197
47,182,0.0,0.0,0.2
47,183,0.0,0.0,0.206
47,184,0.0,0.0,0.204
47,185,0.0,0.0,0.198
47,186,0.0,0.0,0.193
47,187,0.0,0.0,0.205
47,188,0.0,0.0,0.2
47,189,0.0,0.0,0.179
47,19,0.0,0.0,0.135
47,190,0.0,0.0,0.183
47,191,0.0,0.0,0.18
47,192,0.0,0.0,0.184
47,193,0.0,0.0,0.19
47,194,0.0,0.0,0.178
47,195,0.0,0.001,0.172
47,196,0.0,0.0,0.177
47,197,0.0,0.001,0.173
47,198,0.0,0.001,0.174
47,199,0.0,0.001,0.168
47,20,0.0,0.0,0.139
47,200,0.0,0.001,0.168
47,201,0.0,0.001,0.166
47,202,0.0,0.001,0.163
47,203,0.0,0.001,0.174
47,204,0.0,0.001,0.166
47,205,0.0,0.001,0.162
47,206,0.0,0.002,0.159
47,207,0.0,0.001,0.167
47,208,0.0,0.001,0.16
47,209,0.001,0.002,0.156
47,21,0.0,0.0,0.153
47,210,0.0,0.0,0.179
47,211,0.0,0.001,0.172
47,212,0.0,0.001,0.166
47,213,0.0,0.001,0.169
47,214,0.0,0.0,0.184
47,215,0.0,0.0,0.179
47,216,0.0,0.001,0.172
47,217,0.0,0.001,0.168
47,218,0.0,0.001,0.169
47,219,0.0,0.001,0.163
47,22,0.0,0.0,0.152
47,220,0.0,0.001,0.163
47,221,0.0,0.001,0.16
47,222,0.001,0.002,0.158
47,223,0.0,0.001,0.165
47,224,0.002,0.005,0.144
47,225,0.0,0.002,0.162
47,226,0.001,0.002,0.158
47,227,0.001,0.003,0.156
47,228,0.001,0.002,0.16
47,229,0.001,0.002,0.16
47,23,0.0,0.0,0.149
47,230,0.001,0.003,0.153
47,231,0.001,0.004,0.151
47,232,0.001,0.003,0.157
47,233,0.001,0.002,0.162
47,234,0.002,0.005,0.151
47,235,0.001,0.002,0.165
47,236,0.002,0.004,0.154
47,237,0.001,0.002,0.165
47,238,0.0,0.001,0.177
47,239,0.0,0.001,0.179
47,24,0.0,0.0,0.151
47,240,0.0,0.001,0.182
47,241,0.0,0.001,0.182
47,242,0.0,0.0,0.199
47,243,0.0,0.001,0.193
47,244,0.0,0.0,0.204
47,245,0.0,0.001,0.199
47,246,0.0,0.001,0.201
47,247,0.0,0.001,0.198
47,248,0.0,0.001,0.214
47,249,0.0,0.001,0.208
47,25,0.0,0.0,0.154
47,250,0.0,0.001,0.219
47,251,0.0,0.002,0.208
47,26,0.0,0.0,0.142
47,27,0.0,0.0,0.157
47,28,0.0,0.0,0.159
47,29,0.0,0.0,0.159
47,30,0.0,0.0,0.151
47,31,0.0,0.0,0.162
47,32,0.0,0.0,0.156
47,33,0.0,0.0,0.163
47,34,0.0,0.0,0.154
47,35,0.0,0.0,0.159
47,36,0.0,0.0,0.152
47,37,0.0,0.0,0.161
47,38,0.0,0.0,0.158
47,39,0.0,0.0,0.162
47,40,0.0,0.0,0.16
47,41,0.0,0.0,0.16
47,42,0.0,0.0,0.174
47,43,0.0,0.0,0.154
47,44,0.0,0.0,0.148
47,45,0.0,0.0,0.153
47,46,0.0,0.0,0.159
47,47,0.0,0.001,0.147
47,48,0.0,0.001,0.143
47,49,0.0,0.0,0.157
47,50,0.0,0.0,0.153
47,51,0.0,0.0,0.158
47,52,0.0,0.0,0.156
47,53,0.0,0.0,0.164
47,54,0.0,0.0,0.161
47,55,0.0,0.0,0.156
47,56,0.0,0.0,0.163
47,57,0.0,0.0,0.163
47,58,0.0,0.0,0.159
47,59,0.0,0.0,0.155
47,6,0.0,0.0,0.14
47,60,0.0,0.0,0.156
47,61,0.0,0.0,0.156
47,62,0.0,0.0,0.16
47,63,0.0,0.0,0.166
47,64,0.0,0.0,0.163
47,65,0.0,0.0,0.168
47,66,0.0,0.0,0.172
47,67,0.0,0.0,0.164
47,68,0.0,0.0,0.167
47,69,0.0,0.0,0.169
47,7,0.0,0.0,0.145
47,70,0.0,0.0,0.17
47,71,0.0,0.0,0.171
47,72,0.0,0.0,0.172
47,73,0.0,0.0,0.181
47,74,0.0,0.0,0.18
47,75,0.0,0.0,0.174
47,76,0.0,0.0,0.191
47,77,0.0,0.0,0.185
47,78,0.0,0.0,0.193
47,79,0.0,0.0,0.177
47,8,0.0,0.0,0.139
47,80,0.0,0.0,0.182
47,81,0.0,0.0,0.182
47,82,0.0,0.0,0.188
47,83,0.0,0.0,0.177
47,84,0.0,0.0,0.188
47,85,0.0,0.0,0.184
47,86,0.0,0.0,0.192
47,87,0.0,0.0,0.199
47,88,0.0,0.0,0.203
47,89,0.0,0.0,0.207
47,9,0.0,0.0,0.146
47,90,0.0,0.0,0.207
47,91,0.0,0.0,0.209
47,92,0.0,0.0,0.219
47,93,0.0,0.0,0.217
47,94,0.0,0.0,0.223
47,95,0.0,0.0,0.225
47,96,0.0,0.0,0.232
47,97,0.0,0.0,0.241
47,98,0.0,0.0,0.24
47,99,0.0,0.0,0.237
48,10,0.0,0.0,0.142
48,100,0.0,0.0,0.239
48,101,0.0,0.0,0.24
48,102,0.0,0.0,0.25
48,103,0.0,0.0,0.256
48,104,0.0,0.0,0.257
48,105,0.0,0.0,0.269
48,106,0.0,0.0,0.273
48,107,0.0,0.0,0.271
48,108,0.0,0.0,0.261
48,109,0.0,0.0,0.271
48,11,0.0,0.0,0.159
48,110,0.0,0.0,0.286
48,111,0.0,0.0,0.273
48,112,0.0,0.0,0.29
48,113,0.0,0.0,0.289
48,114,0.0,0.0,0.293
48,115,0.0,0.0,0.29
48,116,0.0,0.0,0.301
48,117,0.0,0.0,0.296
48,118,0.0,0.0,0.294
48,119,0.0,0.0,0.296
48,12,0.0,0.0,0.14
48,120,0.0,0.0,0.306
48,121,0.0,0.0,0.299
48,122,0.0,0.0,0.307
48,123,0.0,0.0,0.311
48,124,0.0,0.0,0.313
48,125,0.0,0.0,0.312
48,126,0.0,0.0,0.303
48,127,0.0,0.0,0.31
48,128,0.0,0.0,0.316
48,129,0.0,0.0,0.318
48,13,0.0,0.001,0.131
48,130,0.0,0.0,0.323
48,131,0.0,0.0,0.32
48,132,0.0,0.0,0.319
48,133,0.0,0.0,0.318
48,134,0.0,0.0,0.311
48,135,0.0,0.0,0.307
48,136,0.0,0.0,0.314
48,137,0.0,0.0,0.302
48,138,0.0,0.0,0.309
48,139,0.0,0.0,0.302
48,14,0.0,0.0,0.151
48,140,0.0,0.0,0.299
48,141,0.0,0.0,0.298
48,142,0.0,0.0,0.294
48,143,0.0,0.0,0.289
48,144,0.0,0.0,0.281
48,145,0.0,0.0,0.289
48,146,0.0,0.0,0.288
48,147,0.0,0.0,0.278
48,148,0.0,0.0,0.263
48,149,0.0,0.0,0.264
48,15,0.0,0.0,0.16
48,150,0.0,0.0,0.277
48,151,0.0,0.0,0.276
48,152,0.0,0.0,0.272
48,153,0.0,0.0,0.272
48,154,0.0,0.0,0.264
48,155,0.0,0.0,0.253
48,156,0.0,0.0,0.255
48,157,0.0,0.0,0.251
48,158,0.0,0.0,0.251
48,159,0.0,0.0,0.24
48,16,0.0,0.0,0.142
48,160,0.0,0.0,0.249
48,161,0.0,0.0,0.239
48,162,0.0,0.0,0.23
48,163,0.0,0.0,0.227
48,164,0.0,0.0,0.225
48,165,0.0,0.0,0.223
48,166,0.0,0.0,0.228
48,167,0.0,0.0,0.217
48,168,0.0,0.0,0.212
48,169,0.0,0.0,0.224
48,17,0.0,0.0,0.152
48,170,0.0,0.0,0.219
48,171,0.0,0.0,0.21
48,172,0.0,0.0,0.216
48,173,0.0,0.0,0.212
48,174,0.0,0.0,0.192
48,175,0.0,0.0,0.19
48,176,0.0,0.0,0.196
48,177,0.0,0.0,0.195
48,178,0.0,0.0,0.194
48,179,0.0,0.0,0.193
48,18,0.0,0.0,0.15
48,180,0.0,0.0,0.198
48,181,0.0,0.0,0.181
48,182,0.0,0.0,0.192
48,183,0.0,0.0,0.18
48,184,0.0,0.0,0.186
48,185,0.0,0.0,0.189
48,186,0.0,0.0,0.197
48,187,0.0,0.0,0.178
48,188,0.0,0.0,0.183
48,189,0.0,0.0,0.177
48,19,0.0,0.0,0.157
48,190,0.0,0.001,0.17
48,191,0.0,0.0,0.179
48,192,0.0,0.001,0.173
48,193,0.0,0.001,0.172
48,194,0.0,0.001,0.164
48,195,0.0,0.001,0.167
48,196,0.0,0.001,0.16
48,197,0.0,0.001,0.168
48,198,0.0,0.001,0.166
48,199,0.0,0.001,0.166
48,20,0.0,0.0,0.15
48,200,0.0,0.001,0.164
48,201,0.0,0.002,0.159
48,202,0.001,0.002,0.155
48,203,0.001,0.002,0.156
48,204,0.0,0.001,0.164
48,205,0.0,0.001,0.171
48,206,0.001,0.002,0.154
48,207,0.001,0.002,0.157
48,208,0.001,0.002,0.156
48,209,0.001,0.004,0.145
48,21,0.0,0.0,0.138
48,210,0.001,0.003,0.147
48,211,0.001,0.002,0.152
48,212,0.002,0.004,0.144
48,213,0.001,0.002,0.155
48,214,0.003,0.007,0.135
48,215,0.002,0.005,0.14
48,216,0.001,0.003,0.147
48,217,0.0,0.002,0.158
48,218,0.001,0.003,0.146
48,219,0.002,0.006,0.139
48,22,0.0,0.0,0.151
48,220,0.001,0.004,0.145
48,221,0.001,0.004,0.147
48,222,0.001,0.004,0.146
48,223,0.003,0.007,0.137
48,224,0.004,0.009,0.134
48,225,0.003,0.007,0.139
48,226,0.002,0.006,0.142
48,227,0.002,0.005,0.143
48,228,0.001,0.003,0.152
48,229,0.001,0.003,0.153
48,23,0.0,0.0,0.152
48,230,0.003,0.008,0.139
48,231,0.002,0.005,0.146
48,232,0.002,0.004,0.15
48,233,0.001,0.002,0.164
48,234,0.001,0.002,0.167
48,235,0.0,0.001,0.173
48,236,0.0,0.001,0.179
48,237,0.001,0.002,0.167
48,238,0.0,0.001,0.189
48,239,0.0,0.001,0.186
48,24,0.0,0.0,0.156
48,240,0.0,0.001,0.185
48,241,0.0,0.001,0.188
48,242,0.0,0.001,0.192
48,243,0.0,0.001,0.193
48,244,0.0,0.0,0.204
48,245,0.0,0.0,0.207
48,246,0.0,0.0,0.217
48,247,0.0,0.0,0.215
48,248,0.0,0.001,0.207
48,249,0.0,0.0,0.218
48,25,0.0,0.0,0.15
48,250,0.0,0.0,0.223
48,251,0.0,0.0,0.241
48,26,0.0,0.0,0.157
48,27,0.0,0.0,0.154
48,28,0.0,0.0,0.138
48,29,0.0,0.0,0.151
48,30,0.0,0.0,0.152
48,31,0.0,0.0,0.147
48,32,0.0,0.0,0.147
48,33,0.0,0.0,0.153
48,34,0.0,0.0,0.151
48,35,0.0,0.0,0.152
48,36,0.0,0.0,0.158
48,37,0.0,0.0,0.153
48,38,0.0,0.0,0.167
48,39,0.0,0.0,0.151
48,40,0.0,0.0,0.162
48,41,0.0,0.0,0.153
48,42,0.0,0.001,0.141
48,43,0.0,0.0,0.159
48,44,0.0,0.0,0.162
48,45,0.0,0.0,0.167
48,46,0.0,0.0,0.151
48,47,0.0,0.0,0.161
48,48,0.0,0.0,0.153
48,49,0.0,0.0,0.163
48,50,0.0,0.0,0.161
48,51,0.0,0.001,0.15
48,52,0.0,0.0,0.155
48,53,0.0,0.001,0.146
48,54,0.0,0.0,0.16
48,55,0.0,0.0,0.154
48,56,0.0,0.0,0.167
48,57,0.0,0.0,0.168
48,58,0.0,0.0,0.155
48,59,0.0,0.0,0.155
48,6,0.0,0.0,0.155
48,60,0.0,0.001,0.153
48,61,0.0,0.001,0.146
48,62,0.0,0.0,0.159
48,63,0.0,0.0,0.169
48,64,0.0,0.001,0.156
48,65,0.0,0.0,0.164
48,66,0.0,0.0,0.16
48,67,0.0,0.0,0.159
48,68,0.0,0.0,0.165
48,69,0.0,0.0,0.17
48,7,0.0,0.0,0.164
48,70,0.0,0.0,0.166
48,71,0.0,0.0,0.164
48,72,0.0,0.0,0.171
48,73,0.0,0.0,0.182
48,74,0.0,0.0,0.165
48,75,0.0,0.0,0.172
48,76,0.0,0.0,0.183
48,77,0.0,0.0,0.194
48,78,0.0,0.0,0.188
48,79,0.0,0.0,0.196
48,8,0.0,0.0,0.168
48,80,0.0,0.0,0.193
48,81,0.0,0.0,0.198
48,82,0.0,0.0,0.202
48,83,0.0,0.0,0.2
48,84,0.0,0.0,0.201
48,85,0.0,0.0,0.201
48,86,0.0,0.0,0.213
48,87,0.0,0.0,0.216
48,88,0.0,0.0,0.213
48,89,0.0,0.0,0.214
48,9,0.0,0.0,0.153
48,90,0.0,0.0,0.22
48,91,0.0,0.0,0.228
48,92,0.0,0.0,0.226
48,93,0.0,0.0,0.235
48,94,0.0,0.0,0.233
48,95,0.0,0.0,0.232
48,96,0.0,0.0,0.233
48,97,0.0,0.0,0.238
48,98,0.0,0.0,0.245
48,99,0.0,0.0,0.238
49,10,0.0,0.001,0.128
49,100,0.0,0.0,0.246
49,101,0.0,0.0,0.257
49,102,0.0,0.0,0.241
49,103,0.0,0.0,0.253
49,104,0.0,0.0,0.257
49,105,0.0,0.0,0.272
49,106,0.0,0.0,0.27
49,107,0.0,0.0,0.271
49,108,0.0,0.0,0.265
49,109,0.0,0.0,0.267
49,11,0.0,0.001,0.13
49,110,0.0,0.0,0.277
49,111,0.0,0.0,0.278
49,112,0.0,0.0,0.277
49,113,0.0,0.0,0.279
49,114,0.0,0.0,0.29
49,115,0.0,0.0,0.287
49,116,0.0,0.0,0.292
49,117,0.0,0.0,0.292
49,118,0.0,0.0,0.287
49,119,0.0,0.0,0.297
49,12,0.0,0.001,0.13
49,120,0.0,0.0,0.3
49,121,0.0,0.0,0.312
49,122,0.0,0.0,0.31
49,123,0.0,0.0,0.301
49,124,0.0,0.0,0.311
49,125,0.0,0.0,0.314
49,126,0.0,0.0,0.32
49,127,0.0,0.0,0.324
49,128,0.0,0.0,0.314
49,129,0.0,0.0,0.309
49,13,0.0,0.0,0.138
49,130,0.0,0.0,0.315
49,131,0.0,0.0,0.323
49,132,0.0,0.0,0.323
49,133,0.0,0.0,0.324
49,134,0.0,0.0,0.322
49,135,0.0,0.0,0.324
49,136,0.0,0.0,0.306
49,137,0.0,0.0,0.307
49,138,0.0,0.0,0.307
49,139,0.0,0.0,0.301
49,14,0.0,0.0,0.137
49,140,0.0,0.0,0.3
49,141,0.0,0.0,0.294
49,142,0.0,0.0,0.295
49,143,0.0,0.0,0.302
49,144,0.0,0.0,0.287
49,145,0.0,0.0,0.281
49,146,0.0,0.0,0.284
49,147,0.0,0.0,0.288
49,148,0.0,0.0,0.293
49,149,0.0,0.0,0.288
49,15,0.0,0.0,0.134
49,150,0.0,0.0,0.268
49,151,0.0,0.0,0.264
49,152,0.0,0.0,0.257
49,153,0.0,0.0,0.264
49,154,0.0,0.0,0.261
49,155,0.0,0.0,0.253
49,156,0.0,0.0,0.264
49,157,0.0,0.0,0.259
49,158,0.0,0.0,0.252
49,159,0.0,0.0,0.231
49,16,0.0,0.0,0.151
49,160,0.0,0.0,0.247
49,161,0.0,0.0,0.248
49,162,0.0,0.0,0.242
49,163,0.0,0.0,0.228
49,164,0.0,0.0,0.213
49,165,0.0,0.0,0.219
49,166,0.0,0.0,0.223
49,167,0.0,0.0,0.227
49,168,0.0,0.0,0.221
49,169,0.0,0.0,0.23
49,17,0.0,0.0,0.155
49,170,0.0,0.0,0.229
49,171,0.0,0.0,0.219
49,172,0.0,0.0,0.216
49,173,0.0,0.0,0.216
49,174,0.0,0.0,0.217
49,175,0.0,0.0,0.213
49,176,0.0,0.0,0.209
49,177,0.0,0.0,0.211
49,178,0.0,0.0,0.207
49,179,0.0,0.0,0.203
49,18,0.0,0.0,0.155
49,180,0.0,0.0,0.199
49,181,0.0,0.0,0.203
49,182,0.0,0.0,0.21
49,183,0.0,0.0,0.198
49,184,0.0,0.0,0.19
49,185,0.0,0.0,0.198
49,186,0.0,0.0,0.188
49,187,0.0,0.0,0.192
49,188,0.0,0.0,0.193
49,189,0.0,0.0,0.182
49,19,0.0,0.0,0.139
49,190,0.0,0.0,0.192
49,191,0.0,0.0,0.182
49,192,0.0,0.0,0.176
49,193,0.0,0.001,0.173
49,194,0.0,0.001,0.171
49,195,0.0,0.0,0.189
49,196,0.0,0.0,0.184
49,197,0.0,0.0,0.195
49,198,0.0,0.0,0.177
49,199,0.0,0.0,0.175
49,20,0.0,0.0,0.16
49,200,0.0,0.0,0.178
49,201,0.0,0.0,0.176
49,202,0.0,0.001,0.169
49,203,0.0,0.001,0.162
49,204,0.0,0.001,0.164
49,205,0.001,0.003,0.148
49,206,0.001,0.003,0.149
49,207,0.001,0.004,0.146
49,208,0.002,0.005,0.143
49,209,0.003,0.007,0.137
49,21,0.0,0.0,0.159
49,210,0.002,0.005,0.141
49,211,0.001,0.002,0.155
49,212,0.001,0.004,0.146
49,213,0.001,0.003,0.147
49,214,0.002,0.005,0.141
49,215,0.003,0.007,0.136
49,216,0.003,0.007,0.137
49,217,0.003,0.007,0.137
49,218,0.004,0.009,0.132
49,219,0.007,0.015,0.123
49,22,0.0,0.0,0.153
49,220,0.005,0.011,0.128
49,221,0.006,0.014,0.124
49,222,0.007,0.015,0.123
49,223,0.008,0.017,0.122
49,224,0.005,0.011,0.13
49,225,0.005,0.01,0.131
49,226,0.006,0.013,0.128
49,227,0.004,0.009,0.135
49,228,0.006,0.012,0.129
49,229,0.003,0.008,0.137
49,23,0.0,0.0,0.157
49,230,0.004,0.01,0.134
49,231,0.004,0.01,0.135
49,232,0.002,0.006,0.145
49,233,0.003,0.006,0.144
49,234,0.002,0.006,0.147
49,235,0.002,0.006,0.148
49,236,0.002,0.005,0.149
49,237,0.003,0.006,0.147
49,238,0.002,0.004,0.156
49,239,0.001,0.002,0.169
49,24,0.0,0.0,0.137
49,240,0.001,0.003,0.164
49,241,0.0,0.001,0.179
49,242,0.0,0.001,0.191
49,243,0.0,0.001,0.187
49,244,0.0,0.001,0.198
49,245,0.0,0.0,0.208
49,246,0.0,0.0,0.208
49,247,0.0,0.001,0.204
49,248,0.0,0.001,0.213
49,249,0.0,0.001,0.212
49,25,0.0,0.001,0.132
49,250,0.0,0.001,0.214
49,251,0.0,0.001,0.213
49,26,0.0,0.0,0.156
49,27,0.0,0.0,0.145
49,28,0.0,0.0,0.159
49,29,0.0,0.0,0.165
49,30,0.0,0.0,0.157
49,31,0.0,0.0,0.16
49,32,0.0,0.0,0.147
49,33,0.0,0.0,0.156
49,34,0.0,0.0,0.157
49,35,0.0,0.0,0.149
49,36,0.0,0.0,0.148
49,37,0.0,0.001,0.14
49,38,0.0,0.0,0.143
49,39,0.0,0.0,0.15
49,40,0.0,0.0,0.148
49,41,0.0,0.0,0.147
49,42,0.0,0.001,0.138
49,43,0.0,0.001,0.145
49,44,0.0,0.001,0.136
49,45,0.0,0.001,0.144
49,46,0.0,0.0,0.15
49,47,0.0,0.001,0.145
49,48,0.001,0.002,0.132
49,49,0.0,0.001,0.144
49,50,0.0,0.0,0.151
49,51,0.0,0.001,0.148
49,52,0.0,0.001,0.149
49,53,0.0,0.001,0.141
49,54,0.0,0.001,0.15
49,55,0.0,0.001,0.141
49,56,0.001,0.003,0.13
49,57,0.0,0.002,0.141
49,58,0.0,0.001,0.149
49,59,0.0,0.001,0.153
49,6,0.003,0.007,0.108
49,60,0.0,0.001,0.148
49,61,0.0,0.001,0.153
49,62,0.0,0.0,0.157
49,63,0.001,0.002,0.14
49,64,0.0,0.001,0.151
49,65,0.0,0.002,0.144
49,66,0.0,0.001,0.149
49,67,0.0,0.0,0.161
49,68,0.0,0.002,0.144
49,69,0.0,0.001,0.152
49,7,0.003,0.007,0.108
49,70,0.0,0.001,0.158
49,71,0.0,0.001,0.157
49,72,0.0,0.0,0.172
49,73,0.0,0.0,0.177
49,74,0.0,0.0,0.183
49,75,0.0,0.0,0.174
49,76,0.0,0.0,0.177
49,77,0.0,0.0,0.188
49,78,0.0,0.0,0.185
49,79,0.0,0.0,0.185
49,8,0.0,0.001,0.127
49,80,0.0,0.0,0.194
49,81,0.0,0.0,0.186
49,82,0.0,0.0,0.189
49,83,0.0,0.0,0.194
49,84,0.0,0.0,0.193
49,85,0.0,0.0,0.201
49,86,0.0,0.0,0.199
49,87,0.0,0.0,0.195
49,88,0.0,0.0,0.201
49,89,0.0,0.0,0.205
49,9,0.0,0.001,0.135
49,90,0.0,0.0,0.206
49,91,0.0,0.0,0.219
49,92,0.0,0.0,0.225
49,93,0.0,0.0,0.205
49,94,0.0,0.0,0.216
49,95,0.0,0.0,0.23
49,96,0.0,0.0,0.24
49,97,0.0,0.0,0.251
49,98,0.0,0.0,0.251
49,99,0.0,0.0,0.236
5,10,0.0,0.0,0.139
5,100,0.003,0.006,0.111
5,101,0.001,0.003,0.12
5,102,0.001,0.003,0.12
5,103,0.0,0.001,0.133
5,104,0.001,0.003,0.123
5,105,0.001,0.003,0.122
5,106,0.001,0.003,0.121
5,107,0.001,0.002,0.128
5,108,0.001,0.002,0.129
5,109,0.001,0.003,0.123
5,11,0.0,0.001,0.12
5,110,0.0,0.002,0.131
5,111,0.001,0.002,0.13
5,112,0.001,0.002,0.129
5,113,0.001,0.002,0.127
5,114,0.001,0.002,0.127
5,115,0.002,0.005,0.117
5,116,0.001,0.003,0.124
5,117,0.002,0.004,0.12
5,118,0.001,0.002,0.128
5,119,0.001,0.002,0.131
5,12,0.0,0.001,0.122
5,120,0.0,0.001,0.14
5,121,0.0,0.001,0.137
5,122,0.0,0.001,0.146
5,123,0.0,0.001,0.136
5,124,0.0,0.001,0.147
5,125,0.0,0.001,0.143
5,126,0.0,0.001,0.138
5,127,0.0,0.001,0.141
5,128,0.001,0.002,0.133
5,129,0.0,0.001,0.146
5,13,0.0,0.0,0.126
5,130,0.0,0.001,0.146
5,131,0.0,0.001,0.138
5,132,0.0,0.001,0.142
5,133,0.0,0.0,0.152
5,134,0.0,0.001,0.142
5,135,0.0,0.001,0.15
5,136,0.0,0.001,0.151
5,137,0.0,0.001,0.147
5,138,0.0,0.001,0.147
5,139,0.0,0.001,0.14
5,14,0.0,0.001,0.124
5,140,0.0,0.0,0.156
5,141,0.0,0.0,0.165
5,142,0.0,0.0,0.162
5,143,0.0,0.0,0.163
5,144,0.0,0.001,0.151
5,145,0.0,0.0,0.163
5,146,0.0,0.0,0.169
5,147,0.0,0.0,0.174
5,148,0.0,0.0,0.177
5,149,0.0,0.0,0.184
5,15,0.0,0.0,0.132
5,150,0.0,0.0,0.172
5,151,0.0,0.0,0.178
5,152,0.0,0.0,0.176
5,153,0.0,0.0,0.17
5,154,0.0,0.0,0.17
5,155,0.0,0.0,0.162
5,156,0.0,0.0,0.159
5,157,0.0,0.0,0.171
5,158,0.0,0.0,0.169
5,159,0.0,0.0,0.169
5,16,0.0,0.0,0.131
5,160,0.0,0.0,0.171
5,161,0.0,0.0,0.168
5,162,0.0,0.0,0.165
5,163,0.0,0.0,0.176
5,164,0.0,0.0,0.172
5,165,0.0,0.0,0.178
5,166,0.0,0.0,0.184
5,167,0.0,0.0,0.18
5,168,0.0,0.0,0.187
5,169,0.0,0.0,0.183
5,17,0.0,0.002,0.112
5,170,0.0,0.0,0.192
5,171,0.0,0.0,0.194
5,172,0.0,0.0,0.183
5,173,0.0,0.0,0.194
5,174,0.0,0.0,0.182
5,175,0.0,0.0,0.191
5,176,0.0,0.0,0.2
5,177,0.0,0.0,0.188
5,178,0.0,0.0,0.177
5,179,0.0,0.0,0.187
5,18,0.0,0.001,0.115
5,180,0.0,0.0,0.187
5,181,0.0,0.0,0.193
5,182,0.0,0.0,0.189
5,183,0.0,0.0,0.183
5,184,0.0,0.0,0.18
5,185,0.0,0.0,0.181
5,186,0.0,0.001,0.174
5,187,0.0,0.001,0.164
5,188,0.0,0.001,0.173
5,189,0.0,0.001,0.171
5,19,0.0,0.002,0.112
5,190,0.0,0.001,0.175
5,191,0.0,0.001,0.173
5,192,0.0,0.001,0.176
5,193,0.0,0.001,0.177
5,194,0.0,0.001,0.176
5,195,0.0,0.002,0.169
5,196,0.0,0.001,0.185
5,197,0.0,0.001,0.188
5,198,0.0,0.001,0.174
5,199,0.0,0.001,0.184
5,20,0.0,0.0,0.125
5,200,0.0,0.001,0.175
5,201,0.0,0.001,0.178
5,202,0.001,0.003,0.167
5,203,0.0,0.001,0.187
5,204,0.0,0.001,0.187
5,205,0.0,0.001,0.18
5,206,0.0,0.001,0.182
5,207,0.0,0.001,0.198
5,208,0.0,0.0,0.202
5,209,0.0,0.0,0.205
5,21,0.0,0.001,0.117
5,210,0.0,0.0,0.207
5,211,0.0,0.001,0.202
5,212,0.0,0.0,0.205
5,213,0.0,0.001,0.2
5,214,0.0,0.001,0.204
5,215,0.0,0.001,0.207
5,216,0.0,0.0,0.22
5,217,0.0,0.0,0.222
5,218,0.0,0.0,0.216
5,219,0.0,0.0,0.228
5,22,0.0,0.0,0.125
5,220,0.0,0.0,0.228
5,221,0.0,0.0,0.221
5,222,0.0,0.0,0.229
5,223,0.0,0.0,0.225
5,224,0.0,0.0,0.224
5,225,0.0,0.0,0.222
5,226,0.0,0.0,0.221
5,227,0.0,0.0,0.229
5,228,0.0,0.0,0.224
5,229,0.0,0.0,0.224
5,23,0.001,0.002,0.111
5,230,0.0,0.001,0.21
5,231,0.0,0.001,0.208
5,232,0.0,0.001,0.203
5,233,0.001,0.002,0.202
5,234,0.0,0.001,0.213
5,235,0.001,0.002,0.201
5,236,0.0,0.001,0.212
5,237,0.001,0.002,0.201
5,238,0.001,0.003,0.192
5,239,0.001,0.004,0.19
5,24,0.0,0.001,0.113
5,240,0.001,0.004,0.191
5,241,0.002,0.004,0.188
5,242,0.002,0.004,0.19
5,243,0.003,0.006,0.183
5,244,0.005,0.011,0.172
5,245,0.004,0.01,0.175
5,246,0.006,0.013,0.171
5,247,0.014,0.027,0.153
5,248,0.017,0.032,0.151
5,249,0.011,0.023,0.161
5,25,0.001,0.003,0.104
5,250,0.017,0.032,0.153
5,251,0.028,0.05,0.142
5,26,0.0,0.001,0.115
5,27,0.002,0.006,0.098
5,28,0.001,0.004,0.102
5,29,0.005,0.011,0.091
5,30,0.002,0.004,0.101
5,31,0.002,0.005,0.099
5,32,0.001,0.003,0.106
5,33,0.003,0.007,0.096
5,34,0.001,0.002,0.111
5,35,0.001,0.003,0.104
5,36,0.006,0.013,0.089
5,37,0.002,0.006,0.099
5,38,0.001,0.002,0.109
5,39,0.002,0.005,0.1
5,40,0.001,0.002,0.111
5,41,0.001,0.003,0.106
5,42,0.001,0.002,0.109
5,43,0.002,0.005,0.101
5,44,0.001,0.002,0.11
5,45,0.001,0.004,0.104
5,46,0.001,0.004,0.104
5,47,0.002,0.005,0.101
5,48,0.002,0.006,0.099
5,49,0.001,0.003,0.106
5,50,0.001,0.002,0.111
5,51,0.002,0.005,0.102
5,52,0.0,0.001,0.115
5,53,0.001,0.003,0.108
5,54,0.0,0.001,0.123
5,55,0.002,0.004,0.104
5,56,0.0,0.001,0.119
5,57,0.0,0.001,0.125
5,58,0.0,0.0,0.127
5,59,0.0,0.001,0.119
5,60,0.0,0.001,0.12
5,61,0.0,0.001,0.126
5,62,0.0,0.001,0.122
5,63,0.0,0.0,0.131
5,64,0.0,0.0,0.131
5,65,0.0,0.001,0.119
5,66,0.0,0.001,0.119
5,67,0.0,0.001,0.119
5,68,0.001,0.002,0.118
5,69,0.001,0.003,0.11
5,7,0.0,0.001,0.13
5,70,0.0,0.001,0.122
5,71,0.0,0.001,0.122
5,72,0.001,0.002,0.117
5,73,0.002,0.005,0.108
5,74,0.007,0.015,0.093
5,75,0.002,0.005,0.107
5,76,0.002,0.006,0.105
5,77,0.002,0.005,0.107
5,78,0.003,0.007,0.105
5,79,0.0,0.001,0.125
5,8,0.0,0.001,0.13
5,80,0.0,0.001,0.125
5,81,0.001,0.003,0.117
5,82,0.0,0.001,0.124
5,83,0.001,0.003,0.116
5,84,0.002,0.004,0.112
5,85,0.003,0.008,0.103
5,86,0.001,0.002,0.121
5,87,0.001,0.003,0.118
5,88,0.001,0.002,0.12
5,89,0.002,0.004,0.113
5,9,0.0,0.0,0.135
5,90,0.001,0.003,0.119
5,91,0.001,0.003,0.117
5,92,0.001,0.002,0.125
5,93,0.003,0.008,0.107
5,94,0.005,0.011,0.102
5,95,0.001,0.003,0.118
5,96,0.001,0.002,0.127
5,97,0.0,0.001,0.13
5,98,0.001,0.003,0.119
5,99,0.005,0.011,0.104
50,10,0.0,0.001,0.134
50,100,0.0,0.0,0.253
50,101,0.0,0.0,0.25
50,102,0.0,0.0,0.259
50,103,0.0,0.0,0.262
50,104,0.0,0.0,0.264
50,105,0.0,0.0,0.268
50,106,0.0,0.0,0.262
50,107,0.0,0.0,0.262
50,108,0.0,0.0,0.259
50,109,0.0,0.0,0.271
50,11,0.0,0.0,0.141
50,110,0.0,0.0,0.28
50,111,0.0,0.0,0.275
50,112,0.0,0.0,0.278
50,113,0.0,0.0,0.287
50,114,0.0,0.0,0.286
50,115,0.0,0.0,0.295
50,116,0.0,0.0,0.296
50,117,0.0,0.0,0.308
50,118,0.0,0.0,0.317
50,119,0.0,0.0,0.31
50,12,0.0,0.0,0.135
50,120,0.0,0.0,0.311
50,121,0.0,0.0,0.314
50,122,0.0,0.0,0.323
50,123,0.0,0.0,0.31
50,124,0.0,0.0,0.317
50,125,0.0,0.0,0.319
50,126,0.0,0.0,0.329
50,127,0.0,0.0,0.326
50,128,0.0,0.0,0.318
50,129,0.0,0.0,0.327
50,13,0.0,0.0,0.149
50,130,0.0,0.0,0.321
50,131,0.0,0.0,0.32
50,132,0.0,0.0,0.326
50,133,0.0,0.0,0.337
50,134,0.0,0.0,0.338
50,135,0.0,0.0,0.327
50,136,0.0,0.0,0.324
50,137,0.0,0.0,0.322
50,138,0.0,0.0,0.31
50,139,0.0,0.0,0.315
50,14,0.0,0.0,0.148
50,140,0.0,0.0,0.317
50,141,0.0,0.0,0.307
50,142,0.0,0.0,0.314
50,143,0.0,0.0,0.312
50,144,0.0,0.0,0.304
50,145,0.0,0.0,0.303
50,146,0.0,0.0,0.303
50,147,0.0,0.0,0.288
50,148,0.0,0.0,0.28
50,149,0.0,0.0,0.277
50,15,0.0,0.0,0.145
50,150,0.0,0.0,0.27
50,151,0.0,0.0,0.27
50,152,0.0,0.0,0.275
50,153,0.0,0.0,0.263
50,154,0.0,0.0,0.26
50,155,0.0,0.0,0.26
50,156,0.0,0.0,0.252
50,157,0.0,0.0,0.257
50,158,0.0,0.0,0.245
50,159,0.0,0.0,0.248
50,16,0.0,0.0,0.15
50,160,0.0,0.0,0.233
50,161,0.0,0.0,0.235
50,162,0.0,0.0,0.232
50,163,0.0,0.0,0.24
50,164,0.0,0.0,0.232
50,165,0.0,0.0,0.239
50,166,0.0,0.0,0.224
50,167,0.0,0.0,0.222
50,168,0.0,0.0,0.234
50,169,0.0,0.0,0.226
50,17,0.0,0.0,0.156
50,170,0.0,0.0,0.226
50,171,0.0,0.0,0.221
50,172,0.0,0.0,0.216
50,173,0.0,0.0,0.216
50,174,0.0,0.0,0.219
50,175,0.0,0.0,0.214
50,176,0.0,0.0,0.206
50,177,0.0,0.0,0.199
50,178,0.0,0.0,0.2
50,179,0.0,0.0,0.191
50,18,0.0,0.0,0.156
50,180,0.0,0.0,0.189
50,181,0.0,0.0,0.199
50,182,0.0,0.0,0.197
50,183,0.0,0.0,0.203
50,184,0.0,0.0,0.206
50,185,0.0,0.0,0.189
50,186,0.0,0.0,0.188
50,187,0.0,0.0,0.184
50,188,0.0,0.0,0.185
50,189,0.0,0.0,0.19
50,19,0.0,0.0,0.149
50,190,0.0,0.0,0.194
50,191,0.0,0.0,0.189
50,192,0.0,0.0,0.189
50,193,0.0,0.0,0.185
50,194,0.0,0.0,0.175
50,195,0.0,0.001,0.173
50,196,0.0,0.0,0.179
50,197,0.0,0.001,0.167
50,198,0.0,0.001,0.173
50,199,0.0,0.001,0.167
50,20,0.0,0.0,0.144
50,200,0.0,0.001,0.164
50,201,0.0,0.001,0.168
50,202,0.0,0.0,0.175
50,203,0.0,0.001,0.161
50,204,0.0,0.001,0.168
50,205,0.0,0.001,0.169
50,206,0.0,0.001,0.162
50,207,0.0,0.001,0.163
50,208,0.0,0.001,0.165
50,209,0.001,0.002,0.157
50,21,0.0,0.0,0.146
50,210,0.0,0.001,0.164
50,211,0.001,0.002,0.156
50,212,0.0,0.001,0.161
50,213,0.0,0.001,0.162
50,214,0.001,0.002,0.157
50,215,0.0,0.001,0.16
50,216,0.0,0.001,0.17
50,217,0.001,0.002,0.156
50,218,0.0,0.001,0.164
50,219,0.001,0.002,0.154
50,22,0.0,0.0,0.158
50,220,0.002,0.006,0.139
50,221,0.001,0.003,0.149
50,222,0.001,0.002,0.157
50,223,0.001,0.004,0.146
50,224,0.002,0.005,0.144
50,225,0.003,0.007,0.137
50,226,0.004,0.008,0.135
50,227,0.001,0.004,0.147
50,228,0.001,0.003,0.152
50,229,0.001,0.002,0.159
50,23,0.0,0.0,0.161
50,230,0.001,0.002,0.161
50,231,0.002,0.005,0.147
50,232,0.001,0.002,0.162
50,233,0.001,0.003,0.157
50,234,0.002,0.005,0.149
50,235,0.001,0.003,0.159
50,236,0.002,0.004,0.152
50,237,0.001,0.003,0.158
50,238,0.0,0.001,0.173
50,239,0.0,0.001,0.179
50,24,0.0,0.0,0.158
50,240,0.0,0.001,0.183
50,241,0.0,0.001,0.187
50,242,0.0,0.001,0.182
50,243,0.0,0.001,0.182
50,244,0.0,0.002,0.181
50,245,0.0,0.001,0.193
50,246,0.0,0.0,0.211
50,247,0.0,0.001,0.203
50,248,0.001,0.002,0.19
50,249,0.001,0.003,0.182
50,25,0.0,0.0,0.147
50,250,0.001,0.004,0.183
50,251,0.002,0.005,0.184
50,26,0.0,0.0,0.153
50,27,0.0,0.0,0.16
50,28,0.0,0.0,0.151
50,29,0.0,0.0,0.155
50,30,0.0,0.0,0.155
50,31,0.0,0.0,0.162
50,32,0.0,0.0,0.16
50,33,0.0,0.0,0.154
50,34,0.0,0.0,0.152
50,35,0.0,0.0,0.151
50,36,0.0,0.0,0.144
50,37,0.0,0.0,0.149
50,38,0.0,0.0,0.157
50,39,0.0,0.0,0.16
50,40,0.0,0.0,0.156
50,41,0.0,0.0,0.151
50,42,0.0,0.001,0.142
50,43,0.0,0.0,0.151
50,44,0.0,0.0,0.155
50,45,0.0,0.001,0.148
50,46,0.0,0.0,0.149
50,47,0.0,0.0,0.153
50,48,0.0,0.0,0.159
50,49,0.0,0.0,0.168
50,50,0.0,0.0,0.156
50,51,0.0,0.0,0.154
50,52,0.0,0.0,0.162
50,53,0.0,0.0,0.17
50,54,0.0,0.0,0.176
50,55,0.0,0.0,0.166
50,56,0.0,0.0,0.166
50,57,0.0,0.0,0.172
50,58,0.0,0.0,0.162
50,59,0.0,0.0,0.162
50,6,0.0,0.001,0.131
50,60,0.0,0.0,0.165
50,61,0.0,0.0,0.163
50,62,0.0,0.0,0.159
50,63,0.0,0.001,0.153
50,64,0.0,0.0,0.162
50,65,0.0,0.001,0.148
50,66,0.0,0.001,0.147
50,67,0.0,0.001,0.155
50,68,0.0,0.001,0.155
50,69,0.0,0.0,0.16
50,7,0.0,0.001,0.138
50,70,0.0,0.0,0.173
50,71,0.0,0.0,0.179
50,72,0.0,0.0,0.165
50,73,0.0,0.0,0.174
50,74,0.0,0.0,0.171
50,75,0.0,0.0,0.173
50,76,0.0,0.0,0.176
50,77,0.0,0.0,0.181
50,78,0.0,0.0,0.183
50,79,0.0,0.0,0.193
50,8,0.0,0.0,0.145
50,80,0.0,0.0,0.202
50,81,0.0,0.0,0.204
50,82,0.0,0.0,0.198
50,83,0.0,0.0,0.207
50,84,0.0,0.0,0.193
50,85,0.0,0.0,0.199
50,86,0.0,0.0,0.21
50,87,0.0,0.0,0.209
50,88,0.0,0.0,0.216
50,89,0.0,0.0,0.209
50,9,0.0,0.0,0.139
50,90,0.0,0.0,0.214
50,91,0.0,0.0,0.213
50,92,0.0,0.0,0.222
50,93,0.0,0.0,0.226
50,94,0.0,0.0,0.235
50,95,0.0,0.0,0.235
50,96,0.0,0.0,0.239
50,97,0.0,0.0,0.254
50,98,0.0,0.0,0.257
50,99,0.0,0.0,0.246
51,10,0.001,0.002,0.121
51,100,0.0,0.0,0.243
51,101,0.0,0.0,0.251
51,102,0.0,0.0,0.248
51,103,0.0,0.0,0.248
51,104,0.0,0.0,0.255
51,105,0.0,0.0,0.255
51,106,0.0,0.0,0.267
51,107,0.0,0.0,0.269
51,108,0.0,0.0,0.276
51,109,0.0,0.0,0.271
51,11,0.0,0.001,0.133
51,110,0.0,0.0,0.261
51,111,0.0,0.0,0.293
51,112,0.0,0.0,0.292
51,113,0.0,0.0,0.287
51,114,0.0,0.0,0.293
51,115,0.0,0.0,0.284
51,116,0.0,0.0,0.294
51,117,0.0,0.0,0.304
51,118,0.0,0.0,0.328
51,119,0.0,0.0,0.324
51,12,0.0,0.0,0.139
51,120,0.0,0.0,0.321
51,121,0.0,0.0,0.327
51,122,0.0,0.0,0.325
51,123,0.0,0.0,0.342
51,124,0.0,0.0,0.346
51,125,0.0,0.0,0.344
51,126,0.0,0.0,0.34
51,127,0.0,0.0,0.339
51,128,0.0,0.0,0.337
51,129,0.0,0.0,0.343
51,13,0.0,0.001,0.127
51,130,0.0,0.0,0.331
51,131,0.0,0.0,0.333
51,132,0.0,0.0,0.325
51,133,0.0,0.0,0.34
51,134,0.0,0.0,0.333
51,135,0.0,0.0,0.332
51,136,0.0,0.0,0.335
51,137,0.0,0.0,0.337
51,138,0.0,0.0,0.343
51,139,0.0,0.0,0.335
51,14,0.0,0.001,0.126
51,140,0.0,0.0,0.326
51,141,0.0,0.0,0.316
51,142,0.0,0.0,0.328
51,143,0.0,0.0,0.313
51,144,0.0,0.0,0.312
51,145,0.0,0.0,0.304
51,146,0.0,0.0,0.304
51,147,0.0,0.0,0.285
51,148,0.0,0.0,0.285
51,149,0.0,0.0,0.285
51,15,0.0,0.001,0.132
51,150,0.0,0.0,0.286
51,151,0.0,0.0,0.285
51,152,0.0,0.0,0.272
51,153,0.0,0.0,0.28
51,154,0.0,0.0,0.258
51,155,0.0,0.0,0.266
51,156,0.0,0.0,0.266
51,157,0.0,0.0,0.264
51,158,0.0,0.0,0.261
51,159,0.0,0.0,0.248
51,16,0.0,0.001,0.124
51,160,0.0,0.0,0.256
51,161,0.0,0.0,0.247
51,162,0.0,0.0,0.236
51,163,0.0,0.0,0.24
51,164,0.0,0.0,0.243
51,165,0.0,0.0,0.232
51,166,0.0,0.0,0.238
51,167,0.0,0.0,0.232
51,168,0.0,0.0,0.228
51,169,0.0,0.0,0.222
51,17,0.0,0.0,0.14
51,170,0.0,0.0,0.229
51,171,0.0,0.0,0.228
51,172,0.0,0.0,0.216
51,173,0.0,0.0,0.214
51,174,0.0,0.0,0.212
51,175,0.0,0.0,0.205
51,176,0.0,0.0,0.205
51,177,0.0,0.0,0.209
51,178,0.0,0.0,0.21
51,179,0.0,0.0,0.214
51,18,0.0,0.001,0.13
51,180,0.0,0.0,0.207
51,181,0.0,0.0,0.195
51,182,0.0,0.0,0.201
51,183,0.0,0.0,0.199
51,184,0.0,0.0,0.197
51,185,0.0,0.0,0.193
51,186,0.0,0.0,0.189
51,187,0.0,0.0,0.195
51,188,0.0,0.0,0.208
51,189,0.0,0.0,0.207
51,19,0.0,0.0,0.135
51,190,0.0,0.0,0.209
51,191,0.0,0.0,0.196
51,192,0.0,0.0,0.197
51,193,0.0,0.0,0.196
51,194,0.0,0.0,0.191
51,195,0.0,0.0,0.184
51,196,0.0,0.0,0.175
51,197,0.0,0.0,0.191
51,198,0.0,0.001,0.173
51,199,0.0,0.001,0.173
51,20,0.0,0.0,0.139
51,200,0.0,0.0,0.177
51,201,0.0,0.0,0.189
51,202,0.0,0.0,0.177
51,203,0.0,0.001,0.171
51,204,0.0,0.0,0.182
51,205,0.0,0.001,0.169
51,206,0.0,0.001,0.173
51,207,0.0,0.001,0.163
51,208,0.0,0.001,0.167
51,209,0.0,0.001,0.174
51,21,0.0,0.0,0.143
51,210,0.0,0.001,0.161
51,211,0.001,0.002,0.159
51,212,0.001,0.002,0.157
51,213,0.001,0.002,0.153
51,214,0.001,0.003,0.148
51,215,0.001,0.002,0.155
51,216,0.001,0.002,0.153
51,217,0.001,0.003,0.15
51,218,0.001,0.003,0.15
51,219,0.002,0.004,0.145
51,22,0.0,0.0,0.141
51,220,0.002,0.005,0.143
51,221,0.002,0.005,0.142
51,222,0.001,0.004,0.146
51,223,0.002,0.005,0.142
51,224,0.002,0.006,0.142
51,225,0.002,0.006,0.141
51,226,0.001,0.004,0.149
51,227,0.002,0.005,0.145
51,228,0.002,0.005,0.144
51,229,0.003,0.008,0.137
51,23,0.0,0.0,0.141
51,230,0.001,0.004,0.149
51,231,0.002,0.005,0.147
51,232,0.002,0.004,0.149
51,233,0.002,0.006,0.144
51,234,0.003,0.007,0.142
51,235,0.001,0.003,0.158
51,236,0.001,0.004,0.155
51,237,0.001,0.003,0.162
51,238,0.001,0.003,0.163
51,239,0.001,0.002,0.165
51,24,0.0,0.0,0.154
51,240,0.0,0.001,0.175
51,241,0.001,0.003,0.164
51,242,0.0,0.001,0.176
51,243,0.0,0.001,0.184
51,244,0.0,0.001,0.189
51,245,0.0,0.001,0.193
51,246,0.0,0.0,0.205
51,247,0.0,0.0,0.209
51,248,0.0,0.0,0.218
51,249,0.0,0.0,0.224
51,25,0.0,0.0,0.153
51,250,0.0,0.001,0.214
51,251,0.0,0.001,0.219
51,26,0.0,0.0,0.156
51,27,0.0,0.0,0.152
51,28,0.0,0.0,0.16
51,29,0.0,0.0,0.152
51,30,0.0,0.0,0.154
51,31,0.0,0.0,0.155
51,32,0.0,0.0,0.155
51,33,0.0,0.0,0.151
51,34,0.0,0.0,0.166
51,35,0.0,0.0,0.152
51,36,0.0,0.0,0.152
51,37,0.0,0.0,0.16
51,38,0.0,0.0,0.146
51,39,0.0,0.0,0.148
51,40,0.0,0.0,0.152
51,41,0.0,0.0,0.15
51,42,0.0,0.001,0.143
51,43,0.0,0.001,0.145
51,44,0.0,0.0,0.16
51,45,0.0,0.0,0.157
51,46,0.0,0.0,0.15
51,47,0.0,0.0,0.153
51,48,0.0,0.001,0.145
51,49,0.0,0.001,0.143
51,50,0.0,0.001,0.152
51,51,0.0,0.0,0.159
51,52,0.0,0.0,0.154
51,53,0.0,0.001,0.154
51,54,0.0,0.001,0.148
51,55,0.0,0.0,0.158
51,56,0.0,0.0,0.159
51,57,0.0,0.001,0.147
51,58,0.0,0.001,0.149
51,59,0.0,0.001,0.148
51,6,0.0,0.001,0.135
51,60,0.0,0.001,0.148
51,61,0.0,0.001,0.155
51,62,0.0,0.0,0.167
51,63,0.0,0.0,0.163
51,64,0.0,0.0,0.162
51,65,0.0,0.0,0.165
51,66,0.0,0.001,0.159
51,67,0.0,0.0,0.173
51,68,0.0,0.0,0.165
51,69,0.0,0.0,0.169
51,7,0.0,0.001,0.131
51,70,0.0,0.0,0.184
51,71,0.0,0.0,0.188
51,72,0.0,0.0,0.179
51,73,0.0,0.0,0.18
51,74,0.0,0.0,0.196
51,75,0.0,0.0,0.192
51,76,0.0,0.0,0.207
51,77,0.0,0.0,0.202
51,78,0.0,0.0,0.195
51,79,0.0,0.0,0.201
51,8,0.0,0.001,0.137
51,80,0.0,0.0,0.201
51,81,0.0,0.0,0.194
51,82,0.0,0.0,0.188
51,83,0.0,0.0,0.2
51,84,0.0,0.0,0.204
51,85,0.0,0.0,0.203
51,86,0.0,0.0,0.21
51,87,0.0,0.0,0.211
51,88,0.0,0.0,0.223
51,89,0.0,0.0,0.222
51,9,0.001,0.002,0.124
51,90,0.0,0.0,0.234
51,91,0.0,0.0,0.238
51,92,0.0,0.0,0.227
51,93,0.0,0.0,0.229
51,94,0.0,0.0,0.232
51,95,0.0,0.0,0.232
51,96,0.0,0.0,0.231
51,97,0.0,0.0,0.233
51,98,0.0,0.0,0.244
51,99,0.0,0.0,0.243
52,10,0.0,0.001,0.132
52,100,0.0,0.0,0.257
52,101,0.0,0.0,0.263
52,102,0.0,0.0,0.273
52,103,0.0,0.0,0.267
52,104,0.0,0.0,0.263
52,105,0.0,0.0,0.258
52,106,0.0,0.0,0.264
52,107,0.0,0.0,0.285
52,108,0.0,0.0,0.277
52,109,0.0,0.0,0.282
52,11,0.001,0.002,0.123
52,110,0.0,0.0,0.282
52,111,0.0,0.0,0.285
52,112,0.0,0.0,0.29
52,113,0.0,0.0,0.303
52,114,0.0,0.0,0.303
52,115,0.0,0.0,0.309
52,116,0.0,0.0,0.306
52,117,0.0,0.0,0.3
52,118,0.0,0.0,0.316
52,119,0.0,0.0,0.323
52,12,0.001,0.002,0.123
52,120,0.0,0.0,0.326
52,121,0.0,0.0,0.336
52,122,0.0,0.0,0.35
52,123,0.0,0.0,0.355
52,124,0.0,0.0,0.352
52,125,0.0,0.0,0.359
52,126,0.0,0.0,0.353
52,127,0.0,0.0,0.364
52,128,0.0,0.0,0.371
52,129,0.0,0.0,0.367
52,13,0.0,0.001,0.134
52,130,0.0,0.0,0.364
52,131,0.0,0.0,0.361
52,132,0.0,0.0,0.351
52,133,0.0,0.0,0.338
52,134,0.0,0.0,0.353
52,135,0.0,0.0,0.361
52,136,0.0,0.0,0.363
52,137,0.0,0.0,0.35
52,138,0.0,0.0,0.334
52,139,0.0,0.0,0.341
52,14,0.0,0.0,0.141
52,140,0.0,0.0,0.344
52,141,0.0,0.0,0.338
52,142,0.0,0.0,0.321
52,143,0.0,0.0,0.323
52,144,0.0,0.0,0.323
52,145,0.0,0.0,0.309
52,146,0.0,0.0,0.306
52,147,0.0,0.0,0.307
52,148,0.0,0.0,0.308
52,149,0.0,0.0,0.304
52,15,0.0,0.0,0.148
52,150,0.0,0.0,0.305
52,151,0.0,0.0,0.303
52,152,0.0,0.0,0.29
52,153,0.0,0.0,0.287
52,154,0.0,0.0,0.283
52,155,0.0,0.0,0.278
52,156,0.0,0.0,0.275
52,157,0.0,0.0,0.27
52,158,0.0,0.0,0.262
52,159,0.0,0.0,0.264
52,16,0.0,0.001,0.127
52,160,0.0,0.0,0.25
52,161,0.0,0.0,0.254
52,162,0.0,0.0,0.247
52,163,0.0,0.0,0.247
52,164,0.0,0.0,0.237
52,165,0.0,0.0,0.235
52,166,0.0,0.0,0.247
52,167,0.0,0.0,0.23
52,168,0.0,0.0,0.243
52,169,0.0,0.0,0.235
52,17,0.0,0.0,0.138
52,170,0.0,0.0,0.23
52,171,0.0,0.0,0.241
52,172,0.0,0.0,0.235
52,173,0.0,0.0,0.22
52,174,0.0,0.0,0.216
52,175,0.0,0.0,0.226
52,176,0.0,0.0,0.212
52,177,0.0,0.0,0.202
52,178,0.0,0.0,0.205
52,179,0.0,0.0,0.218
52,18,0.0,0.0,0.142
52,180,0.0,0.0,0.216
52,181,0.0,0.0,0.22
52,182,0.0,0.0,0.204
52,183,0.0,0.0,0.21
52,184,0.0,0.0,0.212
52,185,0.0,0.0,0.203
52,186,0.0,0.0,0.198
52,187,0.0,0.0,0.194
52,188,0.0,0.0,0.197
52,189,0.0,0.0,0.185
52,19,0.0,0.0,0.147
52,190,0.0,0.0,0.196
52,191,0.0,0.0,0.185
52,192,0.0,0.0,0.183
52,193,0.0,0.0,0.185
52,194,0.0,0.0,0.192
52,195,0.0,0.0,0.174
52,196,0.0,0.001,0.166
52,197,0.0,0.0,0.175
52,198,0.0,0.0,0.182
52,199,0.0,0.001,0.171
52,20,0.0,0.0,0.147
52,200,0.0,0.0,0.182
52,201,0.0,0.001,0.167
52,202,0.0,0.001,0.168
52,203,0.0,0.001,0.17
52,204,0.0,0.0,0.18
52,205,0.0,0.001,0.162
52,206,0.0,0.001,0.166
52,207,0.0,0.001,0.168
52,208,0.0,0.001,0.171
52,209,0.0,0.001,0.169
52,21,0.0,0.0,0.145
52,210,0.0,0.001,0.166
52,211,0.0,0.001,0.169
52,212,0.0,0.001,0.166
52,213,0.0,0.001,0.166
52,214,0.0,0.0,0.178
52,215,0.0,0.001,0.162
52,216,0.001,0.002,0.157
52,217,0.001,0.002,0.158
52,218,0.0,0.001,0.16
52,219,0.001,0.002,0.156
52,22,0.0,0.0,0.158
52,220,0.002,0.004,0.145
52,221,0.001,0.004,0.147
52,222,0.002,0.005,0.141
52,223,0.002,0.006,0.139
52,224,0.002,0.004,0.146
52,225,0.002,0.005,0.142
52,226,0.002,0.004,0.145
52,227,0.005,0.011,0.13
52,228,0.004,0.009,0.134
52,229,0.002,0.004,0.148
52,23,0.0,0.0,0.164
52,230,0.001,0.004,0.15
52,231,0.002,0.005,0.146
52,232,0.001,0.002,0.163
52,233,0.001,0.004,0.152
52,234,0.001,0.003,0.155
52,235,0.001,0.002,0.163
52,236,0.0,0.001,0.169
52,237,0.0,0.001,0.176
52,238,0.0,0.001,0.176
52,239,0.0,0.001,0.18
52,24,0.0,0.0,0.157
52,240,0.0,0.001,0.184
52,241,0.0,0.001,0.188
52,242,0.0,0.0,0.201
52,243,0.0,0.0,0.197
52,244,0.0,0.001,0.195
52,245,0.0,0.0,0.205
52,246,0.0,0.0,0.209
52,247,0.0,0.001,0.207
52,248,0.0,0.0,0.217
52,249,0.0,0.0,0.221
52,25,0.0,0.0,0.162
52,250,0.0,0.001,0.211
52,251,0.0,0.001,0.219
52,26,0.0,0.0,0.16
52,27,0.0,0.0,0.167
52,28,0.0,0.0,0.156
52,29,0.0,0.0,0.178
52,30,0.0,0.0,0.173
52,31,0.0,0.0,0.158
52,32,0.0,0.0,0.164
52,33,0.0,0.0,0.181
52,34,0.0,0.0,0.17
52,35,0.0,0.0,0.176
52,36,0.0,0.0,0.158
52,37,0.0,0.0,0.159
52,38,0.0,0.0,0.156
52,39,0.0,0.0,0.169
52,40,0.0,0.0,0.163
52,41,0.0,0.0,0.159
52,42,0.0,0.0,0.164
52,43,0.0,0.0,0.162
52,44,0.0,0.0,0.165
52,45,0.0,0.0,0.157
52,46,0.0,0.0,0.161
52,47,0.0,0.0,0.161
52,48,0.0,0.0,0.167
52,49,0.0,0.0,0.168
52,50,0.0,0.0,0.156
52,51,0.0,0.0,0.163
52,52,0.0,0.0,0.167
52,53,0.0,0.0,0.165
52,54,0.0,0.0,0.176
52,55,0.0,0.0,0.17
52,56,0.0,0.0,0.174
52,57,0.0,0.0,0.177
52,58,0.0,0.0,0.161
52,59,0.0,0.0,0.162
52,6,0.001,0.003,0.12
52,60,0.0,0.0,0.167
52,61,0.0,0.0,0.186
52,62,0.0,0.0,0.18
52,63,0.0,0.0,0.176
52,64,0.0,0.0,0.174
52,65,0.0,0.0,0.165
52,66,0.0,0.0,0.165
52,67,0.0,0.0,0.164
52,68,0.0,0.0,0.172
52,69,0.0,0.0,0.17
52,7,0.001,0.003,0.119
52,70,0.0,0.0,0.176
52,71,0.0,0.0,0.183
52,72,0.0,0.0,0.186
52,73,0.0,0.0,0.193
52,74,0.0,0.0,0.179
52,75,0.0,0.0,0.192
52,76,0.0,0.0,0.193
52,77,0.0,0.0,0.209
52,78,0.0,0.0,0.203
52,79,0.0,0.0,0.214
52,8,0.001,0.002,0.126
52,80,0.0,0.0,0.212
52,81,0.0,0.0,0.208
52,82,0.0,0.0,0.212
52,83,0.0,0.0,0.217
52,84,0.0,0.0,0.214
52,85,0.0,0.0,0.213
52,86,0.0,0.0,0.218
52,87,0.0,0.0,0.224
52,88,0.0,0.0,0.236
52,89,0.0,0.0,0.234
52,9,0.0,0.001,0.13
52,90,0.0,0.0,0.233
52,91,0.0,0.0,0.227
52,92,0.0,0.0,0.236
52,93,0.0,0.0,0.239
52,94,0.0,0.0,0.248
52,95,0.0,0.0,0.26
52,96,0.0,0.0,0.27
52,97,0.0,0.0,0.275
52,98,0.0,0.0,0.26
52,99,0.0,0.0,0.255
53,10,0.0,0.0,0.142
53,100,0.0,0.0,0.257
53,101,0.0,0.0,0.255
53,102,0.0,0.0,0.252
53,103,0.0,0.0,0.242
53,104,0.0,0.0,0.252
53,105,0.0,0.0,0.259
53,106,0.0,0.0,0.263
53,107,0.0,0.0,0.261
53,108,0.0,0.0,0.266
53,109,0.0,0.0,0.287
53,11,0.0,0.0,0.152
53,110,0.0,0.0,0.294
53,111,0.0,0.0,0.298
53,112,0.0,0.0,0.301
53,113,0.0,0.0,0.305
53,114,0.0,0.0,0.316
53,115,0.0,0.0,0.319
53,116,0.0,0.0,0.317
53,117,0.0,0.0,0.337
53,118,0.0,0.0,0.334
53,119,0.0,0.0,0.339
53,12,0.0,0.0,0.146
53,120,0.0,0.0,0.338
53,121,0.0,0.0,0.35
53,122,0.0,0.0,0.352
53,123,0.0,0.0,0.362
53,124,0.0,0.0,0.362
53,125,0.0,0.0,0.359
53,126,0.0,0.0,0.36
53,127,0.0,0.0,0.365
53,128,0.0,0.0,0.37
53,129,0.0,0.0,0.379
53,13,0.0,0.001,0.128
53,130,0.0,0.0,0.373
53,131,0.0,0.0,0.376
53,132,0.0,0.0,0.361
53,133,0.0,0.0,0.344
53,134,0.0,0.0,0.355
53,135,0.0,0.0,0.346
53,136,0.0,0.0,0.352
53,137,0.0,0.0,0.345
53,138,0.0,0.0,0.341
53,139,0.0,0.0,0.327
53,14,0.0,0.0,0.137
53,140,0.0,0.0,0.338
53,141,0.0,0.0,0.329
53,142,0.0,0.0,0.333
53,143,0.0,0.0,0.323
53,144,0.0,0.0,0.324
53,145,0.0,0.0,0.313
53,146,0.0,0.0,0.307
53,147,0.0,0.0,0.313
53,148,0.0,0.0,0.305
53,149,0.0,0.0,0.307
53,15,0.0,0.0,0.147
53,150,0.0,0.0,0.301
53,151,0.0,0.0,0.289
53,152,0.0,0.0,0.282
53,153,0.0,0.0,0.288
53,154,0.0,0.0,0.288
53,155,0.0,0.0,0.28
53,156,0.0,0.0,0.263
53,157,0.0,0.0,0.261
53,158,0.0,0.0,0.264
53,159,0.0,0.0,0.268
53,16,0.0,0.0,0.147
53,160,0.0,0.0,0.258
53,161,0.0,0.0,0.247
53,162,0.0,0.0,0.253
53,163,0.0,0.0,0.246
53,164,0.0,0.0,0.242
53,165,0.0,0.0,0.257
53,166,0.0,0.0,0.252
53,167,0.0,0.0,0.236
53,168,0.0,0.0,0.24
53,169,0.0,0.0,0.233
53,17,0.0,0.0,0.137
53,170,0.0,0.0,0.225
53,171,0.0,0.0,0.237
53,172,0.0,0.0,0.227
53,173,0.0,0.0,0.227
53,174,0.0,0.0,0.238
53,175,0.0,0.0,0.225
53,176,0.0,0.0,0.221
53,177,0.0,0.0,0.217
53,178,0.0,0.0,0.219
53,179,0.0,0.0,0.209
53,18,0.0,0.0,0.153
53,180,0.0,0.0,0.206
53,181,0.0,0.0,0.207
53,182,0.0,0.0,0.199
53,183,0.0,0.0,0.204
53,184,0.0,0.0,0.19
53,185,0.0,0.0,0.195
53,186,0.0,0.0,0.188
53,187,0.0,0.0,0.193
53,188,0.0,0.0,0.198
53,189,0.0,0.0,0.184
53,19,0.0,0.0,0.164
53,190,0.0,0.0,0.19
53,191,0.0,0.0,0.19
53,192,0.0,0.0,0.201
53,193,0.0,0.0,0.193
53,194,0.0,0.0,0.189
53,195,0.0,0.0,0.183
53,196,0.0,0.0,0.189
53,197,0.0,0.0,0.18
53,198,0.0,0.001,0.168
53,199,0.0,0.001,0.164
53,20,0.0,0.0,0.159
53,200,0.0,0.002,0.16
53,201,0.0,0.001,0.167
53,202,0.0,0.001,0.166
53,203,0.0,0.0,0.177
53,204,0.0,0.001,0.168
53,205,0.0,0.001,0.165
53,206,0.001,0.002,0.158
53,207,0.001,0.002,0.158
53,208,0.0,0.001,0.166
53,209,0.0,0.001,0.167
53,21,0.0,0.0,0.145
53,210,0.0,0.002,0.159
53,211,0.0,0.001,0.16
53,212,0.001,0.002,0.155
53,213,0.001,0.002,0.155
53,214,0.0,0.001,0.16
53,215,0.001,0.003,0.152
53,216,0.001,0.003,0.148
53,217,0.001,0.003,0.15
53,218,0.002,0.004,0.145
53,219,0.002,0.005,0.144
53,22,0.0,0.0,0.15
53,220,0.005,0.011,0.129
53,221,0.003,0.008,0.135
53,222,0.001,0.003,0.148
53,223,0.001,0.003,0.149
53,224,0.002,0.006,0.141
53,225,0.003,0.006,0.14
53,226,0.001,0.002,0.157
53,227,0.001,0.004,0.148
53,228,0.001,0.003,0.152
53,229,0.003,0.007,0.141
53,23,0.0,0.0,0.151
53,230,0.001,0.004,0.151
53,231,0.001,0.002,0.158
53,232,0.001,0.002,0.164
53,233,0.001,0.003,0.156
53,234,0.001,0.004,0.151
53,235,0.001,0.002,0.161
53,236,0.001,0.003,0.159
53,237,0.004,0.009,0.14
53,238,0.001,0.003,0.159
53,239,0.002,0.006,0.149
53,24,0.0,0.0,0.16
53,240,0.001,0.002,0.168
53,241,0.0,0.001,0.184
53,242,0.0,0.001,0.176
53,243,0.0,0.001,0.18
53,244,0.0,0.001,0.183
53,245,0.0,0.0,0.206
53,246,0.0,0.001,0.199
53,247,0.0,0.0,0.215
53,248,0.0,0.0,0.212
53,249,0.0,0.0,0.224
53,25,0.0,0.0,0.157
53,250,0.0,0.001,0.215
53,251,0.0,0.0,0.232
53,26,0.0,0.0,0.153
53,27,0.0,0.0,0.153
53,28,0.0,0.0,0.162
53,29,0.0,0.0,0.152
53,30,0.0,0.0,0.15
53,31,0.0,0.0,0.168
53,32,0.0,0.0,0.152
53,33,0.0,0.0,0.152
53,34,0.0,0.0,0.145
53,35,0.0,0.0,0.144
53,36,0.0,0.0,0.146
53,37,0.0,0.0,0.152
53,38,0.0,0.001,0.143
53,39,0.0,0.0,0.15
53,40,0.0,0.001,0.144
53,41,0.0,0.0,0.148
53,42,0.0,0.0,0.157
53,43,0.0,0.0,0.159
53,44,0.0,0.001,0.141
53,45,0.0,0.001,0.149
53,46,0.0,0.0,0.163
53,47,0.0,0.0,0.157
53,48,0.0,0.0,0.16
53,49,0.0,0.0,0.159
53,50,0.0,0.0,0.162
53,51,0.0,0.0,0.164
53,52,0.0,0.0,0.163
53,53,0.0,0.001,0.155
53,54,0.0,0.001,0.147
53,55,0.0,0.0,0.158
53,56,0.0,0.0,0.157
53,57,0.0,0.0,0.17
53,58,0.0,0.0,0.168
53,59,0.0,0.001,0.148
53,6,0.0,0.0,0.148
53,60,0.0,0.0,0.159
53,61,0.0,0.0,0.169
53,62,0.0,0.0,0.165
53,63,0.0,0.0,0.162
53,64,0.0,0.0,0.162
53,65,0.0,0.001,0.155
53,66,0.0,0.0,0.171
53,67,0.0,0.0,0.171
53,68,0.0,0.0,0.165
53,69,0.0,0.0,0.171
53,7,0.0,0.0,0.161
53,70,0.0,0.0,0.174
53,71,0.0,0.0,0.175
53,72,0.0,0.0,0.183
53,73,0.0,0.0,0.171
53,74,0.0,0.0,0.182
53,75,0.0,0.0,0.182
53,76,0.0,0.0,0.182
53,77,0.0,0.0,0.19
53,78,0.0,0.0,0.181
53,79,0.0,0.0,0.188
53,8,0.0,0.0,0.15
53,80,0.0,0.0,0.2
53,81,0.0,0.0,0.194
53,82,0.0,0.0,0.192
53,83,0.0,0.0,0.208
53,84,0.0,0.0,0.209
53,85,0.0,0.0,0.206
53,86,0.0,0.0,0.213
53,87,0.0,0.0,0.207
53,88,0.0,0.0,0.224
53,89,0.0,0.0,0.228
53,9,0.0,0.0,0.148
53,90,0.0,0.0,0.228
53,91,0.0,0.0,0.236
53,92,0.0,0.0,0.241
53,93,0.0,0.0,0.239
53,94,0.0,0.0,0.232
53,95,0.0,0.0,0.23
53,96,0.0,0.0,0.242
53,97,0.0,0.0,0.243
53,98,0.0,0.0,0.247
53,99,0.0,0.0,0.258
54,10,0.0,0.001,0.129
54,100,0.0,0.0,0.258
54,101,0.0,0.0,0.25
54,102,0.0,0.0,0.255
54,103,0.0,0.0,0.268
54,104,0.0,0.0,0.269
54,105,0.0,0.0,0.273
54,106,0.0,0.0,0.257
54,107,0.0,0.0,0.267
54,108,0.0,0.0,0.288
54,109,0.0,0.0,0.285
54,11,0.004,0.01,0.102
54,110,0.0,0.0,0.284
54,111,0.0,0.0,0.284
54,112,0.0,0.0,0.284
54,113,0.0,0.0,0.296
54,114,0.0,0.0,0.304
54,115,0.0,0.0,0.302
54,116,0.0,0.0,0.308
54,117,0.0,0.0,0.316
54,118,0.0,0.0,0.329
54,119,0.0,0.0,0.331
54,12,0.0,0.001,0.129
54,120,0.0,0.0,0.33
54,121,0.0,0.0,0.33
54,122,0.0,0.0,0.352
54,123,0.0,0.0,0.355
54,124,0.0,0.0,0.35
54,125,0.0,0.0,0.347
54,126,0.0,0.0,0.353
54,127,0.0,0.0,0.364
54,128,0.0,0.0,0.355
54,129,0.0,0.0,0.347
54,13,0.0,0.001,0.125
54,130,0.0,0.0,0.35
54,131,0.0,0.0,0.354
54,132,0.0,0.0,0.368
54,133,0.0,0.0,0.357
54,134,0.0,0.0,0.348
54,135,0.0,0.0,0.354
54,136,0.0,0.0,0.347
54,137,0.0,0.0,0.349
54,138,0.0,0.0,0.343
54,139,0.0,0.0,0.337
54,14,0.001,0.002,0.122
54,140,0.0,0.0,0.339
54,141,0.0,0.0,0.33
54,142,0.0,0.0,0.325
54,143,0.0,0.0,0.322
54,144,0.0,0.0,0.315
54,145,0.0,0.0,0.318
54,146,0.0,0.0,0.322
54,147,0.0,0.0,0.321
54,148,0.0,0.0,0.309
54,149,0.0,0.0,0.302
54,15,0.001,0.002,0.119
54,150,0.0,0.0,0.3
54,151,0.0,0.0,0.301
54,152,0.0,0.0,0.293
54,153,0.0,0.0,0.291
54,154,0.0,0.0,0.282
54,155,0.0,0.0,0.28
54,156,0.0,0.0,0.28
54,157,0.0,0.0,0.272
54,158,0.0,0.0,0.261
54,159,0.0,0.0,0.255
54,16,0.0,0.001,0.13
54,160,0.0,0.0,0.254
54,161,0.0,0.0,0.256
54,162,0.0,0.0,0.243
54,163,0.0,0.0,0.24
54,164,0.0,0.0,0.242
54,165,0.0,0.0,0.231
54,166,0.0,0.0,0.236
54,167,0.0,0.0,0.244
54,168,0.0,0.0,0.227
54,169,0.0,0.0,0.224
54,17,0.0,0.0,0.139
54,170,0.0,0.0,0.228
54,171,0.0,0.0,0.225
54,172,0.0,0.0,0.238
54,173,0.0,0.0,0.23
54,174,0.0,0.0,0.223
54,175,0.0,0.0,0.223
54,176,0.0,0.0,0.225
54,177,0.0,0.0,0.224
54,178,0.0,0.0,0.217
54,179,0.0,0.0,0.21
54,18,0.0,0.0,0.138
54,180,0.0,0.0,0.217
54,181,0.0,0.0,0.224
54,182,0.0,0.0,0.216
54,183,0.0,0.0,0.215
54,184,0.0,0.0,0.219
54,185,0.0,0.0,0.218
54,186,0.0,0.0,0.2
54,187,0.0,0.0,0.205
54,188,0.0,0.0,0.197
54,189,0.0,0.0,0.201
54,19,0.0,0.0,0.137
54,190,0.0,0.0,0.191
54,191,0.0,0.0,0.187
54,192,0.0,0.0,0.191
54,193,0.0,0.0,0.188
54,194,0.0,0.0,0.177
54,195,0.0,0.001,0.172
54,196,0.0,0.001,0.167
54,197,0.0,0.001,0.172
54,198,0.0,0.0,0.183
54,199,0.0,0.0,0.181
54,20,0.0,0.0,0.14
54,200,0.0,0.0,0.182
54,201,0.0,0.0,0.182
54,202,0.0,0.001,0.17
54,203,0.0,0.0,0.176
54,204,0.0,0.0,0.183
54,205,0.001,0.002,0.153
54,206,0.0,0.001,0.164
54,207,0.0,0.002,0.159
54,208,0.0,0.001,0.164
54,209,0.0,0.001,0.163
54,21,0.0,0.0,0.139
54,210,0.0,0.002,0.16
54,211,0.0,0.001,0.161
54,212,0.001,0.003,0.15
54,213,0.001,0.004,0.146
54,214,0.002,0.006,0.139
54,215,0.002,0.004,0.143
54,216,0.003,0.007,0.136
54,217,0.002,0.006,0.138
54,218,0.001,0.004,0.146
54,219,0.002,0.006,0.139
54,22,0.0,0.001,0.136
54,220,0.001,0.003,0.147
54,221,0.002,0.004,0.144
54,222,0.001,0.003,0.15
54,223,0.002,0.005,0.142
54,224,0.003,0.007,0.136
54,225,0.001,0.004,0.146
54,226,0.002,0.005,0.142
54,227,0.004,0.009,0.134
54,228,0.003,0.007,0.138
54,229,0.002,0.006,0.142
54,23,0.0,0.0,0.154
54,230,0.001,0.003,0.152
54,231,0.002,0.004,0.148
54,232,0.007,0.016,0.126
54,233,0.003,0.007,0.141
54,234,0.001,0.004,0.152
54,235,0.003,0.007,0.143
54,236,0.001,0.003,0.155
54,237,0.001,0.004,0.153
54,238,0.002,0.005,0.152
54,239,0.001,0.002,0.164
54,24,0.0,0.0,0.145
54,240,0.001,0.003,0.162
54,241,0.001,0.002,0.169
54,242,0.0,0.001,0.184
54,243,0.0,0.001,0.189
54,244,0.0,0.001,0.191
54,245,0.0,0.001,0.192
54,246,0.0,0.0,0.21
54,247,0.0,0.0,0.212
54,248,0.0,0.0,0.22
54,249,0.0,0.0,0.216
54,25,0.0,0.0,0.144
54,250,0.0,0.001,0.207
54,251,0.0,0.001,0.213
54,26,0.0,0.0,0.157
54,27,0.0,0.0,0.156
54,28,0.0,0.0,0.155
54,29,0.0,0.0,0.148
54,30,0.0,0.0,0.162
54,31,0.0,0.0,0.149
54,32,0.0,0.0,0.15
54,33,0.0,0.0,0.154
54,34,0.0,0.0,0.152
54,35,0.0,0.0,0.153
54,36,0.0,0.001,0.137
54,37,0.0,0.001,0.142
54,38,0.0,0.001,0.138
54,39,0.0,0.0,0.151
54,40,0.0,0.0,0.15
54,41,0.001,0.002,0.13
54,42,0.0,0.001,0.149
54,43,0.0,0.0,0.155
54,44,0.0,0.0,0.151
54,45,0.0,0.0,0.157
54,46,0.0,0.0,0.155
54,47,0.0,0.0,0.155
54,48,0.0,0.0,0.163
54,49,0.0,0.001,0.152
54,50,0.0,0.0,0.16
54,51,0.0,0.0,0.16
54,52,0.0,0.001,0.153
54,53,0.0,0.001,0.15
54,54,0.0,0.001,0.146
54,55,0.0,0.001,0.146
54,56,0.0,0.001,0.15
54,57,0.0,0.001,0.145
54,58,0.0,0.0,0.159
54,59,0.0,0.0,0.164
54,6,0.002,0.005,0.117
54,60,0.0,0.001,0.154
54,61,0.0,0.0,0.162
54,62,0.0,0.001,0.159
54,63,0.0,0.0,0.165
54,64,0.0,0.0,0.173
54,65,0.0,0.0,0.178
54,66,0.0,0.0,0.173
54,67,0.0,0.0,0.175
54,68,0.0,0.0,0.167
54,69,0.0,0.0,0.176
54,7,0.001,0.002,0.128
54,70,0.0,0.0,0.178
54,71,0.0,0.0,0.179
54,72,0.0,0.0,0.193
54,73,0.0,0.0,0.186
54,74,0.0,0.0,0.187
54,75,0.0,0.0,0.185
54,76,0.0,0.0,0.186
54,77,0.0,0.0,0.195
54,78,0.0,0.0,0.203
54,79,0.0,0.0,0.196
54,8,0.003,0.008,0.108
54,80,0.0,0.0,0.202
54,81,0.0,0.0,0.205
54,82,0.0,0.0,0.197
54,83,0.0,0.0,0.197
54,84,0.0,0.0,0.2
54,85,0.0,0.0,0.219
54,86,0.0,0.0,0.234
54,87,0.0,0.0,0.214
54,88,0.0,0.0,0.221
54,89,0.0,0.0,0.224
54,9,0.001,0.003,0.12
54,90,0.0,0.0,0.224
54,91,0.0,0.0,0.222
54,92,0.0,0.0,0.227
54,93,0.0,0.0,0.226
54,94,0.0,0.0,0.24
54,95,0.0,0.0,0.252
54,96,0.0,0.0,0.243
54,97,0.0,0.0,0.25
54,98,0.0,0.0,0.258
54,99,0.0,0.0,0.24
55,10,0.001,0.002,0.125
55,100,0.0,0.0,0.262
55,101,0.0,0.0,0.273
55,102,0.0,0.0,0.269
55,103,0.0,0.0,0.276
55,104,0.0,0.0,0.271
55,105,0.0,0.0,0.279
55,106,0.0,0.0,0.282
55,107,0.0,0.0,0.279
55,108,0.0,0.0,0.28
55,109,0.0,0.0,0.292
55,11,0.0,0.002,0.127
55,110,0.0,0.0,0.297
55,111,0.0,0.0,0.289
55,112,0.0,0.0,0.294
55,113,0.0,0.0,0.305
55,114,0.0,0.0,0.302
55,115,0.0,0.0,0.311
55,116,0.0,0.0,0.319
55,117,0.0,0.0,0.335
55,118,0.0,0.0,0.328
55,119,0.0,0.0,0.339
55,12,0.0,0.0,0.141
55,120,0.0,0.0,0.353
55,121,0.0,0.0,0.349
55,122,0.0,0.0,0.353
55,123,0.0,0.0,0.348
55,124,0.0,0.0,0.359
55,125,0.0,0.0,0.36
55,126,0.0,0.0,0.367
55,127,0.0,0.0,0.371
55,128,0.0,0.0,0.372
55,129,0.0,0.0,0.37
55,13,0.0,0.0,0.139
55,130,0.0,0.0,0.364
55,131,0.0,0.0,0.366
55,132,0.0,0.0,0.363
55,133,0.0,0.0,0.383
55,134,0.0,0.0,0.366
55,135,0.0,0.0,0.37
55,136,0.0,0.0,0.362
55,137,0.0,0.0,0.347
55,138,0.0,0.0,0.343
55,139,0.0,0.0,0.342
55,14,0.0,0.001,0.135
55,140,0.0,0.0,0.353
55,141,0.0,0.0,0.333
55,142,0.0,0.0,0.334
55,143,0.0,0.0,0.331
55,144,0.0,0.0,0.323
55,145,0.0,0.0,0.32
55,146,0.0,0.0,0.329
55,147,0.0,0.0,0.317
55,148,0.0,0.0,0.329
55,149,0.0,0.0,0.304
55,15,0.0,0.0,0.143
55,150,0.0,0.0,0.304
55,151,0.0,0.0,0.314
55,152,0.0,0.0,0.297
55,153,0.0,0.0,0.288
55,154,0.0,0.0,0.29
55,155,0.0,0.0,0.285
55,156,0.0,0.0,0.28
55,157,0.0,0.0,0.27
55,158,0.0,0.0,0.263
55,159,0.0,0.0,0.262
55,16,0.0,0.0,0.139
55,160,0.0,0.0,0.26
55,161,0.0,0.0,0.262
55,162,0.0,0.0,0.258
55,163,0.0,0.0,0.259
55,164,0.0,0.0,0.25
55,165,0.0,0.0,0.233
55,166,0.0,0.0,0.238
55,167,0.0,0.0,0.221
55,168,0.0,0.0,0.23
55,169,0.0,0.0,0.226
55,17,0.0,0.0,0.142
55,170,0.0,0.0,0.225
55,171,0.0,0.0,0.23
55,172,0.0,0.0,0.228
55,173,0.0,0.0,0.231
55,174,0.0,0.0,0.22
55,175,0.0,0.0,0.221
55,176,0.0,0.0,0.215
55,177,0.0,0.0,0.205
55,178,0.0,0.0,0.217
55,179,0.0,0.0,0.219
55,18,0.0,0.0,0.153
55,180,0.0,0.0,0.222
55,181,0.0,0.0,0.217
55,182,0.0,0.0,0.21
55,183,0.0,0.0,0.207
55,184,0.0,0.0,0.197
55,185,0.0,0.0,0.196
55,186,0.0,0.0,0.195
55,187,0.0,0.0,0.198
55,188,0.0,0.0,0.206
55,189,0.0,0.0,0.19
55,19,0.0,0.0,0.157
55,190,0.0,0.0,0.179
55,191,0.0,0.0,0.198
55,192,0.0,0.0,0.197
55,193,0.0,0.0,0.189
55,194,0.0,0.0,0.178
55,195,0.0,0.001,0.172
55,196,0.0,0.0,0.176
55,197,0.0,0.001,0.167
55,198,0.0,0.001,0.163
55,199,0.0,0.001,0.172
55,20,0.0,0.0,0.156
55,200,0.0,0.001,0.171
55,201,0.0,0.0,0.182
55,202,0.0,0.0,0.189
55,203,0.0,0.0,0.175
55,204,0.0,0.0,0.181
55,205,0.0,0.001,0.174
55,206,0.001,0.002,0.158
55,207,0.0,0.001,0.166
55,208,0.0,0.001,0.164
55,209,0.001,0.002,0.158
55,21,0.0,0.0,0.157
55,210,0.001,0.002,0.152
55,211,0.001,0.003,0.149
55,212,0.001,0.003,0.148
55,213,0.001,0.003,0.149
55,214,0.001,0.003,0.148
55,215,0.001,0.004,0.145
55,216,0.002,0.005,0.141
55,217,0.001,0.003,0.147
55,218,0.002,0.005,0.142
55,219,0.001,0.003,0.15
55,22,0.0,0.0,0.158
55,220,0.001,0.002,0.154
55,221,0.004,0.01,0.131
55,222,0.003,0.007,0.137
55,223,0.004,0.009,0.134
55,224,0.003,0.007,0.137
55,225,0.004,0.01,0.132
55,226,0.004,0.01,0.132
55,227,0.002,0.004,0.147
55,228,0.001,0.003,0.153
55,229,0.0,0.001,0.164
55,23,0.0,0.0,0.164
55,230,0.001,0.002,0.157
55,231,0.002,0.005,0.146
55,232,0.001,0.002,0.157
55,233,0.001,0.003,0.156
55,234,0.001,0.002,0.159
55,235,0.001,0.002,0.164
55,236,0.001,0.003,0.156
55,237,0.001,0.003,0.155
55,238,0.002,0.004,0.153
55,239,0.001,0.003,0.162
55,24,0.0,0.0,0.15
55,240,0.0,0.001,0.176
55,241,0.0,0.002,0.173
55,242,0.001,0.002,0.168
55,243,0.001,0.003,0.167
55,244,0.0,0.001,0.18
55,245,0.001,0.002,0.179
55,246,0.0,0.002,0.183
55,247,0.001,0.002,0.182
55,248,0.001,0.002,0.182
55,249,0.001,0.002,0.192
55,25,0.0,0.0,0.16
55,250,0.001,0.003,0.187
55,251,0.001,0.004,0.184
55,26,0.0,0.0,0.153
55,27,0.0,0.0,0.174
55,28,0.0,0.0,0.173
55,29,0.0,0.0,0.168
55,30,0.0,0.0,0.165
55,31,0.0,0.0,0.163
55,32,0.0,0.0,0.164
55,33,0.0,0.0,0.169
55,34,0.0,0.0,0.184
55,35,0.0,0.0,0.172
55,36,0.0,0.0,0.173
55,37,0.0,0.0,0.177
55,38,0.0,0.0,0.155
55,39,0.0,0.0,0.17
55,40,0.0,0.0,0.164
55,41,0.0,0.0,0.168
55,42,0.0,0.0,0.168
55,43,0.0,0.0,0.155
55,44,0.0,0.0,0.161
55,45,0.0,0.0,0.163
55,46,0.0,0.0,0.155
55,47,0.0,0.0,0.153
55,48,0.0,0.0,0.158
55,49,0.0,0.001,0.154
55,50,0.0,0.0,0.16
55,51,0.0,0.0,0.163
55,52,0.0,0.0,0.164
55,53,0.0,0.0,0.16
55,54,0.0,0.001,0.147
55,55,0.0,0.0,0.163
55,56,0.0,0.0,0.161
55,57,0.0,0.001,0.154
55,58,0.0,0.0,0.161
55,59,0.0,0.0,0.164
55,6,0.002,0.004,0.119
55,60,0.0,0.001,0.155
55,61,0.0,0.001,0.156
55,62,0.0,0.001,0.157
55,63,0.0,0.0,0.167
55,64,0.0,0.0,0.161
55,65,0.0,0.0,0.168
55,66,0.0,0.0,0.17
55,67,0.0,0.0,0.165
55,68,0.0,0.0,0.165
55,69,0.0,0.0,0.16
55,7,0.003,0.006,0.113
55,70,0.0,0.0,0.178
55,71,0.0,0.0,0.171
55,72,0.0,0.0,0.185
55,73,0.0,0.0,0.19
55,74,0.0,0.0,0.182
55,75,0.0,0.0,0.175
55,76,0.0,0.0,0.184
55,77,0.0,0.0,0.187
55,78,0.0,0.0,0.177
55,79,0.0,0.0,0.182
55,8,0.003,0.008,0.11
55,80,0.0,0.0,0.2
55,81,0.0,0.0,0.199
55,82,0.0,0.0,0.206
55,83,0.0,0.0,0.198
55,84,0.0,0.0,0.205
55,85,0.0,0.0,0.209
55,86,0.0,0.0,0.217
55,87,0.0,0.0,0.218
55,88,0.0,0.0,0.222
55,89,0.0,0.0,0.22
55,9,0.0,0.001,0.137
55,90,0.0,0.0,0.233
55,91,0.0,0.0,0.233
55,92,0.0,0.0,0.242
55,93,0.0,0.0,0.244
55,94,0.0,0.0,0.252
55,95,0.0,0.0,0.246
55,96,0.0,0.0,0.247
55,97,0.0,0.0,0.263
55,98,0.0,0.0,0.266
55,99,0.0,0.0,0.268
56,10,0.0,0.0,0.145
56,100,0.0,0.0,0.27
56,101,0.0,0.0,0.258
56,102,0.0,0.0,0.28
56,103,0.0,0.0,0.276
56,104,0.0,0.0,0.279
56,105,0.0,0.0,0.284
56,106,0.0,0.0,0.282
56,107,0.0,0.0,0.294
56,108,0.0,0.0,0.278
56,109,0.0,0.0,0.279
56,11,0.0,0.0,0.144
56,110,0.0,0.0,0.285
56,111,0.0,0.0,0.296
56,112,0.0,0.0,0.298
56,113,0.0,0.0,0.305
56,114,0.0,0.0,0.306
56,115,0.0,0.0,0.322
56,116,0.0,0.0,0.328
56,117,0.0,0.0,0.329
56,118,0.0,0.0,0.327
56,119,0.0,0.0,0.334
56,12,0.0,0.001,0.135
56,120,0.0,0.0,0.35
56,121,0.0,0.0,0.355
56,122,0.0,0.0,0.361
56,123,0.0,0.0,0.359
56,124,0.0,0.0,0.369
56,125,0.0,0.0,0.373
56,126,0.0,0.0,0.388
56,127,0.0,0.0,0.376
56,128,0.0,0.0,0.37
56,129,0.0,0.0,0.368
56,13,0.0,0.0,0.144
56,130,0.0,0.0,0.372
56,131,0.0,0.0,0.361
56,132,0.0,0.0,0.382
56,133,0.0,0.0,0.394
56,134,0.0,0.0,0.379
56,135,0.0,0.0,0.379
56,136,0.0,0.0,0.376
56,137,0.0,0.0,0.354
56,138,0.0,0.0,0.352
56,139,0.0,0.0,0.354
56,14,0.0,0.001,0.134
56,140,0.0,0.0,0.364
56,141,0.0,0.0,0.342
56,142,0.0,0.0,0.34
56,143,0.0,0.0,0.335
56,144,0.0,0.0,0.324
56,145,0.0,0.0,0.33
56,146,0.0,0.0,0.32
56,147,0.0,0.0,0.321
56,148,0.0,0.0,0.314
56,149,0.0,0.0,0.309
56,15,0.0,0.0,0.142
56,150,0.0,0.0,0.301
56,151,0.0,0.0,0.311
56,152,0.0,0.0,0.305
56,153,0.0,0.0,0.292
56,154,0.0,0.0,0.292
56,155,0.0,0.0,0.278
56,156,0.0,0.0,0.265
56,157,0.0,0.0,0.278
56,158,0.0,0.0,0.277
56,159,0.0,0.0,0.264
56,16,0.0,0.0,0.145
56,160,0.0,0.0,0.264
56,161,0.0,0.0,0.264
56,162,0.0,0.0,0.261
56,163,0.0,0.0,0.257
56,164,0.0,0.0,0.259
56,165,0.0,0.0,0.24
56,166,0.0,0.0,0.244
56,167,0.0,0.0,0.253
56,168,0.0,0.0,0.246
56,169,0.0,0.0,0.234
56,17,0.0,0.0,0.151
56,170,0.0,0.0,0.23
56,171,0.0,0.0,0.233
56,172,0.0,0.0,0.211
56,173,0.0,0.0,0.218
56,174,0.0,0.0,0.221
56,175,0.0,0.0,0.215
56,176,0.0,0.0,0.22
56,177,0.0,0.0,0.221
56,178,0.0,0.0,0.222
56,179,0.0,0.0,0.221
56,18,0.0,0.001,0.135
56,180,0.0,0.0,0.22
56,181,0.0,0.0,0.211
56,182,0.0,0.0,0.2
56,183,0.0,0.0,0.209
56,184,0.0,0.0,0.204
56,185,0.0,0.0,0.21
56,186,0.0,0.0,0.203
56,187,0.0,0.0,0.191
56,188,0.0,0.0,0.195
56,189,0.0,0.0,0.199
56,19,0.0,0.001,0.136
56,190,0.0,0.0,0.198
56,191,0.0,0.0,0.189
56,192,0.0,0.0,0.184
56,193,0.0,0.0,0.18
56,194,0.0,0.0,0.198
56,195,0.0,0.0,0.195
56,196,0.0,0.0,0.182
56,197,0.0,0.001,0.171
56,198,0.0,0.001,0.165
56,199,0.0,0.001,0.171
56,20,0.0,0.0,0.147
56,200,0.0,0.0,0.177
56,201,0.0,0.0,0.178
56,202,0.0,0.001,0.17
56,203,0.0,0.001,0.173
56,204,0.0,0.001,0.173
56,205,0.0,0.0,0.185
56,206,0.0,0.0,0.189
56,207,0.0,0.001,0.175
56,208,0.0,0.001,0.173
56,209,0.0,0.001,0.166
56,21,0.0,0.0,0.142
56,210,0.0,0.001,0.168
56,211,0.0,0.001,0.171
56,212,0.0,0.001,0.167
56,213,0.0,0.001,0.161
56,214,0.0,0.001,0.164
56,215,0.0,0.001,0.173
56,216,0.001,0.003,0.152
56,217,0.001,0.002,0.155
56,218,0.001,0.002,0.154
56,219,0.001,0.002,0.158
56,22,0.0,0.0,0.139
56,220,0.001,0.002,0.155
56,221,0.001,0.002,0.154
56,222,0.001,0.003,0.152
56,223,0.001,0.003,0.153
56,224,0.0,0.001,0.168
56,225,0.0,0.001,0.166
56,226,0.001,0.003,0.15
56,227,0.001,0.003,0.152
56,228,0.001,0.003,0.153
56,229,0.0,0.001,0.166
56,23,0.0,0.0,0.144
56,230,0.0,0.001,0.175
56,231,0.001,0.003,0.153
56,232,0.0,0.002,0.164
56,233,0.0,0.001,0.165
56,234,0.001,0.003,0.154
56,235,0.0,0.001,0.169
56,236,0.0,0.001,0.168
56,237,0.001,0.002,0.161
56,238,0.0,0.002,0.168
56,239,0.0,0.001,0.176
56,24,0.0,0.001,0.136
56,240,0.0,0.001,0.181
56,241,0.0,0.001,0.18
56,242,0.0,0.001,0.175
56,243,0.001,0.003,0.163
56,244,0.0,0.001,0.18
56,245,0.001,0.002,0.175
56,246,0.001,0.004,0.166
56,247,0.001,0.002,0.177
56,248,0.001,0.003,0.179
56,249,0.001,0.004,0.176
56,25,0.0,0.0,0.146
56,250,0.002,0.004,0.177
56,251,0.004,0.01,0.163
56,26,0.0,0.0,0.147
56,27,0.0,0.0,0.144
56,28,0.0,0.0,0.15
56,29,0.0,0.0,0.144
56,30,0.0,0.0,0.173
56,31,0.0,0.0,0.156
56,32,0.0,0.001,0.144
56,33,0.0,0.0,0.146
56,34,0.0,0.0,0.149
56,35,0.0,0.0,0.155
56,36,0.0,0.001,0.134
56,37,0.0,0.0,0.155
56,38,0.0,0.0,0.156
56,39,0.0,0.0,0.153
56,40,0.0,0.0,0.153
56,41,0.0,0.0,0.153
56,42,0.0,0.001,0.143
56,43,0.0,0.0,0.151
56,44,0.0,0.001,0.15
56,45,0.0,0.0,0.158
56,46,0.0,0.0,0.16
56,47,0.0,0.0,0.159
56,48,0.0,0.0,0.157
56,49,0.0,0.0,0.158
56,50,0.0,0.001,0.155
56,51,0.0,0.0,0.16
56,52,0.0,0.001,0.155
56,53,0.0,0.001,0.153
56,54,0.0,0.001,0.156
56,55,0.0,0.001,0.152
56,56,0.0,0.001,0.154
56,57,0.0,0.001,0.155
56,58,0.0,0.0,0.161
56,59,0.0,0.0,0.164
56,6,0.001,0.002,0.129
56,60,0.0,0.0,0.17
56,61,0.0,0.0,0.17
56,62,0.0,0.0,0.164
56,63,0.0,0.0,0.171
56,64,0.0,0.0,0.173
56,65,0.0,0.0,0.171
56,66,0.0,0.0,0.17
56,67,0.0,0.0,0.175
56,68,0.0,0.0,0.179
56,69,0.0,0.0,0.183
56,7,0.001,0.002,0.129
56,70,0.0,0.0,0.184
56,71,0.0,0.0,0.178
56,72,0.0,0.0,0.173
56,73,0.0,0.0,0.182
56,74,0.0,0.0,0.178
56,75,0.0,0.0,0.192
56,76,0.0,0.0,0.194
56,77,0.0,0.0,0.191
56,78,0.0,0.0,0.189
56,79,0.0,0.0,0.21
56,8,0.0,0.001,0.13
56,80,0.0,0.0,0.202
56,81,0.0,0.0,0.209
56,82,0.0,0.0,0.205
56,83,0.0,0.0,0.206
56,84,0.0,0.0,0.213
56,85,0.0,0.0,0.216
56,86,0.0,0.0,0.218
56,87,0.0,0.0,0.226
56,88,0.0,0.0,0.23
56,89,0.0,0.0,0.225
56,9,0.0,0.0,0.147
56,90,0.0,0.0,0.218
56,91,0.0,0.0,0.219
56,92,0.0,0.0,0.232
56,93,0.0,0.0,0.236
56,94,0.0,0.0,0.237
56,95,0.0,0.0,0.235
56,96,0.0,0.0,0.247
56,97,0.0,0.0,0.264
56,98,0.0,0.0,0.254
56,99,0.0,0.0,0.258
57,10,0.001,0.003,0.12
57,100,0.0,0.0,0.284
57,101,0.0,0.0,0.271
57,102,0.0,0.0,0.275
57,103,0.0,0.0,0.265
57,104,0.0,0.0,0.267
57,105,0.0,0.0,0.285
57,106,0.0,0.0,0.277
57,107,0.0,0.0,0.28
57,108,0.0,0.0,0.282
57,109,0.0,0.0,0.291
57,11,0.001,0.003,0.121
57,110,0.0,0.0,0.299
57,111,0.0,0.0,0.291
57,112,0.0,0.0,0.303
57,113,0.0,0.0,0.296
57,114,0.0,0.0,0.303
57,115,0.0,0.0,0.317
57,116,0.0,0.0,0.318
57,117,0.0,0.0,0.32
57,118,0.0,0.0,0.326
57,119,0.0,0.0,0.319
57,12,0.001,0.002,0.126
57,120,0.0,0.0,0.32
57,121,0.0,0.0,0.325
57,122,0.0,0.0,0.33
57,123,0.0,0.0,0.341
57,124,0.0,0.0,0.333
57,125,0.0,0.0,0.348
57,126,0.0,0.0,0.349
57,127,0.0,0.0,0.342
57,128,0.0,0.0,0.343
57,129,0.0,0.0,0.354
57,13,0.001,0.003,0.12
57,130,0.0,0.0,0.353
57,131,0.0,0.0,0.358
57,132,0.0,0.0,0.354
57,133,0.0,0.0,0.362
57,134,0.0,0.0,0.364
57,135,0.0,0.0,0.363
57,136,0.0,0.0,0.366
57,137,0.0,0.0,0.367
57,138,0.0,0.0,0.369
57,139,0.0,0.0,0.361
57,14,0.0,0.0,0.138
57,140,0.0,0.0,0.36
57,141,0.0,0.0,0.342
57,142,0.0,0.0,0.349
57,143,0.0,0.0,0.333
57,144,0.0,0.0,0.342
57,145,0.0,0.0,0.333
57,146,0.0,0.0,0.335
57,147,0.0,0.0,0.324
57,148,0.0,0.0,0.334
57,149,0.0,0.0,0.317
57,15,0.001,0.002,0.122
57,150,0.0,0.0,0.314
57,151,0.0,0.0,0.311
57,152,0.0,0.0,0.3
57,153,0.0,0.0,0.297
57,154,0.0,0.0,0.288
57,155,0.0,0.0,0.282
57,156,0.0,0.0,0.291
57,157,0.0,0.0,0.295
57,158,0.0,0.0,0.29
57,159,0.0,0.0,0.278
57,16,0.0,0.001,0.131
57,160,0.0,0.0,0.292
57,161,0.0,0.0,0.293
57,162,0.0,0.0,0.264
57,163,0.0,0.0,0.254
57,164,0.0,0.0,0.263
57,165,0.0,0.0,0.261
57,166,0.0,0.0,0.264
57,167,0.0,0.0,0.265
57,168,0.0,0.0,0.261
57,169,0.0,0.0,0.254
57,17,0.0,0.001,0.126
57,170,0.0,0.0,0.247
57,171,0.0,0.0,0.25
57,172,0.0,0.0,0.241
57,173,0.0,0.0,0.229
57,174,0.0,0.0,0.232
57,175,0.0,0.0,0.226
57,176,0.0,0.0,0.226
57,177,0.0,0.0,0.225
57,178,0.0,0.0,0.228
57,179,0.0,0.0,0.234
57,18,0.001,0.002,0.125
57,180,0.0,0.0,0.222
57,181,0.0,0.0,0.229
57,182,0.0,0.0,0.21
57,183,0.0,0.0,0.199
57,184,0.0,0.0,0.203
57,185,0.0,0.0,0.216
57,186,0.0,0.0,0.216
57,187,0.0,0.0,0.198
57,188,0.0,0.0,0.205
57,189,0.0,0.0,0.199
57,19,0.0,0.0,0.141
57,190,0.0,0.0,0.197
57,191,0.0,0.0,0.183
57,192,0.0,0.0,0.196
57,193,0.0,0.0,0.185
57,194,0.0,0.0,0.186
57,195,0.0,0.0,0.192
57,196,0.0,0.0,0.191
57,197,0.0,0.0,0.188
57,198,0.0,0.0,0.178
57,199,0.0,0.0,0.181
57,20,0.0,0.0,0.155
57,200,0.0,0.0,0.178
57,201,0.0,0.0,0.183
57,202,0.0,0.0,0.177
57,203,0.0,0.001,0.164
57,204,0.0,0.001,0.166
57,205,0.0,0.001,0.169
57,206,0.0,0.001,0.161
57,207,0.001,0.002,0.155
57,208,0.0,0.001,0.166
57,209,0.0,0.001,0.17
57,21,0.0,0.0,0.143
57,210,0.0,0.002,0.159
57,211,0.0,0.001,0.162
57,212,0.0,0.001,0.172
57,213,0.0,0.001,0.161
57,214,0.001,0.003,0.147
57,215,0.001,0.003,0.151
57,216,0.0,0.001,0.162
57,217,0.001,0.002,0.155
57,218,0.001,0.003,0.148
57,219,0.001,0.003,0.149
57,22,0.0,0.0,0.145
57,220,0.001,0.002,0.153
57,221,0.001,0.003,0.147
57,222,0.001,0.003,0.151
57,223,0.001,0.002,0.158
57,224,0.002,0.005,0.143
57,225,0.001,0.004,0.148
57,226,0.001,0.002,0.159
57,227,0.0,0.001,0.165
57,228,0.0,0.002,0.161
57,229,0.001,0.002,0.159
57,23,0.0,0.0,0.151
57,230,0.001,0.002,0.155
57,231,0.001,0.003,0.152
57,232,0.002,0.005,0.144
57,233,0.001,0.004,0.15
57,234,0.001,0.003,0.157
57,235,0.001,0.003,0.155
57,236,0.001,0.004,0.154
57,237,0.001,0.002,0.164
57,238,0.0,0.001,0.169
57,239,0.001,0.003,0.161
57,24,0.0,0.0,0.163
57,240,0.0,0.002,0.171
57,241,0.001,0.002,0.17
57,242,0.001,0.002,0.168
57,243,0.001,0.003,0.162
57,244,0.001,0.002,0.175
57,245,0.0,0.001,0.183
57,246,0.0,0.001,0.186
57,247,0.0,0.002,0.184
57,248,0.001,0.003,0.179
57,249,0.001,0.003,0.181
57,25,0.0,0.0,0.149
57,250,0.001,0.002,0.19
57,251,0.002,0.005,0.179
57,26,0.0,0.0,0.154
57,27,0.0,0.0,0.155
57,28,0.0,0.0,0.161
57,29,0.0,0.0,0.162
57,30,0.0,0.0,0.162
57,31,0.0,0.0,0.147
57,32,0.0,0.0,0.157
57,33,0.0,0.0,0.175
57,34,0.0,0.0,0.173
57,35,0.0,0.0,0.163
57,36,0.0,0.0,0.156
57,37,0.0,0.0,0.161
57,38,0.0,0.0,0.162
57,39,0.0,0.0,0.161
57,40,0.0,0.0,0.167
57,41,0.0,0.0,0.165
57,42,0.0,0.0,0.159
57,43,0.0,0.0,0.162
57,44,0.0,0.0,0.165
57,45,0.0,0.0,0.157
57,46,0.0,0.0,0.167
57,47,0.0,0.0,0.176
57,48,0.0,0.0,0.174
57,49,0.0,0.0,0.179
57,50,0.0,0.0,0.169
57,51,0.0,0.0,0.16
57,52,0.0,0.0,0.16
57,53,0.0,0.001,0.15
57,54,0.0,0.0,0.163
57,55,0.0,0.001,0.154
57,56,0.0,0.001,0.157
57,57,0.0,0.0,0.163
57,58,0.0,0.0,0.179
57,59,0.0,0.0,0.175
57,6,0.003,0.008,0.112
57,60,0.0,0.001,0.16
57,61,0.0,0.0,0.165
57,62,0.0,0.0,0.165
57,63,0.0,0.0,0.167
57,64,0.0,0.0,0.163
57,65,0.0,0.0,0.165
57,66,0.0,0.0,0.165
57,67,0.0,0.0,0.174
57,68,0.0,0.0,0.175
57,69,0.0,0.0,0.182
57,7,0.001,0.002,0.129
57,70,0.0,0.0,0.19
57,71,0.0,0.0,0.18
57,72,0.0,0.0,0.182
57,73,0.0,0.0,0.182
57,74,0.0,0.0,0.186
57,75,0.0,0.0,0.191
57,76,0.0,0.0,0.192
57,77,0.0,0.0,0.194
57,78,0.0,0.0,0.194
57,79,0.0,0.0,0.201
57,8,0.002,0.005,0.116
57,80,0.0,0.0,0.197
57,81,0.0,0.0,0.203
57,82,0.0,0.0,0.206
57,83,0.0,0.0,0.209
57,84,0.0,0.0,0.219
57,85,0.0,0.0,0.209
57,86,0.0,0.0,0.207
57,87,0.0,0.0,0.221
57,88,0.0,0.0,0.237
57,89,0.0,0.0,0.236
57,9,0.003,0.006,0.112
57,90,0.0,0.0,0.238
57,91,0.0,0.0,0.241
57,92,0.0,0.0,0.242
57,93,0.0,0.0,0.237
57,94,0.0,0.0,0.245
57,95,0.0,0.0,0.25
57,96,0.0,0.0,0.252
57,97,0.0,0.0,0.252
57,98,0.0,0.0,0.248
57,99,0.0,0.0,0.263
58,10,0.0,0.0,0.171
58,100,0.0,0.0,0.256
58,101,0.0,0.0,0.261
58,102,0.0,0.0,0.275
58,103,0.0,0.0,0.27
58,104,0.0,0.0,0.286
58,105,0.0,0.0,0.294
58,106,0.0,0.0,0.274
58,107,0.0,0.0,0.272
58,108,0.0,0.0,0.297
58,109,0.0,0.0,0.3
58,11,0.0,0.0,0.158
58,110,0.0,0.0,0.302
58,111,0.0,0.0,0.29
58,112,0.0,0.0,0.308
58,113,0.0,0.0,0.283
58,114,0.0,0.0,0.291
58,115,0.0,0.0,0.284
58,116,0.0,0.0,0.291
58,117,0.0,0.0,0.3
58,118,0.0,0.0,0.293
58,119,0.0,0.0,0.295
58,12,0.0,0.0,0.157
58,120,0.0,0.0,0.296
58,121,0.0,0.0,0.295
58,122,0.0,0.0,0.286
58,123,0.0,0.0,0.291
58,124,0.0,0.0,0.291
58,125,0.0,0.0,0.295
58,126,0.0,0.0,0.295
58,127,0.0,0.0,0.298
58,128,0.0,0.0,0.297
58,129,0.0,0.0,0.298
58,13,0.0,0.0,0.155
58,130,0.0,0.0,0.303
58,131,0.0,0.0,0.31
58,132,0.0,0.0,0.31
58,133,0.0,0.0,0.31
58,134,0.0,0.0,0.326
58,135,0.0,0.0,0.325
58,136,0.0,0.0,0.324
58,137,0.0,0.0,0.331
58,138,0.0,0.0,0.324
58,139,0.0,0.0,0.323
58,14,0.0,0.0,0.162
58,140,0.0,0.0,0.32
58,141,0.0,0.0,0.317
58,142,0.0,0.0,0.316
58,143,0.0,0.0,0.314
58,144,0.0,0.0,0.305
58,145,0.0,0.0,0.295
58,146,0.0,0.0,0.304
58,147,0.0,0.0,0.302
58,148,0.0,0.0,0.304
58,149,0.0,0.0,0.294
58,15,0.0,0.0,0.157
58,150,0.0,0.0,0.293
58,151,0.0,0.0,0.295
58,152,0.0,0.0,0.287
58,153,0.0,0.0,0.279
58,154,0.0,0.0,0.274
58,155,0.0,0.0,0.276
58,156,0.0,0.0,0.278
58,157,0.0,0.0,0.274
58,158,0.0,0.0,0.27
58,159,0.0,0.0,0.264
58,16,0.0,0.0,0.146
58,160,0.0,0.0,0.268
58,161,0.0,0.0,0.272
58,162,0.0,0.0,0.264
58,163,0.0,0.0,0.271
58,164,0.0,0.0,0.265
58,165,0.0,0.0,0.256
58,166,0.0,0.0,0.246
58,167,0.0,0.0,0.246
58,168,0.0,0.0,0.247
58,169,0.0,0.0,0.243
58,17,0.0,0.0,0.149
58,170,0.0,0.0,0.238
58,171,0.0,0.0,0.235
58,172,0.0,0.0,0.211
58,173,0.0,0.0,0.213
58,174,0.0,0.0,0.229
58,175,0.0,0.0,0.214
58,176,0.0,0.0,0.213
58,177,0.0,0.0,0.21
58,178,0.0,0.0,0.213
58,179,0.0,0.0,0.213
58,18,0.0,0.0,0.146
58,180,0.0,0.0,0.209
58,181,0.0,0.0,0.211
58,182,0.0,0.0,0.216
58,183,0.0,0.0,0.221
58,184,0.0,0.0,0.205
58,185,0.0,0.0,0.204
58,186,0.0,0.0,0.2
58,187,0.0,0.0,0.201
58,188,0.0,0.0,0.191
58,189,0.0,0.0,0.194
58,19,0.0,0.0,0.155
58,190,0.0,0.0,0.196
58,191,0.0,0.0,0.193
58,192,0.0,0.0,0.191
58,193,0.0,0.0,0.195
58,194,0.0,0.0,0.19
58,195,0.0,0.0,0.186
58,196,0.0,0.0,0.19
58,197,0.0,0.0,0.175
58,198,0.0,0.0,0.192
58,199,0.0,0.0,0.198
58,20,0.0,0.0,0.165
58,200,0.0,0.0,0.176
58,201,0.0,0.001,0.17
58,202,0.0,0.0,0.178
58,203,0.0,0.0,0.177
58,204,0.0,0.001,0.173
58,205,0.0,0.001,0.175
58,206,0.0,0.0,0.176
58,207,0.0,0.001,0.164
58,208,0.0,0.001,0.169
58,209,0.0,0.0,0.177
58,21,0.0,0.0,0.145
58,210,0.001,0.002,0.158
58,211,0.001,0.002,0.158
58,212,0.001,0.002,0.16
58,213,0.0,0.001,0.17
58,214,0.0,0.001,0.162
58,215,0.001,0.002,0.154
58,216,0.001,0.002,0.158
58,217,0.001,0.002,0.157
58,218,0.0,0.002,0.16
58,219,0.001,0.002,0.155
58,22,0.0,0.0,0.142
58,220,0.0,0.002,0.16
58,221,0.001,0.002,0.154
58,222,0.001,0.003,0.148
58,223,0.0,0.001,0.167
58,224,0.0,0.001,0.163
58,225,0.0,0.001,0.165
58,226,0.0,0.001,0.167
58,227,0.0,0.001,0.176
58,228,0.001,0.002,0.161
58,229,0.001,0.003,0.15
58,23,0.0,0.0,0.141
58,230,0.002,0.004,0.146
58,231,0.001,0.002,0.159
58,232,0.001,0.002,0.158
58,233,0.003,0.007,0.141
58,234,0.004,0.009,0.137
58,235,0.001,0.003,0.158
58,236,0.002,0.006,0.145
58,237,0.002,0.004,0.152
58,238,0.001,0.003,0.159
58,239,0.0,0.001,0.172
58,24,0.0,0.001,0.134
58,240,0.0,0.001,0.173
58,241,0.001,0.002,0.168
58,242,0.0,0.001,0.18
58,243,0.0,0.001,0.182
58,244,0.001,0.003,0.168
58,245,0.0,0.001,0.18
58,246,0.0,0.001,0.192
58,247,0.0,0.001,0.198
58,248,0.001,0.002,0.185
58,249,0.0,0.002,0.193
58,25,0.0,0.0,0.157
58,250,0.0,0.001,0.202
58,251,0.0,0.001,0.203
58,26,0.0,0.0,0.154
58,27,0.0,0.0,0.144
58,28,0.0,0.001,0.135
58,29,0.0,0.0,0.144
58,30,0.0,0.001,0.135
58,31,0.0,0.0,0.147
58,32,0.0,0.0,0.147
58,33,0.0,0.0,0.147
58,34,0.0,0.0,0.149
58,35,0.0,0.001,0.145
58,36,0.0,0.001,0.138
58,37,0.0,0.0,0.151
58,38,0.0,0.001,0.147
58,39,0.0,0.0,0.155
58,40,0.0,0.001,0.14
58,41,0.0,0.001,0.148
58,42,0.0,0.001,0.14
58,43,0.0,0.0,0.161
58,44,0.0,0.001,0.148
58,45,0.0,0.001,0.149
58,46,0.0,0.0,0.16
58,47,0.0,0.0,0.173
58,48,0.0,0.0,0.158
58,49,0.0,0.001,0.153
58,50,0.0,0.001,0.157
58,51,0.0,0.001,0.151
58,52,0.0,0.001,0.15
58,53,0.0,0.001,0.154
58,54,0.0,0.0,0.165
58,55,0.0,0.001,0.157
58,56,0.0,0.0,0.16
58,57,0.0,0.001,0.157
58,58,0.0,0.002,0.147
58,59,0.0,0.001,0.152
58,6,0.0,0.0,0.15
58,60,0.0,0.001,0.155
58,61,0.0,0.001,0.149
58,62,0.0,0.001,0.16
58,63,0.0,0.001,0.162
58,64,0.0,0.0,0.167
58,65,0.0,0.0,0.164
58,66,0.0,0.0,0.164
58,67,0.0,0.0,0.183
58,68,0.0,0.0,0.176
58,69,0.0,0.0,0.172
58,7,0.0,0.0,0.154
58,70,0.0,0.0,0.177
58,71,0.0,0.0,0.167
58,72,0.0,0.0,0.183
58,73,0.0,0.0,0.189
58,74,0.0,0.0,0.182
58,75,0.0,0.0,0.186
58,76,0.0,0.0,0.191
58,77,0.0,0.0,0.199
58,78,0.0,0.0,0.206
58,79,0.0,0.0,0.204
58,8,0.0,0.001,0.137
58,80,0.0,0.0,0.2
58,81,0.0,0.0,0.217
58,82,0.0,0.0,0.205
58,83,0.0,0.0,0.219
58,84,0.0,0.0,0.218
58,85,0.0,0.0,0.217
58,86,0.0,0.0,0.225
58,87,0.0,0.0,0.225
58,88,0.0,0.0,0.226
58,89,0.0,0.0,0.226
58,9,0.0,0.0,0.159
58,90,0.0,0.0,0.232
58,91,0.0,0.0,0.228
58,92,0.0,0.0,0.237
58,93,0.0,0.0,0.237
58,94,0.0,0.0,0.239
58,95,0.0,0.0,0.249
58,96,0.0,0.0,0.25
58,97,0.0,0.0,0.254
58,98,0.0,0.0,0.262
58,99,0.0,0.0,0.264
59,10,0.0,0.001,0.135
59,100,0.0,0.0,0.254
59,101,0.0,0.0,0.253
59,102,0.0,0.0,0.256
59,103,0.0,0.0,0.252
59,104,0.0,0.0,0.27
59,105,0.0,0.0,0.264
59,106,0.0,0.0,0.256
59,107,0.0,0.0,0.272
59,108,0.0,0.0,0.285
59,109,0.0,0.0,0.277
59,11,0.0,0.001,0.137
59,110,0.0,0.0,0.285
59,111,0.0,0.0,0.286
59,112,0.0,0.0,0.287
59,113,0.0,0.0,0.284
59,114,0.0,0.0,0.28
59,115,0.0,0.0,0.264
59,116,0.0,0.0,0.274
59,117,0.0,0.0,0.256
59,118,0.0,0.0,0.257
59,119,0.0,0.0,0.256
59,12,0.0,0.001,0.14
59,120,0.0,0.0,0.252
59,121,0.0,0.0,0.244
59,122,0.0,0.0,0.24
59,123,0.0,0.0,0.243
59,124,0.0,0.0,0.239
59,125,0.0,0.0,0.235
59,126,0.0,0.0,0.254
59,127,0.0,0.0,0.249
59,128,0.0,0.0,0.258
59,129,0.0,0.0,0.252
59,13,0.0,0.0,0.155
59,130,0.0,0.0,0.257
59,131,0.0,0.0,0.273
59,132,0.0,0.0,0.273
59,133,0.0,0.0,0.281
59,134,0.0,0.0,0.29
59,135,0.0,0.0,0.297
59,136,0.0,0.0,0.31
59,137,0.0,0.0,0.305
59,138,0.0,0.0,0.32
59,139,0.0,0.0,0.306
59,14,0.0,0.0,0.142
59,140,0.0,0.0,0.331
59,141,0.0,0.0,0.32
59,142,0.0,0.0,0.31
59,143,0.0,0.0,0.326
59,144,0.0,0.0,0.315
59,145,0.0,0.0,0.325
59,146,0.0,0.0,0.327
59,147,0.0,0.0,0.32
59,148,0.0,0.0,0.297
59,149,0.0,0.0,0.31
59,15,0.0,0.0,0.157
59,150,0.0,0.0,0.296
59,151,0.0,0.0,0.298
59,152,0.0,0.0,0.294
59,153,0.0,0.0,0.294
59,154,0.0,0.0,0.282
59,155,0.0,0.0,0.28
59,156,0.0,0.0,0.28
59,157,0.0,0.0,0.287
59,158,0.0,0.0,0.272
59,159,0.0,0.0,0.261
59,16,0.0,0.0,0.146
59,160,0.0,0.0,0.272
59,161,0.0,0.0,0.268
59,162,0.0,0.0,0.26
59,163,0.0,0.0,0.252
59,164,0.0,0.0,0.249
59,165,0.0,0.0,0.237
59,166,0.0,0.0,0.25
59,167,0.0,0.0,0.239
59,168,0.0,0.0,0.235
59,169,0.0,0.0,0.242
59,17,0.0,0.0,0.141
59,170,0.0,0.0,0.233
59,171,0.0,0.0,0.234
59,172,0.0,0.0,0.231
59,173,0.0,0.0,0.222
59,174,0.0,0.0,0.231
59,175,0.0,0.0,0.215
59,176,0.0,0.0,0.215
59,177,0.0,0.0,0.217
59,178,0.0,0.0,0.226
59,179,0.0,0.0,0.205
59,18,0.0,0.001,0.133
59,180,0.0,0.0,0.209
59,181,0.0,0.0,0.207
59,182,0.0,0.0,0.197
59,183,0.0,0.0,0.219
59,184,0.0,0.0,0.211
59,185,0.0,0.0,0.21
59,186,0.0,0.0,0.211
59,187,0.0,0.0,0.199
59,188,0.0,0.0,0.185
59,189,0.0,0.0,0.192
59,19,0.0,0.0,0.147
59,190,0.0,0.0,0.189
59,191,0.0,0.0,0.197
59,192,0.0,0.0,0.195
59,193,0.0,0.0,0.182
59,194,0.0,0.0,0.191
59,195,0.0,0.0,0.2
59,196,0.0,0.0,0.197
59,197,0.0,0.0,0.177
59,198,0.0,0.0,0.179
59,199,0.0,0.001,0.169
59,20,0.0,0.0,0.139
59,200,0.0,0.0,0.175
59,201,0.0,0.0,0.179
59,202,0.0,0.0,0.177
59,203,0.0,0.0,0.183
59,204,0.0,0.0,0.18
59,205,0.0,0.001,0.175
59,206,0.0,0.0,0.178
59,207,0.0,0.001,0.167
59,208,0.0,0.001,0.168
59,209,0.0,0.001,0.171
59,21,0.0,0.001,0.135
59,210,0.0,0.001,0.175
59,211,0.0,0.001,0.169
59,212,0.0,0.001,0.165
59,213,0.0,0.001,0.161
59,214,0.0,0.001,0.168
59,215,0.001,0.002,0.159
59,216,0.001,0.003,0.152
59,217,0.001,0.003,0.148
59,218,0.002,0.005,0.142
59,219,0.001,0.002,0.155
59,22,0.0,0.001,0.137
59,220,0.001,0.003,0.152
59,221,0.001,0.003,0.151
59,222,0.002,0.004,0.145
59,223,0.001,0.004,0.147
59,224,0.001,0.002,0.154
59,225,0.002,0.004,0.145
59,226,0.002,0.004,0.146
59,227,0.002,0.005,0.145
59,228,0.002,0.005,0.145
59,229,0.001,0.003,0.152
59,23,0.0,0.0,0.141
59,230,0.002,0.004,0.146
59,231,0.002,0.006,0.142
59,232,0.003,0.007,0.141
59,233,0.003,0.007,0.142
59,234,0.002,0.006,0.145
59,235,0.003,0.008,0.14
59,236,0.002,0.005,0.149
59,237,0.001,0.003,0.155
59,238,0.001,0.004,0.154
59,239,0.001,0.002,0.163
59,24,0.0,0.0,0.146
59,240,0.001,0.002,0.166
59,241,0.002,0.004,0.155
59,242,0.001,0.003,0.162
59,243,0.002,0.006,0.154
59,244,0.001,0.003,0.168
59,245,0.002,0.005,0.161
59,246,0.001,0.003,0.17
59,247,0.002,0.005,0.165
59,248,0.005,0.011,0.152
59,249,0.004,0.009,0.16
59,25,0.0,0.001,0.141
59,250,0.005,0.012,0.156
59,251,0.014,0.028,0.14
59,26,0.0,0.0,0.145
59,27,0.0,0.0,0.156
59,28,0.0,0.0,0.148
59,29,0.0,0.001,0.142
59,30,0.0,0.001,0.136
59,31,0.0,0.001,0.134
59,32,0.0,0.0,0.153
59,33,0.0,0.001,0.142
59,34,0.0,0.001,0.143
59,35,0.0,0.0,0.149
59,36,0.0,0.001,0.144
59,37,0.0,0.001,0.149
59,38,0.0,0.001,0.139
59,39,0.0,0.002,0.136
59,40,0.0,0.001,0.139
59,41,0.0,0.001,0.144
59,42,0.0,0.0,0.158
59,43,0.0,0.0,0.164
59,44,0.0,0.001,0.149
59,45,0.0,0.001,0.145
59,46,0.0,0.001,0.143
59,47,0.001,0.002,0.137
59,48,0.001,0.002,0.139
59,49,0.001,0.003,0.133
59,50,0.001,0.003,0.136
59,51,0.001,0.002,0.143
59,52,0.0,0.001,0.149
59,53,0.0,0.002,0.146
59,54,0.0,0.001,0.154
59,55,0.001,0.002,0.143
59,56,0.001,0.004,0.134
59,57,0.001,0.003,0.14
59,58,0.0,0.002,0.147
59,59,0.001,0.002,0.145
59,6,0.0,0.001,0.143
59,60,0.001,0.002,0.145
59,61,0.0,0.001,0.154
59,62,0.0,0.001,0.152
59,63,0.0,0.001,0.155
59,64,0.0,0.001,0.15
59,65,0.0,0.0,0.172
59,66,0.0,0.0,0.166
59,67,0.0,0.001,0.155
59,68,0.0,0.001,0.16
59,69,0.0,0.0,0.168
59,7,0.0,0.001,0.135
59,70,0.0,0.0,0.171
59,71,0.0,0.0,0.165
59,72,0.0,0.0,0.174
59,73,0.0,0.0,0.166
59,74,0.0,0.0,0.171
59,75,0.0,0.0,0.182
59,76,0.0,0.0,0.173
59,77,0.0,0.0,0.19
59,78,0.0,0.0,0.187
59,79,0.0,0.0,0.192
59,8,0.0,0.0,0.147
59,80,0.0,0.0,0.197
59,81,0.0,0.0,0.21
59,82,0.0,0.0,0.208
59,83,0.0,0.0,0.21
59,84,0.0,0.0,0.213
59,85,0.0,0.0,0.214
59,86,0.0,0.0,0.216
59,87,0.0,0.0,0.224
59,88,0.0,0.0,0.231
59,89,0.0,0.0,0.232
59,9,0.0,0.001,0.143
59,90,0.0,0.0,0.231
59,91,0.0,0.0,0.237
59,92,0.0,0.0,0.23
59,93,0.0,0.0,0.232
59,94,0.0,0.0,0.239
59,95,0.0,0.0,0.242
59,96,0.0,0.0,0.246
59,97,0.0,0.0,0.254
59,98,0.0,0.0,0.243
59,99,0.0,0.0,0.247
6,10,0.001,0.002,0.115
6,100,0.001,0.003,0.122
6,101,0.002,0.005,0.115
6,102,0.002,0.005,0.115
6,103,0.002,0.004,0.117
6,104,0.002,0.004,0.117
6,105,0.001,0.003,0.122
6,106,0.001,0.003,0.124
6,107,0.002,0.006,0.115
6,108,0.002,0.006,0.115
6,109,0.001,0.004,0.119
6,11,0.001,0.002,0.113
6,110,0.001,0.003,0.122
6,111,0.001,0.002,0.131
6,112,0.002,0.005,0.118
6,113,0.002,0.005,0.119
6,114,0.001,0.002,0.13
6,115,0.001,0.004,0.123
6,116,0.0,0.001,0.137
6,117,0.001,0.003,0.128
6,118,0.0,0.001,0.135
6,119,0.0,0.001,0.136
6,12,0.001,0.002,0.113
6,120,0.001,0.003,0.127
6,121,0.0,0.001,0.146
6,122,0.0,0.0,0.153
6,123,0.001,0.002,0.134
6,124,0.0,0.002,0.136
6,125,0.0,0.001,0.146
6,126,0.0,0.001,0.149
6,127,0.0,0.0,0.16
6,128,0.0,0.0,0.155
6,129,0.0,0.0,0.159
6,13,0.0,0.001,0.115
6,130,0.0,0.001,0.149
6,131,0.0,0.001,0.143
6,132,0.0,0.001,0.145
6,133,0.0,0.001,0.144
6,134,0.0,0.001,0.139
6,135,0.0,0.001,0.151
6,136,0.0,0.0,0.152
6,137,0.0,0.0,0.153
6,138,0.0,0.0,0.156
6,139,0.0,0.0,0.155
6,14,0.002,0.006,0.099
6,140,0.0,0.0,0.163
6,141,0.0,0.0,0.165
6,142,0.0,0.0,0.176
6,143,0.0,0.0,0.164
6,144,0.0,0.0,0.173
6,145,0.0,0.0,0.16
6,146,0.0,0.0,0.156
6,147,0.0,0.0,0.159
6,148,0.0,0.0,0.159
6,149,0.0,0.0,0.159
6,15,0.001,0.002,0.109
6,150,0.0,0.0,0.16
6,151,0.0,0.0,0.157
6,152,0.0,0.0,0.166
6,153,0.0,0.0,0.16
6,154,0.0,0.0,0.168
6,155,0.0,0.0,0.17
6,156,0.0,0.0,0.16
6,157,0.0,0.0,0.162
6,158,0.0,0.0,0.176
6,159,0.0,0.0,0.165
6,16,0.0,0.001,0.118
6,160,0.0,0.0,0.173
6,161,0.0,0.0,0.166
6,162,0.0,0.0,0.171
6,163,0.0,0.0,0.175
6,164,0.0,0.0,0.169
6,165,0.0,0.0,0.172
6,166,0.0,0.0,0.175
6,167,0.0,0.0,0.198
6,168,0.0,0.0,0.191
6,169,0.0,0.0,0.188
6,17,0.0,0.001,0.118
6,170,0.0,0.0,0.185
6,171,0.0,0.0,0.183
6,172,0.0,0.0,0.19
6,173,0.0,0.0,0.19
6,174,0.0,0.0,0.181
6,175,0.0,0.0,0.184
6,176,0.0,0.0,0.175
6,177,0.0,0.0,0.174
6,178,0.0,0.0,0.173
6,179,0.0,0.0,0.182
6,18,0.001,0.003,0.106
6,180,0.0,0.0,0.175
6,181,0.0,0.0,0.172
6,182,0.0,0.0,0.179
6,183,0.0,0.0,0.17
6,184,0.0,0.0,0.172
6,185,0.0,0.001,0.166
6,186,0.0,0.001,0.167
6,187,0.0,0.0,0.177
6,188,0.0,0.0,0.181
6,189,0.0,0.0,0.179
6,19,0.0,0.001,0.12
6,190,0.0,0.001,0.175
6,191,0.0,0.0,0.182
6,192,0.0,0.001,0.18
6,193,0.0,0.0,0.183
6,194,0.001,0.002,0.159
6,195,0.001,0.002,0.167
6,196,0.001,0.003,0.159
6,197,0.001,0.002,0.169
6,198,0.0,0.001,0.174
6,199,0.0,0.001,0.18
6,20,0.0,0.0,0.123
6,200,0.0,0.001,0.172
6,201,0.0,0.001,0.176
6,202,0.001,0.002,0.169
6,203,0.0,0.001,0.178
6,204,0.0,0.001,0.189
6,205,0.0,0.001,0.183
6,206,0.0,0.001,0.186
6,207,0.0,0.001,0.187
6,208,0.0,0.001,0.192
6,209,0.0,0.001,0.195
6,21,0.001,0.003,0.107
6,210,0.0,0.0,0.201
6,211,0.0,0.001,0.194
6,212,0.0,0.001,0.198
6,213,0.0,0.001,0.195
6,214,0.0,0.001,0.188
6,215,0.001,0.002,0.186
6,216,0.0,0.001,0.2
6,217,0.0,0.001,0.196
6,218,0.001,0.002,0.191
6,219,0.0,0.001,0.204
6,22,0.0,0.001,0.122
6,220,0.0,0.001,0.211
6,221,0.0,0.0,0.225
6,222,0.0,0.001,0.211
6,223,0.0,0.001,0.215
6,224,0.0,0.0,0.22
6,225,0.0,0.0,0.225
6,226,0.0,0.0,0.223
6,227,0.0,0.001,0.214
6,228,0.0,0.001,0.218
6,229,0.0,0.0,0.227
6,23,0.0,0.001,0.117
6,230,0.0,0.0,0.222
6,231,0.0,0.001,0.204
6,232,0.0,0.001,0.204
6,233,0.0,0.001,0.205
6,234,0.001,0.002,0.199
6,235,0.001,0.003,0.195
6,236,0.001,0.003,0.196
6,237,0.002,0.005,0.183
6,238,0.002,0.006,0.18
6,239,0.003,0.007,0.179
6,24,0.0,0.001,0.116
6,240,0.003,0.008,0.177
6,241,0.002,0.005,0.185
6,242,0.004,0.009,0.174
6,243,0.006,0.013,0.168
6,244,0.007,0.015,0.165
6,245,0.01,0.02,0.159
6,246,0.01,0.02,0.16
6,247,0.01,0.02,0.161
6,248,0.009,0.019,0.164
6,249,0.018,0.033,0.151
6,25,0.0,0.001,0.114
6,250,0.017,0.033,0.153
6,251,0.022,0.041,0.148
6,26,0.0,0.0,0.127
6,27,0.002,0.004,0.101
6,28,0.0,0.001,0.112
6,29,0.001,0.002,0.109
6,30,0.0,0.001,0.119
6,31,0.0,0.001,0.117
6,32,0.001,0.003,0.105
6,33,0.001,0.003,0.105
6,34,0.0,0.001,0.117
6,35,0.001,0.002,0.108
6,36,0.0,0.001,0.113
6,37,0.001,0.002,0.11
6,38,0.001,0.003,0.104
6,39,0.002,0.004,0.101
6,40,0.0,0.001,0.114
6,41,0.0,0.001,0.119
6,42,0.003,0.006,0.097
6,43,0.001,0.003,0.106
6,44,0.0,0.001,0.118
6,45,0.001,0.002,0.112
6,46,0.001,0.002,0.111
6,47,0.001,0.003,0.108
6,48,0.0,0.001,0.118
6,49,0.0,0.001,0.117
6,50,0.001,0.002,0.113
6,51,0.001,0.002,0.112
6,52,0.001,0.003,0.108
6,53,0.0,0.001,0.115
6,54,0.0,0.0,0.131
6,55,0.002,0.004,0.103
6,56,0.0,0.001,0.121
6,57,0.0,0.0,0.127
6,58,0.0,0.001,0.119
6,59,0.0,0.001,0.12
6,60,0.0,0.001,0.116
6,61,0.0,0.001,0.123
6,62,0.001,0.002,0.113
6,63,0.0,0.001,0.117
6,64,0.0,0.001,0.125
6,65,0.0,0.0,0.137
6,66,0.0,0.0,0.131
6,67,0.0,0.001,0.126
6,68,0.001,0.002,0.115
6,69,0.001,0.002,0.114
6,7,0.001,0.002,0.118
6,70,0.001,0.002,0.114
6,71,0.001,0.003,0.113
6,72,0.001,0.002,0.119
6,73,0.002,0.005,0.107
6,74,0.002,0.005,0.108
6,75,0.001,0.003,0.113
6,76,0.001,0.002,0.119
6,77,0.001,0.003,0.115
6,78,0.001,0.002,0.118
6,79,0.004,0.009,0.102
6,8,0.001,0.003,0.113
6,80,0.006,0.014,0.096
6,81,0.001,0.004,0.112
6,82,0.002,0.004,0.111
6,83,0.001,0.003,0.115
6,84,0.001,0.003,0.115
6,85,0.002,0.006,0.107
6,86,0.001,0.003,0.117
6,87,0.002,0.005,0.112
6,88,0.001,0.003,0.117
6,89,0.001,0.004,0.114
6,9,0.001,0.002,0.115
6,90,0.002,0.005,0.112
6,91,0.005,0.012,0.1
6,92,0.002,0.004,0.115
6,93,0.001,0.004,0.116
6,94,0.001,0.002,0.123
6,95,0.001,0.003,0.118
6,96,0.003,0.008,0.108
6,97,0.002,0.005,0.112
6,98,0.002,0.004,0.115
6,99,0.001,0.003,0.122
60,10,0.0,0.0,0.152
60,100,0.0,0.0,0.249
60,101,0.0,0.0,0.242
60,102,0.0,0.0,0.247
60,103,0.0,0.0,0.246
60,104,0.0,0.0,0.271
60,105,0.0,0.0,0.268
60,106,0.0,0.0,0.261
60,107,0.0,0.0,0.262
60,108,0.0,0.0,0.252
60,109,0.0,0.0,0.273
60,11,0.0,0.0,0.146
60,110,0.0,0.0,0.267
60,111,0.0,0.0,0.278
60,112,0.0,0.0,0.267
60,113,0.0,0.0,0.272
60,114,0.0,0.0,0.263
60,115,0.0,0.0,0.27
60,116,0.0,0.0,0.248
60,117,0.0,0.0,0.25
60,118,0.0,0.0,0.238
60,119,0.0,0.0,0.238
60,12,0.0,0.0,0.149
60,120,0.0,0.0,0.23
60,121,0.0,0.001,0.219
60,122,0.0,0.001,0.212
60,123,0.001,0.002,0.201
60,124,0.001,0.002,0.199
60,125,0.001,0.003,0.195
60,126,0.001,0.002,0.2
60,127,0.001,0.003,0.193
60,128,0.001,0.003,0.196
60,129,0.001,0.002,0.205
60,13,0.0,0.0,0.147
60,130,0.001,0.003,0.196
60,131,0.0,0.001,0.219
60,132,0.0,0.001,0.223
60,133,0.0,0.0,0.242
60,134,0.0,0.0,0.235
60,135,0.0,0.0,0.257
60,136,0.0,0.0,0.267
60,137,0.0,0.0,0.271
60,138,0.0,0.0,0.285
60,139,0.0,0.0,0.314
60,14,0.0,0.0,0.148
60,140,0.0,0.0,0.308
60,141,0.0,0.0,0.3
60,142,0.0,0.0,0.314
60,143,0.0,0.0,0.308
60,144,0.0,0.0,0.325
60,145,0.0,0.0,0.328
60,146,0.0,0.0,0.313
60,147,0.0,0.0,0.314
60,148,0.0,0.0,0.313
60,149,0.0,0.0,0.315
60,15,0.0,0.0,0.148
60,150,0.0,0.0,0.303
60,151,0.0,0.0,0.298
60,152,0.0,0.0,0.3
60,153,0.0,0.0,0.294
60,154,0.0,0.0,0.286
60,155,0.0,0.0,0.287
60,156,0.0,0.0,0.274
60,157,0.0,0.0,0.274
60,158,0.0,0.0,0.275
60,159,0.0,0.0,0.274
60,16,0.0,0.0,0.143
60,160,0.0,0.0,0.271
60,161,0.0,0.0,0.271
60,162,0.0,0.0,0.259
60,163,0.0,0.0,0.268
60,164,0.0,0.0,0.253
60,165,0.0,0.0,0.249
60,166,0.0,0.0,0.242
60,167,0.0,0.0,0.24
60,168,0.0,0.0,0.242
60,169,0.0,0.0,0.232
60,17,0.0,0.0,0.149
60,170,0.0,0.0,0.228
60,171,0.0,0.0,0.223
60,172,0.0,0.0,0.229
60,173,0.0,0.0,0.229
60,174,0.0,0.0,0.244
60,175,0.0,0.0,0.24
60,176,0.0,0.0,0.229
60,177,0.0,0.0,0.239
60,178,0.0,0.0,0.227
60,179,0.0,0.0,0.229
60,18,0.0,0.0,0.145
60,180,0.0,0.0,0.218
60,181,0.0,0.0,0.222
60,182,0.0,0.0,0.215
60,183,0.0,0.0,0.224
60,184,0.0,0.0,0.22
60,185,0.0,0.0,0.22
60,186,0.0,0.0,0.216
60,187,0.0,0.0,0.207
60,188,0.0,0.0,0.214
60,189,0.0,0.0,0.205
60,19,0.0,0.0,0.146
60,190,0.0,0.0,0.194
60,191,0.0,0.0,0.196
60,192,0.0,0.0,0.198
60,193,0.0,0.0,0.191
60,194,0.0,0.0,0.186
60,195,0.0,0.0,0.182
60,196,0.0,0.0,0.178
60,197,0.0,0.0,0.187
60,198,0.0,0.0,0.185
60,199,0.0,0.0,0.176
60,20,0.0,0.0,0.144
60,200,0.0,0.0,0.18
60,201,0.0,0.0,0.18
60,202,0.0,0.0,0.179
60,203,0.0,0.0,0.177
60,204,0.0,0.001,0.173
60,205,0.0,0.001,0.165
60,206,0.0,0.001,0.172
60,207,0.0,0.001,0.169
60,208,0.0,0.001,0.172
60,209,0.0,0.001,0.17
60,21,0.0,0.0,0.14
60,210,0.0,0.001,0.166
60,211,0.0,0.001,0.169
60,212,0.0,0.001,0.173
60,213,0.0,0.0,0.181
60,214,0.0,0.0,0.182
60,215,0.0,0.001,0.173
60,216,0.0,0.0,0.176
60,217,0.0,0.001,0.162
60,218,0.001,0.002,0.159
60,219,0.0,0.001,0.164
60,22,0.0,0.0,0.144
60,220,0.001,0.002,0.156
60,221,0.001,0.002,0.154
60,222,0.002,0.004,0.144
60,223,0.003,0.007,0.136
60,224,0.003,0.008,0.136
60,225,0.003,0.008,0.135
60,226,0.002,0.005,0.142
60,227,0.004,0.009,0.134
60,228,0.002,0.004,0.147
60,229,0.003,0.007,0.138
60,23,0.0,0.001,0.132
60,230,0.003,0.007,0.138
60,231,0.002,0.005,0.144
60,232,0.001,0.003,0.152
60,233,0.003,0.007,0.14
60,234,0.001,0.003,0.153
60,235,0.001,0.003,0.154
60,236,0.0,0.001,0.17
60,237,0.001,0.003,0.157
60,238,0.004,0.009,0.14
60,239,0.002,0.006,0.148
60,24,0.0,0.001,0.134
60,240,0.001,0.004,0.155
60,241,0.002,0.005,0.154
60,242,0.001,0.003,0.162
60,243,0.002,0.004,0.157
60,244,0.001,0.002,0.171
60,245,0.002,0.004,0.161
60,246,0.002,0.004,0.163
60,247,0.003,0.007,0.159
60,248,0.003,0.006,0.162
60,249,0.003,0.007,0.163
60,25,0.0,0.0,0.151
60,250,0.003,0.007,0.167
60,251,0.008,0.017,0.152
60,26,0.0,0.0,0.143
60,27,0.0,0.0,0.147
60,28,0.0,0.0,0.148
60,29,0.0,0.0,0.152
60,30,0.0,0.0,0.145
60,31,0.0,0.001,0.139
60,32,0.0,0.001,0.142
60,33,0.0,0.001,0.144
60,34,0.0,0.001,0.146
60,35,0.0,0.001,0.146
60,36,0.0,0.001,0.136
60,37,0.0,0.001,0.141
60,38,0.0,0.001,0.146
60,39,0.0,0.001,0.147
60,40,0.0,0.001,0.141
60,41,0.0,0.001,0.14
60,42,0.001,0.002,0.137
60,43,0.0,0.001,0.144
60,44,0.0,0.001,0.149
60,45,0.001,0.002,0.136
60,46,0.001,0.002,0.14
60,47,0.001,0.002,0.14
60,48,0.0,0.001,0.151
60,49,0.0,0.001,0.154
60,50,0.0,0.001,0.159
60,51,0.0,0.001,0.158
60,52,0.001,0.003,0.137
60,53,0.001,0.003,0.138
60,54,0.001,0.002,0.145
60,55,0.001,0.002,0.144
60,56,0.001,0.002,0.146
60,57,0.0,0.001,0.149
60,58,0.0,0.001,0.161
60,59,0.0,0.001,0.158
60,6,0.0,0.0,0.154
60,60,0.0,0.001,0.162
60,61,0.0,0.001,0.149
60,62,0.001,0.002,0.146
60,63,0.0,0.001,0.149
60,64,0.0,0.001,0.161
60,65,0.0,0.001,0.156
60,66,0.0,0.0,0.164
60,67,0.0,0.001,0.161
60,68,0.0,0.0,0.173
60,69,0.0,0.0,0.185
60,7,0.0,0.001,0.142
60,70,0.0,0.0,0.18
60,71,0.0,0.0,0.179
60,72,0.0,0.0,0.193
60,73,0.0,0.0,0.183
60,74,0.0,0.0,0.191
60,75,0.0,0.0,0.189
60,76,0.0,0.0,0.191
60,77,0.0,0.0,0.195
60,78,0.0,0.0,0.203
60,79,0.0,0.0,0.211
60,8,0.0,0.0,0.149
60,80,0.0,0.0,0.202
60,81,0.0,0.0,0.202
60,82,0.0,0.0,0.203
60,83,0.0,0.0,0.216
60,84,0.0,0.0,0.205
60,85,0.0,0.0,0.206
60,86,0.0,0.0,0.207
60,87,0.0,0.0,0.21
60,88,0.0,0.0,0.214
60,89,0.0,0.0,0.208
60,9,0.0,0.0,0.168
60,90,0.0,0.0,0.219
60,91,0.0,0.0,0.231
60,92,0.0,0.0,0.212
60,93,0.0,0.0,0.218
60,94,0.0,0.0,0.232
60,95,0.0,0.0,0.229
60,96,0.0,0.0,0.238
60,97,0.0,0.0,0.247
60,98,0.0,0.0,0.248
60,99,0.0,0.0,0.247
61,10,0.0,0.001,0.134
61,100,0.0,0.0,0.248
61,101,0.0,0.0,0.252
61,102,0.0,0.0,0.256
61,103,0.0,0.0,0.269
61,104,0.0,0.0,0.273
61,105,0.0,0.0,0.268
61,106,0.0,0.0,0.268
61,107,0.0,0.0,0.28
61,108,0.0,0.0,0.272
61,109,0.0,0.0,0.275
61,11,0.0,0.001,0.137
61,110,0.0,0.0,0.259
61,111,0.0,0.0,0.262
61,112,0.0,0.0,0.265
61,113,0.0,0.0,0.254
61,114,0.0,0.0,0.242
61,115,0.0,0.0,0.248
61,116,0.0,0.0,0.229
61,117,0.0,0.001,0.225
61,118,0.0,0.001,0.221
61,119,0.0,0.001,0.216
61,12,0.0,0.001,0.136
61,120,0.0,0.001,0.207
61,121,0.001,0.002,0.198
61,122,0.001,0.004,0.183
61,123,0.001,0.002,0.197
61,124,0.001,0.002,0.192
61,125,0.002,0.005,0.178
61,126,0.001,0.004,0.182
61,127,0.002,0.005,0.175
61,128,0.002,0.006,0.172
61,129,0.002,0.005,0.175
61,13,0.0,0.0,0.144
61,130,0.002,0.004,0.181
61,131,0.001,0.003,0.184
61,132,0.001,0.002,0.192
61,133,0.0,0.001,0.216
61,134,0.0,0.001,0.213
61,135,0.0,0.001,0.219
61,136,0.0,0.0,0.235
61,137,0.0,0.0,0.253
61,138,0.0,0.0,0.259
61,139,0.0,0.0,0.27
61,14,0.0,0.0,0.146
61,140,0.0,0.0,0.278
61,141,0.0,0.0,0.295
61,142,0.0,0.0,0.304
61,143,0.0,0.0,0.305
61,144,0.0,0.0,0.306
61,145,0.0,0.0,0.31
61,146,0.0,0.0,0.305
61,147,0.0,0.0,0.303
61,148,0.0,0.0,0.3
61,149,0.0,0.0,0.303
61,15,0.0,0.0,0.146
61,150,0.0,0.0,0.304
61,151,0.0,0.0,0.305
61,152,0.0,0.0,0.295
61,153,0.0,0.0,0.284
61,154,0.0,0.0,0.285
61,155,0.0,0.0,0.28
61,156,0.0,0.0,0.265
61,157,0.0,0.0,0.269
61,158,0.0,0.0,0.267
61,159,0.0,0.0,0.264
61,16,0.0,0.001,0.13
61,160,0.0,0.0,0.256
61,161,0.0,0.0,0.244
61,162,0.0,0.0,0.252
61,163,0.0,0.0,0.258
61,164,0.0,0.0,0.244
61,165,0.0,0.0,0.249
61,166,0.0,0.0,0.232
61,167,0.0,0.0,0.243
61,168,0.0,0.0,0.244
61,169,0.0,0.0,0.238
61,17,0.0,0.0,0.154
61,170,0.0,0.0,0.24
61,171,0.0,0.0,0.236
61,172,0.0,0.0,0.222
61,173,0.0,0.0,0.227
61,174,0.0,0.0,0.22
61,175,0.0,0.0,0.225
61,176,0.0,0.0,0.217
61,177,0.0,0.0,0.218
61,178,0.0,0.0,0.211
61,179,0.0,0.0,0.221
61,18,0.0,0.001,0.137
61,180,0.0,0.0,0.218
61,181,0.0,0.0,0.21
61,182,0.0,0.0,0.209
61,183,0.0,0.0,0.215
61,184,0.0,0.0,0.212
61,185,0.0,0.0,0.208
61,186,0.0,0.0,0.203
61,187,0.0,0.0,0.208
61,188,0.0,0.0,0.207
61,189,0.0,0.0,0.207
61,19,0.0,0.0,0.142
61,190,0.0,0.0,0.2
61,191,0.0,0.0,0.194
61,192,0.0,0.0,0.196
61,193,0.0,0.0,0.203
61,194,0.0,0.0,0.203
61,195,0.0,0.0,0.194
61,196,0.0,0.0,0.196
61,197,0.0,0.0,0.201
61,198,0.0,0.0,0.207
61,199,0.0,0.0,0.202
61,20,0.0,0.0,0.144
61,200,0.0,0.0,0.185
61,201,0.0,0.0,0.178
61,202,0.0,0.0,0.186
61,203,0.0,0.0,0.179
61,204,0.0,0.0,0.179
61,205,0.0,0.0,0.187
61,206,0.0,0.0,0.185
61,207,0.0,0.0,0.177
61,208,0.0,0.0,0.176
61,209,0.0,0.001,0.168
61,21,0.0,0.001,0.14
61,210,0.0,0.001,0.167
61,211,0.0,0.001,0.173
61,212,0.0,0.001,0.166
61,213,0.0,0.001,0.164
61,214,0.0,0.001,0.161
61,215,0.001,0.003,0.152
61,216,0.001,0.002,0.156
61,217,0.001,0.002,0.158
61,218,0.001,0.002,0.158
61,219,0.001,0.002,0.158
61,22,0.0,0.001,0.133
61,220,0.002,0.006,0.14
61,221,0.002,0.005,0.143
61,222,0.002,0.004,0.145
61,223,0.002,0.006,0.139
61,224,0.001,0.004,0.147
61,225,0.001,0.004,0.147
61,226,0.001,0.002,0.16
61,227,0.001,0.002,0.156
61,228,0.001,0.002,0.159
61,229,0.001,0.003,0.153
61,23,0.0,0.001,0.135
61,230,0.001,0.003,0.152
61,231,0.001,0.003,0.153
61,232,0.002,0.006,0.143
61,233,0.001,0.003,0.154
61,234,0.002,0.004,0.15
61,235,0.003,0.008,0.14
61,236,0.002,0.004,0.151
61,237,0.001,0.003,0.157
61,238,0.001,0.004,0.155
61,239,0.001,0.003,0.158
61,24,0.001,0.002,0.128
61,240,0.001,0.003,0.163
61,241,0.001,0.002,0.17
61,242,0.001,0.002,0.168
61,243,0.002,0.005,0.157
61,244,0.001,0.003,0.165
61,245,0.001,0.003,0.169
61,246,0.001,0.002,0.177
61,247,0.001,0.004,0.169
61,248,0.003,0.007,0.161
61,249,0.005,0.012,0.154
61,25,0.0,0.001,0.135
61,250,0.007,0.016,0.151
61,251,0.008,0.016,0.153
61,26,0.0,0.0,0.155
61,27,0.0,0.001,0.141
61,28,0.001,0.002,0.129
61,29,0.0,0.001,0.135
61,30,0.0,0.001,0.139
61,31,0.001,0.002,0.131
61,32,0.001,0.004,0.121
61,33,0.0,0.001,0.135
61,34,0.001,0.003,0.126
61,35,0.001,0.004,0.125
61,36,0.003,0.006,0.118
61,37,0.001,0.002,0.134
61,38,0.0,0.002,0.138
61,39,0.001,0.002,0.136
61,40,0.001,0.003,0.13
61,41,0.001,0.003,0.132
61,42,0.001,0.002,0.139
61,43,0.003,0.007,0.121
61,44,0.002,0.004,0.13
61,45,0.002,0.004,0.13
61,46,0.001,0.004,0.131
61,47,0.002,0.005,0.13
61,48,0.002,0.006,0.127
61,49,0.001,0.004,0.133
61,50,0.002,0.006,0.128
61,51,0.002,0.005,0.129
61,52,0.001,0.003,0.139
61,53,0.002,0.006,0.129
61,54,0.001,0.003,0.137
61,55,0.001,0.003,0.141
61,56,0.0,0.001,0.157
61,57,0.0,0.001,0.155
61,58,0.0,0.001,0.156
61,59,0.0,0.001,0.152
61,6,0.002,0.004,0.121
61,60,0.0,0.0,0.165
61,61,0.001,0.003,0.14
61,62,0.0,0.001,0.156
61,63,0.0,0.001,0.156
61,64,0.0,0.0,0.171
61,65,0.0,0.0,0.169
61,66,0.0,0.0,0.177
61,67,0.0,0.0,0.18
61,68,0.0,0.0,0.174
61,69,0.0,0.0,0.182
61,7,0.003,0.008,0.111
61,70,0.0,0.0,0.176
61,71,0.0,0.0,0.182
61,72,0.0,0.0,0.179
61,73,0.0,0.0,0.188
61,74,0.0,0.0,0.195
61,75,0.0,0.0,0.201
61,76,0.0,0.0,0.196
61,77,0.0,0.0,0.2
61,78,0.0,0.0,0.186
61,79,0.0,0.0,0.206
61,8,0.002,0.006,0.116
61,80,0.0,0.0,0.204
61,81,0.0,0.0,0.209
61,82,0.0,0.0,0.206
61,83,0.0,0.0,0.209
61,84,0.0,0.0,0.223
61,85,0.0,0.0,0.222
61,86,0.0,0.0,0.214
61,87,0.0,0.0,0.22
61,88,0.0,0.0,0.214
61,89,0.0,0.0,0.239
61,9,0.001,0.002,0.13
61,90,0.0,0.0,0.227
61,91,0.0,0.0,0.221
61,92,0.0,0.0,0.23
61,93,0.0,0.0,0.231
61,94,0.0,0.0,0.233
61,95,0.0,0.0,0.244
61,96,0.0,0.0,0.25
61,97,0.0,0.0,0.241
61,98,0.0,0.0,0.235
61,99,0.0,0.0,0.243
62,10,0.001,0.002,0.125
62,100,0.0,0.0,0.252
62,101,0.0,0.0,0.252
62,102,0.0,0.0,0.254
62,103,0.0,0.0,0.268
62,104,0.0,0.0,0.268
62,105,0.0,0.0,0.275
62,106,0.0,0.0,0.267
62,107,0.0,0.0,0.281
62,108,0.0,0.0,0.277
62,109,0.0,0.0,0.284
62,11,0.001,0.002,0.124
62,110,0.0,0.0,0.289
62,111,0.0,0.0,0.271
62,112,0.0,0.0,0.275
62,113,0.0,0.0,0.263
62,114,0.0,0.0,0.237
62,115,0.0,0.0,0.237
62,116,0.0,0.001,0.217
62,117,0.0,0.001,0.217
62,118,0.0,0.001,0.209
62,119,0.0,0.001,0.203
62,12,0.001,0.003,0.121
62,120,0.002,0.005,0.179
62,121,0.003,0.008,0.167
62,122,0.007,0.016,0.151
62,123,0.011,0.022,0.143
62,124,0.015,0.029,0.136
62,125,0.008,0.017,0.148
62,126,0.016,0.031,0.134
62,127,0.024,0.043,0.126
62,128,0.018,0.034,0.131
62,129,0.012,0.024,0.14
62,13,0.002,0.004,0.116
62,130,0.012,0.023,0.141
62,131,0.013,0.026,0.139
62,132,0.007,0.014,0.152
62,133,0.005,0.012,0.157
62,134,0.001,0.003,0.188
62,135,0.001,0.003,0.189
62,136,0.0,0.001,0.211
62,137,0.0,0.001,0.213
62,138,0.0,0.001,0.221
62,139,0.0,0.0,0.238
62,14,0.001,0.002,0.124
62,140,0.0,0.0,0.243
62,141,0.0,0.0,0.268
62,142,0.0,0.0,0.275
62,143,0.0,0.0,0.28
62,144,0.0,0.0,0.294
62,145,0.0,0.0,0.287
62,146,0.0,0.0,0.297
62,147,0.0,0.0,0.301
62,148,0.0,0.0,0.298
62,149,0.0,0.0,0.291
62,15,0.001,0.003,0.12
62,150,0.0,0.0,0.299
62,151,0.0,0.0,0.285
62,152,0.0,0.0,0.274
62,153,0.0,0.0,0.274
62,154,0.0,0.0,0.284
62,155,0.0,0.0,0.283
62,156,0.0,0.0,0.266
62,157,0.0,0.0,0.279
62,158,0.0,0.0,0.258
62,159,0.0,0.0,0.256
62,16,0.001,0.002,0.122
62,160,0.0,0.0,0.244
62,161,0.0,0.0,0.258
62,162,0.0,0.0,0.254
62,163,0.0,0.0,0.242
62,164,0.0,0.0,0.243
62,165,0.0,0.0,0.239
62,166,0.0,0.0,0.235
62,167,0.0,0.0,0.227
62,168,0.0,0.0,0.237
62,169,0.0,0.0,0.228
62,17,0.001,0.002,0.125
62,170,0.0,0.0,0.231
62,171,0.0,0.0,0.215
62,172,0.0,0.0,0.219
62,173,0.0,0.0,0.212
62,174,0.0,0.0,0.225
62,175,0.0,0.0,0.217
62,176,0.0,0.0,0.213
62,177,0.0,0.0,0.211
62,178,0.0,0.0,0.206
62,179,0.0,0.0,0.216
62,18,0.001,0.002,0.123
62,180,0.0,0.0,0.217
62,181,0.0,0.0,0.212
62,182,0.0,0.0,0.199
62,183,0.0,0.0,0.208
62,184,0.0,0.0,0.2
62,185,0.0,0.0,0.199
62,186,0.0,0.0,0.196
62,187,0.0,0.0,0.191
62,188,0.0,0.0,0.201
62,189,0.0,0.0,0.193
62,19,0.001,0.003,0.121
62,190,0.0,0.0,0.197
62,191,0.0,0.0,0.188
62,192,0.0,0.0,0.196
62,193,0.0,0.0,0.18
62,194,0.0,0.0,0.195
62,195,0.0,0.0,0.187
62,196,0.0,0.0,0.197
62,197,0.0,0.0,0.191
62,198,0.0,0.0,0.197
62,199,0.0,0.0,0.194
62,20,0.002,0.004,0.116
62,200,0.0,0.0,0.197
62,201,0.0,0.0,0.196
62,202,0.0,0.0,0.185
62,203,0.0,0.0,0.181
62,204,0.0,0.0,0.186
62,205,0.0,0.0,0.2
62,206,0.0,0.0,0.182
62,207,0.0,0.001,0.171
62,208,0.0,0.001,0.173
62,209,0.0,0.001,0.174
62,21,0.001,0.002,0.125
62,210,0.0,0.001,0.174
62,211,0.0,0.001,0.17
62,212,0.0,0.001,0.166
62,213,0.0,0.001,0.164
62,214,0.001,0.002,0.157
62,215,0.0,0.001,0.161
62,216,0.001,0.003,0.149
62,217,0.001,0.003,0.148
62,218,0.001,0.002,0.152
62,219,0.002,0.005,0.143
62,22,0.001,0.003,0.123
62,220,0.001,0.003,0.15
62,221,0.001,0.004,0.146
62,222,0.002,0.006,0.139
62,223,0.004,0.009,0.133
62,224,0.014,0.027,0.113
62,225,0.012,0.025,0.115
62,226,0.01,0.021,0.118
62,227,0.005,0.011,0.13
62,228,0.003,0.008,0.136
62,229,0.006,0.014,0.126
62,23,0.0,0.002,0.129
62,230,0.006,0.013,0.128
62,231,0.006,0.013,0.128
62,232,0.003,0.007,0.139
62,233,0.001,0.004,0.149
62,234,0.001,0.002,0.161
62,235,0.001,0.003,0.153
62,236,0.001,0.003,0.158
62,237,0.0,0.002,0.168
62,238,0.001,0.003,0.156
62,239,0.001,0.003,0.162
62,24,0.0,0.001,0.131
62,240,0.001,0.002,0.169
62,241,0.0,0.001,0.173
62,242,0.001,0.003,0.165
62,243,0.001,0.002,0.171
62,244,0.002,0.005,0.158
62,245,0.001,0.003,0.171
62,246,0.001,0.004,0.166
62,247,0.001,0.002,0.18
62,248,0.002,0.005,0.169
62,249,0.003,0.006,0.166
62,25,0.0,0.001,0.136
62,250,0.003,0.007,0.166
62,251,0.003,0.007,0.171
62,26,0.001,0.002,0.125
62,27,0.001,0.003,0.123
62,28,0.0,0.001,0.132
62,29,0.001,0.002,0.13
62,30,0.0,0.001,0.133
62,31,0.001,0.004,0.121
62,32,0.001,0.002,0.13
62,33,0.001,0.003,0.126
62,34,0.001,0.004,0.124
62,35,0.001,0.004,0.124
62,36,0.001,0.003,0.128
62,37,0.001,0.003,0.128
62,38,0.001,0.003,0.127
62,39,0.002,0.006,0.12
62,40,0.004,0.008,0.116
62,41,0.001,0.002,0.136
62,42,0.001,0.002,0.138
62,43,0.001,0.003,0.135
62,44,0.002,0.004,0.128
62,45,0.001,0.004,0.131
62,46,0.003,0.008,0.121
62,47,0.002,0.006,0.124
62,48,0.001,0.004,0.133
62,49,0.001,0.002,0.14
62,50,0.001,0.002,0.143
62,51,0.001,0.003,0.139
62,52,0.002,0.005,0.13
62,53,0.001,0.003,0.136
62,54,0.002,0.004,0.132
62,55,0.002,0.004,0.133
62,56,0.002,0.004,0.133
62,57,0.001,0.002,0.146
62,58,0.0,0.001,0.15
62,59,0.001,0.003,0.14
62,6,0.0,0.001,0.135
62,60,0.001,0.002,0.143
62,61,0.001,0.002,0.145
62,62,0.0,0.001,0.152
62,63,0.0,0.001,0.149
62,64,0.001,0.003,0.14
62,65,0.001,0.002,0.147
62,66,0.001,0.002,0.147
62,67,0.0,0.001,0.161
62,68,0.0,0.001,0.152
62,69,0.0,0.0,0.169
62,7,0.001,0.002,0.131
62,70,0.0,0.0,0.167
62,71,0.0,0.0,0.171
62,72,0.0,0.0,0.171
62,73,0.0,0.0,0.173
62,74,0.0,0.0,0.183
62,75,0.0,0.0,0.183
62,76,0.0,0.0,0.179
62,77,0.0,0.0,0.18
62,78,0.0,0.0,0.184
62,79,0.0,0.0,0.185
62,8,0.0,0.001,0.14
62,80,0.0,0.0,0.186
62,81,0.0,0.0,0.184
62,82,0.0,0.0,0.193
62,83,0.0,0.0,0.2
62,84,0.0,0.0,0.193
62,85,0.0,0.0,0.187
62,86,0.0,0.0,0.196
62,87,0.0,0.0,0.221
62,88,0.0,0.0,0.214
62,89,0.0,0.0,0.211
62,9,0.0,0.001,0.143
62,90,0.0,0.0,0.214
62,91,0.0,0.0,0.215
62,92,0.0,0.0,0.214
62,93,0.0,0.0,0.236
62,94,0.0,0.0,0.23
62,95,0.0,0.0,0.229
62,96,0.0,0.0,0.241
62,97,0.0,0.0,0.241
62,98,0.0,0.0,0.251
62,99,0.0,0.0,0.26
63,10,0.002,0.004,0.117
63,100,0.0,0.0,0.242
63,101,0.0,0.0,0.243
63,102,0.0,0.0,0.247
63,103,0.0,0.0,0.258
63,104,0.0,0.0,0.259
63,105,0.0,0.0,0.268
63,106,0.0,0.0,0.262
63,107,0.0,0.0,0.255
63,108,0.0,0.0,0.272
63,109,0.0,0.0,0.258
63,11,0.003,0.008,0.108
63,110,0.0,0.0,0.262
63,111,0.0,0.0,0.252
63,112,0.0,0.0,0.245
63,113,0.0,0.0,0.237
63,114,0.0,0.0,0.23
63,115,0.0,0.001,0.212
63,116,0.001,0.002,0.197
63,117,0.002,0.005,0.181
63,118,0.002,0.005,0.18
63,119,0.004,0.008,0.166
63,12,0.001,0.003,0.118
63,120,0.01,0.021,0.145
63,121,0.019,0.036,0.132
63,122,0.014,0.027,0.138
63,123,0.017,0.032,0.133
63,124,0.035,0.06,0.117
63,125,0.033,0.058,0.118
63,126,0.033,0.057,0.118
63,127,0.03,0.053,0.12
63,128,0.037,0.063,0.115
63,129,0.028,0.049,0.121
63,13,0.001,0.002,0.121
63,130,0.016,0.03,0.133
63,131,0.029,0.051,0.121
63,132,0.02,0.037,0.129
63,133,0.019,0.035,0.131
63,134,0.004,0.01,0.159
63,135,0.005,0.012,0.156
63,136,0.002,0.005,0.174
63,137,0.001,0.002,0.192
63,138,0.0,0.001,0.216
63,139,0.0,0.001,0.216
63,14,0.001,0.002,0.122
63,140,0.0,0.0,0.231
63,141,0.0,0.0,0.253
63,142,0.0,0.0,0.253
63,143,0.0,0.0,0.252
63,144,0.0,0.0,0.267
63,145,0.0,0.0,0.282
63,146,0.0,0.0,0.278
63,147,0.0,0.0,0.277
63,148,0.0,0.0,0.283
63,149,0.0,0.0,0.278
63,15,0.0,0.001,0.128
63,150,0.0,0.0,0.278
63,151,0.0,0.0,0.267
63,152,0.0,0.0,0.277
63,153,0.0,0.0,0.281
63,154,0.0,0.0,0.274
63,155,0.0,0.0,0.269
63,156,0.0,0.0,0.272
63,157,0.0,0.0,0.268
63,158,0.0,0.0,0.265
63,159,0.0,0.0,0.248
63,16,0.0,0.001,0.13
63,160,0.0,0.0,0.257
63,161,0.0,0.0,0.255
63,162,0.0,0.0,0.249
63,163,0.0,0.0,0.266
63,164,0.0,0.0,0.244
63,165,0.0,0.0,0.24
63,166,0.0,0.0,0.244
63,167,0.0,0.0,0.243
63,168,0.0,0.0,0.229
63,169,0.0,0.0,0.235
63,17,0.001,0.002,0.124
63,170,0.0,0.0,0.229
63,171,0.0,0.0,0.227
63,172,0.0,0.0,0.231
63,173,0.0,0.0,0.229
63,174,0.0,0.0,0.224
63,175,0.0,0.0,0.22
63,176,0.0,0.0,0.216
63,177,0.0,0.0,0.199
63,178,0.0,0.0,0.199
63,179,0.0,0.0,0.195
63,18,0.0,0.001,0.132
63,180,0.0,0.0,0.208
63,181,0.0,0.0,0.207
63,182,0.0,0.0,0.193
63,183,0.0,0.0,0.195
63,184,0.0,0.0,0.198
63,185,0.0,0.0,0.184
63,186,0.0,0.0,0.204
63,187,0.0,0.0,0.194
63,188,0.0,0.0,0.184
63,189,0.0,0.0,0.183
63,19,0.0,0.001,0.135
63,190,0.0,0.0,0.19
63,191,0.0,0.0,0.186
63,192,0.0,0.0,0.175
63,193,0.0,0.0,0.177
63,194,0.0,0.001,0.165
63,195,0.0,0.0,0.182
63,196,0.0,0.0,0.197
63,197,0.0,0.0,0.19
63,198,0.0,0.0,0.177
63,199,0.0,0.001,0.167
63,20,0.001,0.003,0.117
63,200,0.0,0.001,0.168
63,201,0.0,0.001,0.175
63,202,0.0,0.001,0.168
63,203,0.0,0.001,0.173
63,204,0.0,0.001,0.167
63,205,0.0,0.001,0.169
63,206,0.0,0.001,0.161
63,207,0.0,0.002,0.16
63,208,0.0,0.001,0.165
63,209,0.0,0.001,0.174
63,21,0.002,0.006,0.11
63,210,0.0,0.001,0.174
63,211,0.0,0.001,0.169
63,212,0.0,0.001,0.167
63,213,0.0,0.001,0.167
63,214,0.001,0.003,0.152
63,215,0.001,0.003,0.152
63,216,0.001,0.002,0.155
63,217,0.002,0.004,0.144
63,218,0.001,0.002,0.153
63,219,0.001,0.004,0.145
63,22,0.001,0.002,0.124
63,220,0.002,0.005,0.143
63,221,0.001,0.003,0.15
63,222,0.001,0.003,0.151
63,223,0.003,0.007,0.136
63,224,0.005,0.011,0.13
63,225,0.009,0.019,0.12
63,226,0.005,0.011,0.129
63,227,0.004,0.009,0.134
63,228,0.002,0.004,0.145
63,229,0.007,0.015,0.125
63,23,0.0,0.001,0.136
63,230,0.008,0.017,0.123
63,231,0.002,0.005,0.145
63,232,0.001,0.003,0.151
63,233,0.002,0.005,0.145
63,234,0.002,0.005,0.145
63,235,0.003,0.007,0.14
63,236,0.002,0.005,0.147
63,237,0.005,0.011,0.134
63,238,0.005,0.011,0.135
63,239,0.004,0.01,0.138
63,24,0.001,0.002,0.124
63,240,0.01,0.02,0.126
63,241,0.007,0.015,0.133
63,242,0.003,0.008,0.147
63,243,0.003,0.008,0.148
63,244,0.005,0.012,0.142
63,245,0.003,0.008,0.151
63,246,0.005,0.011,0.147
63,247,0.01,0.02,0.137
63,248,0.014,0.028,0.133
63,249,0.02,0.037,0.129
63,25,0.001,0.002,0.125
63,250,0.022,0.04,0.13
63,251,0.026,0.046,0.129
63,26,0.001,0.003,0.123
63,27,0.0,0.001,0.134
63,28,0.002,0.004,0.119
63,29,0.002,0.006,0.115
63,30,0.001,0.004,0.122
63,31,0.0,0.001,0.135
63,32,0.001,0.002,0.128
63,33,0.001,0.003,0.127
63,34,0.002,0.005,0.121
63,35,0.002,0.006,0.117
63,36,0.002,0.006,0.119
63,37,0.001,0.003,0.128
63,38,0.002,0.005,0.123
63,39,0.003,0.007,0.119
63,40,0.003,0.008,0.118
63,41,0.003,0.008,0.117
63,42,0.001,0.002,0.139
63,43,0.001,0.004,0.129
63,44,0.003,0.007,0.122
63,45,0.002,0.005,0.128
63,46,0.001,0.002,0.139
63,47,0.001,0.003,0.134
63,48,0.001,0.003,0.137
63,49,0.001,0.003,0.137
63,50,0.001,0.003,0.138
63,51,0.001,0.002,0.141
63,52,0.001,0.004,0.134
63,53,0.002,0.005,0.131
63,54,0.002,0.006,0.129
63,55,0.001,0.003,0.137
63,56,0.0,0.001,0.152
63,57,0.001,0.003,0.141
63,58,0.001,0.003,0.14
63,59,0.001,0.003,0.141
63,6,0.001,0.002,0.129
63,60,0.001,0.003,0.138
63,61,0.001,0.003,0.141
63,62,0.0,0.001,0.149
63,63,0.0,0.001,0.149
63,64,0.0,0.001,0.152
63,65,0.0,0.001,0.154
63,66,0.0,0.001,0.159
63,67,0.0,0.001,0.154
63,68,0.0,0.001,0.15
63,69,0.0,0.001,0.156
63,7,0.001,0.003,0.123
63,70,0.0,0.0,0.163
63,71,0.0,0.0,0.173
63,72,0.0,0.0,0.174
63,73,0.0,0.0,0.173
63,74,0.0,0.0,0.179
63,75,0.0,0.0,0.188
63,76,0.0,0.0,0.188
63,77,0.0,0.0,0.193
63,78,0.0,0.0,0.198
63,79,0.0,0.0,0.211
63,8,0.001,0.003,0.124
63,80,0.0,0.0,0.196
63,81,0.0,0.0,0.209
63,82,0.0,0.0,0.2
63,83,0.0,0.0,0.216
63,84,0.0,0.0,0.212
63,85,0.0,0.0,0.215
63,86,0.0,0.0,0.217
63,87,0.0,0.0,0.223
63,88,0.0,0.0,0.221
63,89,0.0,0.0,0.217
63,9,0.001,0.004,0.119
63,90,0.0,0.0,0.225
63,91,0.0,0.0,0.225
63,92,0.0,0.0,0.245
63,93,0.0,0.0,0.238
63,94,0.0,0.0,0.246
63,95,0.0,0.0,0.229
63,96,0.0,0.0,0.244
63,97,0.0,0.0,0.24
63,98,0.0,0.0,0.239
63,99,0.0,0.0,0.237
64,10,0.006,0.013,0.102
64,100,0.0,0.0,0.253
64,101,0.0,0.0,0.256
64,102,0.0,0.0,0.26
64,103,0.0,0.0,0.264
64,104,0.0,0.0,0.272
64,105,0.0,0.0,0.277
64,106,0.0,0.0,0.279
64,107,0.0,0.0,0.275
64,108,0.0,0.0,0.272
64,109,0.0,0.0,0.265
64,11,0.003,0.007,0.11
64,110,0.0,0.0,0.268
64,111,0.0,0.0,0.256
64,112,0.0,0.0,0.267
64,113,0.0,0.0,0.245
64,114,0.0,0.0,0.237
64,115,0.0,0.0,0.228
64,116,0.0,0.001,0.212
64,117,0.0,0.001,0.204
64,118,0.001,0.002,0.192
64,119,0.001,0.003,0.189
64,12,0.001,0.003,0.119
64,120,0.002,0.005,0.175
64,121,0.003,0.006,0.169
64,122,0.01,0.02,0.144
64,123,0.01,0.021,0.143
64,124,0.009,0.018,0.146
64,125,0.008,0.017,0.147
64,126,0.01,0.02,0.143
64,127,0.013,0.026,0.137
64,128,0.01,0.021,0.142
64,129,0.017,0.033,0.131
64,13,0.001,0.002,0.124
64,130,0.016,0.031,0.132
64,131,0.01,0.021,0.142
64,132,0.009,0.019,0.145
64,133,0.004,0.009,0.16
64,134,0.006,0.013,0.154
64,135,0.003,0.008,0.165
64,136,0.001,0.004,0.182
64,137,0.001,0.003,0.191
64,138,0.0,0.001,0.213
64,139,0.0,0.0,0.224
64,14,0.001,0.002,0.121
64,140,0.0,0.0,0.233
64,141,0.0,0.0,0.249
64,142,0.0,0.0,0.271
64,143,0.0,0.0,0.266
64,144,0.0,0.0,0.282
64,145,0.0,0.0,0.28
64,146,0.0,0.0,0.27
64,147,0.0,0.0,0.3
64,148,0.0,0.0,0.3
64,149,0.0,0.0,0.303
64,15,0.001,0.003,0.117
64,150,0.0,0.0,0.284
64,151,0.0,0.0,0.293
64,152,0.0,0.0,0.285
64,153,0.0,0.0,0.288
64,154,0.0,0.0,0.272
64,155,0.0,0.0,0.274
64,156,0.0,0.0,0.282
64,157,0.0,0.0,0.264
64,158,0.0,0.0,0.261
64,159,0.0,0.0,0.258
64,16,0.001,0.003,0.121
64,160,0.0,0.0,0.257
64,161,0.0,0.0,0.26
64,162,0.0,0.0,0.261
64,163,0.0,0.0,0.25
64,164,0.0,0.0,0.243
64,165,0.0,0.0,0.24
64,166,0.0,0.0,0.246
64,167,0.0,0.0,0.246
64,168,0.0,0.0,0.244
64,169,0.0,0.0,0.25
64,17,0.001,0.002,0.123
64,170,0.0,0.0,0.241
64,171,0.0,0.0,0.239
64,172,0.0,0.0,0.255
64,173,0.0,0.0,0.236
64,174,0.0,0.0,0.229
64,175,0.0,0.0,0.232
64,176,0.0,0.0,0.236
64,177,0.0,0.0,0.236
64,178,0.0,0.0,0.216
64,179,0.0,0.0,0.218
64,18,0.0,0.001,0.127
64,180,0.0,0.0,0.209
64,181,0.0,0.0,0.2
64,182,0.0,0.0,0.215
64,183,0.0,0.0,0.201
64,184,0.0,0.0,0.208
64,185,0.0,0.0,0.202
64,186,0.0,0.0,0.209
64,187,0.0,0.0,0.19
64,188,0.0,0.0,0.192
64,189,0.0,0.0,0.192
64,19,0.0,0.001,0.127
64,190,0.0,0.0,0.183
64,191,0.0,0.0,0.178
64,192,0.0,0.0,0.178
64,193,0.0,0.0,0.18
64,194,0.0,0.0,0.192
64,195,0.0,0.0,0.191
64,196,0.0,0.0,0.188
64,197,0.0,0.0,0.186
64,198,0.0,0.0,0.192
64,199,0.0,0.0,0.188
64,20,0.001,0.002,0.122
64,200,0.0,0.0,0.178
64,201,0.0,0.0,0.177
64,202,0.0,0.0,0.176
64,203,0.0,0.0,0.179
64,204,0.0,0.0,0.182
64,205,0.0,0.001,0.175
64,206,0.0,0.001,0.166
64,207,0.0,0.0,0.176
64,208,0.0,0.0,0.179
64,209,0.0,0.0,0.178
64,21,0.001,0.003,0.117
64,210,0.0,0.001,0.175
64,211,0.0,0.001,0.169
64,212,0.0,0.001,0.171
64,213,0.0,0.001,0.169
64,214,0.0,0.001,0.167
64,215,0.0,0.001,0.163
64,216,0.0,0.001,0.173
64,217,0.0,0.001,0.161
64,218,0.0,0.001,0.168
64,219,0.0,0.002,0.159
64,22,0.001,0.003,0.117
64,220,0.0,0.001,0.164
64,221,0.0,0.001,0.162
64,222,0.002,0.005,0.143
64,223,0.001,0.002,0.158
64,224,0.001,0.002,0.157
64,225,0.0,0.002,0.16
64,226,0.001,0.003,0.153
64,227,0.001,0.002,0.155
64,228,0.001,0.003,0.152
64,229,0.001,0.002,0.156
64,23,0.002,0.004,0.115
64,230,0.0,0.001,0.165
64,231,0.0,0.001,0.164
64,232,0.0,0.001,0.164
64,233,0.0,0.001,0.165
64,234,0.0,0.001,0.173
64,235,0.0,0.001,0.171
64,236,0.0,0.002,0.166
64,237,0.001,0.002,0.166
64,238,0.001,0.002,0.164
64,239,0.001,0.003,0.158
64,24,0.003,0.007,0.109
64,240,0.001,0.003,0.162
64,241,0.001,0.004,0.159
64,242,0.002,0.006,0.152
64,243,0.002,0.006,0.154
64,244,0.002,0.005,0.16
64,245,0.002,0.005,0.16
64,246,0.001,0.004,0.168
64,247,0.002,0.006,0.163
64,248,0.003,0.008,0.16
64,249,0.003,0.008,0.163
64,25,0.0,0.001,0.136
64,250,0.003,0.008,0.165
64,251,0.004,0.008,0.168
64,26,0.001,0.003,0.122
64,27,0.001,0.002,0.126
64,28,0.002,0.005,0.117
64,29,0.001,0.002,0.13
64,30,0.001,0.003,0.125
64,31,0.0,0.001,0.135
64,32,0.001,0.002,0.128
64,33,0.002,0.006,0.117
64,34,0.003,0.007,0.115
64,35,0.003,0.007,0.117
64,36,0.002,0.005,0.122
64,37,0.003,0.008,0.115
64,38,0.007,0.016,0.106
64,39,0.004,0.01,0.113
64,40,0.002,0.004,0.125
64,41,0.004,0.009,0.117
64,42,0.006,0.014,0.11
64,43,0.007,0.014,0.109
64,44,0.004,0.009,0.117
64,45,0.002,0.005,0.127
64,46,0.003,0.008,0.12
64,47,0.003,0.007,0.123
64,48,0.006,0.013,0.115
64,49,0.005,0.012,0.116
64,50,0.006,0.013,0.115
64,51,0.008,0.017,0.111
64,52,0.006,0.014,0.115
64,53,0.004,0.009,0.122
64,54,0.004,0.009,0.121
64,55,0.002,0.006,0.129
64,56,0.001,0.004,0.137
64,57,0.002,0.005,0.132
64,58,0.002,0.004,0.135
64,59,0.002,0.005,0.131
64,6,0.016,0.031,0.093
64,60,0.001,0.003,0.139
64,61,0.001,0.003,0.14
64,62,0.0,0.001,0.155
64,63,0.001,0.002,0.147
64,64,0.001,0.003,0.138
64,65,0.001,0.003,0.14
64,66,0.0,0.001,0.149
64,67,0.0,0.001,0.152
64,68,0.001,0.002,0.142
64,69,0.0,0.0,0.165
64,7,0.01,0.021,0.099
64,70,0.0,0.0,0.17
64,71,0.0,0.0,0.168
64,72,0.0,0.0,0.174
64,73,0.0,0.0,0.161
64,74,0.0,0.0,0.184
64,75,0.0,0.0,0.196
64,76,0.0,0.0,0.19
64,77,0.0,0.0,0.198
64,78,0.0,0.0,0.189
64,79,0.0,0.0,0.198
64,8,0.011,0.022,0.097
64,80,0.0,0.0,0.195
64,81,0.0,0.0,0.202
64,82,0.0,0.0,0.223
64,83,0.0,0.0,0.216
64,84,0.0,0.0,0.217
64,85,0.0,0.0,0.224
64,86,0.0,0.0,0.23
64,87,0.0,0.0,0.225
64,88,0.0,0.0,0.225
64,89,0.0,0.0,0.218
64,9,0.002,0.005,0.118
64,90,0.0,0.0,0.23
64,91,0.0,0.0,0.225
64,92,0.0,0.0,0.233
64,93,0.0,0.0,0.235
64,94,0.0,0.0,0.219
64,95,0.0,0.0,0.234
64,96,0.0,0.0,0.247
64,97,0.0,0.0,0.246
64,98,0.0,0.0,0.242
64,99,0.0,0.0,0.251
65,10,0.001,0.003,0.123
65,100,0.0,0.0,0.26
65,101,0.0,0.0,0.258
65,102,0.0,0.0,0.274
65,103,0.0,0.0,0.273
65,104,0.0,0.0,0.272
65,105,0.0,0.0,0.275
65,106,0.0,0.0,0.279
65,107,0.0,0.0,0.276
65,108,0.0,0.0,0.283
65,109,0.0,0.0,0.294
65,11,0.001,0.002,0.124
65,110,0.0,0.0,0.283
65,111,0.0,0.0,0.27
65,112,0.0,0.0,0.273
65,113,0.0,0.0,0.268
65,114,0.0,0.0,0.246
65,115,0.0,0.0,0.244
65,116,0.0,0.0,0.239
65,117,0.0,0.0,0.231
65,118,0.0,0.0,0.225
65,119,0.001,0.003,0.192
65,12,0.0,0.001,0.131
65,120,0.003,0.007,0.171
65,121,0.002,0.005,0.175
65,122,0.006,0.014,0.155
65,123,0.009,0.019,0.147
65,124,0.007,0.015,0.151
65,125,0.009,0.019,0.145
65,126,0.01,0.021,0.143
65,127,0.012,0.025,0.139
65,128,0.012,0.024,0.14
65,129,0.022,0.04,0.127
65,13,0.001,0.003,0.118
65,130,0.01,0.02,0.143
65,131,0.007,0.015,0.151
65,132,0.009,0.019,0.145
65,133,0.006,0.013,0.154
65,134,0.008,0.017,0.15
65,135,0.006,0.013,0.157
65,136,0.004,0.009,0.166
65,137,0.002,0.006,0.176
65,138,0.002,0.005,0.182
65,139,0.001,0.004,0.189
65,14,0.001,0.002,0.122
65,140,0.0,0.001,0.207
65,141,0.0,0.001,0.213
65,142,0.0,0.0,0.232
65,143,0.0,0.0,0.235
65,144,0.0,0.0,0.237
65,145,0.0,0.0,0.251
65,146,0.0,0.0,0.253
65,147,0.0,0.0,0.266
65,148,0.0,0.0,0.265
65,149,0.0,0.0,0.265
65,15,0.001,0.002,0.127
65,150,0.0,0.0,0.272
65,151,0.0,0.0,0.27
65,152,0.0,0.0,0.262
65,153,0.0,0.0,0.27
65,154,0.0,0.0,0.27
65,155,0.0,0.0,0.264
65,156,0.0,0.0,0.266
65,157,0.0,0.0,0.264
65,158,0.0,0.0,0.257
65,159,0.0,0.0,0.264
65,16,0.0,0.001,0.136
65,160,0.0,0.0,0.265
65,161,0.0,0.0,0.257
65,162,0.0,0.0,0.253
65,163,0.0,0.0,0.255
65,164,0.0,0.0,0.248
65,165,0.0,0.0,0.244
65,166,0.0,0.0,0.247
65,167,0.0,0.0,0.249
65,168,0.0,0.0,0.242
65,169,0.0,0.0,0.232
65,17,0.0,0.001,0.13
65,170,0.0,0.0,0.235
65,171,0.0,0.0,0.234
65,172,0.0,0.0,0.23
65,173,0.0,0.0,0.228
65,174,0.0,0.0,0.239
65,175,0.0,0.0,0.224
65,176,0.0,0.0,0.214
65,177,0.0,0.0,0.22
65,178,0.0,0.0,0.206
65,179,0.0,0.0,0.195
65,18,0.001,0.004,0.116
65,180,0.0,0.0,0.206
65,181,0.0,0.0,0.201
65,182,0.0,0.0,0.192
65,183,0.0,0.0,0.2
65,184,0.0,0.0,0.206
65,185,0.0,0.0,0.201
65,186,0.0,0.0,0.201
65,187,0.0,0.0,0.19
65,188,0.0,0.0,0.188
65,189,0.0,0.0,0.193
65,19,0.002,0.006,0.111
65,190,0.0,0.0,0.192
65,191,0.0,0.0,0.194
65,192,0.0,0.0,0.193
65,193,0.0,0.0,0.182
65,194,0.0,0.0,0.183
65,195,0.0,0.0,0.177
65,196,0.0,0.0,0.185
65,197,0.0,0.0,0.189
65,198,0.0,0.0,0.185
65,199,0.0,0.0,0.179
65,20,0.001,0.002,0.125
65,200,0.0,0.0,0.188
65,201,0.0,0.0,0.188
65,202,0.0,0.001,0.164
65,203,0.0,0.001,0.167
65,204,0.0,0.001,0.163
65,205,0.0,0.001,0.169
65,206,0.0,0.001,0.174
65,207,0.0,0.001,0.174
65,208,0.0,0.0,0.178
65,209,0.0,0.001,0.172
65,21,0.001,0.002,0.125
65,210,0.0,0.0,0.185
65,211,0.0,0.001,0.169
65,212,0.0,0.001,0.16
65,213,0.0,0.001,0.174
65,214,0.0,0.0,0.176
65,215,0.0,0.001,0.171
65,216,0.0,0.001,0.169
65,217,0.001,0.003,0.148
65,218,0.001,0.003,0.149
65,219,0.0,0.001,0.164
65,22,0.001,0.004,0.117
65,220,0.0,0.001,0.161
65,221,0.0,0.001,0.168
65,222,0.0,0.001,0.164
65,223,0.001,0.003,0.147
65,224,0.001,0.003,0.15
65,225,0.001,0.002,0.158
65,226,0.001,0.004,0.147
65,227,0.002,0.005,0.144
65,228,0.001,0.004,0.149
65,229,0.002,0.004,0.146
65,23,0.001,0.002,0.126
65,230,0.001,0.003,0.151
65,231,0.002,0.004,0.147
65,232,0.002,0.005,0.145
65,233,0.001,0.002,0.158
65,234,0.002,0.004,0.15
65,235,0.001,0.003,0.155
65,236,0.001,0.003,0.158
65,237,0.002,0.005,0.148
65,238,0.002,0.005,0.151
65,239,0.003,0.007,0.145
65,24,0.001,0.003,0.12
65,240,0.005,0.011,0.138
65,241,0.004,0.009,0.144
65,242,0.003,0.007,0.151
65,243,0.003,0.006,0.153
65,244,0.005,0.012,0.143
65,245,0.003,0.008,0.153
65,246,0.005,0.012,0.148
65,247,0.006,0.014,0.147
65,248,0.004,0.009,0.158
65,249,0.006,0.012,0.155
65,25,0.001,0.003,0.124
65,250,0.006,0.014,0.156
65,251,0.006,0.013,0.16
65,26,0.003,0.007,0.111
65,27,0.001,0.002,0.13
65,28,0.002,0.006,0.114
65,29,0.001,0.002,0.13
65,30,0.001,0.002,0.127
65,31,0.001,0.002,0.132
65,32,0.0,0.001,0.135
65,33,0.0,0.001,0.135
65,34,0.002,0.004,0.122
65,35,0.001,0.002,0.13
65,36,0.001,0.002,0.133
65,37,0.003,0.007,0.117
65,38,0.001,0.002,0.137
65,39,0.002,0.005,0.123
65,40,0.002,0.006,0.122
65,41,0.006,0.014,0.11
65,42,0.003,0.008,0.118
65,43,0.004,0.009,0.117
65,44,0.01,0.02,0.105
65,45,0.002,0.006,0.124
65,46,0.002,0.006,0.125
65,47,0.002,0.005,0.127
65,48,0.003,0.006,0.126
65,49,0.003,0.008,0.123
65,50,0.005,0.011,0.118
65,51,0.002,0.006,0.128
65,52,0.002,0.005,0.131
65,53,0.002,0.005,0.13
65,54,0.001,0.003,0.138
65,55,0.001,0.003,0.138
65,56,0.001,0.003,0.141
65,57,0.001,0.003,0.141
65,58,0.001,0.003,0.14
65,59,0.0,0.001,0.152
65,6,0.001,0.003,0.13
65,60,0.001,0.003,0.139
65,61,0.001,0.002,0.146
65,62,0.0,0.001,0.149
65,63,0.0,0.001,0.155
65,64,0.0,0.001,0.156
65,65,0.0,0.0,0.17
65,66,0.0,0.001,0.155
65,67,0.0,0.0,0.166
65,68,0.0,0.0,0.17
65,69,0.0,0.0,0.163
65,7,0.0,0.002,0.134
65,70,0.0,0.0,0.174
65,71,0.0,0.0,0.179
65,72,0.0,0.0,0.175
65,73,0.0,0.0,0.182
65,74,0.0,0.0,0.187
65,75,0.0,0.0,0.191
65,76,0.0,0.0,0.176
65,77,0.0,0.0,0.189
65,78,0.0,0.0,0.192
65,79,0.0,0.0,0.189
65,8,0.0,0.001,0.135
65,80,0.0,0.0,0.194
65,81,0.0,0.0,0.194
65,82,0.0,0.0,0.198
65,83,0.0,0.0,0.214
65,84,0.0,0.0,0.212
65,85,0.0,0.0,0.217
65,86,0.0,0.0,0.208
65,87,0.0,0.0,0.221
65,88,0.0,0.0,0.222
65,89,0.0,0.0,0.225
65,9,0.0,0.001,0.142
65,90,0.0,0.0,0.227
65,91,0.0,0.0,0.228
65,92,0.0,0.0,0.226
65,93,0.0,0.0,0.242
65,94,0.0,0.0,0.232
65,95,0.0,0.0,0.231
65,96,0.0,0.0,0.253
65,97,0.0,0.0,0.251
65,98,0.0,0.0,0.261
65,99,0.0,0.0,0.259
66,10,0.002,0.005,0.115
66,100,0.0,0.0,0.254
66,101,0.0,0.0,0.254
66,102,0.0,0.0,0.272
66,103,0.0,0.0,0.268
66,104,0.0,0.0,0.268
66,105,0.0,0.0,0.268
66,106,0.0,0.0,0.273
66,107,0.0,0.0,0.284
66,108,0.0,0.0,0.276
66,109,0.0,0.0,0.28
66,11,0.004,0.009,0.106
66,110,0.0,0.0,0.286
66,111,0.0,0.0,0.277
66,112,0.0,0.0,0.274
66,113,0.0,0.0,0.266
66,114,0.0,0.0,0.25
66,115,0.0,0.0,0.256
66,116,0.0,0.0,0.24
66,117,0.0,0.0,0.231
66,118,0.0,0.0,0.23
66,119,0.0,0.001,0.215
66,12,0.001,0.003,0.119
66,120,0.001,0.002,0.203
66,121,0.002,0.005,0.18
66,122,0.001,0.003,0.188
66,123,0.002,0.006,0.174
66,124,0.002,0.006,0.175
66,125,0.004,0.01,0.163
66,126,0.006,0.014,0.156
66,127,0.009,0.019,0.148
66,128,0.008,0.017,0.151
66,129,0.008,0.018,0.15
66,13,0.003,0.007,0.109
66,130,0.009,0.019,0.148
66,131,0.01,0.021,0.146
66,132,0.003,0.007,0.169
66,133,0.003,0.008,0.167
66,134,0.003,0.008,0.168
66,135,0.002,0.005,0.178
66,136,0.001,0.002,0.196
66,137,0.001,0.004,0.187
66,138,0.0,0.001,0.212
66,139,0.0,0.001,0.225
66,14,0.001,0.004,0.116
66,140,0.0,0.0,0.238
66,141,0.0,0.0,0.247
66,142,0.0,0.0,0.249
66,143,0.0,0.0,0.26
66,144,0.0,0.0,0.271
66,145,0.0,0.0,0.264
66,146,0.0,0.0,0.269
66,147,0.0,0.0,0.268
66,148,0.0,0.0,0.272
66,149,0.0,0.0,0.264
66,15,0.001,0.002,0.12
66,150,0.0,0.0,0.263
66,151,0.0,0.0,0.276
66,152,0.0,0.0,0.268
66,153,0.0,0.0,0.274
66,154,0.0,0.0,0.251
66,155,0.0,0.0,0.277
66,156,0.0,0.0,0.258
66,157,0.0,0.0,0.265
66,158,0.0,0.0,0.26
66,159,0.0,0.0,0.257
66,16,0.0,0.001,0.13
66,160,0.0,0.0,0.248
66,161,0.0,0.0,0.243
66,162,0.0,0.0,0.25
66,163,0.0,0.0,0.247
66,164,0.0,0.0,0.241
66,165,0.0,0.0,0.232
66,166,0.0,0.0,0.241
66,167,0.0,0.0,0.237
66,168,0.0,0.0,0.234
66,169,0.0,0.0,0.229
66,17,0.001,0.003,0.12
66,170,0.0,0.0,0.23
66,171,0.0,0.0,0.221
66,172,0.0,0.0,0.227
66,173,0.0,0.0,0.215
66,174,0.0,0.0,0.212
66,175,0.0,0.0,0.212
66,176,0.0,0.0,0.211
66,177,0.0,0.0,0.223
66,178,0.0,0.0,0.235
66,179,0.0,0.0,0.212
66,18,0.001,0.002,0.121
66,180,0.0,0.0,0.214
66,181,0.0,0.0,0.211
66,182,0.0,0.0,0.204
66,183,0.0,0.0,0.204
66,184,0.0,0.0,0.197
66,185,0.0,0.0,0.2
66,186,0.0,0.0,0.201
66,187,0.0,0.0,0.195
66,188,0.0,0.0,0.21
66,189,0.0,0.0,0.205
66,19,0.0,0.001,0.129
66,190,0.0,0.0,0.196
66,191,0.0,0.0,0.192
66,192,0.0,0.0,0.197
66,193,0.0,0.0,0.185
66,194,0.0,0.0,0.196
66,195,0.0,0.0,0.196
66,196,0.0,0.0,0.198
66,197,0.0,0.0,0.206
66,198,0.0,0.0,0.196
66,199,0.0,0.0,0.198
66,20,0.005,0.011,0.102
66,200,0.0,0.0,0.195
66,201,0.0,0.0,0.181
66,202,0.0,0.0,0.194
66,203,0.0,0.0,0.199
66,204,0.0,0.0,0.196
66,205,0.0,0.0,0.187
66,206,0.0,0.0,0.197
66,207,0.0,0.0,0.196
66,208,0.0,0.0,0.194
66,209,0.0,0.0,0.191
66,21,0.001,0.004,0.116
66,210,0.0,0.0,0.177
66,211,0.0,0.001,0.173
66,212,0.0,0.001,0.174
66,213,0.0,0.0,0.177
66,214,0.0,0.0,0.177
66,215,0.0,0.001,0.173
66,216,0.0,0.001,0.17
66,217,0.0,0.001,0.169
66,218,0.0,0.001,0.167
66,219,0.0,0.002,0.159
66,22,0.0,0.002,0.127
66,220,0.001,0.002,0.155
66,221,0.002,0.005,0.142
66,222,0.001,0.003,0.149
66,223,0.001,0.003,0.152
66,224,0.001,0.002,0.155
66,225,0.002,0.005,0.141
66,226,0.001,0.003,0.152
66,227,0.001,0.003,0.152
66,228,0.001,0.002,0.156
66,229,0.002,0.004,0.146
66,23,0.002,0.005,0.114
66,230,0.001,0.003,0.152
66,231,0.001,0.002,0.156
66,232,0.002,0.006,0.143
66,233,0.001,0.003,0.154
66,234,0.002,0.005,0.146
66,235,0.001,0.003,0.156
66,236,0.001,0.002,0.165
66,237,0.002,0.005,0.15
66,238,0.001,0.004,0.155
66,239,0.001,0.003,0.158
66,24,0.003,0.008,0.108
66,240,0.001,0.004,0.157
66,241,0.002,0.006,0.152
66,242,0.001,0.003,0.167
66,243,0.001,0.004,0.164
66,244,0.002,0.005,0.162
66,245,0.002,0.004,0.165
66,246,0.002,0.005,0.166
66,247,0.006,0.013,0.15
66,248,0.007,0.016,0.148
66,249,0.01,0.021,0.144
66,25,0.001,0.003,0.121
66,250,0.012,0.024,0.144
66,251,0.015,0.029,0.142
66,26,0.0,0.001,0.132
66,27,0.002,0.004,0.117
66,28,0.001,0.003,0.12
66,29,0.0,0.002,0.131
66,30,0.003,0.008,0.11
66,31,0.001,0.002,0.126
66,32,0.003,0.006,0.115
66,33,0.002,0.004,0.121
66,34,0.001,0.002,0.129
66,35,0.0,0.001,0.143
66,36,0.0,0.001,0.138
66,37,0.001,0.002,0.134
66,38,0.003,0.006,0.118
66,39,0.001,0.003,0.13
66,40,0.001,0.002,0.138
66,41,0.001,0.002,0.133
66,42,0.001,0.003,0.131
66,43,0.002,0.006,0.122
66,44,0.003,0.008,0.119
66,45,0.004,0.01,0.117
66,46,0.003,0.007,0.123
66,47,0.004,0.009,0.119
66,48,0.004,0.008,0.121
66,49,0.012,0.024,0.105
66,50,0.003,0.008,0.122
66,51,0.006,0.014,0.114
66,52,0.003,0.008,0.124
66,53,0.006,0.014,0.115
66,54,0.008,0.017,0.112
66,55,0.005,0.011,0.12
66,56,0.002,0.004,0.133
66,57,0.006,0.014,0.116
66,58,0.005,0.012,0.118
66,59,0.002,0.006,0.129
66,6,0.001,0.002,0.128
66,60,0.001,0.004,0.135
66,61,0.0,0.002,0.148
66,62,0.0,0.001,0.15
66,63,0.001,0.002,0.147
66,64,0.001,0.002,0.146
66,65,0.0,0.0,0.163
66,66,0.0,0.0,0.163
66,67,0.0,0.0,0.169
66,68,0.0,0.0,0.166
66,69,0.0,0.0,0.176
66,7,0.002,0.005,0.117
66,70,0.0,0.0,0.166
66,71,0.0,0.0,0.167
66,72,0.0,0.0,0.175
66,73,0.0,0.0,0.171
66,74,0.0,0.0,0.172
66,75,0.0,0.0,0.191
66,76,0.0,0.0,0.173
66,77,0.0,0.0,0.19
66,78,0.0,0.0,0.197
66,79,0.0,0.0,0.191
66,8,0.003,0.008,0.111
66,80,0.0,0.0,0.207
66,81,0.0,0.0,0.209
66,82,0.0,0.0,0.214
66,83,0.0,0.0,0.217
66,84,0.0,0.0,0.218
66,85,0.0,0.0,0.222
66,86,0.0,0.0,0.21
66,87,0.0,0.0,0.228
66,88,0.0,0.0,0.221
66,89,0.0,0.0,0.216
66,9,0.003,0.008,0.11
66,90,0.0,0.0,0.23
66,91,0.0,0.0,0.24
66,92,0.0,0.0,0.227
66,93,0.0,0.0,0.257
66,94,0.0,0.0,0.247
66,95,0.0,0.0,0.264
66,96,0.0,0.0,0.237
66,97,0.0,0.0,0.241
66,98,0.0,0.0,0.236
66,99,0.0,0.0,0.253
67,10,0.02,0.038,0.086
67,100,0.0,0.0,0.255
67,101,0.0,0.0,0.275
67,102,0.0,0.0,0.275
67,103,0.0,0.0,0.275
67,104,0.0,0.0,0.281
67,105,0.0,0.0,0.301
67,106,0.0,0.0,0.3
67,107,0.0,0.0,0.294
67,108,0.0,0.0,0.302
67,109,0.0,0.0,0.313
67,11,0.004,0.009,0.107
67,110,0.0,0.0,0.32
67,111,0.0,0.0,0.302
67,112,0.0,0.0,0.304
67,113,0.0,0.0,0.311
67,114,0.0,0.0,0.3
67,115,0.0,0.0,0.296
67,116,0.0,0.0,0.28
67,117,0.0,0.0,0.273
67,118,0.0,0.0,0.261
67,119,0.0,0.0,0.249
67,12,0.002,0.006,0.112
67,120,0.0,0.0,0.23
67,121,0.0,0.0,0.231
67,122,0.0,0.001,0.226
67,123,0.0,0.001,0.212
67,124,0.0,0.001,0.217
67,125,0.001,0.002,0.204
67,126,0.001,0.002,0.199
67,127,0.001,0.003,0.193
67,128,0.001,0.003,0.193
67,129,0.001,0.002,0.201
67,13,0.004,0.009,0.105
67,130,0.001,0.003,0.194
67,131,0.001,0.002,0.197
67,132,0.0,0.001,0.206
67,133,0.0,0.002,0.204
67,134,0.0,0.001,0.209
67,135,0.0,0.001,0.215
67,136,0.0,0.0,0.23
67,137,0.0,0.0,0.236
67,138,0.0,0.0,0.238
67,139,0.0,0.0,0.25
67,14,0.005,0.012,0.102
67,140,0.0,0.0,0.258
67,141,0.0,0.0,0.273
67,142,0.0,0.0,0.269
67,143,0.0,0.0,0.27
67,144,0.0,0.0,0.274
67,145,0.0,0.0,0.273
67,146,0.0,0.0,0.279
67,147,0.0,0.0,0.288
67,148,0.0,0.0,0.273
67,149,0.0,0.0,0.282
67,15,0.003,0.008,0.106
67,150,0.0,0.0,0.276
67,151,0.0,0.0,0.279
67,152,0.0,0.0,0.281
67,153,0.0,0.0,0.289
67,154,0.0,0.0,0.291
67,155,0.0,0.0,0.284
67,156,0.0,0.0,0.287
67,157,0.0,0.0,0.287
67,158,0.0,0.0,0.289
67,159,0.0,0.0,0.282
67,16,0.001,0.004,0.116
67,160,0.0,0.0,0.271
67,161,0.0,0.0,0.271
67,162,0.0,0.0,0.26
67,163,0.0,0.0,0.271
67,164,0.0,0.0,0.262
67,165,0.0,0.0,0.256
67,166,0.0,0.0,0.249
67,167,0.0,0.0,0.253
67,168,0.0,0.0,0.242
67,169,0.0,0.0,0.23
67,17,0.001,0.003,0.119
67,170,0.0,0.0,0.243
67,171,0.0,0.0,0.244
67,172,0.0,0.0,0.242
67,173,0.0,0.0,0.221
67,174,0.0,0.0,0.221
67,175,0.0,0.0,0.232
67,176,0.0,0.0,0.234
67,177,0.0,0.0,0.23
67,178,0.0,0.0,0.216
67,179,0.0,0.0,0.214
67,18,0.001,0.002,0.122
67,180,0.0,0.0,0.203
67,181,0.0,0.0,0.2
67,182,0.0,0.0,0.209
67,183,0.0,0.0,0.197
67,184,0.0,0.0,0.196
67,185,0.0,0.0,0.206
67,186,0.0,0.0,0.212
67,187,0.0,0.0,0.215
67,188,0.0,0.0,0.215
67,189,0.0,0.0,0.209
67,19,0.001,0.004,0.116
67,190,0.0,0.0,0.207
67,191,0.0,0.0,0.194
67,192,0.0,0.0,0.201
67,193,0.0,0.0,0.206
67,194,0.0,0.0,0.205
67,195,0.0,0.0,0.196
67,196,0.0,0.0,0.194
67,197,0.0,0.0,0.186
67,198,0.0,0.0,0.199
67,199,0.0,0.0,0.194
67,20,0.002,0.005,0.113
67,200,0.0,0.0,0.194
67,201,0.0,0.0,0.196
67,202,0.0,0.0,0.198
67,203,0.0,0.0,0.188
67,204,0.0,0.001,0.175
67,205,0.0,0.001,0.174
67,206,0.0,0.001,0.168
67,207,0.0,0.001,0.163
67,208,0.0,0.001,0.171
67,209,0.0,0.001,0.175
67,21,0.003,0.007,0.108
67,210,0.0,0.0,0.182
67,211,0.0,0.0,0.176
67,212,0.0,0.001,0.165
67,213,0.0,0.001,0.167
67,214,0.001,0.003,0.149
67,215,0.0,0.001,0.162
67,216,0.0,0.001,0.171
67,217,0.001,0.002,0.153
67,218,0.0,0.002,0.159
67,219,0.001,0.003,0.151
67,22,0.001,0.003,0.118
67,220,0.0,0.002,0.159
67,221,0.001,0.002,0.157
67,222,0.001,0.002,0.153
67,223,0.001,0.003,0.148
67,224,0.002,0.005,0.141
67,225,0.002,0.006,0.14
67,226,0.002,0.005,0.142
67,227,0.004,0.009,0.133
67,228,0.003,0.006,0.139
67,229,0.001,0.003,0.151
67,23,0.002,0.006,0.111
67,230,0.001,0.002,0.159
67,231,0.002,0.005,0.145
67,232,0.002,0.005,0.146
67,233,0.001,0.003,0.153
67,234,0.003,0.006,0.143
67,235,0.001,0.004,0.153
67,236,0.002,0.004,0.151
67,237,0.004,0.009,0.141
67,238,0.001,0.003,0.162
67,239,0.003,0.008,0.145
67,24,0.003,0.007,0.109
67,240,0.003,0.007,0.148
67,241,0.003,0.008,0.148
67,242,0.005,0.011,0.143
67,243,0.004,0.01,0.147
67,244,0.004,0.01,0.15
67,245,0.011,0.022,0.135
67,246,0.006,0.012,0.149
67,247,0.008,0.017,0.146
67,248,0.006,0.014,0.153
67,249,0.009,0.02,0.147
67,25,0.001,0.003,0.122
67,250,0.01,0.021,0.149
67,251,0.012,0.024,0.147
67,26,0.001,0.002,0.127
67,27,0.002,0.005,0.116
67,28,0.003,0.008,0.109
67,29,0.001,0.002,0.127
67,30,0.001,0.002,0.126
67,31,0.002,0.006,0.114
67,32,0.001,0.002,0.127
67,33,0.002,0.004,0.12
67,34,0.002,0.005,0.117
67,35,0.002,0.005,0.12
67,36,0.003,0.008,0.113
67,37,0.002,0.005,0.122
67,38,0.004,0.009,0.113
67,39,0.001,0.002,0.132
67,40,0.003,0.007,0.118
67,41,0.001,0.002,0.134
67,42,0.004,0.009,0.116
67,43,0.004,0.01,0.115
67,44,0.002,0.005,0.125
67,45,0.004,0.009,0.118
67,46,0.002,0.005,0.127
67,47,0.006,0.013,0.113
67,48,0.004,0.01,0.118
67,49,0.003,0.006,0.125
67,50,0.001,0.003,0.135
67,51,0.002,0.005,0.13
67,52,0.002,0.005,0.13
67,53,0.003,0.008,0.124
67,54,0.001,0.004,0.134
67,55,0.001,0.002,0.144
67,56,0.002,0.006,0.129
67,57,0.001,0.002,0.142
67,58,0.001,0.002,0.141
67,59,0.001,0.003,0.14
67,6,0.006,0.013,0.105
67,60,0.001,0.003,0.141
67,61,0.001,0.003,0.139
67,62,0.001,0.002,0.144
67,63,0.001,0.002,0.143
67,64,0.001,0.002,0.145
67,65,0.0,0.001,0.148
67,66,0.0,0.001,0.152
67,67,0.0,0.001,0.151
67,68,0.0,0.002,0.147
67,69,0.0,0.0,0.163
67,7,0.005,0.012,0.106
67,70,0.0,0.001,0.155
67,71,0.0,0.001,0.149
67,72,0.0,0.001,0.159
67,73,0.0,0.001,0.15
67,74,0.0,0.0,0.173
67,75,0.0,0.0,0.179
67,76,0.0,0.0,0.185
67,77,0.0,0.0,0.182
67,78,0.0,0.0,0.182
67,79,0.0,0.0,0.184
67,8,0.007,0.016,0.101
67,80,0.0,0.0,0.191
67,81,0.0,0.0,0.193
67,82,0.0,0.0,0.202
67,83,0.0,0.0,0.186
67,84,0.0,0.0,0.198
67,85,0.0,0.0,0.205
67,86,0.0,0.0,0.211
67,87,0.0,0.0,0.214
67,88,0.0,0.0,0.225
67,89,0.0,0.0,0.22
67,9,0.016,0.031,0.09
67,90,0.0,0.0,0.222
67,91,0.0,0.0,0.23
67,92,0.0,0.0,0.227
67,93,0.0,0.0,0.228
67,94,0.0,0.0,0.248
67,95,0.0,0.0,0.241
67,96,0.0,0.0,0.247
67,97,0.0,0.0,0.249
67,98,0.0,0.0,0.254
67,99,0.0,0.0,0.264
68,10,0.008,0.018,0.098
68,100,0.0,0.0,0.268
68,101,0.0,0.0,0.261
68,102,0.0,0.0,0.258
68,103,0.0,0.0,0.277
68,104,0.0,0.0,0.27
68,105,0.0,0.0,0.284
68,106,0.0,0.0,0.288
68,107,0.0,0.0,0.301
68,108,0.0,0.0,0.299
68,109,0.0,0.0,0.3
68,11,0.002,0.006,0.111
68,110,0.0,0.0,0.303
68,111,0.0,0.0,0.316
68,112,0.0,0.0,0.313
68,113,0.0,0.0,0.311
68,114,0.0,0.0,0.305
68,115,0.0,0.0,0.301
68,116,0.0,0.0,0.297
68,117,0.0,0.0,0.296
68,118,0.0,0.0,0.292
68,119,0.0,0.0,0.277
68,12,0.005,0.011,0.103
68,120,0.0,0.0,0.28
68,121,0.0,0.0,0.253
68,122,0.0,0.0,0.267
68,123,0.0,0.0,0.268
68,124,0.0,0.0,0.236
68,125,0.0,0.0,0.242
68,126,0.0,0.0,0.235
68,127,0.0,0.0,0.233
68,128,0.0,0.001,0.229
68,129,0.0,0.001,0.215
68,13,0.001,0.004,0.115
68,130,0.0,0.001,0.218
68,131,0.0,0.001,0.225
68,132,0.0,0.001,0.219
68,133,0.001,0.002,0.208
68,134,0.0,0.001,0.219
68,135,0.0,0.0,0.231
68,136,0.0,0.0,0.232
68,137,0.0,0.0,0.24
68,138,0.0,0.0,0.23
68,139,0.0,0.0,0.256
68,14,0.001,0.003,0.121
68,140,0.0,0.0,0.265
68,141,0.0,0.0,0.27
68,142,0.0,0.0,0.269
68,143,0.0,0.0,0.27
68,144,0.0,0.0,0.282
68,145,0.0,0.0,0.279
68,146,0.0,0.0,0.289
68,147,0.0,0.0,0.285
68,148,0.0,0.0,0.297
68,149,0.0,0.0,0.29
68,15,0.0,0.001,0.134
68,150,0.0,0.0,0.288
68,151,0.0,0.0,0.299
68,152,0.0,0.0,0.295
68,153,0.0,0.0,0.287
68,154,0.0,0.0,0.277
68,155,0.0,0.0,0.282
68,156,0.0,0.0,0.291
68,157,0.0,0.0,0.285
68,158,0.0,0.0,0.286
68,159,0.0,0.0,0.269
68,16,0.001,0.003,0.121
68,160,0.0,0.0,0.273
68,161,0.0,0.0,0.268
68,162,0.0,0.0,0.259
68,163,0.0,0.0,0.256
68,164,0.0,0.0,0.235
68,165,0.0,0.0,0.231
68,166,0.0,0.0,0.236
68,167,0.0,0.0,0.224
68,168,0.0,0.0,0.235
68,169,0.0,0.0,0.228
68,17,0.003,0.007,0.108
68,170,0.0,0.0,0.234
68,171,0.0,0.0,0.224
68,172,0.0,0.0,0.227
68,173,0.0,0.0,0.23
68,174,0.0,0.0,0.223
68,175,0.0,0.0,0.232
68,176,0.0,0.0,0.228
68,177,0.0,0.0,0.223
68,178,0.0,0.0,0.228
68,179,0.0,0.0,0.226
68,18,0.001,0.004,0.116
68,180,0.0,0.0,0.225
68,181,0.0,0.0,0.211
68,182,0.0,0.0,0.206
68,183,0.0,0.0,0.207
68,184,0.0,0.0,0.201
68,185,0.0,0.0,0.195
68,186,0.0,0.0,0.202
68,187,0.0,0.0,0.201
68,188,0.0,0.0,0.198
68,189,0.0,0.0,0.203
68,19,0.001,0.002,0.124
68,190,0.0,0.0,0.198
68,191,0.0,0.0,0.2
68,192,0.0,0.0,0.203
68,193,0.0,0.0,0.191
68,194,0.0,0.0,0.194
68,195,0.0,0.0,0.204
68,196,0.0,0.0,0.194
68,197,0.0,0.0,0.185
68,198,0.0,0.0,0.192
68,199,0.0,0.0,0.186
68,20,0.003,0.008,0.107
68,200,0.0,0.0,0.191
68,201,0.0,0.0,0.187
68,202,0.0,0.001,0.174
68,203,0.0,0.001,0.167
68,204,0.0,0.001,0.174
68,205,0.0,0.0,0.178
68,206,0.0,0.001,0.16
68,207,0.0,0.001,0.171
68,208,0.0,0.0,0.178
68,209,0.0,0.001,0.172
68,21,0.004,0.009,0.105
68,210,0.0,0.001,0.166
68,211,0.0,0.001,0.166
68,212,0.001,0.002,0.157
68,213,0.001,0.002,0.153
68,214,0.0,0.001,0.165
68,215,0.0,0.001,0.167
68,216,0.001,0.002,0.156
68,217,0.001,0.003,0.15
68,218,0.001,0.003,0.151
68,219,0.004,0.01,0.13
68,22,0.003,0.007,0.108
68,220,0.003,0.008,0.134
68,221,0.001,0.004,0.146
68,222,0.001,0.004,0.145
68,223,0.001,0.003,0.149
68,224,0.001,0.002,0.154
68,225,0.002,0.005,0.141
68,226,0.002,0.004,0.145
68,227,0.001,0.004,0.147
68,228,0.002,0.005,0.144
68,229,0.001,0.003,0.152
68,23,0.002,0.005,0.112
68,230,0.002,0.005,0.144
68,231,0.001,0.002,0.156
68,232,0.002,0.004,0.147
68,233,0.001,0.003,0.154
68,234,0.001,0.003,0.156
68,235,0.001,0.002,0.164
68,236,0.001,0.004,0.155
68,237,0.001,0.002,0.163
68,238,0.002,0.004,0.155
68,239,0.001,0.003,0.161
68,24,0.003,0.007,0.109
68,240,0.003,0.008,0.146
68,241,0.003,0.008,0.148
68,242,0.003,0.007,0.152
68,243,0.003,0.007,0.153
68,244,0.003,0.008,0.155
68,245,0.004,0.01,0.152
68,246,0.002,0.004,0.171
68,247,0.004,0.009,0.16
68,248,0.008,0.018,0.148
68,249,0.004,0.009,0.164
68,25,0.002,0.004,0.116
68,250,0.005,0.012,0.163
68,251,0.009,0.018,0.155
68,26,0.002,0.004,0.116
68,27,0.001,0.004,0.118
68,28,0.002,0.006,0.114
68,29,0.003,0.008,0.11
68,30,0.001,0.004,0.119
68,31,0.001,0.003,0.124
68,32,0.002,0.004,0.119
68,33,0.002,0.004,0.119
68,34,0.001,0.002,0.132
68,35,0.002,0.004,0.121
68,36,0.002,0.006,0.117
68,37,0.008,0.017,0.103
68,38,0.004,0.009,0.113
68,39,0.006,0.012,0.109
68,40,0.009,0.02,0.103
68,41,0.01,0.02,0.103
68,42,0.01,0.021,0.102
68,43,0.004,0.009,0.116
68,44,0.004,0.009,0.116
68,45,0.005,0.011,0.114
68,46,0.008,0.017,0.109
68,47,0.003,0.008,0.12
68,48,0.001,0.003,0.134
68,49,0.006,0.014,0.113
68,50,0.003,0.008,0.122
68,51,0.004,0.009,0.122
68,52,0.003,0.006,0.126
68,53,0.003,0.007,0.125
68,54,0.002,0.005,0.131
68,55,0.006,0.013,0.116
68,56,0.001,0.003,0.139
68,57,0.003,0.007,0.126
68,58,0.002,0.006,0.128
68,59,0.002,0.005,0.131
68,6,0.009,0.02,0.1
68,60,0.002,0.004,0.133
68,61,0.001,0.002,0.146
68,62,0.001,0.002,0.142
68,63,0.001,0.003,0.138
68,64,0.003,0.006,0.128
68,65,0.0,0.001,0.151
68,66,0.0,0.001,0.158
68,67,0.0,0.001,0.151
68,68,0.0,0.001,0.157
68,69,0.0,0.001,0.15
68,7,0.01,0.021,0.098
68,70,0.0,0.0,0.162
68,71,0.0,0.0,0.166
68,72,0.0,0.001,0.155
68,73,0.0,0.0,0.164
68,74,0.0,0.0,0.17
68,75,0.0,0.0,0.163
68,76,0.0,0.0,0.187
68,77,0.0,0.0,0.191
68,78,0.0,0.0,0.193
68,79,0.0,0.0,0.177
68,8,0.006,0.014,0.103
68,80,0.0,0.0,0.182
68,81,0.0,0.0,0.172
68,82,0.0,0.0,0.185
68,83,0.0,0.0,0.188
68,84,0.0,0.0,0.196
68,85,0.0,0.0,0.198
68,86,0.0,0.0,0.201
68,87,0.0,0.0,0.199
68,88,0.0,0.0,0.206
68,89,0.0,0.0,0.199
68,9,0.005,0.011,0.106
68,90,0.0,0.0,0.203
68,91,0.0,0.0,0.219
68,92,0.0,0.0,0.214
68,93,0.0,0.0,0.222
68,94,0.0,0.0,0.224
68,95,0.0,0.0,0.234
68,96,0.0,0.0,0.225
68,97,0.0,0.0,0.228
68,98,0.0,0.0,0.246
68,99,0.0,0.0,0.239
69,10,0.002,0.004,0.117
69,100,0.0,0.0,0.277
69,101,0.0,0.0,0.267
69,102,0.0,0.0,0.259
69,103,0.0,0.0,0.267
69,104,0.0,0.0,0.287
69,105,0.0,0.0,0.272
69,106,0.0,0.0,0.28
69,107,0.0,0.0,0.291
69,108,0.0,0.0,0.309
69,109,0.0,0.0,0.313
69,11,0.001,0.004,0.118
69,110,0.0,0.0,0.321
69,111,0.0,0.0,0.317
69,112,0.0,0.0,0.318
69,113,0.0,0.0,0.333
69,114,0.0,0.0,0.331
69,115,0.0,0.0,0.34
69,116,0.0,0.0,0.341
69,117,0.0,0.0,0.323
69,118,0.0,0.0,0.321
69,119,0.0,0.0,0.315
69,12,0.004,0.01,0.105
69,120,0.0,0.0,0.305
69,121,0.0,0.0,0.313
69,122,0.0,0.0,0.314
69,123,0.0,0.0,0.31
69,124,0.0,0.0,0.291
69,125,0.0,0.0,0.299
69,126,0.0,0.0,0.299
69,127,0.0,0.0,0.294
69,128,0.0,0.0,0.293
69,129,0.0,0.0,0.3
69,13,0.003,0.007,0.109
69,130,0.0,0.0,0.282
69,131,0.0,0.0,0.278
69,132,0.0,0.0,0.283
69,133,0.0,0.0,0.297
69,134,0.0,0.0,0.282
69,135,0.0,0.0,0.282
69,136,0.0,0.0,0.299
69,137,0.0,0.0,0.288
69,138,0.0,0.0,0.29
69,139,0.0,0.0,0.298
69,14,0.0,0.001,0.128
69,140,0.0,0.0,0.293
69,141,0.0,0.0,0.296
69,142,0.0,0.0,0.303
69,143,0.0,0.0,0.297
69,144,0.0,0.0,0.289
69,145,0.0,0.0,0.29
69,146,0.0,0.0,0.293
69,147,0.0,0.0,0.292
69,148,0.0,0.0,0.285
69,149,0.0,0.0,0.297
69,15,0.0,0.001,0.128
69,150,0.0,0.0,0.296
69,151,0.0,0.0,0.287
69,152,0.0,0.0,0.287
69,153,0.0,0.0,0.286
69,154,0.0,0.0,0.275
69,155,0.0,0.0,0.266
69,156,0.0,0.0,0.288
69,157,0.0,0.0,0.293
69,158,0.0,0.0,0.286
69,159,0.0,0.0,0.28
69,16,0.0,0.001,0.129
69,160,0.0,0.0,0.288
69,161,0.0,0.0,0.29
69,162,0.0,0.0,0.281
69,163,0.0,0.0,0.266
69,164,0.0,0.0,0.266
69,165,0.0,0.0,0.253
69,166,0.0,0.0,0.247
69,167,0.0,0.0,0.242
69,168,0.0,0.0,0.239
69,169,0.0,0.0,0.236
69,17,0.001,0.003,0.117
69,170,0.0,0.0,0.24
69,171,0.0,0.0,0.248
69,172,0.0,0.0,0.224
69,173,0.0,0.0,0.228
69,174,0.0,0.0,0.222
69,175,0.0,0.0,0.222
69,176,0.0,0.0,0.221
69,177,0.0,0.0,0.224
69,178,0.0,0.0,0.221
69,179,0.0,0.0,0.207
69,18,0.0,0.001,0.126
69,180,0.0,0.0,0.226
69,181,0.0,0.0,0.225
69,182,0.0,0.0,0.222
69,183,0.0,0.0,0.217
69,184,0.0,0.0,0.215
69,185,0.0,0.0,0.218
69,186,0.0,0.0,0.219
69,187,0.0,0.0,0.226
69,188,0.0,0.0,0.218
69,189,0.0,0.0,0.218
69,19,0.001,0.002,0.123
69,190,0.0,0.0,0.206
69,191,0.0,0.0,0.204
69,192,0.0,0.0,0.2
69,193,0.0,0.0,0.204
69,194,0.0,0.0,0.212
69,195,0.0,0.0,0.211
69,196,0.0,0.0,0.205
69,197,0.0,0.0,0.217
69,198,0.0,0.0,0.207
69,199,0.0,0.0,0.198
69,20,0.0,0.001,0.127
69,200,0.0,0.0,0.192
69,201,0.0,0.0,0.196
69,202,0.0,0.0,0.19
69,203,0.0,0.001,0.173
69,204,0.0,0.0,0.197
69,205,0.0,0.0,0.178
69,206,0.0,0.0,0.18
69,207,0.0,0.001,0.165
69,208,0.0,0.001,0.169
69,209,0.0,0.001,0.17
69,21,0.002,0.004,0.115
69,210,0.0,0.0,0.183
69,211,0.0,0.001,0.17
69,212,0.0,0.001,0.17
69,213,0.001,0.003,0.151
69,214,0.0,0.001,0.163
69,215,0.0,0.001,0.164
69,216,0.0,0.0,0.178
69,217,0.0,0.001,0.161
69,218,0.0,0.002,0.158
69,219,0.001,0.002,0.158
69,22,0.001,0.002,0.122
69,220,0.0,0.001,0.165
69,221,0.001,0.003,0.149
69,222,0.001,0.003,0.151
69,223,0.001,0.003,0.149
69,224,0.001,0.004,0.147
69,225,0.001,0.002,0.154
69,226,0.003,0.006,0.139
69,227,0.002,0.004,0.145
69,228,0.001,0.003,0.153
69,229,0.001,0.002,0.16
69,23,0.001,0.003,0.12
69,230,0.001,0.002,0.158
69,231,0.001,0.003,0.154
69,232,0.001,0.003,0.153
69,233,0.001,0.003,0.154
69,234,0.0,0.002,0.166
69,235,0.001,0.002,0.167
69,236,0.0,0.001,0.174
69,237,0.002,0.005,0.151
69,238,0.004,0.01,0.141
69,239,0.002,0.004,0.157
69,24,0.001,0.003,0.119
69,240,0.002,0.006,0.154
69,241,0.003,0.006,0.153
69,242,0.003,0.008,0.15
69,243,0.003,0.008,0.154
69,244,0.009,0.019,0.138
69,245,0.014,0.027,0.132
69,246,0.01,0.02,0.141
69,247,0.01,0.021,0.143
69,248,0.025,0.045,0.127
69,249,0.023,0.042,0.131
69,25,0.001,0.002,0.126
69,250,0.011,0.023,0.149
69,251,0.012,0.023,0.151
69,26,0.003,0.008,0.108
69,27,0.001,0.004,0.119
69,28,0.0,0.001,0.132
69,29,0.001,0.002,0.128
69,30,0.001,0.002,0.125
69,31,0.002,0.004,0.118
69,32,0.001,0.003,0.126
69,33,0.001,0.003,0.125
69,34,0.005,0.011,0.108
69,35,0.003,0.007,0.115
69,36,0.001,0.003,0.128
69,37,0.001,0.003,0.127
69,38,0.001,0.002,0.132
69,39,0.002,0.004,0.124
69,40,0.001,0.002,0.133
69,41,0.001,0.002,0.135
69,42,0.002,0.004,0.125
69,43,0.001,0.003,0.131
69,44,0.002,0.005,0.125
69,45,0.003,0.008,0.119
69,46,0.003,0.006,0.122
69,47,0.002,0.006,0.124
69,48,0.001,0.003,0.134
69,49,0.002,0.004,0.13
69,50,0.002,0.005,0.13
69,51,0.001,0.004,0.134
69,52,0.003,0.008,0.122
69,53,0.002,0.005,0.128
69,54,0.002,0.006,0.128
69,55,0.001,0.003,0.138
69,56,0.001,0.004,0.134
69,57,0.0,0.002,0.147
69,58,0.001,0.003,0.139
69,59,0.001,0.003,0.138
69,6,0.002,0.006,0.117
69,60,0.0,0.001,0.15
69,61,0.001,0.002,0.146
69,62,0.0,0.001,0.149
69,63,0.001,0.002,0.145
69,64,0.0,0.002,0.148
69,65,0.001,0.002,0.143
69,66,0.0,0.001,0.149
69,67,0.0,0.001,0.149
69,68,0.0,0.0,0.165
69,69,0.0,0.001,0.153
69,7,0.003,0.008,0.113
69,70,0.0,0.0,0.161
69,71,0.0,0.001,0.158
69,72,0.0,0.001,0.156
69,73,0.0,0.001,0.152
69,74,0.0,0.0,0.17
69,75,0.0,0.0,0.183
69,76,0.0,0.0,0.181
69,77,0.0,0.0,0.182
69,78,0.0,0.0,0.178
69,79,0.0,0.0,0.181
69,8,0.001,0.004,0.122
69,80,0.0,0.0,0.19
69,81,0.0,0.0,0.192
69,82,0.0,0.0,0.201
69,83,0.0,0.0,0.207
69,84,0.0,0.0,0.201
69,85,0.0,0.0,0.199
69,86,0.0,0.0,0.21
69,87,0.0,0.0,0.211
69,88,0.0,0.0,0.222
69,89,0.0,0.0,0.217
69,9,0.003,0.008,0.111
69,90,0.0,0.0,0.236
69,91,0.0,0.0,0.229
69,92,0.0,0.0,0.233
69,93,0.0,0.0,0.234
69,94,0.0,0.0,0.255
69,95,0.0,0.0,0.237
69,96,0.0,0.0,0.241
69,97,0.0,0.0,0.252
69,98,0.0,0.0,0.254
69,99,0.0,0.0,0.264
7,10,0.001,0.003,0.112
7,100,0.001,0.002,0.126
7,101,0.0,0.001,0.138
7,102,0.0,0.001,0.131
7,103,0.001,0.002,0.127
7,104,0.001,0.002,0.128
7,105,0.001,0.003,0.122
7,106,0.001,0.003,0.124
7,107,0.002,0.004,0.118
7,108,0.002,0.006,0.114
7,109,0.003,0.007,0.113
7,11,0.003,0.007,0.099
7,110,0.001,0.002,0.127
7,111,0.001,0.002,0.127
7,112,0.002,0.004,0.119
7,113,0.001,0.002,0.131
7,114,0.001,0.002,0.132
7,115,0.001,0.002,0.128
7,116,0.001,0.002,0.128
7,117,0.0,0.001,0.142
7,118,0.0,0.001,0.142
7,119,0.001,0.002,0.133
7,12,0.001,0.002,0.114
7,120,0.0,0.002,0.135
7,121,0.0,0.001,0.142
7,122,0.0,0.001,0.14
7,123,0.0,0.001,0.141
7,124,0.0,0.0,0.152
7,125,0.0,0.001,0.142
7,126,0.0,0.001,0.141
7,127,0.0,0.001,0.146
7,128,0.0,0.001,0.147
7,129,0.0,0.0,0.151
7,13,0.0,0.002,0.114
7,130,0.0,0.0,0.153
7,131,0.0,0.0,0.152
7,132,0.0,0.0,0.157
7,133,0.0,0.0,0.156
7,134,0.0,0.0,0.153
7,135,0.0,0.0,0.153
7,136,0.0,0.0,0.159
7,137,0.0,0.0,0.154
7,138,0.0,0.0,0.16
7,139,0.0,0.0,0.161
7,14,0.001,0.002,0.11
7,140,0.0,0.0,0.153
7,141,0.0,0.001,0.15
7,142,0.0,0.001,0.14
7,143,0.0,0.0,0.155
7,144,0.0,0.001,0.152
7,145,0.0,0.001,0.15
7,146,0.0,0.001,0.149
7,147,0.0,0.001,0.15
7,148,0.0,0.0,0.159
7,149,0.0,0.0,0.159
7,15,0.001,0.002,0.109
7,150,0.0,0.0,0.157
7,151,0.0,0.001,0.154
7,152,0.0,0.001,0.156
7,153,0.0,0.0,0.159
7,154,0.0,0.0,0.169
7,155,0.0,0.0,0.172
7,156,0.0,0.0,0.169
7,157,0.0,0.0,0.179
7,158,0.0,0.0,0.181
7,159,0.0,0.0,0.182
7,16,0.001,0.002,0.112
7,160,0.0,0.0,0.181
7,161,0.0,0.0,0.183
7,162,0.0,0.0,0.193
7,163,0.0,0.0,0.197
7,164,0.0,0.0,0.191
7,165,0.0,0.0,0.187
7,166,0.0,0.0,0.188
7,167,0.0,0.0,0.191
7,168,0.0,0.0,0.196
7,169,0.0,0.0,0.191
7,17,0.002,0.005,0.099
7,170,0.0,0.0,0.183
7,171,0.0,0.0,0.189
7,172,0.0,0.0,0.176
7,173,0.0,0.0,0.172
7,174,0.0,0.0,0.167
7,175,0.0,0.0,0.17
7,176,0.0,0.0,0.186
7,177,0.0,0.0,0.195
7,178,0.0,0.0,0.185
7,179,0.0,0.0,0.177
7,18,0.001,0.002,0.108
7,180,0.0,0.0,0.18
7,181,0.0,0.0,0.174
7,182,0.0,0.0,0.183
7,183,0.0,0.0,0.174
7,184,0.0,0.0,0.172
7,185,0.0,0.001,0.166
7,186,0.0,0.001,0.167
7,187,0.0,0.001,0.159
7,188,0.001,0.002,0.156
7,189,0.0,0.001,0.165
7,19,0.0,0.001,0.114
7,190,0.0,0.001,0.164
7,191,0.0,0.001,0.169
7,192,0.0,0.001,0.166
7,193,0.0,0.001,0.165
7,194,0.0,0.001,0.175
7,195,0.0,0.0,0.188
7,196,0.001,0.002,0.164
7,197,0.0,0.001,0.173
7,198,0.0,0.001,0.181
7,199,0.0,0.001,0.171
7,20,0.001,0.003,0.103
7,200,0.0,0.001,0.172
7,201,0.001,0.002,0.166
7,202,0.001,0.002,0.167
7,203,0.001,0.002,0.167
7,204,0.0,0.002,0.175
7,205,0.001,0.003,0.165
7,206,0.0,0.001,0.178
7,207,0.001,0.002,0.178
7,208,0.0,0.001,0.182
7,209,0.0,0.001,0.182
7,21,0.001,0.003,0.106
7,210,0.0,0.001,0.187
7,211,0.0,0.0,0.206
7,212,0.001,0.002,0.182
7,213,0.0,0.001,0.189
7,214,0.0,0.001,0.189
7,215,0.001,0.003,0.179
7,216,0.0,0.002,0.19
7,217,0.0,0.001,0.195
7,218,0.001,0.002,0.189
7,219,0.001,0.002,0.192
7,22,0.0,0.001,0.115
7,220,0.0,0.001,0.199
7,221,0.0,0.001,0.197
7,222,0.0,0.001,0.212
7,223,0.0,0.001,0.2
7,224,0.0,0.001,0.212
7,225,0.0,0.001,0.202
7,226,0.0,0.0,0.229
7,227,0.0,0.001,0.202
7,228,0.0,0.0,0.221
7,229,0.0,0.001,0.221
7,23,0.001,0.004,0.102
7,230,0.0,0.001,0.215
7,231,0.0,0.001,0.209
7,232,0.0,0.001,0.218
7,233,0.0,0.0,0.236
7,234,0.0,0.001,0.214
7,235,0.0,0.001,0.209
7,236,0.0,0.001,0.21
7,237,0.0,0.001,0.208
7,238,0.001,0.002,0.201
7,239,0.002,0.005,0.185
7,24,0.001,0.003,0.104
7,240,0.001,0.003,0.199
7,241,0.002,0.006,0.184
7,242,0.001,0.004,0.193
7,243,0.001,0.003,0.196
7,244,0.001,0.004,0.197
7,245,0.003,0.007,0.182
7,246,0.004,0.009,0.179
7,247,0.004,0.01,0.178
7,248,0.007,0.016,0.169
7,249,0.006,0.013,0.175
7,25,0.0,0.001,0.112
7,250,0.008,0.017,0.169
7,251,0.009,0.019,0.168
7,26,0.001,0.002,0.109
7,27,0.001,0.002,0.107
7,28,0.001,0.003,0.104
7,29,0.002,0.006,0.096
7,30,0.001,0.003,0.103
7,31,0.002,0.006,0.098
7,32,0.002,0.005,0.1
7,33,0.001,0.003,0.103
7,34,0.001,0.004,0.102
7,35,0.001,0.002,0.108
7,36,0.001,0.002,0.109
7,37,0.002,0.005,0.099
7,38,0.0,0.001,0.114
7,39,0.001,0.002,0.109
7,40,0.001,0.002,0.111
7,41,0.001,0.003,0.107
7,42,0.001,0.003,0.105
7,43,0.001,0.003,0.108
7,44,0.001,0.003,0.106
7,45,0.001,0.002,0.108
7,46,0.001,0.004,0.103
7,47,0.0,0.001,0.12
7,48,0.001,0.002,0.109
7,49,0.001,0.004,0.104
7,50,0.003,0.008,0.097
7,51,0.002,0.005,0.101
7,52,0.0,0.002,0.114
7,53,0.0,0.001,0.117
7,54,0.002,0.006,0.101
7,55,0.001,0.004,0.105
7,56,0.0,0.001,0.122
7,57,0.0,0.001,0.124
7,58,0.0,0.001,0.122
7,59,0.001,0.004,0.105
7,60,0.0,0.001,0.119
7,61,0.0,0.001,0.118
7,62,0.0,0.001,0.126
7,63,0.0,0.001,0.122
7,64,0.0,0.001,0.121
7,65,0.0,0.001,0.126
7,66,0.0,0.0,0.132
7,67,0.0,0.001,0.122
7,68,0.0,0.001,0.125
7,69,0.001,0.002,0.116
7,7,0.006,0.013,0.095
7,70,0.001,0.002,0.117
7,71,0.0,0.001,0.122
7,72,0.0,0.001,0.122
7,73,0.001,0.003,0.113
7,74,0.002,0.006,0.105
7,75,0.003,0.008,0.101
7,76,0.001,0.002,0.117
7,77,0.001,0.002,0.116
7,78,0.0,0.001,0.124
7,79,0.0,0.001,0.126
7,8,0.003,0.008,0.1
7,80,0.002,0.005,0.11
7,81,0.001,0.002,0.118
7,82,0.001,0.003,0.116
7,83,0.0,0.001,0.124
7,84,0.001,0.003,0.115
7,85,0.002,0.005,0.109
7,86,0.001,0.003,0.115
7,87,0.001,0.003,0.118
7,88,0.001,0.003,0.117
7,89,0.001,0.002,0.121
7,9,0.001,0.003,0.112
7,90,0.001,0.004,0.114
7,91,0.002,0.006,0.109
7,92,0.001,0.003,0.119
7,93,0.001,0.003,0.121
7,94,0.001,0.003,0.119
7,95,0.002,0.006,0.11
7,96,0.001,0.002,0.126
7,97,0.001,0.002,0.125
7,98,0.001,0.003,0.122
7,99,0.001,0.002,0.128
70,10,0.0,0.001,0.131
70,100,0.0,0.0,0.238
70,101,0.0,0.0,0.268
70,102,0.0,0.0,0.273
70,103,0.0,0.0,0.273
70,104,0.0,0.0,0.289
70,105,0.0,0.0,0.284
70,106,0.0,0.0,0.298
70,107,0.0,0.0,0.303
70,108,0.0,0.0,0.298
70,109,0.0,0.0,0.304
70,11,0.001,0.002,0.124
70,110,0.0,0.0,0.308
70,111,0.0,0.0,0.305
70,112,0.0,0.0,0.32
70,113,0.0,0.0,0.33
70,114,0.0,0.0,0.316
70,115,0.0,0.0,0.323
70,116,0.0,0.0,0.343
70,117,0.0,0.0,0.348
70,118,0.0,0.0,0.347
70,119,0.0,0.0,0.348
70,12,0.001,0.002,0.122
70,120,0.0,0.0,0.345
70,121,0.0,0.0,0.334
70,122,0.0,0.0,0.34
70,123,0.0,0.0,0.344
70,124,0.0,0.0,0.329
70,125,0.0,0.0,0.322
70,126,0.0,0.0,0.318
70,127,0.0,0.0,0.317
70,128,0.0,0.0,0.323
70,129,0.0,0.0,0.315
70,13,0.001,0.002,0.125
70,130,0.0,0.0,0.321
70,131,0.0,0.0,0.312
70,132,0.0,0.0,0.32
70,133,0.0,0.0,0.327
70,134,0.0,0.0,0.321
70,135,0.0,0.0,0.321
70,136,0.0,0.0,0.326
70,137,0.0,0.0,0.321
70,138,0.0,0.0,0.319
70,139,0.0,0.0,0.303
70,14,0.0,0.001,0.126
70,140,0.0,0.0,0.318
70,141,0.0,0.0,0.314
70,142,0.0,0.0,0.308
70,143,0.0,0.0,0.32
70,144,0.0,0.0,0.31
70,145,0.0,0.0,0.311
70,146,0.0,0.0,0.314
70,147,0.0,0.0,0.296
70,148,0.0,0.0,0.299
70,149,0.0,0.0,0.287
70,15,0.0,0.001,0.13
70,150,0.0,0.0,0.291
70,151,0.0,0.0,0.29
70,152,0.0,0.0,0.281
70,153,0.0,0.0,0.294
70,154,0.0,0.0,0.296
70,155,0.0,0.0,0.29
70,156,0.0,0.0,0.278
70,157,0.0,0.0,0.284
70,158,0.0,0.0,0.284
70,159,0.0,0.0,0.267
70,16,0.001,0.002,0.123
70,160,0.0,0.0,0.258
70,161,0.0,0.0,0.262
70,162,0.0,0.0,0.267
70,163,0.0,0.0,0.268
70,164,0.0,0.0,0.263
70,165,0.0,0.0,0.257
70,166,0.0,0.0,0.259
70,167,0.0,0.0,0.259
70,168,0.0,0.0,0.25
70,169,0.0,0.0,0.25
70,17,0.001,0.003,0.117
70,170,0.0,0.0,0.247
70,171,0.0,0.0,0.236
70,172,0.0,0.0,0.241
70,173,0.0,0.0,0.235
70,174,0.0,0.0,0.233
70,175,0.0,0.0,0.23
70,176,0.0,0.0,0.231
70,177,0.0,0.0,0.225
70,178,0.0,0.0,0.214
70,179,0.0,0.0,0.218
70,18,0.002,0.004,0.113
70,180,0.0,0.0,0.228
70,181,0.0,0.0,0.217
70,182,0.0,0.0,0.204
70,183,0.0,0.0,0.199
70,184,0.0,0.0,0.199
70,185,0.0,0.0,0.214
70,186,0.0,0.0,0.217
70,187,0.0,0.0,0.208
70,188,0.0,0.0,0.207
70,189,0.0,0.0,0.207
70,19,0.0,0.001,0.129
70,190,0.0,0.0,0.196
70,191,0.0,0.0,0.198
70,192,0.0,0.0,0.196
70,193,0.0,0.0,0.188
70,194,0.0,0.0,0.187
70,195,0.0,0.0,0.193
70,196,0.0,0.0,0.191
70,197,0.0,0.0,0.189
70,198,0.0,0.0,0.183
70,199,0.0,0.0,0.189
70,20,0.0,0.001,0.128
70,200,0.0,0.0,0.184
70,201,0.0,0.0,0.177
70,202,0.0,0.0,0.185
70,203,0.0,0.0,0.185
70,204,0.0,0.0,0.178
70,205,0.0,0.0,0.184
70,206,0.0,0.0,0.182
70,207,0.0,0.001,0.172
70,208,0.0,0.0,0.175
70,209,0.0,0.001,0.167
70,21,0.001,0.003,0.119
70,210,0.0,0.001,0.161
70,211,0.001,0.003,0.15
70,212,0.001,0.002,0.154
70,213,0.001,0.002,0.155
70,214,0.001,0.003,0.15
70,215,0.0,0.001,0.161
70,216,0.0,0.001,0.166
70,217,0.001,0.002,0.157
70,218,0.0,0.001,0.161
70,219,0.0,0.002,0.158
70,22,0.002,0.006,0.11
70,220,0.0,0.002,0.158
70,221,0.001,0.002,0.153
70,222,0.001,0.004,0.147
70,223,0.002,0.005,0.14
70,224,0.001,0.002,0.153
70,225,0.0,0.001,0.161
70,226,0.0,0.001,0.16
70,227,0.0,0.001,0.172
70,228,0.0,0.001,0.173
70,229,0.0,0.001,0.164
70,23,0.001,0.002,0.122
70,230,0.0,0.001,0.173
70,231,0.0,0.001,0.169
70,232,0.0,0.001,0.175
70,233,0.0,0.001,0.17
70,234,0.0,0.0,0.184
70,235,0.0,0.001,0.175
70,236,0.001,0.002,0.169
70,237,0.0,0.001,0.172
70,238,0.0,0.001,0.178
70,239,0.001,0.002,0.17
70,24,0.0,0.001,0.13
70,240,0.0,0.001,0.18
70,241,0.0,0.001,0.191
70,242,0.0,0.001,0.187
70,243,0.0,0.002,0.184
70,244,0.001,0.003,0.174
70,245,0.001,0.003,0.179
70,246,0.004,0.01,0.158
70,247,0.002,0.005,0.174
70,248,0.004,0.009,0.166
70,249,0.006,0.012,0.162
70,25,0.0,0.001,0.129
70,250,0.009,0.018,0.156
70,251,0.016,0.03,0.146
70,26,0.001,0.004,0.118
70,27,0.001,0.004,0.117
70,28,0.001,0.002,0.124
70,29,0.001,0.003,0.122
70,30,0.001,0.003,0.122
70,31,0.0,0.001,0.131
70,32,0.0,0.001,0.141
70,33,0.0,0.001,0.137
70,34,0.0,0.001,0.138
70,35,0.001,0.002,0.129
70,36,0.001,0.002,0.134
70,37,0.001,0.004,0.124
70,38,0.001,0.003,0.127
70,39,0.002,0.006,0.12
70,40,0.002,0.006,0.12
70,41,0.001,0.002,0.133
70,42,0.002,0.005,0.123
70,43,0.001,0.003,0.128
70,44,0.003,0.007,0.12
70,45,0.003,0.007,0.12
70,46,0.003,0.007,0.122
70,47,0.001,0.004,0.129
70,48,0.001,0.003,0.133
70,49,0.001,0.003,0.132
70,50,0.001,0.003,0.134
70,51,0.002,0.005,0.129
70,52,0.001,0.003,0.137
70,53,0.0,0.001,0.146
70,54,0.0,0.001,0.148
70,55,0.001,0.003,0.137
70,56,0.001,0.002,0.143
70,57,0.0,0.001,0.154
70,58,0.003,0.008,0.124
70,59,0.002,0.004,0.132
70,6,0.007,0.016,0.102
70,60,0.002,0.005,0.131
70,61,0.002,0.006,0.128
70,62,0.001,0.003,0.137
70,63,0.001,0.003,0.136
70,64,0.002,0.005,0.131
70,65,0.001,0.002,0.145
70,66,0.001,0.003,0.137
70,67,0.002,0.005,0.131
70,68,0.002,0.004,0.133
70,69,0.001,0.002,0.143
70,7,0.004,0.01,0.108
70,70,0.0,0.001,0.151
70,71,0.0,0.001,0.148
70,72,0.0,0.001,0.152
70,73,0.0,0.0,0.163
70,74,0.0,0.0,0.16
70,75,0.0,0.0,0.16
70,76,0.0,0.0,0.171
70,77,0.0,0.0,0.18
70,78,0.0,0.0,0.187
70,79,0.0,0.0,0.19
70,8,0.004,0.009,0.109
70,80,0.0,0.0,0.186
70,81,0.0,0.0,0.192
70,82,0.0,0.0,0.202
70,83,0.0,0.0,0.206
70,84,0.0,0.0,0.197
70,85,0.0,0.0,0.215
70,86,0.0,0.0,0.219
70,87,0.0,0.0,0.233
70,88,0.0,0.0,0.229
70,89,0.0,0.0,0.221
70,9,0.001,0.002,0.125
70,90,0.0,0.0,0.242
70,91,0.0,0.0,0.243
70,92,0.0,0.0,0.241
70,93,0.0,0.0,0.247
70,94,0.0,0.0,0.243
70,95,0.0,0.0,0.245
70,96,0.0,0.0,0.243
70,97,0.0,0.0,0.254
70,98,0.0,0.0,0.256
70,99,0.0,0.0,0.254
71,10,0.004,0.01,0.104
71,100,0.0,0.0,0.269
71,101,0.0,0.0,0.266
71,102,0.0,0.0,0.263
71,103,0.0,0.0,0.279
71,104,0.0,0.0,0.288
71,105,0.0,0.0,0.277
71,106,0.0,0.0,0.294
71,107,0.0,0.0,0.284
71,108,0.0,0.0,0.301
71,109,0.0,0.0,0.283
71,11,0.003,0.007,0.108
71,110,0.0,0.0,0.295
71,111,0.0,0.0,0.309
71,112,0.0,0.0,0.306
71,113,0.0,0.0,0.319
71,114,0.0,0.0,0.326
71,115,0.0,0.0,0.338
71,116,0.0,0.0,0.349
71,117,0.0,0.0,0.345
71,118,0.0,0.0,0.36
71,119,0.0,0.0,0.359
71,12,0.003,0.006,0.109
71,120,0.0,0.0,0.353
71,121,0.0,0.0,0.357
71,122,0.0,0.0,0.342
71,123,0.0,0.0,0.358
71,124,0.0,0.0,0.367
71,125,0.0,0.0,0.365
71,126,0.0,0.0,0.372
71,127,0.0,0.0,0.36
71,128,0.0,0.0,0.363
71,129,0.0,0.0,0.351
71,13,0.001,0.003,0.118
71,130,0.0,0.0,0.349
71,131,0.0,0.0,0.341
71,132,0.0,0.0,0.334
71,133,0.0,0.0,0.33
71,134,0.0,0.0,0.331
71,135,0.0,0.0,0.329
71,136,0.0,0.0,0.316
71,137,0.0,0.0,0.321
71,138,0.0,0.0,0.316
71,139,0.0,0.0,0.316
71,14,0.001,0.002,0.124
71,140,0.0,0.0,0.311
71,141,0.0,0.0,0.309
71,142,0.0,0.0,0.305
71,143,0.0,0.0,0.298
71,144,0.0,0.0,0.283
71,145,0.0,0.0,0.309
71,146,0.0,0.0,0.303
71,147,0.0,0.0,0.301
71,148,0.0,0.0,0.296
71,149,0.0,0.0,0.302
71,15,0.0,0.0,0.139
71,150,0.0,0.0,0.299
71,151,0.0,0.0,0.287
71,152,0.0,0.0,0.298
71,153,0.0,0.0,0.277
71,154,0.0,0.0,0.288
71,155,0.0,0.0,0.283
71,156,0.0,0.0,0.274
71,157,0.0,0.0,0.275
71,158,0.0,0.0,0.262
71,159,0.0,0.0,0.275
71,16,0.0,0.001,0.129
71,160,0.0,0.0,0.263
71,161,0.0,0.0,0.256
71,162,0.0,0.0,0.252
71,163,0.0,0.0,0.245
71,164,0.0,0.0,0.249
71,165,0.0,0.0,0.244
71,166,0.0,0.0,0.226
71,167,0.0,0.0,0.23
71,168,0.0,0.0,0.242
71,169,0.0,0.0,0.233
71,17,0.001,0.002,0.121
71,170,0.0,0.0,0.237
71,171,0.0,0.0,0.235
71,172,0.0,0.0,0.226
71,173,0.0,0.0,0.214
71,174,0.0,0.0,0.225
71,175,0.0,0.0,0.215
71,176,0.0,0.0,0.226
71,177,0.0,0.0,0.224
71,178,0.0,0.0,0.218
71,179,0.0,0.0,0.224
71,18,0.0,0.0,0.142
71,180,0.0,0.0,0.218
71,181,0.0,0.0,0.208
71,182,0.0,0.0,0.213
71,183,0.0,0.0,0.207
71,184,0.0,0.0,0.203
71,185,0.0,0.0,0.209
71,186,0.0,0.0,0.215
71,187,0.0,0.0,0.206
71,188,0.0,0.0,0.214
71,189,0.0,0.0,0.214
71,19,0.0,0.001,0.133
71,190,0.0,0.0,0.198
71,191,0.0,0.0,0.203
71,192,0.0,0.0,0.211
71,193,0.0,0.0,0.208
71,194,0.0,0.0,0.198
71,195,0.0,0.0,0.188
71,196,0.0,0.0,0.183
71,197,0.0,0.0,0.185
71,198,0.0,0.0,0.176
71,199,0.0,0.0,0.18
71,20,0.0,0.0,0.138
71,200,0.0,0.0,0.196
71,201,0.0,0.0,0.187
71,202,0.0,0.0,0.188
71,203,0.0,0.0,0.176
71,204,0.0,0.0,0.19
71,205,0.0,0.0,0.189
71,206,0.0,0.0,0.185
71,207,0.0,0.001,0.17
71,208,0.0,0.0,0.179
71,209,0.0,0.001,0.164
71,21,0.0,0.001,0.137
71,210,0.0,0.001,0.169
71,211,0.0,0.001,0.173
71,212,0.0,0.0,0.175
71,213,0.001,0.002,0.157
71,214,0.0,0.001,0.164
71,215,0.0,0.001,0.171
71,216,0.001,0.002,0.156
71,217,0.001,0.003,0.151
71,218,0.001,0.002,0.153
71,219,0.001,0.002,0.154
71,22,0.0,0.001,0.132
71,220,0.001,0.003,0.151
71,221,0.001,0.003,0.147
71,222,0.001,0.002,0.157
71,223,0.001,0.002,0.156
71,224,0.001,0.003,0.151
71,225,0.002,0.005,0.143
71,226,0.001,0.002,0.156
71,227,0.001,0.004,0.148
71,228,0.001,0.003,0.151
71,229,0.001,0.003,0.154
71,23,0.0,0.002,0.125
71,230,0.001,0.003,0.153
71,231,0.001,0.002,0.161
71,232,0.001,0.003,0.155
71,233,0.001,0.003,0.159
71,234,0.002,0.004,0.152
71,235,0.001,0.002,0.164
71,236,0.001,0.002,0.166
71,237,0.001,0.003,0.159
71,238,0.001,0.003,0.166
71,239,0.001,0.003,0.166
71,24,0.001,0.003,0.118
71,240,0.001,0.003,0.167
71,241,0.001,0.002,0.173
71,242,0.001,0.004,0.167
71,243,0.003,0.007,0.16
71,244,0.004,0.01,0.155
71,245,0.004,0.009,0.159
71,246,0.003,0.007,0.167
71,247,0.004,0.01,0.163
71,248,0.003,0.007,0.171
71,249,0.005,0.012,0.163
71,25,0.001,0.003,0.119
71,250,0.009,0.019,0.155
71,251,0.011,0.022,0.155
71,26,0.0,0.002,0.127
71,27,0.0,0.001,0.138
71,28,0.001,0.002,0.128
71,29,0.0,0.002,0.129
71,30,0.0,0.001,0.142
71,31,0.0,0.001,0.136
71,32,0.0,0.001,0.137
71,33,0.0,0.001,0.139
71,34,0.001,0.003,0.121
71,35,0.001,0.003,0.125
71,36,0.001,0.004,0.122
71,37,0.002,0.005,0.12
71,38,0.002,0.005,0.119
71,39,0.001,0.004,0.124
71,40,0.0,0.001,0.136
71,41,0.001,0.004,0.124
71,42,0.002,0.005,0.122
71,43,0.002,0.005,0.123
71,44,0.001,0.004,0.127
71,45,0.002,0.006,0.121
71,46,0.001,0.003,0.13
71,47,0.001,0.003,0.13
71,48,0.002,0.006,0.124
71,49,0.004,0.009,0.118
71,50,0.003,0.007,0.123
71,51,0.005,0.012,0.114
71,52,0.005,0.011,0.117
71,53,0.002,0.006,0.125
71,54,0.003,0.007,0.124
71,55,0.004,0.01,0.119
71,56,0.003,0.007,0.124
71,57,0.002,0.005,0.131
71,58,0.001,0.003,0.139
71,59,0.002,0.005,0.131
71,6,0.014,0.027,0.093
71,60,0.002,0.005,0.131
71,61,0.0,0.001,0.148
71,62,0.001,0.002,0.145
71,63,0.001,0.002,0.146
71,64,0.001,0.002,0.143
71,65,0.001,0.002,0.147
71,66,0.001,0.002,0.141
71,67,0.001,0.002,0.144
71,68,0.0,0.0,0.162
71,69,0.0,0.001,0.156
71,7,0.01,0.021,0.096
71,70,0.0,0.0,0.163
71,71,0.0,0.0,0.171
71,72,0.0,0.001,0.151
71,73,0.0,0.0,0.168
71,74,0.0,0.0,0.17
71,75,0.0,0.0,0.161
71,76,0.0,0.0,0.174
71,77,0.0,0.0,0.18
71,78,0.0,0.0,0.184
71,79,0.0,0.0,0.189
71,8,0.009,0.018,0.097
71,80,0.0,0.0,0.188
71,81,0.0,0.0,0.196
71,82,0.0,0.0,0.184
71,83,0.0,0.0,0.188
71,84,0.0,0.0,0.195
71,85,0.0,0.0,0.197
71,86,0.0,0.0,0.207
71,87,0.0,0.0,0.222
71,88,0.0,0.0,0.223
71,89,0.0,0.0,0.212
71,9,0.009,0.019,0.096
71,90,0.0,0.0,0.223
71,91,0.0,0.0,0.224
71,92,0.0,0.0,0.228
71,93,0.0,0.0,0.238
71,94,0.0,0.0,0.246
71,95,0.0,0.0,0.243
71,96,0.0,0.0,0.243
71,97,0.0,0.0,0.249
71,98,0.0,0.0,0.269
71,99,0.0,0.0,0.271
72,10,0.0,0.001,0.134
72,100,0.0,0.0,0.261
72,101,0.0,0.0,0.271
72,102,0.0,0.0,0.269
72,103,0.0,0.0,0.278
72,104,0.0,0.0,0.277
72,105,0.0,0.0,0.284
72,106,0.0,0.0,0.297
72,107,0.0,0.0,0.291
72,108,0.0,0.0,0.304
72,109,0.0,0.0,0.303
72,11,0.0,0.001,0.139
72,110,0.0,0.0,0.307
72,111,0.0,0.0,0.316
72,112,0.0,0.0,0.317
72,113,0.0,0.0,0.328
72,114,0.0,0.0,0.334
72,115,0.0,0.0,0.332
72,116,0.0,0.0,0.341
72,117,0.0,0.0,0.361
72,118,0.0,0.0,0.368
72,119,0.0,0.0,0.36
72,12,0.0,0.0,0.145
72,120,0.0,0.0,0.374
72,121,0.0,0.0,0.357
72,122,0.0,0.0,0.379
72,123,0.0,0.0,0.371
72,124,0.0,0.0,0.396
72,125,0.0,0.0,0.39
72,126,0.0,0.0,0.38
72,127,0.0,0.0,0.362
72,128,0.0,0.0,0.365
72,129,0.0,0.0,0.364
72,13,0.0,0.0,0.139
72,130,0.0,0.0,0.362
72,131,0.0,0.0,0.355
72,132,0.0,0.0,0.355
72,133,0.0,0.0,0.346
72,134,0.0,0.0,0.345
72,135,0.0,0.0,0.343
72,136,0.0,0.0,0.335
72,137,0.0,0.0,0.317
72,138,0.0,0.0,0.321
72,139,0.0,0.0,0.324
72,14,0.0,0.0,0.147
72,140,0.0,0.0,0.316
72,141,0.0,0.0,0.3
72,142,0.0,0.0,0.303
72,143,0.0,0.0,0.296
72,144,0.0,0.0,0.294
72,145,0.0,0.0,0.285
72,146,0.0,0.0,0.284
72,147,0.0,0.0,0.292
72,148,0.0,0.0,0.294
72,149,0.0,0.0,0.3
72,15,0.0,0.0,0.147
72,150,0.0,0.0,0.287
72,151,0.0,0.0,0.273
72,152,0.0,0.0,0.28
72,153,0.0,0.0,0.273
72,154,0.0,0.0,0.273
72,155,0.0,0.0,0.285
72,156,0.0,0.0,0.266
72,157,0.0,0.0,0.272
72,158,0.0,0.0,0.276
72,159,0.0,0.0,0.27
72,16,0.0,0.0,0.142
72,160,0.0,0.0,0.265
72,161,0.0,0.0,0.26
72,162,0.0,0.0,0.251
72,163,0.0,0.0,0.26
72,164,0.0,0.0,0.247
72,165,0.0,0.0,0.248
72,166,0.0,0.0,0.233
72,167,0.0,0.0,0.234
72,168,0.0,0.0,0.237
72,169,0.0,0.0,0.233
72,17,0.001,0.002,0.121
72,170,0.0,0.0,0.226
72,171,0.0,0.0,0.227
72,172,0.0,0.0,0.233
72,173,0.0,0.0,0.242
72,174,0.0,0.0,0.231
72,175,0.0,0.0,0.224
72,176,0.0,0.0,0.214
72,177,0.0,0.0,0.222
72,178,0.0,0.0,0.217
72,179,0.0,0.0,0.212
72,18,0.001,0.002,0.124
72,180,0.0,0.0,0.22
72,181,0.0,0.0,0.213
72,182,0.0,0.0,0.221
72,183,0.0,0.0,0.211
72,184,0.0,0.0,0.214
72,185,0.0,0.0,0.208
72,186,0.0,0.0,0.204
72,187,0.0,0.0,0.197
72,188,0.0,0.0,0.205
72,189,0.0,0.0,0.208
72,19,0.002,0.005,0.111
72,190,0.0,0.0,0.205
72,191,0.0,0.0,0.194
72,192,0.0,0.0,0.207
72,193,0.0,0.0,0.202
72,194,0.0,0.0,0.189
72,195,0.0,0.0,0.202
72,196,0.0,0.0,0.201
72,197,0.0,0.0,0.193
72,198,0.0,0.0,0.194
72,199,0.0,0.0,0.192
72,20,0.0,0.001,0.126
72,200,0.0,0.0,0.191
72,201,0.0,0.0,0.191
72,202,0.0,0.0,0.182
72,203,0.0,0.0,0.183
72,204,0.0,0.001,0.175
72,205,0.0,0.001,0.165
72,206,0.0,0.001,0.167
72,207,0.0,0.001,0.172
72,208,0.001,0.002,0.159
72,209,0.0,0.001,0.169
72,21,0.001,0.002,0.121
72,210,0.0,0.001,0.166
72,211,0.0,0.001,0.162
72,212,0.0,0.001,0.161
72,213,0.0,0.001,0.167
72,214,0.001,0.003,0.15
72,215,0.0,0.001,0.172
72,216,0.001,0.002,0.154
72,217,0.001,0.003,0.15
72,218,0.0,0.001,0.161
72,219,0.0,0.001,0.163
72,22,0.0,0.001,0.13
72,220,0.001,0.003,0.15
72,221,0.003,0.007,0.135
72,222,0.001,0.002,0.155
72,223,0.001,0.003,0.149
72,224,0.001,0.003,0.148
72,225,0.002,0.005,0.142
72,226,0.002,0.004,0.144
72,227,0.001,0.003,0.151
72,228,0.0,0.001,0.166
72,229,0.001,0.002,0.158
72,23,0.0,0.001,0.129
72,230,0.001,0.003,0.154
72,231,0.002,0.004,0.149
72,232,0.001,0.004,0.151
72,233,0.001,0.002,0.164
72,234,0.001,0.002,0.161
72,235,0.001,0.002,0.168
72,236,0.001,0.002,0.165
72,237,0.001,0.003,0.163
72,238,0.001,0.003,0.166
72,239,0.001,0.003,0.167
72,24,0.003,0.006,0.109
72,240,0.002,0.004,0.163
72,241,0.002,0.004,0.165
72,242,0.002,0.004,0.167
72,243,0.001,0.003,0.178
72,244,0.003,0.007,0.162
72,245,0.002,0.005,0.171
72,246,0.003,0.007,0.169
72,247,0.003,0.008,0.169
72,248,0.004,0.009,0.169
72,249,0.004,0.009,0.171
72,25,0.003,0.006,0.109
72,250,0.006,0.012,0.168
72,251,0.01,0.02,0.16
72,26,0.0,0.001,0.128
72,27,0.006,0.012,0.101
72,28,0.007,0.014,0.099
72,29,0.007,0.016,0.098
72,30,0.006,0.013,0.102
72,31,0.001,0.003,0.122
72,32,0.007,0.015,0.101
72,33,0.01,0.02,0.096
72,34,0.01,0.02,0.097
72,35,0.007,0.016,0.101
72,36,0.006,0.012,0.105
72,37,0.003,0.008,0.112
72,38,0.002,0.005,0.119
72,39,0.002,0.005,0.12
72,40,0.005,0.012,0.109
72,41,0.004,0.01,0.111
72,42,0.007,0.015,0.106
72,43,0.002,0.005,0.122
72,44,0.002,0.006,0.121
72,45,0.006,0.013,0.109
72,46,0.001,0.003,0.131
72,47,0.003,0.007,0.12
72,48,0.003,0.007,0.121
72,49,0.002,0.005,0.125
72,50,0.002,0.005,0.126
72,51,0.003,0.006,0.123
72,52,0.005,0.011,0.116
72,53,0.001,0.003,0.134
72,54,0.001,0.003,0.134
72,55,0.001,0.004,0.132
72,56,0.003,0.007,0.124
72,57,0.003,0.007,0.124
72,58,0.002,0.005,0.13
72,59,0.004,0.01,0.12
72,6,0.001,0.002,0.128
72,60,0.001,0.003,0.137
72,61,0.001,0.003,0.139
72,62,0.002,0.004,0.133
72,63,0.001,0.003,0.137
72,64,0.0,0.001,0.15
72,65,0.001,0.002,0.145
72,66,0.0,0.001,0.151
72,67,0.0,0.001,0.15
72,68,0.0,0.001,0.154
72,69,0.0,0.001,0.151
72,7,0.001,0.002,0.127
72,70,0.0,0.001,0.155
72,71,0.0,0.001,0.156
72,72,0.0,0.001,0.158
72,73,0.0,0.002,0.146
72,74,0.0,0.0,0.162
72,75,0.0,0.0,0.175
72,76,0.0,0.0,0.171
72,77,0.0,0.0,0.186
72,78,0.0,0.0,0.188
72,79,0.0,0.0,0.189
72,8,0.0,0.001,0.135
72,80,0.0,0.0,0.191
72,81,0.0,0.0,0.192
72,82,0.0,0.0,0.201
72,83,0.0,0.0,0.207
72,84,0.0,0.0,0.204
72,85,0.0,0.0,0.202
72,86,0.0,0.0,0.211
72,87,0.0,0.0,0.223
72,88,0.0,0.0,0.218
72,89,0.0,0.0,0.211
72,9,0.0,0.001,0.137
72,90,0.0,0.0,0.224
72,91,0.0,0.0,0.227
72,92,0.0,0.0,0.228
72,93,0.0,0.0,0.233
72,94,0.0,0.0,0.234
72,95,0.0,0.0,0.248
72,96,0.0,0.0,0.264
72,97,0.0,0.0,0.255
72,98,0.0,0.0,0.243
72,99,0.0,0.0,0.255
73,10,0.0,0.0,0.146
73,100,0.0,0.0,0.265
73,101,0.0,0.0,0.272
73,102,0.0,0.0,0.285
73,103,0.0,0.0,0.29
73,104,0.0,0.0,0.279
73,105,0.0,0.0,0.275
73,106,0.0,0.0,0.277
73,107,0.0,0.0,0.299
73,108,0.0,0.0,0.314
73,109,0.0,0.0,0.303
73,11,0.0,0.0,0.139
73,110,0.0,0.0,0.312
73,111,0.0,0.0,0.31
73,112,0.0,0.0,0.309
73,113,0.0,0.0,0.324
73,114,0.0,0.0,0.315
73,115,0.0,0.0,0.324
73,116,0.0,0.0,0.33
73,117,0.0,0.0,0.348
73,118,0.0,0.0,0.356
73,119,0.0,0.0,0.352
73,12,0.0,0.0,0.139
73,120,0.0,0.0,0.35
73,121,0.0,0.0,0.34
73,122,0.0,0.0,0.356
73,123,0.0,0.0,0.363
73,124,0.0,0.0,0.356
73,125,0.0,0.0,0.352
73,126,0.0,0.0,0.356
73,127,0.0,0.0,0.338
73,128,0.0,0.0,0.357
73,129,0.0,0.0,0.358
73,13,0.0,0.0,0.153
73,130,0.0,0.0,0.351
73,131,0.0,0.0,0.346
73,132,0.0,0.0,0.331
73,133,0.0,0.0,0.334
73,134,0.0,0.0,0.331
73,135,0.0,0.0,0.339
73,136,0.0,0.0,0.338
73,137,0.0,0.0,0.337
73,138,0.0,0.0,0.335
73,139,0.0,0.0,0.329
73,14,0.0,0.0,0.145
73,140,0.0,0.0,0.312
73,141,0.0,0.0,0.319
73,142,0.0,0.0,0.317
73,143,0.0,0.0,0.308
73,144,0.0,0.0,0.299
73,145,0.0,0.0,0.307
73,146,0.0,0.0,0.303
73,147,0.0,0.0,0.297
73,148,0.0,0.0,0.3
73,149,0.0,0.0,0.29
73,15,0.0,0.0,0.157
73,150,0.0,0.0,0.289
73,151,0.0,0.0,0.278
73,152,0.0,0.0,0.278
73,153,0.0,0.0,0.282
73,154,0.0,0.0,0.277
73,155,0.0,0.0,0.274
73,156,0.0,0.0,0.28
73,157,0.0,0.0,0.264
73,158,0.0,0.0,0.252
73,159,0.0,0.0,0.258
73,16,0.0,0.0,0.149
73,160,0.0,0.0,0.26
73,161,0.0,0.0,0.26
73,162,0.0,0.0,0.25
73,163,0.0,0.0,0.248
73,164,0.0,0.0,0.239
73,165,0.0,0.0,0.237
73,166,0.0,0.0,0.235
73,167,0.0,0.0,0.231
73,168,0.0,0.0,0.232
73,169,0.0,0.0,0.232
73,17,0.0,0.0,0.141
73,170,0.0,0.0,0.234
73,171,0.0,0.0,0.233
73,172,0.0,0.0,0.229
73,173,0.0,0.0,0.218
73,174,0.0,0.0,0.207
73,175,0.0,0.0,0.212
73,176,0.0,0.0,0.223
73,177,0.0,0.0,0.211
73,178,0.0,0.0,0.221
73,179,0.0,0.0,0.208
73,18,0.0,0.001,0.13
73,180,0.0,0.0,0.21
73,181,0.0,0.0,0.205
73,182,0.0,0.0,0.21
73,183,0.0,0.0,0.218
73,184,0.0,0.0,0.214
73,185,0.0,0.0,0.222
73,186,0.0,0.0,0.216
73,187,0.0,0.0,0.217
73,188,0.0,0.0,0.207
73,189,0.0,0.0,0.214
73,19,0.0,0.0,0.152
73,190,0.0,0.0,0.208
73,191,0.0,0.0,0.203
73,192,0.0,0.0,0.209
73,193,0.0,0.0,0.198
73,194,0.0,0.0,0.188
73,195,0.0,0.0,0.18
73,196,0.0,0.0,0.18
73,197,0.0,0.0,0.194
73,198,0.0,0.0,0.185
73,199,0.0,0.0,0.175
73,20,0.0,0.0,0.148
73,200,0.0,0.0,0.18
73,201,0.0,0.001,0.168
73,202,0.0,0.001,0.163
73,203,0.0,0.001,0.168
73,204,0.0,0.001,0.167
73,205,0.0,0.001,0.171
73,206,0.0,0.0,0.183
73,207,0.0,0.001,0.172
73,208,0.0,0.0,0.176
73,209,0.0,0.001,0.166
73,21,0.0,0.0,0.156
73,210,0.0,0.001,0.167
73,211,0.0,0.001,0.163
73,212,0.0,0.0,0.177
73,213,0.0,0.001,0.161
73,214,0.001,0.002,0.156
73,215,0.0,0.001,0.168
73,216,0.0,0.001,0.161
73,217,0.001,0.002,0.157
73,218,0.002,0.004,0.143
73,219,0.0,0.001,0.16
73,22,0.0,0.0,0.148
73,220,0.001,0.002,0.153
73,221,0.001,0.003,0.149
73,222,0.002,0.004,0.144
73,223,0.001,0.003,0.152
73,224,0.001,0.003,0.148
73,225,0.001,0.002,0.159
73,226,0.0,0.001,0.17
73,227,0.0,0.001,0.164
73,228,0.001,0.002,0.16
73,229,0.0,0.001,0.17
73,23,0.0,0.001,0.134
73,230,0.0,0.001,0.169
73,231,0.0,0.001,0.17
73,232,0.0,0.001,0.175
73,233,0.0,0.001,0.17
73,234,0.0,0.001,0.17
73,235,0.001,0.002,0.169
73,236,0.0,0.001,0.177
73,237,0.0,0.001,0.18
73,238,0.001,0.003,0.163
73,239,0.001,0.002,0.172
73,24,0.0,0.0,0.141
73,240,0.002,0.004,0.162
73,241,0.001,0.004,0.167
73,242,0.003,0.008,0.156
73,243,0.004,0.009,0.156
73,244,0.002,0.006,0.165
73,245,0.006,0.013,0.153
73,246,0.005,0.011,0.159
73,247,0.006,0.013,0.158
73,248,0.011,0.022,0.149
73,249,0.008,0.017,0.158
73,25,0.0,0.001,0.13
73,250,0.011,0.022,0.154
73,251,0.011,0.023,0.156
73,26,0.001,0.002,0.124
73,27,0.001,0.002,0.125
73,28,0.0,0.001,0.127
73,29,0.0,0.001,0.133
73,30,0.001,0.002,0.127
73,31,0.001,0.004,0.118
73,32,0.001,0.003,0.12
73,33,0.001,0.003,0.122
73,34,0.003,0.007,0.112
73,35,0.001,0.002,0.127
73,36,0.003,0.008,0.111
73,37,0.004,0.009,0.11
73,38,0.003,0.007,0.113
73,39,0.002,0.005,0.118
73,40,0.005,0.011,0.109
73,41,0.007,0.015,0.105
73,42,0.003,0.008,0.115
73,43,0.005,0.012,0.109
73,44,0.008,0.016,0.105
73,45,0.004,0.01,0.113
73,46,0.008,0.016,0.106
73,47,0.004,0.009,0.116
73,48,0.002,0.004,0.127
73,49,0.005,0.011,0.114
73,50,0.006,0.013,0.112
73,51,0.003,0.008,0.12
73,52,0.002,0.006,0.124
73,53,0.005,0.012,0.115
73,54,0.003,0.008,0.122
73,55,0.003,0.007,0.125
73,56,0.004,0.009,0.12
73,57,0.003,0.007,0.124
73,58,0.002,0.006,0.128
73,59,0.001,0.004,0.134
73,6,0.002,0.005,0.118
73,60,0.001,0.004,0.133
73,61,0.001,0.003,0.136
73,62,0.002,0.004,0.133
73,63,0.0,0.002,0.147
73,64,0.001,0.002,0.146
73,65,0.002,0.004,0.134
73,66,0.002,0.005,0.132
73,67,0.001,0.004,0.135
73,68,0.0,0.001,0.149
73,69,0.0,0.001,0.155
73,7,0.0,0.001,0.132
73,70,0.001,0.002,0.143
73,71,0.001,0.003,0.137
73,72,0.0,0.0,0.162
73,73,0.0,0.0,0.161
73,74,0.0,0.0,0.166
73,75,0.0,0.001,0.159
73,76,0.0,0.001,0.157
73,77,0.0,0.0,0.174
73,78,0.0,0.0,0.184
73,79,0.0,0.0,0.176
73,8,0.0,0.001,0.138
73,80,0.0,0.0,0.188
73,81,0.0,0.0,0.191
73,82,0.0,0.0,0.19
73,83,0.0,0.0,0.187
73,84,0.0,0.0,0.188
73,85,0.0,0.0,0.213
73,86,0.0,0.0,0.211
73,87,0.0,0.0,0.211
73,88,0.0,0.0,0.213
73,89,0.0,0.0,0.212
73,9,0.002,0.005,0.115
73,90,0.0,0.0,0.227
73,91,0.0,0.0,0.232
73,92,0.0,0.0,0.24
73,93,0.0,0.0,0.247
73,94,0.0,0.0,0.245
73,95,0.0,0.0,0.244
73,96,0.0,0.0,0.257
73,97,0.0,0.0,0.256
73,98,0.0,0.0,0.261
73,99,0.0,0.0,0.27
74,10,0.004,0.01,0.104
74,100,0.0,0.0,0.273
74,101,0.0,0.0,0.282
74,102,0.0,0.0,0.276
74,103,0.0,0.0,0.273
74,104,0.0,0.0,0.273
74,105,0.0,0.0,0.277
74,106,0.0,0.0,0.278
74,107,0.0,0.0,0.297
74,108,0.0,0.0,0.305
74,109,0.0,0.0,0.303
74,11,0.001,0.003,0.12
74,110,0.0,0.0,0.298
74,111,0.0,0.0,0.309
74,112,0.0,0.0,0.318
74,113,0.0,0.0,0.324
74,114,0.0,0.0,0.338
74,115,0.0,0.0,0.338
74,116,0.0,0.0,0.336
74,117,0.0,0.0,0.342
74,118,0.0,0.0,0.352
74,119,0.0,0.0,0.339
74,12,0.0,0.001,0.131
74,120,0.0,0.0,0.352
74,121,0.0,0.0,0.364
74,122,0.0,0.0,0.364
74,123,0.0,0.0,0.358
74,124,0.0,0.0,0.369
74,125,0.0,0.0,0.367
74,126,0.0,0.0,0.367
74,127,0.0,0.0,0.364
74,128,0.0,0.0,0.369
74,129,0.0,0.0,0.367
74,13,0.001,0.002,0.124
74,130,0.0,0.0,0.365
74,131,0.0,0.0,0.361
74,132,0.0,0.0,0.359
74,133,0.0,0.0,0.352
74,134,0.0,0.0,0.353
74,135,0.0,0.0,0.358
74,136,0.0,0.0,0.34
74,137,0.0,0.0,0.33
74,138,0.0,0.0,0.332
74,139,0.0,0.0,0.32
74,14,0.0,0.001,0.132
74,140,0.0,0.0,0.314
74,141,0.0,0.0,0.302
74,142,0.0,0.0,0.31
74,143,0.0,0.0,0.317
74,144,0.0,0.0,0.298
74,145,0.0,0.0,0.296
74,146,0.0,0.0,0.308
74,147,0.0,0.0,0.301
74,148,0.0,0.0,0.294
74,149,0.0,0.0,0.285
74,15,0.001,0.003,0.118
74,150,0.0,0.0,0.277
74,151,0.0,0.0,0.282
74,152,0.0,0.0,0.284
74,153,0.0,0.0,0.279
74,154,0.0,0.0,0.28
74,155,0.0,0.0,0.279
74,156,0.0,0.0,0.261
74,157,0.0,0.0,0.261
74,158,0.0,0.0,0.266
74,159,0.0,0.0,0.258
74,16,0.001,0.002,0.122
74,160,0.0,0.0,0.255
74,161,0.0,0.0,0.25
74,162,0.0,0.0,0.247
74,163,0.0,0.0,0.247
74,164,0.0,0.0,0.243
74,165,0.0,0.0,0.24
74,166,0.0,0.0,0.235
74,167,0.0,0.0,0.228
74,168,0.0,0.0,0.233
74,169,0.0,0.0,0.233
74,17,0.0,0.001,0.131
74,170,0.0,0.0,0.228
74,171,0.0,0.0,0.222
74,172,0.0,0.0,0.231
74,173,0.0,0.0,0.222
74,174,0.0,0.0,0.215
74,175,0.0,0.0,0.204
74,176,0.0,0.0,0.217
74,177,0.0,0.0,0.218
74,178,0.0,0.0,0.212
74,179,0.0,0.0,0.218
74,18,0.001,0.003,0.117
74,180,0.0,0.0,0.216
74,181,0.0,0.0,0.212
74,182,0.0,0.0,0.211
74,183,0.0,0.0,0.201
74,184,0.0,0.0,0.196
74,185,0.0,0.0,0.196
74,186,0.0,0.0,0.207
74,187,0.0,0.0,0.192
74,188,0.0,0.0,0.182
74,189,0.0,0.0,0.195
74,19,0.001,0.004,0.113
74,190,0.0,0.0,0.199
74,191,0.0,0.0,0.183
74,192,0.0,0.0,0.188
74,193,0.0,0.0,0.188
74,194,0.0,0.0,0.18
74,195,0.0,0.0,0.176
74,196,0.0,0.0,0.176
74,197,0.0,0.001,0.173
74,198,0.0,0.0,0.179
74,199,0.0,0.0,0.187
74,20,0.001,0.002,0.12
74,200,0.0,0.0,0.185
74,201,0.0,0.0,0.18
74,202,0.0,0.0,0.177
74,203,0.0,0.0,0.175
74,204,0.0,0.0,0.185
74,205,0.0,0.0,0.177
74,206,0.0,0.001,0.163
74,207,0.0,0.0,0.177
74,208,0.0,0.0,0.176
74,209,0.0,0.0,0.179
74,21,0.0,0.001,0.126
74,210,0.0,0.0,0.176
74,211,0.0,0.0,0.176
74,212,0.0,0.001,0.171
74,213,0.0,0.001,0.164
74,214,0.001,0.002,0.153
74,215,0.0,0.001,0.16
74,216,0.0,0.001,0.159
74,217,0.0,0.001,0.163
74,218,0.0,0.0,0.177
74,219,0.0,0.001,0.167
74,22,0.0,0.001,0.126
74,220,0.0,0.001,0.162
74,221,0.0,0.001,0.164
74,222,0.0,0.001,0.169
74,223,0.0,0.001,0.164
74,224,0.001,0.002,0.159
74,225,0.0,0.001,0.166
74,226,0.001,0.002,0.159
74,227,0.0,0.002,0.162
74,228,0.0,0.001,0.171
74,229,0.0,0.001,0.169
74,23,0.001,0.004,0.114
74,230,0.0,0.001,0.165
74,231,0.001,0.003,0.154
74,232,0.001,0.002,0.162
74,233,0.0,0.001,0.17
74,234,0.001,0.002,0.167
74,235,0.001,0.004,0.158
74,236,0.001,0.003,0.165
74,237,0.002,0.005,0.155
74,238,0.001,0.003,0.165
74,239,0.002,0.005,0.158
74,24,0.001,0.003,0.119
74,240,0.003,0.008,0.153
74,241,0.005,0.011,0.147
74,242,0.005,0.011,0.15
74,243,0.005,0.011,0.153
74,244,0.005,0.011,0.156
74,245,0.008,0.017,0.149
74,246,0.003,0.007,0.171
74,247,0.004,0.009,0.169
74,248,0.004,0.009,0.17
74,249,0.007,0.015,0.163
74,25,0.001,0.004,0.115
74,250,0.003,0.008,0.18
74,251,0.005,0.012,0.173
74,26,0.001,0.002,0.122
74,27,0.002,0.004,0.114
74,28,0.001,0.003,0.119
74,29,0.0,0.001,0.13
74,30,0.001,0.003,0.12
74,31,0.001,0.002,0.126
74,32,0.001,0.003,0.121
74,33,0.002,0.005,0.116
74,34,0.001,0.004,0.12
74,35,0.003,0.007,0.112
74,36,0.001,0.003,0.122
74,37,0.001,0.003,0.125
74,38,0.001,0.004,0.121
74,39,0.001,0.002,0.128
74,40,0.001,0.003,0.126
74,41,0.0,0.0,0.148
74,42,0.001,0.003,0.129
74,43,0.001,0.002,0.134
74,44,0.001,0.003,0.129
74,45,0.001,0.003,0.128
74,46,0.001,0.002,0.138
74,47,0.0,0.001,0.144
74,48,0.0,0.002,0.14
74,49,0.003,0.007,0.121
74,50,0.003,0.008,0.118
74,51,0.003,0.007,0.122
74,52,0.001,0.004,0.129
74,53,0.001,0.003,0.136
74,54,0.001,0.003,0.136
74,55,0.001,0.002,0.138
74,56,0.001,0.002,0.139
74,57,0.001,0.002,0.14
74,58,0.002,0.004,0.131
74,59,0.004,0.01,0.119
74,6,0.002,0.005,0.118
74,60,0.001,0.003,0.136
74,61,0.001,0.003,0.135
74,62,0.001,0.002,0.145
74,63,0.001,0.002,0.142
74,64,0.001,0.003,0.137
74,65,0.001,0.002,0.144
74,66,0.001,0.003,0.14
74,67,0.0,0.002,0.146
74,68,0.0,0.001,0.15
74,69,0.0,0.001,0.153
74,7,0.001,0.003,0.125
74,70,0.0,0.001,0.156
74,71,0.0,0.001,0.152
74,72,0.0,0.0,0.162
74,73,0.0,0.0,0.173
74,74,0.0,0.0,0.165
74,75,0.0,0.0,0.17
74,76,0.0,0.0,0.17
74,77,0.0,0.0,0.18
74,78,0.0,0.0,0.191
74,79,0.0,0.0,0.19
74,8,0.001,0.002,0.127
74,80,0.0,0.0,0.18
74,81,0.0,0.0,0.2
74,82,0.0,0.0,0.212
74,83,0.0,0.0,0.208
74,84,0.0,0.0,0.203
74,85,0.0,0.0,0.216
74,86,0.0,0.0,0.217
74,87,0.0,0.0,0.217
74,88,0.0,0.0,0.217
74,89,0.0,0.0,0.222
74,9,0.001,0.003,0.121
74,90,0.0,0.0,0.229
74,91,0.0,0.0,0.244
74,92,0.0,0.0,0.242
74,93,0.0,0.0,0.245
74,94,0.0,0.0,0.245
74,95,0.0,0.0,0.232
74,96,0.0,0.0,0.244
74,97,0.0,0.0,0.246
74,98,0.0,0.0,0.241
74,99,0.0,0.0,0.245
75,10,0.004,0.01,0.103
75,100,0.0,0.0,0.272
75,101,0.0,0.0,0.268
75,102,0.0,0.0,0.266
75,103,0.0,0.0,0.263
75,104,0.0,0.0,0.282
75,105,0.0,0.0,0.303
75,106,0.0,0.0,0.3
75,107,0.0,0.0,0.307
75,108,0.0,0.0,0.303
75,109,0.0,0.0,0.311
75,11,0.002,0.005,0.111
75,110,0.0,0.0,0.319
75,111,0.0,0.0,0.333
75,112,0.0,0.0,0.328
75,113,0.0,0.0,0.329
75,114,0.0,0.0,0.327
75,115,0.0,0.0,0.328
75,116,0.0,0.0,0.337
75,117,0.0,0.0,0.335
75,118,0.0,0.0,0.337
75,119,0.0,0.0,0.344
75,12,0.001,0.003,0.116
75,120,0.0,0.0,0.349
75,121,0.0,0.0,0.348
75,122,0.0,0.0,0.35
75,123,0.0,0.0,0.358
75,124,0.0,0.0,0.367
75,125,0.0,0.0,0.369
75,126,0.0,0.0,0.363
75,127,0.0,0.0,0.351
75,128,0.0,0.0,0.347
75,129,0.0,0.0,0.346
75,13,0.001,0.002,0.12
75,130,0.0,0.0,0.356
75,131,0.0,0.0,0.354
75,132,0.0,0.0,0.351
75,133,0.0,0.0,0.351
75,134,0.0,0.0,0.341
75,135,0.0,0.0,0.34
75,136,0.0,0.0,0.344
75,137,0.0,0.0,0.334
75,138,0.0,0.0,0.334
75,139,0.0,0.0,0.333
75,14,0.0,0.001,0.125
75,140,0.0,0.0,0.322
75,141,0.0,0.0,0.307
75,142,0.0,0.0,0.292
75,143,0.0,0.0,0.302
75,144,0.0,0.0,0.301
75,145,0.0,0.0,0.308
75,146,0.0,0.0,0.302
75,147,0.0,0.0,0.292
75,148,0.0,0.0,0.298
75,149,0.0,0.0,0.278
75,15,0.0,0.001,0.124
75,150,0.0,0.0,0.272
75,151,0.0,0.0,0.279
75,152,0.0,0.0,0.286
75,153,0.0,0.0,0.283
75,154,0.0,0.0,0.278
75,155,0.0,0.0,0.28
75,156,0.0,0.0,0.277
75,157,0.0,0.0,0.268
75,158,0.0,0.0,0.258
75,159,0.0,0.0,0.259
75,16,0.0,0.001,0.126
75,160,0.0,0.0,0.263
75,161,0.0,0.0,0.256
75,162,0.0,0.0,0.255
75,163,0.0,0.0,0.25
75,164,0.0,0.0,0.238
75,165,0.0,0.0,0.245
75,166,0.0,0.0,0.248
75,167,0.0,0.0,0.232
75,168,0.0,0.0,0.226
75,169,0.0,0.0,0.225
75,17,0.0,0.001,0.125
75,170,0.0,0.0,0.228
75,171,0.0,0.0,0.236
75,172,0.0,0.0,0.222
75,173,0.0,0.0,0.217
75,174,0.0,0.0,0.218
75,175,0.0,0.0,0.219
75,176,0.0,0.0,0.229
75,177,0.0,0.0,0.225
75,178,0.0,0.0,0.222
75,179,0.0,0.0,0.213
75,18,0.0,0.001,0.124
75,180,0.0,0.0,0.205
75,181,0.0,0.0,0.206
75,182,0.0,0.0,0.2
75,183,0.0,0.0,0.198
75,184,0.0,0.0,0.202
75,185,0.0,0.0,0.198
75,186,0.0,0.0,0.208
75,187,0.0,0.0,0.192
75,188,0.0,0.0,0.185
75,189,0.0,0.0,0.192
75,19,0.001,0.003,0.115
75,190,0.0,0.0,0.196
75,191,0.0,0.0,0.212
75,192,0.0,0.0,0.2
75,193,0.0,0.0,0.19
75,194,0.0,0.0,0.188
75,195,0.0,0.0,0.203
75,196,0.0,0.0,0.195
75,197,0.0,0.0,0.198
75,198,0.0,0.0,0.2
75,199,0.0,0.0,0.192
75,20,0.001,0.002,0.12
75,200,0.0,0.0,0.186
75,201,0.0,0.0,0.181
75,202,0.0,0.0,0.188
75,203,0.0,0.0,0.191
75,204,0.0,0.0,0.181
75,205,0.0,0.0,0.184
75,206,0.0,0.0,0.186
75,207,0.0,0.0,0.181
75,208,0.0,0.0,0.181
75,209,0.0,0.001,0.168
75,21,0.0,0.001,0.135
75,210,0.0,0.001,0.174
75,211,0.0,0.0,0.178
75,212,0.0,0.0,0.176
75,213,0.0,0.0,0.183
75,214,0.0,0.0,0.175
75,215,0.0,0.001,0.17
75,216,0.0,0.001,0.166
75,217,0.0,0.0,0.176
75,218,0.0,0.0,0.185
75,219,0.0,0.0,0.178
75,22,0.0,0.0,0.136
75,220,0.0,0.0,0.183
75,221,0.0,0.0,0.175
75,222,0.0,0.001,0.169
75,223,0.0,0.001,0.17
75,224,0.0,0.0,0.183
75,225,0.0,0.002,0.161
75,226,0.001,0.003,0.15
75,227,0.001,0.004,0.148
75,228,0.002,0.004,0.147
75,229,0.002,0.004,0.149
75,23,0.0,0.001,0.131
75,230,0.001,0.003,0.153
75,231,0.001,0.003,0.157
75,232,0.001,0.004,0.155
75,233,0.005,0.011,0.137
75,234,0.005,0.012,0.137
75,235,0.006,0.013,0.137
75,236,0.004,0.01,0.143
75,237,0.002,0.005,0.156
75,238,0.005,0.011,0.145
75,239,0.005,0.012,0.145
75,24,0.0,0.001,0.127
75,240,0.011,0.023,0.133
75,241,0.007,0.015,0.144
75,242,0.004,0.01,0.155
75,243,0.009,0.018,0.144
75,244,0.01,0.02,0.143
75,245,0.012,0.025,0.142
75,246,0.011,0.022,0.146
75,247,0.01,0.021,0.15
75,248,0.014,0.027,0.147
75,249,0.009,0.019,0.158
75,25,0.0,0.001,0.13
75,250,0.012,0.025,0.154
75,251,0.017,0.032,0.15
75,26,0.0,0.0,0.141
75,27,0.0,0.001,0.137
75,28,0.001,0.003,0.121
75,29,0.001,0.002,0.124
75,30,0.0,0.001,0.137
75,31,0.0,0.001,0.133
75,32,0.0,0.001,0.138
75,33,0.0,0.002,0.129
75,34,0.0,0.001,0.137
75,35,0.002,0.006,0.115
75,36,0.002,0.005,0.118
75,37,0.003,0.008,0.111
75,38,0.001,0.003,0.122
75,39,0.002,0.006,0.116
75,40,0.003,0.007,0.115
75,41,0.001,0.003,0.127
75,42,0.001,0.003,0.128
75,43,0.001,0.003,0.126
75,44,0.002,0.004,0.124
75,45,0.001,0.002,0.133
75,46,0.001,0.002,0.135
75,47,0.002,0.005,0.123
75,48,0.003,0.007,0.119
75,49,0.003,0.008,0.118
75,50,0.002,0.005,0.125
75,51,0.001,0.004,0.13
75,52,0.001,0.002,0.138
75,53,0.001,0.002,0.138
75,54,0.002,0.004,0.13
75,55,0.002,0.006,0.125
75,56,0.001,0.004,0.132
75,57,0.001,0.004,0.133
75,58,0.003,0.007,0.123
75,59,0.001,0.004,0.133
75,6,0.006,0.014,0.102
75,60,0.001,0.003,0.139
75,61,0.002,0.005,0.13
75,62,0.001,0.002,0.144
75,63,0.001,0.002,0.143
75,64,0.0,0.001,0.148
75,65,0.001,0.003,0.14
75,66,0.002,0.004,0.133
75,67,0.001,0.004,0.136
75,68,0.0,0.001,0.151
75,69,0.0,0.001,0.159
75,7,0.002,0.006,0.113
75,70,0.0,0.001,0.154
75,71,0.001,0.002,0.145
75,72,0.0,0.001,0.156
75,73,0.0,0.001,0.156
75,74,0.0,0.001,0.156
75,75,0.0,0.0,0.169
75,76,0.0,0.0,0.174
75,77,0.0,0.0,0.173
75,78,0.0,0.0,0.173
75,79,0.0,0.0,0.177
75,8,0.001,0.004,0.118
75,80,0.0,0.0,0.17
75,81,0.0,0.0,0.169
75,82,0.0,0.0,0.189
75,83,0.0,0.0,0.191
75,84,0.0,0.0,0.192
75,85,0.0,0.0,0.187
75,86,0.0,0.0,0.191
75,87,0.0,0.0,0.196
75,88,0.0,0.0,0.202
75,89,0.0,0.0,0.189
75,9,0.002,0.005,0.113
75,90,0.0,0.0,0.202
75,91,0.0,0.0,0.209
75,92,0.0,0.0,0.22
75,93,0.0,0.0,0.217
75,94,0.0,0.0,0.213
75,95,0.0,0.0,0.217
75,96,0.0,0.0,0.24
75,97,0.0,0.0,0.232
75,98,0.0,0.0,0.237
75,99,0.0,0.0,0.251
76,10,0.001,0.004,0.116
76,100,0.0,0.0,0.261
76,101,0.0,0.0,0.272
76,102,0.0,0.0,0.273
76,103,0.0,0.0,0.279
76,104,0.0,0.0,0.278
76,105,0.0,0.0,0.276
76,106,0.0,0.0,0.289
76,107,0.0,0.0,0.295
76,108,0.0,0.0,0.3
76,109,0.0,0.0,0.297
76,11,0.001,0.004,0.115
76,110,0.0,0.0,0.308
76,111,0.0,0.0,0.308
76,112,0.0,0.0,0.322
76,113,0.0,0.0,0.319
76,114,0.0,0.0,0.33
76,115,0.0,0.0,0.33
76,116,0.0,0.0,0.325
76,117,0.0,0.0,0.332
76,118,0.0,0.0,0.332
76,119,0.0,0.0,0.339
76,12,0.001,0.003,0.117
76,120,0.0,0.0,0.336
76,121,0.0,0.0,0.337
76,122,0.0,0.0,0.347
76,123,0.0,0.0,0.341
76,124,0.0,0.0,0.336
76,125,0.0,0.0,0.355
76,126,0.0,0.0,0.361
76,127,0.0,0.0,0.359
76,128,0.0,0.0,0.371
76,129,0.0,0.0,0.362
76,13,0.001,0.003,0.119
76,130,0.0,0.0,0.36
76,131,0.0,0.0,0.356
76,132,0.0,0.0,0.359
76,133,0.0,0.0,0.349
76,134,0.0,0.0,0.335
76,135,0.0,0.0,0.327
76,136,0.0,0.0,0.315
76,137,0.0,0.0,0.312
76,138,0.0,0.0,0.309
76,139,0.0,0.0,0.308
76,14,0.001,0.002,0.119
76,140,0.0,0.0,0.301
76,141,0.0,0.0,0.298
76,142,0.0,0.0,0.297
76,143,0.0,0.0,0.288
76,144,0.0,0.0,0.3
76,145,0.0,0.0,0.295
76,146,0.0,0.0,0.29
76,147,0.0,0.0,0.285
76,148,0.0,0.0,0.276
76,149,0.0,0.0,0.274
76,15,0.003,0.007,0.105
76,150,0.0,0.0,0.267
76,151,0.0,0.0,0.269
76,152,0.0,0.0,0.275
76,153,0.0,0.0,0.274
76,154,0.0,0.0,0.277
76,155,0.0,0.0,0.271
76,156,0.0,0.0,0.276
76,157,0.0,0.0,0.257
76,158,0.0,0.0,0.249
76,159,0.0,0.0,0.247
76,16,0.001,0.003,0.115
76,160,0.0,0.0,0.245
76,161,0.0,0.0,0.251
76,162,0.0,0.0,0.25
76,163,0.0,0.0,0.251
76,164,0.0,0.0,0.24
76,165,0.0,0.0,0.225
76,166,0.0,0.0,0.227
76,167,0.0,0.0,0.232
76,168,0.0,0.0,0.223
76,169,0.0,0.0,0.232
76,17,0.001,0.004,0.112
76,170,0.0,0.0,0.222
76,171,0.0,0.0,0.222
76,172,0.0,0.0,0.22
76,173,0.0,0.0,0.221
76,174,0.0,0.0,0.217
76,175,0.0,0.0,0.211
76,176,0.0,0.0,0.201
76,177,0.0,0.0,0.222
76,178,0.0,0.0,0.209
76,179,0.0,0.0,0.21
76,18,0.001,0.003,0.116
76,180,0.0,0.0,0.198
76,181,0.0,0.0,0.193
76,182,0.0,0.0,0.196
76,183,0.0,0.0,0.193
76,184,0.0,0.0,0.205
76,185,0.0,0.0,0.204
76,186,0.0,0.0,0.206
76,187,0.0,0.0,0.191
76,188,0.0,0.0,0.213
76,189,0.0,0.0,0.198
76,19,0.001,0.003,0.114
76,190,0.0,0.0,0.211
76,191,0.0,0.0,0.204
76,192,0.0,0.0,0.202
76,193,0.0,0.0,0.202
76,194,0.0,0.0,0.202
76,195,0.0,0.0,0.196
76,196,0.0,0.0,0.199
76,197,0.0,0.0,0.191
76,198,0.0,0.0,0.183
76,199,0.0,0.0,0.18
76,20,0.0,0.001,0.13
76,200,0.0,0.0,0.19
76,201,0.0,0.0,0.189
76,202,0.0,0.0,0.183
76,203,0.0,0.001,0.172
76,204,0.0,0.001,0.164
76,205,0.0,0.001,0.16
76,206,0.001,0.003,0.147
76,207,0.0,0.001,0.168
76,208,0.0,0.002,0.159
76,209,0.0,0.001,0.168
76,21,0.001,0.002,0.12
76,210,0.001,0.002,0.158
76,211,0.0,0.001,0.164
76,212,0.001,0.003,0.15
76,213,0.001,0.003,0.148
76,214,0.0,0.001,0.167
76,215,0.0,0.001,0.168
76,216,0.001,0.002,0.157
76,217,0.001,0.002,0.157
76,218,0.0,0.001,0.16
76,219,0.0,0.001,0.165
76,22,0.001,0.002,0.121
76,220,0.001,0.002,0.159
76,221,0.001,0.002,0.155
76,222,0.001,0.002,0.157
76,223,0.001,0.002,0.155
76,224,0.001,0.002,0.156
76,225,0.0,0.001,0.166
76,226,0.0,0.001,0.167
76,227,0.0,0.001,0.169
76,228,0.001,0.002,0.159
76,229,0.0,0.001,0.17
76,23,0.001,0.004,0.113
76,230,0.0,0.001,0.178
76,231,0.001,0.002,0.165
76,232,0.001,0.003,0.157
76,233,0.001,0.003,0.161
76,234,0.001,0.002,0.168
76,235,0.002,0.005,0.154
76,236,0.002,0.006,0.152
76,237,0.002,0.005,0.16
76,238,0.004,0.008,0.15
76,239,0.001,0.004,0.166
76,24,0.001,0.004,0.113
76,240,0.003,0.007,0.158
76,241,0.002,0.005,0.166
76,242,0.003,0.008,0.16
76,243,0.004,0.009,0.16
76,244,0.006,0.013,0.154
76,245,0.003,0.008,0.168
76,246,0.006,0.013,0.16
76,247,0.01,0.02,0.153
76,248,0.022,0.04,0.138
76,249,0.013,0.026,0.152
76,25,0.001,0.004,0.115
76,250,0.017,0.033,0.148
76,251,0.023,0.042,0.144
76,26,0.001,0.003,0.116
76,27,0.002,0.006,0.11
76,28,0.001,0.002,0.12
76,29,0.001,0.003,0.12
76,30,0.0,0.001,0.135
76,31,0.002,0.004,0.115
76,32,0.001,0.002,0.126
76,33,0.0,0.0,0.144
76,34,0.0,0.0,0.144
76,35,0.0,0.0,0.144
76,36,0.001,0.002,0.128
76,37,0.0,0.001,0.137
76,38,0.0,0.001,0.136
76,39,0.0,0.001,0.142
76,40,0.0,0.001,0.137
76,41,0.0,0.001,0.137
76,42,0.001,0.004,0.123
76,43,0.0,0.001,0.137
76,44,0.001,0.003,0.127
76,45,0.0,0.001,0.145
76,46,0.001,0.002,0.134
76,47,0.002,0.005,0.122
76,48,0.002,0.006,0.121
76,49,0.003,0.007,0.121
76,50,0.001,0.003,0.134
76,51,0.003,0.007,0.12
76,52,0.004,0.01,0.117
76,53,0.004,0.01,0.117
76,54,0.003,0.007,0.122
76,55,0.002,0.004,0.13
76,56,0.004,0.01,0.118
76,57,0.004,0.009,0.12
76,58,0.005,0.011,0.117
76,59,0.002,0.005,0.128
76,6,0.001,0.003,0.12
76,60,0.001,0.003,0.136
76,61,0.002,0.005,0.13
76,62,0.002,0.006,0.129
76,63,0.001,0.002,0.141
76,64,0.001,0.002,0.143
76,65,0.0,0.001,0.148
76,66,0.0,0.001,0.156
76,67,0.0,0.001,0.155
76,68,0.0,0.0,0.163
76,69,0.0,0.0,0.166
76,7,0.001,0.003,0.12
76,70,0.0,0.0,0.165
76,71,0.0,0.0,0.166
76,72,0.0,0.0,0.169
76,73,0.0,0.0,0.162
76,74,0.0,0.0,0.178
76,75,0.0,0.0,0.177
76,76,0.0,0.0,0.18
76,77,0.0,0.0,0.179
76,78,0.0,0.0,0.17
76,79,0.0,0.0,0.182
76,8,0.001,0.002,0.126
76,80,0.0,0.0,0.187
76,81,0.0,0.0,0.196
76,82,0.0,0.0,0.197
76,83,0.0,0.0,0.205
76,84,0.0,0.0,0.213
76,85,0.0,0.0,0.205
76,86,0.0,0.0,0.225
76,87,0.0,0.0,0.219
76,88,0.0,0.0,0.216
76,89,0.0,0.0,0.212
76,9,0.003,0.007,0.109
76,90,0.0,0.0,0.216
76,91,0.0,0.0,0.232
76,92,0.0,0.0,0.234
76,93,0.0,0.0,0.24
76,94,0.0,0.0,0.241
76,95,0.0,0.0,0.244
76,96,0.0,0.0,0.247
76,97,0.0,0.0,0.25
76,98,0.0,0.0,0.266
76,99,0.0,0.0,0.26
77,10,0.001,0.002,0.12
77,100,0.0,0.0,0.238
77,101,0.0,0.0,0.243
77,102,0.0,0.0,0.253
77,103,0.0,0.0,0.258
77,104,0.0,0.0,0.264
77,105,0.0,0.0,0.269
77,106,0.0,0.0,0.271
77,107,0.0,0.0,0.292
77,108,0.0,0.0,0.294
77,109,0.0,0.0,0.291
77,11,0.0,0.001,0.133
77,110,0.0,0.0,0.298
77,111,0.0,0.0,0.301
77,112,0.0,0.0,0.302
77,113,0.0,0.0,0.304
77,114,0.0,0.0,0.315
77,115,0.0,0.0,0.325
77,116,0.0,0.0,0.326
77,117,0.0,0.0,0.341
77,118,0.0,0.0,0.336
77,119,0.0,0.0,0.342
77,12,0.0,0.001,0.134
77,120,0.0,0.0,0.343
77,121,0.0,0.0,0.34
77,122,0.0,0.0,0.34
77,123,0.0,0.0,0.344
77,124,0.0,0.0,0.34
77,125,0.0,0.0,0.35
77,126,0.0,0.0,0.359
77,127,0.0,0.0,0.349
77,128,0.0,0.0,0.357
77,129,0.0,0.0,0.354
77,13,0.0,0.001,0.125
77,130,0.0,0.0,0.347
77,131,0.0,0.0,0.349
77,132,0.0,0.0,0.349
77,133,0.0,0.0,0.337
77,134,0.0,0.0,0.334
77,135,0.0,0.0,0.331
77,136,0.0,0.0,0.328
77,137,0.0,0.0,0.322
77,138,0.0,0.0,0.318
77,139,0.0,0.0,0.299
77,14,0.001,0.002,0.12
77,140,0.0,0.0,0.29
77,141,0.0,0.0,0.292
77,142,0.0,0.0,0.299
77,143,0.0,0.0,0.289
77,144,0.0,0.0,0.299
77,145,0.0,0.0,0.297
77,146,0.0,0.0,0.301
77,147,0.0,0.0,0.29
77,148,0.0,0.0,0.294
77,149,0.0,0.0,0.295
77,15,0.001,0.002,0.121
77,150,0.0,0.0,0.28
77,151,0.0,0.0,0.284
77,152,0.0,0.0,0.266
77,153,0.0,0.0,0.279
77,154,0.0,0.0,0.279
77,155,0.0,0.0,0.275
77,156,0.0,0.0,0.264
77,157,0.0,0.0,0.253
77,158,0.0,0.0,0.261
77,159,0.0,0.0,0.248
77,16,0.0,0.001,0.128
77,160,0.0,0.0,0.252
77,161,0.0,0.0,0.249
77,162,0.0,0.0,0.246
77,163,0.0,0.0,0.248
77,164,0.0,0.0,0.241
77,165,0.0,0.0,0.24
77,166,0.0,0.0,0.234
77,167,0.0,0.0,0.233
77,168,0.0,0.0,0.221
77,169,0.0,0.0,0.222
77,17,0.0,0.001,0.132
77,170,0.0,0.0,0.227
77,171,0.0,0.0,0.222
77,172,0.0,0.0,0.216
77,173,0.0,0.0,0.216
77,174,0.0,0.0,0.221
77,175,0.0,0.0,0.212
77,176,0.0,0.0,0.208
77,177,0.0,0.0,0.219
77,178,0.0,0.0,0.213
77,179,0.0,0.0,0.205
77,18,0.0,0.0,0.135
77,180,0.0,0.0,0.21
77,181,0.0,0.0,0.201
77,182,0.0,0.0,0.202
77,183,0.0,0.0,0.213
77,184,0.0,0.0,0.202
77,185,0.0,0.0,0.206
77,186,0.0,0.0,0.215
77,187,0.0,0.0,0.211
77,188,0.0,0.0,0.21
77,189,0.0,0.0,0.208
77,19,0.0,0.0,0.141
77,190,0.0,0.0,0.204
77,191,0.0,0.0,0.204
77,192,0.0,0.0,0.209
77,193,0.0,0.0,0.203
77,194,0.0,0.0,0.199
77,195,0.0,0.0,0.202
77,196,0.0,0.0,0.197
77,197,0.0,0.0,0.189
77,198,0.0,0.0,0.189
77,199,0.0,0.0,0.179
77,20,0.0,0.001,0.129
77,200,0.0,0.0,0.187
77,201,0.0,0.001,0.171
77,202,0.0,0.0,0.178
77,203,0.0,0.0,0.181
77,204,0.0,0.0,0.18
77,205,0.0,0.0,0.175
77,206,0.0,0.0,0.178
77,207,0.0,0.0,0.176
77,208,0.0,0.001,0.162
77,209,0.001,0.002,0.156
77,21,0.0,0.001,0.132
77,210,0.001,0.003,0.151
77,211,0.0,0.001,0.161
77,212,0.0,0.001,0.163
77,213,0.001,0.002,0.157
77,214,0.0,0.001,0.162
77,215,0.0,0.001,0.173
77,216,0.0,0.001,0.167
77,217,0.0,0.001,0.165
77,218,0.0,0.001,0.161
77,219,0.0,0.001,0.163
77,22,0.001,0.002,0.12
77,220,0.001,0.002,0.158
77,221,0.002,0.005,0.142
77,222,0.002,0.005,0.142
77,223,0.001,0.003,0.152
77,224,0.0,0.001,0.17
77,225,0.001,0.002,0.158
77,226,0.0,0.001,0.165
77,227,0.001,0.002,0.157
77,228,0.002,0.005,0.145
77,229,0.001,0.004,0.15
77,23,0.001,0.003,0.116
77,230,0.002,0.006,0.145
77,231,0.001,0.004,0.153
77,232,0.001,0.003,0.158
77,233,0.002,0.005,0.151
77,234,0.003,0.007,0.147
77,235,0.001,0.003,0.164
77,236,0.002,0.004,0.158
77,237,0.006,0.013,0.141
77,238,0.007,0.014,0.14
77,239,0.006,0.013,0.144
77,24,0.001,0.002,0.119
77,240,0.006,0.014,0.146
77,241,0.011,0.022,0.137
77,242,0.01,0.021,0.141
77,243,0.018,0.034,0.131
77,244,0.024,0.044,0.127
77,245,0.019,0.036,0.134
77,246,0.021,0.038,0.135
77,247,0.02,0.038,0.137
77,248,0.015,0.029,0.146
77,249,0.02,0.037,0.143
77,25,0.0,0.002,0.124
77,250,0.02,0.037,0.145
77,251,0.025,0.045,0.142
77,26,0.001,0.003,0.117
77,27,0.001,0.002,0.121
77,28,0.001,0.002,0.121
77,29,0.001,0.003,0.118
77,30,0.001,0.003,0.117
77,31,0.001,0.002,0.124
77,32,0.001,0.003,0.122
77,33,0.001,0.003,0.12
77,34,0.001,0.004,0.119
77,35,0.001,0.002,0.128
77,36,0.001,0.004,0.119
77,37,0.001,0.003,0.124
77,38,0.002,0.005,0.118
77,39,0.0,0.001,0.139
77,40,0.001,0.002,0.131
77,41,0.0,0.001,0.137
77,42,0.0,0.0,0.148
77,43,0.0,0.001,0.146
77,44,0.0,0.001,0.146
77,45,0.0,0.001,0.137
77,46,0.0,0.001,0.146
77,47,0.001,0.002,0.135
77,48,0.0,0.001,0.145
77,49,0.0,0.001,0.142
77,50,0.001,0.002,0.137
77,51,0.001,0.003,0.132
77,52,0.001,0.003,0.131
77,53,0.001,0.002,0.14
77,54,0.001,0.002,0.139
77,55,0.001,0.002,0.138
77,56,0.001,0.003,0.133
77,57,0.001,0.003,0.135
77,58,0.001,0.002,0.141
77,59,0.001,0.003,0.136
77,6,0.002,0.004,0.117
77,60,0.001,0.002,0.143
77,61,0.001,0.002,0.142
77,62,0.001,0.004,0.135
77,63,0.001,0.004,0.135
77,64,0.0,0.002,0.147
77,65,0.001,0.003,0.139
77,66,0.002,0.005,0.13
77,67,0.0,0.001,0.148
77,68,0.0,0.001,0.151
77,69,0.0,0.001,0.154
77,7,0.001,0.003,0.119
77,70,0.0,0.001,0.159
77,71,0.0,0.0,0.169
77,72,0.0,0.0,0.167
77,73,0.0,0.0,0.168
77,74,0.0,0.0,0.17
77,75,0.0,0.0,0.166
77,76,0.0,0.0,0.17
77,77,0.0,0.0,0.184
77,78,0.0,0.0,0.18
77,79,0.0,0.0,0.191
77,8,0.001,0.002,0.123
77,80,0.0,0.0,0.183
77,81,0.0,0.0,0.187
77,82,0.0,0.0,0.192
77,83,0.0,0.0,0.196
77,84,0.0,0.0,0.206
77,85,0.0,0.0,0.213
77,86,0.0,0.0,0.212
77,87,0.0,0.0,0.223
77,88,0.0,0.0,0.225
77,89,0.0,0.0,0.223
77,9,0.001,0.002,0.124
77,90,0.0,0.0,0.226
77,91,0.0,0.0,0.225
77,92,0.0,0.0,0.217
77,93,0.0,0.0,0.22
77,94,0.0,0.0,0.235
77,95,0.0,0.0,0.236
77,96,0.0,0.0,0.228
77,97,0.0,0.0,0.222
77,98,0.0,0.0,0.229
77,99,0.0,0.0,0.237
78,10,0.0,0.0,0.138
78,100,0.0,0.0,0.255
78,101,0.0,0.0,0.254
78,102,0.0,0.0,0.258
78,103,0.0,0.0,0.27
78,104,0.0,0.0,0.277
78,105,0.0,0.0,0.272
78,106,0.0,0.0,0.273
78,107,0.0,0.0,0.282
78,108,0.0,0.0,0.295
78,109,0.0,0.0,0.302
78,11,0.0,0.0,0.151
78,110,0.0,0.0,0.293
78,111,0.0,0.0,0.286
78,112,0.0,0.0,0.294
78,113,0.0,0.0,0.295
78,114,0.0,0.0,0.307
78,115,0.0,0.0,0.315
78,116,0.0,0.0,0.312
78,117,0.0,0.0,0.315
78,118,0.0,0.0,0.317
78,119,0.0,0.0,0.312
78,12,0.0,0.0,0.137
78,120,0.0,0.0,0.321
78,121,0.0,0.0,0.329
78,122,0.0,0.0,0.34
78,123,0.0,0.0,0.331
78,124,0.0,0.0,0.327
78,125,0.0,0.0,0.327
78,126,0.0,0.0,0.325
78,127,0.0,0.0,0.332
78,128,0.0,0.0,0.345
78,129,0.0,0.0,0.346
78,13,0.0,0.0,0.147
78,130,0.0,0.0,0.338
78,131,0.0,0.0,0.334
78,132,0.0,0.0,0.326
78,133,0.0,0.0,0.321
78,134,0.0,0.0,0.313
78,135,0.0,0.0,0.305
78,136,0.0,0.0,0.304
78,137,0.0,0.0,0.298
78,138,0.0,0.0,0.297
78,139,0.0,0.0,0.296
78,14,0.0,0.001,0.133
78,140,0.0,0.0,0.294
78,141,0.0,0.0,0.286
78,142,0.0,0.0,0.286
78,143,0.0,0.0,0.279
78,144,0.0,0.0,0.273
78,145,0.0,0.0,0.277
78,146,0.0,0.0,0.276
78,147,0.0,0.0,0.268
78,148,0.0,0.0,0.271
78,149,0.0,0.0,0.259
78,15,0.0,0.0,0.149
78,150,0.0,0.0,0.269
78,151,0.0,0.0,0.265
78,152,0.0,0.0,0.268
78,153,0.0,0.0,0.259
78,154,0.0,0.0,0.26
78,155,0.0,0.0,0.249
78,156,0.0,0.0,0.254
78,157,0.0,0.0,0.241
78,158,0.0,0.0,0.245
78,159,0.0,0.0,0.242
78,16,0.0,0.0,0.154
78,160,0.0,0.0,0.248
78,161,0.0,0.0,0.24
78,162,0.0,0.0,0.233
78,163,0.0,0.0,0.227
78,164,0.0,0.0,0.236
78,165,0.0,0.0,0.23
78,166,0.0,0.0,0.231
78,167,0.0,0.0,0.23
78,168,0.0,0.0,0.222
78,169,0.0,0.0,0.227
78,17,0.0,0.0,0.148
78,170,0.0,0.0,0.233
78,171,0.0,0.0,0.241
78,172,0.0,0.0,0.243
78,173,0.0,0.0,0.234
78,174,0.0,0.0,0.227
78,175,0.0,0.0,0.223
78,176,0.0,0.0,0.227
78,177,0.0,0.0,0.226
78,178,0.0,0.0,0.225
78,179,0.0,0.0,0.217
78,18,0.0,0.0,0.143
78,180,0.0,0.0,0.216
78,181,0.0,0.0,0.212
78,182,0.0,0.0,0.198
78,183,0.0,0.0,0.208
78,184,0.0,0.0,0.203
78,185,0.0,0.0,0.21
78,186,0.0,0.0,0.202
78,187,0.0,0.0,0.21
78,188,0.0,0.0,0.204
78,189,0.0,0.0,0.211
78,19,0.0,0.0,0.138
78,190,0.0,0.0,0.207
78,191,0.0,0.0,0.197
78,192,0.0,0.0,0.2
78,193,0.0,0.0,0.193
78,194,0.0,0.0,0.201
78,195,0.0,0.0,0.194
78,196,0.0,0.0,0.179
78,197,0.0,0.0,0.186
78,198,0.0,0.0,0.192
78,199,0.0,0.0,0.184
78,20,0.0,0.001,0.133
78,200,0.0,0.001,0.169
78,201,0.0,0.0,0.188
78,202,0.0,0.0,0.186
78,203,0.0,0.0,0.18
78,204,0.0,0.001,0.168
78,205,0.0,0.001,0.173
78,206,0.0,0.0,0.179
78,207,0.0,0.0,0.18
78,208,0.0,0.001,0.17
78,209,0.0,0.001,0.172
78,21,0.0,0.001,0.133
78,210,0.0,0.0,0.176
78,211,0.001,0.002,0.156
78,212,0.001,0.002,0.158
78,213,0.0,0.001,0.164
78,214,0.0,0.001,0.16
78,215,0.0,0.001,0.163
78,216,0.0,0.001,0.169
78,217,0.001,0.002,0.156
78,218,0.001,0.002,0.158
78,219,0.0,0.001,0.166
78,22,0.001,0.002,0.121
78,220,0.001,0.002,0.155
78,221,0.001,0.002,0.157
78,222,0.001,0.002,0.157
78,223,0.001,0.002,0.157
78,224,0.001,0.003,0.15
78,225,0.001,0.002,0.157
78,226,0.001,0.004,0.15
78,227,0.001,0.002,0.163
78,228,0.001,0.003,0.154
78,229,0.001,0.003,0.156
78,23,0.0,0.001,0.126
78,230,0.002,0.004,0.152
78,231,0.002,0.005,0.151
78,232,0.002,0.006,0.149
78,233,0.002,0.004,0.154
78,234,0.003,0.008,0.147
78,235,0.002,0.005,0.154
78,236,0.003,0.008,0.15
78,237,0.003,0.007,0.153
78,238,0.005,0.011,0.146
78,239,0.006,0.013,0.144
78,24,0.002,0.006,0.108
78,240,0.012,0.024,0.134
78,241,0.01,0.021,0.14
78,242,0.006,0.013,0.151
78,243,0.004,0.009,0.161
78,244,0.009,0.018,0.149
78,245,0.011,0.023,0.147
78,246,0.011,0.022,0.15
78,247,0.005,0.012,0.167
78,248,0.003,0.008,0.179
78,249,0.009,0.019,0.161
78,25,0.001,0.003,0.115
78,250,0.012,0.024,0.159
78,251,0.01,0.02,0.165
78,26,0.001,0.002,0.119
78,27,0.002,0.004,0.113
78,28,0.001,0.003,0.115
78,29,0.001,0.003,0.118
78,30,0.002,0.005,0.111
78,31,0.002,0.006,0.11
78,32,0.004,0.01,0.104
78,33,0.001,0.002,0.123
78,34,0.0,0.001,0.137
78,35,0.0,0.001,0.134
78,36,0.001,0.003,0.123
78,37,0.001,0.002,0.128
78,38,0.0,0.001,0.135
78,39,0.0,0.001,0.135
78,40,0.001,0.002,0.131
78,41,0.0,0.002,0.133
78,42,0.0,0.001,0.144
78,43,0.0,0.001,0.139
78,44,0.001,0.002,0.132
78,45,0.0,0.001,0.14
78,46,0.001,0.002,0.133
78,47,0.0,0.001,0.14
78,48,0.001,0.002,0.138
78,49,0.0,0.0,0.154
78,50,0.0,0.001,0.146
78,51,0.0,0.002,0.141
78,52,0.0,0.001,0.144
78,53,0.0,0.001,0.146
78,54,0.001,0.002,0.138
78,55,0.002,0.004,0.129
78,56,0.001,0.002,0.139
78,57,0.001,0.002,0.141
78,58,0.001,0.004,0.133
78,59,0.001,0.002,0.14
78,6,0.0,0.001,0.14
78,60,0.0,0.001,0.146
78,61,0.001,0.002,0.145
78,62,0.001,0.004,0.134
78,63,0.001,0.002,0.145
78,64,0.0,0.001,0.147
78,65,0.0,0.001,0.15
78,66,0.001,0.003,0.14
78,67,0.001,0.002,0.144
78,68,0.001,0.003,0.14
78,69,0.0,0.001,0.161
78,7,0.0,0.0,0.147
78,70,0.0,0.0,0.168
78,71,0.0,0.0,0.169
78,72,0.0,0.001,0.162
78,73,0.0,0.0,0.165
78,74,0.0,0.0,0.173
78,75,0.0,0.0,0.176
78,76,0.0,0.0,0.174
78,77,0.0,0.0,0.181
78,78,0.0,0.0,0.186
78,79,0.0,0.0,0.183
78,8,0.0,0.0,0.146
78,80,0.0,0.0,0.181
78,81,0.0,0.0,0.186
78,82,0.0,0.0,0.207
78,83,0.0,0.0,0.182
78,84,0.0,0.0,0.193
78,85,0.0,0.0,0.209
78,86,0.0,0.0,0.206
78,87,0.0,0.0,0.209
78,88,0.0,0.0,0.215
78,89,0.0,0.0,0.212
78,9,0.0,0.0,0.151
78,90,0.0,0.0,0.218
78,91,0.0,0.0,0.223
78,92,0.0,0.0,0.224
78,93,0.0,0.0,0.214
78,94,0.0,0.0,0.223
78,95,0.0,0.0,0.23
78,96,0.0,0.0,0.249
78,97,0.0,0.0,0.242
78,98,0.0,0.0,0.246
78,99,0.0,0.0,0.254
79,10,0.01,0.02,0.092
79,100,0.0,0.0,0.219
79,101,0.0,0.0,0.239
79,102,0.0,0.0,0.246
79,103,0.0,0.0,0.252
79,104,0.0,0.0,0.259
79,105,0.0,0.0,0.269
79,106,0.0,0.0,0.256
79,107,0.0,0.0,0.272
79,108,0.0,0.0,0.271
79,109,0.0,0.0,0.276
79,11,0.016,0.032,0.085
79,110,0.0,0.0,0.276
79,111,0.0,0.0,0.28
79,112,0.0,0.0,0.282
79,113,0.0,0.0,0.283
79,114,0.0,0.0,0.281
79,115,0.0,0.0,0.284
79,116,0.0,0.0,0.296
79,117,0.0,0.0,0.294
79,118,0.0,0.0,0.301
79,119,0.0,0.0,0.292
79,12,0.003,0.006,0.106
79,120,0.0,0.0,0.309
79,121,0.0,0.0,0.298
79,122,0.0,0.0,0.306
79,123,0.0,0.0,0.321
79,124,0.0,0.0,0.316
79,125,0.0,0.0,0.32
79,126,0.0,0.0,0.326
79,127,0.0,0.0,0.312
79,128,0.0,0.0,0.31
79,129,0.0,0.0,0.306
79,13,0.005,0.011,0.098
79,130,0.0,0.0,0.316
79,131,0.0,0.0,0.322
79,132,0.0,0.0,0.316
79,133,0.0,0.0,0.311
79,134,0.0,0.0,0.305
79,135,0.0,0.0,0.295
79,136,0.0,0.0,0.299
79,137,0.0,0.0,0.3
79,138,0.0,0.0,0.294
79,139,0.0,0.0,0.287
79,14,0.004,0.01,0.1
79,140,0.0,0.0,0.273
79,141,0.0,0.0,0.285
79,142,0.0,0.0,0.279
79,143,0.0,0.0,0.294
79,144,0.0,0.0,0.296
79,145,0.0,0.0,0.28
79,146,0.0,0.0,0.27
79,147,0.0,0.0,0.27
79,148,0.0,0.0,0.273
79,149,0.0,0.0,0.275
79,15,0.005,0.012,0.097
79,150,0.0,0.0,0.262
79,151,0.0,0.0,0.258
79,152,0.0,0.0,0.26
79,153,0.0,0.0,0.257
79,154,0.0,0.0,0.25
79,155,0.0,0.0,0.259
79,156,0.0,0.0,0.256
79,157,0.0,0.0,0.256
79,158,0.0,0.0,0.247
79,159,0.0,0.0,0.243
79,16,0.001,0.002,0.12
79,160,0.0,0.0,0.252
79,161,0.0,0.0,0.23
79,162,0.0,0.0,0.233
79,163,0.0,0.0,0.236
79,164,0.0,0.0,0.235
79,165,0.0,0.0,0.227
79,166,0.0,0.0,0.218
79,167,0.0,0.0,0.229
79,168,0.0,0.0,0.224
79,169,0.0,0.0,0.222
79,17,0.006,0.014,0.095
79,170,0.0,0.0,0.231
79,171,0.0,0.0,0.23
79,172,0.0,0.0,0.228
79,173,0.0,0.0,0.232
79,174,0.0,0.0,0.222
79,175,0.0,0.0,0.223
79,176,0.0,0.0,0.226
79,177,0.0,0.0,0.23
79,178,0.0,0.0,0.229
79,179,0.0,0.0,0.238
79,18,0.005,0.01,0.099
79,180,0.0,0.0,0.238
79,181,0.0,0.0,0.22
79,182,0.0,0.0,0.221
79,183,0.0,0.0,0.225
79,184,0.0,0.0,0.211
79,185,0.0,0.0,0.213
79,186,0.0,0.0,0.213
79,187,0.0,0.0,0.21
79,188,0.0,0.0,0.203
79,189,0.0,0.0,0.196
79,19,0.001,0.002,0.117
79,190,0.0,0.0,0.204
79,191,0.0,0.0,0.193
79,192,0.0,0.0,0.191
79,193,0.0,0.0,0.185
79,194,0.0,0.0,0.183
79,195,0.0,0.0,0.191
79,196,0.0,0.0,0.189
79,197,0.0,0.0,0.179
79,198,0.0,0.0,0.177
79,199,0.0,0.0,0.18
79,20,0.007,0.015,0.095
79,200,0.0,0.0,0.178
79,201,0.0,0.001,0.172
79,202,0.0,0.001,0.169
79,203,0.0,0.001,0.162
79,204,0.0,0.0,0.177
79,205,0.0,0.0,0.178
79,206,0.0,0.0,0.179
79,207,0.0,0.001,0.168
79,208,0.001,0.002,0.159
79,209,0.001,0.002,0.158
79,21,0.002,0.006,0.107
79,210,0.001,0.002,0.153
79,211,0.0,0.002,0.16
79,212,0.0,0.002,0.159
79,213,0.001,0.002,0.159
79,214,0.0,0.002,0.159
79,215,0.001,0.003,0.148
79,216,0.0,0.001,0.162
79,217,0.001,0.002,0.158
79,218,0.001,0.002,0.159
79,219,0.001,0.002,0.156
79,22,0.002,0.005,0.11
79,220,0.001,0.002,0.159
79,221,0.001,0.004,0.149
79,222,0.001,0.003,0.151
79,223,0.001,0.002,0.16
79,224,0.002,0.004,0.147
79,225,0.002,0.005,0.145
79,226,0.002,0.005,0.147
79,227,0.002,0.004,0.15
79,228,0.003,0.007,0.142
79,229,0.002,0.004,0.151
79,23,0.004,0.009,0.102
79,230,0.001,0.002,0.162
79,231,0.001,0.003,0.157
79,232,0.003,0.007,0.147
79,233,0.001,0.003,0.162
79,234,0.003,0.007,0.15
79,235,0.008,0.017,0.134
79,236,0.007,0.016,0.137
79,237,0.011,0.022,0.132
79,238,0.014,0.027,0.129
79,239,0.019,0.035,0.125
79,24,0.002,0.006,0.107
79,240,0.026,0.046,0.121
79,241,0.04,0.068,0.113
79,242,0.031,0.055,0.12
79,243,0.03,0.052,0.123
79,244,0.044,0.073,0.116
79,245,0.048,0.079,0.116
79,246,0.044,0.074,0.12
79,247,0.069,0.108,0.11
79,248,0.042,0.071,0.125
79,249,0.053,0.086,0.122
79,25,0.003,0.008,0.104
79,250,0.034,0.06,0.135
79,251,0.031,0.055,0.139
79,26,0.003,0.006,0.107
79,27,0.003,0.007,0.107
79,28,0.003,0.007,0.107
79,29,0.001,0.003,0.119
79,30,0.002,0.004,0.114
79,31,0.004,0.009,0.104
79,32,0.001,0.004,0.116
79,33,0.001,0.002,0.124
79,34,0.001,0.002,0.127
79,35,0.001,0.002,0.127
79,36,0.001,0.003,0.122
79,37,0.001,0.002,0.129
79,38,0.001,0.002,0.129
79,39,0.001,0.003,0.123
79,40,0.003,0.007,0.114
79,41,0.002,0.004,0.121
79,42,0.001,0.003,0.126
79,43,0.001,0.002,0.133
79,44,0.001,0.002,0.133
79,45,0.001,0.003,0.128
79,46,0.0,0.001,0.136
79,47,0.001,0.004,0.125
79,48,0.001,0.002,0.134
79,49,0.001,0.003,0.131
79,50,0.001,0.003,0.13
79,51,0.002,0.004,0.126
79,52,0.002,0.004,0.128
79,53,0.001,0.002,0.137
79,54,0.001,0.002,0.141
79,55,0.0,0.001,0.144
79,56,0.0,0.002,0.143
79,57,0.001,0.002,0.141
79,58,0.001,0.003,0.138
79,59,0.001,0.002,0.143
79,6,0.02,0.037,0.086
79,60,0.001,0.002,0.141
79,61,0.0,0.001,0.147
79,62,0.001,0.002,0.146
79,63,0.0,0.001,0.147
79,64,0.001,0.002,0.145
79,65,0.0,0.002,0.147
79,66,0.0,0.001,0.156
79,67,0.0,0.0,0.163
79,68,0.0,0.001,0.15
79,69,0.0,0.001,0.156
79,7,0.017,0.032,0.087
79,70,0.0,0.001,0.161
79,71,0.0,0.0,0.169
79,72,0.0,0.001,0.163
79,73,0.0,0.001,0.161
79,74,0.0,0.0,0.167
79,75,0.0,0.0,0.176
79,76,0.0,0.0,0.168
79,77,0.0,0.001,0.163
79,78,0.0,0.0,0.181
79,79,0.0,0.0,0.177
79,8,0.015,0.029,0.088
79,80,0.0,0.0,0.182
79,81,0.0,0.0,0.194
79,82,0.0,0.0,0.192
79,83,0.0,0.0,0.193
79,84,0.0,0.0,0.203
79,85,0.0,0.0,0.21
79,86,0.0,0.0,0.206
79,87,0.0,0.0,0.201
79,88,0.0,0.0,0.2
79,89,0.0,0.0,0.215
79,9,0.008,0.018,0.094
79,90,0.0,0.0,0.205
79,91,0.0,0.0,0.211
79,92,0.0,0.0,0.221
79,93,0.0,0.0,0.223
79,94,0.0,0.0,0.235
79,95,0.0,0.0,0.236
79,96,0.0,0.0,0.24
79,97,0.0,0.0,0.245
79,98,0.0,0.0,0.241
79,99,0.0,0.0,0.234
8,10,0.0,0.001,0.12
8,100,0.0,0.001,0.133
8,101,0.001,0.003,0.123
8,102,0.001,0.002,0.126
8,103,0.001,0.002,0.126
8,104,0.0,0.002,0.13
8,105,0.0,0.001,0.138
8,106,0.001,0.002,0.127
8,107,0.001,0.003,0.122
8,108,0.001,0.003,0.125
8,109,0.001,0.004,0.121
8,11,0.0,0.001,0.121
8,110,0.001,0.003,0.125
8,111,0.001,0.002,0.131
8,112,0.0,0.001,0.144
8,113,0.001,0.003,0.125
8,114,0.001,0.003,0.125
8,115,0.001,0.002,0.132
8,116,0.0,0.001,0.136
8,117,0.001,0.002,0.131
8,118,0.001,0.002,0.133
8,119,0.0,0.001,0.142
8,12,0.0,0.001,0.12
8,120,0.0,0.0,0.154
8,121,0.0,0.0,0.153
8,122,0.0,0.0,0.157
8,123,0.0,0.0,0.159
8,124,0.0,0.0,0.15
8,125,0.0,0.001,0.145
8,126,0.0,0.0,0.154
8,127,0.0,0.0,0.158
8,128,0.0,0.0,0.157
8,129,0.0,0.001,0.149
8,13,0.0,0.001,0.114
8,130,0.0,0.001,0.149
8,131,0.0,0.0,0.159
8,132,0.0,0.0,0.158
8,133,0.0,0.0,0.168
8,134,0.0,0.0,0.165
8,135,0.0,0.0,0.16
8,136,0.0,0.0,0.159
8,137,0.0,0.0,0.166
8,138,0.0,0.0,0.182
8,139,0.0,0.0,0.171
8,14,0.0,0.001,0.119
8,140,0.0,0.0,0.175
8,141,0.0,0.0,0.178
8,142,0.0,0.0,0.179
8,143,0.0,0.0,0.179
8,144,0.0,0.0,0.171
8,145,0.0,0.0,0.166
8,146,0.0,0.0,0.168
8,147,0.0,0.0,0.16
8,148,0.0,0.0,0.159
8,149,0.0,0.0,0.17
8,15,0.0,0.002,0.112
8,150,0.0,0.0,0.171
8,151,0.0,0.0,0.171
8,152,0.0,0.0,0.178
8,153,0.0,0.0,0.175
8,154,0.0,0.0,0.175
8,155,0.0,0.0,0.176
8,156,0.0,0.0,0.173
8,157,0.0,0.0,0.173
8,158,0.0,0.0,0.167
8,159,0.0,0.0,0.164
8,16,0.0,0.001,0.118
8,160,0.0,0.0,0.158
8,161,0.0,0.0,0.165
8,162,0.0,0.0,0.162
8,163,0.0,0.0,0.172
8,164,0.0,0.0,0.182
8,165,0.0,0.0,0.181
8,166,0.0,0.0,0.18
8,167,0.0,0.0,0.183
8,168,0.0,0.0,0.18
8,169,0.0,0.0,0.183
8,17,0.0,0.001,0.116
8,170,0.0,0.0,0.181
8,171,0.0,0.0,0.177
8,172,0.0,0.0,0.181
8,173,0.0,0.0,0.184
8,174,0.0,0.0,0.165
8,175,0.0,0.0,0.167
8,176,0.0,0.0,0.176
8,177,0.0,0.0,0.175
8,178,0.0,0.0,0.174
8,179,0.0,0.0,0.177
8,18,0.0,0.001,0.121
8,180,0.0,0.0,0.174
8,181,0.0,0.0,0.167
8,182,0.0,0.0,0.174
8,183,0.0,0.0,0.172
8,184,0.0,0.001,0.163
8,185,0.0,0.001,0.162
8,186,0.0,0.0,0.17
8,187,0.0,0.001,0.171
8,188,0.0,0.0,0.172
8,189,0.0,0.0,0.176
8,19,0.0,0.001,0.119
8,190,0.0,0.0,0.18
8,191,0.0,0.0,0.182
8,192,0.0,0.0,0.19
8,193,0.0,0.0,0.181
8,194,0.0,0.0,0.186
8,195,0.0,0.0,0.181
8,196,0.0,0.001,0.179
8,197,0.001,0.002,0.165
8,198,0.001,0.002,0.165
8,199,0.0,0.002,0.168
8,20,0.0,0.001,0.119
8,200,0.001,0.002,0.163
8,201,0.0,0.001,0.177
8,202,0.0,0.001,0.175
8,203,0.0,0.001,0.177
8,204,0.001,0.002,0.173
8,205,0.0,0.001,0.176
8,206,0.001,0.003,0.166
8,207,0.0,0.001,0.193
8,208,0.0,0.001,0.183
8,209,0.0,0.001,0.187
8,21,0.0,0.001,0.113
8,210,0.0,0.001,0.188
8,211,0.0,0.001,0.189
8,212,0.0,0.001,0.189
8,213,0.0,0.001,0.197
8,214,0.0,0.001,0.195
8,215,0.001,0.002,0.181
8,216,0.0,0.001,0.206
8,217,0.0,0.001,0.199
8,218,0.0,0.001,0.202
8,219,0.0,0.0,0.215
8,22,0.0,0.001,0.116
8,220,0.0,0.001,0.205
8,221,0.001,0.002,0.192
8,222,0.0,0.0,0.215
8,223,0.0,0.001,0.203
8,224,0.0,0.001,0.216
8,225,0.0,0.0,0.218
8,226,0.0,0.001,0.217
8,227,0.0,0.001,0.219
8,228,0.0,0.0,0.23
8,229,0.0,0.001,0.219
8,23,0.0,0.001,0.116
8,230,0.0,0.0,0.224
8,231,0.0,0.001,0.218
8,232,0.0,0.0,0.231
8,233,0.0,0.0,0.231
8,234,0.0,0.0,0.232
8,235,0.0,0.001,0.221
8,236,0.0,0.001,0.216
8,237,0.0,0.0,0.236
8,238,0.001,0.002,0.203
8,239,0.0,0.001,0.226
8,24,0.001,0.002,0.106
8,240,0.0,0.001,0.215
8,241,0.001,0.002,0.209
8,242,0.0,0.001,0.222
8,243,0.0,0.001,0.224
8,244,0.001,0.002,0.211
8,245,0.001,0.004,0.199
8,246,0.001,0.002,0.209
8,247,0.001,0.003,0.204
8,248,0.002,0.005,0.195
8,249,0.002,0.004,0.201
8,25,0.001,0.002,0.107
8,250,0.002,0.006,0.196
8,251,0.004,0.009,0.188
8,26,0.0,0.001,0.112
8,27,0.001,0.003,0.105
8,28,0.001,0.003,0.104
8,29,0.001,0.003,0.105
8,30,0.003,0.007,0.094
8,31,0.002,0.005,0.099
8,32,0.001,0.004,0.102
8,33,0.001,0.002,0.109
8,34,0.001,0.002,0.109
8,35,0.003,0.007,0.096
8,36,0.002,0.004,0.101
8,37,0.0,0.001,0.114
8,38,0.0,0.001,0.115
8,39,0.002,0.005,0.099
8,40,0.0,0.001,0.118
8,41,0.001,0.003,0.107
8,42,0.001,0.004,0.103
8,43,0.002,0.005,0.101
8,44,0.002,0.004,0.103
8,45,0.001,0.004,0.104
8,46,0.0,0.001,0.118
8,47,0.003,0.007,0.097
8,48,0.002,0.006,0.099
8,49,0.001,0.002,0.11
8,50,0.0,0.001,0.116
8,51,0.001,0.002,0.111
8,52,0.001,0.002,0.112
8,53,0.001,0.003,0.108
8,54,0.0,0.001,0.118
8,55,0.001,0.002,0.111
8,56,0.0,0.001,0.122
8,57,0.0,0.002,0.116
8,58,0.0,0.001,0.124
8,59,0.0,0.001,0.118
8,60,0.0,0.001,0.126
8,61,0.0,0.001,0.126
8,62,0.0,0.001,0.118
8,63,0.0,0.001,0.127
8,64,0.0,0.0,0.143
8,65,0.0,0.001,0.126
8,66,0.0,0.001,0.12
8,67,0.0,0.001,0.13
8,68,0.001,0.002,0.116
8,69,0.0,0.001,0.123
8,7,0.0,0.001,0.12
8,70,0.001,0.003,0.111
8,71,0.001,0.002,0.119
8,72,0.0,0.001,0.12
8,73,0.001,0.004,0.11
8,74,0.001,0.004,0.11
8,75,0.002,0.005,0.108
8,76,0.001,0.002,0.119
8,77,0.0,0.0,0.133
8,78,0.001,0.002,0.12
8,79,0.001,0.004,0.112
8,8,0.001,0.002,0.113
8,80,0.004,0.009,0.1
8,81,0.001,0.003,0.116
8,82,0.001,0.002,0.121
8,83,0.002,0.004,0.111
8,84,0.001,0.003,0.118
8,85,0.001,0.003,0.115
8,86,0.001,0.003,0.117
8,87,0.001,0.002,0.123
8,88,0.0,0.001,0.13
8,89,0.001,0.004,0.116
8,9,0.0,0.001,0.12
8,90,0.003,0.006,0.108
8,91,0.001,0.003,0.119
8,92,0.002,0.006,0.11
8,93,0.002,0.006,0.111
8,94,0.004,0.009,0.105
8,95,0.003,0.006,0.111
8,96,0.001,0.003,0.121
8,97,0.001,0.002,0.128
8,98,0.002,0.004,0.116
8,99,0.001,0.004,0.118
80,10,0.002,0.005,0.111
80,100,0.0,0.0,0.242
80,101,0.0,0.0,0.243
80,102,0.0,0.0,0.245
80,103,0.0,0.0,0.26
80,104,0.0,0.0,0.252
80,105,0.0,0.0,0.267
80,106,0.0,0.0,0.265
80,107,0.0,0.0,0.272
80,108,0.0,0.0,0.264
80,109,0.0,0.0,0.276
80,11,0.003,0.008,0.103
80,110,0.0,0.0,0.279
80,111,0.0,0.0,0.282
80,112,0.0,0.0,0.283
80,113,0.0,0.0,0.282
80,114,0.0,0.0,0.296
80,115,0.0,0.0,0.304
80,116,0.0,0.0,0.296
80,117,0.0,0.0,0.303
80,118,0.0,0.0,0.287
80,119,0.0,0.0,0.291
80,12,0.002,0.006,0.106
80,120,0.0,0.0,0.312
80,121,0.0,0.0,0.319
80,122,0.0,0.0,0.296
80,123,0.0,0.0,0.313
80,124,0.0,0.0,0.31
80,125,0.0,0.0,0.305
80,126,0.0,0.0,0.304
80,127,0.0,0.0,0.301
80,128,0.0,0.0,0.31
80,129,0.0,0.0,0.311
80,13,0.003,0.007,0.104
80,130,0.0,0.0,0.305
80,131,0.0,0.0,0.307
80,132,0.0,0.0,0.304
80,133,0.0,0.0,0.305
80,134,0.0,0.0,0.31
80,135,0.0,0.0,0.312
80,136,0.0,0.0,0.304
80,137,0.0,0.0,0.306
80,138,0.0,0.0,0.296
80,139,0.0,0.0,0.292
80,14,0.003,0.006,0.105
80,140,0.0,0.0,0.297
80,141,0.0,0.0,0.286
80,142,0.0,0.0,0.285
80,143,0.0,0.0,0.274
80,144,0.0,0.0,0.282
80,145,0.0,0.0,0.28
80,146,0.0,0.0,0.273
80,147,0.0,0.0,0.272
80,148,0.0,0.0,0.259
80,149,0.0,0.0,0.258
80,15,0.001,0.002,0.119
80,150,0.0,0.0,0.255
80,151,0.0,0.0,0.264
80,152,0.0,0.0,0.266
80,153,0.0,0.0,0.266
80,154,0.0,0.0,0.259
80,155,0.0,0.0,0.254
80,156,0.0,0.0,0.247
80,157,0.0,0.0,0.244
80,158,0.0,0.0,0.241
80,159,0.0,0.0,0.24
80,16,0.0,0.001,0.124
80,160,0.0,0.0,0.241
80,161,0.0,0.0,0.241
80,162,0.0,0.0,0.228
80,163,0.0,0.0,0.232
80,164,0.0,0.0,0.216
80,165,0.0,0.0,0.23
80,166,0.0,0.0,0.236
80,167,0.0,0.0,0.237
80,168,0.0,0.0,0.228
80,169,0.0,0.0,0.234
80,17,0.003,0.007,0.104
80,170,0.0,0.0,0.226
80,171,0.0,0.0,0.216
80,172,0.0,0.0,0.221
80,173,0.0,0.0,0.23
80,174,0.0,0.0,0.223
80,175,0.0,0.0,0.23
80,176,0.0,0.0,0.212
80,177,0.0,0.0,0.213
80,178,0.0,0.0,0.214
80,179,0.0,0.0,0.219
80,18,0.001,0.004,0.111
80,180,0.0,0.0,0.198
80,181,0.0,0.0,0.203
80,182,0.0,0.0,0.206
80,183,0.0,0.0,0.201
80,184,0.0,0.0,0.199
80,185,0.0,0.0,0.199
80,186,0.0,0.0,0.196
80,187,0.0,0.0,0.2
80,188,0.0,0.0,0.193
80,189,0.0,0.0,0.189
80,19,0.002,0.005,0.109
80,190,0.0,0.0,0.187
80,191,0.0,0.0,0.186
80,192,0.0,0.0,0.191
80,193,0.0,0.0,0.19
80,194,0.0,0.0,0.187
80,195,0.0,0.0,0.181
80,196,0.0,0.0,0.178
80,197,0.0,0.0,0.18
80,198,0.0,0.001,0.17
80,199,0.0,0.001,0.172
80,20,0.001,0.002,0.12
80,200,0.0,0.001,0.167
80,201,0.0,0.0,0.181
80,202,0.0,0.001,0.163
80,203,0.0,0.001,0.164
80,204,0.0,0.0,0.177
80,205,0.0,0.001,0.173
80,206,0.0,0.001,0.165
80,207,0.0,0.001,0.164
80,208,0.0,0.001,0.162
80,209,0.001,0.003,0.152
80,21,0.0,0.001,0.13
80,210,0.001,0.002,0.157
80,211,0.001,0.002,0.153
80,212,0.001,0.002,0.155
80,213,0.001,0.003,0.153
80,214,0.001,0.002,0.158
80,215,0.001,0.004,0.147
80,216,0.001,0.004,0.148
80,217,0.002,0.005,0.142
80,218,0.003,0.007,0.139
80,219,0.002,0.005,0.142
80,22,0.0,0.001,0.132
80,220,0.004,0.009,0.134
80,221,0.001,0.003,0.152
80,222,0.002,0.005,0.146
80,223,0.003,0.008,0.137
80,224,0.003,0.007,0.139
80,225,0.002,0.004,0.149
80,226,0.001,0.003,0.154
80,227,0.001,0.003,0.159
80,228,0.001,0.002,0.163
80,229,0.002,0.005,0.151
80,23,0.0,0.001,0.124
80,230,0.002,0.005,0.152
80,231,0.001,0.003,0.164
80,232,0.003,0.008,0.147
80,233,0.001,0.004,0.16
80,234,0.005,0.012,0.142
80,235,0.002,0.005,0.16
80,236,0.005,0.012,0.145
80,237,0.004,0.01,0.15
80,238,0.006,0.013,0.147
80,239,0.008,0.017,0.144
80,24,0.002,0.006,0.107
80,240,0.011,0.022,0.139
80,241,0.008,0.018,0.146
80,242,0.014,0.027,0.139
80,243,0.023,0.043,0.13
80,244,0.024,0.044,0.132
80,245,0.02,0.037,0.138
80,246,0.023,0.042,0.137
80,247,0.018,0.035,0.144
80,248,0.017,0.032,0.148
80,249,0.038,0.065,0.131
80,25,0.004,0.01,0.101
80,250,0.038,0.066,0.133
80,251,0.018,0.034,0.154
80,26,0.001,0.002,0.119
80,27,0.003,0.008,0.105
80,28,0.001,0.002,0.123
80,29,0.002,0.005,0.112
80,30,0.002,0.005,0.112
80,31,0.001,0.003,0.12
80,32,0.001,0.002,0.123
80,33,0.002,0.005,0.112
80,34,0.001,0.003,0.118
80,35,0.001,0.003,0.12
80,36,0.001,0.004,0.118
80,37,0.001,0.004,0.119
80,38,0.001,0.003,0.124
80,39,0.002,0.005,0.116
80,40,0.001,0.004,0.12
80,41,0.001,0.002,0.13
80,42,0.001,0.002,0.127
80,43,0.001,0.003,0.127
80,44,0.0,0.001,0.138
80,45,0.001,0.004,0.124
80,46,0.001,0.003,0.125
80,47,0.0,0.001,0.142
80,48,0.0,0.0,0.15
80,49,0.0,0.001,0.146
80,50,0.001,0.002,0.133
80,51,0.0,0.001,0.14
80,52,0.001,0.004,0.128
80,53,0.001,0.002,0.138
80,54,0.001,0.002,0.14
80,55,0.002,0.004,0.128
80,56,0.002,0.004,0.129
80,57,0.0,0.001,0.145
80,58,0.001,0.002,0.139
80,59,0.001,0.002,0.143
80,6,0.009,0.019,0.096
80,60,0.001,0.002,0.139
80,61,0.001,0.002,0.142
80,62,0.001,0.004,0.132
80,63,0.001,0.002,0.145
80,64,0.0,0.001,0.158
80,65,0.0,0.0,0.162
80,66,0.0,0.0,0.17
80,67,0.0,0.0,0.169
80,68,0.0,0.0,0.17
80,69,0.0,0.0,0.168
80,7,0.005,0.011,0.103
80,70,0.0,0.0,0.176
80,71,0.0,0.0,0.18
80,72,0.0,0.0,0.175
80,73,0.0,0.0,0.176
80,74,0.0,0.0,0.181
80,75,0.0,0.0,0.179
80,76,0.0,0.0,0.183
80,77,0.0,0.0,0.18
80,78,0.0,0.0,0.185
80,79,0.0,0.0,0.182
80,8,0.007,0.015,0.098
80,80,0.0,0.0,0.179
80,81,0.0,0.0,0.18
80,82,0.0,0.0,0.189
80,83,0.0,0.0,0.192
80,84,0.0,0.0,0.178
80,85,0.0,0.0,0.18
80,86,0.0,0.0,0.19
80,87,0.0,0.0,0.197
80,88,0.0,0.0,0.212
80,89,0.0,0.0,0.208
80,9,0.004,0.01,0.102
80,90,0.0,0.0,0.198
80,91,0.0,0.0,0.21
80,92,0.0,0.0,0.225
80,93,0.0,0.0,0.227
80,94,0.0,0.0,0.217
80,95,0.0,0.0,0.219
80,96,0.0,0.0,0.233
80,97,0.0,0.0,0.234
80,98,0.0,0.0,0.246
80,99,0.0,0.0,0.241
81,10,0.003,0.008,0.105
81,100,0.0,0.0,0.227
81,101,0.0,0.0,0.221
81,102,0.0,0.0,0.233
81,103,0.0,0.0,0.244
81,104,0.0,0.0,0.246
81,105,0.0,0.0,0.247
81,106,0.0,0.0,0.247
81,107,0.0,0.0,0.255
81,108,0.0,0.0,0.263
81,109,0.0,0.0,0.267
81,11,0.006,0.014,0.097
81,110,0.0,0.0,0.27
81,111,0.0,0.0,0.282
81,112,0.0,0.0,0.293
81,113,0.0,0.0,0.276
81,114,0.0,0.0,0.277
81,115,0.0,0.0,0.292
81,116,0.0,0.0,0.292
81,117,0.0,0.0,0.301
81,118,0.0,0.0,0.3
81,119,0.0,0.0,0.289
81,12,0.004,0.01,0.101
81,120,0.0,0.0,0.289
81,121,0.0,0.0,0.294
81,122,0.0,0.0,0.306
81,123,0.0,0.0,0.303
81,124,0.0,0.0,0.306
81,125,0.0,0.0,0.295
81,126,0.0,0.0,0.299
81,127,0.0,0.0,0.301
81,128,0.0,0.0,0.295
81,129,0.0,0.0,0.3
81,13,0.003,0.007,0.106
81,130,0.0,0.0,0.298
81,131,0.0,0.0,0.293
81,132,0.0,0.0,0.294
81,133,0.0,0.0,0.292
81,134,0.0,0.0,0.29
81,135,0.0,0.0,0.28
81,136,0.0,0.0,0.281
81,137,0.0,0.0,0.287
81,138,0.0,0.0,0.268
81,139,0.0,0.0,0.266
81,14,0.008,0.017,0.094
81,140,0.0,0.0,0.268
81,141,0.0,0.0,0.255
81,142,0.0,0.0,0.254
81,143,0.0,0.0,0.259
81,144,0.0,0.0,0.266
81,145,0.0,0.0,0.261
81,146,0.0,0.0,0.265
81,147,0.0,0.0,0.266
81,148,0.0,0.0,0.255
81,149,0.0,0.0,0.252
81,15,0.002,0.006,0.107
81,150,0.0,0.0,0.263
81,151,0.0,0.0,0.248
81,152,0.0,0.0,0.252
81,153,0.0,0.0,0.259
81,154,0.0,0.0,0.25
81,155,0.0,0.0,0.241
81,156,0.0,0.0,0.234
81,157,0.0,0.0,0.245
81,158,0.0,0.0,0.241
81,159,0.0,0.0,0.231
81,16,0.01,0.021,0.09
81,160,0.0,0.0,0.238
81,161,0.0,0.0,0.226
81,162,0.0,0.0,0.224
81,163,0.0,0.0,0.226
81,164,0.0,0.0,0.219
81,165,0.0,0.0,0.218
81,166,0.0,0.0,0.228
81,167,0.0,0.0,0.229
81,168,0.0,0.0,0.225
81,169,0.0,0.0,0.224
81,17,0.002,0.005,0.109
81,170,0.0,0.0,0.227
81,171,0.0,0.0,0.221
81,172,0.0,0.0,0.221
81,173,0.0,0.0,0.227
81,174,0.0,0.0,0.214
81,175,0.0,0.0,0.21
81,176,0.0,0.0,0.211
81,177,0.0,0.0,0.215
81,178,0.0,0.0,0.212
81,179,0.0,0.0,0.228
81,18,0.005,0.01,0.1
81,180,0.0,0.0,0.21
81,181,0.0,0.0,0.215
81,182,0.0,0.0,0.22
81,183,0.0,0.0,0.206
81,184,0.0,0.0,0.212
81,185,0.0,0.0,0.208
81,186,0.0,0.0,0.184
81,187,0.0,0.0,0.186
81,188,0.0,0.0,0.182
81,189,0.0,0.0,0.192
81,19,0.006,0.013,0.097
81,190,0.0,0.0,0.182
81,191,0.0,0.0,0.192
81,192,0.0,0.0,0.187
81,193,0.0,0.0,0.184
81,194,0.0,0.0,0.18
81,195,0.0,0.0,0.185
81,196,0.0,0.0,0.191
81,197,0.0,0.0,0.182
81,198,0.0,0.0,0.184
81,199,0.0,0.0,0.186
81,20,0.001,0.002,0.118
81,200,0.0,0.0,0.186
81,201,0.0,0.0,0.194
81,202,0.0,0.0,0.191
81,203,0.0,0.0,0.181
81,204,0.0,0.001,0.174
81,205,0.0,0.0,0.18
81,206,0.0,0.001,0.173
81,207,0.0,0.001,0.172
81,208,0.0,0.0,0.175
81,209,0.0,0.001,0.166
81,21,0.001,0.002,0.119
81,210,0.001,0.002,0.153
81,211,0.001,0.003,0.149
81,212,0.001,0.002,0.158
81,213,0.001,0.002,0.153
81,214,0.0,0.002,0.16
81,215,0.001,0.002,0.156
81,216,0.001,0.002,0.157
81,217,0.001,0.002,0.154
81,218,0.001,0.004,0.146
81,219,0.002,0.004,0.146
81,22,0.002,0.004,0.112
81,220,0.0,0.001,0.163
81,221,0.003,0.007,0.138
81,222,0.001,0.003,0.151
81,223,0.004,0.009,0.136
81,224,0.003,0.007,0.14
81,225,0.008,0.017,0.126
81,226,0.003,0.008,0.141
81,227,0.008,0.017,0.127
81,228,0.009,0.019,0.126
81,229,0.007,0.015,0.131
81,23,0.003,0.007,0.105
81,230,0.015,0.03,0.119
81,231,0.008,0.017,0.131
81,232,0.008,0.018,0.131
81,233,0.032,0.057,0.108
81,234,0.037,0.064,0.106
81,235,0.041,0.07,0.105
81,236,0.046,0.076,0.104
81,237,0.093,0.14,0.089
81,238,0.085,0.129,0.093
81,239,0.074,0.115,0.097
81,24,0.001,0.003,0.116
81,240,0.104,0.154,0.09
81,241,0.15,0.211,0.08
81,242,0.128,0.184,0.086
81,243,0.192,0.26,0.075
81,244,0.158,0.221,0.083
81,245,0.166,0.229,0.082
81,246,0.204,0.274,0.077
81,247,0.182,0.249,0.082
81,248,0.186,0.253,0.083
81,249,0.178,0.243,0.085
81,25,0.001,0.003,0.116
81,250,0.159,0.221,0.091
81,251,0.105,0.156,0.106
81,26,0.004,0.009,0.103
81,27,0.009,0.018,0.093
81,28,0.0,0.001,0.128
81,29,0.001,0.002,0.124
81,30,0.002,0.006,0.11
81,31,0.001,0.003,0.12
81,32,0.001,0.002,0.122
81,33,0.003,0.007,0.109
81,34,0.004,0.009,0.106
81,35,0.0,0.001,0.129
81,36,0.0,0.001,0.132
81,37,0.001,0.002,0.127
81,38,0.001,0.002,0.128
81,39,0.001,0.002,0.125
81,40,0.002,0.005,0.117
81,41,0.0,0.002,0.131
81,42,0.001,0.002,0.129
81,43,0.002,0.005,0.117
81,44,0.004,0.009,0.111
81,45,0.001,0.002,0.129
81,46,0.003,0.007,0.115
81,47,0.002,0.004,0.123
81,48,0.001,0.002,0.136
81,49,0.001,0.002,0.132
81,50,0.001,0.003,0.129
81,51,0.001,0.003,0.131
81,52,0.001,0.003,0.133
81,53,0.0,0.001,0.143
81,54,0.001,0.003,0.132
81,55,0.001,0.002,0.136
81,56,0.0,0.001,0.143
81,57,0.0,0.001,0.15
81,58,0.001,0.002,0.14
81,59,0.0,0.0,0.158
81,6,0.004,0.01,0.105
81,60,0.0,0.001,0.145
81,61,0.0,0.001,0.154
81,62,0.001,0.002,0.142
81,63,0.001,0.003,0.135
81,64,0.001,0.002,0.141
81,65,0.0,0.001,0.148
81,66,0.0,0.001,0.151
81,67,0.0,0.001,0.157
81,68,0.0,0.0,0.169
81,69,0.0,0.0,0.171
81,7,0.015,0.029,0.089
81,70,0.0,0.0,0.168
81,71,0.0,0.0,0.167
81,72,0.0,0.001,0.159
81,73,0.0,0.0,0.165
81,74,0.0,0.0,0.179
81,75,0.0,0.0,0.185
81,76,0.0,0.0,0.178
81,77,0.0,0.0,0.175
81,78,0.0,0.0,0.174
81,79,0.0,0.0,0.168
81,8,0.004,0.01,0.104
81,80,0.0,0.0,0.172
81,81,0.0,0.0,0.169
81,82,0.0,0.0,0.172
81,83,0.0,0.0,0.198
81,84,0.0,0.0,0.197
81,85,0.0,0.0,0.194
81,86,0.0,0.0,0.198
81,87,0.0,0.0,0.204
81,88,0.0,0.0,0.202
81,89,0.0,0.0,0.197
81,9,0.014,0.028,0.089
81,90,0.0,0.0,0.199
81,91,0.0,0.0,0.207
81,92,0.0,0.0,0.212
81,93,0.0,0.0,0.204
81,94,0.0,0.0,0.221
81,95,0.0,0.0,0.217
81,96,0.0,0.0,0.226
81,97,0.0,0.0,0.232
81,98,0.0,0.0,0.237
81,99,0.0,0.0,0.223
82,10,0.007,0.014,0.096
82,100,0.0,0.0,0.23
82,101,0.0,0.0,0.229
82,102,0.0,0.0,0.227
82,103,0.0,0.0,0.236
82,104,0.0,0.0,0.228
82,105,0.0,0.0,0.246
82,106,0.0,0.0,0.243
82,107,0.0,0.0,0.237
82,108,0.0,0.0,0.254
82,109,0.0,0.0,0.262
82,11,0.003,0.007,0.106
82,110,0.0,0.0,0.263
82,111,0.0,0.0,0.26
82,112,0.0,0.0,0.274
82,113,0.0,0.0,0.275
82,114,0.0,0.0,0.275
82,115,0.0,0.0,0.27
82,116,0.0,0.0,0.269
82,117,0.0,0.0,0.269
82,118,0.0,0.0,0.281
82,119,0.0,0.0,0.272
82,12,0.005,0.011,0.099
82,120,0.0,0.0,0.263
82,121,0.0,0.0,0.261
82,122,0.0,0.0,0.276
82,123,0.0,0.0,0.28
82,124,0.0,0.0,0.278
82,125,0.0,0.0,0.292
82,126,0.0,0.0,0.296
82,127,0.0,0.0,0.294
82,128,0.0,0.0,0.291
82,129,0.0,0.0,0.281
82,13,0.001,0.004,0.112
82,130,0.0,0.0,0.275
82,131,0.0,0.0,0.277
82,132,0.0,0.0,0.284
82,133,0.0,0.0,0.28
82,134,0.0,0.0,0.271
82,135,0.0,0.0,0.284
82,136,0.0,0.0,0.284
82,137,0.0,0.0,0.281
82,138,0.0,0.0,0.28
82,139,0.0,0.0,0.268
82,14,0.005,0.011,0.098
82,140,0.0,0.0,0.264
82,141,0.0,0.0,0.266
82,142,0.0,0.0,0.26
82,143,0.0,0.0,0.267
82,144,0.0,0.0,0.254
82,145,0.0,0.0,0.243
82,146,0.0,0.0,0.243
82,147,0.0,0.0,0.251
82,148,0.0,0.0,0.246
82,149,0.0,0.0,0.252
82,15,0.003,0.006,0.105
82,150,0.0,0.0,0.251
82,151,0.0,0.0,0.239
82,152,0.0,0.0,0.238
82,153,0.0,0.0,0.234
82,154,0.0,0.0,0.23
82,155,0.0,0.0,0.227
82,156,0.0,0.0,0.233
82,157,0.0,0.0,0.233
82,158,0.0,0.0,0.229
82,159,0.0,0.0,0.231
82,16,0.002,0.004,0.11
82,160,0.0,0.0,0.22
82,161,0.0,0.0,0.226
82,162,0.0,0.0,0.227
82,163,0.0,0.0,0.221
82,164,0.0,0.0,0.21
82,165,0.0,0.0,0.219
82,166,0.0,0.0,0.22
82,167,0.0,0.0,0.224
82,168,0.0,0.0,0.205
82,169,0.0,0.0,0.21
82,17,0.001,0.002,0.12
82,170,0.0,0.0,0.218
82,171,0.0,0.0,0.217
82,172,0.0,0.0,0.219
82,173,0.0,0.0,0.206
82,174,0.0,0.0,0.198
82,175,0.0,0.0,0.203
82,176,0.0,0.0,0.198
82,177,0.0,0.0,0.201
82,178,0.0,0.0,0.198
82,179,0.0,0.0,0.201
82,18,0.003,0.007,0.103
82,180,0.0,0.0,0.215
82,181,0.0,0.0,0.21
82,182,0.0,0.0,0.188
82,183,0.0,0.0,0.205
82,184,0.0,0.0,0.198
82,185,0.0,0.0,0.198
82,186,0.0,0.0,0.193
82,187,0.0,0.0,0.192
82,188,0.0,0.0,0.195
82,189,0.0,0.0,0.192
82,19,0.002,0.005,0.107
82,190,0.0,0.0,0.19
82,191,0.0,0.0,0.182
82,192,0.0,0.0,0.187
82,193,0.0,0.0,0.182
82,194,0.0,0.0,0.193
82,195,0.0,0.0,0.192
82,196,0.0,0.0,0.194
82,197,0.0,0.0,0.19
82,198,0.0,0.001,0.174
82,199,0.0,0.001,0.176
82,20,0.001,0.002,0.116
82,200,0.0,0.001,0.175
82,201,0.0,0.001,0.166
82,202,0.0,0.001,0.173
82,203,0.0,0.001,0.172
82,204,0.001,0.002,0.158
82,205,0.0,0.001,0.165
82,206,0.0,0.002,0.161
82,207,0.001,0.002,0.156
82,208,0.001,0.002,0.155
82,209,0.001,0.003,0.149
82,21,0.005,0.012,0.097
82,210,0.0,0.001,0.164
82,211,0.001,0.003,0.152
82,212,0.001,0.002,0.155
82,213,0.0,0.001,0.162
82,214,0.0,0.001,0.16
82,215,0.0,0.001,0.174
82,216,0.0,0.001,0.173
82,217,0.001,0.002,0.154
82,218,0.0,0.001,0.163
82,219,0.0,0.001,0.161
82,22,0.001,0.002,0.119
82,220,0.001,0.002,0.16
82,221,0.001,0.002,0.161
82,222,0.002,0.005,0.146
82,223,0.002,0.005,0.145
82,224,0.001,0.003,0.155
82,225,0.003,0.008,0.139
82,226,0.004,0.009,0.139
82,227,0.003,0.007,0.144
82,228,0.004,0.01,0.139
82,229,0.007,0.015,0.132
82,23,0.006,0.014,0.096
82,230,0.016,0.031,0.119
82,231,0.006,0.014,0.136
82,232,0.01,0.02,0.13
82,233,0.013,0.025,0.127
82,234,0.006,0.014,0.14
82,235,0.007,0.014,0.142
82,236,0.008,0.017,0.14
82,237,0.016,0.031,0.129
82,238,0.017,0.032,0.13
82,239,0.01,0.021,0.142
82,24,0.003,0.008,0.103
82,240,0.017,0.033,0.133
82,241,0.036,0.061,0.119
82,242,0.016,0.031,0.138
82,243,0.027,0.048,0.129
82,244,0.033,0.058,0.126
82,245,0.048,0.079,0.119
82,246,0.037,0.064,0.127
82,247,0.025,0.045,0.139
82,248,0.036,0.063,0.132
82,249,0.057,0.091,0.121
82,25,0.002,0.005,0.108
82,250,0.055,0.089,0.124
82,251,0.062,0.099,0.122
82,26,0.003,0.007,0.105
82,27,0.002,0.005,0.11
82,28,0.002,0.006,0.109
82,29,0.004,0.01,0.103
82,30,0.003,0.007,0.107
82,31,0.001,0.003,0.119
82,32,0.002,0.005,0.112
82,33,0.001,0.002,0.121
82,34,0.001,0.003,0.121
82,35,0.001,0.004,0.118
82,36,0.001,0.004,0.117
82,37,0.005,0.01,0.105
82,38,0.002,0.005,0.114
82,39,0.001,0.003,0.121
82,40,0.002,0.004,0.117
82,41,0.004,0.008,0.109
82,42,0.003,0.007,0.111
82,43,0.002,0.005,0.118
82,44,0.001,0.004,0.121
82,45,0.002,0.005,0.118
82,46,0.004,0.01,0.11
82,47,0.003,0.008,0.114
82,48,0.003,0.007,0.116
82,49,0.002,0.006,0.118
82,50,0.001,0.002,0.132
82,51,0.001,0.003,0.13
82,52,0.001,0.002,0.134
82,53,0.002,0.006,0.122
82,54,0.001,0.003,0.132
82,55,0.001,0.002,0.139
82,56,0.0,0.001,0.147
82,57,0.0,0.001,0.146
82,58,0.0,0.001,0.147
82,59,0.001,0.002,0.141
82,6,0.006,0.013,0.102
82,60,0.001,0.003,0.136
82,61,0.001,0.002,0.14
82,62,0.001,0.003,0.138
82,63,0.001,0.002,0.143
82,64,0.0,0.001,0.148
82,65,0.0,0.001,0.149
82,66,0.0,0.001,0.149
82,67,0.0,0.001,0.154
82,68,0.0,0.001,0.154
82,69,0.0,0.001,0.157
82,7,0.005,0.012,0.102
82,70,0.0,0.001,0.152
82,71,0.0,0.001,0.163
82,72,0.0,0.0,0.171
82,73,0.0,0.0,0.188
82,74,0.0,0.0,0.172
82,75,0.0,0.0,0.18
82,76,0.0,0.0,0.183
82,77,0.0,0.0,0.177
82,78,0.0,0.0,0.176
82,79,0.0,0.0,0.187
82,8,0.003,0.007,0.108
82,80,0.0,0.0,0.188
82,81,0.0,0.0,0.179
82,82,0.0,0.0,0.195
82,83,0.0,0.0,0.193
82,84,0.0,0.0,0.19
82,85,0.0,0.0,0.194
82,86,0.0,0.0,0.197
82,87,0.0,0.0,0.202
82,88,0.0,0.0,0.195
82,89,0.0,0.0,0.196
82,9,0.004,0.009,0.104
82,90,0.0,0.0,0.195
82,91,0.0,0.0,0.203
82,92,0.0,0.0,0.21
82,93,0.0,0.0,0.209
82,94,0.0,0.0,0.211
82,95,0.0,0.0,0.212
82,96,0.0,0.0,0.221
82,97,0.0,0.0,0.213
82,98,0.0,0.0,0.222
82,99,0.0,0.0,0.229
83,10,0.001,0.002,0.121
83,100,0.0,0.0,0.235
83,101,0.0,0.0,0.224
83,102,0.0,0.0,0.235
83,103,0.0,0.0,0.234
83,104,0.0,0.0,0.232
83,105,0.0,0.0,0.229
83,106,0.0,0.0,0.242
83,107,0.0,0.0,0.248
83,108,0.0,0.0,0.249
83,109,0.0,0.0,0.254
83,11,0.001,0.002,0.122
83,110,0.0,0.0,0.251
83,111,0.0,0.0,0.247
83,112,0.0,0.0,0.259
83,113,0.0,0.0,0.255
83,114,0.0,0.0,0.264
83,115,0.0,0.0,0.275
83,116,0.0,0.0,0.261
83,117,0.0,0.0,0.258
83,118,0.0,0.0,0.257
83,119,0.0,0.0,0.258
83,12,0.0,0.001,0.123
83,120,0.0,0.0,0.265
83,121,0.0,0.0,0.268
83,122,0.0,0.0,0.26
83,123,0.0,0.0,0.263
83,124,0.0,0.0,0.264
83,125,0.0,0.0,0.278
83,126,0.0,0.0,0.274
83,127,0.0,0.0,0.274
83,128,0.0,0.0,0.28
83,129,0.0,0.0,0.285
83,13,0.004,0.009,0.101
83,130,0.0,0.0,0.274
83,131,0.0,0.0,0.274
83,132,0.0,0.0,0.28
83,133,0.0,0.0,0.272
83,134,0.0,0.0,0.281
83,135,0.0,0.0,0.28
83,136,0.0,0.0,0.271
83,137,0.0,0.0,0.265
83,138,0.0,0.0,0.266
83,139,0.0,0.0,0.269
83,14,0.0,0.001,0.123
83,140,0.0,0.0,0.266
83,141,0.0,0.0,0.268
83,142,0.0,0.0,0.258
83,143,0.0,0.0,0.259
83,144,0.0,0.0,0.252
83,145,0.0,0.0,0.249
83,146,0.0,0.0,0.243
83,147,0.0,0.0,0.235
83,148,0.0,0.0,0.218
83,149,0.0,0.0,0.23
83,15,0.0,0.001,0.125
83,150,0.0,0.0,0.238
83,151,0.0,0.0,0.232
83,152,0.0,0.0,0.23
83,153,0.0,0.0,0.241
83,154,0.0,0.0,0.235
83,155,0.0,0.0,0.228
83,156,0.0,0.0,0.232
83,157,0.0,0.0,0.234
83,158,0.0,0.0,0.231
83,159,0.0,0.0,0.229
83,16,0.002,0.006,0.105
83,160,0.0,0.0,0.219
83,161,0.0,0.0,0.23
83,162,0.0,0.0,0.23
83,163,0.0,0.0,0.226
83,164,0.0,0.0,0.23
83,165,0.0,0.0,0.23
83,166,0.0,0.0,0.233
83,167,0.0,0.0,0.227
83,168,0.0,0.0,0.22
83,169,0.0,0.0,0.224
83,17,0.001,0.003,0.112
83,170,0.0,0.0,0.22
83,171,0.0,0.0,0.219
83,172,0.0,0.0,0.214
83,173,0.0,0.0,0.218
83,174,0.0,0.0,0.218
83,175,0.0,0.0,0.224
83,176,0.0,0.0,0.212
83,177,0.0,0.0,0.208
83,178,0.0,0.0,0.209
83,179,0.0,0.0,0.217
83,18,0.001,0.003,0.114
83,180,0.0,0.0,0.218
83,181,0.0,0.0,0.219
83,182,0.0,0.0,0.205
83,183,0.0,0.0,0.192
83,184,0.0,0.0,0.199
83,185,0.0,0.0,0.193
83,186,0.0,0.0,0.186
83,187,0.0,0.0,0.186
83,188,0.0,0.0,0.199
83,189,0.0,0.0,0.188
83,19,0.002,0.005,0.107
83,190,0.0,0.0,0.188
83,191,0.0,0.001,0.179
83,192,0.0,0.001,0.173
83,193,0.0,0.001,0.173
83,194,0.0,0.001,0.167
83,195,0.001,0.002,0.161
83,196,0.001,0.002,0.159
83,197,0.0,0.001,0.168
83,198,0.0,0.001,0.163
83,199,0.0,0.001,0.171
83,20,0.001,0.003,0.113
83,200,0.0,0.001,0.165
83,201,0.0,0.001,0.163
83,202,0.001,0.002,0.159
83,203,0.0,0.0,0.178
83,204,0.0,0.0,0.179
83,205,0.0,0.0,0.177
83,206,0.0,0.001,0.172
83,207,0.0,0.001,0.169
83,208,0.0,0.0,0.177
83,209,0.0,0.001,0.173
83,21,0.001,0.003,0.114
83,210,0.0,0.001,0.174
83,211,0.0,0.001,0.17
83,212,0.0,0.001,0.167
83,213,0.0,0.001,0.171
83,214,0.0,0.001,0.175
83,215,0.0,0.001,0.168
83,216,0.0,0.001,0.17
83,217,0.0,0.001,0.17
83,218,0.0,0.001,0.167
83,219,0.0,0.001,0.171
83,22,0.001,0.002,0.12
83,220,0.0,0.001,0.164
83,221,0.001,0.003,0.151
83,222,0.003,0.007,0.14
83,223,0.002,0.005,0.146
83,224,0.003,0.007,0.141
83,225,0.005,0.01,0.136
83,226,0.003,0.008,0.141
83,227,0.004,0.01,0.138
83,228,0.006,0.014,0.134
83,229,0.005,0.012,0.138
83,23,0.002,0.005,0.109
83,230,0.005,0.012,0.139
83,231,0.008,0.016,0.134
83,232,0.008,0.017,0.134
83,233,0.005,0.011,0.144
83,234,0.008,0.017,0.138
83,235,0.014,0.027,0.129
83,236,0.017,0.033,0.127
83,237,0.027,0.049,0.119
83,238,0.024,0.044,0.123
83,239,0.05,0.082,0.109
83,24,0.0,0.001,0.124
83,240,0.028,0.049,0.124
83,241,0.025,0.046,0.128
83,242,0.033,0.057,0.124
83,243,0.042,0.07,0.12
83,244,0.035,0.061,0.126
83,245,0.035,0.061,0.128
83,246,0.024,0.044,0.139
83,247,0.038,0.064,0.13
83,248,0.039,0.067,0.131
83,249,0.049,0.08,0.127
83,25,0.001,0.003,0.115
83,250,0.054,0.088,0.126
83,251,0.039,0.067,0.136
83,26,0.001,0.003,0.117
83,27,0.0,0.001,0.125
83,28,0.0,0.001,0.124
83,29,0.0,0.001,0.126
83,30,0.0,0.001,0.134
83,31,0.0,0.001,0.131
83,32,0.0,0.0,0.143
83,33,0.0,0.001,0.131
83,34,0.0,0.001,0.133
83,35,0.001,0.002,0.126
83,36,0.0,0.001,0.14
83,37,0.0,0.001,0.138
83,38,0.0,0.002,0.128
83,39,0.0,0.001,0.138
83,40,0.0,0.001,0.132
83,41,0.001,0.003,0.121
83,42,0.001,0.002,0.128
83,43,0.001,0.002,0.127
83,44,0.001,0.003,0.124
83,45,0.0,0.001,0.134
83,46,0.001,0.004,0.123
83,47,0.001,0.003,0.127
83,48,0.0,0.001,0.137
83,49,0.001,0.003,0.126
83,50,0.001,0.002,0.134
83,51,0.001,0.002,0.137
83,52,0.001,0.003,0.129
83,53,0.0,0.001,0.141
83,54,0.001,0.002,0.139
83,55,0.0,0.002,0.14
83,56,0.0,0.001,0.145
83,57,0.0,0.001,0.146
83,58,0.0,0.001,0.152
83,59,0.0,0.002,0.143
83,6,0.002,0.006,0.111
83,60,0.001,0.002,0.143
83,61,0.001,0.002,0.14
83,62,0.001,0.002,0.142
83,63,0.0,0.001,0.153
83,64,0.0,0.001,0.146
83,65,0.0,0.001,0.149
83,66,0.0,0.001,0.157
83,67,0.0,0.001,0.161
83,68,0.0,0.0,0.168
83,69,0.0,0.001,0.157
83,7,0.003,0.008,0.107
83,70,0.0,0.001,0.155
83,71,0.0,0.0,0.165
83,72,0.0,0.0,0.166
83,73,0.0,0.0,0.169
83,74,0.0,0.0,0.165
83,75,0.0,0.0,0.167
83,76,0.0,0.0,0.169
83,77,0.0,0.0,0.175
83,78,0.0,0.0,0.183
83,79,0.0,0.0,0.176
83,8,0.0,0.001,0.13
83,80,0.0,0.0,0.176
83,81,0.0,0.0,0.185
83,82,0.0,0.0,0.194
83,83,0.0,0.0,0.189
83,84,0.0,0.0,0.196
83,85,0.0,0.0,0.19
83,86,0.0,0.0,0.213
83,87,0.0,0.0,0.214
83,88,0.0,0.0,0.21
83,89,0.0,0.0,0.206
83,9,0.001,0.002,0.12
83,90,0.0,0.0,0.211
83,91,0.0,0.0,0.211
83,92,0.0,0.0,0.213
83,93,0.0,0.0,0.22
83,94,0.0,0.0,0.234
83,95,0.0,0.0,0.224
83,96,0.0,0.0,0.225
83,97,0.0,0.0,0.228
83,98,0.0,0.0,0.236
83,99,0.0,0.0,0.242
84,10,0.004,0.01,0.101
84,100,0.0,0.0,0.221
84,101,0.0,0.0,0.219
84,102,0.0,0.0,0.223
84,103,0.0,0.0,0.235
84,104,0.0,0.0,0.223
84,105,0.0,0.0,0.221
84,106,0.0,0.0,0.235
84,107,0.0,0.0,0.229
84,108,0.0,0.0,0.242
84,109,0.0,0.0,0.239
84,11,0.006,0.013,0.096
84,110,0.0,0.0,0.229
84,111,0.0,0.0,0.224
84,112,0.0,0.0,0.226
84,113,0.0,0.0,0.241
84,114,0.0,0.0,0.247
84,115,0.0,0.0,0.245
84,116,0.0,0.0,0.25
84,117,0.0,0.0,0.252
84,118,0.0,0.0,0.254
84,119,0.0,0.0,0.241
84,12,0.008,0.017,0.093
84,120,0.0,0.0,0.247
84,121,0.0,0.0,0.258
84,122,0.0,0.0,0.249
84,123,0.0,0.0,0.252
84,124,0.0,0.0,0.257
84,125,0.0,0.0,0.247
84,126,0.0,0.0,0.246
84,127,0.0,0.0,0.262
84,128,0.0,0.0,0.256
84,129,0.0,0.0,0.251
84,13,0.002,0.004,0.109
84,130,0.0,0.0,0.255
84,131,0.0,0.0,0.267
84,132,0.0,0.0,0.252
84,133,0.0,0.0,0.262
84,134,0.0,0.0,0.262
84,135,0.0,0.0,0.258
84,136,0.0,0.0,0.258
84,137,0.0,0.0,0.258
84,138,0.0,0.0,0.247
84,139,0.0,0.0,0.248
84,14,0.002,0.004,0.109
84,140,0.0,0.0,0.252
84,141,0.0,0.0,0.249
84,142,0.0,0.0,0.254
84,143,0.0,0.0,0.245
84,144,0.0,0.0,0.255
84,145,0.0,0.0,0.245
84,146,0.0,0.0,0.243
84,147,0.0,0.0,0.239
84,148,0.0,0.0,0.243
84,149,0.0,0.0,0.246
84,15,0.002,0.004,0.109
84,150,0.0,0.0,0.245
84,151,0.0,0.0,0.238
84,152,0.0,0.0,0.237
84,153,0.0,0.0,0.234
84,154,0.0,0.0,0.242
84,155,0.0,0.0,0.234
84,156,0.0,0.0,0.233
84,157,0.0,0.0,0.223
84,158,0.0,0.0,0.229
84,159,0.0,0.0,0.224
84,16,0.0,0.002,0.12
84,160,0.0,0.0,0.228
84,161,0.0,0.0,0.223
84,162,0.0,0.0,0.233
84,163,0.0,0.0,0.225
84,164,0.0,0.0,0.222
84,165,0.0,0.0,0.215
84,166,0.0,0.0,0.205
84,167,0.0,0.0,0.202
84,168,0.0,0.0,0.206
84,169,0.0,0.0,0.206
84,17,0.002,0.004,0.109
84,170,0.0,0.0,0.211
84,171,0.0,0.0,0.206
84,172,0.0,0.0,0.19
84,173,0.0,0.0,0.185
84,174,0.0,0.001,0.18
84,175,0.0,0.0,0.187
84,176,0.0,0.0,0.191
84,177,0.0,0.0,0.196
84,178,0.0,0.0,0.205
84,179,0.0,0.0,0.192
84,18,0.003,0.008,0.101
84,180,0.0,0.0,0.2
84,181,0.0,0.0,0.194
84,182,0.0,0.001,0.181
84,183,0.0,0.0,0.192
84,184,0.0,0.001,0.178
84,185,0.0,0.0,0.199
84,186,0.0,0.0,0.199
84,187,0.0,0.0,0.189
84,188,0.0,0.0,0.188
84,189,0.0,0.0,0.19
84,19,0.001,0.003,0.114
84,190,0.0,0.0,0.187
84,191,0.0,0.0,0.187
84,192,0.0,0.001,0.179
84,193,0.0,0.001,0.176
84,194,0.0,0.0,0.179
84,195,0.0,0.0,0.184
84,196,0.0,0.001,0.168
84,197,0.0,0.001,0.172
84,198,0.0,0.001,0.167
84,199,0.0,0.002,0.161
84,20,0.001,0.002,0.118
84,200,0.001,0.003,0.152
84,201,0.001,0.003,0.151
84,202,0.0,0.001,0.164
84,203,0.001,0.002,0.16
84,204,0.0,0.001,0.169
84,205,0.001,0.002,0.155
84,206,0.001,0.002,0.154
84,207,0.001,0.003,0.153
84,208,0.0,0.001,0.164
84,209,0.0,0.001,0.163
84,21,0.001,0.004,0.111
84,210,0.0,0.001,0.167
84,211,0.0,0.001,0.164
84,212,0.002,0.005,0.143
84,213,0.001,0.002,0.158
84,214,0.001,0.002,0.159
84,215,0.0,0.001,0.165
84,216,0.001,0.003,0.149
84,217,0.001,0.003,0.149
84,218,0.003,0.008,0.136
84,219,0.004,0.01,0.133
84,22,0.0,0.001,0.128
84,220,0.006,0.014,0.128
84,221,0.008,0.016,0.125
84,222,0.005,0.011,0.133
84,223,0.003,0.008,0.139
84,224,0.008,0.017,0.127
84,225,0.006,0.013,0.132
84,226,0.007,0.016,0.13
84,227,0.017,0.032,0.116
84,228,0.028,0.05,0.108
84,229,0.017,0.032,0.119
84,23,0.0,0.001,0.126
84,230,0.027,0.048,0.111
84,231,0.017,0.033,0.12
84,232,0.038,0.065,0.106
84,233,0.024,0.044,0.117
84,234,0.045,0.075,0.105
84,235,0.034,0.059,0.112
84,236,0.022,0.041,0.123
84,237,0.016,0.03,0.131
84,238,0.024,0.044,0.125
84,239,0.043,0.072,0.114
84,24,0.0,0.001,0.123
84,240,0.039,0.067,0.117
84,241,0.029,0.052,0.126
84,242,0.026,0.047,0.131
84,243,0.024,0.044,0.134
84,244,0.028,0.05,0.133
84,245,0.022,0.04,0.141
84,246,0.034,0.059,0.132
84,247,0.019,0.036,0.148
84,248,0.03,0.053,0.139
84,249,0.019,0.035,0.153
84,25,0.0,0.001,0.124
84,250,0.027,0.048,0.145
84,251,0.023,0.041,0.152
84,26,0.0,0.0,0.137
84,27,0.001,0.002,0.121
84,28,0.001,0.003,0.114
84,29,0.001,0.002,0.123
84,30,0.0,0.001,0.126
84,31,0.001,0.003,0.118
84,32,0.0,0.001,0.129
84,33,0.001,0.002,0.122
84,34,0.001,0.004,0.116
84,35,0.002,0.005,0.113
84,36,0.001,0.003,0.119
84,37,0.002,0.006,0.111
84,38,0.001,0.003,0.119
84,39,0.001,0.003,0.119
84,40,0.001,0.004,0.119
84,41,0.0,0.001,0.136
84,42,0.001,0.002,0.129
84,43,0.002,0.005,0.116
84,44,0.0,0.001,0.134
84,45,0.0,0.002,0.133
84,46,0.0,0.001,0.138
84,47,0.001,0.003,0.127
84,48,0.0,0.001,0.137
84,49,0.001,0.003,0.129
84,50,0.0,0.001,0.145
84,51,0.0,0.001,0.137
84,52,0.001,0.002,0.132
84,53,0.001,0.002,0.136
84,54,0.001,0.002,0.138
84,55,0.001,0.003,0.133
84,56,0.001,0.003,0.133
84,57,0.001,0.002,0.136
84,58,0.001,0.004,0.129
84,59,0.001,0.003,0.134
84,60,0.001,0.002,0.139
84,61,0.001,0.002,0.138
84,62,0.001,0.002,0.142
84,63,0.002,0.005,0.129
84,64,0.0,0.001,0.15
84,65,0.0,0.0,0.161
84,66,0.0,0.001,0.16
84,67,0.0,0.001,0.161
84,68,0.0,0.001,0.151
84,69,0.0,0.001,0.152
84,7,0.008,0.017,0.096
84,70,0.0,0.0,0.167
84,71,0.0,0.0,0.164
84,72,0.0,0.0,0.168
84,73,0.0,0.0,0.17
84,74,0.0,0.0,0.17
84,75,0.0,0.001,0.157
84,76,0.0,0.001,0.165
84,77,0.0,0.0,0.17
84,78,0.0,0.0,0.17
84,79,0.0,0.0,0.17
84,8,0.006,0.013,0.099
84,80,0.0,0.0,0.174
84,81,0.0,0.0,0.176
84,82,0.0,0.0,0.171
84,83,0.0,0.0,0.18
84,84,0.0,0.0,0.183
84,85,0.0,0.0,0.185
84,86,0.0,0.0,0.182
84,87,0.0,0.0,0.195
84,88,0.0,0.0,0.209
84,89,0.0,0.0,0.215
84,9,0.006,0.014,0.097
84,90,0.0,0.0,0.21
84,91,0.0,0.0,0.202
84,92,0.0,0.0,0.204
84,93,0.0,0.0,0.214
84,94,0.0,0.0,0.208
84,95,0.0,0.0,0.207
84,96,0.0,0.0,0.204
84,97,0.0,0.0,0.217
84,98,0.0,0.0,0.219
84,99,0.0,0.0,0.219
85,10,0.006,0.014,0.096
85,100,0.0,0.0,0.216
85,101,0.0,0.0,0.212
85,102,0.0,0.0,0.218
85,103,0.0,0.0,0.229
85,104,0.0,0.0,0.226
85,105,0.0,0.0,0.225
85,106,0.0,0.0,0.229
85,107,0.0,0.0,0.224
85,108,0.0,0.0,0.229
85,109,0.0,0.0,0.224
85,11,0.005,0.011,0.099
85,110,0.0,0.0,0.225
85,111,0.0,0.0,0.226
85,112,0.0,0.0,0.225
85,113,0.0,0.0,0.234
85,114,0.0,0.0,0.234
85,115,0.0,0.0,0.23
85,116,0.0,0.0,0.238
85,117,0.0,0.0,0.244
85,118,0.0,0.0,0.238
85,119,0.0,0.0,0.243
85,12,0.004,0.009,0.101
85,120,0.0,0.0,0.242
85,121,0.0,0.0,0.25
85,122,0.0,0.0,0.242
85,123,0.0,0.0,0.242
85,124,0.0,0.0,0.252
85,125,0.0,0.0,0.248
85,126,0.0,0.0,0.244
85,127,0.0,0.0,0.256
85,128,0.0,0.0,0.254
85,129,0.0,0.0,0.251
85,13,0.003,0.008,0.102
85,130,0.0,0.0,0.254
85,131,0.0,0.0,0.258
85,132,0.0,0.0,0.249
85,133,0.0,0.0,0.25
85,134,0.0,0.0,0.242
85,135,0.0,0.0,0.244
85,136,0.0,0.0,0.245
85,137,0.0,0.0,0.249
85,138,0.0,0.0,0.242
85,139,0.0,0.0,0.242
85,14,0.006,0.013,0.095
85,140,0.0,0.0,0.239
85,141,0.0,0.0,0.225
85,142,0.0,0.0,0.244
85,143,0.0,0.0,0.243
85,144,0.0,0.0,0.238
85,145,0.0,0.0,0.237
85,146,0.0,0.0,0.235
85,147,0.0,0.0,0.243
85,148,0.0,0.0,0.239
85,149,0.0,0.0,0.238
85,15,0.002,0.005,0.108
85,150,0.0,0.0,0.233
85,151,0.0,0.0,0.229
85,152,0.0,0.0,0.238
85,153,0.0,0.0,0.236
85,154,0.0,0.0,0.24
85,155,0.0,0.0,0.219
85,156,0.0,0.0,0.223
85,157,0.0,0.0,0.238
85,158,0.0,0.0,0.229
85,159,0.0,0.0,0.236
85,16,0.001,0.003,0.112
85,160,0.0,0.0,0.233
85,161,0.0,0.0,0.222
85,162,0.0,0.0,0.218
85,163,0.0,0.0,0.217
85,164,0.0,0.0,0.215
85,165,0.0,0.0,0.207
85,166,0.0,0.0,0.21
85,167,0.0,0.0,0.223
85,168,0.0,0.0,0.222
85,169,0.0,0.0,0.22
85,17,0.002,0.006,0.105
85,170,0.0,0.0,0.214
85,171,0.0,0.0,0.213
85,172,0.0,0.0,0.213
85,173,0.0,0.0,0.206
85,174,0.0,0.0,0.204
85,175,0.0,0.0,0.201
85,176,0.0,0.0,0.19
85,177,0.0,0.0,0.199
85,178,0.0,0.001,0.181
85,179,0.0,0.0,0.194
85,18,0.005,0.012,0.096
85,180,0.0,0.0,0.193
85,181,0.0,0.0,0.188
85,182,0.0,0.001,0.181
85,183,0.0,0.0,0.186
85,184,0.0,0.0,0.193
85,185,0.0,0.0,0.198
85,186,0.0,0.0,0.192
85,187,0.0,0.0,0.189
85,188,0.0,0.0,0.19
85,189,0.0,0.0,0.19
85,19,0.006,0.013,0.095
85,190,0.0,0.0,0.188
85,191,0.0,0.0,0.189
85,192,0.0,0.0,0.192
85,193,0.0,0.0,0.191
85,194,0.0,0.0,0.181
85,195,0.0,0.0,0.185
85,196,0.0,0.001,0.178
85,197,0.0,0.0,0.178
85,198,0.0,0.0,0.187
85,199,0.0,0.001,0.173
85,20,0.006,0.014,0.094
85,200,0.0,0.0,0.185
85,201,0.0,0.001,0.173
85,202,0.0,0.001,0.174
85,203,0.0,0.0,0.184
85,204,0.0,0.001,0.173
85,205,0.0,0.0,0.176
85,206,0.0,0.001,0.17
85,207,0.0,0.001,0.17
85,208,0.0,0.0,0.177
85,209,0.0,0.001,0.172
85,21,0.002,0.004,0.109
85,210,0.0,0.001,0.169
85,211,0.0,0.001,0.17
85,212,0.0,0.001,0.163
85,213,0.0,0.001,0.172
85,214,0.0,0.001,0.165
85,215,0.001,0.002,0.16
85,216,0.001,0.002,0.16
85,217,0.001,0.003,0.151
85,218,0.002,0.005,0.146
85,219,0.001,0.003,0.152
85,22,0.004,0.01,0.099
85,220,0.001,0.004,0.149
85,221,0.003,0.008,0.139
85,222,0.003,0.007,0.142
85,223,0.003,0.006,0.144
85,224,0.006,0.013,0.133
85,225,0.004,0.01,0.139
85,226,0.005,0.011,0.138
85,227,0.006,0.013,0.136
85,228,0.008,0.016,0.133
85,229,0.01,0.02,0.13
85,23,0.003,0.006,0.105
85,230,0.012,0.024,0.127
85,231,0.011,0.022,0.131
85,232,0.011,0.023,0.131
85,233,0.009,0.018,0.137
85,234,0.012,0.024,0.133
85,235,0.012,0.024,0.135
85,236,0.007,0.015,0.147
85,237,0.016,0.031,0.133
85,238,0.024,0.043,0.126
85,239,0.015,0.029,0.138
85,24,0.006,0.013,0.097
85,240,0.01,0.021,0.148
85,241,0.014,0.028,0.143
85,242,0.017,0.032,0.141
85,243,0.015,0.03,0.146
85,244,0.013,0.026,0.152
85,245,0.014,0.028,0.152
85,246,0.031,0.054,0.136
85,247,0.02,0.038,0.148
85,248,0.022,0.041,0.147
85,249,0.014,0.028,0.161
85,25,0.001,0.004,0.112
85,250,0.012,0.024,0.167
85,251,0.012,0.024,0.168
85,26,0.001,0.003,0.114
85,27,0.001,0.002,0.119
85,28,0.001,0.004,0.112
85,29,0.001,0.004,0.112
85,30,0.0,0.002,0.124
85,31,0.002,0.006,0.109
85,32,0.001,0.002,0.121
85,33,0.002,0.004,0.113
85,34,0.001,0.003,0.116
85,35,0.008,0.017,0.096
85,36,0.003,0.007,0.108
85,37,0.001,0.003,0.117
85,38,0.001,0.004,0.116
85,39,0.001,0.004,0.117
85,40,0.008,0.017,0.098
85,41,0.003,0.007,0.111
85,42,0.008,0.017,0.098
85,43,0.009,0.018,0.098
85,44,0.001,0.004,0.119
85,45,0.001,0.002,0.127
85,46,0.002,0.005,0.117
85,47,0.007,0.015,0.102
85,48,0.003,0.008,0.113
85,49,0.002,0.006,0.118
85,50,0.001,0.002,0.134
85,51,0.0,0.002,0.136
85,52,0.004,0.009,0.113
85,53,0.004,0.01,0.113
85,54,0.004,0.009,0.114
85,55,0.003,0.006,0.12
85,56,0.004,0.01,0.115
85,57,0.004,0.01,0.116
85,58,0.001,0.004,0.129
85,59,0.001,0.003,0.135
85,6,0.004,0.009,0.107
85,60,0.001,0.002,0.139
85,61,0.001,0.002,0.137
85,62,0.001,0.002,0.143
85,63,0.001,0.002,0.14
85,64,0.0,0.001,0.146
85,65,0.001,0.002,0.144
85,66,0.0,0.001,0.15
85,67,0.001,0.002,0.143
85,68,0.001,0.002,0.147
85,69,0.0,0.001,0.158
85,7,0.003,0.007,0.108
85,70,0.001,0.002,0.146
85,71,0.0,0.001,0.151
85,72,0.0,0.001,0.157
85,73,0.001,0.002,0.146
85,74,0.001,0.002,0.15
85,75,0.0,0.0,0.167
85,76,0.0,0.001,0.156
85,77,0.0,0.001,0.163
85,78,0.0,0.001,0.158
85,79,0.0,0.001,0.154
85,8,0.003,0.007,0.108
85,80,0.0,0.0,0.176
85,81,0.0,0.0,0.177
85,82,0.0,0.0,0.179
85,83,0.0,0.0,0.173
85,84,0.0,0.0,0.189
85,85,0.0,0.0,0.174
85,86,0.0,0.0,0.185
85,87,0.0,0.0,0.188
85,88,0.0,0.0,0.201
85,89,0.0,0.0,0.181
85,9,0.003,0.007,0.107
85,90,0.0,0.0,0.176
85,91,0.0,0.0,0.187
85,92,0.0,0.0,0.187
85,93,0.0,0.0,0.188
85,94,0.0,0.0,0.191
85,95,0.0,0.0,0.196
85,96,0.0,0.0,0.188
85,97,0.0,0.0,0.199
85,98,0.0,0.0,0.215
85,99,0.0,0.0,0.213
86,10,0.001,0.003,0.116
86,100,0.0,0.0,0.212
86,101,0.0,0.0,0.208
86,102,0.0,0.0,0.215
86,103,0.0,0.0,0.221
86,104,0.0,0.0,0.201
86,105,0.0,0.0,0.205
86,106,0.0,0.0,0.215
86,107,0.0,0.0,0.209
86,108,0.0,0.0,0.218
86,109,0.0,0.0,0.215
86,11,0.001,0.003,0.116
86,110,0.0,0.0,0.212
86,111,0.0,0.0,0.22
86,112,0.0,0.0,0.225
86,113,0.0,0.0,0.23
86,114,0.0,0.0,0.24
86,115,0.0,0.0,0.23
86,116,0.0,0.0,0.237
86,117,0.0,0.0,0.228
86,118,0.0,0.0,0.227
86,119,0.0,0.0,0.234
86,12,0.001,0.004,0.111
86,120,0.0,0.0,0.234
86,121,0.0,0.0,0.244
86,122,0.0,0.0,0.241
86,123,0.0,0.0,0.247
86,124,0.0,0.0,0.233
86,125,0.0,0.0,0.247
86,126,0.0,0.0,0.252
86,127,0.0,0.0,0.244
86,128,0.0,0.0,0.25
86,129,0.0,0.0,0.26
86,13,0.0,0.001,0.122
86,130,0.0,0.0,0.265
86,131,0.0,0.0,0.251
86,132,0.0,0.0,0.251
86,133,0.0,0.0,0.233
86,134,0.0,0.0,0.237
86,135,0.0,0.0,0.237
86,136,0.0,0.0,0.246
86,137,0.0,0.0,0.247
86,138,0.0,0.0,0.241
86,139,0.0,0.0,0.238
86,14,0.0,0.001,0.126
86,140,0.0,0.0,0.241
86,141,0.0,0.0,0.24
86,142,0.0,0.0,0.245
86,143,0.0,0.0,0.246
86,144,0.0,0.0,0.247
86,145,0.0,0.0,0.242
86,146,0.0,0.0,0.24
86,147,0.0,0.0,0.237
86,148,0.0,0.0,0.234
86,149,0.0,0.0,0.233
86,15,0.001,0.003,0.113
86,150,0.0,0.0,0.225
86,151,0.0,0.0,0.23
86,152,0.0,0.0,0.231
86,153,0.0,0.0,0.237
86,154,0.0,0.0,0.239
86,155,0.0,0.0,0.227
86,156,0.0,0.0,0.223
86,157,0.0,0.0,0.219
86,158,0.0,0.0,0.232
86,159,0.0,0.0,0.234
86,16,0.001,0.002,0.117
86,160,0.0,0.0,0.227
86,161,0.0,0.0,0.218
86,162,0.0,0.0,0.23
86,163,0.0,0.0,0.22
86,164,0.0,0.0,0.216
86,165,0.0,0.0,0.205
86,166,0.0,0.0,0.211
86,167,0.0,0.0,0.198
86,168,0.0,0.0,0.194
86,169,0.0,0.0,0.2
86,17,0.001,0.003,0.114
86,170,0.0,0.0,0.194
86,171,0.0,0.0,0.198
86,172,0.0,0.0,0.198
86,173,0.0,0.0,0.192
86,174,0.0,0.0,0.195
86,175,0.0,0.0,0.186
86,176,0.0,0.001,0.18
86,177,0.0,0.0,0.195
86,178,0.0,0.0,0.189
86,179,0.0,0.0,0.194
86,18,0.003,0.008,0.102
86,180,0.0,0.0,0.201
86,181,0.0,0.0,0.208
86,182,0.0,0.0,0.199
86,183,0.0,0.0,0.197
86,184,0.0,0.0,0.21
86,185,0.0,0.0,0.194
86,186,0.0,0.0,0.196
86,187,0.0,0.0,0.203
86,188,0.0,0.0,0.192
86,189,0.0,0.0,0.19
86,19,0.001,0.002,0.115
86,190,0.0,0.001,0.176
86,191,0.0,0.0,0.182
86,192,0.0,0.001,0.174
86,193,0.0,0.001,0.169
86,194,0.0,0.001,0.174
86,195,0.0,0.001,0.168
86,196,0.001,0.002,0.159
86,197,0.0,0.001,0.165
86,198,0.0,0.001,0.174
86,199,0.0,0.001,0.174
86,20,0.001,0.004,0.111
86,200,0.0,0.0,0.179
86,201,0.0,0.001,0.172
86,202,0.0,0.001,0.168
86,203,0.0,0.001,0.174
86,204,0.0,0.001,0.173
86,205,0.0,0.001,0.174
86,206,0.0,0.001,0.168
86,207,0.0,0.001,0.171
86,208,0.0,0.001,0.172
86,209,0.0,0.001,0.167
86,21,0.005,0.012,0.098
86,210,0.0,0.001,0.167
86,211,0.001,0.002,0.159
86,212,0.0,0.001,0.161
86,213,0.0,0.001,0.165
86,214,0.0,0.001,0.163
86,215,0.0,0.001,0.164
86,216,0.0,0.002,0.161
86,217,0.001,0.004,0.15
86,218,0.001,0.003,0.156
86,219,0.0,0.001,0.165
86,22,0.003,0.007,0.105
86,220,0.001,0.002,0.162
86,221,0.001,0.002,0.159
86,222,0.005,0.012,0.134
86,223,0.006,0.014,0.131
86,224,0.006,0.012,0.135
86,225,0.007,0.015,0.132
86,226,0.006,0.014,0.134
86,227,0.003,0.008,0.147
86,228,0.008,0.017,0.133
86,229,0.01,0.021,0.13
86,23,0.001,0.002,0.12
86,230,0.005,0.011,0.145
86,231,0.006,0.014,0.141
86,232,0.005,0.012,0.147
86,233,0.005,0.012,0.148
86,234,0.003,0.008,0.159
86,235,0.005,0.012,0.152
86,236,0.008,0.018,0.146
86,237,0.01,0.02,0.145
86,238,0.011,0.023,0.144
86,239,0.01,0.02,0.149
86,24,0.003,0.007,0.105
86,240,0.008,0.017,0.154
86,241,0.011,0.023,0.149
86,242,0.012,0.024,0.151
86,243,0.018,0.035,0.143
86,244,0.008,0.017,0.163
86,245,0.011,0.023,0.158
86,246,0.009,0.019,0.166
86,247,0.01,0.02,0.166
86,248,0.006,0.014,0.178
86,249,0.008,0.017,0.174
86,25,0.003,0.008,0.102
86,250,0.006,0.014,0.182
86,251,0.005,0.012,0.187
86,26,0.001,0.003,0.114
86,27,0.001,0.003,0.116
86,28,0.002,0.006,0.107
86,29,0.001,0.002,0.118
86,30,0.003,0.006,0.107
86,31,0.001,0.002,0.121
86,32,0.001,0.003,0.118
86,33,0.001,0.003,0.115
86,34,0.001,0.002,0.121
86,35,0.001,0.003,0.115
86,36,0.001,0.002,0.122
86,37,0.001,0.002,0.125
86,38,0.0,0.001,0.13
86,39,0.001,0.003,0.12
86,40,0.001,0.003,0.12
86,41,0.001,0.002,0.125
86,42,0.003,0.008,0.108
86,43,0.004,0.01,0.106
86,44,0.002,0.005,0.115
86,45,0.001,0.002,0.126
86,46,0.002,0.005,0.117
86,47,0.002,0.005,0.118
86,48,0.003,0.008,0.111
86,49,0.005,0.011,0.108
86,50,0.003,0.007,0.114
86,51,0.003,0.006,0.117
86,52,0.0,0.001,0.137
86,53,0.001,0.002,0.135
86,54,0.002,0.005,0.123
86,55,0.001,0.002,0.135
86,56,0.001,0.002,0.133
86,57,0.002,0.006,0.123
86,58,0.002,0.005,0.125
86,59,0.002,0.005,0.127
86,60,0.001,0.003,0.131
86,61,0.001,0.003,0.133
86,62,0.002,0.006,0.124
86,63,0.001,0.002,0.139
86,64,0.001,0.002,0.139
86,65,0.001,0.003,0.135
86,66,0.002,0.005,0.131
86,67,0.001,0.003,0.137
86,68,0.001,0.002,0.146
86,69,0.001,0.002,0.143
86,7,0.001,0.003,0.12
86,70,0.0,0.001,0.153
86,71,0.001,0.002,0.147
86,72,0.001,0.002,0.144
86,73,0.0,0.001,0.15
86,74,0.0,0.0,0.175
86,75,0.0,0.002,0.151
86,76,0.0,0.0,0.167
86,77,0.0,0.0,0.168
86,78,0.0,0.0,0.168
86,79,0.0,0.0,0.168
86,8,0.001,0.004,0.115
86,80,0.0,0.0,0.17
86,81,0.0,0.0,0.174
86,82,0.0,0.0,0.17
86,83,0.0,0.0,0.179
86,84,0.0,0.0,0.17
86,85,0.0,0.0,0.17
86,86,0.0,0.0,0.171
86,87,0.0,0.0,0.183
86,88,0.0,0.0,0.193
86,89,0.0,0.0,0.203
86,9,0.001,0.003,0.116
86,90,0.0,0.0,0.208
86,91,0.0,0.0,0.192
86,92,0.0,0.0,0.199
86,93,0.0,0.0,0.201
86,94,0.0,0.0,0.204
86,95,0.0,0.0,0.2
86,96,0.0,0.0,0.213
86,97,0.0,0.0,0.218
86,98,0.0,0.0,0.212
86,99,0.0,0.0,0.219
87,10,0.007,0.015,0.095
87,100,0.0,0.0,0.194
87,101,0.0,0.0,0.196
87,102,0.0,0.0,0.19
87,103,0.0,0.0,0.208
87,104,0.0,0.0,0.212
87,105,0.0,0.0,0.205
87,106,0.0,0.0,0.212
87,107,0.0,0.0,0.224
87,108,0.0,0.0,0.217
87,109,0.0,0.0,0.215
87,11,0.004,0.009,0.101
87,110,0.0,0.0,0.21
87,111,0.0,0.0,0.216
87,112,0.0,0.0,0.228
87,113,0.0,0.0,0.227
87,114,0.0,0.0,0.222
87,115,0.0,0.0,0.234
87,116,0.0,0.0,0.229
87,117,0.0,0.0,0.229
87,118,0.0,0.0,0.247
87,119,0.0,0.0,0.248
87,12,0.01,0.02,0.09
87,120,0.0,0.0,0.235
87,121,0.0,0.0,0.231
87,122,0.0,0.0,0.218
87,123,0.0,0.0,0.216
87,124,0.0,0.0,0.223
87,125,0.0,0.0,0.228
87,126,0.0,0.0,0.221
87,127,0.0,0.0,0.23
87,128,0.0,0.0,0.227
87,129,0.0,0.0,0.234
87,13,0.007,0.015,0.093
87,130,0.0,0.0,0.218
87,131,0.0,0.0,0.219
87,132,0.0,0.0,0.222
87,133,0.0,0.0,0.224
87,134,0.0,0.0,0.222
87,135,0.0,0.0,0.217
87,136,0.0,0.0,0.231
87,137,0.0,0.0,0.23
87,138,0.0,0.0,0.223
87,139,0.0,0.0,0.231
87,14,0.003,0.008,0.101
87,140,0.0,0.0,0.24
87,141,0.0,0.0,0.249
87,142,0.0,0.0,0.239
87,143,0.0,0.0,0.245
87,144,0.0,0.0,0.244
87,145,0.0,0.0,0.246
87,146,0.0,0.0,0.244
87,147,0.0,0.0,0.243
87,148,0.0,0.0,0.247
87,149,0.0,0.0,0.227
87,15,0.009,0.019,0.09
87,150,0.0,0.0,0.235
87,151,0.0,0.0,0.227
87,152,0.0,0.0,0.232
87,153,0.0,0.0,0.224
87,154,0.0,0.0,0.228
87,155,0.0,0.0,0.234
87,156,0.0,0.0,0.232
87,157,0.0,0.0,0.222
87,158,0.0,0.0,0.227
87,159,0.0,0.0,0.225
87,16,0.008,0.017,0.091
87,160,0.0,0.0,0.233
87,161,0.0,0.0,0.224
87,162,0.0,0.0,0.212
87,163,0.0,0.0,0.218
87,164,0.0,0.0,0.211
87,165,0.0,0.0,0.216
87,166,0.0,0.0,0.218
87,167,0.0,0.0,0.217
87,168,0.0,0.0,0.212
87,169,0.0,0.0,0.212
87,17,0.003,0.007,0.103
87,170,0.0,0.0,0.216
87,171,0.0,0.0,0.205
87,172,0.0,0.0,0.206
87,173,0.0,0.0,0.205
87,174,0.0,0.0,0.206
87,175,0.0,0.0,0.204
87,176,0.0,0.0,0.213
87,177,0.0,0.0,0.205
87,178,0.0,0.0,0.21
87,179,0.0,0.0,0.195
87,18,0.002,0.004,0.108
87,180,0.0,0.0,0.2
87,181,0.0,0.0,0.199
87,182,0.0,0.0,0.187
87,183,0.0,0.001,0.181
87,184,0.0,0.0,0.188
87,185,0.0,0.0,0.185
87,186,0.0,0.0,0.185
87,187,0.0,0.001,0.179
87,188,0.0,0.001,0.178
87,189,0.0,0.0,0.185
87,19,0.005,0.011,0.097
87,190,0.0,0.0,0.187
87,191,0.0,0.0,0.184
87,192,0.0,0.001,0.174
87,193,0.0,0.0,0.181
87,194,0.0,0.001,0.173
87,195,0.0,0.001,0.17
87,196,0.0,0.001,0.173
87,197,0.0,0.001,0.176
87,198,0.0,0.0,0.178
87,199,0.0,0.0,0.178
87,20,0.006,0.013,0.095
87,200,0.0,0.001,0.17
87,201,0.001,0.002,0.155
87,202,0.001,0.003,0.151
87,203,0.001,0.002,0.157
87,204,0.0,0.001,0.16
87,205,0.001,0.002,0.157
87,206,0.0,0.002,0.159
87,207,0.0,0.001,0.161
87,208,0.001,0.002,0.157
87,209,0.001,0.002,0.154
87,21,0.002,0.004,0.108
87,210,0.0,0.001,0.16
87,211,0.001,0.003,0.153
87,212,0.002,0.005,0.141
87,213,0.002,0.006,0.139
87,214,0.002,0.005,0.143
87,215,0.002,0.005,0.143
87,216,0.001,0.004,0.148
87,217,0.005,0.011,0.131
87,218,0.01,0.02,0.121
87,219,0.007,0.015,0.128
87,22,0.002,0.004,0.109
87,220,0.008,0.016,0.127
87,221,0.011,0.023,0.121
87,222,0.012,0.024,0.121
87,223,0.006,0.012,0.135
87,224,0.011,0.022,0.125
87,225,0.007,0.015,0.134
87,226,0.01,0.02,0.129
87,227,0.017,0.033,0.12
87,228,0.007,0.015,0.137
87,229,0.009,0.019,0.135
87,23,0.003,0.007,0.103
87,230,0.014,0.028,0.127
87,231,0.013,0.026,0.131
87,232,0.015,0.03,0.129
87,233,0.02,0.037,0.125
87,234,0.015,0.029,0.133
87,235,0.019,0.036,0.129
87,236,0.014,0.027,0.138
87,237,0.006,0.014,0.154
87,238,0.01,0.02,0.148
87,239,0.007,0.016,0.156
87,24,0.003,0.007,0.105
87,240,0.005,0.011,0.166
87,241,0.009,0.019,0.156
87,242,0.006,0.014,0.165
87,243,0.009,0.019,0.16
87,244,0.003,0.007,0.185
87,245,0.006,0.014,0.172
87,246,0.005,0.012,0.178
87,247,0.004,0.01,0.184
87,248,0.008,0.017,0.173
87,249,0.004,0.009,0.193
87,25,0.003,0.007,0.105
87,250,0.003,0.008,0.198
87,251,0.005,0.012,0.189
87,26,0.003,0.007,0.104
87,27,0.002,0.005,0.109
87,28,0.002,0.004,0.111
87,29,0.0,0.001,0.124
87,30,0.002,0.005,0.111
87,31,0.001,0.002,0.119
87,32,0.002,0.005,0.109
87,33,0.001,0.002,0.12
87,34,0.0,0.001,0.13
87,35,0.0,0.001,0.134
87,36,0.0,0.001,0.136
87,37,0.0,0.0,0.145
87,38,0.0,0.001,0.138
87,39,0.0,0.0,0.143
87,40,0.001,0.002,0.127
87,41,0.0,0.001,0.13
87,42,0.0,0.001,0.131
87,43,0.001,0.002,0.126
87,44,0.0,0.001,0.13
87,45,0.001,0.002,0.128
87,46,0.0,0.001,0.132
87,47,0.001,0.003,0.125
87,48,0.0,0.001,0.134
87,49,0.0,0.001,0.143
87,50,0.001,0.002,0.129
87,51,0.002,0.005,0.12
87,52,0.001,0.002,0.133
87,53,0.001,0.003,0.128
87,54,0.001,0.003,0.128
87,55,0.002,0.005,0.123
87,56,0.001,0.004,0.126
87,57,0.0,0.001,0.139
87,58,0.004,0.009,0.116
87,59,0.002,0.004,0.128
87,60,0.003,0.007,0.121
87,61,0.001,0.003,0.135
87,62,0.002,0.006,0.125
87,63,0.002,0.005,0.128
87,64,0.001,0.002,0.14
87,65,0.001,0.002,0.139
87,66,0.001,0.003,0.138
87,67,0.002,0.004,0.132
87,68,0.001,0.003,0.137
87,69,0.002,0.004,0.134
87,7,0.007,0.015,0.096
87,70,0.001,0.004,0.135
87,71,0.002,0.005,0.133
87,72,0.001,0.004,0.137
87,73,0.001,0.003,0.141
87,74,0.002,0.005,0.133
87,75,0.001,0.003,0.142
87,76,0.001,0.003,0.144
87,77,0.001,0.002,0.151
87,78,0.0,0.001,0.16
87,79,0.0,0.001,0.156
87,8,0.044,0.073,0.072
87,80,0.0,0.0,0.172
87,81,0.0,0.0,0.174
87,82,0.0,0.0,0.169
87,83,0.0,0.001,0.162
87,84,0.0,0.001,0.158
87,85,0.0,0.0,0.17
87,86,0.0,0.0,0.178
87,87,0.0,0.0,0.171
87,88,0.0,0.001,0.167
87,89,0.0,0.001,0.166
87,9,0.017,0.033,0.084
87,90,0.0,0.0,0.18
87,91,0.0,0.0,0.178
87,92,0.0,0.0,0.183
87,93,0.0,0.0,0.185
87,94,0.0,0.0,0.172
87,95,0.0,0.0,0.174
87,96,0.0,0.0,0.183
87,97,0.0,0.0,0.201
87,98,0.0,0.0,0.191
87,99,0.0,0.0,0.191
88,10,0.004,0.01,0.102
88,100,0.0,0.0,0.201
88,101,0.0,0.0,0.199
88,102,0.0,0.0,0.211
88,103,0.0,0.0,0.212
88,104,0.0,0.0,0.214
88,105,0.0,0.0,0.209
88,106,0.0,0.0,0.219
88,107,0.0,0.0,0.225
88,108,0.0,0.0,0.223
88,109,0.0,0.0,0.221
88,11,0.01,0.021,0.091
88,110,0.0,0.0,0.222
88,111,0.0,0.0,0.22
88,112,0.0,0.0,0.231
88,113,0.0,0.0,0.226
88,114,0.0,0.0,0.223
88,115,0.0,0.0,0.234
88,116,0.0,0.0,0.238
88,117,0.0,0.0,0.229
88,118,0.0,0.0,0.227
88,119,0.0,0.0,0.225
88,12,0.002,0.004,0.111
88,120,0.0,0.0,0.224
88,121,0.0,0.0,0.234
88,122,0.0,0.0,0.228
88,123,0.0,0.0,0.229
88,124,0.0,0.0,0.228
88,125,0.0,0.0,0.23
88,126,0.0,0.0,0.226
88,127,0.0,0.0,0.229
88,128,0.0,0.0,0.237
88,129,0.0,0.0,0.24
88,13,0.004,0.008,0.102
88,130,0.0,0.0,0.246
88,131,0.0,0.0,0.255
88,132,0.0,0.0,0.247
88,133,0.0,0.0,0.241
88,134,0.0,0.0,0.235
88,135,0.0,0.0,0.237
88,136,0.0,0.0,0.238
88,137,0.0,0.0,0.241
88,138,0.0,0.0,0.239
88,139,0.0,0.0,0.24
88,14,0.004,0.01,0.099
88,140,0.0,0.0,0.253
88,141,0.0,0.0,0.255
88,142,0.0,0.0,0.25
88,143,0.0,0.0,0.243
88,144,0.0,0.0,0.242
88,145,0.0,0.0,0.233
88,146,0.0,0.0,0.232
88,147,0.0,0.0,0.229
88,148,0.0,0.0,0.218
88,149,0.0,0.0,0.212
88,15,0.002,0.006,0.105
88,150,0.0,0.0,0.22
88,151,0.0,0.0,0.22
88,152,0.0,0.0,0.208
88,153,0.0,0.0,0.215
88,154,0.0,0.0,0.214
88,155,0.0,0.0,0.215
88,156,0.0,0.0,0.209
88,157,0.0,0.0,0.204
88,158,0.0,0.0,0.207
88,159,0.0,0.0,0.2
88,16,0.002,0.005,0.107
88,160,0.0,0.0,0.201
88,161,0.0,0.0,0.199
88,162,0.0,0.0,0.199
88,163,0.0,0.0,0.201
88,164,0.0,0.0,0.207
88,165,0.0,0.0,0.187
88,166,0.0,0.0,0.187
88,167,0.0,0.0,0.184
88,168,0.0,0.0,0.19
88,169,0.0,0.0,0.194
88,17,0.002,0.005,0.108
88,170,0.0,0.0,0.192
88,171,0.0,0.0,0.202
88,172,0.0,0.0,0.205
88,173,0.0,0.0,0.201
88,174,0.0,0.0,0.192
88,175,0.0,0.0,0.201
88,176,0.0,0.0,0.196
88,177,0.0,0.0,0.197
88,178,0.0,0.0,0.192
88,179,0.0,0.0,0.184
88,18,0.001,0.002,0.12
88,180,0.0,0.0,0.184
88,181,0.0,0.0,0.188
88,182,0.0,0.0,0.192
88,183,0.0,0.0,0.194
88,184,0.0,0.0,0.185
88,185,0.0,0.0,0.193
88,186,0.0,0.0,0.19
88,187,0.0,0.0,0.195
88,188,0.0,0.0,0.186
88,189,0.0,0.0,0.182
88,19,0.001,0.004,0.11
88,190,0.0,0.0,0.194
88,191,0.0,0.0,0.18
88,192,0.0,0.001,0.176
88,193,0.0,0.0,0.188
88,194,0.0,0.0,0.179
88,195,0.0,0.001,0.167
88,196,0.001,0.002,0.156
88,197,0.001,0.002,0.156
88,198,0.001,0.002,0.157
88,199,0.001,0.003,0.15
88,20,0.0,0.001,0.126
88,200,0.002,0.005,0.142
88,201,0.001,0.004,0.147
88,202,0.004,0.009,0.132
88,203,0.004,0.009,0.133
88,204,0.002,0.006,0.14
88,205,0.002,0.005,0.142
88,206,0.003,0.007,0.138
88,207,0.002,0.005,0.144
88,208,0.002,0.005,0.142
88,209,0.002,0.005,0.143
88,21,0.001,0.002,0.119
88,210,0.004,0.01,0.131
88,211,0.01,0.021,0.119
88,212,0.004,0.009,0.133
88,213,0.007,0.015,0.125
88,214,0.003,0.007,0.139
88,215,0.003,0.007,0.139
88,216,0.004,0.008,0.137
88,217,0.003,0.007,0.141
88,218,0.004,0.008,0.138
88,219,0.002,0.006,0.146
88,22,0.0,0.001,0.13
88,220,0.002,0.005,0.151
88,221,0.003,0.007,0.143
88,222,0.002,0.004,0.154
88,223,0.004,0.01,0.14
88,224,0.005,0.01,0.14
88,225,0.004,0.01,0.143
88,226,0.008,0.018,0.133
88,227,0.003,0.008,0.149
88,228,0.008,0.016,0.138
88,229,0.006,0.014,0.143
88,23,0.0,0.0,0.142
88,230,0.006,0.014,0.145
88,231,0.007,0.015,0.144
88,232,0.008,0.017,0.143
88,233,0.011,0.023,0.138
88,234,0.006,0.013,0.152
88,235,0.004,0.01,0.161
88,236,0.007,0.016,0.152
88,237,0.017,0.033,0.137
88,238,0.008,0.017,0.154
88,239,0.008,0.017,0.156
88,24,0.0,0.001,0.13
88,240,0.011,0.023,0.151
88,241,0.02,0.037,0.141
88,242,0.017,0.033,0.146
88,243,0.007,0.015,0.168
88,244,0.005,0.011,0.177
88,245,0.009,0.019,0.167
88,246,0.007,0.015,0.174
88,247,0.005,0.012,0.182
88,248,0.005,0.01,0.188
88,249,0.005,0.011,0.189
88,25,0.002,0.004,0.11
88,250,0.004,0.009,0.195
88,251,0.004,0.009,0.196
88,26,0.0,0.001,0.134
88,27,0.0,0.001,0.124
88,28,0.0,0.001,0.124
88,29,0.0,0.0,0.143
88,30,0.0,0.001,0.131
88,31,0.0,0.0,0.135
88,32,0.001,0.003,0.116
88,33,0.0,0.001,0.131
88,34,0.0,0.001,0.133
88,35,0.0,0.0,0.137
88,36,0.0,0.001,0.128
88,37,0.001,0.002,0.123
88,38,0.0,0.001,0.13
88,39,0.001,0.002,0.122
88,40,0.002,0.005,0.112
88,41,0.001,0.004,0.117
88,42,0.001,0.003,0.121
88,43,0.004,0.009,0.107
88,44,0.005,0.012,0.103
88,45,0.003,0.007,0.112
88,46,0.002,0.006,0.113
88,47,0.004,0.009,0.109
88,48,0.003,0.008,0.111
88,49,0.008,0.017,0.101
88,50,0.009,0.019,0.099
88,51,0.014,0.028,0.094
88,52,0.006,0.014,0.105
88,53,0.006,0.014,0.106
88,54,0.01,0.021,0.1
88,55,0.007,0.016,0.105
88,56,0.015,0.03,0.096
88,57,0.013,0.026,0.098
88,58,0.008,0.016,0.107
88,59,0.005,0.011,0.113
88,60,0.009,0.019,0.105
88,61,0.014,0.027,0.1
88,62,0.01,0.02,0.105
88,63,0.008,0.017,0.109
88,64,0.004,0.01,0.117
88,65,0.006,0.013,0.114
88,66,0.01,0.02,0.107
88,67,0.005,0.012,0.117
88,68,0.004,0.009,0.121
88,69,0.005,0.01,0.12
88,7,0.007,0.015,0.098
88,70,0.003,0.006,0.128
88,71,0.003,0.006,0.128
88,72,0.001,0.003,0.14
88,73,0.001,0.003,0.14
88,74,0.002,0.004,0.136
88,75,0.002,0.004,0.136
88,76,0.001,0.004,0.138
88,77,0.002,0.005,0.135
88,78,0.001,0.003,0.143
88,79,0.001,0.002,0.148
88,8,0.005,0.012,0.101
88,80,0.001,0.002,0.15
88,81,0.0,0.001,0.155
88,82,0.0,0.001,0.158
88,83,0.0,0.001,0.167
88,84,0.0,0.001,0.162
88,85,0.0,0.0,0.176
88,86,0.0,0.0,0.187
88,87,0.0,0.0,0.176
88,88,0.0,0.0,0.182
88,89,0.0,0.0,0.174
88,9,0.002,0.004,0.112
88,90,0.0,0.0,0.173
88,91,0.0,0.0,0.171
88,92,0.0,0.0,0.19
88,93,0.0,0.0,0.202
88,94,0.0,0.0,0.194
88,95,0.0,0.0,0.183
88,96,0.0,0.0,0.183
88,97,0.0,0.0,0.202
88,98,0.0,0.0,0.202
88,99,0.0,0.0,0.188
89,10,0.003,0.008,0.106
89,100,0.0,0.0,0.194
89,101,0.0,0.0,0.204
89,102,0.0,0.0,0.205
89,103,0.0,0.0,0.203
89,104,0.0,0.0,0.198
89,105,0.0,0.0,0.196
89,106,0.0,0.0,0.202
89,107,0.0,0.0,0.203
89,108,0.0,0.0,0.224
89,109,0.0,0.0,0.212
89,11,0.001,0.004,0.113
89,110,0.0,0.0,0.215
89,111,0.0,0.0,0.215
89,112,0.0,0.0,0.221
89,113,0.0,0.0,0.212
89,114,0.0,0.0,0.212
89,115,0.0,0.0,0.208
89,116,0.0,0.0,0.224
89,117,0.0,0.0,0.232
89,118,0.0,0.0,0.226
89,119,0.0,0.0,0.232
89,12,0.004,0.009,0.102
89,120,0.0,0.0,0.225
89,121,0.0,0.0,0.236
89,122,0.0,0.0,0.236
89,123,0.0,0.0,0.236
89,124,0.0,0.0,0.234
89,125,0.0,0.0,0.226
89,126,0.0,0.0,0.228
89,127,0.0,0.0,0.221
89,128,0.0,0.0,0.216
89,129,0.0,0.0,0.217
89,13,0.007,0.015,0.095
89,130,0.0,0.0,0.215
89,131,0.0,0.0,0.223
89,132,0.0,0.0,0.237
89,133,0.0,0.0,0.232
89,134,0.0,0.0,0.228
89,135,0.0,0.0,0.232
89,136,0.0,0.0,0.226
89,137,0.0,0.0,0.227
89,138,0.0,0.0,0.234
89,139,0.0,0.0,0.246
89,14,0.002,0.005,0.11
89,140,0.0,0.0,0.235
89,141,0.0,0.0,0.232
89,142,0.0,0.0,0.233
89,143,0.0,0.0,0.24
89,144,0.0,0.0,0.232
89,145,0.0,0.0,0.232
89,146,0.0,0.0,0.221
89,147,0.0,0.0,0.234
89,148,0.0,0.0,0.223
89,149,0.0,0.0,0.217
89,15,0.004,0.01,0.099
89,150,0.0,0.0,0.214
89,151,0.0,0.0,0.216
89,152,0.0,0.0,0.203
89,153,0.0,0.0,0.212
89,154,0.0,0.0,0.209
89,155,0.0,0.0,0.212
89,156,0.0,0.0,0.208
89,157,0.0,0.0,0.202
89,158,0.0,0.0,0.212
89,159,0.0,0.0,0.206
89,16,0.002,0.004,0.11
89,160,0.0,0.0,0.207
89,161,0.0,0.0,0.207
89,162,0.0,0.0,0.207
89,163,0.0,0.0,0.214
89,164,0.0,0.0,0.197
89,165,0.0,0.0,0.195
89,166,0.0,0.0,0.189
89,167,0.0,0.0,0.187
89,168,0.0,0.0,0.196
89,169,0.0,0.0,0.187
89,17,0.004,0.009,0.1
89,170,0.0,0.0,0.2
89,171,0.0,0.0,0.192
89,172,0.0,0.0,0.207
89,173,0.0,0.0,0.203
89,174,0.0,0.0,0.201
89,175,0.0,0.0,0.194
89,176,0.0,0.0,0.186
89,177,0.0,0.0,0.186
89,178,0.0,0.0,0.186
89,179,0.0,0.0,0.185
89,18,0.001,0.003,0.113
89,180,0.0,0.0,0.186
89,181,0.0,0.001,0.18
89,182,0.0,0.0,0.183
89,183,0.0,0.0,0.183
89,184,0.0,0.001,0.171
89,185,0.0,0.001,0.17
89,186,0.0,0.001,0.175
89,187,0.0,0.001,0.169
89,188,0.0,0.001,0.164
89,189,0.0,0.001,0.167
89,19,0.001,0.003,0.112
89,190,0.0,0.001,0.166
89,191,0.0,0.001,0.168
89,192,0.0,0.001,0.172
89,193,0.0,0.001,0.17
89,194,0.0,0.001,0.167
89,195,0.0,0.001,0.176
89,196,0.0,0.0,0.182
89,197,0.0,0.001,0.164
89,198,0.001,0.002,0.157
89,199,0.001,0.003,0.153
89,20,0.001,0.003,0.113
89,200,0.001,0.002,0.156
89,201,0.001,0.002,0.159
89,202,0.0,0.001,0.162
89,203,0.0,0.001,0.164
89,204,0.0,0.001,0.167
89,205,0.0,0.002,0.16
89,206,0.001,0.002,0.154
89,207,0.001,0.003,0.149
89,208,0.001,0.002,0.158
89,209,0.001,0.004,0.147
89,21,0.006,0.013,0.095
89,210,0.003,0.007,0.138
89,211,0.002,0.005,0.144
89,212,0.003,0.008,0.137
89,213,0.004,0.008,0.136
89,214,0.006,0.013,0.129
89,215,0.006,0.014,0.129
89,216,0.014,0.027,0.117
89,217,0.01,0.02,0.123
89,218,0.011,0.022,0.122
89,219,0.012,0.023,0.122
89,22,0.002,0.004,0.109
89,220,0.01,0.02,0.125
89,221,0.012,0.024,0.123
89,222,0.013,0.026,0.122
89,223,0.022,0.04,0.115
89,224,0.015,0.03,0.122
89,225,0.021,0.039,0.117
89,226,0.034,0.058,0.109
89,227,0.05,0.083,0.101
89,228,0.051,0.083,0.102
89,229,0.029,0.052,0.115
89,23,0.006,0.014,0.095
89,230,0.023,0.042,0.122
89,231,0.036,0.062,0.114
89,232,0.027,0.049,0.121
89,233,0.02,0.038,0.128
89,234,0.021,0.039,0.129
89,235,0.019,0.036,0.133
89,236,0.029,0.051,0.126
89,237,0.017,0.032,0.139
89,238,0.014,0.028,0.144
89,239,0.008,0.017,0.159
89,24,0.001,0.003,0.114
89,240,0.013,0.025,0.151
89,241,0.024,0.044,0.138
89,242,0.024,0.044,0.139
89,243,0.015,0.029,0.153
89,244,0.012,0.024,0.16
89,245,0.024,0.044,0.145
89,246,0.014,0.028,0.159
89,247,0.012,0.024,0.165
89,248,0.008,0.017,0.176
89,249,0.011,0.022,0.172
89,25,0.001,0.003,0.115
89,250,0.012,0.024,0.17
89,251,0.008,0.016,0.182
89,26,0.002,0.005,0.109
89,27,0.003,0.007,0.106
89,28,0.004,0.009,0.101
89,29,0.002,0.006,0.107
89,30,0.002,0.005,0.109
89,31,0.004,0.01,0.101
89,32,0.003,0.008,0.104
89,33,0.001,0.003,0.114
89,34,0.002,0.004,0.113
89,35,0.002,0.005,0.111
89,36,0.001,0.004,0.115
89,37,0.001,0.003,0.116
89,38,0.001,0.002,0.123
89,39,0.001,0.004,0.116
89,40,0.004,0.008,0.105
89,41,0.003,0.008,0.107
89,42,0.004,0.009,0.106
89,43,0.007,0.016,0.098
89,44,0.002,0.005,0.115
89,45,0.002,0.004,0.116
89,46,0.004,0.01,0.106
89,47,0.007,0.015,0.101
89,48,0.002,0.006,0.116
89,49,0.004,0.009,0.11
89,50,0.002,0.006,0.116
89,51,0.005,0.011,0.108
89,52,0.009,0.019,0.101
89,53,0.003,0.008,0.114
89,54,0.006,0.013,0.107
89,55,0.006,0.014,0.107
89,56,0.003,0.008,0.115
89,57,0.004,0.009,0.114
89,58,0.007,0.015,0.108
89,59,0.011,0.022,0.102
89,60,0.009,0.018,0.106
89,61,0.005,0.011,0.114
89,62,0.005,0.012,0.114
89,63,0.005,0.011,0.116
89,64,0.005,0.011,0.116
89,65,0.003,0.008,0.121
89,66,0.004,0.01,0.119
89,67,0.002,0.006,0.128
89,68,0.002,0.006,0.127
89,69,0.002,0.005,0.13
89,7,0.003,0.008,0.109
89,70,0.007,0.015,0.115
89,71,0.003,0.006,0.128
89,72,0.001,0.003,0.139
89,73,0.001,0.003,0.139
89,74,0.001,0.003,0.14
89,75,0.001,0.003,0.143
89,76,0.001,0.004,0.14
89,77,0.002,0.005,0.136
89,78,0.0,0.001,0.157
89,79,0.001,0.002,0.148
89,8,0.003,0.008,0.109
89,80,0.0,0.001,0.156
89,81,0.001,0.002,0.153
89,82,0.001,0.003,0.145
89,83,0.0,0.001,0.158
89,84,0.0,0.001,0.166
89,85,0.0,0.0,0.173
89,86,0.0,0.001,0.159
89,87,0.0,0.001,0.164
89,88,0.0,0.001,0.167
89,89,0.0,0.001,0.169
89,9,0.003,0.008,0.107
89,90,0.0,0.001,0.16
89,91,0.0,0.001,0.163
89,92,0.0,0.001,0.162
89,93,0.0,0.001,0.164
89,94,0.0,0.001,0.169
89,95,0.0,0.0,0.18
89,96,0.0,0.0,0.187
89,97,0.0,0.0,0.189
89,98,0.0,0.0,0.187
89,99,0.0,0.0,0.191
9,10,0.013,0.025,0.083
9,100,0.007,0.016,0.099
9,101,0.009,0.019,0.097
9,102,0.01,0.02,0.097
9,103,0.02,0.037,0.087
9,104,0.006,0.013,0.104
9,105,0.007,0.015,0.102
9,106,0.005,0.012,0.105
9,107,0.004,0.009,0.109
9,108,0.002,0.005,0.117
9,109,0.004,0.009,0.109
9,11,0.032,0.056,0.071
9,110,0.003,0.006,0.115
9,111,0.001,0.003,0.126
9,112,0.003,0.008,0.112
9,113,0.001,0.002,0.129
9,114,0.001,0.002,0.132
9,115,0.001,0.002,0.129
9,116,0.001,0.003,0.127
9,117,0.001,0.002,0.13
9,118,0.0,0.001,0.137
9,119,0.0,0.001,0.142
9,12,0.002,0.005,0.102
9,120,0.0,0.0,0.159
9,121,0.0,0.0,0.15
9,122,0.0,0.001,0.147
9,123,0.0,0.001,0.139
9,124,0.001,0.003,0.129
9,125,0.0,0.0,0.153
9,126,0.0,0.001,0.149
9,127,0.0,0.0,0.158
9,128,0.0,0.0,0.161
9,129,0.0,0.0,0.159
9,13,0.005,0.011,0.092
9,130,0.0,0.0,0.16
9,131,0.0,0.0,0.161
9,132,0.0,0.0,0.164
9,133,0.0,0.0,0.161
9,134,0.0,0.0,0.159
9,135,0.0,0.0,0.155
9,136,0.0,0.0,0.156
9,137,0.0,0.0,0.159
9,138,0.0,0.0,0.156
9,139,0.0,0.0,0.167
9,14,0.002,0.004,0.102
9,140,0.0,0.0,0.155
9,141,0.0,0.0,0.157
9,142,0.0,0.0,0.166
9,143,0.0,0.0,0.167
9,144,0.0,0.0,0.176
9,145,0.0,0.0,0.168
9,146,0.0,0.0,0.163
9,147,0.0,0.001,0.154
9,148,0.0,0.0,0.158
9,149,0.0,0.001,0.149
9,15,0.002,0.005,0.099
9,150,0.0,0.001,0.143
9,151,0.0,0.001,0.146
9,152,0.0,0.001,0.153
9,153,0.0,0.001,0.152
9,154,0.0,0.001,0.155
9,155,0.0,0.001,0.152
9,156,0.0,0.001,0.156
9,157,0.0,0.0,0.166
9,158,0.0,0.0,0.161
9,159,0.0,0.0,0.168
9,16,0.001,0.002,0.108
9,160,0.0,0.0,0.161
9,161,0.0,0.0,0.16
9,162,0.0,0.0,0.167
9,163,0.0,0.001,0.151
9,164,0.0,0.001,0.154
9,165,0.0,0.001,0.158
9,166,0.0,0.001,0.155
9,167,0.0,0.001,0.152
9,168,0.0,0.002,0.145
9,169,0.0,0.001,0.146
9,17,0.002,0.005,0.099
9,170,0.0,0.002,0.145
9,171,0.001,0.002,0.144
9,172,0.001,0.002,0.144
9,173,0.002,0.004,0.132
9,174,0.001,0.003,0.138
9,175,0.0,0.001,0.149
9,176,0.001,0.002,0.145
9,177,0.001,0.002,0.146
9,178,0.0,0.001,0.151
9,179,0.001,0.002,0.147
9,18,0.004,0.01,0.091
9,180,0.001,0.002,0.143
9,181,0.001,0.002,0.146
9,182,0.0,0.001,0.153
9,183,0.0,0.001,0.158
9,184,0.0,0.001,0.154
9,185,0.0,0.001,0.164
9,186,0.0,0.001,0.164
9,187,0.0,0.0,0.176
9,188,0.0,0.0,0.176
9,189,0.0,0.001,0.16
9,19,0.002,0.006,0.097
9,190,0.0,0.001,0.172
9,191,0.0,0.0,0.189
9,192,0.0,0.0,0.183
9,193,0.0,0.0,0.184
9,194,0.0,0.0,0.192
9,195,0.0,0.0,0.191
9,196,0.0,0.0,0.191
9,197,0.0,0.0,0.187
9,198,0.0,0.001,0.181
9,199,0.0,0.0,0.191
9,20,0.0,0.001,0.12
9,200,0.0,0.0,0.184
9,201,0.0,0.001,0.178
9,202,0.0,0.0,0.188
9,203,0.0,0.001,0.185
9,204,0.0,0.0,0.197
9,205,0.0,0.001,0.175
9,206,0.0,0.001,0.182
9,207,0.0,0.001,0.186
9,208,0.0,0.001,0.184
9,209,0.0,0.001,0.182
9,21,0.0,0.001,0.113
9,210,0.001,0.002,0.177
9,211,0.001,0.002,0.181
9,212,0.001,0.002,0.179
9,213,0.0,0.001,0.187
9,214,0.001,0.002,0.177
9,215,0.0,0.001,0.19
9,216,0.0,0.001,0.188
9,217,0.0,0.001,0.194
9,218,0.0,0.001,0.191
9,219,0.001,0.002,0.188
9,22,0.0,0.001,0.12
9,220,0.0,0.002,0.192
9,221,0.0,0.001,0.205
9,222,0.0,0.001,0.195
9,223,0.0,0.001,0.202
9,224,0.0,0.001,0.199
9,225,0.001,0.002,0.196
9,226,0.0,0.0,0.219
9,227,0.0,0.001,0.208
9,228,0.0,0.001,0.209
9,229,0.001,0.002,0.199
9,23,0.0,0.001,0.113
9,230,0.0,0.001,0.221
9,231,0.0,0.0,0.226
9,232,0.0,0.001,0.218
9,233,0.0,0.001,0.22
9,234,0.0,0.0,0.233
9,235,0.0,0.0,0.232
9,236,0.0,0.001,0.211
9,237,0.0,0.001,0.213
9,238,0.0,0.001,0.213
9,239,0.0,0.001,0.226
9,24,0.001,0.002,0.107
9,240,0.0,0.001,0.22
9,241,0.0,0.001,0.215
9,242,0.0,0.001,0.221
9,243,0.0,0.002,0.213
9,244,0.0,0.001,0.216
9,245,0.001,0.003,0.203
9,246,0.002,0.004,0.197
9,247,0.001,0.003,0.204
9,248,0.003,0.006,0.191
9,249,0.001,0.003,0.21
9,25,0.0,0.001,0.112
9,250,0.002,0.005,0.198
9,251,0.006,0.013,0.178
9,26,0.001,0.003,0.104
9,27,0.001,0.002,0.11
9,28,0.0,0.0,0.123
9,29,0.001,0.002,0.11
9,30,0.001,0.002,0.107
9,31,0.0,0.001,0.114
9,32,0.001,0.002,0.107
9,33,0.002,0.006,0.097
9,34,0.001,0.002,0.108
9,35,0.002,0.005,0.099
9,36,0.001,0.004,0.102
9,37,0.001,0.002,0.108
9,38,0.001,0.003,0.106
9,39,0.0,0.001,0.116
9,40,0.001,0.002,0.111
9,41,0.001,0.002,0.108
9,42,0.001,0.002,0.111
9,43,0.0,0.001,0.115
9,44,0.001,0.002,0.11
9,45,0.001,0.003,0.108
9,46,0.001,0.003,0.107
9,47,0.0,0.0,0.125
9,48,0.0,0.001,0.12
9,49,0.0,0.001,0.119
9,50,0.003,0.007,0.098
9,51,0.0,0.001,0.116
9,52,0.0,0.001,0.122
9,53,0.0,0.001,0.122
9,54,0.001,0.003,0.109
9,55,0.0,0.001,0.118
9,56,0.0,0.001,0.124
9,57,0.0,0.002,0.116
9,58,0.0,0.0,0.128
9,59,0.001,0.002,0.115
9,60,0.0,0.0,0.133
9,61,0.0,0.001,0.12
9,62,0.001,0.003,0.109
9,63,0.0,0.001,0.119
9,64,0.001,0.004,0.107
9,65,0.0,0.001,0.125
9,66,0.0,0.001,0.124
9,67,0.001,0.002,0.114
9,68,0.001,0.002,0.116
9,69,0.002,0.004,0.107
9,7,0.015,0.029,0.083
9,70,0.002,0.005,0.105
9,71,0.003,0.007,0.102
9,72,0.006,0.013,0.095
9,73,0.004,0.009,0.099
9,74,0.004,0.009,0.1
9,75,0.002,0.006,0.106
9,76,0.001,0.002,0.116
9,77,0.003,0.008,0.102
9,78,0.001,0.002,0.118
9,79,0.001,0.002,0.12
9,8,0.016,0.031,0.081
9,80,0.004,0.009,0.102
9,81,0.001,0.002,0.123
9,82,0.001,0.004,0.113
9,83,0.001,0.002,0.119
9,84,0.002,0.006,0.107
9,85,0.002,0.004,0.112
9,86,0.001,0.002,0.121
9,87,0.001,0.002,0.121
9,88,0.001,0.002,0.122
9,89,0.003,0.007,0.107
9,9,0.01,0.021,0.086
9,90,0.001,0.003,0.118
9,91,0.003,0.007,0.109
9,92,0.005,0.011,0.103
9,93,0.007,0.014,0.099
9,94,0.007,0.016,0.099
9,95,0.01,0.02,0.095
9,96,0.012,0.024,0.093
9,97,0.019,0.035,0.087
9,98,0.02,0.038,0.086
9,99,0.017,0.032,0.089
90,10,0.0,0.001,0.125
90,100,0.0,0.001,0.172
90,101,0.0,0.0,0.192
90,102,0.0,0.0,0.187
90,103,0.0,0.0,0.185
90,104,0.0,0.0,0.194
90,105,0.0,0.0,0.195
90,106,0.0,0.0,0.19
90,107,0.0,0.0,0.19
90,108,0.0,0.0,0.188
90,109,0.0,0.0,0.189
90,11,0.001,0.002,0.123
90,110,0.0,0.0,0.186
90,111,0.0,0.0,0.187
90,112,0.0,0.0,0.192
90,113,0.0,0.0,0.197
90,114,0.0,0.0,0.212
90,115,0.0,0.0,0.21
90,116,0.0,0.0,0.213
90,117,0.0,0.0,0.194
90,118,0.0,0.0,0.203
90,119,0.0,0.0,0.2
90,12,0.001,0.003,0.117
90,120,0.0,0.0,0.198
90,121,0.0,0.0,0.197
90,122,0.0,0.0,0.199
90,123,0.0,0.0,0.207
90,124,0.0,0.0,0.202
90,125,0.0,0.0,0.192
90,126,0.0,0.0,0.197
90,127,0.0,0.0,0.2
90,128,0.0,0.0,0.206
90,129,0.0,0.0,0.196
90,13,0.002,0.005,0.109
90,130,0.0,0.0,0.193
90,131,0.0,0.0,0.201
90,132,0.0,0.0,0.21
90,133,0.0,0.0,0.214
90,134,0.0,0.0,0.218
90,135,0.0,0.0,0.207
90,136,0.0,0.0,0.212
90,137,0.0,0.0,0.22
90,138,0.0,0.0,0.215
90,139,0.0,0.0,0.213
90,14,0.001,0.002,0.12
90,140,0.0,0.0,0.208
90,141,0.0,0.0,0.201
90,142,0.0,0.0,0.225
90,143,0.0,0.0,0.219
90,144,0.0,0.0,0.224
90,145,0.0,0.0,0.213
90,146,0.0,0.0,0.208
90,147,0.0,0.0,0.202
90,148,0.0,0.0,0.217
90,149,0.0,0.0,0.212
90,15,0.001,0.003,0.113
90,150,0.0,0.0,0.209
90,151,0.0,0.0,0.206
90,152,0.0,0.0,0.205
90,153,0.0,0.0,0.203
90,154,0.0,0.0,0.207
90,155,0.0,0.0,0.206
90,156,0.0,0.0,0.207
90,157,0.0,0.0,0.212
90,158,0.0,0.0,0.206
90,159,0.0,0.0,0.204
90,16,0.003,0.008,0.102
90,160,0.0,0.0,0.193
90,161,0.0,0.0,0.189
90,162,0.0,0.0,0.209
90,163,0.0,0.0,0.218
90,164,0.0,0.0,0.201
90,165,0.0,0.0,0.202
90,166,0.0,0.0,0.194
90,167,0.0,0.0,0.202
90,168,0.0,0.0,0.198
90,169,0.0,0.0,0.208
90,17,0.002,0.006,0.106
90,170,0.0,0.0,0.205
90,171,0.0,0.0,0.198
90,172,0.0,0.0,0.195
90,173,0.0,0.0,0.2
90,174,0.0,0.0,0.205
90,175,0.0,0.0,0.207
90,176,0.0,0.0,0.212
90,177,0.0,0.0,0.194
90,178,0.0,0.0,0.203
90,179,0.0,0.0,0.209
90,18,0.003,0.007,0.104
90,180,0.0,0.0,0.201
90,181,0.0,0.0,0.182
90,182,0.0,0.0,0.19
90,183,0.0,0.0,0.199
90,184,0.0,0.001,0.179
90,185,0.0,0.0,0.186
90,186,0.0,0.0,0.197
90,187,0.0,0.001,0.175
90,188,0.0,0.001,0.175
90,189,0.0,0.001,0.17
90,19,0.003,0.006,0.105
90,190,0.0,0.001,0.177
90,191,0.0,0.001,0.178
90,192,0.0,0.001,0.169
90,193,0.001,0.003,0.152
90,194,0.0,0.001,0.162
90,195,0.001,0.002,0.155
90,196,0.001,0.003,0.149
90,197,0.002,0.004,0.145
90,198,0.001,0.004,0.145
90,199,0.002,0.005,0.142
90,20,0.003,0.008,0.102
90,200,0.001,0.004,0.147
90,201,0.001,0.004,0.146
90,202,0.002,0.006,0.14
90,203,0.001,0.002,0.155
90,204,0.001,0.002,0.159
90,205,0.002,0.004,0.144
90,206,0.003,0.007,0.137
90,207,0.002,0.005,0.141
90,208,0.001,0.004,0.148
90,209,0.004,0.01,0.132
90,21,0.001,0.002,0.117
90,210,0.002,0.004,0.146
90,211,0.002,0.005,0.144
90,212,0.002,0.004,0.147
90,213,0.001,0.003,0.153
90,214,0.002,0.006,0.142
90,215,0.005,0.012,0.132
90,216,0.007,0.015,0.128
90,217,0.011,0.023,0.121
90,218,0.01,0.02,0.124
90,219,0.005,0.011,0.137
90,22,0.002,0.004,0.11
90,220,0.006,0.013,0.135
90,221,0.006,0.013,0.136
90,222,0.004,0.009,0.144
90,223,0.003,0.008,0.147
90,224,0.011,0.023,0.128
90,225,0.011,0.023,0.129
90,226,0.009,0.019,0.134
90,227,0.017,0.033,0.124
90,228,0.03,0.054,0.114
90,229,0.035,0.061,0.113
90,23,0.001,0.002,0.116
90,230,0.023,0.042,0.123
90,231,0.029,0.052,0.119
90,232,0.04,0.068,0.113
90,233,0.012,0.024,0.141
90,234,0.019,0.036,0.132
90,235,0.017,0.033,0.137
90,236,0.027,0.048,0.128
90,237,0.026,0.048,0.13
90,238,0.024,0.043,0.134
90,239,0.018,0.034,0.143
90,24,0.001,0.004,0.111
90,240,0.011,0.022,0.155
90,241,0.028,0.05,0.135
90,242,0.012,0.023,0.157
90,243,0.005,0.012,0.175
90,244,0.008,0.017,0.169
90,245,0.007,0.015,0.174
90,246,0.012,0.024,0.164
90,247,0.01,0.02,0.169
90,248,0.012,0.025,0.166
90,249,0.01,0.021,0.172
90,25,0.001,0.004,0.111
90,250,0.015,0.029,0.165
90,251,0.018,0.034,0.161
90,26,0.001,0.002,0.119
90,27,0.0,0.001,0.129
90,28,0.001,0.003,0.114
90,29,0.0,0.001,0.124
90,30,0.0,0.0,0.14
90,31,0.0,0.001,0.124
90,32,0.0,0.001,0.124
90,33,0.0,0.001,0.128
90,34,0.0,0.001,0.128
90,35,0.001,0.003,0.114
90,36,0.001,0.002,0.122
90,37,0.0,0.001,0.136
90,38,0.0,0.001,0.13
90,39,0.001,0.002,0.121
90,40,0.001,0.002,0.123
90,41,0.0,0.001,0.131
90,42,0.001,0.003,0.12
90,43,0.001,0.004,0.117
90,44,0.002,0.006,0.113
90,45,0.004,0.009,0.106
90,46,0.004,0.009,0.109
90,47,0.002,0.004,0.118
90,48,0.005,0.011,0.106
90,49,0.004,0.009,0.109
90,50,0.004,0.009,0.11
90,51,0.004,0.009,0.11
90,52,0.013,0.026,0.095
90,53,0.017,0.033,0.092
90,54,0.011,0.022,0.099
90,55,0.009,0.019,0.102
90,56,0.009,0.019,0.103
90,57,0.012,0.024,0.099
90,58,0.012,0.025,0.099
90,59,0.025,0.045,0.09
90,60,0.028,0.049,0.088
90,61,0.008,0.017,0.107
90,62,0.017,0.032,0.097
90,63,0.008,0.017,0.108
90,64,0.006,0.012,0.114
90,65,0.014,0.027,0.101
90,66,0.008,0.018,0.109
90,67,0.005,0.012,0.116
90,68,0.005,0.012,0.117
90,69,0.003,0.006,0.127
90,7,0.001,0.002,0.125
90,70,0.001,0.004,0.134
90,71,0.001,0.004,0.135
90,72,0.003,0.008,0.125
90,73,0.001,0.002,0.143
90,74,0.002,0.005,0.134
90,75,0.002,0.004,0.136
90,76,0.001,0.002,0.145
90,77,0.001,0.002,0.149
90,78,0.002,0.004,0.137
90,79,0.002,0.005,0.136
90,8,0.001,0.002,0.122
90,80,0.002,0.005,0.138
90,81,0.002,0.004,0.139
90,82,0.001,0.002,0.151
90,83,0.0,0.001,0.162
90,84,0.0,0.001,0.155
90,85,0.001,0.002,0.152
90,86,0.001,0.003,0.149
90,87,0.001,0.002,0.15
90,88,0.001,0.002,0.153
90,89,0.0,0.001,0.169
90,9,0.002,0.005,0.112
90,90,0.0,0.001,0.163
90,91,0.0,0.0,0.176
90,92,0.0,0.0,0.176
90,93,0.0,0.001,0.171
90,94,0.0,0.0,0.174
90,95,0.0,0.001,0.171
90,96,0.0,0.0,0.179
90,97,0.0,0.0,0.181
90,98,0.0,0.0,0.178
90,99,0.0,0.0,0.179
91,10,0.0,0.001,0.136
91,100,0.0,0.0,0.181
91,101,0.0,0.001,0.17
91,102,0.0,0.001,0.173
91,103,0.0,0.0,0.175
91,104,0.0,0.0,0.175
91,105,0.0,0.001,0.17
91,106,0.0,0.0,0.18
91,107,0.0,0.0,0.18
91,108,0.0,0.0,0.176
91,109,0.0,0.0,0.183
91,11,0.0,0.0,0.138
91,110,0.0,0.0,0.183
91,111,0.0,0.0,0.194
91,112,0.0,0.0,0.203
91,113,0.0,0.0,0.194
91,114,0.0,0.0,0.202
91,115,0.0,0.0,0.198
91,116,0.0,0.0,0.216
91,117,0.0,0.0,0.214
91,118,0.0,0.0,0.204
91,119,0.0,0.0,0.211
91,12,0.0,0.001,0.127
91,120,0.0,0.0,0.202
91,121,0.0,0.0,0.205
91,122,0.0,0.0,0.202
91,123,0.0,0.0,0.216
91,124,0.0,0.0,0.213
91,125,0.0,0.0,0.205
91,126,0.0,0.0,0.21
91,127,0.0,0.0,0.215
91,128,0.0,0.0,0.206
91,129,0.0,0.0,0.207
91,13,0.0,0.001,0.126
91,130,0.0,0.0,0.212
91,131,0.0,0.0,0.202
91,132,0.0,0.0,0.202
91,133,0.0,0.0,0.197
91,134,0.0,0.0,0.205
91,135,0.0,0.0,0.215
91,136,0.0,0.0,0.21
91,137,0.0,0.0,0.212
91,138,0.0,0.0,0.208
91,139,0.0,0.0,0.208
91,14,0.001,0.003,0.116
91,140,0.0,0.0,0.214
91,141,0.0,0.0,0.207
91,142,0.0,0.0,0.203
91,143,0.0,0.0,0.214
91,144,0.0,0.0,0.221
91,145,0.0,0.0,0.217
91,146,0.0,0.0,0.204
91,147,0.0,0.0,0.206
91,148,0.0,0.0,0.199
91,149,0.0,0.0,0.2
91,15,0.0,0.001,0.125
91,150,0.0,0.0,0.202
91,151,0.0,0.0,0.209
91,152,0.0,0.0,0.198
91,153,0.0,0.0,0.197
91,154,0.0,0.0,0.194
91,155,0.0,0.0,0.193
91,156,0.0,0.0,0.197
91,157,0.0,0.0,0.206
91,158,0.0,0.0,0.211
91,159,0.0,0.0,0.207
91,16,0.0,0.001,0.122
91,160,0.0,0.0,0.215
91,161,0.0,0.0,0.208
91,162,0.0,0.0,0.203
91,163,0.0,0.0,0.193
91,164,0.0,0.0,0.195
91,165,0.0,0.0,0.196
91,166,0.0,0.0,0.193
91,167,0.0,0.0,0.192
91,168,0.0,0.0,0.187
91,169,0.0,0.0,0.201
91,17,0.0,0.001,0.13
91,170,0.0,0.0,0.195
91,171,0.0,0.0,0.2
91,172,0.0,0.0,0.193
91,173,0.0,0.0,0.195
91,174,0.0,0.0,0.207
91,175,0.0,0.0,0.216
91,176,0.0,0.0,0.217
91,177,0.0,0.0,0.209
91,178,0.0,0.0,0.202
91,179,0.0,0.0,0.202
91,18,0.001,0.003,0.112
91,180,0.0,0.0,0.197
91,181,0.0,0.0,0.192
91,182,0.0,0.0,0.186
91,183,0.0,0.0,0.194
91,184,0.0,0.0,0.184
91,185,0.0,0.0,0.194
91,186,0.0,0.0,0.185
91,187,0.0,0.0,0.185
91,188,0.0,0.001,0.168
91,189,0.0,0.001,0.164
91,19,0.0,0.001,0.123
91,190,0.0,0.001,0.176
91,191,0.0,0.0,0.18
91,192,0.0,0.001,0.164
91,193,0.0,0.001,0.165
91,194,0.001,0.002,0.156
91,195,0.001,0.002,0.16
91,196,0.001,0.002,0.157
91,197,0.001,0.004,0.148
91,198,0.002,0.005,0.142
91,199,0.001,0.004,0.146
91,20,0.001,0.003,0.114
91,200,0.001,0.002,0.154
91,201,0.001,0.002,0.156
91,202,0.0,0.002,0.16
91,203,0.001,0.002,0.157
91,204,0.001,0.004,0.148
91,205,0.001,0.002,0.154
91,206,0.0,0.001,0.167
91,207,0.001,0.002,0.16
91,208,0.001,0.002,0.158
91,209,0.001,0.002,0.155
91,21,0.001,0.002,0.119
91,210,0.002,0.005,0.145
91,211,0.006,0.012,0.13
91,212,0.004,0.01,0.135
91,213,0.004,0.009,0.135
91,214,0.006,0.012,0.131
91,215,0.003,0.007,0.143
91,216,0.003,0.007,0.143
91,217,0.003,0.008,0.142
91,218,0.009,0.019,0.127
91,219,0.007,0.014,0.134
91,22,0.002,0.004,0.11
91,220,0.004,0.009,0.143
91,221,0.008,0.018,0.131
91,222,0.011,0.022,0.129
91,223,0.006,0.014,0.139
91,224,0.014,0.028,0.126
91,225,0.01,0.021,0.134
91,226,0.008,0.018,0.138
91,227,0.005,0.01,0.151
91,228,0.009,0.018,0.141
91,229,0.01,0.021,0.139
91,23,0.003,0.006,0.104
91,230,0.012,0.025,0.137
91,231,0.007,0.014,0.151
91,232,0.008,0.016,0.15
91,233,0.01,0.021,0.146
91,234,0.004,0.01,0.164
91,235,0.007,0.016,0.156
91,236,0.007,0.015,0.158
91,237,0.007,0.015,0.161
91,238,0.006,0.012,0.166
91,239,0.007,0.015,0.165
91,24,0.001,0.004,0.111
91,240,0.003,0.007,0.182
91,241,0.004,0.009,0.179
91,242,0.004,0.009,0.18
91,243,0.002,0.004,0.2
91,244,0.001,0.003,0.212
91,245,0.001,0.002,0.221
91,246,0.002,0.005,0.205
91,247,0.001,0.002,0.222
91,248,0.0,0.002,0.232
91,249,0.001,0.002,0.226
91,25,0.001,0.003,0.113
91,250,0.001,0.003,0.225
91,251,0.002,0.004,0.216
91,26,0.001,0.003,0.113
91,27,0.002,0.005,0.108
91,28,0.002,0.006,0.106
91,29,0.002,0.004,0.111
91,30,0.0,0.001,0.124
91,31,0.001,0.003,0.116
91,32,0.001,0.003,0.116
91,33,0.001,0.003,0.114
91,34,0.001,0.003,0.114
91,35,0.002,0.005,0.11
91,36,0.001,0.003,0.117
91,37,0.0,0.001,0.129
91,38,0.0,0.001,0.13
91,39,0.0,0.001,0.133
91,40,0.001,0.002,0.125
91,41,0.0,0.001,0.128
91,42,0.0,0.001,0.129
91,43,0.001,0.002,0.123
91,44,0.001,0.002,0.124
91,45,0.001,0.003,0.12
91,46,0.0,0.001,0.135
91,47,0.003,0.007,0.111
91,48,0.001,0.003,0.124
91,49,0.0,0.001,0.141
91,50,0.001,0.002,0.127
91,51,0.001,0.003,0.123
91,52,0.002,0.005,0.119
91,53,0.003,0.008,0.113
91,54,0.001,0.003,0.125
91,55,0.002,0.005,0.12
91,56,0.003,0.008,0.114
91,57,0.005,0.011,0.111
91,58,0.004,0.009,0.114
91,59,0.002,0.005,0.124
91,60,0.008,0.017,0.106
91,61,0.011,0.022,0.102
91,62,0.001,0.003,0.131
91,63,0.002,0.006,0.123
91,64,0.004,0.009,0.117
91,65,0.007,0.016,0.11
91,66,0.012,0.024,0.103
91,67,0.009,0.019,0.108
91,68,0.007,0.014,0.113
91,69,0.003,0.007,0.124
91,7,0.0,0.0,0.144
91,70,0.001,0.004,0.135
91,71,0.002,0.004,0.134
91,72,0.001,0.003,0.138
91,73,0.001,0.004,0.137
91,74,0.002,0.005,0.132
91,75,0.001,0.002,0.144
91,76,0.001,0.003,0.14
91,77,0.001,0.003,0.144
91,78,0.001,0.003,0.141
91,79,0.001,0.003,0.145
91,8,0.0,0.001,0.138
91,80,0.002,0.005,0.137
91,81,0.002,0.005,0.137
91,82,0.001,0.003,0.146
91,83,0.001,0.004,0.143
91,84,0.002,0.005,0.138
91,85,0.001,0.004,0.141
91,86,0.001,0.002,0.149
91,87,0.0,0.001,0.161
91,88,0.001,0.002,0.152
91,89,0.0,0.001,0.157
91,9,0.0,0.001,0.131
91,90,0.0,0.001,0.161
91,91,0.0,0.001,0.164
91,92,0.0,0.001,0.172
91,93,0.0,0.001,0.166
91,94,0.001,0.002,0.157
91,95,0.0,0.001,0.161
91,96,0.0,0.001,0.167
91,97,0.0,0.001,0.165
91,98,0.0,0.001,0.171
91,99,0.0,0.001,0.17
92,10,0.0,0.001,0.135
92,100,0.001,0.002,0.157
92,101,0.0,0.001,0.161
92,102,0.0,0.0,0.175
92,103,0.0,0.0,0.178
92,104,0.0,0.0,0.179
92,105,0.0,0.001,0.173
92,106,0.0,0.001,0.172
92,107,0.0,0.001,0.168
92,108,0.0,0.001,0.172
92,109,0.0,0.0,0.187
92,11,0.0,0.001,0.133
92,110,0.0,0.0,0.184
92,111,0.0,0.001,0.168
92,112,0.0,0.0,0.177
92,113,0.0,0.0,0.182
92,114,0.0,0.0,0.179
92,115,0.0,0.0,0.193
92,116,0.0,0.0,0.192
92,117,0.0,0.0,0.185
92,118,0.0,0.0,0.181
92,119,0.0,0.0,0.187
92,12,0.0,0.001,0.134
92,120,0.0,0.0,0.216
92,121,0.0,0.0,0.206
92,122,0.0,0.0,0.199
92,123,0.0,0.0,0.197
92,124,0.0,0.0,0.197
92,125,0.0,0.0,0.213
92,126,0.0,0.0,0.204
92,127,0.0,0.0,0.206
92,128,0.0,0.0,0.201
92,129,0.0,0.0,0.208
92,13,0.0,0.0,0.138
92,130,0.0,0.0,0.211
92,131,0.0,0.0,0.211
92,132,0.0,0.0,0.204
92,133,0.0,0.0,0.195
92,134,0.0,0.0,0.204
92,135,0.0,0.0,0.203
92,136,0.0,0.0,0.198
92,137,0.0,0.0,0.197
92,138,0.0,0.0,0.208
92,139,0.0,0.0,0.204
92,14,0.0,0.0,0.138
92,140,0.0,0.0,0.206
92,141,0.0,0.0,0.204
92,142,0.0,0.0,0.197
92,143,0.0,0.0,0.188
92,144,0.0,0.0,0.189
92,145,0.0,0.0,0.194
92,146,0.0,0.0,0.215
92,147,0.0,0.0,0.209
92,148,0.0,0.0,0.208
92,149,0.0,0.0,0.215
92,15,0.0,0.0,0.134
92,150,0.0,0.0,0.203
92,151,0.0,0.0,0.188
92,152,0.0,0.0,0.183
92,153,0.0,0.0,0.195
92,154,0.0,0.0,0.199
92,155,0.0,0.0,0.195
92,156,0.0,0.0,0.201
92,157,0.0,0.0,0.202
92,158,0.0,0.0,0.189
92,159,0.0,0.0,0.194
92,16,0.0,0.0,0.137
92,160,0.0,0.0,0.194
92,161,0.0,0.0,0.185
92,162,0.0,0.0,0.197
92,163,0.0,0.0,0.21
92,164,0.0,0.0,0.203
92,165,0.0,0.0,0.197
92,166,0.0,0.0,0.193
92,167,0.0,0.0,0.193
92,168,0.0,0.0,0.201
92,169,0.0,0.0,0.201
92,17,0.0,0.0,0.142
92,170,0.0,0.0,0.205
92,171,0.0,0.0,0.2
92,172,0.0,0.0,0.209
92,173,0.0,0.0,0.2
92,174,0.0,0.0,0.203
92,175,0.0,0.0,0.207
92,176,0.0,0.0,0.205
92,177,0.0,0.0,0.197
92,178,0.0,0.0,0.193
92,179,0.0,0.0,0.2
92,18,0.0,0.001,0.13
92,180,0.0,0.0,0.188
92,181,0.0,0.0,0.193
92,182,0.0,0.0,0.19
92,183,0.0,0.0,0.194
92,184,0.0,0.0,0.195
92,185,0.0,0.0,0.184
92,186,0.0,0.0,0.182
92,187,0.0,0.0,0.187
92,188,0.0,0.0,0.18
92,189,0.0,0.001,0.176
92,19,0.0,0.0,0.135
92,190,0.0,0.0,0.188
92,191,0.0,0.0,0.186
92,192,0.0,0.0,0.177
92,193,0.0,0.0,0.179
92,194,0.0,0.0,0.177
92,195,0.0,0.001,0.171
92,196,0.0,0.001,0.166
92,197,0.0,0.002,0.159
92,198,0.0,0.001,0.164
92,199,0.0,0.001,0.174
92,20,0.0,0.001,0.129
92,200,0.0,0.001,0.174
92,201,0.0,0.001,0.166
92,202,0.001,0.002,0.159
92,203,0.0,0.001,0.161
92,204,0.001,0.003,0.151
92,205,0.001,0.002,0.155
92,206,0.001,0.003,0.152
92,207,0.001,0.002,0.156
92,208,0.001,0.003,0.153
92,209,0.001,0.003,0.154
92,21,0.0,0.0,0.137
92,210,0.002,0.006,0.143
92,211,0.002,0.006,0.144
92,212,0.004,0.01,0.135
92,213,0.003,0.008,0.14
92,214,0.004,0.009,0.138
92,215,0.01,0.021,0.124
92,216,0.016,0.031,0.117
92,217,0.007,0.015,0.132
92,218,0.011,0.022,0.125
92,219,0.007,0.016,0.132
92,22,0.001,0.002,0.12
92,220,0.009,0.019,0.13
92,221,0.007,0.016,0.135
92,222,0.008,0.018,0.134
92,223,0.011,0.022,0.132
92,224,0.011,0.022,0.133
92,225,0.008,0.016,0.141
92,226,0.01,0.021,0.136
92,227,0.015,0.029,0.131
92,228,0.012,0.024,0.137
92,229,0.016,0.032,0.132
92,23,0.0,0.001,0.129
92,230,0.012,0.024,0.14
92,231,0.023,0.042,0.128
92,232,0.016,0.032,0.137
92,233,0.017,0.032,0.138
92,234,0.013,0.026,0.145
92,235,0.009,0.019,0.154
92,236,0.007,0.016,0.16
92,237,0.013,0.026,0.149
92,238,0.01,0.02,0.157
92,239,0.01,0.021,0.158
92,24,0.0,0.001,0.13
92,240,0.007,0.016,0.167
92,241,0.005,0.012,0.173
92,242,0.005,0.011,0.177
92,243,0.003,0.007,0.189
92,244,0.002,0.006,0.196
92,245,0.002,0.006,0.198
92,246,0.002,0.006,0.2
92,247,0.002,0.005,0.207
92,248,0.001,0.003,0.215
92,249,0.001,0.003,0.221
92,25,0.0,0.0,0.133
92,250,0.002,0.004,0.212
92,251,0.001,0.004,0.217
92,26,0.0,0.001,0.126
92,27,0.0,0.001,0.129
92,28,0.0,0.0,0.136
92,29,0.0,0.001,0.124
92,30,0.001,0.003,0.114
92,31,0.0,0.001,0.131
92,32,0.0,0.001,0.13
92,33,0.001,0.002,0.119
92,34,0.001,0.002,0.12
92,35,0.001,0.003,0.118
92,36,0.0,0.001,0.13
92,37,0.0,0.001,0.133
92,38,0.0,0.001,0.135
92,39,0.0,0.001,0.132
92,40,0.002,0.006,0.109
92,41,0.001,0.004,0.115
92,42,0.002,0.004,0.114
92,43,0.002,0.006,0.111
92,44,0.003,0.008,0.107
92,45,0.001,0.002,0.124
92,46,0.003,0.008,0.108
92,47,0.001,0.003,0.119
92,48,0.001,0.003,0.124
92,49,0.001,0.004,0.119
92,50,0.001,0.004,0.121
92,51,0.001,0.004,0.12
92,52,0.001,0.002,0.129
92,53,0.0,0.001,0.135
92,54,0.001,0.002,0.128
92,55,0.003,0.008,0.114
92,56,0.0,0.002,0.135
92,57,0.0,0.001,0.14
92,58,0.002,0.004,0.124
92,59,0.001,0.002,0.133
92,60,0.001,0.003,0.129
92,61,0.001,0.003,0.132
92,62,0.002,0.005,0.124
92,63,0.001,0.002,0.136
92,64,0.002,0.004,0.128
92,65,0.002,0.005,0.125
92,66,0.002,0.005,0.126
92,67,0.001,0.004,0.131
92,68,0.001,0.004,0.133
92,69,0.003,0.007,0.124
92,7,0.0,0.0,0.144
92,70,0.001,0.004,0.133
92,71,0.002,0.005,0.131
92,72,0.002,0.005,0.132
92,73,0.002,0.005,0.131
92,74,0.004,0.01,0.122
92,75,0.001,0.003,0.139
92,76,0.001,0.003,0.14
92,77,0.004,0.01,0.123
92,78,0.002,0.004,0.137
92,79,0.001,0.002,0.145
92,8,0.0,0.001,0.13
92,80,0.001,0.002,0.148
92,81,0.001,0.003,0.145
92,82,0.002,0.005,0.138
92,83,0.001,0.002,0.152
92,84,0.0,0.002,0.155
92,85,0.001,0.002,0.153
92,86,0.0,0.001,0.16
92,87,0.001,0.003,0.147
92,88,0.003,0.007,0.134
92,89,0.001,0.002,0.154
92,9,0.0,0.001,0.134
92,90,0.0,0.001,0.159
92,91,0.001,0.002,0.155
92,92,0.0,0.002,0.158
92,93,0.0,0.001,0.16
92,94,0.0,0.001,0.16
92,95,0.0,0.001,0.169
92,96,0.0,0.001,0.174
92,97,0.0,0.001,0.163
92,98,0.0,0.001,0.163
92,99,0.001,0.002,0.154
93,10,0.001,0.003,0.118
93,100,0.0,0.002,0.159
93,101,0.0,0.001,0.163
93,102,0.0,0.001,0.161
93,103,0.0,0.001,0.167
93,104,0.0,0.001,0.165
93,105,0.0,0.001,0.163
93,106,0.0,0.002,0.161
93,107,0.0,0.002,0.16
93,108,0.001,0.003,0.151
93,109,0.001,0.002,0.158
93,11,0.001,0.003,0.115
93,110,0.001,0.002,0.156
93,111,0.001,0.002,0.159
93,112,0.001,0.002,0.156
93,113,0.0,0.001,0.164
93,114,0.0,0.001,0.171
93,115,0.0,0.001,0.171
93,116,0.0,0.001,0.168
93,117,0.0,0.001,0.168
93,118,0.0,0.001,0.174
93,119,0.0,0.001,0.169
93,12,0.0,0.0,0.136
93,120,0.0,0.001,0.177
93,121,0.0,0.001,0.177
93,122,0.0,0.0,0.18
93,123,0.0,0.0,0.197
93,124,0.0,0.0,0.191
93,125,0.0,0.0,0.197
93,126,0.0,0.0,0.19
93,127,0.0,0.0,0.192
93,128,0.0,0.0,0.196
93,129,0.0,0.0,0.197
93,13,0.001,0.002,0.117
93,130,0.0,0.0,0.191
93,131,0.0,0.0,0.19
93,132,0.0,0.0,0.183
93,133,0.0,0.0,0.194
93,134,0.0,0.001,0.181
93,135,0.0,0.0,0.193
93,136,0.0,0.0,0.194
93,137,0.0,0.0,0.201
93,138,0.0,0.0,0.2
93,139,0.0,0.0,0.195
93,14,0.0,0.001,0.125
93,140,0.0,0.0,0.186
93,141,0.0,0.0,0.187
93,142,0.0,0.0,0.191
93,143,0.0,0.0,0.192
93,144,0.0,0.0,0.199
93,145,0.0,0.0,0.196
93,146,0.0,0.0,0.205
93,147,0.0,0.0,0.197
93,148,0.0,0.0,0.199
93,149,0.0,0.0,0.193
93,15,0.001,0.002,0.115
93,150,0.0,0.0,0.188
93,151,0.0,0.0,0.189
93,152,0.0,0.0,0.191
93,153,0.0,0.001,0.183
93,154,0.0,0.0,0.189
93,155,0.0,0.0,0.188
93,156,0.0,0.0,0.193
93,157,0.0,0.0,0.188
93,158,0.0,0.001,0.179
93,159,0.0,0.0,0.187
93,16,0.0,0.0,0.134
93,160,0.0,0.001,0.175
93,161,0.0,0.001,0.172
93,162,0.001,0.002,0.164
93,163,0.0,0.001,0.176
93,164,0.0,0.001,0.17
93,165,0.001,0.002,0.161
93,166,0.001,0.003,0.16
93,167,0.0,0.001,0.174
93,168,0.0,0.001,0.176
93,169,0.0,0.001,0.173
93,17,0.0,0.0,0.133
93,170,0.0,0.0,0.184
93,171,0.0,0.001,0.172
93,172,0.0,0.001,0.173
93,173,0.0,0.001,0.173
93,174,0.0,0.001,0.169
93,175,0.0,0.0,0.183
93,176,0.0,0.001,0.18
93,177,0.0,0.0,0.189
93,178,0.0,0.0,0.189
93,179,0.0,0.0,0.181
93,18,0.001,0.002,0.115
93,180,0.0,0.001,0.174
93,181,0.0,0.001,0.167
93,182,0.0,0.001,0.167
93,183,0.001,0.002,0.162
93,184,0.0,0.001,0.166
93,185,0.0,0.001,0.17
93,186,0.0,0.001,0.171
93,187,0.001,0.002,0.157
93,188,0.001,0.002,0.156
93,189,0.001,0.004,0.148
93,19,0.0,0.001,0.122
93,190,0.001,0.003,0.153
93,191,0.001,0.003,0.154
93,192,0.001,0.003,0.149
93,193,0.002,0.005,0.143
93,194,0.004,0.009,0.133
93,195,0.001,0.002,0.153
93,196,0.001,0.002,0.154
93,197,0.001,0.003,0.151
93,198,0.001,0.002,0.157
93,199,0.001,0.002,0.155
93,20,0.002,0.005,0.107
93,200,0.001,0.002,0.159
93,201,0.001,0.002,0.155
93,202,0.002,0.004,0.145
93,203,0.001,0.004,0.147
93,204,0.003,0.007,0.139
93,205,0.003,0.006,0.14
93,206,0.003,0.008,0.136
93,207,0.004,0.009,0.134
93,208,0.005,0.011,0.132
93,209,0.005,0.012,0.131
93,21,0.001,0.004,0.111
93,210,0.005,0.012,0.132
93,211,0.007,0.016,0.127
93,212,0.002,0.004,0.15
93,213,0.004,0.009,0.139
93,214,0.008,0.017,0.128
93,215,0.004,0.01,0.139
93,216,0.005,0.011,0.139
93,217,0.007,0.015,0.134
93,218,0.011,0.022,0.127
93,219,0.006,0.014,0.137
93,22,0.001,0.002,0.116
93,220,0.012,0.024,0.127
93,221,0.016,0.032,0.123
93,222,0.007,0.016,0.138
93,223,0.012,0.024,0.132
93,224,0.034,0.059,0.112
93,225,0.012,0.024,0.134
93,226,0.009,0.018,0.141
93,227,0.01,0.021,0.139
93,228,0.011,0.022,0.14
93,229,0.007,0.016,0.149
93,23,0.001,0.002,0.116
93,230,0.009,0.018,0.148
93,231,0.011,0.023,0.144
93,232,0.01,0.02,0.149
93,233,0.007,0.015,0.157
93,234,0.014,0.028,0.144
93,235,0.013,0.026,0.148
93,236,0.01,0.02,0.155
93,237,0.009,0.019,0.158
93,238,0.011,0.022,0.156
93,239,0.007,0.016,0.165
93,24,0.0,0.001,0.125
93,240,0.009,0.018,0.164
93,241,0.004,0.009,0.181
93,242,0.007,0.015,0.172
93,243,0.003,0.008,0.188
93,244,0.004,0.009,0.186
93,245,0.003,0.006,0.196
93,246,0.004,0.009,0.188
93,247,0.003,0.006,0.2
93,248,0.002,0.005,0.208
93,249,0.001,0.003,0.217
93,25,0.0,0.001,0.124
93,250,0.001,0.002,0.227
93,251,0.001,0.004,0.216
93,26,0.002,0.005,0.106
93,27,0.001,0.002,0.117
93,28,0.0,0.001,0.124
93,29,0.0,0.001,0.126
93,30,0.001,0.002,0.118
93,31,0.0,0.001,0.123
93,32,0.001,0.002,0.117
93,33,0.0,0.002,0.121
93,34,0.001,0.003,0.115
93,35,0.001,0.002,0.118
93,36,0.0,0.001,0.123
93,37,0.001,0.003,0.116
93,38,0.0,0.001,0.125
93,39,0.0,0.001,0.129
93,40,0.0,0.002,0.124
93,41,0.0,0.001,0.13
93,42,0.002,0.005,0.11
93,43,0.002,0.005,0.11
93,44,0.001,0.003,0.118
93,45,0.0,0.001,0.127
93,46,0.003,0.008,0.107
93,47,0.002,0.006,0.112
93,48,0.002,0.005,0.115
93,49,0.007,0.016,0.099
93,50,0.003,0.008,0.108
93,51,0.004,0.01,0.107
93,52,0.002,0.005,0.115
93,53,0.002,0.005,0.118
93,54,0.002,0.005,0.117
93,55,0.002,0.005,0.117
93,56,0.003,0.008,0.113
93,57,0.001,0.003,0.125
93,58,0.001,0.004,0.122
93,59,0.002,0.005,0.121
93,60,0.002,0.005,0.121
93,61,0.002,0.006,0.119
93,62,0.002,0.004,0.125
93,63,0.002,0.005,0.124
93,64,0.001,0.003,0.132
93,65,0.001,0.002,0.135
93,66,0.002,0.005,0.125
93,67,0.002,0.005,0.126
93,68,0.002,0.005,0.126
93,69,0.002,0.004,0.13
93,7,0.002,0.005,0.115
93,70,0.001,0.004,0.132
93,71,0.001,0.004,0.133
93,72,0.002,0.004,0.133
93,73,0.003,0.006,0.127
93,74,0.002,0.005,0.131
93,75,0.002,0.005,0.132
93,76,0.002,0.005,0.132
93,77,0.001,0.004,0.137
93,78,0.002,0.005,0.133
93,79,0.002,0.006,0.132
93,8,0.001,0.003,0.117
93,80,0.001,0.004,0.14
93,81,0.001,0.004,0.14
93,82,0.001,0.003,0.144
93,83,0.002,0.006,0.134
93,84,0.001,0.003,0.145
93,85,0.001,0.002,0.149
93,86,0.002,0.004,0.14
93,87,0.001,0.003,0.144
93,88,0.001,0.003,0.144
93,89,0.001,0.003,0.147
93,9,0.001,0.004,0.115
93,90,0.001,0.002,0.15
93,91,0.001,0.002,0.152
93,92,0.002,0.005,0.14
93,93,0.003,0.007,0.136
93,94,0.002,0.006,0.138
93,95,0.001,0.004,0.144
93,96,0.001,0.002,0.152
93,97,0.001,0.003,0.152
93,98,0.001,0.002,0.155
93,99,0.001,0.003,0.152
94,10,0.001,0.004,0.112
94,100,0.0,0.001,0.166
94,101,0.0,0.001,0.162
94,102,0.0,0.001,0.169
94,103,0.0,0.001,0.171
94,104,0.001,0.002,0.159
94,105,0.001,0.002,0.156
94,106,0.001,0.002,0.158
94,107,0.001,0.002,0.159
94,108,0.0,0.001,0.167
94,109,0.0,0.001,0.165
94,11,0.001,0.004,0.112
94,110,0.0,0.001,0.166
94,111,0.0,0.001,0.169
94,112,0.001,0.002,0.159
94,113,0.0,0.001,0.169
94,114,0.0,0.0,0.187
94,115,0.0,0.001,0.174
94,116,0.0,0.001,0.177
94,117,0.0,0.001,0.171
94,118,0.0,0.001,0.173
94,119,0.0,0.0,0.184
94,12,0.001,0.002,0.119
94,120,0.0,0.0,0.187
94,121,0.0,0.001,0.177
94,122,0.0,0.0,0.186
94,123,0.0,0.0,0.192
94,124,0.0,0.0,0.19
94,125,0.0,0.0,0.188
94,126,0.0,0.0,0.2
94,127,0.0,0.0,0.203
94,128,0.0,0.0,0.2
94,129,0.0,0.0,0.2
94,13,0.001,0.002,0.117
94,130,0.0,0.0,0.201
94,131,0.0,0.0,0.198
94,132,0.0,0.0,0.194
94,133,0.0,0.0,0.196
94,134,0.0,0.0,0.193
94,135,0.0,0.001,0.18
94,136,0.0,0.001,0.18
94,137,0.0,0.0,0.185
94,138,0.0,0.0,0.186
94,139,0.0,0.0,0.198
94,14,0.001,0.002,0.118
94,140,0.0,0.0,0.187
94,141,0.0,0.001,0.18
94,142,0.0,0.0,0.189
94,143,0.0,0.0,0.187
94,144,0.0,0.001,0.178
94,145,0.0,0.001,0.181
94,146,0.0,0.001,0.174
94,147,0.0,0.0,0.193
94,148,0.0,0.0,0.198
94,149,0.0,0.0,0.184
94,15,0.0,0.001,0.122
94,150,0.0,0.001,0.183
94,151,0.0,0.001,0.174
94,152,0.0,0.001,0.17
94,153,0.0,0.001,0.175
94,154,0.0,0.0,0.185
94,155,0.0,0.001,0.173
94,156,0.0,0.001,0.172
94,157,0.0,0.001,0.173
94,158,0.0,0.001,0.179
94,159,0.0,0.0,0.188
94,16,0.0,0.001,0.13
94,160,0.0,0.001,0.175
94,161,0.0,0.001,0.177
94,162,0.0,0.001,0.181
94,163,0.0,0.001,0.183
94,164,0.0,0.0,0.198
94,165,0.0,0.001,0.182
94,166,0.0,0.001,0.181
94,167,0.0,0.0,0.19
94,168,0.0,0.0,0.191
94,169,0.0,0.0,0.183
94,17,0.0,0.001,0.12
94,170,0.0,0.001,0.178
94,171,0.0,0.001,0.179
94,172,0.0,0.0,0.189
94,173,0.0,0.0,0.196
94,174,0.0,0.0,0.188
94,175,0.0,0.001,0.178
94,176,0.0,0.0,0.182
94,177,0.0,0.001,0.178
94,178,0.0,0.0,0.182
94,179,0.0,0.001,0.175
94,18,0.0,0.0,0.135
94,180,0.0,0.001,0.167
94,181,0.0,0.001,0.175
94,182,0.0,0.0,0.187
94,183,0.0,0.001,0.174
94,184,0.0,0.0,0.179
94,185,0.0,0.002,0.161
94,186,0.001,0.002,0.16
94,187,0.0,0.001,0.162
94,188,0.0,0.001,0.163
94,189,0.001,0.003,0.151
94,19,0.0,0.001,0.121
94,190,0.001,0.002,0.156
94,191,0.001,0.003,0.149
94,192,0.0,0.001,0.164
94,193,0.001,0.004,0.146
94,194,0.003,0.007,0.135
94,195,0.002,0.004,0.143
94,196,0.0,0.001,0.16
94,197,0.001,0.003,0.151
94,198,0.004,0.009,0.132
94,199,0.002,0.005,0.141
94,20,0.001,0.003,0.11
94,200,0.002,0.004,0.145
94,201,0.001,0.004,0.146
94,202,0.001,0.003,0.15
94,203,0.002,0.005,0.142
94,204,0.002,0.004,0.146
94,205,0.002,0.005,0.143
94,206,0.002,0.006,0.142
94,207,0.002,0.005,0.146
94,208,0.002,0.004,0.147
94,209,0.001,0.004,0.152
94,21,0.0,0.001,0.126
94,210,0.003,0.008,0.139
94,211,0.003,0.007,0.143
94,212,0.003,0.006,0.146
94,213,0.001,0.003,0.157
94,214,0.006,0.013,0.135
94,215,0.003,0.008,0.144
94,216,0.003,0.007,0.147
94,217,0.006,0.012,0.139
94,218,0.003,0.008,0.149
94,219,0.003,0.008,0.151
94,22,0.0,0.001,0.122
94,220,0.004,0.01,0.147
94,221,0.005,0.012,0.144
94,222,0.007,0.016,0.141
94,223,0.009,0.019,0.138
94,224,0.015,0.029,0.131
94,225,0.018,0.035,0.128
94,226,0.029,0.052,0.119
94,227,0.015,0.029,0.135
94,228,0.017,0.033,0.133
94,229,0.034,0.059,0.12
94,23,0.0,0.001,0.122
94,230,0.023,0.042,0.13
94,231,0.016,0.032,0.139
94,232,0.023,0.043,0.132
94,233,0.014,0.027,0.145
94,234,0.018,0.033,0.141
94,235,0.014,0.027,0.148
94,236,0.027,0.049,0.134
94,237,0.014,0.028,0.15
94,238,0.013,0.026,0.153
94,239,0.008,0.018,0.164
94,24,0.001,0.002,0.115
94,240,0.008,0.016,0.167
94,241,0.007,0.016,0.17
94,242,0.01,0.02,0.164
94,243,0.004,0.01,0.183
94,244,0.002,0.005,0.2
94,245,0.002,0.004,0.205
94,246,0.002,0.006,0.199
94,247,0.001,0.004,0.213
94,248,0.001,0.002,0.223
94,249,0.0,0.001,0.236
94,25,0.0,0.0,0.137
94,250,0.0,0.001,0.239
94,251,0.0,0.001,0.239
94,26,0.0,0.001,0.124
94,27,0.0,0.001,0.124
94,28,0.0,0.0,0.136
94,29,0.0,0.001,0.129
94,30,0.0,0.0,0.131
94,31,0.0,0.001,0.126
94,32,0.0,0.0,0.133
94,33,0.0,0.0,0.134
94,34,0.0,0.001,0.125
94,35,0.001,0.002,0.119
94,36,0.0,0.001,0.128
94,37,0.0,0.001,0.129
94,38,0.001,0.003,0.117
94,39,0.001,0.002,0.122
94,40,0.0,0.001,0.124
94,41,0.001,0.002,0.121
94,42,0.001,0.002,0.119
94,43,0.0,0.002,0.125
94,44,0.001,0.002,0.12
94,45,0.001,0.003,0.119
94,46,0.001,0.003,0.119
94,47,0.003,0.008,0.106
94,48,0.005,0.01,0.104
94,49,0.004,0.008,0.107
94,50,0.006,0.013,0.102
94,51,0.002,0.005,0.115
94,52,0.005,0.011,0.105
94,53,0.011,0.023,0.095
94,54,0.009,0.02,0.098
94,55,0.006,0.013,0.105
94,56,0.006,0.013,0.105
94,57,0.006,0.014,0.105
94,58,0.028,0.051,0.085
94,59,0.018,0.034,0.092
94,60,0.011,0.023,0.099
94,61,0.006,0.014,0.107
94,62,0.013,0.026,0.097
94,63,0.011,0.022,0.101
94,64,0.013,0.026,0.099
94,65,0.003,0.008,0.117
94,66,0.005,0.012,0.112
94,67,0.007,0.015,0.109
94,68,0.011,0.022,0.103
94,69,0.006,0.013,0.113
94,7,0.001,0.003,0.117
94,70,0.008,0.018,0.109
94,71,0.005,0.011,0.116
94,72,0.007,0.016,0.111
94,73,0.004,0.01,0.119
94,74,0.003,0.008,0.124
94,75,0.003,0.007,0.127
94,76,0.002,0.005,0.131
94,77,0.004,0.008,0.124
94,78,0.004,0.009,0.124
94,79,0.003,0.007,0.129
94,8,0.001,0.002,0.121
94,80,0.003,0.008,0.127
94,81,0.002,0.006,0.133
94,82,0.002,0.005,0.134
94,83,0.002,0.006,0.133
94,84,0.004,0.009,0.127
94,85,0.001,0.003,0.145
94,86,0.002,0.005,0.137
94,87,0.001,0.003,0.144
94,88,0.004,0.009,0.129
94,89,0.002,0.005,0.139
94,9,0.001,0.002,0.119
94,90,0.003,0.007,0.134
94,91,0.001,0.003,0.145
94,92,0.002,0.004,0.142
94,93,0.002,0.005,0.138
94,94,0.002,0.006,0.138
94,95,0.001,0.003,0.146
94,96,0.001,0.003,0.149
94,97,0.001,0.003,0.15
94,98,0.0,0.001,0.165
94,99,0.0,0.001,0.17
95,10,0.001,0.002,0.119
95,100,0.001,0.004,0.146
95,101,0.002,0.006,0.138
95,102,0.002,0.006,0.139
95,103,0.002,0.006,0.139
95,104,0.002,0.005,0.141
95,105,0.001,0.004,0.146
95,106,0.001,0.003,0.153
95,107,0.001,0.003,0.153
95,108,0.004,0.009,0.133
95,109,0.003,0.006,0.14
95,11,0.004,0.009,0.1
95,110,0.002,0.005,0.145
95,111,0.003,0.007,0.139
95,112,0.002,0.004,0.147
95,113,0.001,0.003,0.152
95,114,0.002,0.005,0.146
95,115,0.001,0.003,0.156
95,116,0.001,0.002,0.159
95,117,0.001,0.002,0.162
95,118,0.0,0.001,0.167
95,119,0.001,0.003,0.156
95,12,0.003,0.007,0.103
95,120,0.001,0.003,0.155
95,121,0.001,0.002,0.159
95,122,0.001,0.002,0.162
95,123,0.001,0.004,0.152
95,124,0.001,0.002,0.16
95,125,0.001,0.002,0.158
95,126,0.001,0.002,0.162
95,127,0.0,0.001,0.166
95,128,0.001,0.002,0.164
95,129,0.001,0.002,0.164
95,13,0.004,0.01,0.098
95,130,0.0,0.001,0.177
95,131,0.001,0.002,0.163
95,132,0.001,0.003,0.158
95,133,0.002,0.004,0.151
95,134,0.001,0.003,0.156
95,135,0.001,0.002,0.166
95,136,0.001,0.003,0.158
95,137,0.001,0.003,0.156
95,138,0.001,0.002,0.16
95,139,0.001,0.002,0.164
95,14,0.001,0.002,0.118
95,140,0.0,0.001,0.168
95,141,0.001,0.004,0.154
95,142,0.001,0.003,0.155
95,143,0.001,0.003,0.157
95,144,0.001,0.002,0.164
95,145,0.001,0.002,0.163
95,146,0.001,0.002,0.166
95,147,0.001,0.003,0.16
95,148,0.001,0.002,0.166
95,149,0.001,0.002,0.164
95,15,0.002,0.006,0.104
95,150,0.0,0.001,0.179
95,151,0.0,0.0,0.191
95,152,0.0,0.0,0.187
95,153,0.0,0.0,0.184
95,154,0.0,0.001,0.169
95,155,0.0,0.001,0.174
95,156,0.001,0.003,0.155
95,157,0.001,0.004,0.154
95,158,0.001,0.002,0.166
95,159,0.0,0.001,0.171
95,16,0.002,0.005,0.107
95,160,0.001,0.003,0.159
95,161,0.0,0.001,0.167
95,162,0.0,0.001,0.173
95,163,0.0,0.001,0.172
95,164,0.0,0.0,0.183
95,165,0.0,0.0,0.185
95,166,0.0,0.0,0.185
95,167,0.0,0.001,0.174
95,168,0.001,0.002,0.165
95,169,0.0,0.001,0.172
95,17,0.001,0.004,0.108
95,170,0.001,0.002,0.164
95,171,0.0,0.001,0.171
95,172,0.0,0.0,0.184
95,173,0.0,0.0,0.187
95,174,0.0,0.0,0.181
95,175,0.0,0.0,0.193
95,176,0.0,0.0,0.185
95,177,0.0,0.0,0.182
95,178,0.0,0.0,0.184
95,179,0.0,0.001,0.178
95,18,0.001,0.004,0.109
95,180,0.0,0.001,0.176
95,181,0.0,0.001,0.174
95,182,0.0,0.001,0.165
95,183,0.001,0.002,0.158
95,184,0.001,0.002,0.157
95,185,0.001,0.002,0.158
95,186,0.001,0.003,0.153
95,187,0.001,0.003,0.153
95,188,0.003,0.007,0.138
95,189,0.002,0.004,0.144
95,19,0.0,0.001,0.123
95,190,0.002,0.005,0.141
95,191,0.002,0.005,0.141
95,192,0.002,0.005,0.141
95,193,0.004,0.009,0.133
95,194,0.002,0.004,0.143
95,195,0.001,0.002,0.157
95,196,0.001,0.003,0.152
95,197,0.001,0.003,0.153
95,198,0.001,0.004,0.147
95,199,0.001,0.003,0.148
95,20,0.001,0.002,0.116
95,200,0.001,0.003,0.151
95,201,0.002,0.006,0.139
95,202,0.003,0.007,0.137
95,203,0.001,0.003,0.152
95,204,0.002,0.006,0.142
95,205,0.002,0.005,0.145
95,206,0.002,0.005,0.147
95,207,0.001,0.004,0.15
95,208,0.001,0.003,0.158
95,209,0.002,0.004,0.149
95,21,0.003,0.007,0.103
95,210,0.002,0.005,0.148
95,211,0.002,0.004,0.153
95,212,0.002,0.006,0.148
95,213,0.003,0.007,0.146
95,214,0.003,0.008,0.145
95,215,0.007,0.015,0.135
95,216,0.008,0.017,0.134
95,217,0.008,0.018,0.134
95,218,0.009,0.018,0.134
95,219,0.012,0.023,0.131
95,22,0.005,0.012,0.096
95,220,0.009,0.018,0.137
95,221,0.007,0.016,0.142
95,222,0.018,0.035,0.126
95,223,0.016,0.031,0.13
95,224,0.014,0.027,0.135
95,225,0.008,0.018,0.145
95,226,0.01,0.021,0.143
95,227,0.011,0.023,0.143
95,228,0.016,0.031,0.137
95,229,0.011,0.022,0.146
95,23,0.001,0.004,0.11
95,230,0.006,0.014,0.158
95,231,0.013,0.025,0.146
95,232,0.008,0.017,0.156
95,233,0.01,0.02,0.154
95,234,0.009,0.019,0.157
95,235,0.01,0.021,0.155
95,236,0.011,0.022,0.156
95,237,0.009,0.019,0.161
95,238,0.005,0.012,0.172
95,239,0.008,0.017,0.166
95,24,0.001,0.003,0.113
95,240,0.005,0.012,0.175
95,241,0.006,0.014,0.173
95,242,0.007,0.016,0.171
95,243,0.003,0.007,0.19
95,244,0.005,0.011,0.182
95,245,0.003,0.008,0.191
95,246,0.003,0.008,0.192
95,247,0.002,0.004,0.207
95,248,0.001,0.002,0.225
95,249,0.001,0.004,0.212
95,25,0.0,0.001,0.121
95,250,0.001,0.003,0.223
95,251,0.001,0.002,0.228
95,26,0.002,0.006,0.105
95,27,0.001,0.003,0.112
95,28,0.003,0.007,0.104
95,29,0.002,0.004,0.109
95,30,0.004,0.01,0.098
95,31,0.004,0.009,0.101
95,32,0.001,0.002,0.117
95,33,0.001,0.002,0.118
95,34,0.002,0.006,0.105
95,35,0.004,0.01,0.1
95,36,0.006,0.014,0.095
95,37,0.005,0.011,0.099
95,38,0.0,0.002,0.122
95,39,0.002,0.005,0.109
95,40,0.003,0.007,0.106
95,41,0.001,0.003,0.114
95,42,0.005,0.011,0.1
95,43,0.005,0.011,0.101
95,44,0.004,0.009,0.103
95,45,0.007,0.016,0.096
95,46,0.005,0.012,0.101
95,47,0.002,0.004,0.114
95,48,0.003,0.008,0.107
95,49,0.007,0.015,0.099
95,50,0.004,0.009,0.107
95,51,0.004,0.01,0.105
95,52,0.002,0.005,0.114
95,53,0.002,0.005,0.115
95,54,0.004,0.009,0.108
95,55,0.006,0.013,0.104
95,56,0.004,0.01,0.109
95,57,0.003,0.007,0.114
95,58,0.008,0.017,0.101
95,59,0.004,0.009,0.112
95,60,0.006,0.013,0.106
95,61,0.004,0.01,0.112
95,62,0.005,0.011,0.11
95,63,0.004,0.01,0.112
95,64,0.011,0.022,0.101
95,65,0.005,0.011,0.112
95,66,0.011,0.022,0.102
95,67,0.018,0.034,0.095
95,68,0.003,0.008,0.118
95,69,0.008,0.017,0.107
95,7,0.002,0.004,0.115
95,70,0.015,0.029,0.099
95,71,0.015,0.03,0.1
95,72,0.012,0.025,0.103
95,73,0.026,0.047,0.093
95,74,0.01,0.021,0.107
95,75,0.007,0.016,0.113
95,76,0.029,0.051,0.092
95,77,0.009,0.018,0.111
95,78,0.009,0.018,0.111
95,79,0.005,0.011,0.12
95,8,0.003,0.008,0.105
95,80,0.009,0.018,0.113
95,81,0.004,0.01,0.123
95,82,0.007,0.015,0.117
95,83,0.008,0.016,0.116
95,84,0.007,0.015,0.118
95,85,0.003,0.007,0.132
95,86,0.005,0.012,0.123
95,87,0.006,0.014,0.121
95,88,0.008,0.017,0.117
95,89,0.006,0.013,0.123
95,9,0.002,0.006,0.108
95,90,0.001,0.004,0.142
95,91,0.001,0.004,0.143
95,92,0.001,0.003,0.147
95,93,0.001,0.004,0.142
95,94,0.001,0.004,0.145
95,95,0.002,0.006,0.139
95,96,0.004,0.009,0.131
95,97,0.002,0.006,0.139
95,98,0.002,0.005,0.14
95,99,0.002,0.006,0.138
96,10,0.0,0.001,0.126
96,100,0.002,0.005,0.14
96,101,0.003,0.006,0.137
96,102,0.002,0.004,0.144
96,103,0.002,0.006,0.139
96,104,0.003,0.007,0.136
96,105,0.001,0.004,0.146
96,106,0.002,0.005,0.143
96,107,0.002,0.004,0.145
96,108,0.002,0.005,0.143
96,109,0.002,0.004,0.146
96,11,0.001,0.002,0.121
96,110,0.002,0.005,0.142
96,111,0.002,0.004,0.146
96,112,0.001,0.004,0.149
96,113,0.004,0.01,0.133
96,114,0.002,0.006,0.141
96,115,0.001,0.004,0.149
96,116,0.003,0.008,0.137
96,117,0.002,0.005,0.145
96,118,0.003,0.007,0.14
96,119,0.002,0.006,0.143
96,12,0.0,0.001,0.128
96,120,0.001,0.002,0.159
96,121,0.001,0.002,0.159
96,122,0.001,0.002,0.162
96,123,0.001,0.003,0.154
96,124,0.001,0.003,0.153
96,125,0.003,0.007,0.141
96,126,0.001,0.003,0.152
96,127,0.0,0.001,0.166
96,128,0.001,0.002,0.163
96,129,0.0,0.001,0.17
96,13,0.0,0.001,0.124
96,130,0.001,0.002,0.163
96,131,0.0,0.001,0.171
96,132,0.0,0.001,0.168
96,133,0.001,0.002,0.162
96,134,0.0,0.002,0.166
96,135,0.0,0.001,0.168
96,136,0.001,0.002,0.159
96,137,0.001,0.003,0.156
96,138,0.001,0.003,0.158
96,139,0.001,0.002,0.16
96,14,0.0,0.001,0.13
96,140,0.001,0.002,0.16
96,141,0.001,0.002,0.162
96,142,0.001,0.004,0.152
96,143,0.001,0.003,0.157
96,144,0.0,0.002,0.167
96,145,0.0,0.001,0.168
96,146,0.0,0.001,0.167
96,147,0.001,0.002,0.16
96,148,0.001,0.003,0.157
96,149,0.001,0.002,0.162
96,15,0.001,0.002,0.117
96,150,0.0,0.001,0.174
96,151,0.0,0.001,0.17
96,152,0.0,0.002,0.167
96,153,0.001,0.002,0.162
96,154,0.0,0.001,0.169
96,155,0.0,0.001,0.176
96,156,0.0,0.001,0.175
96,157,0.0,0.0,0.188
96,158,0.0,0.001,0.183
96,159,0.0,0.001,0.183
96,16,0.0,0.001,0.12
96,160,0.0,0.0,0.185
96,161,0.0,0.0,0.185
96,162,0.0,0.001,0.183
96,163,0.0,0.001,0.178
96,164,0.0,0.0,0.186
96,165,0.0,0.001,0.171
96,166,0.001,0.002,0.16
96,167,0.001,0.002,0.164
96,168,0.0,0.001,0.175
96,169,0.001,0.003,0.154
96,17,0.001,0.002,0.117
96,170,0.002,0.004,0.149
96,171,0.001,0.002,0.158
96,172,0.0,0.002,0.165
96,173,0.001,0.003,0.156
96,174,0.001,0.002,0.158
96,175,0.001,0.002,0.16
96,176,0.0,0.001,0.166
96,177,0.0,0.001,0.167
96,178,0.001,0.002,0.157
96,179,0.0,0.001,0.164
96,18,0.001,0.002,0.118
96,180,0.001,0.002,0.156
96,181,0.001,0.003,0.152
96,182,0.001,0.003,0.153
96,183,0.001,0.004,0.148
96,184,0.002,0.005,0.142
96,185,0.001,0.003,0.152
96,186,0.001,0.003,0.151
96,187,0.002,0.006,0.14
96,188,0.007,0.014,0.124
96,189,0.002,0.006,0.14
96,19,0.0,0.001,0.12
96,190,0.003,0.008,0.135
96,191,0.002,0.005,0.143
96,192,0.002,0.005,0.141
96,193,0.001,0.002,0.153
96,194,0.005,0.011,0.129
96,195,0.002,0.005,0.141
96,196,0.002,0.005,0.141
96,197,0.001,0.002,0.154
96,198,0.001,0.003,0.149
96,199,0.001,0.004,0.148
96,20,0.0,0.0,0.139
96,200,0.003,0.007,0.139
96,201,0.003,0.008,0.136
96,202,0.002,0.004,0.147
96,203,0.002,0.005,0.146
96,204,0.002,0.005,0.144
96,205,0.003,0.008,0.14
96,206,0.003,0.007,0.143
96,207,0.003,0.008,0.14
96,208,0.003,0.008,0.141
96,209,0.005,0.012,0.135
96,21,0.0,0.001,0.12
96,210,0.007,0.015,0.132
96,211,0.007,0.014,0.134
96,212,0.004,0.009,0.143
96,213,0.008,0.017,0.133
96,214,0.016,0.032,0.12
96,215,0.006,0.014,0.138
96,216,0.012,0.025,0.128
96,217,0.016,0.031,0.124
96,218,0.023,0.043,0.118
96,219,0.008,0.018,0.139
96,22,0.001,0.004,0.108
96,220,0.005,0.01,0.151
96,221,0.009,0.02,0.14
96,222,0.015,0.029,0.132
96,223,0.017,0.033,0.131
96,224,0.006,0.014,0.151
96,225,0.004,0.009,0.162
96,226,0.004,0.01,0.162
96,227,0.003,0.008,0.167
96,228,0.006,0.013,0.158
96,229,0.005,0.011,0.165
96,23,0.0,0.0,0.134
96,230,0.006,0.013,0.162
96,231,0.01,0.02,0.153
96,232,0.007,0.014,0.163
96,233,0.01,0.02,0.156
96,234,0.008,0.016,0.163
96,235,0.004,0.009,0.177
96,236,0.007,0.015,0.167
96,237,0.008,0.017,0.164
96,238,0.002,0.006,0.191
96,239,0.003,0.007,0.19
96,24,0.0,0.001,0.122
96,240,0.004,0.008,0.184
96,241,0.003,0.008,0.186
96,242,0.002,0.006,0.194
96,243,0.002,0.006,0.195
96,244,0.003,0.006,0.195
96,245,0.002,0.006,0.196
96,246,0.001,0.004,0.208
96,247,0.002,0.005,0.202
96,248,0.0,0.001,0.237
96,249,0.0,0.001,0.233
96,25,0.0,0.001,0.125
96,250,0.0,0.001,0.239
96,251,0.0,0.001,0.248
96,26,0.0,0.001,0.12
96,27,0.0,0.002,0.119
96,28,0.001,0.002,0.117
96,29,0.0,0.001,0.122
96,30,0.0,0.001,0.124
96,31,0.0,0.001,0.124
96,32,0.0,0.001,0.123
96,33,0.0,0.001,0.122
96,34,0.0,0.0,0.132
96,35,0.0,0.001,0.125
96,36,0.0,0.001,0.122
96,37,0.0,0.001,0.122
96,38,0.0,0.001,0.132
96,39,0.002,0.005,0.109
96,40,0.001,0.003,0.114
96,41,0.001,0.003,0.116
96,42,0.001,0.002,0.122
96,43,0.003,0.007,0.106
96,44,0.001,0.003,0.118
96,45,0.001,0.003,0.117
96,46,0.001,0.002,0.12
96,47,0.003,0.007,0.108
96,48,0.002,0.006,0.11
96,49,0.007,0.015,0.099
96,50,0.003,0.007,0.109
96,51,0.002,0.005,0.114
96,52,0.001,0.004,0.119
96,53,0.004,0.008,0.108
96,54,0.009,0.018,0.098
96,55,0.002,0.005,0.117
96,56,0.005,0.011,0.106
96,57,0.002,0.006,0.116
96,58,0.004,0.009,0.11
96,59,0.003,0.007,0.115
96,60,0.001,0.004,0.123
96,61,0.005,0.011,0.109
96,62,0.002,0.005,0.121
96,63,0.003,0.007,0.115
96,64,0.003,0.007,0.116
96,65,0.004,0.009,0.114
96,66,0.002,0.005,0.123
96,67,0.003,0.008,0.117
96,68,0.004,0.01,0.114
96,69,0.004,0.009,0.116
96,7,0.002,0.004,0.115
96,70,0.008,0.017,0.107
96,71,0.009,0.018,0.107
96,72,0.008,0.016,0.109
96,73,0.003,0.007,0.123
96,74,0.009,0.019,0.108
96,75,0.009,0.018,0.11
96,76,0.009,0.019,0.109
96,77,0.01,0.021,0.108
96,78,0.014,0.028,0.104
96,79,0.007,0.014,0.116
96,8,0.0,0.0,0.147
96,80,0.004,0.009,0.123
96,81,0.006,0.012,0.119
96,82,0.003,0.006,0.13
96,83,0.003,0.008,0.126
96,84,0.006,0.014,0.118
96,85,0.006,0.014,0.119
96,86,0.001,0.004,0.14
96,87,0.002,0.005,0.137
96,88,0.002,0.006,0.134
96,89,0.001,0.003,0.145
96,9,0.0,0.001,0.136
96,90,0.002,0.005,0.138
96,91,0.002,0.004,0.14
96,92,0.002,0.004,0.14
96,93,0.003,0.006,0.134
96,94,0.004,0.01,0.128
96,95,0.002,0.004,0.141
96,96,0.001,0.003,0.146
96,97,0.001,0.002,0.153
96,98,0.001,0.002,0.153
96,99,0.001,0.003,0.148
97,10,0.0,0.001,0.127
97,100,0.001,0.003,0.15
97,101,0.001,0.002,0.157
97,102,0.001,0.003,0.15
97,103,0.002,0.004,0.144
97,104,0.002,0.004,0.144
97,105,0.002,0.005,0.143
97,106,0.001,0.003,0.153
97,107,0.001,0.004,0.146
97,108,0.001,0.003,0.151
97,109,0.002,0.005,0.143
97,11,0.0,0.001,0.127
97,110,0.002,0.005,0.143
97,111,0.001,0.002,0.156
97,112,0.001,0.002,0.155
97,113,0.001,0.002,0.157
97,114,0.001,0.004,0.151
97,115,0.003,0.007,0.139
97,116,0.001,0.004,0.151
97,117,0.003,0.007,0.141
97,118,0.001,0.003,0.152
97,119,0.001,0.004,0.15
97,12,0.0,0.001,0.124
97,120,0.004,0.009,0.137
97,121,0.004,0.009,0.138
97,122,0.001,0.003,0.152
97,123,0.002,0.006,0.144
97,124,0.001,0.003,0.155
97,125,0.001,0.003,0.155
97,126,0.001,0.004,0.152
97,127,0.001,0.004,0.152
97,128,0.001,0.003,0.157
97,129,0.001,0.002,0.158
97,13,0.0,0.001,0.124
97,130,0.001,0.003,0.157
97,131,0.001,0.002,0.162
97,132,0.001,0.003,0.155
97,133,0.001,0.003,0.155
97,134,0.002,0.005,0.147
97,135,0.002,0.005,0.148
97,136,0.0,0.001,0.169
97,137,0.001,0.002,0.163
97,138,0.001,0.002,0.159
97,139,0.001,0.002,0.161
97,14,0.0,0.001,0.129
97,140,0.001,0.002,0.159
97,141,0.001,0.002,0.16
97,142,0.001,0.002,0.16
97,143,0.002,0.004,0.15
97,144,0.001,0.003,0.158
97,145,0.001,0.003,0.154
97,146,0.003,0.007,0.143
97,147,0.002,0.006,0.144
97,148,0.001,0.002,0.161
97,149,0.0,0.002,0.167
97,15,0.0,0.0,0.132
97,150,0.001,0.002,0.166
97,151,0.001,0.003,0.156
97,152,0.001,0.003,0.155
97,153,0.001,0.002,0.162
97,154,0.0,0.001,0.172
97,155,0.0,0.001,0.178
97,156,0.0,0.001,0.175
97,157,0.0,0.001,0.173
97,158,0.001,0.002,0.161
97,159,0.0,0.002,0.166
97,16,0.0,0.001,0.125
97,160,0.0,0.001,0.182
97,161,0.001,0.002,0.163
97,162,0.001,0.002,0.16
97,163,0.002,0.004,0.15
97,164,0.001,0.003,0.157
97,165,0.002,0.005,0.148
97,166,0.001,0.002,0.158
97,167,0.001,0.003,0.154
97,168,0.001,0.004,0.15
97,169,0.002,0.004,0.148
97,17,0.0,0.0,0.136
97,170,0.003,0.007,0.14
97,171,0.001,0.003,0.152
97,172,0.002,0.004,0.149
97,173,0.001,0.002,0.158
97,174,0.0,0.001,0.168
97,175,0.0,0.001,0.177
97,176,0.0,0.001,0.168
97,177,0.001,0.002,0.16
97,178,0.0,0.001,0.167
97,179,0.0,0.001,0.165
97,18,0.0,0.0,0.135
97,180,0.0,0.001,0.164
97,181,0.0,0.001,0.163
97,182,0.001,0.002,0.156
97,183,0.001,0.003,0.149
97,184,0.001,0.002,0.156
97,185,0.0,0.001,0.16
97,186,0.001,0.002,0.154
97,187,0.001,0.002,0.159
97,188,0.001,0.002,0.154
97,189,0.001,0.003,0.151
97,19,0.0,0.0,0.145
97,190,0.004,0.009,0.131
97,191,0.002,0.006,0.14
97,192,0.002,0.004,0.144
97,193,0.002,0.005,0.143
97,194,0.001,0.003,0.149
97,195,0.002,0.005,0.142
97,196,0.001,0.004,0.148
97,197,0.001,0.003,0.152
97,198,0.002,0.004,0.146
97,199,0.002,0.005,0.144
97,20,0.0,0.0,0.133
97,200,0.003,0.006,0.14
97,201,0.004,0.01,0.134
97,202,0.002,0.006,0.143
97,203,0.005,0.011,0.133
97,204,0.004,0.009,0.137
97,205,0.003,0.008,0.14
97,206,0.004,0.009,0.138
97,207,0.004,0.009,0.14
97,208,0.006,0.013,0.135
97,209,0.004,0.01,0.139
97,21,0.0,0.0,0.13
97,210,0.014,0.028,0.121
97,211,0.014,0.027,0.122
97,212,0.009,0.019,0.131
97,213,0.009,0.018,0.133
97,214,0.007,0.015,0.138
97,215,0.009,0.019,0.134
97,216,0.014,0.028,0.127
97,217,0.009,0.018,0.138
97,218,0.007,0.014,0.144
97,219,0.003,0.008,0.157
97,22,0.0,0.0,0.138
97,220,0.008,0.017,0.143
97,221,0.005,0.012,0.152
97,222,0.008,0.017,0.147
97,223,0.012,0.025,0.139
97,224,0.012,0.024,0.141
97,225,0.004,0.01,0.162
97,226,0.006,0.013,0.157
97,227,0.006,0.013,0.159
97,228,0.008,0.017,0.154
97,229,0.008,0.018,0.155
97,23,0.0,0.0,0.137
97,230,0.009,0.019,0.154
97,231,0.006,0.013,0.164
97,232,0.006,0.014,0.165
97,233,0.006,0.013,0.167
97,234,0.008,0.018,0.161
97,235,0.01,0.02,0.159
97,236,0.007,0.015,0.168
97,237,0.004,0.01,0.178
97,238,0.003,0.008,0.183
97,239,0.005,0.011,0.179
97,24,0.0,0.001,0.122
97,240,0.002,0.005,0.198
97,241,0.002,0.005,0.197
97,242,0.002,0.005,0.198
97,243,0.001,0.003,0.214
97,244,0.001,0.002,0.222
97,245,0.001,0.002,0.22
97,246,0.0,0.001,0.235
97,247,0.0,0.001,0.25
97,248,0.0,0.0,0.252
97,249,0.0,0.0,0.271
97,25,0.0,0.001,0.128
97,250,0.0,0.0,0.262
97,251,0.0,0.0,0.276
97,26,0.0,0.0,0.132
97,27,0.0,0.0,0.136
97,28,0.0,0.001,0.124
97,29,0.002,0.005,0.106
97,30,0.0,0.001,0.123
97,31,0.0,0.001,0.127
97,32,0.001,0.003,0.114
97,33,0.001,0.002,0.115
97,34,0.0,0.001,0.125
97,35,0.002,0.005,0.107
97,36,0.001,0.002,0.119
97,37,0.002,0.005,0.108
97,38,0.003,0.008,0.103
97,39,0.003,0.007,0.104
97,40,0.002,0.004,0.111
97,41,0.003,0.008,0.104
97,42,0.001,0.003,0.115
97,43,0.003,0.007,0.106
97,44,0.004,0.009,0.103
97,45,0.004,0.009,0.103
97,46,0.001,0.002,0.119
97,47,0.0,0.001,0.128
97,48,0.001,0.004,0.115
97,49,0.001,0.004,0.115
97,50,0.002,0.005,0.114
97,51,0.002,0.006,0.112
97,52,0.004,0.009,0.106
97,53,0.002,0.006,0.113
97,54,0.001,0.004,0.119
97,55,0.001,0.003,0.124
97,56,0.003,0.007,0.111
97,57,0.006,0.013,0.104
97,58,0.001,0.004,0.12
97,59,0.012,0.024,0.095
97,60,0.005,0.011,0.108
97,61,0.008,0.018,0.101
97,62,0.005,0.012,0.108
97,63,0.006,0.014,0.106
97,64,0.006,0.013,0.108
97,65,0.013,0.026,0.097
97,66,0.005,0.012,0.11
97,67,0.003,0.007,0.118
97,68,0.007,0.015,0.108
97,69,0.006,0.012,0.111
97,7,0.0,0.001,0.131
97,70,0.004,0.01,0.115
97,71,0.004,0.009,0.117
97,72,0.002,0.006,0.125
97,73,0.004,0.009,0.119
97,74,0.002,0.006,0.125
97,75,0.002,0.006,0.126
97,76,0.008,0.016,0.111
97,77,0.006,0.013,0.115
97,78,0.006,0.013,0.116
97,79,0.004,0.01,0.12
97,8,0.0,0.001,0.127
97,80,0.002,0.005,0.131
97,81,0.001,0.004,0.137
97,82,0.002,0.006,0.13
97,83,0.003,0.008,0.126
97,84,0.003,0.007,0.129
97,85,0.001,0.004,0.138
97,86,0.003,0.008,0.127
97,87,0.002,0.004,0.138
97,88,0.004,0.009,0.126
97,89,0.002,0.005,0.136
97,9,0.0,0.001,0.133
97,90,0.002,0.004,0.14
97,91,0.001,0.004,0.14
97,92,0.003,0.006,0.134
97,93,0.002,0.006,0.136
97,94,0.001,0.004,0.142
97,95,0.001,0.004,0.142
97,96,0.002,0.004,0.141
97,97,0.001,0.002,0.152
97,98,0.002,0.004,0.143
97,99,0.001,0.002,0.151
98,10,0.002,0.004,0.112
98,100,0.005,0.011,0.127
98,101,0.005,0.012,0.126
98,102,0.006,0.014,0.123
98,103,0.004,0.009,0.131
98,104,0.004,0.009,0.132
98,105,0.005,0.011,0.128
98,106,0.001,0.003,0.151
98,107,0.004,0.01,0.131
98,108,0.002,0.006,0.138
98,109,0.002,0.005,0.142
98,11,0.001,0.003,0.116
98,110,0.004,0.009,0.133
98,111,0.003,0.006,0.139
98,112,0.003,0.007,0.137
98,113,0.002,0.005,0.143
98,114,0.002,0.005,0.143
98,115,0.002,0.006,0.14
98,116,0.003,0.007,0.14
98,117,0.004,0.009,0.134
98,118,0.003,0.008,0.137
98,119,0.001,0.004,0.149
98,12,0.002,0.004,0.11
98,120,0.001,0.002,0.16
98,121,0.001,0.002,0.158
98,122,0.002,0.005,0.145
98,123,0.001,0.003,0.156
98,124,0.001,0.004,0.151
98,125,0.001,0.003,0.156
98,126,0.001,0.003,0.155
98,127,0.002,0.004,0.149
98,128,0.002,0.006,0.144
98,129,0.002,0.006,0.143
98,13,0.0,0.001,0.121
98,130,0.003,0.006,0.142
98,131,0.003,0.007,0.141
98,132,0.002,0.005,0.147
98,133,0.001,0.004,0.152
98,134,0.001,0.004,0.152
98,135,0.004,0.009,0.137
98,136,0.003,0.008,0.14
98,137,0.005,0.011,0.133
98,138,0.007,0.015,0.128
98,139,0.002,0.005,0.148
98,14,0.001,0.004,0.109
98,140,0.001,0.002,0.159
98,141,0.001,0.003,0.153
98,142,0.001,0.002,0.16
98,143,0.001,0.002,0.163
98,144,0.001,0.002,0.161
98,145,0.001,0.002,0.161
98,146,0.001,0.002,0.159
98,147,0.0,0.001,0.174
98,148,0.0,0.001,0.167
98,149,0.001,0.002,0.159
98,15,0.002,0.006,0.104
98,150,0.001,0.002,0.164
98,151,0.0,0.001,0.168
98,152,0.0,0.001,0.166
98,153,0.0,0.002,0.166
98,154,0.001,0.002,0.162
98,155,0.0,0.001,0.171
98,156,0.0,0.001,0.166
98,157,0.0,0.002,0.165
98,158,0.001,0.002,0.163
98,159,0.001,0.002,0.163
98,16,0.001,0.003,0.11
98,160,0.001,0.003,0.158
98,161,0.001,0.003,0.153
98,162,0.001,0.003,0.154
98,163,0.002,0.005,0.147
98,164,0.001,0.003,0.155
98,165,0.001,0.003,0.157
98,166,0.002,0.005,0.147
98,167,0.002,0.005,0.146
98,168,0.001,0.004,0.15
98,169,0.002,0.005,0.146
98,17,0.001,0.003,0.113
98,170,0.002,0.005,0.147
98,171,0.002,0.005,0.147
98,172,0.002,0.005,0.146
98,173,0.001,0.003,0.151
98,174,0.001,0.004,0.149
98,175,0.001,0.003,0.15
98,176,0.003,0.008,0.136
98,177,0.002,0.005,0.144
98,178,0.001,0.003,0.153
98,179,0.001,0.003,0.15
98,18,0.001,0.002,0.115
98,180,0.001,0.003,0.151
98,181,0.002,0.005,0.141
98,182,0.002,0.005,0.143
98,183,0.002,0.005,0.142
98,184,0.003,0.008,0.133
98,185,0.004,0.009,0.131
98,186,0.004,0.01,0.13
98,187,0.003,0.007,0.135
98,188,0.004,0.009,0.132
98,189,0.007,0.016,0.122
98,19,0.002,0.004,0.107
98,190,0.005,0.011,0.128
98,191,0.006,0.013,0.125
98,192,0.005,0.012,0.127
98,193,0.007,0.014,0.124
98,194,0.006,0.013,0.126
98,195,0.006,0.012,0.127
98,196,0.005,0.011,0.129
98,197,0.004,0.009,0.133
98,198,0.004,0.009,0.134
98,199,0.009,0.019,0.121
98,20,0.001,0.002,0.115
98,200,0.005,0.012,0.131
98,201,0.007,0.014,0.127
98,202,0.009,0.018,0.124
98,203,0.01,0.021,0.121
98,204,0.006,0.013,0.131
98,205,0.005,0.011,0.135
98,206,0.002,0.005,0.151
98,207,0.002,0.006,0.149
98,208,0.003,0.007,0.148
98,209,0.003,0.008,0.145
98,21,0.003,0.008,0.1
98,210,0.004,0.01,0.143
98,211,0.005,0.012,0.141
98,212,0.004,0.009,0.148
98,213,0.002,0.005,0.16
98,214,0.002,0.005,0.162
98,215,0.003,0.008,0.154
98,216,0.004,0.009,0.153
98,217,0.008,0.017,0.141
98,218,0.004,0.009,0.155
98,219,0.006,0.013,0.15
98,22,0.002,0.004,0.107
98,220,0.005,0.012,0.153
98,221,0.011,0.023,0.14
98,222,0.003,0.008,0.165
98,223,0.003,0.008,0.166
98,224,0.004,0.01,0.162
98,225,0.007,0.016,0.154
98,226,0.007,0.014,0.157
98,227,0.007,0.016,0.157
98,228,0.006,0.013,0.162
98,229,0.007,0.015,0.16
98,23,0.001,0.004,0.108
98,230,0.006,0.013,0.165
98,231,0.009,0.019,0.157
98,232,0.009,0.02,0.158
98,233,0.006,0.013,0.169
98,234,0.005,0.011,0.172
98,235,0.009,0.02,0.161
98,236,0.005,0.012,0.174
98,237,0.003,0.007,0.186
98,238,0.003,0.008,0.184
98,239,0.004,0.01,0.18
98,24,0.002,0.005,0.105
98,240,0.003,0.007,0.189
98,241,0.001,0.004,0.202
98,242,0.001,0.004,0.204
98,243,0.001,0.004,0.206
98,244,0.001,0.003,0.207
98,245,0.001,0.003,0.214
98,246,0.001,0.002,0.222
98,247,0.0,0.001,0.229
98,248,0.0,0.001,0.234
98,249,0.0,0.001,0.232
98,25,0.001,0.002,0.117
98,250,0.0,0.001,0.244
98,251,0.0,0.001,0.23
98,26,0.002,0.005,0.106
98,27,0.001,0.002,0.118
98,28,0.001,0.002,0.115
98,29,0.002,0.004,0.108
98,30,0.001,0.003,0.112
98,31,0.001,0.002,0.115
98,32,0.0,0.001,0.12
98,33,0.001,0.003,0.113
98,34,0.004,0.008,0.101
98,35,0.003,0.007,0.104
98,36,0.001,0.004,0.11
98,37,0.001,0.003,0.113
98,38,0.005,0.011,0.099
98,39,0.003,0.007,0.105
98,40,0.007,0.015,0.095
98,41,0.004,0.009,0.102
98,42,0.005,0.011,0.1
98,43,0.006,0.014,0.097
98,44,0.004,0.008,0.104
98,45,0.002,0.005,0.11
98,46,0.002,0.006,0.108
98,47,0.005,0.01,0.102
98,48,0.01,0.021,0.092
98,49,0.006,0.012,0.1
98,50,0.004,0.01,0.104
98,51,0.008,0.017,0.096
98,52,0.003,0.008,0.107
98,53,0.002,0.006,0.111
98,54,0.003,0.007,0.11
98,55,0.003,0.008,0.109
98,56,0.003,0.008,0.109
98,57,0.007,0.014,0.101
98,58,0.003,0.008,0.111
98,59,0.011,0.022,0.096
98,60,0.006,0.013,0.105
98,61,0.003,0.007,0.114
98,62,0.004,0.01,0.11
98,63,0.003,0.007,0.115
98,64,0.002,0.006,0.117
98,65,0.009,0.018,0.102
98,66,0.006,0.014,0.107
98,67,0.004,0.009,0.113
98,68,0.002,0.006,0.12
98,69,0.003,0.008,0.117
98,7,0.002,0.005,0.113
98,70,0.005,0.011,0.114
98,71,0.005,0.012,0.112
98,72,0.002,0.005,0.127
98,73,0.002,0.004,0.129
98,74,0.002,0.005,0.127
98,75,0.004,0.009,0.119
98,76,0.004,0.01,0.117
98,77,0.007,0.015,0.111
98,78,0.004,0.009,0.12
98,79,0.005,0.011,0.117
98,8,0.002,0.005,0.112
98,80,0.009,0.018,0.11
98,81,0.006,0.014,0.115
98,82,0.004,0.009,0.122
98,83,0.002,0.006,0.129
98,84,0.006,0.014,0.117
98,85,0.008,0.016,0.115
98,86,0.009,0.019,0.112
98,87,0.01,0.021,0.111
98,88,0.004,0.009,0.126
98,89,0.005,0.011,0.123
98,9,0.002,0.004,0.112
98,90,0.006,0.014,0.119
98,91,0.005,0.012,0.122
98,92,0.005,0.012,0.122
98,93,0.005,0.011,0.124
98,94,0.003,0.007,0.131
98,95,0.006,0.013,0.122
98,96,0.011,0.022,0.114
98,97,0.002,0.004,0.141
98,98,0.003,0.008,0.13
98,99,0.005,0.011,0.127
99,10,0.006,0.014,0.096
99,100,0.007,0.016,0.12
99,101,0.008,0.016,0.12
99,102,0.005,0.011,0.127
99,103,0.003,0.007,0.135
99,104,0.004,0.009,0.131
99,105,0.004,0.01,0.13
99,106,0.003,0.008,0.133
99,107,0.001,0.004,0.145
99,108,0.004,0.01,0.131
99,109,0.006,0.013,0.126
99,11,0.003,0.007,0.104
99,110,0.005,0.011,0.129
99,111,0.008,0.018,0.121
99,112,0.004,0.01,0.131
99,113,0.008,0.016,0.123
99,114,0.01,0.02,0.119
99,115,0.006,0.013,0.127
99,116,0.007,0.016,0.124
99,117,0.003,0.008,0.136
99,118,0.001,0.004,0.148
99,119,0.003,0.007,0.139
99,12,0.016,0.031,0.083
99,120,0.004,0.008,0.136
99,121,0.002,0.005,0.145
99,122,0.002,0.005,0.144
99,123,0.001,0.003,0.152
99,124,0.001,0.003,0.153
99,125,0.002,0.004,0.148
99,126,0.001,0.002,0.156
99,127,0.001,0.002,0.161
99,128,0.001,0.003,0.153
99,129,0.001,0.004,0.15
99,13,0.007,0.016,0.092
99,130,0.001,0.004,0.149
99,131,0.002,0.005,0.146
99,132,0.002,0.005,0.145
99,133,0.001,0.004,0.15
99,134,0.001,0.003,0.154
99,135,0.001,0.003,0.155
99,136,0.001,0.002,0.161
99,137,0.001,0.003,0.153
99,138,0.001,0.003,0.154
99,139,0.001,0.004,0.151
99,14,0.005,0.011,0.097
99,140,0.002,0.005,0.146
99,141,0.002,0.005,0.147
99,142,0.001,0.004,0.151
99,143,0.002,0.005,0.146
99,144,0.002,0.005,0.148
99,145,0.001,0.002,0.158
99,146,0.002,0.006,0.144
99,147,0.001,0.002,0.158
99,148,0.002,0.005,0.146
99,149,0.001,0.002,0.161
99,15,0.007,0.016,0.091
99,150,0.002,0.005,0.148
99,151,0.001,0.002,0.163
99,152,0.002,0.004,0.148
99,153,0.002,0.006,0.145
99,154,0.0,0.001,0.169
99,155,0.001,0.002,0.161
99,156,0.001,0.002,0.161
99,157,0.001,0.003,0.157
99,158,0.001,0.003,0.156
99,159,0.0,0.001,0.166
99,16,0.003,0.007,0.102
99,160,0.001,0.003,0.155
99,161,0.001,0.003,0.155
99,162,0.001,0.002,0.158
99,163,0.002,0.004,0.149
99,164,0.001,0.003,0.154
99,165,0.001,0.003,0.155
99,166,0.001,0.004,0.149
99,167,0.001,0.002,0.157
99,168,0.001,0.003,0.15
99,169,0.001,0.002,0.157
99,17,0.002,0.005,0.105
99,170,0.001,0.003,0.154
99,171,0.001,0.003,0.152
99,172,0.001,0.003,0.15
99,173,0.002,0.004,0.146
99,174,0.001,0.004,0.148
99,175,0.001,0.002,0.156
99,176,0.001,0.003,0.152
99,177,0.001,0.002,0.154
99,178,0.001,0.003,0.15
99,179,0.002,0.005,0.144
99,18,0.005,0.011,0.096
99,180,0.001,0.003,0.149
99,181,0.003,0.007,0.137
99,182,0.004,0.008,0.133
99,183,0.003,0.008,0.134
99,184,0.001,0.004,0.145
99,185,0.003,0.007,0.135
99,186,0.004,0.01,0.131
99,187,0.005,0.012,0.127
99,188,0.005,0.012,0.128
99,189,0.011,0.023,0.116
99,19,0.004,0.009,0.098
99,190,0.008,0.016,0.122
99,191,0.015,0.03,0.111
99,192,0.013,0.025,0.114
99,193,0.005,0.011,0.129
99,194,0.018,0.034,0.109
99,195,0.005,0.012,0.128
99,196,0.006,0.014,0.126
99,197,0.013,0.025,0.116
99,198,0.004,0.009,0.134
99,199,0.004,0.01,0.135
99,20,0.004,0.009,0.098
99,200,0.003,0.006,0.142
99,201,0.003,0.007,0.142
99,202,0.004,0.01,0.137
99,203,0.007,0.015,0.13
99,204,0.004,0.01,0.137
99,205,0.006,0.014,0.133
99,206,0.005,0.01,0.139
99,207,0.005,0.011,0.138
99,208,0.01,0.02,0.129
99,209,0.009,0.019,0.131
99,21,0.004,0.009,0.097
99,210,0.009,0.02,0.131
99,211,0.006,0.013,0.141
99,212,0.006,0.013,0.141
99,213,0.009,0.018,0.137
99,214,0.016,0.03,0.127
99,215,0.009,0.018,0.14
99,216,0.009,0.019,0.14
99,217,0.007,0.015,0.146
99,218,0.006,0.013,0.151
99,219,0.005,0.011,0.156
99,22,0.003,0.008,0.1
99,220,0.006,0.014,0.152
99,221,0.009,0.018,0.147
99,222,0.009,0.018,0.149
99,223,0.008,0.017,0.152
99,224,0.006,0.014,0.158
99,225,0.012,0.024,0.146
99,226,0.011,0.022,0.149
99,227,0.003,0.008,0.173
99,228,0.011,0.022,0.151
99,229,0.007,0.016,0.161
99,23,0.001,0.003,0.11
99,230,0.008,0.016,0.161
99,231,0.008,0.017,0.162
99,232,0.004,0.009,0.178
99,233,0.004,0.01,0.175
99,234,0.002,0.006,0.189
99,235,0.003,0.007,0.184
99,236,0.003,0.008,0.184
99,237,0.003,0.007,0.187
99,238,0.002,0.006,0.191
99,239,0.001,0.003,0.204
99,24,0.001,0.002,0.117
99,240,0.002,0.004,0.201
99,241,0.003,0.006,0.192
99,242,0.001,0.003,0.21
99,243,0.001,0.003,0.212
99,244,0.001,0.002,0.219
99,245,0.001,0.002,0.223
99,246,0.0,0.001,0.238
99,247,0.0,0.001,0.238
99,248,0.0,0.001,0.241
99,249,0.0,0.001,0.245
99,25,0.003,0.006,0.102
99,250,0.0,0.001,0.233
99,251,0.0,0.001,0.24
99,26,0.003,0.008,0.099
99,27,0.001,0.003,0.112
99,28,0.003,0.007,0.102
99,29,0.001,0.003,0.112
99,30,0.001,0.002,0.116
99,31,0.001,0.004,0.109
99,32,0.003,0.008,0.1
99,33,0.003,0.007,0.103
99,34,0.002,0.004,0.107
99,35,0.002,0.006,0.104
99,36,0.008,0.017,0.091
99,37,0.002,0.006,0.105
99,38,0.003,0.007,0.102
99,39,0.012,0.025,0.086
99,40,0.005,0.011,0.098
99,41,0.001,0.003,0.115
99,42,0.005,0.012,0.097
99,43,0.009,0.019,0.091
99,44,0.002,0.006,0.107
99,45,0.002,0.004,0.111
99,46,0.003,0.008,0.105
99,47,0.013,0.026,0.089
99,48,0.004,0.009,0.103
99,49,0.002,0.006,0.11
99,50,0.007,0.016,0.097
99,51,0.006,0.013,0.1
99,52,0.009,0.019,0.095
99,53,0.006,0.013,0.101
99,54,0.008,0.017,0.098
99,55,0.008,0.016,0.099
99,56,0.021,0.04,0.085
99,57,0.026,0.046,0.083
99,58,0.003,0.008,0.11
99,59,0.005,0.012,0.105
99,60,0.011,0.022,0.096
99,61,0.018,0.034,0.09
99,62,0.007,0.015,0.103
99,63,0.008,0.016,0.102
99,64,0.007,0.016,0.103
99,65,0.007,0.015,0.105
99,66,0.005,0.012,0.109
99,67,0.006,0.014,0.107
99,68,0.003,0.008,0.115
99,69,0.004,0.01,0.113
99,7,0.008,0.018,0.095
99,70,0.018,0.035,0.094
99,71,0.016,0.031,0.096
99,72,0.011,0.022,0.103
99,73,0.008,0.018,0.106
99,74,0.017,0.032,0.097
99,75,0.015,0.029,0.1
99,76,0.021,0.039,0.095
99,77,0.017,0.032,0.098
99,78,0.018,0.034,0.098
99,79,0.024,0.043,0.094
99,8,0.006,0.014,0.098
99,80,0.015,0.03,0.101
99,81,0.011,0.023,0.106
99,82,0.028,0.051,0.092
99,83,0.014,0.027,0.104
99,84,0.023,0.042,0.096
99,85,0.017,0.033,0.102
99,86,0.009,0.02,0.111
99,87,0.014,0.028,0.105
99,88,0.007,0.016,0.115
99,89,0.009,0.019,0.112
99,9,0.02,0.038,0.083
99,90,0.009,0.019,0.113
99,91,0.005,0.01,0.124
99,92,0.003,0.007,0.131
99,93,0.008,0.017,0.116
99,94,0.007,0.016,0.118
99,95,0.014,0.027,0.108
99,96,0.006,0.012,0.122
99,97,0.008,0.017,0.117
99,98,0.004,0.009,0.13
99,99,0.007,0.015,0.12
