slice_num,coord_num,PValue,adjPVal,logFC
1,100,0.699,0.761,-0.014
1,101,0.877,0.907,-0.006
1,102,0.69,0.753,-0.015
1,103,0.597,0.671,-0.019
1,104,0.838,0.876,-0.008
1,105,0.958,0.968,-0.002
1,106,0.982,0.987,-0.001
1,107,0.763,0.815,-0.011
1,108,0.948,0.961,-0.002
1,109,0.995,0.996,0.0
1,110,0.994,0.995,-0.0
1,111,0.933,0.95,-0.003
1,112,0.9,0.925,0.005
1,113,0.931,0.949,0.003
1,114,0.839,0.876,-0.008
1,115,0.919,0.939,-0.004
1,116,0.946,0.959,0.003
1,117,0.844,0.881,0.007
1,118,0.911,0.933,-0.004
1,119,0.936,0.952,0.003
1,120,0.72,0.779,0.014
1,121,0.544,0.622,0.023
1,122,0.675,0.74,0.016
1,123,0.764,0.816,0.012
1,124,0.8,0.845,0.01
1,125,0.997,0.998,-0.0
1,126,0.825,0.865,0.009
1,127,0.655,0.723,0.017
1,128,0.729,0.786,0.013
1,129,0.827,0.867,0.009
1,130,0.66,0.727,0.017
1,131,0.603,0.677,0.02
1,132,0.626,0.697,0.019
1,133,0.603,0.676,0.02
1,134,0.621,0.693,0.019
1,135,0.504,0.585,0.026
1,136,0.553,0.631,0.023
1,137,0.561,0.638,0.023
1,138,0.553,0.63,0.024
1,139,0.578,0.654,0.022
1,140,0.627,0.698,0.019
1,141,0.573,0.649,0.022
1,142,0.492,0.574,0.028
1,143,0.329,0.411,0.039
1,144,0.425,0.509,0.032
1,145,0.461,0.543,0.03
1,146,0.348,0.431,0.038
1,147,0.325,0.406,0.04
1,148,0.316,0.397,0.041
1,149,0.458,0.541,0.03
1,150,0.366,0.449,0.037
1,151,0.41,0.493,0.034
1,152,0.505,0.586,0.027
1,153,0.541,0.62,0.025
1,154,0.435,0.519,0.032
1,155,0.414,0.497,0.034
1,156,0.432,0.515,0.032
1,157,0.268,0.345,0.046
1,158,0.429,0.512,0.033
1,159,0.429,0.512,0.033
1,160,0.455,0.538,0.031
1,161,0.427,0.51,0.033
1,162,0.436,0.519,0.033
1,163,0.423,0.506,0.034
1,164,0.424,0.508,0.034
1,165,0.452,0.535,0.032
1,166,0.382,0.465,0.037
1,167,0.46,0.542,0.032
1,168,0.428,0.511,0.034
1,169,0.54,0.619,0.027
1,170,0.54,0.619,0.027
1,171,0.43,0.513,0.035
1,172,0.652,0.72,0.02
1,173,0.59,0.664,0.024
1,174,0.585,0.66,0.024
1,175,0.69,0.753,0.018
1,176,0.653,0.721,0.02
1,177,0.668,0.734,0.019
1,178,0.792,0.839,0.012
1,179,0.673,0.738,0.019
1,180,0.632,0.702,0.022
1,181,0.793,0.839,0.012
1,182,0.648,0.716,0.021
1,183,0.83,0.87,0.01
1,184,0.756,0.808,0.015
1,185,0.654,0.722,0.021
1,186,0.557,0.635,0.028
1,187,0.75,0.804,0.015
1,188,0.388,0.471,0.041
1,189,0.433,0.516,0.037
1,190,0.521,0.601,0.031
1,191,0.696,0.758,0.019
1,192,0.492,0.573,0.033
1,193,0.477,0.559,0.035
1,194,0.476,0.558,0.035
1,195,0.477,0.559,0.035
1,196,0.439,0.522,0.038
1,197,0.454,0.537,0.037
1,198,0.49,0.571,0.035
1,199,0.386,0.469,0.044
1,200,0.422,0.505,0.041
1,201,0.251,0.326,0.058
1,202,0.39,0.473,0.044
1,203,0.344,0.426,0.048
1,204,0.228,0.301,0.062
1,205,0.381,0.464,0.045
1,206,0.224,0.297,0.063
1,207,0.271,0.348,0.057
1,208,0.354,0.437,0.048
1,209,0.32,0.401,0.052
1,210,0.344,0.426,0.05
1,211,0.274,0.352,0.058
1,212,0.313,0.394,0.053
1,213,0.239,0.313,0.063
1,214,0.275,0.353,0.058
1,215,0.305,0.386,0.055
1,216,0.222,0.295,0.066
1,217,0.21,0.281,0.068
1,218,0.277,0.355,0.059
1,219,0.329,0.411,0.053
1,220,0.229,0.302,0.065
1,221,0.285,0.364,0.058
1,222,0.234,0.308,0.065
1,223,0.218,0.29,0.068
1,224,0.203,0.273,0.07
1,39,0.321,0.402,-0.032
1,40,0.206,0.276,-0.041
1,41,0.25,0.325,-0.037
1,42,0.132,0.189,-0.048
1,43,0.317,0.398,-0.032
1,44,0.409,0.492,-0.027
1,45,0.431,0.514,-0.025
1,46,0.342,0.424,-0.031
1,47,0.28,0.359,-0.035
1,48,0.339,0.421,-0.031
1,49,0.242,0.317,-0.038
1,50,0.27,0.348,-0.036
1,51,0.442,0.525,-0.025
1,52,0.296,0.376,-0.034
1,53,0.217,0.289,-0.04
1,54,0.272,0.349,-0.036
1,55,0.347,0.429,-0.031
1,56,0.534,0.613,-0.02
1,57,0.441,0.524,-0.025
1,58,0.416,0.499,-0.027
1,59,0.283,0.362,-0.035
1,60,0.311,0.392,-0.033
1,61,0.375,0.458,-0.029
1,62,0.23,0.303,-0.04
1,63,0.3,0.38,-0.034
1,64,0.354,0.436,-0.031
1,65,0.292,0.371,-0.035
1,66,0.264,0.341,-0.037
1,67,0.072,0.112,-0.06
1,68,0.164,0.228,-0.047
1,69,0.155,0.217,-0.048
1,70,0.243,0.318,-0.04
1,71,0.265,0.342,-0.038
1,72,0.322,0.403,-0.034
1,73,0.193,0.262,-0.044
1,74,0.269,0.347,-0.038
1,75,0.29,0.369,-0.036
1,76,0.381,0.464,-0.03
1,77,0.537,0.616,-0.021
1,78,0.744,0.799,-0.011
1,79,0.503,0.584,-0.023
1,80,0.738,0.794,-0.012
1,81,0.801,0.846,-0.009
1,82,0.733,0.789,-0.012
1,83,0.616,0.688,-0.018
1,84,0.649,0.717,-0.016
1,85,0.992,0.994,-0.0
1,86,0.983,0.987,0.001
1,87,0.65,0.718,-0.016
1,88,0.566,0.643,-0.02
1,89,0.912,0.934,-0.004
1,90,0.886,0.914,-0.005
1,91,0.798,0.844,-0.009
1,92,0.74,0.796,-0.012
1,93,0.663,0.729,-0.016
1,94,0.905,0.928,-0.004
1,95,0.924,0.943,-0.003
1,96,0.518,0.599,-0.023
1,97,0.866,0.898,-0.006
1,98,0.8,0.845,-0.009
1,99,0.888,0.915,-0.005
10,10,0.344,0.426,-0.03
10,100,0.565,0.642,0.021
10,101,0.671,0.736,0.015
10,102,0.944,0.958,0.003
10,103,0.778,0.827,0.01
10,104,0.734,0.79,0.012
10,105,0.838,0.876,0.008
10,106,0.709,0.769,0.014
10,107,0.615,0.687,0.019
10,108,0.871,0.902,0.006
10,109,0.779,0.828,0.01
10,11,0.345,0.428,-0.03
10,110,0.842,0.879,0.007
10,111,0.931,0.949,-0.003
10,112,0.764,0.816,0.011
10,113,0.667,0.733,0.016
10,114,0.618,0.69,0.019
10,115,0.444,0.527,0.029
10,116,0.52,0.6,0.024
10,117,0.887,0.915,0.005
10,118,0.646,0.714,0.017
10,119,0.542,0.621,0.023
10,12,0.556,0.634,-0.019
10,120,0.42,0.503,0.031
10,121,0.628,0.699,0.018
10,122,0.769,0.82,0.011
10,123,0.777,0.827,0.011
10,124,0.836,0.874,0.008
10,125,0.824,0.865,0.009
10,126,0.695,0.757,0.015
10,127,0.592,0.666,0.021
10,128,0.727,0.784,0.013
10,129,0.668,0.734,0.017
10,13,0.491,0.573,-0.022
10,130,0.692,0.755,0.015
10,131,0.926,0.945,0.004
10,132,0.954,0.966,0.002
10,133,0.881,0.909,-0.006
10,134,0.918,0.938,-0.004
10,135,0.891,0.918,-0.005
10,136,0.943,0.958,-0.003
10,137,0.999,0.999,-0.0
10,138,0.943,0.957,0.003
10,139,0.865,0.897,-0.007
10,14,0.477,0.559,-0.022
10,140,0.751,0.805,-0.012
10,141,0.995,0.996,-0.0
10,142,0.949,0.962,0.003
10,143,0.987,0.99,-0.001
10,144,0.901,0.925,-0.005
10,145,0.681,0.746,-0.016
10,146,0.926,0.945,0.004
10,147,0.845,0.882,-0.008
10,148,0.906,0.93,-0.005
10,149,0.852,0.887,-0.007
10,15,0.741,0.796,-0.01
10,150,0.996,0.997,0.0
10,151,0.933,0.95,0.003
10,152,0.772,0.822,0.012
10,153,0.827,0.867,0.009
10,154,0.672,0.738,0.017
10,155,0.689,0.752,0.016
10,156,0.605,0.678,0.021
10,157,0.39,0.473,0.034
10,158,0.549,0.627,0.024
10,159,0.447,0.53,0.03
10,16,0.25,0.326,-0.036
10,160,0.329,0.41,0.039
10,161,0.203,0.273,0.051
10,162,0.303,0.383,0.041
10,163,0.36,0.443,0.037
10,164,0.298,0.378,0.042
10,165,0.529,0.608,0.025
10,166,0.356,0.438,0.037
10,167,0.277,0.355,0.044
10,168,0.329,0.41,0.039
10,169,0.455,0.538,0.03
10,17,0.66,0.727,-0.014
10,170,0.42,0.503,0.033
10,171,0.288,0.367,0.043
10,172,0.333,0.415,0.039
10,173,0.329,0.41,0.04
10,174,0.434,0.517,0.032
10,175,0.405,0.489,0.034
10,176,0.344,0.426,0.039
10,177,0.56,0.637,0.024
10,178,0.485,0.567,0.029
10,179,0.532,0.612,0.026
10,18,0.644,0.713,-0.014
10,180,0.494,0.576,0.028
10,181,0.389,0.472,0.036
10,182,0.34,0.421,0.04
10,183,0.382,0.465,0.037
10,184,0.481,0.563,0.03
10,185,0.487,0.569,0.029
10,186,0.601,0.675,0.022
10,187,0.564,0.641,0.025
10,188,0.542,0.62,0.026
10,189,0.739,0.795,0.014
10,19,0.519,0.599,-0.02
10,190,0.701,0.762,0.017
10,191,0.491,0.572,0.03
10,192,0.489,0.571,0.03
10,193,0.436,0.519,0.035
10,194,0.527,0.606,0.028
10,195,0.292,0.372,0.047
10,196,0.357,0.439,0.042
10,197,0.507,0.588,0.03
10,198,0.539,0.618,0.028
10,199,0.502,0.583,0.031
10,20,0.334,0.416,-0.03
10,200,0.471,0.554,0.033
10,201,0.613,0.685,0.024
10,202,0.499,0.58,0.032
10,203,0.399,0.482,0.04
10,204,0.428,0.511,0.038
10,205,0.388,0.471,0.041
10,206,0.256,0.332,0.055
10,207,0.284,0.362,0.052
10,208,0.344,0.426,0.046
10,209,0.329,0.411,0.048
10,21,0.544,0.623,-0.019
10,210,0.303,0.383,0.051
10,211,0.317,0.397,0.05
10,212,0.352,0.434,0.047
10,213,0.27,0.347,0.056
10,214,0.263,0.34,0.057
10,215,0.392,0.475,0.044
10,216,0.424,0.507,0.042
10,217,0.339,0.42,0.05
10,218,0.303,0.383,0.055
10,219,0.365,0.448,0.048
10,22,0.671,0.736,-0.013
10,220,0.344,0.426,0.051
10,221,0.331,0.413,0.052
10,222,0.325,0.406,0.054
10,223,0.401,0.484,0.046
10,224,0.548,0.626,0.033
10,225,0.553,0.63,0.033
10,226,0.447,0.53,0.042
10,227,0.483,0.565,0.039
10,228,0.57,0.647,0.032
10,229,0.564,0.641,0.033
10,23,0.339,0.421,-0.03
10,230,0.607,0.68,0.029
10,231,0.592,0.666,0.031
10,232,0.665,0.731,0.025
10,233,0.58,0.656,0.032
10,234,0.612,0.685,0.029
10,235,0.438,0.521,0.045
10,236,0.505,0.586,0.039
10,237,0.628,0.698,0.028
10,238,0.372,0.455,0.052
10,239,0.54,0.619,0.036
10,24,0.385,0.468,-0.027
10,240,0.384,0.467,0.052
10,241,0.384,0.467,0.052
10,242,0.508,0.588,0.04
10,243,0.467,0.55,0.044
10,244,0.424,0.507,0.048
10,245,0.602,0.675,0.032
10,246,0.582,0.658,0.033
10,247,0.483,0.565,0.043
10,248,0.561,0.638,0.036
10,249,0.527,0.607,0.039
10,25,0.481,0.563,-0.022
10,250,0.545,0.624,0.038
10,251,0.609,0.682,0.032
10,26,0.468,0.55,-0.023
10,27,0.469,0.552,-0.023
10,28,0.257,0.333,-0.035
10,29,0.49,0.571,-0.022
10,30,0.462,0.545,-0.023
10,31,0.352,0.435,-0.029
10,32,0.502,0.583,-0.021
10,33,0.185,0.253,-0.041
10,34,0.448,0.531,-0.024
10,35,0.475,0.557,-0.022
10,36,0.343,0.425,-0.03
10,37,0.347,0.429,-0.03
10,38,0.46,0.542,-0.023
10,39,0.143,0.202,-0.046
10,40,0.175,0.24,-0.043
10,41,0.474,0.556,-0.023
10,42,0.138,0.196,-0.047
10,43,0.169,0.234,-0.043
10,44,0.266,0.343,-0.035
10,45,0.405,0.488,-0.026
10,46,0.192,0.26,-0.041
10,47,0.324,0.405,-0.031
10,48,0.32,0.401,-0.032
10,49,0.204,0.274,-0.04
10,50,0.331,0.413,-0.031
10,51,0.281,0.36,-0.034
10,52,0.184,0.251,-0.043
10,53,0.31,0.391,-0.033
10,54,0.401,0.485,-0.027
10,55,0.474,0.556,-0.023
10,56,0.502,0.583,-0.022
10,57,0.382,0.465,-0.028
10,58,0.33,0.412,-0.032
10,59,0.443,0.526,-0.025
10,60,0.76,0.812,-0.01
10,61,0.437,0.52,-0.025
10,62,0.675,0.74,-0.014
10,63,0.718,0.777,-0.012
10,64,0.714,0.773,-0.012
10,65,0.674,0.739,-0.014
10,66,0.853,0.888,-0.006
10,67,0.901,0.925,-0.004
10,68,0.974,0.981,0.001
10,69,0.99,0.992,-0.0
10,7,0.333,0.414,-0.032
10,70,0.724,0.782,-0.012
10,71,0.882,0.91,0.005
10,72,0.817,0.859,0.008
10,73,0.934,0.951,-0.003
10,74,0.893,0.919,-0.005
10,75,0.872,0.903,0.005
10,76,0.887,0.914,-0.005
10,77,0.818,0.86,-0.008
10,78,0.786,0.833,-0.009
10,79,0.963,0.973,0.002
10,8,0.419,0.502,-0.026
10,80,0.849,0.884,-0.007
10,81,0.728,0.786,-0.012
10,82,0.899,0.924,-0.004
10,83,0.748,0.802,-0.011
10,84,0.898,0.923,-0.004
10,85,0.94,0.955,-0.003
10,86,0.862,0.895,-0.006
10,87,0.886,0.914,-0.005
10,88,0.657,0.724,-0.016
10,89,0.733,0.789,-0.012
10,9,0.367,0.45,-0.029
10,90,0.963,0.973,0.002
10,91,0.839,0.877,-0.007
10,92,0.809,0.852,-0.009
10,93,0.926,0.945,-0.003
10,94,0.92,0.94,0.004
10,95,0.907,0.93,0.004
10,96,0.897,0.922,0.005
10,97,0.912,0.934,0.004
10,98,0.85,0.885,0.007
10,99,0.933,0.95,-0.003
100,10,0.475,0.557,-0.025
100,100,0.976,0.982,-0.001
100,101,0.874,0.904,-0.007
100,102,0.85,0.886,0.008
100,103,0.889,0.916,-0.006
100,104,0.961,0.971,-0.002
100,105,0.95,0.963,0.003
100,106,0.898,0.923,-0.006
100,107,0.946,0.959,0.003
100,108,0.845,0.881,0.009
100,109,0.891,0.917,-0.006
100,11,0.692,0.754,-0.014
100,110,0.778,0.827,-0.013
100,111,0.93,0.948,-0.004
100,112,0.916,0.937,0.005
100,113,0.878,0.908,-0.007
100,114,0.931,0.948,0.004
100,115,0.986,0.99,0.001
100,116,0.841,0.878,-0.009
100,117,0.768,0.818,-0.013
100,118,0.7,0.762,-0.017
100,119,0.733,0.79,-0.015
100,12,0.447,0.53,-0.026
100,120,0.64,0.709,-0.021
100,121,0.744,0.799,-0.015
100,122,0.746,0.801,-0.015
100,123,0.724,0.782,-0.016
100,124,0.748,0.802,-0.015
100,125,0.659,0.726,-0.02
100,126,0.833,0.872,-0.01
100,127,0.881,0.91,-0.007
100,128,0.739,0.795,-0.015
100,129,0.686,0.749,-0.019
100,13,0.581,0.657,-0.018
100,130,0.764,0.816,-0.014
100,131,0.907,0.93,-0.005
100,132,0.835,0.873,-0.01
100,133,0.819,0.86,-0.011
100,134,0.858,0.891,-0.008
100,135,0.974,0.981,0.001
100,136,0.837,0.875,0.009
100,137,0.968,0.976,0.002
100,138,0.996,0.997,-0.0
100,139,0.909,0.932,-0.005
100,14,0.457,0.54,-0.025
100,140,0.856,0.89,-0.008
100,141,0.923,0.943,-0.004
100,142,0.898,0.923,-0.006
100,143,0.865,0.897,-0.008
100,144,0.875,0.905,-0.007
100,145,0.968,0.977,-0.002
100,146,0.932,0.949,-0.004
100,147,0.83,0.869,-0.01
100,148,0.664,0.73,-0.02
100,149,0.915,0.936,-0.005
100,15,0.527,0.607,-0.021
100,150,0.948,0.961,0.003
100,151,0.883,0.911,-0.007
100,152,0.887,0.914,-0.007
100,153,0.827,0.867,-0.01
100,154,0.921,0.941,-0.005
100,155,0.723,0.781,-0.016
100,156,0.692,0.755,-0.018
100,157,0.665,0.731,-0.02
100,158,0.758,0.81,-0.014
100,159,0.846,0.882,-0.009
100,16,0.41,0.493,-0.027
100,160,0.774,0.823,-0.013
100,161,0.927,0.946,-0.004
100,162,0.8,0.845,-0.012
100,163,0.858,0.892,-0.008
100,164,0.737,0.793,-0.015
100,165,0.685,0.749,-0.018
100,166,0.624,0.695,-0.022
100,167,0.767,0.818,-0.013
100,168,0.825,0.865,-0.01
100,169,0.903,0.927,-0.006
100,17,0.495,0.576,-0.023
100,170,0.925,0.944,-0.004
100,171,0.983,0.987,-0.001
100,172,0.871,0.902,-0.007
100,173,0.973,0.98,-0.002
100,174,0.993,0.995,-0.0
100,175,0.972,0.979,0.002
100,176,0.95,0.962,0.003
100,177,0.946,0.96,-0.003
100,178,0.895,0.921,0.006
100,179,0.905,0.928,0.005
100,18,0.316,0.396,-0.033
100,180,0.937,0.953,0.004
100,181,0.874,0.904,-0.007
100,182,0.832,0.871,-0.009
100,183,0.936,0.952,0.004
100,184,0.733,0.79,0.015
100,185,0.699,0.76,0.017
100,186,0.73,0.787,0.015
100,187,0.73,0.787,0.015
100,188,0.858,0.892,0.008
100,189,0.972,0.98,0.002
100,19,0.332,0.413,-0.032
100,190,0.6,0.674,0.024
100,191,0.698,0.76,0.017
100,192,0.637,0.707,0.021
100,193,0.727,0.784,0.016
100,194,0.499,0.58,0.031
100,195,0.483,0.564,0.032
100,196,0.439,0.522,0.035
100,197,0.383,0.466,0.04
100,198,0.349,0.431,0.043
100,199,0.437,0.52,0.036
100,20,0.472,0.554,-0.024
100,200,0.346,0.428,0.044
100,201,0.433,0.516,0.037
100,202,0.298,0.377,0.049
100,203,0.41,0.493,0.039
100,204,0.319,0.4,0.048
100,205,0.276,0.354,0.052
100,206,0.369,0.451,0.044
100,207,0.338,0.42,0.047
100,208,0.23,0.303,0.059
100,209,0.322,0.403,0.049
100,21,0.483,0.564,-0.023
100,210,0.357,0.439,0.046
100,211,0.207,0.278,0.064
100,212,0.228,0.301,0.062
100,213,0.257,0.333,0.058
100,214,0.225,0.297,0.063
100,215,0.267,0.345,0.058
100,216,0.375,0.458,0.047
100,217,0.296,0.375,0.056
100,218,0.208,0.278,0.068
100,219,0.279,0.358,0.059
100,22,0.379,0.462,-0.029
100,220,0.239,0.313,0.065
100,221,0.218,0.289,0.069
100,222,0.288,0.367,0.06
100,223,0.208,0.278,0.071
100,224,0.281,0.359,0.062
100,225,0.23,0.303,0.069
100,226,0.189,0.256,0.076
100,227,0.195,0.264,0.076
100,228,0.144,0.203,0.086
100,229,0.259,0.335,0.067
100,23,0.245,0.32,-0.039
100,230,0.24,0.315,0.07
100,231,0.211,0.282,0.075
100,232,0.233,0.307,0.072
100,233,0.212,0.283,0.075
100,234,0.224,0.297,0.074
100,235,0.241,0.316,0.071
100,236,0.242,0.317,0.072
100,237,0.237,0.312,0.072
100,238,0.25,0.326,0.071
100,239,0.238,0.313,0.073
100,24,0.316,0.397,-0.033
100,240,0.252,0.328,0.071
100,241,0.226,0.299,0.075
100,242,0.222,0.294,0.076
100,243,0.257,0.333,0.07
100,244,0.278,0.356,0.067
100,245,0.239,0.313,0.073
100,246,0.216,0.287,0.077
100,247,0.182,0.248,0.083
100,248,0.18,0.246,0.084
100,249,0.246,0.321,0.073
100,25,0.435,0.518,-0.026
100,250,0.214,0.286,0.078
100,251,0.216,0.288,0.078
100,26,0.408,0.491,-0.028
100,27,0.276,0.354,-0.036
100,28,0.293,0.373,-0.035
100,29,0.57,0.647,-0.019
100,30,0.375,0.458,-0.029
100,31,0.479,0.561,-0.024
100,32,0.288,0.367,-0.036
100,33,0.272,0.349,-0.037
100,34,0.2,0.269,-0.043
100,35,0.327,0.409,-0.033
100,36,0.411,0.495,-0.028
100,37,0.501,0.582,-0.023
100,38,0.261,0.337,-0.038
100,39,0.46,0.542,-0.025
100,40,0.251,0.327,-0.039
100,41,0.431,0.514,-0.027
100,42,0.334,0.416,-0.033
100,43,0.48,0.562,-0.024
100,44,0.507,0.588,-0.023
100,45,0.39,0.473,-0.03
100,46,0.377,0.46,-0.031
100,47,0.357,0.44,-0.032
100,48,0.638,0.708,-0.017
100,49,0.629,0.7,-0.017
100,50,0.404,0.487,-0.03
100,51,0.419,0.502,-0.029
100,52,0.488,0.569,-0.025
100,53,0.471,0.553,-0.026
100,54,0.833,0.872,-0.008
100,55,0.573,0.65,-0.02
100,56,0.793,0.839,-0.01
100,57,0.838,0.875,-0.007
100,58,0.839,0.877,-0.007
100,59,0.821,0.862,-0.008
100,60,0.913,0.934,-0.004
100,61,0.882,0.91,-0.006
100,62,0.701,0.762,-0.014
100,63,0.797,0.843,-0.01
100,64,0.742,0.797,-0.012
100,65,0.915,0.936,-0.004
100,66,0.896,0.921,-0.005
100,67,0.848,0.883,-0.007
100,68,0.683,0.747,-0.016
100,69,0.634,0.704,-0.018
100,7,0.896,0.921,0.005
100,70,0.888,0.915,-0.005
100,71,0.701,0.763,-0.015
100,72,0.592,0.666,-0.021
100,73,0.498,0.579,-0.027
100,74,0.543,0.622,-0.024
100,75,0.952,0.964,-0.002
100,76,0.603,0.676,-0.021
100,77,0.63,0.7,-0.019
100,78,0.587,0.662,-0.022
100,79,0.821,0.862,-0.009
100,8,0.682,0.746,-0.014
100,80,0.851,0.886,-0.008
100,81,0.939,0.955,-0.003
100,82,0.812,0.855,-0.01
100,83,0.782,0.83,-0.011
100,84,0.8,0.845,-0.01
100,85,0.722,0.781,-0.015
100,86,0.605,0.678,-0.022
100,87,0.511,0.591,-0.027
100,88,0.749,0.803,-0.013
100,89,0.833,0.872,-0.009
100,9,0.676,0.74,-0.015
100,90,0.943,0.957,-0.003
100,91,0.862,0.895,-0.007
100,92,0.88,0.909,-0.006
100,93,0.971,0.979,-0.002
100,94,0.973,0.98,0.001
100,95,0.849,0.884,-0.008
100,96,0.675,0.74,-0.018
100,97,0.918,0.939,-0.004
100,98,0.777,0.826,-0.012
100,99,0.926,0.945,-0.004
101,10,0.743,0.798,-0.011
101,100,0.942,0.957,-0.003
101,101,0.908,0.931,-0.005
101,102,0.988,0.991,-0.001
101,103,0.92,0.94,0.004
101,104,0.905,0.929,0.005
101,105,0.931,0.949,0.004
101,106,0.895,0.921,-0.006
101,107,0.81,0.853,-0.011
101,108,0.981,0.986,0.001
101,109,0.968,0.976,-0.002
101,11,0.596,0.67,-0.018
101,110,0.961,0.971,-0.002
101,111,0.762,0.814,-0.013
101,112,0.843,0.88,-0.009
101,113,0.946,0.96,0.003
101,114,0.949,0.962,0.003
101,115,0.783,0.831,-0.012
101,116,0.938,0.954,-0.003
101,117,0.944,0.958,-0.003
101,118,0.96,0.97,-0.002
101,119,0.869,0.9,-0.007
101,12,0.667,0.733,-0.014
101,120,0.819,0.86,-0.01
101,121,0.982,0.987,-0.001
101,122,0.671,0.736,-0.019
101,123,0.705,0.766,-0.017
101,124,0.735,0.791,-0.015
101,125,0.654,0.722,-0.02
101,126,0.828,0.868,-0.01
101,127,0.823,0.864,-0.01
101,128,0.741,0.797,-0.015
101,129,0.897,0.923,-0.006
101,13,0.515,0.595,-0.022
101,130,0.849,0.885,0.009
101,131,0.991,0.993,0.001
101,132,0.934,0.95,-0.004
101,133,0.868,0.899,-0.008
101,134,0.853,0.887,-0.008
101,135,0.853,0.888,-0.008
101,136,0.79,0.837,-0.012
101,137,0.95,0.963,-0.003
101,138,0.907,0.93,-0.005
101,139,0.897,0.922,-0.006
101,14,0.365,0.448,-0.03
101,140,0.987,0.99,-0.001
101,141,0.877,0.906,-0.007
101,142,0.8,0.845,-0.012
101,143,0.689,0.752,-0.018
101,144,0.655,0.723,-0.02
101,145,0.697,0.759,-0.018
101,146,0.859,0.892,-0.008
101,147,0.606,0.679,-0.024
101,148,0.642,0.711,-0.021
101,149,0.621,0.692,-0.023
101,15,0.479,0.561,-0.023
101,150,0.822,0.863,-0.01
101,151,0.859,0.892,-0.008
101,152,0.614,0.686,-0.023
101,153,0.612,0.685,-0.023
101,154,0.657,0.724,-0.02
101,155,0.532,0.611,-0.029
101,156,0.465,0.548,-0.033
101,157,0.627,0.698,-0.022
101,158,0.687,0.75,-0.018
101,159,0.723,0.781,-0.016
101,16,0.673,0.738,-0.014
101,160,0.602,0.676,-0.024
101,161,0.563,0.64,-0.026
101,162,0.474,0.556,-0.033
101,163,0.66,0.727,-0.02
101,164,0.793,0.84,-0.012
101,165,0.753,0.806,-0.014
101,166,0.787,0.835,-0.012
101,167,0.968,0.976,-0.002
101,168,0.989,0.992,0.001
101,169,0.923,0.942,-0.004
101,17,0.492,0.573,-0.023
101,170,0.943,0.958,-0.003
101,171,0.949,0.962,0.003
101,172,0.983,0.987,0.001
101,173,0.936,0.952,0.004
101,174,0.966,0.975,0.002
101,175,0.82,0.861,0.01
101,176,0.96,0.97,0.002
101,177,0.972,0.979,0.002
101,178,0.852,0.887,0.008
101,179,0.987,0.99,-0.001
101,18,0.375,0.458,-0.029
101,180,0.935,0.952,-0.004
101,181,0.887,0.914,0.006
101,182,0.819,0.86,0.01
101,183,0.715,0.774,0.016
101,184,0.87,0.901,0.007
101,185,0.796,0.842,0.012
101,186,0.837,0.875,0.009
101,187,0.833,0.872,0.009
101,188,0.948,0.961,0.003
101,189,0.992,0.994,-0.0
101,19,0.571,0.648,-0.019
101,190,0.914,0.935,0.005
101,191,0.754,0.807,0.014
101,192,0.945,0.959,0.003
101,193,0.97,0.978,-0.002
101,194,0.813,0.856,0.011
101,195,0.996,0.997,0.0
101,196,0.883,0.911,0.007
101,197,0.991,0.993,-0.001
101,198,0.989,0.992,0.001
101,199,0.804,0.848,0.012
101,20,0.73,0.787,-0.011
101,200,0.671,0.737,0.02
101,201,0.783,0.831,0.013
101,202,0.835,0.873,0.01
101,203,0.663,0.729,0.021
101,204,0.549,0.627,0.029
101,205,0.68,0.744,0.02
101,206,0.498,0.579,0.033
101,207,0.55,0.628,0.03
101,208,0.526,0.606,0.032
101,209,0.421,0.504,0.041
101,21,0.339,0.421,-0.031
101,210,0.51,0.59,0.034
101,211,0.274,0.352,0.056
101,212,0.313,0.394,0.053
101,213,0.314,0.395,0.053
101,214,0.257,0.333,0.06
101,215,0.28,0.358,0.058
101,216,0.256,0.332,0.061
101,217,0.266,0.343,0.061
101,218,0.234,0.308,0.065
101,219,0.353,0.435,0.051
101,22,0.453,0.536,-0.025
101,220,0.35,0.432,0.052
101,221,0.233,0.306,0.067
101,222,0.355,0.437,0.052
101,223,0.322,0.404,0.057
101,224,0.203,0.273,0.073
101,225,0.251,0.327,0.067
101,226,0.253,0.329,0.067
101,227,0.391,0.474,0.051
101,228,0.279,0.357,0.064
101,229,0.474,0.556,0.043
101,23,0.413,0.496,-0.027
101,230,0.292,0.371,0.063
101,231,0.266,0.343,0.067
101,232,0.265,0.342,0.067
101,233,0.405,0.489,0.051
101,234,0.387,0.47,0.053
101,235,0.39,0.473,0.053
101,236,0.388,0.471,0.053
101,237,0.294,0.373,0.064
101,238,0.336,0.418,0.059
101,239,0.318,0.399,0.061
101,24,0.53,0.609,-0.021
101,240,0.295,0.375,0.065
101,241,0.171,0.236,0.084
101,242,0.247,0.323,0.071
101,243,0.186,0.253,0.082
101,244,0.279,0.358,0.067
101,245,0.246,0.321,0.072
101,246,0.269,0.347,0.068
101,247,0.189,0.257,0.082
101,248,0.198,0.267,0.08
101,249,0.229,0.302,0.075
101,25,0.425,0.508,-0.026
101,250,0.298,0.377,0.065
101,251,0.269,0.347,0.069
101,26,0.362,0.445,-0.03
101,27,0.215,0.286,-0.041
101,28,0.337,0.419,-0.032
101,29,0.383,0.466,-0.029
101,30,0.268,0.346,-0.037
101,31,0.441,0.524,-0.026
101,32,0.401,0.484,-0.028
101,33,0.258,0.335,-0.038
101,34,0.544,0.622,-0.02
101,35,0.523,0.602,-0.021
101,36,0.331,0.412,-0.033
101,37,0.301,0.381,-0.035
101,38,0.344,0.426,-0.032
101,39,0.309,0.389,-0.035
101,40,0.614,0.686,-0.017
101,41,0.458,0.54,-0.025
101,42,0.756,0.809,-0.011
101,43,0.483,0.565,-0.024
101,44,0.346,0.428,-0.033
101,45,0.574,0.65,-0.02
101,46,0.51,0.59,-0.023
101,47,0.616,0.688,-0.018
101,48,0.417,0.501,-0.028
101,49,0.491,0.572,-0.024
101,50,0.606,0.679,-0.018
101,51,0.708,0.768,-0.013
101,52,0.484,0.566,-0.025
101,53,0.547,0.625,-0.021
101,54,0.302,0.382,-0.037
101,55,0.503,0.584,-0.024
101,56,0.527,0.607,-0.023
101,57,0.654,0.722,-0.016
101,58,0.397,0.48,-0.031
101,59,0.512,0.592,-0.024
101,60,0.546,0.624,-0.022
101,61,0.389,0.472,-0.032
101,62,0.641,0.71,-0.017
101,63,0.547,0.626,-0.023
101,64,0.655,0.723,-0.017
101,65,0.542,0.621,-0.023
101,66,0.691,0.754,-0.015
101,67,0.482,0.564,-0.027
101,68,0.62,0.692,-0.019
101,69,0.406,0.489,-0.032
101,7,0.789,0.836,-0.009
101,70,0.855,0.889,-0.007
101,71,0.671,0.736,-0.016
101,72,0.682,0.746,-0.016
101,73,0.612,0.685,-0.02
101,74,0.685,0.749,-0.016
101,75,0.604,0.678,-0.02
101,76,0.551,0.628,-0.024
101,77,0.791,0.838,-0.011
101,78,0.631,0.701,-0.019
101,79,0.709,0.769,-0.015
101,8,0.667,0.733,-0.015
101,80,0.599,0.673,-0.021
101,81,0.472,0.554,-0.029
101,82,0.827,0.867,-0.009
101,83,0.792,0.838,-0.011
101,84,0.792,0.839,-0.011
101,85,0.909,0.931,-0.005
101,86,0.747,0.801,-0.013
101,87,0.887,0.914,-0.006
101,88,0.776,0.826,-0.012
101,89,0.762,0.814,-0.013
101,9,0.623,0.694,-0.017
101,90,0.86,0.893,-0.007
101,91,0.821,0.862,-0.01
101,92,0.93,0.948,-0.004
101,93,0.734,0.79,-0.014
101,94,0.722,0.781,-0.015
101,95,0.61,0.682,-0.022
101,96,0.855,0.889,-0.008
101,97,0.874,0.904,-0.007
101,98,0.905,0.928,-0.005
101,99,0.812,0.855,-0.01
102,10,0.59,0.665,-0.019
102,100,0.96,0.97,0.002
102,101,0.943,0.958,-0.003
102,102,0.751,0.805,-0.014
102,103,0.976,0.982,0.001
102,104,0.788,0.835,0.012
102,105,0.961,0.971,-0.002
102,106,0.864,0.896,0.007
102,107,0.93,0.947,0.004
102,108,0.989,0.992,0.001
102,109,0.826,0.866,-0.01
102,11,0.362,0.445,-0.031
102,110,0.914,0.935,0.005
102,111,0.854,0.889,0.008
102,112,0.785,0.832,0.012
102,113,0.752,0.805,0.014
102,114,0.749,0.803,0.014
102,115,0.921,0.941,0.004
102,116,0.918,0.938,-0.005
102,117,0.959,0.969,0.002
102,118,0.806,0.85,0.011
102,119,0.892,0.918,0.006
102,12,0.736,0.792,-0.011
102,120,0.969,0.977,-0.002
102,121,0.948,0.961,-0.003
102,122,0.862,0.895,-0.008
102,123,0.924,0.943,0.004
102,124,0.958,0.969,-0.002
102,125,0.843,0.88,-0.009
102,126,0.831,0.87,-0.01
102,127,0.854,0.889,-0.008
102,128,0.906,0.93,-0.005
102,129,0.744,0.799,-0.015
102,13,0.505,0.586,-0.022
102,130,0.811,0.854,-0.011
102,131,0.712,0.772,-0.017
102,132,0.654,0.722,-0.02
102,133,0.748,0.802,-0.014
102,134,0.812,0.855,-0.011
102,135,0.666,0.732,-0.02
102,136,0.528,0.608,-0.029
102,137,0.606,0.679,-0.023
102,138,0.745,0.8,-0.015
102,139,0.666,0.732,-0.02
102,14,0.357,0.44,-0.031
102,140,0.705,0.766,-0.017
102,141,0.743,0.798,-0.015
102,142,0.799,0.844,-0.012
102,143,0.776,0.826,-0.013
102,144,0.543,0.622,-0.028
102,145,0.733,0.79,-0.015
102,146,0.641,0.711,-0.021
102,147,0.518,0.598,-0.029
102,148,0.582,0.657,-0.025
102,149,0.738,0.794,-0.015
102,15,0.326,0.407,-0.033
102,150,0.608,0.681,-0.023
102,151,0.611,0.683,-0.023
102,152,0.653,0.721,-0.02
102,153,0.819,0.86,-0.01
102,154,0.807,0.851,-0.011
102,155,0.873,0.904,-0.007
102,156,0.807,0.851,-0.011
102,157,0.756,0.809,-0.014
102,158,0.761,0.813,-0.014
102,159,0.832,0.871,-0.01
102,16,0.631,0.702,-0.016
102,160,0.951,0.963,-0.003
102,161,0.974,0.981,-0.001
102,162,0.867,0.899,-0.008
102,163,0.814,0.857,-0.011
102,164,0.809,0.852,-0.011
102,165,0.958,0.969,-0.002
102,166,0.979,0.985,-0.001
102,167,0.816,0.858,0.01
102,168,0.884,0.912,0.007
102,169,0.802,0.846,0.011
102,17,0.296,0.376,-0.035
102,170,0.867,0.899,0.007
102,171,0.921,0.94,0.004
102,172,0.812,0.855,0.011
102,173,0.816,0.858,0.01
102,174,0.969,0.977,0.002
102,175,0.807,0.851,0.011
102,176,0.666,0.732,0.019
102,177,0.629,0.699,0.022
102,178,0.574,0.65,0.025
102,179,0.804,0.848,0.011
102,18,0.658,0.725,-0.015
102,180,0.888,0.915,-0.006
102,181,0.891,0.918,-0.006
102,182,0.894,0.92,-0.006
102,183,0.956,0.967,0.002
102,184,0.891,0.917,-0.006
102,185,0.941,0.956,0.003
102,186,0.756,0.809,0.014
102,187,0.742,0.797,0.015
102,188,0.895,0.921,-0.006
102,189,0.973,0.98,-0.002
102,19,0.359,0.442,-0.03
102,190,0.88,0.909,-0.007
102,191,0.898,0.923,0.006
102,192,0.782,0.83,0.013
102,193,0.985,0.989,0.001
102,194,0.755,0.808,0.014
102,195,0.726,0.783,0.016
102,196,0.696,0.758,0.018
102,197,0.642,0.711,0.022
102,198,0.808,0.851,0.012
102,199,0.866,0.898,0.008
102,20,0.418,0.501,-0.027
102,200,0.644,0.713,0.022
102,201,0.445,0.528,0.037
102,202,0.575,0.651,0.027
102,203,0.464,0.546,0.036
102,204,0.435,0.518,0.039
102,205,0.355,0.438,0.046
102,206,0.49,0.572,0.035
102,207,0.457,0.54,0.038
102,208,0.551,0.629,0.03
102,209,0.509,0.59,0.034
102,21,0.542,0.621,-0.02
102,210,0.375,0.458,0.046
102,211,0.439,0.522,0.04
102,212,0.231,0.305,0.063
102,213,0.327,0.408,0.052
102,214,0.333,0.414,0.052
102,215,0.464,0.546,0.04
102,216,0.398,0.481,0.046
102,217,0.449,0.532,0.042
102,218,0.35,0.432,0.052
102,219,0.312,0.392,0.057
102,22,0.397,0.48,-0.028
102,220,0.342,0.424,0.054
102,221,0.358,0.44,0.052
102,222,0.338,0.42,0.055
102,223,0.289,0.368,0.061
102,224,0.262,0.339,0.065
102,225,0.306,0.386,0.06
102,226,0.291,0.37,0.062
102,227,0.34,0.421,0.057
102,228,0.341,0.423,0.057
102,229,0.3,0.38,0.062
102,23,0.4,0.483,-0.028
102,230,0.384,0.467,0.052
102,231,0.377,0.46,0.053
102,232,0.337,0.418,0.058
102,233,0.434,0.517,0.048
102,234,0.497,0.578,0.041
102,235,0.391,0.474,0.052
102,236,0.342,0.424,0.058
102,237,0.454,0.537,0.046
102,238,0.399,0.482,0.052
102,239,0.467,0.549,0.045
102,24,0.784,0.832,-0.009
102,240,0.537,0.616,0.038
102,241,0.395,0.478,0.052
102,242,0.409,0.493,0.051
102,243,0.443,0.526,0.047
102,244,0.402,0.486,0.051
102,245,0.628,0.699,0.03
102,246,0.542,0.62,0.038
102,247,0.558,0.635,0.036
102,248,0.629,0.699,0.03
102,249,0.86,0.893,0.011
102,25,0.656,0.724,-0.015
102,250,0.812,0.855,0.015
102,251,0.759,0.811,0.019
102,26,0.233,0.307,-0.039
102,27,0.515,0.595,-0.022
102,28,0.272,0.35,-0.036
102,29,0.534,0.613,-0.021
102,30,0.447,0.53,-0.025
102,31,0.32,0.401,-0.033
102,32,0.252,0.328,-0.038
102,33,0.347,0.429,-0.031
102,34,0.415,0.498,-0.027
102,35,0.419,0.502,-0.027
102,36,0.547,0.625,-0.02
102,37,0.423,0.506,-0.027
102,38,0.635,0.705,-0.016
102,39,0.867,0.899,-0.006
102,40,0.372,0.455,-0.03
102,41,0.43,0.513,-0.027
102,42,0.514,0.595,-0.022
102,43,0.585,0.66,-0.019
102,44,0.74,0.795,-0.011
102,45,0.524,0.604,-0.022
102,46,0.475,0.557,-0.025
102,47,0.676,0.74,-0.015
102,48,0.68,0.745,-0.014
102,49,0.445,0.528,-0.027
102,50,0.385,0.468,-0.031
102,51,0.678,0.743,-0.015
102,52,0.784,0.832,-0.01
102,53,0.521,0.601,-0.023
102,54,0.546,0.625,-0.022
102,55,0.591,0.665,-0.019
102,56,0.41,0.493,-0.03
102,57,0.805,0.849,-0.009
102,58,0.991,0.994,-0.0
102,59,0.936,0.952,-0.003
102,60,0.963,0.972,-0.002
102,61,0.845,0.882,-0.007
102,62,0.877,0.907,-0.006
102,63,0.715,0.774,-0.014
102,64,0.583,0.658,-0.02
102,65,0.743,0.798,-0.012
102,66,0.96,0.97,0.002
102,67,0.958,0.969,0.002
102,68,0.889,0.916,-0.005
102,69,0.776,0.825,-0.011
102,7,0.542,0.62,-0.022
102,70,0.861,0.894,-0.007
102,71,0.893,0.919,0.005
102,72,0.873,0.903,-0.006
102,73,0.878,0.907,-0.006
102,74,0.839,0.876,-0.008
102,75,0.888,0.915,0.005
102,76,0.825,0.865,0.009
102,77,0.978,0.984,-0.001
102,78,0.703,0.764,-0.015
102,79,0.901,0.925,-0.005
102,8,0.675,0.74,-0.015
102,80,0.939,0.954,-0.003
102,81,0.597,0.671,-0.021
102,82,0.811,0.854,-0.01
102,83,0.546,0.624,-0.024
102,84,0.854,0.888,-0.007
102,85,0.95,0.963,-0.003
102,86,0.817,0.859,-0.009
102,87,0.737,0.793,-0.014
102,88,0.724,0.782,-0.015
102,89,0.495,0.576,-0.028
102,9,0.474,0.556,-0.025
102,90,0.643,0.712,-0.019
102,91,0.7,0.762,-0.016
102,92,0.878,0.907,-0.006
102,93,0.796,0.842,-0.011
102,94,0.701,0.763,-0.016
102,95,0.756,0.809,-0.013
102,96,0.667,0.733,-0.018
102,97,0.782,0.83,-0.012
102,98,0.961,0.971,-0.002
102,99,0.815,0.857,-0.01
103,10,0.214,0.285,-0.043
103,100,0.78,0.829,-0.012
103,101,0.957,0.968,-0.002
103,102,0.904,0.928,-0.005
103,103,0.928,0.946,-0.004
103,104,0.824,0.865,-0.01
103,105,0.883,0.911,-0.006
103,106,0.858,0.892,-0.008
103,107,0.981,0.986,0.001
103,108,0.935,0.951,-0.004
103,109,0.892,0.918,0.006
103,11,0.185,0.252,-0.045
103,110,0.74,0.795,0.014
103,111,0.938,0.954,0.003
103,112,0.971,0.978,0.002
103,113,0.993,0.995,-0.0
103,114,0.855,0.889,0.008
103,115,0.995,0.996,-0.0
103,116,0.672,0.737,-0.019
103,117,0.889,0.916,-0.006
103,118,0.654,0.722,-0.02
103,119,0.693,0.756,-0.017
103,12,0.279,0.357,-0.037
103,120,0.579,0.655,-0.025
103,121,0.729,0.786,-0.015
103,122,0.651,0.719,-0.02
103,123,0.839,0.876,-0.009
103,124,0.73,0.787,-0.015
103,125,0.76,0.812,-0.014
103,126,0.807,0.851,-0.011
103,127,0.818,0.86,-0.01
103,128,0.656,0.724,-0.02
103,129,0.673,0.738,-0.019
103,13,0.134,0.191,-0.051
103,130,0.552,0.63,-0.027
103,131,0.665,0.732,-0.019
103,132,0.704,0.765,-0.017
103,133,0.976,0.983,0.001
103,134,0.919,0.939,0.005
103,135,0.856,0.89,-0.008
103,136,0.848,0.884,-0.009
103,137,0.832,0.871,-0.01
103,138,0.888,0.916,-0.006
103,139,0.683,0.747,-0.018
103,14,0.334,0.416,-0.032
103,140,0.728,0.785,-0.016
103,141,0.688,0.751,-0.018
103,142,0.727,0.784,-0.016
103,143,0.686,0.749,-0.018
103,144,0.801,0.846,-0.011
103,145,0.75,0.803,-0.014
103,146,0.722,0.78,-0.016
103,147,0.581,0.656,-0.025
103,148,0.771,0.821,-0.013
103,149,0.801,0.846,-0.011
103,15,0.439,0.522,-0.026
103,150,0.762,0.814,-0.014
103,151,0.964,0.973,0.002
103,152,0.834,0.873,-0.009
103,153,0.694,0.756,-0.018
103,154,0.762,0.814,-0.014
103,155,0.949,0.962,-0.003
103,156,0.874,0.904,-0.007
103,157,0.858,0.892,-0.008
103,158,0.907,0.93,-0.005
103,159,0.739,0.794,-0.015
103,16,0.341,0.423,-0.032
103,160,0.872,0.902,-0.007
103,161,0.865,0.897,-0.008
103,162,0.747,0.801,-0.014
103,163,0.806,0.85,-0.011
103,164,0.707,0.768,-0.017
103,165,0.723,0.781,-0.016
103,166,0.827,0.867,-0.01
103,167,0.895,0.921,-0.006
103,168,0.872,0.902,-0.007
103,169,0.904,0.927,-0.005
103,17,0.371,0.454,-0.03
103,170,0.916,0.937,-0.005
103,171,0.8,0.845,-0.011
103,172,0.639,0.709,-0.021
103,173,0.715,0.774,-0.016
103,174,0.814,0.856,-0.01
103,175,0.919,0.939,0.005
103,176,0.904,0.928,0.005
103,177,0.742,0.798,0.015
103,178,0.715,0.774,0.016
103,179,0.873,0.904,0.007
103,18,0.584,0.659,-0.018
103,180,0.756,0.809,0.014
103,181,0.844,0.881,0.009
103,182,0.878,0.908,0.007
103,183,0.621,0.692,0.022
103,184,0.875,0.905,0.007
103,185,0.779,0.828,0.013
103,186,0.995,0.996,-0.0
103,187,0.954,0.966,0.003
103,188,0.92,0.94,0.005
103,189,0.675,0.74,0.019
103,19,0.397,0.48,-0.028
103,190,0.639,0.708,0.021
103,191,0.787,0.835,0.012
103,192,0.691,0.754,0.018
103,193,0.558,0.636,0.027
103,194,0.634,0.704,0.022
103,195,0.586,0.661,0.025
103,196,0.659,0.726,0.021
103,197,0.465,0.547,0.035
103,198,0.63,0.701,0.023
103,199,0.671,0.736,0.02
103,20,0.41,0.493,-0.027
103,200,0.475,0.557,0.035
103,201,0.548,0.626,0.029
103,202,0.542,0.62,0.03
103,203,0.492,0.574,0.034
103,204,0.501,0.582,0.034
103,205,0.428,0.511,0.04
103,206,0.428,0.511,0.04
103,207,0.447,0.53,0.039
103,208,0.333,0.415,0.05
103,209,0.259,0.335,0.059
103,21,0.265,0.342,-0.037
103,210,0.252,0.328,0.06
103,211,0.296,0.375,0.055
103,212,0.23,0.303,0.064
103,213,0.303,0.383,0.056
103,214,0.232,0.306,0.065
103,215,0.271,0.348,0.06
103,216,0.3,0.379,0.057
103,217,0.227,0.3,0.067
103,218,0.274,0.352,0.061
103,219,0.361,0.444,0.052
103,22,0.408,0.492,-0.027
103,220,0.243,0.317,0.067
103,221,0.285,0.363,0.062
103,222,0.447,0.53,0.044
103,223,0.383,0.466,0.051
103,224,0.328,0.409,0.057
103,225,0.326,0.408,0.058
103,226,0.366,0.449,0.053
103,227,0.493,0.574,0.041
103,228,0.437,0.521,0.047
103,229,0.466,0.548,0.044
103,23,0.526,0.606,-0.021
103,230,0.46,0.543,0.044
103,231,0.483,0.565,0.042
103,232,0.426,0.509,0.048
103,233,0.457,0.54,0.045
103,234,0.402,0.485,0.051
103,235,0.537,0.616,0.038
103,236,0.343,0.425,0.058
103,237,0.411,0.495,0.05
103,238,0.412,0.495,0.05
103,239,0.454,0.537,0.045
103,24,0.414,0.497,-0.027
103,240,0.481,0.563,0.043
103,241,0.453,0.536,0.046
103,242,0.417,0.5,0.049
103,243,0.432,0.515,0.048
103,244,0.408,0.491,0.05
103,245,0.481,0.563,0.043
103,246,0.428,0.511,0.048
103,247,0.513,0.593,0.04
103,248,0.542,0.621,0.037
103,249,0.612,0.684,0.031
103,25,0.45,0.533,-0.025
103,250,0.721,0.779,0.022
103,251,0.554,0.632,0.037
103,26,0.258,0.335,-0.037
103,27,0.519,0.599,-0.021
103,28,0.52,0.6,-0.021
103,29,0.392,0.475,-0.028
103,30,0.307,0.387,-0.034
103,31,0.288,0.367,-0.035
103,32,0.218,0.29,-0.041
103,33,0.282,0.36,-0.036
103,34,0.176,0.241,-0.045
103,35,0.139,0.198,-0.05
103,36,0.287,0.366,-0.036
103,37,0.261,0.338,-0.038
103,38,0.185,0.252,-0.045
103,39,0.321,0.402,-0.034
103,40,0.392,0.475,-0.029
103,41,0.201,0.27,-0.044
103,42,0.223,0.296,-0.041
103,43,0.603,0.677,-0.018
103,44,0.618,0.69,-0.017
103,45,0.49,0.572,-0.024
103,46,0.679,0.743,-0.014
103,47,0.542,0.62,-0.021
103,48,0.68,0.744,-0.014
103,49,0.56,0.638,-0.02
103,50,0.71,0.77,-0.013
103,51,0.454,0.537,-0.026
103,52,0.818,0.859,-0.008
103,53,0.458,0.54,-0.026
103,54,0.467,0.549,-0.026
103,55,0.518,0.598,-0.023
103,56,0.729,0.786,-0.012
103,57,0.706,0.767,-0.014
103,58,0.583,0.658,-0.02
103,59,0.779,0.828,-0.01
103,60,0.81,0.853,-0.009
103,61,0.852,0.887,-0.007
103,62,0.953,0.965,-0.002
103,63,0.954,0.966,0.002
103,64,0.825,0.865,-0.008
103,65,0.913,0.935,-0.004
103,66,0.914,0.935,-0.004
103,67,0.791,0.838,-0.01
103,68,0.605,0.678,-0.019
103,69,0.946,0.96,0.003
103,7,0.162,0.225,-0.05
103,70,0.916,0.937,-0.004
103,71,0.778,0.827,-0.011
103,72,0.653,0.721,-0.017
103,73,0.92,0.94,-0.004
103,74,0.88,0.909,0.006
103,75,0.72,0.778,-0.014
103,76,0.774,0.824,-0.011
103,77,0.977,0.983,-0.001
103,78,0.784,0.832,0.011
103,79,0.919,0.939,0.004
103,8,0.161,0.224,-0.049
103,80,0.843,0.88,-0.008
103,81,0.93,0.948,-0.003
103,82,0.799,0.845,-0.01
103,83,0.703,0.764,-0.015
103,84,0.648,0.716,-0.018
103,85,0.531,0.611,-0.025
103,86,0.567,0.644,-0.023
103,87,0.374,0.457,-0.036
103,88,0.623,0.694,-0.02
103,89,0.674,0.739,-0.017
103,9,0.2,0.269,-0.045
103,90,0.539,0.618,-0.025
103,91,0.557,0.634,-0.024
103,92,0.622,0.693,-0.021
103,93,0.756,0.808,-0.013
103,94,0.799,0.844,-0.011
103,95,0.594,0.668,-0.022
103,96,0.674,0.739,-0.018
103,97,0.678,0.742,-0.017
103,98,0.803,0.848,-0.01
103,99,0.815,0.857,-0.01
104,10,0.299,0.378,-0.036
104,100,0.968,0.976,-0.002
104,101,0.964,0.974,0.002
104,102,0.932,0.949,0.004
104,103,0.858,0.891,0.008
104,104,0.988,0.991,-0.001
104,105,0.767,0.818,0.013
104,106,0.87,0.901,0.007
104,107,0.792,0.839,0.011
104,108,0.877,0.906,0.007
104,109,0.931,0.948,0.004
104,11,0.289,0.368,-0.036
104,110,0.802,0.847,0.011
104,111,0.9,0.924,0.005
104,112,0.816,0.858,0.01
104,113,0.743,0.798,0.014
104,114,0.756,0.809,0.013
104,115,0.685,0.748,0.018
104,116,0.805,0.85,0.011
104,117,0.825,0.866,0.01
104,118,0.811,0.854,0.01
104,119,0.73,0.787,0.015
104,12,0.174,0.24,-0.046
104,120,0.897,0.923,0.006
104,121,0.904,0.928,0.005
104,122,1.0,1.0,0.0
104,123,0.824,0.864,0.01
104,124,0.928,0.946,0.004
104,125,0.889,0.916,0.006
104,126,0.994,0.995,0.0
104,127,0.87,0.901,-0.007
104,128,0.824,0.865,0.01
104,129,0.878,0.907,0.007
104,13,0.334,0.415,-0.032
104,130,0.858,0.892,-0.008
104,131,0.95,0.963,0.003
104,132,0.903,0.927,-0.005
104,133,0.874,0.904,-0.007
104,134,0.731,0.788,-0.015
104,135,0.946,0.96,-0.003
104,136,0.903,0.927,-0.005
104,137,0.732,0.789,-0.015
104,138,0.745,0.8,-0.014
104,139,0.928,0.946,-0.004
104,14,0.356,0.438,-0.031
104,140,0.95,0.962,-0.003
104,141,0.828,0.868,-0.01
104,142,0.955,0.967,-0.003
104,143,0.894,0.92,0.006
104,144,0.984,0.988,-0.001
104,145,0.895,0.92,0.006
104,146,0.975,0.981,0.001
104,147,0.995,0.996,-0.0
104,148,0.93,0.948,-0.004
104,149,0.921,0.941,0.004
104,15,0.365,0.448,-0.03
104,150,0.762,0.814,0.014
104,151,0.945,0.959,0.003
104,152,0.945,0.959,0.003
104,153,0.937,0.953,-0.003
104,154,0.961,0.971,-0.002
104,155,0.989,0.992,-0.001
104,156,0.821,0.862,-0.01
104,157,0.962,0.971,-0.002
104,158,0.97,0.978,-0.002
104,159,0.867,0.899,-0.007
104,16,0.305,0.385,-0.034
104,160,0.774,0.823,-0.013
104,161,0.957,0.968,-0.002
104,162,0.848,0.883,-0.009
104,163,0.952,0.964,-0.003
104,164,0.987,0.99,0.001
104,165,0.889,0.916,-0.006
104,166,0.826,0.866,-0.01
104,167,0.867,0.899,-0.007
104,168,0.88,0.909,-0.007
104,169,0.709,0.77,-0.017
104,17,0.201,0.271,-0.042
104,170,0.766,0.817,-0.013
104,171,0.809,0.853,-0.011
104,172,0.98,0.986,0.001
104,173,0.901,0.925,0.006
104,174,0.894,0.92,0.006
104,175,0.575,0.651,0.025
104,176,0.593,0.667,0.024
104,177,0.666,0.732,0.019
104,178,0.626,0.697,0.022
104,179,0.763,0.814,0.014
104,18,0.375,0.458,-0.029
104,180,0.703,0.764,0.017
104,181,0.586,0.661,0.024
104,182,0.626,0.697,0.022
104,183,0.723,0.781,0.016
104,184,0.591,0.666,0.024
104,185,0.691,0.754,0.018
104,186,0.606,0.679,0.023
104,187,0.6,0.674,0.024
104,188,0.808,0.851,0.011
104,189,0.681,0.745,0.019
104,19,0.275,0.353,-0.036
104,190,0.648,0.716,0.021
104,191,0.532,0.612,0.029
104,192,0.626,0.697,0.023
104,193,0.7,0.762,0.018
104,194,0.526,0.606,0.03
104,195,0.593,0.668,0.025
104,196,0.531,0.61,0.03
104,197,0.526,0.606,0.03
104,198,0.626,0.697,0.024
104,199,0.608,0.681,0.025
104,20,0.316,0.396,-0.033
104,200,0.443,0.526,0.038
104,201,0.395,0.478,0.042
104,202,0.5,0.581,0.034
104,203,0.36,0.442,0.046
104,204,0.397,0.48,0.043
104,205,0.283,0.361,0.055
104,206,0.446,0.529,0.039
104,207,0.521,0.601,0.033
104,208,0.495,0.576,0.036
104,209,0.421,0.504,0.042
104,21,0.398,0.481,-0.028
104,210,0.329,0.41,0.052
104,211,0.313,0.393,0.054
104,212,0.277,0.355,0.059
104,213,0.297,0.376,0.057
104,214,0.41,0.493,0.045
104,215,0.314,0.394,0.056
104,216,0.246,0.321,0.065
104,217,0.268,0.346,0.062
104,218,0.26,0.337,0.064
104,219,0.323,0.404,0.056
104,22,0.35,0.432,-0.031
104,220,0.298,0.378,0.06
104,221,0.315,0.395,0.058
104,222,0.27,0.348,0.064
104,223,0.287,0.366,0.062
104,224,0.301,0.38,0.061
104,225,0.289,0.368,0.063
104,226,0.331,0.412,0.058
104,227,0.339,0.421,0.057
104,228,0.285,0.364,0.064
104,229,0.363,0.446,0.055
104,23,0.538,0.617,-0.02
104,230,0.363,0.446,0.055
104,231,0.387,0.47,0.052
104,232,0.345,0.427,0.057
104,233,0.361,0.444,0.055
104,234,0.515,0.595,0.039
104,235,0.623,0.695,0.03
104,236,0.499,0.58,0.041
104,237,0.47,0.552,0.044
104,238,0.441,0.524,0.047
104,239,0.707,0.768,0.023
104,24,0.565,0.641,-0.019
104,240,0.488,0.569,0.042
104,241,0.464,0.547,0.044
104,242,0.638,0.707,0.028
104,243,0.44,0.523,0.047
104,244,0.645,0.714,0.028
104,245,0.665,0.731,0.026
104,246,0.648,0.716,0.028
104,247,0.646,0.715,0.028
104,248,0.621,0.693,0.03
104,249,0.588,0.663,0.033
104,25,0.378,0.461,-0.029
104,250,0.782,0.83,0.017
104,251,0.763,0.815,0.019
104,26,0.884,0.912,-0.005
104,27,0.691,0.754,-0.013
104,28,0.823,0.864,-0.007
104,29,0.659,0.726,-0.015
104,30,0.585,0.66,-0.018
104,31,0.65,0.718,-0.015
104,32,0.398,0.482,-0.028
104,33,0.62,0.692,-0.017
104,34,0.975,0.982,-0.001
104,35,0.678,0.743,-0.014
104,36,0.809,0.852,-0.008
104,37,0.516,0.596,-0.022
104,38,0.744,0.799,-0.011
104,39,0.728,0.785,-0.012
104,40,0.563,0.64,-0.02
104,41,0.632,0.702,-0.016
104,42,0.507,0.588,-0.023
104,43,0.752,0.806,-0.011
104,44,0.834,0.873,-0.007
104,45,0.536,0.615,-0.021
104,46,0.677,0.742,-0.014
104,47,0.399,0.482,-0.029
104,48,0.774,0.824,-0.01
104,49,0.775,0.824,-0.01
104,50,0.859,0.892,-0.006
104,51,0.685,0.749,-0.014
104,52,0.983,0.987,-0.001
104,53,0.977,0.983,0.001
104,54,0.659,0.726,-0.016
104,55,0.408,0.491,-0.029
104,56,0.599,0.672,-0.019
104,57,0.543,0.622,-0.022
104,58,0.688,0.751,-0.014
104,59,0.703,0.764,-0.014
104,60,0.735,0.792,-0.012
104,61,0.653,0.721,-0.016
104,62,0.786,0.834,-0.01
104,63,0.921,0.941,-0.004
104,64,0.941,0.956,-0.003
104,65,0.892,0.919,-0.005
104,66,0.988,0.991,-0.001
104,67,0.732,0.788,-0.013
104,68,0.915,0.936,-0.004
104,69,0.842,0.879,-0.007
104,7,0.32,0.401,-0.035
104,70,0.778,0.827,-0.011
104,71,0.732,0.789,-0.013
104,72,0.685,0.748,-0.015
104,73,0.984,0.988,-0.001
104,74,0.91,0.932,0.004
104,75,0.899,0.924,0.005
104,76,0.59,0.664,-0.021
104,77,0.916,0.937,-0.004
104,78,0.646,0.715,-0.018
104,79,0.579,0.655,-0.022
104,8,0.326,0.408,-0.034
104,80,0.715,0.774,-0.014
104,81,0.824,0.864,-0.009
104,82,0.71,0.77,-0.015
104,83,0.692,0.755,-0.016
104,84,0.778,0.827,-0.011
104,85,0.673,0.739,-0.017
104,86,0.569,0.645,-0.023
104,87,0.791,0.838,-0.011
104,88,0.667,0.733,-0.017
104,89,0.845,0.882,-0.008
104,9,0.295,0.375,-0.036
104,90,0.75,0.804,-0.013
104,91,0.733,0.79,-0.014
104,92,0.831,0.87,-0.009
104,93,0.777,0.826,-0.012
104,94,0.655,0.723,-0.018
104,95,0.978,0.984,-0.001
104,96,0.742,0.797,-0.014
104,97,0.878,0.908,-0.006
104,98,0.846,0.882,-0.008
104,99,0.792,0.838,-0.011
105,10,0.352,0.435,-0.032
105,100,0.853,0.888,-0.008
105,101,0.876,0.906,0.007
105,102,0.986,0.99,0.001
105,103,0.952,0.964,-0.003
105,104,0.961,0.971,-0.002
105,105,0.849,0.885,0.008
105,106,0.935,0.952,-0.003
105,107,0.931,0.948,-0.004
105,108,0.89,0.917,0.006
105,109,0.887,0.915,0.006
105,11,0.893,0.919,-0.005
105,110,0.857,0.891,0.008
105,111,0.987,0.99,0.001
105,112,0.876,0.906,-0.007
105,113,0.961,0.971,-0.002
105,114,0.704,0.765,-0.016
105,115,0.658,0.725,-0.019
105,116,0.852,0.887,-0.008
105,117,0.848,0.883,-0.008
105,118,0.919,0.939,-0.004
105,119,0.899,0.923,-0.006
105,12,0.694,0.756,-0.013
105,120,0.973,0.98,0.001
105,121,0.997,0.998,-0.0
105,122,0.793,0.839,0.011
105,123,0.848,0.883,0.008
105,124,0.766,0.817,0.013
105,125,0.673,0.738,0.018
105,126,0.601,0.675,0.023
105,127,0.797,0.843,0.011
105,128,0.807,0.851,0.011
105,129,0.864,0.896,0.008
105,13,0.53,0.609,-0.021
105,130,0.805,0.849,0.011
105,131,0.651,0.719,0.02
105,132,0.762,0.814,0.013
105,133,0.923,0.942,0.004
105,134,0.981,0.986,-0.001
105,135,0.809,0.853,-0.011
105,136,0.934,0.951,-0.004
105,137,0.874,0.904,-0.007
105,138,0.777,0.826,-0.012
105,139,0.711,0.771,-0.016
105,14,0.551,0.629,-0.02
105,140,0.738,0.794,-0.015
105,141,0.7,0.761,-0.017
105,142,0.852,0.887,-0.008
105,143,0.967,0.975,-0.002
105,144,0.961,0.971,-0.002
105,145,0.935,0.951,-0.004
105,146,0.827,0.867,0.01
105,147,0.919,0.94,0.004
105,148,0.895,0.921,0.006
105,149,0.946,0.959,0.003
105,15,0.55,0.628,-0.02
105,150,0.645,0.714,0.02
105,151,0.662,0.729,0.019
105,152,0.511,0.591,0.029
105,153,0.631,0.702,0.021
105,154,0.679,0.743,0.018
105,155,0.657,0.724,0.019
105,156,0.638,0.707,0.021
105,157,0.59,0.665,0.024
105,158,0.659,0.726,0.019
105,159,0.746,0.8,0.014
105,16,0.447,0.529,-0.025
105,160,0.866,0.898,0.007
105,161,0.901,0.925,0.005
105,162,0.726,0.783,0.015
105,163,0.728,0.785,0.015
105,164,0.731,0.788,0.015
105,165,0.713,0.773,0.016
105,166,0.963,0.972,-0.002
105,167,0.978,0.984,-0.001
105,168,0.973,0.98,0.001
105,169,0.876,0.906,0.007
105,17,0.572,0.648,-0.019
105,170,0.944,0.958,0.003
105,171,0.937,0.953,0.003
105,172,0.928,0.946,0.004
105,173,0.998,0.998,0.0
105,174,0.952,0.964,-0.003
105,175,0.762,0.814,0.013
105,176,0.776,0.825,0.013
105,177,0.65,0.718,0.02
105,178,0.709,0.77,0.017
105,179,0.623,0.694,0.022
105,18,0.516,0.596,-0.021
105,180,0.757,0.809,0.014
105,181,0.751,0.805,0.014
105,182,0.806,0.85,0.011
105,183,0.642,0.711,0.021
105,184,0.565,0.642,0.026
105,185,0.485,0.567,0.032
105,186,0.461,0.544,0.034
105,187,0.416,0.499,0.037
105,188,0.429,0.512,0.036
105,189,0.352,0.434,0.043
105,19,0.532,0.611,-0.02
105,190,0.421,0.504,0.037
105,191,0.433,0.516,0.037
105,192,0.672,0.737,0.02
105,193,0.553,0.631,0.028
105,194,0.573,0.649,0.027
105,195,0.563,0.64,0.028
105,196,0.509,0.589,0.032
105,197,0.551,0.629,0.029
105,198,0.58,0.656,0.027
105,199,0.418,0.501,0.04
105,20,0.464,0.547,-0.024
105,200,0.415,0.498,0.041
105,201,0.274,0.352,0.055
105,202,0.337,0.419,0.049
105,203,0.316,0.396,0.051
105,204,0.309,0.39,0.052
105,205,0.409,0.492,0.043
105,206,0.18,0.246,0.07
105,207,0.268,0.346,0.058
105,208,0.207,0.278,0.067
105,209,0.235,0.309,0.063
105,21,0.576,0.652,-0.018
105,210,0.149,0.209,0.078
105,211,0.136,0.193,0.081
105,212,0.157,0.219,0.078
105,213,0.216,0.287,0.068
105,214,0.163,0.226,0.078
105,215,0.179,0.246,0.075
105,216,0.19,0.258,0.074
105,217,0.215,0.286,0.07
105,218,0.219,0.291,0.07
105,219,0.265,0.342,0.064
105,22,0.536,0.615,-0.02
105,220,0.284,0.362,0.062
105,221,0.289,0.368,0.062
105,222,0.301,0.381,0.06
105,223,0.277,0.355,0.064
105,224,0.235,0.309,0.07
105,225,0.214,0.285,0.074
105,226,0.195,0.264,0.077
105,227,0.31,0.39,0.06
105,228,0.293,0.373,0.063
105,229,0.324,0.405,0.059
105,23,0.672,0.738,-0.014
105,230,0.231,0.305,0.072
105,231,0.21,0.281,0.075
105,232,0.221,0.293,0.073
105,233,0.334,0.415,0.058
105,234,0.356,0.439,0.055
105,235,0.286,0.364,0.064
105,236,0.251,0.326,0.069
105,237,0.245,0.321,0.07
105,238,0.305,0.385,0.061
105,239,0.296,0.376,0.063
105,24,0.612,0.685,-0.017
105,240,0.33,0.412,0.058
105,241,0.376,0.458,0.053
105,242,0.296,0.375,0.063
105,243,0.325,0.406,0.059
105,244,0.394,0.477,0.051
105,245,0.377,0.46,0.053
105,246,0.406,0.489,0.05
105,247,0.603,0.677,0.031
105,248,0.713,0.773,0.022
105,249,0.696,0.758,0.024
105,25,0.703,0.764,-0.013
105,250,0.704,0.765,0.023
105,251,0.877,0.907,0.01
105,26,0.854,0.889,-0.006
105,27,0.747,0.802,-0.011
105,28,0.423,0.506,-0.026
105,29,0.328,0.409,-0.032
105,30,0.604,0.677,-0.017
105,31,0.375,0.458,-0.029
105,32,0.296,0.376,-0.035
105,33,0.248,0.324,-0.038
105,34,0.373,0.456,-0.03
105,35,0.526,0.605,-0.021
105,36,0.295,0.374,-0.035
105,37,0.13,0.187,-0.051
105,38,0.252,0.328,-0.038
105,39,0.246,0.322,-0.039
105,40,0.344,0.426,-0.032
105,41,0.276,0.354,-0.037
105,42,0.218,0.29,-0.042
105,43,0.407,0.49,-0.028
105,44,0.253,0.329,-0.039
105,45,0.386,0.469,-0.03
105,46,0.374,0.457,-0.031
105,47,0.374,0.457,-0.031
105,48,0.265,0.342,-0.038
105,49,0.262,0.339,-0.039
105,50,0.32,0.4,-0.035
105,51,0.281,0.36,-0.038
105,52,0.369,0.452,-0.031
105,53,0.284,0.362,-0.038
105,54,0.448,0.531,-0.027
105,55,0.43,0.513,-0.028
105,56,0.343,0.425,-0.033
105,57,0.456,0.539,-0.027
105,58,0.404,0.487,-0.03
105,59,0.406,0.489,-0.03
105,60,0.391,0.474,-0.031
105,61,0.39,0.474,-0.031
105,62,0.618,0.69,-0.018
105,63,0.546,0.624,-0.022
105,64,0.752,0.805,-0.012
105,65,0.833,0.872,-0.008
105,66,0.631,0.702,-0.018
105,67,0.775,0.825,-0.011
105,68,0.637,0.707,-0.017
105,69,0.898,0.923,0.005
105,7,0.723,0.781,-0.013
105,70,0.881,0.91,-0.006
105,71,0.722,0.78,-0.013
105,72,0.909,0.931,-0.004
105,73,0.92,0.94,-0.004
105,74,0.984,0.988,-0.001
105,75,0.824,0.865,-0.008
105,76,0.96,0.97,0.002
105,77,0.537,0.616,-0.024
105,78,0.755,0.808,-0.012
105,79,0.723,0.781,-0.014
105,8,0.723,0.781,-0.013
105,80,0.76,0.812,-0.012
105,81,0.579,0.655,-0.022
105,82,0.715,0.774,-0.014
105,83,0.832,0.871,-0.008
105,84,0.503,0.584,-0.026
105,85,0.784,0.832,-0.011
105,86,0.694,0.756,-0.016
105,87,0.58,0.655,-0.022
105,88,0.59,0.665,-0.022
105,89,0.504,0.585,-0.027
105,9,0.983,0.987,-0.001
105,90,0.725,0.782,-0.014
105,91,0.973,0.98,0.001
105,92,0.9,0.924,-0.005
105,93,0.656,0.724,-0.018
105,94,0.738,0.794,-0.014
105,95,0.825,0.866,-0.009
105,96,0.949,0.962,-0.003
105,97,0.917,0.937,0.004
105,98,0.871,0.902,0.007
105,99,0.951,0.964,-0.003
106,10,0.201,0.271,-0.044
106,100,0.926,0.945,0.004
106,101,0.975,0.981,0.001
106,102,0.881,0.91,0.006
106,103,0.899,0.924,0.005
106,104,0.905,0.928,0.005
106,105,0.823,0.864,0.009
106,106,0.941,0.956,0.003
106,107,0.914,0.936,0.005
106,108,0.774,0.824,0.012
106,109,0.802,0.847,0.011
106,11,0.147,0.208,-0.05
106,110,0.701,0.762,0.016
106,111,0.711,0.771,0.016
106,112,0.77,0.82,0.012
106,113,0.898,0.923,0.005
106,114,0.796,0.842,0.011
106,115,0.858,0.892,0.008
106,116,0.97,0.978,-0.002
106,117,0.915,0.936,0.005
106,118,0.903,0.927,0.005
106,119,0.786,0.833,0.012
106,12,0.22,0.292,-0.042
106,120,0.696,0.758,0.017
106,121,0.816,0.858,0.01
106,122,0.912,0.934,0.005
106,123,0.999,0.999,0.0
106,124,0.833,0.872,0.009
106,125,0.79,0.837,0.011
106,126,0.965,0.974,0.002
106,127,0.873,0.903,0.007
106,128,0.833,0.872,0.009
106,129,0.764,0.815,0.013
106,13,0.339,0.421,-0.032
106,130,0.764,0.815,0.013
106,131,0.758,0.81,0.013
106,132,0.715,0.774,0.016
106,133,0.792,0.839,0.011
106,134,0.775,0.825,0.012
106,135,0.748,0.802,0.014
106,136,0.716,0.775,0.016
106,137,0.878,0.907,0.007
106,138,0.877,0.907,0.007
106,139,0.959,0.97,0.002
106,14,0.199,0.268,-0.043
106,140,0.729,0.786,0.015
106,141,0.602,0.675,0.023
106,142,0.851,0.886,0.008
106,143,0.967,0.976,0.002
106,144,0.909,0.932,0.005
106,145,0.802,0.846,0.011
106,146,0.805,0.849,0.011
106,147,0.85,0.885,0.008
106,148,0.705,0.766,0.017
106,149,0.611,0.683,0.022
106,15,0.264,0.341,-0.037
106,150,0.508,0.589,0.029
106,151,0.518,0.598,0.028
106,152,0.735,0.791,0.015
106,153,0.654,0.722,0.02
106,154,0.458,0.541,0.032
106,155,0.504,0.585,0.029
106,156,0.633,0.703,0.021
106,157,0.658,0.726,0.019
106,158,0.632,0.702,0.021
106,159,0.807,0.851,0.011
106,16,0.201,0.271,-0.043
106,160,0.898,0.923,0.006
106,161,0.951,0.963,0.003
106,162,0.953,0.965,0.003
106,163,0.9,0.925,0.005
106,164,0.819,0.86,-0.01
106,165,0.902,0.926,-0.005
106,166,0.99,0.993,-0.001
106,167,0.971,0.979,0.002
106,168,0.804,0.848,-0.011
106,169,0.934,0.951,-0.004
106,17,0.126,0.182,-0.051
106,170,0.97,0.978,-0.002
106,171,0.933,0.95,0.004
106,172,0.886,0.914,0.006
106,173,0.666,0.732,0.019
106,174,0.632,0.703,0.021
106,175,0.855,0.889,0.008
106,176,0.908,0.931,0.005
106,177,0.6,0.673,0.023
106,178,0.787,0.834,0.012
106,179,0.73,0.787,0.015
106,18,0.368,0.451,-0.03
106,180,0.766,0.817,0.013
106,181,0.842,0.879,0.009
106,182,0.927,0.945,0.004
106,183,0.801,0.846,0.012
106,184,0.813,0.855,0.011
106,185,0.805,0.849,0.011
106,186,0.806,0.85,0.011
106,187,0.742,0.797,0.015
106,188,0.768,0.818,0.014
106,189,0.692,0.755,0.019
106,19,0.316,0.397,-0.033
106,190,0.44,0.523,0.036
106,191,0.543,0.621,0.029
106,192,0.577,0.653,0.027
106,193,0.596,0.67,0.025
106,194,0.516,0.596,0.031
106,195,0.406,0.489,0.04
106,196,0.5,0.581,0.033
106,197,0.518,0.598,0.032
106,198,0.474,0.556,0.036
106,199,0.368,0.451,0.045
106,20,0.544,0.623,-0.02
106,200,0.461,0.544,0.037
106,201,0.411,0.495,0.042
106,202,0.392,0.475,0.044
106,203,0.264,0.341,0.058
106,204,0.235,0.309,0.062
106,205,0.36,0.443,0.048
106,206,0.417,0.501,0.043
106,207,0.336,0.418,0.052
106,208,0.25,0.326,0.062
106,209,0.284,0.363,0.058
106,21,0.287,0.366,-0.035
106,210,0.236,0.31,0.065
106,211,0.157,0.219,0.078
106,212,0.14,0.199,0.082
106,213,0.185,0.253,0.074
106,214,0.187,0.254,0.075
106,215,0.266,0.343,0.063
106,216,0.248,0.323,0.066
106,217,0.304,0.383,0.059
106,218,0.258,0.334,0.065
106,219,0.302,0.382,0.06
106,22,0.327,0.409,-0.032
106,220,0.297,0.376,0.061
106,221,0.251,0.327,0.067
106,222,0.274,0.352,0.064
106,223,0.214,0.285,0.073
106,224,0.313,0.394,0.06
106,225,0.218,0.29,0.073
106,226,0.272,0.35,0.065
106,227,0.284,0.362,0.064
106,228,0.226,0.298,0.072
106,229,0.236,0.31,0.071
106,23,0.36,0.443,-0.03
106,230,0.339,0.421,0.057
106,231,0.402,0.486,0.05
106,232,0.213,0.285,0.074
106,233,0.375,0.458,0.053
106,234,0.314,0.395,0.06
106,235,0.405,0.488,0.05
106,236,0.313,0.393,0.06
106,237,0.299,0.379,0.062
106,238,0.471,0.554,0.043
106,239,0.504,0.585,0.04
106,24,0.638,0.707,-0.015
106,240,0.386,0.469,0.052
106,241,0.36,0.443,0.055
106,242,0.504,0.585,0.04
106,243,0.596,0.67,0.032
106,244,0.693,0.755,0.024
106,245,0.696,0.758,0.023
106,246,0.477,0.559,0.043
106,247,0.664,0.73,0.026
106,248,0.847,0.883,0.012
106,249,0.714,0.773,0.022
106,25,0.419,0.502,-0.027
106,250,0.79,0.837,0.016
106,251,0.963,0.973,0.003
106,26,0.67,0.736,-0.014
106,27,0.556,0.634,-0.019
106,28,0.538,0.617,-0.02
106,29,0.343,0.425,-0.031
106,30,0.365,0.448,-0.03
106,31,0.462,0.545,-0.024
106,32,0.56,0.637,-0.019
106,33,0.481,0.562,-0.023
106,34,0.341,0.423,-0.032
106,35,0.369,0.451,-0.03
106,36,0.37,0.453,-0.03
106,37,0.48,0.562,-0.024
106,38,0.604,0.677,-0.017
106,39,0.711,0.771,-0.012
106,40,0.77,0.821,-0.01
106,41,0.39,0.474,-0.029
106,42,0.489,0.57,-0.023
106,43,0.861,0.894,-0.006
106,44,0.707,0.768,-0.013
106,45,0.696,0.758,-0.013
106,46,0.625,0.696,-0.017
106,47,0.889,0.916,0.005
106,48,0.776,0.825,-0.01
106,49,0.523,0.603,-0.022
106,50,0.804,0.848,-0.009
106,51,0.496,0.577,-0.024
106,52,0.509,0.589,-0.023
106,53,0.651,0.719,-0.016
106,54,0.967,0.975,-0.001
106,55,0.816,0.858,-0.008
106,56,0.772,0.822,-0.01
106,57,0.81,0.854,-0.008
106,58,0.703,0.765,-0.014
106,59,0.844,0.881,-0.007
106,60,0.887,0.915,-0.005
106,61,0.622,0.693,-0.018
106,62,0.81,0.854,-0.009
106,63,0.801,0.846,0.009
106,64,0.865,0.897,0.006
106,65,0.988,0.991,-0.001
106,66,0.92,0.94,-0.004
106,67,0.864,0.896,-0.006
106,68,0.924,0.943,-0.004
106,69,0.957,0.968,-0.002
106,7,0.176,0.242,-0.049
106,70,0.981,0.986,0.001
106,71,0.978,0.984,0.001
106,72,0.847,0.883,0.007
106,73,0.908,0.93,-0.004
106,74,0.898,0.923,-0.005
106,75,0.868,0.899,0.006
106,76,0.936,0.952,0.003
106,77,0.846,0.882,-0.007
106,78,0.962,0.972,-0.002
106,79,0.965,0.974,-0.002
106,8,0.181,0.247,-0.047
106,80,0.871,0.902,-0.006
106,81,0.937,0.953,0.003
106,82,0.859,0.892,-0.007
106,83,0.867,0.899,-0.007
106,84,0.846,0.883,-0.008
106,85,0.792,0.839,-0.01
106,86,0.929,0.947,-0.004
106,87,0.919,0.939,0.004
106,88,0.853,0.888,-0.007
106,89,0.634,0.704,-0.019
106,9,0.114,0.167,-0.055
106,90,0.757,0.81,-0.012
106,91,0.653,0.721,-0.018
106,92,0.995,0.996,-0.0
106,93,0.902,0.926,-0.005
106,94,0.999,0.999,0.0
106,95,0.832,0.871,-0.009
106,96,0.89,0.917,-0.006
106,97,0.718,0.777,-0.015
106,98,0.667,0.733,-0.018
106,99,0.844,0.881,-0.008
107,10,0.251,0.327,-0.04
107,100,0.995,0.996,-0.0
107,101,0.878,0.907,0.006
107,102,0.91,0.933,0.005
107,103,0.981,0.986,-0.001
107,104,0.825,0.865,0.009
107,105,0.993,0.995,0.0
107,106,0.868,0.899,0.007
107,107,0.905,0.928,0.005
107,108,0.906,0.929,0.005
107,109,0.876,0.906,0.007
107,11,0.247,0.323,-0.04
107,110,0.634,0.704,0.02
107,111,0.452,0.535,0.031
107,112,0.58,0.655,0.023
107,113,0.715,0.775,0.015
107,114,0.624,0.695,0.021
107,115,0.613,0.686,0.021
107,116,0.534,0.613,0.026
107,117,0.399,0.483,0.036
107,118,0.409,0.492,0.035
107,119,0.487,0.569,0.029
107,12,0.317,0.398,-0.034
107,120,0.713,0.772,0.016
107,121,0.51,0.591,0.028
107,122,0.566,0.643,0.024
107,123,0.626,0.697,0.021
107,124,0.588,0.663,0.023
107,125,0.581,0.657,0.024
107,126,0.581,0.656,0.024
107,127,0.487,0.569,0.03
107,128,0.559,0.636,0.025
107,129,0.915,0.936,0.005
107,13,0.381,0.464,-0.03
107,130,0.812,0.855,0.01
107,131,0.827,0.867,0.009
107,132,0.756,0.809,0.013
107,133,0.687,0.75,0.017
107,134,0.82,0.861,0.01
107,135,0.814,0.857,0.01
107,136,0.874,0.904,0.007
107,137,0.911,0.933,0.005
107,138,0.973,0.98,0.001
107,139,0.935,0.952,0.004
107,14,0.273,0.351,-0.037
107,140,0.861,0.894,0.008
107,141,0.645,0.714,0.02
107,142,0.653,0.721,0.02
107,143,0.774,0.823,0.013
107,144,0.64,0.709,0.02
107,145,0.639,0.709,0.02
107,146,0.516,0.596,0.028
107,147,0.527,0.607,0.028
107,148,0.562,0.639,0.025
107,149,0.521,0.601,0.028
107,15,0.461,0.543,-0.025
107,150,0.455,0.538,0.032
107,151,0.601,0.675,0.023
107,152,0.46,0.542,0.032
107,153,0.553,0.631,0.026
107,154,0.54,0.618,0.027
107,155,0.358,0.44,0.04
107,156,0.514,0.595,0.028
107,157,0.402,0.486,0.036
107,158,0.558,0.636,0.025
107,159,0.56,0.638,0.025
107,16,0.343,0.425,-0.032
107,160,0.527,0.606,0.028
107,161,0.745,0.8,0.014
107,162,0.728,0.785,0.015
107,163,0.802,0.847,0.011
107,164,0.622,0.693,0.022
107,165,0.623,0.694,0.022
107,166,0.674,0.739,0.018
107,167,0.549,0.627,0.026
107,168,0.642,0.711,0.021
107,169,0.735,0.791,0.015
107,17,0.316,0.397,-0.033
107,170,0.694,0.756,0.017
107,171,0.657,0.725,0.02
107,172,0.76,0.812,0.014
107,173,0.68,0.744,0.018
107,174,0.598,0.672,0.024
107,175,0.667,0.733,0.019
107,176,0.562,0.639,0.026
107,177,0.76,0.812,0.014
107,178,0.544,0.622,0.027
107,179,0.514,0.594,0.029
107,18,0.461,0.544,-0.024
107,180,0.554,0.632,0.027
107,181,0.558,0.635,0.027
107,182,0.34,0.422,0.044
107,183,0.44,0.523,0.036
107,184,0.556,0.634,0.027
107,185,0.492,0.573,0.032
107,186,0.597,0.671,0.025
107,187,0.451,0.534,0.035
107,188,0.394,0.477,0.04
107,189,0.383,0.466,0.041
107,19,0.441,0.524,-0.026
107,190,0.394,0.478,0.041
107,191,0.411,0.495,0.04
107,192,0.378,0.461,0.043
107,193,0.426,0.509,0.039
107,194,0.55,0.628,0.029
107,195,0.409,0.492,0.041
107,196,0.52,0.6,0.032
107,197,0.414,0.498,0.041
107,198,0.493,0.575,0.035
107,199,0.43,0.514,0.04
107,20,0.458,0.541,-0.024
107,200,0.487,0.569,0.036
107,201,0.49,0.571,0.036
107,202,0.35,0.432,0.049
107,203,0.444,0.527,0.04
107,204,0.299,0.379,0.055
107,205,0.262,0.339,0.06
107,206,0.376,0.459,0.048
107,207,0.327,0.408,0.053
107,208,0.33,0.412,0.053
107,209,0.234,0.307,0.065
107,21,0.462,0.544,-0.024
107,210,0.204,0.274,0.07
107,211,0.305,0.386,0.057
107,212,0.287,0.366,0.06
107,213,0.237,0.311,0.067
107,214,0.272,0.349,0.062
107,215,0.25,0.325,0.066
107,216,0.23,0.304,0.069
107,217,0.196,0.265,0.074
107,218,0.262,0.338,0.065
107,219,0.211,0.282,0.073
107,22,0.569,0.645,-0.019
107,220,0.217,0.289,0.072
107,221,0.256,0.332,0.067
107,222,0.352,0.434,0.055
107,223,0.221,0.293,0.072
107,224,0.343,0.425,0.056
107,225,0.247,0.322,0.069
107,226,0.229,0.302,0.071
107,227,0.306,0.386,0.061
107,228,0.307,0.387,0.061
107,229,0.369,0.452,0.053
107,23,0.867,0.899,-0.006
107,230,0.437,0.52,0.046
107,231,0.406,0.49,0.049
107,232,0.388,0.471,0.051
107,233,0.471,0.553,0.043
107,234,0.51,0.591,0.039
107,235,0.619,0.691,0.029
107,236,0.476,0.558,0.042
107,237,0.436,0.52,0.046
107,238,0.575,0.651,0.033
107,239,0.499,0.58,0.04
107,24,0.941,0.956,-0.002
107,240,0.383,0.466,0.051
107,241,0.321,0.402,0.058
107,242,0.376,0.459,0.052
107,243,0.291,0.37,0.062
107,244,0.391,0.474,0.051
107,245,0.466,0.548,0.043
107,246,0.368,0.451,0.054
107,247,0.384,0.467,0.052
107,248,0.442,0.525,0.046
107,249,0.461,0.544,0.045
107,25,0.794,0.841,-0.009
107,250,0.476,0.558,0.043
107,251,0.568,0.644,0.035
107,26,0.872,0.903,-0.005
107,27,0.843,0.879,-0.007
107,28,0.574,0.65,-0.019
107,29,0.829,0.868,-0.007
107,30,0.685,0.749,-0.013
107,31,0.666,0.733,-0.014
107,32,0.66,0.727,-0.015
107,33,0.883,0.911,-0.005
107,34,0.448,0.531,-0.025
107,35,0.383,0.466,-0.029
107,36,0.765,0.817,-0.01
107,37,0.554,0.632,-0.02
107,38,0.454,0.537,-0.025
107,39,0.639,0.709,-0.016
107,40,0.515,0.596,-0.022
107,41,0.671,0.737,-0.014
107,42,0.376,0.458,-0.03
107,43,0.377,0.46,-0.03
107,44,0.328,0.409,-0.033
107,45,0.536,0.615,-0.021
107,46,0.672,0.738,-0.014
107,47,0.757,0.81,-0.011
107,48,0.706,0.767,-0.013
107,49,0.719,0.778,-0.012
107,50,0.779,0.828,-0.01
107,51,0.516,0.596,-0.022
107,52,0.445,0.528,-0.027
107,53,0.481,0.563,-0.025
107,54,0.58,0.656,-0.019
107,55,0.668,0.734,-0.015
107,56,0.756,0.809,-0.011
107,57,0.541,0.62,-0.022
107,58,0.678,0.743,-0.015
107,59,0.453,0.536,-0.027
107,60,0.761,0.813,-0.011
107,61,0.622,0.693,-0.018
107,62,0.52,0.6,-0.023
107,63,0.725,0.783,-0.013
107,64,0.641,0.71,-0.017
107,65,0.883,0.911,-0.005
107,66,0.996,0.997,-0.0
107,67,0.873,0.904,-0.006
107,68,0.741,0.796,-0.012
107,69,0.854,0.888,-0.007
107,70,0.995,0.997,0.0
107,71,0.884,0.912,0.005
107,72,0.994,0.995,0.0
107,73,0.846,0.882,-0.007
107,74,0.876,0.906,-0.006
107,75,0.925,0.943,0.004
107,76,0.923,0.942,-0.004
107,77,0.898,0.923,-0.005
107,78,0.903,0.927,-0.005
107,79,0.966,0.974,0.002
107,8,0.264,0.341,-0.04
107,80,0.629,0.7,-0.019
107,81,0.79,0.837,-0.01
107,82,0.906,0.929,-0.005
107,83,0.6,0.673,-0.021
107,84,0.708,0.768,-0.015
107,85,0.671,0.737,-0.017
107,86,0.669,0.735,-0.017
107,87,0.587,0.662,-0.021
107,88,0.851,0.886,-0.007
107,89,0.937,0.953,-0.003
107,9,0.202,0.272,-0.045
107,90,0.877,0.906,-0.006
107,91,0.62,0.692,-0.02
107,92,0.625,0.696,-0.02
107,93,0.84,0.877,-0.008
107,94,0.928,0.946,-0.004
107,95,0.889,0.916,0.006
107,96,0.78,0.829,-0.011
107,97,0.631,0.701,-0.019
107,98,0.8,0.845,-0.01
107,99,0.738,0.794,-0.014
108,10,0.255,0.331,-0.04
108,100,0.75,0.804,-0.013
108,101,0.917,0.938,-0.004
108,102,0.988,0.991,-0.001
108,103,0.84,0.877,-0.008
108,104,0.963,0.973,0.002
108,105,0.787,0.835,-0.011
108,106,0.865,0.897,0.007
108,107,0.567,0.644,0.023
108,108,0.585,0.66,0.022
108,109,0.853,0.888,0.008
108,11,0.225,0.298,-0.042
108,110,0.83,0.869,0.009
108,111,0.7,0.761,0.016
108,112,0.714,0.773,0.015
108,113,0.622,0.693,0.02
108,114,0.578,0.654,0.023
108,115,0.726,0.783,0.015
108,116,0.617,0.689,0.021
108,117,0.706,0.766,0.016
108,118,0.706,0.767,0.016
108,119,0.751,0.805,0.013
108,12,0.275,0.352,-0.037
108,120,0.897,0.922,0.005
108,121,0.879,0.908,0.006
108,122,0.617,0.689,0.021
108,123,0.594,0.668,0.022
108,124,0.536,0.615,0.026
108,125,0.547,0.625,0.026
108,126,0.503,0.584,0.028
108,127,0.433,0.517,0.033
108,128,0.427,0.51,0.034
108,129,0.66,0.727,0.019
108,13,0.422,0.506,-0.027
108,130,0.568,0.645,0.024
108,131,0.698,0.76,0.017
108,132,0.632,0.702,0.02
108,133,0.577,0.653,0.024
108,134,0.66,0.727,0.019
108,135,0.944,0.958,0.003
108,136,0.853,0.888,0.008
108,137,0.803,0.847,0.011
108,138,0.921,0.941,0.004
108,139,0.861,0.894,0.008
108,14,0.222,0.295,-0.041
108,140,0.942,0.957,0.003
108,141,0.951,0.963,-0.003
108,142,0.816,0.858,0.01
108,143,0.733,0.79,0.015
108,144,0.639,0.709,0.02
108,145,0.853,0.888,0.008
108,146,0.881,0.909,0.006
108,147,0.88,0.909,-0.007
108,148,0.865,0.897,0.007
108,149,0.791,0.838,0.011
108,15,0.237,0.311,-0.04
108,150,0.656,0.724,0.019
108,151,0.641,0.71,0.02
108,152,0.704,0.765,0.016
108,153,0.435,0.518,0.034
108,154,0.505,0.586,0.029
108,155,0.532,0.611,0.027
108,156,0.622,0.693,0.021
108,157,0.477,0.559,0.031
108,158,0.467,0.55,0.032
108,159,0.391,0.474,0.037
108,16,0.281,0.359,-0.036
108,160,0.368,0.451,0.039
108,161,0.487,0.569,0.03
108,162,0.59,0.665,0.024
108,163,0.43,0.513,0.034
108,164,0.472,0.554,0.031
108,165,0.646,0.715,0.02
108,166,0.597,0.671,0.023
108,167,0.615,0.687,0.022
108,168,0.674,0.74,0.018
108,169,0.525,0.605,0.028
108,17,0.225,0.298,-0.04
108,170,0.625,0.696,0.022
108,171,0.669,0.735,0.019
108,172,0.94,0.955,0.003
108,173,0.781,0.829,0.012
108,174,0.748,0.802,0.014
108,175,0.742,0.797,0.015
108,176,0.656,0.723,0.02
108,177,0.457,0.54,0.034
108,178,0.598,0.672,0.024
108,179,0.742,0.797,0.015
108,18,0.384,0.467,-0.029
108,180,0.765,0.816,0.014
108,181,0.757,0.81,0.014
108,182,0.753,0.806,0.015
108,183,0.956,0.967,0.003
108,184,0.593,0.667,0.025
108,185,0.501,0.582,0.031
108,186,0.577,0.653,0.026
108,187,0.53,0.609,0.03
108,188,0.539,0.618,0.029
108,189,0.486,0.567,0.033
108,19,0.39,0.473,-0.028
108,190,0.326,0.408,0.047
108,191,0.372,0.455,0.043
108,192,0.35,0.432,0.046
108,193,0.421,0.504,0.04
108,194,0.501,0.582,0.033
108,195,0.312,0.392,0.051
108,196,0.36,0.442,0.046
108,197,0.274,0.352,0.056
108,198,0.233,0.307,0.061
108,199,0.508,0.589,0.034
108,20,0.503,0.584,-0.022
108,200,0.413,0.496,0.043
108,201,0.39,0.473,0.045
108,202,0.324,0.405,0.052
108,203,0.29,0.369,0.057
108,204,0.368,0.45,0.048
108,205,0.359,0.441,0.05
108,206,0.39,0.474,0.047
108,207,0.406,0.489,0.046
108,208,0.436,0.519,0.043
108,209,0.252,0.327,0.064
108,21,0.335,0.416,-0.032
108,210,0.258,0.334,0.063
108,211,0.284,0.363,0.06
108,212,0.394,0.477,0.048
108,213,0.209,0.28,0.071
108,214,0.269,0.346,0.063
108,215,0.315,0.396,0.058
108,216,0.263,0.34,0.064
108,217,0.251,0.327,0.066
108,218,0.289,0.367,0.061
108,219,0.25,0.325,0.067
108,22,0.441,0.524,-0.025
108,220,0.331,0.412,0.057
108,221,0.269,0.346,0.065
108,222,0.437,0.52,0.046
108,223,0.304,0.385,0.06
108,224,0.377,0.46,0.052
108,225,0.304,0.384,0.06
108,226,0.312,0.392,0.06
108,227,0.389,0.472,0.051
108,228,0.36,0.443,0.054
108,229,0.483,0.565,0.041
108,23,0.426,0.51,-0.026
108,230,0.475,0.557,0.042
108,231,0.394,0.477,0.05
108,232,0.466,0.548,0.043
108,233,0.484,0.566,0.041
108,234,0.591,0.666,0.032
108,235,0.502,0.583,0.039
108,236,0.522,0.602,0.038
108,237,0.414,0.497,0.048
108,238,0.599,0.673,0.031
108,239,0.491,0.573,0.04
108,24,0.429,0.513,-0.026
108,240,0.549,0.627,0.035
108,241,0.356,0.439,0.054
108,242,0.401,0.484,0.049
108,243,0.375,0.458,0.052
108,244,0.312,0.393,0.059
108,245,0.404,0.487,0.049
108,246,0.565,0.642,0.034
108,247,0.549,0.627,0.036
108,248,0.445,0.528,0.046
108,249,0.484,0.566,0.042
108,25,0.597,0.671,-0.017
108,250,0.474,0.556,0.043
108,26,0.282,0.36,-0.036
108,27,0.391,0.474,-0.028
108,28,0.155,0.216,-0.047
108,29,0.266,0.343,-0.037
108,30,0.268,0.345,-0.037
108,31,0.3,0.379,-0.035
108,32,0.105,0.155,-0.054
108,33,0.29,0.369,-0.035
108,34,0.312,0.392,-0.034
108,35,0.267,0.344,-0.037
108,36,0.256,0.332,-0.038
108,37,0.245,0.32,-0.039
108,38,0.383,0.466,-0.029
108,39,0.258,0.335,-0.038
108,40,0.346,0.428,-0.032
108,41,0.471,0.554,-0.024
108,42,0.446,0.529,-0.026
108,43,0.544,0.623,-0.021
108,44,0.364,0.447,-0.031
108,45,0.413,0.496,-0.028
108,46,0.48,0.562,-0.024
108,47,0.219,0.292,-0.042
108,48,0.481,0.563,-0.024
108,49,0.608,0.681,-0.018
108,50,0.518,0.598,-0.022
108,51,0.469,0.552,-0.025
108,52,0.412,0.496,-0.028
108,53,0.446,0.528,-0.026
108,54,0.787,0.835,-0.009
108,55,0.949,0.962,-0.002
108,56,0.999,0.999,-0.0
108,57,0.718,0.777,-0.013
108,58,0.776,0.825,-0.01
108,59,0.554,0.632,-0.021
108,60,0.776,0.825,-0.01
108,61,0.795,0.841,-0.009
108,62,0.719,0.778,-0.013
108,63,0.599,0.673,-0.019
108,64,0.683,0.747,-0.015
108,65,0.63,0.701,-0.017
108,66,0.776,0.826,-0.01
108,67,0.882,0.91,-0.005
108,68,0.889,0.916,-0.005
108,69,0.884,0.912,0.005
108,70,0.908,0.931,-0.004
108,71,0.97,0.977,-0.001
108,72,0.718,0.777,-0.013
108,73,0.965,0.974,0.002
108,74,0.708,0.769,0.014
108,75,0.813,0.855,0.009
108,76,0.983,0.987,-0.001
108,77,0.963,0.972,0.002
108,78,0.842,0.879,-0.008
108,79,0.846,0.882,0.007
108,8,0.258,0.334,-0.04
108,80,0.868,0.899,-0.006
108,81,0.92,0.94,-0.004
108,82,0.961,0.971,-0.002
108,83,0.97,0.978,-0.001
108,84,0.72,0.778,-0.014
108,85,0.642,0.711,-0.018
108,86,0.581,0.657,-0.022
108,87,0.669,0.735,-0.017
108,88,0.973,0.98,0.001
108,89,0.786,0.833,-0.011
108,9,0.143,0.202,-0.052
108,90,0.439,0.522,-0.03
108,91,0.737,0.793,-0.013
108,92,0.865,0.897,-0.007
108,93,0.918,0.938,-0.004
108,94,0.511,0.592,-0.026
108,95,0.373,0.456,-0.036
108,96,0.617,0.689,-0.02
108,97,0.816,0.858,-0.009
108,98,0.953,0.965,0.002
108,99,0.771,0.821,-0.012
109,10,0.212,0.283,-0.044
109,100,0.87,0.901,-0.007
109,101,0.823,0.863,0.009
109,102,0.773,0.823,0.012
109,103,0.959,0.969,0.002
109,104,0.997,0.998,-0.0
109,105,0.833,0.871,0.009
109,106,0.614,0.686,0.021
109,107,0.704,0.765,0.016
109,108,0.792,0.839,0.011
109,109,0.787,0.834,0.011
109,11,0.206,0.276,-0.044
109,110,0.621,0.693,0.02
109,111,0.591,0.665,0.022
109,112,0.762,0.814,0.012
109,113,0.804,0.848,0.01
109,114,0.644,0.713,0.019
109,115,0.569,0.645,0.024
109,116,0.61,0.682,0.021
109,117,0.645,0.714,0.019
109,118,0.568,0.645,0.024
109,119,0.526,0.606,0.026
109,12,0.055,0.089,-0.066
109,120,0.332,0.414,0.04
109,121,0.318,0.399,0.042
109,122,0.361,0.443,0.038
109,123,0.448,0.531,0.032
109,124,0.376,0.459,0.037
109,125,0.318,0.399,0.042
109,126,0.288,0.367,0.045
109,127,0.28,0.358,0.046
109,128,0.39,0.473,0.036
109,129,0.569,0.646,0.024
109,13,0.222,0.294,-0.041
109,130,0.516,0.596,0.028
109,131,0.366,0.448,0.038
109,132,0.798,0.843,0.011
109,133,0.759,0.812,0.013
109,134,0.652,0.72,0.019
109,135,0.774,0.824,0.012
109,136,0.856,0.89,0.008
109,137,0.89,0.916,0.006
109,138,0.969,0.977,0.002
109,139,0.956,0.967,0.002
109,14,0.225,0.298,-0.041
109,140,0.75,0.804,0.014
109,141,0.854,0.889,0.008
109,142,0.841,0.879,0.009
109,143,0.867,0.899,0.007
109,144,0.602,0.676,0.022
109,145,0.772,0.822,0.012
109,146,0.646,0.715,0.02
109,147,0.606,0.679,0.022
109,148,0.634,0.704,0.02
109,149,0.589,0.664,0.023
109,15,0.295,0.374,-0.035
109,150,0.629,0.699,0.021
109,151,0.64,0.709,0.02
109,152,0.527,0.607,0.027
109,153,0.633,0.703,0.021
109,154,0.506,0.587,0.029
109,155,0.578,0.654,0.024
109,156,0.625,0.696,0.021
109,157,0.494,0.576,0.03
109,158,0.537,0.616,0.027
109,159,0.617,0.689,0.022
109,16,0.194,0.262,-0.044
109,160,0.586,0.661,0.024
109,161,0.541,0.619,0.027
109,162,0.528,0.607,0.027
109,163,0.592,0.667,0.023
109,164,0.647,0.715,0.02
109,165,0.75,0.804,0.014
109,166,0.827,0.867,0.01
109,167,0.928,0.946,0.004
109,168,0.904,0.927,0.005
109,169,0.839,0.877,0.009
109,17,0.246,0.321,-0.039
109,170,0.678,0.743,0.018
109,171,0.59,0.665,0.024
109,172,0.418,0.501,0.036
109,173,0.343,0.425,0.042
109,174,0.421,0.504,0.036
109,175,0.422,0.505,0.036
109,176,0.515,0.595,0.029
109,177,0.46,0.542,0.033
109,178,0.445,0.527,0.035
109,179,0.366,0.448,0.041
109,18,0.639,0.708,-0.016
109,180,0.298,0.377,0.048
109,181,0.371,0.453,0.041
109,182,0.349,0.431,0.043
109,183,0.273,0.351,0.051
109,184,0.278,0.357,0.051
109,185,0.444,0.527,0.036
109,186,0.352,0.434,0.044
109,187,0.309,0.389,0.049
109,188,0.21,0.281,0.06
109,189,0.195,0.263,0.063
109,19,0.273,0.35,-0.037
109,190,0.126,0.182,0.075
109,191,0.173,0.238,0.067
109,192,0.244,0.319,0.058
109,193,0.164,0.228,0.069
109,194,0.218,0.29,0.062
109,195,0.212,0.284,0.063
109,196,0.195,0.263,0.066
109,197,0.11,0.162,0.082
109,198,0.132,0.189,0.078
109,199,0.127,0.183,0.08
109,20,0.405,0.488,-0.028
109,200,0.16,0.222,0.074
109,201,0.148,0.208,0.077
109,202,0.186,0.254,0.071
109,203,0.23,0.304,0.065
109,204,0.222,0.295,0.066
109,205,0.296,0.375,0.057
109,206,0.275,0.353,0.06
109,207,0.234,0.307,0.066
109,208,0.236,0.31,0.066
109,209,0.29,0.369,0.06
109,21,0.41,0.494,-0.027
109,210,0.269,0.346,0.062
109,211,0.265,0.342,0.063
109,212,0.255,0.331,0.065
109,213,0.33,0.411,0.056
109,214,0.296,0.375,0.06
109,215,0.272,0.349,0.063
109,216,0.331,0.412,0.056
109,217,0.332,0.414,0.056
109,218,0.223,0.295,0.071
109,219,0.301,0.381,0.06
109,22,0.347,0.43,-0.031
109,220,0.395,0.478,0.05
109,221,0.308,0.388,0.06
109,222,0.329,0.41,0.057
109,223,0.463,0.545,0.043
109,224,0.254,0.33,0.067
109,225,0.315,0.396,0.059
109,226,0.372,0.455,0.052
109,227,0.449,0.532,0.044
109,228,0.43,0.513,0.046
109,229,0.429,0.512,0.046
109,23,0.306,0.386,-0.034
109,230,0.301,0.381,0.06
109,231,0.416,0.499,0.047
109,232,0.467,0.55,0.042
109,233,0.486,0.568,0.041
109,234,0.48,0.562,0.041
109,235,0.516,0.596,0.038
109,236,0.464,0.546,0.043
109,237,0.35,0.433,0.054
109,238,0.403,0.486,0.049
109,239,0.379,0.462,0.051
109,24,0.522,0.602,-0.021
109,240,0.441,0.524,0.045
109,241,0.549,0.627,0.035
109,242,0.477,0.559,0.041
109,243,0.466,0.549,0.042
109,244,0.447,0.529,0.044
109,245,0.47,0.552,0.042
109,246,0.487,0.569,0.041
109,247,0.516,0.596,0.038
109,248,0.59,0.665,0.032
109,249,0.549,0.627,0.036
109,25,0.432,0.516,-0.026
109,250,0.638,0.708,0.028
109,26,0.269,0.346,-0.037
109,27,0.193,0.262,-0.043
109,28,0.332,0.413,-0.032
109,29,0.408,0.491,-0.027
109,30,0.351,0.433,-0.031
109,31,0.399,0.483,-0.028
109,32,0.207,0.277,-0.042
109,33,0.269,0.346,-0.037
109,34,0.221,0.294,-0.041
109,35,0.286,0.365,-0.036
109,36,0.315,0.396,-0.034
109,37,0.183,0.249,-0.044
109,38,0.127,0.182,-0.051
109,39,0.254,0.33,-0.038
109,40,0.558,0.635,-0.02
109,41,0.239,0.313,-0.039
109,42,0.292,0.372,-0.035
109,43,0.163,0.227,-0.047
109,44,0.334,0.416,-0.033
109,45,0.346,0.428,-0.032
109,46,0.497,0.578,-0.023
109,47,0.422,0.505,-0.027
109,48,0.479,0.561,-0.024
109,49,0.472,0.555,-0.025
109,50,0.392,0.475,-0.029
109,51,0.443,0.526,-0.026
109,52,0.521,0.601,-0.022
109,53,0.526,0.606,-0.022
109,54,0.822,0.863,-0.008
109,55,0.639,0.708,-0.016
109,56,0.609,0.682,-0.018
109,57,0.637,0.707,-0.016
109,58,0.708,0.769,-0.013
109,59,0.417,0.5,-0.029
109,60,0.573,0.649,-0.02
109,61,0.534,0.613,-0.022
109,62,0.497,0.578,-0.024
109,63,0.457,0.539,-0.027
109,64,0.642,0.711,-0.017
109,65,0.522,0.602,-0.023
109,66,0.574,0.65,-0.02
109,67,0.556,0.634,-0.021
109,68,0.67,0.736,-0.016
109,69,0.589,0.663,-0.02
109,70,0.838,0.876,-0.007
109,71,0.854,0.888,-0.007
109,72,0.85,0.885,-0.007
109,73,0.919,0.939,-0.004
109,74,0.942,0.957,-0.003
109,75,0.792,0.839,-0.01
109,76,0.794,0.84,-0.01
109,77,0.741,0.796,-0.012
109,78,0.627,0.698,-0.018
109,79,0.962,0.972,-0.002
109,8,0.131,0.188,-0.054
109,80,0.989,0.992,0.001
109,81,0.991,0.993,-0.0
109,82,0.98,0.986,-0.001
109,83,0.908,0.931,-0.004
109,84,0.881,0.91,-0.006
109,85,0.527,0.607,-0.024
109,86,0.633,0.703,-0.018
109,87,0.847,0.883,-0.007
109,88,0.85,0.885,-0.007
109,89,0.673,0.738,-0.016
109,9,0.073,0.114,-0.063
109,90,0.719,0.778,-0.014
109,91,0.782,0.831,-0.011
109,92,0.518,0.598,-0.025
109,93,0.532,0.611,-0.025
109,94,0.583,0.658,-0.022
109,95,0.719,0.778,-0.014
109,96,0.79,0.837,-0.011
109,97,0.784,0.832,-0.011
109,98,0.736,0.792,-0.014
109,99,0.892,0.918,-0.005
11,10,0.549,0.627,-0.02
11,100,0.798,0.843,0.009
11,101,0.828,0.868,0.008
11,102,0.903,0.927,-0.004
11,103,0.719,0.778,-0.013
11,104,0.784,0.832,-0.01
11,105,0.893,0.919,0.005
11,106,0.659,0.726,0.016
11,107,0.886,0.913,0.005
11,108,0.821,0.862,0.008
11,109,0.834,0.873,0.008
11,11,0.382,0.465,-0.028
11,110,0.786,0.833,0.01
11,111,0.775,0.824,0.011
11,112,0.762,0.814,0.011
11,113,0.967,0.976,0.002
11,114,0.841,0.878,0.008
11,115,0.86,0.893,0.007
11,116,0.842,0.879,-0.008
11,117,0.882,0.91,-0.006
11,118,0.937,0.953,-0.003
11,119,0.899,0.924,0.005
11,12,0.438,0.521,-0.025
11,120,0.94,0.955,0.003
11,121,0.757,0.81,0.012
11,122,0.781,0.83,0.011
11,123,0.586,0.661,0.021
11,124,0.416,0.499,0.031
11,125,0.555,0.632,0.023
11,126,0.638,0.707,0.018
11,127,0.749,0.803,0.012
11,128,0.723,0.781,0.014
11,129,0.779,0.828,0.011
11,13,0.523,0.603,-0.02
11,130,0.654,0.722,0.017
11,131,0.701,0.762,0.015
11,132,0.685,0.749,0.016
11,133,0.753,0.807,0.012
11,134,0.641,0.71,0.018
11,135,0.778,0.827,0.011
11,136,0.621,0.693,0.019
11,137,0.747,0.801,0.013
11,138,0.813,0.856,0.009
11,139,0.943,0.958,0.003
11,14,0.427,0.511,-0.025
11,140,0.967,0.976,-0.002
11,141,0.899,0.923,0.005
11,142,0.665,0.731,0.017
11,143,0.686,0.75,0.016
11,144,0.887,0.914,0.006
11,145,0.894,0.92,0.005
11,146,0.761,0.813,0.012
11,147,0.648,0.716,0.018
11,148,0.614,0.686,0.02
11,149,0.512,0.593,0.026
11,15,0.588,0.663,-0.017
11,150,0.683,0.747,0.016
11,151,0.823,0.863,0.009
11,152,0.9,0.924,0.005
11,153,0.618,0.69,0.02
11,154,0.717,0.776,0.014
11,155,0.713,0.772,0.015
11,156,0.888,0.915,0.006
11,157,0.927,0.946,0.004
11,158,0.878,0.907,0.006
11,159,0.708,0.769,0.015
11,16,0.538,0.617,-0.019
11,160,0.808,0.852,0.01
11,161,0.759,0.811,0.012
11,162,0.701,0.763,0.015
11,163,0.5,0.581,0.027
11,164,0.557,0.635,0.024
11,165,0.926,0.944,0.004
11,166,0.874,0.904,0.006
11,167,0.783,0.831,0.011
11,168,0.654,0.722,0.018
11,169,0.533,0.612,0.025
11,17,0.363,0.446,-0.029
11,170,0.811,0.854,0.01
11,171,0.739,0.794,0.013
11,172,0.965,0.974,0.002
11,173,0.88,0.909,0.006
11,174,0.963,0.973,-0.002
11,175,0.833,0.872,-0.009
11,176,0.898,0.923,0.005
11,177,0.812,0.855,0.01
11,178,0.727,0.784,0.014
11,179,0.653,0.721,0.019
11,18,0.703,0.764,-0.012
11,180,0.754,0.807,0.013
11,181,0.672,0.737,0.018
11,182,0.495,0.576,0.028
11,183,0.394,0.477,0.036
11,184,0.536,0.615,0.026
11,185,0.529,0.608,0.027
11,186,0.592,0.667,0.023
11,187,0.639,0.709,0.02
11,188,0.415,0.499,0.035
11,189,0.44,0.523,0.033
11,19,0.743,0.798,-0.01
11,190,0.371,0.454,0.039
11,191,0.6,0.674,0.023
11,192,0.518,0.598,0.028
11,193,0.589,0.664,0.024
11,194,0.341,0.423,0.042
11,195,0.631,0.701,0.021
11,196,0.485,0.567,0.031
11,197,0.454,0.537,0.034
11,198,0.397,0.48,0.038
11,199,0.531,0.61,0.029
11,20,0.402,0.486,-0.026
11,200,0.596,0.67,0.024
11,201,0.629,0.7,0.022
11,202,0.483,0.564,0.033
11,203,0.536,0.615,0.029
11,204,0.573,0.649,0.027
11,205,0.464,0.546,0.035
11,206,0.46,0.543,0.035
11,207,0.443,0.526,0.037
11,208,0.547,0.625,0.029
11,209,0.54,0.618,0.03
11,21,0.4,0.483,-0.026
11,210,0.62,0.692,0.024
11,211,0.55,0.628,0.03
11,212,0.639,0.708,0.023
11,213,0.58,0.655,0.028
11,214,0.38,0.463,0.045
11,215,0.508,0.589,0.034
11,216,0.55,0.628,0.031
11,217,0.515,0.596,0.034
11,218,0.498,0.579,0.036
11,219,0.539,0.618,0.032
11,22,0.795,0.841,-0.008
11,220,0.32,0.401,0.053
11,221,0.552,0.629,0.032
11,222,0.43,0.513,0.043
11,223,0.436,0.519,0.042
11,224,0.504,0.585,0.037
11,225,0.564,0.641,0.032
11,226,0.591,0.665,0.03
11,227,0.574,0.65,0.031
11,228,0.714,0.774,0.021
11,229,0.621,0.693,0.028
11,23,0.407,0.49,-0.026
11,230,0.725,0.783,0.02
11,231,0.647,0.716,0.026
11,232,0.674,0.739,0.024
11,233,0.684,0.747,0.023
11,234,0.728,0.785,0.02
11,235,0.673,0.738,0.024
11,236,0.746,0.801,0.019
11,237,0.818,0.86,0.013
11,238,0.592,0.666,0.032
11,239,0.738,0.794,0.02
11,24,0.576,0.652,-0.017
11,240,0.698,0.76,0.023
11,241,0.583,0.658,0.033
11,242,0.961,0.971,0.003
11,243,0.56,0.637,0.035
11,244,0.678,0.743,0.025
11,245,0.762,0.814,0.018
11,246,0.613,0.685,0.031
11,247,0.668,0.734,0.026
11,248,0.624,0.695,0.03
11,249,0.631,0.701,0.03
11,25,0.529,0.608,-0.02
11,250,0.644,0.713,0.029
11,251,0.564,0.641,0.037
11,26,0.49,0.571,-0.022
11,27,0.357,0.439,-0.029
11,28,0.581,0.657,-0.017
11,29,0.431,0.514,-0.024
11,30,0.674,0.739,-0.013
11,31,0.383,0.466,-0.027
11,32,0.603,0.677,-0.016
11,33,0.409,0.492,-0.026
11,34,0.776,0.825,-0.009
11,35,0.371,0.453,-0.028
11,36,0.654,0.722,-0.014
11,37,0.231,0.305,-0.038
11,38,0.219,0.291,-0.039
11,39,0.261,0.338,-0.035
11,40,0.237,0.311,-0.037
11,41,0.404,0.488,-0.026
11,42,0.222,0.295,-0.039
11,43,0.068,0.107,-0.058
11,44,0.152,0.213,-0.045
11,45,0.208,0.279,-0.04
11,46,0.258,0.335,-0.036
11,47,0.231,0.304,-0.038
11,48,0.255,0.331,-0.036
11,49,0.312,0.392,-0.032
11,50,0.503,0.584,-0.021
11,51,0.29,0.369,-0.034
11,52,0.33,0.411,-0.031
11,53,0.63,0.701,-0.016
11,54,0.579,0.655,-0.018
11,55,0.399,0.482,-0.027
11,56,0.428,0.511,-0.026
11,57,0.571,0.647,-0.018
11,58,0.755,0.808,-0.01
11,59,0.489,0.571,-0.023
11,60,0.838,0.875,-0.007
11,61,0.906,0.929,0.004
11,62,0.831,0.87,-0.007
11,63,0.759,0.811,-0.01
11,64,0.797,0.842,-0.009
11,65,0.715,0.774,-0.012
11,66,0.963,0.973,0.002
11,67,0.994,0.996,-0.0
11,68,0.88,0.909,0.005
11,69,0.785,0.832,0.009
11,7,0.807,0.851,-0.008
11,70,0.894,0.92,0.004
11,71,0.896,0.921,0.004
11,72,0.905,0.928,0.004
11,73,0.706,0.767,0.013
11,74,0.819,0.86,0.008
11,75,0.714,0.774,0.012
11,76,0.62,0.692,0.017
11,77,0.763,0.814,0.01
11,78,0.734,0.79,0.012
11,79,0.648,0.717,0.016
11,8,0.513,0.593,-0.022
11,80,0.78,0.828,0.01
11,81,0.747,0.802,0.011
11,82,0.804,0.849,0.009
11,83,0.797,0.842,0.009
11,84,0.68,0.744,0.014
11,85,0.705,0.766,0.013
11,86,0.863,0.896,0.006
11,87,0.866,0.898,0.006
11,88,0.773,0.823,0.01
11,89,0.611,0.683,0.018
11,9,0.449,0.532,-0.025
11,90,0.776,0.825,0.01
11,91,0.973,0.98,0.001
11,92,0.747,0.801,0.012
11,93,0.788,0.835,0.01
11,94,0.484,0.566,0.025
11,95,0.811,0.854,0.009
11,96,0.807,0.851,0.009
11,97,0.855,0.889,0.007
11,98,0.989,0.992,-0.001
11,99,0.91,0.932,0.004
110,10,0.209,0.28,-0.044
110,100,0.834,0.872,-0.008
110,101,0.768,0.819,-0.012
110,102,0.986,0.99,0.001
110,103,0.791,0.838,-0.011
110,104,0.734,0.791,-0.014
110,105,0.851,0.886,-0.008
110,106,0.817,0.859,-0.009
110,107,0.786,0.834,-0.011
110,108,0.983,0.987,-0.001
110,109,0.916,0.937,-0.004
110,11,0.262,0.339,-0.039
110,110,0.99,0.993,0.0
110,111,0.908,0.93,-0.005
110,112,0.69,0.753,0.016
110,113,0.549,0.627,0.025
110,114,0.856,0.89,0.007
110,115,0.979,0.984,-0.001
110,116,0.758,0.81,0.013
110,117,0.709,0.769,0.015
110,118,0.76,0.812,0.013
110,119,0.728,0.785,0.014
110,12,0.152,0.213,-0.049
110,120,0.598,0.672,0.022
110,121,0.627,0.698,0.02
110,122,0.618,0.69,0.021
110,123,0.58,0.656,0.023
110,124,0.521,0.601,0.027
110,125,0.574,0.65,0.023
110,126,0.791,0.838,0.011
110,127,0.715,0.774,0.015
110,128,0.697,0.759,0.016
110,129,0.403,0.486,0.035
110,13,0.132,0.189,-0.052
110,130,0.491,0.572,0.029
110,131,0.462,0.545,0.031
110,132,0.448,0.53,0.032
110,133,0.504,0.584,0.028
110,134,0.541,0.62,0.026
110,135,0.506,0.587,0.028
110,136,0.423,0.507,0.034
110,137,0.424,0.507,0.034
110,138,0.412,0.495,0.035
110,139,0.488,0.569,0.03
110,14,0.44,0.523,-0.026
110,140,0.51,0.591,0.028
110,141,0.695,0.757,0.017
110,142,0.574,0.65,0.024
110,143,0.524,0.604,0.027
110,144,0.442,0.525,0.033
110,145,0.874,0.904,0.007
110,146,0.508,0.588,0.028
110,147,0.718,0.777,0.015
110,148,0.912,0.934,0.005
110,149,0.825,0.865,0.01
110,15,0.151,0.212,-0.049
110,150,0.797,0.843,0.011
110,151,0.598,0.672,0.023
110,152,0.507,0.587,0.029
110,153,0.513,0.594,0.028
110,154,0.602,0.675,0.022
110,155,0.694,0.756,0.017
110,156,0.706,0.767,0.016
110,157,0.658,0.725,0.019
110,158,0.514,0.594,0.028
110,159,0.522,0.602,0.028
110,16,0.326,0.407,-0.033
110,160,0.677,0.742,0.018
110,161,0.697,0.759,0.017
110,162,0.744,0.799,0.014
110,163,0.64,0.71,0.02
110,164,0.736,0.792,0.015
110,165,0.624,0.695,0.021
110,166,0.533,0.612,0.027
110,167,0.53,0.609,0.028
110,168,0.522,0.602,0.028
110,169,0.483,0.564,0.031
110,17,0.212,0.283,-0.042
110,170,0.561,0.638,0.026
110,171,0.425,0.508,0.036
110,172,0.535,0.614,0.028
110,173,0.478,0.56,0.032
110,174,0.46,0.543,0.033
110,175,0.373,0.456,0.04
110,176,0.35,0.433,0.042
110,177,0.27,0.347,0.05
110,178,0.321,0.402,0.046
110,179,0.472,0.554,0.033
110,18,0.286,0.365,-0.036
110,180,0.438,0.521,0.036
110,181,0.392,0.475,0.04
110,182,0.459,0.542,0.035
110,183,0.363,0.445,0.043
110,184,0.362,0.445,0.043
110,185,0.251,0.327,0.055
110,186,0.301,0.38,0.05
110,187,0.433,0.516,0.038
110,188,0.249,0.324,0.056
110,189,0.277,0.355,0.054
110,19,0.317,0.397,-0.034
110,190,0.24,0.314,0.058
110,191,0.157,0.22,0.071
110,192,0.221,0.294,0.062
110,193,0.291,0.371,0.054
110,194,0.255,0.331,0.058
110,195,0.214,0.285,0.064
110,196,0.207,0.277,0.066
110,197,0.237,0.311,0.062
110,198,0.205,0.275,0.067
110,199,0.321,0.402,0.053
110,20,0.471,0.553,-0.024
110,200,0.319,0.399,0.054
110,201,0.232,0.305,0.065
110,202,0.234,0.307,0.065
110,203,0.263,0.34,0.061
110,204,0.268,0.346,0.061
110,205,0.319,0.4,0.055
110,206,0.346,0.428,0.053
110,207,0.308,0.388,0.057
110,208,0.277,0.355,0.061
110,209,0.358,0.441,0.052
110,21,0.447,0.53,-0.025
110,210,0.408,0.491,0.047
110,211,0.324,0.405,0.057
110,212,0.417,0.5,0.047
110,213,0.334,0.416,0.056
110,214,0.377,0.46,0.051
110,215,0.349,0.432,0.054
110,216,0.316,0.397,0.058
110,217,0.22,0.293,0.071
110,218,0.326,0.407,0.057
110,219,0.326,0.408,0.057
110,22,0.392,0.475,-0.028
110,220,0.357,0.439,0.054
110,221,0.223,0.295,0.071
110,222,0.283,0.361,0.063
110,223,0.452,0.535,0.044
110,224,0.465,0.547,0.043
110,225,0.57,0.647,0.033
110,226,0.476,0.559,0.041
110,227,0.386,0.469,0.05
110,228,0.429,0.512,0.046
110,229,0.549,0.627,0.035
110,23,0.433,0.516,-0.026
110,230,0.536,0.615,0.036
110,231,0.609,0.682,0.03
110,232,0.671,0.736,0.025
110,233,0.609,0.682,0.029
110,234,0.365,0.448,0.052
110,235,0.654,0.722,0.026
110,236,0.445,0.528,0.044
110,237,0.454,0.537,0.043
110,238,0.398,0.481,0.049
110,239,0.4,0.483,0.048
110,24,0.429,0.512,-0.026
110,240,0.524,0.603,0.037
110,241,0.428,0.511,0.046
110,242,0.349,0.431,0.054
110,243,0.481,0.563,0.041
110,244,0.404,0.487,0.049
110,245,0.569,0.646,0.033
110,246,0.613,0.686,0.03
110,247,0.551,0.629,0.035
110,248,0.802,0.847,0.015
110,249,0.663,0.73,0.026
110,25,0.629,0.7,-0.016
110,250,0.795,0.841,0.016
110,26,0.378,0.461,-0.029
110,27,0.175,0.24,-0.045
110,28,0.25,0.326,-0.038
110,29,0.298,0.378,-0.034
110,30,0.406,0.489,-0.027
110,31,0.204,0.274,-0.042
110,32,0.23,0.303,-0.04
110,33,0.366,0.449,-0.03
110,34,0.214,0.286,-0.041
110,35,0.127,0.183,-0.051
110,36,0.255,0.331,-0.038
110,37,0.243,0.318,-0.039
110,38,0.166,0.23,-0.046
110,39,0.186,0.254,-0.044
110,40,0.45,0.533,-0.025
110,41,0.28,0.358,-0.036
110,42,0.308,0.388,-0.034
110,43,0.472,0.554,-0.024
110,44,0.672,0.737,-0.014
110,45,0.672,0.737,-0.014
110,46,0.639,0.709,-0.016
110,47,0.811,0.854,-0.008
110,48,0.703,0.765,-0.013
110,49,0.89,0.917,-0.005
110,50,0.413,0.496,-0.028
110,51,0.65,0.718,-0.016
110,52,0.599,0.673,-0.018
110,53,0.895,0.92,-0.005
110,54,0.69,0.753,0.014
110,55,0.991,0.993,-0.0
110,56,0.608,0.681,-0.018
110,57,0.786,0.834,-0.009
110,58,0.675,0.74,-0.015
110,59,0.518,0.598,-0.023
110,60,0.858,0.891,-0.006
110,61,0.931,0.949,-0.003
110,62,0.929,0.947,-0.003
110,63,0.818,0.86,-0.008
110,64,0.568,0.645,-0.02
110,65,0.598,0.672,-0.019
110,66,0.621,0.692,-0.018
110,67,0.73,0.787,-0.012
110,68,0.849,0.884,-0.007
110,69,0.57,0.646,-0.021
110,70,0.789,0.836,-0.01
110,71,0.691,0.754,-0.015
110,72,0.726,0.783,0.013
110,73,0.986,0.99,-0.001
110,74,0.85,0.886,-0.007
110,75,0.778,0.827,-0.011
110,76,0.951,0.963,-0.002
110,77,0.938,0.954,-0.003
110,78,0.874,0.905,0.006
110,79,0.79,0.837,0.01
110,8,0.218,0.29,-0.044
110,80,0.836,0.875,0.008
110,81,0.91,0.932,-0.004
110,82,0.907,0.93,0.004
110,83,0.883,0.911,0.006
110,84,0.903,0.927,-0.005
110,85,0.831,0.87,-0.008
110,86,0.813,0.856,-0.009
110,87,0.755,0.808,-0.012
110,88,0.625,0.696,-0.019
110,89,0.651,0.719,-0.017
110,9,0.232,0.306,-0.043
110,90,0.858,0.892,-0.007
110,91,0.888,0.915,-0.005
110,92,0.787,0.834,-0.011
110,93,0.825,0.865,-0.009
110,94,0.693,0.755,-0.016
110,95,0.713,0.773,-0.014
110,96,0.872,0.903,-0.006
110,97,0.688,0.751,-0.016
110,98,0.842,0.879,-0.008
110,99,0.538,0.617,-0.024
111,10,0.191,0.259,-0.046
111,100,0.951,0.964,0.002
111,101,0.986,0.99,-0.001
111,102,0.971,0.978,0.001
111,103,0.957,0.968,-0.002
111,104,0.919,0.939,0.004
111,105,0.773,0.823,0.012
111,106,0.755,0.808,-0.012
111,107,0.943,0.958,-0.003
111,108,0.923,0.943,-0.004
111,109,0.932,0.949,-0.003
111,11,0.169,0.233,-0.048
111,110,0.936,0.952,-0.003
111,111,0.938,0.953,0.003
111,112,0.828,0.867,0.009
111,113,0.874,0.904,0.006
111,114,0.844,0.88,0.008
111,115,0.817,0.859,0.009
111,116,0.732,0.789,0.014
111,117,0.627,0.698,0.02
111,118,0.533,0.612,0.026
111,119,0.879,0.908,0.006
111,12,0.117,0.171,-0.054
111,120,0.811,0.854,0.01
111,121,0.796,0.842,0.011
111,122,0.802,0.846,0.01
111,123,0.736,0.792,0.014
111,124,0.801,0.846,0.01
111,125,0.681,0.746,0.017
111,126,0.599,0.673,0.022
111,127,0.549,0.627,0.025
111,128,0.458,0.54,0.031
111,129,0.596,0.67,0.022
111,13,0.204,0.274,-0.044
111,130,0.584,0.659,0.023
111,131,0.56,0.637,0.024
111,132,0.521,0.601,0.027
111,133,0.629,0.7,0.02
111,134,0.609,0.682,0.021
111,135,0.616,0.688,0.021
111,136,0.742,0.797,0.014
111,137,0.935,0.952,0.003
111,138,0.982,0.987,0.001
111,139,0.832,0.871,0.009
111,14,0.209,0.279,-0.043
111,140,0.94,0.955,0.003
111,141,0.751,0.805,0.013
111,142,0.505,0.586,0.028
111,143,0.524,0.603,0.027
111,144,0.482,0.564,0.03
111,145,0.503,0.584,0.029
111,146,0.514,0.594,0.028
111,147,0.519,0.6,0.028
111,148,0.264,0.341,0.048
111,149,0.256,0.332,0.049
111,15,0.082,0.125,-0.059
111,150,0.344,0.426,0.041
111,151,0.456,0.539,0.032
111,152,0.432,0.515,0.034
111,153,0.478,0.56,0.031
111,154,0.508,0.589,0.028
111,155,0.597,0.671,0.023
111,156,0.606,0.679,0.022
111,157,0.659,0.726,0.019
111,158,0.484,0.566,0.03
111,159,0.536,0.615,0.027
111,16,0.231,0.305,-0.04
111,160,0.487,0.569,0.03
111,161,0.407,0.49,0.036
111,162,0.484,0.566,0.03
111,163,0.527,0.607,0.028
111,164,0.504,0.584,0.029
111,165,0.448,0.531,0.033
111,166,0.417,0.501,0.036
111,167,0.503,0.584,0.029
111,168,0.505,0.585,0.03
111,169,0.557,0.634,0.026
111,17,0.165,0.229,-0.046
111,170,0.498,0.579,0.03
111,171,0.494,0.576,0.03
111,172,0.616,0.688,0.022
111,173,0.582,0.657,0.025
111,174,0.564,0.64,0.026
111,175,0.501,0.582,0.031
111,176,0.372,0.455,0.041
111,177,0.337,0.419,0.044
111,178,0.351,0.434,0.043
111,179,0.287,0.366,0.05
111,18,0.134,0.191,-0.05
111,180,0.274,0.352,0.051
111,181,0.248,0.323,0.055
111,182,0.22,0.293,0.058
111,183,0.213,0.284,0.06
111,184,0.271,0.348,0.053
111,185,0.206,0.277,0.061
111,186,0.269,0.346,0.054
111,187,0.318,0.399,0.049
111,188,0.295,0.375,0.052
111,189,0.354,0.437,0.046
111,19,0.207,0.277,-0.042
111,190,0.335,0.416,0.048
111,191,0.406,0.489,0.042
111,192,0.368,0.451,0.046
111,193,0.417,0.5,0.042
111,194,0.387,0.47,0.045
111,195,0.509,0.59,0.034
111,196,0.4,0.483,0.044
111,197,0.35,0.432,0.05
111,198,0.375,0.458,0.047
111,199,0.271,0.348,0.059
111,20,0.23,0.303,-0.04
111,200,0.227,0.3,0.066
111,201,0.26,0.336,0.062
111,202,0.286,0.364,0.059
111,203,0.222,0.294,0.068
111,204,0.175,0.24,0.076
111,205,0.373,0.456,0.05
111,206,0.309,0.389,0.057
111,207,0.317,0.398,0.057
111,208,0.203,0.273,0.072
111,209,0.152,0.214,0.081
111,21,0.407,0.491,-0.027
111,210,0.183,0.25,0.076
111,211,0.272,0.349,0.063
111,212,0.238,0.312,0.068
111,213,0.265,0.342,0.064
111,214,0.265,0.342,0.065
111,215,0.195,0.263,0.075
111,216,0.205,0.275,0.074
111,217,0.213,0.284,0.072
111,218,0.285,0.364,0.062
111,219,0.327,0.408,0.057
111,22,0.366,0.449,-0.03
111,220,0.312,0.393,0.059
111,221,0.312,0.393,0.059
111,222,0.353,0.436,0.054
111,223,0.55,0.628,0.035
111,224,0.632,0.702,0.028
111,225,0.647,0.716,0.026
111,226,0.582,0.657,0.032
111,227,0.792,0.839,0.015
111,228,0.74,0.795,0.019
111,229,0.606,0.679,0.03
111,23,0.192,0.26,-0.043
111,230,0.811,0.854,0.014
111,231,0.679,0.743,0.024
111,232,0.695,0.757,0.023
111,233,0.74,0.796,0.019
111,234,0.662,0.729,0.025
111,235,0.615,0.688,0.029
111,236,0.527,0.607,0.036
111,237,0.431,0.514,0.045
111,238,0.458,0.54,0.043
111,239,0.511,0.592,0.038
111,24,0.3,0.379,-0.034
111,240,0.466,0.548,0.042
111,241,0.452,0.535,0.043
111,242,0.503,0.584,0.039
111,243,0.519,0.599,0.037
111,244,0.563,0.64,0.034
111,245,0.62,0.692,0.029
111,246,0.584,0.659,0.032
111,247,0.871,0.902,0.01
111,248,0.704,0.765,0.023
111,249,0.654,0.722,0.027
111,25,0.273,0.351,-0.036
111,250,0.62,0.691,0.03
111,26,0.402,0.485,-0.028
111,27,0.464,0.546,-0.024
111,28,0.304,0.384,-0.034
111,29,0.235,0.309,-0.039
111,30,0.392,0.476,-0.028
111,31,0.215,0.286,-0.041
111,32,0.173,0.238,-0.045
111,33,0.368,0.451,-0.03
111,34,0.138,0.196,-0.049
111,35,0.321,0.402,-0.033
111,36,0.187,0.255,-0.044
111,37,0.228,0.301,-0.04
111,38,0.297,0.376,-0.035
111,39,0.203,0.273,-0.042
111,40,0.26,0.336,-0.038
111,41,0.319,0.4,-0.033
111,42,0.273,0.351,-0.037
111,43,0.415,0.498,-0.027
111,44,0.399,0.482,-0.028
111,45,0.222,0.294,-0.041
111,46,0.539,0.618,-0.021
111,47,0.478,0.56,-0.024
111,48,0.654,0.722,-0.015
111,49,0.883,0.911,-0.005
111,50,0.482,0.564,-0.024
111,51,0.678,0.742,-0.014
111,52,0.668,0.734,-0.015
111,53,0.759,0.812,-0.011
111,54,0.73,0.787,-0.012
111,55,0.934,0.951,-0.003
111,56,0.9,0.924,-0.004
111,57,0.886,0.914,-0.005
111,58,0.829,0.869,-0.007
111,59,0.779,0.828,-0.01
111,60,0.878,0.908,-0.005
111,61,0.954,0.966,-0.002
111,62,0.573,0.649,-0.02
111,63,0.592,0.666,-0.019
111,64,0.554,0.631,-0.021
111,65,0.617,0.689,-0.018
111,66,0.597,0.671,-0.019
111,67,0.596,0.67,-0.019
111,68,0.671,0.736,-0.015
111,69,0.823,0.863,-0.008
111,70,0.593,0.667,-0.019
111,71,0.676,0.741,-0.015
111,72,0.776,0.825,-0.01
111,73,0.912,0.934,-0.004
111,74,0.765,0.817,-0.011
111,75,0.59,0.665,-0.02
111,76,0.464,0.546,-0.027
111,77,0.69,0.753,-0.015
111,78,0.938,0.953,-0.003
111,79,0.58,0.655,-0.021
111,80,0.722,0.78,-0.013
111,81,0.688,0.751,-0.015
111,82,0.867,0.898,-0.006
111,83,0.929,0.947,-0.003
111,84,0.941,0.956,-0.003
111,85,0.663,0.729,-0.017
111,86,0.986,0.989,-0.001
111,87,0.883,0.911,-0.006
111,88,0.984,0.988,-0.001
111,89,0.989,0.992,-0.001
111,9,0.188,0.256,-0.047
111,90,0.896,0.922,0.005
111,91,0.96,0.97,-0.002
111,92,0.956,0.967,-0.002
111,93,0.633,0.703,-0.019
111,94,0.711,0.771,-0.014
111,95,0.875,0.905,-0.006
111,96,0.912,0.934,-0.004
111,97,0.96,0.971,0.002
111,98,0.903,0.926,-0.005
111,99,0.936,0.952,-0.003
112,10,0.092,0.138,-0.06
112,100,0.933,0.95,0.003
112,101,0.923,0.942,-0.004
112,102,0.842,0.879,-0.008
112,103,0.952,0.965,-0.002
112,104,0.865,0.897,-0.007
112,105,0.884,0.912,-0.006
112,106,0.971,0.978,-0.001
112,107,0.999,0.999,-0.0
112,108,0.961,0.971,-0.002
112,109,0.827,0.867,-0.009
112,11,0.037,0.063,-0.073
112,110,0.915,0.936,-0.004
112,111,0.923,0.942,0.004
112,112,0.996,0.997,0.0
112,113,0.808,0.851,0.01
112,114,0.763,0.815,0.012
112,115,0.966,0.975,0.002
112,116,0.845,0.881,0.008
112,117,0.902,0.926,0.005
112,118,0.938,0.954,-0.003
112,119,0.884,0.912,-0.006
112,12,0.128,0.184,-0.053
112,120,0.891,0.917,-0.006
112,121,0.753,0.806,0.013
112,122,0.773,0.823,0.012
112,123,0.661,0.728,0.018
112,124,0.717,0.776,0.015
112,125,0.774,0.824,0.012
112,126,0.648,0.717,0.019
112,127,0.725,0.783,0.014
112,128,0.928,0.946,0.004
112,129,0.805,0.849,0.01
112,13,0.053,0.086,-0.066
112,130,0.855,0.889,0.008
112,131,0.697,0.759,0.016
112,132,0.852,0.887,0.008
112,133,0.588,0.663,0.022
112,134,0.596,0.67,0.022
112,135,0.591,0.665,0.022
112,136,0.753,0.806,0.013
112,137,0.68,0.744,0.017
112,138,0.637,0.707,0.02
112,139,0.437,0.52,0.033
112,14,0.045,0.075,-0.069
112,140,0.43,0.513,0.033
112,141,0.524,0.604,0.027
112,142,0.776,0.825,0.012
112,143,0.65,0.718,0.019
112,144,0.712,0.772,0.016
112,145,0.751,0.805,0.013
112,146,0.632,0.703,0.02
112,147,0.744,0.799,0.014
112,148,0.55,0.628,0.025
112,149,0.538,0.616,0.026
112,15,0.132,0.189,-0.051
112,150,0.599,0.673,0.022
112,151,0.481,0.563,0.03
112,152,0.666,0.732,0.018
112,153,0.629,0.7,0.021
112,154,0.616,0.688,0.022
112,155,0.564,0.641,0.025
112,156,0.496,0.578,0.029
112,157,0.588,0.663,0.023
112,158,0.8,0.845,0.011
112,159,0.97,0.978,0.002
112,16,0.123,0.178,-0.052
112,160,0.948,0.961,0.003
112,161,0.982,0.987,0.001
112,162,0.864,0.896,0.007
112,163,0.959,0.97,0.002
112,164,0.992,0.994,-0.0
112,165,0.788,0.835,0.012
112,166,0.855,0.889,0.008
112,167,0.612,0.684,0.022
112,168,0.61,0.683,0.023
112,169,0.65,0.718,0.02
112,17,0.072,0.112,-0.06
112,170,0.711,0.771,0.017
112,171,0.635,0.705,0.021
112,172,0.566,0.643,0.026
112,173,0.554,0.631,0.027
112,174,0.593,0.668,0.024
112,175,0.607,0.68,0.024
112,176,0.48,0.562,0.033
112,177,0.606,0.679,0.024
112,178,0.569,0.646,0.027
112,179,0.391,0.474,0.04
112,18,0.103,0.153,-0.054
112,180,0.359,0.442,0.044
112,181,0.383,0.466,0.042
112,182,0.32,0.401,0.048
112,183,0.35,0.432,0.045
112,184,0.387,0.47,0.042
112,185,0.364,0.447,0.045
112,186,0.346,0.428,0.047
112,187,0.34,0.422,0.048
112,188,0.369,0.452,0.045
112,189,0.35,0.432,0.047
112,19,0.095,0.142,-0.056
112,190,0.388,0.471,0.044
112,191,0.535,0.614,0.032
112,192,0.4,0.484,0.044
112,193,0.524,0.603,0.033
112,194,0.512,0.592,0.035
112,195,0.46,0.543,0.039
112,196,0.586,0.661,0.029
112,197,0.568,0.645,0.031
112,198,0.641,0.71,0.025
112,199,0.599,0.672,0.029
112,20,0.155,0.217,-0.047
112,200,0.609,0.682,0.028
112,201,0.558,0.635,0.032
112,202,0.528,0.608,0.035
112,203,0.408,0.491,0.046
112,204,0.451,0.534,0.042
112,205,0.415,0.498,0.046
112,206,0.398,0.482,0.048
112,207,0.387,0.47,0.049
112,208,0.368,0.451,0.051
112,209,0.248,0.323,0.066
112,21,0.132,0.189,-0.05
112,210,0.329,0.41,0.056
112,211,0.374,0.457,0.051
112,212,0.343,0.425,0.054
112,213,0.288,0.367,0.061
112,214,0.236,0.31,0.068
112,215,0.305,0.385,0.059
112,216,0.345,0.427,0.055
112,217,0.311,0.391,0.059
112,218,0.325,0.406,0.057
112,219,0.459,0.542,0.043
112,22,0.136,0.194,-0.049
112,220,0.502,0.583,0.039
112,221,0.394,0.478,0.049
112,222,0.49,0.572,0.04
112,223,0.581,0.657,0.032
112,224,0.539,0.618,0.035
112,225,0.681,0.745,0.024
112,226,0.82,0.861,0.013
112,227,0.758,0.811,0.018
112,228,0.844,0.88,0.011
112,229,0.843,0.88,0.011
112,23,0.135,0.193,-0.049
112,230,0.705,0.766,0.022
112,231,0.778,0.827,0.016
112,232,0.744,0.799,0.019
112,233,0.763,0.815,0.017
112,234,0.862,0.895,0.01
112,235,0.618,0.69,0.028
112,236,0.569,0.645,0.033
112,237,0.444,0.527,0.044
112,238,0.408,0.491,0.047
112,239,0.488,0.57,0.04
112,24,0.167,0.231,-0.046
112,240,0.485,0.567,0.04
112,241,0.436,0.519,0.045
112,242,0.341,0.423,0.055
112,243,0.554,0.631,0.034
112,244,0.473,0.555,0.042
112,245,0.367,0.45,0.053
112,246,0.392,0.475,0.051
112,247,0.394,0.478,0.051
112,248,0.524,0.604,0.038
112,249,0.401,0.484,0.051
112,25,0.132,0.189,-0.049
112,250,0.537,0.616,0.038
112,26,0.185,0.253,-0.043
112,27,0.091,0.138,-0.056
112,28,0.141,0.2,-0.048
112,29,0.246,0.321,-0.038
112,30,0.066,0.104,-0.06
112,31,0.155,0.216,-0.047
112,32,0.102,0.151,-0.054
112,33,0.164,0.228,-0.046
112,34,0.347,0.429,-0.031
112,35,0.186,0.253,-0.044
112,36,0.235,0.309,-0.039
112,37,0.293,0.372,-0.035
112,38,0.259,0.336,-0.037
112,39,0.29,0.369,-0.035
112,40,0.586,0.661,-0.018
112,41,0.401,0.485,-0.028
112,42,0.4,0.483,-0.028
112,43,0.401,0.484,-0.028
112,44,0.555,0.633,-0.02
112,45,0.501,0.582,-0.023
112,46,0.356,0.439,-0.031
112,47,0.442,0.525,-0.026
112,48,0.53,0.609,-0.021
112,49,0.65,0.718,-0.015
112,50,0.639,0.708,-0.016
112,51,0.672,0.738,-0.014
112,52,0.496,0.577,-0.023
112,53,0.574,0.65,-0.019
112,54,0.6,0.673,-0.018
112,55,0.572,0.648,-0.02
112,56,0.575,0.651,-0.019
112,57,0.363,0.446,-0.032
112,58,0.866,0.898,-0.006
112,59,0.694,0.757,-0.014
112,60,0.97,0.978,0.001
112,61,0.671,0.737,-0.015
112,62,0.758,0.811,-0.011
112,63,0.717,0.776,-0.013
112,64,0.838,0.876,-0.007
112,65,0.607,0.68,-0.018
112,66,0.654,0.722,-0.016
112,67,0.68,0.744,-0.015
112,68,0.82,0.861,-0.008
112,69,0.698,0.76,-0.014
112,70,0.464,0.546,-0.026
112,71,0.956,0.967,-0.002
112,72,0.924,0.943,-0.003
112,73,0.952,0.964,-0.002
112,74,0.748,0.802,-0.012
112,75,0.933,0.95,-0.003
112,76,0.902,0.926,-0.005
112,77,0.702,0.763,-0.014
112,78,0.901,0.925,-0.005
112,79,0.983,0.988,0.001
112,80,0.558,0.635,-0.022
112,81,0.685,0.749,-0.015
112,82,0.759,0.811,-0.012
112,83,0.903,0.927,0.005
112,84,0.989,0.992,-0.001
112,85,0.983,0.988,0.001
112,86,0.877,0.906,-0.006
112,87,0.921,0.941,0.004
112,88,1.0,1.0,0.0
112,89,0.893,0.919,0.005
112,9,0.139,0.197,-0.053
112,90,0.985,0.989,0.001
112,91,0.853,0.888,-0.007
112,92,0.885,0.913,0.006
112,93,0.955,0.967,-0.002
112,94,0.889,0.916,-0.005
112,95,0.85,0.885,-0.007
112,96,0.961,0.971,-0.002
112,97,0.805,0.849,-0.01
112,98,0.898,0.923,-0.005
112,99,0.752,0.805,-0.012
113,10,0.133,0.19,-0.054
113,100,0.891,0.917,0.005
113,101,0.991,0.993,0.0
113,102,0.77,0.82,0.012
113,103,0.969,0.977,0.002
113,104,0.986,0.989,-0.001
113,105,0.762,0.814,0.012
113,106,0.804,0.849,0.01
113,107,0.704,0.765,-0.015
113,108,0.857,0.891,-0.007
113,109,0.976,0.982,-0.001
113,11,0.249,0.325,-0.041
113,110,0.686,0.749,0.016
113,111,0.993,0.995,-0.0
113,112,0.998,0.999,-0.0
113,113,0.947,0.961,-0.003
113,114,1.0,1.0,0.0
113,115,0.825,0.865,-0.009
113,116,0.993,0.995,-0.0
113,117,0.987,0.991,0.001
113,118,0.94,0.955,-0.003
113,119,0.848,0.883,0.008
113,12,0.095,0.142,-0.059
113,120,0.887,0.914,0.006
113,121,0.965,0.974,-0.002
113,122,0.953,0.965,0.002
113,123,0.823,0.864,0.009
113,124,0.72,0.779,0.015
113,125,0.787,0.834,0.011
113,126,0.93,0.947,0.004
113,127,0.983,0.988,0.001
113,128,0.769,0.82,0.012
113,129,0.655,0.722,0.018
113,13,0.039,0.066,-0.072
113,130,0.715,0.774,0.015
113,131,0.756,0.809,0.013
113,132,0.899,0.924,0.005
113,133,0.747,0.801,0.013
113,134,0.746,0.801,0.013
113,135,0.83,0.87,0.009
113,136,0.78,0.829,0.012
113,137,0.768,0.818,0.012
113,138,0.822,0.863,0.009
113,139,0.916,0.937,-0.004
113,14,0.088,0.134,-0.059
113,140,0.899,0.924,-0.005
113,141,0.816,0.858,-0.01
113,142,0.913,0.934,0.005
113,143,0.908,0.931,0.005
113,144,0.779,0.828,0.012
113,145,0.699,0.761,0.016
113,146,0.694,0.756,0.017
113,147,0.619,0.69,0.021
113,148,0.576,0.652,0.024
113,149,0.574,0.65,0.024
113,15,0.063,0.101,-0.064
113,150,0.461,0.543,0.032
113,151,0.551,0.629,0.026
113,152,0.633,0.703,0.02
113,153,0.502,0.583,0.029
113,154,0.495,0.576,0.029
113,155,0.385,0.468,0.038
113,156,0.45,0.532,0.033
113,157,0.392,0.475,0.037
113,158,0.511,0.591,0.028
113,159,0.535,0.614,0.027
113,16,0.107,0.158,-0.055
113,160,0.406,0.49,0.036
113,161,0.452,0.535,0.033
113,162,0.334,0.415,0.042
113,163,0.422,0.505,0.035
113,164,0.493,0.574,0.03
113,165,0.318,0.398,0.044
113,166,0.324,0.405,0.044
113,167,0.368,0.451,0.04
113,168,0.494,0.575,0.031
113,169,0.478,0.56,0.032
113,17,0.147,0.207,-0.049
113,170,0.429,0.512,0.036
113,171,0.453,0.536,0.034
113,172,0.372,0.454,0.041
113,173,0.519,0.599,0.03
113,174,0.388,0.471,0.04
113,175,0.379,0.462,0.041
113,176,0.378,0.461,0.041
113,177,0.277,0.355,0.051
113,178,0.341,0.423,0.045
113,179,0.528,0.607,0.03
113,18,0.12,0.175,-0.052
113,180,0.354,0.436,0.045
113,181,0.433,0.516,0.038
113,182,0.415,0.499,0.04
113,183,0.214,0.286,0.061
113,184,0.22,0.292,0.061
113,185,0.208,0.279,0.063
113,186,0.268,0.345,0.056
113,187,0.263,0.34,0.057
113,188,0.3,0.38,0.053
113,189,0.317,0.398,0.051
113,19,0.123,0.178,-0.052
113,190,0.371,0.454,0.046
113,191,0.323,0.404,0.051
113,192,0.289,0.368,0.056
113,193,0.253,0.329,0.06
113,194,0.259,0.335,0.06
113,195,0.337,0.419,0.051
113,196,0.365,0.448,0.049
113,197,0.346,0.428,0.051
113,198,0.304,0.383,0.056
113,199,0.255,0.331,0.062
113,20,0.083,0.127,-0.058
113,200,0.281,0.359,0.059
113,201,0.285,0.364,0.059
113,202,0.319,0.4,0.055
113,203,0.42,0.504,0.045
113,204,0.374,0.456,0.05
113,205,0.419,0.503,0.046
113,206,0.414,0.498,0.046
113,207,0.341,0.423,0.054
113,208,0.412,0.495,0.047
113,209,0.293,0.373,0.06
113,21,0.258,0.335,-0.038
113,210,0.333,0.415,0.055
113,211,0.329,0.411,0.056
113,212,0.378,0.461,0.051
113,213,0.31,0.39,0.059
113,214,0.259,0.335,0.065
113,215,0.267,0.344,0.064
113,216,0.282,0.36,0.062
113,217,0.309,0.39,0.059
113,218,0.336,0.418,0.055
113,219,0.34,0.422,0.055
113,22,0.241,0.315,-0.039
113,220,0.359,0.441,0.053
113,221,0.451,0.534,0.043
113,222,0.541,0.619,0.035
113,223,0.581,0.657,0.032
113,224,0.494,0.576,0.039
113,225,0.67,0.736,0.024
113,226,0.784,0.832,0.016
113,227,0.639,0.709,0.027
113,228,0.615,0.687,0.029
113,229,0.705,0.766,0.022
113,23,0.252,0.328,-0.038
113,230,0.804,0.848,0.014
113,231,0.735,0.791,0.019
113,232,0.591,0.666,0.031
113,233,0.608,0.68,0.029
113,234,0.724,0.782,0.02
113,235,0.615,0.688,0.029
113,236,0.439,0.522,0.044
113,237,0.401,0.485,0.048
113,238,0.527,0.606,0.036
113,239,0.464,0.547,0.042
113,24,0.146,0.206,-0.049
113,240,0.38,0.463,0.051
113,241,0.441,0.524,0.045
113,242,0.504,0.585,0.039
113,243,0.498,0.579,0.04
113,244,0.509,0.59,0.039
113,245,0.652,0.72,0.027
113,246,0.676,0.741,0.025
113,247,0.9,0.924,0.008
113,248,0.875,0.905,0.01
113,249,0.951,0.964,0.004
113,25,0.225,0.298,-0.04
113,250,0.944,0.958,-0.004
113,26,0.248,0.324,-0.038
113,27,0.383,0.466,-0.029
113,28,0.448,0.531,-0.025
113,29,0.596,0.67,-0.018
113,30,0.385,0.468,-0.029
113,31,0.355,0.438,-0.03
113,32,0.279,0.357,-0.036
113,33,0.319,0.4,-0.033
113,34,0.188,0.255,-0.044
113,35,0.414,0.498,-0.027
113,36,0.305,0.385,-0.034
113,37,0.337,0.419,-0.032
113,38,0.228,0.302,-0.04
113,39,0.362,0.445,-0.03
113,40,0.299,0.379,-0.035
113,41,0.388,0.472,-0.029
113,42,0.581,0.656,-0.019
113,43,0.791,0.838,-0.009
113,44,0.559,0.636,-0.02
113,45,0.532,0.611,-0.021
113,46,0.452,0.535,-0.025
113,47,0.586,0.661,-0.018
113,48,0.742,0.797,-0.011
113,49,0.923,0.943,-0.003
113,50,0.507,0.588,-0.023
113,51,0.745,0.8,-0.011
113,52,0.724,0.782,-0.012
113,53,0.48,0.561,-0.024
113,54,0.661,0.728,-0.015
113,55,0.609,0.681,-0.018
113,56,0.754,0.807,-0.011
113,57,0.723,0.781,-0.012
113,58,0.996,0.997,0.0
113,59,0.764,0.815,-0.01
113,60,0.792,0.839,-0.009
113,61,0.996,0.997,-0.0
113,62,0.922,0.941,-0.003
113,63,0.977,0.983,0.001
113,64,0.896,0.921,-0.005
113,65,0.934,0.951,-0.003
113,66,0.975,0.982,0.001
113,67,0.827,0.867,0.008
113,68,0.949,0.962,-0.002
113,69,0.941,0.956,0.003
113,70,0.985,0.989,-0.001
113,71,0.759,0.812,0.011
113,72,0.861,0.894,0.006
113,73,0.967,0.975,-0.002
113,74,0.933,0.95,-0.003
113,75,0.799,0.844,-0.009
113,76,0.921,0.941,-0.004
113,77,0.931,0.948,0.003
113,78,0.85,0.886,0.007
113,79,0.748,0.802,0.012
113,80,0.914,0.935,0.004
113,81,0.871,0.902,0.006
113,82,0.888,0.915,-0.005
113,83,0.857,0.891,0.007
113,84,0.883,0.911,0.006
113,85,0.797,0.843,-0.01
113,86,0.886,0.914,0.005
113,87,0.871,0.902,0.006
113,88,0.914,0.936,0.004
113,89,0.791,0.838,-0.01
113,9,0.178,0.244,-0.049
113,90,0.89,0.916,-0.005
113,91,0.751,0.805,0.012
113,92,0.664,0.731,0.017
113,93,0.985,0.989,-0.001
113,94,0.995,0.997,-0.0
113,95,0.94,0.955,0.003
113,96,0.962,0.972,-0.002
113,97,0.923,0.943,-0.004
113,98,0.7,0.762,0.015
113,99,0.844,0.881,0.008
114,10,0.112,0.164,-0.057
114,100,0.882,0.911,0.006
114,101,0.421,0.505,0.032
114,102,0.641,0.71,0.018
114,103,0.535,0.614,0.024
114,104,0.727,0.784,0.014
114,105,0.794,0.84,0.01
114,106,0.857,0.891,-0.007
114,107,0.882,0.911,-0.006
114,108,0.993,0.995,0.0
114,109,0.938,0.954,0.003
114,11,0.143,0.203,-0.052
114,110,1.0,1.0,-0.0
114,111,0.858,0.891,-0.007
114,112,0.902,0.926,-0.005
114,113,0.848,0.884,-0.008
114,114,0.901,0.925,-0.005
114,115,0.862,0.895,-0.007
114,116,0.881,0.91,-0.006
114,117,0.63,0.701,-0.019
114,118,0.842,0.879,-0.008
114,119,0.762,0.814,-0.012
114,12,0.185,0.253,-0.047
114,120,0.997,0.998,-0.0
114,121,0.918,0.938,-0.004
114,122,0.962,0.972,-0.002
114,123,0.833,0.872,-0.009
114,124,0.984,0.988,0.001
114,125,0.999,0.999,-0.0
114,126,0.996,0.997,0.0
114,127,0.925,0.943,0.004
114,128,0.989,0.992,-0.001
114,129,0.792,0.839,0.011
114,13,0.079,0.122,-0.062
114,130,0.79,0.837,0.011
114,131,0.735,0.792,0.014
114,132,0.559,0.636,0.024
114,133,0.741,0.796,0.014
114,134,0.756,0.809,0.013
114,135,0.967,0.976,0.002
114,136,0.564,0.641,0.024
114,137,0.493,0.574,0.029
114,138,0.648,0.717,0.019
114,139,0.608,0.681,0.022
114,14,0.134,0.192,-0.052
114,140,0.673,0.738,0.018
114,141,0.621,0.692,0.021
114,142,0.536,0.615,0.026
114,143,0.433,0.516,0.033
114,144,0.537,0.616,0.026
114,145,0.49,0.572,0.029
114,146,0.459,0.542,0.031
114,147,0.313,0.393,0.043
114,148,0.277,0.355,0.046
114,149,0.288,0.367,0.045
114,15,0.08,0.123,-0.06
114,150,0.245,0.32,0.05
114,151,0.228,0.302,0.052
114,152,0.278,0.356,0.047
114,153,0.174,0.239,0.059
114,154,0.169,0.233,0.059
114,155,0.274,0.351,0.047
114,156,0.169,0.234,0.06
114,157,0.258,0.334,0.049
114,158,0.3,0.38,0.045
114,159,0.245,0.32,0.051
114,16,0.154,0.215,-0.049
114,160,0.239,0.313,0.052
114,161,0.232,0.306,0.053
114,162,0.223,0.295,0.054
114,163,0.217,0.289,0.055
114,164,0.234,0.308,0.053
114,165,0.154,0.215,0.064
114,166,0.218,0.29,0.055
114,167,0.306,0.386,0.046
114,168,0.378,0.461,0.04
114,169,0.301,0.38,0.047
114,17,0.145,0.205,-0.05
114,170,0.246,0.321,0.053
114,171,0.242,0.316,0.054
114,172,0.292,0.371,0.049
114,173,0.283,0.362,0.05
114,174,0.173,0.238,0.064
114,175,0.176,0.241,0.064
114,176,0.201,0.271,0.061
114,177,0.223,0.296,0.059
114,178,0.246,0.321,0.056
114,179,0.174,0.24,0.066
114,18,0.149,0.209,-0.049
114,180,0.206,0.277,0.062
114,181,0.134,0.191,0.074
114,182,0.146,0.206,0.072
114,183,0.271,0.348,0.055
114,184,0.191,0.26,0.066
114,185,0.208,0.279,0.064
114,186,0.179,0.246,0.068
114,187,0.126,0.182,0.078
114,188,0.205,0.275,0.065
114,189,0.133,0.19,0.078
114,19,0.134,0.191,-0.051
114,190,0.144,0.203,0.076
114,191,0.144,0.204,0.077
114,192,0.227,0.3,0.064
114,193,0.209,0.279,0.067
114,194,0.185,0.252,0.071
114,195,0.251,0.326,0.062
114,196,0.225,0.298,0.066
114,197,0.285,0.363,0.058
114,198,0.234,0.308,0.065
114,199,0.204,0.274,0.07
114,20,0.075,0.117,-0.06
114,200,0.262,0.338,0.062
114,201,0.195,0.263,0.072
114,202,0.335,0.417,0.054
114,203,0.366,0.448,0.051
114,204,0.297,0.376,0.059
114,205,0.459,0.542,0.042
114,206,0.281,0.359,0.061
114,207,0.299,0.379,0.059
114,208,0.386,0.469,0.05
114,209,0.37,0.453,0.051
114,21,0.128,0.185,-0.051
114,210,0.512,0.593,0.038
114,211,0.502,0.583,0.039
114,212,0.472,0.554,0.041
114,213,0.308,0.388,0.058
114,214,0.446,0.529,0.044
114,215,0.284,0.362,0.061
114,216,0.445,0.528,0.044
114,217,0.441,0.524,0.044
114,218,0.373,0.456,0.051
114,219,0.279,0.357,0.062
114,22,0.243,0.318,-0.039
114,220,0.284,0.363,0.061
114,221,0.364,0.446,0.052
114,222,0.299,0.379,0.059
114,223,0.406,0.489,0.047
114,224,0.349,0.431,0.053
114,225,0.485,0.567,0.04
114,226,0.494,0.575,0.039
114,227,0.662,0.729,0.025
114,228,0.597,0.671,0.03
114,229,0.618,0.69,0.028
114,23,0.144,0.203,-0.049
114,230,0.631,0.702,0.027
114,231,0.636,0.706,0.027
114,232,0.599,0.673,0.03
114,233,0.678,0.742,0.023
114,234,0.593,0.668,0.03
114,235,0.639,0.708,0.027
114,236,0.693,0.756,0.022
114,237,0.664,0.73,0.025
114,238,0.657,0.724,0.025
114,239,0.685,0.748,0.023
114,24,0.188,0.256,-0.044
114,240,0.611,0.684,0.029
114,241,0.613,0.686,0.029
114,242,0.587,0.662,0.032
114,243,0.635,0.705,0.028
114,244,0.63,0.7,0.028
114,245,0.897,0.922,0.008
114,246,0.999,1.0,-0.0
114,247,0.852,0.887,0.011
114,248,0.716,0.775,0.022
114,249,0.859,0.892,0.011
114,25,0.234,0.308,-0.04
114,26,0.167,0.232,-0.046
114,27,0.165,0.229,-0.046
114,28,0.278,0.356,-0.036
114,29,0.251,0.327,-0.038
114,30,0.199,0.269,-0.043
114,31,0.223,0.296,-0.04
114,32,0.387,0.47,-0.029
114,33,0.288,0.367,-0.035
114,34,0.24,0.315,-0.039
114,35,0.258,0.334,-0.038
114,36,0.297,0.376,-0.035
114,37,0.285,0.364,-0.035
114,38,0.319,0.4,-0.033
114,39,0.148,0.208,-0.048
114,40,0.202,0.271,-0.043
114,41,0.323,0.404,-0.033
114,42,0.293,0.373,-0.035
114,43,0.302,0.382,-0.034
114,44,0.234,0.308,-0.04
114,45,0.336,0.418,-0.032
114,46,0.24,0.314,-0.04
114,47,0.487,0.569,-0.024
114,48,0.434,0.517,-0.027
114,49,0.647,0.716,-0.015
114,50,0.593,0.667,-0.018
114,51,0.808,0.852,-0.008
114,52,0.882,0.91,-0.005
114,53,0.72,0.778,-0.012
114,54,0.991,0.993,-0.0
114,55,0.724,0.782,-0.012
114,56,0.991,0.993,-0.0
114,57,0.778,0.827,-0.01
114,58,0.953,0.965,-0.002
114,59,0.78,0.829,0.01
114,60,0.697,0.759,-0.014
114,61,0.589,0.664,-0.019
114,62,0.934,0.95,-0.003
114,63,0.823,0.864,-0.008
114,64,0.543,0.621,-0.022
114,65,0.893,0.919,-0.005
114,66,0.863,0.896,0.006
114,67,0.742,0.797,-0.012
114,68,0.951,0.963,0.002
114,69,0.88,0.909,-0.005
114,70,0.861,0.894,0.006
114,71,0.805,0.85,-0.009
114,72,0.75,0.804,-0.012
114,73,0.641,0.71,-0.017
114,74,0.855,0.889,-0.007
114,75,0.809,0.852,-0.009
114,76,0.803,0.848,-0.009
114,77,0.89,0.917,0.005
114,78,0.754,0.807,0.012
114,79,0.893,0.919,0.005
114,80,0.882,0.91,-0.006
114,81,0.816,0.858,0.009
114,82,0.973,0.98,0.001
114,83,0.997,0.998,0.0
114,84,0.954,0.966,0.002
114,85,0.924,0.943,0.004
114,86,0.989,0.992,0.001
114,87,0.948,0.961,-0.002
114,88,0.907,0.93,0.004
114,89,0.894,0.92,0.005
114,90,0.953,0.965,-0.002
114,91,0.895,0.92,-0.005
114,92,0.956,0.967,0.002
114,93,0.96,0.97,0.002
114,94,0.744,0.798,0.013
114,95,0.624,0.695,0.019
114,96,0.836,0.874,0.008
114,97,0.813,0.856,0.009
114,98,0.609,0.682,0.02
114,99,0.696,0.758,0.015
115,100,0.623,0.695,0.019
115,101,0.576,0.652,0.022
115,102,0.829,0.868,0.009
115,103,0.624,0.696,0.019
115,104,0.615,0.687,0.02
115,105,0.698,0.76,0.015
115,106,0.883,0.911,0.006
115,107,0.789,0.836,0.011
115,108,0.943,0.958,0.003
115,109,0.992,0.994,-0.0
115,11,0.075,0.116,-0.064
115,110,0.848,0.884,-0.008
115,111,0.955,0.967,0.002
115,112,0.988,0.991,0.001
115,113,0.952,0.964,-0.002
115,114,0.999,0.999,0.0
115,115,0.949,0.962,-0.003
115,116,0.936,0.952,-0.003
115,117,0.909,0.932,0.005
115,118,0.935,0.951,0.003
115,119,0.835,0.873,0.009
115,12,0.085,0.129,-0.062
115,120,0.868,0.899,0.007
115,121,0.748,0.802,0.013
115,122,0.578,0.654,0.023
115,123,0.766,0.817,0.012
115,124,0.793,0.839,0.011
115,125,0.598,0.672,0.022
115,126,0.645,0.714,0.019
115,127,0.713,0.773,0.015
115,128,0.672,0.737,0.018
115,129,0.497,0.578,0.028
115,13,0.092,0.139,-0.06
115,130,0.553,0.631,0.025
115,131,0.53,0.61,0.026
115,132,0.439,0.522,0.032
115,133,0.573,0.65,0.023
115,134,0.62,0.691,0.021
115,135,0.666,0.732,0.018
115,136,0.683,0.747,0.017
115,137,0.59,0.665,0.023
115,138,0.665,0.732,0.018
115,139,0.538,0.617,0.026
115,14,0.102,0.151,-0.057
115,140,0.598,0.672,0.022
115,141,0.515,0.595,0.027
115,142,0.567,0.644,0.024
115,143,0.449,0.532,0.032
115,144,0.553,0.631,0.025
115,145,0.561,0.638,0.025
115,146,0.52,0.6,0.027
115,147,0.339,0.421,0.041
115,148,0.296,0.376,0.045
115,149,0.338,0.42,0.041
115,15,0.051,0.084,-0.068
115,150,0.309,0.389,0.044
115,151,0.408,0.491,0.036
115,152,0.353,0.435,0.04
115,153,0.331,0.413,0.042
115,154,0.203,0.273,0.055
115,155,0.316,0.397,0.044
115,156,0.353,0.435,0.041
115,157,0.38,0.463,0.038
115,158,0.429,0.512,0.035
115,159,0.377,0.46,0.039
115,16,0.125,0.181,-0.053
115,160,0.287,0.366,0.047
115,161,0.272,0.349,0.049
115,162,0.176,0.242,0.06
115,163,0.255,0.331,0.051
115,164,0.303,0.383,0.046
115,165,0.444,0.527,0.035
115,166,0.332,0.414,0.044
115,167,0.349,0.431,0.043
115,168,0.272,0.349,0.051
115,169,0.354,0.437,0.043
115,17,0.037,0.064,-0.072
115,170,0.394,0.477,0.04
115,171,0.46,0.542,0.035
115,172,0.486,0.568,0.033
115,173,0.327,0.408,0.047
115,174,0.355,0.438,0.044
115,175,0.326,0.407,0.047
115,176,0.268,0.346,0.053
115,177,0.249,0.325,0.056
115,178,0.227,0.3,0.059
115,179,0.276,0.354,0.054
115,18,0.182,0.248,-0.046
115,180,0.391,0.475,0.043
115,181,0.306,0.386,0.051
115,182,0.199,0.269,0.065
115,183,0.201,0.271,0.065
115,184,0.268,0.345,0.057
115,185,0.325,0.406,0.051
115,186,0.327,0.408,0.051
115,187,0.324,0.405,0.052
115,188,0.29,0.369,0.056
115,189,0.295,0.374,0.056
115,19,0.175,0.241,-0.046
115,190,0.233,0.306,0.064
115,191,0.263,0.34,0.06
115,192,0.362,0.444,0.049
115,193,0.355,0.438,0.05
115,194,0.492,0.574,0.037
115,195,0.398,0.481,0.046
115,196,0.337,0.419,0.053
115,197,0.32,0.4,0.055
115,198,0.316,0.397,0.056
115,199,0.403,0.486,0.047
115,20,0.085,0.129,-0.059
115,200,0.292,0.372,0.059
115,201,0.29,0.369,0.06
115,202,0.224,0.296,0.069
115,203,0.27,0.347,0.062
115,204,0.356,0.439,0.052
115,205,0.385,0.468,0.049
115,206,0.398,0.481,0.048
115,207,0.418,0.501,0.046
115,208,0.495,0.577,0.039
115,209,0.483,0.565,0.04
115,21,0.144,0.203,-0.049
115,210,0.343,0.425,0.054
115,211,0.53,0.609,0.036
115,212,0.396,0.479,0.049
115,213,0.52,0.6,0.037
115,214,0.555,0.633,0.034
115,215,0.519,0.599,0.037
115,216,0.628,0.699,0.028
115,217,0.468,0.55,0.042
115,218,0.494,0.575,0.039
115,219,0.553,0.63,0.034
115,22,0.193,0.262,-0.044
115,220,0.544,0.623,0.035
115,221,0.566,0.643,0.033
115,222,0.804,0.848,0.014
115,223,0.866,0.898,0.01
115,224,0.886,0.914,0.008
115,225,0.763,0.815,0.017
115,226,0.635,0.705,0.027
115,227,0.712,0.772,0.021
115,228,0.889,0.916,0.008
115,229,0.875,0.905,0.009
115,23,0.106,0.157,-0.054
115,230,0.662,0.728,0.025
115,231,0.76,0.812,0.017
115,232,0.744,0.799,0.019
115,233,0.659,0.726,0.025
115,234,0.703,0.764,0.022
115,235,0.78,0.829,0.016
115,236,0.792,0.838,0.015
115,237,0.622,0.693,0.028
115,238,0.601,0.674,0.03
115,239,0.569,0.646,0.033
115,24,0.323,0.404,-0.033
115,240,0.626,0.697,0.028
115,241,0.753,0.807,0.018
115,242,0.528,0.608,0.037
115,243,0.786,0.834,0.016
115,244,0.81,0.853,0.014
115,245,0.797,0.843,0.015
115,246,0.978,0.984,-0.002
115,247,0.921,0.94,0.006
115,248,0.863,0.896,0.011
115,249,0.935,0.951,-0.005
115,25,0.306,0.386,-0.034
115,26,0.452,0.535,-0.025
115,27,0.234,0.308,-0.04
115,28,0.225,0.298,-0.04
115,29,0.336,0.418,-0.032
115,30,0.213,0.284,-0.041
115,31,0.194,0.263,-0.043
115,32,0.424,0.507,-0.027
115,33,0.191,0.259,-0.043
115,34,0.088,0.134,-0.056
115,35,0.213,0.284,-0.041
115,36,0.213,0.285,-0.041
115,37,0.178,0.244,-0.045
115,38,0.095,0.143,-0.056
115,39,0.212,0.284,-0.042
115,40,0.14,0.198,-0.049
115,41,0.227,0.3,-0.041
115,42,0.227,0.3,-0.041
115,43,0.125,0.18,-0.052
115,44,0.232,0.306,-0.04
115,45,0.131,0.187,-0.051
115,46,0.305,0.385,-0.035
115,47,0.504,0.584,-0.023
115,48,0.406,0.489,-0.028
115,49,0.375,0.458,-0.03
115,50,0.475,0.557,-0.024
115,51,0.39,0.473,-0.03
115,52,0.189,0.257,-0.045
115,53,0.37,0.453,-0.031
115,54,0.574,0.651,-0.019
115,55,0.912,0.934,-0.004
115,56,0.436,0.519,-0.027
115,57,0.647,0.715,-0.016
115,58,0.583,0.658,-0.019
115,59,0.471,0.553,-0.025
115,60,0.444,0.527,-0.027
115,61,0.518,0.598,-0.023
115,62,0.849,0.885,-0.007
115,63,0.773,0.823,-0.01
115,64,0.64,0.709,-0.017
115,65,0.709,0.77,-0.013
115,66,0.737,0.793,-0.012
115,67,0.584,0.659,-0.019
115,68,0.704,0.765,-0.014
115,69,0.472,0.554,-0.026
115,70,0.853,0.888,-0.007
115,71,0.764,0.816,-0.011
115,72,0.913,0.935,-0.004
115,73,0.992,0.994,-0.0
115,74,0.91,0.932,0.004
115,75,0.977,0.983,-0.001
115,76,0.975,0.981,-0.001
115,77,0.767,0.818,-0.011
115,78,0.942,0.957,-0.003
115,79,0.996,0.997,-0.0
115,80,0.953,0.965,-0.002
115,81,0.582,0.657,-0.02
115,82,0.788,0.835,-0.01
115,83,0.663,0.729,-0.016
115,84,0.787,0.835,-0.01
115,85,0.714,0.773,-0.014
115,86,0.965,0.974,-0.002
115,87,0.841,0.879,-0.008
115,88,0.646,0.715,-0.017
115,89,0.636,0.706,-0.018
115,90,0.894,0.92,-0.005
115,91,0.981,0.986,-0.001
115,92,0.815,0.858,0.009
115,93,0.813,0.855,0.009
115,94,0.682,0.746,0.016
115,95,0.642,0.711,0.018
115,96,0.607,0.68,0.02
115,97,0.659,0.726,0.017
115,98,0.68,0.744,0.016
115,99,0.734,0.791,0.013
116,100,0.768,0.819,0.012
116,101,0.84,0.877,-0.008
116,102,0.981,0.986,-0.001
116,103,0.947,0.96,0.003
116,104,0.824,0.864,-0.009
116,105,0.902,0.926,-0.005
116,106,0.92,0.94,-0.004
116,107,0.653,0.72,0.018
116,108,0.844,0.88,0.008
116,109,0.893,0.919,0.005
116,110,0.949,0.962,-0.003
116,111,0.935,0.951,0.003
116,112,0.988,0.991,0.001
116,113,0.841,0.878,0.008
116,114,0.851,0.886,0.008
116,115,0.736,0.792,0.014
116,116,0.681,0.746,0.017
116,117,0.744,0.799,0.013
116,118,0.789,0.836,0.011
116,119,0.794,0.84,0.011
116,120,0.688,0.751,0.016
116,121,0.683,0.747,0.017
116,122,0.719,0.778,0.015
116,123,0.596,0.67,0.022
116,124,0.548,0.626,0.025
116,125,0.389,0.473,0.035
116,126,0.513,0.593,0.027
116,127,0.536,0.615,0.026
116,128,0.533,0.613,0.026
116,129,0.421,0.504,0.033
116,13,0.016,0.031,-0.086
116,130,0.482,0.564,0.029
116,131,0.466,0.549,0.03
116,132,0.656,0.723,0.019
116,133,0.76,0.812,0.013
116,134,0.794,0.84,0.011
116,135,0.562,0.639,0.024
116,136,0.531,0.61,0.026
116,137,0.595,0.669,0.022
116,138,0.503,0.584,0.028
116,139,0.501,0.582,0.028
116,14,0.031,0.055,-0.077
116,140,0.626,0.697,0.021
116,141,0.439,0.522,0.033
116,142,0.577,0.653,0.024
116,143,0.604,0.677,0.022
116,144,0.631,0.702,0.021
116,145,0.492,0.573,0.029
116,146,0.335,0.417,0.041
116,147,0.315,0.396,0.043
116,148,0.437,0.52,0.034
116,149,0.386,0.469,0.038
116,15,0.032,0.057,-0.076
116,150,0.366,0.449,0.039
116,151,0.283,0.362,0.047
116,152,0.331,0.413,0.043
116,153,0.305,0.385,0.045
116,154,0.459,0.541,0.033
116,155,0.396,0.48,0.037
116,156,0.293,0.373,0.047
116,157,0.385,0.468,0.039
116,158,0.37,0.453,0.04
116,159,0.401,0.484,0.037
116,16,0.037,0.063,-0.073
116,160,0.293,0.373,0.047
116,161,0.239,0.314,0.053
116,162,0.343,0.425,0.043
116,163,0.362,0.445,0.041
116,164,0.467,0.549,0.033
116,165,0.477,0.559,0.033
116,166,0.47,0.552,0.033
116,167,0.444,0.527,0.036
116,168,0.448,0.531,0.035
116,169,0.424,0.507,0.038
116,17,0.017,0.033,-0.083
116,170,0.476,0.558,0.034
116,171,0.59,0.664,0.026
116,172,0.429,0.513,0.038
116,173,0.573,0.649,0.027
116,174,0.45,0.533,0.037
116,175,0.414,0.497,0.04
116,176,0.385,0.468,0.042
116,177,0.285,0.364,0.053
116,178,0.344,0.426,0.047
116,179,0.344,0.426,0.047
116,18,0.03,0.053,-0.075
116,180,0.236,0.311,0.059
116,181,0.212,0.283,0.063
116,182,0.323,0.405,0.05
116,183,0.348,0.431,0.048
116,184,0.294,0.373,0.054
116,185,0.273,0.35,0.057
116,186,0.361,0.443,0.048
116,187,0.362,0.444,0.048
116,188,0.326,0.407,0.052
116,189,0.37,0.453,0.048
116,19,0.033,0.057,-0.074
116,190,0.406,0.489,0.045
116,191,0.433,0.517,0.042
116,192,0.483,0.565,0.038
116,193,0.431,0.514,0.043
116,194,0.406,0.49,0.046
116,195,0.49,0.572,0.038
116,196,0.665,0.731,0.024
116,197,0.535,0.614,0.035
116,198,0.412,0.496,0.046
116,199,0.545,0.623,0.034
116,20,0.046,0.076,-0.068
116,200,0.547,0.625,0.034
116,201,0.592,0.667,0.03
116,202,0.436,0.519,0.044
116,203,0.418,0.501,0.046
116,204,0.455,0.537,0.042
116,205,0.542,0.62,0.035
116,206,0.346,0.428,0.054
116,207,0.364,0.447,0.052
116,208,0.434,0.517,0.045
116,209,0.377,0.46,0.051
116,21,0.056,0.09,-0.066
116,210,0.32,0.401,0.057
116,211,0.366,0.449,0.052
116,212,0.479,0.561,0.04
116,213,0.364,0.447,0.052
116,214,0.369,0.452,0.051
116,215,0.545,0.624,0.034
116,216,0.513,0.594,0.037
116,217,0.476,0.558,0.041
116,218,0.545,0.624,0.034
116,219,0.502,0.583,0.038
116,22,0.059,0.095,-0.065
116,220,0.619,0.69,0.028
116,221,0.86,0.893,0.01
116,222,0.786,0.834,0.015
116,223,0.671,0.736,0.024
116,224,0.742,0.797,0.019
116,225,0.602,0.676,0.029
116,226,0.753,0.806,0.018
116,227,0.669,0.734,0.024
116,228,0.636,0.706,0.027
116,229,0.605,0.678,0.029
116,23,0.167,0.231,-0.047
116,230,0.715,0.774,0.021
116,231,0.789,0.836,0.015
116,232,0.789,0.836,0.015
116,233,0.606,0.679,0.029
116,234,0.678,0.743,0.024
116,235,0.736,0.792,0.019
116,236,0.591,0.665,0.031
116,237,0.757,0.81,0.018
116,238,0.782,0.83,0.016
116,239,0.557,0.635,0.034
116,24,0.106,0.157,-0.055
116,240,0.527,0.607,0.037
116,241,0.723,0.781,0.021
116,242,0.625,0.696,0.029
116,243,0.701,0.762,0.023
116,244,0.748,0.802,0.019
116,245,0.753,0.806,0.019
116,246,0.82,0.861,0.014
116,247,0.894,0.92,0.008
116,248,0.883,0.911,0.009
116,25,0.119,0.173,-0.052
116,26,0.11,0.161,-0.054
116,27,0.134,0.191,-0.05
116,28,0.076,0.117,-0.06
116,29,0.085,0.13,-0.057
116,30,0.172,0.237,-0.046
116,31,0.056,0.09,-0.064
116,32,0.115,0.167,-0.053
116,33,0.123,0.178,-0.052
116,34,0.099,0.147,-0.055
116,35,0.084,0.128,-0.058
116,36,0.225,0.297,-0.041
116,37,0.047,0.079,-0.066
116,38,0.092,0.139,-0.057
116,39,0.117,0.17,-0.053
116,40,0.095,0.142,-0.056
116,41,0.157,0.219,-0.048
116,42,0.117,0.171,-0.053
116,43,0.11,0.162,-0.054
116,44,0.107,0.157,-0.054
116,45,0.048,0.08,-0.067
116,46,0.097,0.145,-0.056
116,47,0.145,0.205,-0.049
116,48,0.141,0.2,-0.05
116,49,0.237,0.312,-0.04
116,50,0.278,0.356,-0.037
116,51,0.259,0.336,-0.039
116,52,0.22,0.293,-0.042
116,53,0.42,0.504,-0.028
116,54,0.368,0.45,-0.031
116,55,0.4,0.483,-0.029
116,56,0.472,0.555,-0.025
116,57,0.418,0.501,-0.028
116,58,0.35,0.433,-0.033
116,59,0.626,0.697,-0.017
116,60,0.599,0.673,-0.018
116,61,0.577,0.653,-0.02
116,62,0.528,0.607,-0.022
116,63,0.475,0.557,-0.025
116,64,0.324,0.405,-0.035
116,65,0.255,0.331,-0.04
116,66,0.258,0.335,-0.04
116,67,0.481,0.563,-0.025
116,68,0.451,0.534,-0.027
116,69,0.717,0.776,-0.013
116,70,0.538,0.617,-0.022
116,71,0.553,0.631,-0.021
116,72,0.649,0.717,-0.016
116,73,0.687,0.75,-0.015
116,74,0.825,0.865,-0.008
116,75,0.731,0.788,-0.013
116,76,0.863,0.896,-0.006
116,77,0.674,0.739,-0.015
116,78,0.783,0.831,-0.01
116,79,0.973,0.98,-0.001
116,80,0.922,0.941,-0.004
116,81,0.972,0.979,0.001
116,82,0.972,0.979,-0.001
116,83,0.931,0.948,0.003
116,84,0.932,0.949,0.003
116,85,0.908,0.931,0.004
116,86,0.84,0.877,0.008
116,87,0.815,0.857,0.009
116,88,0.722,0.78,0.013
116,89,0.777,0.826,0.011
116,90,0.753,0.806,-0.012
116,91,0.962,0.972,0.002
116,92,0.99,0.993,-0.0
116,93,0.93,0.948,0.003
116,94,0.767,0.818,0.011
116,95,0.82,0.861,0.009
116,96,0.983,0.988,0.001
116,97,0.966,0.975,-0.002
116,98,0.853,0.888,0.007
116,99,0.881,0.91,0.006
117,100,0.601,0.674,0.02
117,101,0.598,0.672,0.021
117,102,0.485,0.567,0.028
117,103,0.492,0.574,0.027
117,104,0.392,0.475,0.034
117,105,0.48,0.562,0.028
117,106,0.623,0.694,0.02
117,107,0.723,0.781,0.014
117,108,0.783,0.831,0.011
117,109,0.579,0.655,0.022
117,110,0.551,0.629,0.024
117,111,0.571,0.648,0.023
117,112,0.457,0.54,0.03
117,113,0.585,0.66,0.022
117,114,0.675,0.74,0.017
117,115,0.558,0.635,0.024
117,116,0.553,0.631,0.024
117,117,0.544,0.622,0.025
117,118,0.502,0.583,0.027
117,119,0.502,0.583,0.027
117,120,0.528,0.607,0.026
117,121,0.578,0.654,0.023
117,122,0.551,0.629,0.025
117,123,0.379,0.462,0.036
117,124,0.486,0.567,0.029
117,125,0.395,0.478,0.035
117,126,0.357,0.439,0.038
117,127,0.544,0.622,0.025
117,128,0.334,0.416,0.04
117,129,0.355,0.438,0.039
117,130,0.478,0.56,0.03
117,131,0.438,0.521,0.032
117,132,0.462,0.545,0.031
117,133,0.539,0.618,0.026
117,134,0.324,0.405,0.042
117,135,0.487,0.568,0.029
117,136,0.523,0.603,0.027
117,137,0.453,0.536,0.032
117,138,0.625,0.696,0.021
117,139,0.694,0.756,0.017
117,140,0.462,0.544,0.031
117,141,0.333,0.415,0.041
117,142,0.43,0.513,0.034
117,143,0.393,0.476,0.037
117,144,0.391,0.474,0.037
117,145,0.341,0.423,0.041
117,146,0.361,0.443,0.04
117,147,0.606,0.679,0.022
117,148,0.626,0.697,0.021
117,149,0.489,0.57,0.03
117,150,0.537,0.616,0.027
117,151,0.566,0.642,0.025
117,152,0.452,0.535,0.033
117,153,0.328,0.409,0.043
117,154,0.31,0.39,0.045
117,155,0.353,0.435,0.041
117,156,0.302,0.381,0.046
117,157,0.413,0.496,0.037
117,158,0.502,0.583,0.03
117,159,0.489,0.57,0.031
117,16,0.14,0.198,-0.053
117,160,0.446,0.529,0.035
117,161,0.374,0.457,0.041
117,162,0.35,0.432,0.043
117,163,0.296,0.376,0.048
117,164,0.397,0.48,0.039
117,165,0.467,0.549,0.034
117,166,0.431,0.514,0.037
117,167,0.493,0.574,0.032
117,168,0.427,0.51,0.037
117,169,0.456,0.539,0.035
117,17,0.255,0.332,-0.04
117,170,0.454,0.537,0.036
117,171,0.371,0.453,0.043
117,172,0.242,0.317,0.057
117,173,0.342,0.424,0.046
117,174,0.259,0.335,0.055
117,175,0.273,0.35,0.054
117,176,0.332,0.413,0.048
117,177,0.428,0.511,0.04
117,178,0.465,0.547,0.037
117,179,0.377,0.46,0.045
117,18,0.162,0.225,-0.049
117,180,0.236,0.31,0.06
117,181,0.286,0.364,0.055
117,182,0.293,0.372,0.054
117,183,0.402,0.485,0.044
117,184,0.489,0.571,0.036
117,185,0.496,0.578,0.036
117,186,0.462,0.545,0.039
117,187,0.404,0.487,0.045
117,188,0.455,0.537,0.04
117,189,0.454,0.536,0.041
117,19,0.141,0.2,-0.051
117,190,0.514,0.594,0.036
117,191,0.466,0.548,0.04
117,192,0.408,0.491,0.046
117,193,0.566,0.643,0.032
117,194,0.554,0.631,0.033
117,195,0.518,0.598,0.036
117,196,0.573,0.65,0.032
117,197,0.587,0.662,0.03
117,198,0.556,0.634,0.033
117,199,0.475,0.557,0.04
117,20,0.164,0.227,-0.048
117,200,0.39,0.473,0.049
117,201,0.51,0.591,0.037
117,202,0.517,0.597,0.037
117,203,0.301,0.381,0.059
117,204,0.299,0.378,0.059
117,205,0.312,0.392,0.057
117,206,0.372,0.454,0.051
117,207,0.256,0.333,0.065
117,208,0.248,0.323,0.066
117,209,0.374,0.457,0.051
117,21,0.14,0.199,-0.051
117,210,0.323,0.404,0.056
117,211,0.304,0.384,0.058
117,212,0.403,0.487,0.048
117,213,0.354,0.437,0.053
117,214,0.411,0.494,0.047
117,215,0.333,0.414,0.055
117,216,0.398,0.481,0.048
117,217,0.448,0.531,0.043
117,218,0.353,0.435,0.053
117,219,0.394,0.477,0.048
117,22,0.108,0.159,-0.055
117,220,0.486,0.567,0.04
117,221,0.573,0.65,0.032
117,222,0.606,0.679,0.029
117,223,0.637,0.707,0.027
117,224,0.502,0.583,0.038
117,225,0.56,0.638,0.033
117,226,0.493,0.574,0.039
117,227,0.545,0.624,0.034
117,228,0.744,0.799,0.018
117,229,0.639,0.709,0.027
117,23,0.07,0.109,-0.062
117,230,0.495,0.577,0.039
117,231,0.454,0.537,0.042
117,232,0.543,0.621,0.035
117,233,0.495,0.576,0.039
117,234,0.46,0.542,0.042
117,235,0.446,0.529,0.044
117,236,0.453,0.536,0.043
117,237,0.348,0.43,0.054
117,238,0.284,0.363,0.063
117,239,0.423,0.507,0.047
117,24,0.114,0.167,-0.054
117,240,0.44,0.523,0.046
117,241,0.387,0.47,0.051
117,242,0.523,0.603,0.038
117,243,0.45,0.533,0.046
117,244,0.456,0.539,0.045
117,245,0.537,0.616,0.038
117,246,0.459,0.542,0.046
117,247,0.535,0.615,0.039
117,25,0.13,0.187,-0.051
117,26,0.16,0.223,-0.048
117,27,0.13,0.187,-0.051
117,28,0.152,0.213,-0.048
117,29,0.099,0.148,-0.055
117,30,0.154,0.216,-0.048
117,31,0.093,0.14,-0.056
117,32,0.102,0.152,-0.055
117,33,0.101,0.151,-0.055
117,34,0.148,0.208,-0.049
117,35,0.175,0.24,-0.046
117,36,0.134,0.192,-0.05
117,37,0.078,0.121,-0.059
117,38,0.068,0.107,-0.062
117,39,0.163,0.226,-0.047
117,40,0.186,0.253,-0.045
117,41,0.436,0.52,-0.026
117,42,0.158,0.22,-0.048
117,43,0.265,0.342,-0.038
117,44,0.205,0.275,-0.043
117,45,0.218,0.29,-0.042
117,46,0.254,0.33,-0.039
117,47,0.425,0.509,-0.027
117,48,0.256,0.332,-0.039
117,49,0.354,0.436,-0.032
117,50,0.392,0.475,-0.029
117,51,0.541,0.62,-0.021
117,52,0.553,0.631,-0.02
117,53,0.413,0.496,-0.028
117,54,0.592,0.667,-0.019
117,55,0.337,0.419,-0.033
117,56,0.654,0.721,-0.016
117,57,0.624,0.695,-0.017
117,58,0.456,0.539,-0.026
117,59,0.873,0.904,-0.006
117,60,0.873,0.904,-0.006
117,61,0.739,0.795,-0.012
117,62,0.727,0.785,-0.012
117,63,0.94,0.955,-0.003
117,64,0.912,0.933,-0.004
117,65,0.933,0.95,0.003
117,66,0.953,0.965,-0.002
117,67,0.9,0.925,-0.004
117,68,0.977,0.983,0.001
117,69,0.927,0.945,0.003
117,70,0.808,0.852,0.009
117,71,0.813,0.856,0.009
117,72,0.822,0.863,0.008
117,73,0.892,0.919,0.005
117,74,0.807,0.85,0.009
117,75,0.746,0.8,0.012
117,76,0.7,0.762,0.014
117,77,0.59,0.665,0.02
117,78,0.58,0.655,0.02
117,79,0.91,0.932,0.004
117,80,0.727,0.784,0.013
117,81,0.794,0.84,0.01
117,82,0.748,0.803,0.012
117,83,0.841,0.878,0.008
117,84,0.952,0.964,0.002
117,85,0.687,0.751,0.015
117,86,0.718,0.777,0.014
117,87,0.687,0.751,0.015
117,88,0.531,0.61,0.024
117,89,0.721,0.779,0.014
117,90,0.709,0.77,0.014
117,91,0.453,0.536,0.029
117,92,0.43,0.513,0.03
117,93,0.338,0.42,0.037
117,94,0.379,0.462,0.034
117,95,0.522,0.602,0.025
117,96,0.466,0.548,0.028
117,97,0.544,0.623,0.024
117,98,0.602,0.675,0.02
117,99,0.732,0.789,0.013
118,100,0.643,0.712,0.018
118,101,0.685,0.748,0.016
118,102,0.941,0.956,0.003
118,103,0.922,0.941,0.004
118,104,0.908,0.93,0.005
118,105,0.796,0.842,0.01
118,106,0.901,0.925,0.005
118,107,0.977,0.983,0.001
118,108,0.816,0.858,0.009
118,109,0.911,0.933,0.004
118,110,0.898,0.923,0.005
118,111,0.913,0.934,0.004
118,112,0.871,0.901,0.007
118,113,0.825,0.865,0.009
118,114,0.654,0.722,0.018
118,115,0.681,0.745,0.017
118,116,0.958,0.969,0.002
118,117,0.831,0.87,0.009
118,118,0.719,0.778,0.015
118,119,0.868,0.899,0.007
118,120,0.891,0.918,0.006
118,121,0.76,0.812,0.013
118,122,0.592,0.667,0.022
118,123,0.867,0.899,0.007
118,124,0.815,0.857,0.01
118,125,0.825,0.865,0.009
118,126,0.779,0.828,0.012
118,127,0.664,0.73,0.018
118,128,0.829,0.869,0.009
118,129,0.753,0.806,0.013
118,130,0.638,0.707,0.02
118,131,0.672,0.738,0.018
118,132,0.606,0.679,0.022
118,133,0.598,0.672,0.022
118,134,0.492,0.574,0.029
118,135,0.455,0.537,0.032
118,136,0.39,0.473,0.037
118,137,0.471,0.553,0.031
118,138,0.614,0.686,0.022
118,139,0.457,0.539,0.032
118,140,0.464,0.547,0.032
118,141,0.484,0.566,0.03
118,142,0.425,0.508,0.035
118,143,0.438,0.521,0.034
118,144,0.409,0.492,0.036
118,145,0.35,0.432,0.041
118,146,0.352,0.434,0.041
118,147,0.346,0.428,0.042
118,148,0.375,0.458,0.039
118,149,0.411,0.494,0.037
118,150,0.265,0.342,0.05
118,151,0.262,0.339,0.05
118,152,0.268,0.345,0.05
118,153,0.308,0.388,0.046
118,154,0.34,0.422,0.043
118,155,0.276,0.354,0.049
118,156,0.268,0.346,0.05
118,157,0.328,0.409,0.045
118,158,0.275,0.353,0.05
118,159,0.261,0.338,0.052
118,160,0.243,0.318,0.054
118,161,0.263,0.34,0.052
118,162,0.28,0.358,0.051
118,163,0.453,0.536,0.035
118,164,0.315,0.396,0.047
118,165,0.368,0.451,0.043
118,166,0.426,0.509,0.038
118,167,0.467,0.549,0.035
118,168,0.411,0.495,0.04
118,169,0.459,0.542,0.036
118,170,0.41,0.493,0.04
118,171,0.456,0.539,0.037
118,172,0.54,0.619,0.03
118,173,0.484,0.566,0.035
118,174,0.481,0.563,0.035
118,175,0.365,0.447,0.046
118,176,0.306,0.386,0.052
118,177,0.285,0.364,0.054
118,178,0.414,0.498,0.042
118,179,0.282,0.361,0.055
118,180,0.407,0.49,0.043
118,181,0.386,0.469,0.045
118,182,0.24,0.314,0.062
118,183,0.339,0.421,0.05
118,184,0.417,0.501,0.043
118,185,0.378,0.461,0.047
118,186,0.445,0.528,0.041
118,187,0.544,0.623,0.033
118,188,0.388,0.472,0.047
118,189,0.642,0.711,0.025
118,190,0.474,0.556,0.039
118,191,0.634,0.704,0.026
118,192,0.796,0.842,0.014
118,193,0.647,0.716,0.025
118,194,0.636,0.706,0.026
118,195,0.729,0.786,0.019
118,196,0.587,0.662,0.031
118,197,0.693,0.756,0.022
118,198,0.621,0.692,0.028
118,199,0.664,0.73,0.025
118,200,0.681,0.745,0.023
118,201,0.565,0.642,0.033
118,202,0.715,0.774,0.021
118,203,0.649,0.717,0.026
118,204,0.6,0.674,0.03
118,205,0.474,0.556,0.041
118,206,0.264,0.341,0.063
118,207,0.422,0.505,0.046
118,208,0.547,0.625,0.034
118,209,0.57,0.646,0.032
118,210,0.368,0.451,0.051
118,211,0.399,0.482,0.048
118,212,0.461,0.543,0.042
118,213,0.631,0.702,0.027
118,214,0.618,0.69,0.028
118,215,0.653,0.721,0.025
118,216,0.701,0.762,0.022
118,217,0.695,0.757,0.022
118,218,0.902,0.926,0.007
118,219,0.908,0.931,0.007
118,220,0.713,0.773,0.021
118,221,0.996,0.997,-0.0
118,222,0.89,0.916,0.008
118,223,0.788,0.835,0.015
118,224,0.707,0.767,0.021
118,225,0.708,0.769,0.021
118,226,0.811,0.854,0.014
118,227,0.641,0.71,0.027
118,228,0.623,0.694,0.028
118,229,0.696,0.758,0.022
118,230,0.703,0.764,0.022
118,231,0.773,0.823,0.017
118,232,0.621,0.692,0.028
118,233,0.78,0.829,0.016
118,234,0.802,0.846,0.015
118,235,0.78,0.829,0.016
118,236,0.842,0.879,0.012
118,237,0.86,0.893,0.01
118,238,0.874,0.905,0.009
118,239,0.802,0.847,0.015
118,240,0.705,0.766,0.023
118,241,0.732,0.789,0.021
118,242,0.765,0.817,0.018
118,243,0.677,0.742,0.026
118,244,0.639,0.708,0.029
118,245,0.585,0.66,0.034
118,25,0.093,0.14,-0.058
118,26,0.082,0.126,-0.06
118,27,0.071,0.111,-0.062
118,28,0.14,0.198,-0.051
118,29,0.04,0.068,-0.07
118,30,0.084,0.128,-0.059
118,31,0.098,0.147,-0.057
118,32,0.163,0.226,-0.048
118,33,0.172,0.237,-0.047
118,34,0.183,0.25,-0.045
118,35,0.075,0.116,-0.061
118,36,0.196,0.265,-0.044
118,37,0.189,0.257,-0.045
118,38,0.234,0.308,-0.041
118,39,0.118,0.172,-0.053
118,40,0.197,0.266,-0.044
118,41,0.169,0.234,-0.047
118,42,0.075,0.117,-0.061
118,43,0.153,0.214,-0.049
118,44,0.279,0.357,-0.037
118,45,0.128,0.184,-0.052
118,46,0.257,0.334,-0.039
118,47,0.149,0.209,-0.05
118,48,0.229,0.302,-0.042
118,49,0.324,0.405,-0.034
118,50,0.184,0.251,-0.046
118,51,0.234,0.308,-0.041
118,52,0.297,0.376,-0.036
118,53,0.433,0.517,-0.027
118,54,0.209,0.28,-0.044
118,55,0.3,0.379,-0.036
118,56,0.224,0.297,-0.043
118,57,0.571,0.647,-0.02
118,58,0.448,0.531,-0.027
118,59,0.482,0.564,-0.025
118,60,0.543,0.622,-0.022
118,61,0.392,0.475,-0.031
118,62,0.708,0.768,-0.013
118,63,0.778,0.827,-0.01
118,64,0.531,0.611,-0.022
118,65,0.494,0.575,-0.025
118,66,0.579,0.654,-0.02
118,67,0.721,0.78,-0.013
118,68,0.742,0.797,-0.012
118,69,0.545,0.624,-0.022
118,70,0.632,0.702,-0.017
118,71,0.606,0.679,-0.019
118,72,0.688,0.751,-0.015
118,73,0.712,0.772,-0.014
118,74,0.902,0.926,-0.005
118,75,0.752,0.806,0.012
118,76,0.97,0.978,0.001
118,77,0.957,0.968,-0.002
118,78,0.972,0.98,0.001
118,79,0.974,0.98,0.001
118,80,0.881,0.91,0.006
118,81,0.827,0.867,0.008
118,82,0.784,0.832,0.01
118,83,0.877,0.907,-0.006
118,84,0.913,0.934,0.004
118,85,0.628,0.698,0.018
118,86,0.829,0.869,0.008
118,87,0.79,0.837,0.01
118,88,0.705,0.766,0.015
118,89,0.778,0.827,0.011
118,90,0.633,0.703,0.018
118,91,0.584,0.659,0.021
118,92,0.33,0.411,0.038
118,93,0.621,0.693,0.019
118,94,0.535,0.614,0.024
118,95,0.69,0.753,0.016
118,96,0.939,0.954,0.003
118,97,0.602,0.675,0.02
118,98,0.841,0.878,0.008
118,99,0.781,0.829,0.011
119,100,0.882,0.91,0.006
119,101,0.866,0.898,0.007
119,102,0.95,0.963,0.003
119,103,0.832,0.871,0.009
119,104,0.764,0.815,0.012
119,105,0.693,0.756,0.016
119,106,0.699,0.761,0.016
119,107,0.668,0.734,0.017
119,108,0.886,0.914,0.006
119,109,0.818,0.86,0.009
119,110,0.822,0.863,0.009
119,111,0.691,0.754,0.016
119,112,0.896,0.921,0.005
119,113,0.932,0.949,0.004
119,114,0.824,0.864,-0.009
119,115,0.994,0.996,0.0
119,116,0.797,0.842,0.011
119,117,0.683,0.747,0.017
119,118,0.859,0.892,0.007
119,119,0.837,0.875,0.009
119,120,0.955,0.967,0.002
119,121,0.872,0.902,0.007
119,122,0.621,0.693,0.021
119,123,0.557,0.634,0.025
119,124,0.575,0.651,0.024
119,125,0.373,0.456,0.038
119,126,0.335,0.417,0.041
119,127,0.467,0.55,0.031
119,128,0.422,0.505,0.034
119,129,0.404,0.487,0.036
119,130,0.489,0.571,0.03
119,131,0.39,0.473,0.037
119,132,0.253,0.329,0.049
119,133,0.313,0.393,0.044
119,134,0.362,0.444,0.04
119,135,0.483,0.565,0.03
119,136,0.39,0.473,0.037
119,137,0.612,0.684,0.022
119,138,0.574,0.65,0.025
119,139,0.563,0.64,0.025
119,140,0.506,0.587,0.029
119,141,0.504,0.585,0.029
119,142,0.575,0.651,0.025
119,143,0.634,0.704,0.021
119,144,0.467,0.55,0.032
119,145,0.473,0.555,0.032
119,146,0.38,0.463,0.039
119,147,0.444,0.527,0.034
119,148,0.549,0.627,0.027
119,149,0.507,0.588,0.03
119,150,0.546,0.625,0.027
119,151,0.326,0.407,0.045
119,152,0.401,0.484,0.038
119,153,0.313,0.393,0.046
119,154,0.343,0.425,0.043
119,155,0.406,0.489,0.038
119,156,0.369,0.452,0.042
119,157,0.344,0.426,0.044
119,158,0.314,0.394,0.047
119,159,0.294,0.374,0.049
119,160,0.374,0.457,0.042
119,161,0.386,0.469,0.041
119,162,0.277,0.355,0.052
119,163,0.237,0.311,0.057
119,164,0.209,0.28,0.06
119,165,0.269,0.346,0.053
119,166,0.328,0.409,0.048
119,167,0.335,0.417,0.047
119,168,0.26,0.337,0.055
119,169,0.345,0.427,0.047
119,170,0.403,0.486,0.042
119,171,0.377,0.46,0.044
119,172,0.545,0.623,0.031
119,173,0.467,0.549,0.037
119,174,0.53,0.61,0.032
119,175,0.61,0.683,0.026
119,176,0.686,0.75,0.021
119,177,0.675,0.74,0.022
119,178,0.578,0.654,0.029
119,179,0.454,0.537,0.039
119,180,0.456,0.538,0.039
119,181,0.399,0.482,0.045
119,182,0.423,0.506,0.043
119,183,0.498,0.579,0.036
119,184,0.45,0.533,0.041
119,185,0.606,0.679,0.028
119,186,0.608,0.681,0.028
119,187,0.458,0.541,0.041
119,188,0.602,0.676,0.029
119,189,0.539,0.618,0.034
119,190,0.53,0.609,0.035
119,191,0.529,0.609,0.035
119,192,0.52,0.6,0.036
119,193,0.47,0.552,0.041
119,194,0.414,0.497,0.046
119,195,0.594,0.668,0.03
119,196,0.462,0.545,0.042
119,197,0.566,0.643,0.033
119,198,0.57,0.647,0.032
119,199,0.547,0.625,0.034
119,200,0.597,0.671,0.03
119,201,0.49,0.572,0.039
119,202,0.59,0.664,0.031
119,203,0.578,0.654,0.032
119,204,0.594,0.668,0.03
119,205,0.521,0.601,0.036
119,206,0.515,0.595,0.037
119,207,0.554,0.632,0.034
119,208,0.589,0.663,0.031
119,209,0.409,0.493,0.047
119,210,0.523,0.603,0.036
119,211,0.506,0.587,0.038
119,212,0.676,0.741,0.024
119,213,0.594,0.669,0.03
119,214,0.669,0.735,0.024
119,215,0.658,0.725,0.025
119,216,0.833,0.872,0.012
119,217,0.806,0.85,0.014
119,218,0.783,0.831,0.016
119,219,0.801,0.846,0.014
119,220,0.804,0.848,0.014
119,221,0.872,0.902,0.009
119,222,0.725,0.783,0.02
119,223,0.984,0.988,0.001
119,224,0.818,0.86,0.013
119,225,0.885,0.913,0.008
119,226,0.865,0.897,0.01
119,227,0.878,0.907,0.009
119,228,0.794,0.84,0.015
119,229,0.733,0.79,0.02
119,230,0.734,0.79,0.02
119,231,0.745,0.8,0.019
119,232,0.771,0.821,0.017
119,233,0.736,0.792,0.02
119,234,0.654,0.722,0.026
119,235,0.657,0.725,0.026
119,236,0.809,0.853,0.014
119,42,0.105,0.155,-0.056
119,43,0.072,0.113,-0.062
119,44,0.151,0.212,-0.05
119,45,0.12,0.174,-0.054
119,46,0.142,0.201,-0.051
119,47,0.144,0.204,-0.051
119,48,0.172,0.237,-0.047
119,49,0.063,0.1,-0.065
119,50,0.078,0.12,-0.062
119,51,0.088,0.134,-0.06
119,52,0.053,0.087,-0.068
119,53,0.16,0.222,-0.049
119,54,0.085,0.129,-0.061
119,55,0.099,0.147,-0.058
119,56,0.085,0.13,-0.061
119,57,0.144,0.203,-0.052
119,58,0.161,0.224,-0.05
119,59,0.185,0.252,-0.047
119,60,0.273,0.35,-0.039
119,61,0.232,0.305,-0.043
119,62,0.252,0.328,-0.041
119,63,0.226,0.299,-0.044
119,64,0.35,0.432,-0.034
119,65,0.285,0.363,-0.039
119,66,0.198,0.267,-0.047
119,67,0.312,0.392,-0.037
119,68,0.557,0.635,-0.021
119,69,0.4,0.484,-0.031
119,70,0.556,0.633,-0.022
119,71,0.83,0.87,-0.008
119,72,0.682,0.746,-0.015
119,73,0.531,0.61,-0.023
119,74,0.98,0.985,-0.001
119,75,0.851,0.886,0.007
119,76,0.723,0.781,-0.013
119,77,0.689,0.752,-0.015
119,78,0.924,0.943,-0.004
119,79,0.851,0.886,-0.007
119,80,0.926,0.944,0.004
119,81,0.919,0.94,-0.004
119,82,0.736,0.792,-0.013
119,83,0.757,0.81,-0.012
119,84,0.979,0.984,0.001
119,85,0.992,0.994,0.0
119,86,0.884,0.912,0.006
119,87,0.962,0.971,0.002
119,88,0.965,0.974,0.002
119,89,0.927,0.945,-0.004
119,90,0.974,0.981,-0.001
119,91,0.992,0.994,-0.0
119,92,0.986,0.989,0.001
119,93,0.908,0.931,0.005
119,94,0.98,0.985,-0.001
119,95,0.843,0.88,0.008
119,96,0.887,0.914,0.006
119,97,0.934,0.951,0.003
119,98,0.86,0.893,0.007
119,99,0.899,0.924,0.005
12,10,0.728,0.785,-0.011
12,100,0.999,0.999,-0.0
12,101,0.868,0.9,0.006
12,102,0.932,0.949,-0.003
12,103,0.939,0.955,-0.003
12,104,0.8,0.845,0.009
12,105,0.806,0.85,0.009
12,106,0.851,0.886,0.007
12,107,0.805,0.85,-0.009
12,108,0.922,0.941,0.004
12,109,0.972,0.979,0.001
12,11,0.764,0.815,-0.01
12,110,0.901,0.925,-0.005
12,111,0.931,0.949,0.003
12,112,0.911,0.933,-0.004
12,113,0.625,0.696,0.018
12,114,0.853,0.888,0.007
12,115,0.866,0.898,-0.006
12,116,0.959,0.969,0.002
12,117,0.753,0.807,0.012
12,118,0.768,0.819,0.011
12,119,0.706,0.767,0.014
12,12,0.882,0.911,-0.005
12,120,0.565,0.642,0.022
12,121,0.595,0.669,0.02
12,122,0.601,0.674,0.02
12,123,0.56,0.637,0.022
12,124,0.824,0.864,0.009
12,125,0.788,0.835,0.01
12,126,0.85,0.885,0.007
12,127,0.805,0.849,0.01
12,128,0.444,0.526,0.03
12,129,0.662,0.728,0.017
12,13,0.738,0.794,-0.011
12,130,0.587,0.662,0.021
12,131,0.571,0.647,0.022
12,132,0.594,0.668,0.021
12,133,0.442,0.525,0.03
12,134,0.66,0.727,0.017
12,135,0.882,0.911,0.006
12,136,0.874,0.905,0.006
12,137,0.895,0.92,-0.005
12,138,0.95,0.963,-0.002
12,139,0.836,0.874,0.008
12,14,0.801,0.846,-0.008
12,140,0.972,0.979,0.001
12,141,0.839,0.877,0.008
12,142,0.896,0.921,0.005
12,143,0.962,0.972,-0.002
12,144,0.969,0.977,-0.002
12,145,0.923,0.942,-0.004
12,146,0.925,0.944,-0.004
12,147,0.856,0.89,0.007
12,148,0.771,0.821,0.012
12,149,0.961,0.971,0.002
12,15,0.658,0.725,-0.014
12,150,0.672,0.737,0.017
12,151,0.747,0.802,0.013
12,152,0.825,0.865,0.009
12,153,0.897,0.922,0.005
12,154,0.746,0.8,0.013
12,155,0.664,0.73,0.017
12,156,0.641,0.71,0.019
12,157,0.573,0.649,0.022
12,158,0.587,0.662,0.022
12,159,0.59,0.664,0.021
12,16,0.591,0.666,-0.017
12,160,0.705,0.766,0.015
12,161,0.783,0.831,0.011
12,162,0.558,0.635,0.023
12,163,0.695,0.757,0.016
12,164,0.595,0.669,0.021
12,165,0.539,0.618,0.025
12,166,0.648,0.717,0.018
12,167,0.755,0.808,0.013
12,168,0.631,0.702,0.019
12,169,0.589,0.664,0.022
12,17,0.961,0.971,-0.002
12,170,0.588,0.662,0.022
12,171,0.596,0.67,0.021
12,172,0.659,0.726,0.018
12,173,0.653,0.721,0.018
12,174,0.764,0.816,0.012
12,175,0.916,0.937,0.004
12,176,0.799,0.844,0.01
12,177,0.571,0.648,0.023
12,178,0.574,0.651,0.023
12,179,0.611,0.683,0.021
12,18,0.595,0.669,-0.017
12,180,0.582,0.657,0.023
12,181,0.693,0.756,0.016
12,182,0.715,0.775,0.015
12,183,0.495,0.576,0.028
12,184,0.51,0.59,0.027
12,185,0.48,0.562,0.03
12,186,0.653,0.721,0.019
12,187,0.573,0.649,0.024
12,188,0.505,0.585,0.028
12,189,0.505,0.586,0.028
12,19,0.503,0.584,-0.021
12,190,0.63,0.7,0.021
12,191,0.426,0.509,0.034
12,192,0.432,0.515,0.034
12,193,0.515,0.595,0.028
12,194,0.666,0.733,0.019
12,195,0.579,0.654,0.024
12,196,0.475,0.557,0.032
12,197,0.502,0.583,0.03
12,198,0.699,0.76,0.017
12,199,0.589,0.664,0.024
12,20,0.841,0.878,-0.006
12,200,0.488,0.57,0.031
12,201,0.471,0.553,0.033
12,202,0.484,0.566,0.032
12,203,0.505,0.586,0.031
12,204,0.497,0.578,0.032
12,205,0.589,0.663,0.025
12,206,0.473,0.555,0.034
12,207,0.659,0.726,0.021
12,208,0.443,0.526,0.037
12,209,0.517,0.597,0.031
12,21,0.66,0.727,-0.014
12,210,0.584,0.659,0.027
12,211,0.592,0.667,0.026
12,212,0.534,0.614,0.031
12,213,0.594,0.668,0.027
12,214,0.603,0.676,0.026
12,215,0.698,0.76,0.02
12,216,0.493,0.574,0.035
12,217,0.667,0.733,0.022
12,218,0.554,0.632,0.031
12,219,0.606,0.679,0.027
12,22,0.646,0.715,-0.014
12,220,0.58,0.655,0.029
12,221,0.583,0.658,0.029
12,222,0.662,0.728,0.023
12,223,0.617,0.689,0.027
12,224,0.863,0.896,0.009
12,225,0.74,0.796,0.018
12,226,0.88,0.909,0.008
12,227,0.816,0.858,0.013
12,228,0.959,0.97,0.003
12,229,0.861,0.894,0.01
12,23,0.771,0.821,-0.009
12,230,0.772,0.822,0.016
12,231,0.985,0.989,-0.001
12,232,0.678,0.743,0.024
12,233,0.579,0.655,0.032
12,234,0.812,0.855,0.014
12,235,0.7,0.762,0.022
12,236,0.623,0.695,0.029
12,237,0.817,0.859,0.014
12,238,0.783,0.831,0.016
12,239,0.529,0.609,0.037
12,24,0.353,0.436,-0.029
12,240,0.608,0.681,0.03
12,241,0.64,0.71,0.028
12,242,0.827,0.867,0.013
12,243,0.681,0.745,0.025
12,244,0.668,0.734,0.026
12,245,0.804,0.848,0.015
12,246,0.722,0.781,0.022
12,247,0.748,0.802,0.02
12,248,0.483,0.565,0.043
12,249,0.66,0.727,0.027
12,25,0.492,0.574,-0.021
12,250,0.488,0.57,0.044
12,251,0.481,0.563,0.045
12,26,0.824,0.865,-0.007
12,27,0.23,0.304,-0.037
12,28,0.421,0.505,-0.025
12,29,0.581,0.656,-0.017
12,30,0.586,0.661,-0.017
12,31,0.507,0.588,-0.021
12,32,0.37,0.453,-0.028
12,33,0.357,0.44,-0.029
12,34,0.283,0.362,-0.033
12,35,0.193,0.262,-0.041
12,36,0.512,0.592,-0.021
12,37,0.267,0.345,-0.035
12,38,0.247,0.322,-0.036
12,39,0.436,0.519,-0.025
12,40,0.137,0.195,-0.047
12,41,0.2,0.27,-0.041
12,42,0.198,0.267,-0.041
12,43,0.196,0.265,-0.041
12,44,0.431,0.514,-0.025
12,45,0.289,0.368,-0.034
12,46,0.328,0.409,-0.031
12,47,0.148,0.209,-0.046
12,48,0.271,0.349,-0.035
12,49,0.488,0.57,-0.022
12,50,0.223,0.296,-0.039
12,51,0.206,0.277,-0.04
12,52,0.458,0.541,-0.024
12,53,0.34,0.422,-0.031
12,54,0.306,0.386,-0.033
12,55,0.439,0.522,-0.025
12,56,0.396,0.479,-0.028
12,57,0.299,0.379,-0.034
12,58,0.765,0.817,-0.01
12,59,0.453,0.535,-0.024
12,60,0.605,0.678,-0.017
12,61,0.733,0.79,-0.011
12,62,0.563,0.64,-0.019
12,63,0.875,0.905,-0.005
12,64,0.773,0.823,0.009
12,65,0.842,0.879,0.007
12,66,0.971,0.979,-0.001
12,67,0.626,0.697,0.016
12,68,0.684,0.747,0.014
12,69,0.884,0.912,0.005
12,7,0.629,0.699,-0.016
12,70,0.688,0.751,0.014
12,71,0.944,0.958,0.002
12,72,0.824,0.865,0.008
12,73,0.554,0.632,0.02
12,74,0.917,0.938,0.004
12,75,0.752,0.805,0.011
12,76,0.659,0.726,0.015
12,77,0.891,0.917,0.005
12,78,0.879,0.908,0.005
12,79,0.881,0.91,0.005
12,8,0.757,0.809,-0.01
12,80,0.89,0.917,-0.005
12,81,0.858,0.891,-0.006
12,82,0.723,0.781,-0.012
12,83,0.925,0.944,-0.003
12,84,0.84,0.877,0.007
12,85,0.836,0.874,0.007
12,86,0.761,0.813,-0.011
12,87,0.736,0.792,-0.012
12,88,0.876,0.906,0.006
12,89,0.87,0.901,0.006
12,9,0.648,0.717,-0.015
12,90,0.895,0.921,-0.005
12,91,0.827,0.867,-0.008
12,92,0.902,0.926,0.004
12,93,0.846,0.882,0.007
12,94,0.944,0.958,0.003
12,95,0.953,0.965,-0.002
12,96,0.94,0.955,-0.003
12,97,0.938,0.954,0.003
12,98,0.934,0.951,0.003
12,99,0.994,0.995,-0.0
13,10,0.47,0.553,-0.023
13,100,0.677,0.742,-0.015
13,101,0.948,0.961,-0.002
13,102,0.733,0.789,-0.013
13,103,0.716,0.775,-0.013
13,104,0.816,0.858,-0.009
13,105,0.996,0.997,-0.0
13,106,0.927,0.945,-0.003
13,107,0.732,0.789,-0.013
13,108,0.668,0.734,-0.016
13,109,0.512,0.593,-0.025
13,11,0.33,0.412,-0.031
13,110,0.71,0.77,-0.014
13,111,0.62,0.692,-0.019
13,112,0.613,0.685,-0.019
13,113,0.719,0.778,-0.014
13,114,0.709,0.769,-0.014
13,115,0.56,0.637,-0.022
13,116,0.64,0.709,-0.018
13,117,0.695,0.757,-0.015
13,118,0.818,0.859,-0.009
13,119,0.913,0.935,-0.004
13,12,0.552,0.63,-0.019
13,120,0.988,0.991,0.001
13,121,0.953,0.965,-0.002
13,122,0.734,0.791,-0.013
13,123,0.889,0.916,-0.005
13,124,0.761,0.813,0.012
13,125,0.765,0.817,0.012
13,126,0.857,0.89,0.007
13,127,0.926,0.945,0.004
13,128,0.928,0.946,0.004
13,129,0.999,0.999,-0.0
13,13,0.603,0.677,-0.016
13,130,1.0,1.0,0.0
13,131,0.992,0.994,-0.0
13,132,0.918,0.938,0.004
13,133,0.878,0.907,-0.006
13,134,0.954,0.966,0.002
13,135,0.806,0.85,0.01
13,136,0.909,0.931,0.004
13,137,0.967,0.976,-0.002
13,138,0.795,0.841,-0.01
13,139,0.754,0.807,-0.012
13,14,0.737,0.793,-0.011
13,140,0.822,0.863,-0.009
13,141,0.904,0.928,-0.005
13,142,0.755,0.808,-0.012
13,143,0.685,0.749,-0.016
13,144,0.856,0.89,-0.007
13,145,0.708,0.769,-0.015
13,146,0.785,0.833,-0.011
13,147,0.901,0.925,0.005
13,148,0.839,0.876,0.008
13,149,0.866,0.898,0.007
13,15,0.737,0.793,-0.011
13,150,0.892,0.918,0.005
13,151,0.864,0.896,0.007
13,152,0.918,0.938,0.004
13,153,0.749,0.803,0.013
13,154,0.941,0.956,0.003
13,155,0.936,0.952,0.003
13,156,0.943,0.958,0.003
13,157,0.958,0.968,-0.002
13,158,0.97,0.978,0.001
13,159,0.781,0.83,0.011
13,16,0.559,0.636,-0.018
13,160,0.817,0.859,0.009
13,161,0.976,0.982,0.001
13,162,0.855,0.889,-0.007
13,163,0.976,0.982,-0.001
13,164,0.989,0.992,-0.001
13,165,0.886,0.913,-0.006
13,166,0.796,0.842,-0.01
13,167,0.994,0.996,-0.0
13,168,0.822,0.863,-0.009
13,169,0.969,0.977,-0.002
13,17,0.855,0.889,-0.006
13,170,0.752,0.806,-0.013
13,171,0.952,0.964,-0.002
13,172,0.934,0.95,0.003
13,173,0.923,0.942,0.004
13,174,0.995,0.996,0.0
13,175,0.998,0.998,0.0
13,176,0.983,0.987,-0.001
13,177,0.99,0.992,0.001
13,178,0.927,0.945,-0.004
13,179,0.939,0.954,-0.003
13,18,0.946,0.959,-0.002
13,180,0.947,0.961,-0.003
13,181,0.837,0.875,0.008
13,182,0.696,0.758,0.016
13,183,0.747,0.801,0.013
13,184,0.737,0.793,0.014
13,185,0.962,0.972,0.002
13,186,0.876,0.905,0.007
13,187,0.589,0.664,0.023
13,188,0.563,0.64,0.024
13,189,0.859,0.892,0.008
13,19,0.58,0.655,-0.017
13,190,0.788,0.836,0.011
13,191,0.522,0.602,0.027
13,192,0.812,0.855,0.01
13,193,0.958,0.969,0.002
13,194,0.922,0.942,0.004
13,195,0.83,0.869,0.009
13,196,0.599,0.673,0.023
13,197,0.737,0.793,0.015
13,198,0.629,0.7,0.021
13,199,0.671,0.737,0.019
13,20,0.52,0.6,-0.02
13,200,0.719,0.778,0.016
13,201,0.722,0.781,0.016
13,202,0.695,0.757,0.018
13,203,0.61,0.683,0.023
13,204,0.63,0.701,0.022
13,205,0.629,0.7,0.022
13,206,0.814,0.857,0.011
13,207,0.591,0.665,0.025
13,208,0.745,0.799,0.015
13,209,0.851,0.886,0.009
13,21,0.715,0.775,-0.011
13,210,0.654,0.722,0.022
13,211,0.665,0.732,0.021
13,212,0.868,0.9,0.008
13,213,0.948,0.961,0.003
13,214,0.769,0.82,0.015
13,215,0.768,0.818,0.015
13,216,0.911,0.933,-0.006
13,217,0.828,0.868,0.011
13,218,0.912,0.934,-0.006
13,219,0.924,0.943,0.005
13,22,0.95,0.962,-0.002
13,220,0.961,0.971,-0.003
13,221,0.96,0.97,-0.003
13,222,0.913,0.935,-0.006
13,223,0.921,0.941,0.005
13,224,0.829,0.868,0.012
13,225,0.893,0.919,0.007
13,226,0.994,0.995,0.0
13,227,0.909,0.931,0.006
13,228,0.818,0.86,0.013
13,229,0.752,0.806,0.018
13,23,0.519,0.599,-0.02
13,230,0.978,0.984,0.002
13,231,0.882,0.911,0.008
13,232,0.988,0.991,0.001
13,233,0.792,0.839,0.015
13,234,0.725,0.783,0.02
13,235,0.732,0.789,0.02
13,236,0.891,0.917,0.008
13,237,0.87,0.901,0.009
13,238,0.896,0.922,-0.008
13,239,0.935,0.951,0.005
13,24,0.726,0.784,-0.011
13,240,0.953,0.965,-0.004
13,241,0.914,0.935,-0.006
13,242,0.928,0.946,-0.005
13,243,0.958,0.969,0.003
13,244,0.989,0.992,0.001
13,245,0.996,0.997,0.0
13,246,0.986,0.99,0.001
13,247,0.945,0.959,0.004
13,248,0.873,0.904,0.01
13,249,0.819,0.861,0.014
13,25,0.794,0.84,-0.008
13,250,0.934,0.95,0.005
13,251,0.834,0.872,0.013
13,26,0.795,0.841,-0.008
13,27,0.783,0.832,-0.009
13,28,0.794,0.84,-0.008
13,29,0.727,0.784,-0.011
13,30,0.801,0.846,-0.008
13,31,0.599,0.672,-0.016
13,32,0.563,0.64,-0.018
13,33,0.715,0.774,-0.011
13,34,0.63,0.701,-0.015
13,35,0.36,0.442,-0.029
13,36,0.341,0.423,-0.03
13,37,0.513,0.593,-0.021
13,38,0.378,0.461,-0.028
13,39,0.633,0.703,-0.015
13,40,0.242,0.317,-0.037
13,41,0.453,0.536,-0.024
13,42,0.259,0.335,-0.036
13,43,0.331,0.412,-0.031
13,44,0.329,0.411,-0.031
13,45,0.428,0.511,-0.025
13,46,0.44,0.523,-0.024
13,47,0.536,0.615,-0.02
13,48,0.506,0.587,-0.021
13,49,0.564,0.641,-0.018
13,50,0.602,0.675,-0.017
13,51,0.448,0.531,-0.024
13,52,0.383,0.466,-0.028
13,53,0.45,0.533,-0.024
13,54,0.545,0.623,-0.02
13,55,0.53,0.609,-0.02
13,56,0.7,0.762,-0.012
13,57,0.394,0.477,-0.028
13,58,0.544,0.623,-0.02
13,59,0.652,0.72,-0.015
13,6,0.19,0.257,-0.043
13,60,0.531,0.61,-0.02
13,61,0.6,0.673,-0.017
13,62,0.583,0.659,-0.018
13,63,0.5,0.581,-0.022
13,64,0.815,0.857,-0.008
13,65,0.935,0.951,0.003
13,66,0.852,0.887,-0.006
13,67,0.792,0.839,-0.009
13,68,0.906,0.929,-0.004
13,69,0.966,0.975,-0.001
13,7,0.07,0.109,-0.059
13,70,0.7,0.761,-0.013
13,71,0.845,0.881,-0.007
13,72,0.885,0.913,-0.005
13,73,0.875,0.905,0.005
13,74,0.993,0.995,-0.0
13,75,0.924,0.943,0.003
13,76,0.872,0.903,0.006
13,77,0.722,0.78,-0.012
13,78,0.981,0.986,0.001
13,79,0.963,0.972,-0.002
13,8,0.242,0.317,-0.038
13,80,0.827,0.867,-0.008
13,81,0.924,0.943,-0.003
13,82,0.876,0.906,0.005
13,83,0.896,0.922,-0.005
13,84,0.883,0.911,-0.005
13,85,0.998,0.999,-0.0
13,86,0.907,0.93,-0.004
13,87,0.729,0.786,-0.012
13,88,0.936,0.952,-0.003
13,89,0.934,0.95,-0.003
13,9,0.362,0.444,-0.03
13,90,0.623,0.694,-0.018
13,91,0.852,0.887,-0.007
13,92,0.884,0.912,-0.005
13,93,0.928,0.946,-0.003
13,94,0.947,0.961,-0.002
13,95,0.984,0.988,0.001
13,96,0.925,0.944,-0.003
13,97,0.818,0.86,-0.008
13,98,0.661,0.728,-0.016
13,99,0.866,0.898,-0.006
14,10,0.624,0.696,-0.016
14,100,0.912,0.934,-0.004
14,101,0.832,0.871,0.008
14,102,0.867,0.899,-0.006
14,103,0.863,0.895,0.006
14,104,0.905,0.929,-0.004
14,105,0.795,0.841,-0.01
14,106,0.918,0.938,0.004
14,107,0.953,0.965,0.002
14,108,0.873,0.904,0.006
14,109,0.924,0.943,-0.004
14,11,0.707,0.768,-0.012
14,110,0.602,0.675,-0.02
14,111,0.746,0.801,-0.012
14,112,0.722,0.781,-0.013
14,113,0.738,0.793,-0.013
14,114,0.859,0.893,-0.007
14,115,0.76,0.812,-0.012
14,116,0.71,0.77,-0.014
14,117,0.884,0.912,-0.006
14,118,1.0,1.0,0.0
14,119,0.906,0.929,0.005
14,12,0.58,0.656,-0.018
14,120,0.798,0.843,0.01
14,121,0.609,0.682,0.02
14,122,0.663,0.73,0.017
14,123,0.651,0.719,0.018
14,124,0.78,0.828,0.011
14,125,0.7,0.761,0.015
14,126,0.786,0.834,0.011
14,127,0.805,0.849,0.01
14,128,0.719,0.778,0.014
14,129,0.771,0.821,0.011
14,13,0.999,0.999,0.0
14,130,0.67,0.736,0.017
14,131,0.6,0.673,0.021
14,132,0.875,0.905,0.006
14,133,0.8,0.845,0.01
14,134,0.858,0.892,0.007
14,135,0.734,0.79,0.013
14,136,0.765,0.817,0.012
14,137,0.877,0.907,0.006
14,138,0.908,0.931,0.005
14,139,0.971,0.979,-0.001
14,14,0.883,0.911,-0.005
14,140,0.936,0.952,0.003
14,141,0.945,0.959,0.003
14,142,0.825,0.866,-0.009
14,143,0.978,0.984,-0.001
14,144,0.886,0.914,-0.006
14,145,0.939,0.954,-0.003
14,146,0.97,0.978,-0.002
14,147,0.992,0.994,0.0
14,148,0.967,0.976,0.002
14,149,0.728,0.786,0.014
14,15,0.818,0.86,-0.007
14,150,0.736,0.792,0.013
14,151,0.856,0.89,0.007
14,152,0.938,0.953,0.003
14,153,0.976,0.982,-0.001
14,154,0.933,0.95,-0.003
14,155,0.737,0.793,-0.013
14,156,0.948,0.961,-0.003
14,157,0.675,0.74,-0.017
14,158,0.874,0.904,-0.006
14,159,0.877,0.907,-0.006
14,16,0.799,0.844,-0.008
14,160,0.727,0.784,-0.014
14,161,0.788,0.835,-0.011
14,162,0.815,0.858,-0.009
14,163,0.587,0.662,-0.022
14,164,0.832,0.871,-0.008
14,165,0.72,0.778,-0.014
14,166,0.72,0.779,-0.014
14,167,0.637,0.707,-0.019
14,168,0.649,0.717,-0.018
14,169,0.64,0.71,-0.019
14,17,0.995,0.996,0.0
14,170,0.822,0.863,-0.009
14,171,0.7,0.762,-0.015
14,172,0.702,0.763,-0.015
14,173,0.756,0.809,-0.013
14,174,0.758,0.811,-0.012
14,175,0.687,0.751,-0.016
14,176,0.985,0.989,-0.001
14,177,0.846,0.882,-0.008
14,178,0.837,0.875,-0.008
14,179,0.962,0.972,-0.002
14,18,0.669,0.735,-0.013
14,180,0.934,0.95,-0.003
14,181,0.984,0.988,0.001
14,182,0.698,0.76,0.016
14,183,0.672,0.737,0.017
14,184,0.774,0.824,0.012
14,185,0.674,0.739,0.017
14,186,0.745,0.8,0.014
14,187,0.593,0.668,0.022
14,188,0.585,0.66,0.023
14,189,0.426,0.509,0.033
14,19,0.89,0.917,-0.004
14,190,0.556,0.633,0.025
14,191,0.643,0.712,0.02
14,192,0.768,0.818,0.013
14,193,0.775,0.825,0.012
14,194,0.852,0.887,0.008
14,195,0.783,0.832,0.012
14,196,0.649,0.717,0.02
14,197,0.604,0.677,0.023
14,198,0.723,0.781,0.016
14,199,0.75,0.804,0.014
14,20,0.95,0.962,-0.002
14,200,0.459,0.542,0.033
14,201,0.618,0.69,0.022
14,202,0.678,0.742,0.019
14,203,0.737,0.793,0.015
14,204,0.545,0.623,0.028
14,205,0.81,0.853,0.011
14,206,0.718,0.777,0.017
14,207,0.921,0.941,0.005
14,208,0.868,0.899,0.008
14,209,0.744,0.799,0.015
14,21,0.583,0.659,-0.017
14,210,0.99,0.993,0.001
14,211,0.863,0.895,0.008
14,212,0.959,0.97,-0.002
14,213,0.94,0.955,-0.004
14,214,0.952,0.965,-0.003
14,215,0.906,0.929,-0.006
14,216,0.98,0.985,0.001
14,217,0.956,0.967,-0.003
14,218,0.931,0.948,0.004
14,219,0.892,0.918,0.007
14,22,0.588,0.663,-0.017
14,220,0.945,0.959,-0.004
14,221,0.733,0.789,-0.018
14,222,0.951,0.964,0.003
14,223,0.989,0.992,0.001
14,224,0.989,0.992,-0.001
14,225,0.904,0.928,0.006
14,226,0.945,0.959,-0.004
14,227,0.931,0.948,-0.005
14,228,0.928,0.946,-0.005
14,229,0.881,0.909,-0.008
14,23,0.527,0.607,-0.02
14,230,0.977,0.983,0.002
14,231,0.925,0.944,0.005
14,232,0.901,0.925,-0.007
14,233,0.892,0.919,0.008
14,234,0.988,0.991,0.001
14,235,0.975,0.981,0.002
14,236,0.961,0.971,0.003
14,237,0.931,0.949,-0.005
14,238,0.928,0.946,0.005
14,239,0.757,0.81,0.018
14,24,0.76,0.812,-0.01
14,240,0.985,0.989,0.001
14,241,0.936,0.952,0.005
14,242,0.879,0.908,0.009
14,243,0.948,0.961,-0.004
14,244,0.75,0.804,0.019
14,245,0.733,0.789,0.021
14,246,0.771,0.821,0.018
14,247,0.699,0.76,0.024
14,248,0.935,0.951,0.005
14,249,0.814,0.857,0.015
14,25,0.724,0.782,-0.011
14,250,0.681,0.745,0.026
14,251,0.602,0.675,0.033
14,26,0.417,0.5,-0.025
14,27,0.449,0.532,-0.024
14,28,0.771,0.821,-0.009
14,29,0.753,0.806,-0.01
14,30,0.623,0.694,-0.015
14,31,0.569,0.646,-0.018
14,32,0.539,0.618,-0.019
14,33,0.813,0.856,-0.007
14,34,0.343,0.425,-0.03
14,35,0.57,0.647,-0.018
14,36,0.385,0.468,-0.027
14,37,0.538,0.617,-0.019
14,38,0.574,0.65,-0.018
14,39,0.498,0.579,-0.021
14,40,0.261,0.337,-0.035
14,41,0.19,0.258,-0.041
14,42,0.516,0.596,-0.02
14,43,0.319,0.399,-0.031
14,44,0.169,0.233,-0.043
14,45,0.18,0.247,-0.042
14,46,0.286,0.365,-0.034
14,47,0.33,0.411,-0.031
14,48,0.565,0.642,-0.018
14,49,0.306,0.386,-0.033
14,50,0.451,0.534,-0.024
14,51,0.685,0.749,-0.013
14,52,0.648,0.716,-0.015
14,53,0.751,0.805,-0.01
14,54,0.791,0.838,-0.009
14,55,0.587,0.662,-0.018
14,56,0.869,0.9,-0.005
14,57,0.502,0.583,-0.022
14,58,0.958,0.969,-0.002
14,59,0.863,0.895,0.006
14,6,0.503,0.584,-0.022
14,60,0.935,0.951,-0.003
14,61,0.975,0.981,-0.001
14,62,0.94,0.955,-0.002
14,63,0.874,0.904,-0.005
14,64,0.867,0.899,-0.006
14,65,0.64,0.709,0.016
14,66,0.7,0.761,0.013
14,67,0.843,0.88,0.007
14,68,0.789,0.836,0.009
14,69,0.688,0.751,0.013
14,7,0.388,0.471,-0.028
14,70,0.537,0.616,0.021
14,71,0.692,0.754,0.013
14,72,0.677,0.742,0.014
14,73,0.725,0.783,0.012
14,74,0.665,0.731,0.015
14,75,0.565,0.642,0.02
14,76,0.659,0.726,0.015
14,77,0.623,0.694,0.017
14,78,0.645,0.713,0.016
14,79,0.887,0.915,0.005
14,8,0.566,0.643,-0.019
14,80,0.721,0.78,0.012
14,81,0.804,0.848,0.009
14,82,0.764,0.816,0.01
14,83,0.511,0.591,0.023
14,84,0.639,0.708,0.017
14,85,0.734,0.79,0.012
14,86,0.933,0.95,0.003
14,87,0.791,0.838,-0.009
14,88,0.804,0.849,-0.009
14,89,0.934,0.951,-0.003
14,9,0.777,0.827,-0.009
14,90,0.743,0.798,-0.012
14,91,0.766,0.817,-0.011
14,92,0.896,0.921,-0.005
14,93,0.649,0.718,-0.016
14,94,0.678,0.743,-0.015
14,95,0.983,0.987,-0.001
14,96,0.853,0.888,-0.007
14,97,0.903,0.927,-0.004
14,98,0.886,0.913,-0.005
14,99,0.997,0.998,0.0
15,10,0.474,0.556,-0.023
15,100,0.939,0.954,-0.003
15,101,0.981,0.986,-0.001
15,102,0.981,0.986,0.001
15,103,0.979,0.985,-0.001
15,104,0.911,0.933,0.004
15,105,0.962,0.972,0.002
15,106,0.876,0.906,-0.006
15,107,0.858,0.891,-0.007
15,108,0.953,0.965,-0.002
15,109,0.951,0.963,-0.002
15,11,0.577,0.652,-0.018
15,110,0.941,0.956,-0.003
15,111,0.896,0.922,0.005
15,112,0.947,0.96,0.003
15,113,0.829,0.868,-0.008
15,114,0.903,0.927,-0.005
15,115,0.984,0.988,0.001
15,116,0.925,0.944,0.004
15,117,0.871,0.902,0.006
15,118,0.78,0.829,0.011
15,119,0.784,0.832,0.011
15,12,0.928,0.946,-0.003
15,120,0.771,0.821,0.011
15,121,0.805,0.849,0.01
15,122,0.907,0.93,0.005
15,123,0.73,0.787,0.013
15,124,0.695,0.757,0.015
15,125,0.564,0.641,0.022
15,126,0.607,0.68,0.02
15,127,0.651,0.719,0.018
15,128,0.513,0.593,0.026
15,129,0.667,0.733,0.017
15,13,0.797,0.843,-0.008
15,130,0.749,0.803,0.013
15,131,0.879,0.908,0.006
15,132,0.82,0.861,0.009
15,133,0.804,0.848,0.01
15,134,0.703,0.764,0.015
15,135,0.776,0.825,0.011
15,136,0.84,0.878,0.008
15,137,0.945,0.959,0.003
15,138,0.993,0.995,0.0
15,139,0.796,0.842,0.01
15,14,0.536,0.615,-0.02
15,140,0.94,0.955,0.003
15,141,0.712,0.772,-0.015
15,142,0.783,0.831,-0.011
15,143,0.843,0.88,-0.008
15,144,0.956,0.967,-0.002
15,145,0.787,0.834,-0.011
15,146,0.943,0.958,-0.003
15,147,0.812,0.855,-0.009
15,148,0.978,0.984,0.001
15,149,0.838,0.876,0.008
15,15,0.981,0.986,-0.001
15,150,0.907,0.93,0.005
15,151,0.87,0.901,0.007
15,152,0.86,0.894,-0.007
15,153,0.818,0.86,-0.009
15,154,0.81,0.854,-0.01
15,155,0.647,0.715,-0.018
15,156,0.953,0.965,-0.002
15,157,0.934,0.951,-0.003
15,158,0.939,0.954,0.003
15,159,0.86,0.894,-0.007
15,16,0.438,0.521,-0.025
15,160,0.915,0.936,0.004
15,161,0.943,0.957,-0.003
15,162,0.959,0.969,-0.002
15,163,0.803,0.847,-0.01
15,164,0.911,0.933,-0.004
15,165,0.644,0.713,-0.018
15,166,0.588,0.663,-0.022
15,167,0.893,0.919,-0.005
15,168,0.987,0.99,-0.001
15,169,0.99,0.993,0.0
15,17,0.865,0.897,-0.005
15,170,0.915,0.936,0.004
15,171,0.903,0.927,0.005
15,172,0.928,0.946,0.004
15,173,0.956,0.967,-0.002
15,174,0.832,0.871,0.009
15,175,0.967,0.975,0.002
15,176,0.752,0.805,0.013
15,177,0.62,0.691,0.02
15,178,0.737,0.793,0.014
15,179,0.781,0.83,0.011
15,18,0.787,0.834,-0.009
15,180,0.875,0.905,0.006
15,181,0.81,0.853,0.01
15,182,0.722,0.781,0.015
15,183,0.782,0.83,0.011
15,184,0.598,0.672,0.022
15,185,0.682,0.746,0.017
15,186,0.841,0.878,0.008
15,187,0.869,0.901,0.007
15,188,0.83,0.869,0.009
15,189,0.857,0.891,0.008
15,19,0.397,0.48,-0.027
15,190,0.994,0.995,0.0
15,191,0.957,0.968,0.002
15,192,0.904,0.927,0.005
15,193,0.846,0.882,0.008
15,194,0.934,0.95,0.004
15,195,0.881,0.909,0.006
15,196,0.781,0.829,0.012
15,197,0.67,0.736,0.018
15,198,0.974,0.981,0.001
15,199,0.939,0.954,0.003
15,20,0.644,0.713,-0.015
15,200,0.923,0.942,-0.004
15,201,0.812,0.855,0.011
15,202,0.832,0.871,0.009
15,203,0.855,0.889,0.008
15,204,0.7,0.762,0.017
15,205,0.692,0.754,0.018
15,206,0.786,0.833,0.012
15,207,0.755,0.808,0.014
15,208,0.968,0.976,-0.002
15,209,0.906,0.929,0.006
15,21,0.524,0.604,-0.02
15,210,0.833,0.872,0.01
15,211,0.861,0.894,0.008
15,212,0.994,0.996,0.0
15,213,0.923,0.942,0.005
15,214,0.666,0.732,0.021
15,215,0.818,0.86,-0.011
15,216,0.896,0.922,0.006
15,217,0.919,0.939,0.005
15,218,0.947,0.961,0.003
15,219,0.914,0.935,0.005
15,22,0.765,0.817,-0.009
15,220,0.795,0.841,0.013
15,221,0.992,0.994,-0.001
15,222,0.958,0.969,0.003
15,223,0.847,0.883,0.01
15,224,0.988,0.991,-0.001
15,225,0.961,0.971,-0.003
15,226,0.935,0.952,-0.004
15,227,0.895,0.921,0.007
15,228,0.7,0.762,0.021
15,229,0.849,0.884,0.01
15,23,0.767,0.818,-0.009
15,230,0.929,0.947,0.005
15,231,0.906,0.929,0.007
15,232,0.813,0.855,0.013
15,233,0.894,0.92,0.008
15,234,0.899,0.924,0.007
15,235,0.951,0.964,0.004
15,236,0.878,0.908,0.009
15,237,0.967,0.976,0.002
15,238,0.971,0.979,-0.002
15,239,0.959,0.97,0.003
15,24,0.747,0.801,-0.01
15,240,0.996,0.997,0.0
15,241,0.936,0.952,-0.005
15,242,0.984,0.988,-0.001
15,243,0.897,0.922,0.008
15,244,0.999,1.0,0.0
15,245,0.934,0.95,0.005
15,246,0.97,0.978,-0.002
15,247,0.865,0.897,-0.011
15,248,0.957,0.968,-0.003
15,249,0.922,0.941,-0.006
15,25,0.494,0.575,-0.021
15,250,0.864,0.896,-0.011
15,251,0.857,0.891,-0.012
15,26,0.613,0.686,-0.016
15,27,0.737,0.793,-0.01
15,28,0.452,0.535,-0.023
15,29,0.781,0.83,-0.009
15,30,0.548,0.627,-0.019
15,31,0.593,0.667,-0.017
15,32,0.649,0.717,-0.014
15,33,0.588,0.663,-0.017
15,34,0.611,0.683,-0.016
15,35,0.532,0.611,-0.02
15,36,0.4,0.483,-0.026
15,37,0.549,0.627,-0.019
15,38,0.475,0.557,-0.023
15,39,0.557,0.635,-0.018
15,40,0.468,0.551,-0.023
15,41,0.64,0.71,-0.015
15,42,0.524,0.604,-0.02
15,43,0.308,0.388,-0.032
15,44,0.496,0.577,-0.022
15,45,0.523,0.603,-0.02
15,46,0.807,0.851,-0.008
15,47,0.822,0.863,-0.007
15,48,0.349,0.431,-0.03
15,49,0.542,0.621,-0.02
15,50,0.528,0.608,-0.02
15,51,0.704,0.765,-0.012
15,52,0.717,0.776,-0.012
15,53,0.862,0.895,-0.006
15,54,0.885,0.913,0.005
15,55,0.584,0.659,-0.018
15,56,0.967,0.976,-0.001
15,57,0.861,0.894,-0.006
15,58,0.762,0.814,-0.01
15,59,0.774,0.824,-0.009
15,6,0.678,0.743,-0.014
15,60,0.846,0.882,-0.006
15,61,0.835,0.873,0.007
15,62,0.867,0.899,-0.006
15,63,0.862,0.894,-0.006
15,64,0.676,0.741,0.014
15,65,0.588,0.663,0.018
15,66,0.814,0.857,0.008
15,67,0.646,0.714,0.015
15,68,0.827,0.867,0.007
15,69,0.751,0.804,0.011
15,7,0.305,0.385,-0.034
15,70,0.39,0.473,0.029
15,71,0.651,0.719,0.015
15,72,0.555,0.632,0.02
15,73,0.746,0.801,0.011
15,74,0.671,0.737,0.014
15,75,0.493,0.574,0.023
15,76,0.783,0.831,0.009
15,77,0.708,0.768,0.013
15,78,0.83,0.87,0.007
15,79,0.654,0.722,0.016
15,8,0.499,0.58,-0.022
15,80,0.618,0.69,0.017
15,81,0.868,0.9,0.006
15,82,0.582,0.657,0.019
15,83,0.766,0.817,0.01
15,84,0.85,0.885,0.007
15,85,0.627,0.698,0.017
15,86,0.817,0.859,0.008
15,87,0.976,0.982,-0.001
15,88,0.96,0.97,-0.002
15,89,0.915,0.936,0.004
15,9,0.299,0.378,-0.034
15,90,0.782,0.83,0.01
15,91,0.823,0.864,0.008
15,92,0.943,0.958,-0.003
15,93,0.819,0.861,-0.008
15,94,0.884,0.912,-0.005
15,95,0.786,0.834,-0.01
15,96,0.565,0.642,-0.021
15,97,0.745,0.799,-0.012
15,98,0.739,0.794,-0.012
15,99,0.735,0.791,-0.012
16,10,0.872,0.903,0.005
16,100,0.745,0.799,-0.012
16,101,0.826,0.866,-0.008
16,102,0.977,0.983,0.001
16,103,0.832,0.871,-0.008
16,104,0.788,0.835,-0.01
16,105,0.829,0.868,-0.008
16,106,0.754,0.807,-0.012
16,107,0.924,0.943,-0.004
16,108,0.968,0.976,-0.002
16,109,0.987,0.991,-0.001
16,11,0.868,0.899,0.005
16,110,0.932,0.949,-0.003
16,111,0.735,0.791,-0.013
16,112,0.935,0.952,0.003
16,113,0.934,0.951,0.003
16,114,0.737,0.793,0.013
16,115,0.893,0.919,0.005
16,116,0.832,0.871,0.008
16,117,0.941,0.956,0.003
16,118,0.979,0.984,0.001
16,119,0.632,0.703,0.019
16,12,0.979,0.985,-0.001
16,120,0.599,0.672,0.021
16,121,0.407,0.49,0.032
16,122,0.46,0.543,0.029
16,123,0.56,0.637,0.023
16,124,0.577,0.652,0.022
16,125,0.47,0.552,0.028
16,126,0.391,0.474,0.034
16,127,0.498,0.579,0.027
16,128,0.614,0.686,0.02
16,129,0.73,0.787,0.014
16,13,0.727,0.785,-0.011
16,130,0.643,0.712,0.018
16,131,0.672,0.737,0.017
16,132,0.552,0.63,0.024
16,133,0.784,0.832,0.011
16,134,0.747,0.801,0.013
16,135,0.91,0.932,0.005
16,136,0.684,0.748,0.016
16,137,0.748,0.802,0.013
16,138,0.745,0.799,0.013
16,139,0.966,0.975,-0.002
16,14,0.878,0.908,-0.005
16,140,0.764,0.816,-0.012
16,141,0.557,0.635,-0.023
16,142,0.901,0.926,-0.005
16,143,0.81,0.854,-0.01
16,144,0.613,0.686,-0.02
16,145,0.774,0.824,-0.012
16,146,0.988,0.991,-0.001
16,147,0.925,0.943,0.004
16,148,0.869,0.901,0.007
16,149,0.764,0.815,0.012
16,15,0.936,0.952,0.003
16,150,0.884,0.912,0.006
16,151,0.892,0.918,-0.005
16,152,0.912,0.934,0.004
16,153,0.816,0.858,0.009
16,154,0.766,0.817,0.012
16,155,0.986,0.989,0.001
16,156,0.686,0.749,0.016
16,157,0.978,0.983,0.001
16,158,0.868,0.899,0.007
16,159,0.719,0.778,0.014
16,16,0.682,0.746,-0.013
16,160,0.987,0.99,0.001
16,161,0.98,0.985,-0.001
16,162,0.856,0.89,-0.007
16,163,0.744,0.799,-0.013
16,164,0.833,0.872,-0.008
16,165,0.883,0.911,-0.006
16,166,0.723,0.781,-0.014
16,167,0.747,0.801,-0.013
16,168,0.556,0.634,-0.024
16,169,0.464,0.546,-0.03
16,17,0.918,0.938,-0.003
16,170,0.679,0.744,-0.017
16,171,0.724,0.782,-0.014
16,172,0.775,0.824,-0.012
16,173,0.87,0.901,0.007
16,174,0.996,0.997,0.0
16,175,0.824,0.864,-0.009
16,176,0.79,0.837,-0.011
16,177,0.915,0.936,-0.004
16,178,0.734,0.79,-0.014
16,179,0.776,0.826,-0.012
16,18,0.783,0.831,-0.009
16,180,0.951,0.963,0.003
16,181,0.793,0.839,-0.011
16,182,0.999,0.999,0.0
16,183,0.874,0.905,-0.006
16,184,0.873,0.904,0.007
16,185,0.962,0.971,0.002
16,186,0.972,0.979,0.001
16,187,0.772,0.822,-0.012
16,188,0.702,0.763,-0.016
16,189,0.703,0.764,-0.016
16,19,0.553,0.631,-0.019
16,190,0.849,0.885,-0.008
16,191,0.848,0.884,-0.008
16,192,0.888,0.915,0.006
16,193,0.954,0.966,0.002
16,194,0.994,0.995,-0.0
16,195,0.974,0.981,0.001
16,196,0.787,0.834,0.012
16,197,0.954,0.965,-0.002
16,198,0.924,0.943,-0.004
16,199,0.826,0.866,0.01
16,20,0.667,0.733,-0.013
16,200,0.83,0.869,-0.009
16,201,0.822,0.863,-0.01
16,202,0.944,0.958,-0.003
16,203,0.827,0.867,-0.01
16,204,0.892,0.919,-0.006
16,205,0.911,0.933,-0.005
16,206,0.873,0.904,-0.007
16,207,0.965,0.974,-0.002
16,208,0.889,0.916,-0.006
16,209,0.825,0.866,-0.01
16,21,0.413,0.497,-0.025
16,210,0.943,0.958,-0.003
16,211,0.851,0.886,-0.009
16,212,0.81,0.853,-0.011
16,213,0.662,0.729,-0.021
16,214,0.586,0.661,-0.026
16,215,0.638,0.708,-0.023
16,216,0.731,0.788,-0.017
16,217,0.792,0.838,-0.013
16,218,0.706,0.767,-0.019
16,219,0.834,0.873,-0.01
16,22,0.39,0.473,-0.027
16,220,0.745,0.799,-0.016
16,221,0.798,0.843,-0.013
16,222,0.954,0.966,0.003
16,223,0.888,0.915,-0.007
16,224,0.949,0.962,-0.003
16,225,0.646,0.715,-0.024
16,226,0.963,0.973,-0.002
16,227,0.664,0.73,-0.023
16,228,0.833,0.872,-0.011
16,229,0.902,0.926,-0.007
16,23,0.8,0.845,-0.008
16,230,0.814,0.857,-0.013
16,231,0.771,0.822,-0.016
16,232,0.709,0.769,-0.021
16,233,0.772,0.822,-0.016
16,234,0.821,0.862,-0.013
16,235,0.852,0.887,-0.011
16,236,0.647,0.716,-0.026
16,237,0.91,0.932,-0.007
16,238,0.901,0.925,-0.007
16,239,0.994,0.995,-0.0
16,24,0.689,0.752,-0.013
16,240,0.873,0.903,-0.01
16,241,0.952,0.964,-0.004
16,242,0.958,0.969,-0.003
16,243,0.919,0.94,-0.006
16,244,1.0,1.0,-0.0
16,245,0.992,0.994,-0.001
16,246,0.949,0.962,-0.004
16,247,0.97,0.978,0.002
16,248,0.912,0.934,0.007
16,249,0.882,0.91,0.009
16,25,0.539,0.618,-0.019
16,250,0.872,0.902,0.01
16,251,0.885,0.913,0.009
16,26,0.737,0.793,-0.01
16,27,0.621,0.692,-0.015
16,28,0.539,0.617,-0.019
16,29,0.708,0.768,-0.012
16,30,0.61,0.682,-0.016
16,31,0.452,0.534,-0.023
16,32,0.671,0.737,-0.013
16,33,0.54,0.619,-0.019
16,34,0.538,0.617,-0.019
16,35,0.702,0.764,-0.012
16,36,0.603,0.676,-0.016
16,37,0.778,0.827,-0.009
16,38,0.792,0.839,-0.008
16,39,0.789,0.836,0.008
16,40,0.499,0.58,-0.021
16,41,0.837,0.875,-0.006
16,42,0.994,0.995,-0.0
16,43,0.978,0.984,0.001
16,44,0.902,0.926,-0.004
16,45,0.971,0.978,-0.001
16,46,0.763,0.815,0.01
16,47,0.973,0.98,-0.001
16,48,0.742,0.797,-0.01
16,49,0.953,0.965,-0.002
16,50,0.679,0.743,-0.013
16,51,0.704,0.765,-0.012
16,52,0.642,0.711,-0.015
16,53,0.704,0.765,-0.012
16,54,0.928,0.946,-0.003
16,55,0.771,0.821,-0.009
16,56,0.708,0.768,-0.012
16,57,0.926,0.944,-0.003
16,58,0.943,0.958,-0.002
16,59,0.916,0.937,0.003
16,6,0.828,0.867,0.007
16,60,0.838,0.876,-0.007
16,61,0.922,0.942,-0.003
16,62,0.866,0.898,0.006
16,63,0.847,0.883,0.006
16,64,0.979,0.985,0.001
16,65,0.924,0.943,-0.003
16,66,0.71,0.77,0.012
16,67,0.516,0.596,0.022
16,68,0.99,0.992,-0.0
16,69,0.948,0.961,-0.002
16,7,0.751,0.805,-0.011
16,70,0.691,0.754,-0.013
16,71,0.946,0.96,-0.002
16,72,0.975,0.982,-0.001
16,73,0.803,0.848,-0.009
16,74,0.96,0.97,-0.002
16,75,0.638,0.707,-0.016
16,76,0.633,0.703,-0.017
16,77,0.708,0.769,-0.013
16,78,0.724,0.782,-0.012
16,79,0.702,0.763,-0.013
16,8,0.923,0.942,-0.003
16,80,0.728,0.785,-0.012
16,81,0.657,0.724,-0.016
16,82,0.94,0.955,-0.003
16,83,0.894,0.92,-0.005
16,84,0.722,0.781,-0.013
16,85,0.57,0.646,-0.02
16,86,0.754,0.807,-0.011
16,87,0.958,0.969,-0.002
16,88,0.666,0.733,-0.015
16,89,0.796,0.842,-0.009
16,9,0.956,0.967,0.002
16,90,0.765,0.816,-0.011
16,91,0.603,0.676,-0.019
16,92,0.586,0.661,-0.02
16,93,0.595,0.669,-0.019
16,94,0.53,0.61,-0.023
16,95,0.512,0.592,-0.024
16,96,0.514,0.594,-0.024
16,97,0.738,0.794,-0.012
16,98,0.712,0.772,-0.014
16,99,0.862,0.895,-0.007
17,10,0.835,0.874,-0.007
17,100,0.796,0.842,-0.01
17,101,0.625,0.697,-0.018
17,102,0.829,0.868,-0.008
17,103,0.98,0.985,-0.001
17,104,0.86,0.894,0.007
17,105,0.971,0.978,-0.001
17,106,0.88,0.909,-0.006
17,107,0.965,0.974,-0.002
17,108,0.942,0.957,0.003
17,109,0.976,0.983,0.001
17,11,0.79,0.837,0.008
17,110,0.944,0.958,0.003
17,111,0.945,0.959,-0.003
17,112,0.849,0.885,-0.007
17,113,0.897,0.922,-0.005
17,114,0.976,0.982,-0.001
17,115,0.835,0.873,-0.008
17,116,0.997,0.998,-0.0
17,117,0.968,0.976,-0.002
17,118,0.881,0.91,0.006
17,119,0.961,0.971,0.002
17,12,0.901,0.925,-0.004
17,120,0.954,0.966,0.002
17,121,0.851,0.886,0.007
17,122,0.858,0.892,0.007
17,123,0.938,0.953,0.003
17,124,0.712,0.772,0.014
17,125,0.556,0.633,0.023
17,126,0.921,0.941,0.004
17,127,0.689,0.752,0.016
17,128,0.874,0.904,0.006
17,129,0.815,0.857,0.009
17,13,0.772,0.822,-0.009
17,130,0.835,0.873,0.008
17,131,0.593,0.668,0.021
17,132,0.624,0.696,0.019
17,133,0.592,0.666,0.021
17,134,0.85,0.885,0.008
17,135,0.788,0.835,0.011
17,136,0.966,0.975,-0.002
17,137,0.826,0.866,-0.009
17,138,0.953,0.965,-0.002
17,139,0.829,0.868,-0.009
17,14,0.686,0.749,0.013
17,140,0.812,0.855,-0.01
17,141,0.873,0.903,-0.006
17,142,0.87,0.901,-0.007
17,143,0.892,0.919,-0.005
17,144,0.831,0.87,-0.009
17,145,0.928,0.946,-0.004
17,146,0.864,0.896,-0.007
17,147,0.994,0.996,0.0
17,148,0.912,0.934,0.004
17,149,0.931,0.948,-0.003
17,15,0.687,0.751,0.013
17,150,0.893,0.919,-0.005
17,151,0.836,0.874,-0.008
17,152,0.931,0.949,-0.003
17,153,0.968,0.977,0.002
17,154,0.755,0.808,-0.013
17,155,0.85,0.886,0.008
17,156,0.928,0.946,-0.004
17,157,0.747,0.801,-0.013
17,158,0.896,0.921,-0.005
17,159,0.653,0.721,-0.018
17,16,0.687,0.751,0.013
17,160,0.662,0.729,-0.018
17,161,0.679,0.743,-0.017
17,162,0.834,0.873,-0.008
17,163,0.734,0.791,-0.014
17,164,0.94,0.955,-0.003
17,165,0.852,0.887,-0.008
17,166,0.93,0.947,-0.004
17,167,0.901,0.925,-0.005
17,168,0.991,0.994,0.0
17,169,0.786,0.833,0.011
17,17,0.862,0.895,0.005
17,170,0.98,0.985,0.001
17,171,0.972,0.979,-0.001
17,172,0.968,0.976,-0.002
17,173,0.895,0.921,0.005
17,174,0.859,0.893,0.007
17,175,0.745,0.8,0.013
17,176,0.836,0.874,0.008
17,177,0.813,0.855,-0.01
17,178,0.879,0.908,0.006
17,179,0.884,0.912,0.006
17,18,0.956,0.967,0.002
17,180,0.748,0.802,0.013
17,181,0.736,0.792,0.014
17,182,0.926,0.944,0.004
17,183,0.843,0.879,0.008
17,184,0.95,0.962,0.003
17,185,0.937,0.953,-0.003
17,186,0.998,0.999,-0.0
17,187,0.821,0.862,-0.009
17,188,0.937,0.953,-0.003
17,189,0.992,0.994,-0.0
17,19,0.682,0.746,0.013
17,190,0.933,0.95,0.003
17,191,0.829,0.868,-0.009
17,192,0.805,0.849,-0.01
17,193,0.885,0.913,-0.006
17,194,0.993,0.995,-0.0
17,195,0.886,0.913,0.006
17,196,0.992,0.994,0.0
17,197,0.893,0.919,0.006
17,198,0.908,0.931,0.005
17,199,0.872,0.902,0.007
17,20,0.907,0.93,0.004
17,200,0.627,0.698,0.021
17,201,0.613,0.686,0.022
17,202,0.928,0.946,0.004
17,203,0.785,0.833,0.012
17,204,0.826,0.866,0.01
17,205,0.994,0.996,-0.0
17,206,0.95,0.963,-0.003
17,207,0.973,0.98,-0.002
17,208,0.945,0.959,0.003
17,209,0.975,0.981,0.001
17,21,0.915,0.936,-0.003
17,210,0.946,0.96,-0.003
17,211,0.924,0.943,0.004
17,212,0.963,0.973,0.002
17,213,0.905,0.929,-0.006
17,214,0.875,0.905,-0.007
17,215,0.821,0.862,-0.011
17,216,0.955,0.966,-0.003
17,217,0.976,0.982,0.001
17,218,0.913,0.935,-0.005
17,219,0.851,0.886,-0.009
17,22,0.998,0.999,-0.0
17,220,0.869,0.901,-0.008
17,221,0.771,0.821,-0.015
17,222,0.83,0.87,-0.011
17,223,0.783,0.831,-0.014
17,224,0.8,0.845,-0.013
17,225,0.917,0.938,-0.005
17,226,0.854,0.888,-0.01
17,227,0.794,0.84,-0.014
17,228,0.8,0.845,-0.014
17,229,0.895,0.921,-0.007
17,23,0.642,0.712,0.014
17,230,0.852,0.887,-0.01
17,231,0.904,0.928,-0.007
17,232,0.861,0.894,-0.01
17,233,0.925,0.944,-0.005
17,234,0.996,0.997,0.0
17,235,0.929,0.947,0.005
17,236,0.826,0.866,-0.013
17,237,0.816,0.858,-0.014
17,238,0.824,0.865,-0.013
17,239,0.898,0.923,-0.008
17,24,0.909,0.932,-0.004
17,240,0.87,0.901,-0.01
17,241,0.932,0.949,0.005
17,242,0.931,0.948,0.005
17,243,0.976,0.983,0.002
17,244,0.959,0.969,0.003
17,245,0.989,0.992,0.001
17,246,0.895,0.92,-0.008
17,247,0.852,0.887,0.012
17,248,0.81,0.853,0.015
17,249,0.731,0.788,0.022
17,25,0.927,0.945,0.003
17,250,0.726,0.784,0.023
17,251,0.728,0.785,0.023
17,26,0.997,0.998,-0.0
17,27,0.643,0.712,0.014
17,28,0.723,0.781,0.011
17,29,0.987,0.99,0.001
17,30,0.652,0.72,-0.014
17,31,0.954,0.966,0.002
17,32,0.891,0.918,0.004
17,33,0.816,0.858,-0.007
17,34,0.791,0.837,-0.008
17,35,0.965,0.974,-0.001
17,36,0.792,0.838,-0.008
17,37,0.712,0.772,-0.012
17,38,0.608,0.68,-0.016
17,39,0.806,0.85,-0.008
17,40,0.611,0.683,-0.016
17,41,0.24,0.314,-0.037
17,42,0.508,0.589,-0.021
17,43,0.639,0.709,-0.015
17,44,0.581,0.657,-0.017
17,45,0.627,0.698,-0.015
17,46,0.621,0.692,-0.016
17,47,0.73,0.787,-0.011
17,48,0.659,0.726,-0.014
17,49,0.92,0.94,-0.003
17,50,0.854,0.889,-0.006
17,51,0.566,0.642,-0.019
17,52,0.748,0.802,-0.01
17,53,0.698,0.76,-0.013
17,54,0.822,0.863,-0.007
17,55,0.828,0.868,-0.007
17,56,0.9,0.924,-0.004
17,57,0.641,0.71,0.015
17,58,0.917,0.938,-0.003
17,59,0.754,0.807,-0.01
17,6,0.927,0.945,0.003
17,60,0.778,0.827,0.009
17,61,0.932,0.949,0.003
17,62,0.955,0.966,-0.002
17,63,0.913,0.935,-0.004
17,64,0.796,0.842,-0.009
17,65,0.854,0.889,-0.006
17,66,0.92,0.94,-0.003
17,67,0.722,0.78,-0.012
17,68,0.725,0.783,-0.012
17,69,0.889,0.916,-0.005
17,7,0.688,0.751,-0.013
17,70,0.643,0.712,-0.016
17,71,0.685,0.749,-0.014
17,72,0.705,0.766,-0.013
17,73,0.446,0.528,-0.026
17,74,0.602,0.675,-0.018
17,75,0.624,0.695,-0.017
17,76,0.602,0.675,-0.018
17,77,0.61,0.682,-0.018
17,78,0.611,0.683,-0.018
17,79,0.64,0.71,-0.016
17,8,0.783,0.831,-0.009
17,80,0.672,0.737,-0.015
17,81,0.846,0.882,-0.007
17,82,0.815,0.857,-0.008
17,83,0.74,0.796,-0.012
17,84,0.573,0.649,-0.02
17,85,0.522,0.602,-0.023
17,86,0.858,0.892,-0.006
17,87,0.935,0.952,-0.003
17,88,0.604,0.677,-0.019
17,89,0.946,0.96,0.002
17,9,0.917,0.938,0.003
17,90,0.871,0.902,0.006
17,91,0.937,0.953,0.003
17,92,0.813,0.855,-0.009
17,93,0.608,0.681,-0.019
17,94,0.868,0.899,-0.006
17,95,0.948,0.962,-0.002
17,96,0.913,0.935,0.004
17,97,0.839,0.876,-0.008
17,98,0.811,0.854,-0.009
17,99,0.929,0.947,0.003
18,10,0.502,0.583,-0.022
18,100,0.84,0.877,-0.008
18,101,0.923,0.943,-0.004
18,102,0.915,0.936,-0.004
18,103,0.883,0.911,-0.006
18,104,0.782,0.83,-0.011
18,105,0.829,0.869,-0.008
18,106,0.957,0.968,0.002
18,107,0.973,0.98,0.001
18,108,0.951,0.963,0.002
18,109,0.721,0.779,-0.014
18,11,0.71,0.77,-0.012
18,110,0.8,0.845,-0.01
18,111,0.581,0.656,-0.021
18,112,0.62,0.692,-0.019
18,113,0.615,0.687,-0.02
18,114,0.826,0.866,-0.009
18,115,0.951,0.964,-0.002
18,116,0.974,0.98,0.001
18,117,0.936,0.952,0.003
18,118,0.701,0.763,0.015
18,119,0.81,0.853,0.01
18,12,0.778,0.827,-0.009
18,120,0.739,0.795,0.013
18,121,0.871,0.902,0.006
18,122,0.819,0.86,0.009
18,123,0.81,0.853,0.01
18,124,0.994,0.996,0.0
18,125,0.921,0.94,-0.004
18,126,0.977,0.983,0.001
18,127,0.829,0.869,0.009
18,128,0.82,0.862,0.009
18,129,0.872,0.902,0.006
18,13,0.722,0.78,-0.011
18,130,0.89,0.917,0.006
18,131,0.921,0.941,0.004
18,132,0.862,0.895,0.007
18,133,0.818,0.86,0.009
18,134,0.795,0.841,0.01
18,135,0.951,0.964,0.002
18,136,0.906,0.929,0.005
18,137,0.997,0.998,-0.0
18,138,0.916,0.937,0.004
18,139,0.829,0.869,0.009
18,14,0.484,0.565,-0.022
18,140,0.803,0.847,0.01
18,141,0.79,0.837,0.011
18,142,0.847,0.883,-0.008
18,143,0.748,0.802,-0.013
18,144,0.68,0.744,-0.017
18,145,0.761,0.813,-0.012
18,146,0.925,0.944,-0.004
18,147,0.959,0.97,-0.002
18,148,0.821,0.862,-0.009
18,149,0.826,0.866,-0.009
18,15,0.854,0.888,-0.006
18,150,0.888,0.915,-0.006
18,151,0.852,0.887,0.008
18,152,0.918,0.938,0.004
18,153,0.945,0.959,0.003
18,154,0.851,0.886,0.008
18,155,0.917,0.938,0.004
18,156,0.987,0.99,0.001
18,157,0.657,0.725,0.018
18,158,0.674,0.739,0.017
18,159,0.731,0.788,0.014
18,16,0.698,0.76,-0.012
18,160,0.833,0.872,0.009
18,161,0.977,0.983,-0.001
18,162,0.789,0.836,0.011
18,163,0.77,0.82,0.012
18,164,0.625,0.696,0.02
18,165,0.732,0.789,0.014
18,166,0.83,0.869,0.009
18,167,0.8,0.845,0.01
18,168,0.712,0.772,0.015
18,169,0.838,0.876,0.008
18,17,0.925,0.944,0.003
18,170,0.722,0.78,0.014
18,171,0.702,0.763,0.016
18,172,0.773,0.823,0.012
18,173,0.819,0.861,0.009
18,174,0.826,0.866,0.009
18,175,0.604,0.678,0.021
18,176,0.794,0.84,0.011
18,177,0.648,0.717,0.019
18,178,0.616,0.688,0.02
18,179,0.666,0.732,0.018
18,18,0.853,0.888,-0.006
18,180,0.847,0.883,0.008
18,181,0.769,0.819,0.012
18,182,0.65,0.718,0.019
18,183,0.689,0.752,0.016
18,184,0.824,0.864,0.009
18,185,0.909,0.932,0.005
18,186,0.88,0.909,-0.006
18,187,0.908,0.93,0.005
18,188,0.926,0.945,0.004
18,189,0.885,0.913,-0.006
18,19,0.861,0.894,0.005
18,190,0.97,0.978,0.002
18,191,0.996,0.997,0.0
18,192,0.804,0.848,0.01
18,193,0.991,0.993,-0.0
18,194,0.809,0.853,0.01
18,195,0.961,0.971,0.002
18,196,0.949,0.962,0.003
18,197,0.87,0.901,0.007
18,198,0.847,0.883,0.008
18,199,0.858,0.892,0.008
18,20,0.771,0.821,0.009
18,200,0.857,0.891,0.008
18,201,0.892,0.919,-0.006
18,202,0.978,0.984,0.001
18,203,0.977,0.983,-0.001
18,204,0.92,0.94,-0.004
18,205,0.974,0.98,-0.001
18,206,0.815,0.857,0.01
18,207,0.976,0.982,-0.001
18,208,0.944,0.959,0.003
18,209,0.925,0.944,-0.004
18,21,0.959,0.97,0.002
18,210,0.975,0.981,0.001
18,211,0.956,0.968,0.003
18,212,0.974,0.981,-0.002
18,213,0.99,0.992,0.001
18,214,0.777,0.826,-0.013
18,215,0.762,0.814,-0.014
18,216,0.931,0.949,-0.004
18,217,0.752,0.806,-0.015
18,218,0.755,0.808,-0.015
18,219,0.749,0.803,-0.016
18,22,0.902,0.926,0.004
18,220,0.611,0.684,-0.025
18,221,0.532,0.611,-0.031
18,222,0.46,0.543,-0.037
18,223,0.55,0.628,-0.03
18,224,0.33,0.412,-0.05
18,225,0.487,0.569,-0.036
18,226,0.595,0.669,-0.028
18,227,0.488,0.569,-0.036
18,228,0.577,0.653,-0.03
18,229,0.55,0.628,-0.032
18,23,0.576,0.652,0.017
18,230,0.544,0.622,-0.033
18,231,0.582,0.658,-0.03
18,232,0.674,0.739,-0.023
18,233,0.513,0.593,-0.036
18,234,0.681,0.745,-0.023
18,235,0.852,0.887,-0.011
18,236,0.883,0.911,-0.008
18,237,0.872,0.902,-0.009
18,238,0.862,0.895,-0.01
18,239,0.91,0.932,-0.007
18,24,0.983,0.987,0.001
18,240,0.901,0.925,-0.007
18,241,0.896,0.922,-0.008
18,242,0.948,0.961,0.004
18,243,0.901,0.925,-0.008
18,244,0.936,0.952,-0.005
18,245,0.902,0.926,-0.008
18,246,0.906,0.929,0.007
18,247,0.969,0.977,0.002
18,248,0.992,0.994,-0.001
18,249,0.781,0.83,0.018
18,25,0.847,0.883,-0.006
18,250,0.789,0.836,0.017
18,251,0.711,0.771,0.024
18,26,0.951,0.963,-0.002
18,27,0.645,0.714,0.014
18,28,0.906,0.929,0.004
18,29,0.888,0.915,0.004
18,30,0.846,0.883,0.006
18,31,0.988,0.991,-0.0
18,32,0.937,0.953,-0.002
18,33,0.972,0.979,-0.001
18,34,0.456,0.539,0.023
18,35,0.814,0.856,0.007
18,36,0.949,0.962,0.002
18,37,0.84,0.877,-0.006
18,38,0.586,0.661,0.017
18,39,0.541,0.62,0.019
18,40,0.77,0.821,0.009
18,41,0.781,0.83,0.009
18,42,0.856,0.89,0.006
18,43,0.963,0.972,0.001
18,44,0.785,0.833,0.009
18,45,0.629,0.7,0.015
18,46,0.976,0.982,0.001
18,47,0.636,0.706,0.015
18,48,0.695,0.758,0.013
18,49,0.893,0.919,0.004
18,50,0.829,0.868,-0.007
18,51,0.894,0.92,-0.004
18,52,0.817,0.859,0.008
18,53,0.955,0.966,-0.002
18,54,0.795,0.841,-0.008
18,55,0.855,0.889,-0.006
18,56,0.924,0.943,-0.003
18,57,0.473,0.555,-0.024
18,58,0.537,0.616,-0.02
18,59,0.673,0.739,-0.014
18,6,0.588,0.663,-0.018
18,60,0.645,0.714,-0.015
18,61,0.938,0.953,-0.003
18,62,0.603,0.676,-0.017
18,63,0.776,0.826,-0.009
18,64,0.896,0.922,-0.004
18,65,0.988,0.991,-0.0
18,66,0.51,0.591,-0.022
18,67,0.916,0.937,-0.004
18,68,0.957,0.968,0.002
18,69,0.845,0.881,-0.007
18,7,0.898,0.923,-0.004
18,70,0.785,0.833,-0.009
18,71,0.985,0.989,0.001
18,72,0.707,0.768,-0.013
18,73,0.85,0.885,-0.007
18,74,0.989,0.992,-0.0
18,75,0.522,0.602,-0.022
18,76,0.719,0.778,-0.013
18,77,0.866,0.898,-0.006
18,78,0.668,0.734,-0.015
18,79,0.952,0.964,-0.002
18,8,0.677,0.741,-0.014
18,80,0.646,0.715,-0.016
18,81,0.667,0.733,-0.015
18,82,0.857,0.891,-0.006
18,83,0.935,0.951,-0.003
18,84,0.864,0.897,-0.006
18,85,0.782,0.831,-0.01
18,86,0.693,0.755,-0.014
18,87,0.927,0.945,-0.003
18,88,0.951,0.963,-0.002
18,89,0.769,0.82,-0.011
18,9,0.511,0.591,-0.022
18,90,0.793,0.84,-0.01
18,91,0.974,0.981,0.001
18,92,0.886,0.913,-0.005
18,93,0.569,0.646,-0.021
18,94,0.59,0.664,-0.02
18,95,0.537,0.616,-0.023
18,96,0.618,0.689,-0.019
18,97,0.757,0.809,-0.012
18,98,0.898,0.923,-0.005
18,99,0.706,0.766,-0.014
19,10,0.818,0.86,-0.007
19,100,0.904,0.927,-0.005
19,101,0.872,0.903,-0.006
19,102,0.682,0.746,-0.016
19,103,0.97,0.978,0.001
19,104,0.767,0.818,-0.011
19,105,0.674,0.739,-0.016
19,106,0.805,0.849,-0.01
19,107,0.94,0.956,-0.003
19,108,0.925,0.943,0.004
19,109,0.746,0.801,-0.013
19,11,0.566,0.643,-0.018
19,110,0.731,0.788,-0.013
19,111,0.629,0.699,-0.019
19,112,0.618,0.69,-0.02
19,113,0.973,0.98,-0.001
19,114,0.859,0.893,-0.007
19,115,0.974,0.981,0.001
19,116,0.785,0.833,0.011
19,117,0.72,0.778,0.014
19,118,0.842,0.879,0.008
19,119,0.969,0.977,-0.002
19,12,0.687,0.751,-0.013
19,120,0.855,0.889,0.007
19,121,0.988,0.991,-0.001
19,122,0.966,0.975,0.002
19,123,0.889,0.916,-0.006
19,124,0.915,0.936,-0.004
19,125,0.979,0.984,0.001
19,126,0.978,0.984,0.001
19,127,0.833,0.872,0.009
19,128,0.975,0.982,-0.001
19,129,0.927,0.945,-0.004
19,13,0.53,0.609,-0.02
19,130,0.898,0.923,-0.005
19,131,0.868,0.899,0.007
19,132,0.986,0.989,-0.001
19,133,0.967,0.976,0.002
19,134,0.933,0.95,0.003
19,135,0.983,0.987,-0.001
19,136,0.989,0.992,0.001
19,137,0.987,0.99,-0.001
19,138,0.7,0.761,-0.016
19,139,0.943,0.958,-0.003
19,14,0.748,0.802,-0.01
19,140,0.977,0.983,-0.001
19,141,0.924,0.943,0.004
19,142,0.832,0.871,-0.009
19,143,0.816,0.858,-0.01
19,144,0.691,0.753,-0.016
19,145,0.666,0.732,-0.018
19,146,0.742,0.797,-0.013
19,147,0.849,0.884,-0.008
19,148,0.805,0.85,-0.01
19,149,0.822,0.863,-0.009
19,15,0.386,0.469,-0.027
19,150,0.941,0.956,-0.003
19,151,0.905,0.928,-0.005
19,152,0.815,0.857,-0.01
19,153,0.777,0.826,-0.012
19,154,0.882,0.911,0.006
19,155,0.816,0.858,-0.01
19,156,0.803,0.847,-0.01
19,157,0.74,0.796,-0.014
19,158,0.806,0.85,-0.01
19,159,0.71,0.77,-0.015
19,16,0.883,0.911,-0.005
19,160,0.836,0.874,-0.008
19,161,0.964,0.973,-0.002
19,162,0.654,0.722,-0.018
19,163,0.766,0.817,-0.012
19,164,0.994,0.996,-0.0
19,165,0.885,0.913,-0.006
19,166,0.794,0.84,-0.011
19,167,0.951,0.964,-0.002
19,168,0.947,0.96,0.003
19,169,0.922,0.941,-0.004
19,17,0.631,0.702,-0.015
19,170,0.948,0.961,-0.003
19,171,0.872,0.903,0.007
19,172,0.563,0.64,0.024
19,173,0.57,0.646,0.023
19,174,0.763,0.815,0.012
19,175,0.923,0.942,0.004
19,176,0.948,0.961,0.003
19,177,0.76,0.812,0.012
19,178,0.928,0.946,0.004
19,179,0.794,0.84,0.011
19,18,0.921,0.941,-0.003
19,180,0.856,0.89,0.007
19,181,0.853,0.887,0.008
19,182,0.666,0.733,0.018
19,183,0.613,0.685,0.021
19,184,0.631,0.702,0.02
19,185,0.592,0.666,0.022
19,186,0.565,0.642,0.024
19,187,0.596,0.67,0.022
19,188,0.555,0.633,0.024
19,189,0.432,0.515,0.032
19,19,0.515,0.595,-0.02
19,190,0.479,0.561,0.029
19,191,0.628,0.698,0.02
19,192,0.995,0.996,-0.0
19,193,0.915,0.936,0.004
19,194,0.863,0.895,0.007
19,195,0.987,0.991,0.001
19,196,0.891,0.917,0.006
19,197,0.811,0.854,0.01
19,198,0.899,0.924,0.005
19,199,0.945,0.959,-0.003
19,20,0.669,0.735,-0.013
19,200,0.959,0.97,0.002
19,201,0.786,0.833,-0.012
19,202,0.853,0.888,-0.008
19,203,0.966,0.975,0.002
19,204,0.927,0.946,-0.004
19,205,0.81,0.853,-0.01
19,206,0.624,0.695,-0.022
19,207,0.796,0.842,-0.011
19,208,0.847,0.883,-0.009
19,209,0.675,0.74,-0.019
19,21,0.834,0.872,-0.007
19,210,0.963,0.973,0.002
19,211,0.982,0.987,-0.001
19,212,0.803,0.848,-0.011
19,213,0.678,0.743,-0.019
19,214,0.756,0.808,-0.014
19,215,0.905,0.928,-0.006
19,216,0.856,0.89,-0.009
19,217,0.783,0.831,-0.013
19,218,0.613,0.686,-0.024
19,219,0.604,0.677,-0.025
19,22,0.578,0.654,-0.017
19,220,0.767,0.818,-0.014
19,221,0.552,0.63,-0.029
19,222,0.621,0.693,-0.024
19,223,0.662,0.729,-0.022
19,224,0.653,0.72,-0.023
19,225,0.802,0.847,-0.013
19,226,0.642,0.711,-0.024
19,227,0.778,0.827,-0.015
19,228,0.886,0.914,-0.008
19,229,0.93,0.948,-0.005
19,23,0.429,0.512,-0.025
19,230,0.943,0.957,-0.004
19,231,0.862,0.895,-0.009
19,232,0.853,0.888,-0.01
19,233,0.811,0.854,-0.013
19,234,0.912,0.934,-0.006
19,235,0.855,0.889,-0.01
19,236,0.884,0.912,-0.008
19,237,0.906,0.929,-0.007
19,238,0.931,0.949,-0.005
19,239,0.726,0.783,-0.021
19,24,0.553,0.631,-0.018
19,240,0.743,0.798,-0.019
19,241,0.762,0.813,-0.018
19,242,0.885,0.913,-0.009
19,243,0.825,0.865,-0.013
19,244,0.808,0.852,-0.015
19,245,0.867,0.899,-0.01
19,246,0.723,0.781,-0.022
19,247,0.856,0.89,-0.011
19,248,0.887,0.915,-0.009
19,249,0.981,0.986,-0.001
19,25,0.698,0.76,-0.012
19,250,0.964,0.973,0.003
19,251,0.975,0.981,-0.002
19,26,0.722,0.78,-0.011
19,27,0.621,0.693,-0.015
19,28,0.612,0.684,-0.016
19,29,0.798,0.844,-0.008
19,30,0.536,0.615,-0.019
19,31,0.603,0.677,-0.016
19,32,0.703,0.764,-0.012
19,33,0.973,0.98,-0.001
19,34,0.832,0.871,-0.007
19,35,0.647,0.715,-0.014
19,36,0.951,0.963,-0.002
19,37,0.584,0.659,-0.017
19,38,0.998,0.999,0.0
19,39,0.747,0.801,-0.01
19,40,0.773,0.823,-0.009
19,41,0.799,0.845,-0.008
19,42,0.725,0.783,-0.011
19,43,0.877,0.906,-0.005
19,44,0.844,0.88,0.006
19,45,0.972,0.979,-0.001
19,46,0.735,0.791,-0.011
19,47,0.904,0.928,-0.004
19,48,0.763,0.814,-0.01
19,49,0.55,0.628,-0.019
19,50,0.844,0.88,-0.006
19,51,0.819,0.86,0.007
19,52,0.659,0.726,-0.014
19,53,0.755,0.808,-0.01
19,54,0.742,0.797,0.011
19,55,0.948,0.961,-0.002
19,56,0.612,0.685,-0.017
19,57,0.942,0.957,-0.002
19,58,0.788,0.835,-0.009
19,59,0.667,0.733,-0.014
19,6,0.736,0.792,-0.011
19,60,0.971,0.979,-0.001
19,61,0.999,0.999,-0.0
19,62,0.81,0.853,-0.008
19,63,0.875,0.905,0.005
19,64,0.943,0.958,0.002
19,65,0.91,0.932,0.004
19,66,0.791,0.838,-0.009
19,67,0.985,0.989,-0.001
19,68,0.935,0.952,-0.003
19,69,0.921,0.941,-0.003
19,7,0.954,0.966,-0.002
19,70,0.886,0.913,-0.005
19,71,0.923,0.942,0.003
19,72,0.85,0.885,-0.007
19,73,0.952,0.964,-0.002
19,74,0.962,0.972,0.002
19,75,0.901,0.925,-0.004
19,76,0.976,0.982,-0.001
19,77,0.852,0.887,-0.007
19,78,0.952,0.964,0.002
19,79,0.879,0.908,-0.005
19,8,0.58,0.656,-0.018
19,80,0.551,0.629,-0.021
19,81,0.631,0.701,-0.017
19,82,0.832,0.871,-0.008
19,83,0.989,0.992,0.0
19,84,0.799,0.845,-0.009
19,85,0.783,0.831,-0.01
19,86,0.86,0.893,-0.006
19,87,0.858,0.891,-0.006
19,88,0.911,0.933,-0.004
19,89,0.833,0.871,-0.008
19,9,0.841,0.878,-0.007
19,90,0.766,0.817,-0.011
19,91,0.955,0.967,-0.002
19,92,0.662,0.729,-0.016
19,93,0.978,0.984,0.001
19,94,0.828,0.868,-0.008
19,95,0.929,0.947,-0.003
19,96,0.761,0.813,-0.011
19,97,0.978,0.984,-0.001
19,98,0.886,0.913,0.005
19,99,0.995,0.996,-0.0
2,10,0.224,0.297,-0.042
2,100,0.652,0.72,-0.016
2,101,0.826,0.866,-0.008
2,102,0.839,0.877,-0.007
2,103,0.942,0.957,-0.003
2,104,0.94,0.955,0.003
2,105,0.731,0.788,-0.013
2,106,0.852,0.887,-0.007
2,107,0.782,0.831,-0.01
2,108,0.932,0.949,-0.003
2,109,0.976,0.982,-0.001
2,11,0.376,0.459,-0.03
2,110,0.91,0.932,0.004
2,111,0.838,0.875,-0.008
2,112,0.765,0.817,-0.011
2,113,0.677,0.741,-0.016
2,114,0.713,0.773,-0.014
2,115,0.818,0.859,-0.009
2,116,0.809,0.853,-0.009
2,117,0.654,0.722,-0.017
2,118,0.714,0.774,-0.014
2,119,0.975,0.981,0.001
2,12,0.3,0.38,-0.034
2,120,0.911,0.933,0.004
2,121,0.634,0.704,0.018
2,122,0.857,0.891,0.007
2,123,0.925,0.944,0.004
2,124,0.876,0.906,0.006
2,125,0.843,0.879,0.008
2,126,0.728,0.786,0.013
2,127,0.719,0.778,0.014
2,128,0.707,0.767,0.015
2,129,0.63,0.701,0.019
2,13,0.281,0.359,-0.036
2,130,0.79,0.837,0.01
2,131,0.76,0.812,0.012
2,132,0.8,0.845,0.01
2,133,0.669,0.735,0.017
2,134,0.397,0.48,0.033
2,135,0.369,0.452,0.035
2,136,0.263,0.34,0.044
2,137,0.283,0.362,0.042
2,138,0.292,0.371,0.042
2,139,0.393,0.476,0.034
2,14,0.481,0.563,-0.023
2,140,0.39,0.473,0.034
2,141,0.38,0.463,0.035
2,142,0.443,0.526,0.031
2,143,0.366,0.449,0.036
2,144,0.419,0.503,0.032
2,145,0.473,0.555,0.029
2,146,0.453,0.535,0.03
2,147,0.366,0.449,0.036
2,148,0.303,0.383,0.042
2,149,0.291,0.37,0.043
2,15,0.47,0.553,-0.024
2,150,0.453,0.536,0.03
2,151,0.395,0.478,0.035
2,152,0.484,0.566,0.028
2,153,0.54,0.619,0.025
2,154,0.465,0.547,0.03
2,155,0.372,0.455,0.037
2,156,0.488,0.569,0.028
2,157,0.482,0.563,0.029
2,158,0.429,0.513,0.033
2,159,0.275,0.353,0.045
2,16,0.51,0.591,-0.021
2,160,0.341,0.423,0.039
2,161,0.264,0.341,0.046
2,162,0.315,0.395,0.042
2,163,0.313,0.393,0.042
2,164,0.322,0.403,0.042
2,165,0.374,0.456,0.037
2,166,0.381,0.464,0.037
2,167,0.422,0.505,0.034
2,168,0.522,0.602,0.027
2,169,0.56,0.637,0.025
2,17,0.479,0.561,-0.023
2,170,0.562,0.64,0.025
2,171,0.549,0.627,0.026
2,172,0.633,0.703,0.021
2,173,0.58,0.655,0.024
2,174,0.742,0.797,0.014
2,175,0.723,0.781,0.016
2,176,0.764,0.816,0.013
2,177,0.622,0.694,0.022
2,178,0.72,0.778,0.016
2,179,0.817,0.859,0.01
2,18,0.163,0.226,-0.045
2,180,0.87,0.901,0.007
2,181,0.965,0.974,-0.002
2,182,0.992,0.994,-0.0
2,183,0.948,0.961,0.003
2,184,0.776,0.826,0.013
2,185,0.852,0.887,0.009
2,186,0.833,0.872,0.01
2,187,0.895,0.92,0.006
2,188,0.956,0.967,0.003
2,189,0.695,0.757,0.018
2,19,0.446,0.529,-0.024
2,190,0.882,0.911,0.007
2,191,0.682,0.746,0.02
2,192,0.821,0.862,0.011
2,193,0.634,0.704,0.023
2,194,0.529,0.608,0.031
2,195,0.612,0.684,0.025
2,196,0.443,0.526,0.038
2,197,0.487,0.569,0.034
2,198,0.456,0.539,0.037
2,199,0.455,0.538,0.037
2,20,0.306,0.386,-0.033
2,200,0.504,0.585,0.033
2,201,0.336,0.417,0.048
2,202,0.615,0.687,0.025
2,203,0.559,0.637,0.03
2,204,0.573,0.65,0.029
2,205,0.557,0.634,0.03
2,206,0.329,0.411,0.05
2,207,0.469,0.551,0.037
2,208,0.441,0.524,0.04
2,209,0.297,0.376,0.054
2,21,0.368,0.451,-0.029
2,210,0.31,0.39,0.053
2,211,0.419,0.502,0.042
2,212,0.311,0.391,0.054
2,213,0.266,0.344,0.059
2,214,0.223,0.296,0.065
2,215,0.209,0.279,0.067
2,216,0.264,0.341,0.06
2,217,0.228,0.301,0.065
2,218,0.235,0.309,0.064
2,219,0.259,0.335,0.061
2,22,0.409,0.492,-0.026
2,220,0.267,0.344,0.06
2,221,0.299,0.378,0.057
2,222,0.239,0.313,0.064
2,223,0.209,0.279,0.069
2,224,0.24,0.315,0.065
2,225,0.428,0.511,0.044
2,226,0.33,0.412,0.054
2,227,0.297,0.377,0.058
2,228,0.253,0.329,0.064
2,229,0.229,0.302,0.067
2,23,0.186,0.254,-0.042
2,230,0.234,0.308,0.067
2,231,0.249,0.324,0.065
2,232,0.279,0.357,0.061
2,233,0.234,0.308,0.067
2,234,0.201,0.271,0.073
2,235,0.209,0.28,0.072
2,236,0.277,0.355,0.062
2,237,0.187,0.255,0.076
2,238,0.182,0.249,0.077
2,239,0.214,0.286,0.072
2,24,0.238,0.312,-0.038
2,240,0.255,0.331,0.066
2,241,0.312,0.392,0.059
2,242,0.268,0.345,0.065
2,243,0.184,0.251,0.079
2,244,0.406,0.49,0.05
2,245,0.362,0.445,0.055
2,246,0.307,0.387,0.062
2,247,0.536,0.615,0.038
2,248,0.531,0.611,0.039
2,249,0.509,0.59,0.042
2,25,0.263,0.34,-0.036
2,250,0.437,0.52,0.05
2,26,0.357,0.439,-0.029
2,27,0.351,0.434,-0.03
2,28,0.272,0.35,-0.035
2,29,0.169,0.234,-0.044
2,30,0.272,0.35,-0.035
2,31,0.137,0.195,-0.047
2,32,0.06,0.096,-0.06
2,33,0.154,0.215,-0.045
2,34,0.089,0.134,-0.054
2,35,0.167,0.231,-0.044
2,36,0.092,0.139,-0.053
2,37,0.11,0.162,-0.051
2,38,0.199,0.268,-0.041
2,39,0.208,0.279,-0.04
2,40,0.202,0.272,-0.04
2,41,0.148,0.208,-0.046
2,42,0.236,0.31,-0.038
2,43,0.283,0.362,-0.034
2,44,0.252,0.327,-0.037
2,45,0.177,0.242,-0.043
2,46,0.231,0.305,-0.038
2,47,0.292,0.371,-0.034
2,48,0.174,0.239,-0.044
2,49,0.196,0.265,-0.041
2,50,0.264,0.341,-0.036
2,51,0.205,0.276,-0.041
2,52,0.15,0.211,-0.046
2,53,0.211,0.282,-0.04
2,54,0.175,0.24,-0.044
2,55,0.159,0.222,-0.046
2,56,0.112,0.164,-0.052
2,57,0.198,0.267,-0.042
2,58,0.124,0.179,-0.05
2,59,0.266,0.343,-0.036
2,60,0.147,0.208,-0.047
2,61,0.247,0.322,-0.038
2,62,0.233,0.307,-0.039
2,63,0.136,0.194,-0.049
2,64,0.158,0.221,-0.047
2,65,0.221,0.293,-0.041
2,66,0.154,0.216,-0.047
2,67,0.178,0.243,-0.045
2,68,0.321,0.402,-0.033
2,69,0.263,0.34,-0.038
2,70,0.175,0.24,-0.046
2,71,0.41,0.493,-0.028
2,72,0.246,0.321,-0.039
2,73,0.332,0.414,-0.033
2,74,0.461,0.544,-0.025
2,75,0.488,0.57,-0.024
2,76,0.401,0.484,-0.029
2,77,0.495,0.576,-0.024
2,78,0.432,0.516,-0.027
2,79,0.629,0.7,-0.017
2,80,0.849,0.884,-0.007
2,81,0.515,0.596,-0.023
2,82,0.676,0.741,-0.015
2,83,0.797,0.843,-0.009
2,84,0.827,0.867,-0.008
2,85,0.654,0.722,-0.016
2,86,0.622,0.693,-0.017
2,87,0.739,0.794,-0.012
2,88,0.924,0.943,-0.003
2,89,0.852,0.887,-0.007
2,9,0.149,0.209,-0.05
2,90,0.73,0.787,-0.012
2,91,0.759,0.812,-0.011
2,92,0.678,0.742,-0.015
2,93,0.843,0.88,-0.007
2,94,0.666,0.732,-0.015
2,95,0.491,0.572,-0.025
2,96,0.458,0.541,-0.027
2,97,0.616,0.688,-0.018
2,98,0.6,0.674,-0.019
2,99,0.698,0.759,-0.014
20,10,0.822,0.863,-0.007
20,100,0.806,0.85,-0.009
20,101,0.85,0.885,-0.007
20,102,0.917,0.938,-0.004
20,103,0.973,0.98,0.001
20,104,0.89,0.917,0.005
20,105,0.881,0.91,0.006
20,106,0.707,0.767,0.015
20,107,0.827,0.867,0.009
20,108,0.883,0.911,0.006
20,109,0.972,0.979,0.001
20,11,0.833,0.871,-0.007
20,110,0.965,0.974,0.002
20,111,0.839,0.876,0.008
20,112,0.761,0.813,0.012
20,113,0.625,0.696,0.019
20,114,0.691,0.754,0.016
20,115,0.581,0.656,0.022
20,116,0.873,0.904,0.006
20,117,0.872,0.903,0.006
20,118,0.647,0.716,0.018
20,119,0.802,0.846,0.01
20,12,0.773,0.823,0.009
20,120,0.897,0.922,0.005
20,121,0.768,0.819,0.012
20,122,0.817,0.859,0.009
20,123,0.816,0.858,0.009
20,124,0.885,0.913,0.006
20,125,0.869,0.9,0.007
20,126,0.891,0.918,0.006
20,127,0.939,0.955,0.003
20,128,0.768,0.819,0.012
20,129,0.738,0.793,0.014
20,13,0.668,0.734,-0.014
20,130,0.736,0.792,0.014
20,131,0.972,0.979,0.001
20,132,0.985,0.989,0.001
20,133,0.911,0.933,-0.005
20,134,0.931,0.948,0.004
20,135,0.922,0.941,0.004
20,136,0.93,0.947,0.004
20,137,0.931,0.948,0.004
20,138,0.686,0.75,0.017
20,139,0.956,0.967,-0.002
20,14,0.853,0.888,-0.006
20,140,0.911,0.933,0.005
20,141,0.832,0.871,0.009
20,142,0.983,0.988,-0.001
20,143,0.998,0.999,-0.0
20,144,0.975,0.981,0.001
20,145,0.954,0.965,-0.002
20,146,0.893,0.919,-0.006
20,147,0.884,0.912,-0.006
20,148,0.907,0.93,0.005
20,149,0.978,0.984,0.001
20,15,0.885,0.913,-0.005
20,150,0.967,0.976,-0.002
20,151,0.87,0.901,0.007
20,152,0.838,0.875,-0.008
20,153,0.852,0.887,-0.008
20,154,0.747,0.801,-0.013
20,155,0.826,0.866,-0.009
20,156,0.74,0.796,-0.014
20,157,0.874,0.904,-0.007
20,158,0.907,0.93,-0.005
20,159,0.943,0.957,-0.003
20,16,0.739,0.794,-0.01
20,160,0.947,0.961,-0.003
20,161,0.63,0.7,0.02
20,162,0.609,0.682,0.021
20,163,0.738,0.794,0.014
20,164,0.691,0.754,0.016
20,165,0.999,1.0,0.0
20,166,0.892,0.918,0.006
20,167,0.847,0.883,-0.008
20,168,0.935,0.951,-0.003
20,169,0.954,0.966,0.002
20,17,0.756,0.809,-0.01
20,170,0.884,0.912,0.006
20,171,0.908,0.931,0.005
20,172,0.794,0.84,0.011
20,173,0.768,0.819,0.012
20,174,0.843,0.88,0.008
20,175,0.812,0.855,0.01
20,176,0.966,0.975,0.002
20,177,0.708,0.768,0.015
20,178,0.783,0.831,0.011
20,179,0.64,0.71,0.019
20,18,0.443,0.526,-0.024
20,180,0.934,0.951,0.003
20,181,0.89,0.917,0.006
20,182,0.781,0.83,0.011
20,183,0.95,0.963,-0.003
20,184,0.994,0.996,0.0
20,185,0.997,0.998,0.0
20,186,0.858,0.892,0.007
20,187,0.862,0.895,-0.007
20,188,0.853,0.888,-0.008
20,189,0.941,0.956,-0.003
20,19,0.801,0.846,-0.008
20,190,0.864,0.896,-0.007
20,191,0.797,0.843,-0.011
20,192,0.732,0.789,-0.014
20,193,0.729,0.786,-0.014
20,194,0.75,0.804,-0.013
20,195,0.719,0.778,-0.015
20,196,0.627,0.698,-0.02
20,197,0.679,0.744,-0.017
20,198,0.767,0.818,-0.012
20,199,0.705,0.766,-0.016
20,20,0.81,0.853,-0.008
20,200,0.564,0.641,-0.024
20,201,0.857,0.891,-0.008
20,202,0.649,0.717,-0.019
20,203,0.884,0.912,-0.006
20,204,0.723,0.781,-0.015
20,205,0.697,0.759,-0.017
20,206,0.733,0.79,-0.015
20,207,0.744,0.799,-0.014
20,208,0.734,0.79,-0.015
20,209,0.618,0.69,-0.022
20,21,0.617,0.689,-0.016
20,210,0.844,0.88,-0.009
20,211,0.776,0.826,-0.013
20,212,0.777,0.827,-0.013
20,213,0.491,0.573,-0.031
20,214,0.585,0.66,-0.025
20,215,0.728,0.785,-0.016
20,216,0.748,0.802,-0.015
20,217,0.861,0.894,-0.008
20,218,0.749,0.803,-0.015
20,219,0.703,0.764,-0.018
20,22,0.792,0.839,-0.008
20,220,0.571,0.647,-0.027
20,221,0.482,0.564,-0.034
20,222,0.523,0.603,-0.031
20,223,0.569,0.645,-0.028
20,224,0.725,0.783,-0.018
20,225,0.662,0.728,-0.022
20,226,0.776,0.825,-0.015
20,227,0.483,0.565,-0.036
20,228,0.705,0.766,-0.02
20,229,0.697,0.759,-0.02
20,23,0.865,0.897,-0.005
20,230,0.785,0.833,-0.014
20,231,0.583,0.658,-0.029
20,232,0.748,0.802,-0.017
20,233,0.693,0.755,-0.022
20,234,0.834,0.873,-0.012
20,235,0.913,0.935,-0.006
20,236,0.892,0.918,-0.008
20,237,0.962,0.972,-0.003
20,238,0.909,0.931,-0.007
20,239,0.761,0.813,-0.018
20,24,0.841,0.878,-0.006
20,240,0.88,0.909,-0.009
20,241,0.912,0.934,-0.007
20,242,0.984,0.988,0.001
20,243,0.883,0.911,-0.009
20,244,0.832,0.871,-0.013
20,245,0.898,0.923,-0.008
20,246,0.839,0.876,-0.013
20,247,0.908,0.931,-0.007
20,248,0.813,0.856,-0.015
20,249,0.856,0.89,-0.012
20,25,0.959,0.969,-0.002
20,250,0.892,0.918,-0.009
20,251,0.819,0.86,-0.015
20,26,0.864,0.896,-0.005
20,27,0.99,0.993,-0.0
20,28,0.966,0.975,0.001
20,29,0.663,0.729,0.014
20,30,0.956,0.968,0.002
20,31,0.879,0.908,-0.005
20,32,0.914,0.936,-0.003
20,33,0.838,0.876,0.006
20,34,0.869,0.9,0.005
20,35,0.903,0.927,0.004
20,36,0.836,0.874,0.007
20,37,0.983,0.988,-0.001
20,38,0.762,0.813,0.01
20,39,0.985,0.989,-0.001
20,40,0.921,0.941,-0.003
20,41,0.821,0.862,-0.007
20,42,0.698,0.76,0.012
20,43,0.758,0.811,0.01
20,44,0.898,0.923,0.004
20,45,0.924,0.943,0.003
20,46,0.755,0.808,0.01
20,47,0.962,0.972,0.002
20,48,0.651,0.719,0.015
20,49,0.746,0.8,0.011
20,50,0.786,0.834,0.009
20,51,0.998,0.998,0.0
20,52,0.825,0.865,0.007
20,53,0.786,0.834,0.009
20,54,0.903,0.927,-0.004
20,55,0.881,0.91,-0.005
20,56,0.652,0.72,0.015
20,57,0.442,0.525,0.025
20,58,0.869,0.9,0.005
20,59,0.967,0.975,0.001
20,6,0.688,0.751,-0.013
20,60,0.955,0.966,-0.002
20,61,0.763,0.815,0.01
20,62,0.925,0.944,0.003
20,63,0.784,0.832,0.009
20,64,0.836,0.874,0.007
20,65,0.974,0.981,0.001
20,66,0.758,0.811,0.01
20,67,0.654,0.721,0.015
20,68,0.696,0.758,0.013
20,69,0.583,0.659,0.019
20,7,0.926,0.945,-0.003
20,70,0.834,0.873,0.007
20,71,0.941,0.956,0.003
20,72,0.749,0.803,0.011
20,73,0.885,0.913,0.005
20,74,0.82,0.861,-0.008
20,75,0.903,0.926,0.004
20,76,0.952,0.964,-0.002
20,77,0.896,0.921,0.005
20,78,0.839,0.877,-0.007
20,79,0.989,0.992,-0.0
20,8,0.946,0.96,0.002
20,80,0.729,0.786,0.012
20,81,0.747,0.801,0.012
20,82,0.92,0.94,0.004
20,83,0.903,0.927,0.004
20,84,0.762,0.814,0.011
20,85,0.949,0.962,0.002
20,86,0.852,0.886,-0.007
20,87,0.734,0.79,0.012
20,88,0.768,0.819,0.011
20,89,0.783,0.831,0.01
20,9,0.882,0.911,-0.005
20,90,0.912,0.934,-0.004
20,91,0.717,0.776,0.013
20,92,0.777,0.826,0.01
20,93,0.885,0.913,-0.005
20,94,0.919,0.939,-0.004
20,95,0.846,0.882,0.007
20,96,0.987,0.99,0.001
20,97,0.919,0.939,0.004
20,98,0.951,0.964,0.002
20,99,0.93,0.948,-0.003
21,10,0.988,0.991,-0.0
21,100,0.981,0.986,0.001
21,101,0.739,0.794,-0.013
21,102,0.67,0.735,-0.017
21,103,0.733,0.789,-0.013
21,104,0.832,0.871,-0.008
21,105,0.924,0.943,-0.004
21,106,0.744,0.799,-0.013
21,107,0.893,0.919,0.005
21,108,0.995,0.997,0.0
21,109,0.822,0.863,-0.009
21,11,0.486,0.568,0.022
21,110,0.941,0.956,-0.003
21,111,0.883,0.911,-0.006
21,112,0.836,0.874,-0.008
21,113,0.718,0.777,-0.014
21,114,0.895,0.921,-0.005
21,115,0.829,0.868,-0.009
21,116,0.829,0.868,-0.009
21,117,0.882,0.911,0.006
21,118,0.791,0.838,-0.011
21,119,0.859,0.893,-0.007
21,12,0.721,0.78,0.011
21,120,0.671,0.737,-0.017
21,121,0.851,0.886,-0.008
21,122,0.865,0.897,-0.007
21,123,0.912,0.934,0.005
21,124,0.904,0.928,0.005
21,125,0.715,0.774,0.015
21,126,0.789,0.836,0.011
21,127,0.817,0.859,0.01
21,128,0.846,0.882,0.008
21,129,0.721,0.779,0.015
21,13,0.432,0.515,0.025
21,130,0.792,0.839,0.011
21,131,0.846,0.882,0.008
21,132,0.793,0.84,0.011
21,133,0.788,0.835,0.011
21,134,0.995,0.996,-0.0
21,135,0.918,0.938,0.004
21,136,0.937,0.953,-0.003
21,137,0.862,0.894,0.007
21,138,0.912,0.934,0.005
21,139,0.854,0.888,0.008
21,14,0.875,0.905,-0.005
21,140,0.816,0.858,-0.01
21,141,0.79,0.837,-0.011
21,142,0.975,0.981,-0.001
21,143,0.952,0.964,-0.003
21,144,0.951,0.964,0.003
21,145,0.953,0.965,0.002
21,146,0.973,0.98,-0.001
21,147,0.957,0.968,-0.002
21,148,0.749,0.803,0.013
21,149,0.82,0.861,0.01
21,15,0.913,0.935,-0.003
21,150,0.726,0.783,0.015
21,151,0.934,0.951,0.003
21,152,0.942,0.957,0.003
21,153,0.898,0.923,0.005
21,154,0.849,0.884,-0.008
21,155,0.844,0.88,-0.008
21,156,0.918,0.939,-0.004
21,157,0.965,0.974,-0.002
21,158,0.956,0.967,-0.002
21,159,0.942,0.957,-0.003
21,16,0.827,0.867,0.007
21,160,0.815,0.858,-0.01
21,161,0.934,0.951,-0.003
21,162,0.797,0.843,0.011
21,163,0.989,0.992,0.001
21,164,0.717,0.776,0.015
21,165,0.871,0.902,0.007
21,166,0.972,0.979,0.001
21,167,0.9,0.924,0.005
21,168,0.764,0.816,0.012
21,169,0.838,0.876,0.009
21,17,0.909,0.931,0.004
21,170,0.891,0.918,-0.006
21,171,0.999,0.999,0.0
21,172,0.978,0.984,0.001
21,173,0.996,0.997,0.0
21,174,0.992,0.994,0.0
21,175,0.865,0.897,0.007
21,176,0.84,0.877,0.008
21,177,0.967,0.975,-0.002
21,178,0.935,0.952,-0.003
21,179,0.96,0.97,0.002
21,18,0.959,0.97,0.002
21,180,0.847,0.883,0.008
21,181,0.986,0.99,-0.001
21,182,0.968,0.976,0.002
21,183,0.98,0.985,-0.001
21,184,0.982,0.987,-0.001
21,185,0.746,0.801,0.013
21,186,0.751,0.805,0.013
21,187,0.888,0.915,-0.006
21,188,0.948,0.961,0.003
21,189,0.915,0.936,-0.004
21,19,0.662,0.728,-0.014
21,190,0.932,0.949,-0.004
21,191,0.815,0.857,-0.01
21,192,0.928,0.946,-0.004
21,193,0.783,0.831,-0.011
21,194,0.892,0.918,-0.006
21,195,0.916,0.937,-0.004
21,196,0.963,0.973,0.002
21,197,0.814,0.856,-0.01
21,198,0.965,0.974,-0.002
21,199,0.983,0.988,0.001
21,20,0.875,0.905,0.005
21,200,0.935,0.951,0.003
21,201,0.879,0.908,0.006
21,202,0.919,0.939,-0.004
21,203,0.955,0.966,-0.002
21,204,0.874,0.904,-0.007
21,205,0.65,0.718,-0.019
21,206,0.978,0.984,-0.001
21,207,0.939,0.955,-0.003
21,208,0.787,0.834,-0.012
21,209,0.787,0.834,-0.012
21,21,0.813,0.855,-0.007
21,210,0.673,0.738,-0.019
21,211,0.71,0.77,-0.017
21,212,0.568,0.644,-0.026
21,213,0.632,0.702,-0.022
21,214,0.667,0.733,-0.02
21,215,0.675,0.74,-0.019
21,216,0.7,0.761,-0.018
21,217,0.634,0.704,-0.022
21,218,0.608,0.681,-0.024
21,219,0.549,0.627,-0.028
21,22,0.972,0.979,0.001
21,220,0.759,0.811,-0.015
21,221,0.822,0.863,-0.011
21,222,0.99,0.993,-0.001
21,223,0.973,0.98,-0.002
21,224,0.743,0.798,-0.016
21,225,0.782,0.83,-0.014
21,226,0.848,0.884,-0.01
21,227,0.878,0.908,-0.008
21,228,0.802,0.847,-0.013
21,229,0.814,0.857,-0.012
21,23,0.791,0.838,-0.008
21,230,0.955,0.967,-0.003
21,231,0.888,0.915,0.007
21,232,0.902,0.926,-0.007
21,233,0.802,0.846,-0.014
21,234,0.747,0.802,-0.018
21,235,0.753,0.806,-0.017
21,236,0.58,0.656,-0.031
21,237,0.708,0.768,-0.021
21,238,0.608,0.68,-0.029
21,239,0.615,0.688,-0.029
21,24,0.838,0.876,-0.006
21,240,0.544,0.623,-0.035
21,241,0.472,0.555,-0.042
21,242,0.559,0.637,-0.035
21,243,0.571,0.647,-0.034
21,244,0.694,0.757,-0.024
21,245,0.679,0.744,-0.025
21,246,0.69,0.753,-0.025
21,247,0.384,0.467,-0.055
21,248,0.521,0.601,-0.041
21,249,0.512,0.593,-0.042
21,25,0.46,0.543,-0.023
21,250,0.677,0.742,-0.027
21,251,0.589,0.664,-0.036
21,26,0.62,0.692,-0.016
21,27,0.709,0.769,-0.012
21,28,0.988,0.991,-0.0
21,29,0.611,0.683,-0.016
21,30,0.995,0.997,-0.0
21,31,0.773,0.823,-0.009
21,32,0.907,0.93,-0.004
21,33,0.714,0.774,-0.011
21,34,0.874,0.904,0.005
21,35,0.921,0.941,-0.003
21,36,0.938,0.954,-0.002
21,37,0.658,0.725,-0.014
21,38,0.814,0.856,-0.007
21,39,0.797,0.843,-0.008
21,40,0.617,0.689,-0.016
21,41,0.883,0.911,-0.005
21,42,0.845,0.881,-0.006
21,43,0.768,0.819,-0.01
21,44,0.831,0.87,-0.007
21,45,0.783,0.831,-0.009
21,46,0.915,0.936,-0.003
21,47,0.877,0.907,-0.005
21,48,0.805,0.849,-0.008
21,49,0.784,0.832,-0.009
21,50,0.735,0.792,0.011
21,51,0.889,0.916,-0.005
21,52,0.827,0.867,-0.007
21,53,0.753,0.806,-0.01
21,54,0.812,0.855,-0.008
21,55,0.933,0.95,0.003
21,56,0.924,0.943,-0.003
21,57,0.93,0.948,0.003
21,58,0.964,0.973,0.002
21,59,0.686,0.749,0.014
21,6,0.536,0.615,0.02
21,60,0.929,0.947,-0.003
21,61,0.833,0.872,0.007
21,62,1.0,1.0,0.0
21,63,0.751,0.805,0.011
21,64,0.917,0.938,0.004
21,65,0.366,0.449,0.031
21,66,0.512,0.592,0.022
21,67,0.589,0.664,0.018
21,68,0.749,0.803,0.011
21,69,0.773,0.823,0.01
21,7,0.489,0.57,0.022
21,70,0.833,0.872,0.007
21,71,0.738,0.794,0.012
21,72,0.586,0.661,0.019
21,73,0.99,0.992,-0.0
21,74,0.797,0.842,0.009
21,75,0.95,0.963,0.002
21,76,0.659,0.726,0.016
21,77,0.897,0.922,0.005
21,78,0.968,0.976,0.001
21,79,0.969,0.977,-0.001
21,8,0.603,0.676,0.017
21,80,0.906,0.929,0.004
21,81,0.899,0.924,0.005
21,82,0.951,0.964,-0.002
21,83,0.856,0.89,0.007
21,84,0.897,0.922,-0.005
21,85,0.568,0.645,0.021
21,86,0.965,0.974,0.002
21,87,0.914,0.935,0.004
21,88,0.756,0.809,-0.011
21,89,0.917,0.937,0.004
21,9,0.992,0.994,0.0
21,90,0.838,0.876,-0.008
21,91,0.949,0.962,0.002
21,92,0.976,0.983,0.001
21,93,0.995,0.997,-0.0
21,94,0.842,0.879,-0.008
21,95,0.978,0.984,-0.001
21,96,0.884,0.912,0.006
21,97,0.85,0.886,-0.007
21,98,0.893,0.919,0.005
21,99,0.93,0.948,0.003
22,10,0.747,0.802,0.01
22,100,0.86,0.893,0.007
22,101,0.852,0.887,0.007
22,102,0.79,0.837,0.01
22,103,0.948,0.961,0.003
22,104,0.772,0.823,0.011
22,105,0.899,0.924,0.005
22,106,0.756,0.809,0.012
22,107,0.942,0.957,0.003
22,108,0.665,0.732,0.017
22,109,0.9,0.925,0.005
22,11,0.685,0.749,0.013
22,110,0.894,0.92,-0.005
22,111,0.909,0.932,0.005
22,112,0.904,0.927,0.005
22,113,0.832,0.871,0.009
22,114,0.816,0.858,0.009
22,115,0.977,0.983,0.001
22,116,0.969,0.977,0.002
22,117,0.788,0.835,0.011
22,118,0.915,0.936,0.004
22,119,0.916,0.937,0.004
22,12,0.829,0.869,0.007
22,120,0.9,0.924,0.005
22,121,0.968,0.977,-0.002
22,122,0.995,0.996,0.0
22,123,0.945,0.959,0.003
22,124,0.654,0.722,0.019
22,125,0.635,0.705,0.02
22,126,0.857,0.891,0.008
22,127,0.757,0.81,0.013
22,128,0.711,0.771,0.016
22,129,0.702,0.763,0.016
22,13,0.903,0.927,-0.004
22,130,0.878,0.907,0.006
22,131,0.807,0.851,0.01
22,132,0.835,0.874,0.009
22,133,0.949,0.962,0.003
22,134,0.823,0.864,-0.009
22,135,0.887,0.914,-0.006
22,136,0.937,0.953,0.003
22,137,0.821,0.862,0.01
22,138,0.865,0.897,0.007
22,139,0.781,0.83,0.012
22,14,0.909,0.932,0.004
22,140,0.897,0.922,-0.005
22,141,0.807,0.851,-0.01
22,142,0.78,0.828,-0.012
22,143,0.542,0.621,-0.026
22,144,0.7,0.762,-0.016
22,145,0.953,0.965,-0.002
22,146,0.755,0.808,-0.013
22,147,0.516,0.596,-0.027
22,148,0.558,0.635,-0.025
22,149,0.672,0.737,-0.018
22,15,0.796,0.842,0.008
22,150,0.652,0.72,-0.019
22,151,0.619,0.69,-0.021
22,152,0.53,0.609,-0.026
22,153,0.643,0.712,-0.019
22,154,0.791,0.838,-0.011
22,155,0.653,0.721,-0.019
22,156,0.961,0.971,-0.002
22,157,0.879,0.908,-0.006
22,158,0.925,0.943,-0.004
22,159,0.834,0.873,-0.009
22,16,0.945,0.959,-0.002
22,160,0.993,0.994,0.0
22,161,0.934,0.95,0.003
22,162,0.985,0.989,-0.001
22,163,0.865,0.897,0.007
22,164,0.892,0.918,0.006
22,165,0.992,0.994,-0.0
22,166,0.968,0.976,-0.002
22,167,0.899,0.923,0.005
22,168,0.94,0.955,0.003
22,169,0.923,0.942,0.004
22,17,0.824,0.864,0.007
22,170,0.932,0.949,-0.004
22,171,0.861,0.894,-0.007
22,172,0.936,0.952,-0.003
22,173,0.853,0.888,-0.008
22,174,0.898,0.923,0.005
22,175,0.897,0.922,0.005
22,176,0.869,0.9,0.007
22,177,0.837,0.875,0.009
22,178,0.702,0.763,0.016
22,179,0.917,0.938,0.004
22,18,0.76,0.813,-0.01
22,180,0.798,0.843,0.011
22,181,0.763,0.815,0.012
22,182,0.831,0.87,0.009
22,183,0.903,0.927,-0.005
22,184,0.955,0.967,0.002
22,185,0.859,0.892,0.007
22,186,0.776,0.825,0.012
22,187,0.893,0.919,-0.006
22,188,0.751,0.805,-0.013
22,189,0.91,0.932,-0.005
22,19,0.792,0.838,0.008
22,190,0.842,0.879,-0.008
22,191,0.794,0.84,-0.011
22,192,0.676,0.741,-0.017
22,193,0.911,0.933,-0.005
22,194,0.781,0.83,-0.012
22,195,0.565,0.642,-0.024
22,196,0.691,0.754,-0.017
22,197,0.678,0.743,-0.017
22,198,0.677,0.742,-0.017
22,199,0.9,0.925,-0.005
22,20,0.998,0.998,-0.0
22,200,0.551,0.629,-0.025
22,201,0.776,0.825,-0.012
22,202,0.903,0.927,-0.005
22,203,0.751,0.805,-0.013
22,204,0.917,0.938,-0.004
22,205,0.761,0.813,-0.013
22,206,0.76,0.812,-0.013
22,207,0.993,0.995,0.0
22,208,0.712,0.772,-0.016
22,209,0.71,0.77,-0.016
22,21,0.691,0.753,-0.012
22,210,0.814,0.857,-0.01
22,211,0.618,0.69,-0.022
22,212,0.771,0.822,-0.013
22,213,0.757,0.809,-0.014
22,214,0.739,0.795,-0.015
22,215,0.863,0.896,-0.008
22,216,0.826,0.866,-0.01
22,217,0.828,0.868,-0.01
22,218,0.803,0.848,-0.012
22,219,0.714,0.773,-0.017
22,22,0.901,0.925,-0.004
22,220,0.732,0.788,-0.016
22,221,0.63,0.701,-0.023
22,222,0.698,0.76,-0.019
22,223,0.703,0.764,-0.018
22,224,0.945,0.959,-0.003
22,225,0.859,0.892,-0.009
22,226,0.968,0.976,-0.002
22,227,0.83,0.869,-0.011
22,228,0.988,0.991,0.001
22,229,0.963,0.973,0.002
22,23,0.727,0.785,-0.011
22,230,0.957,0.968,0.003
22,231,0.847,0.883,0.01
22,232,0.93,0.948,0.005
22,233,0.981,0.986,0.001
22,234,0.941,0.956,0.004
22,235,0.986,0.989,0.001
22,236,0.975,0.981,0.002
22,237,0.892,0.918,0.008
22,238,0.825,0.865,-0.012
22,239,0.893,0.919,-0.008
22,24,0.873,0.904,0.005
22,240,0.991,0.993,-0.001
22,241,0.653,0.721,-0.026
22,242,0.83,0.869,-0.013
22,243,0.927,0.945,-0.005
22,244,0.877,0.906,-0.009
22,245,0.852,0.887,-0.012
22,246,0.812,0.855,-0.015
22,247,0.89,0.917,-0.009
22,248,0.968,0.976,-0.003
22,249,0.929,0.947,0.006
22,25,0.702,0.763,0.012
22,250,0.86,0.893,-0.011
22,251,0.926,0.945,-0.006
22,26,0.976,0.983,-0.001
22,27,0.746,0.8,-0.01
22,28,0.846,0.882,-0.006
22,29,0.827,0.867,-0.007
22,30,0.878,0.907,0.005
22,31,0.943,0.958,-0.002
22,32,0.963,0.972,0.001
22,33,0.962,0.972,0.002
22,34,0.968,0.976,0.001
22,35,0.796,0.842,0.008
22,36,0.888,0.915,-0.004
22,37,0.957,0.968,0.002
22,38,0.955,0.967,0.002
22,39,0.934,0.95,-0.003
22,40,0.872,0.902,0.005
22,41,0.818,0.86,0.007
22,42,0.744,0.799,0.011
22,43,0.855,0.889,0.006
22,44,0.652,0.72,-0.015
22,45,0.95,0.962,0.002
22,46,0.839,0.876,-0.007
22,47,0.837,0.875,-0.007
22,48,0.882,0.911,0.005
22,49,0.817,0.859,-0.008
22,50,0.582,0.657,-0.018
22,51,0.831,0.87,-0.007
22,52,0.861,0.894,-0.006
22,53,0.962,0.972,0.002
22,54,0.839,0.877,-0.007
22,55,0.99,0.992,0.0
22,56,0.755,0.808,0.01
22,57,0.914,0.935,0.004
22,58,0.899,0.924,-0.004
22,59,0.673,0.738,0.014
22,6,0.602,0.675,0.017
22,60,0.629,0.7,0.016
22,61,0.64,0.709,0.016
22,62,0.887,0.914,0.005
22,63,0.417,0.5,0.028
22,64,0.462,0.544,0.025
22,65,0.524,0.603,0.022
22,66,0.546,0.624,0.021
22,67,0.481,0.562,0.024
22,68,0.53,0.609,0.022
22,69,0.734,0.791,0.012
22,7,0.796,0.842,0.008
22,70,0.594,0.669,0.019
22,71,0.455,0.538,0.026
22,72,0.653,0.72,0.016
22,73,0.515,0.596,0.023
22,74,0.877,0.907,0.005
22,75,0.675,0.74,0.015
22,76,0.627,0.698,0.017
22,77,0.661,0.728,0.016
22,78,0.903,0.927,0.004
22,79,0.739,0.795,0.012
22,8,0.54,0.619,0.02
22,80,0.576,0.652,0.02
22,81,0.771,0.821,0.011
22,82,0.827,0.867,0.008
22,83,0.817,0.859,0.009
22,84,0.763,0.815,0.011
22,85,0.667,0.733,0.016
22,86,0.627,0.698,0.018
22,87,0.591,0.665,0.02
22,88,0.762,0.814,0.011
22,89,0.829,0.868,0.008
22,9,0.852,0.887,0.006
22,90,0.882,0.91,0.006
22,91,0.884,0.912,0.005
22,92,0.639,0.709,0.018
22,93,0.81,0.854,0.009
22,94,0.669,0.735,0.016
22,95,0.908,0.931,-0.004
22,96,0.978,0.984,-0.001
22,97,0.965,0.974,0.002
22,98,0.993,0.995,0.0
22,99,0.913,0.935,0.004
23,10,0.536,0.615,0.02
23,100,0.807,0.851,0.01
23,101,0.851,0.886,0.007
23,102,0.635,0.705,0.019
23,103,0.864,0.897,0.007
23,104,0.717,0.776,0.014
23,105,0.655,0.722,0.018
23,106,0.961,0.971,0.002
23,107,0.869,0.9,0.007
23,108,0.737,0.793,0.014
23,109,0.621,0.693,0.02
23,11,0.215,0.287,0.04
23,110,0.779,0.828,0.011
23,111,0.878,0.907,0.006
23,112,0.648,0.717,0.019
23,113,0.64,0.709,0.019
23,114,0.849,0.884,0.008
23,115,0.993,0.995,-0.0
23,116,0.908,0.931,0.005
23,117,0.928,0.946,0.004
23,118,0.848,0.884,0.008
23,119,0.965,0.974,0.002
23,12,0.725,0.783,0.011
23,120,0.994,0.996,0.0
23,121,0.914,0.935,0.005
23,122,0.776,0.826,0.012
23,123,0.815,0.858,0.01
23,124,0.889,0.916,0.006
23,125,0.676,0.741,0.018
23,126,0.823,0.864,0.009
23,127,0.714,0.773,0.015
23,128,0.896,0.921,0.006
23,129,0.697,0.759,0.016
23,13,0.406,0.489,0.027
23,130,0.639,0.709,0.02
23,131,0.631,0.702,0.02
23,132,0.658,0.725,0.019
23,133,0.706,0.766,0.016
23,134,0.695,0.757,0.017
23,135,0.723,0.781,0.015
23,136,0.74,0.796,0.014
23,137,0.571,0.647,0.024
23,138,0.775,0.824,0.012
23,139,0.747,0.801,0.014
23,14,0.753,0.807,0.01
23,140,0.958,0.969,0.002
23,141,0.978,0.984,0.001
23,142,0.89,0.917,0.006
23,143,0.939,0.954,-0.003
23,144,0.903,0.927,0.005
23,145,0.992,0.994,-0.0
23,146,0.636,0.706,-0.02
23,147,0.75,0.804,-0.014
23,148,0.696,0.758,-0.017
23,149,0.689,0.752,-0.017
23,15,0.779,0.828,0.009
23,150,0.65,0.718,-0.019
23,151,0.744,0.798,-0.014
23,152,0.499,0.58,-0.029
23,153,0.646,0.714,-0.019
23,154,0.626,0.697,-0.021
23,155,0.579,0.655,-0.023
23,156,0.674,0.739,-0.018
23,157,0.625,0.696,-0.021
23,158,0.642,0.711,-0.02
23,159,0.824,0.864,-0.009
23,16,0.573,0.649,0.018
23,160,0.792,0.839,-0.011
23,161,0.985,0.989,0.001
23,162,0.967,0.976,0.002
23,163,0.876,0.906,-0.007
23,164,0.935,0.952,-0.003
23,165,0.877,0.907,-0.006
23,166,0.956,0.968,-0.002
23,167,0.801,0.846,0.011
23,168,0.747,0.801,0.014
23,169,0.966,0.974,0.002
23,17,0.821,0.862,0.007
23,170,0.886,0.913,0.006
23,171,0.876,0.906,0.007
23,172,0.919,0.94,0.004
23,173,0.854,0.888,0.008
23,174,0.932,0.949,0.004
23,175,0.998,0.998,-0.0
23,176,0.99,0.992,-0.001
23,177,0.973,0.98,0.001
23,178,0.846,0.882,-0.008
23,179,0.886,0.914,-0.006
23,18,0.486,0.568,0.022
23,180,0.958,0.969,0.002
23,181,0.812,0.855,0.01
23,182,0.788,0.835,-0.011
23,183,0.813,0.856,-0.01
23,184,0.751,0.805,-0.013
23,185,0.876,0.906,-0.006
23,186,0.744,0.798,-0.014
23,187,0.992,0.994,0.0
23,188,0.897,0.922,-0.005
23,189,0.662,0.729,-0.018
23,19,0.741,0.797,-0.01
23,190,0.41,0.493,-0.034
23,191,0.521,0.6,-0.027
23,192,0.802,0.847,-0.01
23,193,0.633,0.703,-0.02
23,194,0.657,0.725,-0.018
23,195,0.585,0.66,-0.023
23,196,0.604,0.677,-0.022
23,197,0.756,0.809,-0.013
23,198,0.775,0.824,-0.012
23,199,0.943,0.957,-0.003
23,20,0.861,0.894,-0.005
23,200,0.633,0.703,-0.02
23,201,0.771,0.821,-0.012
23,202,0.831,0.87,-0.009
23,203,0.608,0.681,-0.022
23,204,0.651,0.719,-0.019
23,205,0.662,0.729,-0.019
23,206,0.714,0.774,-0.016
23,207,0.843,0.88,-0.008
23,208,0.578,0.654,-0.024
23,209,0.811,0.854,-0.01
23,21,0.936,0.952,-0.003
23,210,0.826,0.866,-0.01
23,211,0.782,0.83,-0.012
23,212,0.865,0.898,-0.007
23,213,0.612,0.685,-0.022
23,214,0.604,0.677,-0.023
23,215,0.933,0.95,-0.004
23,216,0.822,0.863,-0.01
23,217,0.736,0.792,-0.015
23,218,0.985,0.989,0.001
23,219,0.787,0.835,-0.012
23,22,0.91,0.932,-0.004
23,220,0.933,0.95,0.004
23,221,0.906,0.929,-0.006
23,222,0.904,0.927,-0.006
23,223,0.839,0.876,-0.01
23,224,0.898,0.923,0.006
23,225,0.855,0.889,-0.009
23,226,0.924,0.943,0.005
23,227,0.79,0.837,-0.013
23,228,0.898,0.923,-0.006
23,229,0.949,0.962,0.003
23,23,0.966,0.974,-0.001
23,230,0.971,0.979,-0.002
23,231,0.9,0.924,-0.007
23,232,0.994,0.996,-0.0
23,233,0.85,0.886,-0.01
23,234,0.986,0.99,0.001
23,235,0.918,0.939,0.006
23,236,0.984,0.988,-0.001
23,237,0.974,0.98,-0.002
23,238,0.968,0.976,0.002
23,239,0.862,0.894,-0.01
23,24,0.784,0.832,-0.009
23,240,0.926,0.945,0.005
23,241,0.783,0.832,-0.016
23,242,0.754,0.807,-0.018
23,243,0.764,0.816,-0.018
23,244,0.769,0.82,-0.018
23,245,0.811,0.854,-0.015
23,246,0.78,0.829,-0.017
23,247,0.864,0.896,-0.011
23,248,0.836,0.874,-0.013
23,249,0.795,0.841,-0.017
23,25,0.295,0.374,-0.033
23,250,0.72,0.778,-0.023
23,251,0.983,0.987,-0.001
23,26,0.813,0.856,-0.007
23,27,0.603,0.677,-0.016
23,28,0.574,0.65,-0.018
23,29,0.717,0.776,-0.011
23,30,0.613,0.685,-0.016
23,31,0.793,0.839,-0.008
23,32,0.685,0.749,-0.013
23,33,0.747,0.802,-0.01
23,34,0.759,0.812,-0.01
23,35,0.729,0.786,-0.011
23,36,0.747,0.801,-0.01
23,37,0.544,0.622,-0.019
23,38,0.695,0.757,-0.013
23,39,0.817,0.859,-0.007
23,40,0.729,0.787,-0.011
23,41,0.981,0.986,-0.001
23,42,0.809,0.852,-0.008
23,43,0.876,0.906,0.005
23,44,0.849,0.884,-0.006
23,45,0.648,0.716,-0.015
23,46,0.932,0.949,-0.003
23,47,0.842,0.879,-0.006
23,48,0.846,0.882,-0.006
23,49,0.992,0.994,-0.0
23,50,0.758,0.81,-0.01
23,51,0.493,0.575,-0.023
23,52,0.943,0.958,-0.002
23,53,0.966,0.974,0.001
23,54,0.697,0.759,-0.013
23,55,0.935,0.951,0.003
23,56,0.82,0.862,0.008
23,57,0.973,0.98,-0.001
23,58,0.941,0.956,0.002
23,59,0.543,0.622,0.021
23,6,0.652,0.72,0.015
23,60,0.667,0.733,0.015
23,61,0.752,0.806,0.011
23,62,0.514,0.594,0.022
23,63,0.967,0.975,0.001
23,64,0.724,0.782,0.012
23,65,0.648,0.717,0.016
23,66,0.755,0.808,0.011
23,67,0.551,0.629,0.021
23,68,0.608,0.681,0.018
23,69,0.617,0.689,0.017
23,7,0.607,0.68,0.017
23,70,0.862,0.895,0.006
23,71,0.885,0.912,-0.005
23,72,0.986,0.989,0.001
23,73,0.838,0.876,0.007
23,74,0.717,0.776,0.013
23,75,0.935,0.951,0.003
23,76,0.987,0.991,0.001
23,77,0.883,0.911,0.005
23,78,0.983,0.987,0.001
23,79,0.845,0.881,0.007
23,8,0.755,0.808,0.01
23,80,0.686,0.749,0.015
23,81,0.72,0.779,0.013
23,82,0.9,0.925,-0.005
23,83,0.921,0.941,0.004
23,84,0.777,0.827,0.01
23,85,0.961,0.971,0.002
23,86,0.851,0.886,0.007
23,87,0.786,0.833,0.01
23,88,0.9,0.925,0.005
23,89,0.831,0.87,0.008
23,9,0.815,0.857,0.008
23,90,0.86,0.894,-0.007
23,91,0.973,0.98,0.001
23,92,0.864,0.896,0.007
23,93,0.957,0.968,-0.002
23,94,0.884,0.912,0.006
23,95,0.986,0.99,0.001
23,96,0.648,0.717,0.018
23,97,0.52,0.6,0.025
23,98,0.638,0.708,0.018
23,99,0.986,0.99,0.001
24,10,0.888,0.915,-0.005
24,100,0.973,0.98,-0.001
24,101,0.934,0.951,0.003
24,102,0.683,0.747,0.016
24,103,0.888,0.915,0.006
24,104,0.97,0.978,-0.002
24,105,0.997,0.998,-0.0
24,106,0.916,0.937,0.004
24,107,0.861,0.894,0.007
24,108,0.775,0.824,0.012
24,109,0.82,0.861,0.009
24,11,0.58,0.656,0.018
24,110,0.743,0.798,0.013
24,111,0.996,0.997,-0.0
24,112,0.939,0.954,-0.003
24,113,0.813,0.855,0.01
24,114,0.94,0.955,0.003
24,115,0.904,0.928,-0.005
24,116,0.906,0.929,0.005
24,117,0.806,0.85,0.01
24,118,0.764,0.816,0.013
24,119,0.786,0.833,0.011
24,12,0.747,0.801,0.01
24,120,0.749,0.803,0.013
24,121,0.845,0.881,0.008
24,122,0.93,0.948,0.004
24,123,0.938,0.953,0.003
24,124,0.711,0.771,0.016
24,125,0.76,0.812,0.013
24,126,0.664,0.731,0.018
24,127,0.859,0.893,-0.008
24,128,0.988,0.991,-0.001
24,129,0.79,0.837,0.011
24,13,0.92,0.94,0.003
24,130,0.823,0.864,0.01
24,131,0.601,0.674,0.022
24,132,0.744,0.799,0.014
24,133,0.912,0.934,0.005
24,134,0.844,0.88,0.008
24,135,0.859,0.893,0.008
24,136,0.855,0.889,0.008
24,137,0.988,0.991,0.001
24,138,0.994,0.995,0.0
24,139,0.944,0.958,-0.003
24,14,0.948,0.962,0.002
24,140,0.862,0.895,-0.007
24,141,0.832,0.871,-0.009
24,142,0.653,0.721,-0.019
24,143,0.914,0.935,-0.005
24,144,0.754,0.807,-0.013
24,145,0.67,0.736,-0.018
24,146,0.802,0.847,-0.011
24,147,0.703,0.764,-0.016
24,148,0.71,0.77,-0.016
24,149,0.858,0.892,-0.008
24,15,0.99,0.993,-0.0
24,150,0.625,0.696,-0.021
24,151,0.54,0.618,-0.026
24,152,0.552,0.63,-0.026
24,153,0.715,0.774,-0.016
24,154,0.936,0.952,0.003
24,155,0.913,0.934,-0.005
24,156,0.922,0.941,0.004
24,157,0.978,0.984,-0.001
24,158,0.994,0.996,0.0
24,159,0.972,0.979,0.002
24,16,0.751,0.805,0.01
24,160,0.831,0.87,-0.009
24,161,0.87,0.901,-0.007
24,162,0.775,0.825,-0.012
24,163,0.939,0.954,-0.003
24,164,0.973,0.98,-0.001
24,165,0.975,0.982,0.001
24,166,0.955,0.967,-0.002
24,167,0.893,0.919,-0.006
24,168,0.95,0.963,0.003
24,169,0.946,0.96,0.003
24,17,0.855,0.89,0.006
24,170,0.996,0.997,-0.0
24,171,0.78,0.829,0.012
24,172,0.719,0.778,0.015
24,173,0.997,0.998,0.0
24,174,0.929,0.947,0.004
24,175,0.999,0.999,0.0
24,176,0.934,0.951,-0.003
24,177,0.893,0.919,0.006
24,178,0.859,0.892,0.007
24,179,0.781,0.83,0.012
24,18,0.74,0.795,0.01
24,180,0.919,0.939,0.004
24,181,0.907,0.93,0.005
24,182,0.985,0.989,-0.001
24,183,0.603,0.676,0.021
24,184,0.847,0.883,0.008
24,185,0.891,0.918,-0.006
24,186,0.936,0.952,0.003
24,187,0.723,0.781,0.015
24,188,0.77,0.821,0.012
24,189,0.785,0.833,0.011
24,19,0.885,0.913,0.005
24,190,0.86,0.893,0.007
24,191,0.748,0.802,0.013
24,192,0.793,0.839,0.011
24,193,0.857,0.891,0.007
24,194,0.891,0.917,0.006
24,195,0.706,0.767,0.016
24,196,0.573,0.649,0.023
24,197,0.969,0.977,0.002
24,198,0.803,0.847,0.01
24,199,0.773,0.823,0.012
24,20,0.996,0.997,0.0
24,200,0.748,0.802,0.013
24,201,0.786,0.833,0.011
24,202,0.939,0.955,-0.003
24,203,0.919,0.939,0.004
24,204,0.861,0.894,-0.007
24,205,0.842,0.879,-0.008
24,206,0.974,0.98,0.001
24,207,0.877,0.906,0.007
24,208,0.815,0.857,-0.01
24,209,0.736,0.792,-0.015
24,21,0.88,0.909,-0.005
24,210,0.846,0.882,-0.008
24,211,0.928,0.946,0.004
24,212,0.854,0.888,0.008
24,213,0.986,0.989,-0.001
24,214,0.844,0.88,-0.009
24,215,0.659,0.726,-0.02
24,216,0.87,0.901,-0.007
24,217,0.97,0.978,0.002
24,218,0.956,0.967,-0.003
24,219,0.949,0.962,-0.003
24,22,0.903,0.927,0.004
24,220,0.886,0.914,0.007
24,221,0.975,0.982,-0.001
24,222,0.982,0.986,-0.001
24,223,0.948,0.961,0.003
24,224,0.867,0.899,0.008
24,225,0.941,0.956,0.004
24,226,0.782,0.83,0.013
24,227,0.982,0.987,0.001
24,228,0.823,0.864,-0.011
24,229,0.833,0.871,-0.011
24,23,0.82,0.861,-0.007
24,230,0.989,0.992,0.001
24,231,0.668,0.734,-0.022
24,232,0.859,0.893,-0.009
24,233,0.711,0.771,-0.019
24,234,0.466,0.549,-0.039
24,235,0.578,0.654,-0.03
24,236,0.783,0.831,-0.015
24,237,0.644,0.713,-0.025
24,238,0.771,0.821,-0.016
24,239,0.585,0.66,-0.031
24,24,0.838,0.876,-0.006
24,240,0.71,0.77,-0.021
24,241,0.597,0.671,-0.031
24,242,0.597,0.671,-0.031
24,243,0.785,0.833,-0.016
24,244,0.65,0.718,-0.027
24,245,0.627,0.698,-0.03
24,246,0.687,0.75,-0.025
24,247,0.505,0.586,-0.042
24,248,0.609,0.682,-0.032
24,249,0.555,0.632,-0.038
24,25,0.909,0.931,0.004
24,250,0.602,0.676,-0.034
24,251,0.679,0.743,-0.027
24,26,0.836,0.874,0.006
24,27,0.902,0.926,-0.004
24,28,0.632,0.702,0.015
24,29,0.928,0.946,0.003
24,30,0.976,0.983,0.001
24,31,0.942,0.956,-0.002
24,32,0.768,0.819,0.009
24,33,0.821,0.862,0.007
24,34,0.857,0.891,-0.006
24,35,0.907,0.93,0.004
24,36,0.784,0.832,-0.009
24,37,0.918,0.938,-0.003
24,38,0.9,0.924,-0.004
24,39,0.842,0.879,0.006
24,40,0.961,0.971,-0.002
24,41,0.662,0.729,-0.014
24,42,0.706,0.767,-0.012
24,43,0.758,0.811,-0.01
24,44,0.879,0.908,0.005
24,45,0.536,0.615,-0.02
24,46,0.715,0.774,-0.012
24,47,0.987,0.99,0.001
24,48,0.959,0.97,-0.002
24,49,0.857,0.891,-0.006
24,50,0.954,0.966,0.002
24,51,0.778,0.827,0.009
24,52,0.912,0.934,-0.004
24,53,0.959,0.969,0.002
24,54,0.745,0.8,0.011
24,55,0.914,0.935,-0.004
24,56,0.949,0.962,0.002
24,57,0.768,0.818,0.01
24,58,0.29,0.369,0.036
24,59,0.787,0.834,0.009
24,6,0.851,0.886,0.006
24,60,0.849,0.885,0.006
24,61,0.977,0.983,0.001
24,62,0.932,0.949,0.003
24,63,0.868,0.9,0.006
24,64,0.877,0.907,0.005
24,65,0.725,0.782,0.012
24,66,0.661,0.728,0.015
24,67,0.865,0.897,0.006
24,68,0.745,0.8,0.011
24,69,0.749,0.803,0.011
24,7,0.751,0.805,0.01
24,70,0.767,0.818,0.01
24,71,0.741,0.796,0.012
24,72,0.819,0.861,0.008
24,73,0.944,0.958,0.002
24,74,0.703,0.764,0.014
24,75,0.858,0.892,0.006
24,76,0.896,0.922,0.005
24,77,0.924,0.943,0.003
24,78,0.74,0.796,0.012
24,79,1.0,1.0,0.0
24,8,0.762,0.814,0.01
24,80,0.819,0.86,0.008
24,81,0.914,0.935,0.004
24,82,0.907,0.93,0.004
24,83,0.857,0.891,-0.007
24,84,0.857,0.891,0.007
24,85,0.728,0.785,0.013
24,86,0.934,0.951,0.003
24,87,0.809,0.852,0.009
24,88,0.946,0.96,0.003
24,89,0.992,0.994,0.0
24,9,0.923,0.942,-0.003
24,90,0.937,0.953,0.003
24,91,0.836,0.874,-0.008
24,92,0.943,0.958,0.003
24,93,0.943,0.957,-0.003
24,94,0.735,0.791,-0.013
24,95,0.865,0.897,-0.007
24,96,0.975,0.981,0.001
24,97,0.855,0.889,-0.007
24,98,0.886,0.914,0.006
24,99,0.831,0.87,0.008
25,10,0.546,0.624,0.02
25,100,0.92,0.94,0.004
25,101,0.99,0.993,-0.001
25,102,0.89,0.917,-0.006
25,103,0.963,0.972,-0.002
25,104,0.96,0.971,-0.002
25,105,0.982,0.986,0.001
25,106,0.833,0.871,0.009
25,107,0.97,0.978,-0.002
25,108,0.941,0.956,0.003
25,109,0.883,0.911,-0.006
25,11,0.774,0.823,0.009
25,110,0.903,0.927,-0.005
25,111,0.919,0.939,-0.004
25,112,0.969,0.977,0.002
25,113,0.753,0.807,0.013
25,114,0.838,0.875,0.009
25,115,0.996,0.997,0.0
25,116,0.918,0.939,0.004
25,117,0.889,0.916,0.006
25,118,0.671,0.736,0.018
25,119,0.733,0.789,0.014
25,12,0.568,0.645,0.018
25,120,0.764,0.816,0.013
25,121,0.73,0.787,0.015
25,122,0.714,0.773,0.016
25,123,0.738,0.794,0.014
25,124,0.614,0.687,0.022
25,125,0.618,0.69,0.021
25,126,0.848,0.884,0.008
25,127,0.908,0.93,0.005
25,128,0.723,0.781,0.015
25,129,0.976,0.983,0.001
25,13,0.532,0.611,0.02
25,130,0.995,0.997,0.0
25,131,0.849,0.884,0.008
25,132,0.855,0.889,0.008
25,133,0.744,0.799,0.014
25,134,0.802,0.847,0.011
25,135,0.786,0.834,0.012
25,136,0.706,0.767,0.016
25,137,0.849,0.884,0.008
25,138,0.985,0.989,0.001
25,139,0.776,0.826,0.012
25,14,0.671,0.737,0.013
25,140,0.743,0.798,0.014
25,141,0.983,0.988,-0.001
25,142,0.98,0.985,0.001
25,143,0.99,0.993,-0.001
25,144,0.837,0.875,-0.009
25,145,0.861,0.894,-0.008
25,146,0.976,0.982,-0.001
25,147,0.976,0.982,0.001
25,148,0.966,0.975,0.002
25,149,0.778,0.827,0.012
25,15,0.906,0.929,0.004
25,150,0.882,0.911,-0.006
25,151,0.775,0.824,-0.012
25,152,0.71,0.77,-0.016
25,153,0.8,0.845,-0.011
25,154,0.968,0.976,0.002
25,155,0.961,0.971,-0.002
25,156,0.996,0.997,-0.0
25,157,0.757,0.81,-0.013
25,158,0.809,0.852,-0.01
25,159,0.875,0.905,-0.007
25,16,0.9,0.925,0.004
25,160,0.754,0.807,-0.013
25,161,0.812,0.855,-0.01
25,162,0.87,0.901,-0.007
25,163,0.799,0.844,-0.011
25,164,0.891,0.918,-0.006
25,165,0.781,0.83,-0.012
25,166,0.658,0.725,-0.019
25,167,0.887,0.914,-0.006
25,168,0.907,0.93,-0.005
25,169,0.87,0.901,-0.007
25,17,0.928,0.946,0.003
25,170,0.841,0.878,-0.008
25,171,0.847,0.883,-0.008
25,172,0.817,0.859,-0.01
25,173,0.902,0.926,-0.005
25,174,0.789,0.836,-0.011
25,175,0.809,0.852,-0.01
25,176,0.854,0.889,-0.008
25,177,0.776,0.825,-0.012
25,178,0.789,0.836,-0.011
25,179,0.838,0.876,-0.009
25,18,0.97,0.978,-0.001
25,180,0.881,0.909,0.006
25,181,0.833,0.872,0.009
25,182,0.812,0.855,0.01
25,183,0.893,0.919,0.006
25,184,0.974,0.981,0.001
25,185,0.694,0.756,0.016
25,186,0.844,0.88,0.008
25,187,0.842,0.879,0.008
25,188,0.763,0.814,0.013
25,189,0.901,0.925,0.005
25,19,0.957,0.968,-0.002
25,190,0.914,0.935,0.004
25,191,0.838,0.876,0.008
25,192,0.803,0.848,0.01
25,193,0.999,0.999,-0.0
25,194,0.933,0.95,0.004
25,195,0.933,0.95,0.003
25,196,0.76,0.813,0.013
25,197,0.809,0.852,0.01
25,198,0.751,0.804,0.013
25,199,0.853,0.888,0.008
25,20,0.682,0.746,0.013
25,200,0.636,0.706,0.02
25,201,0.753,0.806,0.013
25,202,0.856,0.89,0.008
25,203,0.724,0.782,0.015
25,204,0.584,0.659,0.023
25,205,0.685,0.748,0.017
25,206,0.912,0.934,-0.005
25,207,0.944,0.958,0.003
25,208,0.99,0.993,-0.001
25,209,0.949,0.962,-0.003
25,21,0.78,0.828,-0.009
25,210,0.942,0.956,-0.003
25,211,0.938,0.954,-0.003
25,212,0.967,0.976,-0.002
25,213,0.754,0.807,-0.014
25,214,0.74,0.795,-0.015
25,215,0.636,0.706,-0.021
25,216,0.612,0.685,-0.023
25,217,0.62,0.691,-0.022
25,218,0.504,0.585,-0.03
25,219,0.576,0.652,-0.025
25,22,0.946,0.96,-0.002
25,220,0.526,0.605,-0.029
25,221,0.543,0.621,-0.028
25,222,0.56,0.638,-0.027
25,223,0.525,0.605,-0.03
25,224,0.407,0.49,-0.039
25,225,0.697,0.759,-0.019
25,226,0.693,0.755,-0.019
25,227,0.645,0.714,-0.022
25,228,0.64,0.71,-0.023
25,229,0.632,0.703,-0.024
25,23,0.859,0.892,0.006
25,230,0.565,0.641,-0.029
25,231,0.61,0.683,-0.026
25,232,0.724,0.782,-0.018
25,233,0.702,0.763,-0.02
25,234,0.484,0.566,-0.037
25,235,0.761,0.813,-0.016
25,236,0.574,0.65,-0.03
25,237,0.526,0.606,-0.035
25,238,0.457,0.54,-0.041
25,239,0.517,0.597,-0.036
25,24,0.453,0.536,-0.023
25,240,0.596,0.67,-0.03
25,241,0.504,0.585,-0.038
25,242,0.654,0.722,-0.026
25,243,0.689,0.752,-0.024
25,244,0.547,0.625,-0.036
25,245,0.531,0.611,-0.038
25,246,0.482,0.563,-0.043
25,247,0.562,0.639,-0.036
25,248,0.719,0.778,-0.023
25,249,0.633,0.703,-0.031
25,25,0.581,0.657,0.017
25,250,0.606,0.679,-0.033
25,251,0.727,0.784,-0.023
25,26,0.939,0.954,0.002
25,27,0.915,0.936,0.003
25,28,0.929,0.947,0.003
25,29,0.825,0.866,0.007
25,30,0.949,0.962,-0.002
25,31,0.711,0.771,0.012
25,32,0.885,0.913,0.005
25,33,0.968,0.976,-0.001
25,34,0.885,0.913,0.005
25,35,0.972,0.979,0.001
25,36,0.997,0.998,-0.0
25,37,0.912,0.934,-0.004
25,38,0.891,0.918,-0.004
25,39,0.872,0.903,-0.005
25,40,0.878,0.907,0.005
25,41,0.948,0.961,-0.002
25,42,0.997,0.997,-0.0
25,43,0.961,0.971,-0.002
25,44,0.939,0.954,0.003
25,45,0.856,0.89,0.006
25,46,0.932,0.949,0.003
25,47,0.836,0.874,-0.007
25,48,0.931,0.948,0.003
25,49,0.949,0.962,0.002
25,50,0.813,0.855,-0.008
25,51,0.91,0.933,0.004
25,52,0.782,0.83,0.009
25,53,0.947,0.961,-0.002
25,54,0.882,0.911,0.005
25,55,0.99,0.993,-0.0
25,56,0.858,0.891,0.006
25,57,0.668,0.734,0.015
25,58,0.891,0.918,0.005
25,59,0.836,0.874,-0.007
25,6,0.589,0.664,0.018
25,60,0.798,0.843,0.009
25,61,0.718,0.777,0.012
25,62,0.693,0.755,0.014
25,63,0.953,0.965,0.002
25,64,0.537,0.616,0.021
25,65,0.685,0.749,0.014
25,66,0.619,0.691,0.017
25,67,0.88,0.909,-0.005
25,68,0.459,0.542,0.026
25,69,0.646,0.715,0.016
25,7,0.607,0.68,0.017
25,70,0.759,0.811,0.011
25,71,0.747,0.801,0.011
25,72,0.936,0.952,0.003
25,73,0.741,0.796,0.012
25,74,0.781,0.829,0.01
25,75,0.845,0.882,0.007
25,76,0.65,0.718,0.016
25,77,0.509,0.59,0.024
25,78,0.644,0.713,0.017
25,79,0.862,0.894,0.006
25,8,0.367,0.449,0.03
25,80,0.96,0.97,-0.002
25,81,0.865,0.898,0.006
25,82,0.72,0.779,0.013
25,83,0.62,0.692,0.018
25,84,0.662,0.728,0.016
25,85,0.726,0.783,0.013
25,86,0.932,0.949,0.003
25,87,0.809,0.852,0.009
25,88,0.79,0.837,0.01
25,89,0.622,0.694,0.019
25,9,0.482,0.564,0.023
25,90,0.832,0.871,0.008
25,91,0.84,0.878,0.008
25,92,0.755,0.808,0.012
25,93,0.672,0.737,0.016
25,94,0.811,0.854,0.009
25,95,0.969,0.977,-0.002
25,96,0.854,0.888,-0.007
25,97,0.951,0.963,-0.002
25,98,0.867,0.898,-0.007
25,99,0.856,0.89,0.007
26,10,0.299,0.379,0.034
26,100,0.866,0.898,0.007
26,101,0.778,0.827,0.011
26,102,0.818,0.86,0.009
26,103,0.931,0.948,0.004
26,104,0.712,0.771,0.015
26,105,0.664,0.73,0.018
26,106,0.852,0.887,0.008
26,107,0.903,0.927,0.005
26,108,0.965,0.974,0.002
26,109,0.877,0.906,0.006
26,11,0.485,0.567,0.023
26,110,0.945,0.959,-0.003
26,111,0.97,0.978,0.002
26,112,0.786,0.833,0.011
26,113,0.721,0.779,0.015
26,114,0.687,0.75,0.017
26,115,0.665,0.732,0.018
26,116,0.858,0.892,0.008
26,117,0.882,0.911,0.006
26,118,0.831,0.87,0.009
26,119,0.782,0.83,0.012
26,12,0.23,0.303,0.039
26,120,0.594,0.668,0.023
26,121,0.52,0.6,0.028
26,122,0.642,0.711,0.02
26,123,0.701,0.763,0.016
26,124,0.68,0.745,0.018
26,125,0.659,0.726,0.019
26,126,0.842,0.879,0.009
26,127,0.818,0.86,0.01
26,128,0.747,0.801,0.014
26,129,0.824,0.864,0.01
26,13,0.636,0.706,0.015
26,130,0.851,0.886,0.008
26,131,0.841,0.878,0.009
26,132,0.699,0.761,0.017
26,133,0.885,0.913,0.006
26,134,0.973,0.98,-0.001
26,135,0.969,0.977,0.002
26,136,0.905,0.928,0.005
26,137,0.932,0.949,0.004
26,138,0.996,0.997,-0.0
26,139,0.986,0.99,-0.001
26,14,0.455,0.537,0.024
26,140,0.92,0.94,-0.004
26,141,0.923,0.942,0.004
26,142,0.922,0.942,0.004
26,143,0.993,0.995,-0.0
26,144,0.947,0.96,0.003
26,145,0.975,0.982,0.001
26,146,0.825,0.865,-0.01
26,147,0.624,0.695,-0.022
26,148,0.806,0.85,-0.011
26,149,0.967,0.976,0.002
26,15,0.458,0.54,0.023
26,150,0.901,0.925,-0.005
26,151,0.991,0.993,0.0
26,152,0.937,0.953,0.003
26,153,0.74,0.796,0.014
26,154,0.87,0.901,0.007
26,155,0.975,0.981,0.001
26,156,0.888,0.915,0.006
26,157,0.926,0.945,0.004
26,158,0.777,0.826,0.012
26,159,0.661,0.728,0.019
26,16,0.34,0.421,0.03
26,160,0.674,0.739,0.018
26,161,0.518,0.598,0.028
26,162,0.739,0.795,0.014
26,163,0.759,0.811,0.013
26,164,0.865,0.897,0.007
26,165,0.708,0.768,0.016
26,166,0.893,0.919,0.006
26,167,0.735,0.791,0.014
26,168,0.98,0.985,-0.001
26,169,0.874,0.904,0.007
26,17,0.65,0.718,0.014
26,170,0.828,0.868,0.009
26,171,0.859,0.892,0.008
26,172,0.933,0.949,0.004
26,173,0.924,0.943,0.004
26,174,0.866,0.898,0.007
26,175,0.995,0.996,-0.0
26,176,0.892,0.918,0.006
26,177,0.963,0.973,-0.002
26,178,0.93,0.948,0.004
26,179,0.966,0.975,-0.002
26,18,0.62,0.692,0.016
26,180,0.996,0.997,-0.0
26,181,0.749,0.803,0.013
26,182,0.592,0.666,0.022
26,183,0.784,0.832,0.011
26,184,0.798,0.843,0.011
26,185,0.715,0.774,0.015
26,186,0.638,0.707,0.02
26,187,0.827,0.867,0.009
26,188,0.654,0.722,0.019
26,189,0.683,0.747,0.017
26,19,0.842,0.879,0.006
26,190,0.787,0.834,0.011
26,191,0.969,0.977,0.002
26,192,0.951,0.964,0.003
26,193,0.832,0.871,0.009
26,194,0.802,0.847,0.01
26,195,0.654,0.722,0.019
26,196,0.758,0.81,0.013
26,197,0.76,0.812,0.013
26,198,0.719,0.778,0.015
26,199,0.576,0.652,0.023
26,20,0.462,0.545,0.023
26,200,0.43,0.514,0.033
26,201,0.707,0.768,0.016
26,202,0.961,0.971,-0.002
26,203,0.917,0.937,0.004
26,204,0.809,0.853,0.01
26,205,0.988,0.991,-0.001
26,206,0.981,0.986,0.001
26,207,0.912,0.934,-0.005
26,208,0.694,0.756,0.017
26,209,0.808,0.852,0.01
26,21,0.717,0.776,0.011
26,210,0.938,0.953,-0.003
26,211,0.88,0.909,0.007
26,212,0.922,0.941,0.004
26,213,0.942,0.957,-0.003
26,214,0.927,0.945,-0.004
26,215,0.962,0.972,-0.002
26,216,0.973,0.98,-0.001
26,217,0.918,0.938,0.005
26,218,0.914,0.935,-0.005
26,219,0.989,0.992,-0.001
26,22,0.967,0.975,0.001
26,220,0.827,0.867,-0.01
26,221,0.9,0.925,-0.006
26,222,0.748,0.803,-0.015
26,223,0.947,0.96,-0.003
26,224,0.91,0.932,0.005
26,225,0.99,0.993,-0.001
26,226,0.977,0.983,-0.001
26,227,0.958,0.969,-0.003
26,228,0.923,0.942,-0.005
26,229,0.94,0.955,-0.004
26,23,0.454,0.537,0.024
26,230,0.738,0.794,-0.017
26,231,0.735,0.791,-0.017
26,232,0.792,0.839,-0.013
26,233,0.675,0.74,-0.022
26,234,0.722,0.78,-0.019
26,235,0.715,0.774,-0.019
26,236,0.651,0.719,-0.024
26,237,0.798,0.844,-0.014
26,238,0.707,0.767,-0.021
26,239,0.746,0.8,-0.018
26,24,0.545,0.623,0.019
26,240,0.715,0.774,-0.021
26,241,0.65,0.718,-0.026
26,242,0.499,0.581,-0.039
26,243,0.711,0.771,-0.022
26,244,0.639,0.709,-0.028
26,245,0.773,0.823,-0.017
26,246,0.691,0.754,-0.024
26,247,0.728,0.785,-0.022
26,248,0.836,0.874,-0.013
26,249,0.698,0.76,-0.025
26,25,0.498,0.58,0.021
26,250,0.723,0.781,-0.023
26,251,0.75,0.804,-0.021
26,26,0.679,0.744,0.013
26,27,0.88,0.909,0.005
26,28,0.783,0.831,0.009
26,29,0.513,0.594,0.021
26,30,0.824,0.865,0.007
26,31,0.685,0.749,0.013
26,32,0.705,0.766,0.012
26,33,0.489,0.571,0.022
26,34,0.565,0.642,0.018
26,35,0.616,0.688,0.016
26,36,0.434,0.517,0.025
26,37,0.441,0.524,0.025
26,38,0.635,0.705,0.015
26,39,0.557,0.634,0.019
26,40,0.378,0.461,0.029
26,41,0.356,0.439,0.03
26,42,0.793,0.84,0.009
26,43,0.522,0.602,0.021
26,44,0.686,0.75,0.013
26,45,0.601,0.674,0.017
26,46,0.756,0.809,0.01
26,47,0.683,0.747,0.014
26,48,0.585,0.66,0.018
26,49,0.872,0.902,0.005
26,50,0.584,0.66,0.018
26,51,0.88,0.909,0.005
26,52,0.829,0.868,-0.007
26,53,0.535,0.614,0.021
26,54,0.956,0.968,0.002
26,55,0.764,0.815,0.01
26,56,0.852,0.887,-0.006
26,57,0.839,0.876,0.007
26,58,0.743,0.798,0.011
26,59,0.683,0.747,0.014
26,6,0.189,0.257,0.044
26,60,0.458,0.541,0.026
26,61,0.515,0.595,0.023
26,62,0.683,0.747,0.014
26,63,0.792,0.839,0.009
26,64,0.405,0.489,0.029
26,65,0.405,0.488,0.029
26,66,0.607,0.68,0.018
26,67,0.783,0.831,0.01
26,68,0.894,0.92,0.005
26,69,0.364,0.447,0.032
26,7,0.245,0.32,0.039
26,70,0.558,0.635,0.021
26,71,0.767,0.818,0.011
26,72,0.744,0.799,0.012
26,73,0.936,0.952,0.003
26,74,0.733,0.79,0.012
26,75,0.733,0.79,0.012
26,76,0.682,0.746,0.015
26,77,0.729,0.786,0.013
26,78,0.747,0.801,0.012
26,79,0.521,0.601,0.024
26,8,0.297,0.376,0.035
26,80,0.897,0.922,0.005
26,81,0.868,0.899,0.006
26,82,0.635,0.705,0.018
26,83,0.709,0.769,0.014
26,84,0.723,0.781,0.013
26,85,0.858,0.892,0.007
26,86,0.949,0.962,0.002
26,87,0.825,0.865,0.008
26,88,0.709,0.77,0.014
26,89,0.9,0.925,0.005
26,9,0.29,0.369,0.035
26,90,0.966,0.975,-0.002
26,91,0.887,0.915,-0.006
26,92,0.739,0.795,0.013
26,93,0.755,0.808,0.012
26,94,0.583,0.658,0.022
26,95,0.477,0.559,0.028
26,96,0.728,0.785,0.014
26,97,0.792,0.839,0.01
26,98,0.738,0.794,0.013
26,99,0.923,0.942,0.004
27,10,0.804,0.848,0.008
27,100,0.965,0.974,-0.002
27,101,0.778,0.827,0.011
27,102,0.844,0.881,0.008
27,103,0.923,0.942,-0.004
27,104,0.84,0.877,-0.008
27,105,0.87,0.901,-0.007
27,106,0.947,0.96,-0.003
27,107,0.996,0.997,0.0
27,108,0.945,0.959,-0.003
27,109,0.803,0.848,-0.01
27,11,0.871,0.902,-0.005
27,110,0.995,0.996,-0.0
27,111,0.824,0.864,-0.009
27,112,0.982,0.987,-0.001
27,113,0.944,0.958,0.003
27,114,0.97,0.978,0.002
27,115,0.987,0.99,0.001
27,116,0.99,0.993,-0.001
27,117,0.937,0.953,-0.003
27,118,0.82,0.861,0.01
27,119,0.695,0.757,0.017
27,12,0.804,0.848,0.008
27,120,0.979,0.984,0.001
27,121,0.855,0.889,-0.008
27,122,0.872,0.903,0.007
27,123,0.999,0.999,0.0
27,124,0.914,0.935,-0.005
27,125,0.918,0.939,-0.004
27,126,0.981,0.986,-0.001
27,127,0.864,0.897,0.007
27,128,0.914,0.936,0.005
27,129,0.988,0.991,-0.001
27,13,0.569,0.645,0.018
27,130,0.976,0.983,-0.001
27,131,0.902,0.926,-0.005
27,132,0.861,0.894,-0.008
27,133,0.889,0.916,0.006
27,134,0.827,0.867,-0.01
27,135,0.996,0.997,-0.0
27,136,0.93,0.948,0.004
27,137,0.936,0.952,-0.004
27,138,0.904,0.928,-0.005
27,139,0.99,0.993,0.001
27,14,0.754,0.807,0.01
27,140,0.957,0.968,0.002
27,141,0.871,0.902,-0.007
27,142,0.954,0.966,-0.003
27,143,0.905,0.928,-0.005
27,144,0.826,0.866,-0.01
27,145,0.831,0.87,-0.009
27,146,0.911,0.933,-0.005
27,147,0.909,0.931,-0.005
27,148,0.901,0.926,-0.005
27,149,0.875,0.905,-0.007
27,15,0.573,0.649,0.018
27,150,0.924,0.943,-0.004
27,151,0.944,0.958,-0.003
27,152,0.956,0.967,-0.002
27,153,0.984,0.988,-0.001
27,154,0.986,0.989,0.001
27,155,0.826,0.867,0.01
27,156,0.9,0.925,0.006
27,157,0.973,0.98,0.001
27,158,0.989,0.992,-0.001
27,159,0.984,0.988,0.001
27,16,0.442,0.525,0.024
27,160,0.978,0.984,-0.001
27,161,0.986,0.989,-0.001
27,162,0.862,0.894,0.008
27,163,0.925,0.944,0.004
27,164,0.827,0.867,0.009
27,165,0.702,0.763,0.017
27,166,0.962,0.972,0.002
27,167,0.928,0.946,0.004
27,168,0.989,0.992,0.001
27,169,0.929,0.947,0.004
27,17,0.713,0.772,0.012
27,170,0.961,0.971,0.002
27,171,0.987,0.991,-0.001
27,172,0.938,0.954,-0.003
27,173,0.645,0.713,-0.02
27,174,0.869,0.901,-0.007
27,175,0.898,0.923,-0.005
27,176,0.936,0.952,-0.003
27,177,0.907,0.93,-0.005
27,178,0.974,0.981,0.001
27,179,0.805,0.849,-0.01
27,18,0.769,0.82,0.009
27,180,0.949,0.962,-0.003
27,181,0.958,0.969,-0.002
27,182,0.833,0.872,-0.009
27,183,0.924,0.943,-0.004
27,184,0.802,0.847,0.011
27,185,0.946,0.96,-0.003
27,186,0.933,0.95,-0.004
27,187,0.919,0.939,0.004
27,188,0.755,0.808,0.013
27,189,0.979,0.985,0.001
27,19,0.462,0.544,0.023
27,190,0.931,0.949,-0.004
27,191,0.896,0.922,0.005
27,192,0.877,0.906,0.006
27,193,0.769,0.819,0.012
27,194,0.657,0.724,0.019
27,195,0.64,0.71,0.019
27,196,0.719,0.778,0.015
27,197,0.875,0.905,0.007
27,198,0.993,0.995,-0.0
27,199,0.992,0.994,-0.0
27,20,0.893,0.919,0.004
27,200,0.915,0.936,0.004
27,201,0.964,0.974,0.002
27,202,0.906,0.929,0.005
27,203,0.914,0.936,0.005
27,204,0.968,0.976,0.002
27,205,0.966,0.975,-0.002
27,206,0.982,0.986,0.001
27,207,0.93,0.948,-0.004
27,208,0.755,0.808,-0.013
27,209,0.922,0.942,-0.004
27,21,0.858,0.892,0.006
27,210,0.844,0.88,-0.008
27,211,0.85,0.885,0.008
27,212,0.988,0.991,0.001
27,213,0.908,0.931,0.005
27,214,0.909,0.932,-0.005
27,215,0.981,0.986,0.001
27,216,0.719,0.778,-0.016
27,217,0.757,0.81,-0.014
27,218,0.91,0.932,0.005
27,219,0.721,0.779,-0.016
27,22,0.859,0.892,0.006
27,220,0.547,0.625,-0.027
27,221,0.484,0.566,-0.032
27,222,0.621,0.693,-0.023
27,223,0.647,0.716,-0.021
27,224,0.334,0.416,-0.045
27,225,0.602,0.676,-0.025
27,226,0.662,0.728,-0.021
27,227,0.452,0.534,-0.036
27,228,0.51,0.591,-0.032
27,229,0.562,0.639,-0.028
27,23,0.88,0.909,-0.005
27,230,0.684,0.748,-0.02
27,231,0.651,0.719,-0.023
27,232,0.366,0.449,-0.046
27,233,0.578,0.654,-0.029
27,234,0.474,0.556,-0.037
27,235,0.644,0.713,-0.024
27,236,0.606,0.679,-0.028
27,237,0.542,0.62,-0.033
27,238,0.531,0.61,-0.034
27,239,0.769,0.82,-0.016
27,24,0.858,0.891,-0.006
27,240,0.784,0.832,-0.015
27,241,0.725,0.783,-0.02
27,242,0.777,0.826,-0.016
27,243,0.708,0.768,-0.022
27,244,0.71,0.77,-0.022
27,245,0.903,0.927,-0.007
27,246,0.859,0.892,-0.011
27,247,0.847,0.883,-0.012
27,248,0.995,0.996,-0.0
27,249,0.87,0.901,0.01
27,25,0.776,0.825,0.009
27,250,0.978,0.983,0.002
27,251,0.973,0.98,-0.002
27,26,0.872,0.903,0.005
27,27,0.838,0.876,0.006
27,28,0.968,0.977,-0.001
27,29,0.933,0.95,0.003
27,30,0.983,0.988,0.001
27,31,0.78,0.828,-0.009
27,32,0.843,0.88,0.006
27,33,0.983,0.987,-0.001
27,34,0.965,0.974,-0.001
27,35,0.781,0.829,-0.009
27,36,0.943,0.958,-0.002
27,37,0.887,0.914,0.005
27,38,0.724,0.782,0.011
27,39,0.893,0.919,-0.004
27,40,0.961,0.971,0.002
27,41,0.782,0.831,0.009
27,42,0.711,0.771,0.012
27,43,0.968,0.976,0.001
27,44,0.938,0.954,-0.003
27,45,0.985,0.989,0.001
27,46,0.998,0.999,-0.0
27,47,0.983,0.987,0.001
27,48,0.432,0.515,0.026
27,49,0.818,0.86,0.008
27,50,0.981,0.986,0.001
27,51,0.851,0.886,0.006
27,52,0.854,0.888,0.006
27,53,0.613,0.685,0.017
27,54,0.956,0.967,0.002
27,55,0.859,0.892,0.006
27,56,0.947,0.961,-0.002
27,57,0.877,0.906,0.005
27,58,0.892,0.919,0.005
27,59,0.414,0.497,0.028
27,6,0.909,0.932,-0.004
27,60,0.585,0.66,0.019
27,61,0.755,0.808,0.011
27,62,0.762,0.813,0.011
27,63,0.606,0.679,0.018
27,64,0.734,0.79,0.012
27,65,0.705,0.766,0.013
27,66,0.681,0.746,0.014
27,67,0.621,0.692,0.018
27,68,0.609,0.682,0.018
27,69,0.598,0.672,0.019
27,7,0.886,0.913,0.005
27,70,0.875,0.905,0.006
27,71,0.663,0.73,0.016
27,72,0.952,0.964,0.002
27,73,0.678,0.743,0.015
27,74,0.797,0.843,0.009
27,75,0.875,0.905,0.006
27,76,0.671,0.737,0.016
27,77,0.66,0.727,0.016
27,78,0.701,0.763,0.014
27,79,0.987,0.99,0.001
27,8,0.955,0.966,0.002
27,80,0.825,0.865,0.008
27,81,0.912,0.934,0.004
27,82,0.585,0.66,0.021
27,83,0.621,0.693,0.019
27,84,0.687,0.75,0.015
27,85,0.812,0.855,0.009
27,86,0.807,0.851,0.009
27,87,0.778,0.827,0.011
27,88,0.647,0.715,0.018
27,89,0.786,0.833,0.011
27,9,0.654,0.722,0.015
27,90,0.914,0.936,0.004
27,91,0.854,0.888,0.007
27,92,0.98,0.985,-0.001
27,93,0.967,0.975,-0.002
27,94,0.919,0.939,0.004
27,95,0.897,0.922,0.005
27,96,0.993,0.995,0.0
27,97,0.932,0.949,0.003
27,98,0.871,0.902,-0.007
27,99,0.92,0.94,-0.004
28,10,0.449,0.532,0.024
28,100,0.614,0.686,0.021
28,101,0.738,0.794,0.014
28,102,0.896,0.921,-0.005
28,103,0.992,0.994,0.0
28,104,0.874,0.904,0.007
28,105,0.953,0.965,0.002
28,106,0.93,0.948,-0.004
28,107,0.928,0.946,0.004
28,108,0.821,0.862,-0.01
28,109,0.935,0.951,-0.003
28,11,0.415,0.498,0.026
28,110,0.932,0.949,-0.004
28,111,0.8,0.845,-0.011
28,112,0.81,0.853,-0.01
28,113,0.967,0.975,0.002
28,114,0.996,0.997,0.0
28,115,0.946,0.96,-0.003
28,116,0.99,0.992,0.001
28,117,0.993,0.995,0.0
28,118,0.774,0.824,-0.012
28,119,0.986,0.99,-0.001
28,12,0.559,0.637,0.019
28,120,0.963,0.973,-0.002
28,121,0.804,0.849,-0.011
28,122,0.952,0.964,-0.003
28,123,0.811,0.854,-0.01
28,124,0.945,0.959,-0.003
28,125,0.936,0.952,-0.003
28,126,0.989,0.992,0.001
28,127,0.875,0.905,-0.007
28,128,0.882,0.911,-0.007
28,129,0.893,0.919,-0.006
28,13,0.873,0.903,0.005
28,130,0.96,0.97,-0.002
28,131,0.842,0.879,-0.009
28,132,0.953,0.965,0.003
28,133,0.96,0.971,0.002
28,134,0.882,0.91,0.007
28,135,0.607,0.68,0.023
28,136,0.847,0.883,0.009
28,137,0.888,0.915,0.006
28,138,0.875,0.905,0.007
28,139,0.835,0.873,0.009
28,14,0.388,0.472,0.027
28,140,0.996,0.997,-0.0
28,141,0.925,0.944,0.004
28,142,0.978,0.984,0.001
28,143,0.803,0.847,0.011
28,144,0.856,0.89,0.008
28,145,0.991,0.994,0.0
28,146,0.97,0.978,-0.002
28,147,0.907,0.93,0.005
28,148,0.959,0.97,0.002
28,149,0.902,0.926,-0.005
28,15,0.321,0.402,0.031
28,150,0.918,0.938,-0.005
28,151,0.958,0.969,-0.002
28,152,0.982,0.987,0.001
28,153,0.975,0.981,0.001
28,154,0.961,0.971,-0.002
28,155,0.965,0.974,0.002
28,156,0.94,0.955,0.003
28,157,0.968,0.976,0.002
28,158,0.878,0.908,0.007
28,159,0.949,0.962,0.003
28,16,0.466,0.549,0.023
28,160,0.986,0.99,0.001
28,161,0.791,0.838,0.012
28,162,0.753,0.806,0.014
28,163,0.789,0.836,0.012
28,164,0.801,0.846,0.011
28,165,0.909,0.932,0.005
28,166,0.922,0.941,0.004
28,167,0.877,0.907,0.007
28,168,0.788,0.835,0.012
28,169,0.845,0.881,0.008
28,17,0.386,0.469,0.027
28,170,0.913,0.934,0.005
28,171,0.88,0.909,0.006
28,172,0.869,0.9,0.007
28,173,0.92,0.94,0.004
28,174,0.966,0.974,0.002
28,175,0.931,0.948,0.004
28,176,0.912,0.934,0.005
28,177,0.902,0.926,0.005
28,178,0.914,0.935,0.005
28,179,0.873,0.904,0.007
28,18,0.511,0.591,0.021
28,180,0.851,0.886,0.008
28,181,0.838,0.876,0.009
28,182,0.671,0.736,0.018
28,183,0.634,0.704,0.02
28,184,0.908,0.931,0.005
28,185,0.777,0.826,0.012
28,186,0.67,0.736,0.018
28,187,0.529,0.609,0.026
28,188,0.596,0.67,0.022
28,189,0.824,0.865,0.009
28,19,0.663,0.729,0.014
28,190,0.724,0.782,0.015
28,191,0.771,0.821,0.012
28,192,0.876,0.906,0.007
28,193,0.741,0.797,0.014
28,194,0.647,0.716,0.019
28,195,0.868,0.899,0.007
28,196,0.74,0.796,0.014
28,197,0.627,0.698,0.02
28,198,0.523,0.603,0.027
28,199,0.68,0.744,0.017
28,20,0.508,0.588,0.021
28,200,0.721,0.779,0.015
28,201,0.801,0.846,0.011
28,202,0.796,0.842,0.011
28,203,0.8,0.845,0.011
28,204,0.802,0.846,0.011
28,205,0.726,0.783,0.015
28,206,0.822,0.863,0.01
28,207,0.914,0.935,-0.005
28,208,0.9,0.924,0.005
28,209,0.801,0.846,0.011
28,21,0.423,0.506,0.025
28,210,0.87,0.901,0.007
28,211,0.688,0.752,0.017
28,212,0.682,0.746,0.018
28,213,0.956,0.967,0.002
28,214,0.814,0.856,0.01
28,215,0.975,0.981,0.001
28,216,0.864,0.896,0.008
28,217,0.829,0.869,0.01
28,218,0.748,0.802,0.014
28,219,0.707,0.768,0.017
28,22,0.654,0.721,0.014
28,220,0.814,0.857,0.011
28,221,0.789,0.836,0.012
28,222,0.774,0.824,0.013
28,223,0.634,0.704,0.022
28,224,0.705,0.766,0.018
28,225,0.965,0.974,0.002
28,226,0.909,0.932,0.005
28,227,0.671,0.736,0.02
28,228,0.88,0.909,0.007
28,229,0.876,0.906,0.008
28,23,0.587,0.662,0.017
28,230,0.987,0.991,-0.001
28,231,0.998,0.999,0.0
28,232,0.948,0.961,0.003
28,233,0.966,0.975,-0.002
28,234,0.938,0.953,-0.004
28,235,0.797,0.843,-0.013
28,236,0.84,0.877,-0.011
28,237,0.919,0.939,-0.005
28,238,0.815,0.857,-0.013
28,239,0.987,0.99,0.001
28,24,0.598,0.672,0.017
28,240,0.912,0.934,-0.006
28,241,0.982,0.987,-0.001
28,242,0.961,0.971,-0.003
28,243,0.982,0.987,0.001
28,244,0.891,0.918,0.008
28,245,0.845,0.881,0.012
28,246,0.734,0.79,0.021
28,247,0.611,0.684,0.031
28,248,0.793,0.84,0.016
28,249,0.714,0.773,0.023
28,25,0.724,0.782,0.011
28,250,0.745,0.799,0.021
28,251,0.732,0.789,0.022
28,26,0.977,0.983,-0.001
28,27,0.738,0.794,0.011
28,28,0.757,0.809,0.01
28,29,0.678,0.742,0.013
28,30,0.899,0.924,0.004
28,31,0.874,0.905,0.005
28,32,0.965,0.974,0.001
28,33,0.613,0.685,0.016
28,34,0.62,0.691,0.016
28,35,0.763,0.814,0.01
28,36,0.702,0.763,0.012
28,37,0.8,0.845,-0.008
28,38,0.878,0.907,0.005
28,39,0.609,0.682,0.017
28,40,0.933,0.95,0.003
28,41,0.91,0.933,0.004
28,42,0.944,0.958,-0.002
28,43,0.609,0.682,-0.017
28,44,0.943,0.957,0.002
28,45,0.379,0.462,-0.029
28,46,0.766,0.817,-0.01
28,47,0.674,0.739,-0.014
28,48,0.969,0.977,-0.001
28,49,0.911,0.933,-0.004
28,50,0.668,0.734,-0.014
28,51,0.707,0.768,-0.013
28,52,0.966,0.975,0.001
28,53,0.765,0.817,-0.01
28,54,0.727,0.785,-0.012
28,55,0.926,0.944,0.003
28,56,0.992,0.994,0.0
28,57,0.909,0.932,-0.004
28,58,0.893,0.919,0.005
28,59,0.99,0.992,0.0
28,6,0.271,0.349,0.037
28,60,0.843,0.88,0.007
28,61,0.832,0.871,0.007
28,62,0.588,0.663,0.019
28,63,0.732,0.789,0.012
28,64,0.647,0.716,0.016
28,65,0.677,0.742,0.015
28,66,0.805,0.849,0.009
28,67,0.703,0.764,0.014
28,68,0.646,0.715,0.016
28,69,0.781,0.829,0.01
28,7,0.52,0.6,0.021
28,70,0.852,0.887,0.007
28,71,0.848,0.884,0.007
28,72,0.738,0.794,0.012
28,73,0.688,0.751,0.015
28,74,0.668,0.734,0.016
28,75,0.637,0.706,0.017
28,76,0.739,0.794,0.012
28,77,0.715,0.775,0.014
28,78,0.744,0.799,0.012
28,79,0.608,0.681,0.019
28,8,0.626,0.697,0.016
28,80,0.46,0.543,0.028
28,81,0.508,0.589,0.025
28,82,0.573,0.649,0.022
28,83,0.762,0.814,0.012
28,84,0.456,0.539,0.029
28,85,0.457,0.54,0.029
28,86,0.365,0.448,0.035
28,87,0.598,0.672,0.02
28,88,0.574,0.65,0.022
28,89,0.805,0.849,0.01
28,9,0.695,0.757,0.013
28,90,0.531,0.611,0.025
28,91,0.467,0.55,0.029
28,92,0.699,0.761,0.015
28,93,0.727,0.785,0.014
28,94,0.78,0.829,0.011
28,95,0.66,0.727,0.018
28,96,0.714,0.774,0.015
28,97,0.819,0.86,0.009
28,98,0.897,0.923,0.005
28,99,0.995,0.997,0.0
29,10,0.55,0.628,0.019
29,100,0.943,0.957,0.003
29,101,0.959,0.969,-0.002
29,102,0.943,0.957,-0.003
29,103,0.997,0.998,0.0
29,104,0.707,0.768,-0.016
29,105,0.883,0.911,-0.006
29,106,0.696,0.758,-0.016
29,107,0.774,0.824,-0.012
29,108,0.789,0.836,-0.011
29,109,0.927,0.946,-0.004
29,11,0.395,0.479,0.028
29,110,0.882,0.91,0.006
29,111,0.961,0.971,0.002
29,112,0.829,0.868,-0.009
29,113,0.927,0.945,-0.004
29,114,0.877,0.906,-0.007
29,115,0.867,0.899,-0.007
29,116,0.981,0.986,-0.001
29,117,0.973,0.98,-0.001
29,118,0.995,0.996,0.0
29,119,0.866,0.898,0.007
29,12,0.508,0.588,0.021
29,120,0.823,0.864,-0.01
29,121,0.795,0.841,-0.011
29,122,0.972,0.98,-0.002
29,123,0.848,0.883,-0.008
29,124,0.859,0.892,-0.008
29,125,0.909,0.932,-0.005
29,126,0.99,0.993,0.001
29,127,0.914,0.935,0.005
29,128,0.736,0.792,-0.015
29,129,0.79,0.837,-0.012
29,13,0.33,0.411,0.031
29,130,0.738,0.794,-0.015
29,131,0.836,0.874,-0.009
29,132,0.944,0.958,0.003
29,133,0.922,0.941,0.004
29,134,0.949,0.962,0.003
29,135,0.938,0.953,-0.003
29,136,0.891,0.917,-0.006
29,137,0.82,0.861,-0.01
29,138,0.923,0.942,0.004
29,139,0.807,0.851,0.011
29,14,0.427,0.511,0.025
29,140,0.959,0.969,0.002
29,141,0.978,0.983,0.001
29,142,0.994,0.995,-0.0
29,143,0.932,0.949,0.004
29,144,0.911,0.933,-0.005
29,145,0.688,0.752,-0.018
29,146,0.761,0.813,-0.014
29,147,0.683,0.747,-0.018
29,148,0.784,0.832,-0.012
29,149,0.654,0.722,-0.02
29,15,0.66,0.727,0.014
29,150,0.808,0.852,-0.011
29,151,0.614,0.686,-0.023
29,152,0.813,0.855,-0.011
29,153,0.955,0.967,-0.003
29,154,0.936,0.952,0.004
29,155,0.886,0.914,-0.006
29,156,0.782,0.831,-0.012
29,157,0.716,0.775,-0.016
29,158,0.644,0.713,-0.02
29,159,0.707,0.768,-0.017
29,16,0.426,0.509,0.025
29,160,0.957,0.968,-0.002
29,161,0.785,0.833,-0.012
29,162,0.891,0.917,-0.006
29,163,0.945,0.959,0.003
29,164,0.895,0.92,0.006
29,165,0.991,0.993,-0.0
29,166,0.774,0.824,-0.013
29,167,0.948,0.961,-0.003
29,168,0.864,0.896,-0.007
29,169,0.919,0.939,0.004
29,17,0.599,0.673,0.017
29,170,0.95,0.962,-0.003
29,171,0.889,0.916,-0.006
29,172,0.913,0.935,0.005
29,173,0.991,0.993,0.001
29,174,0.997,0.998,0.0
29,175,0.794,0.84,0.011
29,176,0.812,0.855,0.01
29,177,0.825,0.865,0.01
29,178,0.828,0.868,0.009
29,179,0.895,0.921,-0.006
29,18,0.519,0.599,0.02
29,180,0.918,0.938,0.004
29,181,0.993,0.995,0.0
29,182,0.998,0.998,-0.0
29,183,0.838,0.876,0.009
29,184,0.986,0.99,-0.001
29,185,0.998,0.999,0.0
29,186,0.8,0.845,-0.011
29,187,0.995,0.997,-0.0
29,188,0.726,0.784,-0.015
29,189,0.931,0.948,-0.004
29,19,0.301,0.381,0.033
29,190,0.984,0.988,0.001
29,191,0.968,0.976,0.002
29,192,0.995,0.996,0.0
29,193,0.99,0.993,-0.001
29,194,0.966,0.975,-0.002
29,195,0.97,0.978,-0.002
29,196,0.952,0.964,0.003
29,197,0.952,0.964,-0.003
29,198,0.983,0.988,-0.001
29,199,0.953,0.965,0.002
29,20,0.54,0.618,0.019
29,200,0.93,0.948,0.004
29,201,0.92,0.94,-0.004
29,202,0.911,0.933,0.005
29,203,0.897,0.922,0.005
29,204,0.824,0.865,0.009
29,205,0.806,0.85,0.01
29,206,0.656,0.724,0.019
29,207,0.669,0.734,0.018
29,208,0.801,0.846,0.011
29,209,0.709,0.769,0.016
29,21,0.682,0.746,0.013
29,210,0.735,0.792,0.014
29,211,0.722,0.78,0.015
29,212,0.726,0.784,0.015
29,213,0.754,0.807,0.013
29,214,0.767,0.818,0.013
29,215,0.703,0.764,0.017
29,216,0.872,0.902,0.007
29,217,0.878,0.907,-0.007
29,218,0.942,0.956,0.003
29,219,0.943,0.958,0.003
29,22,0.405,0.488,0.027
29,220,0.925,0.944,-0.004
29,221,0.969,0.977,0.002
29,222,0.99,0.992,0.001
29,223,0.9,0.925,-0.006
29,224,0.728,0.785,-0.016
29,225,0.831,0.87,-0.01
29,226,0.753,0.806,-0.015
29,227,0.88,0.909,-0.007
29,228,0.743,0.798,-0.016
29,229,0.639,0.709,-0.023
29,23,0.808,0.852,0.008
29,230,0.713,0.773,-0.018
29,231,0.893,0.919,-0.007
29,232,0.796,0.842,-0.013
29,233,0.864,0.896,-0.009
29,234,0.612,0.684,-0.026
29,235,0.911,0.933,0.006
29,236,0.859,0.892,0.009
29,237,0.977,0.983,-0.002
29,238,0.927,0.945,0.005
29,239,0.831,0.87,0.012
29,24,0.586,0.661,0.017
29,240,0.822,0.863,0.012
29,241,0.925,0.944,0.005
29,242,0.843,0.88,0.011
29,243,0.938,0.953,0.005
29,244,0.739,0.795,0.02
29,245,0.924,0.943,0.006
29,246,0.862,0.895,0.01
29,247,0.753,0.806,0.019
29,248,0.702,0.764,0.024
29,249,0.771,0.821,0.018
29,25,0.311,0.391,0.032
29,250,0.883,0.911,0.009
29,251,0.795,0.841,0.017
29,26,0.543,0.621,0.019
29,27,0.995,0.996,0.0
29,28,0.398,0.481,0.027
29,29,0.708,0.768,0.012
29,30,0.934,0.95,0.003
29,31,0.724,0.782,0.011
29,32,0.878,0.908,-0.005
29,33,0.732,0.789,0.011
29,34,0.664,0.731,0.014
29,35,0.603,0.676,0.017
29,36,0.698,0.76,0.012
29,37,0.807,0.851,0.008
29,38,0.733,0.789,0.011
29,39,0.838,0.876,0.007
29,40,0.458,0.54,0.024
29,41,0.827,0.867,0.007
29,42,0.85,0.885,0.006
29,43,0.635,0.705,0.016
29,44,0.992,0.994,0.0
29,45,0.969,0.977,0.001
29,46,0.967,0.975,-0.001
29,47,0.883,0.911,0.005
29,48,0.935,0.951,0.003
29,49,0.858,0.892,0.006
29,50,0.913,0.935,-0.004
29,51,0.932,0.949,-0.003
29,52,0.91,0.932,0.004
29,53,0.846,0.882,0.007
29,54,0.956,0.967,0.002
29,55,0.98,0.985,-0.001
29,56,0.69,0.753,0.014
29,57,0.988,0.991,-0.001
29,58,0.683,0.747,-0.014
29,59,0.919,0.939,0.004
29,6,0.442,0.525,0.026
29,60,0.956,0.967,0.002
29,61,0.893,0.919,-0.005
29,62,0.809,0.853,0.009
29,63,0.876,0.906,-0.006
29,64,0.782,0.83,0.01
29,65,0.911,0.933,0.004
29,66,0.957,0.968,-0.002
29,67,0.978,0.984,0.001
29,68,0.77,0.821,0.011
29,69,0.957,0.968,-0.002
29,7,0.338,0.419,0.032
29,70,0.814,0.857,0.009
29,71,0.755,0.808,0.011
29,72,0.835,0.873,0.008
29,73,0.54,0.619,0.023
29,74,0.915,0.936,0.004
29,75,0.751,0.805,0.012
29,76,0.735,0.791,0.013
29,77,0.695,0.757,0.015
29,78,0.772,0.822,0.011
29,79,0.714,0.773,0.014
29,8,0.706,0.767,0.013
29,80,0.912,0.934,0.004
29,81,0.777,0.826,0.011
29,82,0.604,0.677,0.02
29,83,0.82,0.861,0.009
29,84,0.803,0.848,0.01
29,85,0.728,0.785,0.014
29,86,0.966,0.975,-0.002
29,87,0.818,0.86,0.009
29,88,0.638,0.707,0.019
29,89,0.733,0.789,0.014
29,9,0.439,0.522,0.025
29,90,0.882,0.91,0.006
29,91,0.514,0.594,0.026
29,92,0.521,0.601,0.026
29,93,0.673,0.739,0.017
29,94,0.871,0.902,0.007
29,95,1.0,1.0,0.0
29,96,0.981,0.986,0.001
29,97,0.782,0.83,0.011
29,98,0.769,0.82,0.012
29,99,0.997,0.998,-0.0
3,10,0.433,0.516,-0.026
3,100,0.527,0.606,-0.023
3,101,0.712,0.771,-0.013
3,102,0.87,0.901,-0.006
3,103,0.943,0.958,0.003
3,104,0.999,0.999,-0.0
3,105,0.915,0.936,-0.004
3,106,0.881,0.909,-0.005
3,107,0.897,0.922,-0.005
3,108,0.652,0.72,-0.017
3,109,0.89,0.917,-0.005
3,11,0.612,0.685,-0.017
3,110,0.867,0.899,0.006
3,111,0.961,0.971,0.002
3,112,0.975,0.982,0.001
3,113,0.964,0.973,0.002
3,114,0.887,0.914,0.005
3,115,0.825,0.865,0.008
3,116,0.881,0.91,0.006
3,117,0.898,0.923,0.005
3,118,0.954,0.966,0.002
3,119,0.76,0.812,0.012
3,12,0.336,0.418,-0.031
3,120,0.935,0.951,0.003
3,121,0.775,0.825,0.011
3,122,0.956,0.967,0.002
3,123,0.631,0.701,0.018
3,124,0.825,0.865,0.008
3,125,0.684,0.748,0.016
3,126,0.705,0.766,0.015
3,127,0.744,0.799,0.013
3,128,0.557,0.635,0.023
3,129,0.545,0.623,0.023
3,13,0.486,0.568,-0.023
3,130,0.671,0.736,0.016
3,131,0.469,0.551,0.028
3,132,0.463,0.546,0.029
3,133,0.421,0.504,0.031
3,134,0.475,0.557,0.028
3,135,0.298,0.377,0.041
3,136,0.574,0.65,0.022
3,137,0.47,0.552,0.028
3,138,0.241,0.315,0.046
3,139,0.347,0.429,0.037
3,14,0.245,0.32,-0.037
3,140,0.38,0.463,0.035
3,141,0.265,0.342,0.044
3,142,0.196,0.265,0.051
3,143,0.309,0.389,0.04
3,144,0.337,0.418,0.038
3,145,0.507,0.587,0.026
3,146,0.482,0.564,0.028
3,147,0.404,0.487,0.033
3,148,0.412,0.495,0.033
3,149,0.454,0.537,0.03
3,15,0.399,0.483,-0.027
3,150,0.504,0.585,0.027
3,151,0.579,0.654,0.023
3,152,0.441,0.524,0.031
3,153,0.365,0.448,0.037
3,154,0.32,0.401,0.041
3,155,0.453,0.536,0.031
3,156,0.361,0.444,0.037
3,157,0.456,0.539,0.031
3,158,0.467,0.549,0.03
3,159,0.34,0.422,0.039
3,16,0.417,0.5,-0.026
3,160,0.366,0.449,0.037
3,161,0.374,0.457,0.037
3,162,0.322,0.403,0.041
3,163,0.396,0.479,0.035
3,164,0.416,0.499,0.034
3,165,0.397,0.481,0.035
3,166,0.424,0.508,0.033
3,167,0.438,0.521,0.032
3,168,0.5,0.581,0.028
3,169,0.488,0.57,0.029
3,17,0.292,0.371,-0.034
3,170,0.577,0.653,0.024
3,171,0.563,0.64,0.025
3,172,0.766,0.817,0.013
3,173,0.798,0.844,0.011
3,174,0.584,0.659,0.024
3,175,0.764,0.815,0.013
3,176,0.713,0.772,0.016
3,177,0.572,0.648,0.025
3,178,0.543,0.621,0.027
3,179,0.732,0.789,0.015
3,18,0.523,0.603,-0.02
3,180,0.688,0.751,0.018
3,181,0.52,0.6,0.029
3,182,0.724,0.782,0.016
3,183,0.682,0.746,0.018
3,184,0.885,0.913,0.007
3,185,0.776,0.826,0.013
3,186,0.803,0.847,0.011
3,187,0.727,0.784,0.016
3,188,0.618,0.69,0.023
3,189,0.486,0.568,0.032
3,19,0.402,0.485,-0.027
3,190,0.739,0.795,0.016
3,191,0.731,0.788,0.016
3,192,0.549,0.627,0.028
3,193,0.666,0.733,0.021
3,194,0.63,0.701,0.023
3,195,0.438,0.521,0.037
3,196,0.543,0.621,0.03
3,197,0.606,0.679,0.025
3,198,0.408,0.491,0.041
3,199,0.406,0.489,0.041
3,20,0.25,0.326,-0.037
3,200,0.426,0.509,0.04
3,201,0.472,0.554,0.036
3,202,0.44,0.523,0.039
3,203,0.564,0.641,0.029
3,204,0.374,0.457,0.045
3,205,0.48,0.562,0.036
3,206,0.558,0.636,0.03
3,207,0.55,0.628,0.031
3,208,0.572,0.649,0.029
3,209,0.351,0.433,0.049
3,21,0.523,0.603,-0.02
3,210,0.345,0.427,0.049
3,211,0.514,0.594,0.034
3,212,0.337,0.419,0.051
3,213,0.396,0.479,0.045
3,214,0.322,0.403,0.053
3,215,0.344,0.426,0.05
3,216,0.306,0.386,0.055
3,217,0.275,0.353,0.059
3,218,0.286,0.365,0.058
3,219,0.315,0.395,0.055
3,22,0.669,0.734,-0.014
3,220,0.242,0.316,0.064
3,221,0.227,0.3,0.066
3,222,0.276,0.354,0.06
3,223,0.275,0.353,0.06
3,224,0.269,0.346,0.061
3,225,0.261,0.338,0.062
3,226,0.278,0.357,0.06
3,227,0.454,0.537,0.042
3,228,0.37,0.453,0.05
3,229,0.257,0.333,0.064
3,23,0.639,0.708,-0.015
3,230,0.306,0.386,0.058
3,231,0.385,0.468,0.049
3,232,0.356,0.438,0.052
3,233,0.3,0.38,0.059
3,234,0.452,0.535,0.043
3,235,0.392,0.475,0.049
3,236,0.257,0.333,0.065
3,237,0.445,0.528,0.044
3,238,0.428,0.511,0.046
3,239,0.284,0.362,0.062
3,24,0.519,0.599,-0.02
3,240,0.335,0.417,0.056
3,241,0.217,0.289,0.072
3,242,0.279,0.357,0.064
3,243,0.387,0.47,0.051
3,244,0.293,0.372,0.063
3,245,0.3,0.38,0.062
3,246,0.374,0.457,0.054
3,247,0.355,0.437,0.057
3,248,0.422,0.505,0.05
3,249,0.443,0.526,0.048
3,25,0.341,0.423,-0.03
3,250,0.344,0.426,0.06
3,26,0.651,0.719,-0.014
3,27,0.308,0.388,-0.032
3,28,0.503,0.584,-0.021
3,29,0.494,0.576,-0.021
3,30,0.281,0.36,-0.034
3,31,0.427,0.51,-0.025
3,32,0.341,0.423,-0.03
3,33,0.399,0.483,-0.026
3,34,0.456,0.539,-0.023
3,35,0.931,0.948,-0.003
3,36,0.159,0.222,-0.044
3,37,0.377,0.46,-0.028
3,38,0.295,0.375,-0.033
3,39,0.324,0.405,-0.031
3,40,0.355,0.437,-0.029
3,41,0.438,0.521,-0.024
3,42,0.584,0.66,-0.017
3,43,0.199,0.268,-0.041
3,44,0.403,0.486,-0.027
3,45,0.316,0.396,-0.032
3,46,0.503,0.584,-0.021
3,47,0.308,0.389,-0.033
3,48,0.419,0.503,-0.026
3,49,0.37,0.453,-0.029
3,50,0.25,0.325,-0.037
3,51,0.289,0.368,-0.034
3,52,0.105,0.155,-0.052
3,53,0.252,0.328,-0.037
3,54,0.118,0.172,-0.05
3,55,0.097,0.145,-0.054
3,56,0.243,0.317,-0.038
3,57,0.152,0.213,-0.046
3,58,0.055,0.089,-0.062
3,59,0.22,0.293,-0.04
3,60,0.218,0.29,-0.04
3,61,0.096,0.144,-0.055
3,62,0.092,0.139,-0.055
3,63,0.157,0.219,-0.047
3,64,0.149,0.21,-0.047
3,65,0.185,0.252,-0.044
3,66,0.133,0.19,-0.05
3,67,0.116,0.169,-0.052
3,68,0.203,0.273,-0.043
3,69,0.202,0.272,-0.043
3,7,0.533,0.613,-0.022
3,70,0.174,0.239,-0.046
3,71,0.224,0.296,-0.041
3,72,0.305,0.385,-0.035
3,73,0.205,0.275,-0.043
3,74,0.233,0.306,-0.04
3,75,0.358,0.44,-0.031
3,76,0.555,0.632,-0.02
3,77,0.587,0.662,-0.019
3,78,0.508,0.589,-0.023
3,79,0.448,0.531,-0.026
3,8,0.386,0.469,-0.03
3,80,0.81,0.853,-0.008
3,81,0.733,0.79,-0.012
3,82,0.923,0.942,-0.003
3,83,0.694,0.757,-0.014
3,84,0.827,0.867,-0.008
3,85,0.964,0.974,0.002
3,86,0.795,0.841,-0.009
3,87,0.943,0.958,-0.002
3,88,0.639,0.709,0.016
3,89,0.947,0.961,-0.002
3,9,0.246,0.321,-0.039
3,90,0.785,0.833,-0.01
3,91,0.749,0.803,-0.011
3,92,0.963,0.973,0.002
3,93,0.774,0.823,-0.01
3,94,0.68,0.744,-0.015
3,95,0.654,0.722,-0.016
3,96,0.91,0.932,-0.004
3,97,0.861,0.894,-0.006
3,98,0.552,0.63,-0.021
3,99,0.551,0.629,-0.022
30,10,0.999,0.999,-0.0
30,100,0.813,0.855,-0.01
30,101,0.619,0.691,-0.021
30,102,0.757,0.809,-0.013
30,103,0.98,0.985,0.001
30,104,0.841,0.878,-0.009
30,105,0.971,0.979,0.002
30,106,0.994,0.996,-0.0
30,107,0.945,0.959,-0.003
30,108,0.95,0.963,-0.003
30,109,0.834,0.873,-0.009
30,11,0.979,0.985,0.001
30,110,0.841,0.878,-0.009
30,111,0.806,0.85,-0.011
30,112,0.966,0.975,0.002
30,113,0.909,0.931,0.005
30,114,0.82,0.861,0.01
30,115,0.721,0.779,0.016
30,116,0.819,0.86,0.01
30,117,0.907,0.93,0.005
30,118,0.903,0.927,-0.005
30,119,0.891,0.917,-0.006
30,12,0.782,0.831,-0.009
30,120,0.887,0.914,0.006
30,121,0.956,0.967,0.002
30,122,0.987,0.99,-0.001
30,123,0.901,0.925,0.006
30,124,0.883,0.911,0.007
30,125,0.929,0.947,0.004
30,126,0.985,0.989,-0.001
30,127,0.99,0.993,0.001
30,128,0.752,0.805,-0.014
30,129,0.927,0.946,0.004
30,13,0.837,0.875,0.007
30,130,0.902,0.926,0.005
30,131,0.994,0.995,0.0
30,132,0.731,0.788,0.015
30,133,0.819,0.861,0.01
30,134,0.949,0.962,0.003
30,135,0.983,0.987,0.001
30,136,0.995,0.996,0.0
30,137,0.998,0.999,0.0
30,138,0.96,0.97,-0.002
30,139,0.891,0.917,0.006
30,14,0.959,0.97,-0.002
30,140,0.964,0.973,0.002
30,141,0.944,0.958,0.003
30,142,0.985,0.989,-0.001
30,143,0.985,0.989,0.001
30,144,0.964,0.973,0.002
30,145,0.887,0.914,-0.006
30,146,0.917,0.938,-0.005
30,147,0.904,0.927,-0.005
30,148,0.942,0.957,0.003
30,149,0.891,0.917,0.006
30,15,0.727,0.784,0.011
30,150,0.783,0.831,0.012
30,151,0.869,0.901,0.007
30,152,0.902,0.926,0.006
30,153,0.849,0.885,-0.009
30,154,0.876,0.906,-0.007
30,155,0.691,0.754,-0.018
30,156,0.719,0.778,-0.016
30,157,0.83,0.869,-0.01
30,158,0.886,0.913,-0.006
30,159,0.778,0.827,-0.013
30,16,0.679,0.744,0.013
30,160,0.735,0.791,-0.015
30,161,0.594,0.669,-0.024
30,162,0.721,0.78,-0.016
30,163,0.891,0.918,-0.006
30,164,1.0,1.0,-0.0
30,165,0.818,0.859,-0.01
30,166,0.849,0.885,-0.008
30,167,0.999,1.0,-0.0
30,168,0.979,0.984,-0.001
30,169,0.994,0.995,0.0
30,17,0.891,0.917,-0.004
30,170,0.927,0.945,-0.004
30,171,0.99,0.993,0.001
30,172,0.974,0.981,0.001
30,173,0.913,0.934,0.005
30,174,0.99,0.993,-0.001
30,175,0.975,0.982,0.001
30,176,0.908,0.93,0.005
30,177,0.955,0.966,-0.002
30,178,0.94,0.955,-0.003
30,179,0.791,0.838,-0.011
30,18,0.99,0.993,0.0
30,180,0.985,0.989,0.001
30,181,0.874,0.904,0.007
30,182,0.879,0.908,0.007
30,183,0.948,0.961,0.003
30,184,0.852,0.887,-0.008
30,185,0.925,0.944,-0.004
30,186,0.861,0.894,-0.007
30,187,0.99,0.993,-0.001
30,188,0.911,0.933,0.005
30,189,0.902,0.926,-0.005
30,19,0.821,0.862,0.007
30,190,0.955,0.966,-0.002
30,191,0.925,0.944,0.004
30,192,0.831,0.87,0.009
30,193,0.87,0.901,0.007
30,194,0.79,0.837,0.011
30,195,0.661,0.728,0.018
30,196,0.687,0.751,0.017
30,197,0.954,0.965,0.002
30,198,0.99,0.993,-0.001
30,199,0.982,0.987,0.001
30,20,0.71,0.77,0.012
30,200,0.875,0.905,0.007
30,201,0.999,0.999,0.0
30,202,0.884,0.912,0.006
30,203,0.869,0.9,-0.007
30,204,0.937,0.953,0.003
30,205,0.951,0.963,-0.003
30,206,0.917,0.938,0.004
30,207,0.837,0.875,0.009
30,208,0.951,0.964,0.003
30,209,0.818,0.859,-0.01
30,21,0.915,0.936,-0.003
30,210,0.875,0.905,-0.007
30,211,0.913,0.935,-0.005
30,212,0.834,0.873,0.009
30,213,0.787,0.834,0.012
30,214,0.915,0.936,0.005
30,215,0.985,0.989,-0.001
30,216,0.996,0.997,-0.0
30,217,0.869,0.901,-0.007
30,218,0.862,0.894,0.008
30,219,0.968,0.976,0.002
30,22,0.796,0.842,0.008
30,220,0.956,0.967,0.002
30,221,0.907,0.93,0.005
30,222,0.912,0.934,0.005
30,223,0.84,0.877,-0.009
30,224,0.968,0.976,-0.002
30,225,0.868,0.9,0.008
30,226,0.989,0.992,0.001
30,227,0.994,0.995,0.0
30,228,0.846,0.882,-0.009
30,229,0.962,0.972,-0.002
30,23,0.577,0.653,0.018
30,230,0.955,0.967,0.003
30,231,0.878,0.908,-0.008
30,232,0.847,0.883,0.01
30,233,0.828,0.867,0.011
30,234,0.935,0.952,0.004
30,235,0.88,0.909,0.008
30,236,0.811,0.854,0.012
30,237,0.963,0.972,0.002
30,238,0.947,0.96,-0.004
30,239,0.787,0.835,0.015
30,24,0.791,0.838,0.008
30,240,0.78,0.829,0.015
30,241,0.982,0.986,-0.001
30,242,0.935,0.952,0.005
30,243,0.96,0.97,0.003
30,244,0.904,0.928,0.007
30,245,0.98,0.985,-0.001
30,246,0.887,0.915,0.009
30,247,0.84,0.877,0.012
30,248,0.949,0.962,0.004
30,249,0.968,0.976,-0.003
30,25,0.543,0.621,0.019
30,250,0.976,0.983,0.002
30,251,0.978,0.984,-0.002
30,26,0.833,0.871,0.007
30,27,0.698,0.76,0.012
30,28,0.733,0.79,0.011
30,29,0.798,0.844,0.008
30,30,0.863,0.895,0.006
30,31,0.852,0.887,0.006
30,32,0.691,0.754,0.013
30,33,0.817,0.859,0.007
30,34,0.731,0.788,0.011
30,35,0.552,0.63,0.019
30,36,0.579,0.655,0.018
30,37,0.921,0.941,0.003
30,38,0.747,0.801,0.011
30,39,0.761,0.813,0.01
30,40,0.327,0.408,0.032
30,41,0.649,0.717,0.015
30,42,0.849,0.884,0.006
30,43,0.672,0.737,0.014
30,44,0.665,0.732,0.014
30,45,0.931,0.949,0.003
30,46,0.848,0.884,0.006
30,47,0.525,0.604,0.022
30,48,0.431,0.514,0.027
30,49,0.675,0.74,0.014
30,50,0.735,0.791,0.012
30,51,0.711,0.771,0.013
30,52,0.672,0.738,0.014
30,53,0.495,0.576,0.024
30,54,0.718,0.777,0.012
30,55,0.703,0.764,0.013
30,56,0.871,0.902,0.006
30,57,0.777,0.827,0.01
30,58,0.818,0.859,0.008
30,59,0.959,0.97,0.002
30,6,0.469,0.551,0.024
30,60,0.723,0.781,0.012
30,61,0.918,0.938,0.004
30,62,0.691,0.754,0.014
30,63,0.827,0.867,0.008
30,64,0.839,0.876,0.007
30,65,0.869,0.901,0.006
30,66,0.605,0.678,0.019
30,67,0.475,0.557,0.026
30,68,0.727,0.784,0.013
30,69,0.825,0.865,-0.008
30,7,0.833,0.872,0.007
30,70,0.887,0.915,0.005
30,71,0.881,0.909,0.006
30,72,0.817,0.859,0.009
30,73,0.797,0.843,0.01
30,74,0.822,0.863,0.008
30,75,0.829,0.869,0.008
30,76,0.797,0.842,0.01
30,77,0.923,0.942,0.004
30,78,0.912,0.934,0.004
30,79,0.907,0.93,0.004
30,8,0.96,0.97,-0.002
30,80,0.862,0.895,0.007
30,81,0.966,0.975,0.002
30,82,0.805,0.849,0.01
30,83,0.687,0.75,0.016
30,84,0.749,0.803,0.013
30,85,0.895,0.92,0.005
30,86,0.738,0.794,0.013
30,87,0.664,0.73,0.017
30,88,0.85,0.885,0.008
30,89,0.974,0.981,0.001
30,9,0.925,0.944,0.003
30,90,0.759,0.811,0.012
30,91,0.925,0.944,0.004
30,92,0.781,0.83,0.011
30,93,0.833,0.871,0.009
30,94,0.95,0.963,-0.003
30,95,0.999,0.999,-0.0
30,96,0.882,0.911,-0.006
30,97,0.832,0.871,-0.009
30,98,0.872,0.903,-0.007
30,99,0.844,0.881,-0.008
31,10,0.758,0.811,-0.01
31,100,0.874,0.905,-0.007
31,101,0.939,0.954,-0.003
31,102,0.854,0.888,-0.008
31,103,0.799,0.844,-0.011
31,104,0.848,0.884,-0.008
31,105,0.995,0.996,0.0
31,106,0.982,0.987,-0.001
31,107,0.993,0.995,-0.0
31,108,0.837,0.875,-0.009
31,109,0.774,0.824,-0.012
31,11,0.906,0.929,-0.004
31,110,0.851,0.886,-0.008
31,111,0.813,0.856,-0.01
31,112,0.877,0.907,0.007
31,113,0.995,0.996,-0.0
31,114,0.87,0.901,0.007
31,115,0.848,0.884,0.008
31,116,0.825,0.865,0.01
31,117,0.778,0.827,0.012
31,118,0.952,0.964,0.003
31,119,0.871,0.902,0.007
31,12,0.842,0.879,0.006
31,120,0.956,0.967,-0.002
31,121,0.909,0.932,-0.005
31,122,0.894,0.92,0.006
31,123,0.945,0.959,-0.003
31,124,0.918,0.939,0.005
31,125,0.965,0.974,-0.002
31,126,0.874,0.904,-0.007
31,127,0.96,0.97,0.002
31,128,0.996,0.997,0.0
31,129,0.957,0.968,-0.002
31,13,0.755,0.808,-0.01
31,130,0.869,0.9,-0.007
31,131,0.974,0.981,-0.001
31,132,0.903,0.927,0.006
31,133,0.907,0.93,0.005
31,134,0.868,0.9,0.008
31,135,0.89,0.917,0.006
31,136,0.916,0.937,0.005
31,137,0.791,0.837,0.012
31,138,0.901,0.926,0.006
31,139,0.795,0.841,0.012
31,14,0.732,0.789,-0.011
31,140,0.811,0.854,0.011
31,141,0.785,0.833,0.012
31,142,0.886,0.914,0.007
31,143,0.889,0.916,0.006
31,144,0.764,0.815,0.014
31,145,0.817,0.859,0.01
31,146,0.873,0.904,0.007
31,147,0.881,0.91,0.007
31,148,0.751,0.804,0.014
31,149,0.894,0.92,0.006
31,15,0.843,0.88,-0.006
31,150,0.865,0.897,0.008
31,151,0.777,0.826,0.013
31,152,0.664,0.73,0.02
31,153,0.641,0.711,0.021
31,154,0.882,0.911,0.007
31,155,0.825,0.865,0.01
31,156,0.769,0.819,0.013
31,157,0.799,0.844,0.012
31,158,0.813,0.856,0.011
31,159,0.963,0.972,0.002
31,16,0.707,0.768,-0.012
31,160,0.929,0.947,-0.004
31,161,0.854,0.889,-0.008
31,162,0.946,0.96,-0.003
31,163,0.995,0.997,-0.0
31,164,0.93,0.948,-0.004
31,165,0.918,0.938,0.005
31,166,0.954,0.966,0.003
31,167,0.837,0.875,-0.009
31,168,0.987,0.99,-0.001
31,169,0.868,0.9,-0.007
31,17,0.964,0.973,-0.001
31,170,0.922,0.941,-0.004
31,171,0.758,0.811,0.014
31,172,0.972,0.979,0.002
31,173,0.946,0.96,0.003
31,174,0.91,0.932,-0.005
31,175,0.944,0.958,0.003
31,176,0.974,0.981,0.001
31,177,0.947,0.961,-0.003
31,178,0.804,0.848,0.011
31,179,0.833,0.872,0.009
31,18,0.948,0.962,0.002
31,180,0.844,0.88,-0.009
31,181,0.962,0.972,0.002
31,182,0.927,0.945,-0.004
31,183,0.759,0.811,0.013
31,184,0.597,0.671,0.023
31,185,0.823,0.864,0.01
31,186,0.815,0.857,0.01
31,187,0.7,0.761,0.016
31,188,0.612,0.685,0.022
31,189,0.654,0.722,0.019
31,19,0.964,0.973,0.001
31,190,0.785,0.833,0.012
31,191,0.82,0.861,0.01
31,192,0.7,0.761,0.016
31,193,0.687,0.751,0.017
31,194,0.866,0.898,0.007
31,195,0.986,0.989,-0.001
31,196,0.792,0.838,-0.011
31,197,0.9,0.925,-0.005
31,198,0.982,0.987,-0.001
31,199,0.843,0.88,0.008
31,20,0.87,0.901,-0.005
31,200,0.866,0.898,0.007
31,201,0.967,0.975,0.002
31,202,0.949,0.962,0.003
31,203,0.906,0.929,-0.005
31,204,0.851,0.886,-0.008
31,205,0.859,0.892,-0.008
31,206,0.973,0.98,-0.001
31,207,0.883,0.911,0.006
31,208,0.969,0.977,0.002
31,209,0.959,0.97,0.002
31,21,0.666,0.732,0.014
31,210,0.921,0.941,-0.004
31,211,0.794,0.84,-0.011
31,212,0.861,0.894,-0.008
31,213,0.836,0.874,0.009
31,214,0.951,0.964,0.003
31,215,0.955,0.967,0.002
31,216,0.994,0.996,0.0
31,217,0.876,0.906,-0.007
31,218,0.896,0.921,0.006
31,219,0.97,0.978,0.002
31,22,0.648,0.717,0.015
31,220,0.889,0.916,0.006
31,221,0.872,0.903,0.007
31,222,0.969,0.977,0.002
31,223,0.892,0.918,0.006
31,224,0.928,0.946,0.004
31,225,0.998,0.998,-0.0
31,226,0.966,0.974,-0.002
31,227,0.925,0.944,-0.004
31,228,0.985,0.989,0.001
31,229,0.869,0.9,-0.008
31,23,0.836,0.874,0.007
31,230,0.747,0.801,-0.016
31,231,0.637,0.707,-0.023
31,232,0.984,0.988,-0.001
31,233,0.872,0.903,-0.008
31,234,0.91,0.933,-0.006
31,235,0.789,0.836,-0.014
31,236,0.868,0.899,-0.009
31,237,0.943,0.958,-0.004
31,238,0.958,0.969,-0.003
31,239,0.916,0.937,0.006
31,24,0.958,0.969,0.002
31,240,0.933,0.95,0.005
31,241,0.911,0.933,0.006
31,242,0.768,0.819,0.017
31,243,0.971,0.979,0.002
31,244,0.86,0.893,0.01
31,245,0.969,0.977,-0.002
31,246,0.923,0.942,0.006
31,247,0.882,0.91,0.009
31,248,0.996,0.997,-0.0
31,249,0.823,0.863,0.014
31,25,0.519,0.599,0.021
31,250,0.965,0.974,0.003
31,251,0.983,0.987,-0.001
31,26,0.67,0.736,0.014
31,27,0.76,0.812,0.01
31,28,0.577,0.653,0.018
31,29,0.765,0.816,0.01
31,30,0.738,0.793,0.011
31,31,0.473,0.555,0.023
31,32,0.624,0.695,0.016
31,33,0.421,0.505,0.026
31,34,0.548,0.626,0.02
31,35,0.682,0.746,0.013
31,36,0.535,0.614,0.02
31,37,0.842,0.879,0.007
31,38,0.461,0.543,0.024
31,39,0.403,0.486,0.028
31,40,0.596,0.67,0.018
31,41,0.592,0.667,0.018
31,42,0.66,0.727,0.015
31,43,0.539,0.617,0.021
31,44,0.596,0.67,0.018
31,45,0.637,0.707,0.016
31,46,0.95,0.963,0.002
31,47,0.585,0.66,0.019
31,48,0.64,0.709,0.016
31,49,0.693,0.755,0.014
31,50,0.548,0.626,0.021
31,51,0.507,0.588,0.023
31,52,0.592,0.667,0.019
31,53,0.456,0.539,0.026
31,54,0.73,0.787,0.012
31,55,0.561,0.638,0.02
31,56,0.695,0.757,0.014
31,57,0.774,0.823,0.01
31,58,0.481,0.562,0.025
31,59,0.539,0.618,0.022
31,6,0.83,0.869,-0.007
31,60,0.795,0.841,0.009
31,61,0.627,0.698,0.017
31,62,0.486,0.568,0.025
31,63,0.433,0.516,0.028
31,64,0.571,0.648,0.02
31,65,0.566,0.643,0.021
31,66,0.683,0.747,0.015
31,67,0.774,0.824,0.01
31,68,0.656,0.723,0.016
31,69,0.706,0.766,0.014
31,7,0.642,0.711,-0.016
31,70,0.779,0.828,0.01
31,71,0.757,0.81,0.011
31,72,0.461,0.544,0.027
31,73,0.546,0.624,0.023
31,74,0.629,0.699,0.018
31,75,0.669,0.735,0.016
31,76,0.611,0.683,0.019
31,77,0.694,0.756,0.015
31,78,0.84,0.878,0.008
31,79,0.759,0.811,0.012
31,8,0.795,0.841,-0.009
31,80,0.618,0.69,0.019
31,81,0.922,0.942,0.004
31,82,0.731,0.788,0.013
31,83,0.705,0.766,0.015
31,84,0.718,0.777,0.014
31,85,0.78,0.829,0.011
31,86,0.792,0.838,0.011
31,87,0.764,0.816,0.012
31,88,0.791,0.837,0.011
31,89,0.714,0.774,0.015
31,9,0.959,0.969,-0.002
31,90,0.956,0.967,-0.002
31,91,0.974,0.981,-0.001
31,92,0.844,0.88,-0.008
31,93,0.977,0.983,-0.001
31,94,0.864,0.897,-0.007
31,95,0.9,0.925,-0.005
31,96,0.954,0.965,-0.002
31,97,0.981,0.986,-0.001
31,98,0.987,0.99,-0.001
31,99,0.934,0.95,-0.003
32,10,0.643,0.712,0.015
32,100,0.689,0.752,0.017
32,101,0.835,0.873,0.009
32,102,0.914,0.936,0.005
32,103,0.843,0.88,0.008
32,104,0.81,0.853,0.01
32,105,0.847,0.883,0.008
32,106,0.968,0.977,-0.002
32,107,0.82,0.862,0.01
32,108,0.976,0.983,-0.001
32,109,0.993,0.995,0.0
32,11,0.778,0.827,0.009
32,110,0.923,0.943,0.004
32,111,0.971,0.979,0.002
32,112,0.933,0.95,0.004
32,113,0.948,0.961,0.003
32,114,0.997,0.998,0.0
32,115,0.68,0.744,-0.018
32,116,0.898,0.923,-0.006
32,117,0.92,0.94,-0.004
32,118,0.991,0.994,0.0
32,119,0.881,0.91,-0.007
32,12,0.768,0.818,0.01
32,120,0.858,0.892,0.008
32,121,0.9,0.925,-0.006
32,122,0.959,0.969,0.002
32,123,0.962,0.972,-0.002
32,124,0.923,0.943,-0.004
32,125,0.89,0.917,-0.006
32,126,0.943,0.958,-0.003
32,127,0.987,0.99,-0.001
32,128,0.91,0.932,-0.005
32,129,0.946,0.96,-0.003
32,13,0.895,0.921,0.004
32,130,0.737,0.793,0.015
32,131,0.848,0.884,0.009
32,132,0.862,0.895,0.008
32,133,0.782,0.83,0.013
32,134,0.904,0.928,0.005
32,135,0.949,0.962,-0.003
32,136,0.85,0.885,0.009
32,137,0.977,0.983,0.001
32,138,0.95,0.963,0.003
32,139,0.945,0.959,0.003
32,14,0.684,0.748,0.013
32,140,0.998,0.999,-0.0
32,141,0.863,0.896,-0.008
32,142,0.87,0.901,-0.007
32,143,0.948,0.961,0.003
32,144,0.92,0.94,-0.005
32,145,0.927,0.945,0.004
32,146,0.968,0.976,0.002
32,147,0.94,0.955,0.003
32,148,0.89,0.917,0.006
32,149,0.893,0.919,0.006
32,15,0.852,0.887,-0.006
32,150,0.798,0.844,0.012
32,151,0.904,0.928,0.005
32,152,0.893,0.919,0.006
32,153,0.981,0.986,-0.001
32,154,0.901,0.925,-0.006
32,155,0.906,0.93,-0.005
32,156,0.867,0.899,0.008
32,157,0.828,0.868,0.01
32,158,0.995,0.996,-0.0
32,159,0.947,0.96,0.003
32,16,0.965,0.974,0.001
32,160,0.965,0.974,0.002
32,161,0.985,0.989,0.001
32,162,0.817,0.859,0.01
32,163,0.754,0.807,0.014
32,164,0.97,0.978,0.002
32,165,0.882,0.91,-0.007
32,166,0.888,0.916,-0.006
32,167,0.845,0.881,-0.009
32,168,0.986,0.99,-0.001
32,169,0.816,0.858,-0.01
32,17,0.975,0.981,0.001
32,170,0.906,0.929,0.005
32,171,0.933,0.95,0.004
32,172,0.89,0.917,0.006
32,173,0.801,0.846,0.011
32,174,0.783,0.831,0.012
32,175,0.889,0.916,0.006
32,176,0.969,0.977,0.002
32,177,0.961,0.971,0.002
32,178,0.799,0.844,0.011
32,179,0.813,0.856,0.01
32,18,0.905,0.928,-0.004
32,180,0.893,0.919,0.006
32,181,0.941,0.956,0.003
32,182,0.931,0.949,0.004
32,183,0.999,1.0,0.0
32,184,0.848,0.883,-0.008
32,185,0.87,0.901,-0.007
32,186,0.998,0.999,0.0
32,187,0.988,0.991,-0.001
32,188,0.695,0.757,0.017
32,189,0.979,0.984,0.001
32,19,0.855,0.889,0.006
32,190,0.982,0.987,-0.001
32,191,0.992,0.994,0.0
32,192,0.753,0.806,-0.013
32,193,0.776,0.825,-0.012
32,194,0.884,0.912,-0.006
32,195,0.699,0.76,-0.016
32,196,0.885,0.913,-0.006
32,197,0.953,0.965,-0.003
32,198,0.845,0.881,-0.008
32,199,0.79,0.837,-0.011
32,20,0.96,0.971,0.002
32,200,0.871,0.902,-0.007
32,201,0.722,0.781,-0.015
32,202,0.818,0.86,-0.01
32,203,0.905,0.928,-0.005
32,204,0.668,0.734,-0.018
32,205,0.91,0.932,-0.005
32,206,0.991,0.993,-0.0
32,207,0.975,0.981,0.001
32,208,0.888,0.915,-0.006
32,209,0.852,0.887,-0.008
32,21,0.841,0.878,-0.006
32,210,0.954,0.965,-0.002
32,211,0.983,0.987,0.001
32,212,0.966,0.975,0.002
32,213,0.95,0.963,-0.003
32,214,0.678,0.743,-0.018
32,215,0.802,0.846,-0.011
32,216,0.926,0.944,0.004
32,217,0.863,0.896,0.008
32,218,0.886,0.913,0.006
32,219,0.98,0.986,0.001
32,22,0.96,0.971,0.002
32,220,0.833,0.872,-0.009
32,221,0.851,0.886,-0.008
32,222,0.987,0.99,0.001
32,223,0.942,0.957,-0.003
32,224,0.916,0.937,-0.005
32,225,0.874,0.904,-0.007
32,226,0.828,0.868,-0.01
32,227,0.724,0.782,-0.016
32,228,0.88,0.909,-0.007
32,229,0.95,0.963,-0.003
32,23,0.971,0.978,-0.001
32,230,0.865,0.898,-0.008
32,231,0.894,0.92,-0.006
32,232,0.727,0.784,-0.017
32,233,0.882,0.91,-0.007
32,234,0.825,0.865,-0.011
32,235,0.927,0.945,-0.005
32,236,0.932,0.949,-0.004
32,237,0.978,0.984,-0.001
32,238,0.98,0.985,-0.001
32,239,0.926,0.945,0.005
32,24,0.802,0.847,0.008
32,240,0.99,0.993,-0.001
32,241,0.896,0.921,0.007
32,242,0.924,0.943,-0.005
32,243,0.745,0.799,0.019
32,244,0.819,0.86,0.013
32,245,0.923,0.942,0.006
32,246,0.851,0.886,0.011
32,247,0.928,0.946,0.005
32,248,0.892,0.918,0.008
32,249,0.884,0.912,0.009
32,25,0.625,0.696,0.016
32,250,0.835,0.873,0.013
32,251,0.883,0.911,0.009
32,26,0.622,0.693,0.016
32,27,0.619,0.691,0.016
32,28,0.592,0.666,0.017
32,29,0.742,0.797,0.011
32,30,0.579,0.655,0.018
32,31,0.667,0.733,0.014
32,32,0.675,0.74,0.014
32,33,0.476,0.558,0.023
32,34,0.445,0.528,0.025
32,35,0.741,0.796,0.011
32,36,0.938,0.954,-0.003
32,37,0.817,0.859,0.008
32,38,0.66,0.727,0.015
32,39,0.681,0.745,0.014
32,40,0.728,0.785,0.012
32,41,0.583,0.659,0.018
32,42,0.604,0.678,0.017
32,43,0.585,0.66,0.018
32,44,0.56,0.638,0.02
32,45,0.69,0.753,0.013
32,46,0.704,0.765,0.013
32,47,0.649,0.717,0.015
32,48,0.404,0.487,0.028
32,49,0.403,0.487,0.029
32,50,0.556,0.634,0.02
32,51,0.574,0.65,0.019
32,52,0.328,0.41,0.034
32,53,0.559,0.636,0.02
32,54,0.606,0.679,0.018
32,55,0.516,0.596,0.023
32,56,0.324,0.405,0.035
32,57,0.439,0.522,0.027
32,58,0.446,0.529,0.027
32,59,0.401,0.485,0.03
32,6,0.554,0.632,0.02
32,60,0.432,0.515,0.028
32,61,0.48,0.562,0.025
32,62,0.525,0.605,0.023
32,63,0.454,0.536,0.027
32,64,0.447,0.53,0.028
32,65,0.452,0.535,0.027
32,66,0.406,0.489,0.031
32,67,0.435,0.518,0.029
32,68,0.405,0.488,0.031
32,69,0.665,0.731,0.016
32,7,0.635,0.705,0.016
32,70,0.423,0.506,0.03
32,71,0.479,0.561,0.027
32,72,0.684,0.748,0.015
32,73,0.585,0.66,0.021
32,74,0.576,0.652,0.021
32,75,0.396,0.48,0.032
32,76,0.531,0.611,0.024
32,77,0.62,0.691,0.019
32,78,0.796,0.842,0.01
32,79,0.554,0.631,0.023
32,8,1.0,1.0,0.0
32,80,0.55,0.628,0.023
32,81,0.452,0.535,0.03
32,82,0.651,0.719,0.018
32,83,0.662,0.729,0.017
32,84,0.743,0.798,0.013
32,85,0.601,0.674,0.021
32,86,0.865,0.897,0.007
32,87,0.637,0.707,0.019
32,88,0.538,0.617,0.025
32,89,0.85,0.885,0.008
32,9,0.706,0.767,0.012
32,90,0.79,0.837,0.011
32,91,0.891,0.917,0.006
32,92,0.702,0.763,0.016
32,93,0.626,0.697,0.02
32,94,0.689,0.752,0.017
32,95,0.928,0.946,0.004
32,96,0.984,0.988,0.001
32,97,0.948,0.961,0.003
32,98,0.754,0.807,0.013
32,99,0.81,0.853,0.01
33,10,0.815,0.857,0.008
33,100,0.748,0.802,0.014
33,101,0.546,0.624,0.026
33,102,0.454,0.536,0.032
33,103,0.58,0.656,0.024
33,104,0.478,0.56,0.031
33,105,0.586,0.661,0.023
33,106,0.837,0.875,0.009
33,107,0.705,0.765,0.017
33,108,0.912,0.934,0.005
33,109,0.999,0.999,-0.0
33,11,0.762,0.814,0.01
33,110,0.836,0.874,0.009
33,111,0.634,0.704,0.021
33,112,0.707,0.768,0.016
33,113,0.869,0.9,0.007
33,114,0.887,0.914,0.006
33,115,0.807,0.851,0.011
33,116,0.996,0.997,0.0
33,117,0.932,0.949,-0.004
33,118,0.938,0.954,-0.003
33,119,0.869,0.9,-0.007
33,12,0.781,0.83,0.009
33,120,0.915,0.936,-0.005
33,121,0.859,0.892,-0.008
33,122,0.912,0.934,-0.005
33,123,0.961,0.971,-0.002
33,124,0.929,0.946,-0.004
33,125,0.884,0.912,-0.007
33,126,0.959,0.97,0.002
33,127,0.904,0.928,0.005
33,128,0.97,0.978,-0.002
33,129,0.931,0.949,-0.004
33,13,0.689,0.752,0.013
33,130,0.926,0.945,0.004
33,131,0.774,0.824,0.013
33,132,0.899,0.924,0.006
33,133,0.872,0.903,0.007
33,134,0.906,0.929,0.005
33,135,0.967,0.976,0.002
33,136,0.998,0.998,0.0
33,137,0.791,0.838,0.012
33,138,0.907,0.93,0.005
33,139,0.906,0.929,0.005
33,14,0.965,0.974,-0.001
33,140,0.985,0.989,0.001
33,141,0.959,0.97,0.002
33,142,0.876,0.906,0.007
33,143,0.975,0.982,0.001
33,144,0.869,0.9,-0.007
33,145,0.856,0.89,-0.008
33,146,0.909,0.932,-0.005
33,147,0.916,0.937,-0.005
33,148,0.887,0.914,-0.006
33,149,0.933,0.95,0.004
33,15,0.95,0.962,0.002
33,150,0.915,0.936,0.005
33,151,0.97,0.978,-0.002
33,152,0.906,0.929,-0.005
33,153,0.93,0.948,-0.004
33,154,0.943,0.957,-0.003
33,155,0.932,0.949,0.004
33,156,0.958,0.968,0.002
33,157,0.903,0.927,0.006
33,158,0.892,0.918,-0.006
33,159,1.0,1.0,-0.0
33,16,0.809,0.852,-0.008
33,160,0.925,0.944,0.004
33,161,0.955,0.967,0.003
33,162,0.895,0.921,0.006
33,163,0.835,0.873,0.009
33,164,0.814,0.856,0.011
33,165,0.958,0.969,0.002
33,166,0.898,0.923,0.006
33,167,0.927,0.945,0.004
33,168,0.958,0.969,-0.002
33,169,0.9,0.925,0.006
33,17,0.612,0.685,0.016
33,170,0.857,0.891,0.008
33,171,0.978,0.983,-0.001
33,172,0.897,0.922,0.006
33,173,0.945,0.959,0.003
33,174,0.968,0.976,-0.002
33,175,0.945,0.959,0.003
33,176,0.934,0.95,0.004
33,177,0.964,0.974,-0.002
33,178,0.986,0.989,-0.001
33,179,0.908,0.931,0.005
33,18,0.49,0.572,-0.022
33,180,0.942,0.957,-0.003
33,181,0.821,0.862,-0.01
33,182,0.962,0.972,-0.002
33,183,0.982,0.986,0.001
33,184,0.948,0.961,0.003
33,185,0.898,0.923,-0.006
33,186,0.957,0.968,-0.002
33,187,0.888,0.915,0.006
33,188,0.952,0.964,0.003
33,189,0.876,0.906,-0.007
33,19,0.793,0.84,-0.008
33,190,0.958,0.969,-0.002
33,191,0.934,0.951,-0.004
33,192,0.859,0.892,-0.008
33,193,0.931,0.949,-0.004
33,194,0.983,0.987,0.001
33,195,1.0,1.0,-0.0
33,196,0.795,0.841,-0.011
33,197,0.845,0.881,-0.008
33,198,0.963,0.972,0.002
33,199,0.7,0.762,-0.016
33,20,0.912,0.934,-0.004
33,200,0.91,0.932,-0.005
33,201,0.863,0.896,-0.007
33,202,0.785,0.833,-0.012
33,203,0.677,0.741,-0.018
33,204,0.552,0.63,-0.025
33,205,0.841,0.878,-0.008
33,206,0.872,0.903,-0.007
33,207,0.854,0.889,-0.008
33,208,0.85,0.885,-0.008
33,209,0.957,0.968,0.002
33,21,0.667,0.733,-0.014
33,210,0.915,0.936,0.005
33,211,0.793,0.839,-0.011
33,212,0.955,0.967,0.002
33,213,0.865,0.897,0.007
33,214,0.991,0.993,0.001
33,215,0.958,0.969,0.002
33,216,0.909,0.932,-0.005
33,217,0.845,0.881,-0.009
33,218,0.728,0.785,-0.015
33,219,0.97,0.978,-0.002
33,22,0.872,0.903,-0.005
33,220,0.852,0.887,0.008
33,221,0.934,0.95,-0.004
33,222,0.86,0.893,-0.008
33,223,0.697,0.759,-0.018
33,224,0.684,0.748,-0.018
33,225,0.646,0.715,-0.021
33,226,0.804,0.848,-0.011
33,227,0.959,0.969,-0.002
33,228,0.694,0.756,-0.019
33,229,0.861,0.894,-0.008
33,23,0.975,0.981,-0.001
33,230,0.763,0.814,-0.015
33,231,0.646,0.714,-0.022
33,232,0.823,0.864,-0.011
33,233,0.958,0.969,-0.003
33,234,0.751,0.804,-0.016
33,235,0.965,0.974,0.002
33,236,0.989,0.992,0.001
33,237,0.959,0.969,-0.003
33,238,0.881,0.91,-0.008
33,239,0.953,0.965,0.003
33,24,0.737,0.793,-0.011
33,240,0.987,0.99,-0.001
33,241,0.865,0.897,-0.009
33,242,0.98,0.985,0.001
33,243,0.918,0.939,-0.006
33,244,0.969,0.977,0.002
33,245,0.853,0.887,0.011
33,246,0.899,0.924,-0.007
33,247,0.87,0.901,0.01
33,248,0.902,0.926,0.008
33,249,0.937,0.953,0.005
33,25,0.667,0.733,-0.014
33,250,0.989,0.992,0.001
33,251,0.945,0.959,0.004
33,26,0.885,0.913,0.005
33,27,0.884,0.912,-0.005
33,28,0.874,0.904,-0.005
33,29,0.773,0.823,-0.009
33,30,0.924,0.943,0.003
33,31,0.888,0.915,0.005
33,32,0.69,0.753,0.013
33,33,0.915,0.936,-0.003
33,34,0.714,0.774,0.012
33,35,0.853,0.888,0.006
33,36,0.586,0.661,0.018
33,37,0.606,0.679,0.017
33,38,0.97,0.978,0.001
33,39,0.771,0.821,0.01
33,40,0.715,0.774,0.012
33,41,0.55,0.628,0.02
33,42,0.78,0.829,0.009
33,43,0.766,0.817,0.01
33,44,0.644,0.713,0.016
33,45,0.445,0.528,0.026
33,46,0.623,0.695,0.017
33,47,0.669,0.735,0.015
33,48,0.527,0.606,0.022
33,49,0.799,0.844,0.009
33,50,0.432,0.515,0.027
33,51,0.413,0.496,0.028
33,52,0.624,0.695,0.017
33,53,0.302,0.382,0.036
33,54,0.494,0.576,0.024
33,55,0.399,0.482,0.03
33,56,0.412,0.496,0.029
33,57,0.722,0.78,0.013
33,58,0.653,0.721,0.016
33,59,0.631,0.702,0.017
33,6,0.993,0.995,-0.0
33,60,0.596,0.67,0.019
33,61,0.834,0.873,0.008
33,62,0.962,0.972,0.002
33,63,0.719,0.778,0.013
33,64,0.693,0.756,0.014
33,65,0.795,0.841,0.01
33,66,0.822,0.863,0.008
33,67,0.557,0.634,0.022
33,68,0.702,0.763,0.014
33,69,0.801,0.846,0.009
33,7,0.917,0.938,0.004
33,70,0.712,0.772,0.014
33,71,0.579,0.655,0.021
33,72,0.523,0.603,0.024
33,73,0.525,0.604,0.024
33,74,0.573,0.649,0.022
33,75,0.714,0.774,0.014
33,76,0.692,0.755,0.015
33,77,0.644,0.713,0.018
33,78,0.519,0.599,0.025
33,79,0.682,0.746,0.016
33,8,0.715,0.774,0.012
33,80,0.723,0.781,0.014
33,81,0.709,0.769,0.015
33,82,0.739,0.795,0.013
33,83,0.855,0.889,0.007
33,84,0.861,0.894,0.007
33,85,0.75,0.804,0.013
33,86,0.737,0.793,0.014
33,87,0.807,0.851,0.01
33,88,0.885,0.913,0.006
33,89,0.906,0.929,0.005
33,9,0.635,0.705,0.016
33,90,0.969,0.977,-0.002
33,91,0.647,0.715,0.019
33,92,0.738,0.794,0.014
33,93,0.681,0.745,0.017
33,94,0.941,0.956,0.003
33,95,0.778,0.827,0.012
33,96,0.716,0.775,0.015
33,97,0.656,0.723,0.019
33,98,0.451,0.534,0.032
33,99,0.464,0.547,0.031
34,10,0.678,0.743,-0.014
34,100,0.863,0.896,0.007
34,101,0.847,0.883,0.008
34,102,0.808,0.852,0.01
34,103,0.771,0.822,0.013
34,104,0.804,0.849,0.011
34,105,0.834,0.873,0.009
34,106,0.995,0.996,-0.0
34,107,0.876,0.906,0.007
34,108,0.945,0.959,0.003
34,109,0.907,0.93,0.005
34,11,0.673,0.738,-0.014
34,110,0.936,0.952,0.003
34,111,0.972,0.979,-0.002
34,112,0.91,0.932,0.005
34,113,0.994,0.996,-0.0
34,114,0.914,0.936,0.005
34,115,0.91,0.932,-0.005
34,116,0.904,0.928,-0.005
34,117,0.912,0.933,-0.005
34,118,0.828,0.868,-0.01
34,119,0.878,0.907,-0.007
34,12,0.623,0.694,-0.016
34,120,0.816,0.858,-0.01
34,121,0.948,0.961,-0.003
34,122,0.949,0.962,-0.003
34,123,0.979,0.985,-0.001
34,124,0.891,0.917,-0.006
34,125,0.945,0.959,-0.003
34,126,0.799,0.844,-0.011
34,127,0.968,0.977,-0.002
34,128,0.862,0.895,-0.008
34,129,0.69,0.753,-0.018
34,13,0.921,0.941,-0.003
34,130,0.64,0.709,-0.021
34,131,0.819,0.86,-0.01
34,132,0.823,0.864,-0.01
34,133,0.923,0.942,-0.004
34,134,0.931,0.948,0.004
34,135,0.931,0.949,0.004
34,136,0.947,0.961,0.003
34,137,0.963,0.973,0.002
34,138,0.942,0.957,0.003
34,139,0.888,0.915,0.006
34,14,0.528,0.608,-0.02
34,140,0.922,0.941,0.004
34,141,0.89,0.917,-0.006
34,142,0.956,0.968,-0.002
34,143,0.818,0.86,-0.011
34,144,0.936,0.952,0.004
34,145,0.94,0.955,0.003
34,146,0.917,0.937,-0.005
34,147,0.993,0.995,-0.0
34,148,0.796,0.842,0.012
34,149,0.988,0.991,0.001
34,15,0.844,0.88,-0.006
34,150,0.945,0.959,-0.003
34,151,0.957,0.968,-0.002
34,152,0.955,0.967,-0.003
34,153,0.916,0.937,-0.005
34,154,0.893,0.919,-0.006
34,155,0.811,0.854,-0.011
34,156,0.996,0.997,-0.0
34,157,0.885,0.913,0.007
34,158,0.846,0.882,0.009
34,159,0.996,0.997,-0.0
34,16,0.763,0.815,-0.01
34,160,0.955,0.966,-0.003
34,161,0.805,0.849,0.011
34,162,0.691,0.754,0.018
34,163,0.717,0.776,0.016
34,164,0.747,0.801,0.015
34,165,0.975,0.982,0.001
34,166,0.846,0.882,0.009
34,167,0.743,0.798,0.015
34,168,0.778,0.827,0.013
34,169,0.745,0.8,0.015
34,17,0.896,0.921,-0.004
34,170,0.966,0.975,-0.002
34,171,0.877,0.906,0.007
34,172,0.903,0.927,0.005
34,173,0.744,0.799,0.015
34,174,0.661,0.728,0.02
34,175,0.79,0.837,0.012
34,176,0.89,0.916,0.006
34,177,0.992,0.994,0.0
34,178,0.918,0.939,-0.005
34,179,0.923,0.942,0.004
34,18,0.948,0.961,-0.002
34,180,0.805,0.849,0.011
34,181,0.771,0.821,0.013
34,182,0.903,0.927,-0.005
34,183,0.999,0.999,0.0
34,184,0.875,0.905,0.007
34,185,0.827,0.867,-0.01
34,186,0.843,0.88,-0.009
34,187,0.935,0.951,-0.004
34,188,0.873,0.903,-0.007
34,189,0.746,0.801,-0.014
34,19,0.6,0.674,-0.017
34,190,0.56,0.637,-0.025
34,191,0.594,0.668,-0.023
34,192,0.463,0.545,-0.032
34,193,0.475,0.558,-0.031
34,194,0.748,0.803,-0.014
34,195,0.752,0.806,-0.014
34,196,0.851,0.886,-0.008
34,197,0.577,0.653,-0.024
34,198,0.777,0.827,-0.012
34,199,0.657,0.725,-0.019
34,20,0.741,0.796,-0.011
34,200,0.697,0.759,-0.017
34,201,0.788,0.835,-0.011
34,202,0.794,0.84,-0.011
34,203,0.826,0.866,-0.009
34,204,0.628,0.699,-0.021
34,205,0.788,0.835,-0.011
34,206,0.937,0.953,-0.003
34,207,0.583,0.658,-0.023
34,208,0.662,0.729,-0.019
34,209,0.625,0.696,-0.021
34,21,0.912,0.934,-0.004
34,210,0.703,0.764,-0.016
34,211,0.707,0.767,-0.016
34,212,0.613,0.685,-0.022
34,213,0.777,0.826,-0.012
34,214,0.523,0.602,-0.028
34,215,0.809,0.852,-0.01
34,216,0.816,0.858,-0.01
34,217,0.874,0.904,-0.007
34,218,0.59,0.665,-0.024
34,219,0.577,0.653,-0.025
34,22,0.831,0.87,-0.007
34,220,0.646,0.714,-0.02
34,221,0.471,0.553,-0.032
34,222,0.553,0.631,-0.027
34,223,0.659,0.726,-0.02
34,224,0.672,0.738,-0.019
34,225,0.68,0.745,-0.019
34,226,0.913,0.934,-0.005
34,227,0.839,0.877,-0.009
34,228,0.896,0.922,-0.006
34,229,0.849,0.884,-0.009
34,23,0.811,0.854,-0.008
34,230,0.905,0.928,-0.006
34,231,0.797,0.843,-0.013
34,232,0.828,0.868,-0.011
34,233,0.832,0.871,-0.011
34,234,0.792,0.839,-0.013
34,235,0.859,0.892,-0.009
34,236,0.859,0.892,-0.009
34,237,0.84,0.877,-0.01
34,238,0.87,0.901,-0.009
34,239,0.79,0.837,-0.014
34,24,0.912,0.934,-0.004
34,240,0.71,0.77,-0.02
34,241,0.715,0.774,-0.02
34,242,0.752,0.806,-0.018
34,243,0.706,0.767,-0.021
34,244,0.859,0.893,-0.01
34,245,0.796,0.842,-0.015
34,246,0.847,0.883,-0.011
34,247,0.739,0.794,-0.02
34,248,0.937,0.953,-0.005
34,249,0.988,0.991,-0.001
34,25,0.772,0.822,-0.009
34,250,0.956,0.967,-0.003
34,251,0.769,0.819,-0.019
34,26,0.59,0.665,-0.017
34,27,0.71,0.77,-0.012
34,28,0.706,0.767,-0.012
34,29,0.996,0.997,0.0
34,30,0.99,0.992,0.0
34,31,0.986,0.99,0.001
34,32,0.853,0.887,0.006
34,33,0.799,0.844,0.008
34,34,0.955,0.967,-0.002
34,35,0.722,0.78,0.012
34,36,0.816,0.858,0.008
34,37,0.834,0.872,0.007
34,38,0.769,0.82,0.01
34,39,0.368,0.451,0.03
34,40,0.909,0.931,0.004
34,41,0.767,0.818,0.01
34,42,0.617,0.689,0.017
34,43,0.469,0.551,0.025
34,44,0.595,0.669,0.018
34,45,0.677,0.742,0.014
34,46,0.786,0.834,0.009
34,47,0.569,0.645,0.02
34,48,0.522,0.602,0.022
34,49,0.669,0.734,0.015
34,50,0.835,0.873,-0.007
34,51,0.953,0.965,0.002
34,52,0.576,0.652,0.02
34,53,0.896,0.921,0.005
34,54,0.609,0.682,0.018
34,55,0.749,0.803,0.011
34,56,0.545,0.623,0.022
34,57,0.58,0.655,0.02
34,58,0.478,0.56,0.026
34,59,0.503,0.584,0.024
34,6,0.826,0.866,-0.007
34,60,0.697,0.759,0.014
34,61,0.807,0.851,0.009
34,62,0.519,0.599,0.024
34,63,0.485,0.566,0.026
34,64,0.41,0.493,0.03
34,65,0.794,0.84,0.01
34,66,0.46,0.542,0.028
34,67,0.772,0.822,0.011
34,68,0.856,0.89,0.007
34,69,0.888,0.915,0.005
34,7,0.849,0.885,-0.006
34,70,0.707,0.768,0.014
34,71,0.846,0.882,0.007
34,72,0.915,0.936,0.004
34,73,0.897,0.922,0.005
34,74,0.871,0.902,0.006
34,75,0.978,0.984,0.001
34,76,0.57,0.646,0.022
34,77,0.58,0.656,0.022
34,78,0.598,0.672,0.021
34,79,0.636,0.706,0.019
34,8,0.572,0.649,-0.019
34,80,0.837,0.875,0.008
34,81,0.786,0.834,0.011
34,82,0.84,0.877,0.008
34,83,0.599,0.673,0.021
34,84,0.866,0.898,0.007
34,85,0.858,0.891,0.007
34,86,0.718,0.777,0.015
34,87,0.636,0.705,0.019
34,88,0.612,0.685,0.021
34,89,0.683,0.747,0.017
34,9,0.548,0.626,-0.02
34,90,0.817,0.859,0.01
34,91,0.809,0.853,0.01
34,92,0.784,0.832,0.011
34,93,0.726,0.784,0.015
34,94,0.659,0.726,0.019
34,95,0.995,0.996,0.0
34,96,0.926,0.944,-0.004
34,97,0.888,0.915,0.006
34,98,0.835,0.873,0.009
34,99,0.875,0.905,0.007
35,10,0.767,0.818,0.01
35,100,0.806,0.85,0.011
35,101,0.898,0.923,0.006
35,102,0.855,0.889,0.008
35,103,0.988,0.991,0.001
35,104,0.891,0.917,0.006
35,105,0.993,0.995,0.0
35,106,0.959,0.969,0.002
35,107,0.892,0.918,0.006
35,108,0.966,0.975,-0.002
35,109,0.951,0.963,-0.003
35,11,0.942,0.957,0.002
35,110,0.95,0.963,-0.003
35,111,0.983,0.987,-0.001
35,112,0.872,0.903,-0.007
35,113,0.888,0.915,-0.006
35,114,0.984,0.988,0.001
35,115,0.898,0.923,0.006
35,116,0.996,0.997,-0.0
35,117,0.811,0.854,-0.011
35,118,0.764,0.815,-0.013
35,119,0.851,0.886,-0.008
35,12,0.729,0.786,0.011
35,120,0.882,0.911,-0.007
35,121,0.88,0.909,-0.007
35,122,0.824,0.865,-0.01
35,123,0.937,0.953,-0.004
35,124,0.873,0.903,0.007
35,125,0.904,0.928,0.005
35,126,0.987,0.99,-0.001
35,127,0.906,0.93,-0.005
35,128,0.973,0.98,-0.002
35,129,0.816,0.858,0.011
35,13,0.7,0.761,0.013
35,130,0.646,0.715,0.021
35,131,0.769,0.819,0.013
35,132,0.996,0.997,0.0
35,133,0.988,0.991,0.001
35,134,0.935,0.951,0.004
35,135,0.931,0.948,0.004
35,136,0.881,0.909,0.007
35,137,0.854,0.888,0.008
35,138,0.879,0.909,0.007
35,139,0.885,0.913,0.007
35,14,0.693,0.756,0.013
35,140,0.854,0.889,0.008
35,141,0.855,0.889,0.008
35,142,0.971,0.979,0.002
35,143,0.955,0.967,0.003
35,144,0.853,0.888,0.008
35,145,0.906,0.929,0.005
35,146,0.949,0.962,0.003
35,147,0.994,0.996,0.0
35,148,0.972,0.979,-0.002
35,149,0.902,0.926,-0.006
35,15,0.933,0.95,0.003
35,150,0.989,0.992,-0.001
35,151,0.912,0.934,-0.005
35,152,0.865,0.897,-0.008
35,153,0.971,0.979,-0.002
35,154,0.924,0.943,-0.004
35,155,0.887,0.915,0.006
35,156,0.86,0.893,0.008
35,157,0.872,0.903,0.007
35,158,0.871,0.902,0.007
35,159,0.927,0.945,0.004
35,16,0.914,0.936,0.003
35,160,0.907,0.93,-0.005
35,161,0.994,0.995,0.0
35,162,0.721,0.779,0.016
35,163,0.752,0.805,0.014
35,164,0.808,0.851,0.011
35,165,0.851,0.886,0.008
35,166,0.922,0.941,-0.004
35,167,0.963,0.973,-0.002
35,168,0.81,0.853,0.011
35,169,0.764,0.815,0.014
35,17,0.946,0.959,0.002
35,170,0.981,0.986,-0.001
35,171,0.942,0.957,0.003
35,172,0.707,0.767,0.017
35,173,0.885,0.913,0.007
35,174,0.74,0.795,0.015
35,175,0.878,0.907,0.007
35,176,0.911,0.933,0.005
35,177,0.791,0.838,0.012
35,178,0.908,0.931,0.005
35,179,0.817,0.859,0.01
35,18,0.978,0.983,0.001
35,180,0.849,0.885,-0.008
35,181,0.902,0.926,-0.005
35,182,0.854,0.889,-0.008
35,183,0.928,0.946,-0.004
35,184,0.97,0.978,0.002
35,185,0.993,0.994,-0.0
35,186,0.85,0.885,-0.008
35,187,0.838,0.876,-0.009
35,188,0.971,0.978,0.002
35,189,0.989,0.992,-0.001
35,19,0.988,0.991,-0.001
35,190,0.94,0.955,0.003
35,191,0.966,0.975,0.002
35,192,0.615,0.687,-0.022
35,193,0.819,0.861,-0.01
35,194,0.809,0.853,-0.01
35,195,0.733,0.789,-0.015
35,196,0.812,0.855,-0.01
35,197,0.755,0.808,-0.013
35,198,0.794,0.84,-0.011
35,199,0.813,0.856,-0.01
35,20,0.819,0.86,0.007
35,200,0.574,0.65,-0.024
35,201,0.937,0.953,-0.003
35,202,0.929,0.947,-0.004
35,203,0.957,0.968,-0.002
35,204,0.933,0.95,0.004
35,205,0.892,0.918,0.006
35,206,0.996,0.997,-0.0
35,207,0.762,0.814,-0.013
35,208,0.702,0.763,-0.016
35,209,0.886,0.914,-0.006
35,21,0.938,0.953,-0.003
35,210,0.807,0.851,-0.01
35,211,0.744,0.799,-0.014
35,212,0.517,0.597,-0.028
35,213,0.747,0.802,-0.014
35,214,0.615,0.688,-0.022
35,215,0.607,0.68,-0.022
35,216,0.752,0.805,-0.014
35,217,0.689,0.752,-0.017
35,218,0.456,0.539,-0.033
35,219,0.64,0.71,-0.021
35,22,0.922,0.941,0.003
35,220,0.924,0.943,-0.004
35,221,0.648,0.717,-0.02
35,222,0.803,0.848,-0.011
35,223,0.643,0.712,-0.021
35,224,0.579,0.655,-0.025
35,225,0.631,0.702,-0.022
35,226,0.666,0.732,-0.02
35,227,0.85,0.885,-0.009
35,228,0.724,0.782,-0.017
35,229,0.564,0.641,-0.027
35,23,0.809,0.852,-0.008
35,230,0.752,0.805,-0.015
35,231,0.526,0.606,-0.031
35,232,0.548,0.626,-0.029
35,233,0.531,0.61,-0.031
35,234,0.641,0.71,-0.023
35,235,0.701,0.762,-0.019
35,236,0.547,0.626,-0.031
35,237,0.481,0.563,-0.036
35,238,0.433,0.516,-0.041
35,239,0.386,0.469,-0.046
35,24,0.841,0.879,0.006
35,240,0.454,0.537,-0.04
35,241,0.472,0.555,-0.039
35,242,0.387,0.47,-0.048
35,243,0.433,0.516,-0.044
35,244,0.429,0.513,-0.045
35,245,0.443,0.526,-0.044
35,246,0.41,0.493,-0.049
35,247,0.391,0.474,-0.051
35,248,0.331,0.412,-0.059
35,249,0.465,0.547,-0.045
35,25,0.944,0.958,-0.002
35,250,0.369,0.452,-0.056
35,251,0.37,0.453,-0.057
35,26,0.908,0.93,-0.004
35,27,0.827,0.867,0.007
35,28,0.815,0.857,-0.008
35,29,0.929,0.947,-0.003
35,30,0.91,0.932,0.004
35,31,0.591,0.665,0.018
35,32,0.915,0.936,0.004
35,33,0.88,0.909,-0.005
35,34,0.85,0.885,0.006
35,35,0.764,0.815,0.01
35,36,0.851,0.886,0.006
35,37,0.869,0.9,-0.006
35,38,0.746,0.801,0.011
35,39,0.661,0.728,0.015
35,40,0.736,0.792,0.011
35,41,0.795,0.841,0.009
35,42,0.842,0.879,0.007
35,43,0.632,0.702,0.016
35,44,0.634,0.704,0.016
35,45,0.426,0.509,0.027
35,46,0.896,0.921,0.004
35,47,0.479,0.561,0.025
35,48,0.445,0.528,0.027
35,49,0.769,0.82,0.01
35,50,0.53,0.609,0.022
35,51,0.567,0.644,0.02
35,52,0.554,0.632,0.021
35,53,0.351,0.433,0.033
35,54,0.389,0.472,0.031
35,55,0.522,0.602,0.023
35,56,0.555,0.633,0.021
35,57,0.463,0.546,0.026
35,58,0.498,0.58,0.024
35,59,0.474,0.556,0.026
35,6,0.747,0.802,0.011
35,60,0.582,0.657,0.02
35,61,0.671,0.736,0.016
35,62,0.445,0.528,0.028
35,63,0.428,0.511,0.029
35,64,0.519,0.599,0.024
35,65,0.676,0.741,0.016
35,66,0.909,0.932,0.004
35,67,0.434,0.517,0.029
35,68,0.57,0.647,0.021
35,69,0.714,0.773,0.014
35,7,0.804,0.848,0.008
35,70,0.6,0.674,0.02
35,71,0.603,0.676,0.02
35,72,0.758,0.81,0.012
35,73,0.917,0.938,0.004
35,74,0.726,0.784,0.014
35,75,0.804,0.848,0.01
35,76,0.55,0.628,0.023
35,77,0.793,0.84,0.01
35,78,0.662,0.729,0.017
35,79,0.591,0.666,0.021
35,8,0.558,0.635,0.02
35,80,0.748,0.802,0.013
35,81,0.811,0.854,0.01
35,82,0.823,0.864,0.009
35,83,0.592,0.667,0.022
35,84,0.691,0.754,0.016
35,85,0.767,0.818,0.012
35,86,0.713,0.773,0.015
35,87,0.846,0.882,0.008
35,88,0.801,0.846,0.01
35,89,0.859,0.893,0.007
35,9,0.867,0.899,0.006
35,90,0.798,0.843,0.011
35,91,0.794,0.84,0.011
35,92,0.839,0.877,0.009
35,93,0.959,0.97,0.002
35,94,0.877,0.906,0.007
35,95,0.763,0.815,0.013
35,96,0.998,0.999,0.0
35,97,0.922,0.942,0.004
35,98,0.835,0.873,0.009
35,99,0.9,0.924,0.005
36,10,0.516,0.597,0.021
36,100,0.897,0.922,-0.006
36,101,0.819,0.861,-0.01
36,102,0.913,0.934,-0.005
36,103,0.78,0.829,-0.012
36,104,0.977,0.983,-0.001
36,105,0.862,0.894,-0.008
36,106,0.801,0.846,-0.011
36,107,0.725,0.782,-0.015
36,108,0.686,0.75,-0.018
36,109,0.757,0.81,-0.014
36,11,0.562,0.64,0.019
36,110,0.662,0.729,-0.019
36,111,0.817,0.859,-0.01
36,112,0.646,0.715,-0.02
36,113,0.631,0.702,-0.021
36,114,0.755,0.808,-0.014
36,115,0.756,0.809,-0.014
36,116,0.956,0.967,-0.002
36,117,0.966,0.975,-0.002
36,118,0.924,0.943,0.004
36,119,0.876,0.906,0.007
36,12,0.749,0.803,0.01
36,120,0.702,0.763,0.017
36,121,0.784,0.832,0.012
36,122,0.988,0.991,0.001
36,123,0.754,0.807,0.014
36,124,0.957,0.968,0.002
36,125,0.993,0.995,0.0
36,126,0.97,0.978,0.002
36,127,0.768,0.819,0.013
36,128,0.841,0.878,0.009
36,129,0.921,0.94,0.004
36,13,0.902,0.926,0.004
36,130,0.972,0.979,-0.002
36,131,0.975,0.982,-0.001
36,132,0.949,0.962,0.003
36,133,0.979,0.985,0.001
36,134,0.81,0.853,-0.011
36,135,0.785,0.833,-0.012
36,136,0.85,0.886,-0.009
36,137,0.993,0.995,-0.0
36,138,0.871,0.902,-0.007
36,139,0.96,0.97,0.002
36,14,0.565,0.642,0.019
36,140,0.894,0.919,0.006
36,141,0.974,0.981,0.001
36,142,0.983,0.987,-0.001
36,143,0.986,0.989,-0.001
36,144,0.847,0.883,-0.009
36,145,0.901,0.925,-0.006
36,146,0.818,0.86,-0.01
36,147,0.962,0.972,0.002
36,148,0.917,0.938,-0.005
36,149,0.876,0.906,-0.007
36,15,0.644,0.713,0.015
36,150,0.905,0.928,-0.005
36,151,0.855,0.889,-0.008
36,152,0.903,0.927,-0.006
36,153,0.916,0.937,-0.005
36,154,0.977,0.983,0.001
36,155,0.992,0.994,0.0
36,156,0.914,0.935,-0.005
36,157,0.773,0.823,-0.013
36,158,0.855,0.89,-0.008
36,159,0.985,0.989,-0.001
36,16,0.94,0.955,0.002
36,160,0.98,0.985,0.001
36,161,0.894,0.92,-0.006
36,162,0.785,0.833,-0.012
36,163,0.942,0.956,0.003
36,164,0.98,0.985,-0.001
36,165,0.976,0.982,0.001
36,166,0.964,0.973,0.002
36,167,0.947,0.961,0.003
36,168,0.976,0.982,0.001
36,169,0.96,0.97,-0.002
36,17,0.816,0.858,0.008
36,170,0.94,0.955,-0.003
36,171,0.825,0.865,-0.01
36,172,0.909,0.932,-0.005
36,173,0.775,0.824,-0.013
36,174,0.999,0.999,-0.0
36,175,0.962,0.972,-0.002
36,176,0.915,0.936,-0.005
36,177,0.942,0.957,-0.003
36,178,0.912,0.934,-0.005
36,179,0.972,0.979,-0.002
36,18,0.809,0.852,0.008
36,180,0.983,0.987,-0.001
36,181,0.968,0.977,0.002
36,182,0.976,0.982,-0.001
36,183,0.944,0.958,-0.003
36,184,0.865,0.897,0.007
36,185,0.952,0.964,0.003
36,186,0.841,0.878,0.009
36,187,0.901,0.925,0.005
36,188,0.887,0.915,-0.006
36,189,0.887,0.915,-0.006
36,19,0.995,0.996,0.0
36,190,0.997,0.998,-0.0
36,191,0.952,0.964,-0.003
36,192,0.884,0.912,-0.006
36,193,0.899,0.924,-0.005
36,194,0.772,0.822,-0.013
36,195,0.815,0.857,-0.01
36,196,0.962,0.972,-0.002
36,197,0.964,0.974,-0.002
36,198,0.783,0.831,0.012
36,199,0.977,0.983,0.001
36,20,0.976,0.982,-0.001
36,200,0.969,0.977,-0.002
36,201,0.958,0.969,-0.002
36,202,0.868,0.9,-0.007
36,203,0.93,0.947,0.004
36,204,0.863,0.896,-0.007
36,205,0.958,0.969,0.002
36,206,0.815,0.857,0.01
36,207,0.958,0.969,-0.002
36,208,0.847,0.883,-0.008
36,209,0.917,0.938,0.004
36,21,0.893,0.919,0.004
36,210,0.964,0.974,0.002
36,211,0.92,0.94,0.004
36,212,0.95,0.963,-0.003
36,213,0.909,0.932,0.005
36,214,0.809,0.852,-0.011
36,215,0.995,0.996,0.0
36,216,0.795,0.841,-0.011
36,217,0.759,0.811,-0.013
36,218,0.965,0.974,0.002
36,219,0.958,0.969,0.002
36,22,0.845,0.882,-0.006
36,220,0.643,0.712,-0.021
36,221,0.567,0.644,-0.026
36,222,0.729,0.786,-0.015
36,223,0.688,0.751,-0.018
36,224,0.739,0.795,-0.015
36,225,0.653,0.721,-0.021
36,226,0.918,0.938,-0.005
36,227,0.896,0.921,-0.006
36,228,0.811,0.854,-0.011
36,229,0.766,0.818,-0.014
36,23,0.938,0.953,-0.003
36,230,0.647,0.716,-0.022
36,231,0.66,0.727,-0.021
36,232,0.675,0.74,-0.02
36,233,0.848,0.884,-0.009
36,234,0.919,0.939,-0.005
36,235,0.779,0.827,-0.014
36,236,0.699,0.761,-0.02
36,237,0.707,0.767,-0.019
36,238,0.814,0.856,-0.012
36,239,0.676,0.741,-0.022
36,24,0.944,0.958,-0.002
36,240,0.737,0.793,-0.018
36,241,0.708,0.768,-0.02
36,242,0.651,0.719,-0.025
36,243,0.612,0.684,-0.028
36,244,0.591,0.665,-0.03
36,245,0.549,0.627,-0.034
36,246,0.455,0.538,-0.044
36,247,0.463,0.545,-0.043
36,248,0.418,0.501,-0.049
36,249,0.393,0.476,-0.052
36,25,0.956,0.967,-0.002
36,250,0.426,0.509,-0.049
36,251,0.309,0.389,-0.064
36,26,0.719,0.777,0.012
36,27,0.915,0.936,0.004
36,28,0.902,0.926,-0.004
36,29,0.924,0.943,0.003
36,30,0.919,0.94,0.003
36,31,0.715,0.774,-0.012
36,32,0.788,0.836,0.009
36,33,0.838,0.875,-0.007
36,34,0.833,0.872,0.007
36,35,0.794,0.84,0.009
36,36,0.848,0.884,0.006
36,37,0.951,0.964,0.002
36,38,0.876,0.906,0.005
36,39,0.74,0.796,0.011
36,40,0.78,0.829,0.009
36,41,0.843,0.88,0.007
36,42,0.887,0.915,0.005
36,43,0.617,0.689,0.017
36,44,0.87,0.901,0.006
36,45,0.559,0.636,0.02
36,46,0.517,0.597,0.022
36,47,0.59,0.665,0.019
36,48,0.587,0.662,0.019
36,49,0.422,0.505,0.028
36,50,0.715,0.774,0.013
36,51,0.698,0.76,0.014
36,52,0.434,0.517,0.028
36,53,0.519,0.599,0.023
36,54,0.439,0.522,0.028
36,55,0.311,0.391,0.036
36,56,0.465,0.547,0.026
36,57,0.536,0.615,0.022
36,58,0.61,0.683,0.019
36,59,0.634,0.704,0.017
36,6,0.638,0.707,0.016
36,60,0.493,0.575,0.025
36,61,0.713,0.773,0.014
36,62,0.644,0.713,0.017
36,63,0.595,0.669,0.02
36,64,0.353,0.435,0.035
36,65,0.57,0.647,0.021
36,66,0.692,0.755,0.015
36,67,0.552,0.63,0.023
36,68,0.546,0.624,0.023
36,69,0.563,0.64,0.022
36,7,0.887,0.915,0.005
36,70,0.639,0.709,0.018
36,71,0.622,0.693,0.019
36,72,0.808,0.852,0.009
36,73,0.493,0.574,0.027
36,74,0.551,0.628,0.023
36,75,0.655,0.723,0.018
36,76,0.587,0.662,0.021
36,77,0.813,0.856,0.009
36,78,0.603,0.676,0.021
36,79,0.788,0.835,0.011
36,8,0.623,0.694,0.016
36,80,0.931,0.948,0.004
36,81,0.857,0.891,0.007
36,82,0.476,0.558,0.029
36,83,0.513,0.594,0.027
36,84,0.567,0.644,0.024
36,85,0.73,0.787,0.014
36,86,0.823,0.864,0.009
36,87,0.863,0.896,0.007
36,88,0.816,0.858,0.01
36,89,0.874,0.904,0.007
36,9,0.759,0.811,0.01
36,90,0.83,0.87,0.009
36,91,0.567,0.644,0.024
36,92,0.696,0.758,0.016
36,93,0.684,0.748,0.017
36,94,0.764,0.815,0.013
36,95,0.946,0.96,0.003
36,96,0.907,0.93,-0.005
36,97,0.946,0.96,-0.003
36,98,0.957,0.968,-0.002
36,99,0.836,0.874,-0.009
37,10,0.34,0.422,-0.031
37,100,0.963,0.972,-0.002
37,101,0.95,0.963,0.003
37,102,0.902,0.926,0.005
37,103,0.984,0.988,0.001
37,104,0.81,0.853,-0.01
37,105,0.722,0.78,-0.015
37,106,0.678,0.743,-0.018
37,107,0.835,0.874,-0.009
37,108,0.928,0.946,-0.004
37,109,0.998,0.999,-0.0
37,11,0.474,0.556,-0.024
37,110,0.964,0.973,-0.002
37,111,0.984,0.988,-0.001
37,112,0.877,0.907,0.007
37,113,0.902,0.926,-0.005
37,114,0.996,0.997,-0.0
37,115,0.964,0.973,-0.002
37,116,0.805,0.849,-0.011
37,117,0.872,0.902,-0.007
37,118,0.993,0.995,0.0
37,119,0.968,0.976,-0.002
37,12,0.813,0.856,-0.008
37,120,0.979,0.985,0.001
37,121,0.905,0.929,-0.005
37,122,0.949,0.962,0.003
37,123,0.857,0.891,-0.008
37,124,0.91,0.932,-0.005
37,125,0.975,0.982,-0.001
37,126,0.883,0.911,-0.007
37,127,0.883,0.912,-0.007
37,128,0.929,0.947,-0.004
37,129,0.953,0.965,-0.003
37,13,0.728,0.786,-0.011
37,130,0.969,0.977,-0.002
37,131,0.903,0.927,-0.005
37,132,0.955,0.967,-0.003
37,133,0.979,0.985,0.001
37,134,0.999,0.999,0.0
37,135,0.968,0.976,0.002
37,136,0.959,0.97,-0.002
37,137,0.906,0.929,-0.005
37,138,0.956,0.968,-0.002
37,139,0.787,0.835,0.012
37,14,0.447,0.53,-0.025
37,140,0.839,0.876,0.009
37,141,0.94,0.955,0.003
37,142,0.99,0.993,0.001
37,143,0.742,0.797,0.015
37,144,0.909,0.932,0.005
37,145,0.976,0.983,-0.001
37,146,0.904,0.928,0.005
37,147,0.899,0.924,0.006
37,148,0.979,0.985,0.001
37,149,0.851,0.886,0.008
37,15,0.641,0.711,-0.015
37,150,0.868,0.9,-0.008
37,151,0.796,0.842,-0.012
37,152,0.869,0.9,-0.007
37,153,0.986,0.99,-0.001
37,154,0.943,0.957,-0.003
37,155,0.853,0.888,-0.008
37,156,0.866,0.898,-0.008
37,157,0.722,0.78,-0.016
37,158,0.678,0.742,-0.019
37,159,0.783,0.831,-0.012
37,16,0.945,0.959,-0.002
37,160,0.854,0.889,-0.008
37,161,0.929,0.947,-0.004
37,162,0.971,0.978,0.002
37,163,0.844,0.88,-0.009
37,164,0.82,0.862,-0.01
37,165,0.978,0.984,-0.001
37,166,0.938,0.954,0.004
37,167,0.953,0.965,0.003
37,168,0.874,0.905,0.007
37,169,0.613,0.686,0.023
37,17,0.986,0.99,-0.001
37,170,0.653,0.721,0.02
37,171,0.87,0.901,0.007
37,172,0.872,0.903,0.007
37,173,0.878,0.907,0.007
37,174,0.852,0.887,0.008
37,175,0.961,0.971,0.002
37,176,0.913,0.934,-0.005
37,177,0.946,0.959,0.003
37,178,0.991,0.993,-0.001
37,179,0.89,0.917,0.006
37,18,0.986,0.989,-0.001
37,180,0.971,0.978,0.002
37,181,0.984,0.988,0.001
37,182,0.983,0.988,0.001
37,183,0.865,0.897,0.008
37,184,0.917,0.938,-0.005
37,185,0.947,0.96,-0.003
37,186,0.752,0.805,-0.014
37,187,0.66,0.727,-0.019
37,188,0.835,0.873,-0.009
37,189,0.986,0.99,-0.001
37,19,0.56,0.637,-0.019
37,190,0.818,0.86,-0.01
37,191,0.633,0.703,-0.021
37,192,0.735,0.792,-0.015
37,193,0.737,0.793,-0.015
37,194,0.713,0.772,-0.016
37,195,0.858,0.892,-0.008
37,196,0.714,0.773,-0.016
37,197,0.755,0.808,-0.014
37,198,0.794,0.84,-0.011
37,199,0.766,0.817,-0.013
37,20,0.766,0.817,-0.01
37,200,0.793,0.839,-0.011
37,201,0.733,0.79,-0.015
37,202,0.882,0.911,-0.006
37,203,0.771,0.821,-0.013
37,204,0.612,0.685,-0.022
37,205,0.639,0.709,-0.02
37,206,0.614,0.686,-0.022
37,207,0.717,0.776,-0.016
37,208,0.783,0.831,-0.012
37,209,0.757,0.81,-0.013
37,21,0.92,0.94,-0.003
37,210,0.882,0.91,-0.006
37,211,0.773,0.823,-0.012
37,212,1.0,1.0,-0.0
37,213,0.97,0.978,-0.002
37,214,0.86,0.893,-0.008
37,215,0.699,0.761,-0.017
37,216,0.981,0.986,-0.001
37,217,0.634,0.704,-0.021
37,218,0.698,0.759,-0.017
37,219,0.717,0.776,-0.016
37,22,0.896,0.921,-0.004
37,220,0.704,0.765,-0.017
37,221,0.952,0.964,0.003
37,222,0.845,0.882,-0.009
37,223,0.995,0.996,0.0
37,224,0.983,0.988,0.001
37,225,0.877,0.907,-0.007
37,226,0.702,0.763,-0.018
37,227,0.739,0.795,-0.015
37,228,0.78,0.829,-0.013
37,229,0.848,0.883,-0.009
37,23,0.942,0.957,-0.002
37,230,0.817,0.859,-0.011
37,231,0.698,0.76,-0.019
37,232,0.754,0.807,-0.015
37,233,0.703,0.764,-0.019
37,234,0.743,0.798,-0.016
37,235,0.649,0.718,-0.023
37,236,0.752,0.806,-0.016
37,237,0.619,0.69,-0.025
37,238,0.671,0.736,-0.022
37,239,0.584,0.659,-0.029
37,24,0.684,0.748,-0.013
37,240,0.553,0.631,-0.032
37,241,0.546,0.625,-0.033
37,242,0.413,0.496,-0.045
37,243,0.542,0.621,-0.034
37,244,0.635,0.705,-0.027
37,245,0.634,0.704,-0.027
37,246,0.657,0.724,-0.026
37,247,0.618,0.69,-0.029
37,248,0.627,0.698,-0.029
37,249,0.539,0.618,-0.037
37,25,0.785,0.833,-0.009
37,250,0.475,0.557,-0.044
37,251,0.492,0.573,-0.043
37,26,0.975,0.982,-0.001
37,27,0.772,0.822,-0.01
37,28,0.833,0.872,-0.007
37,29,0.766,0.817,-0.01
37,30,0.592,0.666,-0.018
37,31,0.976,0.982,0.001
37,32,0.878,0.907,0.005
37,33,0.447,0.53,-0.025
37,34,0.937,0.953,0.003
37,35,0.766,0.817,-0.01
37,36,0.601,0.674,-0.018
37,37,0.649,0.718,-0.015
37,38,0.916,0.937,-0.004
37,39,0.998,0.999,-0.0
37,40,0.847,0.883,0.007
37,41,0.736,0.792,0.012
37,42,0.835,0.873,0.007
37,43,0.845,0.881,0.007
37,44,0.864,0.897,0.006
37,45,0.928,0.946,0.003
37,46,0.832,0.871,0.007
37,47,0.851,0.886,0.007
37,48,0.822,0.863,0.008
37,49,0.835,0.874,0.007
37,50,0.918,0.938,0.004
37,51,0.912,0.934,0.004
37,52,0.767,0.818,0.011
37,53,0.588,0.663,0.019
37,54,0.782,0.83,0.01
37,55,0.895,0.921,0.005
37,56,0.74,0.796,0.012
37,57,0.834,0.873,0.008
37,58,0.751,0.805,0.012
37,59,0.48,0.562,0.026
37,6,0.348,0.43,-0.032
37,60,0.497,0.578,0.025
37,61,0.635,0.705,0.018
37,62,0.499,0.58,0.025
37,63,0.611,0.684,0.019
37,64,0.495,0.577,0.026
37,65,0.45,0.532,0.029
37,66,0.549,0.628,0.023
37,67,0.844,0.881,0.007
37,68,0.637,0.707,0.018
37,69,0.467,0.549,0.028
37,7,0.289,0.367,-0.036
37,70,0.649,0.717,0.018
37,71,0.731,0.788,0.013
37,72,0.874,0.904,0.006
37,73,0.64,0.71,0.018
37,74,0.594,0.668,0.021
37,75,0.784,0.832,0.011
37,76,0.723,0.781,0.014
37,77,0.712,0.772,0.015
37,78,0.837,0.875,0.008
37,79,0.932,0.949,0.003
37,8,0.523,0.603,-0.021
37,80,0.996,0.997,0.0
37,81,0.986,0.989,-0.001
37,82,0.831,0.87,0.009
37,83,0.757,0.81,0.013
37,84,0.877,0.906,0.006
37,85,0.896,0.922,0.005
37,86,0.873,0.903,0.007
37,87,0.698,0.76,0.016
37,88,0.879,0.908,0.006
37,89,0.733,0.789,0.014
37,9,0.344,0.426,-0.031
37,90,0.849,0.884,0.008
37,91,0.965,0.974,0.002
37,92,0.808,0.852,0.01
37,93,0.894,0.92,0.006
37,94,0.959,0.969,-0.002
37,95,0.964,0.973,-0.002
37,96,0.968,0.976,0.002
37,97,0.964,0.973,-0.002
37,98,0.843,0.879,-0.009
37,99,0.795,0.841,-0.011
38,10,0.439,0.522,-0.026
38,100,0.857,0.891,-0.008
38,101,0.973,0.98,-0.001
38,102,0.976,0.982,-0.001
38,103,0.941,0.956,-0.003
38,104,0.867,0.899,-0.007
38,105,0.983,0.987,0.001
38,106,0.853,0.888,-0.008
38,107,0.916,0.937,0.005
38,108,0.89,0.916,0.006
38,109,0.826,0.866,0.01
38,11,0.568,0.645,-0.019
38,110,0.934,0.95,0.004
38,111,0.975,0.982,-0.001
38,112,0.941,0.956,-0.003
38,113,0.9,0.925,-0.005
38,114,0.871,0.902,-0.007
38,115,0.935,0.952,-0.004
38,116,0.935,0.951,-0.004
38,117,0.909,0.931,0.005
38,118,0.957,0.968,-0.002
38,119,0.95,0.963,-0.003
38,12,0.637,0.707,-0.016
38,120,0.949,0.962,0.003
38,121,0.947,0.96,0.003
38,122,0.905,0.928,-0.005
38,123,0.971,0.978,-0.002
38,124,0.892,0.919,-0.006
38,125,0.987,0.99,-0.001
38,126,0.97,0.978,-0.002
38,127,0.798,0.844,-0.011
38,128,0.672,0.738,-0.019
38,129,0.737,0.793,-0.015
38,13,0.664,0.731,-0.014
38,130,0.819,0.861,-0.01
38,131,0.975,0.981,-0.001
38,132,0.913,0.935,0.005
38,133,0.879,0.908,0.007
38,134,0.928,0.946,0.004
38,135,0.918,0.938,0.005
38,136,0.997,0.998,-0.0
38,137,0.992,0.994,0.0
38,138,0.926,0.944,0.004
38,139,0.956,0.967,0.002
38,14,0.51,0.591,-0.022
38,140,0.914,0.935,0.005
38,141,0.853,0.888,0.008
38,142,0.785,0.833,0.012
38,143,0.786,0.834,0.012
38,144,0.804,0.849,0.011
38,145,0.711,0.771,0.017
38,146,0.786,0.833,0.012
38,147,0.758,0.81,0.014
38,148,0.812,0.855,0.011
38,149,0.868,0.9,0.007
38,15,0.815,0.857,-0.008
38,150,0.835,0.873,0.009
38,151,0.902,0.926,0.006
38,152,0.973,0.98,0.002
38,153,0.884,0.912,-0.007
38,154,0.71,0.77,-0.017
38,155,0.739,0.795,-0.015
38,156,0.805,0.849,-0.011
38,157,0.813,0.856,-0.011
38,158,0.888,0.916,-0.006
38,159,0.882,0.911,-0.007
38,16,0.883,0.911,-0.005
38,160,0.789,0.836,-0.012
38,161,0.808,0.852,-0.011
38,162,0.933,0.95,-0.004
38,163,0.973,0.98,-0.002
38,164,0.929,0.947,-0.004
38,165,0.839,0.877,0.009
38,166,0.886,0.914,0.006
38,167,0.871,0.902,0.007
38,168,0.827,0.867,0.01
38,169,0.629,0.699,0.022
38,17,0.523,0.603,-0.021
38,170,0.765,0.816,0.013
38,171,0.74,0.796,0.015
38,172,0.88,0.909,0.007
38,173,0.796,0.842,0.012
38,174,0.868,0.9,0.007
38,175,0.732,0.788,0.015
38,176,0.852,0.887,0.008
38,177,0.947,0.96,0.003
38,178,0.842,0.879,0.009
38,179,0.799,0.844,0.011
38,18,0.847,0.883,0.006
38,180,0.99,0.993,-0.001
38,181,0.935,0.951,-0.004
38,182,0.871,0.902,-0.007
38,183,0.941,0.956,0.003
38,184,0.988,0.991,0.001
38,185,0.908,0.931,-0.005
38,186,0.854,0.888,-0.008
38,187,0.92,0.94,-0.004
38,188,0.905,0.929,0.005
38,189,0.808,0.852,0.011
38,19,0.712,0.772,-0.012
38,190,0.977,0.983,-0.001
38,191,0.94,0.955,-0.003
38,192,0.944,0.958,0.003
38,193,0.867,0.899,0.007
38,194,0.872,0.903,0.007
38,195,0.932,0.949,0.004
38,196,0.899,0.924,0.006
38,197,0.87,0.901,0.007
38,198,0.744,0.799,0.014
38,199,0.853,0.888,0.008
38,20,0.985,0.989,-0.001
38,200,0.788,0.835,0.012
38,201,0.879,0.908,0.007
38,202,0.892,0.918,0.006
38,203,0.986,0.99,-0.001
38,204,0.811,0.854,-0.01
38,205,0.84,0.877,-0.009
38,206,0.966,0.975,-0.002
38,207,0.727,0.785,-0.015
38,208,0.886,0.914,-0.006
38,209,1.0,1.0,-0.0
38,21,0.852,0.887,-0.006
38,210,0.755,0.808,0.014
38,211,0.714,0.773,-0.016
38,212,0.836,0.874,-0.009
38,213,0.907,0.93,-0.005
38,214,0.976,0.983,-0.001
38,215,0.726,0.784,-0.015
38,216,0.909,0.931,0.005
38,217,0.759,0.812,-0.013
38,218,0.954,0.965,-0.003
38,219,0.781,0.83,-0.012
38,22,0.829,0.869,-0.007
38,220,0.859,0.892,-0.008
38,221,0.693,0.755,-0.018
38,222,0.665,0.732,-0.019
38,223,0.738,0.794,-0.015
38,224,0.624,0.696,-0.022
38,225,0.572,0.648,-0.026
38,226,0.654,0.721,-0.021
38,227,0.644,0.713,-0.021
38,228,0.644,0.713,-0.021
38,229,0.595,0.669,-0.025
38,23,0.89,0.916,0.005
38,230,0.61,0.683,-0.024
38,231,0.56,0.637,-0.028
38,232,0.705,0.766,-0.018
38,233,0.631,0.701,-0.023
38,234,0.705,0.766,-0.019
38,235,0.659,0.726,-0.022
38,236,0.529,0.608,-0.032
38,237,0.669,0.735,-0.022
38,238,0.722,0.781,-0.018
38,239,0.895,0.921,-0.007
38,24,0.565,0.642,-0.019
38,240,0.581,0.656,-0.029
38,241,0.595,0.669,-0.028
38,242,0.573,0.649,-0.031
38,243,0.421,0.504,-0.044
38,244,0.457,0.54,-0.042
38,245,0.459,0.542,-0.042
38,246,0.395,0.478,-0.049
38,247,0.304,0.384,-0.06
38,248,0.326,0.407,-0.058
38,249,0.351,0.434,-0.056
38,25,0.855,0.889,0.006
38,250,0.404,0.488,-0.051
38,251,0.483,0.565,-0.044
38,26,0.92,0.94,0.003
38,27,0.803,0.848,-0.008
38,28,0.896,0.921,0.004
38,29,0.633,0.703,0.016
38,30,0.572,0.648,-0.019
38,31,0.91,0.932,0.004
38,32,0.931,0.949,0.003
38,33,0.794,0.84,0.009
38,34,0.87,0.901,-0.006
38,35,0.937,0.953,0.003
38,36,0.999,0.999,-0.0
38,37,0.972,0.98,0.001
38,38,0.926,0.944,0.003
38,39,0.957,0.968,0.002
38,40,0.943,0.957,0.002
38,41,0.501,0.582,0.023
38,42,0.949,0.962,0.002
38,43,0.78,0.828,0.01
38,44,0.669,0.735,0.015
38,45,0.624,0.695,0.017
38,46,0.539,0.618,0.022
38,47,0.544,0.623,0.021
38,48,0.606,0.679,0.018
38,49,0.451,0.534,0.027
38,50,0.49,0.571,0.025
38,51,0.639,0.708,0.017
38,52,0.589,0.664,0.019
38,53,0.32,0.401,0.036
38,54,0.449,0.532,0.028
38,55,0.339,0.42,0.035
38,56,0.232,0.306,0.044
38,57,0.378,0.461,0.032
38,58,0.386,0.469,0.032
38,59,0.412,0.495,0.03
38,6,0.65,0.718,-0.016
38,60,0.389,0.473,0.032
38,61,0.342,0.424,0.036
38,62,0.255,0.331,0.043
38,63,0.292,0.372,0.04
38,64,0.206,0.276,0.048
38,65,0.417,0.5,0.031
38,66,0.467,0.549,0.028
38,67,0.612,0.685,0.02
38,68,0.583,0.658,0.021
38,69,0.451,0.533,0.029
38,7,0.263,0.34,-0.038
38,70,0.487,0.569,0.027
38,71,0.419,0.502,0.032
38,72,0.659,0.726,0.017
38,73,0.368,0.451,0.036
38,74,0.487,0.568,0.028
38,75,0.674,0.739,0.017
38,76,0.429,0.512,0.032
38,77,0.637,0.707,0.019
38,78,0.644,0.713,0.019
38,79,0.617,0.689,0.02
38,8,0.401,0.484,-0.028
38,80,0.725,0.783,0.014
38,81,0.832,0.871,0.009
38,82,0.862,0.895,0.007
38,83,0.888,0.915,0.006
38,84,0.99,0.993,-0.0
38,85,0.831,0.87,0.009
38,86,0.786,0.834,0.011
38,87,0.798,0.844,0.011
38,88,0.745,0.799,0.014
38,89,0.902,0.926,0.005
38,9,0.356,0.438,-0.031
38,90,0.879,0.908,-0.006
38,91,0.844,0.881,-0.008
38,92,0.941,0.956,0.003
38,93,0.825,0.866,-0.009
38,94,0.904,0.928,-0.005
38,95,0.86,0.893,-0.008
38,96,0.879,0.908,-0.006
38,97,0.754,0.807,-0.013
38,98,0.949,0.962,-0.003
38,99,0.9,0.925,-0.005
39,10,0.509,0.589,-0.022
39,100,0.961,0.971,-0.002
39,101,0.967,0.976,-0.002
39,102,0.83,0.869,-0.009
39,103,0.633,0.703,-0.021
39,104,0.631,0.701,-0.021
39,105,0.666,0.733,-0.019
39,106,0.886,0.913,-0.006
39,107,0.851,0.886,-0.008
39,108,0.785,0.833,-0.012
39,109,0.878,0.908,-0.007
39,11,0.601,0.674,-0.017
39,110,0.896,0.922,-0.006
39,111,0.773,0.823,-0.013
39,112,0.875,0.905,0.007
39,113,0.907,0.93,0.005
39,114,0.823,0.864,0.01
39,115,0.866,0.898,0.007
39,116,0.824,0.864,0.01
39,117,0.893,0.919,0.006
39,118,0.948,0.961,-0.003
39,119,0.975,0.982,-0.001
39,12,0.483,0.564,-0.023
39,120,0.97,0.978,0.002
39,121,0.862,0.895,-0.008
39,122,0.925,0.944,0.004
39,123,0.928,0.946,0.004
39,124,0.879,0.908,0.007
39,125,0.71,0.77,0.016
39,126,0.665,0.731,0.019
39,127,0.828,0.867,0.01
39,128,0.753,0.806,0.014
39,129,0.861,0.894,0.008
39,13,0.645,0.714,-0.015
39,130,0.931,0.949,0.004
39,131,0.951,0.964,-0.003
39,132,0.917,0.937,-0.005
39,133,0.974,0.981,0.001
39,134,0.776,0.826,0.013
39,135,0.83,0.869,0.01
39,136,0.898,0.923,0.006
39,137,0.937,0.953,0.004
39,138,0.883,0.911,0.007
39,139,0.911,0.933,0.005
39,14,0.814,0.856,-0.008
39,140,0.903,0.927,0.005
39,141,0.951,0.964,0.003
39,142,0.681,0.745,0.018
39,143,0.847,0.883,0.009
39,144,0.829,0.868,0.01
39,145,0.887,0.914,0.006
39,146,0.933,0.95,0.004
39,147,0.988,0.991,-0.001
39,148,0.867,0.899,0.008
39,149,0.961,0.971,0.002
39,15,0.538,0.617,-0.02
39,150,0.986,0.99,0.001
39,151,0.978,0.983,-0.001
39,152,0.897,0.922,0.006
39,153,0.907,0.93,0.005
39,154,0.89,0.916,0.006
39,155,0.961,0.971,0.002
39,156,0.965,0.974,-0.002
39,157,0.928,0.946,0.004
39,158,0.891,0.918,0.006
39,159,0.893,0.919,0.006
39,16,0.919,0.939,-0.003
39,160,0.989,0.992,0.001
39,161,0.974,0.98,-0.001
39,162,0.977,0.983,0.001
39,163,0.908,0.931,0.005
39,164,0.999,0.999,-0.0
39,165,0.984,0.988,-0.001
39,166,0.848,0.884,0.009
39,167,0.975,0.981,0.001
39,168,0.914,0.936,0.005
39,169,0.894,0.92,-0.006
39,17,0.431,0.514,-0.026
39,170,0.866,0.898,-0.008
39,171,0.864,0.896,-0.008
39,172,0.976,0.983,0.001
39,173,0.909,0.932,-0.005
39,174,0.949,0.962,-0.003
39,175,0.945,0.959,0.003
39,176,0.854,0.889,-0.008
39,177,0.938,0.954,-0.003
39,178,0.905,0.929,0.005
39,179,0.92,0.94,0.005
39,18,0.496,0.577,-0.023
39,180,0.997,0.998,-0.0
39,181,0.938,0.954,-0.003
39,182,0.906,0.929,0.005
39,183,0.96,0.97,0.002
39,184,0.961,0.971,-0.002
39,185,0.819,0.86,-0.01
39,186,0.949,0.962,-0.003
39,187,0.878,0.908,-0.007
39,188,0.802,0.846,-0.011
39,189,0.741,0.797,-0.015
39,19,0.52,0.6,-0.021
39,190,0.785,0.833,-0.012
39,191,0.802,0.847,-0.011
39,192,0.712,0.772,-0.016
39,193,0.76,0.812,-0.013
39,194,0.784,0.832,-0.012
39,195,0.831,0.87,-0.009
39,196,0.709,0.769,-0.016
39,197,0.697,0.759,-0.017
39,198,0.937,0.953,-0.003
39,199,0.877,0.906,0.007
39,20,0.482,0.564,-0.023
39,200,0.913,0.935,0.005
39,201,0.906,0.929,0.005
39,202,0.803,0.847,-0.011
39,203,0.702,0.764,-0.017
39,204,0.826,0.866,-0.01
39,205,0.781,0.829,-0.012
39,206,0.905,0.928,-0.005
39,207,0.639,0.708,-0.02
39,208,0.791,0.838,-0.012
39,209,0.796,0.842,-0.011
39,21,0.566,0.643,-0.019
39,210,0.668,0.734,-0.019
39,211,0.629,0.7,-0.021
39,212,0.762,0.814,-0.013
39,213,0.884,0.912,-0.006
39,214,0.633,0.703,-0.021
39,215,0.68,0.744,-0.018
39,216,0.954,0.966,-0.003
39,217,0.762,0.814,-0.013
39,218,0.651,0.719,-0.02
39,219,0.725,0.783,-0.016
39,22,0.45,0.533,-0.025
39,220,0.71,0.77,-0.017
39,221,0.758,0.811,-0.014
39,222,0.891,0.918,-0.006
39,223,0.84,0.877,-0.009
39,224,0.674,0.739,-0.019
39,225,0.667,0.733,-0.02
39,226,0.725,0.783,-0.016
39,227,0.627,0.698,-0.022
39,228,0.592,0.667,-0.025
39,229,0.648,0.716,-0.021
39,23,0.39,0.474,-0.028
39,230,0.501,0.582,-0.032
39,231,0.673,0.738,-0.02
39,232,0.549,0.627,-0.029
39,233,0.448,0.531,-0.037
39,234,0.418,0.501,-0.04
39,235,0.45,0.533,-0.037
39,236,0.59,0.664,-0.027
39,237,0.538,0.617,-0.031
39,238,0.476,0.558,-0.036
39,239,0.613,0.685,-0.026
39,24,0.825,0.865,-0.007
39,240,0.574,0.65,-0.029
39,241,0.613,0.685,-0.027
39,242,0.541,0.62,-0.033
39,243,0.441,0.524,-0.042
39,244,0.493,0.574,-0.038
39,245,0.45,0.533,-0.043
39,246,0.344,0.426,-0.054
39,247,0.415,0.498,-0.047
39,248,0.371,0.454,-0.053
39,249,0.36,0.442,-0.055
39,25,0.658,0.725,-0.015
39,250,0.473,0.555,-0.044
39,251,0.396,0.48,-0.052
39,26,0.675,0.74,-0.014
39,27,0.982,0.986,0.001
39,28,0.856,0.89,-0.006
39,29,0.56,0.638,-0.019
39,30,0.768,0.819,0.01
39,31,0.932,0.949,-0.003
39,32,0.974,0.981,0.001
39,33,0.992,0.994,-0.0
39,34,0.986,0.99,0.001
39,35,0.993,0.995,0.0
39,36,0.997,0.998,0.0
39,37,0.832,0.871,0.007
39,38,0.883,0.911,-0.005
39,39,0.942,0.957,-0.003
39,40,0.773,0.823,0.01
39,41,0.954,0.966,0.002
39,42,0.762,0.814,0.01
39,43,0.715,0.774,0.013
39,44,0.923,0.942,0.003
39,45,0.642,0.711,0.016
39,46,0.577,0.653,0.02
39,47,0.741,0.796,0.012
39,48,0.916,0.937,0.004
39,49,0.894,0.92,0.005
39,50,0.66,0.727,0.016
39,51,0.372,0.455,0.032
39,52,0.548,0.627,0.022
39,53,0.456,0.539,0.027
39,54,0.498,0.579,0.025
39,55,0.462,0.545,0.027
39,56,0.518,0.598,0.024
39,57,0.293,0.372,0.039
39,58,0.332,0.413,0.036
39,59,0.392,0.475,0.032
39,6,0.484,0.565,-0.024
39,60,0.384,0.467,0.033
39,61,0.387,0.47,0.033
39,62,0.398,0.481,0.032
39,63,0.453,0.536,0.029
39,64,0.51,0.59,0.025
39,65,0.584,0.659,0.021
39,66,0.345,0.427,0.036
39,67,0.513,0.593,0.025
39,68,0.791,0.838,0.01
39,69,0.88,0.909,0.006
39,7,0.786,0.834,-0.009
39,70,0.564,0.641,0.023
39,71,0.502,0.583,0.027
39,72,0.737,0.793,0.013
39,73,0.696,0.758,0.016
39,74,0.557,0.635,0.024
39,75,0.993,0.995,-0.0
39,76,0.753,0.806,0.013
39,77,0.728,0.785,0.014
39,78,0.705,0.766,0.015
39,79,0.992,0.994,0.0
39,8,0.646,0.715,-0.015
39,80,0.785,0.833,0.011
39,81,0.888,0.915,0.006
39,82,0.947,0.96,0.003
39,83,0.88,0.909,0.006
39,84,0.755,0.808,0.013
39,85,0.827,0.867,-0.009
39,86,0.924,0.943,-0.004
39,87,0.983,0.988,0.001
39,88,1.0,1.0,-0.0
39,89,0.735,0.791,-0.014
39,9,0.578,0.654,-0.019
39,90,0.983,0.987,0.001
39,91,0.803,0.847,0.011
39,92,0.985,0.989,-0.001
39,93,0.725,0.783,0.015
39,94,0.982,0.987,0.001
39,95,0.766,0.817,-0.013
39,96,0.826,0.866,-0.009
39,97,0.882,0.911,-0.006
39,98,0.88,0.909,-0.007
39,99,0.953,0.965,-0.003
4,10,0.821,0.862,-0.007
4,100,0.846,0.882,0.007
4,101,0.928,0.946,-0.003
4,102,0.885,0.913,-0.005
4,103,0.977,0.983,-0.001
4,104,0.898,0.923,0.005
4,105,0.988,0.991,-0.001
4,106,0.958,0.969,0.002
4,107,0.927,0.945,-0.003
4,108,0.921,0.94,-0.004
4,109,0.944,0.958,-0.003
4,11,0.764,0.816,-0.01
4,110,0.915,0.936,-0.004
4,111,0.895,0.921,0.005
4,112,0.795,0.841,0.01
4,113,0.721,0.78,0.013
4,114,0.952,0.964,-0.002
4,115,0.875,0.905,0.006
4,116,0.913,0.935,0.004
4,117,0.669,0.735,0.016
4,118,0.692,0.755,0.015
4,119,0.601,0.674,0.02
4,12,0.667,0.733,-0.014
4,120,0.517,0.597,0.024
4,121,0.649,0.718,0.017
4,122,0.571,0.647,0.021
4,123,0.642,0.711,0.018
4,124,0.645,0.714,0.018
4,125,0.711,0.771,0.014
4,126,0.84,0.877,0.008
4,127,0.711,0.771,0.014
4,128,0.787,0.834,0.01
4,129,0.819,0.861,0.009
4,13,0.881,0.91,-0.005
4,130,0.737,0.793,0.013
4,131,0.751,0.805,0.012
4,132,0.591,0.666,0.021
4,133,0.629,0.699,0.019
4,134,0.658,0.725,0.017
4,135,0.756,0.809,0.012
4,136,0.597,0.671,0.021
4,137,0.598,0.672,0.021
4,138,0.442,0.525,0.03
4,139,0.515,0.596,0.026
4,14,0.762,0.814,-0.01
4,140,0.478,0.56,0.028
4,141,0.584,0.659,0.022
4,142,0.517,0.598,0.025
4,143,0.484,0.565,0.028
4,144,0.402,0.485,0.033
4,145,0.265,0.343,0.044
4,146,0.36,0.443,0.036
4,147,0.384,0.467,0.035
4,148,0.329,0.411,0.039
4,149,0.258,0.334,0.045
4,15,0.821,0.862,-0.007
4,150,0.223,0.295,0.049
4,151,0.297,0.377,0.042
4,152,0.248,0.323,0.047
4,153,0.298,0.378,0.042
4,154,0.359,0.442,0.037
4,155,0.286,0.364,0.043
4,156,0.226,0.299,0.049
4,157,0.221,0.294,0.05
4,158,0.232,0.305,0.049
4,159,0.282,0.36,0.044
4,16,0.648,0.716,-0.015
4,160,0.174,0.239,0.056
4,161,0.293,0.372,0.043
4,162,0.271,0.349,0.045
4,163,0.208,0.279,0.052
4,164,0.268,0.345,0.046
4,165,0.25,0.325,0.048
4,166,0.213,0.284,0.052
4,167,0.291,0.37,0.044
4,168,0.439,0.522,0.032
4,169,0.407,0.49,0.035
4,17,0.714,0.773,-0.012
4,170,0.633,0.703,0.02
4,171,0.567,0.643,0.024
4,172,0.613,0.686,0.021
4,173,0.349,0.431,0.04
4,174,0.398,0.481,0.036
4,175,0.473,0.555,0.031
4,176,0.531,0.61,0.027
4,177,0.6,0.673,0.023
4,178,0.722,0.78,0.015
4,179,0.569,0.645,0.025
4,18,0.704,0.765,-0.012
4,180,0.632,0.702,0.021
4,181,0.716,0.776,0.016
4,182,0.636,0.706,0.021
4,183,0.592,0.667,0.024
4,184,0.718,0.777,0.016
4,185,0.643,0.712,0.021
4,186,0.906,0.929,0.005
4,187,0.724,0.782,0.016
4,188,0.676,0.741,0.019
4,189,0.762,0.814,0.014
4,19,0.598,0.672,-0.017
4,190,0.803,0.848,0.012
4,191,0.81,0.853,0.011
4,192,0.844,0.881,0.009
4,193,0.421,0.504,0.038
4,194,0.607,0.68,0.024
4,195,0.635,0.705,0.023
4,196,0.617,0.689,0.024
4,197,0.498,0.579,0.033
4,198,0.564,0.641,0.028
4,199,0.686,0.749,0.02
4,20,0.722,0.78,-0.011
4,200,0.612,0.685,0.025
4,201,0.523,0.603,0.032
4,202,0.426,0.51,0.04
4,203,0.418,0.501,0.041
4,204,0.548,0.626,0.03
4,205,0.667,0.733,0.022
4,206,0.434,0.517,0.04
4,207,0.446,0.529,0.039
4,208,0.521,0.601,0.033
4,209,0.368,0.451,0.047
4,21,0.614,0.686,-0.016
4,210,0.286,0.365,0.055
4,211,0.405,0.488,0.043
4,212,0.38,0.463,0.046
4,213,0.303,0.383,0.054
4,214,0.229,0.302,0.064
4,215,0.391,0.475,0.046
4,216,0.263,0.34,0.06
4,217,0.244,0.319,0.063
4,218,0.185,0.253,0.072
4,219,0.226,0.299,0.065
4,22,0.817,0.859,-0.007
4,220,0.211,0.283,0.068
4,221,0.169,0.233,0.075
4,222,0.161,0.224,0.077
4,223,0.177,0.243,0.074
4,224,0.259,0.336,0.063
4,225,0.117,0.171,0.087
4,226,0.107,0.157,0.09
4,227,0.221,0.293,0.069
4,228,0.181,0.248,0.075
4,229,0.265,0.342,0.063
4,23,0.749,0.803,-0.01
4,230,0.243,0.318,0.066
4,231,0.251,0.327,0.065
4,232,0.178,0.244,0.077
4,233,0.318,0.399,0.057
4,234,0.3,0.38,0.059
4,235,0.24,0.314,0.067
4,236,0.29,0.369,0.061
4,237,0.291,0.37,0.061
4,238,0.209,0.279,0.073
4,239,0.26,0.337,0.065
4,24,0.675,0.74,-0.013
4,240,0.331,0.412,0.057
4,241,0.291,0.371,0.062
4,242,0.302,0.382,0.061
4,243,0.284,0.362,0.064
4,244,0.288,0.366,0.063
4,245,0.35,0.432,0.056
4,246,0.413,0.496,0.05
4,247,0.375,0.458,0.054
4,248,0.343,0.425,0.059
4,249,0.407,0.49,0.052
4,25,0.684,0.748,-0.013
4,250,0.343,0.425,0.06
4,251,0.256,0.332,0.072
4,26,0.709,0.769,-0.012
4,27,0.61,0.683,-0.016
4,28,0.283,0.362,-0.034
4,29,0.549,0.627,-0.019
4,30,0.527,0.607,-0.02
4,31,0.462,0.545,-0.023
4,32,0.366,0.449,-0.028
4,33,0.281,0.36,-0.034
4,34,0.323,0.404,-0.031
4,35,0.455,0.538,-0.023
4,36,0.435,0.518,-0.025
4,37,0.492,0.573,-0.022
4,38,0.496,0.578,-0.021
4,39,0.468,0.55,-0.023
4,40,0.436,0.519,-0.024
4,41,0.92,0.94,-0.003
4,42,0.647,0.715,-0.014
4,43,0.681,0.745,-0.013
4,44,0.599,0.673,-0.017
4,45,0.494,0.575,-0.022
4,46,0.74,0.795,-0.011
4,47,0.695,0.757,-0.012
4,48,0.284,0.363,-0.034
4,49,0.551,0.629,-0.019
4,50,0.499,0.58,-0.022
4,51,0.305,0.385,-0.033
4,52,0.485,0.566,-0.022
4,53,0.458,0.54,-0.024
4,54,0.254,0.33,-0.037
4,55,0.209,0.28,-0.041
4,56,0.154,0.215,-0.046
4,57,0.205,0.276,-0.041
4,58,0.332,0.413,-0.032
4,59,0.358,0.44,-0.03
4,60,0.387,0.47,-0.028
4,61,0.332,0.413,-0.032
4,62,0.315,0.396,-0.033
4,63,0.304,0.384,-0.034
4,64,0.315,0.396,-0.033
4,65,0.611,0.684,-0.017
4,66,0.174,0.239,-0.045
4,67,0.264,0.341,-0.037
4,68,0.363,0.446,-0.03
4,69,0.57,0.647,-0.019
4,7,0.877,0.906,-0.005
4,70,0.699,0.761,-0.013
4,71,0.377,0.46,-0.03
4,72,0.364,0.447,-0.031
4,73,0.692,0.755,-0.013
4,74,0.759,0.812,-0.01
4,75,0.446,0.529,-0.026
4,76,0.658,0.725,-0.015
4,77,0.706,0.767,-0.013
4,78,0.504,0.585,-0.023
4,79,0.64,0.71,-0.016
4,8,0.851,0.886,-0.006
4,80,0.76,0.812,-0.01
4,81,0.897,0.922,-0.004
4,82,0.975,0.982,-0.001
4,83,0.875,0.905,0.005
4,84,0.831,0.871,-0.007
4,85,0.781,0.829,-0.01
4,86,0.89,0.917,-0.005
4,87,0.986,0.99,-0.001
4,88,0.679,0.743,-0.014
4,89,0.764,0.815,-0.011
4,9,0.765,0.816,-0.01
4,90,0.805,0.849,-0.009
4,91,0.787,0.835,-0.01
4,92,0.824,0.864,-0.008
4,93,0.946,0.96,-0.002
4,94,0.858,0.891,-0.006
4,95,0.593,0.667,-0.019
4,96,0.627,0.698,-0.017
4,97,0.925,0.944,-0.003
4,98,0.894,0.92,0.005
4,99,0.963,0.972,-0.002
40,10,0.983,0.987,0.001
40,100,0.859,0.892,-0.008
40,101,0.884,0.912,-0.006
40,102,0.978,0.984,0.001
40,103,0.849,0.885,-0.008
40,104,0.883,0.911,-0.006
40,105,0.976,0.982,-0.001
40,106,0.864,0.897,-0.007
40,107,0.801,0.846,-0.011
40,108,0.879,0.908,-0.007
40,109,0.824,0.864,0.01
40,11,0.735,0.791,0.011
40,110,0.812,0.855,0.01
40,111,0.973,0.98,0.001
40,112,0.925,0.943,0.004
40,113,0.975,0.982,0.001
40,114,0.872,0.903,-0.007
40,115,0.969,0.977,-0.002
40,116,0.929,0.947,0.004
40,117,0.907,0.93,0.005
40,118,0.887,0.915,-0.006
40,119,0.89,0.917,-0.006
40,12,0.976,0.983,0.001
40,120,0.992,0.994,0.0
40,121,0.872,0.902,-0.007
40,122,0.966,0.975,0.002
40,123,0.984,0.988,0.001
40,124,0.903,0.926,0.005
40,125,0.874,0.905,0.007
40,126,0.973,0.98,0.002
40,127,0.778,0.827,0.012
40,128,0.747,0.802,0.014
40,129,0.842,0.879,0.009
40,13,0.895,0.92,-0.004
40,130,0.808,0.851,0.011
40,131,0.819,0.861,0.01
40,132,0.712,0.772,0.016
40,133,0.879,0.908,0.007
40,134,0.98,0.985,0.001
40,135,0.912,0.934,0.005
40,136,0.875,0.905,0.007
40,137,0.873,0.903,0.007
40,138,0.942,0.957,0.003
40,139,0.867,0.899,0.007
40,14,0.918,0.938,0.003
40,140,0.914,0.935,0.005
40,141,0.868,0.9,0.007
40,142,0.74,0.795,0.015
40,143,0.727,0.785,0.015
40,144,0.674,0.739,0.019
40,145,0.612,0.684,0.022
40,146,0.69,0.753,0.018
40,147,0.667,0.733,0.019
40,148,0.772,0.822,0.013
40,149,0.878,0.908,0.007
40,15,0.951,0.964,0.002
40,150,0.727,0.785,0.015
40,151,0.841,0.878,0.009
40,152,0.847,0.883,0.009
40,153,0.777,0.826,0.013
40,154,0.721,0.78,0.016
40,155,0.829,0.868,0.01
40,156,0.741,0.796,0.015
40,157,0.873,0.903,0.007
40,158,0.798,0.843,0.011
40,159,0.914,0.936,0.005
40,16,0.857,0.891,-0.006
40,160,0.813,0.856,0.011
40,161,0.964,0.973,-0.002
40,162,0.9,0.925,0.006
40,163,0.947,0.961,0.003
40,164,0.863,0.896,-0.008
40,165,0.894,0.92,-0.006
40,166,0.686,0.75,-0.018
40,167,0.763,0.814,-0.014
40,168,0.922,0.942,-0.004
40,169,0.812,0.855,-0.011
40,17,0.919,0.939,0.003
40,170,0.8,0.845,-0.011
40,171,0.959,0.97,0.002
40,172,0.97,0.978,-0.002
40,173,0.879,0.909,-0.007
40,174,0.714,0.774,-0.017
40,175,0.645,0.714,-0.021
40,176,0.785,0.833,-0.012
40,177,0.859,0.893,-0.008
40,178,0.943,0.958,-0.003
40,179,0.91,0.932,-0.005
40,18,0.797,0.843,-0.009
40,180,0.837,0.875,-0.009
40,181,0.725,0.783,-0.016
40,182,0.936,0.952,-0.004
40,183,0.816,0.858,-0.01
40,184,0.894,0.92,-0.006
40,185,0.753,0.807,-0.014
40,186,0.766,0.817,-0.013
40,187,0.819,0.86,-0.01
40,188,0.641,0.71,-0.021
40,189,0.641,0.71,-0.021
40,19,0.692,0.755,-0.013
40,190,0.415,0.498,-0.036
40,191,0.559,0.636,-0.026
40,192,0.535,0.614,-0.028
40,193,0.598,0.672,-0.023
40,194,0.825,0.865,-0.01
40,195,0.844,0.881,-0.009
40,196,0.803,0.847,-0.011
40,197,0.864,0.897,-0.008
40,198,0.852,0.887,-0.008
40,199,0.838,0.876,-0.009
40,20,0.876,0.906,0.005
40,200,0.83,0.869,-0.009
40,201,0.909,0.931,-0.005
40,202,0.872,0.902,-0.007
40,203,0.853,0.888,-0.008
40,204,0.896,0.921,-0.006
40,205,0.6,0.674,-0.023
40,206,0.65,0.718,-0.02
40,207,0.976,0.982,0.001
40,208,0.925,0.943,-0.004
40,209,0.971,0.979,0.002
40,21,0.91,0.932,0.004
40,210,0.763,0.814,-0.013
40,211,0.771,0.822,-0.013
40,212,0.755,0.808,-0.014
40,213,0.876,0.906,-0.007
40,214,0.923,0.942,-0.004
40,215,0.884,0.912,-0.006
40,216,0.67,0.735,-0.019
40,217,0.69,0.753,-0.018
40,218,0.768,0.819,-0.013
40,219,0.993,0.995,-0.0
40,22,0.969,0.977,-0.001
40,220,0.717,0.776,-0.016
40,221,0.618,0.69,-0.022
40,222,0.648,0.717,-0.02
40,223,0.626,0.697,-0.022
40,224,0.361,0.444,-0.041
40,225,0.435,0.518,-0.036
40,226,0.663,0.73,-0.02
40,227,0.442,0.525,-0.036
40,228,0.431,0.514,-0.036
40,229,0.49,0.572,-0.032
40,23,0.861,0.894,-0.006
40,230,0.541,0.619,-0.029
40,231,0.633,0.703,-0.023
40,232,0.426,0.51,-0.038
40,233,0.602,0.675,-0.025
40,234,0.599,0.673,-0.026
40,235,0.54,0.619,-0.03
40,236,0.676,0.74,-0.021
40,237,0.561,0.638,-0.029
40,238,0.665,0.731,-0.022
40,239,0.408,0.491,-0.043
40,24,0.968,0.976,0.001
40,240,0.449,0.532,-0.039
40,241,0.588,0.663,-0.028
40,242,0.396,0.479,-0.045
40,243,0.565,0.642,-0.031
40,244,0.507,0.588,-0.036
40,245,0.463,0.545,-0.041
40,246,0.496,0.577,-0.039
40,247,0.497,0.578,-0.039
40,248,0.589,0.664,-0.032
40,249,0.488,0.569,-0.041
40,25,0.871,0.902,0.005
40,250,0.508,0.589,-0.04
40,251,0.599,0.673,-0.032
40,26,0.908,0.931,0.004
40,27,0.911,0.933,0.004
40,28,0.816,0.858,0.008
40,29,0.981,0.986,0.001
40,30,0.876,0.906,0.005
40,31,0.963,0.972,0.002
40,32,0.903,0.927,0.004
40,33,0.796,0.842,0.009
40,34,0.98,0.985,0.001
40,35,0.995,0.996,0.0
40,36,0.649,0.717,0.016
40,37,0.991,0.994,0.0
40,38,0.767,0.818,0.01
40,39,0.949,0.962,0.002
40,40,0.847,0.883,0.007
40,41,0.987,0.99,0.001
40,42,0.944,0.958,0.002
40,43,0.787,0.834,0.009
40,44,0.99,0.993,-0.0
40,45,0.918,0.938,-0.004
40,46,0.855,0.889,0.007
40,47,0.743,0.798,0.012
40,48,0.804,0.849,0.009
40,49,0.859,0.892,0.006
40,50,0.533,0.612,0.022
40,51,0.862,0.895,0.006
40,52,0.895,0.92,0.005
40,53,0.608,0.681,0.019
40,54,0.487,0.569,0.026
40,55,0.867,0.899,0.006
40,56,0.981,0.986,0.001
40,57,0.562,0.639,0.022
40,58,0.723,0.781,0.013
40,59,0.569,0.646,0.021
40,6,0.945,0.959,-0.002
40,60,0.712,0.772,0.014
40,61,0.555,0.633,0.022
40,62,0.486,0.568,0.027
40,63,0.578,0.654,0.021
40,64,0.65,0.718,0.018
40,65,0.666,0.733,0.017
40,66,0.693,0.756,0.015
40,67,0.431,0.514,0.031
40,68,0.671,0.737,0.017
40,69,0.629,0.7,0.019
40,7,0.993,0.995,-0.0
40,70,0.598,0.672,0.021
40,71,0.572,0.648,0.023
40,72,0.61,0.683,0.02
40,73,0.452,0.535,0.03
40,74,0.744,0.799,0.013
40,75,0.685,0.748,0.016
40,76,0.726,0.783,0.014
40,77,0.862,0.895,0.007
40,78,0.762,0.814,0.012
40,79,0.681,0.745,0.017
40,8,0.765,0.817,-0.01
40,80,0.713,0.773,0.015
40,81,0.94,0.955,-0.003
40,82,0.984,0.988,0.001
40,83,0.826,0.867,0.009
40,84,0.905,0.928,0.005
40,85,0.769,0.82,0.012
40,86,0.843,0.88,-0.008
40,87,0.935,0.951,0.003
40,88,0.803,0.847,0.011
40,89,0.864,0.896,0.007
40,9,0.971,0.979,0.001
40,90,0.939,0.955,-0.003
40,91,0.906,0.929,0.005
40,92,0.957,0.968,0.002
40,93,0.879,0.908,0.006
40,94,0.828,0.868,0.009
40,95,0.979,0.985,0.001
40,96,0.972,0.979,-0.001
40,97,0.957,0.968,-0.002
40,98,0.995,0.996,0.0
40,99,0.943,0.957,-0.003
41,10,0.755,0.808,-0.011
41,100,0.79,0.837,-0.011
41,101,0.771,0.821,-0.012
41,102,0.888,0.916,-0.006
41,103,0.971,0.979,-0.002
41,104,0.989,0.992,0.001
41,105,0.787,0.834,-0.012
41,106,0.978,0.984,0.001
41,107,0.868,0.899,-0.007
41,108,0.917,0.938,-0.004
41,109,0.826,0.866,0.009
41,11,0.796,0.842,-0.009
41,110,0.826,0.866,-0.009
41,111,0.882,0.911,0.006
41,112,0.987,0.991,0.001
41,113,0.866,0.898,0.007
41,114,0.885,0.913,0.006
41,115,0.765,0.816,0.013
41,116,0.877,0.906,0.007
41,117,0.695,0.757,0.017
41,118,0.949,0.962,0.003
41,119,0.855,0.89,0.008
41,12,0.692,0.755,-0.013
41,120,0.877,0.907,0.007
41,121,0.86,0.893,0.008
41,122,0.8,0.845,0.011
41,123,0.69,0.753,0.017
41,124,0.803,0.848,0.011
41,125,0.778,0.827,0.012
41,126,0.552,0.63,0.026
41,127,0.709,0.769,0.016
41,128,0.811,0.854,0.01
41,129,0.814,0.856,0.01
41,13,0.966,0.975,-0.001
41,130,0.677,0.742,0.018
41,131,0.751,0.804,0.014
41,132,0.738,0.794,0.015
41,133,0.656,0.723,0.019
41,134,0.584,0.66,0.024
41,135,0.508,0.589,0.029
41,136,0.507,0.587,0.029
41,137,0.679,0.743,0.018
41,138,0.817,0.859,0.01
41,139,0.67,0.736,0.019
41,14,0.875,0.905,-0.005
41,140,0.743,0.798,0.014
41,141,0.529,0.608,0.028
41,142,0.567,0.644,0.025
41,143,0.615,0.687,0.022
41,144,0.759,0.811,0.013
41,145,0.863,0.895,0.008
41,146,0.854,0.889,0.008
41,147,0.71,0.77,0.016
41,148,0.831,0.87,0.009
41,149,0.779,0.828,0.012
41,15,0.781,0.83,-0.009
41,150,0.672,0.737,0.019
41,151,0.513,0.593,0.029
41,152,0.502,0.583,0.03
41,153,0.724,0.782,0.016
41,154,0.862,0.894,0.008
41,155,0.871,0.902,0.007
41,156,0.854,0.888,0.008
41,157,0.96,0.971,-0.002
41,158,0.924,0.943,0.004
41,159,0.75,0.804,0.014
41,16,0.737,0.793,-0.011
41,160,0.986,0.99,0.001
41,161,0.943,0.957,-0.003
41,162,0.923,0.942,0.004
41,163,0.949,0.962,0.003
41,164,0.862,0.895,0.008
41,165,0.935,0.951,0.004
41,166,0.872,0.902,-0.007
41,167,0.793,0.839,0.012
41,168,0.966,0.975,0.002
41,169,0.816,0.858,-0.01
41,17,0.774,0.824,-0.01
41,170,0.908,0.93,-0.005
41,171,0.934,0.951,-0.004
41,172,0.915,0.936,-0.005
41,173,0.875,0.905,-0.007
41,174,0.911,0.933,0.005
41,175,0.866,0.898,-0.008
41,176,0.862,0.895,-0.008
41,177,0.745,0.799,-0.015
41,178,0.76,0.812,-0.014
41,179,0.789,0.836,-0.012
41,18,0.606,0.679,-0.017
41,180,0.851,0.886,-0.008
41,181,0.908,0.931,-0.005
41,182,0.766,0.817,-0.013
41,183,0.683,0.747,-0.018
41,184,0.702,0.763,-0.017
41,185,0.698,0.76,-0.017
41,186,0.682,0.746,-0.018
41,187,0.703,0.764,-0.017
41,188,0.914,0.935,-0.005
41,189,0.912,0.934,-0.005
41,19,0.662,0.728,-0.015
41,190,0.881,0.91,-0.007
41,191,0.987,0.99,0.001
41,192,0.969,0.977,0.002
41,193,0.774,0.823,-0.013
41,194,0.862,0.894,-0.008
41,195,0.998,0.999,-0.0
41,196,0.889,0.916,0.006
41,197,0.915,0.936,0.005
41,198,0.904,0.928,0.005
41,199,0.891,0.917,-0.006
41,20,0.856,0.89,-0.006
41,200,0.873,0.904,-0.007
41,201,0.863,0.896,-0.008
41,202,0.841,0.878,-0.009
41,203,0.794,0.84,-0.011
41,204,0.694,0.756,-0.017
41,205,0.768,0.819,-0.013
41,206,0.853,0.888,-0.008
41,207,0.771,0.821,-0.013
41,208,0.647,0.716,-0.02
41,209,0.66,0.727,-0.019
41,21,0.993,0.995,0.0
41,210,0.992,0.994,-0.0
41,211,0.981,0.986,-0.001
41,212,0.979,0.985,0.001
41,213,0.994,0.996,0.0
41,214,0.937,0.953,-0.003
41,215,0.91,0.932,-0.005
41,216,0.924,0.943,-0.004
41,217,0.859,0.893,-0.008
41,218,0.957,0.968,0.002
41,219,0.904,0.928,0.005
41,22,0.805,0.849,-0.008
41,220,0.881,0.909,0.007
41,221,0.888,0.915,-0.006
41,222,0.884,0.912,-0.007
41,223,0.845,0.881,-0.009
41,224,0.845,0.881,0.009
41,225,0.788,0.835,0.012
41,226,0.907,0.93,0.005
41,227,0.931,0.949,0.004
41,228,0.828,0.868,0.01
41,229,0.86,0.893,0.008
41,23,0.722,0.78,0.012
41,230,0.985,0.989,0.001
41,231,0.945,0.959,0.003
41,232,0.917,0.938,-0.005
41,233,0.98,0.985,0.001
41,234,0.959,0.969,-0.003
41,235,0.861,0.894,-0.009
41,236,0.777,0.827,-0.014
41,237,0.86,0.893,-0.009
41,238,0.791,0.838,-0.013
41,239,0.664,0.73,-0.022
41,24,0.914,0.936,-0.004
41,240,0.482,0.564,-0.036
41,241,0.495,0.577,-0.036
41,242,0.683,0.747,-0.022
41,243,0.488,0.569,-0.037
41,244,0.51,0.591,-0.036
41,245,0.533,0.612,-0.035
41,246,0.681,0.745,-0.023
41,247,0.479,0.561,-0.04
41,248,0.624,0.695,-0.028
41,249,0.554,0.632,-0.035
41,25,0.853,0.888,0.006
41,250,0.419,0.503,-0.049
41,251,0.325,0.407,-0.06
41,26,0.985,0.989,-0.001
41,27,0.976,0.982,-0.001
41,28,0.826,0.866,-0.007
41,29,0.95,0.963,0.002
41,30,0.8,0.845,0.009
41,31,0.818,0.86,0.008
41,32,0.9,0.925,-0.004
41,33,0.654,0.722,0.015
41,34,0.954,0.966,0.002
41,35,0.781,0.83,-0.01
41,36,0.878,0.907,-0.005
41,37,0.749,0.803,0.011
41,38,0.918,0.938,0.004
41,39,0.743,0.798,-0.011
41,40,0.983,0.988,0.001
41,41,0.84,0.878,0.007
41,42,0.99,0.993,-0.0
41,43,0.946,0.96,0.002
41,44,0.763,0.815,0.011
41,45,0.876,0.906,0.006
41,46,0.837,0.875,0.007
41,47,0.535,0.614,0.022
41,48,0.604,0.678,0.019
41,49,0.81,0.853,0.009
41,50,0.655,0.722,0.016
41,51,0.802,0.847,0.009
41,52,0.866,0.898,0.006
41,53,0.448,0.531,0.028
41,54,0.481,0.562,0.026
41,55,0.341,0.423,0.035
41,56,0.505,0.586,0.025
41,57,0.568,0.645,0.021
41,58,0.43,0.513,0.03
41,59,0.4,0.484,0.032
41,6,0.652,0.72,-0.016
41,60,0.436,0.519,0.03
41,61,0.47,0.552,0.028
41,62,0.482,0.564,0.027
41,63,0.925,0.944,0.004
41,64,0.676,0.741,0.016
41,65,0.642,0.711,0.018
41,66,0.569,0.646,0.022
41,67,0.594,0.668,0.021
41,68,0.588,0.663,0.021
41,69,0.58,0.655,0.022
41,7,0.421,0.504,-0.028
41,70,0.705,0.766,0.015
41,71,0.729,0.786,0.014
41,72,0.741,0.796,0.013
41,73,0.741,0.796,0.013
41,74,0.773,0.823,0.012
41,75,0.63,0.701,0.02
41,76,0.73,0.787,0.014
41,77,0.788,0.835,0.011
41,78,0.906,0.929,0.005
41,79,0.882,0.91,0.006
41,8,0.448,0.531,-0.026
41,80,0.854,0.888,0.008
41,81,0.874,0.904,0.007
41,82,0.74,0.796,0.014
41,83,0.808,0.852,0.01
41,84,0.721,0.78,0.015
41,85,0.913,0.935,0.005
41,86,0.949,0.962,-0.003
41,87,0.932,0.949,-0.004
41,88,0.996,0.997,0.0
41,89,0.948,0.961,-0.003
41,9,0.565,0.642,-0.02
41,90,0.871,0.902,0.007
41,91,0.813,0.855,0.01
41,92,0.965,0.974,-0.002
41,93,0.966,0.975,0.002
41,94,0.99,0.993,-0.001
41,95,0.976,0.982,0.001
41,96,0.93,0.948,-0.004
41,97,0.941,0.956,-0.003
41,98,0.954,0.966,-0.002
41,99,0.663,0.729,-0.019
42,10,0.573,0.649,0.019
42,100,0.951,0.963,-0.003
42,101,0.916,0.937,-0.004
42,102,0.882,0.91,-0.006
42,103,0.859,0.892,-0.008
42,104,0.985,0.989,0.001
42,105,0.845,0.881,0.008
42,106,0.883,0.911,-0.006
42,107,0.874,0.904,-0.007
42,108,0.911,0.933,-0.005
42,109,0.785,0.833,0.012
42,11,0.66,0.727,0.015
42,110,0.645,0.714,0.02
42,111,0.743,0.798,0.014
42,112,0.939,0.954,0.003
42,113,0.862,0.895,0.007
42,114,0.953,0.965,0.002
42,115,0.833,0.872,0.009
42,116,0.803,0.847,0.011
42,117,0.887,0.915,0.006
42,118,0.695,0.757,0.017
42,119,0.807,0.851,0.01
42,12,0.967,0.975,0.001
42,120,0.589,0.664,0.023
42,121,0.54,0.619,0.026
42,122,0.66,0.727,0.019
42,123,0.805,0.849,0.011
42,124,0.936,0.952,0.003
42,125,0.888,0.915,0.006
42,126,0.892,0.919,0.006
42,127,0.897,0.923,0.006
42,128,0.726,0.783,0.015
42,129,0.915,0.936,0.005
42,13,0.726,0.784,0.012
42,130,0.801,0.846,0.011
42,131,0.929,0.947,0.004
42,132,0.733,0.789,0.015
42,133,0.795,0.841,0.011
42,134,0.914,0.935,0.005
42,135,0.878,0.907,0.007
42,136,0.807,0.851,0.011
42,137,0.751,0.804,0.014
42,138,0.794,0.84,0.011
42,139,0.693,0.756,0.017
42,14,0.565,0.642,0.019
42,140,0.738,0.794,0.014
42,141,0.679,0.744,0.018
42,142,0.8,0.845,0.011
42,143,0.779,0.828,0.012
42,144,0.735,0.792,0.015
42,145,0.717,0.776,0.016
42,146,0.775,0.825,0.012
42,147,0.746,0.8,0.014
42,148,0.777,0.826,0.012
42,149,0.864,0.897,0.007
42,15,0.936,0.952,0.003
42,150,0.939,0.954,-0.003
42,151,0.908,0.93,0.005
42,152,0.805,0.85,0.011
42,153,0.798,0.843,0.011
42,154,0.768,0.819,0.013
42,155,0.663,0.73,0.019
42,156,0.812,0.855,0.01
42,157,0.843,0.88,0.009
42,158,0.787,0.834,0.012
42,159,0.817,0.859,0.01
42,16,0.508,0.589,0.022
42,160,0.847,0.883,0.009
42,161,0.599,0.673,0.023
42,162,0.857,0.891,0.008
42,163,0.907,0.93,-0.005
42,164,0.86,0.893,0.008
42,165,0.926,0.944,0.004
42,166,0.831,0.87,0.01
42,167,0.939,0.954,0.003
42,168,0.709,0.769,0.017
42,169,0.81,0.853,0.011
42,17,0.648,0.716,0.015
42,170,0.726,0.783,0.016
42,171,0.818,0.86,0.01
42,172,0.817,0.859,0.01
42,173,0.916,0.937,0.005
42,174,0.913,0.934,0.005
42,175,0.922,0.942,-0.004
42,176,0.906,0.929,0.005
42,177,0.95,0.963,0.003
42,178,0.952,0.964,0.003
42,179,0.877,0.907,0.007
42,18,0.929,0.947,0.003
42,180,0.81,0.854,-0.011
42,181,0.842,0.879,-0.009
42,182,0.897,0.922,-0.006
42,183,0.936,0.952,-0.004
42,184,0.924,0.943,-0.004
42,185,0.838,0.876,-0.009
42,186,0.821,0.862,-0.01
42,187,0.801,0.846,-0.011
42,188,0.996,0.997,-0.0
42,189,0.778,0.827,-0.013
42,19,0.762,0.814,0.01
42,190,0.719,0.778,-0.016
42,191,0.882,0.91,-0.007
42,192,0.833,0.872,-0.009
42,193,0.78,0.828,-0.012
42,194,0.83,0.87,-0.01
42,195,0.897,0.922,0.006
42,196,0.986,0.99,0.001
42,197,0.813,0.855,-0.011
42,198,0.752,0.806,-0.014
42,199,0.719,0.778,-0.016
42,20,0.73,0.787,0.012
42,200,0.732,0.789,-0.015
42,201,0.822,0.863,-0.01
42,202,0.766,0.817,-0.013
42,203,0.641,0.71,-0.021
42,204,0.534,0.613,-0.027
42,205,0.811,0.854,-0.011
42,206,0.73,0.787,-0.015
42,207,0.793,0.84,-0.012
42,208,0.785,0.833,-0.012
42,209,0.756,0.809,-0.014
42,21,0.497,0.578,0.023
42,210,0.82,0.861,-0.01
42,211,0.694,0.756,-0.017
42,212,0.942,0.957,-0.003
42,213,0.869,0.9,0.007
42,214,0.892,0.918,-0.006
42,215,0.807,0.851,-0.011
42,216,0.96,0.97,-0.002
42,217,0.982,0.987,-0.001
42,218,0.922,0.941,-0.004
42,219,0.903,0.927,0.005
42,22,0.805,0.849,0.008
42,220,0.937,0.953,0.004
42,221,0.979,0.984,-0.001
42,222,0.841,0.878,-0.009
42,223,0.906,0.929,-0.005
42,224,0.72,0.778,-0.016
42,225,0.85,0.886,-0.009
42,226,0.644,0.713,-0.021
42,227,0.71,0.77,-0.017
42,228,0.927,0.945,-0.004
42,229,0.711,0.771,-0.017
42,23,0.707,0.767,0.013
42,230,0.784,0.832,-0.013
42,231,0.709,0.769,-0.018
42,232,0.704,0.765,-0.018
42,233,0.829,0.869,-0.01
42,234,0.707,0.768,-0.018
42,235,0.599,0.673,-0.026
42,236,0.533,0.612,-0.031
42,237,0.557,0.634,-0.029
42,238,0.438,0.521,-0.039
42,239,0.476,0.558,-0.036
42,24,0.918,0.938,0.003
42,240,0.591,0.665,-0.028
42,241,0.478,0.56,-0.037
42,242,0.406,0.49,-0.044
42,243,0.468,0.55,-0.039
42,244,0.563,0.64,-0.031
42,245,0.383,0.466,-0.048
42,246,0.474,0.556,-0.04
42,247,0.579,0.655,-0.031
42,248,0.502,0.583,-0.039
42,249,0.515,0.596,-0.038
42,25,0.756,0.809,0.01
42,250,0.515,0.596,-0.039
42,251,0.431,0.514,-0.048
42,26,0.698,0.76,0.013
42,27,0.758,0.81,0.01
42,28,0.61,0.682,0.017
42,29,0.849,0.884,0.006
42,30,0.815,0.858,0.008
42,31,0.497,0.578,0.023
42,32,0.48,0.562,0.024
42,33,0.56,0.637,0.02
42,34,0.817,0.859,0.008
42,35,0.842,0.879,0.007
42,36,0.748,0.802,0.011
42,37,0.696,0.758,0.014
42,38,0.91,0.932,0.004
42,39,0.633,0.703,0.017
42,40,0.48,0.562,0.025
42,41,0.515,0.595,0.023
42,42,0.648,0.717,0.016
42,43,0.675,0.74,0.015
42,44,0.752,0.805,0.011
42,45,0.684,0.748,0.015
42,46,0.443,0.526,0.028
42,47,0.697,0.759,0.014
42,48,0.79,0.837,0.01
42,49,0.78,0.828,0.01
42,50,0.827,0.867,0.008
42,51,0.932,0.949,0.003
42,52,0.978,0.983,-0.001
42,53,0.725,0.783,0.013
42,54,0.655,0.722,0.017
42,55,0.666,0.732,0.016
42,56,0.8,0.845,0.01
42,57,0.767,0.818,0.011
42,58,0.789,0.836,0.01
42,59,0.595,0.669,0.02
42,6,0.987,0.991,-0.001
42,60,0.675,0.74,0.016
42,61,0.707,0.768,0.014
42,62,0.548,0.626,0.023
42,63,0.534,0.613,0.024
42,64,0.523,0.603,0.025
42,65,0.854,0.888,0.007
42,66,0.651,0.719,0.018
42,67,0.499,0.58,0.027
42,68,0.487,0.569,0.028
42,69,0.429,0.512,0.032
42,7,0.981,0.986,-0.001
42,70,0.772,0.822,0.012
42,71,0.708,0.769,0.015
42,72,0.81,0.853,0.01
42,73,0.589,0.663,0.022
42,74,0.543,0.621,0.025
42,75,0.676,0.741,0.017
42,76,0.704,0.765,0.016
42,77,0.811,0.854,0.01
42,78,0.881,0.909,0.006
42,79,0.986,0.99,0.001
42,8,0.808,0.851,0.008
42,80,0.872,0.903,0.007
42,81,0.997,0.998,-0.0
42,82,0.829,0.869,0.009
42,83,0.746,0.801,0.013
42,84,0.654,0.722,0.019
42,85,0.833,0.871,0.009
42,86,0.888,0.915,0.006
42,87,0.912,0.934,0.005
42,88,0.888,0.915,0.006
42,89,0.954,0.966,0.002
42,9,0.926,0.945,0.003
42,90,0.771,0.821,0.012
42,91,0.701,0.762,0.016
42,92,0.742,0.797,0.014
42,93,0.906,0.929,-0.005
42,94,0.839,0.877,0.009
42,95,0.767,0.818,0.012
42,96,0.926,0.945,0.004
42,97,0.778,0.827,0.012
42,98,0.807,0.851,0.01
42,99,0.864,0.896,0.007
43,10,0.976,0.982,-0.001
43,100,0.974,0.981,0.001
43,101,0.806,0.85,0.01
43,102,0.925,0.944,0.004
43,103,0.855,0.89,0.008
43,104,0.977,0.983,0.001
43,105,0.874,0.904,0.007
43,106,0.743,0.798,0.014
43,107,0.553,0.631,0.025
43,108,0.735,0.791,0.014
43,109,0.599,0.673,0.022
43,11,0.915,0.936,-0.004
43,110,0.856,0.89,0.008
43,111,0.946,0.96,0.003
43,112,0.898,0.923,0.005
43,113,0.998,0.998,-0.0
43,114,0.817,0.859,0.01
43,115,0.747,0.801,0.014
43,116,0.549,0.627,0.025
43,117,0.711,0.771,0.016
43,118,0.842,0.879,0.008
43,119,0.759,0.811,0.013
43,12,0.993,0.995,0.0
43,120,0.672,0.738,0.018
43,121,0.613,0.685,0.022
43,122,0.696,0.758,0.017
43,123,0.829,0.868,0.009
43,124,0.759,0.812,0.013
43,125,0.663,0.73,0.019
43,126,0.628,0.698,0.021
43,127,0.76,0.813,0.013
43,128,0.984,0.988,-0.001
43,129,0.83,0.869,0.009
43,13,0.762,0.813,-0.01
43,130,0.76,0.813,0.013
43,131,0.792,0.839,0.011
43,132,0.808,0.852,0.01
43,133,0.824,0.865,0.01
43,134,0.804,0.849,0.011
43,135,0.986,0.99,-0.001
43,136,0.983,0.987,-0.001
43,137,0.996,0.997,-0.0
43,138,0.791,0.838,0.011
43,139,0.95,0.963,-0.003
43,14,0.966,0.974,0.001
43,140,0.666,0.732,0.019
43,141,0.822,0.863,0.01
43,142,0.785,0.833,0.012
43,143,0.926,0.945,0.004
43,144,0.834,0.873,0.009
43,145,0.818,0.859,0.01
43,146,0.724,0.782,0.015
43,147,0.76,0.813,0.013
43,148,0.848,0.884,0.008
43,149,0.859,0.892,0.008
43,15,0.846,0.882,-0.007
43,150,0.74,0.795,0.014
43,151,0.854,0.889,0.008
43,152,0.835,0.873,0.009
43,153,0.875,0.905,0.007
43,154,0.925,0.944,-0.004
43,155,0.911,0.933,0.005
43,156,0.88,0.909,0.007
43,157,0.917,0.937,-0.005
43,158,0.982,0.987,0.001
43,159,0.791,0.838,-0.012
43,16,0.823,0.864,-0.008
43,160,0.9,0.925,-0.006
43,161,0.913,0.934,-0.005
43,162,0.763,0.814,-0.013
43,163,0.837,0.875,-0.009
43,164,0.781,0.83,-0.012
43,165,0.941,0.956,-0.003
43,166,0.898,0.923,-0.006
43,167,0.972,0.98,0.002
43,168,0.747,0.801,-0.014
43,169,0.764,0.816,-0.013
43,17,0.959,0.97,0.002
43,170,0.764,0.816,-0.013
43,171,0.721,0.78,-0.016
43,172,0.782,0.83,-0.012
43,173,0.873,0.904,-0.007
43,174,0.788,0.835,-0.012
43,175,0.737,0.793,-0.015
43,176,0.773,0.823,-0.013
43,177,0.838,0.876,-0.009
43,178,0.689,0.752,-0.018
43,179,0.781,0.829,-0.013
43,18,0.958,0.969,0.002
43,180,0.896,0.922,-0.006
43,181,0.944,0.958,-0.003
43,182,0.896,0.921,-0.006
43,183,0.978,0.984,-0.001
43,184,0.944,0.958,0.003
43,185,0.817,0.859,0.01
43,186,0.967,0.976,0.002
43,187,0.97,0.978,-0.002
43,188,0.943,0.957,0.003
43,189,0.947,0.96,0.003
43,19,0.907,0.93,-0.004
43,190,0.984,0.988,-0.001
43,191,0.879,0.908,-0.007
43,192,0.779,0.828,-0.013
43,193,0.767,0.818,-0.013
43,194,0.845,0.881,-0.009
43,195,0.723,0.781,-0.016
43,196,0.714,0.773,-0.016
43,197,0.948,0.961,-0.003
43,198,0.923,0.943,-0.004
43,199,0.656,0.723,-0.02
43,20,0.762,0.814,0.01
43,200,0.668,0.734,-0.019
43,201,0.667,0.733,-0.019
43,202,0.947,0.961,0.003
43,203,0.907,0.93,-0.005
43,204,0.908,0.931,-0.005
43,205,0.702,0.763,-0.017
43,206,0.835,0.873,-0.009
43,207,0.709,0.769,-0.016
43,208,0.477,0.559,-0.031
43,209,0.699,0.761,-0.017
43,21,0.851,0.886,0.006
43,210,0.774,0.824,-0.013
43,211,0.736,0.792,-0.015
43,212,0.868,0.899,-0.007
43,213,0.853,0.888,-0.008
43,214,0.813,0.855,-0.01
43,215,0.891,0.917,-0.006
43,216,0.833,0.872,-0.009
43,217,0.969,0.977,-0.002
43,218,0.957,0.968,0.002
43,219,0.859,0.892,-0.008
43,22,0.905,0.928,0.004
43,220,0.94,0.955,-0.003
43,221,0.892,0.918,-0.006
43,222,0.969,0.977,-0.002
43,223,0.894,0.92,-0.006
43,224,0.999,0.999,-0.0
43,225,0.682,0.746,-0.019
43,226,0.8,0.845,-0.012
43,227,0.9,0.924,-0.006
43,228,0.846,0.882,-0.009
43,229,0.857,0.891,-0.008
43,23,0.734,0.79,0.011
43,230,0.775,0.825,-0.013
43,231,0.701,0.763,-0.018
43,232,0.625,0.696,-0.023
43,233,0.501,0.582,-0.032
43,234,0.496,0.578,-0.033
43,235,0.681,0.745,-0.02
43,236,0.66,0.727,-0.022
43,237,0.545,0.624,-0.03
43,238,0.7,0.762,-0.019
43,239,0.685,0.749,-0.02
43,24,0.984,0.989,0.001
43,240,0.688,0.751,-0.02
43,241,0.61,0.683,-0.026
43,242,0.651,0.719,-0.024
43,243,0.646,0.715,-0.024
43,244,0.648,0.717,-0.024
43,245,0.723,0.781,-0.019
43,246,0.601,0.674,-0.029
43,247,0.544,0.623,-0.034
43,248,0.562,0.639,-0.033
43,249,0.452,0.535,-0.043
43,25,0.598,0.672,0.018
43,250,0.597,0.671,-0.031
43,251,0.428,0.511,-0.048
43,26,0.83,0.869,0.007
43,27,0.957,0.968,0.002
43,28,0.586,0.661,0.019
43,29,0.711,0.771,0.013
43,30,0.94,0.955,0.003
43,31,0.753,0.807,0.011
43,32,0.934,0.95,0.003
43,33,0.714,0.773,0.013
43,34,0.82,0.861,0.008
43,35,0.819,0.861,0.008
43,36,0.847,0.883,0.007
43,37,0.766,0.817,0.01
43,38,0.915,0.936,0.004
43,39,0.793,0.84,0.009
43,40,0.813,0.855,0.008
43,41,0.78,0.829,0.01
43,42,0.792,0.839,0.009
43,43,0.522,0.602,0.023
43,44,0.72,0.779,0.013
43,45,0.79,0.837,0.01
43,46,0.684,0.747,0.015
43,47,0.836,0.874,0.008
43,48,0.695,0.757,0.014
43,49,0.732,0.788,0.013
43,50,0.759,0.811,0.011
43,51,0.71,0.77,0.014
43,52,0.655,0.722,0.017
43,53,0.715,0.775,0.014
43,54,0.885,0.913,0.005
43,55,0.636,0.706,0.018
43,56,0.622,0.693,0.019
43,57,0.741,0.797,0.013
43,58,0.669,0.735,0.016
43,59,0.523,0.602,0.025
43,6,0.956,0.968,-0.002
43,60,0.618,0.69,0.019
43,61,0.586,0.661,0.021
43,62,0.586,0.661,0.021
43,63,0.647,0.716,0.018
43,64,0.665,0.731,0.017
43,65,0.482,0.563,0.028
43,66,0.572,0.648,0.022
43,67,0.386,0.469,0.034
43,68,0.575,0.651,0.022
43,69,0.591,0.665,0.022
43,7,0.769,0.819,-0.01
43,70,0.625,0.697,0.02
43,71,0.845,0.881,0.008
43,72,0.725,0.783,0.014
43,73,0.65,0.718,0.018
43,74,0.635,0.705,0.019
43,75,0.739,0.794,0.014
43,76,0.803,0.847,0.01
43,77,0.623,0.694,0.02
43,78,0.962,0.971,0.002
43,79,0.565,0.641,0.024
43,8,0.891,0.917,-0.005
43,80,0.605,0.679,0.021
43,81,0.798,0.844,0.011
43,82,0.767,0.818,0.012
43,83,0.803,0.847,0.01
43,84,0.822,0.863,0.009
43,85,0.694,0.756,0.016
43,86,0.62,0.692,0.021
43,87,0.791,0.837,0.011
43,88,0.79,0.837,0.011
43,89,0.619,0.69,0.021
43,9,0.826,0.866,-0.008
43,90,0.856,0.89,0.008
43,91,0.819,0.861,0.01
43,92,0.782,0.83,0.012
43,93,0.652,0.72,0.019
43,94,0.82,0.861,0.01
43,95,0.831,0.87,0.009
43,96,0.791,0.838,0.011
43,97,0.923,0.942,0.004
43,98,0.93,0.947,0.004
43,99,0.871,0.902,0.007
44,10,0.829,0.869,0.007
44,100,0.916,0.937,0.004
44,101,0.921,0.94,0.004
44,102,0.823,0.864,0.009
44,103,0.83,0.87,0.009
44,104,0.905,0.929,0.005
44,105,0.821,0.862,0.009
44,106,0.861,0.894,0.007
44,107,0.759,0.811,0.013
44,108,0.647,0.715,0.019
44,109,0.799,0.845,0.011
44,11,0.759,0.812,0.01
44,110,0.731,0.788,0.014
44,111,0.829,0.869,0.009
44,112,0.751,0.805,0.013
44,113,0.874,0.904,0.007
44,114,0.86,0.893,0.007
44,115,0.668,0.734,0.018
44,116,0.838,0.876,0.009
44,117,0.902,0.926,0.005
44,118,0.819,0.861,0.01
44,119,0.951,0.964,0.003
44,12,0.895,0.92,0.004
44,120,0.786,0.833,0.012
44,121,0.616,0.688,0.021
44,122,0.699,0.761,0.016
44,123,0.641,0.71,0.02
44,124,0.898,0.923,0.006
44,125,0.897,0.922,0.006
44,126,0.8,0.845,0.011
44,127,0.924,0.943,0.004
44,128,0.828,0.868,0.009
44,129,0.925,0.944,0.004
44,13,0.635,0.705,0.016
44,130,0.862,0.895,0.008
44,131,0.687,0.75,0.017
44,132,0.817,0.859,0.01
44,133,0.842,0.879,0.009
44,134,0.917,0.938,0.004
44,135,0.837,0.875,0.009
44,136,0.712,0.772,0.016
44,137,0.539,0.618,0.026
44,138,0.703,0.764,0.016
44,139,0.883,0.911,0.006
44,14,0.505,0.586,0.022
44,140,0.79,0.837,0.011
44,141,0.64,0.71,0.02
44,142,0.551,0.629,0.026
44,143,0.4,0.483,0.036
44,144,0.615,0.688,0.022
44,145,0.606,0.679,0.022
44,146,0.58,0.656,0.024
44,147,0.563,0.64,0.025
44,148,0.638,0.708,0.02
44,149,0.49,0.572,0.03
44,15,0.629,0.7,0.016
44,150,0.475,0.557,0.031
44,151,0.514,0.595,0.028
44,152,0.479,0.561,0.03
44,153,0.488,0.569,0.03
44,154,0.533,0.612,0.027
44,155,0.701,0.762,0.017
44,156,0.592,0.666,0.023
44,157,0.606,0.679,0.022
44,158,0.696,0.758,0.017
44,159,0.59,0.665,0.023
44,16,0.421,0.504,0.027
44,160,0.778,0.827,0.012
44,161,0.785,0.833,0.012
44,162,0.774,0.824,0.013
44,163,0.774,0.823,0.013
44,164,0.746,0.801,0.014
44,165,0.729,0.787,0.015
44,166,0.577,0.653,0.025
44,167,0.657,0.724,0.02
44,168,0.795,0.841,0.012
44,169,0.929,0.947,0.004
44,17,0.631,0.701,0.016
44,170,0.847,0.883,0.009
44,171,0.915,0.936,0.005
44,172,0.838,0.876,0.009
44,173,0.815,0.857,0.01
44,174,0.788,0.835,0.012
44,175,0.975,0.981,-0.001
44,176,0.959,0.969,-0.002
44,177,0.842,0.879,0.009
44,178,0.957,0.968,0.002
44,179,0.905,0.928,0.005
44,18,0.593,0.668,0.018
44,180,0.8,0.845,-0.011
44,181,0.804,0.848,-0.011
44,182,0.82,0.861,-0.01
44,183,0.934,0.951,-0.004
44,184,0.978,0.983,0.001
44,185,0.908,0.931,-0.005
44,186,0.925,0.944,0.004
44,187,0.882,0.911,0.007
44,188,0.945,0.959,0.003
44,189,0.924,0.943,-0.004
44,19,0.67,0.735,0.014
44,190,0.879,0.908,-0.007
44,191,0.933,0.95,-0.004
44,192,0.634,0.704,-0.021
44,193,0.775,0.824,-0.013
44,194,0.75,0.804,-0.014
44,195,0.804,0.848,-0.011
44,196,0.7,0.762,-0.017
44,197,0.76,0.813,-0.014
44,198,0.865,0.897,-0.008
44,199,0.955,0.967,0.003
44,20,0.571,0.647,0.019
44,200,0.884,0.912,-0.006
44,201,0.815,0.857,-0.01
44,202,0.996,0.997,0.0
44,203,0.856,0.89,0.008
44,204,0.947,0.961,0.003
44,205,0.991,0.993,-0.001
44,206,0.793,0.84,0.012
44,207,0.907,0.93,-0.005
44,208,0.907,0.93,0.005
44,209,0.894,0.92,0.006
44,21,0.746,0.801,0.011
44,210,0.956,0.968,0.002
44,211,0.945,0.959,-0.003
44,212,0.862,0.895,-0.008
44,213,0.895,0.921,-0.006
44,214,0.951,0.963,0.003
44,215,0.972,0.98,0.002
44,216,0.99,0.992,0.001
44,217,0.908,0.93,0.005
44,218,0.811,0.854,0.011
44,219,0.828,0.868,0.01
44,22,0.664,0.73,0.015
44,220,0.892,0.919,0.006
44,221,0.906,0.929,0.005
44,222,0.813,0.856,0.011
44,223,0.559,0.636,0.026
44,224,0.954,0.966,0.003
44,225,0.929,0.946,-0.004
44,226,0.735,0.791,0.015
44,227,0.811,0.854,0.011
44,228,0.955,0.966,0.003
44,229,0.908,0.931,-0.005
44,23,0.58,0.656,0.019
44,230,0.804,0.848,-0.012
44,231,0.926,0.945,0.004
44,232,0.88,0.909,0.007
44,233,0.974,0.98,0.002
44,234,0.964,0.973,0.002
44,235,0.851,0.886,0.009
44,236,0.874,0.904,-0.008
44,237,0.857,0.891,-0.009
44,238,0.775,0.824,-0.014
44,239,0.583,0.658,-0.027
44,24,0.631,0.701,0.016
44,240,0.885,0.913,-0.007
44,241,0.728,0.785,-0.018
44,242,0.687,0.75,-0.021
44,243,0.772,0.822,-0.015
44,244,0.971,0.978,0.002
44,245,0.759,0.811,-0.017
44,246,0.692,0.755,-0.022
44,247,0.824,0.865,-0.012
44,248,0.779,0.828,-0.016
44,249,0.877,0.907,-0.009
44,25,0.751,0.805,0.011
44,250,0.839,0.876,-0.012
44,251,0.742,0.797,-0.02
44,26,0.806,0.85,0.008
44,27,0.976,0.982,0.001
44,28,0.862,0.895,0.006
44,29,0.686,0.749,0.014
44,30,0.519,0.599,0.022
44,31,0.965,0.974,0.002
44,32,0.783,0.831,-0.01
44,33,0.67,0.736,0.015
44,34,0.815,0.858,0.008
44,35,0.9,0.925,-0.004
44,36,0.938,0.954,0.003
44,37,0.963,0.973,-0.002
44,38,0.998,0.999,-0.0
44,39,0.925,0.944,0.003
44,40,0.761,0.813,0.011
44,41,0.723,0.781,0.013
44,42,0.898,0.923,0.005
44,43,0.546,0.625,0.022
44,44,0.806,0.85,0.009
44,45,0.657,0.724,0.016
44,46,0.735,0.791,0.012
44,47,0.717,0.776,0.013
44,48,0.871,0.902,0.006
44,49,0.897,0.922,-0.005
44,50,0.711,0.771,0.014
44,51,0.855,0.89,0.007
44,52,0.776,0.825,0.011
44,53,0.896,0.921,-0.005
44,54,0.952,0.964,-0.002
44,55,0.96,0.97,-0.002
44,56,0.976,0.982,0.001
44,57,0.939,0.955,-0.003
44,58,0.787,0.835,-0.01
44,59,0.996,0.997,-0.0
44,6,0.747,0.801,0.011
44,60,0.758,0.81,0.012
44,61,0.911,0.933,0.004
44,62,0.977,0.983,-0.001
44,63,0.799,0.845,-0.01
44,64,0.96,0.97,0.002
44,65,0.844,0.88,0.008
44,66,0.951,0.964,-0.002
44,67,0.676,0.741,-0.017
44,68,0.985,0.989,-0.001
44,69,0.833,0.872,0.009
44,7,0.715,0.775,0.013
44,70,0.783,0.831,0.011
44,71,0.988,0.991,0.001
44,72,0.935,0.951,0.003
44,73,0.759,0.811,0.013
44,74,0.744,0.798,0.013
44,75,0.792,0.839,0.011
44,76,0.936,0.952,0.003
44,77,0.841,0.878,0.008
44,78,0.78,0.829,0.012
44,79,0.737,0.793,0.014
44,8,0.698,0.76,0.013
44,80,0.706,0.767,0.016
44,81,0.979,0.984,0.001
44,82,0.886,0.914,-0.006
44,83,0.853,0.887,0.008
44,84,0.965,0.974,-0.002
44,85,0.964,0.973,-0.002
44,86,0.928,0.946,-0.004
44,87,0.995,0.996,-0.0
44,88,0.864,0.896,0.007
44,89,0.938,0.954,-0.003
44,9,0.564,0.641,0.02
44,90,0.986,0.99,-0.001
44,91,0.921,0.941,-0.004
44,92,0.933,0.95,0.004
44,93,0.977,0.983,-0.001
44,94,0.968,0.976,0.002
44,95,0.837,0.875,0.009
44,96,0.721,0.779,0.015
44,97,0.9,0.925,0.005
44,98,0.711,0.771,0.016
44,99,0.72,0.778,0.015
45,10,0.844,0.88,0.007
45,100,0.657,0.725,0.018
45,101,0.886,0.914,0.006
45,102,0.933,0.95,0.003
45,103,0.902,0.926,-0.005
45,104,0.995,0.996,0.0
45,105,0.917,0.938,0.004
45,106,0.729,0.786,0.014
45,107,0.756,0.809,0.013
45,108,0.717,0.776,0.015
45,109,0.771,0.822,0.012
45,11,0.777,0.827,0.01
45,110,0.904,0.928,-0.005
45,111,0.973,0.98,0.001
45,112,0.874,0.904,0.007
45,113,0.9,0.924,0.005
45,114,0.915,0.936,0.004
45,115,0.845,0.881,0.008
45,116,0.911,0.933,0.005
45,117,0.922,0.942,0.004
45,118,0.982,0.987,-0.001
45,119,0.986,0.989,0.001
45,12,0.83,0.869,0.007
45,120,0.988,0.991,0.001
45,121,0.802,0.847,-0.011
45,122,0.996,0.997,-0.0
45,123,0.959,0.97,-0.002
45,124,0.914,0.935,-0.005
45,125,0.859,0.892,-0.008
45,126,0.882,0.91,-0.006
45,127,0.98,0.986,-0.001
45,128,0.973,0.98,-0.001
45,129,0.964,0.973,0.002
45,13,0.933,0.95,0.003
45,130,0.919,0.939,0.004
45,131,0.966,0.975,-0.002
45,132,0.8,0.845,-0.011
45,133,0.883,0.912,-0.006
45,134,0.966,0.975,0.002
45,135,0.981,0.986,-0.001
45,136,0.906,0.93,-0.005
45,137,0.983,0.988,-0.001
45,138,0.903,0.927,-0.005
45,139,0.836,0.874,-0.009
45,14,0.975,0.982,-0.001
45,140,0.868,0.9,-0.007
45,141,0.851,0.886,-0.008
45,142,0.896,0.922,-0.006
45,143,0.669,0.734,-0.018
45,144,0.662,0.728,-0.019
45,145,0.661,0.728,-0.019
45,146,0.645,0.714,-0.02
45,147,0.765,0.817,-0.013
45,148,0.736,0.792,-0.014
45,149,0.705,0.766,-0.016
45,15,0.882,0.91,-0.005
45,150,0.737,0.793,-0.014
45,151,0.814,0.856,-0.01
45,152,0.953,0.965,0.003
45,153,0.986,0.989,-0.001
45,154,0.86,0.893,0.008
45,155,0.959,0.969,0.002
45,156,0.876,0.905,0.007
45,157,0.979,0.984,0.001
45,158,0.968,0.977,0.002
45,159,0.927,0.945,0.004
45,16,0.87,0.901,-0.006
45,160,0.964,0.973,0.002
45,161,0.815,0.857,-0.01
45,162,0.825,0.865,-0.01
45,163,0.952,0.964,0.003
45,164,0.729,0.787,0.015
45,165,0.896,0.921,0.006
45,166,0.952,0.964,0.003
45,167,0.726,0.784,0.015
45,168,0.81,0.853,0.011
45,169,0.663,0.729,0.019
45,17,0.699,0.76,-0.013
45,170,0.719,0.778,0.016
45,171,0.874,0.904,0.007
45,172,0.982,0.987,0.001
45,173,0.922,0.941,0.004
45,174,0.863,0.896,0.008
45,175,0.989,0.992,-0.001
45,176,0.92,0.94,-0.004
45,177,0.838,0.875,-0.009
45,178,0.944,0.958,-0.003
45,179,0.969,0.977,-0.002
45,18,0.675,0.74,-0.014
45,180,0.927,0.945,-0.004
45,181,0.82,0.861,-0.01
45,182,0.871,0.902,-0.007
45,183,0.933,0.95,-0.004
45,184,1.0,1.0,-0.0
45,185,0.977,0.983,0.001
45,186,0.918,0.939,0.005
45,187,0.943,0.957,-0.003
45,188,0.845,0.881,0.009
45,189,0.947,0.96,0.003
45,19,0.818,0.86,-0.008
45,190,0.969,0.977,0.002
45,191,0.948,0.961,-0.003
45,192,0.976,0.983,0.001
45,193,0.962,0.972,-0.002
45,194,0.887,0.915,0.006
45,195,0.904,0.927,0.005
45,196,0.782,0.831,0.012
45,197,0.845,0.882,0.009
45,198,0.859,0.892,0.008
45,199,0.894,0.92,-0.006
45,20,0.77,0.82,-0.01
45,200,0.878,0.907,-0.007
45,201,0.881,0.91,0.007
45,202,0.924,0.943,0.004
45,203,0.963,0.973,-0.002
45,204,0.915,0.936,0.005
45,205,0.988,0.991,-0.001
45,206,0.804,0.849,0.011
45,207,0.773,0.823,0.013
45,208,0.922,0.942,0.004
45,209,0.961,0.971,-0.002
45,21,0.886,0.914,-0.005
45,210,0.866,0.898,-0.007
45,211,0.971,0.979,-0.002
45,212,0.843,0.88,0.009
45,213,0.818,0.86,0.01
45,214,0.828,0.868,0.01
45,215,0.867,0.899,0.007
45,216,0.798,0.843,0.011
45,217,0.854,0.888,0.008
45,218,0.866,0.898,0.008
45,219,0.817,0.859,0.01
45,22,0.983,0.988,-0.001
45,220,0.94,0.955,-0.003
45,221,0.964,0.973,0.002
45,222,0.92,0.94,-0.004
45,223,0.904,0.928,0.005
45,224,0.883,0.911,0.007
45,225,0.853,0.888,-0.008
45,226,0.793,0.839,-0.012
45,227,0.865,0.897,-0.008
45,228,0.759,0.812,-0.014
45,229,0.681,0.745,-0.019
45,23,0.889,0.916,0.005
45,230,0.635,0.705,-0.022
45,231,0.71,0.77,-0.017
45,232,0.663,0.73,-0.02
45,233,0.644,0.713,-0.022
45,234,0.558,0.635,-0.028
45,235,0.76,0.812,-0.015
45,236,0.471,0.554,-0.035
45,237,0.434,0.517,-0.038
45,238,0.405,0.488,-0.041
45,239,0.619,0.691,-0.025
45,24,0.72,0.778,-0.012
45,240,0.467,0.549,-0.037
45,241,0.51,0.591,-0.033
45,242,0.599,0.673,-0.027
45,243,0.607,0.68,-0.027
45,244,0.643,0.712,-0.024
45,245,0.584,0.659,-0.029
45,246,0.569,0.645,-0.031
45,247,0.829,0.868,-0.012
45,248,0.817,0.859,-0.013
45,249,0.621,0.692,-0.028
45,25,0.963,0.972,-0.002
45,250,0.719,0.778,-0.021
45,251,0.749,0.803,-0.019
45,26,0.86,0.893,-0.006
45,27,0.74,0.796,0.011
45,28,0.994,0.996,0.0
45,29,0.746,0.8,0.011
45,30,0.774,0.824,0.01
45,31,0.932,0.949,0.003
45,32,0.995,0.996,-0.0
45,33,0.7,0.761,0.013
45,34,0.606,0.679,0.018
45,35,0.802,0.847,0.009
45,36,0.662,0.729,0.015
45,37,0.998,0.998,-0.0
45,38,0.608,0.681,0.018
45,39,0.748,0.802,0.011
45,40,0.9,0.924,-0.005
45,41,0.836,0.874,0.007
45,42,0.826,0.866,0.008
45,43,0.734,0.79,0.012
45,44,0.655,0.723,0.016
45,45,0.516,0.596,0.024
45,46,0.666,0.732,0.016
45,47,0.787,0.835,0.01
45,48,0.608,0.681,0.019
45,49,0.567,0.644,0.021
45,50,0.557,0.635,0.022
45,51,0.813,0.856,0.009
45,52,0.683,0.747,0.015
45,53,0.525,0.605,0.024
45,54,0.73,0.787,0.013
45,55,0.912,0.934,0.004
45,56,0.804,0.848,0.01
45,57,0.702,0.763,0.015
45,58,0.495,0.576,0.026
45,59,0.852,0.887,0.007
45,6,0.623,0.695,-0.017
45,60,0.848,0.884,-0.007
45,61,0.98,0.985,0.001
45,62,0.705,0.766,0.015
45,63,0.634,0.704,0.019
45,64,0.824,0.864,0.009
45,65,0.781,0.829,0.011
45,66,0.79,0.837,0.011
45,67,0.787,0.835,0.011
45,68,0.901,0.925,0.005
45,69,0.877,0.907,0.006
45,7,0.841,0.878,-0.007
45,70,0.916,0.937,0.004
45,71,0.76,0.812,0.012
45,72,0.774,0.823,0.012
45,73,0.858,0.892,0.007
45,74,0.873,0.904,0.007
45,75,0.802,0.846,0.01
45,76,0.661,0.728,0.018
45,77,0.721,0.779,0.015
45,78,0.694,0.756,0.016
45,79,0.984,0.988,0.001
45,8,0.925,0.944,-0.003
45,80,0.84,0.877,0.008
45,81,0.745,0.8,0.014
45,82,0.764,0.815,0.013
45,83,0.745,0.799,0.014
45,84,0.964,0.973,-0.002
45,85,0.964,0.973,0.002
45,86,0.927,0.945,0.004
45,87,0.771,0.821,0.012
45,88,0.961,0.971,0.002
45,89,0.751,0.805,0.013
45,9,0.887,0.915,0.005
45,90,0.855,0.889,0.008
45,91,0.853,0.888,0.008
45,92,0.934,0.95,0.003
45,93,0.966,0.975,-0.002
45,94,0.971,0.978,-0.002
45,95,0.864,0.896,0.007
45,96,0.938,0.954,-0.003
45,97,0.949,0.962,0.003
45,98,0.832,0.871,0.009
45,99,0.732,0.789,0.014
46,10,0.747,0.802,-0.011
46,100,0.76,0.812,0.013
46,101,0.989,0.992,0.001
46,102,0.733,0.79,0.014
46,103,0.965,0.974,-0.002
46,104,0.923,0.942,0.004
46,105,0.785,0.833,0.011
46,106,0.88,0.909,0.006
46,107,0.956,0.967,0.002
46,108,0.922,0.942,-0.004
46,109,0.932,0.949,-0.004
46,11,0.941,0.956,0.003
46,110,0.937,0.953,0.003
46,111,0.894,0.92,-0.006
46,112,0.861,0.894,-0.007
46,113,0.902,0.926,-0.005
46,114,0.912,0.934,-0.005
46,115,0.814,0.857,-0.01
46,116,0.73,0.787,-0.015
46,117,0.656,0.724,-0.019
46,118,0.835,0.873,-0.009
46,119,0.831,0.87,-0.009
46,12,0.811,0.854,0.008
46,120,0.764,0.815,-0.013
46,121,0.795,0.841,-0.011
46,122,0.733,0.79,-0.015
46,123,0.669,0.734,-0.018
46,124,0.604,0.678,-0.022
46,125,0.556,0.634,-0.025
46,126,0.483,0.565,-0.03
46,127,0.498,0.579,-0.029
46,128,0.501,0.582,-0.029
46,129,0.619,0.691,-0.022
46,13,0.995,0.996,-0.0
46,130,0.589,0.664,-0.023
46,131,0.501,0.582,-0.029
46,132,0.694,0.757,-0.017
46,133,0.562,0.64,-0.025
46,134,0.627,0.698,-0.021
46,135,0.712,0.772,-0.016
46,136,0.784,0.832,-0.012
46,137,0.625,0.696,-0.021
46,138,0.685,0.748,-0.018
46,139,0.747,0.801,-0.014
46,14,0.838,0.876,-0.007
46,140,0.8,0.845,-0.011
46,141,0.939,0.954,0.003
46,142,0.978,0.984,0.001
46,143,0.941,0.956,0.003
46,144,0.929,0.947,0.004
46,145,0.95,0.963,-0.003
46,146,0.943,0.958,-0.003
46,147,0.912,0.934,-0.005
46,148,0.981,0.986,0.001
46,149,0.989,0.992,0.001
46,15,0.935,0.951,0.003
46,150,0.819,0.86,-0.01
46,151,0.921,0.941,-0.004
46,152,0.883,0.911,0.006
46,153,0.826,0.866,0.009
46,154,0.955,0.967,0.002
46,155,0.893,0.919,0.006
46,156,0.773,0.823,0.012
46,157,0.803,0.848,0.011
46,158,0.848,0.883,0.008
46,159,0.959,0.969,-0.002
46,16,0.932,0.949,-0.003
46,160,0.911,0.933,0.005
46,161,0.773,0.823,0.012
46,162,0.971,0.979,0.002
46,163,0.956,0.967,0.002
46,164,0.917,0.938,0.004
46,165,0.938,0.954,0.003
46,166,0.686,0.75,0.018
46,167,0.776,0.826,0.012
46,168,0.851,0.886,0.008
46,169,0.932,0.949,0.004
46,17,0.709,0.769,0.013
46,170,0.712,0.772,0.016
46,171,0.649,0.718,0.02
46,172,0.791,0.838,0.012
46,173,0.616,0.688,0.022
46,174,0.621,0.693,0.022
46,175,0.704,0.765,0.017
46,176,0.702,0.763,0.017
46,177,0.835,0.873,0.009
46,178,0.902,0.926,0.005
46,179,0.871,0.902,0.007
46,18,0.975,0.981,0.001
46,180,0.951,0.963,-0.003
46,181,0.951,0.963,-0.003
46,182,0.977,0.983,-0.001
46,183,0.911,0.933,-0.005
46,184,0.994,0.995,-0.0
46,185,0.951,0.963,0.003
46,186,0.878,0.907,0.007
46,187,0.972,0.979,-0.002
46,188,0.816,0.858,-0.01
46,189,0.93,0.948,-0.004
46,19,0.873,0.903,0.005
46,190,0.73,0.787,-0.015
46,191,0.935,0.951,-0.004
46,192,0.823,0.864,-0.01
46,193,0.798,0.844,-0.011
46,194,0.827,0.867,-0.01
46,195,0.841,0.878,-0.009
46,196,0.918,0.938,0.005
46,197,0.803,0.847,-0.011
46,198,0.711,0.771,-0.016
46,199,0.748,0.802,-0.014
46,20,0.843,0.88,0.007
46,200,0.57,0.646,-0.025
46,201,0.684,0.747,-0.018
46,202,0.812,0.855,-0.011
46,203,0.934,0.951,-0.004
46,204,0.775,0.825,-0.013
46,205,0.835,0.873,-0.009
46,206,0.828,0.868,-0.01
46,207,0.729,0.786,-0.015
46,208,0.731,0.788,-0.015
46,209,0.922,0.942,-0.004
46,21,0.917,0.938,0.004
46,210,0.989,0.992,0.001
46,211,0.935,0.952,0.004
46,212,0.769,0.82,-0.013
46,213,0.884,0.912,-0.006
46,214,0.867,0.899,0.007
46,215,0.744,0.798,0.014
46,216,0.951,0.963,0.003
46,217,0.968,0.976,0.002
46,218,0.936,0.952,-0.004
46,219,0.84,0.878,0.009
46,22,0.904,0.927,-0.004
46,220,0.936,0.952,0.004
46,221,0.974,0.981,0.001
46,222,0.735,0.791,-0.015
46,223,0.729,0.786,-0.016
46,224,0.669,0.735,-0.019
46,225,0.941,0.956,-0.003
46,226,0.749,0.803,-0.015
46,227,0.695,0.757,-0.018
46,228,0.678,0.743,-0.019
46,229,0.691,0.754,-0.018
46,23,0.705,0.765,-0.013
46,230,0.657,0.724,-0.021
46,231,0.613,0.685,-0.024
46,232,0.69,0.753,-0.019
46,233,0.68,0.745,-0.019
46,234,0.572,0.648,-0.027
46,235,0.524,0.604,-0.03
46,236,0.629,0.699,-0.023
46,237,0.658,0.725,-0.021
46,238,0.573,0.649,-0.028
46,239,0.48,0.561,-0.035
46,24,0.878,0.908,0.005
46,240,0.613,0.686,-0.025
46,241,0.555,0.633,-0.03
46,242,0.562,0.639,-0.029
46,243,0.665,0.732,-0.022
46,244,0.386,0.469,-0.045
46,245,0.358,0.44,-0.049
46,246,0.552,0.63,-0.032
46,247,0.49,0.571,-0.038
46,248,0.488,0.569,-0.039
46,249,0.36,0.443,-0.052
46,25,0.907,0.93,0.004
46,250,0.359,0.442,-0.053
46,251,0.309,0.39,-0.059
46,26,0.74,0.796,-0.011
46,27,0.951,0.964,0.002
46,28,0.788,0.835,0.009
46,29,0.841,0.878,0.007
46,30,0.779,0.828,0.01
46,31,0.631,0.701,0.017
46,32,0.749,0.803,0.011
46,33,0.702,0.763,0.013
46,34,0.714,0.774,0.013
46,35,0.446,0.529,0.027
46,36,0.562,0.639,0.021
46,37,0.448,0.53,0.027
46,38,0.385,0.468,0.031
46,39,0.615,0.688,0.018
46,40,0.393,0.476,0.031
46,41,0.404,0.487,0.03
46,42,0.553,0.631,0.022
46,43,0.623,0.695,0.018
46,44,0.642,0.711,0.017
46,45,0.679,0.744,0.015
46,46,0.595,0.669,0.02
46,47,0.597,0.671,0.02
46,48,0.746,0.8,0.012
46,49,0.468,0.55,0.027
46,50,0.317,0.398,0.038
46,51,0.362,0.444,0.035
46,52,0.462,0.545,0.028
46,53,0.557,0.635,0.022
46,54,0.73,0.787,0.013
46,55,0.755,0.808,0.012
46,56,0.827,0.867,0.008
46,57,0.75,0.803,0.012
46,58,0.687,0.751,0.016
46,59,0.459,0.542,0.029
46,6,0.811,0.854,-0.008
46,60,0.859,0.893,0.007
46,61,0.648,0.716,0.018
46,62,0.56,0.637,0.023
46,63,0.749,0.803,0.013
46,64,0.676,0.741,0.017
46,65,0.68,0.744,0.017
46,66,0.673,0.738,0.017
46,67,0.661,0.728,0.018
46,68,0.681,0.745,0.017
46,69,0.682,0.746,0.017
46,7,0.585,0.66,-0.019
46,70,0.576,0.652,0.023
46,71,0.596,0.67,0.022
46,72,0.57,0.646,0.023
46,73,0.638,0.707,0.019
46,74,0.649,0.718,0.019
46,75,0.334,0.416,0.04
46,76,0.345,0.427,0.039
46,77,0.543,0.622,0.025
46,78,0.36,0.442,0.038
46,79,0.644,0.713,0.019
46,8,0.83,0.869,-0.007
46,80,0.419,0.503,0.033
46,81,0.604,0.678,0.022
46,82,0.589,0.664,0.023
46,83,0.817,0.859,0.01
46,84,0.804,0.848,0.01
46,85,0.568,0.645,0.024
46,86,0.584,0.659,0.023
46,87,0.628,0.698,0.02
46,88,0.535,0.614,0.026
46,89,0.564,0.641,0.024
46,9,0.801,0.846,-0.009
46,90,0.617,0.689,0.021
46,91,0.626,0.697,0.02
46,92,0.517,0.597,0.027
46,93,0.798,0.843,0.011
46,94,0.692,0.755,0.016
46,95,0.763,0.815,0.012
46,96,0.565,0.642,0.024
46,97,0.659,0.726,0.018
46,98,0.791,0.837,0.011
46,99,0.718,0.777,0.015
47,10,0.447,0.53,-0.026
47,100,0.903,0.927,0.005
47,101,0.804,0.849,0.01
47,102,0.856,0.89,0.007
47,103,0.859,0.893,0.007
47,104,0.74,0.795,0.014
47,105,0.877,0.907,-0.006
47,106,0.972,0.979,0.001
47,107,0.868,0.899,0.007
47,108,0.955,0.966,0.002
47,109,0.834,0.873,0.009
47,11,0.453,0.536,-0.026
47,110,0.984,0.988,-0.001
47,111,0.848,0.884,0.008
47,112,0.872,0.903,-0.007
47,113,0.887,0.915,-0.006
47,114,0.954,0.966,-0.002
47,115,0.99,0.992,-0.001
47,116,0.965,0.974,0.002
47,117,0.892,0.918,-0.006
47,118,0.853,0.888,-0.008
47,119,0.929,0.947,-0.004
47,12,0.809,0.852,-0.008
47,120,0.776,0.825,-0.012
47,121,0.604,0.678,-0.022
47,122,0.716,0.775,-0.016
47,123,0.791,0.838,-0.012
47,124,0.569,0.645,-0.025
47,125,0.529,0.608,-0.028
47,126,0.509,0.59,-0.029
47,127,0.799,0.844,-0.011
47,128,0.649,0.717,-0.02
47,129,0.674,0.739,-0.019
47,13,0.577,0.653,-0.019
47,130,0.767,0.818,-0.013
47,131,0.643,0.712,-0.021
47,132,0.584,0.659,-0.024
47,133,0.73,0.787,-0.015
47,134,0.497,0.578,-0.03
47,135,0.562,0.639,-0.026
47,136,0.521,0.601,-0.028
47,137,0.443,0.526,-0.034
47,138,0.517,0.598,-0.028
47,139,0.643,0.712,-0.02
47,14,0.338,0.42,-0.033
47,140,0.613,0.686,-0.022
47,141,0.599,0.673,-0.023
47,142,0.519,0.599,-0.028
47,143,0.696,0.758,-0.017
47,144,0.783,0.831,-0.012
47,145,0.703,0.764,-0.016
47,146,0.815,0.857,-0.01
47,147,0.801,0.846,-0.011
47,148,0.861,0.894,-0.007
47,149,0.889,0.916,-0.006
47,15,0.671,0.736,-0.014
47,150,0.971,0.978,-0.002
47,151,0.962,0.972,-0.002
47,152,0.879,0.908,-0.006
47,153,0.827,0.867,-0.009
47,154,0.998,0.999,-0.0
47,155,0.968,0.976,-0.002
47,156,0.859,0.892,0.008
47,157,0.85,0.885,0.008
47,158,0.941,0.956,0.003
47,159,0.986,0.99,-0.001
47,16,0.607,0.68,-0.017
47,160,0.962,0.972,0.002
47,161,0.786,0.833,0.012
47,162,0.816,0.858,0.01
47,163,0.819,0.861,0.01
47,164,0.818,0.86,0.01
47,165,0.777,0.826,0.012
47,166,0.834,0.873,0.009
47,167,0.673,0.738,0.018
47,168,0.73,0.787,0.015
47,169,0.553,0.631,0.026
47,17,0.809,0.852,-0.008
47,170,0.721,0.779,0.016
47,171,0.771,0.822,0.013
47,172,0.76,0.812,0.013
47,173,0.859,0.892,0.008
47,174,0.804,0.848,0.011
47,175,0.721,0.78,0.016
47,176,0.63,0.701,0.021
47,177,0.715,0.774,0.016
47,178,0.734,0.79,0.015
47,179,0.954,0.966,0.003
47,18,0.618,0.69,-0.017
47,180,0.928,0.946,0.004
47,181,0.755,0.808,0.014
47,182,0.819,0.861,0.01
47,183,0.894,0.92,0.006
47,184,0.969,0.977,-0.002
47,185,0.819,0.861,0.01
47,186,0.921,0.941,0.004
47,187,0.98,0.986,0.001
47,188,0.778,0.827,0.013
47,189,0.721,0.779,0.016
47,19,0.994,0.996,0.0
47,190,0.948,0.961,0.003
47,191,0.972,0.979,0.002
47,192,0.916,0.937,-0.005
47,193,0.704,0.765,-0.017
47,194,0.938,0.954,-0.003
47,195,0.91,0.932,-0.005
47,196,0.942,0.957,-0.003
47,197,0.997,0.998,0.0
47,198,0.921,0.941,-0.004
47,199,0.764,0.815,-0.013
47,20,0.949,0.962,0.002
47,200,0.654,0.722,-0.02
47,201,0.768,0.819,-0.013
47,202,0.797,0.842,-0.011
47,203,0.74,0.795,-0.015
47,204,0.743,0.798,-0.015
47,205,0.516,0.597,-0.029
47,206,0.567,0.644,-0.025
47,207,0.925,0.944,-0.004
47,208,0.707,0.767,-0.017
47,209,0.655,0.723,-0.02
47,21,0.967,0.975,-0.001
47,210,0.454,0.537,-0.033
47,211,0.529,0.608,-0.028
47,212,0.698,0.76,-0.017
47,213,0.509,0.59,-0.029
47,214,0.639,0.709,-0.021
47,215,0.513,0.593,-0.029
47,216,0.64,0.709,-0.021
47,217,0.935,0.952,-0.004
47,218,0.752,0.806,-0.014
47,219,0.933,0.95,-0.004
47,22,0.907,0.93,-0.004
47,220,0.748,0.802,-0.014
47,221,0.751,0.805,-0.014
47,222,0.669,0.735,-0.019
47,223,0.691,0.754,-0.018
47,224,0.701,0.763,-0.017
47,225,0.657,0.724,-0.02
47,226,0.511,0.591,-0.03
47,227,0.737,0.793,-0.015
47,228,0.72,0.779,-0.016
47,229,0.667,0.733,-0.02
47,23,0.941,0.956,-0.003
47,230,0.591,0.665,-0.025
47,231,0.712,0.772,-0.017
47,232,0.596,0.67,-0.025
47,233,0.614,0.686,-0.024
47,234,0.513,0.593,-0.031
47,235,0.423,0.506,-0.038
47,236,0.659,0.726,-0.021
47,237,0.451,0.534,-0.037
47,238,0.397,0.48,-0.041
47,239,0.43,0.513,-0.039
47,24,0.963,0.972,-0.002
47,240,0.539,0.618,-0.03
47,241,0.548,0.626,-0.03
47,242,0.399,0.483,-0.043
47,243,0.383,0.466,-0.044
47,244,0.362,0.445,-0.047
47,245,0.498,0.579,-0.035
47,246,0.37,0.453,-0.048
47,247,0.322,0.403,-0.053
47,248,0.425,0.508,-0.044
47,249,0.531,0.61,-0.035
47,25,0.701,0.762,0.013
47,250,0.526,0.606,-0.036
47,251,0.448,0.531,-0.044
47,26,0.563,0.64,0.02
47,27,0.991,0.993,0.0
47,28,0.629,0.7,0.017
47,29,0.761,0.813,0.011
47,30,0.972,0.979,0.001
47,31,0.762,0.814,0.011
47,32,0.995,0.996,-0.0
47,33,0.88,0.909,0.005
47,34,0.82,0.861,0.008
47,35,0.887,0.914,0.005
47,36,0.999,0.999,0.0
47,37,0.978,0.984,-0.001
47,38,0.912,0.934,0.004
47,39,0.823,0.864,-0.008
47,40,0.899,0.923,0.005
47,41,0.9,0.924,0.005
47,42,0.9,0.924,0.005
47,43,0.981,0.986,-0.001
47,44,0.898,0.923,0.005
47,45,0.92,0.94,0.004
47,46,0.844,0.881,0.007
47,47,0.748,0.802,0.012
47,48,0.751,0.805,0.012
47,49,0.827,0.867,0.008
47,50,0.74,0.795,0.013
47,51,0.646,0.714,0.018
47,52,0.476,0.558,0.027
47,53,0.634,0.704,0.018
47,54,0.926,0.944,0.004
47,55,0.67,0.736,0.017
47,56,0.531,0.61,0.024
47,57,0.467,0.55,0.028
47,58,0.5,0.581,0.027
47,59,0.391,0.474,0.034
47,6,0.222,0.294,-0.043
47,60,0.423,0.506,0.032
47,61,0.575,0.651,0.022
47,62,0.587,0.662,0.022
47,63,0.323,0.404,0.039
47,64,0.544,0.622,0.024
47,65,0.682,0.746,0.016
47,66,0.477,0.559,0.029
47,67,0.637,0.707,0.019
47,68,0.635,0.705,0.019
47,69,0.464,0.546,0.03
47,7,0.438,0.521,-0.027
47,70,0.452,0.535,0.031
47,71,0.738,0.794,0.014
47,72,0.666,0.732,0.018
47,73,0.64,0.709,0.019
47,74,0.763,0.814,0.012
47,75,0.539,0.617,0.025
47,76,0.597,0.671,0.022
47,77,0.645,0.714,0.019
47,78,0.615,0.687,0.021
47,79,0.785,0.833,0.011
47,8,0.197,0.266,-0.045
47,80,0.74,0.796,0.014
47,81,0.607,0.68,0.021
47,82,0.582,0.657,0.023
47,83,0.572,0.648,0.023
47,84,0.653,0.721,0.019
47,85,0.931,0.948,0.004
47,86,0.683,0.747,0.017
47,87,0.748,0.802,0.013
47,88,0.88,0.909,0.006
47,89,0.632,0.702,0.02
47,9,0.287,0.366,-0.037
47,90,0.712,0.772,0.015
47,91,0.873,0.904,0.007
47,92,0.743,0.798,0.014
47,93,0.762,0.814,0.012
47,94,0.663,0.73,0.018
47,95,0.92,0.94,0.004
47,96,0.762,0.814,0.012
47,97,0.843,0.88,0.008
47,98,0.933,0.95,0.003
47,99,0.822,0.863,0.009
48,10,0.56,0.637,-0.02
48,100,0.991,0.993,-0.0
48,101,0.866,0.898,0.007
48,102,0.929,0.947,-0.004
48,103,0.933,0.95,0.003
48,104,0.875,0.905,0.006
48,105,0.943,0.958,-0.003
48,106,0.814,0.856,-0.01
48,107,0.939,0.954,-0.003
48,108,0.841,0.878,-0.008
48,109,0.486,0.568,-0.029
48,11,0.64,0.71,-0.016
48,110,0.655,0.723,-0.019
48,111,0.837,0.875,-0.009
48,112,0.759,0.812,-0.013
48,113,0.778,0.827,-0.012
48,114,0.895,0.921,-0.006
48,115,0.753,0.806,-0.013
48,116,0.59,0.665,-0.023
48,117,0.655,0.723,-0.019
48,118,0.604,0.677,-0.023
48,119,0.491,0.573,-0.03
48,12,0.554,0.631,-0.02
48,120,0.448,0.531,-0.033
48,121,0.585,0.66,-0.024
48,122,0.622,0.693,-0.022
48,123,0.548,0.626,-0.027
48,124,0.336,0.418,-0.043
48,125,0.295,0.375,-0.047
48,126,0.321,0.402,-0.045
48,127,0.392,0.475,-0.039
48,128,0.482,0.563,-0.032
48,129,0.526,0.606,-0.029
48,13,0.419,0.502,-0.028
48,130,0.51,0.59,-0.03
48,131,0.428,0.511,-0.036
48,132,0.354,0.437,-0.042
48,133,0.427,0.51,-0.036
48,134,0.48,0.562,-0.032
48,135,0.395,0.478,-0.038
48,136,0.609,0.681,-0.023
48,137,0.625,0.696,-0.022
48,138,0.407,0.49,-0.037
48,139,0.62,0.691,-0.022
48,14,0.608,0.681,-0.018
48,140,0.635,0.705,-0.021
48,141,0.602,0.675,-0.023
48,142,0.759,0.812,-0.013
48,143,0.605,0.678,-0.023
48,144,0.612,0.684,-0.022
48,145,0.789,0.836,-0.012
48,146,0.727,0.785,-0.015
48,147,0.733,0.79,-0.015
48,148,0.964,0.973,-0.002
48,149,0.903,0.927,-0.005
48,15,0.762,0.814,-0.01
48,150,0.812,0.855,-0.01
48,151,0.712,0.771,-0.016
48,152,0.709,0.769,-0.016
48,153,0.912,0.933,-0.005
48,154,0.931,0.948,0.004
48,155,0.995,0.997,-0.0
48,156,0.95,0.963,0.003
48,157,0.652,0.72,0.019
48,158,0.713,0.773,0.016
48,159,0.969,0.977,0.002
48,16,0.538,0.617,-0.021
48,160,0.888,0.915,-0.006
48,161,0.946,0.96,0.003
48,162,0.914,0.935,0.005
48,163,0.955,0.966,0.002
48,164,0.96,0.97,0.002
48,165,0.909,0.931,-0.005
48,166,0.976,0.982,0.001
48,167,0.825,0.865,0.01
48,168,0.834,0.872,0.009
48,169,0.752,0.806,0.014
48,17,0.793,0.839,-0.009
48,170,0.673,0.738,0.018
48,171,0.746,0.801,0.014
48,172,0.845,0.881,0.009
48,173,0.834,0.872,0.009
48,174,0.949,0.962,0.003
48,175,0.775,0.825,0.013
48,176,0.705,0.766,0.017
48,177,0.849,0.884,0.008
48,178,0.784,0.832,0.012
48,179,0.923,0.942,0.004
48,18,0.675,0.74,-0.014
48,180,0.992,0.994,0.0
48,181,0.901,0.925,0.006
48,182,0.919,0.939,-0.005
48,183,0.83,0.869,0.01
48,184,0.975,0.982,-0.001
48,185,0.807,0.851,0.011
48,186,0.861,0.894,0.008
48,187,0.793,0.839,0.012
48,188,0.914,0.936,0.005
48,189,0.94,0.955,0.003
48,19,0.928,0.946,0.003
48,190,0.999,0.999,0.0
48,191,0.902,0.926,0.006
48,192,0.86,0.894,0.008
48,193,0.922,0.941,0.004
48,194,0.988,0.991,0.001
48,195,0.886,0.914,0.006
48,196,0.953,0.965,0.003
48,197,0.903,0.927,0.005
48,198,0.925,0.943,-0.004
48,199,0.894,0.92,-0.006
48,20,0.961,0.971,0.002
48,200,0.961,0.971,-0.002
48,201,0.917,0.938,-0.005
48,202,0.805,0.849,-0.011
48,203,0.924,0.943,0.004
48,204,0.779,0.828,-0.013
48,205,0.948,0.961,0.003
48,206,0.875,0.905,0.007
48,207,0.838,0.876,0.009
48,208,0.783,0.831,-0.012
48,209,0.868,0.9,-0.007
48,21,0.822,0.863,-0.008
48,210,0.953,0.965,-0.003
48,211,0.99,0.993,0.001
48,212,0.966,0.975,0.002
48,213,0.902,0.926,-0.005
48,214,0.957,0.968,-0.002
48,215,0.916,0.937,0.005
48,216,0.91,0.932,-0.005
48,217,0.991,0.993,-0.001
48,218,0.803,0.847,-0.011
48,219,0.777,0.826,-0.013
48,22,0.986,0.989,-0.001
48,220,0.936,0.952,-0.004
48,221,0.827,0.867,-0.01
48,222,0.996,0.997,0.0
48,223,0.795,0.841,-0.012
48,224,0.879,0.908,-0.007
48,225,0.522,0.602,-0.029
48,226,0.674,0.739,-0.019
48,227,0.895,0.921,-0.006
48,228,0.758,0.81,-0.014
48,229,0.974,0.981,-0.001
48,23,0.927,0.945,0.003
48,230,0.81,0.853,-0.011
48,231,0.761,0.813,-0.014
48,232,0.717,0.776,-0.017
48,233,0.686,0.749,-0.019
48,234,0.529,0.608,-0.03
48,235,0.487,0.569,-0.033
48,236,0.605,0.678,-0.025
48,237,0.362,0.444,-0.044
48,238,0.475,0.558,-0.035
48,239,0.476,0.558,-0.035
48,24,0.946,0.959,-0.002
48,240,0.473,0.555,-0.035
48,241,0.443,0.526,-0.038
48,242,0.222,0.295,-0.061
48,243,0.296,0.375,-0.053
48,244,0.471,0.554,-0.037
48,245,0.398,0.482,-0.044
48,246,0.385,0.468,-0.046
48,247,0.443,0.526,-0.041
48,248,0.463,0.546,-0.04
48,249,0.556,0.634,-0.033
48,25,0.885,0.913,0.005
48,250,0.516,0.596,-0.037
48,251,0.562,0.639,-0.033
48,26,0.869,0.9,-0.006
48,27,0.902,0.926,-0.004
48,28,0.795,0.841,0.009
48,29,0.865,0.897,-0.006
48,30,0.968,0.976,-0.001
48,31,0.826,0.866,0.008
48,32,0.958,0.969,0.002
48,33,0.87,0.901,0.006
48,34,0.842,0.879,0.007
48,35,0.867,0.899,0.006
48,36,0.958,0.969,-0.002
48,37,0.82,0.861,0.008
48,38,0.87,0.901,0.006
48,39,0.919,0.939,0.004
48,40,0.677,0.742,0.015
48,41,0.698,0.76,0.014
48,42,0.999,0.999,0.0
48,43,0.709,0.769,0.014
48,44,0.859,0.893,0.007
48,45,0.81,0.853,0.009
48,46,0.712,0.772,0.014
48,47,0.772,0.822,0.011
48,48,0.608,0.681,0.019
48,49,0.647,0.716,0.017
48,50,0.927,0.945,-0.003
48,51,0.829,0.868,0.008
48,52,0.852,0.887,0.007
48,53,0.807,0.851,0.009
48,54,0.925,0.944,0.004
48,55,0.981,0.986,-0.001
48,56,0.988,0.991,-0.001
48,57,0.995,0.996,-0.0
48,58,0.735,0.791,0.013
48,59,0.989,0.992,-0.001
48,6,0.397,0.48,-0.03
48,60,0.878,0.907,0.006
48,61,0.995,0.996,0.0
48,62,0.596,0.67,0.021
48,63,0.633,0.703,0.019
48,64,0.377,0.46,0.036
48,65,0.597,0.671,0.021
48,66,0.606,0.679,0.021
48,67,0.622,0.694,0.02
48,68,0.555,0.632,0.024
48,69,0.578,0.654,0.023
48,7,0.529,0.608,-0.022
48,70,0.612,0.684,0.021
48,71,0.539,0.618,0.025
48,72,0.656,0.723,0.018
48,73,0.692,0.754,0.016
48,74,0.502,0.583,0.028
48,75,0.608,0.681,0.021
48,76,0.668,0.734,0.018
48,77,0.698,0.76,0.016
48,78,0.93,0.948,-0.004
48,79,0.955,0.967,0.002
48,8,0.431,0.514,-0.028
48,80,0.653,0.721,0.019
48,81,0.782,0.83,0.011
48,82,0.829,0.869,0.009
48,83,0.865,0.898,0.007
48,84,0.918,0.938,0.004
48,85,0.908,0.93,-0.005
48,86,0.868,0.899,0.007
48,87,0.791,0.838,0.011
48,88,0.767,0.818,0.012
48,89,0.879,0.909,0.006
48,9,0.376,0.459,-0.031
48,90,0.784,0.832,0.011
48,91,0.894,0.92,0.005
48,92,0.907,0.93,0.005
48,93,0.941,0.956,-0.003
48,94,0.976,0.982,-0.001
48,95,0.917,0.938,0.004
48,96,0.829,0.869,0.009
48,97,0.77,0.82,0.012
48,98,0.845,0.882,0.008
48,99,0.824,0.864,-0.009
49,10,0.601,0.674,-0.018
49,100,0.712,0.772,0.015
49,101,0.978,0.984,0.001
49,102,0.838,0.876,-0.008
49,103,0.809,0.852,0.01
49,104,0.859,0.893,0.007
49,105,0.681,0.745,-0.017
49,106,0.824,0.864,-0.009
49,107,0.698,0.76,-0.016
49,108,0.754,0.808,-0.013
49,109,0.833,0.872,-0.009
49,11,0.688,0.751,-0.014
49,110,0.721,0.779,-0.015
49,111,0.797,0.842,-0.011
49,112,0.647,0.716,-0.019
49,113,0.784,0.832,-0.012
49,114,0.486,0.567,-0.03
49,115,0.594,0.668,-0.023
49,116,0.545,0.623,-0.026
49,117,0.475,0.557,-0.031
49,118,0.502,0.583,-0.03
49,119,0.429,0.512,-0.035
49,12,0.731,0.788,-0.012
49,120,0.374,0.457,-0.04
49,121,0.41,0.493,-0.037
49,122,0.439,0.522,-0.035
49,123,0.494,0.575,-0.031
49,124,0.406,0.49,-0.038
49,125,0.457,0.54,-0.034
49,126,0.429,0.512,-0.037
49,127,0.513,0.593,-0.03
49,128,0.47,0.552,-0.034
49,129,0.445,0.528,-0.035
49,13,0.652,0.72,-0.015
49,130,0.372,0.455,-0.041
49,131,0.439,0.522,-0.036
49,132,0.266,0.343,-0.051
49,133,0.301,0.38,-0.048
49,134,0.293,0.373,-0.049
49,135,0.449,0.531,-0.035
49,136,0.379,0.462,-0.04
49,137,0.307,0.387,-0.047
49,138,0.311,0.392,-0.046
49,139,0.482,0.564,-0.032
49,14,0.666,0.733,-0.015
49,140,0.516,0.596,-0.029
49,141,0.354,0.436,-0.042
49,142,0.507,0.588,-0.03
49,143,0.632,0.702,-0.021
49,144,0.724,0.782,-0.016
49,145,0.696,0.758,-0.017
49,146,0.716,0.775,-0.016
49,147,0.682,0.746,-0.018
49,148,0.841,0.878,-0.009
49,149,0.938,0.954,-0.003
49,15,0.775,0.825,-0.01
49,150,0.908,0.93,-0.005
49,151,0.88,0.909,0.006
49,152,0.924,0.943,0.004
49,153,0.81,0.853,0.01
49,154,0.966,0.975,0.002
49,155,0.881,0.91,0.006
49,156,0.878,0.908,-0.007
49,157,0.997,0.998,0.0
49,158,0.814,0.857,0.01
49,159,0.775,0.825,0.012
49,16,0.756,0.809,-0.011
49,160,0.947,0.961,0.003
49,161,0.964,0.973,0.002
49,162,0.812,0.855,0.01
49,163,0.875,0.905,0.007
49,164,0.852,0.887,0.008
49,165,0.667,0.733,0.018
49,166,0.593,0.667,0.023
49,167,0.55,0.628,0.025
49,168,0.611,0.684,0.022
49,169,0.643,0.712,0.02
49,17,0.957,0.968,-0.002
49,170,0.634,0.704,0.021
49,171,0.641,0.711,0.02
49,172,0.805,0.849,0.011
49,173,0.778,0.827,0.012
49,174,0.874,0.905,0.007
49,175,0.627,0.698,0.021
49,176,0.585,0.66,0.024
49,177,0.746,0.8,0.014
49,178,0.66,0.727,0.019
49,179,0.726,0.784,0.015
49,18,0.523,0.603,-0.022
49,180,0.678,0.742,0.018
49,181,0.893,0.919,0.006
49,182,0.977,0.983,0.001
49,183,0.983,0.987,0.001
49,184,0.847,0.883,0.009
49,185,0.87,0.901,0.007
49,186,0.751,0.805,0.014
49,187,0.848,0.884,0.009
49,188,0.943,0.957,0.003
49,189,0.897,0.922,0.006
49,19,0.633,0.703,-0.016
49,190,0.865,0.897,0.008
49,191,0.615,0.687,0.022
49,192,0.873,0.904,0.007
49,193,0.914,0.935,0.005
49,194,0.99,0.993,-0.001
49,195,0.985,0.989,-0.001
49,196,0.806,0.85,-0.011
49,197,0.967,0.976,-0.002
49,198,0.919,0.939,0.005
49,199,0.931,0.949,-0.004
49,20,0.542,0.621,-0.021
49,200,0.823,0.864,0.01
49,201,0.632,0.702,0.021
49,202,0.941,0.956,0.003
49,203,0.991,0.994,0.0
49,204,0.803,0.848,-0.011
49,205,0.985,0.989,0.001
49,206,0.951,0.964,0.003
49,207,0.987,0.99,-0.001
49,208,0.992,0.994,0.0
49,209,0.953,0.965,0.003
49,21,0.689,0.752,-0.014
49,210,0.864,0.896,0.008
49,211,0.923,0.942,0.004
49,212,0.979,0.985,-0.001
49,213,0.97,0.978,-0.002
49,214,0.881,0.91,0.007
49,215,0.788,0.835,-0.012
49,216,0.769,0.82,-0.013
49,217,0.995,0.997,0.0
49,218,0.957,0.968,-0.002
49,219,0.823,0.863,-0.01
49,22,0.8,0.845,-0.009
49,220,0.913,0.934,-0.005
49,221,0.995,0.996,0.0
49,222,0.812,0.855,0.011
49,223,0.981,0.986,0.001
49,224,0.969,0.977,-0.002
49,225,0.955,0.967,0.003
49,226,0.946,0.96,0.003
49,227,0.936,0.952,0.004
49,228,0.973,0.98,0.002
49,229,0.996,0.997,-0.0
49,23,0.948,0.961,-0.002
49,230,0.941,0.956,-0.003
49,231,0.897,0.922,-0.006
49,232,0.978,0.984,-0.001
49,233,0.669,0.735,-0.02
49,234,0.92,0.94,-0.005
49,235,0.856,0.89,-0.009
49,236,0.986,0.99,0.001
49,237,0.76,0.812,-0.015
49,238,0.906,0.929,-0.006
49,239,0.958,0.969,-0.003
49,24,0.959,0.97,-0.002
49,240,0.919,0.939,-0.005
49,241,0.776,0.826,-0.014
49,242,0.715,0.775,-0.018
49,243,0.8,0.845,-0.013
49,244,0.672,0.738,-0.022
49,245,0.732,0.789,-0.018
49,246,0.569,0.645,-0.03
49,247,0.748,0.802,-0.017
49,248,0.773,0.823,-0.016
49,249,0.567,0.644,-0.032
49,25,0.872,0.903,0.006
49,250,0.716,0.775,-0.021
49,251,0.587,0.662,-0.031
49,26,0.968,0.976,-0.001
49,27,0.893,0.919,0.005
49,28,0.779,0.828,0.01
49,29,0.732,0.789,0.012
49,30,0.771,0.821,0.01
49,31,0.882,0.91,0.005
49,32,0.973,0.98,0.001
49,33,0.759,0.811,0.011
49,34,0.954,0.966,-0.002
49,35,0.713,0.772,0.013
49,36,0.801,0.846,0.009
49,37,0.949,0.962,0.002
49,38,0.835,0.873,0.008
49,39,0.525,0.605,0.023
49,40,0.739,0.795,0.012
49,41,0.845,0.881,0.007
49,42,0.631,0.702,0.018
49,43,0.47,0.553,0.027
49,44,0.6,0.674,0.02
49,45,0.841,0.878,0.008
49,46,0.837,0.875,0.008
49,47,0.585,0.661,0.021
49,48,0.447,0.53,0.029
49,49,0.681,0.745,0.016
49,50,0.998,0.998,0.0
49,51,0.891,0.917,0.005
49,52,0.577,0.653,0.022
49,53,0.506,0.587,0.026
49,54,0.745,0.8,0.013
49,55,0.656,0.724,0.018
49,56,0.616,0.688,0.02
49,57,0.537,0.616,0.024
49,58,0.616,0.688,0.02
49,59,0.631,0.702,0.019
49,6,0.551,0.629,-0.021
49,60,0.564,0.641,0.023
49,61,0.574,0.65,0.022
49,62,0.898,0.923,-0.005
49,63,0.92,0.94,0.004
49,64,0.751,0.805,0.013
49,65,0.823,0.864,0.009
49,66,0.865,0.898,0.007
49,67,0.852,0.887,0.008
49,68,0.665,0.731,0.018
49,69,0.708,0.769,0.015
49,7,0.575,0.651,-0.02
49,70,0.73,0.787,0.014
49,71,0.743,0.798,0.013
49,72,0.702,0.764,0.016
49,73,0.801,0.846,0.01
49,74,0.478,0.56,0.029
49,75,0.651,0.719,0.019
49,76,0.81,0.853,0.01
49,77,0.787,0.835,0.011
49,78,0.496,0.577,0.028
49,79,0.571,0.647,0.023
49,8,0.669,0.735,-0.015
49,80,0.851,0.886,0.008
49,81,0.727,0.784,0.014
49,82,0.705,0.766,0.016
49,83,0.727,0.784,0.014
49,84,0.678,0.742,0.017
49,85,0.56,0.637,0.024
49,86,0.687,0.75,0.016
49,87,0.725,0.783,0.014
49,88,0.844,0.881,0.008
49,89,0.668,0.734,0.018
49,9,0.702,0.764,-0.013
49,90,0.583,0.658,0.022
49,91,0.725,0.783,0.014
49,92,0.851,0.886,0.008
49,93,0.832,0.871,0.009
49,94,0.615,0.687,0.02
49,95,0.612,0.684,0.021
49,96,0.794,0.84,0.011
49,97,0.782,0.83,0.011
49,98,0.707,0.768,0.015
49,99,0.748,0.802,0.013
5,10,0.215,0.287,-0.041
5,100,0.796,0.842,-0.009
5,101,0.974,0.981,0.001
5,102,0.871,0.902,-0.006
5,103,0.787,0.835,-0.01
5,104,0.944,0.958,-0.003
5,105,0.907,0.93,0.004
5,106,0.681,0.745,-0.015
5,107,0.787,0.834,-0.01
5,108,0.686,0.75,-0.015
5,109,0.983,0.987,-0.001
5,11,0.212,0.283,-0.041
5,110,0.892,0.918,-0.005
5,111,0.937,0.953,-0.003
5,112,0.99,0.992,-0.0
5,113,0.938,0.954,0.003
5,114,0.785,0.833,0.01
5,115,0.852,0.887,0.007
5,116,0.797,0.843,0.01
5,117,0.86,0.893,0.007
5,118,0.777,0.827,0.011
5,119,0.641,0.71,0.018
5,12,0.349,0.432,-0.03
5,120,0.774,0.823,0.011
5,121,0.544,0.623,0.023
5,122,0.82,0.862,0.009
5,123,0.657,0.724,0.017
5,124,0.916,0.937,0.004
5,125,0.9,0.924,0.005
5,126,0.749,0.803,0.012
5,127,0.532,0.611,0.024
5,128,0.582,0.657,0.021
5,129,0.623,0.694,0.019
5,13,0.273,0.351,-0.035
5,130,0.783,0.831,0.011
5,131,0.753,0.807,0.012
5,132,0.606,0.679,0.02
5,133,0.629,0.699,0.019
5,134,0.737,0.793,0.013
5,135,0.686,0.75,0.016
5,136,0.77,0.821,0.011
5,137,0.819,0.86,0.009
5,138,0.985,0.989,0.001
5,139,0.704,0.765,0.015
5,14,0.377,0.46,-0.028
5,140,0.582,0.658,0.022
5,141,0.672,0.737,0.017
5,142,0.654,0.722,0.018
5,143,0.777,0.826,0.011
5,144,0.63,0.701,0.019
5,145,0.456,0.538,0.03
5,146,0.451,0.534,0.03
5,147,0.473,0.555,0.029
5,148,0.488,0.569,0.028
5,149,0.616,0.688,0.02
5,15,0.148,0.208,-0.046
5,150,0.596,0.67,0.021
5,151,0.658,0.725,0.018
5,152,0.457,0.54,0.03
5,153,0.445,0.528,0.031
5,154,0.474,0.556,0.029
5,155,0.599,0.673,0.021
5,156,0.552,0.63,0.024
5,157,0.567,0.644,0.023
5,158,0.628,0.699,0.02
5,159,0.587,0.662,0.022
5,16,0.405,0.488,-0.026
5,160,0.54,0.619,0.025
5,161,0.576,0.652,0.023
5,162,0.352,0.434,0.038
5,163,0.404,0.488,0.034
5,164,0.494,0.576,0.028
5,165,0.583,0.659,0.022
5,166,0.586,0.661,0.022
5,167,0.494,0.576,0.028
5,168,0.494,0.576,0.028
5,169,0.427,0.51,0.033
5,17,0.305,0.385,-0.032
5,170,0.688,0.751,0.017
5,171,0.656,0.723,0.019
5,172,0.751,0.805,0.013
5,173,0.724,0.782,0.015
5,174,0.668,0.734,0.018
5,175,0.73,0.787,0.015
5,176,0.84,0.877,0.009
5,177,0.641,0.71,0.02
5,178,0.562,0.639,0.025
5,179,0.665,0.732,0.019
5,18,0.136,0.194,-0.047
5,180,0.752,0.805,0.014
5,181,0.622,0.694,0.021
5,182,0.69,0.753,0.017
5,183,0.877,0.906,0.007
5,184,0.705,0.766,0.017
5,185,0.649,0.717,0.02
5,186,0.789,0.836,0.012
5,187,0.898,0.923,-0.006
5,188,0.802,0.847,0.011
5,189,0.81,0.854,0.011
5,19,0.33,0.411,-0.031
5,190,0.683,0.747,0.019
5,191,0.691,0.753,0.018
5,192,0.65,0.718,0.021
5,193,0.696,0.758,0.018
5,194,0.658,0.725,0.021
5,195,0.706,0.767,0.018
5,196,0.61,0.683,0.024
5,197,0.649,0.718,0.022
5,198,0.711,0.771,0.018
5,199,0.743,0.798,0.016
5,20,0.223,0.295,-0.038
5,200,0.365,0.448,0.044
5,201,0.562,0.64,0.028
5,202,0.602,0.676,0.026
5,203,0.704,0.765,0.019
5,204,0.614,0.687,0.025
5,205,0.722,0.781,0.018
5,206,0.609,0.682,0.026
5,207,0.616,0.688,0.025
5,208,0.555,0.633,0.03
5,209,0.639,0.709,0.024
5,21,0.193,0.262,-0.041
5,210,0.578,0.653,0.029
5,211,0.515,0.595,0.034
5,212,0.615,0.688,0.026
5,213,0.633,0.703,0.025
5,214,0.523,0.603,0.034
5,215,0.348,0.431,0.05
5,216,0.427,0.51,0.042
5,217,0.569,0.645,0.031
5,218,0.403,0.486,0.045
5,219,0.519,0.599,0.035
5,22,0.197,0.266,-0.041
5,220,0.369,0.451,0.049
5,221,0.352,0.434,0.051
5,222,0.338,0.419,0.053
5,223,0.303,0.383,0.057
5,224,0.367,0.449,0.05
5,225,0.263,0.339,0.062
5,226,0.359,0.441,0.051
5,227,0.356,0.438,0.052
5,228,0.356,0.438,0.052
5,229,0.296,0.376,0.059
5,23,0.299,0.378,-0.033
5,230,0.313,0.393,0.057
5,231,0.297,0.377,0.059
5,232,0.312,0.392,0.058
5,233,0.366,0.449,0.052
5,234,0.378,0.461,0.05
5,235,0.385,0.468,0.05
5,236,0.317,0.397,0.058
5,237,0.277,0.355,0.063
5,238,0.369,0.451,0.052
5,239,0.365,0.448,0.053
5,24,0.173,0.238,-0.043
5,240,0.3,0.38,0.061
5,241,0.329,0.41,0.057
5,242,0.418,0.502,0.048
5,243,0.429,0.513,0.047
5,244,0.306,0.386,0.061
5,245,0.413,0.496,0.049
5,246,0.466,0.548,0.044
5,247,0.379,0.462,0.054
5,248,0.309,0.389,0.063
5,249,0.183,0.25,0.083
5,25,0.334,0.416,-0.03
5,250,0.289,0.368,0.067
5,251,0.202,0.271,0.081
5,26,0.25,0.325,-0.036
5,27,0.465,0.547,-0.023
5,28,0.339,0.421,-0.03
5,29,0.562,0.639,-0.018
5,30,0.306,0.386,-0.032
5,31,0.557,0.635,-0.018
5,32,0.634,0.704,-0.015
5,33,0.531,0.61,-0.02
5,34,0.53,0.609,-0.02
5,35,0.323,0.404,-0.031
5,36,0.505,0.586,-0.021
5,37,0.58,0.655,-0.017
5,38,0.332,0.414,-0.031
5,39,0.264,0.341,-0.035
5,40,0.423,0.506,-0.025
5,41,0.332,0.413,-0.031
5,42,0.442,0.525,-0.024
5,43,0.417,0.501,-0.026
5,44,0.344,0.426,-0.03
5,45,0.336,0.418,-0.031
5,46,0.228,0.302,-0.038
5,47,0.504,0.585,-0.021
5,48,0.384,0.467,-0.028
5,49,0.376,0.459,-0.028
5,50,0.256,0.333,-0.036
5,51,0.152,0.213,-0.046
5,52,0.093,0.14,-0.054
5,53,0.463,0.545,-0.023
5,54,0.242,0.317,-0.037
5,55,0.174,0.239,-0.044
5,56,0.266,0.343,-0.036
5,57,0.419,0.502,-0.026
5,58,0.246,0.321,-0.038
5,59,0.115,0.167,-0.051
5,60,0.261,0.337,-0.037
5,61,0.161,0.224,-0.046
5,62,0.342,0.424,-0.031
5,63,0.196,0.264,-0.042
5,64,0.177,0.243,-0.044
5,65,0.232,0.306,-0.039
5,66,0.142,0.201,-0.049
5,67,0.32,0.401,-0.033
5,68,0.21,0.281,-0.042
5,69,0.373,0.456,-0.03
5,7,0.376,0.459,-0.03
5,70,0.323,0.404,-0.033
5,71,0.308,0.389,-0.034
5,72,0.29,0.369,-0.036
5,73,0.491,0.573,-0.023
5,74,0.684,0.748,-0.014
5,75,0.753,0.806,-0.011
5,76,0.391,0.474,-0.029
5,77,0.538,0.617,-0.021
5,78,0.882,0.91,-0.005
5,79,0.635,0.705,-0.016
5,8,0.533,0.612,-0.021
5,80,0.881,0.91,-0.005
5,81,0.841,0.878,-0.007
5,82,0.751,0.805,-0.011
5,83,0.84,0.878,-0.007
5,84,0.637,0.707,-0.016
5,85,0.925,0.944,0.003
5,86,0.849,0.885,-0.007
5,87,0.557,0.634,-0.021
5,88,0.885,0.913,-0.005
5,89,0.769,0.819,-0.01
5,9,0.227,0.3,-0.04
5,90,0.786,0.833,-0.01
5,91,0.729,0.786,-0.012
5,92,0.569,0.645,-0.02
5,93,0.61,0.683,-0.018
5,94,0.871,0.902,-0.006
5,95,0.638,0.707,-0.017
5,96,0.768,0.819,-0.011
5,97,0.99,0.992,0.0
5,98,0.97,0.978,-0.001
5,99,0.854,0.889,-0.007
50,10,0.467,0.549,-0.025
50,100,0.919,0.939,-0.004
50,101,0.86,0.893,-0.007
50,102,0.897,0.922,-0.005
50,103,0.86,0.893,-0.007
50,104,0.964,0.974,-0.002
50,105,0.954,0.966,-0.002
50,106,0.63,0.701,-0.02
50,107,0.651,0.719,-0.019
50,108,0.701,0.762,-0.016
50,109,0.461,0.543,-0.031
50,11,0.863,0.895,-0.006
50,110,0.542,0.621,-0.026
50,111,0.536,0.615,-0.026
50,112,0.549,0.627,-0.026
50,113,0.513,0.594,-0.028
50,114,0.417,0.5,-0.035
50,115,0.435,0.518,-0.034
50,116,0.408,0.491,-0.037
50,117,0.275,0.353,-0.049
50,118,0.451,0.534,-0.034
50,119,0.315,0.395,-0.046
50,12,0.567,0.644,-0.02
50,120,0.268,0.345,-0.051
50,121,0.179,0.245,-0.062
50,122,0.261,0.337,-0.052
50,123,0.261,0.337,-0.053
50,124,0.274,0.352,-0.051
50,125,0.193,0.262,-0.062
50,126,0.198,0.267,-0.061
50,127,0.192,0.261,-0.062
50,128,0.228,0.301,-0.058
50,129,0.169,0.233,-0.066
50,13,0.569,0.645,-0.02
50,130,0.173,0.239,-0.065
50,131,0.249,0.324,-0.055
50,132,0.206,0.277,-0.06
50,133,0.252,0.328,-0.055
50,134,0.261,0.337,-0.053
50,135,0.206,0.277,-0.06
50,136,0.195,0.264,-0.061
50,137,0.292,0.371,-0.049
50,138,0.318,0.399,-0.047
50,139,0.297,0.377,-0.048
50,14,0.503,0.584,-0.023
50,140,0.35,0.432,-0.043
50,141,0.418,0.501,-0.037
50,142,0.366,0.448,-0.041
50,143,0.461,0.544,-0.033
50,144,0.405,0.488,-0.037
50,145,0.535,0.614,-0.028
50,146,0.454,0.537,-0.033
50,147,0.534,0.613,-0.028
50,148,0.711,0.771,-0.016
50,149,0.667,0.733,-0.019
50,15,0.819,0.86,-0.008
50,150,0.673,0.739,-0.018
50,151,0.722,0.781,-0.015
50,152,0.706,0.767,-0.016
50,153,0.912,0.934,-0.005
50,154,0.941,0.956,-0.003
50,155,0.922,0.942,0.004
50,156,0.779,0.828,0.012
50,157,0.952,0.964,0.003
50,158,0.851,0.886,0.008
50,159,0.969,0.977,-0.002
50,16,0.867,0.899,-0.006
50,160,0.932,0.949,0.004
50,161,0.903,0.927,0.005
50,162,0.749,0.803,0.014
50,163,0.639,0.708,0.02
50,164,0.614,0.686,0.021
50,165,0.868,0.9,0.007
50,166,0.624,0.695,0.021
50,167,0.912,0.934,0.005
50,168,0.997,0.998,-0.0
50,169,0.9,0.925,0.005
50,17,0.483,0.565,-0.024
50,170,0.947,0.96,0.003
50,171,0.649,0.718,0.02
50,172,0.627,0.698,0.021
50,173,0.885,0.913,0.006
50,174,0.927,0.946,-0.004
50,175,0.924,0.943,0.004
50,176,0.76,0.812,0.013
50,177,0.636,0.706,0.021
50,178,0.934,0.951,0.004
50,179,0.996,0.997,-0.0
50,18,0.783,0.831,-0.009
50,180,0.985,0.989,-0.001
50,181,0.94,0.955,-0.003
50,182,0.866,0.898,-0.007
50,183,0.919,0.939,-0.004
50,184,0.96,0.97,-0.002
50,185,0.953,0.965,0.003
50,186,0.93,0.948,-0.004
50,187,0.944,0.958,-0.003
50,188,0.896,0.922,-0.006
50,189,0.801,0.846,-0.011
50,19,0.995,0.996,-0.0
50,190,0.812,0.855,-0.011
50,191,0.77,0.82,-0.013
50,192,0.741,0.796,-0.015
50,193,0.896,0.922,-0.006
50,194,0.781,0.829,-0.012
50,195,0.732,0.789,-0.015
50,196,0.844,0.881,-0.009
50,197,0.886,0.914,-0.006
50,198,0.988,0.991,-0.001
50,199,0.885,0.913,0.006
50,20,0.952,0.964,0.002
50,200,0.942,0.957,-0.003
50,201,0.883,0.912,-0.007
50,202,0.882,0.91,-0.007
50,203,0.827,0.867,-0.01
50,204,0.746,0.8,-0.014
50,205,0.797,0.843,-0.011
50,206,0.691,0.754,-0.018
50,207,0.735,0.791,-0.015
50,208,0.648,0.717,-0.02
50,209,0.82,0.862,-0.01
50,21,0.823,0.864,0.008
50,210,0.968,0.976,-0.002
50,211,0.838,0.875,-0.009
50,212,0.685,0.749,-0.018
50,213,0.736,0.792,-0.015
50,214,0.651,0.719,-0.02
50,215,0.532,0.611,-0.028
50,216,0.451,0.534,-0.034
50,217,0.623,0.695,-0.022
50,218,0.529,0.608,-0.028
50,219,0.599,0.673,-0.023
50,22,0.808,0.852,-0.008
50,220,0.526,0.606,-0.028
50,221,0.696,0.758,-0.018
50,222,0.723,0.781,-0.016
50,223,0.63,0.701,-0.022
50,224,0.573,0.649,-0.025
50,225,0.635,0.705,-0.021
50,226,0.596,0.67,-0.024
50,227,0.566,0.642,-0.026
50,228,0.572,0.648,-0.026
50,229,0.772,0.822,-0.013
50,23,0.917,0.938,-0.004
50,230,0.776,0.826,-0.013
50,231,0.793,0.84,-0.012
50,232,0.598,0.672,-0.024
50,233,0.499,0.58,-0.031
50,234,0.536,0.615,-0.029
50,235,0.592,0.667,-0.025
50,236,0.678,0.743,-0.02
50,237,0.512,0.592,-0.031
50,238,0.438,0.521,-0.037
50,239,0.514,0.594,-0.032
50,24,0.776,0.825,0.01
50,240,0.767,0.818,-0.014
50,241,0.868,0.9,-0.008
50,242,0.798,0.843,-0.013
50,243,0.934,0.95,-0.004
50,244,0.824,0.865,-0.011
50,245,0.877,0.906,-0.008
50,246,0.896,0.921,-0.007
50,247,0.953,0.965,0.003
50,248,0.959,0.97,0.003
50,249,0.85,0.886,-0.01
50,25,0.948,0.961,-0.002
50,250,0.838,0.876,-0.012
50,251,0.817,0.859,-0.013
50,26,0.583,0.658,-0.019
50,27,0.942,0.957,0.003
50,28,0.99,0.993,-0.0
50,29,0.884,0.912,0.005
50,30,0.91,0.932,-0.004
50,31,0.794,0.84,0.009
50,32,0.908,0.931,0.004
50,33,0.982,0.987,-0.001
50,34,0.938,0.954,0.003
50,35,0.94,0.955,0.003
50,36,0.98,0.985,0.001
50,37,0.732,0.788,0.013
50,38,0.792,0.838,0.01
50,39,0.874,0.904,0.006
50,40,0.788,0.835,0.01
50,41,0.659,0.726,0.016
50,42,0.671,0.736,0.016
50,43,0.82,0.862,0.009
50,44,0.719,0.778,0.014
50,45,0.836,0.874,0.008
50,46,0.587,0.662,0.021
50,47,0.536,0.615,0.024
50,48,0.528,0.607,0.024
50,49,0.703,0.764,0.015
50,50,0.671,0.736,0.016
50,51,0.521,0.601,0.025
50,52,0.725,0.782,0.014
50,53,0.84,0.877,0.008
50,54,0.629,0.7,0.019
50,55,0.584,0.66,0.022
50,56,0.635,0.705,0.019
50,57,0.631,0.701,0.019
50,58,0.577,0.652,0.022
50,59,0.789,0.836,0.011
50,6,0.551,0.629,-0.021
50,60,0.72,0.778,0.014
50,61,0.627,0.698,0.02
50,62,0.665,0.731,0.017
50,63,0.57,0.647,0.023
50,64,0.625,0.696,0.02
50,65,0.675,0.74,0.017
50,66,0.738,0.794,0.014
50,67,0.687,0.75,0.016
50,68,0.721,0.779,0.015
50,69,0.769,0.82,0.012
50,7,0.538,0.617,-0.022
50,70,0.726,0.784,0.014
50,71,0.746,0.801,0.013
50,72,0.675,0.74,0.017
50,73,0.784,0.832,0.011
50,74,0.791,0.838,0.011
50,75,0.81,0.853,0.01
50,76,0.745,0.8,0.013
50,77,0.683,0.747,0.017
50,78,0.672,0.737,0.017
50,79,0.491,0.572,0.028
50,8,0.546,0.624,-0.021
50,80,0.679,0.743,0.017
50,81,0.599,0.673,0.022
50,82,0.59,0.665,0.022
50,83,0.712,0.771,0.015
50,84,0.598,0.672,0.021
50,85,0.85,0.885,0.008
50,86,0.827,0.867,0.009
50,87,0.639,0.709,0.019
50,88,0.656,0.723,0.018
50,89,0.593,0.668,0.022
50,9,0.535,0.614,-0.022
50,90,0.892,0.919,0.005
50,91,0.764,0.816,0.012
50,92,0.634,0.704,0.019
50,93,0.663,0.73,0.018
50,94,0.717,0.776,0.015
50,95,0.645,0.714,0.019
50,96,0.645,0.714,0.019
50,97,0.714,0.773,0.015
50,98,0.844,0.88,0.008
50,99,0.922,0.942,0.004
51,10,0.925,0.944,-0.003
51,100,0.865,0.897,0.007
51,101,1.0,1.0,-0.0
51,102,0.917,0.938,0.004
51,103,0.892,0.919,0.006
51,104,0.921,0.941,-0.004
51,105,0.925,0.944,-0.004
51,106,0.92,0.94,-0.004
51,107,0.929,0.947,-0.004
51,108,0.804,0.848,-0.01
51,109,0.699,0.761,-0.016
51,11,0.742,0.797,-0.011
51,110,0.977,0.983,0.001
51,111,0.759,0.812,-0.013
51,112,0.484,0.565,-0.031
51,113,0.428,0.512,-0.035
51,114,0.699,0.76,-0.017
51,115,0.516,0.596,-0.029
51,116,0.316,0.397,-0.045
51,117,0.356,0.438,-0.042
51,118,0.316,0.396,-0.046
51,119,0.356,0.438,-0.043
51,12,0.734,0.791,-0.012
51,120,0.323,0.404,-0.047
51,121,0.305,0.385,-0.049
51,122,0.314,0.395,-0.048
51,123,0.185,0.252,-0.064
51,124,0.167,0.232,-0.067
51,125,0.245,0.32,-0.057
51,126,0.244,0.319,-0.058
51,127,0.207,0.278,-0.062
51,128,0.172,0.237,-0.068
51,129,0.163,0.226,-0.069
51,13,0.813,0.856,-0.008
51,130,0.162,0.225,-0.07
51,131,0.155,0.217,-0.071
51,132,0.173,0.239,-0.067
51,133,0.211,0.282,-0.062
51,134,0.164,0.228,-0.069
51,135,0.162,0.225,-0.069
51,136,0.21,0.281,-0.061
51,137,0.176,0.242,-0.065
51,138,0.189,0.257,-0.063
51,139,0.297,0.377,-0.05
51,14,0.676,0.741,-0.014
51,140,0.345,0.427,-0.045
51,141,0.41,0.493,-0.039
51,142,0.274,0.352,-0.051
51,143,0.401,0.485,-0.039
51,144,0.337,0.419,-0.044
51,145,0.433,0.516,-0.036
51,146,0.404,0.488,-0.038
51,147,0.567,0.644,-0.026
51,148,0.486,0.568,-0.031
51,149,0.554,0.632,-0.026
51,15,0.969,0.977,0.001
51,150,0.822,0.863,-0.01
51,151,0.98,0.985,-0.001
51,152,0.913,0.934,-0.005
51,153,0.954,0.966,0.003
51,154,0.955,0.966,0.002
51,155,0.915,0.936,0.005
51,156,0.819,0.861,0.01
51,157,0.83,0.869,0.009
51,158,0.873,0.903,0.007
51,159,0.962,0.972,0.002
51,16,0.963,0.972,0.002
51,160,0.803,0.848,0.011
51,161,0.691,0.754,0.017
51,162,0.741,0.796,0.014
51,163,0.674,0.739,0.018
51,164,0.662,0.728,0.019
51,165,0.6,0.674,0.022
51,166,0.924,0.943,0.004
51,167,0.532,0.611,0.027
51,168,0.75,0.804,0.014
51,169,0.677,0.741,0.018
51,17,0.76,0.812,-0.01
51,170,0.761,0.813,0.013
51,171,0.748,0.802,0.014
51,172,0.75,0.803,0.014
51,173,0.8,0.845,0.011
51,174,0.701,0.762,0.017
51,175,0.644,0.713,0.02
51,176,0.883,0.911,0.006
51,177,0.947,0.961,-0.003
51,178,0.914,0.935,0.005
51,179,0.896,0.921,0.006
51,18,0.776,0.826,0.01
51,180,0.924,0.943,0.004
51,181,0.826,0.866,0.01
51,182,0.767,0.818,0.013
51,183,0.926,0.945,-0.004
51,184,0.829,0.868,-0.01
51,185,0.732,0.789,-0.015
51,186,0.666,0.732,-0.019
51,187,0.696,0.758,-0.017
51,188,0.897,0.922,-0.006
51,189,0.846,0.882,-0.009
51,19,0.939,0.954,0.003
51,190,0.611,0.683,-0.023
51,191,0.712,0.771,-0.016
51,192,0.692,0.755,-0.018
51,193,0.591,0.665,-0.024
51,194,0.496,0.577,-0.03
51,195,0.717,0.776,-0.016
51,196,0.847,0.883,-0.009
51,197,0.601,0.674,-0.023
51,198,0.624,0.695,-0.022
51,199,0.706,0.767,-0.017
51,20,0.954,0.966,0.002
51,200,0.69,0.753,-0.018
51,201,0.748,0.802,-0.014
51,202,0.663,0.73,-0.019
51,203,0.592,0.666,-0.024
51,204,0.663,0.729,-0.019
51,205,0.605,0.679,-0.023
51,206,0.789,0.836,-0.012
51,207,0.862,0.895,-0.008
51,208,0.714,0.773,-0.016
51,209,0.838,0.875,-0.009
51,21,0.879,0.908,-0.005
51,210,0.807,0.851,-0.011
51,211,0.961,0.971,-0.002
51,212,0.738,0.794,-0.015
51,213,0.763,0.814,-0.014
51,214,0.978,0.983,-0.001
51,215,0.867,0.898,-0.008
51,216,0.756,0.809,-0.014
51,217,0.956,0.968,-0.002
51,218,0.818,0.86,-0.01
51,219,0.977,0.983,-0.001
51,22,0.863,0.896,0.006
51,220,0.898,0.923,-0.006
51,221,0.721,0.78,-0.016
51,222,0.826,0.866,-0.01
51,223,0.873,0.904,-0.007
51,224,0.786,0.834,-0.012
51,225,0.486,0.568,-0.031
51,226,0.467,0.55,-0.033
51,227,0.515,0.596,-0.03
51,228,0.438,0.521,-0.035
51,229,0.5,0.581,-0.031
51,23,0.97,0.978,0.001
51,230,0.699,0.761,-0.018
51,231,0.618,0.69,-0.023
51,232,0.56,0.637,-0.027
51,233,0.444,0.527,-0.036
51,234,0.58,0.656,-0.026
51,235,0.569,0.645,-0.027
51,236,0.786,0.834,-0.013
51,237,0.973,0.98,-0.002
51,238,0.745,0.8,-0.016
51,239,0.818,0.859,-0.011
51,24,0.585,0.66,0.019
51,240,0.598,0.672,-0.026
51,241,0.927,0.945,-0.005
51,242,0.927,0.945,-0.005
51,243,0.763,0.815,-0.015
51,244,0.877,0.907,-0.008
51,245,0.656,0.723,-0.023
51,246,0.83,0.87,-0.011
51,247,0.816,0.858,-0.012
51,248,0.614,0.687,-0.027
51,249,0.75,0.804,-0.018
51,25,0.738,0.794,0.012
51,250,0.731,0.788,-0.019
51,251,0.781,0.829,-0.016
51,26,0.631,0.702,0.017
51,27,0.957,0.968,0.002
51,28,0.865,0.897,0.006
51,29,0.782,0.83,0.01
51,30,0.709,0.769,0.013
51,31,0.963,0.972,0.002
51,32,0.754,0.807,-0.011
51,33,0.813,0.856,-0.008
51,34,0.826,0.866,-0.008
51,35,0.699,0.761,-0.014
51,36,0.695,0.757,-0.014
51,37,0.468,0.55,-0.027
51,38,0.892,0.918,-0.005
51,39,0.821,0.862,-0.008
51,40,0.774,0.824,-0.011
51,41,0.766,0.817,-0.011
51,42,0.594,0.669,-0.02
51,43,0.733,0.79,-0.013
51,44,0.872,0.902,0.006
51,45,0.983,0.987,-0.001
51,46,0.823,0.864,-0.009
51,47,0.985,0.989,0.001
51,48,0.91,0.932,-0.004
51,49,0.88,0.909,-0.006
51,50,0.878,0.907,0.006
51,51,0.984,0.988,-0.001
51,52,0.695,0.758,-0.015
51,53,0.957,0.968,-0.002
51,54,0.954,0.966,0.002
51,55,0.979,0.985,-0.001
51,56,0.917,0.938,-0.004
51,57,0.987,0.99,0.001
51,58,0.863,0.895,0.007
51,59,0.663,0.729,0.017
51,6,0.738,0.794,-0.012
51,60,0.625,0.696,0.02
51,61,0.999,1.0,0.0
51,62,0.786,0.834,0.011
51,63,0.715,0.775,0.015
51,64,0.483,0.564,0.029
51,65,0.747,0.801,0.013
51,66,0.806,0.85,0.01
51,67,0.898,0.923,0.005
51,68,0.716,0.775,0.015
51,69,0.806,0.85,0.01
51,7,0.798,0.843,-0.009
51,70,0.797,0.843,0.011
51,71,0.96,0.971,0.002
51,72,0.815,0.857,0.01
51,73,0.537,0.616,0.025
51,74,0.558,0.635,0.024
51,75,0.818,0.86,0.009
51,76,0.894,0.92,0.005
51,77,0.866,0.898,0.007
51,78,0.64,0.71,0.019
51,79,0.81,0.853,0.01
51,8,0.527,0.606,-0.023
51,80,0.795,0.841,0.011
51,81,0.698,0.76,0.016
51,82,0.742,0.797,0.013
51,83,0.717,0.776,0.015
51,84,0.738,0.794,0.014
51,85,0.82,0.861,0.009
51,86,0.961,0.971,-0.002
51,87,0.778,0.827,0.011
51,88,0.627,0.698,0.02
51,89,0.467,0.549,0.029
51,9,0.792,0.839,-0.009
51,90,0.716,0.776,0.015
51,91,0.778,0.827,0.011
51,92,0.828,0.868,0.009
51,93,0.965,0.974,0.002
51,94,0.833,0.872,0.009
51,95,0.652,0.72,0.018
51,96,0.866,0.898,0.007
51,97,0.812,0.855,0.01
51,98,0.677,0.742,0.017
51,99,0.749,0.803,0.013
52,10,0.345,0.427,-0.033
52,100,0.97,0.978,0.002
52,101,0.698,0.76,-0.016
52,102,0.899,0.924,-0.005
52,103,0.943,0.957,0.003
52,104,0.987,0.991,0.001
52,105,0.784,0.832,-0.011
52,106,0.746,0.801,-0.014
52,107,0.477,0.559,-0.03
52,108,0.731,0.788,-0.015
52,109,0.723,0.781,-0.015
52,11,0.309,0.389,-0.036
52,110,0.387,0.47,-0.038
52,111,0.329,0.411,-0.043
52,112,0.308,0.388,-0.045
52,113,0.448,0.53,-0.034
52,114,0.356,0.439,-0.042
52,115,0.383,0.466,-0.04
52,116,0.282,0.36,-0.05
52,117,0.355,0.437,-0.044
52,118,0.286,0.365,-0.051
52,119,0.322,0.403,-0.048
52,12,0.416,0.499,-0.029
52,120,0.366,0.449,-0.044
52,121,0.389,0.472,-0.043
52,122,0.405,0.488,-0.041
52,123,0.219,0.291,-0.062
52,124,0.213,0.285,-0.063
52,125,0.205,0.276,-0.065
52,126,0.234,0.308,-0.061
52,127,0.229,0.302,-0.062
52,128,0.208,0.279,-0.065
52,129,0.226,0.299,-0.063
52,13,0.776,0.825,-0.01
52,130,0.191,0.259,-0.068
52,131,0.157,0.22,-0.073
52,132,0.157,0.22,-0.073
52,133,0.169,0.234,-0.07
52,134,0.243,0.318,-0.06
52,135,0.15,0.211,-0.073
52,136,0.175,0.241,-0.068
52,137,0.207,0.278,-0.063
52,138,0.196,0.264,-0.064
52,139,0.27,0.347,-0.054
52,14,0.676,0.741,-0.015
52,140,0.27,0.347,-0.054
52,141,0.319,0.4,-0.048
52,142,0.29,0.369,-0.051
52,143,0.432,0.515,-0.037
52,144,0.32,0.401,-0.047
52,145,0.317,0.398,-0.047
52,146,0.53,0.609,-0.029
52,147,0.45,0.533,-0.035
52,148,0.452,0.535,-0.034
52,149,0.47,0.552,-0.033
52,15,0.629,0.7,-0.017
52,150,0.523,0.603,-0.029
52,151,0.772,0.822,-0.013
52,152,0.685,0.748,-0.018
52,153,0.581,0.657,-0.024
52,154,0.886,0.914,-0.006
52,155,0.965,0.974,-0.002
52,156,0.863,0.896,0.007
52,157,0.95,0.963,0.003
52,158,0.922,0.941,0.004
52,159,0.828,0.868,0.009
52,16,0.818,0.86,-0.008
52,160,0.649,0.717,0.019
52,161,0.843,0.879,0.008
52,162,0.534,0.613,0.026
52,163,0.58,0.655,0.023
52,164,0.446,0.529,0.032
52,165,0.637,0.707,0.02
52,166,0.688,0.751,0.017
52,167,0.796,0.842,0.011
52,168,0.599,0.672,0.022
52,169,0.744,0.799,0.014
52,17,0.713,0.772,-0.013
52,170,0.885,0.913,0.006
52,171,0.766,0.817,0.013
52,172,0.553,0.631,0.025
52,173,0.493,0.575,0.029
52,174,0.504,0.585,0.029
52,175,0.58,0.655,0.024
52,176,0.7,0.761,0.017
52,177,0.71,0.77,0.016
52,178,0.854,0.889,0.008
52,179,0.846,0.882,0.008
52,18,0.872,0.902,0.006
52,180,0.931,0.948,0.004
52,181,0.983,0.987,-0.001
52,182,0.861,0.894,-0.008
52,183,0.984,0.988,0.001
52,184,0.994,0.996,0.0
52,185,0.712,0.772,0.016
52,186,0.785,0.833,0.012
52,187,0.716,0.775,0.016
52,188,0.796,0.842,0.011
52,189,0.82,0.862,0.01
52,19,0.828,0.868,-0.008
52,190,0.812,0.855,0.011
52,191,0.675,0.74,0.019
52,192,0.775,0.824,0.013
52,193,0.792,0.838,0.012
52,194,0.643,0.712,0.021
52,195,0.61,0.683,0.023
52,196,0.925,0.943,0.004
52,197,0.822,0.863,0.01
52,198,0.764,0.816,0.013
52,199,0.978,0.984,0.001
52,20,0.898,0.923,-0.004
52,200,0.85,0.885,0.008
52,201,0.905,0.929,0.005
52,202,0.992,0.994,-0.0
52,203,0.933,0.95,-0.004
52,204,0.886,0.914,0.006
52,205,0.907,0.93,0.005
52,206,0.924,0.943,0.004
52,207,0.982,0.987,0.001
52,208,0.854,0.888,0.008
52,209,0.964,0.973,0.002
52,21,0.763,0.814,-0.011
52,210,0.815,0.857,0.01
52,211,0.944,0.958,0.003
52,212,0.908,0.931,-0.005
52,213,0.934,0.95,-0.004
52,214,0.839,0.877,-0.009
52,215,0.825,0.865,-0.01
52,216,0.964,0.973,0.002
52,217,0.982,0.986,0.001
52,218,0.879,0.908,0.007
52,219,0.976,0.982,0.001
52,22,0.88,0.909,-0.005
52,220,0.882,0.91,0.007
52,221,0.984,0.988,0.001
52,222,0.835,0.873,0.009
52,223,0.999,0.999,-0.0
52,224,0.926,0.944,0.004
52,225,0.957,0.968,0.002
52,226,0.94,0.955,0.003
52,227,0.919,0.939,-0.005
52,228,0.944,0.958,-0.003
52,229,0.893,0.919,-0.006
52,23,0.659,0.726,0.015
52,230,0.755,0.808,-0.014
52,231,0.686,0.749,-0.019
52,232,0.702,0.763,-0.018
52,233,0.652,0.72,-0.021
52,234,0.427,0.51,-0.037
52,235,0.607,0.68,-0.024
52,236,0.536,0.615,-0.029
52,237,0.371,0.454,-0.043
52,238,0.591,0.666,-0.026
52,239,0.538,0.617,-0.03
52,24,0.843,0.88,0.007
52,240,0.581,0.656,-0.027
52,241,0.644,0.713,-0.023
52,242,0.674,0.739,-0.021
52,243,0.741,0.796,-0.017
52,244,0.708,0.769,-0.019
52,245,0.631,0.702,-0.025
52,246,0.663,0.73,-0.023
52,247,0.746,0.801,-0.017
52,248,0.778,0.827,-0.015
52,249,0.752,0.805,-0.017
52,25,0.675,0.74,0.015
52,250,0.785,0.833,-0.015
52,251,0.669,0.735,-0.024
52,26,0.782,0.83,0.01
52,27,0.68,0.744,0.015
52,28,0.62,0.692,0.018
52,29,0.695,0.757,0.014
52,30,0.755,0.808,0.011
52,31,0.9,0.924,0.005
52,32,0.926,0.944,0.003
52,33,0.708,0.768,0.014
52,34,0.641,0.71,0.017
52,35,0.767,0.818,0.011
52,36,0.882,0.911,0.005
52,37,0.79,0.837,0.01
52,38,0.894,0.92,0.005
52,39,0.726,0.784,0.013
52,40,0.88,0.909,0.006
52,41,0.905,0.929,-0.004
52,42,0.978,0.984,0.001
52,43,0.874,0.904,0.006
52,44,0.996,0.997,0.0
52,45,0.838,0.875,0.008
52,46,0.917,0.937,-0.004
52,47,0.846,0.882,-0.008
52,48,0.964,0.973,0.002
52,49,0.98,0.985,-0.001
52,50,0.984,0.988,-0.001
52,51,0.832,0.871,0.008
52,52,0.827,0.867,0.009
52,53,0.837,0.875,0.008
52,54,0.633,0.703,0.019
52,55,0.583,0.658,0.022
52,56,0.655,0.723,0.018
52,57,0.632,0.703,0.019
52,58,0.584,0.659,0.022
52,59,0.756,0.809,0.012
52,6,0.308,0.388,-0.037
52,60,0.867,0.898,0.007
52,61,0.673,0.739,0.017
52,62,0.883,0.911,0.006
52,63,0.866,0.898,0.007
52,64,0.779,0.828,0.011
52,65,0.717,0.776,0.015
52,66,0.68,0.744,0.017
52,67,0.704,0.765,0.015
52,68,0.621,0.692,0.02
52,69,0.711,0.771,0.015
52,7,0.267,0.345,-0.04
52,70,0.844,0.881,0.008
52,71,0.842,0.879,0.008
52,72,0.639,0.708,0.019
52,73,0.653,0.721,0.018
52,74,0.713,0.773,0.015
52,75,0.654,0.722,0.018
52,76,0.657,0.724,0.018
52,77,0.66,0.727,0.018
52,78,0.764,0.815,0.012
52,79,0.854,0.889,0.008
52,8,0.18,0.247,-0.048
52,80,0.949,0.962,-0.003
52,81,0.617,0.689,0.02
52,82,0.653,0.721,0.018
52,83,0.794,0.84,0.011
52,84,0.742,0.797,0.013
52,85,0.688,0.752,0.016
52,86,0.716,0.775,0.015
52,87,0.68,0.745,0.017
52,88,0.71,0.77,0.015
52,89,0.789,0.836,0.011
52,9,0.207,0.277,-0.045
52,90,0.79,0.837,0.011
52,91,0.58,0.655,0.022
52,92,0.816,0.858,0.009
52,93,0.675,0.74,0.017
52,94,0.476,0.558,0.029
52,95,0.452,0.534,0.03
52,96,0.453,0.536,0.03
52,97,0.554,0.632,0.024
52,98,0.721,0.779,0.014
52,99,0.701,0.763,0.016
53,10,0.882,0.911,-0.005
53,100,0.946,0.959,0.003
53,101,0.991,0.993,-0.0
53,102,0.869,0.901,-0.007
53,103,0.777,0.826,-0.012
53,104,0.732,0.788,-0.014
53,105,0.627,0.698,-0.02
53,106,0.649,0.717,-0.019
53,107,0.718,0.777,-0.016
53,108,0.739,0.795,-0.014
53,109,0.638,0.708,-0.02
53,11,0.561,0.639,-0.02
53,110,0.573,0.649,-0.025
53,111,0.412,0.496,-0.037
53,112,0.559,0.636,-0.026
53,113,0.491,0.572,-0.031
53,114,0.517,0.597,-0.03
53,115,0.34,0.422,-0.045
53,116,0.399,0.482,-0.04
53,117,0.383,0.466,-0.042
53,118,0.474,0.556,-0.035
53,119,0.294,0.373,-0.052
53,12,0.615,0.687,-0.018
53,120,0.225,0.298,-0.061
53,121,0.253,0.329,-0.058
53,122,0.279,0.357,-0.056
53,123,0.219,0.291,-0.064
53,124,0.223,0.296,-0.064
53,125,0.145,0.205,-0.077
53,126,0.109,0.161,-0.085
53,127,0.102,0.152,-0.087
53,128,0.161,0.224,-0.075
53,129,0.186,0.254,-0.071
53,13,0.553,0.631,-0.021
53,130,0.133,0.191,-0.08
53,131,0.105,0.155,-0.087
53,132,0.16,0.223,-0.075
53,133,0.208,0.278,-0.067
53,134,0.169,0.233,-0.072
53,135,0.134,0.191,-0.078
53,136,0.161,0.223,-0.073
53,137,0.228,0.301,-0.062
53,138,0.245,0.32,-0.059
53,139,0.297,0.376,-0.053
53,14,0.867,0.899,-0.006
53,140,0.314,0.394,-0.05
53,141,0.337,0.419,-0.048
53,142,0.232,0.305,-0.059
53,143,0.231,0.305,-0.058
53,144,0.317,0.398,-0.048
53,145,0.439,0.522,-0.037
53,146,0.502,0.583,-0.032
53,147,0.59,0.664,-0.025
53,148,0.541,0.62,-0.028
53,149,0.52,0.6,-0.03
53,15,0.793,0.839,-0.009
53,150,0.503,0.584,-0.031
53,151,0.682,0.746,-0.019
53,152,0.797,0.843,-0.012
53,153,0.723,0.781,-0.016
53,154,0.762,0.814,-0.013
53,155,0.832,0.871,-0.009
53,156,0.776,0.825,-0.012
53,157,0.791,0.838,-0.012
53,158,0.943,0.958,-0.003
53,159,0.953,0.965,-0.003
53,16,0.736,0.792,-0.012
53,160,0.952,0.964,-0.003
53,161,0.803,0.847,0.011
53,162,0.883,0.911,0.006
53,163,0.982,0.987,0.001
53,164,0.914,0.935,0.005
53,165,0.759,0.811,0.013
53,166,0.743,0.798,0.014
53,167,0.723,0.781,0.015
53,168,0.681,0.745,0.017
53,169,0.773,0.823,0.012
53,17,0.742,0.797,-0.011
53,170,0.717,0.776,0.015
53,171,0.799,0.844,0.011
53,172,0.917,0.938,0.004
53,173,0.904,0.927,0.005
53,174,0.943,0.958,0.003
53,175,0.645,0.713,0.02
53,176,0.966,0.975,-0.002
53,177,0.979,0.984,0.001
53,178,0.933,0.95,0.004
53,179,0.811,0.854,0.01
53,18,0.797,0.843,-0.009
53,180,0.786,0.834,0.012
53,181,0.954,0.965,0.003
53,182,0.982,0.987,-0.001
53,183,0.797,0.842,-0.011
53,184,0.862,0.895,0.008
53,185,0.814,0.857,0.01
53,186,0.899,0.924,0.006
53,187,0.836,0.874,0.009
53,188,0.988,0.991,0.001
53,189,0.706,0.767,0.017
53,19,0.93,0.948,-0.003
53,190,0.848,0.884,0.009
53,191,0.98,0.985,0.001
53,192,0.935,0.952,-0.004
53,193,0.887,0.914,0.006
53,194,0.609,0.682,0.023
53,195,0.652,0.72,0.02
53,196,0.888,0.915,0.006
53,197,0.919,0.939,-0.005
53,198,0.97,0.978,0.002
53,199,0.962,0.972,0.002
53,20,0.867,0.898,-0.006
53,200,0.931,0.949,0.004
53,201,0.952,0.964,-0.003
53,202,0.87,0.901,-0.007
53,203,0.967,0.975,-0.002
53,204,0.874,0.904,-0.007
53,205,0.934,0.95,-0.004
53,206,0.919,0.939,-0.005
53,207,0.926,0.945,-0.004
53,208,0.905,0.928,-0.005
53,209,0.759,0.811,-0.014
53,21,0.985,0.989,-0.001
53,210,0.9,0.925,-0.006
53,211,0.911,0.933,0.005
53,212,0.987,0.99,-0.001
53,213,0.717,0.776,-0.016
53,214,0.858,0.892,-0.008
53,215,0.904,0.928,-0.005
53,216,0.751,0.805,-0.014
53,217,0.679,0.744,-0.019
53,218,0.669,0.735,-0.019
53,219,0.624,0.695,-0.022
53,22,0.781,0.829,0.01
53,220,0.797,0.843,-0.012
53,221,0.823,0.864,-0.01
53,222,0.772,0.822,-0.013
53,223,0.567,0.644,-0.026
53,224,0.56,0.637,-0.026
53,225,0.616,0.688,-0.023
53,226,0.539,0.618,-0.028
53,227,0.593,0.667,-0.024
53,228,0.669,0.734,-0.02
53,229,0.733,0.789,-0.016
53,23,0.794,0.84,0.009
53,230,0.668,0.734,-0.02
53,231,0.557,0.634,-0.027
53,232,0.6,0.674,-0.024
53,233,0.544,0.623,-0.028
53,234,0.501,0.582,-0.031
53,235,0.502,0.583,-0.031
53,236,0.544,0.623,-0.029
53,237,0.687,0.751,-0.019
53,238,0.732,0.789,-0.016
53,239,0.771,0.821,-0.014
53,24,0.865,0.897,0.006
53,240,0.579,0.655,-0.027
53,241,0.462,0.545,-0.036
53,242,0.46,0.543,-0.036
53,243,0.633,0.703,-0.024
53,244,0.52,0.6,-0.032
53,245,0.663,0.729,-0.022
53,246,0.677,0.741,-0.021
53,247,0.604,0.677,-0.027
53,248,0.608,0.681,-0.027
53,249,0.562,0.639,-0.032
53,25,0.946,0.96,0.002
53,250,0.469,0.552,-0.04
53,251,0.584,0.66,-0.031
53,26,0.936,0.952,0.003
53,27,0.975,0.981,0.001
53,28,0.84,0.877,0.007
53,29,0.71,0.77,0.013
53,30,0.938,0.954,0.003
53,31,0.854,0.889,0.007
53,32,0.835,0.874,0.008
53,33,0.67,0.736,0.016
53,34,0.845,0.881,0.007
53,35,0.824,0.864,0.008
53,36,0.718,0.777,0.013
53,37,0.724,0.782,0.013
53,38,0.717,0.776,0.013
53,39,0.702,0.763,0.014
53,40,0.818,0.859,0.009
53,41,0.964,0.973,-0.002
53,42,0.696,0.758,0.015
53,43,0.631,0.702,0.018
53,44,0.908,0.931,0.004
53,45,0.713,0.773,0.014
53,46,0.741,0.797,0.013
53,47,0.916,0.937,0.004
53,48,0.859,0.893,0.007
53,49,0.823,0.863,0.009
53,50,0.658,0.725,0.017
53,51,0.722,0.78,0.014
53,52,0.811,0.854,0.009
53,53,0.929,0.947,0.004
53,54,0.597,0.671,0.021
53,55,0.791,0.837,0.011
53,56,0.831,0.87,0.009
53,57,0.947,0.961,-0.003
53,58,0.734,0.791,0.014
53,59,0.71,0.77,0.015
53,6,0.962,0.972,0.002
53,60,0.752,0.806,0.013
53,61,0.784,0.832,0.011
53,62,0.665,0.731,0.018
53,63,0.436,0.519,0.032
53,64,0.493,0.574,0.028
53,65,0.769,0.82,0.012
53,66,0.583,0.658,0.022
53,67,0.66,0.727,0.018
53,68,0.838,0.876,0.008
53,69,0.784,0.832,0.011
53,7,0.618,0.69,-0.018
53,70,0.596,0.67,0.022
53,71,0.634,0.704,0.019
53,72,0.535,0.615,0.025
53,73,0.679,0.744,0.017
53,74,0.572,0.648,0.023
53,75,0.53,0.61,0.026
53,76,0.573,0.649,0.023
53,77,0.663,0.73,0.018
53,78,0.419,0.502,0.033
53,79,0.481,0.563,0.029
53,8,0.632,0.703,-0.017
53,80,0.624,0.696,0.02
53,81,0.684,0.748,0.016
53,82,0.656,0.724,0.018
53,83,0.648,0.716,0.018
53,84,0.618,0.69,0.02
53,85,0.543,0.622,0.024
53,86,0.531,0.61,0.025
53,87,0.455,0.538,0.03
53,88,0.474,0.556,0.029
53,89,0.627,0.698,0.02
53,9,0.813,0.856,-0.008
53,90,0.686,0.75,0.016
53,91,0.59,0.665,0.022
53,92,0.515,0.595,0.026
53,93,0.593,0.668,0.021
53,94,0.444,0.527,0.031
53,95,0.708,0.769,0.015
53,96,0.571,0.648,0.023
53,97,0.69,0.753,0.016
53,98,0.98,0.985,0.001
53,99,0.876,0.906,0.006
54,10,0.63,0.701,-0.017
54,100,0.719,0.778,0.015
54,101,0.876,0.906,0.006
54,102,0.95,0.963,0.003
54,103,0.988,0.991,-0.001
54,104,0.964,0.973,-0.002
54,105,0.945,0.959,-0.003
54,106,0.95,0.963,0.003
54,107,0.988,0.991,0.001
54,108,0.91,0.932,-0.005
54,109,0.56,0.637,-0.026
54,11,0.537,0.616,-0.022
54,110,0.425,0.508,-0.036
54,111,0.502,0.583,-0.03
54,112,0.516,0.596,-0.03
54,113,0.416,0.499,-0.038
54,114,0.284,0.363,-0.051
54,115,0.352,0.435,-0.045
54,116,0.273,0.351,-0.054
54,117,0.258,0.335,-0.056
54,118,0.193,0.261,-0.066
54,119,0.189,0.257,-0.068
54,12,0.759,0.811,-0.011
54,120,0.203,0.272,-0.067
54,121,0.153,0.214,-0.076
54,122,0.179,0.245,-0.072
54,123,0.147,0.207,-0.079
54,124,0.118,0.172,-0.085
54,125,0.151,0.212,-0.079
54,126,0.172,0.237,-0.076
54,127,0.108,0.159,-0.09
54,128,0.17,0.234,-0.077
54,129,0.139,0.197,-0.083
54,13,0.663,0.73,-0.015
54,130,0.167,0.231,-0.077
54,131,0.129,0.185,-0.085
54,132,0.129,0.186,-0.084
54,133,0.121,0.175,-0.086
54,134,0.154,0.216,-0.078
54,135,0.2,0.27,-0.07
54,136,0.206,0.277,-0.068
54,137,0.247,0.322,-0.062
54,138,0.293,0.373,-0.055
54,139,0.249,0.325,-0.06
54,14,0.785,0.833,-0.01
54,140,0.311,0.391,-0.052
54,141,0.356,0.439,-0.047
54,142,0.365,0.447,-0.046
54,143,0.272,0.35,-0.055
54,144,0.411,0.495,-0.04
54,145,0.434,0.517,-0.038
54,146,0.44,0.523,-0.037
54,147,0.497,0.578,-0.033
54,148,0.538,0.617,-0.029
54,149,0.498,0.579,-0.032
54,15,0.738,0.794,-0.012
54,150,0.545,0.623,-0.028
54,151,0.552,0.63,-0.027
54,152,0.698,0.76,-0.018
54,153,0.919,0.939,-0.005
54,154,0.93,0.948,0.004
54,155,0.955,0.966,0.003
54,156,0.896,0.922,-0.006
54,157,0.965,0.974,-0.002
54,158,0.934,0.951,-0.004
54,159,0.876,0.905,0.007
54,16,0.979,0.985,0.001
54,160,0.893,0.919,0.006
54,161,0.929,0.947,0.004
54,162,0.937,0.953,0.003
54,163,0.834,0.873,0.009
54,164,0.755,0.808,0.013
54,165,0.918,0.938,0.004
54,166,0.897,0.922,0.006
54,167,0.812,0.855,0.01
54,168,0.927,0.945,0.004
54,169,0.9,0.924,0.005
54,17,0.926,0.944,0.003
54,170,0.68,0.744,0.018
54,171,0.774,0.824,0.012
54,172,0.802,0.847,0.011
54,173,0.695,0.758,0.017
54,174,0.965,0.974,-0.002
54,175,0.942,0.957,-0.003
54,176,0.974,0.981,0.001
54,177,0.92,0.94,-0.004
54,178,0.996,0.997,0.0
54,179,0.776,0.825,-0.012
54,18,0.938,0.954,0.003
54,180,0.904,0.927,-0.005
54,181,0.884,0.912,-0.006
54,182,0.696,0.758,-0.017
54,183,0.731,0.788,-0.015
54,184,0.973,0.98,-0.001
54,185,0.947,0.961,-0.003
54,186,0.966,0.975,0.002
54,187,0.976,0.982,0.001
54,188,0.986,0.989,-0.001
54,189,0.871,0.902,-0.007
54,19,0.699,0.761,0.013
54,190,0.991,0.993,0.001
54,191,0.986,0.99,-0.001
54,192,0.919,0.939,-0.005
54,193,0.806,0.85,-0.011
54,194,0.848,0.884,-0.008
54,195,0.81,0.853,-0.011
54,196,0.938,0.954,0.003
54,197,0.781,0.829,-0.012
54,198,0.984,0.988,-0.001
54,199,0.977,0.983,-0.001
54,20,0.794,0.84,0.009
54,200,0.991,0.994,0.0
54,201,0.899,0.924,-0.006
54,202,0.879,0.908,-0.007
54,203,0.93,0.948,-0.004
54,204,0.848,0.884,-0.009
54,205,0.914,0.935,0.005
54,206,0.879,0.908,-0.007
54,207,0.97,0.978,0.002
54,208,0.995,0.997,0.0
54,209,0.824,0.864,-0.01
54,21,0.814,0.857,0.008
54,210,0.944,0.958,0.003
54,211,0.967,0.975,0.002
54,212,0.982,0.987,0.001
54,213,0.957,0.968,0.002
54,214,0.854,0.889,0.008
54,215,0.975,0.982,0.001
54,216,0.754,0.807,-0.014
54,217,0.712,0.772,-0.017
54,218,0.868,0.9,-0.007
54,219,0.875,0.905,-0.007
54,22,0.829,0.869,0.008
54,220,0.931,0.949,-0.004
54,221,0.859,0.893,-0.008
54,222,0.645,0.714,-0.021
54,223,0.797,0.843,-0.012
54,224,0.914,0.935,-0.005
54,225,0.672,0.737,-0.019
54,226,0.77,0.821,-0.013
54,227,0.961,0.971,-0.002
54,228,0.826,0.866,-0.01
54,229,0.725,0.783,-0.016
54,23,0.961,0.971,-0.002
54,230,0.75,0.803,-0.015
54,231,0.861,0.894,-0.008
54,232,0.873,0.904,-0.007
54,233,0.79,0.837,-0.012
54,234,0.555,0.633,-0.028
54,235,0.473,0.555,-0.034
54,236,0.592,0.667,-0.025
54,237,0.592,0.667,-0.025
54,238,0.529,0.608,-0.03
54,239,0.386,0.469,-0.042
54,24,0.797,0.842,0.009
54,240,0.349,0.431,-0.045
54,241,0.5,0.581,-0.033
54,242,0.504,0.585,-0.033
54,243,0.337,0.419,-0.048
54,244,0.257,0.333,-0.057
54,245,0.321,0.401,-0.051
54,246,0.32,0.401,-0.051
54,247,0.309,0.389,-0.053
54,248,0.379,0.462,-0.047
54,249,0.362,0.444,-0.05
54,25,0.684,0.748,0.014
54,250,0.351,0.433,-0.052
54,251,0.356,0.439,-0.052
54,26,0.659,0.726,0.016
54,27,0.397,0.48,0.03
54,28,0.537,0.616,0.022
54,29,0.923,0.942,0.003
54,30,0.795,0.841,0.009
54,31,0.721,0.779,0.013
54,32,0.996,0.997,0.0
54,33,0.976,0.982,0.001
54,34,0.723,0.781,0.013
54,35,0.975,0.981,0.001
54,36,0.851,0.886,0.007
54,37,0.628,0.699,0.018
54,38,0.634,0.704,0.018
54,39,0.641,0.71,0.018
54,40,0.728,0.786,0.013
54,41,0.816,0.858,0.009
54,42,0.937,0.953,-0.003
54,43,0.883,0.911,0.006
54,44,0.968,0.976,-0.002
54,45,0.733,0.79,0.013
54,46,0.592,0.666,0.021
54,47,0.949,0.962,-0.002
54,48,0.962,0.972,-0.002
54,49,0.866,0.898,0.007
54,50,0.814,0.856,0.009
54,51,0.907,0.93,0.005
54,52,0.755,0.808,0.012
54,53,0.832,0.871,0.009
54,54,0.574,0.65,0.023
54,55,0.575,0.651,0.023
54,56,0.804,0.848,0.01
54,57,0.635,0.705,0.019
54,58,0.829,0.869,0.009
54,59,0.565,0.642,0.023
54,6,0.235,0.309,-0.044
54,60,0.555,0.632,0.024
54,61,0.61,0.682,0.021
54,62,0.552,0.63,0.024
54,63,0.572,0.649,0.023
54,64,0.701,0.762,0.016
54,65,0.579,0.655,0.023
54,66,0.756,0.809,0.013
54,67,0.604,0.677,0.021
54,68,0.706,0.767,0.015
54,69,0.772,0.822,0.012
54,7,0.277,0.355,-0.039
54,70,0.507,0.588,0.027
54,71,0.917,0.938,0.004
54,72,0.621,0.693,0.02
54,73,0.801,0.846,0.01
54,74,0.655,0.723,0.018
54,75,0.566,0.643,0.024
54,76,0.467,0.549,0.03
54,77,0.749,0.803,0.013
54,78,0.749,0.803,0.013
54,79,0.628,0.699,0.02
54,8,0.37,0.452,-0.032
54,80,0.665,0.731,0.018
54,81,0.6,0.674,0.021
54,82,0.419,0.502,0.033
54,83,0.434,0.517,0.032
54,84,0.399,0.482,0.034
54,85,0.575,0.651,0.023
54,86,0.597,0.671,0.021
54,87,0.427,0.51,0.032
54,88,0.642,0.711,0.019
54,89,0.633,0.703,0.019
54,9,0.449,0.532,-0.027
54,90,0.499,0.58,0.027
54,91,0.6,0.674,0.021
54,92,0.487,0.568,0.028
54,93,0.623,0.694,0.02
54,94,0.628,0.699,0.02
54,95,0.754,0.807,0.013
54,96,0.409,0.492,0.033
54,97,0.601,0.674,0.021
54,98,0.794,0.84,0.011
54,99,0.773,0.823,0.012
55,10,0.873,0.903,0.006
55,100,0.845,0.881,-0.008
55,101,0.801,0.846,-0.011
55,102,0.736,0.792,-0.014
55,103,0.762,0.814,-0.013
55,104,0.945,0.959,-0.003
55,105,0.856,0.89,-0.008
55,106,0.576,0.652,-0.024
55,107,0.638,0.708,-0.021
55,108,0.601,0.674,-0.023
55,109,0.436,0.519,-0.035
55,11,0.692,0.754,0.014
55,110,0.39,0.474,-0.039
55,111,0.624,0.696,-0.023
55,112,0.452,0.535,-0.035
55,113,0.4,0.483,-0.04
55,114,0.334,0.416,-0.047
55,115,0.323,0.405,-0.049
55,116,0.286,0.365,-0.054
55,117,0.17,0.235,-0.071
55,118,0.172,0.236,-0.072
55,119,0.208,0.279,-0.067
55,12,0.845,0.881,0.007
55,120,0.144,0.203,-0.079
55,121,0.09,0.136,-0.094
55,122,0.129,0.186,-0.085
55,123,0.046,0.077,-0.113
55,124,0.09,0.136,-0.097
55,125,0.08,0.123,-0.101
55,126,0.051,0.084,-0.113
55,127,0.057,0.092,-0.111
55,128,0.062,0.099,-0.109
55,129,0.046,0.077,-0.117
55,13,0.48,0.561,0.025
55,130,0.038,0.065,-0.121
55,131,0.034,0.059,-0.123
55,132,0.08,0.123,-0.101
55,133,0.096,0.144,-0.096
55,134,0.062,0.099,-0.106
55,135,0.066,0.104,-0.104
55,136,0.117,0.171,-0.087
55,137,0.136,0.193,-0.082
55,138,0.236,0.311,-0.064
55,139,0.216,0.288,-0.066
55,14,0.774,0.824,0.01
55,140,0.226,0.298,-0.064
55,141,0.191,0.259,-0.069
55,142,0.202,0.272,-0.066
55,143,0.335,0.417,-0.049
55,144,0.387,0.471,-0.044
55,145,0.269,0.346,-0.055
55,146,0.31,0.391,-0.05
55,147,0.316,0.397,-0.049
55,148,0.368,0.451,-0.044
55,149,0.462,0.544,-0.035
55,15,0.781,0.829,0.01
55,150,0.452,0.534,-0.036
55,151,0.624,0.695,-0.023
55,152,0.768,0.818,-0.014
55,153,0.627,0.697,-0.023
55,154,0.549,0.627,-0.027
55,155,0.784,0.832,-0.012
55,156,0.545,0.623,-0.027
55,157,0.78,0.829,-0.013
55,158,0.94,0.955,-0.003
55,159,0.963,0.972,0.002
55,16,0.606,0.679,0.018
55,160,0.941,0.956,-0.003
55,161,0.977,0.983,0.001
55,162,0.864,0.897,-0.007
55,163,0.995,0.996,0.0
55,164,0.945,0.959,-0.003
55,165,0.777,0.826,0.012
55,166,0.972,0.98,-0.001
55,167,0.879,0.908,-0.006
55,168,0.849,0.885,-0.008
55,169,0.788,0.836,-0.011
55,17,0.629,0.7,0.017
55,170,0.947,0.961,-0.003
55,171,0.907,0.93,0.005
55,172,0.993,0.995,0.0
55,173,0.9,0.925,-0.005
55,174,0.952,0.964,-0.003
55,175,0.85,0.885,-0.008
55,176,0.811,0.854,-0.01
55,177,0.803,0.847,-0.011
55,178,0.897,0.922,-0.006
55,179,0.905,0.928,-0.005
55,18,0.851,0.886,0.007
55,180,0.976,0.982,-0.001
55,181,0.883,0.911,-0.006
55,182,0.766,0.817,-0.013
55,183,0.675,0.74,-0.018
55,184,0.578,0.653,-0.024
55,185,0.584,0.659,-0.024
55,186,0.724,0.782,-0.016
55,187,0.755,0.808,-0.014
55,188,0.546,0.624,-0.027
55,189,0.779,0.828,-0.012
55,19,0.813,0.856,0.008
55,190,0.884,0.912,-0.006
55,191,0.791,0.838,-0.012
55,192,0.872,0.903,-0.007
55,193,0.804,0.848,-0.011
55,194,0.828,0.868,-0.01
55,195,0.894,0.92,-0.006
55,196,0.985,0.989,0.001
55,197,0.982,0.987,0.001
55,198,0.865,0.897,0.008
55,199,0.723,0.781,0.016
55,20,0.796,0.842,0.009
55,200,0.928,0.946,-0.004
55,201,0.922,0.941,-0.004
55,202,0.982,0.987,-0.001
55,203,0.916,0.937,0.005
55,204,0.941,0.956,0.003
55,205,0.944,0.958,0.003
55,206,0.958,0.969,-0.002
55,207,0.835,0.874,0.009
55,208,0.913,0.935,0.005
55,209,0.76,0.812,0.014
55,21,0.75,0.804,0.011
55,210,0.97,0.978,-0.002
55,211,0.945,0.959,0.003
55,212,0.972,0.979,-0.002
55,213,0.966,0.975,-0.002
55,214,0.85,0.886,-0.008
55,215,0.933,0.95,-0.004
55,216,0.986,0.99,-0.001
55,217,0.694,0.756,-0.018
55,218,0.809,0.852,-0.011
55,219,0.851,0.886,-0.008
55,22,0.917,0.937,0.004
55,220,0.846,0.882,-0.009
55,221,0.887,0.914,-0.006
55,222,0.972,0.979,-0.002
55,223,0.926,0.944,-0.004
55,224,0.862,0.895,-0.008
55,225,0.862,0.895,-0.008
55,226,0.919,0.939,-0.005
55,227,0.978,0.984,-0.001
55,228,0.945,0.959,0.003
55,229,0.946,0.959,-0.003
55,23,0.967,0.975,0.001
55,230,0.747,0.801,-0.015
55,231,0.933,0.95,-0.004
55,232,0.899,0.924,-0.006
55,233,0.726,0.783,-0.016
55,234,0.942,0.957,-0.003
55,235,0.747,0.801,-0.015
55,236,0.733,0.79,-0.016
55,237,0.729,0.786,-0.016
55,238,0.823,0.863,-0.011
55,239,0.737,0.793,-0.016
55,24,0.866,0.898,-0.006
55,240,0.652,0.72,-0.022
55,241,0.502,0.583,-0.033
55,242,0.596,0.671,-0.026
55,243,0.597,0.671,-0.026
55,244,0.81,0.853,-0.012
55,245,0.679,0.744,-0.021
55,246,0.662,0.729,-0.022
55,247,0.596,0.67,-0.028
55,248,0.335,0.417,-0.051
55,249,0.385,0.468,-0.047
55,25,0.789,0.836,-0.01
55,250,0.341,0.423,-0.053
55,251,0.418,0.501,-0.046
55,26,0.68,0.745,-0.015
55,27,0.935,0.951,-0.003
55,28,0.995,0.996,0.0
55,29,0.842,0.879,-0.007
55,30,0.751,0.804,-0.012
55,31,0.869,0.9,-0.006
55,32,0.778,0.827,-0.01
55,33,0.762,0.814,-0.011
55,34,0.71,0.77,-0.014
55,35,0.547,0.625,-0.022
55,36,0.619,0.691,-0.019
55,37,0.567,0.643,-0.022
55,38,0.728,0.786,-0.013
55,39,0.7,0.761,-0.015
55,40,0.789,0.836,-0.01
55,41,0.642,0.711,-0.018
55,42,0.911,0.933,-0.004
55,43,0.806,0.85,-0.009
55,44,0.863,0.896,-0.007
55,45,0.846,0.882,0.008
55,46,0.855,0.89,0.007
55,47,0.951,0.964,-0.002
55,48,0.86,0.893,-0.007
55,49,0.823,0.864,0.009
55,50,0.647,0.716,0.018
55,51,0.572,0.649,0.022
55,52,0.65,0.718,0.018
55,53,0.652,0.72,0.018
55,54,0.959,0.969,0.002
55,55,0.748,0.802,0.013
55,56,0.629,0.699,0.02
55,57,0.484,0.565,0.028
55,58,0.752,0.805,0.013
55,59,0.848,0.884,0.008
55,6,0.818,0.86,-0.009
55,60,0.727,0.785,0.014
55,61,0.722,0.78,0.015
55,62,0.576,0.652,0.023
55,63,0.702,0.763,0.016
55,64,0.769,0.819,0.012
55,65,0.667,0.733,0.018
55,66,0.853,0.888,0.008
55,67,0.686,0.75,0.016
55,68,0.672,0.738,0.017
55,69,0.583,0.658,0.022
55,7,0.999,1.0,0.0
55,70,0.719,0.777,0.015
55,71,0.85,0.885,0.008
55,72,0.778,0.827,0.011
55,73,0.783,0.832,0.011
55,74,0.654,0.722,0.018
55,75,0.651,0.719,0.018
55,76,0.702,0.763,0.016
55,77,0.795,0.841,0.011
55,78,0.837,0.875,0.008
55,79,0.761,0.813,0.012
55,8,0.895,0.921,-0.005
55,80,0.622,0.693,0.02
55,81,0.497,0.578,0.027
55,82,0.829,0.869,0.009
55,83,0.776,0.826,0.011
55,84,0.751,0.805,0.013
55,85,0.839,0.876,0.008
55,86,0.922,0.942,0.004
55,87,0.942,0.957,0.003
55,88,0.966,0.975,-0.002
55,89,0.77,0.821,0.012
55,9,0.751,0.805,0.011
55,90,0.987,0.99,-0.001
55,91,0.954,0.966,-0.002
55,92,0.773,0.823,0.012
55,93,0.873,0.903,0.006
55,94,0.984,0.988,-0.001
55,95,0.954,0.966,0.002
55,96,0.861,0.894,0.007
55,97,0.831,0.87,0.009
55,98,0.952,0.964,-0.002
55,99,0.988,0.991,-0.001
56,10,0.966,0.974,0.002
56,100,0.79,0.837,0.011
56,101,0.99,0.993,-0.001
56,102,0.814,0.857,-0.01
56,103,0.99,0.992,0.001
56,104,0.779,0.828,-0.012
56,105,0.904,0.928,-0.005
56,106,0.804,0.848,-0.011
56,107,0.72,0.778,-0.016
56,108,0.904,0.928,-0.005
56,109,0.767,0.818,-0.014
56,11,0.707,0.767,-0.013
56,110,0.513,0.594,-0.031
56,111,0.518,0.598,-0.031
56,112,0.545,0.623,-0.029
56,113,0.322,0.403,-0.049
56,114,0.39,0.474,-0.043
56,115,0.336,0.417,-0.05
56,116,0.277,0.355,-0.057
56,117,0.172,0.237,-0.073
56,118,0.315,0.396,-0.055
56,119,0.193,0.262,-0.073
56,12,0.952,0.964,-0.002
56,120,0.236,0.31,-0.067
56,121,0.253,0.329,-0.066
56,122,0.189,0.257,-0.077
56,123,0.139,0.198,-0.088
56,124,0.095,0.143,-0.1
56,125,0.103,0.153,-0.098
56,126,0.085,0.13,-0.104
56,127,0.14,0.199,-0.09
56,128,0.126,0.182,-0.093
56,129,0.102,0.151,-0.099
56,13,0.823,0.864,0.008
56,130,0.084,0.128,-0.105
56,131,0.147,0.207,-0.087
56,132,0.07,0.11,-0.108
56,133,0.113,0.165,-0.094
56,134,0.141,0.2,-0.087
56,135,0.132,0.189,-0.088
56,136,0.172,0.238,-0.079
56,137,0.213,0.284,-0.071
56,138,0.336,0.417,-0.054
56,139,0.342,0.423,-0.053
56,14,0.833,0.872,0.007
56,140,0.327,0.408,-0.054
56,141,0.406,0.49,-0.045
56,142,0.379,0.462,-0.047
56,143,0.469,0.551,-0.038
56,144,0.419,0.503,-0.042
56,145,0.493,0.575,-0.035
56,146,0.546,0.625,-0.031
56,147,0.54,0.619,-0.031
56,148,0.838,0.876,-0.01
56,149,0.793,0.839,-0.013
56,15,0.944,0.958,-0.002
56,150,0.651,0.719,-0.022
56,151,0.995,0.996,-0.0
56,152,0.902,0.926,-0.006
56,153,0.732,0.789,-0.016
56,154,0.979,0.984,-0.001
56,155,0.936,0.952,0.004
56,156,0.994,0.995,0.0
56,157,0.971,0.979,0.002
56,158,0.766,0.817,0.013
56,159,0.736,0.792,0.015
56,16,0.915,0.936,0.004
56,160,0.785,0.833,0.012
56,161,0.784,0.832,0.012
56,162,0.677,0.742,0.018
56,163,0.626,0.697,0.021
56,164,0.602,0.675,0.023
56,165,0.778,0.827,0.012
56,166,0.604,0.678,0.022
56,167,0.516,0.596,0.028
56,168,0.68,0.744,0.018
56,169,0.657,0.724,0.019
56,17,0.97,0.978,0.001
56,170,0.77,0.82,0.012
56,171,0.747,0.801,0.014
56,172,0.788,0.835,0.011
56,173,0.696,0.758,0.017
56,174,0.894,0.92,0.006
56,175,0.991,0.994,0.0
56,176,0.982,0.987,-0.001
56,177,0.901,0.925,0.005
56,178,0.921,0.941,-0.004
56,179,0.984,0.988,-0.001
56,18,0.875,0.905,-0.005
56,180,0.971,0.979,0.002
56,181,0.996,0.997,0.0
56,182,0.919,0.939,0.004
56,183,0.807,0.85,-0.011
56,184,0.735,0.791,-0.015
56,185,0.903,0.927,-0.005
56,186,0.742,0.797,0.014
56,187,0.994,0.996,0.0
56,188,0.905,0.928,-0.005
56,189,0.992,0.994,-0.0
56,19,0.645,0.713,0.016
56,190,0.863,0.896,-0.008
56,191,0.978,0.984,-0.001
56,192,0.841,0.878,-0.009
56,193,0.951,0.963,-0.003
56,194,0.969,0.977,-0.002
56,195,0.793,0.839,-0.012
56,196,0.675,0.74,-0.019
56,197,0.59,0.665,-0.024
56,198,0.807,0.851,-0.011
56,199,0.928,0.946,0.004
56,20,0.807,0.851,0.009
56,200,0.898,0.923,0.006
56,201,0.983,0.987,-0.001
56,202,0.749,0.803,-0.014
56,203,0.756,0.809,-0.014
56,204,0.974,0.98,-0.001
56,205,0.921,0.941,0.004
56,206,0.982,0.987,0.001
56,207,0.826,0.866,0.01
56,208,0.888,0.915,-0.006
56,209,0.931,0.948,-0.004
56,21,0.925,0.944,-0.003
56,210,0.934,0.951,-0.004
56,211,0.925,0.944,0.004
56,212,0.85,0.885,0.008
56,213,0.935,0.951,-0.004
56,214,0.957,0.968,-0.002
56,215,0.744,0.799,-0.015
56,216,0.981,0.986,-0.001
56,217,0.953,0.965,0.003
56,218,0.909,0.931,-0.005
56,219,0.818,0.86,-0.01
56,22,0.798,0.843,0.009
56,220,0.615,0.687,-0.023
56,221,0.545,0.623,-0.027
56,222,0.611,0.684,-0.023
56,223,0.637,0.707,-0.021
56,224,0.546,0.624,-0.027
56,225,0.478,0.56,-0.032
56,226,0.633,0.703,-0.022
56,227,0.738,0.794,-0.015
56,228,0.66,0.727,-0.02
56,229,0.72,0.779,-0.016
56,23,0.673,0.739,0.015
56,230,0.604,0.678,-0.024
56,231,0.65,0.718,-0.021
56,232,0.376,0.459,-0.041
56,233,0.529,0.609,-0.029
56,234,0.463,0.546,-0.034
56,235,0.37,0.453,-0.042
56,236,0.336,0.417,-0.045
56,237,0.275,0.353,-0.051
56,238,0.439,0.522,-0.037
56,239,0.305,0.385,-0.049
56,24,0.581,0.657,0.02
56,240,0.285,0.364,-0.051
56,241,0.291,0.37,-0.051
56,242,0.333,0.415,-0.047
56,243,0.356,0.438,-0.045
56,244,0.476,0.558,-0.035
56,245,0.397,0.48,-0.043
56,246,0.43,0.513,-0.04
56,247,0.336,0.418,-0.05
56,248,0.389,0.472,-0.046
56,249,0.434,0.517,-0.042
56,25,0.715,0.774,0.013
56,250,0.351,0.433,-0.051
56,251,0.379,0.462,-0.049
56,26,0.593,0.667,0.019
56,27,0.783,0.831,0.01
56,28,0.734,0.79,0.012
56,29,0.575,0.651,0.02
56,30,0.908,0.931,0.004
56,31,0.88,0.909,0.006
56,32,0.543,0.622,0.022
56,33,0.823,0.864,0.008
56,34,0.76,0.812,0.011
56,35,0.621,0.692,0.019
56,36,0.714,0.773,0.014
56,37,0.846,0.882,0.007
56,38,0.759,0.811,0.012
56,39,0.756,0.809,0.012
56,40,0.539,0.618,0.023
56,41,0.855,0.889,0.007
56,42,0.648,0.716,0.018
56,43,0.93,0.948,0.003
56,44,0.987,0.99,0.001
56,45,0.978,0.984,-0.001
56,46,0.828,0.868,0.009
56,47,0.701,0.763,0.015
56,48,0.926,0.945,0.004
56,49,0.694,0.757,0.016
56,50,0.855,0.889,0.007
56,51,0.774,0.823,0.012
56,52,0.68,0.744,0.017
56,53,0.48,0.562,0.028
56,54,0.639,0.709,0.019
56,55,0.505,0.586,0.027
56,56,0.733,0.79,0.014
56,57,0.739,0.795,0.014
56,58,0.791,0.838,0.011
56,59,0.443,0.526,0.031
56,6,0.79,0.837,-0.01
56,60,0.589,0.664,0.022
56,61,0.54,0.619,0.025
56,62,0.431,0.514,0.032
56,63,0.631,0.701,0.02
56,64,0.454,0.536,0.031
56,65,0.497,0.578,0.028
56,66,0.568,0.644,0.023
56,67,0.439,0.522,0.032
56,68,0.692,0.755,0.016
56,69,0.72,0.779,0.015
56,7,0.954,0.966,0.002
56,70,0.536,0.615,0.025
56,71,0.533,0.612,0.026
56,72,0.611,0.684,0.021
56,73,0.568,0.644,0.023
56,74,0.657,0.725,0.018
56,75,0.504,0.585,0.027
56,76,0.794,0.84,0.011
56,77,0.851,0.886,0.008
56,78,0.55,0.628,0.024
56,79,0.572,0.648,0.023
56,8,0.918,0.939,0.004
56,80,0.427,0.51,0.032
56,81,0.556,0.633,0.024
56,82,0.46,0.542,0.03
56,83,0.524,0.604,0.026
56,84,0.438,0.521,0.031
56,85,0.558,0.635,0.024
56,86,0.556,0.634,0.024
56,87,0.591,0.665,0.022
56,88,0.447,0.53,0.031
56,89,0.569,0.645,0.023
56,9,0.957,0.968,-0.002
56,90,0.745,0.799,0.013
56,91,0.557,0.634,0.024
56,92,0.791,0.838,0.011
56,93,0.732,0.789,0.014
56,94,0.661,0.727,0.018
56,95,0.812,0.855,0.01
56,96,0.834,0.872,0.009
56,97,0.925,0.944,0.004
56,98,0.978,0.984,0.001
56,99,0.91,0.933,0.005
57,10,0.959,0.97,-0.002
57,100,0.99,0.992,-0.001
57,101,0.96,0.97,0.002
57,102,0.784,0.832,-0.012
57,103,0.853,0.888,-0.008
57,104,0.856,0.89,-0.008
57,105,0.665,0.732,-0.019
57,106,0.653,0.721,-0.02
57,107,0.479,0.561,-0.032
57,108,0.494,0.575,-0.032
57,109,0.44,0.523,-0.036
57,11,0.902,0.926,-0.004
57,110,0.424,0.507,-0.038
57,111,0.432,0.515,-0.038
57,112,0.279,0.357,-0.054
57,113,0.356,0.438,-0.047
57,114,0.231,0.305,-0.063
57,115,0.189,0.257,-0.07
57,116,0.21,0.281,-0.069
57,117,0.113,0.165,-0.089
57,118,0.137,0.194,-0.085
57,119,0.127,0.183,-0.089
57,12,0.963,0.972,0.002
57,120,0.16,0.223,-0.083
57,121,0.15,0.211,-0.086
57,122,0.115,0.168,-0.095
57,123,0.116,0.169,-0.096
57,124,0.106,0.156,-0.099
57,125,0.099,0.148,-0.102
57,126,0.111,0.162,-0.099
57,127,0.131,0.188,-0.094
57,128,0.126,0.182,-0.095
57,129,0.115,0.168,-0.098
57,13,0.806,0.85,0.009
57,130,0.127,0.182,-0.094
57,131,0.193,0.261,-0.08
57,132,0.138,0.196,-0.091
57,133,0.139,0.197,-0.09
57,134,0.152,0.213,-0.087
57,135,0.162,0.225,-0.084
57,136,0.182,0.248,-0.079
57,137,0.18,0.246,-0.079
57,138,0.129,0.185,-0.088
57,139,0.232,0.306,-0.068
57,14,0.798,0.844,0.009
57,140,0.16,0.222,-0.079
57,141,0.161,0.224,-0.078
57,142,0.314,0.394,-0.055
57,143,0.346,0.428,-0.051
57,144,0.388,0.471,-0.046
57,145,0.455,0.538,-0.039
57,146,0.479,0.561,-0.037
57,147,0.49,0.572,-0.035
57,148,0.582,0.657,-0.028
57,149,0.517,0.597,-0.032
57,15,0.874,0.904,0.006
57,150,0.57,0.646,-0.028
57,151,0.661,0.728,-0.021
57,152,0.822,0.863,-0.011
57,153,0.759,0.811,-0.015
57,154,0.627,0.698,-0.023
57,155,0.785,0.833,-0.013
57,156,0.831,0.87,-0.01
57,157,0.834,0.872,-0.01
57,158,0.877,0.907,-0.007
57,159,0.887,0.915,-0.006
57,16,0.984,0.988,0.001
57,160,0.884,0.912,-0.007
57,161,0.85,0.886,0.008
57,162,0.971,0.978,0.002
57,163,0.864,0.897,-0.007
57,164,0.935,0.952,0.004
57,165,0.763,0.814,0.013
57,166,0.663,0.729,0.019
57,167,0.98,0.985,-0.001
57,168,0.722,0.78,0.015
57,169,0.742,0.797,0.014
57,17,0.904,0.928,0.004
57,170,0.869,0.901,0.007
57,171,0.856,0.89,0.008
57,172,0.891,0.917,0.006
57,173,0.972,0.979,-0.002
57,174,0.992,0.994,0.0
57,175,0.949,0.962,0.003
57,176,0.937,0.953,0.003
57,177,0.949,0.962,-0.003
57,178,0.905,0.928,-0.005
57,179,0.803,0.847,-0.011
57,18,0.627,0.698,0.017
57,180,0.86,0.893,-0.008
57,181,0.942,0.956,0.003
57,182,0.951,0.964,-0.003
57,183,0.838,0.876,-0.009
57,184,0.886,0.914,-0.006
57,185,0.89,0.917,-0.006
57,186,0.593,0.668,-0.023
57,187,0.812,0.855,-0.01
57,188,0.734,0.79,-0.015
57,189,0.932,0.949,-0.004
57,19,0.804,0.849,0.009
57,190,0.907,0.93,-0.005
57,191,0.822,0.863,-0.01
57,192,0.781,0.829,-0.012
57,193,0.827,0.867,-0.01
57,194,0.83,0.869,-0.01
57,195,0.839,0.876,-0.009
57,196,0.788,0.835,-0.012
57,197,0.804,0.849,-0.011
57,198,0.826,0.866,-0.01
57,199,0.756,0.809,-0.014
57,20,0.909,0.932,0.004
57,200,0.867,0.899,-0.007
57,201,0.864,0.896,-0.008
57,202,0.815,0.858,-0.01
57,203,0.928,0.946,-0.004
57,204,0.833,0.872,-0.009
57,205,0.714,0.774,-0.016
57,206,0.984,0.988,-0.001
57,207,0.926,0.945,-0.004
57,208,0.723,0.781,-0.016
57,209,0.725,0.783,-0.016
57,21,0.715,0.775,0.013
57,210,0.846,0.882,-0.009
57,211,0.876,0.906,0.007
57,212,0.926,0.945,-0.004
57,213,0.91,0.933,-0.005
57,214,0.876,0.906,-0.007
57,215,0.842,0.879,-0.009
57,216,0.981,0.986,-0.001
57,217,0.86,0.893,-0.008
57,218,0.684,0.748,-0.018
57,219,0.854,0.889,-0.008
57,22,0.933,0.95,0.003
57,220,0.734,0.79,-0.015
57,221,1.0,1.0,0.0
57,222,0.991,0.993,-0.001
57,223,0.859,0.893,-0.008
57,224,0.777,0.826,-0.013
57,225,0.659,0.726,-0.02
57,226,0.804,0.848,-0.011
57,227,0.61,0.683,-0.023
57,228,0.605,0.678,-0.023
57,229,0.637,0.707,-0.021
57,23,0.731,0.788,0.012
57,230,0.641,0.71,-0.021
57,231,0.679,0.743,-0.019
57,232,0.709,0.769,-0.017
57,233,0.672,0.738,-0.019
57,234,0.606,0.679,-0.024
57,235,0.682,0.746,-0.019
57,236,0.706,0.767,-0.018
57,237,0.559,0.636,-0.027
57,238,0.507,0.588,-0.031
57,239,0.451,0.534,-0.036
57,24,0.793,0.839,0.009
57,240,0.413,0.497,-0.039
57,241,0.598,0.672,-0.025
57,242,0.471,0.553,-0.035
57,243,0.359,0.441,-0.045
57,244,0.38,0.463,-0.044
57,245,0.461,0.544,-0.037
57,246,0.426,0.509,-0.041
57,247,0.489,0.57,-0.036
57,248,0.433,0.517,-0.042
57,249,0.332,0.413,-0.052
57,25,0.681,0.746,0.015
57,250,0.518,0.598,-0.036
57,251,0.519,0.599,-0.036
57,26,0.833,0.872,0.008
57,27,0.709,0.77,0.013
57,28,0.978,0.984,0.001
57,29,0.825,0.865,0.008
57,30,0.722,0.78,0.013
57,31,0.744,0.799,0.012
57,32,0.987,0.99,-0.001
57,33,0.736,0.792,0.013
57,34,0.604,0.677,0.019
57,35,0.443,0.526,0.029
57,36,0.751,0.805,0.012
57,37,0.702,0.763,0.014
57,38,0.668,0.734,0.016
57,39,0.824,0.865,0.009
57,40,0.932,0.949,0.003
57,41,0.844,0.88,0.008
57,42,0.759,0.811,0.012
57,43,0.967,0.976,-0.002
57,44,0.975,0.981,-0.001
57,45,0.944,0.958,0.003
57,46,0.835,0.873,0.008
57,47,0.694,0.757,0.016
57,48,0.662,0.728,0.017
57,49,0.711,0.771,0.015
57,50,0.942,0.957,0.003
57,51,0.805,0.85,0.01
57,52,0.973,0.98,0.001
57,53,0.828,0.868,0.009
57,54,0.71,0.77,0.015
57,55,0.732,0.789,0.014
57,56,0.675,0.74,0.017
57,57,0.903,0.927,0.005
57,58,0.966,0.975,0.002
57,59,0.97,0.978,-0.002
57,6,0.937,0.953,0.003
57,60,0.83,0.869,0.009
57,61,0.734,0.79,0.014
57,62,0.741,0.796,0.014
57,63,0.713,0.773,0.015
57,64,0.778,0.827,0.012
57,65,0.771,0.821,0.012
57,66,0.61,0.682,0.021
57,67,0.85,0.886,0.008
57,68,0.668,0.734,0.018
57,69,0.626,0.697,0.02
57,7,0.948,0.961,0.002
57,70,0.643,0.712,0.019
57,71,0.537,0.616,0.025
57,72,0.657,0.725,0.018
57,73,0.649,0.717,0.019
57,74,0.501,0.582,0.027
57,75,0.526,0.606,0.026
57,76,0.437,0.52,0.032
57,77,0.426,0.509,0.032
57,78,0.551,0.629,0.024
57,79,0.628,0.699,0.02
57,8,0.941,0.956,-0.003
57,80,0.569,0.645,0.023
57,81,0.58,0.655,0.022
57,82,0.486,0.568,0.028
57,83,0.505,0.586,0.027
57,84,0.661,0.727,0.018
57,85,0.405,0.488,0.033
57,86,0.505,0.586,0.027
57,87,0.521,0.601,0.026
57,88,0.473,0.555,0.029
57,89,0.736,0.792,0.014
57,9,0.717,0.776,0.013
57,90,0.852,0.887,0.008
57,91,0.701,0.762,0.016
57,92,0.683,0.747,0.017
57,93,0.711,0.771,0.015
57,94,0.724,0.782,0.014
57,95,0.731,0.788,0.014
57,96,0.934,0.951,-0.003
57,97,0.95,0.963,-0.003
57,98,0.89,0.917,0.006
57,99,0.94,0.955,-0.003
58,10,0.705,0.766,0.014
58,100,0.794,0.84,0.011
58,101,0.995,0.997,-0.0
58,102,0.824,0.864,-0.01
58,103,0.786,0.833,-0.012
58,104,0.759,0.811,-0.014
58,105,0.638,0.708,-0.021
58,106,0.81,0.854,-0.011
58,107,0.558,0.635,-0.027
58,108,0.552,0.63,-0.028
58,109,0.504,0.585,-0.032
58,11,0.642,0.712,0.017
58,110,0.382,0.465,-0.043
58,111,0.379,0.462,-0.044
58,112,0.358,0.44,-0.047
58,113,0.337,0.418,-0.051
58,114,0.159,0.221,-0.076
58,115,0.256,0.332,-0.063
58,116,0.261,0.338,-0.064
58,117,0.219,0.291,-0.071
58,118,0.192,0.26,-0.077
58,119,0.145,0.205,-0.087
58,12,0.387,0.47,0.031
58,120,0.177,0.243,-0.081
58,121,0.158,0.22,-0.086
58,122,0.158,0.22,-0.086
58,123,0.225,0.297,-0.074
58,124,0.258,0.334,-0.069
58,125,0.18,0.246,-0.082
58,126,0.249,0.324,-0.071
58,127,0.313,0.393,-0.062
58,128,0.222,0.295,-0.075
58,129,0.196,0.265,-0.08
58,13,0.743,0.798,0.012
58,130,0.202,0.272,-0.078
58,131,0.248,0.324,-0.071
58,132,0.313,0.393,-0.062
58,133,0.325,0.406,-0.06
58,134,0.274,0.352,-0.067
58,135,0.311,0.391,-0.061
58,136,0.405,0.488,-0.05
58,137,0.298,0.377,-0.062
58,138,0.372,0.455,-0.053
58,139,0.449,0.532,-0.044
58,14,0.471,0.554,0.025
58,140,0.411,0.494,-0.047
58,141,0.426,0.509,-0.045
58,142,0.551,0.629,-0.033
58,143,0.499,0.58,-0.037
58,144,0.533,0.613,-0.034
58,145,0.582,0.657,-0.029
58,146,0.718,0.777,-0.019
58,147,0.557,0.634,-0.03
58,148,0.789,0.836,-0.014
58,149,0.777,0.826,-0.014
58,15,0.544,0.623,0.021
58,150,0.704,0.765,-0.019
58,151,0.809,0.852,-0.012
58,152,0.765,0.817,-0.015
58,153,0.721,0.78,-0.017
58,154,0.997,0.998,-0.0
58,155,0.872,0.902,0.008
58,156,0.997,0.998,0.0
58,157,0.859,0.892,-0.008
58,158,0.911,0.933,0.005
58,159,0.974,0.981,0.001
58,16,0.631,0.702,0.017
58,160,0.753,0.806,0.014
58,161,0.798,0.844,0.011
58,162,0.554,0.632,0.026
58,163,0.899,0.924,0.006
58,164,0.995,0.997,0.0
58,165,0.967,0.975,0.002
58,166,0.884,0.912,0.006
58,167,0.664,0.73,0.019
58,168,0.749,0.803,0.014
58,169,0.734,0.791,0.015
58,17,0.655,0.722,0.016
58,170,0.703,0.764,0.016
58,171,0.748,0.802,0.014
58,172,0.594,0.668,0.023
58,173,0.528,0.608,0.027
58,174,0.659,0.726,0.019
58,175,0.682,0.746,0.017
58,176,0.725,0.783,0.015
58,177,0.782,0.831,0.012
58,178,0.881,0.91,0.006
58,179,0.912,0.934,0.005
58,18,0.364,0.447,0.032
58,180,0.977,0.983,0.001
58,181,0.833,0.871,0.009
58,182,0.805,0.849,0.011
58,183,0.942,0.957,-0.003
58,184,0.942,0.957,0.003
58,185,0.821,0.862,0.01
58,186,0.927,0.945,-0.004
58,187,0.967,0.976,-0.002
58,188,0.732,0.788,0.015
58,189,0.975,0.981,-0.001
58,19,0.389,0.472,0.03
58,190,0.894,0.92,0.006
58,191,0.867,0.899,0.007
58,192,0.885,0.913,-0.006
58,193,0.974,0.981,0.001
58,194,0.873,0.904,0.007
58,195,0.887,0.914,0.006
58,196,0.854,0.888,-0.008
58,197,0.956,0.967,-0.002
58,198,0.788,0.836,-0.012
58,199,0.68,0.745,-0.018
58,20,0.449,0.532,0.027
58,200,0.757,0.81,-0.014
58,201,0.886,0.914,-0.006
58,202,0.904,0.927,-0.005
58,203,0.887,0.915,-0.006
58,204,0.964,0.973,-0.002
58,205,0.85,0.885,-0.009
58,206,0.813,0.856,-0.011
58,207,0.933,0.95,-0.004
58,208,0.986,0.99,-0.001
58,209,0.869,0.9,-0.007
58,21,0.285,0.364,0.038
58,210,0.794,0.84,-0.012
58,211,0.837,0.875,-0.009
58,212,0.846,0.882,-0.009
58,213,0.96,0.971,-0.002
58,214,0.981,0.986,-0.001
58,215,0.707,0.768,-0.017
58,216,0.689,0.752,-0.018
58,217,0.582,0.658,-0.025
58,218,0.658,0.726,-0.02
58,219,0.729,0.786,-0.016
58,22,0.432,0.515,0.028
58,220,0.751,0.805,-0.014
58,221,0.622,0.694,-0.022
58,222,0.617,0.689,-0.022
58,223,0.561,0.638,-0.026
58,224,0.431,0.514,-0.035
58,225,0.663,0.729,-0.02
58,226,0.65,0.718,-0.021
58,227,0.8,0.845,-0.011
58,228,0.654,0.722,-0.02
58,229,0.518,0.598,-0.029
58,23,0.649,0.718,0.016
58,230,0.532,0.611,-0.029
58,231,0.456,0.539,-0.034
58,232,0.629,0.7,-0.022
58,233,0.548,0.626,-0.028
58,234,0.455,0.538,-0.035
58,235,0.574,0.65,-0.026
58,236,0.518,0.598,-0.03
58,237,0.439,0.522,-0.036
58,238,0.412,0.495,-0.039
58,239,0.409,0.492,-0.039
58,24,0.504,0.585,0.024
58,240,0.383,0.466,-0.042
58,241,0.447,0.53,-0.037
58,242,0.326,0.407,-0.048
58,243,0.525,0.605,-0.031
58,244,0.571,0.647,-0.028
58,245,0.434,0.517,-0.039
58,246,0.6,0.673,-0.027
58,247,0.608,0.681,-0.027
58,248,0.741,0.797,-0.017
58,249,0.759,0.811,-0.017
58,25,0.851,0.886,0.007
58,250,0.777,0.826,-0.016
58,251,0.805,0.849,-0.014
58,26,0.758,0.811,0.011
58,27,0.929,0.947,-0.003
58,28,0.946,0.96,0.002
58,29,0.824,0.865,0.008
58,30,0.792,0.839,-0.01
58,31,0.828,0.868,-0.008
58,32,0.731,0.788,-0.013
58,33,0.819,0.861,0.009
58,34,0.911,0.933,-0.004
58,35,0.993,0.995,0.0
58,36,0.855,0.89,0.007
58,37,0.935,0.951,0.003
58,38,0.939,0.954,-0.003
58,39,0.886,0.914,0.005
58,40,0.966,0.974,-0.002
58,41,0.993,0.995,0.0
58,42,0.892,0.918,-0.005
58,43,0.826,0.866,0.009
58,44,0.828,0.867,0.009
58,45,0.993,0.995,0.0
58,46,0.722,0.78,0.014
58,47,0.789,0.836,0.011
58,48,0.755,0.808,0.013
58,49,0.465,0.547,0.029
58,50,0.638,0.707,0.019
58,51,0.601,0.675,0.021
58,52,0.778,0.827,0.011
58,53,0.663,0.73,0.018
58,54,0.668,0.734,0.018
58,55,0.503,0.584,0.027
58,56,0.606,0.679,0.021
58,57,0.46,0.542,0.03
58,58,0.669,0.735,0.018
58,59,0.642,0.711,0.019
58,6,0.643,0.712,0.017
58,60,0.644,0.712,0.019
58,61,0.693,0.756,0.016
58,62,0.744,0.799,0.014
58,63,0.758,0.81,0.013
58,64,0.704,0.765,0.016
58,65,0.704,0.765,0.016
58,66,0.801,0.846,0.01
58,67,0.66,0.727,0.018
58,68,0.625,0.696,0.02
58,69,0.769,0.82,0.012
58,7,0.622,0.693,0.018
58,70,0.935,0.951,0.003
58,71,0.777,0.826,0.012
58,72,0.766,0.817,0.012
58,73,0.762,0.814,0.012
58,74,0.726,0.784,0.014
58,75,0.728,0.785,0.014
58,76,0.741,0.796,0.013
58,77,0.972,0.98,-0.001
58,78,0.907,0.93,0.005
58,79,0.733,0.789,0.014
58,8,0.359,0.441,0.034
58,80,0.877,0.906,0.006
58,81,0.663,0.73,0.018
58,82,0.505,0.586,0.027
58,83,0.701,0.763,0.015
58,84,0.635,0.705,0.019
58,85,0.889,0.916,0.006
58,86,0.945,0.959,0.003
58,87,0.802,0.847,0.01
58,88,0.723,0.781,0.014
58,89,0.605,0.679,0.021
58,9,0.705,0.766,0.014
58,90,0.657,0.724,0.018
58,91,0.732,0.789,0.014
58,92,0.926,0.945,0.004
58,93,0.938,0.953,-0.003
58,94,0.982,0.987,-0.001
58,95,0.939,0.954,-0.003
58,96,0.825,0.866,0.009
58,97,0.97,0.978,0.002
58,98,0.873,0.904,-0.007
58,99,0.765,0.817,0.013
59,10,0.377,0.46,-0.032
59,100,0.973,0.98,-0.001
59,101,0.838,0.876,-0.009
59,102,0.848,0.884,-0.008
59,103,0.925,0.944,0.004
59,104,0.999,0.999,0.0
59,105,0.864,0.896,0.008
59,106,0.678,0.743,-0.019
59,107,0.72,0.779,-0.017
59,108,0.622,0.693,-0.024
59,109,0.62,0.692,-0.025
59,11,0.609,0.682,-0.019
59,110,0.461,0.543,-0.037
59,111,0.438,0.521,-0.04
59,112,0.248,0.323,-0.062
59,113,0.192,0.26,-0.071
59,114,0.222,0.294,-0.068
59,115,0.209,0.279,-0.072
59,116,0.156,0.218,-0.082
59,117,0.14,0.198,-0.086
59,118,0.148,0.209,-0.085
59,119,0.121,0.175,-0.092
59,12,0.914,0.935,-0.004
59,120,0.164,0.228,-0.083
59,121,0.154,0.216,-0.085
59,122,0.154,0.215,-0.085
59,123,0.167,0.231,-0.083
59,124,0.162,0.225,-0.084
59,125,0.215,0.287,-0.074
59,126,0.257,0.334,-0.068
59,127,0.273,0.35,-0.066
59,128,0.249,0.324,-0.069
59,129,0.331,0.412,-0.058
59,13,0.944,0.958,-0.003
59,130,0.312,0.392,-0.061
59,131,0.302,0.382,-0.062
59,132,0.33,0.411,-0.058
59,133,0.368,0.45,-0.054
59,134,0.364,0.446,-0.055
59,135,0.376,0.459,-0.053
59,136,0.332,0.413,-0.058
59,137,0.426,0.509,-0.048
59,138,0.377,0.46,-0.053
59,139,0.411,0.494,-0.049
59,14,0.98,0.985,0.001
59,140,0.382,0.465,-0.051
59,141,0.4,0.484,-0.049
59,142,0.453,0.535,-0.043
59,143,0.407,0.49,-0.047
59,144,0.464,0.546,-0.041
59,145,0.421,0.504,-0.044
59,146,0.452,0.535,-0.04
59,147,0.535,0.614,-0.033
59,148,0.574,0.651,-0.029
59,149,0.516,0.596,-0.033
59,15,0.898,0.923,-0.005
59,150,0.714,0.773,-0.019
59,151,0.803,0.848,-0.012
59,152,0.915,0.936,-0.005
59,153,0.935,0.951,-0.004
59,154,0.82,0.862,-0.011
59,155,0.929,0.947,-0.004
59,156,0.947,0.96,0.003
59,157,0.952,0.964,0.003
59,158,0.913,0.934,-0.005
59,159,0.858,0.891,-0.008
59,16,0.851,0.886,-0.007
59,160,0.958,0.969,0.002
59,161,0.89,0.917,0.006
59,162,0.652,0.72,0.02
59,163,0.704,0.765,0.017
59,164,0.752,0.805,0.014
59,165,0.707,0.767,0.017
59,166,0.572,0.649,0.025
59,167,0.655,0.722,0.019
59,168,0.859,0.892,0.008
59,169,0.753,0.806,-0.014
59,17,0.816,0.858,0.008
59,170,0.869,0.901,0.007
59,171,0.771,0.822,0.012
59,172,0.704,0.765,0.016
59,173,0.979,0.985,0.001
59,174,0.825,0.865,-0.009
59,175,0.954,0.965,0.002
59,176,0.92,0.94,-0.004
59,177,0.978,0.984,-0.001
59,178,0.909,0.932,-0.005
59,179,0.841,0.878,-0.009
59,18,0.617,0.689,0.018
59,180,0.638,0.708,-0.02
59,181,0.972,0.979,-0.002
59,182,0.877,0.906,-0.007
59,183,0.931,0.948,-0.004
59,184,0.839,0.877,-0.009
59,185,0.65,0.718,-0.02
59,186,0.619,0.691,-0.022
59,187,0.737,0.793,-0.015
59,188,0.649,0.718,-0.02
59,189,0.651,0.719,-0.02
59,19,0.862,0.895,0.006
59,190,0.843,0.88,-0.009
59,191,0.759,0.811,-0.014
59,192,0.581,0.656,-0.024
59,193,0.756,0.809,-0.014
59,194,0.711,0.771,-0.016
59,195,0.889,0.916,-0.006
59,196,0.637,0.706,-0.021
59,197,0.916,0.937,-0.005
59,198,0.987,0.99,-0.001
59,199,0.725,0.783,-0.016
59,20,0.743,0.798,0.012
59,200,0.761,0.813,-0.014
59,201,0.829,0.868,-0.01
59,202,0.438,0.521,-0.035
59,203,0.427,0.51,-0.036
59,204,0.637,0.707,-0.021
59,205,0.507,0.588,-0.03
59,206,0.593,0.667,-0.024
59,207,0.802,0.847,-0.011
59,208,0.632,0.702,-0.021
59,209,0.596,0.67,-0.024
59,21,0.918,0.938,0.004
59,210,0.645,0.714,-0.021
59,211,0.568,0.644,-0.026
59,212,0.371,0.454,-0.04
59,213,0.575,0.651,-0.025
59,214,0.766,0.817,-0.013
59,215,0.79,0.837,-0.012
59,216,0.727,0.784,-0.016
59,217,0.584,0.659,-0.025
59,218,0.695,0.758,-0.018
59,219,0.747,0.801,-0.015
59,22,0.648,0.716,0.016
59,220,0.562,0.639,-0.026
59,221,0.625,0.696,-0.022
59,222,0.678,0.742,-0.019
59,223,0.59,0.665,-0.024
59,224,0.63,0.7,-0.022
59,225,0.637,0.707,-0.021
59,226,0.497,0.578,-0.031
59,227,0.548,0.626,-0.027
59,228,0.625,0.696,-0.022
59,229,0.455,0.538,-0.034
59,23,0.685,0.749,0.015
59,230,0.697,0.759,-0.018
59,231,0.459,0.541,-0.034
59,232,0.557,0.635,-0.027
59,233,0.628,0.699,-0.022
59,234,0.417,0.5,-0.038
59,235,0.327,0.408,-0.046
59,236,0.262,0.338,-0.053
59,237,0.271,0.349,-0.052
59,238,0.284,0.362,-0.051
59,239,0.266,0.343,-0.053
59,24,0.567,0.644,0.021
59,240,0.319,0.4,-0.048
59,241,0.377,0.46,-0.043
59,242,0.216,0.288,-0.06
59,243,0.245,0.32,-0.057
59,244,0.256,0.332,-0.056
59,245,0.265,0.342,-0.056
59,246,0.252,0.328,-0.058
59,247,0.47,0.553,-0.037
59,248,0.528,0.608,-0.033
59,249,0.426,0.509,-0.043
59,25,0.505,0.586,0.024
59,250,0.467,0.549,-0.04
59,251,0.519,0.599,-0.036
59,26,0.839,0.876,0.007
59,27,0.834,0.873,0.008
59,28,0.712,0.771,0.014
59,29,0.698,0.759,0.014
59,30,0.935,0.951,-0.003
59,31,0.875,0.905,0.006
59,32,0.946,0.959,0.003
59,33,0.865,0.898,0.006
59,34,0.6,0.674,0.02
59,35,0.929,0.947,-0.003
59,36,0.751,0.805,0.012
59,37,0.972,0.98,0.001
59,38,0.868,0.9,0.006
59,39,0.849,0.884,-0.007
59,40,0.958,0.969,0.002
59,41,0.837,0.875,-0.008
59,42,0.836,0.874,-0.008
59,43,0.989,0.992,-0.001
59,44,0.991,0.993,0.0
59,45,0.997,0.997,0.0
59,46,0.989,0.992,-0.001
59,47,0.946,0.96,-0.003
59,48,0.787,0.835,0.011
59,49,0.972,0.98,-0.001
59,50,0.987,0.991,-0.001
59,51,0.697,0.759,0.016
59,52,0.92,0.94,0.004
59,53,0.897,0.922,0.005
59,54,0.953,0.965,0.002
59,55,0.827,0.867,0.009
59,56,0.969,0.977,0.002
59,57,0.876,0.906,0.006
59,58,0.78,0.829,0.012
59,59,0.858,0.892,0.007
59,6,0.349,0.432,-0.036
59,60,0.738,0.793,0.014
59,61,0.868,0.9,0.007
59,62,0.754,0.808,0.013
59,63,0.713,0.773,0.015
59,64,0.818,0.86,0.01
59,65,0.822,0.863,0.009
59,66,0.917,0.938,0.004
59,67,0.817,0.859,0.01
59,68,0.764,0.815,0.012
59,69,0.761,0.813,0.013
59,7,0.431,0.514,-0.03
59,70,0.761,0.813,0.013
59,71,0.564,0.641,0.024
59,72,0.641,0.71,0.019
59,73,0.596,0.67,0.022
59,74,0.681,0.745,0.017
59,75,0.735,0.791,0.014
59,76,0.833,0.872,0.009
59,77,0.801,0.846,0.01
59,78,0.931,0.948,0.004
59,79,0.666,0.732,0.017
59,8,0.288,0.367,-0.04
59,80,0.726,0.783,0.014
59,81,0.621,0.692,0.02
59,82,0.711,0.771,0.015
59,83,0.58,0.656,0.022
59,84,0.556,0.633,0.024
59,85,0.658,0.725,0.018
59,86,0.722,0.78,0.014
59,87,0.647,0.716,0.019
59,88,0.78,0.829,0.011
59,89,0.58,0.655,0.023
59,9,0.558,0.636,-0.022
59,90,0.729,0.786,0.014
59,91,0.768,0.818,0.012
59,92,0.756,0.809,0.013
59,93,0.785,0.833,0.011
59,94,0.736,0.792,0.014
59,95,0.924,0.943,0.004
59,96,0.878,0.907,0.006
59,97,0.936,0.952,-0.003
59,98,0.934,0.951,0.004
59,99,0.933,0.95,-0.004
6,10,0.398,0.481,-0.028
6,100,0.731,0.788,-0.012
6,101,0.763,0.814,-0.011
6,102,0.894,0.92,-0.005
6,103,0.87,0.901,-0.006
6,104,0.993,0.995,0.0
6,105,0.917,0.938,0.004
6,106,0.986,0.99,0.001
6,107,0.914,0.935,0.004
6,108,0.79,0.837,0.01
6,109,0.56,0.637,0.021
6,11,0.427,0.51,-0.026
6,110,0.811,0.854,0.009
6,111,0.757,0.81,0.011
6,112,0.773,0.823,0.011
6,113,0.781,0.83,0.01
6,114,0.761,0.813,0.011
6,115,0.736,0.792,0.013
6,116,0.838,0.876,0.008
6,117,0.876,0.906,0.006
6,118,0.824,0.865,0.008
6,119,0.888,0.915,0.005
6,12,0.243,0.318,-0.038
6,120,0.451,0.534,0.028
6,121,0.541,0.62,0.023
6,122,0.761,0.813,0.012
6,123,0.775,0.825,0.011
6,124,0.861,0.894,0.007
6,125,0.627,0.698,0.019
6,126,0.763,0.814,0.012
6,127,0.736,0.792,0.013
6,128,0.994,0.995,-0.0
6,129,0.968,0.976,-0.002
6,13,0.355,0.438,-0.03
6,130,0.993,0.995,-0.0
6,131,0.997,0.998,-0.0
6,132,0.634,0.704,0.018
6,133,0.701,0.762,0.015
6,134,0.702,0.763,0.015
6,135,0.5,0.581,0.026
6,136,0.586,0.661,0.021
6,137,0.654,0.722,0.017
6,138,0.497,0.578,0.027
6,139,0.501,0.582,0.026
6,14,0.197,0.266,-0.041
6,140,0.528,0.608,0.025
6,141,0.579,0.655,0.022
6,142,0.809,0.852,0.01
6,143,0.618,0.689,0.02
6,144,0.706,0.767,0.015
6,145,0.936,0.952,0.003
6,146,0.958,0.969,-0.002
6,147,0.86,0.893,0.007
6,148,0.717,0.776,0.014
6,149,0.683,0.747,0.016
6,15,0.121,0.175,-0.049
6,150,0.785,0.833,0.011
6,151,0.68,0.744,0.016
6,152,0.709,0.769,0.015
6,153,0.514,0.594,0.026
6,154,0.376,0.459,0.035
6,155,0.39,0.473,0.034
6,156,0.63,0.7,0.019
6,157,0.6,0.674,0.021
6,158,0.584,0.659,0.022
6,159,0.539,0.618,0.025
6,16,0.173,0.238,-0.043
6,160,0.587,0.662,0.022
6,161,0.468,0.55,0.029
6,162,0.475,0.558,0.029
6,163,0.539,0.618,0.025
6,164,0.57,0.647,0.023
6,165,0.712,0.772,0.015
6,166,0.727,0.784,0.014
6,167,0.75,0.804,0.013
6,168,0.549,0.627,0.025
6,169,0.529,0.609,0.026
6,17,0.184,0.251,-0.042
6,170,0.562,0.639,0.024
6,171,0.705,0.765,0.016
6,172,0.697,0.759,0.016
6,173,0.698,0.76,0.016
6,174,0.528,0.607,0.026
6,175,0.871,0.902,0.007
6,176,0.703,0.764,0.016
6,177,0.767,0.818,0.013
6,178,0.8,0.845,0.011
6,179,0.773,0.823,0.012
6,18,0.104,0.155,-0.051
6,180,0.967,0.976,-0.002
6,181,0.819,0.861,0.01
6,182,0.963,0.973,-0.002
6,183,0.819,0.861,0.01
6,184,0.778,0.827,0.012
6,185,0.917,0.937,0.005
6,186,0.963,0.972,-0.002
6,187,0.95,0.963,-0.003
6,188,0.862,0.895,0.008
6,189,0.967,0.976,0.002
6,19,0.171,0.235,-0.043
6,190,0.834,0.873,0.009
6,191,0.774,0.824,0.013
6,192,0.701,0.762,0.018
6,193,0.777,0.826,0.013
6,194,0.801,0.846,0.012
6,195,0.791,0.837,0.012
6,196,0.566,0.643,0.027
6,197,0.569,0.645,0.027
6,198,0.6,0.674,0.025
6,199,0.66,0.727,0.021
6,20,0.185,0.253,-0.041
6,200,0.72,0.779,0.017
6,201,0.6,0.674,0.025
6,202,0.656,0.723,0.022
6,203,0.73,0.787,0.017
6,204,0.851,0.886,0.009
6,205,0.585,0.66,0.027
6,206,0.77,0.821,0.015
6,207,0.668,0.734,0.022
6,208,0.831,0.87,0.011
6,209,0.744,0.799,0.017
6,21,0.139,0.198,-0.047
6,210,0.831,0.87,0.011
6,211,0.688,0.751,0.021
6,212,0.879,0.908,0.008
6,213,0.806,0.85,0.013
6,214,0.681,0.745,0.022
6,215,0.649,0.717,0.024
6,216,0.742,0.798,0.018
6,217,0.647,0.715,0.025
6,218,0.579,0.654,0.03
6,219,0.646,0.715,0.025
6,22,0.286,0.365,-0.034
6,220,0.522,0.602,0.035
6,221,0.55,0.628,0.033
6,222,0.519,0.599,0.035
6,223,0.591,0.666,0.03
6,224,0.616,0.689,0.028
6,225,0.592,0.667,0.03
6,226,0.517,0.597,0.036
6,227,0.584,0.659,0.031
6,228,0.517,0.597,0.036
6,229,0.522,0.602,0.036
6,23,0.089,0.135,-0.053
6,230,0.462,0.545,0.042
6,231,0.286,0.364,0.061
6,232,0.329,0.411,0.056
6,233,0.426,0.509,0.046
6,234,0.292,0.371,0.061
6,235,0.384,0.467,0.05
6,236,0.319,0.4,0.058
6,237,0.256,0.332,0.066
6,238,0.233,0.307,0.069
6,239,0.327,0.408,0.057
6,24,0.217,0.288,-0.039
6,240,0.16,0.223,0.082
6,241,0.211,0.282,0.074
6,242,0.257,0.333,0.067
6,243,0.255,0.331,0.068
6,244,0.26,0.337,0.068
6,245,0.267,0.344,0.067
6,246,0.158,0.22,0.086
6,247,0.192,0.26,0.08
6,248,0.196,0.265,0.08
6,249,0.229,0.303,0.075
6,25,0.296,0.376,-0.033
6,250,0.254,0.33,0.072
6,251,0.219,0.291,0.078
6,26,0.203,0.273,-0.04
6,27,0.276,0.354,-0.034
6,28,0.359,0.441,-0.029
6,29,0.215,0.286,-0.039
6,30,0.214,0.286,-0.039
6,31,0.33,0.412,-0.03
6,32,0.276,0.354,-0.034
6,33,0.351,0.433,-0.029
6,34,0.387,0.47,-0.027
6,35,0.149,0.209,-0.045
6,36,0.371,0.454,-0.028
6,37,0.261,0.337,-0.035
6,38,0.287,0.366,-0.034
6,39,0.438,0.521,-0.024
6,40,0.295,0.375,-0.033
6,41,0.303,0.383,-0.032
6,42,0.22,0.292,-0.039
6,43,0.481,0.563,-0.022
6,44,0.441,0.524,-0.024
6,45,0.214,0.286,-0.039
6,46,0.247,0.322,-0.037
6,47,0.427,0.511,-0.025
6,48,0.307,0.387,-0.033
6,49,0.286,0.364,-0.034
6,50,0.183,0.249,-0.042
6,51,0.388,0.471,-0.028
6,52,0.287,0.366,-0.034
6,53,0.266,0.343,-0.036
6,54,0.149,0.209,-0.046
6,55,0.283,0.361,-0.035
6,56,0.238,0.313,-0.038
6,57,0.193,0.261,-0.042
6,58,0.331,0.412,-0.031
6,59,0.299,0.379,-0.034
6,60,0.263,0.34,-0.036
6,61,0.387,0.47,-0.028
6,62,0.312,0.392,-0.033
6,63,0.2,0.27,-0.042
6,64,0.324,0.405,-0.032
6,65,0.396,0.479,-0.028
6,66,0.332,0.414,-0.032
6,67,0.374,0.457,-0.029
6,68,0.532,0.611,-0.021
6,69,0.527,0.607,-0.021
6,7,0.36,0.442,-0.031
6,70,0.347,0.429,-0.031
6,71,0.421,0.504,-0.027
6,72,0.441,0.524,-0.026
6,73,0.899,0.924,-0.004
6,74,0.81,0.853,-0.008
6,75,0.548,0.627,-0.02
6,76,0.697,0.759,-0.013
6,77,0.989,0.992,-0.0
6,78,0.885,0.913,-0.005
6,79,0.968,0.976,-0.001
6,8,0.277,0.355,-0.037
6,80,0.692,0.755,0.014
6,81,0.731,0.788,0.012
6,82,0.695,0.758,0.014
6,83,0.802,0.846,0.009
6,84,0.945,0.959,-0.002
6,85,0.877,0.907,0.005
6,86,0.999,0.999,0.0
6,87,0.865,0.897,0.006
6,88,0.926,0.945,-0.003
6,89,0.841,0.878,-0.007
6,9,0.342,0.424,-0.031
6,90,0.782,0.831,-0.01
6,91,0.881,0.91,-0.005
6,92,0.981,0.986,-0.001
6,93,0.932,0.949,-0.003
6,94,0.791,0.837,-0.009
6,95,0.762,0.814,-0.011
6,96,0.979,0.984,-0.001
6,97,0.768,0.819,-0.011
6,98,0.817,0.859,-0.008
6,99,0.71,0.77,-0.013
60,10,0.697,0.759,-0.014
60,100,0.886,0.913,0.006
60,101,0.641,0.71,0.02
60,102,0.837,0.875,0.009
60,103,0.863,0.896,0.008
60,104,0.769,0.82,-0.013
60,105,0.906,0.929,-0.006
60,106,0.705,0.766,-0.018
60,107,0.533,0.612,-0.03
60,108,0.587,0.662,-0.027
60,109,0.723,0.781,-0.018
60,11,0.722,0.78,-0.013
60,110,0.473,0.556,-0.037
60,111,0.275,0.353,-0.058
60,112,0.372,0.455,-0.049
60,113,0.28,0.359,-0.06
60,114,0.252,0.328,-0.065
60,115,0.215,0.287,-0.071
60,116,0.252,0.328,-0.066
60,117,0.236,0.31,-0.069
60,118,0.242,0.317,-0.068
60,119,0.237,0.311,-0.069
60,12,0.997,0.998,0.0
60,120,0.267,0.345,-0.065
60,121,0.194,0.262,-0.076
60,122,0.193,0.261,-0.076
60,123,0.313,0.393,-0.059
60,124,0.206,0.276,-0.073
60,125,0.278,0.356,-0.063
60,126,0.313,0.394,-0.058
60,127,0.378,0.461,-0.051
60,128,0.372,0.455,-0.052
60,129,0.348,0.43,-0.054
60,13,0.845,0.881,0.007
60,130,0.335,0.417,-0.056
60,131,0.413,0.497,-0.047
60,132,0.489,0.57,-0.04
60,133,0.356,0.438,-0.054
60,134,0.469,0.552,-0.042
60,135,0.373,0.456,-0.052
60,136,0.335,0.417,-0.057
60,137,0.272,0.35,-0.065
60,138,0.298,0.377,-0.061
60,139,0.32,0.401,-0.059
60,14,0.919,0.939,0.004
60,140,0.344,0.426,-0.055
60,141,0.33,0.411,-0.057
60,142,0.328,0.409,-0.056
60,143,0.38,0.463,-0.05
60,144,0.438,0.522,-0.044
60,145,0.398,0.482,-0.047
60,146,0.521,0.601,-0.035
60,147,0.481,0.563,-0.038
60,148,0.453,0.536,-0.04
60,149,0.543,0.622,-0.032
60,15,0.968,0.976,-0.001
60,150,0.632,0.703,-0.025
60,151,0.754,0.807,-0.016
60,152,0.686,0.75,-0.02
60,153,0.624,0.695,-0.024
60,154,0.727,0.785,-0.017
60,155,0.984,0.988,0.001
60,156,0.949,0.962,-0.003
60,157,0.994,0.996,-0.0
60,158,0.949,0.962,-0.003
60,159,0.985,0.989,0.001
60,16,0.867,0.898,0.006
60,160,0.911,0.933,0.005
60,161,0.962,0.971,-0.002
60,162,0.85,0.886,0.009
60,163,0.788,0.835,0.012
60,164,0.933,0.95,0.004
60,165,0.973,0.98,0.001
60,166,0.704,0.765,0.017
60,167,0.867,0.898,0.007
60,168,0.9,0.924,0.005
60,169,0.859,0.892,0.008
60,17,0.87,0.901,-0.006
60,170,0.652,0.72,0.019
60,171,0.757,0.809,0.013
60,172,0.721,0.78,0.015
60,173,0.946,0.96,-0.003
60,174,0.971,0.978,-0.002
60,175,0.923,0.942,0.004
60,176,0.865,0.897,0.007
60,177,0.835,0.874,0.009
60,178,0.966,0.975,0.002
60,179,0.992,0.994,-0.0
60,18,0.711,0.771,0.013
60,180,0.695,0.757,0.017
60,181,0.716,0.775,0.016
60,182,0.946,0.96,0.003
60,183,0.976,0.982,-0.001
60,184,0.976,0.983,0.001
60,185,0.975,0.981,-0.001
60,186,0.733,0.79,-0.015
60,187,0.82,0.862,-0.01
60,188,0.946,0.96,-0.003
60,189,0.987,0.99,-0.001
60,19,0.787,0.835,0.01
60,190,0.923,0.942,0.004
60,191,0.78,0.829,-0.012
60,192,0.654,0.722,-0.02
60,193,0.728,0.786,-0.015
60,194,0.718,0.777,-0.016
60,195,0.803,0.848,-0.011
60,196,0.683,0.747,-0.018
60,197,0.721,0.78,-0.016
60,198,0.844,0.88,-0.009
60,199,0.891,0.917,-0.006
60,20,0.85,0.885,0.007
60,200,0.812,0.855,-0.011
60,201,0.967,0.975,-0.002
60,202,0.738,0.794,-0.015
60,203,0.838,0.876,-0.009
60,204,0.562,0.639,-0.026
60,205,0.738,0.793,-0.015
60,206,0.774,0.823,-0.013
60,207,0.807,0.851,-0.011
60,208,0.528,0.607,-0.028
60,209,0.694,0.757,-0.018
60,21,0.962,0.972,0.002
60,210,0.716,0.775,-0.016
60,211,0.513,0.593,-0.03
60,212,0.636,0.706,-0.021
60,213,0.669,0.735,-0.019
60,214,0.54,0.618,-0.028
60,215,0.474,0.556,-0.032
60,216,0.654,0.722,-0.02
60,217,0.674,0.739,-0.019
60,218,0.655,0.723,-0.02
60,219,0.725,0.783,-0.016
60,22,0.867,0.898,0.006
60,220,0.469,0.551,-0.033
60,221,0.503,0.583,-0.03
60,222,0.597,0.671,-0.024
60,223,0.653,0.721,-0.02
60,224,0.697,0.759,-0.018
60,225,0.607,0.68,-0.023
60,226,0.627,0.698,-0.022
60,227,0.74,0.795,-0.015
60,228,0.673,0.738,-0.019
60,229,0.652,0.72,-0.02
60,23,0.554,0.632,0.021
60,230,0.473,0.556,-0.033
60,231,0.409,0.492,-0.038
60,232,0.492,0.573,-0.032
60,233,0.477,0.559,-0.033
60,234,0.352,0.434,-0.043
60,235,0.365,0.447,-0.042
60,236,0.396,0.479,-0.04
60,237,0.375,0.458,-0.042
60,238,0.364,0.447,-0.043
60,239,0.367,0.45,-0.043
60,24,0.624,0.695,0.018
60,240,0.365,0.448,-0.043
60,241,0.322,0.403,-0.048
60,242,0.344,0.426,-0.046
60,243,0.29,0.369,-0.052
60,244,0.365,0.448,-0.045
60,245,0.515,0.596,-0.033
60,246,0.704,0.765,-0.019
60,247,0.511,0.591,-0.034
60,248,0.42,0.503,-0.042
60,249,0.408,0.491,-0.044
60,25,0.818,0.859,0.008
60,250,0.321,0.402,-0.054
60,251,0.468,0.55,-0.041
60,26,0.803,0.848,0.009
60,27,0.899,0.924,0.005
60,28,0.957,0.968,0.002
60,29,0.977,0.983,-0.001
60,30,0.942,0.956,-0.003
60,31,0.97,0.978,0.001
60,32,0.826,0.866,-0.008
60,33,0.886,0.913,0.005
60,34,0.954,0.966,-0.002
60,35,0.879,0.908,-0.006
60,36,0.987,0.99,-0.001
60,37,0.645,0.714,-0.018
60,38,0.843,0.88,-0.008
60,39,0.96,0.97,-0.002
60,40,0.962,0.971,0.002
60,41,0.896,0.921,-0.005
60,42,0.979,0.984,0.001
60,43,0.973,0.98,0.001
60,44,0.912,0.934,-0.004
60,45,0.959,0.969,-0.002
60,46,0.991,0.993,0.0
60,47,0.999,0.999,-0.0
60,48,0.926,0.944,0.004
60,49,0.914,0.936,-0.004
60,50,0.989,0.992,-0.001
60,51,0.979,0.984,-0.001
60,52,0.923,0.942,-0.004
60,53,0.92,0.94,-0.004
60,54,0.863,0.896,0.007
60,55,0.986,0.989,-0.001
60,56,0.9,0.924,0.005
60,57,0.962,0.972,0.002
60,58,0.996,0.997,0.0
60,59,0.842,0.879,0.008
60,6,0.468,0.55,-0.028
60,60,0.862,0.895,0.007
60,61,0.846,0.882,0.008
60,62,0.839,0.877,0.008
60,63,0.972,0.979,0.001
60,64,0.694,0.756,0.016
60,65,0.691,0.753,0.016
60,66,0.86,0.893,0.007
60,67,0.848,0.884,0.008
60,68,0.728,0.785,0.014
60,69,0.764,0.816,0.012
60,7,0.584,0.659,-0.021
60,70,0.765,0.816,0.012
60,71,0.869,0.901,0.007
60,72,0.943,0.957,0.003
60,73,0.822,0.863,0.009
60,74,0.807,0.851,-0.01
60,75,0.94,0.955,-0.003
60,76,0.85,0.885,0.008
60,77,0.787,0.834,0.011
60,78,0.739,0.795,0.014
60,79,0.723,0.781,0.014
60,8,0.636,0.706,-0.018
60,80,0.665,0.731,0.018
60,81,0.575,0.651,0.023
60,82,0.724,0.782,0.014
60,83,0.688,0.751,0.016
60,84,0.625,0.696,0.02
60,85,0.545,0.623,0.025
60,86,0.884,0.912,0.006
60,87,0.681,0.746,0.017
60,88,0.698,0.76,0.016
60,89,0.532,0.611,0.026
60,9,0.665,0.731,-0.016
60,90,0.427,0.51,0.032
60,91,0.646,0.714,0.019
60,92,0.664,0.731,0.018
60,93,0.567,0.643,0.024
60,94,0.742,0.797,0.014
60,95,0.582,0.657,0.023
60,96,0.618,0.69,0.021
60,97,0.812,0.855,0.01
60,98,0.7,0.761,0.016
60,99,0.877,0.907,0.007
61,10,0.937,0.953,-0.003
61,100,0.873,0.904,-0.007
61,101,0.751,0.804,-0.014
61,102,0.87,0.901,-0.007
61,103,0.687,0.75,-0.018
61,104,0.641,0.711,-0.022
61,105,0.674,0.74,-0.02
61,106,0.596,0.67,-0.026
61,107,0.506,0.587,-0.033
61,108,0.424,0.507,-0.04
61,109,0.472,0.555,-0.037
61,11,0.999,0.999,0.0
61,110,0.469,0.552,-0.038
61,111,0.437,0.52,-0.042
61,112,0.402,0.485,-0.046
61,113,0.33,0.411,-0.055
61,114,0.336,0.417,-0.055
61,115,0.301,0.381,-0.059
61,116,0.224,0.296,-0.07
61,117,0.277,0.355,-0.063
61,118,0.217,0.289,-0.071
61,119,0.282,0.361,-0.062
61,12,0.668,0.734,0.015
61,120,0.221,0.293,-0.07
61,121,0.308,0.388,-0.058
61,122,0.228,0.301,-0.068
61,123,0.271,0.348,-0.062
61,124,0.23,0.303,-0.067
61,125,0.354,0.436,-0.052
61,126,0.356,0.438,-0.051
61,127,0.399,0.482,-0.047
61,128,0.409,0.492,-0.046
61,129,0.48,0.562,-0.039
61,13,0.666,0.732,0.016
61,130,0.306,0.386,-0.057
61,131,0.269,0.346,-0.062
61,132,0.405,0.488,-0.047
61,133,0.316,0.396,-0.056
61,134,0.414,0.497,-0.046
61,135,0.497,0.578,-0.039
61,136,0.489,0.57,-0.04
61,137,0.574,0.65,-0.033
61,138,0.521,0.601,-0.037
61,139,0.496,0.578,-0.04
61,14,0.678,0.743,0.015
61,140,0.482,0.564,-0.041
61,141,0.397,0.48,-0.049
61,142,0.395,0.478,-0.049
61,143,0.505,0.586,-0.038
61,144,0.467,0.55,-0.041
61,145,0.423,0.506,-0.045
61,146,0.484,0.566,-0.039
61,147,0.603,0.676,-0.028
61,148,0.51,0.59,-0.035
61,149,0.633,0.704,-0.025
61,15,0.886,0.913,0.005
61,150,0.749,0.803,-0.017
61,151,0.684,0.747,-0.021
61,152,0.632,0.703,-0.024
61,153,0.72,0.778,-0.018
61,154,0.735,0.791,-0.017
61,155,0.738,0.794,-0.016
61,156,0.865,0.897,-0.008
61,157,0.973,0.98,0.002
61,158,0.891,0.918,-0.006
61,159,0.94,0.955,-0.004
61,16,0.69,0.753,0.014
61,160,0.841,0.878,-0.009
61,161,0.968,0.976,-0.002
61,162,0.883,0.911,0.007
61,163,0.776,0.826,0.013
61,164,0.902,0.926,0.005
61,165,0.856,0.89,0.008
61,166,0.782,0.83,0.012
61,167,0.811,0.854,0.01
61,168,0.836,0.874,0.009
61,169,0.975,0.981,0.001
61,17,0.677,0.742,0.015
61,170,0.947,0.96,0.003
61,171,0.886,0.913,0.006
61,172,0.757,0.809,0.013
61,173,0.976,0.982,0.001
61,174,0.98,0.985,-0.001
61,175,0.872,0.902,-0.007
61,176,0.971,0.979,-0.002
61,177,0.838,0.876,0.009
61,178,0.965,0.974,-0.002
61,179,0.985,0.989,-0.001
61,18,0.657,0.725,0.016
61,180,0.866,0.898,0.007
61,181,0.974,0.981,-0.001
61,182,0.902,0.926,-0.005
61,183,0.891,0.917,0.006
61,184,0.897,0.922,0.006
61,185,0.929,0.947,0.004
61,186,0.811,0.854,0.01
61,187,0.931,0.948,-0.004
61,188,0.941,0.956,0.003
61,189,0.99,0.992,0.001
61,19,0.559,0.636,0.021
61,190,0.984,0.988,0.001
61,191,0.912,0.934,0.005
61,192,0.805,0.849,0.011
61,193,0.903,0.927,0.005
61,194,0.991,0.994,-0.0
61,195,0.899,0.924,0.006
61,196,0.822,0.863,0.01
61,197,0.865,0.897,0.008
61,198,0.749,0.803,0.014
61,199,0.879,0.908,-0.007
61,20,0.862,0.895,0.006
61,200,0.863,0.896,-0.008
61,201,0.773,0.823,-0.013
61,202,0.924,0.943,0.004
61,203,0.898,0.923,0.006
61,204,0.912,0.934,0.005
61,205,0.968,0.976,0.002
61,206,0.816,0.858,0.01
61,207,0.718,0.777,-0.016
61,208,0.698,0.76,-0.017
61,209,0.798,0.844,-0.011
61,21,0.5,0.581,0.024
61,210,0.698,0.76,-0.017
61,211,0.616,0.688,-0.022
61,212,0.506,0.587,-0.03
61,213,0.528,0.608,-0.028
61,214,0.74,0.796,-0.015
61,215,0.656,0.724,-0.02
61,216,0.659,0.726,-0.02
61,217,0.641,0.71,-0.021
61,218,0.625,0.696,-0.022
61,219,0.588,0.662,-0.024
61,22,0.716,0.775,0.013
61,220,0.66,0.727,-0.02
61,221,0.664,0.73,-0.02
61,222,0.683,0.747,-0.018
61,223,0.786,0.834,-0.012
61,224,0.53,0.609,-0.028
61,225,0.612,0.684,-0.023
61,226,0.577,0.653,-0.025
61,227,0.441,0.524,-0.035
61,228,0.509,0.59,-0.03
61,229,0.407,0.491,-0.038
61,23,0.999,0.999,-0.0
61,230,0.587,0.662,-0.025
61,231,0.428,0.512,-0.036
61,232,0.667,0.733,-0.02
61,233,0.561,0.638,-0.027
61,234,0.444,0.527,-0.035
61,235,0.419,0.503,-0.038
61,236,0.404,0.487,-0.039
61,237,0.347,0.43,-0.044
61,238,0.394,0.477,-0.04
61,239,0.25,0.325,-0.055
61,24,0.595,0.669,0.019
61,240,0.287,0.366,-0.051
61,241,0.361,0.444,-0.044
61,242,0.369,0.452,-0.044
61,243,0.307,0.387,-0.051
61,244,0.347,0.43,-0.047
61,245,0.357,0.439,-0.047
61,246,0.441,0.524,-0.04
61,247,0.471,0.553,-0.038
61,248,0.47,0.552,-0.038
61,249,0.439,0.522,-0.042
61,25,0.398,0.482,0.031
61,250,0.36,0.443,-0.05
61,251,0.39,0.473,-0.048
61,26,0.636,0.706,0.017
61,27,0.612,0.684,0.019
61,28,0.752,0.806,0.012
61,29,0.687,0.75,0.015
61,30,0.859,0.893,0.007
61,31,0.768,0.819,0.011
61,32,0.806,0.85,0.009
61,33,0.789,0.836,0.01
61,34,0.778,0.827,0.011
61,35,0.757,0.81,0.012
61,36,0.692,0.754,0.015
61,37,0.962,0.972,0.002
61,38,0.756,0.808,-0.012
61,39,0.953,0.965,0.002
61,40,0.752,0.806,-0.012
61,41,0.769,0.82,-0.012
61,42,0.761,0.813,-0.012
61,43,0.971,0.978,0.001
61,44,0.958,0.969,-0.002
61,45,0.958,0.969,0.002
61,46,0.779,0.828,-0.011
61,47,0.7,0.762,-0.016
61,48,0.985,0.989,0.001
61,49,0.98,0.985,0.001
61,50,0.816,0.858,-0.01
61,51,0.787,0.834,-0.011
61,52,0.88,0.909,-0.006
61,53,0.864,0.896,-0.007
61,54,0.999,0.999,0.0
61,55,0.972,0.98,-0.001
61,56,0.986,0.989,-0.001
61,57,0.904,0.928,0.005
61,58,0.889,0.916,0.006
61,59,0.761,0.813,0.013
61,6,0.937,0.953,0.003
61,60,0.932,0.949,0.004
61,61,0.924,0.943,0.004
61,62,0.855,0.889,0.008
61,63,0.821,0.862,0.009
61,64,0.759,0.811,0.013
61,65,0.719,0.778,0.015
61,66,0.981,0.986,0.001
61,67,0.895,0.92,0.006
61,68,0.767,0.818,0.012
61,69,0.774,0.824,0.012
61,7,0.955,0.966,0.002
61,70,0.694,0.756,0.016
61,71,0.782,0.831,0.011
61,72,0.669,0.735,0.018
61,73,0.799,0.844,0.01
61,74,0.752,0.805,0.013
61,75,0.968,0.976,0.002
61,76,0.88,0.909,0.006
61,77,0.948,0.961,0.003
61,78,0.804,0.848,0.01
61,79,0.757,0.81,0.013
61,8,0.901,0.926,0.005
61,80,0.622,0.694,0.02
61,81,0.63,0.7,0.02
61,82,0.738,0.794,0.014
61,83,0.64,0.71,0.019
61,84,0.496,0.578,0.028
61,85,0.674,0.739,0.017
61,86,0.47,0.552,0.029
61,87,0.564,0.641,0.024
61,88,0.837,0.875,0.008
61,89,0.659,0.726,0.018
61,9,0.632,0.702,0.018
61,90,0.545,0.623,0.025
61,91,0.542,0.621,0.025
61,92,0.717,0.776,0.015
61,93,0.566,0.643,0.024
61,94,0.651,0.719,0.019
61,95,0.833,0.872,0.009
61,96,0.852,0.887,0.008
61,97,0.899,0.924,0.005
61,98,0.994,0.996,0.0
61,99,0.851,0.886,0.008
62,10,0.862,0.895,0.006
62,100,0.962,0.971,-0.002
62,101,0.957,0.968,-0.002
62,102,0.989,0.992,-0.001
62,103,0.928,0.946,-0.004
62,104,0.892,0.918,-0.006
62,105,0.806,0.85,-0.012
62,106,0.772,0.822,-0.014
62,107,0.854,0.888,-0.009
62,108,0.691,0.754,-0.02
62,109,0.562,0.639,-0.03
62,11,0.805,0.849,0.009
62,110,0.459,0.542,-0.04
62,111,0.555,0.632,-0.032
62,112,0.322,0.403,-0.055
62,113,0.292,0.371,-0.059
62,114,0.414,0.497,-0.046
62,115,0.429,0.513,-0.045
62,116,0.442,0.525,-0.044
62,117,0.342,0.424,-0.054
62,118,0.361,0.444,-0.052
62,119,0.327,0.408,-0.055
62,12,0.669,0.734,0.015
62,120,0.33,0.412,-0.055
62,121,0.281,0.359,-0.06
62,122,0.276,0.354,-0.06
62,123,0.469,0.551,-0.04
62,124,0.358,0.44,-0.05
62,125,0.438,0.521,-0.042
62,126,0.536,0.615,-0.034
62,127,0.545,0.624,-0.033
62,128,0.636,0.706,-0.026
62,129,0.785,0.832,-0.015
62,13,0.597,0.671,0.019
62,130,0.642,0.712,-0.025
62,131,0.621,0.693,-0.027
62,132,0.683,0.747,-0.022
62,133,0.606,0.679,-0.028
62,134,0.551,0.629,-0.033
62,135,0.556,0.634,-0.033
62,136,0.564,0.641,-0.032
62,137,0.567,0.644,-0.032
62,138,0.55,0.628,-0.034
62,139,0.328,0.409,-0.056
62,14,0.613,0.686,0.018
62,140,0.457,0.54,-0.043
62,141,0.53,0.609,-0.036
62,142,0.436,0.519,-0.045
62,143,0.437,0.52,-0.045
62,144,0.442,0.525,-0.044
62,145,0.479,0.561,-0.04
62,146,0.456,0.539,-0.041
62,147,0.597,0.671,-0.029
62,148,0.728,0.785,-0.019
62,149,0.647,0.716,-0.024
62,15,0.541,0.62,0.022
62,150,0.76,0.812,-0.016
62,151,0.908,0.931,-0.006
62,152,0.691,0.754,-0.02
62,153,0.933,0.95,-0.004
62,154,0.97,0.977,-0.002
62,155,0.896,0.922,-0.006
62,156,0.85,0.885,0.009
62,157,0.89,0.917,-0.007
62,158,0.95,0.963,-0.003
62,159,0.939,0.955,0.004
62,16,0.603,0.676,0.019
62,160,0.885,0.913,-0.007
62,161,0.95,0.962,-0.003
62,162,0.918,0.939,-0.005
62,163,0.922,0.941,-0.004
62,164,0.977,0.983,-0.001
62,165,0.852,0.887,-0.008
62,166,0.866,0.898,0.007
62,167,0.968,0.976,-0.002
62,168,0.856,0.89,0.008
62,169,0.896,0.921,0.006
62,17,0.622,0.694,0.018
62,170,0.887,0.915,0.006
62,171,0.61,0.683,0.022
62,172,0.675,0.74,0.018
62,173,0.729,0.786,0.015
62,174,0.823,0.864,0.01
62,175,0.679,0.743,0.018
62,176,0.885,0.913,0.006
62,177,0.922,0.941,0.004
62,178,0.908,0.931,0.005
62,179,0.758,0.811,0.013
62,18,0.676,0.741,0.015
62,180,0.815,0.857,0.01
62,181,0.985,0.989,0.001
62,182,0.869,0.9,-0.007
62,183,0.885,0.913,-0.006
62,184,0.879,0.908,-0.007
62,185,0.996,0.997,-0.0
62,186,0.85,0.886,0.008
62,187,0.942,0.957,-0.003
62,188,0.625,0.697,-0.021
62,189,0.845,0.881,-0.009
62,19,0.567,0.643,0.02
62,190,0.776,0.826,-0.012
62,191,0.946,0.96,-0.003
62,192,0.861,0.894,-0.008
62,193,0.982,0.987,-0.001
62,194,0.882,0.91,-0.007
62,195,0.894,0.92,-0.006
62,196,0.814,0.857,-0.01
62,197,0.854,0.889,-0.008
62,198,0.779,0.828,-0.012
62,199,0.75,0.804,-0.014
62,20,0.361,0.444,0.033
62,200,0.646,0.715,-0.02
62,201,0.707,0.768,-0.017
62,202,0.882,0.91,-0.007
62,203,0.996,0.997,-0.0
62,204,0.856,0.89,-0.008
62,205,0.792,0.839,-0.012
62,206,0.94,0.955,-0.003
62,207,0.971,0.979,-0.002
62,208,0.971,0.979,-0.002
62,209,0.914,0.935,0.005
62,21,0.491,0.572,0.025
62,210,1.0,1.0,0.0
62,211,0.829,0.868,-0.01
62,212,0.725,0.783,-0.016
62,213,0.8,0.845,-0.011
62,214,0.74,0.795,-0.015
62,215,0.622,0.693,-0.022
62,216,0.662,0.729,-0.02
62,217,0.521,0.601,-0.029
62,218,0.514,0.595,-0.029
62,219,0.594,0.668,-0.024
62,22,0.479,0.561,0.026
62,220,0.477,0.559,-0.032
62,221,0.516,0.596,-0.029
62,222,0.49,0.571,-0.031
62,223,0.449,0.532,-0.034
62,224,0.459,0.542,-0.033
62,225,0.368,0.451,-0.04
62,226,0.344,0.426,-0.042
62,227,0.394,0.477,-0.038
62,228,0.418,0.501,-0.037
62,229,0.542,0.62,-0.028
62,23,0.688,0.751,0.015
62,230,0.514,0.595,-0.03
62,231,0.563,0.64,-0.026
62,232,0.541,0.619,-0.028
62,233,0.416,0.499,-0.037
62,234,0.501,0.582,-0.031
62,235,0.371,0.454,-0.041
62,236,0.346,0.428,-0.044
62,237,0.396,0.479,-0.04
62,238,0.356,0.439,-0.044
62,239,0.339,0.421,-0.045
62,24,0.613,0.686,0.018
62,240,0.25,0.325,-0.055
62,241,0.34,0.422,-0.046
62,242,0.291,0.371,-0.051
62,243,0.394,0.477,-0.042
62,244,0.67,0.735,-0.021
62,245,0.516,0.596,-0.033
62,246,0.484,0.565,-0.036
62,247,0.533,0.612,-0.032
62,248,0.465,0.547,-0.039
62,249,0.578,0.653,-0.03
62,25,0.47,0.552,0.026
62,250,0.537,0.616,-0.034
62,251,0.74,0.795,-0.018
62,26,0.635,0.705,0.017
62,27,0.69,0.753,0.015
62,28,0.596,0.67,0.02
62,29,0.475,0.557,0.026
62,30,0.616,0.689,0.019
62,31,0.582,0.658,0.02
62,32,0.439,0.522,0.029
62,33,0.627,0.698,0.018
62,34,0.703,0.764,0.014
62,35,0.807,0.851,0.009
62,36,0.917,0.938,0.004
62,37,0.852,0.887,0.007
62,38,0.57,0.647,0.022
62,39,0.705,0.766,0.015
62,40,0.585,0.661,0.021
62,41,0.947,0.961,-0.003
62,42,0.883,0.911,0.006
62,43,0.775,0.825,0.011
62,44,0.769,0.82,0.012
62,45,0.967,0.976,0.002
62,46,0.846,0.883,0.008
62,47,0.98,0.985,0.001
62,48,0.819,0.861,-0.009
62,49,0.994,0.996,-0.0
62,50,0.849,0.885,0.008
62,51,0.92,0.94,-0.004
62,52,0.866,0.898,-0.007
62,53,0.941,0.956,-0.003
62,54,0.982,0.986,-0.001
62,55,0.871,0.902,0.007
62,56,0.907,0.93,0.005
62,57,0.779,0.828,0.012
62,58,0.673,0.738,0.018
62,59,0.971,0.979,0.001
62,6,0.959,0.97,-0.002
62,60,0.711,0.771,0.015
62,61,0.729,0.787,0.014
62,62,0.682,0.746,0.017
62,63,0.866,0.898,0.007
62,64,0.646,0.715,0.019
62,65,0.707,0.767,0.016
62,66,0.881,0.91,0.006
62,67,0.692,0.755,0.016
62,68,0.85,0.885,0.008
62,69,0.845,0.882,0.008
62,7,0.706,0.766,0.014
62,70,0.819,0.86,0.01
62,71,0.962,0.972,0.002
62,72,0.95,0.963,0.003
62,73,0.814,0.857,0.01
62,74,0.838,0.875,0.008
62,75,0.801,0.846,0.01
62,76,0.586,0.661,0.022
62,77,0.942,0.957,0.003
62,78,0.95,0.963,0.003
62,79,0.766,0.817,0.012
62,8,0.988,0.991,-0.001
62,80,0.622,0.693,0.02
62,81,0.587,0.662,0.022
62,82,0.543,0.621,0.025
62,83,0.561,0.639,0.024
62,84,0.628,0.699,0.02
62,85,0.755,0.808,0.013
62,86,0.762,0.814,0.012
62,87,0.672,0.737,0.017
62,88,0.524,0.604,0.026
62,89,0.657,0.724,0.018
62,9,0.88,0.909,0.006
62,90,0.723,0.781,0.015
62,91,0.889,0.916,0.006
62,92,0.538,0.617,0.026
62,93,0.955,0.966,0.002
62,94,0.843,0.88,0.008
62,95,0.915,0.936,0.004
62,96,0.974,0.98,-0.001
62,97,0.871,0.902,0.007
62,98,0.784,0.832,0.012
62,99,0.877,0.907,0.007
63,10,0.931,0.948,-0.003
63,100,0.839,0.876,0.009
63,101,0.849,0.884,0.009
63,102,0.862,0.895,-0.008
63,103,0.905,0.928,0.006
63,104,0.982,0.987,0.001
63,105,0.985,0.989,0.001
63,106,0.835,0.873,-0.01
63,107,0.908,0.93,-0.006
63,108,0.704,0.765,-0.019
63,109,0.766,0.817,-0.016
63,11,0.835,0.873,0.008
63,110,0.738,0.793,-0.018
63,111,0.683,0.747,-0.022
63,112,0.605,0.678,-0.029
63,113,0.74,0.795,-0.019
63,114,0.467,0.549,-0.041
63,115,0.602,0.676,-0.03
63,116,0.565,0.641,-0.033
63,117,0.672,0.737,-0.024
63,118,0.647,0.716,-0.026
63,119,0.792,0.838,-0.015
63,12,0.619,0.691,0.018
63,120,0.784,0.832,-0.015
63,121,0.657,0.724,-0.025
63,122,0.766,0.817,-0.016
63,123,0.662,0.729,-0.024
63,124,0.627,0.698,-0.026
63,125,0.546,0.624,-0.033
63,126,0.475,0.557,-0.039
63,127,0.585,0.66,-0.03
63,128,0.633,0.704,-0.026
63,129,0.584,0.66,-0.029
63,13,0.833,0.872,0.007
63,130,0.535,0.614,-0.034
63,131,0.578,0.654,-0.03
63,132,0.598,0.672,-0.029
63,133,0.586,0.661,-0.03
63,134,0.441,0.524,-0.042
63,135,0.407,0.491,-0.046
63,136,0.429,0.512,-0.044
63,137,0.496,0.577,-0.038
63,138,0.476,0.558,-0.04
63,139,0.456,0.539,-0.043
63,14,0.693,0.756,0.014
63,140,0.448,0.531,-0.044
63,141,0.465,0.548,-0.042
63,142,0.604,0.677,-0.03
63,143,0.74,0.796,-0.019
63,144,0.554,0.632,-0.034
63,145,0.668,0.734,-0.024
63,146,0.735,0.792,-0.019
63,147,0.741,0.797,-0.018
63,148,0.605,0.679,-0.028
63,149,0.895,0.92,-0.007
63,15,0.862,0.895,0.006
63,150,0.771,0.821,-0.015
63,151,0.98,0.985,0.001
63,152,0.797,0.843,-0.013
63,153,0.902,0.926,0.006
63,154,0.956,0.967,0.003
63,155,0.968,0.976,-0.002
63,156,0.925,0.944,0.005
63,157,0.693,0.755,0.019
63,158,0.579,0.654,0.026
63,159,0.631,0.702,0.022
63,16,0.718,0.777,0.013
63,160,0.723,0.781,0.016
63,161,0.785,0.833,0.012
63,162,0.793,0.84,0.012
63,163,0.779,0.828,0.013
63,164,0.453,0.536,0.033
63,165,0.593,0.667,0.024
63,166,0.623,0.694,0.022
63,167,0.71,0.77,0.016
63,168,0.548,0.626,0.026
63,169,0.695,0.757,0.017
63,17,0.838,0.876,0.007
63,170,0.931,0.948,0.004
63,171,0.86,0.894,0.008
63,172,0.667,0.733,0.018
63,173,0.861,0.894,0.007
63,174,0.921,0.941,0.004
63,175,0.897,0.922,0.006
63,176,0.419,0.502,0.034
63,177,0.778,0.827,0.012
63,178,0.864,0.896,0.007
63,179,0.837,0.875,0.009
63,18,0.694,0.756,0.014
63,180,0.848,0.883,0.008
63,181,0.705,0.765,0.016
63,182,0.716,0.775,0.016
63,183,0.806,0.85,0.011
63,184,0.864,0.897,0.007
63,185,0.805,0.849,0.011
63,186,0.776,0.826,-0.012
63,187,0.908,0.931,0.005
63,188,0.922,0.941,-0.004
63,189,0.995,0.996,-0.0
63,19,0.505,0.585,0.024
63,190,0.935,0.951,-0.004
63,191,0.877,0.906,-0.007
63,192,0.956,0.967,-0.002
63,193,0.816,0.858,-0.01
63,194,0.935,0.951,0.004
63,195,0.886,0.914,-0.006
63,196,0.931,0.948,0.004
63,197,0.874,0.904,-0.007
63,198,0.827,0.867,-0.01
63,199,0.874,0.904,-0.007
63,20,0.408,0.491,0.029
63,200,0.962,0.972,0.002
63,201,0.89,0.917,-0.006
63,202,0.972,0.979,-0.002
63,203,0.882,0.911,-0.007
63,204,0.973,0.98,-0.002
63,205,0.951,0.963,0.003
63,206,0.862,0.895,-0.008
63,207,0.943,0.958,-0.003
63,208,0.908,0.931,-0.005
63,209,0.95,0.963,0.003
63,21,0.53,0.609,0.022
63,210,0.727,0.785,-0.016
63,211,0.748,0.802,-0.014
63,212,0.769,0.819,-0.013
63,213,0.814,0.856,-0.011
63,214,0.842,0.879,-0.009
63,215,0.78,0.829,-0.013
63,216,0.666,0.732,-0.019
63,217,0.793,0.84,-0.012
63,218,0.809,0.852,-0.011
63,219,0.61,0.683,-0.023
63,22,0.557,0.634,0.021
63,220,0.852,0.887,-0.008
63,221,0.522,0.602,-0.029
63,222,0.553,0.631,-0.027
63,223,0.564,0.641,-0.026
63,224,0.473,0.555,-0.032
63,225,0.725,0.783,-0.016
63,226,0.73,0.787,-0.016
63,227,0.694,0.756,-0.018
63,228,0.636,0.706,-0.021
63,229,0.758,0.81,-0.014
63,23,0.669,0.734,0.015
63,230,0.541,0.619,-0.028
63,231,0.795,0.841,-0.012
63,232,0.741,0.796,-0.015
63,233,0.68,0.744,-0.019
63,234,0.758,0.81,-0.014
63,235,0.641,0.711,-0.022
63,236,0.518,0.598,-0.03
63,237,0.59,0.664,-0.025
63,238,0.573,0.65,-0.026
63,239,0.613,0.686,-0.024
63,24,0.528,0.607,0.023
63,240,0.435,0.518,-0.037
63,241,0.651,0.719,-0.022
63,242,0.733,0.79,-0.017
63,243,0.501,0.582,-0.033
63,244,0.533,0.612,-0.031
63,245,0.443,0.526,-0.039
63,246,0.562,0.639,-0.03
63,247,0.52,0.6,-0.034
63,248,0.611,0.684,-0.027
63,249,0.726,0.784,-0.019
63,25,0.314,0.395,0.036
63,250,0.77,0.821,-0.016
63,251,0.899,0.924,-0.007
63,26,0.378,0.461,0.032
63,27,0.652,0.72,0.016
63,28,0.477,0.559,0.026
63,29,0.615,0.687,0.019
63,30,0.655,0.723,0.017
63,31,0.712,0.772,0.014
63,32,0.811,0.854,0.009
63,33,0.834,0.872,0.008
63,34,0.738,0.793,0.013
63,35,0.727,0.784,0.013
63,36,0.788,0.835,0.01
63,37,0.754,0.807,0.012
63,38,0.937,0.953,0.003
63,39,0.919,0.939,0.004
63,40,0.951,0.964,-0.002
63,41,0.775,0.824,0.011
63,42,0.87,0.901,0.006
63,43,0.811,0.854,0.009
63,44,0.911,0.933,0.004
63,45,0.715,0.775,0.015
63,46,0.999,1.0,0.0
63,47,0.856,0.89,0.007
63,48,0.598,0.672,0.021
63,49,0.985,0.989,0.001
63,50,0.863,0.896,-0.007
63,51,0.908,0.93,-0.005
63,52,0.95,0.963,-0.003
63,53,0.944,0.958,-0.003
63,54,0.832,0.871,-0.009
63,55,0.886,0.914,-0.006
63,56,0.98,0.985,-0.001
63,57,0.98,0.986,0.001
63,58,0.762,0.814,0.013
63,59,0.904,0.928,0.005
63,6,0.832,0.871,0.008
63,60,0.71,0.77,0.016
63,61,0.853,0.887,0.008
63,62,0.759,0.811,0.013
63,63,0.736,0.792,0.014
63,64,0.537,0.616,0.026
63,65,0.726,0.784,0.015
63,66,0.745,0.8,0.013
63,67,0.557,0.634,0.024
63,68,0.602,0.676,0.022
63,69,0.555,0.633,0.024
63,7,0.931,0.948,0.003
63,70,0.539,0.618,0.025
63,71,0.947,0.961,0.003
63,72,0.833,0.872,0.009
63,73,0.632,0.702,0.02
63,74,0.457,0.54,0.031
63,75,0.599,0.673,0.022
63,76,0.498,0.58,0.028
63,77,0.728,0.785,0.014
63,78,0.636,0.706,0.019
63,79,0.641,0.71,0.019
63,8,0.841,0.878,-0.007
63,80,0.7,0.762,0.016
63,81,0.48,0.562,0.029
63,82,0.547,0.625,0.025
63,83,0.47,0.553,0.029
63,84,0.514,0.595,0.027
63,85,0.459,0.542,0.03
63,86,0.384,0.467,0.036
63,87,0.63,0.7,0.02
63,88,0.686,0.75,0.017
63,89,0.7,0.762,0.016
63,9,0.862,0.895,0.006
63,90,0.695,0.758,0.016
63,91,0.774,0.824,0.012
63,92,0.479,0.561,0.029
63,93,0.7,0.762,0.016
63,94,0.81,0.853,0.01
63,95,0.793,0.839,0.011
63,96,0.895,0.92,0.006
63,97,0.821,0.862,0.01
63,98,0.847,0.883,0.008
63,99,0.871,0.902,0.007
64,10,0.778,0.827,0.01
64,100,0.98,0.985,0.001
64,101,0.857,0.891,0.008
64,102,0.858,0.891,-0.008
64,103,0.909,0.931,0.005
64,104,0.683,0.747,-0.019
64,105,0.719,0.778,-0.017
64,106,0.851,0.886,-0.009
64,107,0.567,0.644,-0.029
64,108,0.779,0.828,-0.014
64,109,0.578,0.654,-0.029
64,11,0.835,0.873,0.008
64,110,0.561,0.638,-0.031
64,111,0.439,0.522,-0.042
64,112,0.44,0.523,-0.043
64,113,0.398,0.482,-0.047
64,114,0.419,0.502,-0.046
64,115,0.297,0.376,-0.059
64,116,0.397,0.48,-0.048
64,117,0.418,0.501,-0.046
64,118,0.439,0.522,-0.043
64,119,0.39,0.473,-0.048
64,12,0.875,0.905,0.006
64,120,0.43,0.513,-0.044
64,121,0.364,0.447,-0.05
64,122,0.437,0.52,-0.042
64,123,0.376,0.459,-0.048
64,124,0.45,0.533,-0.041
64,125,0.461,0.543,-0.04
64,126,0.455,0.538,-0.04
64,127,0.418,0.502,-0.044
64,128,0.448,0.53,-0.041
64,129,0.554,0.631,-0.032
64,13,0.793,0.84,0.009
64,130,0.682,0.746,-0.022
64,131,0.722,0.781,-0.019
64,132,0.654,0.722,-0.024
64,133,0.663,0.73,-0.024
64,134,0.605,0.678,-0.028
64,135,0.777,0.826,-0.016
64,136,0.6,0.674,-0.029
64,137,0.657,0.724,-0.025
64,138,0.709,0.77,-0.021
64,139,0.757,0.81,-0.018
64,14,0.866,0.898,0.006
64,140,0.684,0.747,-0.023
64,141,0.566,0.643,-0.033
64,142,0.615,0.687,-0.029
64,143,0.724,0.782,-0.02
64,144,0.588,0.663,-0.031
64,145,0.703,0.764,-0.021
64,146,0.526,0.605,-0.035
64,147,0.686,0.75,-0.022
64,148,0.594,0.668,-0.029
64,149,0.525,0.605,-0.034
64,15,0.596,0.67,0.019
64,150,0.663,0.729,-0.023
64,151,0.715,0.775,-0.019
64,152,0.718,0.777,-0.018
64,153,0.827,0.867,-0.011
64,154,0.822,0.863,-0.011
64,155,0.77,0.82,-0.014
64,156,0.959,0.969,-0.002
64,157,0.894,0.92,0.006
64,158,0.768,0.819,-0.014
64,159,0.885,0.913,0.007
64,16,0.633,0.703,0.017
64,160,0.784,0.832,0.013
64,161,0.964,0.973,0.002
64,162,0.925,0.944,0.004
64,163,0.791,0.837,0.012
64,164,0.823,0.863,0.01
64,165,0.771,0.821,0.013
64,166,0.979,0.984,-0.001
64,167,0.947,0.961,-0.003
64,168,0.817,0.859,0.01
64,169,0.915,0.936,0.005
64,17,0.77,0.821,0.01
64,170,0.687,0.751,-0.017
64,171,0.99,0.993,-0.001
64,172,0.844,0.88,-0.008
64,173,0.791,0.837,-0.011
64,174,0.847,0.883,0.008
64,175,0.873,0.903,0.007
64,176,0.77,0.821,0.012
64,177,0.783,0.831,0.012
64,178,0.873,0.904,0.007
64,179,0.991,0.994,-0.0
64,18,0.96,0.97,-0.002
64,180,0.774,0.823,0.012
64,181,0.662,0.728,0.019
64,182,0.734,0.79,0.015
64,183,0.939,0.954,0.003
64,184,0.945,0.959,0.003
64,185,0.811,0.854,0.01
64,186,0.925,0.944,0.004
64,187,0.608,0.681,0.022
64,188,0.948,0.962,0.003
64,189,0.809,0.852,0.011
64,19,0.689,0.752,0.014
64,190,0.792,0.839,-0.012
64,191,0.996,0.997,0.0
64,192,0.979,0.984,-0.001
64,193,0.912,0.934,0.005
64,194,0.941,0.956,0.003
64,195,0.989,0.992,0.001
64,196,0.979,0.985,-0.001
64,197,0.999,0.999,-0.0
64,198,0.9,0.925,-0.006
64,199,0.761,0.813,-0.014
64,20,0.589,0.664,0.019
64,200,0.889,0.916,-0.006
64,201,0.956,0.967,-0.002
64,202,0.932,0.949,-0.004
64,203,0.955,0.966,-0.003
64,204,0.909,0.932,-0.005
64,205,0.881,0.909,-0.007
64,206,0.706,0.766,-0.017
64,207,0.865,0.897,-0.008
64,208,0.996,0.997,-0.0
64,209,0.94,0.955,-0.003
64,21,0.657,0.724,0.016
64,210,0.872,0.902,-0.007
64,211,0.669,0.735,-0.019
64,212,0.6,0.674,-0.023
64,213,0.758,0.81,-0.014
64,214,0.739,0.794,-0.015
64,215,0.605,0.679,-0.023
64,216,0.659,0.726,-0.02
64,217,0.739,0.794,-0.015
64,218,0.803,0.848,-0.011
64,219,0.591,0.665,-0.024
64,22,0.81,0.853,0.009
64,220,0.762,0.814,-0.014
64,221,0.552,0.63,-0.027
64,222,0.58,0.655,-0.025
64,223,0.521,0.601,-0.029
64,224,0.471,0.554,-0.032
64,225,0.587,0.662,-0.024
64,226,0.62,0.692,-0.022
64,227,0.533,0.612,-0.028
64,228,0.616,0.688,-0.023
64,229,0.633,0.703,-0.022
64,23,0.729,0.786,0.012
64,230,0.536,0.615,-0.028
64,231,0.554,0.632,-0.027
64,232,0.483,0.565,-0.032
64,233,0.478,0.56,-0.033
64,234,0.567,0.644,-0.026
64,235,0.324,0.405,-0.046
64,236,0.426,0.509,-0.037
64,237,0.338,0.42,-0.045
64,238,0.288,0.367,-0.05
64,239,0.343,0.425,-0.045
64,24,0.699,0.761,0.014
64,240,0.421,0.505,-0.039
64,241,0.438,0.521,-0.038
64,242,0.442,0.525,-0.038
64,243,0.418,0.501,-0.04
64,244,0.462,0.544,-0.037
64,245,0.612,0.685,-0.026
64,246,0.518,0.598,-0.033
64,247,0.606,0.679,-0.027
64,248,0.511,0.592,-0.035
64,249,0.598,0.672,-0.029
64,25,0.584,0.659,0.02
64,250,0.628,0.698,-0.027
64,251,0.618,0.69,-0.028
64,26,0.619,0.691,0.018
64,27,0.82,0.862,0.008
64,28,0.768,0.819,0.011
64,29,0.75,0.804,0.012
64,30,0.582,0.657,0.02
64,31,0.846,0.882,0.007
64,32,0.929,0.947,-0.003
64,33,0.83,0.869,0.008
64,34,0.788,0.836,0.01
64,35,0.763,0.815,0.011
64,36,0.616,0.688,0.019
64,37,0.847,0.883,0.007
64,38,0.825,0.865,0.009
64,39,0.993,0.995,-0.0
64,40,0.854,0.889,0.007
64,41,0.936,0.952,-0.003
64,42,0.918,0.939,-0.004
64,43,0.998,0.998,0.0
64,44,0.84,0.877,0.008
64,45,0.908,0.931,-0.005
64,46,0.971,0.978,-0.001
64,47,0.894,0.92,0.005
64,48,0.977,0.983,-0.001
64,49,0.805,0.849,0.01
64,50,0.708,0.768,0.015
64,51,0.807,0.85,0.01
64,52,0.847,0.883,0.008
64,53,0.815,0.857,0.01
64,54,0.75,0.804,0.013
64,55,0.97,0.978,0.002
64,56,0.71,0.77,0.015
64,57,0.657,0.724,0.018
64,58,0.724,0.782,0.015
64,59,0.833,0.872,0.009
64,6,0.943,0.957,0.003
64,60,0.953,0.965,0.002
64,61,0.845,0.882,0.008
64,62,0.7,0.762,0.016
64,63,0.903,0.927,0.005
64,64,0.861,0.894,0.007
64,65,0.802,0.847,0.01
64,66,0.932,0.949,0.004
64,67,0.829,0.869,0.009
64,68,0.58,0.655,0.023
64,69,0.571,0.647,0.023
64,7,0.931,0.948,0.003
64,70,0.532,0.611,0.026
64,71,0.51,0.59,0.027
64,72,0.589,0.663,0.022
64,73,0.807,0.851,0.01
64,74,0.62,0.692,0.02
64,75,0.757,0.81,0.013
64,76,0.7,0.762,0.016
64,77,0.5,0.581,0.028
64,78,0.533,0.612,0.025
64,79,0.584,0.66,0.022
64,8,0.843,0.879,0.007
64,80,0.697,0.759,0.016
64,81,0.527,0.607,0.026
64,82,0.72,0.778,0.015
64,83,0.949,0.962,-0.003
64,84,0.863,0.896,0.007
64,85,0.668,0.734,0.017
64,86,0.579,0.655,0.023
64,87,0.677,0.742,0.017
64,88,0.822,0.863,0.009
64,89,0.762,0.814,0.012
64,9,0.914,0.936,-0.004
64,90,0.478,0.56,0.029
64,91,0.532,0.611,0.026
64,92,0.649,0.717,0.019
64,93,0.863,0.896,0.007
64,94,0.901,0.925,0.005
64,95,0.927,0.945,0.004
64,96,0.822,0.863,0.01
64,97,0.961,0.971,0.002
64,98,0.878,0.908,-0.007
64,99,0.983,0.987,0.001
65,10,0.69,0.753,0.015
65,100,0.864,0.896,-0.008
65,101,0.854,0.889,-0.008
65,102,0.886,0.914,-0.006
65,103,0.835,0.874,-0.01
65,104,0.9,0.924,-0.006
65,105,0.821,0.862,-0.011
65,106,0.554,0.632,-0.029
65,107,0.755,0.808,-0.016
65,108,0.563,0.64,-0.029
65,109,0.571,0.647,-0.03
65,11,0.894,0.92,-0.005
65,110,0.658,0.725,-0.024
65,111,0.5,0.581,-0.037
65,112,0.467,0.549,-0.04
65,113,0.419,0.502,-0.045
65,114,0.489,0.571,-0.039
65,115,0.425,0.508,-0.046
65,116,0.479,0.561,-0.041
65,117,0.493,0.574,-0.039
65,118,0.447,0.53,-0.043
65,119,0.424,0.507,-0.045
65,12,0.672,0.737,0.015
65,120,0.551,0.629,-0.034
65,121,0.467,0.549,-0.041
65,122,0.541,0.62,-0.034
65,123,0.6,0.674,-0.029
65,124,0.612,0.684,-0.028
65,125,0.787,0.835,-0.015
65,126,0.548,0.627,-0.033
65,127,0.626,0.697,-0.027
65,128,0.638,0.708,-0.026
65,129,0.6,0.674,-0.028
65,13,0.717,0.776,0.013
65,130,0.592,0.667,-0.029
65,131,0.589,0.664,-0.029
65,132,0.706,0.767,-0.021
65,133,0.636,0.706,-0.026
65,134,0.496,0.577,-0.038
65,135,0.477,0.559,-0.04
65,136,0.471,0.554,-0.04
65,137,0.473,0.555,-0.041
65,138,0.441,0.524,-0.044
65,139,0.466,0.548,-0.042
65,14,0.816,0.858,0.008
65,140,0.294,0.373,-0.061
65,141,0.388,0.471,-0.05
65,142,0.427,0.51,-0.046
65,143,0.541,0.619,-0.035
65,144,0.496,0.578,-0.038
65,145,0.618,0.689,-0.028
65,146,0.548,0.626,-0.033
65,147,0.595,0.669,-0.029
65,148,0.597,0.671,-0.028
65,149,0.831,0.87,-0.011
65,15,0.867,0.899,0.006
65,150,0.896,0.921,-0.007
65,151,0.812,0.855,-0.012
65,152,0.769,0.82,-0.015
65,153,0.903,0.927,-0.006
65,154,0.839,0.876,-0.01
65,155,0.905,0.929,0.006
65,156,0.983,0.987,0.001
65,157,0.794,0.84,0.012
65,158,0.822,0.863,0.011
65,159,0.71,0.77,0.017
65,16,0.865,0.897,-0.006
65,160,0.737,0.793,0.015
65,161,0.664,0.73,0.02
65,162,0.781,0.83,0.012
65,163,0.652,0.72,0.02
65,164,0.699,0.761,0.017
65,165,0.684,0.748,0.018
65,166,0.709,0.769,0.016
65,167,0.795,0.841,0.011
65,168,0.826,0.866,0.009
65,169,0.682,0.746,0.018
65,17,0.898,0.923,0.005
65,170,0.859,0.892,0.008
65,171,0.8,0.845,0.011
65,172,0.709,0.769,0.016
65,173,0.597,0.671,0.023
65,174,0.771,0.821,0.012
65,175,0.602,0.675,0.022
65,176,0.769,0.82,0.013
65,177,0.851,0.886,0.008
65,178,0.942,0.956,0.003
65,179,0.96,0.97,0.002
65,18,0.897,0.922,0.005
65,180,0.878,0.907,0.007
65,181,0.971,0.978,-0.002
65,182,0.797,0.843,0.011
65,183,0.98,0.985,0.001
65,184,0.918,0.938,-0.004
65,185,0.878,0.908,0.007
65,186,0.971,0.978,0.002
65,187,1.0,1.0,0.0
65,188,0.969,0.977,-0.002
65,189,0.834,0.872,0.009
65,19,0.955,0.967,-0.002
65,190,0.871,0.902,0.007
65,191,0.759,0.811,0.013
65,192,0.862,0.895,0.008
65,193,0.94,0.955,0.003
65,194,0.889,0.916,0.006
65,195,0.979,0.985,0.001
65,196,0.881,0.91,0.007
65,197,0.895,0.921,0.006
65,198,0.916,0.937,-0.005
65,199,0.923,0.942,-0.004
65,20,0.902,0.926,-0.004
65,200,0.954,0.966,0.003
65,201,0.962,0.972,-0.002
65,202,0.99,0.992,0.001
65,203,0.978,0.984,0.001
65,204,0.992,0.994,-0.0
65,205,0.976,0.982,-0.001
65,206,0.858,0.892,-0.008
65,207,0.927,0.945,-0.004
65,208,0.747,0.801,-0.014
65,209,0.933,0.95,-0.004
65,21,0.866,0.898,0.006
65,210,0.813,0.856,-0.011
65,211,0.884,0.912,-0.006
65,212,0.753,0.806,-0.014
65,213,0.857,0.891,-0.008
65,214,0.788,0.836,-0.012
65,215,0.828,0.868,-0.01
65,216,0.854,0.888,-0.008
65,217,0.922,0.941,-0.004
65,218,0.984,0.988,-0.001
65,219,0.94,0.955,-0.003
65,22,0.955,0.966,0.002
65,220,0.839,0.876,-0.009
65,221,0.853,0.888,-0.008
65,222,0.911,0.933,0.005
65,223,0.95,0.963,0.003
65,224,0.942,0.957,0.003
65,225,0.957,0.968,-0.002
65,226,0.84,0.878,-0.009
65,227,0.867,0.899,-0.008
65,228,0.759,0.811,-0.014
65,229,0.9,0.924,-0.006
65,23,0.95,0.963,0.002
65,230,0.942,0.957,-0.003
65,231,0.888,0.915,-0.006
65,232,0.853,0.888,-0.008
65,233,0.926,0.945,-0.004
65,234,0.629,0.7,-0.022
65,235,0.627,0.698,-0.023
65,236,0.479,0.561,-0.033
65,237,0.535,0.614,-0.029
65,238,0.468,0.55,-0.034
65,239,0.548,0.626,-0.029
65,24,0.744,0.799,0.012
65,240,0.52,0.6,-0.031
65,241,0.328,0.409,-0.048
65,242,0.281,0.36,-0.053
65,243,0.303,0.383,-0.051
65,244,0.365,0.448,-0.046
65,245,0.315,0.396,-0.051
65,246,0.443,0.526,-0.04
65,247,0.39,0.473,-0.045
65,248,0.484,0.566,-0.038
65,249,0.452,0.535,-0.041
65,25,0.884,0.912,0.005
65,250,0.396,0.479,-0.047
65,251,0.477,0.559,-0.04
65,26,0.96,0.97,0.002
65,27,0.722,0.78,0.013
65,28,0.989,0.992,-0.0
65,29,0.79,0.837,0.01
65,30,0.94,0.955,0.003
65,31,0.647,0.715,0.017
65,32,0.679,0.743,0.016
65,33,0.86,0.893,0.007
65,34,0.732,0.789,0.013
65,35,0.878,0.907,0.006
65,36,0.95,0.963,0.002
65,37,0.927,0.945,-0.004
65,38,0.943,0.957,0.003
65,39,0.973,0.98,-0.001
65,40,0.812,0.855,-0.009
65,41,0.756,0.809,0.012
65,42,0.935,0.951,-0.003
65,43,0.762,0.814,-0.012
65,44,0.998,0.998,-0.0
65,45,0.82,0.861,-0.009
65,46,0.766,0.817,-0.012
65,47,0.841,0.878,-0.008
65,48,0.99,0.993,0.0
65,49,0.925,0.944,0.004
65,50,0.805,0.849,-0.01
65,51,0.995,0.996,0.0
65,52,0.805,0.849,0.01
65,53,0.924,0.943,-0.004
65,54,0.976,0.982,-0.001
65,55,0.978,0.984,0.001
65,56,0.932,0.949,0.004
65,57,0.868,0.9,-0.007
65,58,0.92,0.94,-0.004
65,59,0.883,0.911,-0.006
65,6,0.832,0.871,0.008
65,60,0.918,0.939,-0.004
65,61,0.95,0.963,-0.003
65,62,0.884,0.912,-0.006
65,63,0.963,0.972,-0.002
65,64,0.892,0.918,-0.006
65,65,0.76,0.813,-0.013
65,66,0.804,0.848,-0.01
65,67,0.907,0.93,-0.005
65,68,0.728,0.785,-0.014
65,69,0.886,0.913,0.006
65,7,0.951,0.963,-0.002
65,70,0.916,0.937,0.004
65,71,0.949,0.962,-0.003
65,72,0.993,0.995,0.0
65,73,0.855,0.889,-0.008
65,74,0.982,0.987,0.001
65,75,0.778,0.827,0.012
65,76,0.802,0.847,0.01
65,77,0.944,0.958,0.003
65,78,0.87,0.901,0.007
65,79,0.788,0.835,0.011
65,8,0.932,0.949,0.003
65,80,0.671,0.737,0.017
65,81,0.519,0.599,0.026
65,82,0.724,0.782,0.014
65,83,0.772,0.822,0.012
65,84,0.664,0.73,0.018
65,85,0.778,0.827,0.011
65,86,0.755,0.808,0.013
65,87,0.577,0.653,0.023
65,88,0.719,0.778,0.015
65,89,0.673,0.738,0.017
65,9,0.958,0.969,0.002
65,90,0.755,0.808,0.013
65,91,0.964,0.973,0.002
65,92,0.849,0.884,-0.008
65,93,0.895,0.921,-0.006
65,94,0.896,0.921,-0.006
65,95,0.99,0.993,0.001
65,96,0.724,0.782,-0.015
65,97,0.929,0.947,-0.004
65,98,0.88,0.909,-0.007
65,99,0.936,0.952,-0.004
66,10,0.821,0.862,-0.008
66,100,0.865,0.897,-0.007
66,101,0.977,0.983,-0.001
66,102,0.91,0.933,-0.005
66,103,0.934,0.951,-0.004
66,104,0.811,0.854,-0.011
66,105,0.988,0.991,-0.001
66,106,0.917,0.938,-0.005
66,107,0.731,0.788,-0.017
66,108,0.942,0.957,-0.004
66,109,0.872,0.903,-0.008
66,11,0.922,0.942,-0.004
66,110,0.852,0.887,-0.01
66,111,0.9,0.924,-0.007
66,112,0.514,0.594,-0.036
66,113,0.511,0.592,-0.037
66,114,0.699,0.761,-0.022
66,115,0.6,0.674,-0.03
66,116,0.454,0.537,-0.043
66,117,0.499,0.58,-0.039
66,118,0.37,0.453,-0.052
66,119,0.531,0.611,-0.036
66,12,0.759,0.812,-0.011
66,120,0.528,0.607,-0.036
66,121,0.32,0.401,-0.057
66,122,0.348,0.43,-0.053
66,123,0.324,0.405,-0.056
66,124,0.395,0.478,-0.048
66,125,0.454,0.536,-0.042
66,126,0.483,0.565,-0.039
66,127,0.464,0.546,-0.041
66,128,0.423,0.506,-0.045
66,129,0.474,0.557,-0.04
66,13,0.815,0.857,-0.008
66,130,0.524,0.604,-0.035
66,131,0.513,0.594,-0.036
66,132,0.63,0.7,-0.027
66,133,0.691,0.754,-0.022
66,134,0.877,0.906,-0.009
66,135,0.8,0.845,-0.014
66,136,0.723,0.781,-0.02
66,137,0.812,0.855,-0.014
66,138,0.8,0.845,-0.015
66,139,0.8,0.845,-0.015
66,14,0.933,0.95,-0.003
66,140,0.721,0.779,-0.021
66,141,0.759,0.811,-0.018
66,142,0.574,0.65,-0.032
66,143,0.692,0.755,-0.022
66,144,0.711,0.771,-0.021
66,145,0.725,0.783,-0.019
66,146,0.745,0.8,-0.018
66,147,0.711,0.771,-0.02
66,148,0.862,0.895,-0.009
66,149,0.788,0.835,-0.014
66,15,0.719,0.778,-0.013
66,150,0.921,0.941,0.005
66,151,0.784,0.832,-0.014
66,152,0.849,0.885,-0.009
66,153,0.849,0.885,-0.009
66,154,0.935,0.951,0.004
66,155,0.832,0.871,0.01
66,156,0.902,0.926,0.006
66,157,0.929,0.947,-0.004
66,158,0.775,0.824,0.013
66,159,0.859,0.893,0.008
66,16,0.879,0.908,0.005
66,160,0.805,0.85,0.011
66,161,0.765,0.817,0.013
66,162,0.865,0.897,0.008
66,163,0.806,0.85,0.011
66,164,0.981,0.986,0.001
66,165,0.868,0.899,0.007
66,166,0.79,0.837,0.012
66,167,0.676,0.741,0.018
66,168,0.782,0.83,0.012
66,169,0.752,0.805,0.014
66,17,0.959,0.97,-0.002
66,170,0.712,0.772,0.016
66,171,0.693,0.756,0.017
66,172,0.843,0.88,0.008
66,173,0.812,0.855,0.01
66,174,0.662,0.728,0.019
66,175,0.682,0.746,0.017
66,176,0.767,0.818,0.013
66,177,0.952,0.964,-0.003
66,178,0.932,0.949,0.004
66,179,0.835,0.873,0.009
66,18,0.798,0.843,-0.009
66,180,0.873,0.903,0.007
66,181,0.86,0.893,0.008
66,182,0.951,0.964,0.003
66,183,0.756,0.809,0.013
66,184,0.959,0.969,0.002
66,185,0.806,0.85,0.011
66,186,0.981,0.986,0.001
66,187,0.947,0.96,0.003
66,188,0.966,0.975,-0.002
66,189,0.856,0.89,-0.008
66,19,0.939,0.954,-0.003
66,190,0.873,0.904,-0.007
66,191,0.83,0.869,-0.009
66,192,0.905,0.929,0.005
66,193,0.807,0.851,-0.011
66,194,0.849,0.885,-0.008
66,195,0.943,0.957,0.003
66,196,0.869,0.9,0.007
66,197,0.869,0.9,-0.007
66,198,0.798,0.843,-0.011
66,199,0.701,0.763,-0.017
66,20,0.918,0.938,0.004
66,200,0.734,0.79,-0.015
66,201,0.859,0.893,0.008
66,202,0.864,0.896,0.008
66,203,0.875,0.905,0.007
66,204,0.997,0.998,0.0
66,205,0.897,0.922,-0.006
66,206,0.833,0.872,-0.009
66,207,0.792,0.839,-0.012
66,208,0.894,0.92,-0.006
66,209,0.787,0.835,-0.012
66,21,0.934,0.95,0.003
66,210,0.643,0.712,-0.021
66,211,0.984,0.988,-0.001
66,212,0.798,0.843,-0.011
66,213,0.837,0.875,-0.009
66,214,0.745,0.8,-0.015
66,215,0.774,0.824,-0.013
66,216,0.618,0.69,-0.022
66,217,0.716,0.775,-0.016
66,218,0.903,0.927,-0.005
66,219,0.987,0.99,-0.001
66,22,0.926,0.945,-0.003
66,220,0.879,0.908,0.007
66,221,0.898,0.923,0.006
66,222,0.996,0.997,-0.0
66,223,0.93,0.948,-0.004
66,224,0.966,0.975,0.002
66,225,0.834,0.873,0.009
66,226,0.904,0.928,0.005
66,227,0.994,0.995,-0.0
66,228,0.958,0.969,-0.002
66,229,0.697,0.759,0.018
66,23,0.962,0.972,0.002
66,230,0.871,0.902,0.007
66,231,0.868,0.9,-0.008
66,232,0.972,0.979,0.002
66,233,0.86,0.893,0.008
66,234,0.838,0.876,0.009
66,235,0.922,0.942,-0.005
66,236,0.723,0.781,-0.017
66,237,0.848,0.884,-0.009
66,238,0.904,0.928,-0.006
66,239,0.869,0.9,-0.008
66,24,0.81,0.853,-0.009
66,240,0.748,0.802,-0.016
66,241,0.782,0.831,-0.014
66,242,0.618,0.69,-0.025
66,243,0.863,0.896,-0.009
66,244,0.891,0.918,-0.007
66,245,0.878,0.907,-0.008
66,246,0.761,0.813,-0.016
66,247,0.837,0.875,-0.011
66,248,0.911,0.933,-0.006
66,249,0.884,0.912,-0.008
66,25,0.803,0.848,-0.009
66,250,0.988,0.991,-0.001
66,251,0.929,0.947,-0.005
66,26,0.952,0.964,-0.002
66,27,0.858,0.891,-0.007
66,28,0.797,0.842,-0.009
66,29,0.778,0.827,-0.01
66,30,0.951,0.963,-0.002
66,31,0.797,0.843,-0.01
66,32,0.903,0.927,-0.005
66,33,0.731,0.788,-0.013
66,34,0.588,0.663,-0.02
66,35,0.575,0.651,-0.021
66,36,0.718,0.777,-0.014
66,37,0.639,0.709,-0.018
66,38,0.662,0.728,-0.017
66,39,0.901,0.925,-0.005
66,40,0.818,0.86,-0.009
66,41,0.862,0.895,-0.007
66,42,0.937,0.953,-0.003
66,43,0.969,0.977,0.002
66,44,0.975,0.981,-0.001
66,45,0.901,0.926,-0.005
66,46,0.949,0.962,0.003
66,47,0.902,0.926,-0.005
66,48,0.957,0.968,0.002
66,49,0.867,0.899,0.007
66,50,0.945,0.959,0.003
66,51,0.825,0.865,0.009
66,52,0.984,0.988,-0.001
66,53,0.753,0.806,0.013
66,54,0.791,0.838,0.011
66,55,0.699,0.761,0.016
66,56,0.748,0.802,0.013
66,57,0.616,0.688,0.021
66,58,0.879,0.908,0.006
66,59,0.894,0.92,0.006
66,6,0.836,0.874,-0.008
66,60,0.866,0.898,0.007
66,61,0.697,0.759,0.016
66,62,0.863,0.896,0.007
66,63,0.941,0.956,0.003
66,64,0.93,0.948,0.004
66,65,0.855,0.889,0.008
66,66,0.965,0.974,0.002
66,67,0.916,0.937,0.004
66,68,0.946,0.959,0.003
66,69,0.84,0.877,0.008
66,7,0.819,0.861,-0.009
66,70,0.933,0.95,0.003
66,71,0.945,0.959,0.003
66,72,0.977,0.983,0.001
66,73,0.834,0.873,0.009
66,74,0.844,0.881,0.008
66,75,0.882,0.911,-0.006
66,76,0.909,0.932,-0.005
66,77,0.9,0.925,0.005
66,78,0.988,0.991,0.001
66,79,0.981,0.986,0.001
66,8,0.711,0.771,-0.014
66,80,0.624,0.695,0.02
66,81,0.659,0.726,0.018
66,82,0.88,0.909,0.006
66,83,0.674,0.739,0.017
66,84,0.902,0.926,0.005
66,85,0.996,0.997,-0.0
66,86,0.851,0.886,0.008
66,87,0.773,0.823,0.012
66,88,0.695,0.758,0.016
66,89,0.601,0.674,0.021
66,9,0.758,0.81,-0.011
66,90,0.82,0.862,0.009
66,91,0.827,0.867,0.009
66,92,0.775,0.825,0.012
66,93,0.794,0.84,0.011
66,94,0.921,0.941,0.004
66,95,0.836,0.874,-0.009
66,96,0.892,0.918,-0.006
66,97,0.946,0.96,0.003
66,98,0.933,0.95,0.004
66,99,0.906,0.929,-0.005
67,10,0.905,0.929,0.004
67,100,0.759,0.811,-0.013
67,101,0.685,0.749,-0.018
67,102,0.582,0.657,-0.025
67,103,0.655,0.722,-0.02
67,104,0.691,0.754,-0.018
67,105,0.494,0.575,-0.032
67,106,0.551,0.629,-0.028
67,107,0.656,0.723,-0.022
67,108,0.573,0.649,-0.028
67,109,0.585,0.66,-0.028
67,11,0.939,0.954,0.003
67,110,0.426,0.509,-0.041
67,111,0.388,0.471,-0.046
67,112,0.615,0.687,-0.027
67,113,0.515,0.596,-0.036
67,114,0.389,0.473,-0.049
67,115,0.419,0.502,-0.046
67,116,0.605,0.678,-0.03
67,117,0.408,0.491,-0.048
67,118,0.435,0.518,-0.046
67,119,0.432,0.515,-0.046
67,12,0.951,0.963,0.002
67,120,0.453,0.536,-0.044
67,121,0.477,0.559,-0.041
67,122,0.372,0.455,-0.052
67,123,0.422,0.505,-0.047
67,124,0.532,0.612,-0.036
67,125,0.516,0.596,-0.038
67,126,0.548,0.627,-0.035
67,127,0.581,0.656,-0.032
67,128,0.625,0.696,-0.028
67,129,0.542,0.62,-0.035
67,13,0.981,0.986,-0.001
67,130,0.502,0.583,-0.038
67,131,0.502,0.583,-0.038
67,132,0.522,0.602,-0.037
67,133,0.493,0.575,-0.039
67,134,0.491,0.573,-0.04
67,135,0.465,0.548,-0.042
67,136,0.423,0.507,-0.047
67,137,0.431,0.514,-0.046
67,138,0.38,0.463,-0.051
67,139,0.707,0.767,-0.022
67,14,0.859,0.892,-0.006
67,140,0.682,0.746,-0.024
67,141,0.672,0.737,-0.024
67,142,0.578,0.654,-0.032
67,143,0.408,0.491,-0.047
67,144,0.518,0.599,-0.036
67,145,0.575,0.651,-0.031
67,146,0.658,0.725,-0.024
67,147,0.431,0.514,-0.042
67,148,0.472,0.554,-0.037
67,149,0.637,0.706,-0.024
67,15,0.834,0.873,-0.007
67,150,0.579,0.654,-0.028
67,151,0.668,0.734,-0.021
67,152,0.755,0.808,-0.015
67,153,0.88,0.909,-0.007
67,154,0.599,0.673,-0.025
67,155,0.663,0.73,-0.021
67,156,0.77,0.82,-0.014
67,157,0.72,0.779,-0.017
67,158,0.884,0.912,-0.007
67,159,0.893,0.919,0.006
67,16,0.872,0.903,0.006
67,160,0.824,0.864,0.01
67,161,0.868,0.899,-0.007
67,162,0.992,0.994,0.0
67,163,0.952,0.964,0.003
67,164,0.972,0.979,0.002
67,165,0.773,0.823,0.013
67,166,0.869,0.9,0.007
67,167,0.951,0.964,0.003
67,168,0.805,0.849,0.011
67,169,0.791,0.838,0.011
67,17,0.899,0.924,0.004
67,170,0.783,0.831,0.012
67,171,0.92,0.94,0.004
67,172,0.968,0.976,0.002
67,173,0.814,0.857,0.01
67,174,0.653,0.721,0.019
67,175,0.687,0.751,0.017
67,176,0.69,0.753,0.017
67,177,0.802,0.846,0.011
67,178,0.76,0.812,0.013
67,179,0.646,0.715,0.02
67,18,0.969,0.977,0.001
67,180,0.705,0.765,0.016
67,181,0.771,0.821,0.013
67,182,0.843,0.88,0.009
67,183,0.755,0.808,0.013
67,184,0.726,0.784,0.015
67,185,0.691,0.754,0.017
67,186,0.797,0.843,0.011
67,187,0.87,0.901,0.007
67,188,0.957,0.968,-0.002
67,189,0.941,0.956,-0.003
67,19,0.739,0.794,-0.012
67,190,0.975,0.981,0.001
67,191,0.855,0.89,-0.008
67,192,0.959,0.969,-0.002
67,193,0.969,0.977,-0.002
67,194,0.963,0.972,-0.002
67,195,0.794,0.84,-0.012
67,196,0.68,0.745,-0.018
67,197,0.719,0.777,-0.016
67,198,0.74,0.795,-0.015
67,199,0.752,0.805,-0.014
67,20,0.94,0.955,-0.003
67,200,0.743,0.798,-0.015
67,201,0.874,0.904,-0.007
67,202,0.721,0.779,-0.016
67,203,0.69,0.753,-0.018
67,204,0.695,0.757,-0.018
67,205,0.951,0.963,-0.003
67,206,0.879,0.908,-0.007
67,207,0.843,0.88,-0.009
67,208,0.737,0.793,-0.015
67,209,0.766,0.817,-0.013
67,21,0.957,0.968,0.002
67,210,0.855,0.89,-0.008
67,211,0.727,0.784,-0.016
67,212,0.652,0.72,-0.02
67,213,0.713,0.773,-0.017
67,214,0.613,0.685,-0.023
67,215,0.58,0.656,-0.025
67,216,0.726,0.783,-0.016
67,217,0.51,0.59,-0.03
67,218,0.665,0.731,-0.019
67,219,0.668,0.734,-0.019
67,22,0.78,0.829,-0.01
67,220,0.654,0.722,-0.02
67,221,0.538,0.617,-0.027
67,222,0.757,0.809,-0.014
67,223,0.725,0.783,-0.016
67,224,0.803,0.847,-0.011
67,225,0.876,0.905,-0.007
67,226,0.925,0.944,-0.004
67,227,0.928,0.946,-0.004
67,228,0.85,0.885,-0.009
67,229,0.707,0.767,-0.017
67,23,0.954,0.966,-0.002
67,230,0.552,0.63,-0.027
67,231,0.691,0.754,-0.018
67,232,0.726,0.784,-0.016
67,233,0.959,0.969,-0.002
67,234,0.983,0.987,-0.001
67,235,0.619,0.691,-0.023
67,236,0.769,0.819,-0.014
67,237,0.9,0.925,-0.006
67,238,0.725,0.783,-0.017
67,239,0.874,0.904,-0.008
67,24,0.771,0.821,-0.01
67,240,0.808,0.851,-0.012
67,241,0.827,0.867,-0.011
67,242,0.826,0.866,-0.011
67,243,0.87,0.901,-0.008
67,244,0.937,0.953,-0.004
67,245,0.948,0.961,-0.003
67,246,0.917,0.937,-0.006
67,247,0.825,0.865,-0.012
67,248,0.882,0.911,-0.008
67,249,0.973,0.98,-0.002
67,25,0.83,0.87,0.008
67,250,0.968,0.976,0.002
67,251,0.993,0.995,0.001
67,26,0.747,0.801,-0.012
67,27,0.792,0.838,-0.01
67,28,0.893,0.919,-0.005
67,29,0.897,0.922,0.005
67,30,0.819,0.861,-0.008
67,31,0.989,0.992,-0.0
67,32,0.897,0.922,-0.005
67,33,0.948,0.961,-0.002
67,34,0.93,0.947,0.003
67,35,0.892,0.918,-0.005
67,36,0.882,0.91,-0.006
67,37,0.693,0.755,-0.015
67,38,0.834,0.873,-0.008
67,39,0.683,0.747,-0.016
67,40,0.926,0.945,-0.004
67,41,0.924,0.943,-0.004
67,42,0.816,0.858,-0.009
67,43,0.794,0.84,-0.01
67,44,0.86,0.893,-0.007
67,45,0.717,0.776,-0.014
67,46,0.89,0.916,-0.006
67,47,0.759,0.812,-0.012
67,48,0.864,0.896,-0.007
67,49,0.976,0.982,-0.001
67,50,0.694,0.756,-0.016
67,51,0.935,0.952,-0.003
67,52,0.952,0.964,0.002
67,53,0.925,0.944,-0.004
67,54,0.947,0.961,0.003
67,55,0.956,0.967,-0.002
67,56,0.817,0.859,0.01
67,57,0.962,0.972,0.002
67,58,0.979,0.984,-0.001
67,59,0.962,0.972,-0.002
67,6,0.83,0.869,0.008
67,60,0.932,0.949,0.004
67,61,0.976,0.982,0.001
67,62,0.891,0.917,0.006
67,63,0.782,0.83,0.011
67,64,0.956,0.967,0.002
67,65,0.739,0.795,0.014
67,66,0.821,0.862,0.009
67,67,0.88,0.909,0.006
67,68,0.887,0.915,-0.006
67,69,0.918,0.938,0.004
67,7,0.802,0.847,0.009
67,70,0.872,0.903,0.007
67,71,0.982,0.987,0.001
67,72,0.882,0.91,0.006
67,73,0.762,0.814,0.012
67,74,0.821,0.862,0.009
67,75,0.958,0.969,-0.002
67,76,0.835,0.874,0.008
67,77,0.851,0.886,0.008
67,78,0.883,0.911,0.006
67,79,0.932,0.949,-0.003
67,8,0.877,0.907,0.006
67,80,0.967,0.976,0.002
67,81,0.988,0.991,-0.001
67,82,0.905,0.928,0.005
67,83,0.949,0.962,0.003
67,84,0.997,0.998,-0.0
67,85,0.954,0.965,0.002
67,86,0.914,0.935,-0.004
67,87,0.945,0.959,0.003
67,88,0.961,0.971,-0.002
67,89,0.891,0.918,-0.006
67,9,0.899,0.924,0.005
67,90,0.897,0.922,-0.005
67,91,0.887,0.914,-0.006
67,92,0.892,0.918,0.006
67,93,0.997,0.998,0.0
67,94,0.784,0.832,-0.011
67,95,0.804,0.849,-0.01
67,96,0.853,0.887,-0.008
67,97,0.809,0.852,-0.01
67,98,0.777,0.826,-0.012
67,99,0.875,0.905,-0.007
68,10,0.803,0.848,-0.009
68,100,0.691,0.754,-0.017
68,101,0.732,0.789,-0.015
68,102,0.43,0.513,-0.035
68,103,0.547,0.625,-0.027
68,104,0.641,0.71,-0.021
68,105,0.558,0.636,-0.027
68,106,0.306,0.386,-0.048
68,107,0.459,0.542,-0.035
68,108,0.372,0.455,-0.043
68,109,0.533,0.612,-0.031
68,11,0.608,0.681,-0.018
68,110,0.417,0.501,-0.041
68,111,0.349,0.432,-0.048
68,112,0.429,0.512,-0.042
68,113,0.368,0.45,-0.049
68,114,0.312,0.393,-0.056
68,115,0.324,0.405,-0.056
68,116,0.242,0.316,-0.067
68,117,0.363,0.446,-0.053
68,118,0.325,0.406,-0.058
68,119,0.352,0.434,-0.055
68,12,0.61,0.683,-0.018
68,120,0.258,0.334,-0.067
68,121,0.405,0.489,-0.05
68,122,0.355,0.438,-0.055
68,123,0.396,0.479,-0.051
68,124,0.278,0.356,-0.065
68,125,0.26,0.336,-0.067
68,126,0.332,0.414,-0.058
68,127,0.362,0.445,-0.054
68,128,0.348,0.43,-0.056
68,129,0.367,0.45,-0.053
68,13,0.489,0.571,-0.025
68,130,0.493,0.574,-0.041
68,131,0.317,0.398,-0.059
68,132,0.474,0.556,-0.042
68,133,0.377,0.46,-0.052
68,134,0.359,0.441,-0.054
68,135,0.376,0.459,-0.052
68,136,0.409,0.492,-0.049
68,137,0.352,0.434,-0.055
68,138,0.409,0.493,-0.048
68,139,0.316,0.397,-0.058
68,14,0.629,0.699,-0.017
68,140,0.485,0.567,-0.04
68,141,0.481,0.563,-0.04
68,142,0.365,0.448,-0.051
68,143,0.444,0.527,-0.042
68,144,0.498,0.579,-0.037
68,145,0.565,0.642,-0.031
68,146,0.728,0.785,-0.018
68,147,0.537,0.616,-0.032
68,148,0.714,0.774,-0.019
68,149,0.514,0.594,-0.033
68,15,0.322,0.403,-0.035
68,150,0.61,0.682,-0.025
68,151,0.628,0.699,-0.024
68,152,0.518,0.598,-0.031
68,153,0.67,0.736,-0.02
68,154,0.871,0.902,-0.008
68,155,0.942,0.957,-0.003
68,156,0.841,0.878,-0.009
68,157,0.917,0.938,-0.005
68,158,0.977,0.983,-0.001
68,159,0.917,0.938,-0.005
68,16,0.564,0.641,-0.02
68,160,0.864,0.896,-0.008
68,161,0.96,0.97,-0.002
68,162,0.958,0.969,-0.002
68,163,0.866,0.898,-0.007
68,164,0.83,0.869,0.009
68,165,0.879,0.909,0.007
68,166,0.955,0.967,0.002
68,167,0.832,0.871,0.009
68,168,0.885,0.912,0.006
68,169,0.882,0.911,0.006
68,17,0.777,0.826,-0.01
68,170,0.956,0.967,-0.002
68,171,0.871,0.902,0.007
68,172,0.74,0.795,0.014
68,173,0.718,0.777,0.015
68,174,0.791,0.838,0.011
68,175,0.679,0.743,0.018
68,176,0.778,0.827,0.012
68,177,0.742,0.797,0.014
68,178,0.784,0.832,0.012
68,179,0.764,0.815,0.013
68,18,0.651,0.719,-0.016
68,180,0.786,0.834,0.012
68,181,0.719,0.777,0.016
68,182,0.795,0.841,0.011
68,183,0.729,0.787,0.015
68,184,0.868,0.899,0.007
68,185,0.884,0.912,0.006
68,186,0.852,0.887,0.008
68,187,0.99,0.993,0.001
68,188,0.728,0.786,-0.015
68,189,0.918,0.938,-0.005
68,19,0.544,0.623,-0.021
68,190,0.751,0.805,-0.014
68,191,0.769,0.82,-0.013
68,192,0.983,0.987,0.001
68,193,0.771,0.821,-0.013
68,194,0.602,0.676,-0.023
68,195,0.852,0.887,-0.008
68,196,0.688,0.751,-0.018
68,197,0.695,0.757,-0.017
68,198,0.86,0.893,-0.008
68,199,0.693,0.756,-0.018
68,20,0.617,0.689,-0.018
68,200,0.637,0.707,-0.021
68,201,0.66,0.727,-0.02
68,202,0.758,0.81,-0.014
68,203,0.767,0.818,-0.013
68,204,0.78,0.829,-0.012
68,205,0.773,0.823,-0.013
68,206,0.856,0.89,-0.008
68,207,0.924,0.943,-0.004
68,208,0.687,0.75,-0.018
68,209,0.759,0.811,-0.014
68,21,0.761,0.813,-0.011
68,210,0.662,0.728,-0.02
68,211,0.948,0.961,-0.003
68,212,0.821,0.862,-0.01
68,213,0.77,0.82,-0.013
68,214,0.517,0.597,-0.029
68,215,0.645,0.714,-0.021
68,216,0.527,0.607,-0.028
68,217,0.589,0.664,-0.024
68,218,0.843,0.88,-0.009
68,219,0.876,0.906,-0.007
68,22,0.787,0.834,-0.01
68,220,0.828,0.868,-0.01
68,221,0.791,0.838,-0.012
68,222,0.891,0.918,-0.006
68,223,0.789,0.836,-0.012
68,224,0.999,0.999,0.0
68,225,0.94,0.955,-0.003
68,226,0.793,0.84,-0.012
68,227,0.766,0.817,-0.013
68,228,0.917,0.938,-0.005
68,229,0.914,0.935,0.005
68,23,0.862,0.895,-0.006
68,230,1.0,1.0,0.0
68,231,0.869,0.9,-0.008
68,232,0.87,0.901,-0.008
68,233,0.651,0.719,-0.021
68,234,0.548,0.626,-0.028
68,235,0.578,0.653,-0.026
68,236,0.677,0.742,-0.02
68,237,0.581,0.656,-0.026
68,238,0.578,0.654,-0.027
68,239,0.537,0.616,-0.03
68,24,0.578,0.654,-0.02
68,240,0.664,0.73,-0.021
68,241,0.687,0.75,-0.02
68,242,0.816,0.858,-0.012
68,243,0.796,0.842,-0.013
68,244,0.474,0.556,-0.037
68,245,0.489,0.57,-0.036
68,246,0.538,0.617,-0.033
68,247,0.624,0.695,-0.026
68,248,0.726,0.784,-0.019
68,249,0.668,0.734,-0.024
68,25,0.492,0.573,-0.025
68,250,0.888,0.915,-0.008
68,251,0.944,0.958,0.004
68,26,0.601,0.675,-0.019
68,27,0.91,0.933,-0.004
68,28,0.98,0.985,-0.001
68,29,0.993,0.995,0.0
68,30,0.727,0.784,-0.013
68,31,0.784,0.832,-0.01
68,32,0.914,0.935,0.004
68,33,0.75,0.804,0.012
68,34,0.892,0.918,-0.005
68,35,0.928,0.946,0.003
68,36,0.788,0.835,0.01
68,37,0.861,0.894,0.007
68,38,0.824,0.865,0.009
68,39,0.96,0.971,-0.002
68,40,0.913,0.935,-0.004
68,41,0.983,0.988,0.001
68,42,0.827,0.867,-0.009
68,43,0.822,0.863,-0.009
68,44,0.896,0.921,-0.005
68,45,0.923,0.942,0.004
68,46,0.949,0.962,-0.003
68,47,0.971,0.979,0.001
68,48,0.745,0.799,-0.013
68,49,0.794,0.84,-0.011
68,50,0.625,0.696,-0.02
68,51,0.586,0.661,-0.022
68,52,0.889,0.916,-0.006
68,53,0.831,0.87,-0.009
68,54,0.768,0.819,-0.012
68,55,0.974,0.98,-0.001
68,56,0.838,0.876,-0.008
68,57,0.828,0.868,-0.009
68,58,0.856,0.89,-0.008
68,59,0.87,0.901,-0.007
68,6,0.876,0.906,-0.006
68,60,0.886,0.914,-0.006
68,61,0.843,0.88,-0.008
68,62,0.875,0.905,-0.007
68,63,0.885,0.913,0.006
68,64,0.719,0.777,0.015
68,65,0.815,0.858,0.01
68,66,0.971,0.978,0.002
68,67,0.726,0.784,0.014
68,68,0.577,0.653,0.023
68,69,0.595,0.669,0.022
68,7,0.718,0.777,-0.013
68,70,0.693,0.756,0.016
68,71,0.665,0.731,0.018
68,72,0.631,0.701,0.02
68,73,0.786,0.834,0.011
68,74,0.798,0.843,0.011
68,75,0.761,0.813,0.012
68,76,0.937,0.953,0.003
68,77,0.95,0.963,-0.003
68,78,0.952,0.964,0.002
68,79,0.895,0.921,0.005
68,8,0.803,0.848,-0.009
68,80,0.937,0.953,0.003
68,81,0.94,0.955,0.003
68,82,0.998,0.999,-0.0
68,83,0.982,0.986,0.001
68,84,0.96,0.97,-0.002
68,85,0.963,0.972,-0.002
68,86,0.866,0.898,-0.007
68,87,0.866,0.898,-0.007
68,88,0.998,0.999,0.0
68,89,0.875,0.905,-0.006
68,9,0.658,0.725,-0.016
68,90,0.97,0.978,0.002
68,91,0.996,0.997,-0.0
68,92,0.956,0.967,-0.002
68,93,0.627,0.698,-0.02
68,94,0.816,0.858,-0.01
68,95,0.924,0.943,-0.004
68,96,0.658,0.725,-0.019
68,97,0.774,0.823,-0.012
68,98,0.731,0.788,-0.015
68,99,0.689,0.752,-0.017
69,10,0.663,0.73,-0.016
69,100,0.635,0.705,-0.02
69,101,0.676,0.741,-0.018
69,102,0.788,0.835,-0.012
69,103,0.692,0.755,-0.017
69,104,0.65,0.718,-0.02
69,105,0.762,0.814,-0.014
69,106,0.526,0.606,-0.029
69,107,0.621,0.693,-0.023
69,108,0.489,0.57,-0.033
69,109,0.579,0.654,-0.027
69,11,0.765,0.816,-0.011
69,110,0.403,0.486,-0.041
69,111,0.378,0.461,-0.044
69,112,0.353,0.435,-0.048
69,113,0.352,0.434,-0.049
69,114,0.362,0.445,-0.049
69,115,0.371,0.453,-0.049
69,116,0.33,0.412,-0.055
69,117,0.284,0.362,-0.061
69,118,0.361,0.444,-0.053
69,119,0.343,0.425,-0.056
69,12,0.734,0.791,-0.012
69,120,0.278,0.356,-0.065
69,121,0.345,0.427,-0.057
69,122,0.275,0.353,-0.066
69,123,0.3,0.38,-0.063
69,124,0.359,0.441,-0.056
69,125,0.301,0.381,-0.063
69,126,0.349,0.431,-0.057
69,127,0.439,0.522,-0.047
69,128,0.335,0.416,-0.059
69,129,0.298,0.377,-0.063
69,13,0.68,0.744,-0.015
69,130,0.322,0.403,-0.06
69,131,0.353,0.436,-0.056
69,132,0.303,0.382,-0.062
69,133,0.361,0.444,-0.055
69,134,0.263,0.34,-0.067
69,135,0.359,0.441,-0.055
69,136,0.388,0.471,-0.051
69,137,0.324,0.405,-0.058
69,138,0.432,0.515,-0.046
69,139,0.537,0.616,-0.035
69,14,0.718,0.777,-0.013
69,140,0.542,0.621,-0.035
69,141,0.422,0.505,-0.045
69,142,0.531,0.611,-0.035
69,143,0.593,0.667,-0.029
69,144,0.656,0.723,-0.024
69,145,0.717,0.776,-0.019
69,146,0.633,0.703,-0.025
69,147,0.57,0.647,-0.029
69,148,0.716,0.775,-0.018
69,149,0.765,0.816,-0.015
69,15,0.654,0.721,-0.016
69,150,0.705,0.765,-0.019
69,151,0.573,0.649,-0.027
69,152,0.672,0.737,-0.02
69,153,0.876,0.906,0.007
69,154,0.876,0.906,-0.007
69,155,0.786,0.834,-0.013
69,156,0.91,0.932,-0.005
69,157,0.938,0.954,-0.004
69,158,0.982,0.986,-0.001
69,159,0.898,0.923,0.006
69,16,0.556,0.633,-0.021
69,160,0.995,0.996,0.0
69,161,0.896,0.921,0.006
69,162,0.75,0.804,0.014
69,163,0.71,0.77,0.016
69,164,0.72,0.779,0.015
69,165,0.849,0.885,0.008
69,166,0.788,0.835,0.012
69,167,0.662,0.729,0.019
69,168,0.778,0.827,0.012
69,169,0.896,0.921,0.006
69,17,0.819,0.861,-0.008
69,170,0.803,0.848,0.011
69,171,0.671,0.737,0.018
69,172,0.797,0.843,0.011
69,173,0.799,0.844,0.011
69,174,0.761,0.813,0.013
69,175,0.952,0.964,0.003
69,176,0.855,0.889,0.008
69,177,0.778,0.827,0.012
69,178,0.627,0.698,0.021
69,179,0.79,0.837,0.011
69,18,0.664,0.731,-0.015
69,180,0.762,0.814,0.013
69,181,0.823,0.864,0.01
69,182,0.839,0.877,0.009
69,183,0.79,0.837,0.012
69,184,0.795,0.841,0.011
69,185,0.807,0.851,0.011
69,186,0.776,0.825,0.012
69,187,0.661,0.728,0.019
69,188,0.738,0.793,0.015
69,189,0.67,0.736,0.019
69,19,0.765,0.817,-0.011
69,190,0.888,0.915,0.006
69,191,0.685,0.749,0.018
69,192,0.824,0.864,0.01
69,193,0.848,0.884,0.008
69,194,0.922,0.942,0.004
69,195,0.981,0.986,-0.001
69,196,0.972,0.979,0.002
69,197,0.999,0.999,-0.0
69,198,0.869,0.9,0.007
69,199,0.932,0.949,0.004
69,20,0.979,0.984,-0.001
69,200,0.788,0.835,0.012
69,201,0.834,0.872,0.009
69,202,0.964,0.973,-0.002
69,203,0.68,0.744,0.018
69,204,0.767,0.818,0.013
69,205,0.882,0.911,0.007
69,206,0.99,0.992,-0.001
69,207,0.976,0.982,-0.001
69,208,0.994,0.995,0.0
69,209,0.861,0.894,0.008
69,21,0.951,0.963,0.002
69,210,0.842,0.879,0.009
69,211,0.999,0.999,-0.0
69,212,0.981,0.986,0.001
69,213,0.859,0.893,0.008
69,214,0.978,0.984,-0.001
69,215,0.933,0.95,0.004
69,216,0.715,0.775,0.016
69,217,0.884,0.912,0.006
69,218,0.971,0.978,0.002
69,219,0.96,0.97,-0.002
69,22,0.877,0.906,-0.006
69,220,0.92,0.94,0.004
69,221,0.893,0.919,0.006
69,222,0.983,0.987,-0.001
69,223,0.861,0.894,0.008
69,224,0.903,0.927,0.005
69,225,0.953,0.965,0.003
69,226,0.923,0.942,-0.004
69,227,0.973,0.98,-0.002
69,228,0.789,0.836,-0.012
69,229,0.914,0.935,-0.005
69,23,0.854,0.889,-0.007
69,230,0.83,0.869,-0.01
69,231,0.766,0.817,-0.014
69,232,0.791,0.838,-0.012
69,233,0.945,0.959,-0.003
69,234,0.727,0.784,-0.016
69,235,0.84,0.877,-0.01
69,236,0.649,0.718,-0.022
69,237,0.939,0.955,-0.004
69,238,0.991,0.993,0.001
69,239,0.713,0.773,-0.018
69,24,0.72,0.778,0.013
69,240,0.77,0.821,-0.014
69,241,0.845,0.882,-0.01
69,242,0.645,0.714,-0.023
69,243,0.708,0.769,-0.019
69,244,0.759,0.812,-0.016
69,245,0.847,0.883,-0.01
69,246,0.691,0.754,-0.021
69,247,0.885,0.913,-0.008
69,248,0.914,0.935,-0.006
69,249,0.892,0.919,0.008
69,25,0.992,0.994,0.0
69,250,0.989,0.992,0.001
69,251,0.971,0.978,-0.002
69,26,0.95,0.963,-0.002
69,27,0.751,0.805,-0.012
69,28,0.913,0.934,-0.004
69,29,0.762,0.814,-0.011
69,30,0.954,0.966,0.002
69,31,0.938,0.954,-0.003
69,32,0.923,0.942,0.004
69,33,0.8,0.845,-0.009
69,34,0.884,0.912,-0.005
69,35,0.922,0.941,-0.004
69,36,0.785,0.833,-0.01
69,37,0.811,0.854,-0.009
69,38,0.682,0.746,-0.016
69,39,0.997,0.998,0.0
69,40,0.998,0.999,0.0
69,41,0.866,0.898,-0.007
69,42,0.998,0.999,0.0
69,43,0.923,0.942,-0.004
69,44,0.983,0.988,-0.001
69,45,0.943,0.957,-0.003
69,46,0.964,0.973,0.002
69,47,0.897,0.922,-0.005
69,48,0.974,0.981,0.001
69,49,0.921,0.941,0.004
69,50,0.866,0.898,0.007
69,51,0.995,0.996,0.0
69,52,0.924,0.943,0.004
69,53,0.914,0.936,-0.004
69,54,0.985,0.989,-0.001
69,55,0.907,0.93,0.005
69,56,0.797,0.843,-0.011
69,57,0.774,0.824,0.012
69,58,0.842,0.879,0.008
69,59,0.981,0.986,-0.001
69,6,0.754,0.807,-0.012
69,60,0.972,0.979,-0.001
69,61,0.931,0.948,0.004
69,62,0.863,0.895,0.007
69,63,0.783,0.831,0.011
69,64,0.932,0.949,0.004
69,65,0.927,0.945,0.004
69,66,0.987,0.99,0.001
69,67,0.875,0.905,0.006
69,68,0.753,0.806,0.013
69,69,0.583,0.659,0.023
69,7,0.673,0.738,-0.016
69,70,0.578,0.654,0.023
69,71,0.708,0.769,0.015
69,72,0.871,0.902,0.007
69,73,0.87,0.901,0.007
69,74,0.907,0.93,0.005
69,75,0.774,0.823,0.012
69,76,0.924,0.943,0.004
69,77,0.871,0.902,0.007
69,78,0.802,0.847,0.01
69,79,0.768,0.818,0.012
69,8,0.777,0.826,-0.011
69,80,0.737,0.793,0.014
69,81,0.985,0.989,0.001
69,82,0.933,0.95,0.003
69,83,0.628,0.699,0.02
69,84,0.796,0.842,0.01
69,85,0.843,0.879,0.008
69,86,0.827,0.867,0.009
69,87,0.917,0.938,0.004
69,88,0.752,0.805,0.013
69,89,0.692,0.754,0.016
69,9,0.719,0.778,-0.013
69,90,0.924,0.943,0.004
69,91,0.987,0.991,0.001
69,92,0.924,0.943,0.004
69,93,0.842,0.879,0.008
69,94,0.751,0.804,0.013
69,95,0.982,0.986,-0.001
69,96,0.695,0.757,-0.016
69,97,0.906,0.929,0.005
69,98,0.734,0.79,-0.014
69,99,0.844,0.88,-0.008
7,10,0.164,0.227,-0.046
7,100,0.788,0.835,0.01
7,101,0.818,0.859,0.008
7,102,0.736,0.792,0.012
7,103,0.719,0.778,0.013
7,104,0.732,0.789,0.013
7,105,0.922,0.941,0.004
7,106,0.961,0.971,0.002
7,107,0.874,0.904,0.006
7,108,0.62,0.692,0.018
7,109,0.645,0.714,0.017
7,11,0.341,0.423,-0.031
7,110,0.716,0.775,0.013
7,111,0.627,0.698,0.018
7,112,0.551,0.629,0.022
7,113,0.394,0.477,0.032
7,114,0.467,0.549,0.027
7,115,0.549,0.627,0.022
7,116,0.388,0.471,0.032
7,117,0.546,0.624,0.023
7,118,0.601,0.675,0.02
7,119,0.736,0.792,0.013
7,12,0.25,0.325,-0.037
7,120,0.558,0.636,0.022
7,121,0.662,0.729,0.017
7,122,0.716,0.775,0.014
7,123,0.689,0.752,0.015
7,124,0.604,0.677,0.02
7,125,0.549,0.627,0.023
7,126,0.585,0.66,0.021
7,127,0.572,0.648,0.022
7,128,0.808,0.852,0.009
7,129,0.915,0.936,0.004
7,13,0.67,0.736,-0.014
7,130,0.909,0.932,0.004
7,131,0.712,0.772,0.014
7,132,0.865,0.897,0.007
7,133,0.938,0.953,0.003
7,134,0.642,0.712,0.018
7,135,0.733,0.789,0.013
7,136,0.66,0.727,0.017
7,137,0.774,0.824,0.011
7,138,0.632,0.703,0.019
7,139,0.765,0.816,0.012
7,14,0.391,0.474,-0.027
7,140,0.843,0.88,0.008
7,141,0.825,0.865,0.009
7,142,0.702,0.763,0.015
7,143,0.512,0.592,0.026
7,144,0.553,0.631,0.023
7,145,0.626,0.697,0.019
7,146,0.535,0.614,0.024
7,147,0.391,0.474,0.034
7,148,0.376,0.459,0.035
7,149,0.476,0.558,0.028
7,15,0.337,0.419,-0.03
7,150,0.429,0.512,0.031
7,151,0.456,0.539,0.03
7,152,0.454,0.536,0.03
7,153,0.507,0.587,0.026
7,154,0.374,0.457,0.036
7,155,0.429,0.512,0.032
7,156,0.414,0.497,0.033
7,157,0.423,0.506,0.032
7,158,0.479,0.561,0.028
7,159,0.506,0.586,0.027
7,16,0.39,0.473,-0.027
7,160,0.349,0.431,0.038
7,161,0.283,0.362,0.043
7,162,0.446,0.529,0.031
7,163,0.328,0.409,0.04
7,164,0.338,0.42,0.039
7,165,0.3,0.38,0.042
7,166,0.295,0.375,0.043
7,167,0.478,0.56,0.029
7,168,0.318,0.399,0.041
7,169,0.388,0.471,0.036
7,17,0.253,0.329,-0.036
7,170,0.313,0.393,0.042
7,171,0.339,0.421,0.039
7,172,0.526,0.606,0.026
7,173,0.672,0.738,0.018
7,174,0.736,0.792,0.014
7,175,0.536,0.615,0.026
7,176,0.71,0.77,0.016
7,177,0.832,0.871,0.009
7,178,0.608,0.681,0.022
7,179,0.718,0.777,0.015
7,18,0.309,0.389,-0.032
7,180,0.703,0.764,0.016
7,181,0.98,0.985,-0.001
7,182,0.948,0.962,0.003
7,183,0.873,0.903,0.007
7,184,0.823,0.864,0.01
7,185,0.603,0.677,0.023
7,186,0.687,0.751,0.018
7,187,0.531,0.611,0.028
7,188,0.565,0.641,0.026
7,189,0.522,0.602,0.029
7,19,0.242,0.316,-0.037
7,190,0.564,0.641,0.026
7,191,0.708,0.768,0.017
7,192,0.615,0.687,0.023
7,193,0.443,0.526,0.035
7,194,0.576,0.652,0.026
7,195,0.56,0.638,0.027
7,196,0.63,0.7,0.023
7,197,0.637,0.707,0.022
7,198,0.424,0.507,0.038
7,199,0.439,0.522,0.037
7,20,0.246,0.321,-0.036
7,200,0.445,0.528,0.037
7,201,0.567,0.643,0.028
7,202,0.464,0.546,0.036
7,203,0.456,0.539,0.036
7,204,0.746,0.8,0.016
7,205,0.575,0.651,0.028
7,206,0.588,0.663,0.027
7,207,0.81,0.853,0.012
7,208,0.659,0.726,0.022
7,209,0.502,0.583,0.034
7,21,0.16,0.222,-0.044
7,210,0.553,0.631,0.03
7,211,0.763,0.814,0.016
7,212,0.72,0.778,0.019
7,213,0.758,0.81,0.016
7,214,0.705,0.766,0.02
7,215,0.656,0.724,0.024
7,216,0.673,0.738,0.022
7,217,0.826,0.866,0.012
7,218,0.472,0.554,0.039
7,219,0.532,0.611,0.034
7,22,0.281,0.36,-0.034
7,220,0.525,0.605,0.035
7,221,0.493,0.574,0.038
7,222,0.491,0.572,0.038
7,223,0.518,0.598,0.036
7,224,0.587,0.662,0.03
7,225,0.377,0.46,0.049
7,226,0.649,0.718,0.026
7,227,0.408,0.492,0.046
7,228,0.415,0.499,0.046
7,229,0.529,0.608,0.036
7,23,0.153,0.214,-0.045
7,230,0.372,0.454,0.051
7,231,0.489,0.57,0.04
7,232,0.601,0.674,0.03
7,233,0.555,0.633,0.034
7,234,0.272,0.35,0.063
7,235,0.428,0.512,0.046
7,236,0.454,0.537,0.043
7,237,0.345,0.427,0.055
7,238,0.27,0.347,0.065
7,239,0.223,0.296,0.071
7,24,0.359,0.442,-0.029
7,240,0.266,0.343,0.065
7,241,0.28,0.358,0.064
7,242,0.236,0.31,0.07
7,243,0.185,0.252,0.079
7,244,0.229,0.302,0.072
7,245,0.211,0.282,0.075
7,246,0.195,0.263,0.079
7,247,0.263,0.34,0.068
7,248,0.199,0.269,0.079
7,249,0.267,0.344,0.069
7,25,0.265,0.343,-0.035
7,250,0.253,0.329,0.072
7,251,0.295,0.375,0.066
7,26,0.214,0.285,-0.039
7,27,0.33,0.411,-0.03
7,28,0.201,0.27,-0.04
7,29,0.264,0.341,-0.035
7,30,0.315,0.396,-0.031
7,31,0.284,0.363,-0.033
7,32,0.286,0.365,-0.033
7,33,0.191,0.259,-0.041
7,34,0.429,0.512,-0.025
7,35,0.3,0.38,-0.032
7,36,0.296,0.375,-0.033
7,37,0.277,0.355,-0.034
7,38,0.183,0.25,-0.042
7,39,0.426,0.509,-0.025
7,40,0.243,0.318,-0.037
7,41,0.291,0.37,-0.033
7,42,0.225,0.298,-0.038
7,43,0.386,0.469,-0.028
7,44,0.374,0.456,-0.028
7,45,0.208,0.278,-0.04
7,46,0.224,0.296,-0.039
7,47,0.356,0.439,-0.029
7,48,0.223,0.295,-0.039
7,49,0.278,0.357,-0.035
7,50,0.26,0.336,-0.036
7,51,0.419,0.503,-0.026
7,52,0.426,0.51,-0.025
7,53,0.211,0.282,-0.04
7,54,0.581,0.657,-0.018
7,55,0.292,0.371,-0.034
7,56,0.148,0.209,-0.047
7,57,0.326,0.407,-0.032
7,58,0.296,0.375,-0.034
7,59,0.366,0.449,-0.029
7,60,0.207,0.278,-0.041
7,61,0.537,0.616,-0.02
7,62,0.168,0.232,-0.045
7,63,0.32,0.401,-0.033
7,64,0.46,0.542,-0.024
7,65,0.316,0.397,-0.033
7,66,0.689,0.752,-0.013
7,67,0.453,0.536,-0.025
7,68,0.426,0.509,-0.027
7,69,0.607,0.68,-0.017
7,7,0.189,0.257,-0.044
7,70,0.508,0.589,-0.022
7,71,0.557,0.634,-0.02
7,72,0.654,0.721,-0.015
7,73,0.741,0.796,-0.011
7,74,0.689,0.752,-0.014
7,75,0.755,0.808,-0.011
7,76,0.986,0.989,-0.001
7,77,1.0,1.0,-0.0
7,78,0.862,0.894,-0.006
7,79,0.639,0.709,-0.016
7,8,0.208,0.278,-0.042
7,80,0.597,0.671,-0.018
7,81,0.618,0.69,-0.017
7,82,0.705,0.766,-0.013
7,83,0.648,0.717,-0.016
7,84,0.946,0.96,-0.002
7,85,0.92,0.94,-0.003
7,86,0.94,0.955,0.003
7,87,0.894,0.92,-0.005
7,88,0.846,0.882,0.007
7,89,0.987,0.99,0.001
7,9,0.266,0.343,-0.037
7,90,0.975,0.982,-0.001
7,91,0.818,0.859,0.008
7,92,0.965,0.974,0.002
7,93,0.897,0.922,-0.005
7,94,0.952,0.964,0.002
7,95,0.657,0.724,0.016
7,96,0.407,0.491,0.03
7,97,0.758,0.811,0.011
7,98,0.947,0.961,0.002
7,99,0.898,0.923,0.005
70,10,0.707,0.767,-0.014
70,100,0.631,0.702,-0.02
70,101,0.625,0.696,-0.021
70,102,0.879,0.908,-0.007
70,103,0.604,0.678,-0.023
70,104,0.563,0.64,-0.025
70,105,0.607,0.68,-0.023
70,106,0.51,0.59,-0.03
70,107,0.592,0.667,-0.024
70,108,0.689,0.752,-0.018
70,109,0.822,0.863,-0.011
70,11,0.655,0.722,-0.016
70,110,0.605,0.678,-0.025
70,111,0.474,0.557,-0.035
70,112,0.477,0.559,-0.035
70,113,0.473,0.555,-0.036
70,114,0.345,0.427,-0.049
70,115,0.38,0.463,-0.046
70,116,0.325,0.407,-0.053
70,117,0.245,0.32,-0.064
70,118,0.261,0.338,-0.063
70,119,0.303,0.383,-0.059
70,12,0.645,0.714,-0.016
70,120,0.399,0.482,-0.049
70,121,0.28,0.359,-0.064
70,122,0.287,0.365,-0.064
70,123,0.272,0.35,-0.066
70,124,0.381,0.464,-0.053
70,125,0.347,0.429,-0.057
70,126,0.409,0.492,-0.05
70,127,0.254,0.33,-0.07
70,128,0.249,0.325,-0.071
70,129,0.222,0.294,-0.075
70,13,0.799,0.844,-0.009
70,130,0.251,0.326,-0.07
70,131,0.326,0.407,-0.06
70,132,0.284,0.362,-0.065
70,133,0.308,0.388,-0.061
70,134,0.269,0.346,-0.066
70,135,0.234,0.308,-0.07
70,136,0.196,0.265,-0.076
70,137,0.243,0.318,-0.068
70,138,0.233,0.307,-0.068
70,139,0.349,0.431,-0.053
70,14,0.714,0.774,-0.013
70,140,0.268,0.346,-0.061
70,141,0.403,0.486,-0.046
70,142,0.344,0.426,-0.051
70,143,0.543,0.621,-0.032
70,144,0.553,0.631,-0.031
70,145,0.419,0.502,-0.041
70,146,0.682,0.746,-0.021
70,147,0.473,0.555,-0.036
70,148,0.873,0.904,-0.008
70,149,0.754,0.807,-0.015
70,15,0.635,0.705,-0.017
70,150,0.641,0.711,-0.022
70,151,0.859,0.893,-0.008
70,152,0.814,0.857,-0.011
70,153,0.745,0.8,-0.015
70,154,0.883,0.912,-0.007
70,155,0.977,0.983,-0.001
70,156,0.788,0.835,0.012
70,157,0.986,0.99,0.001
70,158,0.839,0.876,0.009
70,159,0.672,0.737,0.019
70,16,0.518,0.598,-0.023
70,160,0.818,0.86,0.01
70,161,0.99,0.993,0.001
70,162,0.86,0.894,0.008
70,163,0.792,0.838,0.011
70,164,0.727,0.784,0.015
70,165,0.669,0.735,0.018
70,166,0.675,0.74,0.018
70,167,0.575,0.651,0.024
70,168,0.571,0.647,0.024
70,169,0.438,0.521,0.033
70,17,0.738,0.794,-0.012
70,170,0.521,0.601,0.027
70,171,0.68,0.745,0.017
70,172,0.587,0.662,0.023
70,173,0.701,0.762,0.016
70,174,0.578,0.654,0.024
70,175,0.689,0.752,0.017
70,176,0.665,0.731,0.018
70,177,0.66,0.727,0.019
70,178,0.561,0.638,0.025
70,179,0.771,0.821,0.012
70,18,0.76,0.812,-0.011
70,180,0.64,0.709,0.02
70,181,0.654,0.722,0.019
70,182,0.609,0.681,0.022
70,183,0.772,0.822,0.013
70,184,0.718,0.777,0.016
70,185,0.533,0.612,0.027
70,186,0.766,0.817,0.013
70,187,0.673,0.738,0.019
70,188,0.659,0.726,0.019
70,189,0.701,0.763,0.017
70,19,0.502,0.583,-0.024
70,190,0.806,0.85,0.011
70,191,0.966,0.974,-0.002
70,192,0.84,0.877,0.009
70,193,0.752,0.806,0.014
70,194,0.87,0.901,0.007
70,195,0.891,0.917,0.006
70,196,0.983,0.988,-0.001
70,197,0.995,0.996,-0.0
70,198,0.971,0.978,0.002
70,199,0.956,0.967,-0.002
70,20,0.886,0.913,0.005
70,200,0.92,0.94,-0.004
70,201,0.988,0.991,0.001
70,202,0.953,0.965,-0.003
70,203,0.972,0.979,-0.002
70,204,0.829,0.869,0.01
70,205,0.99,0.992,-0.001
70,206,0.944,0.958,0.003
70,207,0.996,0.997,0.0
70,208,0.937,0.953,-0.004
70,209,0.906,0.929,-0.005
70,21,0.864,0.896,-0.006
70,210,0.957,0.968,0.002
70,211,0.795,0.841,0.012
70,212,0.91,0.932,-0.005
70,213,0.977,0.983,-0.001
70,214,0.759,0.812,0.014
70,215,0.978,0.984,0.001
70,216,0.842,0.879,-0.009
70,217,0.973,0.98,-0.002
70,218,0.773,0.823,0.013
70,219,0.821,0.862,0.01
70,22,0.889,0.916,-0.005
70,220,0.883,0.911,0.007
70,221,0.888,0.916,0.006
70,222,0.766,0.817,0.013
70,223,0.672,0.737,0.019
70,224,0.982,0.987,0.001
70,225,0.942,0.957,-0.003
70,226,0.828,0.868,-0.01
70,227,0.87,0.901,-0.007
70,228,0.947,0.961,0.003
70,229,0.902,0.926,0.006
70,23,0.681,0.745,-0.015
70,230,0.933,0.95,-0.004
70,231,0.922,0.941,-0.005
70,232,0.962,0.972,-0.002
70,233,0.721,0.779,-0.017
70,234,0.633,0.704,-0.022
70,235,0.751,0.805,-0.015
70,236,0.58,0.655,-0.026
70,237,0.635,0.705,-0.023
70,238,0.599,0.673,-0.026
70,239,0.652,0.72,-0.022
70,24,0.716,0.776,-0.013
70,240,0.538,0.617,-0.031
70,241,0.483,0.565,-0.035
70,242,0.534,0.613,-0.032
70,243,0.621,0.693,-0.026
70,244,0.613,0.686,-0.027
70,245,0.555,0.633,-0.031
70,246,0.553,0.631,-0.032
70,247,0.421,0.504,-0.044
70,248,0.48,0.562,-0.04
70,249,0.525,0.604,-0.036
70,25,0.525,0.605,-0.023
70,250,0.393,0.476,-0.05
70,251,0.428,0.511,-0.047
70,26,0.621,0.693,-0.018
70,27,0.836,0.874,-0.007
70,28,0.705,0.766,-0.014
70,29,0.729,0.787,-0.013
70,30,0.623,0.694,-0.018
70,31,0.765,0.816,-0.011
70,32,0.497,0.578,-0.025
70,33,0.469,0.551,-0.027
70,34,0.42,0.504,-0.03
70,35,0.461,0.543,-0.028
70,36,0.611,0.683,-0.019
70,37,0.564,0.641,-0.022
70,38,0.575,0.651,-0.021
70,39,0.431,0.514,-0.03
70,40,0.389,0.472,-0.033
70,41,0.453,0.535,-0.029
70,42,0.59,0.665,-0.021
70,43,0.616,0.688,-0.02
70,44,0.518,0.598,-0.025
70,45,0.393,0.476,-0.034
70,46,0.567,0.643,-0.023
70,47,0.722,0.781,-0.014
70,48,0.683,0.747,-0.016
70,49,0.71,0.77,-0.015
70,50,0.766,0.817,-0.012
70,51,0.718,0.777,-0.015
70,52,0.621,0.693,-0.02
70,53,0.674,0.739,-0.017
70,54,0.847,0.883,-0.008
70,55,0.917,0.938,-0.004
70,56,0.827,0.867,-0.009
70,57,0.978,0.984,0.001
70,58,0.941,0.956,0.003
70,59,0.986,0.99,-0.001
70,6,0.902,0.926,-0.005
70,60,0.874,0.904,0.007
70,61,0.872,0.903,-0.007
70,62,0.874,0.904,-0.007
70,63,0.814,0.857,0.01
70,64,0.765,0.816,0.012
70,65,0.725,0.782,0.015
70,66,0.721,0.779,0.015
70,67,0.738,0.794,0.014
70,68,0.876,0.906,0.006
70,69,0.967,0.975,0.002
70,7,0.825,0.865,-0.008
70,70,0.904,0.928,-0.005
70,71,0.69,0.753,0.016
70,72,0.788,0.835,0.011
70,73,0.982,0.987,-0.001
70,74,0.933,0.95,0.003
70,75,0.829,0.869,0.009
70,76,0.82,0.861,0.009
70,77,0.594,0.668,0.022
70,78,0.694,0.757,0.016
70,79,0.711,0.771,0.015
70,8,0.762,0.814,-0.011
70,80,0.85,0.885,0.008
70,81,0.825,0.865,0.009
70,82,0.925,0.944,-0.004
70,83,0.944,0.958,-0.003
70,84,0.757,0.81,0.013
70,85,0.813,0.856,0.01
70,86,0.828,0.868,0.009
70,87,0.784,0.832,-0.011
70,88,0.916,0.937,0.004
70,89,0.919,0.939,-0.004
70,9,0.996,0.997,-0.0
70,90,0.893,0.919,-0.005
70,91,0.897,0.922,-0.005
70,92,0.844,0.881,-0.008
70,93,0.743,0.798,-0.013
70,94,0.868,0.899,-0.007
70,95,0.88,0.909,-0.006
70,96,0.594,0.668,-0.022
70,97,0.727,0.785,-0.014
70,98,0.889,0.916,-0.006
70,99,0.753,0.806,-0.013
71,10,0.276,0.354,-0.039
71,100,0.683,0.747,-0.017
71,101,0.921,0.941,-0.004
71,102,0.685,0.749,-0.017
71,103,0.647,0.716,-0.02
71,104,0.544,0.623,-0.026
71,105,0.642,0.712,-0.02
71,106,0.51,0.591,-0.029
71,107,0.558,0.636,-0.026
71,108,0.539,0.618,-0.028
71,109,0.688,0.751,-0.018
71,11,0.333,0.415,-0.034
71,110,0.42,0.503,-0.038
71,111,0.324,0.405,-0.047
71,112,0.477,0.559,-0.034
71,113,0.31,0.391,-0.05
71,114,0.403,0.487,-0.042
71,115,0.25,0.326,-0.058
71,116,0.31,0.39,-0.053
71,117,0.378,0.461,-0.047
71,118,0.309,0.389,-0.055
71,119,0.349,0.431,-0.051
71,12,0.166,0.23,-0.049
71,120,0.361,0.444,-0.051
71,121,0.458,0.541,-0.042
71,122,0.329,0.41,-0.056
71,123,0.386,0.469,-0.05
71,124,0.413,0.496,-0.048
71,125,0.321,0.402,-0.059
71,126,0.416,0.5,-0.048
71,127,0.494,0.576,-0.041
71,128,0.48,0.562,-0.042
71,129,0.58,0.655,-0.033
71,13,0.511,0.591,-0.023
71,130,0.547,0.625,-0.036
71,131,0.52,0.6,-0.038
71,132,0.433,0.517,-0.046
71,133,0.399,0.482,-0.049
71,134,0.475,0.557,-0.041
71,135,0.593,0.667,-0.031
71,136,0.633,0.703,-0.027
71,137,0.514,0.594,-0.036
71,138,0.689,0.752,-0.022
71,139,0.8,0.845,-0.014
71,14,0.628,0.699,-0.017
71,140,0.68,0.745,-0.022
71,141,0.694,0.756,-0.021
71,142,0.721,0.78,-0.018
71,143,0.883,0.911,-0.008
71,144,0.869,0.9,-0.008
71,145,0.905,0.928,-0.006
71,146,0.794,0.84,-0.013
71,147,0.877,0.907,-0.007
71,148,0.951,0.963,-0.003
71,149,0.879,0.908,-0.007
71,15,0.434,0.517,-0.028
71,150,0.897,0.922,-0.006
71,151,0.812,0.855,0.011
71,152,0.989,0.992,-0.001
71,153,0.957,0.968,0.002
71,154,0.886,0.914,-0.007
71,155,0.972,0.979,0.002
71,156,0.862,0.895,0.008
71,157,0.928,0.946,0.004
71,158,0.539,0.618,0.027
71,159,0.789,0.836,0.012
71,16,0.8,0.845,-0.009
71,160,0.721,0.779,0.016
71,161,0.842,0.879,0.009
71,162,0.722,0.781,0.015
71,163,0.584,0.659,0.023
71,164,0.601,0.675,0.022
71,165,0.569,0.646,0.024
71,166,0.676,0.741,0.018
71,167,0.596,0.67,0.022
71,168,0.49,0.571,0.029
71,169,0.396,0.48,0.036
71,17,0.567,0.643,-0.02
71,170,0.578,0.654,0.023
71,171,0.536,0.615,0.026
71,172,0.498,0.58,0.029
71,173,0.41,0.494,0.035
71,174,0.435,0.518,0.033
71,175,0.478,0.56,0.03
71,176,0.758,0.81,0.013
71,177,0.632,0.703,0.02
71,178,0.574,0.65,0.024
71,179,0.53,0.609,0.027
71,18,0.539,0.618,-0.022
71,180,0.76,0.812,0.013
71,181,0.809,0.852,0.01
71,182,0.743,0.798,0.014
71,183,0.81,0.853,0.01
71,184,0.54,0.619,0.027
71,185,0.487,0.568,0.03
71,186,0.547,0.625,0.026
71,187,0.558,0.635,0.026
71,188,0.605,0.678,0.023
71,189,0.759,0.811,0.014
71,19,0.799,0.844,-0.009
71,190,0.734,0.79,0.015
71,191,0.982,0.987,-0.001
71,192,0.926,0.945,0.004
71,193,0.76,0.812,0.014
71,194,0.643,0.712,0.021
71,195,0.713,0.772,0.016
71,196,0.884,0.912,0.006
71,197,0.955,0.967,0.002
71,198,0.888,0.915,0.006
71,199,0.955,0.967,0.003
71,20,0.95,0.962,-0.002
71,200,0.967,0.976,0.002
71,201,0.94,0.955,0.003
71,202,0.835,0.873,-0.009
71,203,0.879,0.908,-0.007
71,204,0.869,0.901,-0.007
71,205,0.881,0.909,0.007
71,206,0.956,0.967,0.002
71,207,0.952,0.964,0.003
71,208,0.803,0.847,-0.011
71,209,0.915,0.936,0.005
71,21,0.564,0.641,-0.02
71,210,0.987,0.991,0.001
71,211,0.964,0.973,0.002
71,212,0.907,0.93,0.005
71,213,0.869,0.901,0.007
71,214,0.793,0.839,0.012
71,215,0.878,0.908,0.007
71,216,0.997,0.998,-0.0
71,217,0.849,0.884,0.008
71,218,0.998,0.998,-0.0
71,219,0.888,0.915,0.006
71,22,0.667,0.733,-0.015
71,220,0.933,0.95,0.004
71,221,0.793,0.84,0.012
71,222,0.937,0.953,0.004
71,223,0.824,0.864,-0.01
71,224,0.919,0.939,-0.005
71,225,0.832,0.871,-0.01
71,226,0.97,0.978,0.002
71,227,0.942,0.957,0.003
71,228,0.935,0.951,-0.004
71,229,0.984,0.988,0.001
71,23,0.63,0.7,-0.017
71,230,0.951,0.964,-0.003
71,231,0.931,0.948,0.004
71,232,0.751,0.805,-0.015
71,233,0.787,0.834,-0.013
71,234,0.881,0.91,-0.007
71,235,0.934,0.951,-0.004
71,236,0.988,0.991,-0.001
71,237,0.863,0.896,-0.008
71,238,0.766,0.817,-0.015
71,239,0.872,0.902,-0.008
71,24,0.624,0.695,-0.017
71,240,0.895,0.92,-0.007
71,241,0.442,0.525,-0.039
71,242,0.576,0.652,-0.029
71,243,0.634,0.704,-0.025
71,244,0.507,0.588,-0.035
71,245,0.376,0.459,-0.048
71,246,0.451,0.534,-0.041
71,247,0.464,0.547,-0.041
71,248,0.451,0.534,-0.043
71,249,0.496,0.577,-0.039
71,25,0.517,0.597,-0.023
71,250,0.607,0.68,-0.03
71,251,0.733,0.789,-0.02
71,26,0.598,0.671,-0.019
71,27,0.593,0.668,-0.019
71,28,0.512,0.592,-0.024
71,29,0.974,0.981,-0.001
71,30,0.857,0.89,-0.007
71,31,0.993,0.995,-0.0
71,32,0.833,0.872,-0.008
71,33,0.774,0.824,-0.011
71,34,0.892,0.919,-0.005
71,35,0.653,0.721,-0.017
71,36,0.783,0.831,-0.01
71,37,0.917,0.938,-0.004
71,38,0.814,0.856,-0.009
71,39,0.928,0.946,-0.003
71,40,0.722,0.78,-0.014
71,41,0.966,0.975,0.002
71,42,0.944,0.958,-0.003
71,43,0.773,0.823,-0.011
71,44,0.865,0.897,0.007
71,45,0.874,0.904,0.006
71,46,0.822,0.863,-0.009
71,47,0.913,0.935,-0.004
71,48,0.816,0.858,-0.009
71,49,0.941,0.956,0.003
71,50,0.936,0.952,0.003
71,51,0.813,0.856,0.01
71,52,0.845,0.881,0.008
71,53,0.823,0.863,0.009
71,54,0.797,0.843,0.01
71,55,0.853,0.887,0.008
71,56,0.857,0.891,0.007
71,57,0.69,0.753,0.016
71,58,0.813,0.855,0.01
71,59,0.723,0.781,0.015
71,6,0.336,0.418,-0.036
71,60,0.782,0.83,0.011
71,61,0.932,0.949,0.004
71,62,0.904,0.927,-0.005
71,63,0.885,0.912,-0.006
71,64,0.862,0.895,0.007
71,65,0.848,0.884,0.008
71,66,0.921,0.94,0.004
71,67,0.97,0.978,0.002
71,68,0.703,0.764,0.016
71,69,0.803,0.847,0.01
71,7,0.184,0.251,-0.049
71,70,0.745,0.799,0.013
71,71,0.969,0.977,0.002
71,72,0.707,0.768,0.015
71,73,0.922,0.941,0.004
71,74,0.811,0.854,-0.01
71,75,0.974,0.981,-0.001
71,76,0.965,0.974,-0.002
71,77,0.929,0.946,0.004
71,78,0.747,0.802,-0.013
71,79,0.981,0.986,-0.001
71,8,0.204,0.274,-0.046
71,80,0.942,0.957,-0.003
71,81,0.782,0.83,-0.011
71,82,0.916,0.937,-0.004
71,83,0.704,0.765,-0.015
71,84,0.873,0.904,-0.006
71,85,0.932,0.949,0.003
71,86,0.836,0.874,0.008
71,87,0.959,0.97,-0.002
71,88,0.844,0.88,0.008
71,89,0.913,0.934,0.004
71,9,0.335,0.417,-0.035
71,90,0.963,0.972,-0.002
71,91,0.995,0.996,0.0
71,92,0.985,0.989,0.001
71,93,0.901,0.925,-0.005
71,94,0.672,0.737,-0.017
71,95,0.781,0.829,-0.011
71,96,0.979,0.984,0.001
71,97,0.881,0.91,-0.006
71,98,0.641,0.71,-0.019
71,99,0.678,0.743,-0.017
72,10,0.663,0.73,-0.016
72,100,0.635,0.705,-0.02
72,101,0.794,0.84,-0.011
72,102,0.776,0.825,-0.012
72,103,0.903,0.927,-0.005
72,104,0.708,0.769,-0.016
72,105,0.762,0.814,-0.013
72,106,0.815,0.857,-0.01
72,107,0.949,0.962,-0.003
72,108,0.968,0.976,-0.002
72,109,0.594,0.668,-0.024
72,11,0.749,0.803,-0.011
72,110,0.697,0.759,-0.018
72,111,0.537,0.616,-0.029
72,112,0.718,0.777,-0.017
72,113,0.653,0.721,-0.021
72,114,0.592,0.666,-0.026
72,115,0.306,0.386,-0.05
72,116,0.486,0.568,-0.035
72,117,0.326,0.407,-0.05
72,118,0.332,0.414,-0.05
72,119,0.292,0.371,-0.055
72,12,0.561,0.638,-0.021
72,120,0.316,0.397,-0.054
72,121,0.24,0.315,-0.064
72,122,0.239,0.314,-0.065
72,123,0.254,0.33,-0.064
72,124,0.265,0.342,-0.063
72,125,0.359,0.442,-0.052
72,126,0.284,0.363,-0.061
72,127,0.301,0.381,-0.059
72,128,0.298,0.378,-0.06
72,129,0.276,0.354,-0.063
72,13,0.601,0.674,-0.018
72,130,0.351,0.433,-0.054
72,131,0.473,0.555,-0.041
72,132,0.433,0.517,-0.044
72,133,0.465,0.547,-0.041
72,134,0.371,0.454,-0.05
72,135,0.506,0.587,-0.037
72,136,0.571,0.647,-0.031
72,137,0.608,0.681,-0.028
72,138,0.531,0.61,-0.033
72,139,0.678,0.743,-0.022
72,14,0.48,0.562,-0.025
72,140,0.623,0.694,-0.025
72,141,0.626,0.697,-0.025
72,142,0.868,0.9,-0.008
72,143,0.746,0.8,-0.016
72,144,0.82,0.862,-0.011
72,145,0.849,0.885,-0.009
72,146,0.693,0.755,-0.019
72,147,0.773,0.823,-0.014
72,148,0.748,0.802,-0.015
72,149,0.696,0.758,-0.018
72,15,0.514,0.595,-0.023
72,150,0.743,0.798,-0.015
72,151,0.779,0.828,-0.013
72,152,0.679,0.743,-0.019
72,153,0.677,0.742,-0.019
72,154,0.803,0.848,-0.011
72,155,0.81,0.853,-0.011
72,156,0.978,0.984,-0.001
72,157,0.865,0.897,0.007
72,158,0.915,0.936,0.005
72,159,0.896,0.921,0.006
72,16,0.653,0.721,-0.016
72,160,0.942,0.957,0.003
72,161,0.715,0.774,0.016
72,162,0.65,0.718,0.019
72,163,0.579,0.654,0.024
72,164,0.717,0.776,0.015
72,165,0.554,0.632,0.025
72,166,0.589,0.664,0.023
72,167,0.695,0.757,0.017
72,168,0.723,0.781,0.015
72,169,0.522,0.602,0.027
72,17,0.846,0.882,-0.007
72,170,0.632,0.702,0.02
72,171,0.827,0.867,0.009
72,172,0.768,0.818,0.012
72,173,0.833,0.872,0.009
72,174,0.922,0.941,0.004
72,175,0.863,0.895,0.007
72,176,0.681,0.745,0.018
72,177,0.699,0.761,0.017
72,178,0.753,0.807,0.014
72,179,0.802,0.846,0.011
72,18,0.986,0.99,-0.001
72,180,0.763,0.815,0.013
72,181,0.853,0.888,0.008
72,182,0.935,0.951,0.004
72,183,0.953,0.965,0.003
72,184,0.977,0.983,0.001
72,185,0.748,0.802,0.014
72,186,0.745,0.8,0.014
72,187,0.757,0.81,0.014
72,188,0.748,0.802,0.014
72,189,0.716,0.775,0.016
72,19,0.785,0.833,-0.01
72,190,0.658,0.725,0.02
72,191,0.831,0.87,0.01
72,192,0.562,0.639,0.026
72,193,0.634,0.704,0.021
72,194,0.704,0.765,0.017
72,195,0.748,0.802,0.014
72,196,0.818,0.86,0.01
72,197,0.734,0.79,0.015
72,198,0.607,0.68,0.023
72,199,0.741,0.796,0.015
72,20,0.613,0.685,-0.018
72,200,0.881,0.91,0.007
72,201,0.967,0.976,-0.002
72,202,0.998,0.999,-0.0
72,203,0.867,0.898,0.008
72,204,0.842,0.879,0.009
72,205,0.959,0.97,0.002
72,206,0.994,0.996,-0.0
72,207,0.972,0.979,0.002
72,208,0.987,0.99,0.001
72,209,0.901,0.925,-0.006
72,21,0.509,0.589,-0.023
72,210,0.915,0.936,-0.005
72,211,0.947,0.96,-0.003
72,212,0.986,0.99,-0.001
72,213,0.827,0.867,-0.01
72,214,0.725,0.783,-0.016
72,215,0.898,0.923,-0.006
72,216,0.924,0.943,0.004
72,217,0.863,0.896,0.008
72,218,0.894,0.92,0.006
72,219,0.817,0.859,0.01
72,22,0.7,0.761,-0.014
72,220,0.877,0.907,0.007
72,221,0.571,0.647,0.025
72,222,0.657,0.725,0.02
72,223,0.656,0.724,0.02
72,224,0.832,0.871,0.009
72,225,0.769,0.82,0.013
72,226,0.709,0.769,0.017
72,227,0.748,0.802,0.015
72,228,0.793,0.84,0.012
72,229,0.939,0.954,0.003
72,23,0.668,0.734,-0.015
72,230,0.935,0.951,-0.004
72,231,0.961,0.971,-0.002
72,232,0.778,0.827,-0.013
72,233,0.744,0.798,-0.015
72,234,0.577,0.653,-0.026
72,235,0.794,0.84,-0.012
72,236,0.806,0.85,-0.012
72,237,0.911,0.933,-0.005
72,238,0.678,0.743,-0.02
72,239,0.505,0.586,-0.033
72,24,0.338,0.419,-0.034
72,240,0.554,0.631,-0.03
72,241,0.625,0.696,-0.025
72,242,0.602,0.676,-0.027
72,243,0.654,0.721,-0.024
72,244,0.804,0.848,-0.013
72,245,0.563,0.64,-0.031
72,246,0.572,0.649,-0.031
72,247,0.69,0.753,-0.022
72,248,0.607,0.68,-0.029
72,249,0.841,0.878,-0.012
72,25,0.781,0.83,-0.01
72,250,0.675,0.74,-0.025
72,251,0.764,0.815,-0.018
72,26,0.687,0.751,-0.014
72,27,0.997,0.998,0.0
72,28,0.774,0.824,-0.01
72,29,0.56,0.637,-0.021
72,30,0.602,0.676,-0.019
72,31,0.837,0.875,-0.007
72,32,0.987,0.991,0.001
72,33,0.623,0.695,-0.018
72,34,0.907,0.93,-0.004
72,35,0.689,0.752,-0.015
72,36,0.806,0.85,-0.009
72,37,0.726,0.784,-0.013
72,38,0.603,0.677,-0.019
72,39,0.483,0.565,-0.026
72,40,0.738,0.793,-0.013
72,41,0.895,0.921,-0.005
72,42,0.685,0.749,-0.016
72,43,0.735,0.792,-0.013
72,44,0.908,0.931,-0.004
72,45,0.641,0.711,-0.018
72,46,0.68,0.744,-0.016
72,47,0.739,0.795,-0.013
72,48,0.935,0.951,-0.003
72,49,0.885,0.913,-0.006
72,50,0.957,0.968,0.002
72,51,0.967,0.975,-0.002
72,52,0.913,0.935,0.004
72,53,0.996,0.997,0.0
72,54,0.971,0.978,0.001
72,55,0.835,0.874,-0.008
72,56,0.886,0.914,-0.006
72,57,0.971,0.979,-0.001
72,58,0.892,0.919,-0.006
72,59,0.982,0.987,0.001
72,6,0.489,0.571,-0.026
72,60,0.853,0.887,0.008
72,61,0.972,0.979,0.001
72,62,0.729,0.786,0.014
72,63,0.987,0.991,-0.001
72,64,0.873,0.903,0.007
72,65,0.849,0.885,0.008
72,66,0.891,0.918,0.006
72,67,0.685,0.748,0.017
72,68,0.782,0.83,0.011
72,69,0.693,0.755,0.016
72,7,0.376,0.458,-0.033
72,70,0.635,0.705,0.02
72,71,0.759,0.812,0.013
72,72,0.683,0.747,0.017
72,73,0.798,0.843,0.011
72,74,0.696,0.758,0.016
72,75,0.816,0.858,0.01
72,76,0.644,0.713,0.019
72,77,0.792,0.838,0.011
72,78,0.798,0.844,0.01
72,79,0.887,0.914,0.006
72,8,0.388,0.471,-0.031
72,80,0.737,0.793,0.014
72,81,0.834,0.872,0.009
72,82,0.818,0.86,0.009
72,83,0.935,0.951,0.003
72,84,0.972,0.979,0.001
72,85,0.776,0.825,0.011
72,86,0.782,0.83,0.011
72,87,0.837,0.875,0.008
72,88,0.929,0.947,-0.004
72,89,0.955,0.966,0.002
72,9,0.637,0.707,-0.017
72,90,0.867,0.899,-0.007
72,91,0.919,0.939,0.004
72,92,0.819,0.86,-0.009
72,93,0.998,0.998,0.0
72,94,0.911,0.933,-0.005
72,95,0.786,0.834,-0.011
72,96,0.713,0.773,-0.015
72,97,0.944,0.958,-0.003
72,98,0.833,0.871,-0.009
72,99,0.682,0.746,-0.017
73,10,0.268,0.345,-0.039
73,100,0.879,0.908,0.006
73,101,0.859,0.892,0.007
73,102,0.931,0.948,-0.004
73,103,0.767,0.818,-0.013
73,104,0.793,0.84,-0.011
73,105,0.842,0.879,-0.008
73,106,0.8,0.845,-0.011
73,107,0.751,0.805,-0.014
73,108,0.742,0.797,-0.014
73,109,0.674,0.739,-0.019
73,11,0.258,0.334,-0.04
73,110,0.768,0.819,-0.013
73,111,0.563,0.64,-0.026
73,112,0.499,0.58,-0.031
73,113,0.577,0.653,-0.026
73,114,0.526,0.605,-0.03
73,115,0.421,0.504,-0.038
73,116,0.351,0.433,-0.045
73,117,0.441,0.524,-0.038
73,118,0.441,0.524,-0.038
73,119,0.296,0.376,-0.053
73,12,0.461,0.544,-0.026
73,120,0.349,0.431,-0.048
73,121,0.334,0.416,-0.05
73,122,0.288,0.367,-0.056
73,123,0.341,0.423,-0.051
73,124,0.335,0.417,-0.052
73,125,0.359,0.441,-0.05
73,126,0.323,0.404,-0.054
73,127,0.286,0.365,-0.058
73,128,0.304,0.384,-0.056
73,129,0.474,0.556,-0.039
73,13,0.517,0.597,-0.023
73,130,0.629,0.699,-0.026
73,131,0.566,0.642,-0.031
73,132,0.548,0.626,-0.033
73,133,0.457,0.539,-0.04
73,134,0.494,0.576,-0.037
73,135,0.64,0.709,-0.025
73,136,0.483,0.565,-0.037
73,137,0.576,0.652,-0.029
73,138,0.554,0.632,-0.03
73,139,0.622,0.693,-0.025
73,14,0.56,0.637,-0.02
73,140,0.613,0.686,-0.025
73,141,0.616,0.688,-0.025
73,142,0.678,0.742,-0.02
73,143,0.711,0.771,-0.018
73,144,0.853,0.888,-0.009
73,145,0.636,0.706,-0.022
73,146,0.685,0.748,-0.019
73,147,0.719,0.778,-0.017
73,148,0.793,0.839,-0.012
73,149,0.798,0.844,-0.012
73,15,0.61,0.683,-0.018
73,150,0.916,0.937,-0.005
73,151,0.927,0.945,-0.004
73,152,0.887,0.914,-0.006
73,153,0.93,0.948,-0.004
73,154,0.876,0.906,-0.007
73,155,0.972,0.979,0.002
73,156,0.995,0.996,-0.0
73,157,0.934,0.951,0.004
73,158,0.695,0.757,0.017
73,159,0.781,0.83,0.012
73,16,0.635,0.705,-0.016
73,160,0.621,0.693,0.021
73,161,0.54,0.619,0.026
73,162,0.694,0.757,0.017
73,163,0.716,0.775,0.015
73,164,0.758,0.811,0.013
73,165,0.679,0.744,0.017
73,166,0.613,0.686,0.021
73,167,0.651,0.719,0.019
73,168,0.615,0.688,0.021
73,169,0.551,0.629,0.025
73,17,0.49,0.572,-0.024
73,170,0.494,0.575,0.029
73,171,0.423,0.507,0.034
73,172,0.477,0.559,0.03
73,173,0.484,0.566,0.03
73,174,0.446,0.529,0.032
73,175,0.563,0.64,0.025
73,176,0.496,0.577,0.029
73,177,0.523,0.603,0.027
73,178,0.602,0.675,0.023
73,179,0.851,0.886,0.008
73,18,0.764,0.815,-0.01
73,180,0.735,0.791,0.015
73,181,0.611,0.683,0.022
73,182,0.802,0.847,0.011
73,183,0.728,0.786,0.015
73,184,0.816,0.858,0.01
73,185,0.743,0.798,0.014
73,186,0.647,0.716,0.02
73,187,0.582,0.658,0.024
73,188,0.627,0.698,0.022
73,189,0.634,0.704,0.021
73,19,0.515,0.595,-0.023
73,190,0.659,0.726,0.02
73,191,0.749,0.803,0.014
73,192,0.617,0.689,0.022
73,193,0.733,0.79,0.015
73,194,0.682,0.746,0.018
73,195,0.846,0.882,0.009
73,196,0.856,0.89,0.008
73,197,0.841,0.878,0.009
73,198,0.755,0.808,0.014
73,199,0.706,0.767,0.017
73,20,0.476,0.558,-0.025
73,200,0.779,0.827,0.013
73,201,0.849,0.884,0.009
73,202,0.781,0.83,0.012
73,203,0.626,0.697,0.022
73,204,0.703,0.764,0.017
73,205,0.795,0.841,0.012
73,206,0.998,0.998,-0.0
73,207,0.733,0.789,0.015
73,208,0.761,0.813,0.014
73,209,0.804,0.848,0.011
73,21,0.886,0.914,-0.005
73,210,0.775,0.825,0.013
73,211,0.66,0.727,0.02
73,212,0.82,0.861,0.01
73,213,0.816,0.858,0.01
73,214,0.83,0.87,0.01
73,215,0.915,0.936,0.005
73,216,0.876,0.906,0.007
73,217,0.945,0.959,-0.003
73,218,0.92,0.94,0.004
73,219,0.812,0.855,0.011
73,22,0.738,0.793,-0.012
73,220,0.839,0.876,-0.009
73,221,0.988,0.991,-0.001
73,222,0.872,0.902,0.007
73,223,0.991,0.993,0.001
73,224,0.794,0.84,0.012
73,225,0.982,0.987,-0.001
73,226,0.928,0.946,0.004
73,227,0.872,0.903,0.007
73,228,0.938,0.953,0.004
73,229,0.931,0.949,-0.004
73,23,0.762,0.814,-0.011
73,230,0.883,0.911,-0.007
73,231,0.754,0.807,-0.015
73,232,0.809,0.852,-0.011
73,233,0.635,0.705,-0.022
73,234,0.78,0.829,-0.013
73,235,0.763,0.815,-0.014
73,236,0.733,0.79,-0.016
73,237,0.688,0.751,-0.02
73,238,0.7,0.761,-0.019
73,239,0.406,0.489,-0.041
73,24,0.679,0.744,-0.015
73,240,0.493,0.574,-0.035
73,241,0.429,0.512,-0.04
73,242,0.38,0.463,-0.045
73,243,0.385,0.468,-0.046
73,244,0.434,0.517,-0.042
73,245,0.518,0.598,-0.035
73,246,0.445,0.527,-0.042
73,247,0.479,0.561,-0.04
73,248,0.537,0.616,-0.035
73,249,0.544,0.623,-0.035
73,25,0.7,0.762,-0.014
73,250,0.514,0.594,-0.039
73,251,0.619,0.691,-0.03
73,26,0.701,0.762,-0.014
73,27,0.668,0.734,-0.015
73,28,0.57,0.646,-0.02
73,29,0.598,0.672,-0.019
73,30,0.623,0.695,-0.018
73,31,0.55,0.628,-0.022
73,32,0.704,0.765,-0.014
73,33,0.732,0.789,-0.012
73,34,0.806,0.85,-0.009
73,35,0.72,0.778,-0.013
73,36,0.834,0.873,-0.008
73,37,0.991,0.993,-0.0
73,38,0.795,0.841,-0.01
73,39,0.842,0.879,-0.007
73,40,0.995,0.996,0.0
73,41,0.997,0.998,0.0
73,42,0.82,0.861,0.009
73,43,0.79,0.837,-0.01
73,44,0.546,0.625,-0.023
73,45,0.813,0.855,-0.009
73,46,0.993,0.995,-0.0
73,47,0.853,0.888,-0.007
73,48,0.973,0.98,0.001
73,49,0.928,0.946,-0.004
73,50,0.876,0.906,-0.006
73,51,0.974,0.981,-0.001
73,52,0.99,0.993,-0.0
73,53,0.803,0.848,-0.01
73,54,0.88,0.909,0.006
73,55,0.932,0.949,0.003
73,56,0.737,0.793,0.014
73,57,0.881,0.91,0.006
73,58,0.948,0.961,0.003
73,59,0.909,0.932,-0.005
73,6,0.269,0.346,-0.041
73,60,0.864,0.896,0.007
73,61,0.849,0.885,0.008
73,62,0.72,0.778,0.015
73,63,0.953,0.965,0.002
73,64,0.826,0.866,0.009
73,65,0.71,0.77,0.015
73,66,0.75,0.804,0.013
73,67,0.715,0.775,0.015
73,68,0.793,0.839,0.011
73,69,0.901,0.926,-0.005
73,7,0.175,0.241,-0.05
73,70,0.975,0.982,0.001
73,71,0.914,0.936,-0.004
73,72,0.877,0.906,-0.006
73,73,0.862,0.895,-0.007
73,74,0.939,0.954,-0.003
73,75,0.956,0.967,0.002
73,76,0.857,0.891,0.007
73,77,0.922,0.941,-0.004
73,78,0.785,0.833,0.011
73,79,0.821,0.862,0.009
73,8,0.189,0.257,-0.047
73,80,0.738,0.794,0.014
73,81,0.756,0.809,0.013
73,82,0.779,0.828,0.011
73,83,0.917,0.937,0.004
73,84,0.962,0.972,0.002
73,85,0.896,0.922,0.005
73,86,0.99,0.993,0.0
73,87,0.983,0.987,0.001
73,88,0.882,0.91,0.006
73,89,0.804,0.848,0.01
73,9,0.363,0.446,-0.033
73,90,0.814,0.856,0.01
73,91,0.791,0.837,0.011
73,92,0.984,0.988,0.001
73,93,0.791,0.838,0.011
73,94,0.763,0.814,0.012
73,95,0.704,0.765,0.015
73,96,0.902,0.926,-0.005
73,97,0.887,0.915,-0.006
73,98,0.898,0.923,-0.005
73,99,0.96,0.97,-0.002
74,10,0.162,0.225,-0.05
74,100,0.915,0.936,-0.004
74,101,0.774,0.824,-0.012
74,102,0.945,0.959,-0.003
74,103,0.842,0.879,0.008
74,104,0.919,0.939,-0.004
74,105,0.788,0.835,-0.011
74,106,0.853,0.888,-0.008
74,107,0.984,0.988,0.001
74,108,0.859,0.892,-0.008
74,109,0.855,0.889,-0.008
74,11,0.16,0.223,-0.05
74,110,0.678,0.743,-0.018
74,111,0.518,0.598,-0.029
74,112,0.497,0.579,-0.03
74,113,0.448,0.531,-0.034
74,114,0.315,0.395,-0.046
74,115,0.379,0.462,-0.041
74,116,0.275,0.353,-0.051
74,117,0.299,0.379,-0.05
74,118,0.335,0.417,-0.047
74,119,0.432,0.515,-0.039
74,12,0.283,0.361,-0.038
74,120,0.195,0.264,-0.064
74,121,0.213,0.284,-0.063
74,122,0.189,0.257,-0.067
74,123,0.261,0.338,-0.057
74,124,0.278,0.356,-0.056
74,125,0.273,0.35,-0.057
74,126,0.247,0.323,-0.061
74,127,0.179,0.245,-0.071
74,128,0.212,0.283,-0.066
74,129,0.221,0.294,-0.065
74,13,0.448,0.531,-0.026
74,130,0.193,0.262,-0.069
74,131,0.3,0.379,-0.055
74,132,0.365,0.448,-0.047
74,133,0.392,0.476,-0.045
74,134,0.403,0.486,-0.043
74,135,0.412,0.495,-0.042
74,136,0.357,0.439,-0.047
74,137,0.547,0.626,-0.03
74,138,0.576,0.652,-0.028
74,139,0.571,0.647,-0.028
74,14,0.669,0.735,-0.015
74,140,0.669,0.735,-0.021
74,141,0.629,0.699,-0.023
74,142,0.701,0.762,-0.018
74,143,0.561,0.638,-0.028
74,144,0.562,0.639,-0.027
74,145,0.682,0.746,-0.019
74,146,0.489,0.57,-0.032
74,147,0.423,0.506,-0.037
74,148,0.591,0.665,-0.024
74,149,0.502,0.583,-0.03
74,15,0.601,0.675,-0.018
74,150,0.507,0.588,-0.03
74,151,0.71,0.77,-0.016
74,152,0.584,0.659,-0.024
74,153,0.712,0.772,-0.016
74,154,0.876,0.906,-0.007
74,155,0.977,0.983,0.001
74,156,0.913,0.935,0.005
74,157,0.862,0.895,-0.007
74,158,0.959,0.969,-0.002
74,159,0.959,0.97,0.002
74,16,0.453,0.536,-0.026
74,160,0.773,0.823,0.012
74,161,0.683,0.747,0.017
74,162,0.59,0.664,0.023
74,163,0.665,0.731,0.018
74,164,0.735,0.792,0.014
74,165,0.748,0.802,0.013
74,166,0.652,0.72,0.019
74,167,0.518,0.598,0.027
74,168,0.798,0.843,0.011
74,169,0.853,0.888,0.008
74,17,0.268,0.345,-0.038
74,170,0.513,0.594,0.028
74,171,0.607,0.68,0.022
74,172,0.84,0.877,0.009
74,173,0.835,0.874,0.009
74,174,0.506,0.587,0.028
74,175,0.484,0.566,0.03
74,176,0.723,0.781,0.015
74,177,0.703,0.764,0.017
74,178,0.748,0.802,0.014
74,179,0.682,0.746,0.018
74,18,0.343,0.425,-0.033
74,180,0.917,0.938,0.005
74,181,0.788,0.835,0.012
74,182,0.796,0.842,0.011
74,183,0.611,0.684,0.022
74,184,0.732,0.789,0.015
74,185,0.619,0.691,0.022
74,186,0.481,0.563,0.031
74,187,0.45,0.533,0.034
74,188,0.574,0.65,0.025
74,189,0.597,0.671,0.024
74,19,0.252,0.328,-0.04
74,190,0.487,0.569,0.031
74,191,0.541,0.62,0.027
74,192,0.592,0.666,0.024
74,193,0.642,0.711,0.021
74,194,0.619,0.691,0.022
74,195,0.684,0.748,0.018
74,196,0.737,0.793,0.015
74,197,0.614,0.686,0.023
74,198,0.657,0.724,0.02
74,199,0.758,0.811,0.014
74,20,0.38,0.463,-0.031
74,200,0.776,0.825,0.013
74,201,0.753,0.807,0.014
74,202,0.783,0.831,0.012
74,203,0.934,0.951,0.004
74,204,0.961,0.971,-0.002
74,205,0.996,0.997,-0.0
74,206,0.876,0.906,-0.007
74,207,0.924,0.943,-0.004
74,208,0.762,0.813,-0.014
74,209,0.766,0.817,-0.013
74,21,0.545,0.624,-0.021
74,210,0.843,0.879,-0.009
74,211,0.893,0.919,-0.006
74,212,0.875,0.905,-0.007
74,213,0.787,0.834,-0.012
74,214,0.919,0.939,-0.005
74,215,0.93,0.947,0.004
74,216,0.899,0.923,-0.006
74,217,0.848,0.884,-0.009
74,218,0.981,0.986,-0.001
74,219,0.815,0.857,-0.01
74,22,0.418,0.501,-0.028
74,220,0.892,0.918,-0.006
74,221,0.913,0.935,-0.005
74,222,0.658,0.725,-0.02
74,223,0.565,0.642,-0.026
74,224,0.681,0.746,-0.019
74,225,0.837,0.875,-0.009
74,226,0.9,0.925,-0.006
74,227,0.638,0.707,-0.021
74,228,0.751,0.804,-0.015
74,229,0.839,0.876,-0.009
74,23,0.312,0.392,-0.035
74,230,0.9,0.925,-0.006
74,231,0.876,0.906,-0.007
74,232,0.87,0.901,-0.008
74,233,0.751,0.805,-0.015
74,234,0.596,0.67,-0.025
74,235,0.536,0.615,-0.03
74,236,0.702,0.763,-0.019
74,237,0.59,0.665,-0.026
74,238,0.657,0.724,-0.022
74,239,0.616,0.688,-0.025
74,24,0.41,0.493,-0.029
74,240,0.557,0.635,-0.03
74,241,0.376,0.458,-0.046
74,242,0.428,0.511,-0.041
74,243,0.454,0.536,-0.04
74,244,0.345,0.427,-0.051
74,245,0.477,0.559,-0.039
74,246,0.482,0.563,-0.039
74,247,0.425,0.508,-0.045
74,248,0.429,0.512,-0.046
74,249,0.346,0.428,-0.056
74,25,0.237,0.311,-0.042
74,250,0.422,0.506,-0.048
74,251,0.479,0.561,-0.043
74,26,0.32,0.401,-0.035
74,27,0.344,0.426,-0.033
74,28,0.32,0.401,-0.035
74,29,0.503,0.584,-0.024
74,30,0.367,0.45,-0.032
74,31,0.472,0.554,-0.026
74,32,0.377,0.46,-0.032
74,33,0.373,0.456,-0.032
74,34,0.364,0.447,-0.033
74,35,0.399,0.482,-0.031
74,36,0.593,0.668,-0.02
74,37,0.435,0.518,-0.029
74,38,0.444,0.527,-0.028
74,39,0.473,0.555,-0.027
74,40,0.393,0.477,-0.032
74,41,0.279,0.357,-0.041
74,42,0.647,0.715,-0.017
74,43,0.533,0.612,-0.024
74,44,0.524,0.604,-0.024
74,45,0.634,0.704,-0.018
74,46,0.604,0.677,-0.02
74,47,0.544,0.623,-0.024
74,48,0.431,0.515,-0.031
74,49,0.417,0.5,-0.032
74,50,0.556,0.634,-0.023
74,51,0.703,0.764,-0.015
74,52,0.513,0.594,-0.026
74,53,0.472,0.554,-0.029
74,54,0.739,0.794,-0.013
74,55,0.836,0.874,-0.008
74,56,0.779,0.828,-0.011
74,57,0.603,0.676,-0.021
74,58,0.728,0.786,-0.014
74,59,0.657,0.725,-0.018
74,6,0.3,0.379,-0.038
74,60,0.793,0.839,-0.011
74,61,0.867,0.899,-0.007
74,62,0.852,0.887,-0.008
74,63,0.857,0.891,-0.007
74,64,0.788,0.835,-0.011
74,65,0.929,0.947,0.004
74,66,0.945,0.959,-0.003
74,67,0.998,0.998,0.0
74,68,0.716,0.775,-0.015
74,69,0.823,0.864,-0.009
74,7,0.242,0.316,-0.043
74,70,0.933,0.95,0.003
74,71,0.812,0.855,0.01
74,72,0.769,0.82,0.012
74,73,0.905,0.928,0.005
74,74,0.855,0.889,-0.008
74,75,0.952,0.964,0.002
74,76,0.965,0.974,-0.002
74,77,0.925,0.944,-0.004
74,78,0.871,0.902,0.007
74,79,0.895,0.921,0.005
74,8,0.112,0.164,-0.058
74,80,0.962,0.972,0.002
74,81,0.956,0.967,0.002
74,82,0.828,0.868,0.009
74,83,0.974,0.981,0.001
74,84,0.854,0.889,-0.007
74,85,0.716,0.776,-0.015
74,86,0.994,0.996,-0.0
74,87,0.962,0.972,0.002
74,88,0.806,0.85,0.01
74,89,0.877,0.907,-0.006
74,9,0.232,0.306,-0.043
74,90,0.997,0.998,0.0
74,91,0.927,0.945,0.004
74,92,0.984,0.988,0.001
74,93,0.913,0.935,-0.004
74,94,0.952,0.965,-0.002
74,95,0.977,0.983,0.001
74,96,0.996,0.997,-0.0
74,97,0.941,0.956,-0.003
74,98,0.853,0.888,-0.008
74,99,0.982,0.987,-0.001
75,10,0.234,0.308,-0.042
75,100,0.883,0.911,-0.006
75,101,0.986,0.99,0.001
75,102,0.987,0.99,-0.001
75,103,0.751,0.805,-0.013
75,104,0.766,0.817,-0.012
75,105,0.794,0.84,-0.011
75,106,0.861,0.894,-0.007
75,107,0.775,0.824,-0.012
75,108,0.553,0.631,-0.025
75,109,0.638,0.708,-0.02
75,11,0.289,0.368,-0.037
75,110,0.622,0.693,-0.021
75,111,0.557,0.634,-0.026
75,112,0.605,0.679,-0.023
75,113,0.549,0.628,-0.027
75,114,0.452,0.534,-0.034
75,115,0.318,0.399,-0.046
75,116,0.284,0.362,-0.05
75,117,0.438,0.521,-0.036
75,118,0.435,0.518,-0.037
75,119,0.287,0.366,-0.051
75,12,0.329,0.411,-0.034
75,120,0.275,0.353,-0.053
75,121,0.287,0.366,-0.052
75,122,0.265,0.342,-0.055
75,123,0.253,0.329,-0.057
75,124,0.312,0.393,-0.051
75,125,0.283,0.361,-0.054
75,126,0.238,0.313,-0.06
75,127,0.332,0.413,-0.049
75,128,0.342,0.424,-0.049
75,129,0.439,0.522,-0.04
75,13,0.295,0.374,-0.036
75,130,0.47,0.552,-0.037
75,131,0.516,0.597,-0.033
75,132,0.462,0.545,-0.037
75,133,0.455,0.538,-0.038
75,134,0.423,0.507,-0.04
75,135,0.552,0.63,-0.03
75,136,0.443,0.526,-0.038
75,137,0.731,0.788,-0.017
75,138,0.561,0.638,-0.028
75,139,0.528,0.607,-0.03
75,14,0.359,0.441,-0.032
75,140,0.606,0.679,-0.025
75,141,0.591,0.666,-0.025
75,142,0.644,0.713,-0.022
75,143,0.644,0.713,-0.021
75,144,0.636,0.706,-0.022
75,145,0.796,0.842,-0.012
75,146,0.566,0.642,-0.026
75,147,0.518,0.598,-0.029
75,148,0.699,0.761,-0.017
75,149,0.8,0.845,-0.011
75,15,0.384,0.467,-0.03
75,150,0.646,0.715,-0.02
75,151,0.573,0.649,-0.025
75,152,0.84,0.877,-0.009
75,153,0.993,0.995,0.0
75,154,0.941,0.956,0.003
75,155,0.845,0.881,0.008
75,156,0.953,0.965,0.002
75,157,0.817,0.859,0.01
75,158,0.783,0.831,0.012
75,159,0.673,0.738,0.018
75,16,0.276,0.354,-0.037
75,160,0.699,0.76,0.016
75,161,0.695,0.757,0.017
75,162,0.727,0.785,0.015
75,163,0.755,0.808,0.013
75,164,0.847,0.883,0.008
75,165,0.714,0.774,0.015
75,166,0.64,0.709,0.02
75,167,0.621,0.693,0.021
75,168,0.587,0.662,0.023
75,169,0.55,0.628,0.025
75,17,0.282,0.361,-0.037
75,170,0.742,0.797,0.014
75,171,0.621,0.692,0.021
75,172,0.79,0.837,0.011
75,173,0.755,0.808,0.013
75,174,0.436,0.519,0.033
75,175,0.522,0.601,0.028
75,176,0.622,0.693,0.021
75,177,0.533,0.612,0.027
75,178,0.779,0.828,0.012
75,179,0.72,0.778,0.016
75,18,0.317,0.398,-0.034
75,180,0.526,0.606,0.028
75,181,0.465,0.548,0.032
75,182,0.425,0.508,0.035
75,183,0.528,0.607,0.028
75,184,0.66,0.727,0.02
75,185,0.624,0.695,0.022
75,186,0.575,0.651,0.025
75,187,0.464,0.546,0.033
75,188,0.406,0.489,0.037
75,189,0.479,0.561,0.032
75,19,0.391,0.474,-0.03
75,190,0.385,0.468,0.039
75,191,0.687,0.75,0.018
75,192,0.585,0.66,0.024
75,193,0.662,0.729,0.02
75,194,0.55,0.628,0.027
75,195,0.658,0.725,0.02
75,196,0.659,0.726,0.02
75,197,0.765,0.816,0.013
75,198,0.721,0.779,0.016
75,199,0.746,0.801,0.015
75,20,0.387,0.47,-0.03
75,200,0.887,0.915,0.006
75,201,0.732,0.789,0.015
75,202,0.798,0.843,0.011
75,203,0.696,0.758,0.018
75,204,0.744,0.799,0.015
75,205,0.786,0.834,0.012
75,206,0.757,0.809,0.014
75,207,0.61,0.683,0.023
75,208,0.694,0.756,0.018
75,209,0.736,0.792,0.015
75,21,0.234,0.308,-0.041
75,210,0.641,0.71,0.021
75,211,0.682,0.746,0.018
75,212,0.623,0.694,0.022
75,213,0.569,0.645,0.025
75,214,0.869,0.9,0.007
75,215,0.988,0.991,0.001
75,216,0.824,0.864,0.01
75,217,0.826,0.866,0.01
75,218,0.978,0.984,-0.001
75,219,0.984,0.988,-0.001
75,22,0.37,0.452,-0.031
75,220,0.993,0.995,-0.0
75,221,0.863,0.896,-0.008
75,222,0.981,0.986,0.001
75,223,0.905,0.928,-0.005
75,224,0.733,0.79,-0.015
75,225,0.889,0.916,-0.006
75,226,0.987,0.99,-0.001
75,227,0.951,0.964,-0.003
75,228,0.666,0.732,-0.02
75,229,0.738,0.794,-0.015
75,23,0.267,0.344,-0.039
75,230,0.65,0.718,-0.021
75,231,0.578,0.653,-0.026
75,232,0.696,0.758,-0.018
75,233,0.773,0.823,-0.014
75,234,0.659,0.726,-0.021
75,235,0.534,0.613,-0.03
75,236,0.583,0.658,-0.027
75,237,0.49,0.572,-0.034
75,238,0.446,0.529,-0.038
75,239,0.54,0.619,-0.031
75,24,0.332,0.413,-0.034
75,240,0.496,0.578,-0.035
75,241,0.427,0.51,-0.041
75,242,0.348,0.43,-0.05
75,243,0.399,0.482,-0.045
75,244,0.43,0.513,-0.043
75,245,0.569,0.646,-0.032
75,246,0.532,0.612,-0.035
75,247,0.678,0.742,-0.024
75,248,0.709,0.769,-0.022
75,249,0.404,0.487,-0.05
75,25,0.34,0.422,-0.033
75,250,0.337,0.419,-0.058
75,251,0.386,0.469,-0.053
75,26,0.485,0.567,-0.025
75,27,0.259,0.336,-0.04
75,28,0.484,0.566,-0.025
75,29,0.649,0.717,-0.016
75,30,0.511,0.592,-0.024
75,31,0.633,0.703,-0.017
75,32,0.414,0.497,-0.03
75,33,0.406,0.489,-0.03
75,34,0.505,0.586,-0.024
75,35,0.613,0.685,-0.019
75,36,0.337,0.419,-0.035
75,37,0.559,0.636,-0.022
75,38,0.652,0.72,-0.017
75,39,0.529,0.609,-0.024
75,40,0.507,0.588,-0.025
75,41,0.498,0.579,-0.026
75,42,0.71,0.77,-0.014
75,43,0.526,0.606,-0.024
75,44,0.46,0.543,-0.028
75,45,0.531,0.61,-0.024
75,46,0.462,0.545,-0.029
75,47,0.574,0.65,-0.022
75,48,0.546,0.625,-0.024
75,49,0.412,0.496,-0.032
75,50,0.627,0.698,-0.019
75,51,0.696,0.758,-0.016
75,52,0.639,0.708,-0.019
75,53,0.522,0.602,-0.026
75,54,0.71,0.77,-0.015
75,55,0.669,0.735,-0.017
75,56,0.591,0.665,-0.022
75,57,0.477,0.559,-0.029
75,58,0.799,0.844,-0.01
75,59,0.642,0.711,-0.019
75,6,0.282,0.361,-0.039
75,60,0.612,0.684,-0.021
75,61,0.589,0.664,-0.022
75,62,0.717,0.776,-0.015
75,63,0.719,0.777,-0.015
75,64,0.533,0.612,-0.026
75,65,0.729,0.787,-0.014
75,66,0.723,0.781,-0.015
75,67,0.793,0.839,-0.011
75,68,0.844,0.881,-0.008
75,69,0.76,0.812,-0.013
75,7,0.347,0.429,-0.034
75,70,0.891,0.917,-0.006
75,71,0.72,0.779,-0.015
75,72,0.676,0.741,-0.017
75,73,0.955,0.967,0.002
75,74,0.683,0.747,-0.017
75,75,0.921,0.941,-0.004
75,76,0.828,0.868,0.009
75,77,0.855,0.889,0.008
75,78,0.88,0.909,-0.006
75,79,0.879,0.908,-0.006
75,8,0.157,0.22,-0.051
75,80,0.971,0.979,-0.001
75,81,0.99,0.992,0.001
75,82,0.761,0.813,-0.012
75,83,0.982,0.987,-0.001
75,84,0.721,0.78,-0.014
75,85,0.916,0.937,-0.004
75,86,0.693,0.755,-0.016
75,87,0.947,0.96,0.003
75,88,0.951,0.963,0.002
75,89,0.918,0.939,-0.004
75,9,0.326,0.408,-0.035
75,90,0.812,0.855,-0.01
75,91,0.951,0.963,-0.002
75,92,0.91,0.932,-0.005
75,93,0.917,0.938,0.004
75,94,0.966,0.974,-0.002
75,95,0.964,0.973,-0.002
75,96,0.962,0.972,-0.002
75,97,0.821,0.862,-0.009
75,98,0.928,0.946,-0.004
75,99,0.958,0.969,-0.002
76,10,0.263,0.34,-0.039
76,100,0.785,0.833,-0.011
76,101,0.578,0.654,-0.023
76,102,0.588,0.662,-0.022
76,103,0.598,0.672,-0.022
76,104,0.718,0.777,-0.015
76,105,0.708,0.768,-0.016
76,106,0.627,0.698,-0.02
76,107,0.63,0.7,-0.02
76,108,0.615,0.687,-0.021
76,109,0.682,0.746,-0.017
76,11,0.41,0.494,-0.029
76,110,0.4,0.483,-0.036
76,111,0.473,0.556,-0.031
76,112,0.344,0.426,-0.041
76,113,0.296,0.375,-0.046
76,114,0.472,0.555,-0.032
76,115,0.284,0.363,-0.048
76,116,0.235,0.309,-0.054
76,117,0.26,0.336,-0.052
76,118,0.408,0.491,-0.038
76,119,0.364,0.446,-0.043
76,12,0.424,0.507,-0.028
76,120,0.235,0.309,-0.056
76,121,0.215,0.287,-0.059
76,122,0.161,0.223,-0.067
76,123,0.183,0.25,-0.064
76,124,0.198,0.267,-0.063
76,125,0.182,0.248,-0.066
76,126,0.146,0.205,-0.072
76,127,0.224,0.296,-0.06
76,128,0.267,0.344,-0.055
76,129,0.307,0.388,-0.051
76,13,0.393,0.476,-0.03
76,130,0.317,0.398,-0.05
76,131,0.413,0.496,-0.041
76,132,0.387,0.471,-0.043
76,133,0.294,0.374,-0.052
76,134,0.365,0.448,-0.044
76,135,0.446,0.529,-0.037
76,136,0.488,0.569,-0.034
76,137,0.635,0.705,-0.023
76,138,0.521,0.601,-0.03
76,139,0.622,0.693,-0.023
76,14,0.421,0.504,-0.028
76,140,0.582,0.657,-0.026
76,141,0.625,0.696,-0.023
76,142,0.498,0.579,-0.031
76,143,0.566,0.643,-0.026
76,144,0.607,0.68,-0.023
76,145,0.762,0.814,-0.014
76,146,0.857,0.891,-0.008
76,147,0.983,0.988,-0.001
76,148,0.829,0.868,-0.009
76,149,0.756,0.809,-0.014
76,15,0.237,0.311,-0.041
76,150,0.716,0.775,-0.016
76,151,0.858,0.891,-0.008
76,152,0.669,0.735,-0.018
76,153,0.949,0.962,-0.003
76,154,0.651,0.719,-0.019
76,155,0.795,0.841,-0.011
76,156,0.93,0.948,0.004
76,157,0.838,0.876,0.009
76,158,0.859,0.893,0.007
76,159,0.767,0.818,0.013
76,16,0.309,0.389,-0.035
76,160,0.636,0.706,0.02
76,161,0.599,0.673,0.022
76,162,0.792,0.838,0.011
76,163,0.602,0.675,0.022
76,164,0.628,0.699,0.02
76,165,0.68,0.744,0.017
76,166,0.692,0.755,0.017
76,167,0.459,0.541,0.031
76,168,0.757,0.809,0.013
76,169,0.742,0.797,0.014
76,17,0.308,0.388,-0.035
76,170,0.689,0.752,0.017
76,171,0.604,0.677,0.022
76,172,0.553,0.631,0.026
76,173,0.584,0.659,0.024
76,174,0.535,0.614,0.027
76,175,0.503,0.584,0.029
76,176,0.603,0.677,0.023
76,177,0.77,0.82,0.013
76,178,0.519,0.599,0.028
76,179,0.561,0.638,0.026
76,18,0.166,0.23,-0.048
76,180,0.524,0.604,0.028
76,181,0.573,0.649,0.025
76,182,0.503,0.584,0.03
76,183,0.282,0.361,0.048
76,184,0.45,0.532,0.034
76,185,0.687,0.751,0.018
76,186,0.394,0.477,0.038
76,187,0.526,0.606,0.029
76,188,0.453,0.535,0.034
76,189,0.686,0.749,0.018
76,19,0.258,0.334,-0.039
76,190,0.551,0.629,0.027
76,191,0.513,0.593,0.03
76,192,0.556,0.634,0.026
76,193,0.511,0.592,0.03
76,194,0.665,0.732,0.019
76,195,0.803,0.847,0.011
76,196,0.748,0.802,0.014
76,197,0.827,0.867,0.01
76,198,0.742,0.797,0.015
76,199,0.644,0.713,0.021
76,20,0.338,0.42,-0.033
76,200,0.636,0.706,0.021
76,201,0.763,0.814,0.014
76,202,0.796,0.842,0.012
76,203,0.864,0.896,0.008
76,204,0.801,0.846,0.011
76,205,0.781,0.83,0.012
76,206,0.995,0.996,0.0
76,207,0.938,0.954,0.003
76,208,0.895,0.921,0.006
76,209,0.98,0.985,0.001
76,21,0.361,0.444,-0.032
76,210,0.948,0.961,0.003
76,211,0.858,0.892,-0.008
76,212,0.945,0.959,0.003
76,213,0.907,0.93,-0.005
76,214,0.778,0.827,-0.013
76,215,0.668,0.734,-0.019
76,216,0.756,0.809,-0.014
76,217,0.748,0.802,-0.014
76,218,0.706,0.767,-0.017
76,219,0.689,0.752,-0.018
76,22,0.318,0.399,-0.035
76,220,0.571,0.648,-0.025
76,221,0.669,0.735,-0.019
76,222,0.67,0.736,-0.019
76,223,0.596,0.67,-0.024
76,224,0.81,0.853,-0.011
76,225,0.798,0.843,-0.012
76,226,0.806,0.85,-0.011
76,227,0.642,0.712,-0.021
76,228,0.788,0.835,-0.012
76,229,0.543,0.621,-0.028
76,23,0.216,0.287,-0.043
76,230,0.702,0.763,-0.018
76,231,0.796,0.841,-0.012
76,232,0.703,0.765,-0.018
76,233,0.654,0.722,-0.021
76,234,0.533,0.612,-0.03
76,235,0.789,0.836,-0.013
76,236,0.504,0.585,-0.033
76,237,0.431,0.514,-0.039
76,238,0.432,0.515,-0.04
76,239,0.312,0.393,-0.052
76,24,0.264,0.341,-0.039
76,240,0.358,0.441,-0.047
76,241,0.397,0.481,-0.044
76,242,0.301,0.381,-0.055
76,243,0.199,0.268,-0.069
76,244,0.363,0.445,-0.05
76,245,0.273,0.35,-0.061
76,246,0.471,0.553,-0.041
76,247,0.359,0.441,-0.053
76,248,0.323,0.404,-0.058
76,249,0.337,0.418,-0.058
76,25,0.307,0.387,-0.036
76,250,0.332,0.414,-0.059
76,251,0.507,0.588,-0.041
76,26,0.391,0.474,-0.03
76,27,0.264,0.341,-0.039
76,28,0.498,0.579,-0.024
76,29,0.369,0.452,-0.032
76,30,0.167,0.231,-0.049
76,31,0.289,0.368,-0.038
76,32,0.513,0.593,-0.024
76,33,0.32,0.401,-0.036
76,34,0.213,0.284,-0.045
76,35,0.228,0.302,-0.044
76,36,0.297,0.376,-0.038
76,37,0.158,0.22,-0.052
76,38,0.303,0.383,-0.038
76,39,0.452,0.535,-0.028
76,40,0.449,0.532,-0.028
76,41,0.436,0.519,-0.029
76,42,0.316,0.397,-0.038
76,43,0.36,0.443,-0.035
76,44,0.459,0.542,-0.028
76,45,0.323,0.404,-0.038
76,46,0.555,0.633,-0.023
76,47,0.555,0.633,-0.023
76,48,0.531,0.61,-0.025
76,49,0.451,0.534,-0.03
76,50,0.581,0.656,-0.022
76,51,0.733,0.789,-0.014
76,52,0.558,0.635,-0.023
76,53,0.634,0.704,-0.019
76,54,0.758,0.81,-0.012
76,55,0.785,0.833,-0.011
76,56,0.689,0.752,-0.016
76,57,0.563,0.64,-0.024
76,58,0.496,0.577,-0.028
76,59,0.601,0.675,-0.021
76,6,0.449,0.532,-0.028
76,60,0.842,0.879,-0.008
76,61,0.811,0.854,0.01
76,62,0.884,0.912,-0.006
76,63,0.921,0.941,-0.004
76,64,0.752,0.805,-0.013
76,65,0.897,0.922,0.005
76,66,0.896,0.921,-0.005
76,67,0.838,0.875,-0.008
76,68,0.955,0.967,-0.002
76,69,0.943,0.958,-0.003
76,7,0.465,0.548,-0.026
76,70,0.663,0.73,-0.018
76,71,0.858,0.891,-0.007
76,72,0.893,0.919,-0.006
76,73,0.866,0.898,-0.007
76,74,0.951,0.963,0.003
76,75,0.983,0.987,-0.001
76,76,0.739,0.795,0.014
76,77,0.988,0.991,0.001
76,78,0.822,0.863,0.009
76,79,0.946,0.96,0.003
76,8,0.307,0.388,-0.037
76,80,0.713,0.772,0.015
76,81,0.805,0.849,0.01
76,82,0.876,0.906,-0.006
76,83,0.993,0.995,0.0
76,84,0.93,0.947,-0.004
76,85,0.96,0.97,-0.002
76,86,0.883,0.911,0.006
76,87,0.883,0.911,0.006
76,88,0.925,0.943,-0.004
76,89,0.863,0.895,-0.007
76,9,0.308,0.388,-0.036
76,90,0.843,0.88,-0.008
76,91,0.802,0.847,-0.01
76,92,0.907,0.93,-0.005
76,93,0.836,0.874,-0.008
76,94,0.891,0.917,-0.006
76,95,0.866,0.898,-0.007
76,96,0.773,0.823,-0.012
76,97,0.866,0.898,-0.007
76,98,0.977,0.983,-0.001
76,99,0.915,0.936,-0.004
77,10,0.122,0.176,-0.054
77,100,0.885,0.913,-0.006
77,101,0.963,0.972,0.002
77,102,0.94,0.955,-0.003
77,103,0.827,0.867,-0.009
77,104,0.658,0.725,-0.018
77,105,0.697,0.759,-0.016
77,106,0.526,0.605,-0.026
77,107,0.379,0.462,-0.037
77,108,0.423,0.506,-0.033
77,109,0.419,0.502,-0.034
77,11,0.086,0.131,-0.06
77,110,0.5,0.581,-0.029
77,111,0.465,0.548,-0.031
77,112,0.551,0.629,-0.026
77,113,0.474,0.556,-0.031
77,114,0.393,0.476,-0.037
77,115,0.408,0.491,-0.037
77,116,0.38,0.463,-0.039
77,117,0.299,0.379,-0.047
77,118,0.254,0.33,-0.052
77,119,0.191,0.259,-0.06
77,12,0.292,0.371,-0.036
77,120,0.15,0.21,-0.067
77,121,0.234,0.308,-0.055
77,122,0.253,0.328,-0.054
77,123,0.177,0.243,-0.064
77,124,0.129,0.185,-0.072
77,125,0.091,0.138,-0.081
77,126,0.128,0.185,-0.073
77,127,0.187,0.255,-0.064
77,128,0.205,0.275,-0.061
77,129,0.223,0.296,-0.059
77,13,0.312,0.392,-0.035
77,130,0.245,0.321,-0.056
77,131,0.208,0.279,-0.061
77,132,0.251,0.327,-0.055
77,133,0.344,0.426,-0.045
77,134,0.278,0.356,-0.052
77,135,0.246,0.322,-0.055
77,136,0.264,0.341,-0.053
77,137,0.325,0.407,-0.046
77,138,0.307,0.387,-0.048
77,139,0.414,0.497,-0.038
77,14,0.396,0.479,-0.029
77,140,0.484,0.566,-0.032
77,141,0.514,0.595,-0.03
77,142,0.371,0.454,-0.04
77,143,0.275,0.353,-0.049
77,144,0.453,0.535,-0.033
77,145,0.651,0.719,-0.02
77,146,0.77,0.82,-0.013
77,147,0.82,0.861,-0.01
77,148,0.744,0.799,-0.014
77,149,0.973,0.98,-0.001
77,15,0.327,0.408,-0.034
77,150,0.784,0.832,-0.012
77,151,0.902,0.926,-0.005
77,152,0.82,0.861,0.01
77,153,0.928,0.946,-0.004
77,154,0.851,0.886,0.008
77,155,0.978,0.984,-0.001
77,156,0.948,0.961,-0.003
77,157,0.909,0.931,0.005
77,158,0.989,0.992,0.001
77,159,0.968,0.977,0.002
77,16,0.522,0.602,-0.022
77,160,0.831,0.87,0.009
77,161,0.85,0.885,0.008
77,162,0.834,0.872,0.009
77,163,0.633,0.703,0.02
77,164,0.725,0.783,0.015
77,165,0.615,0.687,0.021
77,166,0.768,0.819,0.013
77,167,0.831,0.87,0.009
77,168,0.507,0.588,0.028
77,169,0.594,0.668,0.023
77,17,0.683,0.747,-0.014
77,170,0.551,0.629,0.026
77,171,0.462,0.544,0.032
77,172,0.669,0.735,0.018
77,173,0.851,0.886,0.008
77,174,0.735,0.791,0.015
77,175,0.918,0.938,0.005
77,176,0.994,0.996,0.0
77,177,0.94,0.955,0.003
77,178,0.951,0.963,-0.003
77,179,0.928,0.946,0.004
77,18,0.497,0.578,-0.023
77,180,0.789,0.836,0.012
77,181,0.681,0.745,0.018
77,182,0.686,0.749,0.018
77,183,0.891,0.918,0.006
77,184,0.686,0.75,0.018
77,185,0.869,0.901,0.007
77,186,0.708,0.769,0.017
77,187,0.734,0.79,0.015
77,188,0.722,0.78,0.016
77,189,0.557,0.634,0.026
77,19,0.42,0.503,-0.028
77,190,0.774,0.824,0.013
77,191,0.611,0.683,0.023
77,192,0.644,0.713,0.021
77,193,0.458,0.541,0.033
77,194,0.366,0.449,0.041
77,195,0.498,0.579,0.031
77,196,0.451,0.534,0.034
77,197,0.519,0.599,0.029
77,198,0.57,0.646,0.026
77,199,0.569,0.645,0.026
77,20,0.361,0.444,-0.031
77,200,0.513,0.594,0.029
77,201,0.56,0.637,0.026
77,202,0.5,0.581,0.03
77,203,0.661,0.728,0.02
77,204,0.644,0.713,0.021
77,205,0.518,0.598,0.029
77,206,0.681,0.745,0.018
77,207,0.57,0.647,0.025
77,208,0.629,0.7,0.022
77,209,0.886,0.913,0.006
77,21,0.307,0.387,-0.035
77,210,0.898,0.923,0.006
77,211,0.826,0.866,0.01
77,212,0.898,0.923,-0.006
77,213,0.977,0.983,0.001
77,214,0.935,0.951,0.004
77,215,0.824,0.865,-0.01
77,216,0.703,0.764,-0.017
77,217,0.767,0.818,-0.013
77,218,0.576,0.652,-0.025
77,219,0.425,0.508,-0.036
77,22,0.456,0.539,-0.026
77,220,0.545,0.624,-0.027
77,221,0.535,0.614,-0.028
77,222,0.491,0.572,-0.031
77,223,0.503,0.583,-0.03
77,224,0.587,0.661,-0.025
77,225,0.596,0.67,-0.024
77,226,0.734,0.791,-0.015
77,227,0.598,0.672,-0.024
77,228,0.508,0.588,-0.031
77,229,0.446,0.529,-0.035
77,23,0.353,0.435,-0.032
77,230,0.394,0.477,-0.04
77,231,0.516,0.597,-0.031
77,232,0.713,0.773,-0.017
77,233,0.839,0.876,-0.01
77,234,0.715,0.775,-0.018
77,235,0.59,0.665,-0.026
77,236,0.618,0.69,-0.025
77,237,0.825,0.866,-0.011
77,238,0.724,0.782,-0.018
77,239,0.477,0.559,-0.036
77,24,0.436,0.519,-0.027
77,240,0.548,0.626,-0.031
77,241,0.676,0.741,-0.022
77,242,0.535,0.614,-0.033
77,243,0.4,0.483,-0.046
77,244,0.463,0.545,-0.041
77,245,0.413,0.496,-0.046
77,246,0.475,0.557,-0.041
77,247,0.394,0.477,-0.049
77,248,0.496,0.577,-0.04
77,249,0.314,0.395,-0.06
77,25,0.389,0.473,-0.03
77,250,0.43,0.513,-0.048
77,251,0.601,0.675,-0.032
77,26,0.334,0.415,-0.034
77,27,0.568,0.644,-0.02
77,28,0.547,0.625,-0.021
77,29,0.361,0.444,-0.032
77,30,0.232,0.306,-0.042
77,31,0.383,0.466,-0.031
77,32,0.388,0.472,-0.031
77,33,0.376,0.459,-0.032
77,34,0.466,0.548,-0.026
77,35,0.352,0.434,-0.034
77,36,0.359,0.442,-0.033
77,37,0.401,0.485,-0.031
77,38,0.428,0.512,-0.029
77,39,0.382,0.465,-0.032
77,40,0.402,0.485,-0.031
77,41,0.387,0.47,-0.032
77,42,0.594,0.668,-0.02
77,43,0.487,0.568,-0.026
77,44,0.681,0.745,-0.016
77,45,0.593,0.667,-0.02
77,46,0.499,0.58,-0.026
77,47,0.58,0.656,-0.021
77,48,0.76,0.812,-0.012
77,49,0.553,0.631,-0.023
77,50,0.603,0.676,-0.02
77,51,0.623,0.694,-0.019
77,52,0.714,0.773,-0.015
77,53,0.901,0.925,-0.005
77,54,0.778,0.827,-0.011
77,55,0.8,0.845,-0.01
77,56,0.851,0.886,-0.008
77,57,0.853,0.887,-0.008
77,58,0.745,0.799,-0.013
77,59,0.819,0.861,-0.009
77,6,0.203,0.273,-0.046
77,60,0.676,0.741,-0.017
77,61,0.726,0.783,-0.014
77,62,0.806,0.85,-0.01
77,63,0.795,0.841,-0.011
77,64,0.797,0.843,-0.011
77,65,0.914,0.936,-0.004
77,66,0.613,0.685,-0.021
77,67,0.679,0.743,-0.017
77,68,0.773,0.823,-0.012
77,69,0.882,0.91,-0.006
77,7,0.289,0.368,-0.038
77,70,0.699,0.761,-0.016
77,71,0.782,0.83,-0.012
77,72,0.798,0.843,-0.011
77,73,0.818,0.86,-0.01
77,74,0.918,0.938,-0.004
77,75,0.825,0.865,0.009
77,76,0.895,0.92,0.005
77,77,0.901,0.925,0.005
77,78,0.855,0.889,0.008
77,79,0.83,0.87,0.009
77,8,0.17,0.235,-0.049
77,80,0.756,0.809,0.013
77,81,0.669,0.735,0.018
77,82,0.808,0.852,0.01
77,83,0.921,0.941,0.004
77,84,0.994,0.996,-0.0
77,85,0.835,0.874,0.008
77,86,0.896,0.921,0.005
77,87,0.982,0.987,0.001
77,88,0.852,0.887,0.008
77,89,0.909,0.932,0.005
77,9,0.149,0.209,-0.051
77,90,0.917,0.938,0.004
77,91,0.84,0.877,0.008
77,92,0.983,0.988,0.001
77,93,0.839,0.876,-0.008
77,94,0.958,0.969,-0.002
77,95,0.881,0.91,-0.006
77,96,0.95,0.963,-0.003
77,97,0.824,0.865,0.009
77,98,0.823,0.864,0.009
77,99,0.938,0.954,0.003
78,10,0.087,0.133,-0.06
78,100,0.518,0.598,-0.026
78,101,0.85,0.885,-0.008
78,102,0.912,0.934,-0.004
78,103,0.966,0.975,-0.002
78,104,0.864,0.896,-0.007
78,105,0.815,0.858,-0.01
78,106,0.531,0.611,-0.026
78,107,0.714,0.773,-0.015
78,108,0.622,0.694,-0.02
78,109,0.415,0.498,-0.034
78,11,0.07,0.11,-0.063
78,110,0.496,0.577,-0.029
78,111,0.393,0.477,-0.036
78,112,0.381,0.464,-0.037
78,113,0.387,0.47,-0.037
78,114,0.298,0.378,-0.045
78,115,0.261,0.337,-0.049
78,116,0.295,0.375,-0.046
78,117,0.221,0.294,-0.054
78,118,0.21,0.28,-0.056
78,119,0.149,0.209,-0.065
78,12,0.059,0.095,-0.066
78,120,0.251,0.326,-0.052
78,121,0.173,0.238,-0.062
78,122,0.189,0.257,-0.06
78,123,0.272,0.35,-0.051
78,124,0.232,0.306,-0.056
78,125,0.257,0.333,-0.053
78,126,0.276,0.354,-0.051
78,127,0.273,0.351,-0.052
78,128,0.212,0.283,-0.059
78,129,0.184,0.251,-0.063
78,13,0.165,0.229,-0.048
78,130,0.192,0.261,-0.062
78,131,0.272,0.349,-0.052
78,132,0.482,0.564,-0.033
78,133,0.47,0.552,-0.034
78,134,0.33,0.411,-0.046
78,135,0.318,0.399,-0.047
78,136,0.375,0.458,-0.041
78,137,0.374,0.457,-0.041
78,138,0.343,0.425,-0.044
78,139,0.353,0.435,-0.042
78,14,0.1,0.149,-0.057
78,140,0.45,0.533,-0.034
78,141,0.693,0.756,-0.018
78,142,0.548,0.627,-0.027
78,143,0.523,0.603,-0.028
78,144,0.628,0.699,-0.021
78,145,0.66,0.727,-0.019
78,146,0.586,0.661,-0.024
78,147,0.754,0.807,-0.014
78,148,0.751,0.804,-0.014
78,149,0.856,0.89,-0.008
78,15,0.11,0.162,-0.055
78,150,0.708,0.768,-0.016
78,151,0.825,0.865,-0.009
78,152,0.886,0.914,-0.006
78,153,0.758,0.81,-0.013
78,154,0.909,0.932,-0.005
78,155,0.816,0.858,0.01
78,156,0.694,0.756,0.017
78,157,0.67,0.736,0.018
78,158,0.751,0.805,0.013
78,159,0.817,0.859,0.01
78,16,0.129,0.185,-0.052
78,160,0.686,0.749,0.017
78,161,0.775,0.825,0.012
78,162,0.604,0.677,0.022
78,163,0.479,0.561,0.03
78,164,0.514,0.594,0.028
78,165,0.603,0.676,0.022
78,166,0.61,0.682,0.022
78,167,0.494,0.575,0.029
78,168,0.539,0.618,0.026
78,169,0.725,0.783,0.015
78,17,0.173,0.238,-0.047
78,170,0.915,0.936,0.005
78,171,0.982,0.987,0.001
78,172,0.749,0.803,0.014
78,173,0.624,0.696,0.021
78,174,0.55,0.628,0.026
78,175,0.826,0.866,0.01
78,176,0.796,0.842,0.011
78,177,0.91,0.932,0.005
78,178,0.774,0.824,0.013
78,179,0.691,0.754,0.018
78,18,0.199,0.268,-0.044
78,180,0.788,0.835,0.012
78,181,0.777,0.826,0.013
78,182,0.582,0.658,0.025
78,183,0.693,0.755,0.018
78,184,0.547,0.626,0.027
78,185,0.644,0.713,0.021
78,186,0.669,0.735,0.019
78,187,0.541,0.62,0.028
78,188,0.545,0.624,0.027
78,189,0.733,0.79,0.015
78,19,0.179,0.245,-0.046
78,190,0.574,0.65,0.026
78,191,0.499,0.58,0.031
78,192,0.617,0.689,0.023
78,193,0.51,0.59,0.03
78,194,0.459,0.542,0.034
78,195,0.522,0.602,0.029
78,196,0.669,0.735,0.019
78,197,0.62,0.692,0.022
78,198,0.62,0.691,0.022
78,199,0.503,0.584,0.03
78,20,0.114,0.166,-0.054
78,200,0.624,0.695,0.022
78,201,0.76,0.812,0.014
78,202,0.708,0.768,0.017
78,203,0.706,0.767,0.017
78,204,0.785,0.833,0.012
78,205,0.901,0.925,0.006
78,206,0.729,0.786,0.015
78,207,0.84,0.877,0.009
78,208,0.975,0.982,-0.001
78,209,0.978,0.984,-0.001
78,21,0.2,0.269,-0.044
78,210,0.864,0.896,-0.008
78,211,0.99,0.992,0.001
78,212,0.971,0.978,0.002
78,213,0.794,0.84,-0.012
78,214,0.796,0.842,-0.012
78,215,0.746,0.8,-0.014
78,216,0.818,0.86,-0.01
78,217,0.842,0.879,-0.009
78,218,0.73,0.787,-0.015
78,219,0.847,0.883,-0.009
78,22,0.267,0.345,-0.038
78,220,0.826,0.866,-0.01
78,221,0.749,0.803,-0.014
78,222,0.852,0.887,-0.008
78,223,0.946,0.96,-0.003
78,224,0.789,0.837,-0.012
78,225,0.716,0.775,-0.017
78,226,0.752,0.806,-0.014
78,227,0.752,0.805,-0.015
78,228,0.494,0.575,-0.032
78,229,0.82,0.861,-0.011
78,23,0.13,0.187,-0.052
78,230,0.555,0.632,-0.028
78,231,0.627,0.698,-0.023
78,232,0.971,0.979,-0.002
78,233,0.987,0.99,0.001
78,234,0.78,0.829,-0.014
78,235,0.765,0.816,-0.015
78,236,0.667,0.733,-0.021
78,237,0.753,0.807,-0.016
78,238,0.683,0.747,-0.021
78,239,0.999,0.999,-0.0
78,24,0.194,0.262,-0.045
78,240,0.955,0.966,-0.003
78,241,0.81,0.853,-0.013
78,242,0.519,0.599,-0.035
78,243,0.629,0.7,-0.026
78,244,0.768,0.819,-0.016
78,245,0.631,0.702,-0.027
78,246,0.533,0.612,-0.036
78,247,0.53,0.609,-0.037
78,248,0.594,0.668,-0.032
78,249,0.535,0.614,-0.038
78,25,0.373,0.456,-0.031
78,250,0.566,0.643,-0.035
78,251,0.474,0.557,-0.045
78,26,0.482,0.564,-0.024
78,27,0.302,0.382,-0.036
78,28,0.334,0.415,-0.034
78,29,0.414,0.497,-0.029
78,30,0.247,0.322,-0.041
78,31,0.353,0.436,-0.033
78,32,0.195,0.263,-0.046
78,33,0.116,0.17,-0.056
78,34,0.213,0.285,-0.045
78,35,0.18,0.247,-0.048
78,36,0.268,0.346,-0.04
78,37,0.292,0.371,-0.039
78,38,0.141,0.2,-0.054
78,39,0.205,0.275,-0.047
78,40,0.33,0.411,-0.036
78,41,0.309,0.389,-0.038
78,42,0.275,0.353,-0.041
78,43,0.485,0.567,-0.026
78,44,0.332,0.413,-0.037
78,45,0.23,0.303,-0.046
78,46,0.306,0.386,-0.039
78,47,0.398,0.481,-0.033
78,48,0.276,0.354,-0.042
78,49,0.378,0.461,-0.034
78,50,0.29,0.369,-0.042
78,51,0.436,0.519,-0.031
78,52,0.387,0.47,-0.034
78,53,0.496,0.577,-0.027
78,54,0.502,0.583,-0.027
78,55,0.368,0.451,-0.036
78,56,0.584,0.659,-0.022
78,57,0.618,0.69,-0.02
78,58,0.554,0.631,-0.024
78,59,0.564,0.641,-0.023
78,6,0.123,0.178,-0.056
78,60,0.712,0.772,-0.015
78,61,0.675,0.74,-0.017
78,62,0.744,0.798,-0.013
78,63,0.776,0.825,-0.012
78,64,0.863,0.896,-0.007
78,65,0.968,0.976,0.002
78,66,0.929,0.947,0.004
78,67,0.909,0.931,-0.005
78,68,0.899,0.924,-0.005
78,69,0.849,0.885,-0.008
78,7,0.083,0.126,-0.063
78,70,0.915,0.936,0.004
78,71,0.875,0.905,-0.007
78,72,0.978,0.984,0.001
78,73,0.88,0.909,0.006
78,74,0.85,0.885,-0.008
78,75,0.991,0.993,0.0
78,76,0.992,0.994,-0.0
78,77,0.852,0.887,0.008
78,78,0.859,0.893,0.007
78,79,0.999,0.999,0.0
78,8,0.124,0.179,-0.055
78,80,0.795,0.841,0.011
78,81,0.881,0.909,0.006
78,82,0.881,0.909,0.006
78,83,0.871,0.902,-0.007
78,84,0.942,0.957,-0.003
78,85,0.951,0.963,-0.003
78,86,0.953,0.965,0.002
78,87,0.911,0.933,0.005
78,88,0.901,0.925,0.005
78,89,0.869,0.9,-0.007
78,9,0.063,0.1,-0.067
78,90,0.958,0.968,-0.002
78,91,0.945,0.959,-0.003
78,92,0.841,0.878,-0.008
78,93,0.763,0.815,-0.012
78,94,0.762,0.814,-0.012
78,95,0.938,0.954,-0.003
78,96,0.836,0.874,-0.008
78,97,0.875,0.905,-0.006
78,98,0.694,0.757,-0.016
78,99,0.784,0.832,-0.011
79,10,0.204,0.274,-0.044
79,100,0.594,0.668,-0.022
79,101,0.82,0.861,-0.009
79,102,0.774,0.824,-0.012
79,103,0.807,0.851,-0.01
79,104,0.629,0.699,-0.02
79,105,0.506,0.586,-0.027
79,106,0.595,0.669,-0.022
79,107,0.633,0.703,-0.02
79,108,0.79,0.837,-0.011
79,109,0.531,0.61,-0.026
79,11,0.195,0.264,-0.045
79,110,0.447,0.53,-0.032
79,111,0.535,0.614,-0.026
79,112,0.393,0.476,-0.036
79,113,0.26,0.336,-0.048
79,114,0.297,0.376,-0.045
79,115,0.282,0.36,-0.047
79,116,0.454,0.537,-0.033
79,117,0.344,0.426,-0.041
79,118,0.193,0.261,-0.057
79,119,0.22,0.293,-0.054
79,12,0.23,0.304,-0.041
79,120,0.15,0.211,-0.064
79,121,0.121,0.175,-0.07
79,122,0.207,0.277,-0.057
79,123,0.217,0.288,-0.056
79,124,0.241,0.316,-0.054
79,125,0.13,0.186,-0.07
79,126,0.108,0.159,-0.074
79,127,0.142,0.201,-0.068
79,128,0.195,0.264,-0.06
79,129,0.336,0.418,-0.045
79,13,0.164,0.228,-0.047
79,130,0.329,0.41,-0.045
79,131,0.241,0.315,-0.054
79,132,0.184,0.251,-0.061
79,133,0.27,0.347,-0.051
79,134,0.32,0.401,-0.046
79,135,0.342,0.424,-0.043
79,136,0.236,0.311,-0.054
79,137,0.263,0.339,-0.051
79,138,0.477,0.559,-0.032
79,139,0.339,0.421,-0.043
79,14,0.125,0.181,-0.052
79,140,0.294,0.373,-0.047
79,141,0.371,0.453,-0.04
79,142,0.515,0.595,-0.029
79,143,0.497,0.578,-0.03
79,144,0.731,0.788,-0.015
79,145,0.703,0.764,-0.017
79,146,0.786,0.834,-0.012
79,147,0.848,0.884,-0.008
79,148,0.968,0.976,-0.002
79,149,0.972,0.979,-0.001
79,15,0.168,0.233,-0.047
79,150,0.909,0.932,-0.005
79,151,0.889,0.916,-0.006
79,152,0.884,0.912,-0.006
79,153,0.864,0.896,-0.007
79,154,0.971,0.979,0.002
79,155,0.815,0.858,-0.01
79,156,0.835,0.873,-0.009
79,157,0.985,0.989,-0.001
79,158,0.879,0.908,-0.006
79,159,0.797,0.842,-0.011
79,16,0.089,0.135,-0.058
79,160,0.975,0.982,-0.001
79,161,0.975,0.981,0.001
79,162,0.982,0.986,-0.001
79,163,0.72,0.779,0.015
79,164,0.71,0.77,0.016
79,165,0.764,0.816,0.013
79,166,0.684,0.747,0.017
79,167,0.894,0.919,0.006
79,168,0.746,0.8,0.014
79,169,0.632,0.702,0.021
79,17,0.077,0.119,-0.06
79,170,0.541,0.62,0.027
79,171,0.745,0.8,0.014
79,172,0.864,0.896,0.008
79,173,0.822,0.863,0.01
79,174,0.655,0.722,0.02
79,175,0.496,0.577,0.03
79,176,0.667,0.733,0.019
79,177,0.628,0.699,0.022
79,178,0.777,0.826,0.013
79,179,0.747,0.801,0.015
79,18,0.086,0.13,-0.059
79,180,0.57,0.647,0.026
79,181,0.684,0.747,0.018
79,182,0.873,0.904,0.007
79,183,0.85,0.885,0.009
79,184,0.639,0.708,0.021
79,185,0.606,0.679,0.023
79,186,0.547,0.625,0.027
79,187,0.52,0.6,0.029
79,188,0.709,0.769,0.017
79,189,0.674,0.739,0.019
79,19,0.25,0.325,-0.039
79,190,0.64,0.709,0.021
79,191,0.638,0.707,0.021
79,192,0.852,0.887,0.008
79,193,0.805,0.849,0.011
79,194,0.789,0.836,0.012
79,195,0.965,0.974,0.002
79,196,0.889,0.916,0.006
79,197,0.985,0.989,0.001
79,198,0.845,0.881,0.009
79,199,0.979,0.984,-0.001
79,20,0.233,0.307,-0.041
79,200,0.812,0.855,0.011
79,201,0.758,0.81,0.014
79,202,0.991,0.993,-0.0
79,203,0.969,0.977,-0.002
79,204,0.974,0.981,-0.001
79,205,0.932,0.949,0.004
79,206,0.984,0.989,-0.001
79,207,0.946,0.959,-0.003
79,208,0.933,0.95,0.004
79,209,0.986,0.99,0.001
79,21,0.232,0.305,-0.041
79,210,0.956,0.968,-0.002
79,211,0.915,0.936,-0.005
79,212,0.916,0.937,0.005
79,213,0.94,0.955,0.003
79,214,0.871,0.902,0.007
79,215,0.647,0.715,0.021
79,216,0.958,0.969,-0.002
79,217,0.961,0.971,-0.002
79,218,0.925,0.944,-0.004
79,219,0.901,0.925,0.006
79,22,0.222,0.294,-0.042
79,220,0.96,0.97,0.002
79,221,0.962,0.972,0.002
79,222,0.842,0.879,-0.009
79,223,0.797,0.842,-0.012
79,224,0.787,0.834,-0.012
79,225,0.818,0.86,-0.011
79,226,0.996,0.997,-0.0
79,227,0.961,0.971,-0.002
79,228,0.974,0.981,-0.002
79,229,0.746,0.8,-0.015
79,23,0.204,0.274,-0.044
79,230,0.773,0.823,-0.014
79,231,0.735,0.792,-0.016
79,232,0.81,0.853,-0.012
79,233,0.794,0.841,-0.013
79,234,0.879,0.908,-0.007
79,235,0.759,0.812,-0.015
79,236,0.824,0.865,-0.011
79,237,0.839,0.877,-0.01
79,238,0.786,0.834,-0.014
79,239,0.859,0.892,-0.009
79,24,0.279,0.358,-0.037
79,240,0.858,0.892,-0.009
79,241,0.797,0.843,-0.014
79,242,0.934,0.95,-0.005
79,243,0.789,0.836,-0.015
79,244,0.543,0.622,-0.034
79,245,0.69,0.753,-0.023
79,246,0.57,0.646,-0.033
79,247,0.731,0.788,-0.02
79,248,0.563,0.64,-0.035
79,249,0.674,0.739,-0.026
79,25,0.408,0.491,-0.029
79,250,0.561,0.638,-0.036
79,251,0.515,0.595,-0.041
79,26,0.215,0.287,-0.043
79,27,0.202,0.272,-0.045
79,28,0.287,0.365,-0.037
79,29,0.321,0.402,-0.035
79,30,0.271,0.349,-0.039
79,31,0.453,0.536,-0.027
79,32,0.292,0.371,-0.038
79,33,0.527,0.607,-0.023
79,34,0.286,0.365,-0.038
79,35,0.292,0.371,-0.038
79,36,0.299,0.379,-0.038
79,37,0.317,0.398,-0.037
79,38,0.212,0.283,-0.046
79,39,0.25,0.325,-0.042
79,40,0.349,0.432,-0.035
79,41,0.258,0.334,-0.042
79,42,0.246,0.322,-0.044
79,43,0.156,0.218,-0.054
79,44,0.389,0.472,-0.033
79,45,0.229,0.303,-0.046
79,46,0.344,0.426,-0.036
79,47,0.296,0.376,-0.04
79,48,0.29,0.37,-0.041
79,49,0.419,0.502,-0.031
79,50,0.313,0.394,-0.039
79,51,0.356,0.438,-0.036
79,52,0.442,0.525,-0.03
79,53,0.483,0.565,-0.028
79,54,0.42,0.503,-0.032
79,55,0.74,0.796,-0.013
79,56,0.698,0.76,-0.016
79,57,0.902,0.926,-0.005
79,58,0.684,0.748,-0.016
79,59,0.549,0.627,-0.024
79,6,0.531,0.611,-0.023
79,60,0.478,0.56,-0.029
79,61,0.681,0.745,-0.017
79,62,0.82,0.861,-0.009
79,63,0.633,0.703,-0.02
79,64,0.809,0.852,-0.01
79,65,0.71,0.771,-0.015
79,66,0.725,0.782,-0.015
79,67,0.828,0.868,-0.009
79,68,0.797,0.843,-0.011
79,69,0.787,0.834,-0.011
79,7,0.422,0.505,-0.029
79,70,0.918,0.938,-0.004
79,71,0.859,0.893,-0.007
79,72,0.941,0.956,-0.003
79,73,0.781,0.829,-0.012
79,74,0.698,0.76,-0.016
79,75,0.726,0.783,-0.015
79,76,0.973,0.98,0.001
79,77,0.774,0.824,-0.012
79,78,0.721,0.779,-0.015
79,79,0.897,0.922,-0.005
79,8,0.394,0.478,-0.03
79,80,0.945,0.959,0.003
79,81,0.985,0.989,0.001
79,82,0.886,0.914,-0.006
79,83,0.989,0.992,0.001
79,84,0.788,0.835,-0.011
79,85,0.873,0.904,-0.007
79,86,0.991,0.993,-0.0
79,87,0.991,0.993,0.0
79,88,0.976,0.982,-0.001
79,89,0.979,0.985,-0.001
79,9,0.308,0.389,-0.036
79,90,0.714,0.773,-0.015
79,91,0.923,0.942,-0.004
79,92,0.717,0.776,-0.015
79,93,0.992,0.994,0.0
79,94,0.872,0.903,-0.007
79,95,0.832,0.871,-0.009
79,96,0.875,0.905,-0.006
79,97,0.755,0.808,-0.013
79,98,0.751,0.804,-0.013
79,99,0.789,0.836,-0.011
8,10,0.312,0.392,-0.033
8,100,0.941,0.956,0.003
8,101,0.887,0.915,-0.005
8,102,0.969,0.977,0.001
8,103,0.885,0.913,0.005
8,104,0.892,0.918,0.005
8,105,0.586,0.661,0.02
8,106,0.656,0.723,0.016
8,107,0.723,0.781,0.013
8,108,0.775,0.824,0.011
8,109,0.98,0.985,0.001
8,11,0.367,0.45,-0.029
8,110,0.909,0.932,0.004
8,111,0.926,0.944,0.003
8,112,0.53,0.61,0.023
8,113,0.49,0.572,0.026
8,114,0.742,0.797,0.012
8,115,0.798,0.843,0.01
8,116,0.639,0.709,0.018
8,117,0.75,0.804,0.012
8,118,0.996,0.997,0.0
8,119,0.841,0.878,0.008
8,12,0.374,0.457,-0.029
8,120,0.703,0.764,0.014
8,121,0.932,0.949,0.003
8,122,0.907,0.93,0.004
8,123,0.897,0.923,0.005
8,124,0.761,0.813,0.012
8,125,0.85,0.886,0.007
8,126,0.772,0.822,0.011
8,127,0.917,0.938,0.004
8,128,0.958,0.969,0.002
8,129,0.762,0.814,0.012
8,13,0.274,0.352,-0.035
8,130,0.921,0.941,0.004
8,131,0.995,0.996,-0.0
8,132,0.66,0.727,0.017
8,133,0.638,0.708,0.018
8,134,0.773,0.823,0.011
8,135,0.947,0.96,0.003
8,136,1.0,1.0,-0.0
8,137,0.876,0.906,0.006
8,138,0.869,0.9,0.006
8,139,0.759,0.811,0.012
8,14,0.722,0.78,-0.011
8,140,0.982,0.987,0.001
8,141,0.962,0.972,0.002
8,142,0.921,0.941,0.004
8,143,0.972,0.979,0.001
8,144,0.921,0.941,0.004
8,145,0.722,0.78,0.014
8,146,0.557,0.635,0.023
8,147,0.619,0.691,0.02
8,148,0.624,0.696,0.019
8,149,0.634,0.704,0.019
8,15,0.546,0.624,-0.019
8,150,0.646,0.715,0.018
8,151,0.62,0.691,0.02
8,152,0.733,0.79,0.014
8,153,0.464,0.547,0.029
8,154,0.581,0.657,0.022
8,155,0.536,0.615,0.025
8,156,0.629,0.699,0.019
8,157,0.623,0.694,0.02
8,158,0.58,0.656,0.022
8,159,0.509,0.59,0.027
8,16,0.413,0.496,-0.026
8,160,0.475,0.557,0.029
8,161,0.368,0.451,0.036
8,162,0.46,0.543,0.03
8,163,0.548,0.626,0.024
8,164,0.736,0.792,0.014
8,165,0.528,0.607,0.026
8,166,0.41,0.493,0.034
8,167,0.473,0.555,0.029
8,168,0.573,0.649,0.023
8,169,0.472,0.555,0.029
8,17,0.63,0.701,-0.015
8,170,0.449,0.532,0.031
8,171,0.528,0.607,0.026
8,172,0.555,0.633,0.024
8,173,0.52,0.6,0.027
8,174,0.416,0.499,0.034
8,175,0.3,0.379,0.043
8,176,0.379,0.462,0.037
8,177,0.604,0.677,0.022
8,178,0.458,0.54,0.031
8,179,0.472,0.555,0.03
8,18,0.667,0.733,-0.014
8,180,0.529,0.608,0.027
8,181,0.58,0.655,0.024
8,182,0.624,0.695,0.021
8,183,0.659,0.726,0.019
8,184,0.635,0.705,0.02
8,185,0.548,0.626,0.026
8,186,0.536,0.615,0.027
8,187,0.557,0.635,0.026
8,188,0.519,0.599,0.028
8,189,0.587,0.662,0.024
8,19,0.344,0.426,-0.03
8,190,0.519,0.599,0.029
8,191,0.317,0.398,0.045
8,192,0.518,0.598,0.029
8,193,0.541,0.62,0.028
8,194,0.438,0.521,0.036
8,195,0.4,0.484,0.039
8,196,0.421,0.505,0.037
8,197,0.437,0.521,0.036
8,198,0.468,0.55,0.034
8,199,0.438,0.521,0.037
8,20,0.622,0.693,-0.015
8,200,0.432,0.515,0.037
8,201,0.446,0.529,0.036
8,202,0.407,0.49,0.04
8,203,0.619,0.691,0.024
8,204,0.412,0.495,0.04
8,205,0.464,0.546,0.036
8,206,0.406,0.489,0.041
8,207,0.377,0.46,0.044
8,208,0.54,0.619,0.031
8,209,0.577,0.653,0.028
8,21,0.441,0.524,-0.024
8,210,0.563,0.64,0.029
8,211,0.469,0.551,0.037
8,212,0.336,0.418,0.049
8,213,0.501,0.582,0.035
8,214,0.491,0.573,0.036
8,215,0.488,0.57,0.036
8,216,0.423,0.506,0.042
8,217,0.48,0.562,0.038
8,218,0.395,0.479,0.045
8,219,0.499,0.58,0.037
8,22,0.425,0.509,-0.025
8,220,0.362,0.444,0.05
8,221,0.224,0.296,0.066
8,222,0.383,0.466,0.048
8,223,0.384,0.467,0.048
8,224,0.374,0.457,0.049
8,225,0.436,0.519,0.043
8,226,0.346,0.428,0.053
8,227,0.29,0.369,0.059
8,228,0.425,0.509,0.045
8,229,0.447,0.53,0.043
8,23,0.583,0.658,-0.017
8,230,0.564,0.641,0.033
8,231,0.435,0.518,0.044
8,232,0.461,0.544,0.042
8,233,0.345,0.427,0.054
8,234,0.394,0.477,0.049
8,235,0.438,0.521,0.045
8,236,0.326,0.408,0.057
8,237,0.384,0.467,0.051
8,238,0.515,0.595,0.038
8,239,0.434,0.517,0.046
8,24,0.602,0.676,-0.016
8,240,0.255,0.331,0.067
8,241,0.365,0.448,0.054
8,242,0.385,0.468,0.052
8,243,0.493,0.574,0.041
8,244,0.443,0.526,0.046
8,245,0.45,0.533,0.046
8,246,0.431,0.514,0.048
8,247,0.488,0.57,0.043
8,248,0.363,0.445,0.056
8,249,0.335,0.417,0.06
8,25,0.175,0.241,-0.042
8,250,0.289,0.368,0.067
8,251,0.274,0.352,0.069
8,26,0.452,0.535,-0.023
8,27,0.678,0.743,-0.013
8,28,0.562,0.639,-0.018
8,29,0.261,0.337,-0.035
8,30,0.513,0.593,-0.02
8,31,0.521,0.601,-0.02
8,32,0.565,0.642,-0.018
8,33,0.375,0.458,-0.028
8,34,0.533,0.612,-0.019
8,35,0.77,0.821,-0.009
8,36,0.456,0.539,-0.023
8,37,0.442,0.525,-0.024
8,38,0.85,0.885,-0.006
8,39,0.495,0.576,-0.021
8,40,0.737,0.793,-0.011
8,41,0.804,0.848,-0.008
8,42,0.831,0.87,-0.007
8,43,0.64,0.709,-0.015
8,44,0.633,0.703,-0.015
8,45,0.894,0.92,0.004
8,46,0.38,0.463,-0.028
8,47,0.498,0.579,-0.022
8,48,0.405,0.488,-0.027
8,49,0.724,0.782,-0.011
8,50,0.701,0.762,-0.012
8,51,0.514,0.594,-0.021
8,52,0.719,0.778,-0.012
8,53,0.731,0.788,-0.011
8,54,0.518,0.598,-0.021
8,55,0.394,0.477,-0.028
8,56,0.485,0.567,-0.023
8,57,0.545,0.623,-0.02
8,58,0.342,0.423,-0.031
8,59,0.384,0.468,-0.028
8,60,0.51,0.591,-0.022
8,61,0.5,0.581,-0.022
8,62,0.392,0.475,-0.028
8,63,0.376,0.459,-0.029
8,64,0.563,0.64,-0.019
8,65,0.491,0.572,-0.023
8,66,0.323,0.405,-0.033
8,67,0.633,0.703,-0.016
8,68,0.607,0.68,-0.017
8,69,0.531,0.61,-0.021
8,7,0.191,0.259,-0.044
8,70,0.591,0.666,-0.018
8,71,0.516,0.596,-0.022
8,72,0.572,0.648,-0.019
8,73,0.778,0.827,-0.009
8,74,0.919,0.939,-0.003
8,75,0.695,0.758,-0.013
8,76,0.837,0.875,-0.007
8,77,0.999,0.999,0.0
8,78,0.765,0.816,-0.01
8,79,0.768,0.819,0.01
8,8,0.383,0.466,-0.029
8,80,0.817,0.859,0.008
8,81,0.771,0.821,0.01
8,82,0.661,0.728,0.015
8,83,0.652,0.72,0.016
8,84,0.907,0.93,0.004
8,85,0.98,0.985,0.001
8,86,0.638,0.708,0.016
8,87,0.817,0.859,0.008
8,88,0.989,0.992,0.0
8,89,0.784,0.832,0.01
8,9,0.259,0.336,-0.037
8,90,0.712,0.772,0.013
8,91,0.949,0.962,-0.002
8,92,0.989,0.992,0.0
8,93,0.923,0.942,0.003
8,94,0.779,0.828,0.01
8,95,0.998,0.998,0.0
8,96,0.602,0.675,0.019
8,97,0.724,0.782,0.013
8,98,0.575,0.651,0.02
8,99,0.532,0.611,0.023
80,10,0.835,0.873,-0.007
80,100,0.798,0.843,-0.01
80,101,0.847,0.883,-0.008
80,102,0.981,0.986,-0.001
80,103,0.963,0.973,-0.002
80,104,0.996,0.997,0.0
80,105,0.901,0.926,-0.005
80,106,0.825,0.865,-0.009
80,107,0.755,0.808,-0.013
80,108,0.812,0.855,-0.01
80,109,0.582,0.658,-0.023
80,11,0.949,0.962,-0.002
80,110,0.44,0.523,-0.032
80,111,0.485,0.567,-0.029
80,112,0.552,0.63,-0.025
80,113,0.615,0.687,-0.021
80,114,0.607,0.68,-0.022
80,115,0.466,0.548,-0.031
80,116,0.555,0.632,-0.026
80,117,0.563,0.64,-0.025
80,118,0.559,0.636,-0.025
80,119,0.43,0.513,-0.035
80,12,0.992,0.994,-0.0
80,120,0.347,0.429,-0.042
80,121,0.24,0.314,-0.052
80,122,0.225,0.298,-0.054
80,123,0.358,0.441,-0.041
80,124,0.466,0.548,-0.033
80,125,0.589,0.664,-0.024
80,126,0.462,0.544,-0.033
80,127,0.357,0.439,-0.042
80,128,0.426,0.509,-0.036
80,129,0.422,0.505,-0.037
80,13,0.9,0.925,-0.004
80,130,0.472,0.555,-0.033
80,131,0.437,0.52,-0.035
80,132,0.478,0.56,-0.032
80,133,0.654,0.721,-0.02
80,134,0.59,0.665,-0.024
80,135,0.473,0.555,-0.032
80,136,0.484,0.566,-0.031
80,137,0.581,0.657,-0.025
80,138,0.482,0.564,-0.031
80,139,0.657,0.724,-0.02
80,14,0.678,0.742,-0.014
80,140,0.826,0.866,-0.01
80,141,0.72,0.778,-0.016
80,142,0.604,0.677,-0.023
80,143,0.839,0.877,-0.009
80,144,0.687,0.75,-0.017
80,145,0.893,0.919,-0.006
80,146,0.798,0.843,-0.011
80,147,0.935,0.951,-0.003
80,148,0.999,0.999,-0.0
80,149,0.97,0.977,0.002
80,15,0.653,0.721,-0.015
80,150,0.81,0.853,0.01
80,151,0.943,0.958,0.003
80,152,0.946,0.96,0.003
80,153,0.901,0.926,-0.005
80,154,0.897,0.922,0.005
80,155,0.98,0.985,0.001
80,156,0.878,0.908,0.006
80,157,0.668,0.734,0.018
80,158,0.832,0.871,0.009
80,159,0.843,0.88,0.008
80,16,0.46,0.543,-0.025
80,160,0.756,0.808,0.013
80,161,0.748,0.802,0.014
80,162,0.766,0.817,0.013
80,163,0.906,0.929,0.005
80,164,0.87,0.901,0.007
80,165,0.704,0.765,0.017
80,166,0.746,0.8,0.014
80,167,0.52,0.6,0.028
80,168,0.668,0.734,0.019
80,169,0.789,0.836,0.012
80,17,0.47,0.552,-0.025
80,170,0.876,0.906,0.007
80,171,0.571,0.647,0.025
80,172,0.5,0.581,0.03
80,173,0.507,0.588,0.03
80,174,0.731,0.788,0.015
80,175,0.871,0.902,0.007
80,176,0.786,0.833,0.012
80,177,0.639,0.709,0.021
80,178,0.437,0.52,0.035
80,179,0.473,0.555,0.032
80,18,0.728,0.786,-0.012
80,180,0.406,0.489,0.038
80,181,0.488,0.57,0.032
80,182,0.49,0.571,0.031
80,183,0.69,0.753,0.018
80,184,0.488,0.57,0.032
80,185,0.608,0.681,0.023
80,186,0.646,0.715,0.021
80,187,0.558,0.635,0.027
80,188,0.536,0.615,0.028
80,189,0.678,0.743,0.019
80,19,0.495,0.576,-0.023
80,190,0.556,0.633,0.027
80,191,0.76,0.813,0.014
80,192,0.606,0.679,0.023
80,193,0.705,0.766,0.017
80,194,0.812,0.855,0.011
80,195,0.694,0.757,0.018
80,196,0.759,0.812,0.014
80,197,0.888,0.915,0.006
80,198,0.752,0.806,0.014
80,199,0.675,0.74,0.019
80,20,0.296,0.376,-0.036
80,200,0.624,0.695,0.022
80,201,0.755,0.808,0.014
80,202,0.698,0.76,0.018
80,203,0.732,0.789,0.015
80,204,0.727,0.784,0.016
80,205,0.771,0.821,0.013
80,206,0.999,1.0,-0.0
80,207,0.941,0.956,-0.003
80,208,0.98,0.986,-0.001
80,209,0.978,0.984,-0.001
80,21,0.317,0.398,-0.034
80,210,0.85,0.885,0.009
80,211,0.903,0.927,0.005
80,212,0.878,0.907,0.007
80,213,0.722,0.781,0.016
80,214,0.986,0.989,0.001
80,215,0.858,0.892,0.008
80,216,0.661,0.727,0.02
80,217,0.867,0.898,0.008
80,218,0.917,0.937,0.005
80,219,0.959,0.97,-0.002
80,22,0.336,0.417,-0.033
80,220,0.99,0.992,0.001
80,221,0.948,0.961,-0.003
80,222,0.957,0.968,-0.002
80,223,0.866,0.898,-0.008
80,224,0.857,0.891,-0.008
80,225,0.712,0.771,-0.017
80,226,0.973,0.98,-0.002
80,227,0.818,0.86,0.011
80,228,0.625,0.696,-0.023
80,229,0.87,0.901,-0.008
80,23,0.652,0.72,-0.016
80,230,0.743,0.798,-0.016
80,231,0.805,0.849,-0.012
80,232,0.767,0.818,-0.014
80,233,0.811,0.854,-0.012
80,234,0.834,0.872,-0.01
80,235,0.869,0.901,-0.008
80,236,0.847,0.883,-0.01
80,237,0.779,0.828,-0.014
80,238,0.539,0.618,-0.032
80,239,0.838,0.876,-0.011
80,24,0.472,0.554,-0.025
80,240,0.69,0.753,-0.021
80,241,0.552,0.63,-0.032
80,242,0.55,0.628,-0.033
80,243,0.664,0.73,-0.024
80,244,0.596,0.67,-0.03
80,245,0.603,0.676,-0.03
80,246,0.711,0.771,-0.022
80,247,0.499,0.58,-0.041
80,248,0.598,0.672,-0.032
80,249,0.693,0.755,-0.024
80,25,0.369,0.451,-0.031
80,250,0.784,0.832,-0.017
80,251,0.819,0.86,-0.015
80,26,0.22,0.292,-0.043
80,27,0.531,0.61,-0.022
80,28,0.403,0.487,-0.029
80,29,0.387,0.471,-0.03
80,30,0.175,0.24,-0.048
80,31,0.175,0.241,-0.048
80,32,0.481,0.563,-0.025
80,33,0.341,0.423,-0.034
80,34,0.374,0.457,-0.032
80,35,0.45,0.533,-0.027
80,36,0.265,0.342,-0.04
80,37,0.201,0.271,-0.047
80,38,0.44,0.523,-0.028
80,39,0.364,0.447,-0.033
80,40,0.727,0.785,-0.013
80,41,0.542,0.621,-0.023
80,42,0.663,0.73,-0.016
80,43,0.42,0.503,-0.03
80,44,0.359,0.442,-0.034
80,45,0.506,0.587,-0.025
80,46,0.637,0.706,-0.018
80,47,0.478,0.56,-0.027
80,48,0.496,0.577,-0.026
80,49,0.546,0.624,-0.023
80,50,0.474,0.556,-0.028
80,51,0.397,0.48,-0.033
80,52,0.621,0.693,-0.019
80,53,0.565,0.642,-0.023
80,54,0.492,0.574,-0.027
80,55,0.792,0.838,-0.01
80,56,0.812,0.855,-0.009
80,57,0.882,0.91,-0.006
80,58,0.799,0.844,-0.01
80,59,0.809,0.852,-0.01
80,6,0.885,0.913,0.005
80,60,0.743,0.798,-0.013
80,61,0.736,0.792,-0.014
80,62,0.789,0.836,-0.011
80,63,0.973,0.98,-0.001
80,64,0.967,0.976,-0.002
80,65,0.905,0.928,-0.005
80,66,0.926,0.945,-0.004
80,67,0.847,0.883,0.008
80,68,0.881,0.91,-0.006
80,69,0.762,0.814,-0.013
80,7,0.891,0.917,0.005
80,70,0.864,0.897,-0.007
80,71,0.973,0.98,-0.001
80,72,0.945,0.959,0.003
80,73,0.93,0.947,-0.004
80,74,0.688,0.751,-0.017
80,75,0.924,0.943,0.004
80,76,0.979,0.984,-0.001
80,77,0.923,0.943,-0.004
80,78,0.899,0.924,-0.005
80,79,0.921,0.941,0.004
80,8,0.878,0.907,-0.005
80,80,0.942,0.956,0.003
80,81,0.802,0.847,-0.01
80,82,0.861,0.894,0.007
80,83,0.896,0.922,0.005
80,84,0.975,0.981,0.001
80,85,0.948,0.961,0.003
80,86,0.847,0.883,0.008
80,87,0.884,0.912,-0.006
80,88,0.634,0.704,-0.02
80,89,0.953,0.965,0.002
80,9,0.887,0.915,-0.005
80,90,0.936,0.952,-0.003
80,91,0.979,0.985,0.001
80,92,0.977,0.983,0.001
80,93,0.939,0.954,0.003
80,94,0.918,0.938,0.004
80,95,0.999,0.999,0.0
80,96,0.895,0.92,-0.005
80,97,0.99,0.992,0.001
80,98,0.791,0.837,-0.011
80,99,0.695,0.757,-0.016
81,10,0.174,0.24,-0.048
81,100,0.82,0.861,-0.009
81,101,0.744,0.799,-0.013
81,102,0.756,0.809,-0.013
81,103,0.604,0.677,-0.021
81,104,0.481,0.563,-0.029
81,105,0.551,0.629,-0.025
81,106,0.632,0.702,-0.02
81,107,0.792,0.838,-0.011
81,108,0.731,0.788,-0.014
81,109,0.523,0.602,-0.027
81,11,0.26,0.337,-0.039
81,110,0.453,0.536,-0.031
81,111,0.461,0.544,-0.031
81,112,0.397,0.48,-0.036
81,113,0.545,0.624,-0.026
81,114,0.554,0.632,-0.025
81,115,0.528,0.607,-0.027
81,116,0.446,0.528,-0.033
81,117,0.292,0.372,-0.045
81,118,0.409,0.493,-0.036
81,119,0.482,0.564,-0.031
81,12,0.357,0.44,-0.032
81,120,0.294,0.374,-0.046
81,121,0.236,0.311,-0.052
81,122,0.373,0.456,-0.039
81,123,0.517,0.597,-0.029
81,124,0.458,0.54,-0.033
81,125,0.435,0.519,-0.035
81,126,0.428,0.511,-0.035
81,127,0.393,0.477,-0.038
81,128,0.648,0.717,-0.02
81,129,0.566,0.642,-0.026
81,13,0.306,0.386,-0.036
81,130,0.421,0.504,-0.036
81,131,0.46,0.542,-0.033
81,132,0.342,0.423,-0.043
81,133,0.355,0.438,-0.041
81,134,0.505,0.586,-0.03
81,135,0.504,0.585,-0.03
81,136,0.55,0.628,-0.026
81,137,0.444,0.527,-0.034
81,138,0.408,0.491,-0.036
81,139,0.369,0.452,-0.039
81,14,0.407,0.491,-0.029
81,140,0.613,0.685,-0.022
81,141,0.749,0.803,-0.014
81,142,0.808,0.852,-0.011
81,143,0.825,0.865,-0.01
81,144,0.889,0.916,-0.006
81,145,0.799,0.844,-0.011
81,146,0.865,0.898,-0.007
81,147,0.897,0.922,-0.006
81,148,0.828,0.868,-0.009
81,149,0.958,0.968,-0.002
81,15,0.271,0.348,-0.038
81,150,0.988,0.991,-0.001
81,151,0.946,0.96,0.003
81,152,0.771,0.821,0.012
81,153,0.798,0.844,0.011
81,154,0.989,0.992,0.001
81,155,0.96,0.97,0.002
81,156,0.823,0.864,0.009
81,157,0.871,0.902,0.007
81,158,0.832,0.871,0.009
81,159,0.833,0.872,0.009
81,16,0.434,0.517,-0.027
81,160,0.944,0.958,0.003
81,161,0.837,0.875,0.009
81,162,0.984,0.988,0.001
81,163,0.879,0.908,0.007
81,164,0.879,0.908,0.007
81,165,0.942,0.956,0.003
81,166,0.831,0.87,0.009
81,167,0.887,0.914,0.006
81,168,0.879,0.908,0.007
81,169,0.737,0.793,0.015
81,17,0.161,0.224,-0.048
81,170,0.583,0.658,0.024
81,171,0.738,0.794,0.015
81,172,0.719,0.777,0.016
81,173,0.759,0.811,0.014
81,174,0.801,0.846,0.011
81,175,0.56,0.637,0.026
81,176,0.582,0.658,0.025
81,177,0.67,0.736,0.019
81,178,0.884,0.912,0.007
81,179,0.809,0.852,0.011
81,18,0.25,0.326,-0.04
81,180,0.907,0.93,0.005
81,181,0.789,0.836,0.012
81,182,0.85,0.886,0.009
81,183,0.737,0.793,0.015
81,184,0.862,0.895,0.008
81,185,0.842,0.879,0.009
81,186,0.846,0.882,0.009
81,187,0.731,0.788,0.016
81,188,0.734,0.79,0.016
81,189,0.665,0.731,0.02
81,19,0.353,0.435,-0.032
81,190,0.547,0.626,0.027
81,191,0.66,0.727,0.02
81,192,0.53,0.609,0.029
81,193,0.829,0.868,0.01
81,194,0.74,0.795,0.015
81,195,0.609,0.682,0.023
81,196,0.417,0.5,0.037
81,197,0.423,0.506,0.036
81,198,0.628,0.698,0.022
81,199,0.773,0.823,0.013
81,20,0.23,0.303,-0.041
81,200,0.845,0.881,0.009
81,201,0.804,0.849,0.011
81,202,0.667,0.733,0.019
81,203,0.781,0.829,0.013
81,204,0.682,0.746,0.018
81,205,0.783,0.831,0.012
81,206,0.734,0.791,0.015
81,207,0.745,0.799,0.015
81,208,0.826,0.866,0.01
81,209,0.981,0.986,-0.001
81,21,0.227,0.3,-0.041
81,210,0.928,0.946,0.004
81,211,0.767,0.818,0.013
81,212,0.803,0.847,0.011
81,213,0.803,0.848,0.011
81,214,0.894,0.92,0.006
81,215,0.863,0.896,0.008
81,216,0.892,0.919,0.006
81,217,0.96,0.97,0.002
81,218,0.976,0.982,-0.001
81,219,0.889,0.916,0.006
81,22,0.216,0.288,-0.043
81,220,0.891,0.917,0.006
81,221,0.848,0.884,0.009
81,222,0.855,0.889,0.008
81,223,0.842,0.879,0.009
81,224,0.624,0.695,0.022
81,225,0.774,0.824,0.013
81,226,0.804,0.848,0.012
81,227,0.734,0.791,0.016
81,228,0.699,0.761,0.018
81,229,0.611,0.684,0.024
81,23,0.388,0.471,-0.03
81,230,0.639,0.708,0.023
81,231,0.814,0.856,0.011
81,232,0.859,0.892,0.009
81,233,0.984,0.988,0.001
81,234,0.916,0.937,-0.005
81,235,0.939,0.954,0.004
81,236,0.906,0.929,-0.006
81,237,0.993,0.995,-0.0
81,238,0.76,0.812,-0.016
81,239,0.651,0.72,-0.024
81,24,0.188,0.255,-0.046
81,240,0.774,0.824,-0.015
81,241,0.671,0.737,-0.023
81,242,0.713,0.772,-0.02
81,243,0.676,0.741,-0.024
81,244,0.721,0.78,-0.02
81,245,0.76,0.812,-0.018
81,246,0.894,0.92,-0.008
81,247,0.929,0.947,-0.005
81,248,0.824,0.864,-0.014
81,249,0.934,0.951,-0.005
81,25,0.202,0.271,-0.044
81,250,0.758,0.811,-0.019
81,251,0.789,0.836,-0.017
81,26,0.198,0.267,-0.045
81,27,0.194,0.263,-0.045
81,28,0.254,0.329,-0.04
81,29,0.292,0.371,-0.037
81,30,0.424,0.507,-0.028
81,31,0.242,0.317,-0.041
81,32,0.472,0.554,-0.025
81,33,0.338,0.419,-0.034
81,34,0.389,0.472,-0.031
81,35,0.312,0.393,-0.036
81,36,0.224,0.296,-0.044
81,37,0.284,0.362,-0.039
81,38,0.407,0.49,-0.03
81,39,0.406,0.49,-0.03
81,40,0.301,0.381,-0.038
81,41,0.325,0.406,-0.036
81,42,0.48,0.562,-0.026
81,43,0.339,0.421,-0.036
81,44,0.382,0.465,-0.033
81,45,0.348,0.43,-0.036
81,46,0.246,0.321,-0.044
81,47,0.431,0.514,-0.03
81,48,0.568,0.644,-0.022
81,49,0.335,0.417,-0.037
81,50,0.443,0.526,-0.03
81,51,0.422,0.505,-0.031
81,52,0.502,0.583,-0.026
81,53,0.464,0.546,-0.029
81,54,0.591,0.665,-0.021
81,55,0.581,0.656,-0.022
81,56,0.54,0.619,-0.024
81,57,0.642,0.712,-0.019
81,58,0.664,0.73,-0.017
81,59,0.581,0.657,-0.022
81,6,0.303,0.383,-0.037
81,60,0.754,0.807,-0.013
81,61,0.736,0.792,-0.014
81,62,0.771,0.821,-0.012
81,63,0.792,0.838,-0.011
81,64,0.689,0.752,-0.016
81,65,0.676,0.741,-0.017
81,66,0.546,0.625,-0.025
81,67,0.668,0.734,-0.018
81,68,0.794,0.84,-0.011
81,69,0.81,0.854,-0.01
81,7,0.198,0.267,-0.046
81,70,0.608,0.681,-0.021
81,71,0.777,0.826,-0.012
81,72,0.801,0.846,-0.011
81,73,0.783,0.831,-0.012
81,74,0.915,0.936,-0.005
81,75,0.895,0.921,-0.006
81,76,0.981,0.986,-0.001
81,77,0.878,0.908,0.006
81,78,0.686,0.75,-0.017
81,79,0.998,0.999,-0.0
81,8,0.235,0.308,-0.042
81,80,0.99,0.993,0.001
81,81,0.998,0.998,0.0
81,82,0.93,0.947,0.004
81,83,0.776,0.825,-0.012
81,84,0.87,0.901,-0.007
81,85,0.928,0.946,0.004
81,86,0.852,0.887,-0.008
81,87,0.836,0.874,-0.009
81,88,0.867,0.899,-0.007
81,89,0.804,0.848,-0.01
81,9,0.211,0.282,-0.044
81,90,0.973,0.98,0.001
81,91,0.92,0.94,-0.004
81,92,0.844,0.881,-0.008
81,93,0.74,0.796,-0.014
81,94,0.705,0.766,-0.016
81,95,0.677,0.742,-0.017
81,96,0.654,0.722,-0.018
81,97,0.649,0.718,-0.019
81,98,0.624,0.695,-0.02
81,99,0.815,0.857,-0.01
82,10,0.299,0.379,-0.036
82,100,0.876,0.906,-0.006
82,101,0.923,0.942,0.004
82,102,0.947,0.96,-0.003
82,103,0.631,0.701,-0.02
82,104,0.878,0.908,-0.006
82,105,0.7,0.761,-0.016
82,106,0.917,0.937,-0.004
82,107,0.645,0.714,-0.019
82,108,0.523,0.603,-0.027
82,109,0.576,0.652,-0.023
82,11,0.155,0.217,-0.049
82,110,0.546,0.625,-0.025
82,111,0.526,0.606,-0.027
82,112,0.51,0.591,-0.028
82,113,0.469,0.551,-0.031
82,114,0.645,0.714,-0.02
82,115,0.553,0.63,-0.025
82,116,0.546,0.624,-0.026
82,117,0.576,0.652,-0.024
82,118,0.401,0.484,-0.036
82,119,0.452,0.535,-0.033
82,12,0.374,0.457,-0.031
82,120,0.427,0.51,-0.035
82,121,0.584,0.659,-0.024
82,122,0.58,0.656,-0.024
82,123,0.565,0.642,-0.025
82,124,0.469,0.551,-0.032
82,125,0.437,0.52,-0.034
82,126,0.417,0.5,-0.036
82,127,0.514,0.594,-0.029
82,128,0.477,0.559,-0.032
82,129,0.36,0.443,-0.041
82,13,0.178,0.244,-0.046
82,130,0.596,0.67,-0.024
82,131,0.748,0.802,-0.014
82,132,0.651,0.719,-0.02
82,133,0.553,0.63,-0.026
82,134,0.43,0.513,-0.035
82,135,0.492,0.574,-0.03
82,136,0.523,0.602,-0.028
82,137,0.56,0.637,-0.026
82,138,0.645,0.714,-0.02
82,139,0.855,0.889,-0.008
82,14,0.158,0.22,-0.048
82,140,0.817,0.859,-0.01
82,141,0.791,0.838,-0.011
82,142,0.927,0.946,0.004
82,143,0.987,0.991,-0.001
82,144,0.865,0.898,-0.007
82,145,0.951,0.963,0.003
82,146,0.953,0.965,0.003
82,147,0.947,0.961,-0.003
82,148,0.999,1.0,-0.0
82,149,0.947,0.961,-0.003
82,15,0.201,0.271,-0.043
82,150,0.988,0.991,0.001
82,151,0.916,0.937,-0.004
82,152,0.922,0.942,-0.004
82,153,0.993,0.995,-0.0
82,154,0.814,0.856,0.01
82,155,0.89,0.917,0.006
82,156,0.826,0.866,0.009
82,157,0.749,0.803,0.014
82,158,0.738,0.794,0.014
82,159,0.83,0.87,0.009
82,16,0.27,0.348,-0.038
82,160,0.684,0.748,0.018
82,161,0.648,0.717,0.02
82,162,0.78,0.829,0.012
82,163,0.708,0.769,0.016
82,164,0.71,0.77,0.016
82,165,0.716,0.775,0.016
82,166,0.709,0.769,0.017
82,167,0.794,0.84,0.012
82,168,0.794,0.84,0.012
82,169,0.817,0.859,0.01
82,17,0.267,0.344,-0.038
82,170,0.689,0.753,0.018
82,171,0.595,0.669,0.024
82,172,0.83,0.87,0.01
82,173,0.822,0.863,0.01
82,174,0.536,0.615,0.028
82,175,0.777,0.826,0.013
82,176,0.677,0.742,0.019
82,177,0.647,0.715,0.021
82,178,0.5,0.582,0.031
82,179,0.57,0.646,0.026
82,18,0.251,0.327,-0.039
82,180,0.554,0.632,0.027
82,181,0.619,0.691,0.023
82,182,0.468,0.55,0.033
82,183,0.698,0.76,0.018
82,184,0.589,0.664,0.025
82,185,0.545,0.623,0.028
82,186,0.648,0.717,0.021
82,187,0.577,0.653,0.026
82,188,0.685,0.749,0.019
82,189,0.599,0.673,0.024
82,19,0.183,0.249,-0.046
82,190,0.413,0.496,0.038
82,191,0.463,0.546,0.034
82,192,0.567,0.644,0.026
82,193,0.686,0.75,0.018
82,194,0.708,0.769,0.017
82,195,0.542,0.62,0.028
82,196,0.499,0.58,0.031
82,197,0.359,0.442,0.042
82,198,0.34,0.422,0.043
82,199,0.473,0.556,0.033
82,20,0.197,0.266,-0.044
82,200,0.587,0.662,0.025
82,201,0.832,0.871,0.01
82,202,0.96,0.97,0.002
82,203,0.966,0.974,0.002
82,204,0.556,0.634,0.027
82,205,0.622,0.694,0.022
82,206,0.79,0.837,0.012
82,207,0.704,0.765,0.017
82,208,0.626,0.697,0.022
82,209,0.604,0.677,0.023
82,21,0.252,0.328,-0.039
82,210,0.813,0.856,0.011
82,211,0.827,0.867,0.01
82,212,0.766,0.817,0.013
82,213,0.644,0.713,0.021
82,214,0.586,0.661,0.024
82,215,0.885,0.913,0.006
82,216,0.768,0.819,0.013
82,217,0.767,0.818,0.013
82,218,0.892,0.918,0.006
82,219,0.808,0.851,0.011
82,22,0.224,0.297,-0.042
82,220,0.735,0.791,0.015
82,221,0.628,0.699,0.022
82,222,0.601,0.675,0.024
82,223,0.461,0.543,0.034
82,224,0.777,0.826,0.013
82,225,0.625,0.696,0.023
82,226,0.717,0.776,0.017
82,227,0.693,0.755,0.019
82,228,0.734,0.79,0.016
82,229,0.811,0.854,0.011
82,23,0.355,0.438,-0.032
82,230,0.644,0.713,0.022
82,231,0.768,0.819,0.014
82,232,0.856,0.89,0.009
82,233,0.755,0.808,0.016
82,234,0.876,0.906,0.008
82,235,0.841,0.879,0.01
82,236,0.9,0.924,-0.007
82,237,0.948,0.961,0.003
82,238,0.938,0.953,-0.004
82,239,0.857,0.891,-0.01
82,24,0.375,0.457,-0.031
82,240,0.864,0.897,-0.009
82,241,0.975,0.981,-0.002
82,242,0.938,0.954,-0.004
82,243,0.858,0.892,-0.01
82,244,0.924,0.943,-0.006
82,245,0.84,0.877,-0.012
82,246,0.844,0.881,-0.012
82,247,0.83,0.869,-0.013
82,248,0.815,0.857,-0.014
82,249,0.842,0.879,-0.012
82,25,0.375,0.458,-0.031
82,250,0.773,0.823,-0.018
82,251,0.838,0.876,-0.013
82,26,0.335,0.416,-0.033
82,27,0.503,0.584,-0.023
82,28,0.31,0.39,-0.035
82,29,0.477,0.559,-0.025
82,30,0.576,0.652,-0.02
82,31,0.534,0.613,-0.022
82,32,0.465,0.548,-0.026
82,33,0.407,0.49,-0.029
82,34,0.798,0.844,-0.009
82,35,0.536,0.615,-0.022
82,36,0.8,0.845,-0.009
82,37,0.547,0.625,-0.022
82,38,0.678,0.743,-0.015
82,39,0.548,0.626,-0.022
82,40,0.515,0.595,-0.024
82,41,0.386,0.469,-0.032
82,42,0.46,0.542,-0.027
82,43,0.358,0.44,-0.034
82,44,0.494,0.575,-0.025
82,45,0.558,0.636,-0.022
82,46,0.593,0.667,-0.02
82,47,0.381,0.464,-0.033
82,48,0.339,0.421,-0.036
82,49,0.258,0.334,-0.043
82,50,0.482,0.564,-0.027
82,51,0.625,0.696,-0.019
82,52,0.448,0.531,-0.029
82,53,0.393,0.476,-0.033
82,54,0.55,0.628,-0.024
82,55,0.476,0.558,-0.028
82,56,0.625,0.696,-0.019
82,57,0.341,0.423,-0.038
82,58,0.574,0.65,-0.023
82,59,0.751,0.805,-0.013
82,6,0.217,0.288,-0.045
82,60,0.661,0.727,-0.018
82,61,0.704,0.765,-0.015
82,62,0.744,0.798,-0.013
82,63,0.535,0.615,-0.025
82,64,0.81,0.853,-0.01
82,65,0.764,0.816,-0.012
82,66,0.705,0.766,-0.016
82,67,0.605,0.678,-0.021
82,68,0.564,0.641,-0.024
82,69,0.628,0.699,-0.02
82,7,0.299,0.378,-0.037
82,70,0.729,0.786,-0.015
82,71,0.815,0.857,-0.01
82,72,0.628,0.699,-0.02
82,73,0.634,0.704,-0.02
82,74,0.695,0.757,-0.017
82,75,0.562,0.639,-0.024
82,76,0.688,0.751,-0.017
82,77,0.714,0.774,-0.016
82,78,0.742,0.797,-0.014
82,79,0.821,0.862,-0.01
82,8,0.359,0.441,-0.032
82,80,0.803,0.848,-0.011
82,81,0.747,0.802,-0.014
82,82,0.886,0.913,-0.006
82,83,0.991,0.994,-0.0
82,84,0.821,0.862,-0.01
82,85,0.946,0.96,-0.003
82,86,0.974,0.981,0.001
82,87,0.831,0.87,-0.009
82,88,0.689,0.752,-0.017
82,89,0.76,0.812,-0.013
82,9,0.344,0.426,-0.033
82,90,0.961,0.971,-0.002
82,91,0.878,0.908,-0.006
82,92,0.898,0.923,-0.005
82,93,0.92,0.94,0.004
82,94,0.896,0.922,-0.005
82,95,0.682,0.746,-0.017
82,96,0.664,0.73,-0.018
82,97,0.869,0.9,-0.007
82,98,0.949,0.962,-0.003
82,99,0.903,0.927,-0.005
83,10,0.518,0.598,-0.022
83,100,0.597,0.671,-0.022
83,101,0.67,0.736,-0.018
83,102,0.611,0.683,-0.021
83,103,0.499,0.58,-0.028
83,104,0.422,0.505,-0.033
83,105,0.623,0.694,-0.021
83,106,0.632,0.702,-0.02
83,107,0.669,0.735,-0.018
83,108,0.67,0.735,-0.018
83,109,0.684,0.748,-0.017
83,11,0.326,0.407,-0.034
83,110,0.445,0.528,-0.032
83,111,0.647,0.716,-0.019
83,112,0.561,0.639,-0.024
83,113,0.612,0.684,-0.021
83,114,0.503,0.584,-0.028
83,115,0.518,0.598,-0.027
83,116,0.524,0.604,-0.027
83,117,0.687,0.75,-0.017
83,118,0.601,0.674,-0.022
83,119,0.605,0.678,-0.022
83,12,0.406,0.489,-0.029
83,120,0.559,0.636,-0.025
83,121,0.498,0.58,-0.029
83,122,0.526,0.606,-0.028
83,123,0.413,0.496,-0.036
83,124,0.429,0.512,-0.034
83,125,0.435,0.518,-0.034
83,126,0.31,0.391,-0.045
83,127,0.375,0.457,-0.039
83,128,0.468,0.551,-0.032
83,129,0.392,0.475,-0.038
83,13,0.273,0.351,-0.037
83,130,0.281,0.36,-0.048
83,131,0.431,0.514,-0.035
83,132,0.516,0.597,-0.028
83,133,0.433,0.516,-0.034
83,134,0.403,0.486,-0.037
83,135,0.518,0.599,-0.028
83,136,0.78,0.829,-0.012
83,137,0.904,0.928,-0.005
83,138,0.707,0.767,-0.016
83,139,0.598,0.672,-0.023
83,14,0.308,0.388,-0.035
83,140,0.692,0.755,-0.017
83,141,0.727,0.785,-0.015
83,142,0.903,0.927,-0.005
83,143,0.867,0.899,-0.007
83,144,0.785,0.833,-0.012
83,145,0.905,0.928,-0.005
83,146,0.871,0.902,-0.007
83,147,0.765,0.816,-0.013
83,148,0.653,0.721,-0.019
83,149,0.836,0.875,-0.009
83,15,0.216,0.287,-0.042
83,150,0.865,0.897,0.007
83,151,0.997,0.998,0.0
83,152,0.84,0.877,-0.009
83,153,0.789,0.836,-0.012
83,154,0.756,0.809,-0.013
83,155,0.634,0.704,-0.021
83,156,0.916,0.937,-0.005
83,157,0.751,0.804,-0.014
83,158,0.986,0.99,-0.001
83,159,0.886,0.914,-0.006
83,16,0.456,0.539,-0.025
83,160,0.981,0.986,-0.001
83,161,0.769,0.82,-0.013
83,162,0.947,0.96,-0.003
83,163,0.938,0.954,0.003
83,164,0.908,0.93,0.005
83,165,0.843,0.88,0.009
83,166,0.901,0.925,0.006
83,167,0.911,0.933,0.005
83,168,0.796,0.842,0.012
83,169,0.64,0.709,0.021
83,17,0.372,0.455,-0.03
83,170,0.745,0.8,0.015
83,171,0.758,0.811,0.014
83,172,0.878,0.907,0.007
83,173,0.97,0.977,0.002
83,174,0.871,0.902,0.007
83,175,0.597,0.671,0.024
83,176,0.849,0.884,0.009
83,177,0.768,0.819,0.014
83,178,0.918,0.938,0.005
83,179,0.668,0.734,0.02
83,18,0.346,0.428,-0.032
83,180,0.671,0.737,0.02
83,181,0.73,0.787,0.016
83,182,0.837,0.875,0.009
83,183,0.717,0.776,0.017
83,184,0.594,0.668,0.025
83,185,0.737,0.793,0.016
83,186,0.639,0.708,0.022
83,187,0.749,0.803,0.015
83,188,0.923,0.942,0.004
83,189,0.932,0.949,0.004
83,19,0.508,0.589,-0.022
83,190,0.694,0.757,0.018
83,191,0.512,0.592,0.03
83,192,0.578,0.654,0.025
83,193,0.588,0.663,0.025
83,194,0.636,0.706,0.022
83,195,0.557,0.635,0.027
83,196,0.781,0.83,0.013
83,197,0.768,0.819,0.013
83,198,0.657,0.724,0.02
83,199,0.748,0.802,0.015
83,20,0.504,0.585,-0.023
83,200,0.652,0.72,0.02
83,201,0.635,0.705,0.022
83,202,0.762,0.814,0.014
83,203,0.999,0.999,0.0
83,204,0.96,0.971,-0.002
83,205,0.879,0.908,-0.007
83,206,0.942,0.956,-0.003
83,207,0.854,0.888,0.008
83,208,0.981,0.986,0.001
83,209,0.967,0.976,-0.002
83,21,0.308,0.389,-0.035
83,210,0.969,0.977,0.002
83,211,0.958,0.969,-0.002
83,212,0.818,0.86,-0.01
83,213,0.624,0.695,-0.022
83,214,0.695,0.757,-0.018
83,215,0.673,0.739,-0.019
83,216,0.955,0.966,0.003
83,217,0.896,0.922,-0.006
83,218,0.852,0.887,-0.008
83,219,0.656,0.724,-0.02
83,22,0.537,0.616,-0.021
83,220,0.692,0.755,-0.018
83,221,0.829,0.868,-0.01
83,222,0.858,0.892,0.008
83,223,0.826,0.866,0.01
83,224,0.997,0.998,-0.0
83,225,0.99,0.993,0.001
83,226,0.882,0.911,0.007
83,227,0.855,0.889,0.009
83,228,0.861,0.894,0.008
83,229,0.927,0.945,0.004
83,23,0.329,0.411,-0.033
83,230,0.797,0.843,0.012
83,231,0.919,0.939,-0.005
83,232,0.909,0.932,-0.006
83,233,0.969,0.977,0.002
83,234,0.951,0.963,0.003
83,235,0.961,0.971,-0.002
83,236,0.918,0.939,0.005
83,237,0.993,0.995,-0.0
83,238,0.815,0.857,-0.013
83,239,0.984,0.988,0.001
83,24,0.239,0.314,-0.04
83,240,0.956,0.967,0.003
83,241,0.947,0.961,-0.004
83,242,0.817,0.859,-0.013
83,243,0.92,0.94,-0.006
83,244,0.819,0.86,-0.013
83,245,0.792,0.839,-0.016
83,246,0.873,0.903,-0.01
83,247,0.73,0.787,-0.021
83,248,0.753,0.806,-0.02
83,249,0.804,0.848,-0.016
83,25,0.394,0.477,-0.029
83,250,0.582,0.657,-0.035
83,251,0.676,0.741,-0.027
83,26,0.478,0.56,-0.025
83,27,0.263,0.34,-0.039
83,28,0.342,0.424,-0.033
83,29,0.257,0.333,-0.039
83,30,0.302,0.382,-0.036
83,31,0.134,0.191,-0.053
83,32,0.264,0.341,-0.039
83,33,0.191,0.259,-0.046
83,34,0.278,0.357,-0.039
83,35,0.29,0.369,-0.038
83,36,0.319,0.4,-0.036
83,37,0.381,0.464,-0.031
83,38,0.302,0.382,-0.037
83,39,0.327,0.409,-0.036
83,40,0.22,0.292,-0.045
83,41,0.275,0.353,-0.04
83,42,0.348,0.43,-0.034
83,43,0.355,0.437,-0.034
83,44,0.252,0.328,-0.042
83,45,0.265,0.342,-0.042
83,46,0.257,0.333,-0.042
83,47,0.423,0.506,-0.03
83,48,0.314,0.394,-0.038
83,49,0.319,0.4,-0.038
83,50,0.249,0.325,-0.044
83,51,0.321,0.402,-0.038
83,52,0.305,0.385,-0.04
83,53,0.297,0.377,-0.041
83,54,0.347,0.429,-0.037
83,55,0.231,0.304,-0.047
83,56,0.357,0.439,-0.036
83,57,0.328,0.409,-0.039
83,58,0.324,0.406,-0.039
83,59,0.418,0.501,-0.032
83,6,0.529,0.608,-0.023
83,60,0.378,0.461,-0.035
83,61,0.406,0.49,-0.034
83,62,0.668,0.734,-0.017
83,63,0.617,0.689,-0.02
83,64,0.665,0.731,-0.018
83,65,0.733,0.789,-0.014
83,66,0.463,0.545,-0.03
83,67,0.457,0.539,-0.031
83,68,0.677,0.742,-0.017
83,69,0.839,0.876,-0.008
83,7,0.559,0.636,-0.021
83,70,0.815,0.857,-0.01
83,71,0.743,0.798,-0.014
83,72,0.774,0.823,-0.012
83,73,0.723,0.781,-0.015
83,74,0.697,0.759,-0.016
83,75,0.576,0.652,-0.024
83,76,0.579,0.655,-0.024
83,77,0.586,0.661,-0.023
83,78,0.686,0.75,-0.017
83,79,0.672,0.737,-0.018
83,8,0.575,0.651,-0.02
83,80,0.527,0.606,-0.027
83,81,0.586,0.661,-0.023
83,82,0.482,0.563,-0.03
83,83,0.593,0.667,-0.023
83,84,0.654,0.721,-0.019
83,85,0.589,0.663,-0.023
83,86,0.59,0.665,-0.023
83,87,0.855,0.889,-0.008
83,88,0.856,0.89,-0.008
83,89,0.743,0.798,-0.014
83,9,0.446,0.529,-0.027
83,90,0.69,0.753,-0.017
83,91,0.695,0.757,-0.017
83,92,0.838,0.876,-0.009
83,93,0.886,0.914,-0.006
83,94,0.922,0.941,-0.004
83,95,0.848,0.884,-0.008
83,96,0.735,0.791,-0.014
83,97,0.87,0.901,-0.007
83,98,0.656,0.723,-0.019
83,99,0.67,0.736,-0.018
84,10,0.172,0.237,-0.047
84,100,0.726,0.784,-0.015
84,101,0.736,0.792,-0.014
84,102,0.613,0.685,-0.021
84,103,0.484,0.566,-0.029
84,104,0.498,0.579,-0.028
84,105,0.594,0.668,-0.022
84,106,0.44,0.523,-0.032
84,107,0.56,0.637,-0.025
84,108,0.526,0.606,-0.027
84,109,0.509,0.589,-0.028
84,11,0.11,0.161,-0.055
84,110,0.49,0.571,-0.029
84,111,0.619,0.691,-0.021
84,112,0.362,0.445,-0.038
84,113,0.405,0.488,-0.035
84,114,0.479,0.561,-0.03
84,115,0.409,0.492,-0.035
84,116,0.48,0.562,-0.03
84,117,0.535,0.614,-0.027
84,118,0.532,0.611,-0.027
84,119,0.521,0.601,-0.028
84,12,0.23,0.303,-0.041
84,120,0.436,0.519,-0.034
84,121,0.602,0.676,-0.022
84,122,0.591,0.665,-0.023
84,123,0.518,0.598,-0.028
84,124,0.423,0.506,-0.035
84,125,0.429,0.512,-0.034
84,126,0.357,0.44,-0.04
84,127,0.443,0.526,-0.033
84,128,0.661,0.728,-0.019
84,129,0.683,0.747,-0.018
84,13,0.134,0.192,-0.051
84,130,0.645,0.714,-0.02
84,131,0.535,0.614,-0.027
84,132,0.473,0.555,-0.031
84,133,0.482,0.564,-0.031
84,134,0.472,0.555,-0.031
84,135,0.705,0.766,-0.017
84,136,0.605,0.679,-0.023
84,137,0.48,0.562,-0.031
84,138,0.626,0.697,-0.021
84,139,0.624,0.696,-0.021
84,14,0.1,0.149,-0.056
84,140,0.685,0.748,-0.018
84,141,0.981,0.986,-0.001
84,142,0.941,0.956,-0.003
84,143,0.956,0.967,-0.002
84,144,0.818,0.86,-0.01
84,145,0.934,0.95,-0.004
84,146,0.874,0.905,0.007
84,147,0.917,0.937,-0.005
84,148,0.773,0.823,-0.012
84,149,0.741,0.796,-0.014
84,15,0.051,0.083,-0.066
84,150,0.96,0.97,-0.002
84,151,0.956,0.967,-0.002
84,152,0.936,0.952,-0.003
84,153,0.935,0.951,-0.004
84,154,0.785,0.833,-0.012
84,155,0.97,0.978,-0.002
84,156,0.992,0.994,-0.0
84,157,0.94,0.956,0.003
84,158,0.831,0.87,0.009
84,159,0.852,0.887,0.008
84,16,0.205,0.275,-0.043
84,160,0.584,0.659,0.024
84,161,0.718,0.777,0.016
84,162,0.847,0.883,0.009
84,163,0.915,0.936,0.005
84,164,0.778,0.827,0.013
84,165,0.7,0.762,0.017
84,166,0.574,0.65,0.025
84,167,0.649,0.717,0.021
84,168,0.734,0.791,0.015
84,169,0.778,0.827,0.013
84,17,0.163,0.226,-0.047
84,170,0.738,0.794,0.015
84,171,0.774,0.824,0.013
84,172,0.671,0.737,0.019
84,173,0.895,0.92,0.006
84,174,0.751,0.805,0.015
84,175,0.797,0.843,0.012
84,176,0.753,0.806,0.015
84,177,0.867,0.898,0.008
84,178,0.802,0.847,0.012
84,179,0.687,0.75,0.019
84,18,0.12,0.174,-0.053
84,180,0.887,0.914,0.007
84,181,0.701,0.763,0.018
84,182,0.677,0.741,0.019
84,183,0.782,0.83,0.013
84,184,0.817,0.859,0.011
84,185,0.815,0.857,0.011
84,186,0.809,0.853,0.011
84,187,0.526,0.606,0.029
84,188,0.661,0.728,0.02
84,189,0.604,0.678,0.024
84,19,0.213,0.285,-0.042
84,190,0.654,0.722,0.021
84,191,0.784,0.832,0.013
84,192,0.512,0.592,0.03
84,193,0.771,0.822,0.013
84,194,0.792,0.839,0.012
84,195,0.786,0.834,0.012
84,196,0.716,0.775,0.017
84,197,0.673,0.738,0.019
84,198,0.662,0.729,0.02
84,199,0.377,0.46,0.04
84,20,0.171,0.235,-0.046
84,200,0.638,0.708,0.021
84,201,0.7,0.762,0.017
84,202,0.471,0.554,0.033
84,203,0.552,0.63,0.027
84,204,0.6,0.674,0.024
84,205,0.717,0.776,0.016
84,206,0.625,0.696,0.022
84,207,0.542,0.621,0.027
84,208,0.661,0.728,0.02
84,209,0.758,0.811,0.014
84,21,0.145,0.204,-0.049
84,210,0.564,0.641,0.026
84,211,0.835,0.873,0.009
84,212,0.935,0.951,0.004
84,213,0.776,0.825,0.013
84,214,0.994,0.995,0.0
84,215,0.856,0.89,-0.008
84,216,0.972,0.979,-0.002
84,217,0.853,0.888,0.008
84,218,0.894,0.92,-0.006
84,219,0.796,0.842,-0.012
84,22,0.126,0.182,-0.052
84,220,0.906,0.929,-0.005
84,221,0.964,0.973,0.002
84,222,0.915,0.936,-0.005
84,223,0.915,0.936,-0.005
84,224,0.922,0.942,0.005
84,225,0.898,0.923,0.006
84,226,0.957,0.968,-0.003
84,227,0.875,0.905,0.007
84,228,0.771,0.821,0.014
84,229,0.88,0.909,0.007
84,23,0.309,0.389,-0.034
84,230,0.805,0.849,0.012
84,231,0.852,0.887,0.009
84,232,0.669,0.735,0.021
84,233,0.666,0.732,0.022
84,234,0.818,0.86,0.012
84,235,0.848,0.884,0.01
84,236,0.813,0.856,0.012
84,237,0.915,0.936,-0.006
84,238,0.775,0.825,0.015
84,239,0.901,0.926,0.007
84,24,0.262,0.339,-0.038
84,240,0.988,0.991,0.001
84,241,0.988,0.991,-0.001
84,242,0.836,0.874,0.012
84,243,0.827,0.867,0.013
84,244,0.965,0.974,0.003
84,245,0.994,0.996,0.0
84,246,0.998,0.998,-0.0
84,247,0.977,0.983,-0.002
84,248,0.863,0.896,0.011
84,249,0.97,0.978,-0.002
84,25,0.21,0.281,-0.043
84,250,0.949,0.962,-0.004
84,251,0.922,0.942,-0.006
84,26,0.335,0.417,-0.033
84,27,0.417,0.501,-0.028
84,28,0.395,0.478,-0.029
84,29,0.393,0.476,-0.03
84,30,0.362,0.444,-0.032
84,31,0.683,0.747,-0.014
84,32,0.525,0.605,-0.022
84,33,0.408,0.491,-0.029
84,34,0.538,0.617,-0.022
84,35,0.573,0.649,-0.02
84,36,0.598,0.671,-0.019
84,37,0.535,0.614,-0.022
84,38,0.491,0.572,-0.025
84,39,0.514,0.594,-0.023
84,40,0.491,0.573,-0.025
84,41,0.635,0.705,-0.017
84,42,0.368,0.451,-0.033
84,43,0.485,0.566,-0.026
84,44,0.356,0.438,-0.034
84,45,0.38,0.463,-0.033
84,46,0.358,0.441,-0.034
84,47,0.306,0.386,-0.038
84,48,0.583,0.659,-0.021
84,49,0.548,0.626,-0.023
84,50,0.495,0.576,-0.026
84,51,0.647,0.715,-0.018
84,52,0.484,0.566,-0.027
84,53,0.468,0.55,-0.028
84,54,0.446,0.529,-0.03
84,55,0.44,0.523,-0.03
84,56,0.58,0.656,-0.022
84,57,0.481,0.563,-0.028
84,58,0.653,0.721,-0.018
84,59,0.584,0.659,-0.022
84,60,0.555,0.633,-0.024
84,61,0.651,0.719,-0.018
84,62,0.816,0.858,-0.009
84,63,0.835,0.873,-0.008
84,64,0.801,0.846,-0.01
84,65,0.633,0.703,-0.02
84,66,0.829,0.868,-0.009
84,67,0.615,0.687,-0.021
84,68,0.784,0.832,-0.011
84,69,0.955,0.966,-0.002
84,7,0.184,0.251,-0.047
84,70,0.791,0.838,-0.011
84,71,0.855,0.889,-0.008
84,72,0.849,0.885,-0.008
84,73,0.755,0.808,-0.013
84,74,0.68,0.744,-0.017
84,75,0.786,0.834,-0.012
84,76,0.792,0.838,-0.011
84,77,0.677,0.742,-0.018
84,78,0.76,0.813,-0.013
84,79,0.831,0.87,-0.009
84,8,0.181,0.248,-0.047
84,80,0.712,0.772,-0.016
84,81,0.627,0.698,-0.021
84,82,0.77,0.82,-0.012
84,83,0.733,0.79,-0.015
84,84,0.742,0.797,-0.014
84,85,0.642,0.711,-0.02
84,86,0.967,0.976,0.002
84,87,0.928,0.946,0.004
84,88,0.952,0.964,-0.003
84,89,0.667,0.733,-0.018
84,9,0.08,0.123,-0.061
84,90,0.789,0.836,-0.011
84,91,0.897,0.922,-0.005
84,92,0.855,0.889,-0.008
84,93,0.785,0.833,-0.012
84,94,0.735,0.791,-0.014
84,95,0.746,0.8,-0.014
84,96,0.804,0.848,-0.011
84,97,0.85,0.886,-0.008
84,98,0.91,0.932,-0.005
84,99,0.952,0.964,-0.003
85,10,0.336,0.418,-0.033
85,100,0.83,0.869,-0.009
85,101,0.84,0.877,-0.009
85,102,0.833,0.871,-0.009
85,103,0.911,0.933,-0.005
85,104,0.99,0.992,0.001
85,105,0.938,0.953,-0.003
85,106,0.895,0.921,0.006
85,107,0.928,0.946,0.004
85,108,0.933,0.95,-0.004
85,109,0.699,0.761,-0.016
85,11,0.246,0.322,-0.04
85,110,0.556,0.634,-0.025
85,111,0.605,0.678,-0.022
85,112,0.627,0.698,-0.021
85,113,0.54,0.619,-0.026
85,114,0.65,0.718,-0.019
85,115,0.452,0.534,-0.032
85,116,0.467,0.549,-0.031
85,117,0.451,0.533,-0.032
85,118,0.432,0.515,-0.034
85,119,0.552,0.63,-0.026
85,12,0.199,0.268,-0.044
85,120,0.633,0.704,-0.021
85,121,0.614,0.686,-0.022
85,122,0.678,0.743,-0.018
85,123,0.647,0.716,-0.02
85,124,0.672,0.737,-0.018
85,125,0.592,0.667,-0.023
85,126,0.688,0.751,-0.017
85,127,0.551,0.629,-0.026
85,128,0.664,0.73,-0.019
85,129,0.534,0.614,-0.027
85,13,0.193,0.261,-0.044
85,130,0.609,0.682,-0.022
85,131,0.572,0.649,-0.025
85,132,0.744,0.799,-0.014
85,133,0.678,0.742,-0.018
85,134,0.474,0.556,-0.031
85,135,0.529,0.608,-0.028
85,136,0.731,0.788,-0.015
85,137,0.692,0.754,-0.017
85,138,0.403,0.486,-0.037
85,139,0.562,0.639,-0.025
85,14,0.157,0.219,-0.048
85,140,0.619,0.691,-0.022
85,141,0.536,0.615,-0.027
85,142,0.537,0.616,-0.027
85,143,0.817,0.859,-0.01
85,144,0.746,0.801,-0.014
85,145,0.753,0.806,-0.014
85,146,0.661,0.728,-0.019
85,147,0.584,0.659,-0.024
85,148,0.584,0.66,-0.024
85,149,0.474,0.556,-0.031
85,15,0.26,0.336,-0.038
85,150,0.667,0.733,-0.019
85,151,0.685,0.748,-0.018
85,152,0.704,0.765,-0.017
85,153,0.691,0.754,-0.017
85,154,0.794,0.84,-0.012
85,155,0.64,0.71,-0.021
85,156,0.793,0.839,-0.012
85,157,0.856,0.89,-0.008
85,158,0.844,0.881,-0.009
85,159,0.84,0.877,-0.009
85,16,0.206,0.276,-0.043
85,160,0.789,0.836,-0.012
85,161,0.817,0.859,-0.01
85,162,0.923,0.943,-0.004
85,163,0.915,0.936,-0.005
85,164,0.991,0.993,-0.001
85,165,0.912,0.934,-0.005
85,166,0.952,0.964,-0.003
85,167,0.848,0.883,-0.009
85,168,0.921,0.941,0.005
85,169,0.827,0.867,0.01
85,17,0.153,0.215,-0.048
85,170,0.703,0.764,0.017
85,171,0.909,0.931,0.005
85,172,0.813,0.856,0.011
85,173,0.752,0.806,0.015
85,174,0.776,0.826,0.013
85,175,0.818,0.86,0.011
85,176,0.968,0.977,0.002
85,177,0.875,0.905,0.007
85,178,0.71,0.77,0.017
85,179,0.802,0.847,0.012
85,18,0.485,0.567,-0.024
85,180,0.829,0.869,0.01
85,181,0.685,0.748,0.019
85,182,0.75,0.804,0.015
85,183,0.825,0.865,0.01
85,184,0.712,0.772,0.017
85,185,0.697,0.759,0.018
85,186,0.663,0.729,0.02
85,187,0.618,0.69,0.023
85,188,0.495,0.576,0.032
85,189,0.472,0.554,0.033
85,19,0.296,0.376,-0.035
85,190,0.569,0.645,0.026
85,191,0.499,0.58,0.031
85,192,0.551,0.629,0.027
85,193,0.562,0.639,0.027
85,194,0.474,0.556,0.033
85,195,0.532,0.611,0.029
85,196,0.583,0.658,0.025
85,197,0.563,0.64,0.026
85,198,0.687,0.75,0.018
85,199,0.585,0.66,0.025
85,20,0.519,0.599,-0.022
85,200,0.568,0.645,0.026
85,201,0.378,0.461,0.04
85,202,0.509,0.589,0.03
85,203,0.672,0.737,0.019
85,204,0.61,0.682,0.023
85,205,0.664,0.73,0.02
85,206,0.627,0.698,0.022
85,207,0.667,0.733,0.019
85,208,0.704,0.765,0.017
85,209,0.754,0.808,0.014
85,21,0.527,0.607,-0.021
85,210,0.73,0.787,0.015
85,211,0.775,0.824,0.013
85,212,0.893,0.919,0.006
85,213,0.849,0.885,0.009
85,214,0.912,0.934,-0.005
85,215,0.917,0.938,0.005
85,216,0.903,0.927,0.005
85,217,0.685,0.749,-0.018
85,218,0.905,0.928,-0.005
85,219,0.799,0.844,-0.012
85,22,0.417,0.5,-0.027
85,220,0.989,0.992,-0.001
85,221,0.901,0.925,0.006
85,222,0.817,0.859,-0.011
85,223,0.936,0.952,0.004
85,224,0.897,0.922,0.006
85,225,0.822,0.863,0.011
85,226,0.787,0.835,0.013
85,227,0.741,0.796,0.016
85,228,0.686,0.75,0.02
85,229,0.719,0.778,0.018
85,23,0.414,0.497,-0.028
85,230,0.676,0.741,0.021
85,231,0.709,0.769,0.019
85,232,0.693,0.756,0.02
85,233,0.664,0.731,0.022
85,234,0.719,0.778,0.019
85,235,0.773,0.823,0.015
85,236,0.867,0.899,0.009
85,237,0.74,0.795,0.018
85,238,0.67,0.735,0.023
85,239,0.984,0.988,0.001
85,24,0.683,0.747,-0.014
85,240,0.795,0.841,0.015
85,241,0.765,0.816,0.017
85,242,0.919,0.939,0.006
85,243,0.905,0.928,0.007
85,244,0.929,0.947,0.005
85,245,0.768,0.819,0.018
85,246,0.716,0.775,0.022
85,247,0.866,0.898,0.011
85,248,0.718,0.777,0.023
85,249,0.72,0.779,0.023
85,25,0.376,0.459,-0.03
85,250,0.979,0.984,0.002
85,251,0.882,0.91,0.01
85,26,0.549,0.628,-0.021
85,27,0.396,0.479,-0.029
85,28,0.301,0.381,-0.036
85,29,0.189,0.257,-0.045
85,30,0.393,0.476,-0.03
85,31,0.389,0.472,-0.03
85,32,0.312,0.393,-0.035
85,33,0.614,0.686,-0.018
85,34,0.297,0.377,-0.037
85,35,0.315,0.395,-0.036
85,36,0.348,0.431,-0.033
85,37,0.379,0.462,-0.031
85,38,0.473,0.555,-0.026
85,39,0.357,0.439,-0.033
85,40,0.26,0.337,-0.041
85,41,0.308,0.389,-0.037
85,42,0.353,0.436,-0.034
85,43,0.56,0.638,-0.021
85,44,0.567,0.644,-0.021
85,45,0.57,0.647,-0.021
85,46,0.699,0.761,-0.014
85,47,0.677,0.742,-0.016
85,48,0.614,0.686,-0.019
85,49,0.608,0.681,-0.019
85,50,0.505,0.585,-0.025
85,51,0.659,0.726,-0.017
85,52,0.515,0.595,-0.025
85,53,0.472,0.554,-0.028
85,54,0.418,0.501,-0.031
85,55,0.531,0.61,-0.025
85,56,0.48,0.562,-0.028
85,57,0.526,0.605,-0.025
85,58,0.391,0.474,-0.034
85,59,0.391,0.474,-0.034
85,6,0.53,0.609,-0.023
85,60,0.565,0.642,-0.023
85,61,0.477,0.559,-0.028
85,62,0.552,0.63,-0.024
85,63,0.516,0.596,-0.026
85,64,0.636,0.706,-0.019
85,65,0.538,0.617,-0.025
85,66,0.616,0.688,-0.021
85,67,0.531,0.61,-0.026
85,68,0.6,0.674,-0.022
85,69,0.68,0.744,-0.017
85,7,0.466,0.548,-0.026
85,70,0.758,0.811,-0.013
85,71,0.697,0.759,-0.016
85,72,0.504,0.585,-0.028
85,73,0.636,0.706,-0.02
85,74,0.624,0.695,-0.021
85,75,0.584,0.659,-0.023
85,76,0.904,0.928,-0.005
85,77,0.865,0.897,-0.007
85,78,0.9,0.925,-0.005
85,79,0.743,0.798,-0.014
85,8,0.297,0.377,-0.037
85,80,0.622,0.693,-0.021
85,81,0.677,0.742,-0.018
85,82,0.626,0.697,-0.021
85,83,0.671,0.737,-0.018
85,84,0.904,0.928,-0.005
85,85,0.766,0.817,-0.013
85,86,0.779,0.828,-0.012
85,87,0.788,0.835,-0.012
85,88,0.81,0.853,-0.01
85,89,0.837,0.875,0.009
85,9,0.427,0.51,-0.028
85,90,0.986,0.989,-0.001
85,91,0.559,0.636,-0.025
85,92,0.846,0.882,-0.008
85,93,0.724,0.782,-0.015
85,94,0.611,0.683,-0.022
85,95,0.55,0.628,-0.025
85,96,0.778,0.827,-0.012
85,97,0.88,0.909,-0.006
85,98,0.756,0.809,-0.013
85,99,0.699,0.761,-0.016
86,10,0.612,0.684,-0.018
86,100,0.628,0.699,-0.021
86,101,0.776,0.826,-0.012
86,102,0.802,0.847,-0.011
86,103,0.635,0.705,-0.02
86,104,0.94,0.955,-0.003
86,105,0.983,0.987,0.001
86,106,0.906,0.929,0.005
86,107,0.882,0.911,-0.006
86,108,0.664,0.73,-0.019
86,109,0.84,0.877,-0.009
86,11,0.603,0.677,-0.018
86,110,0.967,0.975,-0.002
86,111,0.937,0.953,-0.003
86,112,0.768,0.819,-0.013
86,113,0.608,0.681,-0.022
86,114,0.755,0.808,-0.013
86,115,0.749,0.803,-0.014
86,116,0.671,0.736,-0.018
86,117,0.781,0.83,-0.012
86,118,0.534,0.613,-0.027
86,119,0.719,0.778,-0.016
86,12,0.555,0.633,-0.02
86,120,0.517,0.597,-0.028
86,121,0.525,0.605,-0.028
86,122,0.346,0.429,-0.041
86,123,0.525,0.605,-0.028
86,124,0.542,0.62,-0.027
86,125,0.53,0.609,-0.027
86,126,0.597,0.671,-0.023
86,127,0.641,0.71,-0.02
86,128,0.542,0.62,-0.027
86,129,0.541,0.62,-0.027
86,13,0.43,0.513,-0.027
86,130,0.683,0.747,-0.018
86,131,0.51,0.591,-0.029
86,132,0.361,0.443,-0.04
86,133,0.539,0.618,-0.027
86,134,0.414,0.497,-0.036
86,135,0.338,0.419,-0.042
86,136,0.501,0.582,-0.03
86,137,0.389,0.472,-0.038
86,138,0.271,0.348,-0.048
86,139,0.474,0.556,-0.031
86,14,0.351,0.433,-0.032
86,140,0.543,0.622,-0.027
86,141,0.413,0.496,-0.036
86,142,0.411,0.494,-0.036
86,143,0.561,0.638,-0.026
86,144,0.588,0.663,-0.024
86,145,0.637,0.707,-0.021
86,146,0.746,0.8,-0.014
86,147,0.603,0.676,-0.023
86,148,0.68,0.745,-0.018
86,149,0.691,0.754,-0.018
86,15,0.404,0.487,-0.028
86,150,0.592,0.666,-0.024
86,151,0.642,0.711,-0.021
86,152,0.579,0.655,-0.025
86,153,0.591,0.665,-0.024
86,154,0.586,0.661,-0.024
86,155,0.62,0.692,-0.022
86,156,0.644,0.713,-0.021
86,157,0.723,0.781,-0.016
86,158,0.822,0.863,-0.01
86,159,0.962,0.972,-0.002
86,16,0.436,0.519,-0.026
86,160,0.942,0.957,-0.003
86,161,0.982,0.987,-0.001
86,162,0.93,0.948,-0.004
86,163,0.936,0.952,0.004
86,164,0.864,0.896,-0.008
86,165,0.975,0.982,0.001
86,166,0.909,0.931,0.005
86,167,0.962,0.972,0.002
86,168,0.865,0.897,0.008
86,169,0.839,0.877,0.009
86,17,0.384,0.467,-0.03
86,170,0.723,0.781,0.016
86,171,0.797,0.842,0.012
86,172,0.888,0.915,0.007
86,173,0.72,0.779,0.017
86,174,0.919,0.939,0.005
86,175,0.849,0.884,0.009
86,176,0.758,0.81,0.014
86,177,0.986,0.989,-0.001
86,178,0.79,0.837,0.012
86,179,0.811,0.854,0.011
86,18,0.41,0.493,-0.028
86,180,0.733,0.789,0.016
86,181,0.841,0.878,0.009
86,182,0.969,0.977,-0.002
86,183,0.865,0.897,0.008
86,184,0.857,0.891,0.008
86,185,0.876,0.906,0.007
86,186,0.949,0.962,-0.003
86,187,0.966,0.975,-0.002
86,188,0.84,0.878,-0.009
86,189,0.858,0.892,0.008
86,19,0.267,0.344,-0.038
86,190,0.727,0.785,0.016
86,191,0.773,0.823,0.013
86,192,0.623,0.695,0.023
86,193,0.529,0.608,0.029
86,194,0.618,0.69,0.023
86,195,0.685,0.748,0.019
86,196,0.66,0.727,0.02
86,197,0.507,0.588,0.03
86,198,0.56,0.637,0.026
86,199,0.632,0.702,0.022
86,20,0.525,0.605,-0.022
86,200,0.612,0.685,0.023
86,201,0.843,0.88,0.009
86,202,0.653,0.721,0.02
86,203,0.736,0.792,0.015
86,204,0.675,0.74,0.019
86,205,0.71,0.77,0.017
86,206,0.854,0.889,0.008
86,207,0.839,0.877,0.009
86,208,0.818,0.86,0.01
86,209,0.801,0.846,0.011
86,21,0.39,0.473,-0.029
86,210,0.695,0.757,0.018
86,211,0.644,0.713,0.021
86,212,0.494,0.576,0.031
86,213,0.565,0.642,0.026
86,214,0.741,0.796,0.015
86,215,0.839,0.877,0.009
86,216,0.75,0.804,0.014
86,217,0.991,0.993,0.001
86,218,0.788,0.835,0.012
86,219,0.91,0.932,0.005
86,22,0.547,0.625,-0.021
86,220,0.879,0.908,0.007
86,221,0.996,0.997,-0.0
86,222,0.967,0.975,0.002
86,223,0.755,0.808,0.015
86,224,0.92,0.94,0.005
86,225,0.617,0.689,0.024
86,226,0.711,0.771,0.018
86,227,0.897,0.922,0.006
86,228,0.596,0.67,0.026
86,229,0.651,0.719,0.022
86,23,0.328,0.409,-0.033
86,230,0.557,0.634,0.029
86,231,0.686,0.75,0.021
86,232,0.747,0.801,0.017
86,233,0.594,0.669,0.028
86,234,0.706,0.767,0.02
86,235,0.643,0.712,0.025
86,236,0.501,0.582,0.036
86,237,0.582,0.658,0.03
86,238,0.629,0.7,0.027
86,239,0.626,0.697,0.027
86,24,0.531,0.61,-0.021
86,240,0.665,0.731,0.025
86,241,0.53,0.609,0.036
86,242,0.806,0.85,0.014
86,243,0.717,0.776,0.022
86,244,0.904,0.928,0.007
86,245,0.647,0.715,0.028
86,246,0.599,0.673,0.033
86,247,0.815,0.857,0.015
86,248,0.844,0.881,0.013
86,249,0.82,0.862,0.015
86,25,0.619,0.691,-0.017
86,250,0.912,0.934,0.007
86,251,0.969,0.977,0.003
86,26,0.497,0.578,-0.023
86,27,0.817,0.859,-0.008
86,28,0.618,0.69,-0.017
86,29,0.38,0.463,-0.03
86,30,0.303,0.383,-0.036
86,31,0.259,0.335,-0.039
86,32,0.361,0.443,-0.032
86,33,0.281,0.359,-0.038
86,34,0.484,0.566,-0.024
86,35,0.265,0.342,-0.039
86,36,0.459,0.542,-0.026
86,37,0.346,0.429,-0.033
86,38,0.369,0.452,-0.032
86,39,0.356,0.438,-0.033
86,40,0.251,0.327,-0.041
86,41,0.362,0.445,-0.033
86,42,0.434,0.517,-0.028
86,43,0.37,0.453,-0.032
86,44,0.358,0.441,-0.034
86,45,0.486,0.568,-0.026
86,46,0.492,0.573,-0.025
86,47,0.317,0.398,-0.037
86,48,0.483,0.564,-0.026
86,49,0.675,0.74,-0.016
86,50,0.743,0.798,-0.012
86,51,0.72,0.779,-0.014
86,52,0.459,0.542,-0.028
86,53,0.537,0.616,-0.024
86,54,0.665,0.732,-0.017
86,55,0.628,0.698,-0.019
86,56,0.625,0.696,-0.019
86,57,0.62,0.691,-0.019
86,58,0.577,0.653,-0.022
86,59,0.708,0.768,-0.015
86,60,0.549,0.627,-0.024
86,61,0.769,0.82,-0.012
86,62,0.822,0.863,-0.009
86,63,0.523,0.603,-0.026
86,64,0.512,0.592,-0.027
86,65,0.43,0.513,-0.032
86,66,0.54,0.619,-0.025
86,67,0.53,0.61,-0.026
86,68,0.701,0.762,-0.016
86,69,0.824,0.864,-0.009
86,7,0.519,0.599,-0.023
86,70,0.8,0.845,-0.011
86,71,0.854,0.888,-0.008
86,72,0.84,0.877,-0.008
86,73,0.766,0.817,-0.013
86,74,0.793,0.839,-0.011
86,75,0.722,0.78,-0.015
86,76,0.908,0.931,-0.005
86,77,0.93,0.947,-0.004
86,78,0.821,0.862,-0.01
86,79,0.771,0.821,-0.012
86,8,0.773,0.823,-0.01
86,80,0.974,0.981,-0.001
86,81,0.902,0.926,-0.005
86,82,0.91,0.933,-0.005
86,83,0.678,0.742,-0.018
86,84,0.939,0.954,0.003
86,85,0.988,0.991,0.001
86,86,0.835,0.873,-0.009
86,87,0.894,0.92,0.006
86,88,0.883,0.911,-0.006
86,89,0.934,0.95,-0.004
86,9,0.618,0.69,-0.017
86,90,0.899,0.924,-0.005
86,91,0.991,0.994,0.0
86,92,0.832,0.871,0.009
86,93,0.881,0.91,-0.006
86,94,0.84,0.878,-0.009
86,95,0.87,0.901,-0.007
86,96,0.949,0.962,-0.003
86,97,0.793,0.839,-0.011
86,98,0.79,0.837,-0.011
86,99,0.871,0.902,-0.007
87,10,0.428,0.511,-0.027
87,100,0.964,0.973,0.002
87,101,0.941,0.956,0.003
87,102,0.996,0.997,0.0
87,103,0.958,0.969,-0.002
87,104,0.94,0.955,-0.003
87,105,0.819,0.86,-0.01
87,106,0.793,0.84,-0.011
87,107,0.828,0.868,-0.009
87,108,0.702,0.763,-0.017
87,109,0.823,0.864,-0.01
87,11,0.554,0.632,-0.02
87,110,0.808,0.851,-0.011
87,111,0.922,0.941,-0.004
87,112,0.818,0.86,-0.01
87,113,0.843,0.88,-0.009
87,114,0.744,0.799,-0.014
87,115,0.708,0.768,-0.016
87,116,0.713,0.772,-0.016
87,117,0.827,0.867,-0.01
87,118,0.708,0.768,-0.016
87,119,0.698,0.76,-0.017
87,12,0.453,0.536,-0.025
87,120,0.722,0.78,-0.016
87,121,0.491,0.573,-0.03
87,122,0.705,0.766,-0.017
87,123,0.618,0.69,-0.022
87,124,0.663,0.729,-0.019
87,125,0.63,0.7,-0.021
87,126,0.748,0.803,-0.014
87,127,0.633,0.703,-0.021
87,128,0.593,0.667,-0.024
87,129,0.584,0.659,-0.024
87,13,0.862,0.895,-0.006
87,130,0.569,0.646,-0.025
87,131,0.609,0.682,-0.023
87,132,0.75,0.804,-0.014
87,133,0.703,0.764,-0.017
87,134,0.692,0.754,-0.017
87,135,0.645,0.714,-0.02
87,136,0.749,0.803,-0.014
87,137,0.874,0.904,-0.007
87,138,0.623,0.695,-0.022
87,139,0.596,0.67,-0.023
87,14,0.388,0.472,-0.029
87,140,0.512,0.593,-0.029
87,141,0.516,0.596,-0.029
87,142,0.467,0.549,-0.032
87,143,0.473,0.555,-0.032
87,144,0.613,0.685,-0.022
87,145,0.579,0.655,-0.025
87,146,0.468,0.55,-0.032
87,147,0.568,0.645,-0.025
87,148,0.477,0.559,-0.032
87,149,0.59,0.664,-0.024
87,15,0.554,0.631,-0.02
87,150,0.689,0.752,-0.018
87,151,0.767,0.818,-0.013
87,152,0.632,0.702,-0.021
87,153,0.764,0.816,-0.013
87,154,0.662,0.729,-0.02
87,155,0.623,0.694,-0.022
87,156,0.587,0.662,-0.025
87,157,0.706,0.767,-0.017
87,158,0.837,0.875,-0.009
87,159,0.964,0.973,-0.002
87,16,0.441,0.524,-0.026
87,160,0.977,0.983,0.001
87,161,0.998,0.999,0.0
87,162,0.965,0.974,0.002
87,163,0.97,0.978,0.002
87,164,0.963,0.972,-0.002
87,165,0.957,0.968,-0.002
87,166,0.982,0.987,-0.001
87,167,0.972,0.979,0.002
87,168,0.954,0.966,-0.003
87,169,0.884,0.912,-0.007
87,17,0.289,0.368,-0.036
87,170,0.974,0.981,-0.002
87,171,0.952,0.965,0.003
87,172,0.864,0.897,-0.008
87,173,0.932,0.949,0.004
87,174,0.955,0.967,-0.003
87,175,0.969,0.977,-0.002
87,176,0.831,0.87,0.01
87,177,0.983,0.987,-0.001
87,178,0.644,0.713,0.022
87,179,0.664,0.73,0.02
87,18,0.592,0.666,-0.018
87,180,0.636,0.706,0.022
87,181,0.728,0.785,0.016
87,182,0.693,0.755,0.018
87,183,0.623,0.694,0.023
87,184,0.66,0.727,0.02
87,185,0.715,0.774,0.017
87,186,0.688,0.751,0.019
87,187,0.746,0.801,0.015
87,188,0.678,0.743,0.019
87,189,0.646,0.715,0.021
87,19,0.572,0.648,-0.019
87,190,0.64,0.709,0.022
87,191,0.701,0.762,0.018
87,192,0.814,0.856,0.011
87,193,0.757,0.81,0.014
87,194,0.684,0.748,0.019
87,195,0.699,0.761,0.018
87,196,0.754,0.808,0.014
87,197,0.602,0.676,0.024
87,198,0.613,0.686,0.023
87,199,0.704,0.765,0.017
87,20,0.551,0.629,-0.02
87,200,0.814,0.856,0.011
87,201,0.795,0.841,0.012
87,202,0.866,0.898,0.008
87,203,0.634,0.704,0.021
87,204,0.815,0.857,0.01
87,205,0.635,0.705,0.021
87,206,0.661,0.728,0.02
87,207,0.662,0.728,0.02
87,208,0.616,0.688,0.022
87,209,0.875,0.905,0.007
87,21,0.473,0.555,-0.024
87,210,0.785,0.833,0.012
87,211,0.719,0.778,0.016
87,212,0.798,0.844,0.011
87,213,0.708,0.768,0.017
87,214,0.594,0.668,0.024
87,215,0.438,0.521,0.035
87,216,0.559,0.636,0.027
87,217,0.501,0.582,0.031
87,218,0.589,0.664,0.025
87,219,0.551,0.629,0.028
87,22,0.67,0.735,-0.014
87,220,0.516,0.596,0.03
87,221,0.442,0.525,0.036
87,222,0.376,0.459,0.042
87,223,0.662,0.728,0.021
87,224,0.376,0.459,0.042
87,225,0.449,0.532,0.037
87,226,0.407,0.49,0.041
87,227,0.522,0.601,0.032
87,228,0.452,0.535,0.038
87,229,0.487,0.569,0.035
87,23,0.392,0.475,-0.029
87,230,0.378,0.461,0.045
87,231,0.367,0.449,0.047
87,232,0.467,0.549,0.038
87,233,0.306,0.386,0.054
87,234,0.358,0.44,0.049
87,235,0.273,0.351,0.059
87,236,0.35,0.432,0.051
87,237,0.39,0.474,0.048
87,238,0.549,0.627,0.034
87,239,0.336,0.417,0.055
87,24,0.341,0.423,-0.032
87,240,0.309,0.389,0.059
87,241,0.315,0.396,0.059
87,242,0.316,0.396,0.06
87,243,0.382,0.465,0.053
87,244,0.394,0.477,0.052
87,245,0.305,0.385,0.063
87,246,0.418,0.502,0.051
87,247,0.518,0.598,0.041
87,248,0.424,0.507,0.051
87,249,0.551,0.629,0.039
87,25,0.514,0.595,-0.022
87,250,0.573,0.649,0.037
87,251,0.578,0.654,0.037
87,26,0.363,0.445,-0.031
87,27,0.528,0.608,-0.022
87,28,0.334,0.416,-0.033
87,29,0.283,0.361,-0.037
87,30,0.31,0.39,-0.035
87,31,0.442,0.525,-0.027
87,32,0.274,0.352,-0.038
87,33,0.213,0.284,-0.043
87,34,0.224,0.297,-0.043
87,35,0.297,0.376,-0.037
87,36,0.26,0.337,-0.04
87,37,0.176,0.242,-0.048
87,38,0.194,0.263,-0.046
87,39,0.124,0.179,-0.055
87,40,0.188,0.255,-0.047
87,41,0.158,0.22,-0.051
87,42,0.245,0.32,-0.042
87,43,0.135,0.192,-0.054
87,44,0.223,0.296,-0.044
87,45,0.278,0.356,-0.04
87,46,0.22,0.292,-0.045
87,47,0.231,0.304,-0.045
87,48,0.452,0.535,-0.028
87,49,0.427,0.511,-0.03
87,50,0.367,0.45,-0.034
87,51,0.4,0.483,-0.032
87,52,0.611,0.684,-0.019
87,53,0.479,0.561,-0.027
87,54,0.433,0.516,-0.03
87,55,0.398,0.481,-0.033
87,56,0.71,0.77,-0.014
87,57,0.497,0.579,-0.026
87,58,0.554,0.632,-0.023
87,59,0.529,0.608,-0.025
87,60,0.902,0.926,0.005
87,61,0.746,0.801,-0.013
87,62,0.966,0.975,-0.002
87,63,0.935,0.952,0.003
87,64,0.599,0.673,-0.021
87,65,0.612,0.685,-0.021
87,66,0.658,0.726,-0.018
87,67,0.609,0.682,-0.021
87,68,0.712,0.772,-0.015
87,69,0.791,0.837,-0.011
87,7,0.425,0.508,-0.028
87,70,0.677,0.742,-0.017
87,71,0.737,0.793,-0.014
87,72,0.707,0.767,-0.016
87,73,0.569,0.645,-0.024
87,74,0.694,0.756,-0.017
87,75,0.761,0.813,-0.013
87,76,0.686,0.75,-0.017
87,77,0.723,0.782,-0.015
87,78,0.745,0.799,-0.014
87,79,0.634,0.704,-0.02
87,8,0.526,0.605,-0.022
87,80,0.813,0.856,-0.01
87,81,0.912,0.934,-0.005
87,82,0.787,0.835,-0.012
87,83,0.96,0.97,-0.002
87,84,0.989,0.992,0.001
87,85,0.833,0.872,0.009
87,86,0.881,0.91,-0.006
87,87,0.907,0.93,-0.005
87,88,0.858,0.892,-0.008
87,89,0.9,0.924,-0.005
87,9,0.575,0.651,-0.019
87,90,0.992,0.994,-0.0
87,91,0.834,0.872,0.009
87,92,0.874,0.904,0.007
87,93,0.775,0.824,0.012
87,94,0.945,0.959,-0.003
87,95,0.998,0.999,0.0
87,96,0.994,0.996,-0.0
87,97,0.996,0.997,0.0
87,98,0.998,0.999,-0.0
87,99,0.939,0.954,-0.003
88,10,0.143,0.203,-0.051
88,100,0.834,0.872,-0.009
88,101,0.77,0.82,-0.013
88,102,0.731,0.788,-0.015
88,103,0.711,0.771,-0.016
88,104,0.755,0.808,-0.014
88,105,0.834,0.873,-0.009
88,106,0.883,0.911,-0.006
88,107,0.731,0.788,-0.015
88,108,0.912,0.934,-0.005
88,109,0.811,0.854,-0.01
88,11,0.167,0.231,-0.048
88,110,0.856,0.89,-0.008
88,111,0.797,0.843,-0.011
88,112,0.794,0.84,-0.011
88,113,0.747,0.801,-0.014
88,114,0.856,0.89,-0.008
88,115,0.751,0.805,-0.014
88,116,0.722,0.78,-0.016
88,117,0.584,0.66,-0.024
88,118,0.696,0.758,-0.017
88,119,0.742,0.797,-0.015
88,12,0.136,0.193,-0.051
88,120,0.67,0.735,-0.019
88,121,0.731,0.788,-0.015
88,122,0.631,0.702,-0.021
88,123,0.569,0.646,-0.025
88,124,0.611,0.684,-0.023
88,125,0.482,0.564,-0.031
88,126,0.658,0.726,-0.02
88,127,0.528,0.608,-0.028
88,128,0.553,0.631,-0.026
88,129,0.499,0.58,-0.03
88,13,0.165,0.229,-0.047
88,130,0.528,0.608,-0.028
88,131,0.46,0.542,-0.033
88,132,0.418,0.501,-0.036
88,133,0.426,0.509,-0.035
88,134,0.457,0.539,-0.033
88,135,0.531,0.611,-0.028
88,136,0.649,0.718,-0.02
88,137,0.665,0.731,-0.019
88,138,0.569,0.645,-0.025
88,139,0.644,0.713,-0.021
88,14,0.13,0.187,-0.052
88,140,0.654,0.722,-0.02
88,141,0.644,0.713,-0.021
88,142,0.563,0.64,-0.026
88,143,0.492,0.573,-0.031
88,144,0.511,0.591,-0.029
88,145,0.503,0.584,-0.03
88,146,0.419,0.503,-0.036
88,147,0.618,0.69,-0.022
88,148,0.646,0.714,-0.021
88,149,0.572,0.648,-0.025
88,15,0.163,0.226,-0.047
88,150,0.688,0.751,-0.018
88,151,0.504,0.585,-0.03
88,152,0.693,0.756,-0.018
88,153,0.615,0.687,-0.023
88,154,0.599,0.673,-0.024
88,155,0.748,0.802,-0.015
88,156,0.705,0.766,-0.017
88,157,0.666,0.733,-0.02
88,158,0.681,0.745,-0.019
88,159,0.77,0.821,-0.013
88,16,0.21,0.28,-0.043
88,160,0.783,0.831,-0.013
88,161,0.756,0.809,-0.014
88,162,0.86,0.893,-0.008
88,163,0.697,0.759,-0.018
88,164,0.892,0.918,-0.006
88,165,0.839,0.877,-0.009
88,166,0.972,0.979,0.002
88,167,0.887,0.915,-0.007
88,168,0.987,0.99,-0.001
88,169,0.983,0.987,-0.001
88,17,0.114,0.166,-0.053
88,170,0.946,0.96,-0.003
88,171,0.992,0.994,-0.0
88,172,0.877,0.906,-0.007
88,173,0.819,0.86,-0.011
88,174,0.724,0.782,-0.017
88,175,0.797,0.842,-0.012
88,176,0.791,0.838,-0.012
88,177,0.71,0.77,-0.017
88,178,0.742,0.797,-0.015
88,179,0.841,0.878,-0.009
88,18,0.174,0.239,-0.046
88,180,0.826,0.866,-0.01
88,181,0.854,0.888,-0.009
88,182,0.713,0.773,-0.017
88,183,0.897,0.922,-0.006
88,184,0.949,0.962,-0.003
88,185,0.898,0.923,-0.006
88,186,0.831,0.87,-0.01
88,187,0.962,0.971,-0.002
88,188,0.885,0.913,0.007
88,189,0.939,0.954,0.004
88,19,0.207,0.278,-0.043
88,190,0.884,0.912,0.007
88,191,0.743,0.798,0.015
88,192,0.793,0.839,0.012
88,193,0.997,0.998,0.0
88,194,0.771,0.821,0.013
88,195,0.945,0.959,0.003
88,196,0.817,0.859,0.011
88,197,0.892,0.919,0.006
88,198,0.583,0.658,0.025
88,199,0.558,0.636,0.026
88,20,0.171,0.235,-0.047
88,200,0.736,0.792,0.015
88,201,0.749,0.803,0.014
88,202,0.654,0.721,0.02
88,203,0.904,0.928,0.005
88,204,0.729,0.786,0.016
88,205,0.954,0.966,0.003
88,206,0.94,0.955,0.003
88,207,0.919,0.939,0.005
88,208,0.702,0.763,0.017
88,209,0.588,0.663,0.024
88,21,0.139,0.197,-0.05
88,210,0.644,0.713,0.021
88,211,0.615,0.687,0.023
88,212,0.706,0.766,0.017
88,213,0.594,0.668,0.024
88,214,0.383,0.466,0.04
88,215,0.497,0.578,0.031
88,216,0.55,0.628,0.028
88,217,0.596,0.67,0.025
88,218,0.637,0.706,0.022
88,219,0.648,0.716,0.021
88,22,0.258,0.334,-0.038
88,220,0.724,0.782,0.017
88,221,0.507,0.588,0.031
88,222,0.529,0.608,0.03
88,223,0.527,0.606,0.03
88,224,0.633,0.703,0.023
88,225,0.587,0.662,0.027
88,226,0.537,0.616,0.031
88,227,0.487,0.569,0.035
88,228,0.463,0.545,0.037
88,229,0.462,0.544,0.038
88,23,0.359,0.442,-0.031
88,230,0.427,0.51,0.041
88,231,0.492,0.574,0.036
88,232,0.389,0.473,0.045
88,233,0.339,0.42,0.051
88,234,0.492,0.574,0.037
88,235,0.441,0.524,0.042
88,236,0.451,0.533,0.042
88,237,0.624,0.695,0.028
88,238,0.552,0.63,0.034
88,239,0.525,0.604,0.037
88,24,0.366,0.448,-0.031
88,240,0.545,0.624,0.035
88,241,0.607,0.68,0.031
88,242,0.451,0.534,0.045
88,243,0.706,0.766,0.023
88,244,0.723,0.781,0.022
88,245,0.768,0.819,0.018
88,246,0.662,0.728,0.028
88,247,0.727,0.784,0.022
88,248,0.791,0.838,0.017
88,249,0.724,0.782,0.023
88,25,0.417,0.501,-0.028
88,250,0.844,0.88,0.013
88,251,0.681,0.745,0.027
88,26,0.239,0.313,-0.04
88,27,0.366,0.449,-0.031
88,28,0.565,0.641,-0.02
88,29,0.289,0.368,-0.036
88,30,0.282,0.36,-0.037
88,31,0.263,0.34,-0.039
88,32,0.339,0.421,-0.033
88,33,0.218,0.29,-0.043
88,34,0.184,0.251,-0.046
88,35,0.153,0.214,-0.05
88,36,0.133,0.19,-0.052
88,37,0.182,0.249,-0.047
88,38,0.252,0.327,-0.04
88,39,0.126,0.181,-0.054
88,40,0.198,0.267,-0.046
88,41,0.212,0.283,-0.045
88,42,0.253,0.329,-0.041
88,43,0.379,0.462,-0.032
88,44,0.196,0.265,-0.047
88,45,0.223,0.296,-0.044
88,46,0.225,0.298,-0.044
88,47,0.211,0.282,-0.046
88,48,0.389,0.472,-0.032
88,49,0.279,0.357,-0.04
88,50,0.261,0.338,-0.042
88,51,0.254,0.329,-0.043
88,52,0.551,0.629,-0.023
88,53,0.447,0.53,-0.029
88,54,0.286,0.365,-0.041
88,55,0.366,0.449,-0.035
88,56,0.489,0.571,-0.027
88,57,0.649,0.718,-0.018
88,58,0.495,0.576,-0.027
88,59,0.579,0.654,-0.022
88,60,0.619,0.691,-0.02
88,61,0.519,0.599,-0.026
88,62,0.603,0.677,-0.021
88,63,0.445,0.528,-0.031
88,64,0.446,0.529,-0.031
88,65,0.469,0.552,-0.029
88,66,0.719,0.778,-0.015
88,67,0.7,0.762,-0.016
88,68,0.906,0.929,-0.005
88,69,0.732,0.789,-0.014
88,7,0.254,0.33,-0.041
88,70,0.517,0.597,-0.027
88,71,0.628,0.699,-0.02
88,72,0.556,0.634,-0.025
88,73,0.598,0.672,-0.022
88,74,0.619,0.691,-0.021
88,75,0.792,0.838,-0.011
88,76,0.766,0.817,-0.013
88,77,0.849,0.884,-0.008
88,78,0.918,0.938,-0.004
88,79,0.984,0.988,0.001
88,8,0.295,0.375,-0.037
88,80,0.814,0.856,0.01
88,81,0.896,0.922,0.006
88,82,0.869,0.9,-0.007
88,83,0.982,0.987,0.001
88,84,0.924,0.943,0.004
88,85,0.981,0.986,-0.001
88,86,0.979,0.984,0.001
88,87,0.84,0.877,0.009
88,88,0.996,0.997,0.0
88,89,0.737,0.793,0.015
88,9,0.133,0.191,-0.052
88,90,0.958,0.968,0.002
88,91,0.705,0.766,0.017
88,92,0.895,0.921,0.006
88,93,0.909,0.932,-0.005
88,94,0.969,0.977,-0.002
88,95,0.966,0.975,0.002
88,96,0.815,0.858,-0.01
88,97,0.877,0.906,-0.007
88,98,0.9,0.924,0.005
88,99,0.968,0.976,0.002
89,10,0.176,0.242,-0.048
89,100,0.914,0.935,-0.005
89,101,0.841,0.878,-0.009
89,102,0.837,0.875,-0.009
89,103,0.737,0.793,-0.015
89,104,0.833,0.872,-0.009
89,105,0.777,0.826,-0.012
89,106,0.918,0.939,-0.005
89,107,0.699,0.761,-0.017
89,108,0.75,0.804,-0.014
89,109,0.994,0.995,0.0
89,11,0.184,0.251,-0.046
89,110,0.828,0.868,-0.01
89,111,0.877,0.906,-0.007
89,112,0.731,0.788,-0.015
89,113,0.908,0.93,-0.005
89,114,0.982,0.987,0.001
89,115,0.901,0.925,-0.006
89,116,0.767,0.818,-0.013
89,117,0.847,0.883,-0.009
89,118,0.828,0.868,-0.01
89,119,0.909,0.932,-0.005
89,12,0.175,0.24,-0.047
89,120,0.941,0.956,-0.003
89,121,0.947,0.96,-0.003
89,122,0.806,0.85,-0.011
89,123,0.998,0.998,-0.0
89,124,0.969,0.977,0.002
89,125,0.868,0.9,-0.007
89,126,0.83,0.869,-0.01
89,127,0.951,0.964,-0.003
89,128,0.945,0.959,-0.003
89,129,0.882,0.911,-0.007
89,13,0.183,0.25,-0.046
89,130,0.754,0.807,-0.014
89,131,0.526,0.606,-0.028
89,132,0.529,0.608,-0.028
89,133,0.556,0.634,-0.026
89,134,0.629,0.7,-0.022
89,135,0.558,0.635,-0.026
89,136,0.708,0.768,-0.017
89,137,0.824,0.864,-0.01
89,138,0.729,0.786,-0.016
89,139,0.694,0.757,-0.018
89,14,0.166,0.229,-0.048
89,140,0.732,0.788,-0.015
89,141,0.877,0.906,-0.007
89,142,0.802,0.847,-0.011
89,143,0.82,0.862,-0.01
89,144,0.801,0.846,-0.011
89,145,0.843,0.879,-0.009
89,146,0.76,0.812,-0.014
89,147,0.632,0.702,-0.022
89,148,0.609,0.682,-0.023
89,149,0.56,0.637,-0.027
89,15,0.172,0.237,-0.047
89,150,0.435,0.518,-0.036
89,151,0.665,0.731,-0.02
89,152,0.706,0.767,-0.017
89,153,0.796,0.842,-0.012
89,154,0.772,0.822,-0.013
89,155,0.677,0.742,-0.019
89,156,0.717,0.776,-0.017
89,157,0.739,0.795,-0.015
89,158,0.707,0.767,-0.017
89,159,0.648,0.716,-0.021
89,16,0.138,0.197,-0.05
89,160,0.801,0.846,-0.012
89,161,0.76,0.812,-0.014
89,162,0.822,0.863,-0.01
89,163,0.652,0.72,-0.021
89,164,0.719,0.778,-0.017
89,165,0.696,0.758,-0.018
89,166,0.665,0.732,-0.02
89,167,0.651,0.719,-0.021
89,168,0.682,0.746,-0.019
89,169,0.771,0.821,-0.014
89,17,0.443,0.525,-0.026
89,170,0.781,0.83,-0.013
89,171,0.636,0.706,-0.022
89,172,0.474,0.556,-0.034
89,173,0.775,0.824,-0.013
89,174,0.776,0.826,-0.013
89,175,0.696,0.758,-0.018
89,176,0.626,0.697,-0.023
89,177,0.753,0.806,-0.015
89,178,0.9,0.925,-0.006
89,179,0.922,0.941,0.005
89,18,0.601,0.674,-0.018
89,180,0.985,0.989,-0.001
89,181,0.894,0.92,0.006
89,182,0.928,0.946,0.004
89,183,0.946,0.96,-0.003
89,184,0.818,0.859,0.011
89,185,0.833,0.872,0.01
89,186,0.73,0.787,0.016
89,187,0.729,0.786,0.016
89,188,0.733,0.789,0.016
89,189,0.88,0.909,0.007
89,19,0.291,0.37,-0.036
89,190,0.752,0.806,0.014
89,191,0.868,0.899,0.008
89,192,0.898,0.923,0.006
89,193,0.74,0.796,0.015
89,194,0.858,0.891,0.008
89,195,0.868,0.899,0.008
89,196,0.91,0.932,0.005
89,197,0.813,0.855,0.011
89,198,0.663,0.73,0.02
89,199,0.507,0.588,0.03
89,20,0.405,0.489,-0.028
89,200,0.532,0.612,0.028
89,201,0.656,0.724,0.02
89,202,0.773,0.823,0.013
89,203,0.846,0.882,0.009
89,204,0.811,0.854,0.011
89,205,0.684,0.748,0.018
89,206,0.568,0.645,0.026
89,207,0.696,0.758,0.018
89,208,0.828,0.868,0.01
89,209,0.584,0.659,0.025
89,21,0.545,0.623,-0.021
89,210,0.668,0.734,0.019
89,211,0.582,0.657,0.025
89,212,0.578,0.654,0.025
89,213,0.579,0.654,0.025
89,214,0.528,0.608,0.029
89,215,0.564,0.641,0.027
89,216,0.486,0.568,0.032
89,217,0.437,0.52,0.036
89,218,0.39,0.473,0.04
89,219,0.406,0.489,0.039
89,22,0.491,0.573,-0.023
89,220,0.316,0.397,0.048
89,221,0.311,0.391,0.049
89,222,0.407,0.49,0.04
89,223,0.415,0.498,0.04
89,224,0.396,0.479,0.042
89,225,0.421,0.505,0.04
89,226,0.365,0.448,0.045
89,227,0.189,0.257,0.067
89,228,0.273,0.351,0.056
89,229,0.233,0.307,0.062
89,23,0.333,0.414,-0.033
89,230,0.301,0.381,0.054
89,231,0.301,0.381,0.055
89,232,0.266,0.343,0.06
89,233,0.408,0.491,0.045
89,234,0.296,0.375,0.057
89,235,0.345,0.427,0.053
89,236,0.474,0.556,0.04
89,237,0.467,0.549,0.041
89,238,0.378,0.461,0.051
89,239,0.533,0.612,0.037
89,24,0.335,0.417,-0.033
89,240,0.514,0.594,0.039
89,241,0.458,0.541,0.044
89,242,0.477,0.559,0.043
89,243,0.371,0.454,0.055
89,244,0.447,0.53,0.047
89,245,0.377,0.46,0.056
89,246,0.41,0.493,0.052
89,247,0.455,0.538,0.048
89,248,0.55,0.628,0.039
89,249,0.477,0.559,0.047
89,25,0.474,0.556,-0.024
89,250,0.428,0.511,0.053
89,251,0.554,0.632,0.04
89,26,0.318,0.399,-0.034
89,27,0.342,0.424,-0.033
89,28,0.185,0.252,-0.046
89,29,0.199,0.268,-0.044
89,30,0.183,0.25,-0.046
89,31,0.215,0.287,-0.043
89,32,0.2,0.27,-0.044
89,33,0.186,0.253,-0.046
89,34,0.177,0.243,-0.047
89,35,0.243,0.318,-0.041
89,36,0.17,0.235,-0.048
89,37,0.215,0.286,-0.043
89,38,0.103,0.152,-0.058
89,39,0.335,0.416,-0.034
89,40,0.235,0.309,-0.042
89,41,0.313,0.393,-0.036
89,42,0.223,0.295,-0.044
89,43,0.199,0.268,-0.046
89,44,0.312,0.392,-0.037
89,45,0.218,0.29,-0.045
89,46,0.375,0.458,-0.032
89,47,0.408,0.492,-0.031
89,48,0.315,0.396,-0.037
89,49,0.45,0.533,-0.028
89,50,0.291,0.37,-0.039
89,51,0.243,0.317,-0.044
89,52,0.351,0.433,-0.035
89,53,0.334,0.416,-0.037
89,54,0.378,0.461,-0.034
89,55,0.347,0.43,-0.036
89,56,0.356,0.438,-0.036
89,57,0.367,0.449,-0.035
89,58,0.501,0.582,-0.026
89,59,0.31,0.391,-0.04
89,60,0.415,0.499,-0.032
89,61,0.394,0.477,-0.034
89,62,0.404,0.487,-0.033
89,63,0.506,0.587,-0.027
89,64,0.75,0.804,-0.013
89,65,0.745,0.8,-0.013
89,66,0.705,0.766,-0.015
89,67,0.47,0.552,-0.03
89,68,0.63,0.7,-0.02
89,69,0.731,0.788,-0.014
89,7,0.213,0.284,-0.045
89,70,0.971,0.979,0.002
89,71,0.87,0.901,-0.007
89,72,0.72,0.779,-0.015
89,73,0.794,0.84,-0.011
89,74,0.997,0.998,-0.0
89,75,0.904,0.927,-0.005
89,76,0.77,0.82,-0.012
89,77,0.616,0.688,-0.021
89,78,0.581,0.656,-0.024
89,79,0.796,0.842,-0.011
89,8,0.183,0.249,-0.048
89,80,0.79,0.837,-0.011
89,81,0.917,0.937,0.005
89,82,0.986,0.989,0.001
89,83,0.863,0.896,0.008
89,84,0.861,0.894,0.008
89,85,0.956,0.967,0.002
89,86,0.974,0.981,0.001
89,87,0.965,0.974,0.002
89,88,0.977,0.983,-0.001
89,89,0.949,0.962,0.003
89,9,0.157,0.219,-0.05
89,90,0.845,0.881,0.009
89,91,0.895,0.92,0.006
89,92,0.987,0.991,0.001
89,93,0.834,0.873,0.009
89,94,0.838,0.876,0.009
89,95,0.837,0.875,0.009
89,96,0.902,0.926,0.005
89,97,0.921,0.941,0.004
89,98,0.847,0.883,0.009
89,99,0.919,0.939,-0.004
9,10,0.193,0.261,-0.042
9,100,0.935,0.951,-0.003
9,101,0.883,0.911,0.005
9,102,0.993,0.995,0.0
9,103,0.983,0.988,0.001
9,104,0.787,0.834,-0.01
9,105,0.958,0.969,-0.002
9,106,0.884,0.912,0.005
9,107,0.853,0.888,0.007
9,108,0.89,0.917,0.005
9,109,0.84,0.878,0.007
9,11,0.123,0.178,-0.05
9,110,0.777,0.826,0.011
9,111,0.792,0.839,0.01
9,112,0.991,0.994,0.0
9,113,0.736,0.792,0.013
9,114,0.869,0.901,0.006
9,115,0.914,0.936,0.004
9,116,0.837,0.875,0.008
9,117,0.633,0.704,0.018
9,118,0.679,0.744,0.016
9,119,0.808,0.851,0.009
9,12,0.404,0.488,-0.027
9,120,0.775,0.825,0.011
9,121,0.962,0.972,-0.002
9,122,0.993,0.995,0.0
9,123,0.671,0.737,0.016
9,124,0.646,0.715,0.018
9,125,0.792,0.839,0.01
9,126,0.717,0.776,0.014
9,127,0.816,0.858,0.009
9,128,0.606,0.679,0.02
9,129,0.915,0.936,0.004
9,13,0.255,0.331,-0.036
9,130,0.875,0.905,0.006
9,131,0.93,0.947,0.003
9,132,0.774,0.824,0.011
9,133,0.754,0.807,0.012
9,134,0.794,0.84,0.01
9,135,0.743,0.798,0.013
9,136,0.904,0.928,0.005
9,137,0.929,0.947,-0.003
9,138,0.889,0.916,0.005
9,139,0.858,0.892,0.007
9,14,0.317,0.398,-0.032
9,140,0.81,0.853,0.009
9,141,0.782,0.83,0.011
9,142,0.938,0.953,0.003
9,143,0.946,0.959,-0.003
9,144,0.813,0.856,-0.009
9,145,0.767,0.818,-0.012
9,146,0.872,0.903,-0.006
9,147,0.957,0.968,-0.002
9,148,0.959,0.97,-0.002
9,149,0.956,0.967,-0.002
9,15,0.268,0.345,-0.035
9,150,0.682,0.746,0.016
9,151,0.627,0.698,0.019
9,152,0.717,0.776,0.014
9,153,0.762,0.814,0.012
9,154,0.831,0.871,0.008
9,155,0.932,0.949,0.003
9,156,0.898,0.923,-0.005
9,157,0.916,0.937,0.004
9,158,0.894,0.92,0.005
9,159,0.982,0.987,-0.001
9,16,0.368,0.451,-0.028
9,160,0.988,0.991,-0.001
9,161,0.916,0.937,0.004
9,162,0.979,0.984,0.001
9,163,0.759,0.812,0.012
9,164,0.639,0.708,0.019
9,165,0.57,0.646,0.023
9,166,0.653,0.721,0.018
9,167,0.389,0.473,0.035
9,168,0.441,0.524,0.031
9,169,0.331,0.413,0.04
9,17,0.363,0.446,-0.028
9,170,0.429,0.512,0.032
9,171,0.287,0.366,0.044
9,172,0.491,0.573,0.028
9,173,0.404,0.488,0.034
9,174,0.596,0.67,0.022
9,175,0.404,0.487,0.034
9,176,0.613,0.685,0.021
9,177,0.715,0.775,0.015
9,178,0.623,0.694,0.02
9,179,0.715,0.774,0.015
9,18,0.543,0.622,-0.019
9,180,0.793,0.84,0.011
9,181,0.715,0.774,0.015
9,182,0.629,0.699,0.02
9,183,0.622,0.693,0.021
9,184,0.809,0.852,0.01
9,185,0.863,0.895,0.007
9,186,0.743,0.798,0.014
9,187,0.761,0.813,0.013
9,188,0.721,0.78,0.016
9,189,0.663,0.729,0.019
9,19,0.447,0.53,-0.024
9,190,0.709,0.769,0.016
9,191,0.695,0.757,0.017
9,192,0.946,0.96,0.003
9,193,0.831,0.87,0.01
9,194,0.828,0.868,0.01
9,195,0.774,0.824,0.013
9,196,0.712,0.772,0.017
9,197,0.637,0.707,0.022
9,198,0.592,0.666,0.025
9,199,0.563,0.64,0.027
9,20,0.427,0.51,-0.025
9,200,0.598,0.672,0.025
9,201,0.643,0.712,0.022
9,202,0.573,0.649,0.027
9,203,0.47,0.552,0.035
9,204,0.597,0.671,0.026
9,205,0.777,0.826,0.014
9,206,0.558,0.635,0.029
9,207,0.684,0.748,0.02
9,208,0.543,0.622,0.03
9,209,0.48,0.562,0.035
9,21,0.379,0.462,-0.028
9,210,0.42,0.503,0.041
9,211,0.363,0.446,0.046
9,212,0.386,0.469,0.044
9,213,0.443,0.526,0.039
9,214,0.303,0.383,0.053
9,215,0.329,0.411,0.051
9,216,0.343,0.425,0.05
9,217,0.347,0.429,0.05
9,218,0.404,0.487,0.044
9,219,0.442,0.525,0.041
9,22,0.458,0.541,-0.023
9,220,0.292,0.372,0.057
9,221,0.381,0.464,0.047
9,222,0.479,0.561,0.039
9,223,0.415,0.499,0.045
9,224,0.226,0.299,0.067
9,225,0.418,0.501,0.045
9,226,0.332,0.413,0.054
9,227,0.423,0.506,0.045
9,228,0.335,0.417,0.054
9,229,0.235,0.309,0.067
9,23,0.408,0.491,-0.026
9,230,0.431,0.514,0.045
9,231,0.438,0.521,0.044
9,232,0.425,0.508,0.046
9,233,0.476,0.558,0.041
9,234,0.349,0.431,0.054
9,235,0.31,0.391,0.059
9,236,0.337,0.419,0.056
9,237,0.293,0.372,0.061
9,238,0.339,0.421,0.056
9,239,0.42,0.503,0.047
9,24,0.394,0.477,-0.027
9,240,0.272,0.35,0.065
9,241,0.224,0.297,0.072
9,242,0.311,0.391,0.06
9,243,0.308,0.389,0.061
9,244,0.299,0.379,0.062
9,245,0.275,0.352,0.066
9,246,0.266,0.343,0.068
9,247,0.286,0.365,0.066
9,248,0.267,0.344,0.069
9,249,0.227,0.3,0.075
9,25,0.197,0.267,-0.04
9,250,0.211,0.282,0.078
9,251,0.184,0.25,0.084
9,26,0.23,0.303,-0.037
9,27,0.401,0.485,-0.026
9,28,0.134,0.191,-0.047
9,29,0.26,0.336,-0.035
9,30,0.266,0.343,-0.035
9,31,0.199,0.269,-0.04
9,32,0.237,0.311,-0.037
9,33,0.434,0.517,-0.024
9,34,0.538,0.617,-0.019
9,35,0.552,0.63,-0.019
9,36,0.36,0.443,-0.029
9,37,0.46,0.542,-0.023
9,38,0.535,0.614,-0.02
9,39,0.376,0.459,-0.028
9,40,0.544,0.623,-0.019
9,41,0.549,0.627,-0.019
9,42,0.454,0.537,-0.024
9,43,0.593,0.668,-0.017
9,44,0.563,0.64,-0.018
9,45,0.602,0.675,-0.017
9,46,0.359,0.442,-0.029
9,47,0.361,0.443,-0.029
9,48,0.453,0.536,-0.024
9,49,0.475,0.557,-0.023
9,50,0.565,0.642,-0.018
9,51,0.714,0.774,-0.012
9,52,0.369,0.452,-0.029
9,53,0.665,0.731,-0.014
9,54,0.531,0.61,-0.02
9,55,0.532,0.612,-0.02
9,56,0.573,0.649,-0.018
9,57,0.388,0.472,-0.028
9,58,0.524,0.604,-0.021
9,59,0.695,0.757,-0.013
9,60,0.503,0.584,-0.022
9,61,0.64,0.709,-0.015
9,62,0.831,0.87,-0.007
9,63,0.609,0.682,-0.017
9,64,0.685,0.749,-0.013
9,65,0.85,0.885,-0.006
9,66,0.896,0.921,-0.004
9,67,0.795,0.841,0.009
9,68,0.988,0.991,0.001
9,69,0.642,0.711,0.015
9,7,0.111,0.163,-0.053
9,70,0.551,0.629,0.02
9,71,0.741,0.797,0.011
9,72,0.638,0.707,0.016
9,73,0.687,0.75,0.014
9,74,0.708,0.768,0.013
9,75,0.486,0.568,0.024
9,76,0.704,0.765,0.013
9,77,0.592,0.667,0.018
9,78,0.828,0.868,0.007
9,79,0.857,0.891,0.006
9,8,0.239,0.313,-0.039
9,80,0.908,0.93,0.004
9,81,0.887,0.915,0.005
9,82,0.671,0.737,0.015
9,83,1.0,1.0,0.0
9,84,0.915,0.936,0.004
9,85,0.978,0.983,-0.001
9,86,0.839,0.877,0.007
9,87,0.82,0.861,0.008
9,88,0.78,0.829,0.01
9,89,0.744,0.799,-0.012
9,9,0.116,0.169,-0.052
9,90,0.968,0.976,-0.001
9,91,0.858,0.892,0.006
9,92,0.874,0.904,0.006
9,93,0.956,0.967,-0.002
9,94,0.933,0.95,0.003
9,95,0.987,0.99,0.001
9,96,0.839,0.877,0.007
9,97,0.92,0.94,0.004
9,98,0.72,0.778,0.013
9,99,0.95,0.963,0.002
90,10,0.162,0.225,-0.049
90,100,0.936,0.952,0.004
90,101,0.964,0.973,-0.002
90,102,0.955,0.967,-0.002
90,103,0.845,0.882,-0.009
90,104,0.929,0.947,-0.004
90,105,0.928,0.946,-0.004
90,106,0.765,0.817,-0.013
90,107,0.922,0.942,-0.004
90,108,0.987,0.991,-0.001
90,109,0.954,0.966,0.003
90,11,0.364,0.447,-0.032
90,110,0.981,0.986,0.001
90,111,0.976,0.982,0.001
90,112,0.996,0.997,-0.0
90,113,0.928,0.946,-0.004
90,114,0.936,0.952,-0.004
90,115,0.703,0.764,-0.017
90,116,0.677,0.742,-0.019
90,117,0.707,0.767,-0.017
90,118,0.772,0.822,-0.013
90,119,0.787,0.835,-0.012
90,12,0.304,0.384,-0.035
90,120,0.848,0.884,-0.009
90,121,0.976,0.983,-0.001
90,122,0.955,0.966,-0.003
90,123,0.869,0.901,-0.007
90,124,0.854,0.889,-0.008
90,125,0.77,0.82,-0.013
90,126,0.781,0.829,-0.013
90,127,0.649,0.717,-0.021
90,128,0.51,0.591,-0.03
90,129,0.66,0.727,-0.02
90,13,0.206,0.276,-0.043
90,130,0.704,0.765,-0.017
90,131,0.687,0.751,-0.018
90,132,0.67,0.735,-0.019
90,133,0.521,0.601,-0.029
90,134,0.598,0.672,-0.024
90,135,0.652,0.72,-0.02
90,136,0.693,0.755,-0.018
90,137,0.841,0.878,-0.009
90,138,0.769,0.819,-0.013
90,139,0.842,0.879,-0.009
90,14,0.119,0.173,-0.053
90,140,0.641,0.71,-0.021
90,141,0.705,0.766,-0.017
90,142,0.626,0.697,-0.022
90,143,0.463,0.545,-0.033
90,144,0.483,0.564,-0.032
90,145,0.512,0.593,-0.03
90,146,0.765,0.816,-0.014
90,147,0.752,0.806,-0.015
90,148,0.888,0.915,-0.006
90,149,0.623,0.694,-0.023
90,15,0.213,0.284,-0.042
90,150,0.809,0.852,-0.011
90,151,0.774,0.824,-0.013
90,152,0.479,0.561,-0.033
90,153,0.621,0.692,-0.023
90,154,0.775,0.825,-0.013
90,155,0.826,0.866,-0.01
90,156,0.847,0.883,-0.009
90,157,0.734,0.79,-0.016
90,158,0.804,0.848,-0.012
90,159,0.875,0.905,-0.007
90,16,0.287,0.366,-0.036
90,160,0.978,0.984,0.001
90,161,0.868,0.9,-0.008
90,162,0.795,0.841,-0.012
90,163,0.645,0.714,-0.022
90,164,0.87,0.901,-0.008
90,165,0.852,0.887,-0.009
90,166,0.691,0.753,-0.019
90,167,0.702,0.763,-0.018
90,168,0.655,0.722,-0.021
90,169,0.72,0.779,-0.017
90,17,0.219,0.291,-0.042
90,170,0.666,0.733,-0.02
90,171,0.632,0.702,-0.023
90,172,0.651,0.719,-0.021
90,173,0.728,0.786,-0.016
90,174,0.676,0.741,-0.02
90,175,0.947,0.96,-0.003
90,176,0.867,0.898,-0.008
90,177,0.799,0.844,-0.012
90,178,0.667,0.733,-0.02
90,179,0.779,0.828,-0.013
90,18,0.209,0.279,-0.043
90,180,0.78,0.829,-0.013
90,181,0.829,0.869,-0.01
90,182,0.932,0.949,-0.004
90,183,0.818,0.86,-0.011
90,184,0.951,0.963,-0.003
90,185,0.892,0.918,0.006
90,186,0.96,0.97,0.002
90,187,0.795,0.841,0.012
90,188,0.772,0.822,0.013
90,189,0.76,0.812,0.014
90,19,0.184,0.251,-0.045
90,190,0.996,0.997,-0.0
90,191,0.919,0.939,0.005
90,192,0.86,0.893,0.008
90,193,0.619,0.691,0.022
90,194,0.607,0.68,0.023
90,195,0.517,0.597,0.029
90,196,0.525,0.605,0.029
90,197,0.628,0.699,0.022
90,198,0.45,0.533,0.034
90,199,0.535,0.614,0.028
90,20,0.347,0.429,-0.032
90,200,0.542,0.62,0.027
90,201,0.432,0.515,0.035
90,202,0.542,0.621,0.027
90,203,0.558,0.636,0.026
90,204,0.52,0.6,0.029
90,205,0.56,0.638,0.026
90,206,0.617,0.689,0.022
90,207,0.676,0.741,0.019
90,208,0.592,0.666,0.024
90,209,0.683,0.747,0.018
90,21,0.174,0.239,-0.046
90,210,0.614,0.686,0.023
90,211,0.713,0.773,0.017
90,212,0.732,0.789,0.016
90,213,0.653,0.721,0.021
90,214,0.476,0.558,0.033
90,215,0.512,0.592,0.03
90,216,0.351,0.433,0.044
90,217,0.416,0.499,0.038
90,218,0.411,0.495,0.039
90,219,0.188,0.255,0.062
90,22,0.283,0.361,-0.037
90,220,0.325,0.406,0.047
90,221,0.249,0.325,0.056
90,222,0.296,0.376,0.051
90,223,0.257,0.334,0.055
90,224,0.235,0.309,0.059
90,225,0.241,0.316,0.059
90,226,0.261,0.338,0.057
90,227,0.202,0.272,0.065
90,228,0.299,0.378,0.054
90,229,0.263,0.34,0.058
90,23,0.313,0.393,-0.034
90,230,0.299,0.379,0.055
90,231,0.248,0.324,0.062
90,232,0.213,0.285,0.067
90,233,0.329,0.41,0.053
90,234,0.35,0.432,0.052
90,235,0.321,0.402,0.056
90,236,0.372,0.455,0.051
90,237,0.524,0.604,0.037
90,238,0.307,0.387,0.059
90,239,0.346,0.428,0.055
90,24,0.272,0.35,-0.037
90,240,0.316,0.397,0.06
90,241,0.392,0.475,0.052
90,242,0.297,0.376,0.064
90,243,0.425,0.508,0.049
90,244,0.481,0.563,0.044
90,245,0.337,0.418,0.061
90,246,0.347,0.429,0.06
90,247,0.462,0.544,0.047
90,248,0.371,0.454,0.058
90,249,0.444,0.527,0.05
90,25,0.324,0.405,-0.034
90,250,0.313,0.393,0.067
90,251,0.417,0.5,0.054
90,26,0.383,0.466,-0.03
90,27,0.346,0.428,-0.032
90,28,0.312,0.393,-0.035
90,29,0.366,0.449,-0.031
90,30,0.249,0.325,-0.039
90,31,0.276,0.354,-0.037
90,32,0.293,0.373,-0.036
90,33,0.197,0.266,-0.044
90,34,0.321,0.402,-0.034
90,35,0.265,0.342,-0.039
90,36,0.308,0.389,-0.035
90,37,0.238,0.313,-0.041
90,38,0.322,0.404,-0.035
90,39,0.233,0.307,-0.042
90,40,0.223,0.296,-0.043
90,41,0.246,0.322,-0.041
90,42,0.391,0.475,-0.031
90,43,0.375,0.458,-0.032
90,44,0.423,0.506,-0.029
90,45,0.448,0.531,-0.027
90,46,0.396,0.479,-0.031
90,47,0.48,0.562,-0.026
90,48,0.442,0.525,-0.028
90,49,0.469,0.551,-0.027
90,50,0.363,0.446,-0.034
90,51,0.486,0.568,-0.026
90,52,0.424,0.507,-0.03
90,53,0.615,0.687,-0.019
90,54,0.615,0.687,-0.019
90,55,0.987,0.99,-0.001
90,56,0.648,0.716,-0.018
90,57,0.746,0.801,-0.012
90,58,0.753,0.806,-0.012
90,59,0.681,0.746,-0.016
90,60,0.9,0.925,-0.005
90,61,0.839,0.877,-0.008
90,62,0.634,0.704,-0.019
90,63,0.595,0.669,-0.021
90,64,0.72,0.778,-0.014
90,65,0.726,0.783,-0.014
90,66,0.903,0.927,-0.005
90,67,0.684,0.748,-0.017
90,68,0.822,0.863,-0.009
90,69,0.666,0.732,-0.018
90,7,0.155,0.217,-0.051
90,70,0.559,0.636,-0.024
90,71,0.627,0.698,-0.02
90,72,0.472,0.554,-0.03
90,73,0.86,0.893,-0.007
90,74,0.954,0.966,-0.002
90,75,0.834,0.873,-0.009
90,76,0.687,0.75,-0.017
90,77,0.687,0.75,-0.017
90,78,0.815,0.857,-0.01
90,79,0.828,0.868,-0.009
90,8,0.249,0.325,-0.041
90,80,0.976,0.982,-0.001
90,81,0.927,0.945,0.004
90,82,0.874,0.904,-0.007
90,83,0.847,0.883,-0.008
90,84,0.888,0.915,-0.006
90,85,0.876,0.905,-0.007
90,86,0.966,0.975,-0.002
90,87,0.96,0.971,0.002
90,88,0.962,0.972,-0.002
90,89,0.998,0.999,0.0
90,9,0.198,0.267,-0.045
90,90,0.983,0.988,-0.001
90,91,0.867,0.898,-0.007
90,92,0.801,0.846,-0.011
90,93,0.723,0.781,-0.016
90,94,0.963,0.972,-0.002
90,95,0.946,0.96,-0.003
90,96,0.976,0.982,0.001
90,97,0.859,0.893,-0.008
90,98,0.716,0.775,-0.016
90,99,0.809,0.853,-0.011
91,10,0.206,0.276,-0.044
91,100,0.872,0.903,-0.007
91,101,0.934,0.951,0.004
91,102,0.865,0.897,0.008
91,103,0.885,0.913,0.006
91,104,0.993,0.994,-0.0
91,105,0.784,0.832,-0.012
91,106,0.971,0.978,-0.002
91,107,0.945,0.959,0.003
91,108,0.827,0.867,0.01
91,109,0.886,0.913,0.006
91,11,0.331,0.412,-0.034
91,110,0.87,0.901,0.007
91,111,0.865,0.897,0.008
91,112,0.839,0.876,0.009
91,113,0.833,0.872,0.009
91,114,0.959,0.97,0.002
91,115,0.953,0.965,0.003
91,116,0.772,0.822,-0.013
91,117,0.838,0.876,-0.009
91,118,0.849,0.884,-0.009
91,119,0.772,0.822,-0.013
91,12,0.456,0.539,-0.026
91,120,0.834,0.873,-0.009
91,121,0.884,0.912,-0.007
91,122,0.943,0.957,-0.003
91,123,0.816,0.858,-0.011
91,124,0.99,0.993,-0.001
91,125,0.892,0.919,-0.006
91,126,0.849,0.884,-0.009
91,127,0.879,0.908,-0.007
91,128,0.902,0.926,-0.006
91,129,0.914,0.936,0.005
91,13,0.372,0.455,-0.03
91,130,0.976,0.982,0.001
91,131,0.792,0.838,-0.012
91,132,0.897,0.922,-0.006
91,133,0.867,0.899,-0.008
91,134,0.983,0.987,-0.001
91,135,0.93,0.947,0.004
91,136,0.909,0.932,0.005
91,137,0.983,0.987,-0.001
91,138,0.902,0.926,0.006
91,139,0.948,0.961,-0.003
91,14,0.278,0.356,-0.037
91,140,0.949,0.962,-0.003
91,141,0.918,0.938,0.005
91,142,0.913,0.934,-0.005
91,143,0.957,0.968,-0.003
91,144,0.949,0.962,-0.003
91,145,0.861,0.894,-0.008
91,146,0.784,0.832,-0.013
91,147,0.756,0.809,-0.014
91,148,0.762,0.814,-0.014
91,149,0.61,0.683,-0.024
91,15,0.36,0.443,-0.031
91,150,0.701,0.762,-0.018
91,151,0.642,0.711,-0.022
91,152,0.819,0.86,-0.011
91,153,0.943,0.957,-0.003
91,154,0.754,0.807,-0.015
91,155,0.966,0.975,-0.002
91,156,0.908,0.931,-0.005
91,157,0.999,1.0,0.0
91,158,0.944,0.958,-0.003
91,159,0.99,0.993,-0.001
91,16,0.281,0.359,-0.037
91,160,0.974,0.981,0.002
91,161,0.947,0.96,-0.003
91,162,0.927,0.945,-0.004
91,163,0.848,0.884,-0.009
91,164,0.989,0.992,0.001
91,165,0.915,0.936,-0.005
91,166,0.902,0.926,0.006
91,167,0.939,0.955,-0.004
91,168,0.981,0.986,-0.001
91,169,0.956,0.967,-0.003
91,17,0.248,0.323,-0.039
91,170,0.878,0.907,0.007
91,171,0.995,0.996,0.0
91,172,0.903,0.927,-0.006
91,173,0.937,0.953,0.004
91,174,0.817,0.859,0.011
91,175,0.713,0.773,0.017
91,176,0.721,0.78,0.017
91,177,0.616,0.688,0.023
91,178,0.634,0.704,0.022
91,179,0.867,0.899,0.008
91,18,0.231,0.304,-0.041
91,180,0.862,0.895,0.008
91,181,0.791,0.837,0.012
91,182,0.786,0.834,0.013
91,183,0.803,0.847,0.012
91,184,0.613,0.685,0.023
91,185,0.535,0.614,0.029
91,186,0.612,0.685,0.023
91,187,0.648,0.717,0.021
91,188,0.573,0.649,0.026
91,189,0.847,0.883,0.009
91,19,0.272,0.35,-0.037
91,190,0.568,0.645,0.026
91,191,0.48,0.562,0.032
91,192,0.411,0.494,0.037
91,193,0.472,0.555,0.032
91,194,0.477,0.559,0.032
91,195,0.608,0.681,0.023
91,196,0.465,0.548,0.033
91,197,0.595,0.669,0.024
91,198,0.609,0.682,0.023
91,199,0.499,0.58,0.03
91,20,0.351,0.433,-0.032
91,200,0.39,0.473,0.039
91,201,0.431,0.514,0.035
91,202,0.459,0.541,0.033
91,203,0.472,0.555,0.032
91,204,0.352,0.434,0.042
91,205,0.326,0.407,0.044
91,206,0.314,0.394,0.046
91,207,0.443,0.526,0.035
91,208,0.458,0.54,0.034
91,209,0.457,0.539,0.034
91,21,0.125,0.18,-0.052
91,210,0.588,0.663,0.025
91,211,0.495,0.577,0.031
91,212,0.616,0.688,0.023
91,213,0.569,0.645,0.026
91,214,0.483,0.565,0.032
91,215,0.435,0.518,0.036
91,216,0.702,0.763,0.018
91,217,0.707,0.767,0.018
91,218,0.54,0.618,0.029
91,219,0.487,0.569,0.033
91,22,0.11,0.162,-0.054
91,220,0.558,0.636,0.028
91,221,0.462,0.545,0.036
91,222,0.54,0.619,0.03
91,223,0.451,0.533,0.038
91,224,0.423,0.506,0.04
91,225,0.351,0.433,0.047
91,226,0.374,0.457,0.046
91,227,0.464,0.546,0.038
91,228,0.267,0.344,0.058
91,229,0.132,0.189,0.08
91,23,0.189,0.257,-0.045
91,230,0.214,0.285,0.067
91,231,0.285,0.364,0.058
91,232,0.244,0.319,0.064
91,233,0.29,0.369,0.059
91,234,0.226,0.299,0.068
91,235,0.194,0.262,0.074
91,236,0.358,0.441,0.053
91,237,0.235,0.309,0.069
91,238,0.244,0.319,0.069
91,239,0.313,0.394,0.06
91,24,0.195,0.264,-0.044
91,240,0.419,0.502,0.049
91,241,0.271,0.348,0.067
91,242,0.407,0.491,0.051
91,243,0.445,0.528,0.047
91,244,0.295,0.374,0.066
91,245,0.29,0.37,0.067
91,246,0.344,0.426,0.061
91,247,0.472,0.555,0.046
91,248,0.378,0.461,0.058
91,249,0.423,0.506,0.053
91,25,0.293,0.373,-0.036
91,250,0.457,0.539,0.049
91,251,0.399,0.482,0.056
91,26,0.293,0.372,-0.036
91,27,0.355,0.437,-0.032
91,28,0.23,0.304,-0.041
91,29,0.22,0.292,-0.042
91,30,0.224,0.296,-0.042
91,31,0.292,0.371,-0.036
91,32,0.21,0.281,-0.043
91,33,0.227,0.301,-0.042
91,34,0.174,0.24,-0.047
91,35,0.152,0.213,-0.05
91,36,0.189,0.257,-0.046
91,37,0.169,0.234,-0.048
91,38,0.09,0.136,-0.059
91,39,0.149,0.21,-0.051
91,40,0.163,0.226,-0.049
91,41,0.147,0.207,-0.051
91,42,0.1,0.149,-0.058
91,43,0.103,0.153,-0.058
91,44,0.145,0.205,-0.052
91,45,0.291,0.37,-0.038
91,46,0.176,0.242,-0.049
91,47,0.155,0.217,-0.052
91,48,0.35,0.432,-0.034
91,49,0.271,0.349,-0.04
91,50,0.193,0.262,-0.048
91,51,0.271,0.349,-0.041
91,52,0.363,0.445,-0.034
91,53,0.532,0.612,-0.023
91,54,0.54,0.618,-0.023
91,55,0.497,0.578,-0.026
91,56,0.611,0.683,-0.019
91,57,0.407,0.491,-0.032
91,58,0.439,0.522,-0.03
91,59,0.637,0.706,-0.018
91,60,0.571,0.647,-0.022
91,61,0.599,0.672,-0.021
91,62,0.674,0.739,-0.017
91,63,0.626,0.697,-0.019
91,64,0.678,0.742,-0.017
91,65,0.805,0.849,-0.01
91,66,0.772,0.822,-0.012
91,67,0.758,0.81,-0.013
91,68,0.975,0.981,-0.001
91,69,0.997,0.998,-0.0
91,7,0.3,0.38,-0.037
91,70,0.814,0.856,-0.01
91,71,0.946,0.96,-0.003
91,72,0.712,0.772,-0.015
91,73,0.986,0.99,-0.001
91,74,0.919,0.939,-0.004
91,75,0.794,0.84,-0.011
91,76,0.752,0.806,-0.013
91,77,0.778,0.827,-0.012
91,78,0.888,0.915,-0.006
91,79,0.914,0.936,-0.005
91,8,0.444,0.527,-0.027
91,80,0.89,0.916,-0.006
91,81,0.708,0.768,-0.016
91,82,0.547,0.625,-0.026
91,83,0.837,0.875,-0.009
91,84,0.863,0.895,-0.008
91,85,0.849,0.884,-0.008
91,86,0.857,0.891,-0.008
91,87,0.752,0.805,-0.014
91,88,0.921,0.941,-0.004
91,89,0.898,0.923,-0.006
91,9,0.28,0.359,-0.038
91,90,0.92,0.94,0.004
91,91,0.804,0.849,0.011
91,92,0.935,0.952,-0.004
91,93,0.848,0.884,-0.008
91,94,0.773,0.823,-0.013
91,95,0.88,0.909,-0.007
91,96,0.979,0.985,-0.001
91,97,0.852,0.887,-0.008
91,98,0.792,0.839,-0.012
91,99,0.805,0.849,-0.011
92,10,0.67,0.736,-0.015
92,100,0.82,0.861,-0.01
92,101,0.953,0.965,0.003
92,102,0.913,0.935,0.005
92,103,0.791,0.838,0.012
92,104,0.755,0.808,0.014
92,105,0.848,0.884,0.009
92,106,0.953,0.965,0.003
92,107,0.861,0.894,0.008
92,108,0.864,0.897,0.008
92,109,0.682,0.746,0.018
92,11,0.515,0.595,-0.023
92,110,0.856,0.89,0.008
92,111,0.861,0.894,0.008
92,112,0.786,0.834,0.012
92,113,0.943,0.958,0.003
92,114,0.711,0.771,0.017
92,115,0.783,0.831,0.012
92,116,0.729,0.786,0.016
92,117,0.712,0.772,0.017
92,118,0.793,0.839,0.012
92,119,0.639,0.709,0.021
92,12,0.77,0.821,-0.01
92,120,0.828,0.868,0.01
92,121,0.891,0.918,0.006
92,122,0.764,0.816,0.014
92,123,0.906,0.929,0.005
92,124,0.908,0.931,0.005
92,125,0.832,0.871,-0.01
92,126,0.901,0.925,-0.006
92,127,0.893,0.919,-0.006
92,128,0.891,0.917,-0.006
92,129,0.789,0.836,-0.012
92,13,0.696,0.758,-0.013
92,130,0.873,0.903,-0.007
92,131,0.777,0.826,-0.013
92,132,0.556,0.634,-0.027
92,133,0.558,0.636,-0.027
92,134,0.73,0.787,-0.016
92,135,0.786,0.833,-0.013
92,136,0.898,0.923,-0.006
92,137,0.688,0.751,-0.019
92,138,0.86,0.893,-0.008
92,139,0.868,0.899,-0.008
92,14,0.489,0.571,-0.024
92,140,0.657,0.724,-0.021
92,141,0.783,0.831,-0.013
92,142,0.684,0.748,-0.019
92,143,0.712,0.772,-0.017
92,144,0.873,0.904,-0.007
92,145,0.939,0.954,-0.004
92,146,0.646,0.715,-0.021
92,147,0.653,0.721,-0.021
92,148,0.702,0.763,-0.018
92,149,0.546,0.625,-0.028
92,15,0.69,0.753,-0.014
92,150,0.718,0.776,-0.017
92,151,0.807,0.851,-0.011
92,152,0.701,0.763,-0.018
92,153,0.607,0.68,-0.024
92,154,0.722,0.781,-0.017
92,155,0.832,0.871,-0.01
92,156,0.779,0.828,-0.013
92,157,0.723,0.781,-0.017
92,158,0.788,0.835,-0.013
92,159,0.799,0.844,-0.012
92,16,0.433,0.516,-0.027
92,160,0.688,0.751,-0.019
92,161,0.581,0.657,-0.026
92,162,0.744,0.799,-0.015
92,163,0.9,0.925,-0.006
92,164,0.688,0.752,-0.019
92,165,0.614,0.686,-0.024
92,166,0.866,0.898,-0.008
92,167,0.924,0.943,-0.004
92,168,0.866,0.898,-0.008
92,169,0.904,0.928,-0.006
92,17,0.336,0.417,-0.033
92,170,0.766,0.817,-0.014
92,171,0.91,0.932,-0.005
92,172,0.984,0.988,0.001
92,173,0.836,0.874,0.01
92,174,0.797,0.843,0.012
92,175,0.986,0.989,-0.001
92,176,0.869,0.901,0.008
92,177,0.869,0.9,0.008
92,178,0.853,0.888,0.009
92,179,0.964,0.973,0.002
92,18,0.327,0.408,-0.033
92,180,0.889,0.916,-0.006
92,181,0.915,0.936,0.005
92,182,0.73,0.787,0.016
92,183,0.778,0.827,0.013
92,184,0.727,0.785,0.016
92,185,0.676,0.741,0.019
92,186,0.644,0.713,0.021
92,187,0.523,0.603,0.029
92,188,0.638,0.707,0.021
92,189,0.627,0.698,0.022
92,19,0.467,0.55,-0.025
92,190,0.56,0.637,0.026
92,191,0.473,0.555,0.032
92,192,0.611,0.683,0.023
92,193,0.502,0.583,0.03
92,194,0.722,0.78,0.016
92,195,0.594,0.668,0.024
92,196,0.53,0.61,0.028
92,197,0.553,0.63,0.027
92,198,0.434,0.517,0.035
92,199,0.739,0.794,0.015
92,20,0.128,0.184,-0.051
92,200,0.629,0.699,0.022
92,201,0.605,0.678,0.023
92,202,0.504,0.585,0.03
92,203,0.586,0.661,0.024
92,204,0.537,0.616,0.028
92,205,0.412,0.495,0.037
92,206,0.578,0.653,0.025
92,207,0.495,0.576,0.031
92,208,0.288,0.366,0.048
92,209,0.281,0.36,0.049
92,21,0.141,0.199,-0.05
92,210,0.16,0.223,0.064
92,211,0.165,0.229,0.064
92,212,0.164,0.228,0.064
92,213,0.316,0.396,0.047
92,214,0.326,0.407,0.046
92,215,0.185,0.252,0.063
92,216,0.244,0.319,0.055
92,217,0.25,0.325,0.055
92,218,0.134,0.192,0.072
92,219,0.251,0.327,0.056
92,22,0.155,0.217,-0.048
92,220,0.237,0.311,0.058
92,221,0.183,0.25,0.066
92,222,0.311,0.392,0.051
92,223,0.298,0.377,0.053
92,224,0.37,0.453,0.046
92,225,0.361,0.443,0.047
92,226,0.225,0.298,0.063
92,227,0.209,0.28,0.066
92,228,0.333,0.414,0.052
92,229,0.306,0.386,0.055
92,23,0.212,0.284,-0.042
92,230,0.197,0.266,0.07
92,231,0.313,0.394,0.056
92,232,0.328,0.409,0.055
92,233,0.289,0.368,0.06
92,234,0.299,0.378,0.059
92,235,0.353,0.435,0.054
92,236,0.372,0.455,0.052
92,237,0.365,0.448,0.053
92,238,0.358,0.44,0.055
92,239,0.259,0.335,0.068
92,24,0.277,0.355,-0.037
92,240,0.427,0.51,0.048
92,241,0.422,0.505,0.049
92,242,0.359,0.442,0.057
92,243,0.374,0.457,0.055
92,244,0.292,0.371,0.066
92,245,0.377,0.46,0.056
92,246,0.348,0.43,0.06
92,247,0.451,0.534,0.049
92,248,0.382,0.465,0.057
92,249,0.429,0.512,0.052
92,25,0.144,0.204,-0.049
92,250,0.475,0.557,0.047
92,251,0.457,0.54,0.049
92,26,0.128,0.184,-0.052
92,27,0.223,0.295,-0.041
92,28,0.141,0.2,-0.05
92,29,0.174,0.239,-0.046
92,30,0.181,0.248,-0.046
92,31,0.055,0.089,-0.066
92,32,0.159,0.222,-0.048
92,33,0.203,0.273,-0.044
92,34,0.075,0.116,-0.062
92,35,0.116,0.169,-0.055
92,36,0.112,0.163,-0.055
92,37,0.032,0.056,-0.075
92,38,0.113,0.165,-0.056
92,39,0.14,0.198,-0.052
92,40,0.184,0.251,-0.047
92,41,0.096,0.144,-0.059
92,42,0.158,0.22,-0.05
92,43,0.195,0.264,-0.046
92,44,0.335,0.416,-0.034
92,45,0.336,0.417,-0.035
92,46,0.423,0.506,-0.029
92,47,0.232,0.306,-0.043
92,48,0.502,0.583,-0.024
92,49,0.442,0.525,-0.028
92,50,0.433,0.516,-0.029
92,51,0.404,0.487,-0.031
92,52,0.326,0.408,-0.037
92,53,0.438,0.521,-0.029
92,54,0.562,0.64,-0.022
92,55,0.507,0.588,-0.025
92,56,0.684,0.748,-0.015
92,57,0.544,0.622,-0.023
92,58,0.548,0.626,-0.023
92,59,0.531,0.61,-0.024
92,60,0.493,0.574,-0.027
92,61,0.677,0.742,-0.016
92,62,0.638,0.708,-0.018
92,63,0.393,0.476,-0.034
92,64,0.597,0.671,-0.021
92,65,0.517,0.597,-0.026
92,66,0.438,0.521,-0.031
92,67,0.466,0.549,-0.029
92,68,0.669,0.735,-0.017
92,69,0.592,0.667,-0.022
92,7,0.339,0.421,-0.035
92,70,0.703,0.764,-0.016
92,71,0.48,0.562,-0.029
92,72,0.651,0.719,-0.019
92,73,0.601,0.674,-0.022
92,74,0.437,0.52,-0.032
92,75,0.511,0.591,-0.028
92,76,0.451,0.534,-0.032
92,77,0.938,0.954,-0.003
92,78,0.656,0.723,-0.019
92,79,0.856,0.89,-0.008
92,8,0.487,0.568,-0.025
92,80,0.862,0.895,-0.007
92,81,0.555,0.633,-0.025
92,82,0.729,0.786,-0.015
92,83,0.935,0.952,-0.004
92,84,0.889,0.916,-0.006
92,85,0.696,0.758,-0.017
92,86,0.8,0.845,-0.011
92,87,0.871,0.902,-0.007
92,88,0.954,0.965,0.003
92,89,0.857,0.891,-0.008
92,9,0.509,0.589,-0.024
92,90,0.982,0.986,0.001
92,91,0.939,0.954,-0.003
92,92,0.882,0.91,-0.007
92,93,0.984,0.988,-0.001
92,94,0.928,0.946,-0.004
92,95,0.999,0.999,0.0
92,96,0.835,0.874,0.009
92,97,0.939,0.954,0.003
92,98,0.919,0.939,-0.005
92,99,0.881,0.91,-0.007
93,10,0.629,0.7,-0.017
93,100,0.833,0.872,0.009
93,101,0.831,0.87,0.01
93,102,0.636,0.706,0.021
93,103,0.615,0.687,0.023
93,104,0.762,0.814,0.014
93,105,0.914,0.935,0.005
93,106,0.851,0.886,0.008
93,107,0.646,0.715,0.021
93,108,0.774,0.824,0.013
93,109,0.77,0.82,0.013
93,11,0.306,0.386,-0.035
93,110,0.798,0.844,0.012
93,111,0.701,0.762,0.017
93,112,0.861,0.894,0.008
93,113,0.893,0.919,0.006
93,114,0.949,0.962,-0.003
93,115,0.757,0.81,0.014
93,116,0.816,0.858,0.011
93,117,0.821,0.862,0.01
93,118,0.867,0.899,0.008
93,119,0.98,0.985,0.001
93,12,0.345,0.428,-0.032
93,120,0.879,0.908,-0.007
93,121,0.836,0.874,-0.01
93,122,0.951,0.963,-0.003
93,123,0.942,0.957,-0.003
93,124,0.973,0.98,-0.002
93,125,0.992,0.994,0.0
93,126,0.926,0.945,-0.004
93,127,0.901,0.925,-0.006
93,128,0.892,0.919,-0.006
93,129,0.857,0.891,-0.008
93,13,0.311,0.392,-0.034
93,130,1.0,1.0,-0.0
93,131,0.869,0.9,-0.008
93,132,0.832,0.871,-0.01
93,133,0.848,0.884,-0.009
93,134,0.995,0.996,0.0
93,135,0.889,0.916,-0.007
93,136,0.991,0.993,-0.001
93,137,0.941,0.956,0.003
93,138,0.94,0.955,-0.004
93,139,0.959,0.97,0.002
93,14,0.33,0.411,-0.033
93,140,0.941,0.956,0.003
93,141,0.952,0.965,-0.003
93,142,0.861,0.894,-0.008
93,143,0.721,0.78,-0.017
93,144,0.828,0.868,-0.01
93,145,0.713,0.773,-0.017
93,146,0.801,0.846,-0.012
93,147,0.713,0.773,-0.017
93,148,0.952,0.965,-0.003
93,149,0.972,0.979,-0.002
93,15,0.45,0.533,-0.026
93,150,0.959,0.97,-0.002
93,151,0.685,0.749,-0.019
93,152,0.664,0.731,-0.02
93,153,0.747,0.802,-0.015
93,154,0.743,0.798,-0.015
93,155,0.666,0.732,-0.02
93,156,0.753,0.806,-0.015
93,157,0.824,0.864,-0.01
93,158,0.902,0.926,-0.006
93,159,0.94,0.955,-0.004
93,16,0.347,0.429,-0.032
93,160,0.887,0.915,0.007
93,161,0.903,0.927,-0.006
93,162,0.87,0.901,-0.008
93,163,0.825,0.865,-0.01
93,164,0.941,0.956,-0.003
93,165,0.922,0.941,-0.005
93,166,0.931,0.948,-0.004
93,167,0.944,0.958,0.003
93,168,0.948,0.962,0.003
93,169,0.872,0.903,0.008
93,17,0.194,0.263,-0.044
93,170,0.878,0.908,0.007
93,171,0.871,0.902,0.008
93,172,0.993,0.994,0.0
93,173,0.989,0.992,-0.001
93,174,0.971,0.979,-0.002
93,175,0.906,0.929,-0.006
93,176,0.998,0.998,0.0
93,177,0.867,0.899,0.008
93,178,0.995,0.996,0.0
93,179,0.944,0.958,0.003
93,18,0.147,0.207,-0.049
93,180,0.749,0.803,0.015
93,181,0.834,0.872,0.01
93,182,0.826,0.866,0.01
93,183,0.996,0.997,-0.0
93,184,0.977,0.983,0.001
93,185,0.949,0.962,-0.003
93,186,0.827,0.867,0.01
93,187,0.826,0.866,0.01
93,188,0.941,0.956,-0.003
93,189,0.89,0.917,0.006
93,19,0.29,0.37,-0.036
93,190,0.843,0.88,0.009
93,191,0.854,0.889,0.008
93,192,0.738,0.794,0.015
93,193,0.631,0.701,0.022
93,194,0.685,0.749,0.018
93,195,0.787,0.834,0.012
93,196,0.738,0.794,0.015
93,197,0.588,0.663,0.024
93,198,0.738,0.793,0.015
93,199,0.65,0.718,0.02
93,20,0.256,0.332,-0.038
93,200,0.434,0.517,0.035
93,201,0.429,0.512,0.036
93,202,0.348,0.43,0.042
93,203,0.309,0.39,0.046
93,204,0.322,0.403,0.045
93,205,0.236,0.31,0.054
93,206,0.253,0.329,0.052
93,207,0.33,0.412,0.044
93,208,0.337,0.419,0.044
93,209,0.392,0.475,0.039
93,21,0.204,0.274,-0.043
93,210,0.363,0.445,0.042
93,211,0.297,0.377,0.048
93,212,0.381,0.464,0.041
93,213,0.311,0.392,0.048
93,214,0.273,0.35,0.052
93,215,0.383,0.467,0.042
93,216,0.441,0.524,0.037
93,217,0.446,0.529,0.037
93,218,0.401,0.484,0.041
93,219,0.467,0.549,0.036
93,22,0.208,0.279,-0.042
93,220,0.517,0.598,0.032
93,221,0.29,0.369,0.053
93,222,0.428,0.511,0.04
93,223,0.374,0.457,0.045
93,224,0.282,0.361,0.056
93,225,0.321,0.402,0.052
93,226,0.415,0.499,0.043
93,227,0.302,0.382,0.055
93,228,0.319,0.4,0.054
93,229,0.263,0.34,0.061
93,23,0.203,0.273,-0.043
93,230,0.245,0.32,0.064
93,231,0.353,0.435,0.052
93,232,0.294,0.373,0.059
93,233,0.209,0.28,0.071
93,234,0.314,0.395,0.058
93,235,0.285,0.364,0.062
93,236,0.26,0.337,0.066
93,237,0.278,0.356,0.064
93,238,0.283,0.362,0.064
93,239,0.33,0.411,0.059
93,24,0.156,0.218,-0.048
93,240,0.33,0.411,0.06
93,241,0.264,0.34,0.069
93,242,0.447,0.53,0.047
93,243,0.416,0.499,0.051
93,244,0.37,0.453,0.057
93,245,0.428,0.511,0.05
93,246,0.32,0.401,0.064
93,247,0.399,0.482,0.055
93,248,0.287,0.365,0.069
93,249,0.317,0.398,0.066
93,25,0.088,0.134,-0.057
93,250,0.254,0.33,0.076
93,251,0.234,0.307,0.079
93,26,0.251,0.327,-0.039
93,27,0.106,0.157,-0.054
93,28,0.176,0.242,-0.046
93,29,0.181,0.248,-0.045
93,30,0.131,0.188,-0.051
93,31,0.162,0.225,-0.047
93,32,0.198,0.268,-0.044
93,33,0.128,0.184,-0.052
93,34,0.057,0.092,-0.065
93,35,0.06,0.096,-0.064
93,36,0.097,0.145,-0.057
93,37,0.132,0.189,-0.052
93,38,0.067,0.106,-0.063
93,39,0.073,0.113,-0.062
93,40,0.072,0.113,-0.063
93,41,0.078,0.12,-0.061
93,42,0.156,0.218,-0.05
93,43,0.227,0.3,-0.043
93,44,0.127,0.183,-0.054
93,45,0.129,0.185,-0.054
93,46,0.197,0.265,-0.046
93,47,0.179,0.245,-0.048
93,48,0.198,0.267,-0.046
93,49,0.275,0.353,-0.039
93,50,0.238,0.312,-0.043
93,51,0.458,0.54,-0.027
93,52,0.382,0.465,-0.032
93,53,0.362,0.445,-0.034
93,54,0.478,0.56,-0.026
93,55,0.612,0.684,-0.019
93,56,0.52,0.6,-0.024
93,57,0.451,0.533,-0.028
93,58,0.437,0.52,-0.029
93,59,0.54,0.619,-0.023
93,60,0.549,0.627,-0.023
93,61,0.552,0.63,-0.023
93,62,0.521,0.601,-0.025
93,63,0.385,0.468,-0.034
93,64,0.391,0.474,-0.034
93,65,0.318,0.398,-0.039
93,66,0.421,0.504,-0.032
93,67,0.442,0.525,-0.031
93,68,0.486,0.568,-0.028
93,69,0.467,0.549,-0.029
93,7,0.489,0.57,-0.025
93,70,0.585,0.66,-0.022
93,71,0.456,0.538,-0.031
93,72,0.684,0.748,-0.017
93,73,0.455,0.538,-0.031
93,74,0.532,0.611,-0.026
93,75,0.379,0.462,-0.037
93,76,0.39,0.473,-0.036
93,77,0.667,0.733,-0.018
93,78,0.685,0.748,-0.017
93,79,0.492,0.573,-0.029
93,8,0.488,0.57,-0.025
93,80,0.372,0.455,-0.038
93,81,0.561,0.638,-0.025
93,82,0.513,0.593,-0.028
93,83,0.555,0.633,-0.025
93,84,0.743,0.798,-0.014
93,85,0.862,0.895,-0.008
93,86,0.851,0.886,-0.008
93,87,0.906,0.929,-0.005
93,88,0.826,0.866,-0.01
93,89,0.704,0.765,-0.017
93,9,0.24,0.314,-0.041
93,90,0.826,0.866,-0.01
93,91,0.695,0.757,-0.017
93,92,0.937,0.953,-0.004
93,93,0.98,0.985,-0.001
93,94,0.995,0.996,-0.0
93,95,0.843,0.88,0.009
93,96,0.889,0.916,0.006
93,97,0.855,0.889,0.008
93,98,0.972,0.979,0.002
93,99,0.938,0.953,0.004
94,10,0.322,0.403,-0.034
94,100,0.798,0.844,0.011
94,101,0.808,0.852,0.011
94,102,0.826,0.866,0.01
94,103,0.708,0.769,0.017
94,104,0.88,0.909,0.007
94,105,0.977,0.983,0.001
94,106,0.857,0.891,0.008
94,107,0.917,0.938,0.005
94,108,0.9,0.924,-0.006
94,109,0.862,0.895,-0.008
94,11,0.22,0.292,-0.042
94,110,0.963,0.972,-0.002
94,111,0.887,0.914,0.007
94,112,0.758,0.811,0.014
94,113,0.918,0.938,0.005
94,114,0.966,0.975,-0.002
94,115,0.881,0.91,-0.007
94,116,0.999,0.999,-0.0
94,117,0.935,0.951,0.004
94,118,0.871,0.902,-0.007
94,119,0.756,0.809,-0.014
94,12,0.268,0.345,-0.038
94,120,0.655,0.722,-0.021
94,121,0.519,0.599,-0.03
94,122,0.649,0.717,-0.021
94,123,0.66,0.727,-0.02
94,124,0.731,0.788,-0.016
94,125,0.776,0.826,-0.013
94,126,0.9,0.924,-0.006
94,127,0.955,0.966,-0.003
94,128,0.916,0.937,-0.005
94,129,0.738,0.794,-0.016
94,13,0.195,0.264,-0.044
94,130,0.655,0.722,-0.021
94,131,0.783,0.831,-0.013
94,132,0.718,0.777,-0.017
94,133,0.904,0.927,-0.006
94,134,0.923,0.942,-0.005
94,135,0.926,0.945,-0.004
94,136,0.864,0.896,-0.008
94,137,0.794,0.84,-0.012
94,138,0.658,0.725,-0.021
94,139,0.767,0.818,-0.014
94,14,0.178,0.244,-0.045
94,140,0.742,0.797,-0.015
94,141,0.615,0.687,-0.023
94,142,0.676,0.741,-0.02
94,143,0.665,0.731,-0.02
94,144,0.651,0.719,-0.021
94,145,0.545,0.623,-0.028
94,146,0.745,0.8,-0.015
94,147,0.592,0.666,-0.025
94,148,0.697,0.759,-0.018
94,149,0.643,0.712,-0.022
94,15,0.265,0.342,-0.037
94,150,0.488,0.57,-0.033
94,151,0.51,0.59,-0.031
94,152,0.409,0.492,-0.039
94,153,0.543,0.621,-0.029
94,154,0.59,0.664,-0.025
94,155,0.703,0.764,-0.018
94,156,0.823,0.864,-0.011
94,157,0.816,0.858,-0.011
94,158,0.854,0.888,-0.009
94,159,0.902,0.926,-0.006
94,16,0.228,0.301,-0.04
94,160,0.908,0.931,-0.005
94,161,0.703,0.764,-0.018
94,162,0.926,0.945,-0.004
94,163,0.885,0.913,-0.007
94,164,0.764,0.815,-0.014
94,165,0.742,0.797,-0.015
94,166,0.848,0.884,-0.009
94,167,0.832,0.871,-0.01
94,168,0.876,0.906,-0.007
94,169,0.899,0.924,-0.006
94,17,0.437,0.52,-0.026
94,170,0.897,0.922,-0.006
94,171,0.856,0.89,-0.008
94,172,0.778,0.827,-0.013
94,173,0.814,0.857,-0.011
94,174,0.665,0.731,-0.02
94,175,0.813,0.856,-0.011
94,176,0.911,0.933,-0.005
94,177,0.956,0.967,0.003
94,178,0.908,0.931,0.005
94,179,0.989,0.992,-0.001
94,18,0.297,0.377,-0.035
94,180,0.932,0.949,-0.004
94,181,0.959,0.969,-0.002
94,182,0.968,0.976,0.002
94,183,0.956,0.967,0.003
94,184,0.98,0.985,0.001
94,185,0.9,0.925,-0.006
94,186,0.961,0.971,0.002
94,187,0.777,0.826,0.013
94,188,0.864,0.896,0.008
94,189,0.881,0.91,0.007
94,19,0.397,0.481,-0.028
94,190,0.694,0.757,0.018
94,191,0.818,0.859,0.01
94,192,0.751,0.805,0.014
94,193,0.555,0.633,0.026
94,194,0.481,0.563,0.031
94,195,0.459,0.542,0.033
94,196,0.618,0.69,0.022
94,197,0.61,0.683,0.023
94,198,0.489,0.57,0.031
94,199,0.519,0.599,0.029
94,20,0.3,0.38,-0.034
94,200,0.449,0.532,0.034
94,201,0.404,0.488,0.037
94,202,0.288,0.367,0.048
94,203,0.268,0.345,0.05
94,204,0.221,0.293,0.056
94,205,0.229,0.302,0.055
94,206,0.274,0.352,0.05
94,207,0.274,0.352,0.05
94,208,0.343,0.425,0.044
94,209,0.191,0.259,0.06
94,21,0.226,0.298,-0.04
94,210,0.103,0.153,0.076
94,211,0.108,0.159,0.075
94,212,0.269,0.346,0.052
94,213,0.269,0.346,0.052
94,214,0.185,0.253,0.063
94,215,0.134,0.191,0.073
94,216,0.177,0.242,0.066
94,217,0.145,0.205,0.071
94,218,0.131,0.188,0.075
94,219,0.147,0.207,0.072
94,22,0.259,0.336,-0.038
94,220,0.17,0.235,0.069
94,221,0.12,0.175,0.079
94,222,0.078,0.121,0.091
94,223,0.077,0.12,0.092
94,224,0.12,0.174,0.082
94,225,0.078,0.12,0.094
94,226,0.09,0.137,0.091
94,227,0.087,0.133,0.093
94,228,0.158,0.22,0.077
94,229,0.154,0.215,0.079
94,23,0.291,0.37,-0.035
94,230,0.133,0.191,0.084
94,231,0.17,0.234,0.078
94,232,0.202,0.271,0.073
94,233,0.167,0.231,0.08
94,234,0.145,0.204,0.085
94,235,0.16,0.223,0.083
94,236,0.236,0.31,0.07
94,237,0.262,0.339,0.067
94,238,0.221,0.294,0.074
94,239,0.233,0.306,0.073
94,24,0.244,0.319,-0.039
94,240,0.281,0.359,0.066
94,241,0.439,0.522,0.048
94,242,0.343,0.425,0.059
94,243,0.289,0.368,0.067
94,244,0.317,0.397,0.063
94,245,0.303,0.383,0.066
94,246,0.207,0.277,0.081
94,247,0.311,0.392,0.065
94,248,0.254,0.33,0.074
94,249,0.271,0.348,0.072
94,25,0.191,0.259,-0.044
94,250,0.224,0.296,0.08
94,251,0.213,0.284,0.082
94,26,0.183,0.25,-0.044
94,27,0.221,0.294,-0.041
94,28,0.208,0.278,-0.042
94,29,0.123,0.178,-0.052
94,30,0.101,0.15,-0.055
94,31,0.15,0.211,-0.049
94,32,0.466,0.548,-0.025
94,33,0.317,0.398,-0.034
94,34,0.188,0.256,-0.045
94,35,0.207,0.278,-0.043
94,36,0.307,0.387,-0.035
94,37,0.331,0.413,-0.033
94,38,0.134,0.192,-0.052
94,39,0.18,0.246,-0.046
94,40,0.25,0.325,-0.04
94,41,0.183,0.249,-0.046
94,42,0.314,0.395,-0.035
94,43,0.285,0.363,-0.037
94,44,0.384,0.467,-0.03
94,45,0.205,0.275,-0.045
94,46,0.245,0.32,-0.041
94,47,0.575,0.651,-0.02
94,48,0.532,0.611,-0.022
94,49,0.306,0.386,-0.037
94,50,0.501,0.582,-0.024
94,51,0.51,0.59,-0.024
94,52,0.508,0.589,-0.024
94,53,0.469,0.552,-0.027
94,54,0.445,0.527,-0.028
94,55,0.436,0.519,-0.029
94,56,0.347,0.429,-0.035
94,57,0.504,0.585,-0.025
94,58,0.805,0.849,-0.009
94,59,0.541,0.62,-0.023
94,60,0.665,0.731,-0.017
94,61,0.601,0.674,-0.02
94,62,0.776,0.826,-0.011
94,63,0.884,0.912,-0.006
94,64,0.857,0.891,0.007
94,65,0.923,0.942,0.004
94,66,0.995,0.997,-0.0
94,67,0.984,0.988,0.001
94,68,0.776,0.825,0.011
94,69,0.765,0.816,0.012
94,7,0.381,0.464,-0.031
94,70,0.68,0.744,0.017
94,71,0.617,0.689,0.02
94,72,0.89,0.917,0.006
94,73,0.877,0.906,0.006
94,74,0.914,0.936,0.004
94,75,0.826,0.866,0.009
94,76,0.687,0.75,-0.017
94,77,0.778,0.827,-0.012
94,78,0.987,0.991,0.001
94,79,0.884,0.912,-0.006
94,8,0.278,0.356,-0.038
94,80,0.734,0.791,-0.014
94,81,0.72,0.779,-0.015
94,82,0.921,0.94,-0.004
94,83,0.979,0.984,-0.001
94,84,0.951,0.963,0.003
94,85,0.938,0.954,-0.003
94,86,0.734,0.79,-0.015
94,87,0.716,0.775,-0.016
94,88,0.856,0.89,-0.008
94,89,0.838,0.876,-0.009
94,9,0.29,0.369,-0.037
94,90,0.904,0.927,-0.005
94,91,0.934,0.95,-0.004
94,92,0.963,0.972,0.002
94,93,0.963,0.972,-0.002
94,94,0.997,0.998,0.0
94,95,0.952,0.965,-0.003
94,96,0.917,0.938,0.005
94,97,0.912,0.934,0.005
94,98,0.807,0.851,0.011
94,99,0.999,0.999,0.0
95,10,0.129,0.185,-0.052
95,100,0.903,0.927,0.005
95,101,0.903,0.927,-0.005
95,102,0.832,0.871,0.009
95,103,0.891,0.917,0.006
95,104,0.942,0.957,-0.003
95,105,0.909,0.931,-0.005
95,106,0.961,0.971,-0.002
95,107,0.928,0.946,-0.004
95,108,0.917,0.938,0.005
95,109,0.982,0.987,-0.001
95,11,0.184,0.252,-0.045
95,110,0.864,0.897,0.008
95,111,0.77,0.821,0.013
95,112,0.931,0.949,0.004
95,113,0.978,0.983,0.001
95,114,0.988,0.991,-0.001
95,115,0.937,0.953,0.004
95,116,0.738,0.794,-0.015
95,117,0.869,0.9,-0.008
95,118,0.86,0.893,-0.008
95,119,0.851,0.886,-0.009
95,12,0.183,0.25,-0.045
95,120,0.935,0.952,-0.004
95,121,0.775,0.825,-0.013
95,122,0.708,0.769,-0.017
95,123,0.803,0.848,-0.012
95,124,0.653,0.721,-0.021
95,125,0.649,0.717,-0.021
95,126,0.661,0.728,-0.02
95,127,0.685,0.749,-0.019
95,128,0.683,0.747,-0.019
95,129,0.743,0.798,-0.015
95,13,0.22,0.292,-0.041
95,130,0.752,0.806,-0.015
95,131,0.652,0.72,-0.021
95,132,0.563,0.64,-0.027
95,133,0.675,0.74,-0.02
95,134,0.681,0.745,-0.019
95,135,0.724,0.782,-0.017
95,136,0.671,0.736,-0.02
95,137,0.865,0.897,-0.008
95,138,0.667,0.733,-0.02
95,139,0.648,0.717,-0.021
95,14,0.089,0.135,-0.057
95,140,0.638,0.708,-0.022
95,141,0.532,0.611,-0.029
95,142,0.531,0.61,-0.029
95,143,0.743,0.798,-0.015
95,144,0.734,0.79,-0.016
95,145,0.714,0.774,-0.017
95,146,0.665,0.731,-0.02
95,147,0.639,0.709,-0.022
95,148,0.632,0.702,-0.023
95,149,0.535,0.614,-0.029
95,15,0.204,0.274,-0.043
95,150,0.618,0.69,-0.023
95,151,0.646,0.714,-0.022
95,152,0.701,0.762,-0.018
95,153,0.583,0.658,-0.026
95,154,0.56,0.637,-0.027
95,155,0.505,0.586,-0.031
95,156,0.58,0.655,-0.026
95,157,0.694,0.756,-0.019
95,158,0.522,0.602,-0.03
95,159,0.477,0.559,-0.033
95,16,0.13,0.187,-0.051
95,160,0.543,0.622,-0.029
95,161,0.536,0.615,-0.029
95,162,0.742,0.797,-0.015
95,163,0.568,0.645,-0.027
95,164,0.692,0.755,-0.019
95,165,0.557,0.634,-0.028
95,166,0.544,0.623,-0.028
95,167,0.703,0.764,-0.018
95,168,0.632,0.702,-0.022
95,169,0.582,0.658,-0.026
95,17,0.164,0.227,-0.047
95,170,0.682,0.746,-0.019
95,171,0.697,0.759,-0.018
95,172,0.783,0.832,-0.013
95,173,0.7,0.762,-0.018
95,174,0.555,0.633,-0.027
95,175,0.638,0.708,-0.022
95,176,0.625,0.696,-0.023
95,177,0.544,0.622,-0.028
95,178,0.611,0.684,-0.023
95,179,0.601,0.674,-0.024
95,18,0.149,0.209,-0.048
95,180,0.845,0.881,-0.009
95,181,0.864,0.897,-0.008
95,182,0.951,0.963,0.003
95,183,0.909,0.931,-0.005
95,184,0.951,0.964,-0.003
95,185,0.722,0.78,-0.016
95,186,0.791,0.838,-0.012
95,187,0.98,0.986,0.001
95,188,0.989,0.992,-0.001
95,189,0.877,0.907,0.007
95,19,0.201,0.271,-0.043
95,190,0.938,0.954,-0.003
95,191,0.923,0.942,0.004
95,192,0.834,0.873,0.009
95,193,0.915,0.936,0.005
95,194,0.802,0.847,0.011
95,195,0.724,0.782,0.016
95,196,0.672,0.737,0.019
95,197,0.657,0.724,0.02
95,198,0.574,0.65,0.025
95,199,0.545,0.623,0.027
95,20,0.217,0.289,-0.041
95,200,0.434,0.517,0.035
95,201,0.471,0.554,0.032
95,202,0.466,0.548,0.033
95,203,0.304,0.384,0.047
95,204,0.399,0.482,0.038
95,205,0.365,0.447,0.041
95,206,0.39,0.473,0.04
95,207,0.289,0.367,0.049
95,208,0.221,0.293,0.057
95,209,0.352,0.434,0.043
95,21,0.079,0.121,-0.059
95,210,0.284,0.362,0.05
95,211,0.243,0.317,0.055
95,212,0.362,0.445,0.043
95,213,0.248,0.323,0.055
95,214,0.201,0.271,0.062
95,215,0.226,0.299,0.059
95,216,0.178,0.244,0.067
95,217,0.238,0.312,0.059
95,218,0.194,0.262,0.065
95,219,0.207,0.277,0.064
95,22,0.194,0.263,-0.044
95,220,0.177,0.243,0.069
95,221,0.231,0.305,0.062
95,222,0.183,0.25,0.07
95,223,0.143,0.202,0.078
95,224,0.267,0.344,0.059
95,225,0.245,0.32,0.063
95,226,0.239,0.314,0.064
95,227,0.303,0.383,0.057
95,228,0.243,0.317,0.065
95,229,0.197,0.266,0.073
95,23,0.122,0.176,-0.052
95,230,0.203,0.272,0.072
95,231,0.163,0.226,0.08
95,232,0.184,0.251,0.077
95,233,0.185,0.252,0.077
95,234,0.23,0.303,0.071
95,235,0.215,0.286,0.073
95,236,0.178,0.245,0.081
95,237,0.19,0.258,0.079
95,238,0.202,0.271,0.078
95,239,0.288,0.367,0.065
95,24,0.103,0.153,-0.055
95,240,0.262,0.339,0.069
95,241,0.193,0.261,0.081
95,242,0.181,0.248,0.083
95,243,0.249,0.325,0.072
95,244,0.162,0.226,0.088
95,245,0.146,0.206,0.092
95,246,0.158,0.22,0.09
95,247,0.318,0.399,0.064
95,248,0.225,0.298,0.078
95,249,0.22,0.292,0.08
95,25,0.076,0.118,-0.06
95,250,0.22,0.292,0.08
95,251,0.275,0.352,0.072
95,26,0.144,0.203,-0.049
95,27,0.125,0.18,-0.052
95,28,0.137,0.195,-0.05
95,29,0.118,0.172,-0.053
95,30,0.052,0.085,-0.066
95,31,0.093,0.141,-0.057
95,32,0.11,0.162,-0.054
95,33,0.09,0.136,-0.058
95,34,0.032,0.057,-0.073
95,35,0.046,0.077,-0.068
95,36,0.122,0.176,-0.053
95,37,0.11,0.162,-0.055
95,38,0.22,0.292,-0.042
95,39,0.288,0.367,-0.037
95,40,0.163,0.226,-0.048
95,41,0.229,0.302,-0.042
95,42,0.227,0.301,-0.042
95,43,0.323,0.404,-0.034
95,44,0.494,0.576,-0.024
95,45,0.415,0.498,-0.029
95,46,0.422,0.505,-0.028
95,47,0.466,0.548,-0.026
95,48,0.636,0.706,-0.017
95,49,0.642,0.711,-0.017
95,50,0.57,0.646,-0.02
95,51,0.629,0.7,-0.017
95,52,0.508,0.589,-0.024
95,53,0.672,0.738,-0.015
95,54,0.511,0.591,-0.024
95,55,0.305,0.385,-0.038
95,56,0.649,0.717,-0.017
95,57,0.67,0.736,-0.016
95,58,0.675,0.74,-0.016
95,59,0.521,0.601,-0.024
95,60,0.75,0.804,-0.012
95,61,0.681,0.746,-0.016
95,62,0.74,0.796,-0.013
95,63,0.642,0.711,-0.018
95,64,0.976,0.982,0.001
95,65,0.747,0.801,-0.013
95,66,0.917,0.938,-0.004
95,67,0.794,0.84,-0.01
95,68,0.882,0.911,-0.006
95,69,0.595,0.669,-0.021
95,7,0.229,0.302,-0.043
95,70,0.764,0.815,-0.012
95,71,0.967,0.975,-0.002
95,72,0.879,0.908,-0.006
95,73,0.765,0.816,-0.012
95,74,0.91,0.933,-0.005
95,75,0.961,0.971,-0.002
95,76,0.837,0.875,-0.009
95,77,0.81,0.853,-0.01
95,78,0.99,0.993,-0.001
95,79,0.906,0.929,-0.005
95,8,0.218,0.29,-0.043
95,80,0.729,0.786,-0.015
95,81,0.763,0.814,-0.013
95,82,0.786,0.834,-0.012
95,83,0.972,0.979,0.002
95,84,0.901,0.926,0.005
95,85,0.915,0.936,-0.005
95,86,0.785,0.833,-0.012
95,87,0.821,0.862,-0.01
95,88,0.963,0.973,-0.002
95,89,0.936,0.952,-0.004
95,9,0.202,0.272,-0.044
95,90,0.921,0.94,0.004
95,91,0.904,0.928,-0.005
95,92,0.772,0.822,-0.013
95,93,0.865,0.897,-0.007
95,94,0.82,0.861,-0.01
95,95,0.921,0.941,-0.004
95,96,0.984,0.988,0.001
95,97,0.955,0.967,0.002
95,98,0.949,0.962,0.003
95,99,0.933,0.95,0.004
96,10,0.341,0.423,-0.033
96,100,0.729,0.786,-0.015
96,101,0.887,0.914,-0.006
96,102,0.788,0.835,-0.012
96,103,0.958,0.969,-0.002
96,104,0.984,0.988,-0.001
96,105,0.98,0.985,0.001
96,106,0.989,0.992,0.001
96,107,0.776,0.825,-0.013
96,108,0.811,0.854,-0.011
96,109,0.678,0.742,-0.019
96,11,0.322,0.403,-0.034
96,110,0.744,0.799,-0.015
96,111,0.733,0.79,-0.015
96,112,0.976,0.982,0.001
96,113,0.973,0.98,0.002
96,114,0.928,0.946,-0.004
96,115,0.962,0.972,-0.002
96,116,0.84,0.878,-0.009
96,117,0.73,0.787,-0.016
96,118,0.728,0.785,-0.016
96,119,0.792,0.839,-0.012
96,12,0.321,0.402,-0.034
96,120,0.658,0.726,-0.02
96,121,0.802,0.846,-0.012
96,122,0.9,0.924,-0.006
96,123,0.723,0.781,-0.016
96,124,0.67,0.736,-0.02
96,125,0.669,0.735,-0.02
96,126,0.864,0.896,-0.008
96,127,0.79,0.837,-0.012
96,128,0.898,0.923,-0.006
96,129,0.808,0.852,-0.011
96,13,0.311,0.391,-0.034
96,130,0.857,0.891,-0.008
96,131,0.89,0.917,-0.006
96,132,0.58,0.656,-0.026
96,133,0.594,0.668,-0.025
96,134,0.514,0.595,-0.03
96,135,0.525,0.605,-0.03
96,136,0.647,0.716,-0.021
96,137,0.798,0.843,-0.012
96,138,0.476,0.558,-0.033
96,139,0.458,0.541,-0.035
96,14,0.318,0.399,-0.034
96,140,0.548,0.626,-0.028
96,141,0.525,0.605,-0.03
96,142,0.549,0.627,-0.028
96,143,0.677,0.742,-0.019
96,144,0.622,0.693,-0.023
96,145,0.608,0.681,-0.024
96,146,0.577,0.653,-0.026
96,147,0.721,0.779,-0.017
96,148,0.771,0.821,-0.014
96,149,0.659,0.726,-0.021
96,15,0.226,0.299,-0.041
96,150,0.734,0.79,-0.016
96,151,0.739,0.794,-0.016
96,152,0.744,0.799,-0.015
96,153,0.838,0.876,-0.01
96,154,0.755,0.808,-0.015
96,155,0.666,0.732,-0.02
96,156,0.666,0.732,-0.02
96,157,0.663,0.73,-0.02
96,158,0.678,0.742,-0.02
96,159,0.636,0.706,-0.022
96,16,0.288,0.367,-0.036
96,160,0.651,0.719,-0.021
96,161,0.717,0.776,-0.017
96,162,0.817,0.859,-0.011
96,163,0.673,0.738,-0.02
96,164,0.8,0.845,-0.012
96,165,0.789,0.836,-0.012
96,166,0.783,0.831,-0.013
96,167,0.945,0.959,-0.003
96,168,0.814,0.857,-0.011
96,169,0.785,0.833,-0.013
96,17,0.134,0.191,-0.05
96,170,0.869,0.901,-0.008
96,171,0.891,0.917,-0.006
96,172,0.808,0.852,-0.011
96,173,0.896,0.922,-0.006
96,174,0.938,0.954,-0.004
96,175,0.998,0.998,-0.0
96,176,0.927,0.946,0.004
96,177,0.966,0.975,0.002
96,178,0.929,0.947,-0.004
96,179,0.904,0.928,0.005
96,18,0.07,0.109,-0.061
96,180,0.788,0.835,0.012
96,181,0.93,0.948,-0.004
96,182,0.986,0.99,0.001
96,183,0.855,0.889,0.008
96,184,0.76,0.812,0.014
96,185,0.901,0.925,0.006
96,186,0.933,0.95,0.004
96,187,0.871,0.902,0.007
96,188,0.918,0.938,-0.005
96,189,0.988,0.992,0.001
96,19,0.173,0.238,-0.046
96,190,0.956,0.967,-0.002
96,191,0.757,0.81,0.014
96,192,0.618,0.69,0.022
96,193,0.854,0.888,0.008
96,194,0.807,0.851,0.011
96,195,0.875,0.905,0.007
96,196,0.973,0.98,-0.001
96,197,0.893,0.919,-0.006
96,198,0.88,0.909,0.007
96,199,0.883,0.911,0.007
96,20,0.085,0.129,-0.058
96,200,0.966,0.975,0.002
96,201,0.792,0.839,0.012
96,202,0.595,0.669,0.024
96,203,0.612,0.684,0.023
96,204,0.443,0.526,0.035
96,205,0.469,0.551,0.033
96,206,0.461,0.544,0.034
96,207,0.379,0.462,0.041
96,208,0.401,0.484,0.04
96,209,0.277,0.356,0.051
96,21,0.167,0.231,-0.046
96,210,0.298,0.378,0.05
96,211,0.167,0.231,0.066
96,212,0.264,0.341,0.054
96,213,0.312,0.393,0.05
96,214,0.172,0.237,0.067
96,215,0.196,0.265,0.064
96,216,0.241,0.316,0.059
96,217,0.266,0.343,0.056
96,218,0.135,0.192,0.076
96,219,0.147,0.207,0.075
96,22,0.1,0.148,-0.055
96,220,0.177,0.243,0.07
96,221,0.249,0.324,0.061
96,222,0.236,0.31,0.063
96,223,0.173,0.239,0.073
96,224,0.15,0.211,0.078
96,225,0.279,0.357,0.059
96,226,0.249,0.324,0.064
96,227,0.202,0.271,0.072
96,228,0.171,0.236,0.077
96,229,0.275,0.353,0.062
96,23,0.191,0.259,-0.043
96,230,0.235,0.309,0.069
96,231,0.267,0.345,0.064
96,232,0.277,0.355,0.064
96,233,0.248,0.323,0.068
96,234,0.294,0.373,0.063
96,235,0.226,0.299,0.073
96,236,0.145,0.205,0.088
96,237,0.197,0.266,0.079
96,238,0.268,0.345,0.068
96,239,0.218,0.29,0.076
96,24,0.265,0.342,-0.037
96,240,0.206,0.276,0.078
96,241,0.23,0.303,0.075
96,242,0.235,0.309,0.074
96,243,0.158,0.22,0.089
96,244,0.178,0.244,0.085
96,245,0.139,0.197,0.094
96,246,0.192,0.26,0.083
96,247,0.177,0.243,0.087
96,248,0.11,0.162,0.103
96,249,0.143,0.202,0.095
96,25,0.122,0.177,-0.052
96,250,0.19,0.258,0.086
96,251,0.18,0.246,0.088
96,26,0.059,0.095,-0.063
96,27,0.12,0.175,-0.052
96,28,0.273,0.351,-0.037
96,29,0.194,0.263,-0.043
96,30,0.149,0.21,-0.048
96,31,0.146,0.206,-0.049
96,32,0.303,0.383,-0.035
96,33,0.244,0.319,-0.039
96,34,0.218,0.29,-0.042
96,35,0.16,0.222,-0.048
96,36,0.139,0.197,-0.05
96,37,0.182,0.249,-0.045
96,38,0.068,0.107,-0.062
96,39,0.161,0.224,-0.048
96,40,0.282,0.361,-0.037
96,41,0.34,0.422,-0.033
96,42,0.281,0.36,-0.037
96,43,0.372,0.455,-0.031
96,44,0.407,0.49,-0.029
96,45,0.488,0.569,-0.024
96,46,0.284,0.362,-0.038
96,47,0.406,0.489,-0.029
96,48,0.428,0.511,-0.028
96,49,0.595,0.67,-0.019
96,50,0.665,0.732,-0.016
96,51,0.526,0.605,-0.023
96,52,0.738,0.794,-0.012
96,53,0.866,0.898,-0.006
96,54,0.871,0.902,-0.006
96,55,0.532,0.612,-0.023
96,56,0.615,0.687,-0.018
96,57,0.693,0.756,-0.015
96,58,0.903,0.927,-0.005
96,59,0.925,0.944,-0.004
96,60,0.97,0.978,0.001
96,61,0.923,0.942,-0.004
96,62,0.748,0.802,-0.012
96,63,0.701,0.762,-0.015
96,64,0.989,0.992,0.001
96,65,0.968,0.976,0.002
96,66,0.703,0.764,-0.015
96,67,0.999,1.0,-0.0
96,68,0.783,0.831,0.011
96,69,0.787,0.835,0.011
96,7,0.389,0.472,-0.031
96,70,0.97,0.978,-0.002
96,71,0.875,0.905,-0.006
96,72,0.925,0.944,0.004
96,73,0.877,0.907,-0.006
96,74,0.978,0.984,-0.001
96,75,0.943,0.957,-0.003
96,76,0.87,0.901,-0.007
96,77,0.789,0.836,0.011
96,78,0.696,0.758,0.016
96,79,0.921,0.941,0.004
96,8,0.151,0.213,-0.051
96,80,0.981,0.986,0.001
96,81,0.971,0.978,0.002
96,82,0.983,0.987,0.001
96,83,0.907,0.93,-0.005
96,84,0.893,0.919,-0.006
96,85,0.984,0.988,0.001
96,86,0.912,0.934,-0.005
96,87,0.712,0.772,-0.016
96,88,0.905,0.929,-0.005
96,89,0.899,0.924,-0.005
96,9,0.156,0.218,-0.05
96,90,0.943,0.957,-0.003
96,91,0.938,0.954,0.003
96,92,0.975,0.981,-0.001
96,93,0.957,0.968,0.002
96,94,0.968,0.976,-0.002
96,95,0.809,0.853,-0.011
96,96,0.984,0.988,0.001
96,97,0.766,0.817,-0.013
96,98,0.941,0.956,-0.003
96,99,0.817,0.859,-0.01
97,10,0.487,0.569,-0.024
97,100,0.549,0.627,-0.027
97,101,0.637,0.707,-0.021
97,102,0.701,0.763,-0.017
97,103,0.84,0.877,-0.009
97,104,0.962,0.972,0.002
97,105,0.806,0.85,-0.011
97,106,0.68,0.745,-0.019
97,107,0.782,0.831,-0.012
97,108,0.875,0.905,-0.007
97,109,0.911,0.933,-0.005
97,11,0.397,0.48,-0.029
97,110,0.947,0.96,0.003
97,111,0.822,0.863,-0.01
97,112,0.932,0.949,-0.004
97,113,0.854,0.888,-0.008
97,114,0.773,0.823,-0.013
97,115,0.559,0.637,-0.027
97,116,0.817,0.859,-0.011
97,117,0.814,0.856,-0.011
97,118,0.788,0.835,-0.012
97,119,0.673,0.738,-0.019
97,12,0.771,0.821,-0.01
97,120,0.764,0.816,-0.014
97,121,0.757,0.809,-0.014
97,122,0.578,0.653,-0.026
97,123,0.768,0.819,-0.014
97,124,0.677,0.742,-0.019
97,125,0.608,0.681,-0.024
97,126,0.547,0.625,-0.028
97,127,0.843,0.879,-0.009
97,128,0.773,0.823,-0.013
97,129,0.624,0.695,-0.023
97,13,0.322,0.403,-0.033
97,130,0.982,0.987,-0.001
97,131,0.893,0.919,-0.006
97,132,0.802,0.847,-0.012
97,133,0.847,0.883,-0.009
97,134,0.762,0.814,-0.014
97,135,0.769,0.82,-0.014
97,136,0.672,0.737,-0.02
97,137,0.539,0.618,-0.029
97,138,0.616,0.688,-0.023
97,139,0.61,0.683,-0.024
97,14,0.383,0.466,-0.029
97,140,0.583,0.658,-0.026
97,141,0.631,0.701,-0.022
97,142,0.636,0.706,-0.022
97,143,0.802,0.847,-0.012
97,144,0.907,0.93,-0.005
97,145,0.753,0.807,-0.015
97,146,0.763,0.814,-0.014
97,147,0.725,0.782,-0.016
97,148,0.562,0.639,-0.027
97,149,0.656,0.723,-0.021
97,15,0.578,0.654,-0.019
97,150,0.62,0.692,-0.023
97,151,0.738,0.794,-0.016
97,152,0.599,0.673,-0.025
97,153,0.789,0.836,-0.013
97,154,0.724,0.782,-0.016
97,155,0.605,0.679,-0.024
97,156,0.515,0.595,-0.03
97,157,0.506,0.587,-0.031
97,158,0.427,0.51,-0.037
97,159,0.531,0.61,-0.029
97,16,0.387,0.47,-0.029
97,160,0.676,0.741,-0.02
97,161,0.554,0.632,-0.028
97,162,0.491,0.573,-0.032
97,163,0.623,0.694,-0.023
97,164,0.564,0.641,-0.027
97,165,0.816,0.858,-0.011
97,166,0.852,0.887,-0.009
97,167,0.759,0.811,-0.014
97,168,0.806,0.85,-0.011
97,169,0.764,0.816,-0.014
97,17,0.204,0.274,-0.043
97,170,0.926,0.944,-0.004
97,171,0.835,0.874,-0.01
97,172,0.958,0.969,-0.002
97,173,0.995,0.996,0.0
97,174,0.924,0.943,-0.004
97,175,0.836,0.874,-0.009
97,176,0.924,0.943,0.004
97,177,0.896,0.921,0.006
97,178,0.896,0.921,0.006
97,179,0.931,0.948,0.004
97,18,0.532,0.612,-0.021
97,180,0.948,0.961,0.003
97,181,0.987,0.991,-0.001
97,182,0.994,0.996,0.0
97,183,0.861,0.894,-0.008
97,184,0.884,0.912,-0.007
97,185,0.924,0.943,-0.004
97,186,0.962,0.971,-0.002
97,187,0.887,0.915,0.006
97,188,0.839,0.876,0.009
97,189,0.792,0.838,0.012
97,19,0.539,0.618,-0.02
97,190,0.967,0.975,-0.002
97,191,0.987,0.99,-0.001
97,192,0.877,0.907,0.007
97,193,0.709,0.769,0.017
97,194,0.726,0.784,0.016
97,195,0.628,0.699,0.022
97,196,0.776,0.825,0.013
97,197,0.693,0.756,0.018
97,198,0.516,0.596,0.029
97,199,0.36,0.443,0.042
97,20,0.23,0.304,-0.04
97,200,0.363,0.445,0.041
97,201,0.284,0.362,0.049
97,202,0.277,0.355,0.05
97,203,0.332,0.413,0.045
97,204,0.447,0.53,0.035
97,205,0.406,0.489,0.039
97,206,0.414,0.498,0.038
97,207,0.317,0.397,0.047
97,208,0.343,0.425,0.045
97,209,0.309,0.39,0.049
97,21,0.242,0.317,-0.039
97,210,0.328,0.409,0.047
97,211,0.528,0.608,0.031
97,212,0.392,0.475,0.042
97,213,0.53,0.61,0.031
97,214,0.403,0.486,0.042
97,215,0.401,0.485,0.042
97,216,0.293,0.373,0.054
97,217,0.212,0.284,0.064
97,218,0.33,0.412,0.051
97,219,0.37,0.452,0.047
97,22,0.222,0.294,-0.041
97,220,0.345,0.427,0.05
97,221,0.201,0.271,0.068
97,222,0.25,0.326,0.062
97,223,0.219,0.291,0.067
97,224,0.222,0.294,0.067
97,225,0.183,0.25,0.074
97,226,0.193,0.262,0.073
97,227,0.19,0.258,0.074
97,228,0.156,0.218,0.081
97,229,0.116,0.169,0.09
97,23,0.117,0.17,-0.052
97,230,0.141,0.2,0.085
97,231,0.127,0.183,0.089
97,232,0.131,0.187,0.089
97,233,0.089,0.135,0.101
97,234,0.103,0.152,0.098
97,235,0.109,0.161,0.097
97,236,0.134,0.191,0.091
97,237,0.112,0.164,0.097
97,238,0.154,0.216,0.088
97,239,0.149,0.209,0.089
97,24,0.289,0.368,-0.035
97,240,0.178,0.244,0.084
97,241,0.187,0.254,0.082
97,242,0.226,0.299,0.076
97,243,0.213,0.284,0.078
97,244,0.245,0.32,0.073
97,245,0.287,0.365,0.068
97,246,0.142,0.201,0.094
97,247,0.177,0.243,0.087
97,248,0.19,0.258,0.084
97,249,0.138,0.196,0.096
97,25,0.371,0.454,-0.03
97,250,0.264,0.341,0.073
97,251,0.221,0.293,0.08
97,26,0.146,0.206,-0.048
97,27,0.118,0.171,-0.052
97,28,0.244,0.319,-0.039
97,29,0.416,0.499,-0.027
97,30,0.264,0.341,-0.037
97,31,0.295,0.374,-0.035
97,32,0.183,0.25,-0.045
97,33,0.208,0.278,-0.042
97,34,0.095,0.142,-0.057
97,35,0.247,0.322,-0.039
97,36,0.168,0.232,-0.047
97,37,0.294,0.373,-0.036
97,38,0.292,0.371,-0.036
97,39,0.356,0.439,-0.032
97,40,0.204,0.274,-0.044
97,41,0.267,0.344,-0.038
97,42,0.307,0.387,-0.035
97,43,0.433,0.516,-0.027
97,44,0.37,0.452,-0.031
97,45,0.294,0.373,-0.037
97,46,0.223,0.296,-0.043
97,47,0.287,0.366,-0.037
97,48,0.385,0.468,-0.031
97,49,0.316,0.397,-0.036
97,50,0.526,0.605,-0.023
97,51,0.4,0.483,-0.03
97,52,0.549,0.627,-0.022
97,53,0.478,0.56,-0.026
97,54,0.634,0.704,-0.017
97,55,0.758,0.81,-0.011
97,56,0.662,0.728,-0.016
97,57,0.949,0.962,-0.002
97,58,0.593,0.668,-0.02
97,59,0.817,0.859,-0.009
97,60,0.875,0.905,-0.006
97,61,0.976,0.982,-0.001
97,62,0.613,0.686,-0.019
97,63,0.739,0.795,-0.013
97,64,0.905,0.928,-0.005
97,65,0.756,0.809,-0.012
97,66,0.937,0.953,-0.003
97,67,0.802,0.846,-0.01
97,68,0.816,0.858,-0.009
97,69,0.936,0.952,-0.003
97,7,0.449,0.532,-0.027
97,70,0.924,0.943,-0.004
97,71,0.844,0.88,-0.008
97,72,0.769,0.819,-0.012
97,73,0.822,0.863,-0.009
97,74,0.777,0.826,-0.011
97,75,0.971,0.978,0.001
97,76,0.875,0.905,-0.006
97,77,0.828,0.868,-0.009
97,78,0.817,0.859,-0.01
97,79,0.938,0.953,-0.003
97,8,0.491,0.573,-0.024
97,80,0.865,0.897,-0.007
97,81,0.858,0.891,-0.007
97,82,0.74,0.795,-0.014
97,83,0.748,0.802,-0.014
97,84,0.83,0.87,-0.009
97,85,0.805,0.849,-0.01
97,86,0.789,0.836,-0.011
97,87,0.875,0.905,-0.007
97,88,0.617,0.689,-0.021
97,89,0.62,0.691,-0.021
97,9,0.407,0.49,-0.029
97,90,0.683,0.747,-0.018
97,91,0.699,0.761,-0.017
97,92,0.692,0.755,-0.017
97,93,0.737,0.793,-0.015
97,94,0.87,0.901,-0.007
97,95,0.761,0.813,-0.013
97,96,0.514,0.594,-0.029
97,97,0.588,0.663,-0.024
97,98,0.697,0.759,-0.017
97,99,0.52,0.6,-0.029
98,10,0.394,0.477,-0.029
98,100,0.866,0.898,-0.007
98,101,0.87,0.901,-0.007
98,102,0.744,0.799,-0.014
98,103,0.84,0.878,-0.009
98,104,0.781,0.829,-0.012
98,105,0.985,0.989,-0.001
98,106,0.984,0.988,-0.001
98,107,0.902,0.926,-0.006
98,108,0.888,0.915,-0.006
98,109,0.869,0.9,-0.007
98,11,0.729,0.786,-0.012
98,110,0.939,0.955,-0.003
98,111,0.975,0.981,-0.001
98,112,0.88,0.909,0.007
98,113,0.931,0.949,0.004
98,114,0.947,0.961,-0.003
98,115,0.892,0.918,-0.006
98,116,0.903,0.927,-0.006
98,117,0.903,0.927,-0.006
98,118,0.758,0.81,-0.014
98,119,0.861,0.894,-0.008
98,12,0.869,0.901,-0.006
98,120,0.881,0.91,-0.007
98,121,0.926,0.945,-0.004
98,122,0.987,0.99,0.001
98,123,0.846,0.882,-0.009
98,124,0.842,0.879,0.009
98,125,0.991,0.993,0.001
98,126,0.908,0.931,0.005
98,127,0.968,0.976,0.002
98,128,0.991,0.993,0.001
98,129,0.952,0.964,-0.003
98,13,0.563,0.64,-0.02
98,130,0.772,0.822,-0.013
98,131,0.876,0.906,-0.007
98,132,0.855,0.889,-0.008
98,133,0.884,0.912,-0.007
98,134,0.822,0.863,-0.01
98,135,0.84,0.877,-0.009
98,136,0.787,0.834,-0.013
98,137,0.726,0.784,-0.016
98,138,0.817,0.859,-0.011
98,139,0.8,0.845,-0.012
98,14,0.662,0.728,-0.015
98,140,0.621,0.692,-0.023
98,141,0.625,0.696,-0.023
98,142,0.667,0.733,-0.02
98,143,0.689,0.753,-0.019
98,144,0.595,0.669,-0.025
98,145,0.486,0.567,-0.032
98,146,0.669,0.734,-0.02
98,147,0.616,0.688,-0.023
98,148,0.645,0.713,-0.021
98,149,0.707,0.767,-0.017
98,15,0.595,0.669,-0.018
98,150,0.639,0.708,-0.022
98,151,0.473,0.556,-0.033
98,152,0.455,0.538,-0.035
98,153,0.55,0.628,-0.028
98,154,0.67,0.736,-0.02
98,155,0.458,0.54,-0.035
98,156,0.536,0.615,-0.029
98,157,0.515,0.595,-0.03
98,158,0.583,0.659,-0.025
98,159,0.686,0.75,-0.019
98,16,0.559,0.637,-0.019
98,160,0.6,0.674,-0.024
98,161,0.673,0.738,-0.02
98,162,0.682,0.746,-0.019
98,163,0.643,0.712,-0.022
98,164,0.513,0.594,-0.03
98,165,0.696,0.758,-0.018
98,166,0.819,0.86,-0.011
98,167,0.725,0.783,-0.016
98,168,0.871,0.902,-0.007
98,169,0.911,0.933,-0.005
98,17,0.538,0.617,-0.02
98,170,0.8,0.845,-0.012
98,171,0.629,0.7,-0.022
98,172,0.864,0.896,-0.008
98,173,0.913,0.935,-0.005
98,174,0.813,0.856,-0.011
98,175,0.92,0.94,-0.005
98,176,1.0,1.0,-0.0
98,177,0.995,0.996,0.0
98,178,0.971,0.979,-0.002
98,179,0.917,0.938,0.005
98,18,0.427,0.51,-0.026
98,180,0.858,0.891,0.008
98,181,0.893,0.919,0.006
98,182,0.734,0.791,0.015
98,183,0.941,0.956,0.003
98,184,0.955,0.967,-0.003
98,185,0.873,0.903,0.007
98,186,0.934,0.95,0.004
98,187,0.972,0.979,-0.002
98,188,0.999,1.0,0.0
98,189,0.814,0.857,0.01
98,19,0.829,0.868,-0.007
98,190,0.733,0.79,0.015
98,191,0.735,0.791,0.015
98,192,0.822,0.863,0.01
98,193,0.51,0.591,0.029
98,194,0.614,0.686,0.023
98,195,0.593,0.668,0.024
98,196,0.565,0.642,0.026
98,197,0.506,0.587,0.03
98,198,0.874,0.904,0.007
98,199,0.79,0.837,0.012
98,20,0.825,0.866,-0.007
98,200,0.573,0.649,0.026
98,201,0.51,0.59,0.03
98,202,0.75,0.804,0.015
98,203,0.423,0.507,0.037
98,204,0.51,0.59,0.031
98,205,0.454,0.537,0.035
98,206,0.49,0.571,0.033
98,207,0.487,0.569,0.033
98,208,0.482,0.564,0.034
98,209,0.309,0.39,0.049
98,21,0.529,0.609,-0.021
98,210,0.307,0.387,0.05
98,211,0.34,0.422,0.047
98,212,0.399,0.482,0.042
98,213,0.361,0.444,0.046
98,214,0.228,0.301,0.061
98,215,0.275,0.353,0.056
98,216,0.219,0.291,0.064
98,217,0.19,0.257,0.069
98,218,0.223,0.295,0.064
98,219,0.283,0.361,0.057
98,22,0.532,0.611,-0.021
98,220,0.187,0.255,0.071
98,221,0.208,0.279,0.068
98,222,0.206,0.276,0.069
98,223,0.188,0.256,0.073
98,224,0.225,0.298,0.068
98,225,0.189,0.257,0.074
98,226,0.197,0.266,0.073
98,227,0.128,0.184,0.087
98,228,0.114,0.167,0.091
98,229,0.194,0.263,0.075
98,23,0.581,0.657,-0.018
98,230,0.185,0.252,0.078
98,231,0.215,0.287,0.073
98,232,0.211,0.282,0.074
98,233,0.173,0.238,0.082
98,234,0.168,0.232,0.083
98,235,0.149,0.21,0.087
98,236,0.231,0.304,0.073
98,237,0.149,0.209,0.088
98,238,0.243,0.318,0.072
98,239,0.242,0.317,0.072
98,24,0.461,0.544,-0.024
98,240,0.234,0.308,0.074
98,241,0.22,0.292,0.076
98,242,0.216,0.288,0.077
98,243,0.188,0.256,0.082
98,244,0.217,0.288,0.078
98,245,0.298,0.377,0.066
98,246,0.3,0.38,0.065
98,247,0.24,0.314,0.075
98,248,0.276,0.354,0.069
98,249,0.216,0.287,0.079
98,25,0.388,0.471,-0.029
98,250,0.252,0.328,0.073
98,251,0.373,0.456,0.057
98,26,0.422,0.506,-0.027
98,27,0.323,0.404,-0.033
98,28,0.296,0.376,-0.035
98,29,0.262,0.338,-0.037
98,30,0.276,0.354,-0.036
98,31,0.216,0.288,-0.041
98,32,0.197,0.266,-0.043
98,33,0.139,0.197,-0.05
98,34,0.275,0.353,-0.037
98,35,0.155,0.217,-0.048
98,36,0.222,0.294,-0.041
98,37,0.183,0.249,-0.045
98,38,0.375,0.458,-0.03
98,39,0.237,0.311,-0.04
98,40,0.299,0.379,-0.036
98,41,0.397,0.48,-0.029
98,42,0.355,0.437,-0.032
98,43,0.357,0.44,-0.032
98,44,0.47,0.552,-0.025
98,45,0.557,0.634,-0.02
98,46,0.41,0.493,-0.029
98,47,0.656,0.723,-0.016
98,48,0.572,0.648,-0.02
98,49,0.68,0.744,-0.015
98,50,0.773,0.823,-0.01
98,51,0.676,0.741,-0.015
98,52,0.643,0.712,-0.017
98,53,0.883,0.911,-0.005
98,54,0.746,0.801,-0.012
98,55,0.818,0.86,-0.008
98,56,0.862,0.895,-0.006
98,57,0.782,0.83,-0.01
98,58,0.739,0.795,-0.012
98,59,0.853,0.888,-0.007
98,60,0.796,0.842,-0.01
98,61,0.957,0.968,-0.002
98,62,0.939,0.955,-0.003
98,63,0.761,0.813,-0.011
98,64,0.716,0.775,-0.014
98,65,0.982,0.986,-0.001
98,66,0.833,0.871,-0.008
98,67,0.662,0.728,-0.017
98,68,0.619,0.691,-0.019
98,69,0.693,0.755,-0.015
98,7,0.56,0.637,-0.021
98,70,0.934,0.951,-0.003
98,71,0.95,0.963,-0.002
98,72,0.91,0.932,0.004
98,73,0.828,0.868,-0.009
98,74,0.843,0.879,-0.008
98,75,0.822,0.863,-0.009
98,76,0.601,0.675,-0.021
98,77,0.817,0.859,-0.009
98,78,0.867,0.899,-0.007
98,79,0.633,0.703,-0.02
98,8,0.406,0.489,-0.029
98,80,0.727,0.784,-0.014
98,81,0.721,0.779,-0.015
98,82,0.565,0.642,-0.024
98,83,0.642,0.711,-0.019
98,84,0.788,0.835,-0.011
98,85,0.63,0.7,-0.02
98,86,0.56,0.637,-0.025
98,87,0.658,0.725,-0.019
98,88,0.677,0.742,-0.018
98,89,0.831,0.87,-0.009
98,9,0.645,0.714,-0.016
98,90,0.732,0.788,-0.015
98,91,0.58,0.656,-0.024
98,92,0.604,0.678,-0.022
98,93,0.81,0.853,-0.01
98,94,0.777,0.826,-0.012
98,95,0.759,0.811,-0.013
98,96,0.667,0.733,-0.019
98,97,0.644,0.713,-0.02
98,98,0.718,0.777,-0.016
98,99,0.74,0.795,-0.015
99,10,0.572,0.648,-0.019
99,100,0.877,0.907,-0.007
99,101,0.93,0.948,0.004
99,102,0.909,0.932,0.005
99,103,0.981,0.986,0.001
99,104,0.932,0.949,0.004
99,105,0.87,0.901,0.007
99,106,0.708,0.768,0.017
99,107,0.877,0.906,0.007
99,108,0.835,0.874,0.009
99,109,0.694,0.757,0.018
99,11,0.935,0.951,-0.003
99,110,0.899,0.924,0.006
99,111,0.801,0.846,0.011
99,112,0.772,0.822,0.013
99,113,0.794,0.84,0.012
99,114,0.897,0.922,0.006
99,115,0.964,0.973,0.002
99,116,0.879,0.908,0.007
99,117,0.762,0.814,0.014
99,118,0.843,0.88,0.009
99,119,0.752,0.805,0.014
99,12,0.921,0.941,0.003
99,120,0.681,0.745,0.019
99,121,0.702,0.763,0.017
99,122,0.814,0.857,0.011
99,123,0.961,0.971,0.002
99,124,0.925,0.943,-0.004
99,125,0.94,0.955,0.003
99,126,0.915,0.936,0.005
99,127,0.935,0.951,0.004
99,128,0.767,0.818,0.014
99,129,0.973,0.98,0.002
99,13,0.677,0.742,-0.014
99,130,0.909,0.931,0.005
99,131,0.876,0.905,0.007
99,132,0.88,0.909,-0.007
99,133,0.874,0.904,-0.007
99,134,0.884,0.912,-0.007
99,135,0.898,0.923,-0.006
99,136,0.896,0.921,-0.006
99,137,0.998,0.999,0.0
99,138,0.926,0.945,0.004
99,139,0.817,0.859,0.011
99,14,0.52,0.6,-0.022
99,140,0.929,0.947,0.004
99,141,0.977,0.983,0.001
99,142,0.983,0.987,-0.001
99,143,0.86,0.894,-0.008
99,144,0.933,0.95,-0.004
99,145,0.835,0.873,-0.01
99,146,0.995,0.996,0.0
99,147,0.952,0.964,-0.003
99,148,0.984,0.988,-0.001
99,149,0.886,0.914,0.007
99,15,0.525,0.605,-0.021
99,150,0.913,0.935,0.005
99,151,0.987,0.99,-0.001
99,152,0.979,0.984,-0.001
99,153,0.862,0.895,0.008
99,154,0.974,0.98,-0.002
99,155,0.898,0.923,0.006
99,156,0.915,0.936,-0.005
99,157,0.641,0.71,-0.022
99,158,0.647,0.716,-0.021
99,159,0.822,0.863,-0.01
99,16,0.46,0.543,-0.025
99,160,0.932,0.949,-0.004
99,161,0.994,0.995,-0.0
99,162,0.963,0.972,0.002
99,163,0.79,0.837,0.012
99,164,0.963,0.973,-0.002
99,165,0.981,0.986,-0.001
99,166,0.993,0.995,0.0
99,167,0.795,0.841,-0.012
99,168,0.856,0.89,-0.008
99,169,0.735,0.791,-0.015
99,17,0.464,0.546,-0.024
99,170,0.807,0.851,-0.011
99,171,0.856,0.89,-0.008
99,172,0.962,0.972,-0.002
99,173,0.999,0.999,-0.0
99,174,0.846,0.882,0.009
99,175,0.84,0.877,0.009
99,176,0.943,0.957,-0.003
99,177,0.986,0.99,0.001
99,178,0.969,0.977,-0.002
99,179,0.881,0.909,-0.007
99,18,0.427,0.51,-0.026
99,180,0.946,0.96,-0.003
99,181,0.917,0.937,0.005
99,182,0.938,0.954,-0.003
99,183,0.911,0.933,0.005
99,184,0.878,0.907,0.007
99,185,0.865,0.897,-0.008
99,186,0.772,0.822,0.013
99,187,0.911,0.933,0.005
99,188,0.877,0.906,0.007
99,189,0.817,0.859,0.01
99,19,0.492,0.574,-0.023
99,190,0.92,0.94,0.005
99,191,0.926,0.945,0.004
99,192,0.824,0.864,0.01
99,193,0.752,0.805,0.014
99,194,0.805,0.849,0.011
99,195,0.64,0.709,0.021
99,196,0.625,0.696,0.022
99,197,0.745,0.8,0.015
99,198,0.612,0.685,0.023
99,199,0.605,0.678,0.024
99,20,0.173,0.239,-0.045
99,200,0.658,0.725,0.02
99,201,0.508,0.589,0.031
99,202,0.42,0.503,0.038
99,203,0.41,0.493,0.039
99,204,0.3,0.38,0.049
99,205,0.313,0.393,0.048
99,206,0.485,0.567,0.033
99,207,0.428,0.511,0.038
99,208,0.316,0.397,0.049
99,209,0.332,0.413,0.048
99,21,0.234,0.308,-0.039
99,210,0.354,0.436,0.046
99,211,0.314,0.395,0.05
99,212,0.272,0.349,0.056
99,213,0.269,0.346,0.056
99,214,0.271,0.348,0.057
99,215,0.359,0.442,0.048
99,216,0.193,0.261,0.068
99,217,0.211,0.282,0.066
99,218,0.395,0.478,0.045
99,219,0.21,0.28,0.068
99,22,0.37,0.453,-0.03
99,220,0.172,0.237,0.075
99,221,0.141,0.2,0.081
99,222,0.169,0.233,0.076
99,223,0.216,0.288,0.069
99,224,0.223,0.296,0.069
99,225,0.189,0.257,0.075
99,226,0.198,0.267,0.074
99,227,0.231,0.304,0.069
99,228,0.123,0.177,0.09
99,229,0.212,0.283,0.073
99,23,0.36,0.442,-0.03
99,230,0.187,0.255,0.078
99,231,0.186,0.254,0.079
99,232,0.234,0.308,0.071
99,233,0.188,0.255,0.079
99,234,0.179,0.245,0.081
99,235,0.206,0.276,0.077
99,236,0.205,0.276,0.077
99,237,0.243,0.318,0.072
99,238,0.286,0.365,0.066
99,239,0.249,0.324,0.071
99,24,0.289,0.368,-0.035
99,240,0.22,0.292,0.076
99,241,0.201,0.27,0.079
99,242,0.26,0.337,0.07
99,243,0.217,0.289,0.077
99,244,0.173,0.238,0.085
99,245,0.206,0.277,0.079
99,246,0.235,0.309,0.075
99,247,0.168,0.233,0.087
99,248,0.142,0.201,0.093
99,249,0.243,0.318,0.074
99,25,0.289,0.367,-0.035
99,250,0.246,0.321,0.074
99,251,0.204,0.274,0.081
99,26,0.297,0.377,-0.035
99,27,0.266,0.343,-0.037
99,28,0.211,0.282,-0.042
99,29,0.163,0.227,-0.046
99,30,0.403,0.486,-0.028
99,31,0.508,0.588,-0.022
99,32,0.314,0.394,-0.034
99,33,0.308,0.389,-0.034
99,34,0.304,0.384,-0.034
99,35,0.389,0.472,-0.029
99,36,0.571,0.647,-0.019
99,37,0.353,0.435,-0.031
99,38,0.343,0.425,-0.032
99,39,0.268,0.346,-0.037
99,40,0.272,0.35,-0.037
99,41,0.202,0.272,-0.044
99,42,0.306,0.386,-0.035
99,43,0.231,0.305,-0.041
99,44,0.469,0.551,-0.025
99,45,0.457,0.539,-0.026
99,46,0.379,0.462,-0.031
99,47,0.491,0.572,-0.024
99,48,0.478,0.56,-0.025
99,49,0.329,0.41,-0.034
99,50,0.646,0.715,-0.016
99,51,0.68,0.744,-0.015
99,52,0.591,0.665,-0.019
99,53,0.761,0.813,-0.011
99,54,0.846,0.882,-0.007
99,55,0.669,0.735,-0.015
99,56,0.913,0.935,-0.004
99,57,0.763,0.815,0.011
99,58,0.889,0.916,-0.005
99,59,0.788,0.835,-0.01
99,60,0.712,0.771,-0.014
99,61,0.979,0.984,0.001
99,62,0.626,0.697,-0.018
99,63,0.601,0.675,-0.02
99,64,0.859,0.892,-0.007
99,65,0.824,0.864,-0.008
99,66,0.796,0.842,-0.01
99,67,0.721,0.779,-0.014
99,68,0.805,0.849,-0.01
99,69,0.714,0.773,-0.014
99,7,0.79,0.837,0.009
99,70,0.744,0.799,-0.013
99,71,0.603,0.676,-0.02
99,72,0.592,0.667,-0.021
99,73,0.76,0.812,-0.012
99,74,0.65,0.718,-0.018
99,75,0.704,0.765,-0.015
99,76,0.857,0.891,-0.007
99,77,0.811,0.854,-0.01
99,78,0.888,0.915,-0.006
99,79,0.929,0.947,0.004
99,8,0.832,0.871,-0.007
99,80,0.81,0.853,-0.01
99,81,0.769,0.82,-0.012
99,82,0.941,0.956,-0.003
99,83,0.852,0.887,-0.008
99,84,0.924,0.943,0.004
99,85,0.993,0.995,0.0
99,86,0.958,0.969,-0.002
99,87,0.889,0.916,-0.006
99,88,0.754,0.807,-0.013
99,89,0.728,0.785,-0.015
99,9,0.892,0.919,-0.005
99,90,0.725,0.783,-0.015
99,91,0.914,0.935,-0.005
99,92,0.835,0.874,-0.009
99,93,0.777,0.826,-0.012
99,94,0.862,0.895,-0.007
99,95,0.843,0.88,-0.009
99,96,0.864,0.897,-0.007
99,97,0.979,0.984,-0.001
99,98,0.931,0.949,0.004
99,99,0.953,0.965,0.003
