slice_num,coord_num,PValue,adjPVal,logFC
1,100,0.01,0.02,0.097
1,101,0.002,0.006,0.113
1,102,0.003,0.007,0.112
1,103,0.007,0.015,0.102
1,104,0.005,0.011,0.107
1,105,0.004,0.009,0.11
1,106,0.003,0.008,0.112
1,107,0.009,0.019,0.1
1,108,0.007,0.015,0.104
1,109,0.003,0.007,0.115
1,110,0.004,0.009,0.112
1,111,0.007,0.016,0.103
1,112,0.003,0.008,0.114
1,113,0.003,0.008,0.114
1,114,0.003,0.008,0.114
1,115,0.001,0.004,0.124
1,116,0.002,0.004,0.124
1,117,0.002,0.005,0.122
1,118,0.003,0.007,0.116
1,119,0.003,0.007,0.117
1,120,0.001,0.004,0.126
1,121,0.001,0.004,0.127
1,122,0.002,0.005,0.122
1,123,0.001,0.004,0.128
1,124,0.001,0.004,0.127
1,125,0.002,0.005,0.123
1,126,0.001,0.003,0.132
1,127,0.001,0.002,0.138
1,128,0.0,0.001,0.147
1,129,0.001,0.002,0.138
1,130,0.001,0.002,0.136
1,131,0.0,0.001,0.142
1,132,0.0,0.001,0.142
1,133,0.0,0.001,0.145
1,134,0.0,0.001,0.141
1,135,0.0,0.0,0.156
1,136,0.0,0.001,0.153
1,137,0.0,0.002,0.142
1,138,0.001,0.002,0.141
1,139,0.0,0.001,0.148
1,140,0.0,0.001,0.151
1,141,0.0,0.001,0.151
1,142,0.0,0.001,0.156
1,143,0.0,0.001,0.158
1,144,0.0,0.001,0.15
1,145,0.0,0.001,0.154
1,146,0.0,0.0,0.16
1,147,0.0,0.0,0.164
1,148,0.0,0.0,0.17
1,149,0.0,0.0,0.162
1,150,0.0,0.0,0.169
1,151,0.0,0.0,0.174
1,152,0.0,0.0,0.168
1,153,0.0,0.001,0.159
1,154,0.0,0.0,0.176
1,155,0.0,0.0,0.172
1,156,0.0,0.001,0.159
1,157,0.0,0.0,0.169
1,158,0.0,0.001,0.158
1,159,0.0,0.0,0.168
1,160,0.0,0.0,0.166
1,161,0.0,0.001,0.161
1,162,0.0,0.001,0.162
1,163,0.0,0.001,0.164
1,164,0.0,0.001,0.163
1,165,0.0,0.001,0.159
1,166,0.0,0.001,0.16
1,167,0.001,0.002,0.151
1,168,0.001,0.002,0.152
1,169,0.002,0.006,0.137
1,170,0.001,0.002,0.154
1,171,0.0,0.001,0.164
1,172,0.0,0.001,0.161
1,173,0.001,0.003,0.149
1,174,0.002,0.004,0.145
1,175,0.002,0.006,0.141
1,176,0.003,0.007,0.137
1,177,0.003,0.007,0.139
1,178,0.006,0.013,0.128
1,179,0.004,0.01,0.134
1,180,0.005,0.011,0.133
1,181,0.007,0.015,0.128
1,182,0.006,0.013,0.13
1,183,0.011,0.022,0.122
1,184,0.01,0.02,0.124
1,185,0.011,0.023,0.122
1,186,0.014,0.027,0.119
1,187,0.023,0.042,0.111
1,188,0.01,0.021,0.125
1,189,0.014,0.027,0.121
1,190,0.014,0.028,0.121
1,191,0.024,0.044,0.112
1,192,0.016,0.031,0.12
1,193,0.03,0.053,0.109
1,194,0.025,0.045,0.113
1,195,0.016,0.031,0.122
1,196,0.014,0.028,0.125
1,197,0.018,0.035,0.121
1,198,0.019,0.036,0.121
1,199,0.02,0.038,0.12
1,200,0.011,0.023,0.131
1,201,0.014,0.027,0.128
1,202,0.012,0.025,0.131
1,203,0.014,0.027,0.13
1,204,0.01,0.02,0.136
1,205,0.007,0.015,0.144
1,206,0.006,0.013,0.146
1,207,0.007,0.016,0.144
1,208,0.008,0.017,0.142
1,209,0.004,0.009,0.156
1,210,0.006,0.014,0.147
1,211,0.004,0.009,0.156
1,212,0.004,0.01,0.155
1,213,0.002,0.005,0.169
1,214,0.003,0.007,0.163
1,215,0.004,0.009,0.16
1,216,0.003,0.006,0.166
1,217,0.002,0.006,0.17
1,218,0.002,0.006,0.17
1,219,0.004,0.008,0.162
1,220,0.003,0.008,0.165
1,221,0.006,0.013,0.155
1,222,0.004,0.009,0.164
1,223,0.005,0.012,0.157
1,224,0.006,0.014,0.155
1,39,0.004,0.008,0.096
1,40,0.007,0.015,0.089
1,41,0.006,0.014,0.09
1,42,0.003,0.007,0.099
1,43,0.004,0.009,0.096
1,44,0.003,0.007,0.1
1,45,0.001,0.003,0.108
1,46,0.001,0.004,0.105
1,47,0.008,0.018,0.088
1,48,0.004,0.009,0.096
1,49,0.003,0.007,0.1
1,50,0.007,0.015,0.09
1,51,0.006,0.013,0.092
1,52,0.001,0.004,0.106
1,53,0.004,0.009,0.096
1,54,0.004,0.009,0.097
1,55,0.002,0.006,0.102
1,56,0.002,0.004,0.107
1,57,0.002,0.005,0.105
1,58,0.002,0.005,0.105
1,59,0.002,0.005,0.105
1,60,0.005,0.012,0.095
1,61,0.001,0.003,0.112
1,62,0.006,0.013,0.094
1,63,0.007,0.016,0.092
1,64,0.007,0.015,0.092
1,65,0.015,0.03,0.083
1,66,0.005,0.012,0.097
1,67,0.014,0.028,0.085
1,68,0.01,0.021,0.089
1,69,0.013,0.026,0.086
1,70,0.007,0.015,0.094
1,71,0.007,0.015,0.094
1,72,0.006,0.014,0.096
1,73,0.01,0.021,0.09
1,74,0.007,0.015,0.095
1,75,0.003,0.008,0.104
1,76,0.004,0.01,0.101
1,77,0.014,0.028,0.087
1,78,0.002,0.004,0.112
1,79,0.007,0.014,0.097
1,80,0.007,0.014,0.097
1,81,0.004,0.009,0.103
1,82,0.003,0.008,0.105
1,83,0.001,0.004,0.115
1,84,0.002,0.005,0.114
1,85,0.0,0.001,0.127
1,86,0.001,0.002,0.124
1,87,0.001,0.003,0.121
1,88,0.002,0.005,0.113
1,89,0.001,0.003,0.119
1,90,0.002,0.005,0.114
1,91,0.003,0.008,0.108
1,92,0.001,0.004,0.118
1,93,0.001,0.004,0.119
1,94,0.003,0.008,0.109
1,95,0.003,0.007,0.111
1,96,0.004,0.01,0.107
1,97,0.003,0.007,0.11
1,98,0.006,0.013,0.103
1,99,0.003,0.008,0.109
10,10,0.013,0.025,0.082
10,100,0.0,0.0,0.149
10,101,0.0,0.0,0.146
10,102,0.0,0.001,0.132
10,103,0.0,0.0,0.146
10,104,0.0,0.001,0.139
10,105,0.0,0.0,0.149
10,106,0.0,0.001,0.143
10,107,0.0,0.002,0.133
10,108,0.001,0.003,0.126
10,109,0.002,0.004,0.121
10,11,0.008,0.017,0.087
10,110,0.0,0.002,0.134
10,111,0.0,0.002,0.134
10,112,0.0,0.001,0.136
10,113,0.001,0.002,0.131
10,114,0.0,0.001,0.146
10,115,0.0,0.0,0.154
10,116,0.0,0.001,0.142
10,117,0.0,0.001,0.139
10,118,0.0,0.001,0.139
10,119,0.0,0.001,0.143
10,12,0.005,0.01,0.093
10,120,0.0,0.001,0.146
10,121,0.0,0.001,0.144
10,122,0.0,0.001,0.143
10,123,0.0,0.001,0.143
10,124,0.0,0.0,0.151
10,125,0.0,0.001,0.149
10,126,0.0,0.0,0.154
10,127,0.0,0.0,0.158
10,128,0.0,0.0,0.159
10,129,0.0,0.0,0.152
10,13,0.005,0.011,0.091
10,130,0.0,0.0,0.161
10,131,0.0,0.0,0.155
10,132,0.0,0.0,0.157
10,133,0.0,0.0,0.153
10,134,0.0,0.0,0.156
10,135,0.0,0.0,0.164
10,136,0.0,0.0,0.173
10,137,0.0,0.0,0.155
10,138,0.0,0.001,0.152
10,139,0.0,0.0,0.156
10,14,0.004,0.009,0.093
10,140,0.0,0.0,0.159
10,141,0.0,0.001,0.155
10,142,0.0,0.001,0.153
10,143,0.0,0.0,0.162
10,144,0.0,0.0,0.158
10,145,0.0,0.001,0.153
10,146,0.0,0.0,0.156
10,147,0.0,0.0,0.156
10,148,0.0,0.0,0.16
10,149,0.0,0.0,0.159
10,15,0.002,0.005,0.101
10,150,0.0,0.0,0.162
10,151,0.0,0.0,0.169
10,152,0.0,0.0,0.176
10,153,0.0,0.0,0.188
10,154,0.0,0.0,0.189
10,155,0.0,0.0,0.18
10,156,0.0,0.0,0.188
10,157,0.0,0.0,0.188
10,158,0.0,0.0,0.176
10,159,0.0,0.0,0.174
10,16,0.007,0.015,0.087
10,160,0.0,0.0,0.183
10,161,0.0,0.0,0.177
10,162,0.0,0.0,0.172
10,163,0.0,0.0,0.164
10,164,0.0,0.0,0.163
10,165,0.0,0.001,0.154
10,166,0.0,0.001,0.154
10,167,0.0,0.001,0.148
10,168,0.0,0.002,0.145
10,169,0.0,0.001,0.147
10,17,0.001,0.004,0.102
10,170,0.001,0.002,0.14
10,171,0.0,0.001,0.149
10,172,0.0,0.001,0.148
10,173,0.001,0.003,0.138
10,174,0.001,0.004,0.134
10,175,0.001,0.002,0.144
10,176,0.0,0.002,0.147
10,177,0.002,0.006,0.128
10,178,0.002,0.005,0.133
10,179,0.003,0.008,0.125
10,18,0.002,0.006,0.098
10,180,0.002,0.006,0.13
10,181,0.004,0.01,0.122
10,182,0.002,0.006,0.132
10,183,0.001,0.003,0.141
10,184,0.001,0.003,0.142
10,185,0.001,0.002,0.146
10,186,0.002,0.006,0.134
10,187,0.003,0.006,0.132
10,188,0.004,0.01,0.127
10,189,0.007,0.015,0.12
10,19,0.002,0.005,0.1
10,190,0.004,0.01,0.127
10,191,0.005,0.012,0.126
10,192,0.004,0.01,0.129
10,193,0.005,0.012,0.127
10,194,0.003,0.008,0.135
10,195,0.004,0.009,0.134
10,196,0.009,0.019,0.121
10,197,0.012,0.024,0.117
10,198,0.023,0.041,0.107
10,199,0.011,0.023,0.119
10,20,0.008,0.016,0.086
10,200,0.018,0.033,0.113
10,201,0.015,0.029,0.117
10,202,0.019,0.036,0.114
10,203,0.019,0.036,0.114
10,204,0.021,0.039,0.113
10,205,0.014,0.028,0.121
10,206,0.013,0.026,0.123
10,207,0.019,0.036,0.117
10,208,0.022,0.04,0.116
10,209,0.019,0.035,0.119
10,21,0.001,0.003,0.104
10,210,0.021,0.039,0.118
10,211,0.04,0.068,0.106
10,212,0.015,0.029,0.126
10,213,0.011,0.023,0.133
10,214,0.007,0.016,0.141
10,215,0.012,0.024,0.133
10,216,0.013,0.025,0.133
10,217,0.016,0.03,0.13
10,218,0.016,0.031,0.131
10,219,0.025,0.045,0.123
10,22,0.003,0.008,0.094
10,220,0.018,0.034,0.131
10,221,0.022,0.04,0.127
10,222,0.027,0.048,0.124
10,223,0.031,0.054,0.121
10,224,0.022,0.04,0.13
10,225,0.032,0.056,0.122
10,226,0.035,0.061,0.12
10,227,0.03,0.054,0.125
10,228,0.033,0.057,0.123
10,229,0.041,0.07,0.118
10,23,0.001,0.003,0.103
10,230,0.04,0.067,0.12
10,231,0.037,0.064,0.122
10,232,0.046,0.077,0.118
10,233,0.032,0.055,0.127
10,234,0.028,0.05,0.131
10,235,0.025,0.045,0.134
10,236,0.019,0.035,0.141
10,237,0.046,0.077,0.12
10,238,0.016,0.031,0.145
10,239,0.03,0.053,0.131
10,24,0.002,0.005,0.1
10,240,0.022,0.041,0.139
10,241,0.02,0.037,0.142
10,242,0.023,0.042,0.139
10,243,0.025,0.045,0.139
10,244,0.037,0.063,0.129
10,245,0.032,0.057,0.133
10,246,0.029,0.051,0.137
10,247,0.028,0.05,0.138
10,248,0.028,0.05,0.139
10,249,0.027,0.048,0.141
10,25,0.001,0.004,0.103
10,250,0.021,0.04,0.148
10,251,0.021,0.04,0.149
10,26,0.001,0.003,0.106
10,27,0.001,0.002,0.109
10,28,0.001,0.003,0.105
10,29,0.001,0.003,0.105
10,30,0.002,0.006,0.098
10,31,0.003,0.007,0.095
10,32,0.002,0.004,0.101
10,33,0.008,0.017,0.085
10,34,0.003,0.007,0.096
10,35,0.002,0.005,0.1
10,36,0.002,0.006,0.097
10,37,0.012,0.024,0.081
10,38,0.002,0.004,0.103
10,39,0.004,0.01,0.092
10,40,0.002,0.004,0.102
10,41,0.001,0.002,0.11
10,42,0.007,0.016,0.087
10,43,0.003,0.006,0.098
10,44,0.002,0.005,0.1
10,45,0.001,0.003,0.107
10,46,0.005,0.012,0.091
10,47,0.004,0.01,0.093
10,48,0.003,0.007,0.097
10,49,0.002,0.005,0.102
10,50,0.001,0.003,0.11
10,51,0.0,0.001,0.115
10,52,0.002,0.006,0.1
10,53,0.002,0.005,0.104
10,54,0.0,0.001,0.116
10,55,0.001,0.002,0.115
10,56,0.0,0.002,0.116
10,57,0.0,0.001,0.122
10,58,0.0,0.001,0.122
10,59,0.0,0.001,0.122
10,60,0.0,0.001,0.117
10,61,0.0,0.001,0.122
10,62,0.0,0.0,0.131
10,63,0.0,0.001,0.126
10,64,0.0,0.001,0.128
10,65,0.0,0.001,0.123
10,66,0.001,0.002,0.116
10,67,0.001,0.003,0.112
10,68,0.0,0.001,0.125
10,69,0.001,0.003,0.114
10,7,0.03,0.053,0.074
10,70,0.001,0.003,0.111
10,71,0.001,0.002,0.12
10,72,0.0,0.001,0.132
10,73,0.001,0.002,0.116
10,74,0.0,0.001,0.124
10,75,0.0,0.002,0.121
10,76,0.0,0.001,0.123
10,77,0.001,0.003,0.114
10,78,0.001,0.002,0.121
10,79,0.0,0.0,0.136
10,8,0.053,0.086,0.065
10,80,0.001,0.002,0.119
10,81,0.0,0.0,0.136
10,82,0.0,0.001,0.132
10,83,0.001,0.002,0.12
10,84,0.0,0.001,0.131
10,85,0.0,0.001,0.134
10,86,0.0,0.001,0.13
10,87,0.0,0.0,0.139
10,88,0.0,0.002,0.127
10,89,0.0,0.001,0.133
10,9,0.017,0.033,0.079
10,90,0.0,0.001,0.133
10,91,0.0,0.0,0.143
10,92,0.0,0.001,0.138
10,93,0.0,0.001,0.141
10,94,0.0,0.001,0.139
10,95,0.0,0.001,0.132
10,96,0.001,0.002,0.129
10,97,0.0,0.001,0.138
10,98,0.0,0.001,0.141
10,99,0.0,0.001,0.137
100,10,0.167,0.231,0.049
100,100,0.01,0.02,0.116
100,101,0.011,0.023,0.114
100,102,0.004,0.01,0.128
100,103,0.017,0.032,0.108
100,104,0.015,0.03,0.109
100,105,0.005,0.012,0.125
100,106,0.007,0.015,0.123
100,107,0.005,0.011,0.128
100,108,0.006,0.014,0.125
100,109,0.011,0.022,0.117
100,11,0.069,0.108,0.064
100,110,0.021,0.039,0.106
100,111,0.01,0.021,0.118
100,112,0.005,0.012,0.128
100,113,0.006,0.014,0.126
100,114,0.005,0.011,0.13
100,115,0.007,0.016,0.125
100,116,0.018,0.034,0.11
100,117,0.008,0.017,0.124
100,118,0.009,0.019,0.122
100,119,0.007,0.014,0.127
100,12,0.048,0.08,0.068
100,120,0.012,0.023,0.118
100,121,0.013,0.026,0.116
100,122,0.007,0.016,0.126
100,123,0.005,0.011,0.132
100,124,0.005,0.012,0.131
100,125,0.009,0.018,0.123
100,126,0.002,0.006,0.143
100,127,0.002,0.004,0.148
100,128,0.002,0.006,0.144
100,129,0.003,0.007,0.141
100,13,0.122,0.177,0.053
100,130,0.003,0.006,0.142
100,131,0.001,0.003,0.157
100,132,0.002,0.006,0.144
100,133,0.003,0.007,0.142
100,134,0.001,0.004,0.15
100,135,0.001,0.002,0.157
100,136,0.0,0.001,0.167
100,137,0.001,0.002,0.159
100,138,0.001,0.003,0.154
100,139,0.001,0.004,0.152
100,14,0.021,0.039,0.079
100,140,0.001,0.002,0.157
100,141,0.001,0.002,0.164
100,142,0.001,0.002,0.161
100,143,0.0,0.002,0.165
100,144,0.0,0.001,0.166
100,145,0.0,0.001,0.18
100,146,0.0,0.001,0.178
100,147,0.0,0.002,0.165
100,148,0.001,0.002,0.16
100,149,0.0,0.001,0.173
100,15,0.021,0.04,0.079
100,150,0.0,0.001,0.176
100,151,0.0,0.001,0.166
100,152,0.001,0.002,0.163
100,153,0.001,0.003,0.157
100,154,0.0,0.001,0.168
100,155,0.001,0.002,0.161
100,156,0.0,0.001,0.171
100,157,0.0,0.001,0.166
100,158,0.0,0.002,0.164
100,159,0.0,0.001,0.17
100,16,0.047,0.078,0.068
100,160,0.001,0.002,0.162
100,161,0.0,0.001,0.17
100,162,0.0,0.002,0.164
100,163,0.0,0.001,0.165
100,164,0.0,0.001,0.165
100,165,0.0,0.001,0.173
100,166,0.0,0.001,0.165
100,167,0.001,0.002,0.16
100,168,0.001,0.002,0.161
100,169,0.001,0.003,0.151
100,17,0.021,0.039,0.079
100,170,0.001,0.003,0.15
100,171,0.005,0.01,0.131
100,172,0.005,0.012,0.129
100,173,0.003,0.007,0.139
100,174,0.005,0.012,0.129
100,175,0.007,0.015,0.124
100,176,0.004,0.01,0.132
100,177,0.004,0.01,0.131
100,178,0.006,0.013,0.127
100,179,0.008,0.017,0.122
100,18,0.028,0.05,0.075
100,180,0.014,0.027,0.113
100,181,0.009,0.019,0.12
100,182,0.009,0.019,0.12
100,183,0.003,0.006,0.138
100,184,0.003,0.007,0.136
100,185,0.008,0.017,0.122
100,186,0.007,0.015,0.124
100,187,0.004,0.009,0.133
100,188,0.006,0.014,0.126
100,189,0.007,0.015,0.124
100,19,0.019,0.036,0.08
100,190,0.005,0.011,0.13
100,191,0.007,0.015,0.124
100,192,0.013,0.027,0.114
100,193,0.013,0.026,0.115
100,194,0.005,0.012,0.131
100,195,0.009,0.02,0.121
100,196,0.009,0.018,0.124
100,197,0.008,0.017,0.125
100,198,0.011,0.022,0.12
100,199,0.009,0.019,0.125
100,20,0.011,0.022,0.087
100,200,0.009,0.019,0.125
100,201,0.004,0.009,0.141
100,202,0.003,0.007,0.146
100,203,0.006,0.014,0.133
100,204,0.003,0.008,0.144
100,205,0.003,0.008,0.145
100,206,0.004,0.01,0.143
100,207,0.004,0.01,0.143
100,208,0.004,0.009,0.147
100,209,0.008,0.017,0.136
100,21,0.008,0.016,0.091
100,210,0.013,0.026,0.128
100,211,0.007,0.015,0.142
100,212,0.006,0.014,0.144
100,213,0.012,0.025,0.133
100,214,0.009,0.018,0.141
100,215,0.013,0.026,0.134
100,216,0.021,0.039,0.126
100,217,0.036,0.062,0.116
100,218,0.03,0.053,0.121
100,219,0.026,0.048,0.125
100,22,0.013,0.025,0.085
100,220,0.034,0.06,0.12
100,221,0.037,0.064,0.119
100,222,0.053,0.086,0.112
100,223,0.046,0.077,0.116
100,224,0.057,0.092,0.112
100,225,0.057,0.092,0.113
100,226,0.081,0.124,0.104
100,227,0.068,0.108,0.11
100,228,0.056,0.091,0.116
100,229,0.066,0.105,0.112
100,23,0.019,0.036,0.08
100,230,0.078,0.12,0.108
100,231,0.075,0.117,0.109
100,232,0.069,0.108,0.112
100,233,0.051,0.084,0.121
100,234,0.066,0.104,0.115
100,235,0.082,0.126,0.109
100,236,0.101,0.15,0.103
100,237,0.063,0.101,0.117
100,238,0.073,0.114,0.113
100,239,0.098,0.146,0.105
100,24,0.017,0.033,0.081
100,240,0.058,0.094,0.12
100,241,0.056,0.091,0.121
100,242,0.042,0.07,0.129
100,243,0.024,0.044,0.144
100,244,0.046,0.077,0.127
100,245,0.018,0.034,0.151
100,246,0.009,0.02,0.166
100,247,0.01,0.021,0.164
100,248,0.005,0.012,0.179
100,249,0.006,0.013,0.178
100,25,0.01,0.021,0.087
100,250,0.006,0.012,0.18
100,251,0.004,0.01,0.186
100,26,0.028,0.05,0.075
100,27,0.027,0.049,0.075
100,28,0.038,0.064,0.071
100,29,0.012,0.024,0.086
100,30,0.017,0.032,0.082
100,31,0.015,0.03,0.083
100,32,0.025,0.045,0.077
100,33,0.018,0.034,0.081
100,34,0.02,0.038,0.08
100,35,0.01,0.02,0.089
100,36,0.026,0.047,0.077
100,37,0.036,0.062,0.073
100,38,0.013,0.026,0.086
100,39,0.006,0.013,0.096
100,40,0.032,0.057,0.075
100,41,0.015,0.029,0.086
100,42,0.025,0.045,0.079
100,43,0.02,0.037,0.083
100,44,0.03,0.052,0.077
100,45,0.037,0.064,0.074
100,46,0.042,0.07,0.073
100,47,0.031,0.055,0.078
100,48,0.03,0.052,0.079
100,49,0.04,0.069,0.074
100,50,0.025,0.045,0.082
100,51,0.034,0.059,0.077
100,52,0.026,0.046,0.082
100,53,0.042,0.071,0.075
100,54,0.018,0.035,0.087
100,55,0.039,0.067,0.076
100,56,0.064,0.102,0.069
100,57,0.045,0.075,0.075
100,58,0.027,0.048,0.083
100,59,0.041,0.069,0.078
100,60,0.052,0.085,0.074
100,61,0.054,0.087,0.074
100,62,0.043,0.073,0.078
100,63,0.09,0.136,0.065
100,64,0.047,0.077,0.077
100,65,0.026,0.046,0.087
100,66,0.048,0.08,0.077
100,67,0.05,0.082,0.077
100,68,0.045,0.075,0.079
100,69,0.056,0.091,0.076
100,7,0.056,0.09,0.07
100,70,0.033,0.058,0.085
100,71,0.067,0.105,0.073
100,72,0.075,0.117,0.072
100,73,0.049,0.081,0.08
100,74,0.041,0.069,0.083
100,75,0.016,0.031,0.098
100,76,0.063,0.1,0.076
100,77,0.087,0.132,0.07
100,78,0.074,0.115,0.074
100,79,0.037,0.064,0.087
100,8,0.114,0.167,0.057
100,80,0.019,0.035,0.098
100,81,0.02,0.038,0.097
100,82,0.024,0.045,0.095
100,83,0.038,0.065,0.087
100,84,0.011,0.023,0.107
100,85,0.037,0.063,0.089
100,86,0.046,0.076,0.085
100,87,0.042,0.071,0.087
100,88,0.033,0.058,0.092
100,89,0.031,0.054,0.093
100,9,0.12,0.174,0.056
100,90,0.02,0.038,0.101
100,91,0.013,0.026,0.108
100,92,0.01,0.02,0.113
100,93,0.008,0.017,0.116
100,94,0.008,0.018,0.116
100,95,0.011,0.023,0.112
100,96,0.028,0.051,0.097
100,97,0.013,0.025,0.111
100,98,0.009,0.019,0.116
100,99,0.007,0.016,0.12
101,10,0.014,0.028,0.086
101,100,0.003,0.008,0.132
101,101,0.003,0.008,0.131
101,102,0.005,0.011,0.127
101,103,0.006,0.012,0.124
101,104,0.003,0.008,0.131
101,105,0.004,0.009,0.131
101,106,0.004,0.009,0.131
101,107,0.003,0.006,0.137
101,108,0.006,0.014,0.125
101,109,0.005,0.011,0.128
101,11,0.003,0.008,0.103
101,110,0.004,0.01,0.13
101,111,0.006,0.013,0.126
101,112,0.004,0.009,0.133
101,113,0.002,0.006,0.139
101,114,0.005,0.011,0.13
101,115,0.008,0.018,0.122
101,116,0.005,0.01,0.131
101,117,0.01,0.021,0.118
101,118,0.006,0.013,0.127
101,119,0.003,0.007,0.139
101,12,0.003,0.007,0.103
101,120,0.006,0.012,0.129
101,121,0.005,0.011,0.13
101,122,0.011,0.023,0.118
101,123,0.009,0.019,0.121
101,124,0.005,0.012,0.13
101,125,0.012,0.024,0.117
101,126,0.006,0.013,0.129
101,127,0.003,0.007,0.139
101,128,0.004,0.01,0.134
101,129,0.004,0.01,0.134
101,13,0.011,0.023,0.087
101,130,0.002,0.005,0.144
101,131,0.002,0.004,0.147
101,132,0.0,0.001,0.169
101,133,0.0,0.002,0.164
101,134,0.001,0.002,0.158
101,135,0.0,0.001,0.165
101,136,0.001,0.002,0.16
101,137,0.0,0.001,0.168
101,138,0.001,0.003,0.155
101,139,0.0,0.001,0.166
101,14,0.012,0.025,0.086
101,140,0.0,0.001,0.171
101,141,0.001,0.002,0.162
101,142,0.001,0.002,0.163
101,143,0.001,0.002,0.161
101,144,0.0,0.001,0.165
101,145,0.0,0.001,0.167
101,146,0.001,0.002,0.159
101,147,0.001,0.004,0.149
101,148,0.001,0.003,0.152
101,149,0.002,0.005,0.146
101,15,0.015,0.028,0.083
101,150,0.001,0.003,0.154
101,151,0.001,0.003,0.152
101,152,0.001,0.004,0.15
101,153,0.002,0.004,0.148
101,154,0.001,0.004,0.151
101,155,0.001,0.004,0.15
101,156,0.004,0.009,0.136
101,157,0.003,0.006,0.142
101,158,0.001,0.003,0.155
101,159,0.001,0.002,0.159
101,16,0.005,0.011,0.096
101,160,0.001,0.003,0.154
101,161,0.002,0.006,0.142
101,162,0.001,0.003,0.155
101,163,0.001,0.002,0.158
101,164,0.001,0.002,0.157
101,165,0.001,0.002,0.162
101,166,0.001,0.002,0.157
101,167,0.001,0.002,0.16
101,168,0.001,0.002,0.158
101,169,0.001,0.002,0.159
101,17,0.013,0.025,0.084
101,170,0.0,0.001,0.166
101,171,0.0,0.001,0.173
101,172,0.0,0.002,0.162
101,173,0.001,0.002,0.157
101,174,0.0,0.001,0.167
101,175,0.0,0.001,0.162
101,176,0.002,0.004,0.145
101,177,0.003,0.007,0.137
101,178,0.002,0.005,0.142
101,179,0.002,0.005,0.143
101,18,0.004,0.009,0.097
101,180,0.001,0.003,0.15
101,181,0.001,0.002,0.153
101,182,0.001,0.003,0.153
101,183,0.001,0.003,0.15
101,184,0.001,0.004,0.148
101,185,0.001,0.004,0.148
101,186,0.003,0.008,0.136
101,187,0.003,0.007,0.138
101,188,0.003,0.008,0.135
101,189,0.006,0.013,0.127
101,19,0.004,0.009,0.098
101,190,0.007,0.016,0.124
101,191,0.005,0.011,0.132
101,192,0.002,0.006,0.142
101,193,0.013,0.026,0.116
101,194,0.006,0.013,0.129
101,195,0.002,0.006,0.144
101,196,0.005,0.011,0.135
101,197,0.005,0.011,0.134
101,198,0.002,0.006,0.146
101,199,0.002,0.005,0.149
101,20,0.003,0.007,0.101
101,200,0.002,0.006,0.149
101,201,0.005,0.01,0.139
101,202,0.005,0.011,0.139
101,203,0.004,0.01,0.142
101,204,0.004,0.01,0.142
101,205,0.003,0.007,0.15
101,206,0.002,0.004,0.16
101,207,0.008,0.017,0.136
101,208,0.005,0.012,0.144
101,209,0.007,0.016,0.14
101,21,0.019,0.036,0.079
101,210,0.015,0.028,0.129
101,211,0.01,0.02,0.137
101,212,0.008,0.017,0.142
101,213,0.009,0.018,0.142
101,214,0.006,0.014,0.149
101,215,0.009,0.019,0.143
101,216,0.013,0.026,0.137
101,217,0.02,0.038,0.13
101,218,0.019,0.035,0.133
101,219,0.032,0.056,0.122
101,22,0.005,0.012,0.094
101,220,0.021,0.039,0.133
101,221,0.017,0.033,0.138
101,222,0.026,0.047,0.13
101,223,0.024,0.043,0.133
101,224,0.026,0.046,0.132
101,225,0.037,0.064,0.125
101,226,0.041,0.07,0.122
101,227,0.088,0.134,0.103
101,228,0.055,0.089,0.117
101,229,0.092,0.138,0.103
101,23,0.005,0.011,0.095
101,230,0.092,0.139,0.104
101,231,0.084,0.128,0.107
101,232,0.073,0.114,0.111
101,233,0.1,0.15,0.103
101,234,0.109,0.161,0.1
101,235,0.107,0.157,0.101
101,236,0.081,0.125,0.11
101,237,0.06,0.096,0.119
101,238,0.065,0.103,0.117
101,239,0.076,0.117,0.112
101,24,0.005,0.011,0.096
101,240,0.034,0.059,0.134
101,241,0.027,0.048,0.14
101,242,0.038,0.066,0.131
101,243,0.038,0.064,0.132
101,244,0.02,0.038,0.147
101,245,0.016,0.032,0.153
101,246,0.008,0.017,0.168
101,247,0.007,0.015,0.173
101,248,0.005,0.011,0.18
101,249,0.005,0.01,0.182
101,25,0.005,0.012,0.095
101,250,0.003,0.007,0.191
101,251,0.001,0.003,0.208
101,26,0.011,0.022,0.087
101,27,0.013,0.026,0.085
101,28,0.006,0.013,0.094
101,29,0.01,0.021,0.087
101,30,0.009,0.018,0.09
101,31,0.006,0.013,0.095
101,32,0.006,0.014,0.094
101,33,0.022,0.041,0.079
101,34,0.005,0.012,0.096
101,35,0.004,0.009,0.1
101,36,0.01,0.02,0.089
101,37,0.024,0.044,0.078
101,38,0.01,0.02,0.09
101,39,0.019,0.035,0.082
101,40,0.009,0.019,0.092
101,41,0.009,0.019,0.092
101,42,0.007,0.015,0.095
101,43,0.009,0.018,0.093
101,44,0.02,0.038,0.082
101,45,0.02,0.037,0.083
101,46,0.014,0.027,0.088
101,47,0.032,0.055,0.077
101,48,0.024,0.044,0.081
101,49,0.007,0.016,0.097
101,50,0.005,0.012,0.102
101,51,0.01,0.02,0.094
101,52,0.013,0.026,0.091
101,53,0.017,0.032,0.088
101,54,0.02,0.038,0.086
101,55,0.021,0.039,0.085
101,56,0.022,0.041,0.085
101,57,0.01,0.02,0.097
101,58,0.037,0.063,0.079
101,59,0.038,0.065,0.078
101,60,0.04,0.068,0.078
101,61,0.028,0.05,0.084
101,62,0.021,0.038,0.089
101,63,0.055,0.09,0.074
101,64,0.04,0.068,0.079
101,65,0.059,0.095,0.073
101,66,0.024,0.044,0.088
101,67,0.033,0.058,0.083
101,68,0.049,0.081,0.077
101,69,0.077,0.119,0.07
101,7,0.013,0.026,0.09
101,70,0.023,0.042,0.09
101,71,0.017,0.032,0.095
101,72,0.03,0.053,0.087
101,73,0.042,0.071,0.082
101,74,0.046,0.077,0.08
101,75,0.027,0.048,0.089
101,76,0.021,0.039,0.094
101,77,0.021,0.039,0.094
101,78,0.018,0.034,0.097
101,79,0.011,0.023,0.104
101,8,0.014,0.027,0.088
101,80,0.038,0.065,0.086
101,81,0.017,0.032,0.1
101,82,0.006,0.014,0.114
101,83,0.004,0.01,0.121
101,84,0.006,0.014,0.115
101,85,0.009,0.019,0.111
101,86,0.009,0.019,0.111
101,87,0.004,0.008,0.125
101,88,0.003,0.007,0.128
101,89,0.003,0.006,0.13
101,9,0.012,0.023,0.089
101,90,0.003,0.008,0.127
101,91,0.005,0.01,0.123
101,92,0.006,0.013,0.12
101,93,0.009,0.018,0.115
101,94,0.005,0.01,0.124
101,95,0.004,0.01,0.125
101,96,0.005,0.012,0.123
101,97,0.005,0.012,0.123
101,98,0.003,0.007,0.133
101,99,0.003,0.008,0.13
102,10,0.015,0.028,0.087
102,100,0.003,0.006,0.133
102,101,0.002,0.006,0.135
102,102,0.006,0.013,0.122
102,103,0.002,0.005,0.139
102,104,0.002,0.005,0.137
102,105,0.004,0.009,0.129
102,106,0.002,0.005,0.138
102,107,0.002,0.005,0.141
102,108,0.003,0.007,0.135
102,109,0.004,0.009,0.131
102,11,0.014,0.028,0.086
102,110,0.001,0.003,0.149
102,111,0.003,0.007,0.135
102,112,0.004,0.008,0.132
102,113,0.007,0.015,0.122
102,114,0.006,0.014,0.123
102,115,0.006,0.013,0.125
102,116,0.006,0.013,0.126
102,117,0.004,0.01,0.131
102,118,0.005,0.011,0.129
102,119,0.006,0.012,0.127
102,12,0.009,0.018,0.092
102,120,0.007,0.014,0.125
102,121,0.006,0.014,0.125
102,122,0.006,0.013,0.127
102,123,0.005,0.012,0.129
102,124,0.005,0.011,0.129
102,125,0.004,0.01,0.132
102,126,0.003,0.007,0.137
102,127,0.002,0.005,0.144
102,128,0.001,0.003,0.149
102,129,0.003,0.007,0.137
102,13,0.007,0.015,0.094
102,130,0.005,0.012,0.129
102,131,0.005,0.012,0.129
102,132,0.004,0.009,0.134
102,133,0.003,0.007,0.139
102,134,0.002,0.004,0.146
102,135,0.002,0.005,0.146
102,136,0.001,0.003,0.155
102,137,0.002,0.005,0.146
102,138,0.001,0.002,0.161
102,139,0.0,0.001,0.163
102,14,0.005,0.011,0.098
102,140,0.001,0.002,0.156
102,141,0.001,0.002,0.159
102,142,0.001,0.002,0.162
102,143,0.001,0.002,0.162
102,144,0.001,0.002,0.156
102,145,0.001,0.002,0.161
102,146,0.001,0.004,0.149
102,147,0.001,0.004,0.15
102,148,0.001,0.003,0.154
102,149,0.0,0.001,0.167
102,15,0.012,0.024,0.086
102,150,0.001,0.002,0.161
102,151,0.001,0.003,0.151
102,152,0.0,0.001,0.164
102,153,0.0,0.001,0.169
102,154,0.0,0.001,0.168
102,155,0.0,0.002,0.163
102,156,0.0,0.001,0.167
102,157,0.0,0.002,0.162
102,158,0.001,0.003,0.152
102,159,0.001,0.003,0.155
102,16,0.006,0.014,0.093
102,160,0.001,0.003,0.153
102,161,0.001,0.002,0.158
102,162,0.001,0.003,0.154
102,163,0.001,0.004,0.149
102,164,0.001,0.003,0.15
102,165,0.001,0.002,0.157
102,166,0.0,0.001,0.17
102,167,0.0,0.001,0.173
102,168,0.0,0.001,0.174
102,169,0.0,0.001,0.171
102,17,0.025,0.045,0.077
102,170,0.0,0.001,0.176
102,171,0.0,0.001,0.173
102,172,0.0,0.001,0.17
102,173,0.0,0.0,0.181
102,174,0.0,0.001,0.169
102,175,0.001,0.002,0.157
102,176,0.001,0.002,0.153
102,177,0.0,0.001,0.162
102,178,0.0,0.001,0.163
102,179,0.001,0.002,0.158
102,18,0.016,0.031,0.082
102,180,0.001,0.004,0.146
102,181,0.003,0.008,0.134
102,182,0.003,0.006,0.139
102,183,0.002,0.006,0.141
102,184,0.005,0.011,0.13
102,185,0.003,0.007,0.139
102,186,0.002,0.004,0.146
102,187,0.002,0.006,0.142
102,188,0.003,0.008,0.137
102,189,0.003,0.007,0.139
102,19,0.008,0.017,0.09
102,190,0.002,0.006,0.142
102,191,0.002,0.005,0.146
102,192,0.002,0.004,0.148
102,193,0.003,0.006,0.142
102,194,0.002,0.005,0.146
102,195,0.003,0.008,0.139
102,196,0.002,0.005,0.148
102,197,0.001,0.004,0.154
102,198,0.003,0.007,0.146
102,199,0.003,0.008,0.143
102,20,0.023,0.043,0.077
102,200,0.003,0.007,0.147
102,201,0.001,0.004,0.158
102,202,0.003,0.007,0.149
102,203,0.004,0.009,0.146
102,204,0.002,0.006,0.155
102,205,0.004,0.009,0.148
102,206,0.007,0.016,0.138
102,207,0.011,0.022,0.132
102,208,0.013,0.026,0.13
102,209,0.008,0.017,0.14
102,21,0.005,0.011,0.097
102,210,0.007,0.016,0.143
102,211,0.009,0.019,0.14
102,212,0.009,0.018,0.143
102,213,0.012,0.025,0.137
102,214,0.023,0.043,0.125
102,215,0.02,0.038,0.13
102,216,0.036,0.062,0.118
102,217,0.066,0.104,0.104
102,218,0.049,0.08,0.113
102,219,0.038,0.066,0.119
102,22,0.008,0.018,0.09
102,220,0.047,0.079,0.115
102,221,0.055,0.09,0.112
102,222,0.059,0.094,0.112
102,223,0.065,0.103,0.11
102,224,0.055,0.09,0.115
102,225,0.062,0.099,0.112
102,226,0.067,0.105,0.111
102,227,0.084,0.129,0.105
102,228,0.086,0.131,0.105
102,229,0.117,0.171,0.096
102,23,0.013,0.025,0.085
102,230,0.135,0.192,0.093
102,231,0.084,0.128,0.107
102,232,0.107,0.158,0.1
102,233,0.114,0.166,0.099
102,234,0.081,0.125,0.109
102,235,0.105,0.156,0.102
102,236,0.104,0.154,0.102
102,237,0.099,0.148,0.104
102,238,0.09,0.137,0.107
102,239,0.096,0.144,0.105
102,24,0.002,0.006,0.103
102,240,0.128,0.184,0.096
102,241,0.064,0.102,0.116
102,242,0.065,0.104,0.116
102,243,0.072,0.113,0.113
102,244,0.053,0.087,0.122
102,245,0.05,0.082,0.124
102,246,0.028,0.05,0.139
102,247,0.022,0.041,0.145
102,248,0.031,0.055,0.137
102,249,0.032,0.056,0.137
102,25,0.003,0.007,0.101
102,250,0.011,0.023,0.163
102,251,0.008,0.018,0.17
102,26,0.01,0.021,0.088
102,27,0.003,0.007,0.102
102,28,0.003,0.008,0.1
102,29,0.006,0.014,0.093
102,30,0.004,0.01,0.098
102,31,0.01,0.021,0.088
102,32,0.02,0.038,0.079
102,33,0.026,0.047,0.077
102,34,0.011,0.022,0.088
102,35,0.01,0.021,0.088
102,36,0.006,0.014,0.094
102,37,0.007,0.016,0.093
102,38,0.004,0.009,0.101
102,39,0.003,0.007,0.103
102,40,0.01,0.02,0.091
102,41,0.015,0.029,0.086
102,42,0.016,0.03,0.085
102,43,0.005,0.011,0.1
102,44,0.003,0.008,0.105
102,45,0.007,0.015,0.096
102,46,0.011,0.022,0.091
102,47,0.034,0.059,0.076
102,48,0.009,0.02,0.094
102,49,0.02,0.037,0.084
102,50,0.015,0.03,0.088
102,51,0.019,0.036,0.085
102,52,0.016,0.031,0.088
102,53,0.022,0.041,0.084
102,54,0.012,0.024,0.092
102,55,0.006,0.012,0.103
102,56,0.017,0.032,0.089
102,57,0.013,0.025,0.093
102,58,0.009,0.018,0.098
102,59,0.013,0.027,0.093
102,60,0.019,0.035,0.089
102,61,0.022,0.04,0.087
102,62,0.043,0.072,0.077
102,63,0.042,0.071,0.077
102,64,0.023,0.042,0.087
102,65,0.019,0.036,0.09
102,66,0.011,0.022,0.099
102,67,0.015,0.029,0.094
102,68,0.036,0.062,0.082
102,69,0.043,0.072,0.079
102,7,0.022,0.041,0.084
102,70,0.036,0.062,0.082
102,71,0.038,0.065,0.082
102,72,0.032,0.056,0.085
102,73,0.021,0.038,0.092
102,74,0.018,0.034,0.094
102,75,0.021,0.038,0.093
102,76,0.012,0.024,0.101
102,77,0.011,0.023,0.103
102,78,0.013,0.026,0.101
102,79,0.008,0.017,0.109
102,8,0.008,0.017,0.096
102,80,0.023,0.041,0.094
102,81,0.029,0.052,0.09
102,82,0.015,0.029,0.101
102,83,0.037,0.063,0.087
102,84,0.012,0.025,0.104
102,85,0.016,0.032,0.1
102,86,0.014,0.027,0.103
102,87,0.025,0.045,0.094
102,88,0.029,0.051,0.093
102,89,0.026,0.047,0.095
102,9,0.009,0.019,0.094
102,90,0.011,0.023,0.108
102,91,0.012,0.024,0.107
102,92,0.007,0.014,0.116
102,93,0.009,0.019,0.113
102,94,0.014,0.028,0.106
102,95,0.01,0.02,0.112
102,96,0.01,0.021,0.112
102,97,0.005,0.011,0.123
102,98,0.006,0.013,0.121
102,99,0.004,0.009,0.127
103,10,0.01,0.02,0.091
103,100,0.014,0.027,0.108
103,101,0.014,0.028,0.107
103,102,0.011,0.023,0.111
103,103,0.009,0.02,0.114
103,104,0.01,0.021,0.113
103,105,0.007,0.016,0.118
103,106,0.007,0.015,0.119
103,107,0.004,0.009,0.128
103,108,0.007,0.016,0.119
103,109,0.002,0.006,0.135
103,11,0.044,0.074,0.07
103,110,0.004,0.009,0.13
103,111,0.004,0.009,0.129
103,112,0.005,0.012,0.125
103,113,0.001,0.004,0.143
103,114,0.002,0.005,0.141
103,115,0.003,0.008,0.133
103,116,0.004,0.01,0.129
103,117,0.004,0.009,0.132
103,118,0.008,0.016,0.122
103,119,0.007,0.015,0.123
103,12,0.017,0.032,0.083
103,120,0.009,0.019,0.119
103,121,0.008,0.016,0.122
103,122,0.012,0.024,0.115
103,123,0.017,0.032,0.109
103,124,0.012,0.025,0.115
103,125,0.007,0.014,0.125
103,126,0.009,0.019,0.12
103,127,0.008,0.017,0.121
103,128,0.007,0.016,0.123
103,129,0.008,0.017,0.122
103,13,0.037,0.064,0.072
103,130,0.013,0.026,0.114
103,131,0.004,0.009,0.133
103,132,0.005,0.012,0.128
103,133,0.001,0.004,0.147
103,134,0.002,0.005,0.143
103,135,0.002,0.006,0.14
103,136,0.002,0.004,0.146
103,137,0.001,0.004,0.149
103,138,0.001,0.003,0.151
103,139,0.002,0.005,0.144
103,14,0.019,0.037,0.08
103,140,0.001,0.003,0.15
103,141,0.002,0.005,0.143
103,142,0.003,0.008,0.136
103,143,0.002,0.004,0.146
103,144,0.002,0.006,0.14
103,145,0.002,0.005,0.142
103,146,0.002,0.005,0.144
103,147,0.001,0.003,0.151
103,148,0.002,0.006,0.142
103,149,0.002,0.006,0.14
103,15,0.009,0.019,0.09
103,150,0.003,0.008,0.136
103,151,0.003,0.007,0.139
103,152,0.004,0.009,0.134
103,153,0.003,0.008,0.137
103,154,0.004,0.009,0.133
103,155,0.001,0.002,0.155
103,156,0.001,0.004,0.147
103,157,0.001,0.003,0.149
103,158,0.001,0.004,0.147
103,159,0.002,0.004,0.145
103,16,0.024,0.043,0.077
103,160,0.001,0.003,0.151
103,161,0.001,0.003,0.153
103,162,0.002,0.006,0.14
103,163,0.001,0.002,0.155
103,164,0.001,0.003,0.149
103,165,0.003,0.007,0.138
103,166,0.002,0.005,0.14
103,167,0.001,0.004,0.147
103,168,0.002,0.004,0.144
103,169,0.002,0.004,0.145
103,17,0.009,0.018,0.09
103,170,0.003,0.007,0.136
103,171,0.004,0.009,0.132
103,172,0.004,0.01,0.131
103,173,0.003,0.008,0.134
103,174,0.006,0.013,0.125
103,175,0.002,0.005,0.142
103,176,0.002,0.005,0.142
103,177,0.002,0.005,0.141
103,178,0.001,0.003,0.149
103,179,0.003,0.007,0.137
103,18,0.006,0.013,0.094
103,180,0.003,0.007,0.136
103,181,0.003,0.008,0.134
103,182,0.009,0.018,0.121
103,183,0.004,0.01,0.132
103,184,0.006,0.014,0.126
103,185,0.006,0.013,0.128
103,186,0.003,0.007,0.138
103,187,0.009,0.018,0.122
103,188,0.011,0.022,0.119
103,189,0.003,0.006,0.141
103,19,0.02,0.037,0.079
103,190,0.003,0.008,0.137
103,191,0.003,0.008,0.139
103,192,0.005,0.011,0.134
103,193,0.001,0.003,0.153
103,194,0.002,0.005,0.147
103,195,0.002,0.006,0.146
103,196,0.002,0.005,0.151
103,197,0.001,0.003,0.159
103,198,0.001,0.003,0.16
103,199,0.002,0.006,0.15
103,20,0.005,0.011,0.096
103,200,0.001,0.003,0.164
103,201,0.002,0.005,0.156
103,202,0.002,0.006,0.153
103,203,0.003,0.008,0.149
103,204,0.005,0.012,0.143
103,205,0.006,0.013,0.143
103,206,0.013,0.027,0.129
103,207,0.019,0.035,0.124
103,208,0.01,0.02,0.137
103,209,0.01,0.021,0.137
103,21,0.024,0.044,0.076
103,210,0.011,0.023,0.137
103,211,0.022,0.041,0.124
103,212,0.017,0.033,0.131
103,213,0.036,0.061,0.117
103,214,0.024,0.044,0.126
103,215,0.029,0.051,0.123
103,216,0.041,0.07,0.116
103,217,0.052,0.086,0.111
103,218,0.045,0.074,0.116
103,219,0.07,0.109,0.106
103,22,0.017,0.033,0.08
103,220,0.06,0.096,0.111
103,221,0.033,0.058,0.126
103,222,0.087,0.132,0.102
103,223,0.073,0.113,0.108
103,224,0.058,0.094,0.114
103,225,0.064,0.102,0.112
103,226,0.08,0.123,0.106
103,227,0.092,0.139,0.103
103,228,0.132,0.189,0.093
103,229,0.124,0.18,0.095
103,23,0.008,0.017,0.089
103,230,0.124,0.179,0.095
103,231,0.109,0.16,0.1
103,232,0.204,0.274,0.079
103,233,0.138,0.196,0.093
103,234,0.076,0.117,0.111
103,235,0.112,0.164,0.099
103,236,0.084,0.128,0.108
103,237,0.071,0.111,0.113
103,238,0.077,0.12,0.11
103,239,0.078,0.12,0.11
103,24,0.005,0.011,0.096
103,240,0.059,0.095,0.118
103,241,0.046,0.076,0.125
103,242,0.038,0.065,0.13
103,243,0.027,0.049,0.138
103,244,0.026,0.047,0.139
103,245,0.023,0.042,0.142
103,246,0.012,0.024,0.157
103,247,0.012,0.025,0.157
103,248,0.013,0.026,0.156
103,249,0.008,0.017,0.168
103,25,0.002,0.005,0.104
103,250,0.006,0.013,0.176
103,251,0.003,0.007,0.191
103,26,0.02,0.038,0.079
103,27,0.005,0.012,0.094
103,28,0.005,0.012,0.095
103,29,0.007,0.015,0.092
103,30,0.009,0.019,0.09
103,31,0.017,0.032,0.082
103,32,0.015,0.029,0.083
103,33,0.024,0.045,0.077
103,34,0.017,0.032,0.082
103,35,0.022,0.041,0.079
103,36,0.01,0.021,0.089
103,37,0.021,0.039,0.08
103,38,0.038,0.065,0.072
103,39,0.016,0.031,0.084
103,40,0.02,0.038,0.081
103,41,0.036,0.061,0.074
103,42,0.063,0.101,0.065
103,43,0.011,0.022,0.09
103,44,0.012,0.023,0.089
103,45,0.024,0.044,0.08
103,46,0.026,0.047,0.079
103,47,0.028,0.05,0.078
103,48,0.045,0.075,0.071
103,49,0.033,0.058,0.076
103,50,0.02,0.038,0.083
103,51,0.063,0.101,0.067
103,52,0.038,0.064,0.075
103,53,0.081,0.124,0.063
103,54,0.056,0.09,0.07
103,55,0.047,0.078,0.073
103,56,0.056,0.091,0.07
103,57,0.072,0.112,0.067
103,58,0.047,0.078,0.074
103,59,0.037,0.063,0.078
103,60,0.023,0.042,0.085
103,61,0.043,0.072,0.076
103,62,0.014,0.028,0.093
103,63,0.038,0.065,0.078
103,64,0.038,0.065,0.079
103,65,0.033,0.058,0.081
103,66,0.031,0.054,0.083
103,67,0.052,0.085,0.075
103,68,0.057,0.092,0.073
103,69,0.039,0.066,0.08
103,7,0.05,0.083,0.072
103,70,0.055,0.09,0.074
103,71,0.084,0.128,0.067
103,72,0.039,0.067,0.081
103,73,0.044,0.073,0.079
103,74,0.063,0.101,0.074
103,75,0.043,0.072,0.08
103,76,0.072,0.112,0.072
103,77,0.041,0.069,0.082
103,78,0.036,0.061,0.085
103,79,0.018,0.034,0.096
103,8,0.034,0.06,0.077
103,80,0.047,0.077,0.081
103,81,0.032,0.056,0.088
103,82,0.035,0.061,0.086
103,83,0.042,0.071,0.084
103,84,0.039,0.067,0.085
103,85,0.061,0.097,0.078
103,86,0.046,0.076,0.083
103,87,0.041,0.069,0.086
103,88,0.017,0.032,0.101
103,89,0.022,0.041,0.096
103,9,0.015,0.03,0.087
103,90,0.083,0.127,0.073
103,91,0.046,0.077,0.085
103,92,0.024,0.044,0.097
103,93,0.034,0.059,0.091
103,94,0.017,0.033,0.102
103,95,0.021,0.04,0.099
103,96,0.015,0.029,0.105
103,97,0.024,0.044,0.098
103,98,0.028,0.049,0.095
103,99,0.013,0.027,0.107
104,10,0.12,0.174,0.055
104,100,0.034,0.059,0.092
104,101,0.018,0.034,0.103
104,102,0.013,0.026,0.108
104,103,0.015,0.03,0.106
104,104,0.029,0.051,0.096
104,105,0.035,0.06,0.092
104,106,0.024,0.044,0.099
104,107,0.01,0.02,0.114
104,108,0.014,0.028,0.108
104,109,0.007,0.015,0.119
104,11,0.089,0.135,0.06
104,110,0.013,0.026,0.11
104,111,0.013,0.026,0.11
104,112,0.007,0.016,0.119
104,113,0.005,0.012,0.124
104,114,0.008,0.016,0.119
104,115,0.008,0.018,0.117
104,116,0.007,0.015,0.121
104,117,0.006,0.013,0.123
104,118,0.003,0.008,0.132
104,119,0.002,0.005,0.139
104,12,0.221,0.293,0.043
104,120,0.005,0.01,0.128
104,121,0.005,0.012,0.126
104,122,0.01,0.02,0.117
104,123,0.012,0.024,0.114
104,124,0.006,0.014,0.123
104,125,0.008,0.017,0.12
104,126,0.011,0.023,0.114
104,127,0.009,0.019,0.118
104,128,0.006,0.013,0.125
104,129,0.005,0.011,0.128
104,13,0.08,0.122,0.06
104,130,0.006,0.014,0.124
104,131,0.004,0.009,0.132
104,132,0.004,0.008,0.133
104,133,0.003,0.007,0.136
104,134,0.005,0.011,0.129
104,135,0.003,0.007,0.137
104,136,0.006,0.013,0.126
104,137,0.012,0.024,0.115
104,138,0.005,0.011,0.129
104,139,0.004,0.01,0.131
104,14,0.036,0.062,0.072
104,140,0.003,0.008,0.135
104,141,0.003,0.008,0.135
104,142,0.005,0.011,0.129
104,143,0.004,0.009,0.133
104,144,0.004,0.009,0.132
104,145,0.003,0.007,0.137
104,146,0.005,0.011,0.128
104,147,0.008,0.017,0.122
104,148,0.007,0.014,0.125
104,149,0.004,0.01,0.131
104,15,0.032,0.056,0.073
104,150,0.002,0.006,0.139
104,151,0.004,0.01,0.131
104,152,0.005,0.011,0.129
104,153,0.003,0.008,0.134
104,154,0.006,0.012,0.126
104,155,0.004,0.009,0.133
104,156,0.004,0.008,0.133
104,157,0.003,0.007,0.136
104,158,0.003,0.007,0.136
104,159,0.002,0.004,0.143
104,16,0.031,0.055,0.073
104,160,0.001,0.004,0.145
104,161,0.001,0.004,0.145
104,162,0.003,0.007,0.136
104,163,0.003,0.008,0.133
104,164,0.003,0.007,0.137
104,165,0.003,0.006,0.138
104,166,0.002,0.005,0.142
104,167,0.003,0.007,0.136
104,168,0.002,0.005,0.142
104,169,0.004,0.008,0.133
104,17,0.039,0.067,0.07
104,170,0.002,0.006,0.14
104,171,0.005,0.012,0.128
104,172,0.002,0.005,0.142
104,173,0.002,0.005,0.142
104,174,0.002,0.005,0.142
104,175,0.002,0.005,0.144
104,176,0.001,0.004,0.147
104,177,0.001,0.004,0.146
104,178,0.001,0.004,0.146
104,179,0.003,0.007,0.138
104,18,0.012,0.025,0.084
104,180,0.004,0.008,0.134
104,181,0.003,0.007,0.137
104,182,0.002,0.006,0.139
104,183,0.003,0.007,0.138
104,184,0.002,0.004,0.146
104,185,0.002,0.005,0.143
104,186,0.002,0.006,0.144
104,187,0.003,0.007,0.139
104,188,0.006,0.012,0.131
104,189,0.005,0.011,0.134
104,19,0.018,0.034,0.08
104,190,0.002,0.005,0.146
104,191,0.001,0.004,0.151
104,192,0.007,0.015,0.129
104,193,0.005,0.011,0.136
104,194,0.004,0.009,0.141
104,195,0.002,0.006,0.148
104,196,0.004,0.009,0.143
104,197,0.003,0.008,0.145
104,198,0.006,0.014,0.135
104,199,0.008,0.018,0.132
104,20,0.013,0.026,0.083
104,200,0.013,0.026,0.125
104,201,0.011,0.022,0.13
104,202,0.01,0.021,0.131
104,203,0.014,0.027,0.127
104,204,0.01,0.021,0.133
104,205,0.009,0.02,0.136
104,206,0.016,0.03,0.128
104,207,0.026,0.047,0.119
104,208,0.022,0.04,0.124
104,209,0.011,0.022,0.138
104,21,0.012,0.025,0.085
104,210,0.016,0.031,0.132
104,211,0.02,0.037,0.129
104,212,0.023,0.042,0.127
104,213,0.037,0.064,0.117
104,214,0.046,0.077,0.113
104,215,0.028,0.05,0.126
104,216,0.046,0.076,0.115
104,217,0.076,0.118,0.103
104,218,0.074,0.115,0.104
104,219,0.089,0.135,0.1
104,22,0.019,0.036,0.079
104,220,0.07,0.11,0.107
104,221,0.137,0.195,0.089
104,222,0.1,0.149,0.099
104,223,0.109,0.16,0.096
104,224,0.14,0.198,0.089
104,225,0.108,0.159,0.098
104,226,0.153,0.214,0.087
104,227,0.173,0.238,0.083
104,228,0.203,0.273,0.078
104,229,0.192,0.261,0.081
104,23,0.019,0.036,0.079
104,230,0.198,0.267,0.079
104,231,0.224,0.297,0.075
104,232,0.18,0.247,0.083
104,233,0.154,0.216,0.089
104,234,0.19,0.258,0.081
104,235,0.219,0.292,0.076
104,236,0.183,0.249,0.083
104,237,0.14,0.199,0.092
104,238,0.092,0.139,0.105
104,239,0.12,0.175,0.096
104,24,0.011,0.023,0.085
104,240,0.084,0.128,0.108
104,241,0.079,0.121,0.109
104,242,0.093,0.139,0.105
104,243,0.036,0.062,0.13
104,244,0.059,0.095,0.117
104,245,0.025,0.045,0.14
104,246,0.022,0.041,0.143
104,247,0.017,0.033,0.149
104,248,0.009,0.018,0.165
104,249,0.004,0.01,0.179
104,25,0.014,0.028,0.083
104,250,0.003,0.007,0.188
104,251,0.003,0.007,0.191
104,26,0.019,0.036,0.079
104,27,0.013,0.026,0.084
104,28,0.006,0.013,0.094
104,29,0.007,0.016,0.091
104,30,0.025,0.046,0.076
104,31,0.008,0.017,0.091
104,32,0.007,0.015,0.092
104,33,0.01,0.02,0.089
104,34,0.012,0.025,0.086
104,35,0.012,0.025,0.086
104,36,0.008,0.017,0.092
104,37,0.008,0.016,0.092
104,38,0.012,0.025,0.087
104,39,0.024,0.044,0.079
104,40,0.034,0.058,0.074
104,41,0.02,0.037,0.081
104,42,0.014,0.027,0.086
104,43,0.015,0.029,0.086
104,44,0.008,0.017,0.093
104,45,0.02,0.037,0.082
104,46,0.025,0.045,0.08
104,47,0.025,0.045,0.08
104,48,0.026,0.047,0.079
104,49,0.017,0.032,0.085
104,50,0.024,0.044,0.081
104,51,0.048,0.08,0.071
104,52,0.045,0.075,0.073
104,53,0.02,0.038,0.084
104,54,0.037,0.063,0.076
104,55,0.09,0.137,0.062
104,56,0.056,0.09,0.07
104,57,0.057,0.092,0.07
104,58,0.077,0.119,0.065
104,59,0.204,0.274,0.047
104,60,0.086,0.131,0.064
104,61,0.045,0.075,0.075
104,62,0.055,0.09,0.072
104,63,0.063,0.1,0.07
104,64,0.072,0.113,0.068
104,65,0.04,0.067,0.078
104,66,0.069,0.109,0.069
104,67,0.094,0.141,0.064
104,68,0.036,0.063,0.08
104,69,0.105,0.155,0.062
104,7,0.185,0.252,0.049
104,70,0.11,0.161,0.062
104,71,0.119,0.173,0.06
104,72,0.119,0.172,0.061
104,73,0.074,0.115,0.07
104,74,0.048,0.079,0.078
104,75,0.043,0.072,0.08
104,76,0.141,0.2,0.058
104,77,0.096,0.144,0.066
104,78,0.079,0.121,0.07
104,79,0.063,0.101,0.075
104,8,0.087,0.132,0.062
104,80,0.103,0.152,0.066
104,81,0.054,0.088,0.078
104,82,0.068,0.107,0.074
104,83,0.104,0.154,0.066
104,84,0.061,0.097,0.077
104,85,0.09,0.136,0.07
104,86,0.1,0.149,0.068
104,87,0.03,0.053,0.09
104,88,0.033,0.057,0.089
104,89,0.058,0.093,0.079
104,9,0.088,0.134,0.061
104,90,0.053,0.086,0.081
104,91,0.045,0.075,0.084
104,92,0.03,0.053,0.092
104,93,0.046,0.076,0.085
104,94,0.037,0.063,0.089
104,95,0.034,0.059,0.09
104,96,0.039,0.067,0.088
104,97,0.07,0.109,0.078
104,98,0.063,0.1,0.08
104,99,0.053,0.086,0.083
105,10,0.064,0.101,0.066
105,100,0.056,0.09,0.082
105,101,0.026,0.046,0.096
105,102,0.021,0.039,0.099
105,103,0.028,0.049,0.095
105,104,0.029,0.051,0.095
105,105,0.011,0.022,0.11
105,106,0.024,0.045,0.098
105,107,0.017,0.033,0.104
105,108,0.021,0.039,0.101
105,109,0.031,0.055,0.094
105,11,0.013,0.026,0.088
105,110,0.013,0.026,0.109
105,111,0.018,0.034,0.104
105,112,0.033,0.057,0.094
105,113,0.034,0.059,0.094
105,114,0.038,0.065,0.092
105,115,0.033,0.057,0.095
105,116,0.027,0.048,0.098
105,117,0.018,0.033,0.106
105,118,0.014,0.028,0.109
105,119,0.025,0.046,0.1
105,12,0.042,0.07,0.071
105,120,0.015,0.029,0.109
105,121,0.013,0.026,0.111
105,122,0.007,0.015,0.12
105,123,0.009,0.019,0.117
105,124,0.007,0.016,0.12
105,125,0.006,0.012,0.124
105,126,0.008,0.017,0.119
105,127,0.004,0.009,0.129
105,128,0.01,0.02,0.116
105,129,0.004,0.01,0.128
105,13,0.076,0.118,0.061
105,130,0.011,0.022,0.115
105,131,0.013,0.026,0.111
105,132,0.007,0.016,0.121
105,133,0.006,0.014,0.123
105,134,0.009,0.018,0.119
105,135,0.009,0.019,0.118
105,136,0.008,0.016,0.121
105,137,0.019,0.035,0.106
105,138,0.016,0.031,0.109
105,139,0.015,0.029,0.111
105,14,0.053,0.086,0.067
105,140,0.014,0.028,0.111
105,141,0.008,0.018,0.119
105,142,0.004,0.01,0.13
105,143,0.004,0.01,0.13
105,144,0.008,0.017,0.12
105,145,0.005,0.012,0.126
105,146,0.003,0.008,0.132
105,147,0.006,0.013,0.125
105,148,0.003,0.008,0.133
105,149,0.003,0.008,0.133
105,15,0.03,0.053,0.075
105,150,0.005,0.011,0.128
105,151,0.003,0.007,0.135
105,152,0.001,0.002,0.155
105,153,0.001,0.002,0.153
105,154,0.002,0.005,0.14
105,155,0.001,0.004,0.144
105,156,0.001,0.004,0.143
105,157,0.001,0.002,0.155
105,158,0.001,0.002,0.151
105,159,0.001,0.003,0.147
105,16,0.035,0.061,0.072
105,160,0.001,0.004,0.144
105,161,0.003,0.007,0.135
105,162,0.003,0.006,0.136
105,163,0.003,0.007,0.135
105,164,0.002,0.005,0.139
105,165,0.004,0.009,0.131
105,166,0.004,0.01,0.129
105,167,0.005,0.012,0.125
105,168,0.005,0.011,0.128
105,169,0.005,0.011,0.128
105,17,0.084,0.128,0.059
105,170,0.01,0.02,0.117
105,171,0.008,0.017,0.12
105,172,0.007,0.015,0.123
105,173,0.003,0.007,0.136
105,174,0.002,0.006,0.139
105,175,0.004,0.009,0.132
105,176,0.003,0.008,0.134
105,177,0.002,0.006,0.139
105,178,0.002,0.004,0.144
105,179,0.002,0.005,0.143
105,18,0.095,0.142,0.057
105,180,0.003,0.008,0.136
105,181,0.004,0.01,0.131
105,182,0.002,0.005,0.145
105,183,0.002,0.005,0.143
105,184,0.001,0.003,0.155
105,185,0.001,0.002,0.157
105,186,0.001,0.003,0.153
105,187,0.001,0.002,0.163
105,188,0.001,0.003,0.156
105,189,0.002,0.004,0.151
105,19,0.036,0.062,0.071
105,190,0.002,0.004,0.151
105,191,0.001,0.003,0.155
105,192,0.002,0.005,0.148
105,193,0.002,0.005,0.151
105,194,0.002,0.004,0.154
105,195,0.003,0.007,0.146
105,196,0.005,0.011,0.139
105,197,0.007,0.015,0.135
105,198,0.007,0.015,0.136
105,199,0.004,0.01,0.145
105,20,0.032,0.056,0.072
105,200,0.006,0.014,0.14
105,201,0.002,0.006,0.156
105,202,0.003,0.007,0.155
105,203,0.005,0.011,0.147
105,204,0.008,0.016,0.141
105,205,0.017,0.032,0.127
105,206,0.012,0.024,0.135
105,207,0.011,0.022,0.138
105,208,0.022,0.04,0.125
105,209,0.016,0.03,0.133
105,21,0.045,0.075,0.068
105,210,0.013,0.027,0.137
105,211,0.009,0.019,0.145
105,212,0.016,0.032,0.135
105,213,0.022,0.04,0.13
105,214,0.023,0.042,0.13
105,215,0.024,0.044,0.13
105,216,0.03,0.053,0.126
105,217,0.036,0.062,0.122
105,218,0.038,0.064,0.122
105,219,0.034,0.059,0.125
105,22,0.034,0.06,0.071
105,220,0.038,0.064,0.124
105,221,0.064,0.102,0.111
105,222,0.067,0.106,0.11
105,223,0.028,0.05,0.132
105,224,0.038,0.065,0.125
105,225,0.051,0.084,0.119
105,226,0.046,0.076,0.122
105,227,0.066,0.105,0.112
105,228,0.073,0.114,0.11
105,229,0.11,0.162,0.098
105,23,0.012,0.024,0.085
105,230,0.083,0.126,0.107
105,231,0.063,0.1,0.115
105,232,0.047,0.079,0.122
105,233,0.06,0.096,0.116
105,234,0.061,0.098,0.115
105,235,0.036,0.062,0.129
105,236,0.032,0.056,0.132
105,237,0.039,0.066,0.127
105,238,0.041,0.07,0.126
105,239,0.026,0.047,0.137
105,24,0.015,0.03,0.082
105,240,0.028,0.05,0.136
105,241,0.032,0.056,0.132
105,242,0.014,0.028,0.151
105,243,0.014,0.028,0.151
105,244,0.008,0.017,0.163
105,245,0.013,0.026,0.153
105,246,0.006,0.014,0.17
105,247,0.006,0.014,0.169
105,248,0.004,0.009,0.181
105,249,0.003,0.007,0.187
105,25,0.014,0.028,0.082
105,250,0.002,0.004,0.198
105,251,0.001,0.002,0.215
105,26,0.015,0.028,0.082
105,27,0.015,0.03,0.082
105,28,0.011,0.023,0.085
105,29,0.019,0.036,0.079
105,30,0.01,0.02,0.087
105,31,0.013,0.025,0.085
105,32,0.028,0.05,0.075
105,33,0.023,0.042,0.077
105,34,0.027,0.048,0.076
105,35,0.014,0.027,0.084
105,36,0.027,0.048,0.076
105,37,0.035,0.06,0.073
105,38,0.01,0.02,0.089
105,39,0.022,0.041,0.079
105,40,0.036,0.062,0.073
105,41,0.029,0.052,0.076
105,42,0.043,0.072,0.071
105,43,0.028,0.049,0.077
105,44,0.028,0.05,0.077
105,45,0.035,0.061,0.074
105,46,0.054,0.087,0.068
105,47,0.056,0.091,0.068
105,48,0.036,0.062,0.074
105,49,0.044,0.073,0.072
105,50,0.061,0.098,0.067
105,51,0.057,0.091,0.068
105,52,0.066,0.105,0.066
105,53,0.069,0.108,0.065
105,54,0.04,0.068,0.074
105,55,0.072,0.112,0.065
105,56,0.109,0.16,0.058
105,57,0.103,0.153,0.06
105,58,0.105,0.155,0.06
105,59,0.085,0.129,0.064
105,60,0.045,0.076,0.074
105,61,0.082,0.126,0.064
105,62,0.047,0.078,0.074
105,63,0.124,0.179,0.057
105,64,0.066,0.104,0.069
105,65,0.037,0.064,0.079
105,66,0.076,0.117,0.067
105,67,0.041,0.069,0.077
105,68,0.076,0.117,0.068
105,69,0.035,0.061,0.08
105,7,0.05,0.082,0.072
105,70,0.048,0.08,0.076
105,71,0.044,0.074,0.077
105,72,0.033,0.058,0.082
105,73,0.063,0.1,0.072
105,74,0.057,0.092,0.074
105,75,0.079,0.121,0.069
105,76,0.044,0.074,0.079
105,77,0.072,0.112,0.071
105,78,0.069,0.109,0.072
105,79,0.096,0.144,0.066
105,8,0.037,0.063,0.076
105,80,0.09,0.136,0.068
105,81,0.054,0.087,0.077
105,82,0.044,0.074,0.081
105,83,0.036,0.061,0.085
105,84,0.042,0.07,0.082
105,85,0.033,0.057,0.086
105,86,0.022,0.041,0.093
105,87,0.057,0.092,0.078
105,88,0.031,0.055,0.089
105,89,0.028,0.049,0.091
105,9,0.048,0.079,0.071
105,90,0.038,0.065,0.086
105,91,0.024,0.044,0.094
105,92,0.02,0.037,0.097
105,93,0.042,0.071,0.085
105,94,0.026,0.048,0.094
105,95,0.029,0.051,0.092
105,96,0.018,0.034,0.101
105,97,0.019,0.035,0.1
105,98,0.01,0.021,0.11
105,99,0.026,0.047,0.095
106,10,0.065,0.103,0.066
106,100,0.022,0.041,0.097
106,101,0.018,0.035,0.1
106,102,0.013,0.026,0.106
106,103,0.028,0.051,0.094
106,104,0.024,0.044,0.097
106,105,0.018,0.034,0.102
106,106,0.018,0.034,0.102
106,107,0.02,0.038,0.1
106,108,0.028,0.05,0.095
106,109,0.035,0.06,0.091
106,11,0.095,0.143,0.059
106,110,0.024,0.044,0.098
106,111,0.028,0.049,0.096
106,112,0.024,0.044,0.098
106,113,0.036,0.062,0.091
106,114,0.031,0.055,0.094
106,115,0.038,0.065,0.091
106,116,0.094,0.142,0.073
106,117,0.053,0.086,0.085
106,118,0.034,0.059,0.093
106,119,0.031,0.055,0.095
106,12,0.034,0.059,0.074
106,120,0.031,0.055,0.095
106,121,0.023,0.042,0.101
106,122,0.031,0.054,0.096
106,123,0.049,0.081,0.087
106,124,0.033,0.057,0.094
106,125,0.04,0.067,0.091
106,126,0.065,0.103,0.082
106,127,0.046,0.077,0.089
106,128,0.026,0.047,0.099
106,129,0.023,0.042,0.101
106,13,0.027,0.048,0.077
106,130,0.021,0.04,0.103
106,131,0.028,0.051,0.098
106,132,0.042,0.07,0.091
106,133,0.051,0.084,0.087
106,134,0.033,0.058,0.095
106,135,0.02,0.038,0.104
106,136,0.014,0.027,0.11
106,137,0.015,0.029,0.109
106,138,0.014,0.027,0.11
106,139,0.019,0.036,0.105
106,14,0.081,0.124,0.06
106,140,0.018,0.034,0.106
106,141,0.014,0.027,0.111
106,142,0.038,0.065,0.093
106,143,0.022,0.041,0.103
106,144,0.01,0.021,0.115
106,145,0.009,0.018,0.118
106,146,0.006,0.014,0.123
106,147,0.01,0.02,0.116
106,148,0.01,0.021,0.115
106,149,0.008,0.017,0.119
106,15,0.087,0.132,0.059
106,150,0.005,0.011,0.127
106,151,0.006,0.013,0.123
106,152,0.006,0.014,0.123
106,153,0.009,0.018,0.117
106,154,0.003,0.006,0.135
106,155,0.003,0.008,0.133
106,156,0.005,0.012,0.126
106,157,0.003,0.008,0.132
106,158,0.002,0.006,0.136
106,159,0.002,0.004,0.142
106,16,0.06,0.096,0.065
106,160,0.002,0.004,0.141
106,161,0.004,0.01,0.129
106,162,0.005,0.012,0.125
106,163,0.004,0.008,0.131
106,164,0.01,0.021,0.116
106,165,0.006,0.014,0.123
106,166,0.007,0.015,0.122
106,167,0.01,0.021,0.116
106,168,0.012,0.024,0.114
106,169,0.008,0.017,0.12
106,17,0.137,0.194,0.051
106,170,0.007,0.016,0.121
106,171,0.007,0.015,0.122
106,172,0.011,0.023,0.115
106,173,0.009,0.018,0.12
106,174,0.005,0.011,0.129
106,175,0.008,0.016,0.122
106,176,0.008,0.017,0.121
106,177,0.003,0.007,0.138
106,178,0.001,0.004,0.148
106,179,0.001,0.004,0.149
106,18,0.079,0.122,0.06
106,180,0.003,0.007,0.138
106,181,0.008,0.018,0.123
106,182,0.01,0.02,0.12
106,183,0.007,0.015,0.127
106,184,0.006,0.013,0.13
106,185,0.004,0.009,0.138
106,186,0.003,0.007,0.142
106,187,0.004,0.009,0.138
106,188,0.007,0.015,0.129
106,189,0.009,0.018,0.126
106,19,0.072,0.112,0.061
106,190,0.004,0.01,0.138
106,191,0.009,0.019,0.127
106,192,0.018,0.034,0.116
106,193,0.014,0.027,0.122
106,194,0.014,0.028,0.122
106,195,0.015,0.029,0.121
106,196,0.031,0.055,0.108
106,197,0.034,0.059,0.108
106,198,0.024,0.044,0.115
106,199,0.016,0.032,0.124
106,20,0.036,0.062,0.071
106,200,0.025,0.045,0.117
106,201,0.013,0.026,0.13
106,202,0.019,0.036,0.124
106,203,0.016,0.031,0.129
106,204,0.013,0.027,0.133
106,205,0.028,0.049,0.12
106,206,0.035,0.061,0.116
106,207,0.017,0.033,0.131
106,208,0.035,0.061,0.117
106,209,0.026,0.047,0.125
106,21,0.069,0.109,0.062
106,210,0.017,0.032,0.135
106,211,0.015,0.029,0.138
106,212,0.03,0.053,0.124
106,213,0.028,0.05,0.126
106,214,0.035,0.061,0.122
106,215,0.068,0.106,0.107
106,216,0.062,0.099,0.109
106,217,0.091,0.137,0.1
106,218,0.098,0.147,0.098
106,219,0.112,0.165,0.095
106,22,0.093,0.14,0.057
106,220,0.105,0.156,0.097
106,221,0.132,0.189,0.091
106,222,0.127,0.182,0.092
106,223,0.12,0.175,0.094
106,224,0.132,0.189,0.092
106,225,0.126,0.181,0.093
106,226,0.171,0.236,0.084
106,227,0.141,0.2,0.09
106,228,0.128,0.185,0.093
106,229,0.099,0.148,0.101
106,23,0.045,0.075,0.068
106,230,0.122,0.177,0.095
106,231,0.164,0.227,0.086
106,232,0.072,0.112,0.111
106,233,0.093,0.139,0.103
106,234,0.085,0.13,0.106
106,235,0.085,0.129,0.106
106,236,0.077,0.119,0.108
106,237,0.047,0.078,0.122
106,238,0.046,0.076,0.122
106,239,0.046,0.077,0.122
106,24,0.033,0.058,0.072
106,240,0.037,0.064,0.128
106,241,0.022,0.041,0.14
106,242,0.022,0.04,0.14
106,243,0.03,0.053,0.133
106,244,0.019,0.036,0.144
106,245,0.017,0.033,0.147
106,246,0.007,0.015,0.166
106,247,0.006,0.014,0.169
106,248,0.007,0.016,0.166
106,249,0.003,0.008,0.184
106,25,0.045,0.075,0.068
106,250,0.002,0.005,0.196
106,251,0.002,0.004,0.199
106,26,0.027,0.048,0.075
106,27,0.078,0.12,0.06
106,28,0.022,0.04,0.078
106,29,0.047,0.078,0.067
106,30,0.068,0.107,0.062
106,31,0.034,0.059,0.072
106,32,0.044,0.074,0.069
106,33,0.038,0.065,0.071
106,34,0.018,0.034,0.081
106,35,0.038,0.065,0.071
106,36,0.02,0.037,0.08
106,37,0.018,0.034,0.081
106,38,0.022,0.041,0.079
106,39,0.04,0.067,0.071
106,40,0.024,0.043,0.079
106,41,0.042,0.07,0.071
106,42,0.025,0.045,0.078
106,43,0.006,0.014,0.095
106,44,0.017,0.032,0.084
106,45,0.019,0.036,0.082
106,46,0.033,0.058,0.075
106,47,0.032,0.057,0.076
106,48,0.017,0.033,0.084
106,49,0.051,0.084,0.069
106,50,0.054,0.087,0.069
106,51,0.043,0.073,0.072
106,52,0.086,0.13,0.062
106,53,0.02,0.038,0.084
106,54,0.033,0.058,0.077
106,55,0.076,0.117,0.064
106,56,0.052,0.084,0.071
106,57,0.043,0.073,0.073
106,58,0.043,0.072,0.074
106,59,0.042,0.07,0.075
106,60,0.1,0.149,0.061
106,61,0.063,0.101,0.069
106,62,0.058,0.094,0.07
106,63,0.051,0.084,0.072
106,64,0.022,0.041,0.085
106,65,0.06,0.096,0.071
106,66,0.07,0.11,0.068
106,67,0.048,0.08,0.075
106,68,0.068,0.106,0.069
106,69,0.079,0.122,0.067
106,7,0.123,0.178,0.057
106,70,0.059,0.094,0.073
106,71,0.036,0.062,0.081
106,72,0.068,0.107,0.07
106,73,0.125,0.18,0.06
106,74,0.108,0.159,0.063
106,75,0.055,0.089,0.075
106,76,0.064,0.102,0.073
106,77,0.066,0.104,0.073
106,78,0.055,0.089,0.076
106,79,0.046,0.076,0.08
106,8,0.06,0.096,0.069
106,80,0.039,0.066,0.083
106,81,0.058,0.094,0.076
106,82,0.056,0.091,0.077
106,83,0.038,0.065,0.084
106,84,0.038,0.065,0.084
106,85,0.025,0.046,0.091
106,86,0.015,0.029,0.099
106,87,0.012,0.024,0.103
106,88,0.042,0.07,0.084
106,89,0.056,0.091,0.079
106,9,0.117,0.17,0.056
106,90,0.031,0.055,0.089
106,91,0.05,0.082,0.081
106,92,0.051,0.084,0.081
106,93,0.063,0.101,0.077
106,94,0.031,0.055,0.09
106,95,0.076,0.118,0.074
106,96,0.046,0.077,0.083
106,97,0.082,0.126,0.073
106,98,0.084,0.128,0.073
106,99,0.04,0.068,0.087
107,10,0.094,0.141,0.06
107,100,0.057,0.092,0.08
107,101,0.025,0.046,0.094
107,102,0.046,0.077,0.084
107,103,0.031,0.055,0.091
107,104,0.031,0.054,0.092
107,105,0.044,0.074,0.086
107,106,0.015,0.03,0.104
107,107,0.016,0.031,0.103
107,108,0.019,0.036,0.1
107,109,0.015,0.029,0.105
107,11,0.068,0.107,0.065
107,110,0.013,0.026,0.107
107,111,0.019,0.037,0.1
107,112,0.028,0.05,0.095
107,113,0.059,0.095,0.082
107,114,0.025,0.046,0.097
107,115,0.032,0.057,0.093
107,116,0.029,0.052,0.095
107,117,0.027,0.048,0.096
107,118,0.039,0.067,0.09
107,119,0.024,0.043,0.098
107,12,0.068,0.107,0.064
107,120,0.023,0.043,0.099
107,121,0.034,0.058,0.093
107,122,0.036,0.062,0.092
107,123,0.029,0.052,0.096
107,124,0.017,0.033,0.105
107,125,0.019,0.036,0.103
107,126,0.038,0.065,0.091
107,127,0.025,0.046,0.098
107,128,0.026,0.048,0.098
107,129,0.026,0.047,0.098
107,13,0.031,0.055,0.075
107,130,0.022,0.04,0.101
107,131,0.021,0.039,0.102
107,132,0.024,0.045,0.1
107,133,0.01,0.021,0.114
107,134,0.033,0.058,0.095
107,135,0.041,0.069,0.091
107,136,0.035,0.061,0.094
107,137,0.043,0.072,0.09
107,138,0.051,0.083,0.087
107,139,0.057,0.092,0.085
107,14,0.036,0.062,0.073
107,140,0.037,0.063,0.093
107,141,0.021,0.039,0.103
107,142,0.014,0.028,0.11
107,143,0.007,0.016,0.12
107,144,0.008,0.017,0.119
107,145,0.016,0.03,0.108
107,146,0.013,0.026,0.111
107,147,0.006,0.013,0.123
107,148,0.005,0.011,0.126
107,149,0.002,0.005,0.137
107,15,0.029,0.052,0.076
107,150,0.002,0.005,0.14
107,151,0.003,0.008,0.13
107,152,0.006,0.013,0.123
107,153,0.006,0.013,0.123
107,154,0.006,0.012,0.124
107,155,0.003,0.008,0.131
107,156,0.003,0.008,0.132
107,157,0.003,0.007,0.134
107,158,0.003,0.008,0.131
107,159,0.004,0.009,0.129
107,16,0.066,0.105,0.063
107,160,0.004,0.009,0.129
107,161,0.01,0.021,0.115
107,162,0.005,0.011,0.127
107,163,0.005,0.012,0.126
107,164,0.005,0.012,0.126
107,165,0.005,0.012,0.127
107,166,0.003,0.006,0.136
107,167,0.005,0.011,0.129
107,168,0.003,0.008,0.133
107,169,0.006,0.013,0.125
107,17,0.034,0.059,0.073
107,170,0.005,0.011,0.128
107,171,0.005,0.012,0.127
107,172,0.005,0.012,0.127
107,173,0.002,0.006,0.14
107,174,0.001,0.003,0.149
107,175,0.005,0.011,0.13
107,176,0.004,0.01,0.131
107,177,0.005,0.011,0.13
107,178,0.003,0.008,0.136
107,179,0.004,0.01,0.132
107,18,0.032,0.055,0.073
107,180,0.012,0.025,0.116
107,181,0.01,0.02,0.121
107,182,0.008,0.018,0.124
107,183,0.009,0.019,0.123
107,184,0.011,0.022,0.121
107,185,0.017,0.032,0.115
107,186,0.018,0.034,0.114
107,187,0.014,0.027,0.119
107,188,0.009,0.019,0.126
107,189,0.012,0.024,0.123
107,19,0.025,0.045,0.077
107,190,0.019,0.036,0.115
107,191,0.021,0.039,0.114
107,192,0.02,0.038,0.116
107,193,0.013,0.026,0.125
107,194,0.012,0.024,0.126
107,195,0.02,0.038,0.118
107,196,0.035,0.06,0.108
107,197,0.031,0.054,0.111
107,198,0.056,0.09,0.1
107,199,0.027,0.049,0.116
107,20,0.049,0.081,0.067
107,200,0.031,0.055,0.114
107,201,0.028,0.049,0.117
107,202,0.032,0.057,0.115
107,203,0.043,0.073,0.11
107,204,0.039,0.067,0.112
107,205,0.043,0.072,0.111
107,206,0.036,0.062,0.116
107,207,0.072,0.113,0.1
107,208,0.05,0.083,0.11
107,209,0.068,0.107,0.103
107,21,0.04,0.068,0.07
107,210,0.081,0.124,0.099
107,211,0.085,0.13,0.099
107,212,0.046,0.077,0.115
107,213,0.137,0.194,0.086
107,214,0.122,0.176,0.09
107,215,0.125,0.18,0.09
107,216,0.162,0.225,0.082
107,217,0.114,0.166,0.094
107,218,0.159,0.222,0.084
107,219,0.124,0.179,0.092
107,22,0.009,0.019,0.088
107,220,0.201,0.271,0.077
107,221,0.152,0.213,0.086
107,222,0.189,0.257,0.079
107,223,0.1,0.149,0.1
107,224,0.139,0.197,0.09
107,225,0.163,0.226,0.085
107,226,0.13,0.186,0.092
107,227,0.19,0.258,0.08
107,228,0.166,0.23,0.085
107,229,0.13,0.187,0.092
107,23,0.016,0.03,0.082
107,230,0.164,0.228,0.085
107,231,0.125,0.18,0.094
107,232,0.089,0.135,0.104
107,233,0.103,0.153,0.099
107,234,0.065,0.103,0.112
107,235,0.103,0.153,0.099
107,236,0.034,0.06,0.129
107,237,0.035,0.061,0.128
107,238,0.041,0.069,0.125
107,239,0.024,0.044,0.137
107,24,0.01,0.02,0.088
107,240,0.011,0.022,0.154
107,241,0.01,0.02,0.157
107,242,0.007,0.015,0.164
107,243,0.003,0.008,0.18
107,244,0.005,0.011,0.172
107,245,0.002,0.006,0.185
107,246,0.001,0.004,0.195
107,247,0.001,0.002,0.206
107,248,0.002,0.004,0.195
107,249,0.001,0.002,0.21
107,25,0.006,0.013,0.093
107,250,0.0,0.001,0.22
107,251,0.0,0.002,0.221
107,26,0.018,0.034,0.08
107,27,0.024,0.043,0.077
107,28,0.042,0.071,0.069
107,29,0.013,0.025,0.085
107,30,0.014,0.028,0.083
107,31,0.019,0.036,0.08
107,32,0.01,0.021,0.087
107,33,0.017,0.033,0.081
107,34,0.033,0.057,0.073
107,35,0.019,0.036,0.08
107,36,0.014,0.027,0.085
107,37,0.023,0.043,0.078
107,38,0.033,0.057,0.074
107,39,0.028,0.051,0.076
107,40,0.033,0.058,0.074
107,41,0.028,0.051,0.076
107,42,0.035,0.061,0.073
107,43,0.04,0.068,0.072
107,44,0.048,0.08,0.069
107,45,0.028,0.05,0.077
107,46,0.023,0.042,0.08
107,47,0.014,0.028,0.086
107,48,0.042,0.071,0.072
107,49,0.031,0.055,0.077
107,50,0.019,0.036,0.083
107,51,0.08,0.123,0.062
107,52,0.119,0.172,0.056
107,53,0.08,0.123,0.063
107,54,0.061,0.098,0.067
107,55,0.113,0.166,0.057
107,56,0.088,0.133,0.061
107,57,0.113,0.166,0.057
107,58,0.067,0.106,0.067
107,59,0.079,0.122,0.064
107,60,0.086,0.131,0.063
107,61,0.062,0.098,0.069
107,62,0.081,0.124,0.065
107,63,0.073,0.114,0.066
107,64,0.069,0.108,0.068
107,65,0.061,0.097,0.07
107,66,0.063,0.1,0.07
107,67,0.063,0.101,0.07
107,68,0.079,0.122,0.066
107,69,0.116,0.169,0.06
107,70,0.079,0.122,0.067
107,71,0.068,0.107,0.07
107,72,0.099,0.147,0.063
107,73,0.155,0.217,0.055
107,74,0.082,0.126,0.067
107,75,0.067,0.106,0.071
107,76,0.096,0.144,0.065
107,77,0.07,0.11,0.071
107,78,0.04,0.068,0.081
107,79,0.036,0.062,0.083
107,8,0.157,0.219,0.052
107,80,0.123,0.178,0.061
107,81,0.052,0.085,0.077
107,82,0.054,0.088,0.077
107,83,0.066,0.104,0.074
107,84,0.038,0.065,0.083
107,85,0.066,0.104,0.074
107,86,0.164,0.227,0.056
107,87,0.109,0.16,0.065
107,88,0.078,0.121,0.072
107,89,0.045,0.075,0.082
107,9,0.115,0.168,0.057
107,90,0.058,0.094,0.078
107,91,0.082,0.126,0.072
107,92,0.088,0.133,0.07
107,93,0.05,0.082,0.081
107,94,0.043,0.073,0.084
107,95,0.043,0.072,0.084
107,96,0.065,0.103,0.077
107,97,0.062,0.099,0.078
107,98,0.048,0.079,0.083
107,99,0.096,0.143,0.07
108,10,0.112,0.164,0.057
108,100,0.019,0.036,0.097
108,101,0.022,0.04,0.096
108,102,0.025,0.045,0.094
108,103,0.017,0.033,0.1
108,104,0.017,0.032,0.101
108,105,0.016,0.03,0.102
108,106,0.009,0.018,0.11
108,107,0.011,0.022,0.108
108,108,0.015,0.03,0.102
108,109,0.013,0.026,0.105
108,11,0.099,0.147,0.059
108,110,0.023,0.042,0.097
108,111,0.025,0.045,0.096
108,112,0.02,0.038,0.099
108,113,0.013,0.026,0.106
108,114,0.007,0.015,0.116
108,115,0.015,0.029,0.104
108,116,0.004,0.009,0.123
108,117,0.02,0.037,0.1
108,118,0.02,0.038,0.099
108,119,0.013,0.026,0.107
108,12,0.059,0.095,0.066
108,120,0.025,0.045,0.097
108,121,0.009,0.02,0.112
108,122,0.01,0.02,0.112
108,123,0.008,0.017,0.115
108,124,0.007,0.015,0.118
108,125,0.011,0.023,0.11
108,126,0.007,0.014,0.118
108,127,0.006,0.014,0.118
108,128,0.009,0.019,0.113
108,129,0.018,0.034,0.103
108,13,0.035,0.061,0.074
108,130,0.012,0.024,0.11
108,131,0.008,0.018,0.115
108,132,0.015,0.029,0.107
108,133,0.01,0.021,0.113
108,134,0.014,0.027,0.109
108,135,0.025,0.045,0.099
108,136,0.02,0.038,0.103
108,137,0.01,0.021,0.113
108,138,0.021,0.039,0.102
108,139,0.027,0.048,0.098
108,14,0.046,0.077,0.069
108,140,0.026,0.048,0.098
108,141,0.017,0.032,0.105
108,142,0.013,0.025,0.11
108,143,0.009,0.019,0.115
108,144,0.007,0.015,0.119
108,145,0.008,0.017,0.117
108,146,0.011,0.022,0.113
108,147,0.015,0.029,0.108
108,148,0.014,0.027,0.109
108,149,0.009,0.019,0.116
108,15,0.08,0.124,0.06
108,150,0.005,0.012,0.124
108,151,0.008,0.017,0.118
108,152,0.004,0.01,0.127
108,153,0.006,0.012,0.123
108,154,0.003,0.008,0.131
108,155,0.004,0.009,0.128
108,156,0.002,0.005,0.137
108,157,0.001,0.003,0.144
108,158,0.002,0.005,0.137
108,159,0.003,0.006,0.135
108,16,0.065,0.102,0.063
108,160,0.003,0.006,0.134
108,161,0.003,0.008,0.131
108,162,0.002,0.005,0.14
108,163,0.003,0.006,0.135
108,164,0.004,0.01,0.128
108,165,0.008,0.017,0.12
108,166,0.011,0.022,0.115
108,167,0.01,0.02,0.117
108,168,0.009,0.019,0.118
108,169,0.005,0.011,0.128
108,17,0.046,0.076,0.068
108,170,0.01,0.021,0.116
108,171,0.013,0.027,0.112
108,172,0.014,0.027,0.113
108,173,0.008,0.017,0.121
108,174,0.005,0.011,0.129
108,175,0.009,0.019,0.12
108,176,0.004,0.01,0.132
108,177,0.004,0.01,0.132
108,178,0.012,0.024,0.117
108,179,0.012,0.024,0.118
108,18,0.063,0.1,0.064
108,180,0.008,0.017,0.124
108,181,0.013,0.025,0.118
108,182,0.013,0.026,0.117
108,183,0.008,0.018,0.126
108,184,0.012,0.024,0.12
108,185,0.007,0.015,0.129
108,186,0.011,0.022,0.124
108,187,0.013,0.026,0.121
108,188,0.011,0.022,0.125
108,189,0.013,0.025,0.123
108,19,0.039,0.066,0.07
108,190,0.009,0.018,0.13
108,191,0.012,0.023,0.126
108,192,0.013,0.025,0.125
108,193,0.026,0.047,0.112
108,194,0.02,0.038,0.118
108,195,0.029,0.052,0.112
108,196,0.031,0.055,0.111
108,197,0.021,0.039,0.12
108,198,0.02,0.037,0.123
108,199,0.033,0.058,0.113
108,20,0.031,0.054,0.074
108,200,0.032,0.055,0.115
108,201,0.024,0.044,0.122
108,202,0.026,0.047,0.121
108,203,0.036,0.062,0.115
108,204,0.038,0.065,0.115
108,205,0.048,0.08,0.11
108,206,0.047,0.078,0.112
108,207,0.061,0.097,0.106
108,208,0.048,0.08,0.112
108,209,0.041,0.069,0.117
108,21,0.044,0.074,0.068
108,210,0.073,0.114,0.103
108,211,0.09,0.136,0.098
108,212,0.079,0.122,0.102
108,213,0.064,0.101,0.108
108,214,0.123,0.178,0.091
108,215,0.108,0.16,0.095
108,216,0.08,0.123,0.104
108,217,0.154,0.216,0.085
108,218,0.137,0.195,0.088
108,219,0.204,0.274,0.076
108,22,0.042,0.071,0.069
108,220,0.154,0.216,0.085
108,221,0.117,0.17,0.094
108,222,0.193,0.261,0.078
108,223,0.122,0.176,0.093
108,224,0.14,0.199,0.089
108,225,0.281,0.36,0.065
108,226,0.126,0.181,0.093
108,227,0.127,0.183,0.093
108,228,0.137,0.195,0.09
108,229,0.106,0.156,0.098
108,23,0.02,0.038,0.079
108,230,0.075,0.117,0.108
108,231,0.068,0.107,0.11
108,232,0.043,0.072,0.122
108,233,0.062,0.099,0.113
108,234,0.058,0.094,0.114
108,235,0.029,0.051,0.132
108,236,0.028,0.05,0.132
108,237,0.015,0.029,0.147
108,238,0.019,0.036,0.141
108,239,0.012,0.024,0.152
108,24,0.037,0.064,0.07
108,240,0.007,0.014,0.163
108,241,0.007,0.015,0.163
108,242,0.004,0.01,0.171
108,243,0.003,0.007,0.179
108,244,0.003,0.006,0.183
108,245,0.001,0.004,0.194
108,246,0.002,0.005,0.187
108,247,0.001,0.004,0.195
108,248,0.001,0.002,0.213
108,249,0.0,0.001,0.231
108,25,0.025,0.046,0.076
108,250,0.0,0.0,0.239
108,26,0.03,0.053,0.074
108,27,0.031,0.055,0.073
108,28,0.026,0.047,0.076
108,29,0.012,0.025,0.085
108,30,0.014,0.027,0.084
108,31,0.038,0.064,0.071
108,32,0.09,0.136,0.058
108,33,0.052,0.085,0.066
108,34,0.036,0.062,0.072
108,35,0.081,0.125,0.06
108,36,0.028,0.051,0.075
108,37,0.095,0.142,0.057
108,38,0.037,0.063,0.072
108,39,0.066,0.104,0.064
108,40,0.117,0.17,0.054
108,41,0.06,0.097,0.065
108,42,0.088,0.133,0.059
108,43,0.044,0.073,0.07
108,44,0.041,0.069,0.071
108,45,0.063,0.101,0.065
108,46,0.069,0.109,0.064
108,47,0.081,0.124,0.061
108,48,0.058,0.093,0.066
108,49,0.045,0.075,0.07
108,50,0.083,0.128,0.061
108,51,0.117,0.171,0.055
108,52,0.066,0.105,0.065
108,53,0.079,0.121,0.063
108,54,0.042,0.071,0.072
108,55,0.07,0.11,0.065
108,56,0.059,0.095,0.068
108,57,0.075,0.116,0.064
108,58,0.041,0.069,0.074
108,59,0.06,0.096,0.068
108,60,0.044,0.073,0.073
108,61,0.045,0.074,0.074
108,62,0.105,0.155,0.06
108,63,0.047,0.078,0.073
108,64,0.061,0.098,0.069
108,65,0.035,0.061,0.078
108,66,0.046,0.077,0.074
108,67,0.051,0.084,0.073
108,68,0.028,0.05,0.083
108,69,0.029,0.051,0.083
108,70,0.025,0.045,0.085
108,71,0.03,0.053,0.083
108,72,0.042,0.071,0.078
108,73,0.043,0.073,0.077
108,74,0.027,0.049,0.085
108,75,0.014,0.028,0.095
108,76,0.039,0.067,0.08
108,77,0.033,0.057,0.083
108,78,0.052,0.085,0.076
108,79,0.029,0.052,0.085
108,8,0.072,0.112,0.066
108,80,0.052,0.085,0.076
108,81,0.087,0.133,0.067
108,82,0.064,0.101,0.073
108,83,0.065,0.103,0.073
108,84,0.046,0.076,0.08
108,85,0.034,0.059,0.085
108,86,0.026,0.046,0.09
108,87,0.064,0.102,0.075
108,88,0.043,0.073,0.081
108,89,0.058,0.093,0.077
108,9,0.196,0.265,0.047
108,90,0.046,0.077,0.081
108,91,0.048,0.08,0.08
108,92,0.053,0.087,0.079
108,93,0.02,0.037,0.095
108,94,0.065,0.103,0.076
108,95,0.069,0.109,0.075
108,96,0.04,0.068,0.084
108,97,0.029,0.052,0.09
108,98,0.022,0.041,0.094
108,99,0.029,0.051,0.091
109,10,0.057,0.092,0.068
109,100,0.076,0.118,0.073
109,101,0.064,0.101,0.077
109,102,0.072,0.112,0.075
109,103,0.061,0.098,0.078
109,104,0.065,0.103,0.077
109,105,0.038,0.066,0.087
109,106,0.024,0.044,0.095
109,107,0.02,0.038,0.098
109,108,0.024,0.043,0.095
109,109,0.03,0.052,0.092
109,11,0.067,0.106,0.065
109,110,0.008,0.018,0.111
109,111,0.009,0.02,0.11
109,112,0.024,0.044,0.096
109,113,0.014,0.028,0.104
109,114,0.022,0.041,0.097
109,115,0.049,0.08,0.084
109,116,0.031,0.055,0.092
109,117,0.03,0.054,0.093
109,118,0.032,0.057,0.091
109,119,0.045,0.075,0.086
109,12,0.204,0.274,0.045
109,120,0.026,0.046,0.096
109,121,0.015,0.029,0.105
109,122,0.012,0.025,0.108
109,123,0.008,0.018,0.114
109,124,0.012,0.025,0.109
109,125,0.012,0.023,0.11
109,126,0.023,0.042,0.099
109,127,0.019,0.036,0.102
109,128,0.025,0.046,0.097
109,129,0.04,0.068,0.09
109,13,0.058,0.093,0.066
109,130,0.017,0.032,0.104
109,131,0.011,0.022,0.111
109,132,0.034,0.06,0.092
109,133,0.037,0.064,0.091
109,134,0.02,0.037,0.102
109,135,0.013,0.026,0.109
109,136,0.018,0.034,0.104
109,137,0.022,0.04,0.101
109,138,0.022,0.041,0.101
109,139,0.025,0.045,0.099
109,14,0.036,0.062,0.073
109,140,0.021,0.039,0.102
109,141,0.041,0.069,0.09
109,142,0.025,0.046,0.099
109,143,0.015,0.03,0.107
109,144,0.009,0.018,0.115
109,145,0.026,0.046,0.098
109,146,0.021,0.039,0.101
109,147,0.022,0.04,0.101
109,148,0.012,0.025,0.11
109,149,0.017,0.033,0.105
109,15,0.05,0.082,0.068
109,150,0.012,0.024,0.112
109,151,0.01,0.021,0.114
109,152,0.012,0.024,0.112
109,153,0.014,0.027,0.109
109,154,0.008,0.018,0.117
109,155,0.009,0.018,0.117
109,156,0.011,0.023,0.113
109,157,0.005,0.012,0.125
109,158,0.004,0.009,0.129
109,159,0.004,0.009,0.129
109,16,0.116,0.17,0.054
109,160,0.005,0.011,0.125
109,161,0.007,0.015,0.121
109,162,0.008,0.017,0.119
109,163,0.009,0.018,0.117
109,164,0.009,0.019,0.116
109,165,0.008,0.017,0.119
109,166,0.013,0.025,0.112
109,167,0.01,0.021,0.116
109,168,0.009,0.02,0.117
109,169,0.012,0.024,0.113
109,17,0.083,0.126,0.06
109,170,0.013,0.026,0.113
109,171,0.01,0.021,0.117
109,172,0.008,0.018,0.12
109,173,0.003,0.007,0.137
109,174,0.002,0.006,0.139
109,175,0.005,0.011,0.131
109,176,0.003,0.008,0.137
109,177,0.003,0.007,0.139
109,178,0.002,0.005,0.144
109,179,0.003,0.006,0.142
109,18,0.018,0.034,0.081
109,180,0.004,0.01,0.135
109,181,0.003,0.008,0.139
109,182,0.003,0.006,0.144
109,183,0.003,0.008,0.142
109,184,0.003,0.008,0.142
109,185,0.006,0.013,0.133
109,186,0.01,0.021,0.126
109,187,0.009,0.02,0.127
109,188,0.009,0.02,0.128
109,189,0.013,0.025,0.124
109,19,0.029,0.051,0.075
109,190,0.009,0.019,0.132
109,191,0.008,0.017,0.134
109,192,0.007,0.015,0.137
109,193,0.009,0.018,0.134
109,194,0.009,0.019,0.135
109,195,0.014,0.027,0.128
109,196,0.012,0.024,0.132
109,197,0.011,0.023,0.134
109,198,0.01,0.02,0.138
109,199,0.009,0.02,0.14
109,20,0.069,0.109,0.062
109,200,0.012,0.025,0.136
109,201,0.011,0.023,0.139
109,202,0.017,0.033,0.132
109,203,0.022,0.041,0.127
109,204,0.031,0.054,0.121
109,205,0.027,0.049,0.125
109,206,0.032,0.056,0.122
109,207,0.054,0.087,0.11
109,208,0.059,0.095,0.109
109,209,0.058,0.094,0.109
109,21,0.041,0.07,0.07
109,210,0.083,0.127,0.1
109,211,0.111,0.163,0.093
109,212,0.105,0.155,0.095
109,213,0.123,0.178,0.091
109,214,0.101,0.151,0.097
109,215,0.107,0.158,0.096
109,216,0.122,0.176,0.092
109,217,0.156,0.218,0.085
109,218,0.156,0.218,0.085
109,219,0.173,0.238,0.082
109,22,0.022,0.04,0.079
109,220,0.157,0.219,0.085
109,221,0.222,0.294,0.073
109,222,0.142,0.201,0.088
109,223,0.215,0.287,0.074
109,224,0.119,0.172,0.094
109,225,0.157,0.219,0.085
109,226,0.161,0.224,0.084
109,227,0.155,0.217,0.085
109,228,0.132,0.188,0.091
109,229,0.139,0.197,0.089
109,23,0.021,0.039,0.079
109,230,0.11,0.162,0.096
109,231,0.109,0.16,0.096
109,232,0.137,0.195,0.089
109,233,0.096,0.143,0.1
109,234,0.072,0.112,0.108
109,235,0.037,0.064,0.125
109,236,0.043,0.072,0.121
109,237,0.032,0.056,0.128
109,238,0.023,0.042,0.136
109,239,0.007,0.016,0.16
109,24,0.05,0.083,0.067
109,240,0.013,0.025,0.149
109,241,0.006,0.014,0.163
109,242,0.008,0.017,0.159
109,243,0.003,0.008,0.176
109,244,0.002,0.006,0.184
109,245,0.002,0.005,0.189
109,246,0.002,0.005,0.19
109,247,0.002,0.004,0.191
109,248,0.001,0.004,0.196
109,249,0.001,0.002,0.207
109,25,0.024,0.044,0.077
109,250,0.001,0.003,0.2
109,26,0.041,0.069,0.07
109,27,0.077,0.119,0.06
109,28,0.044,0.074,0.068
109,29,0.023,0.042,0.077
109,30,0.027,0.048,0.075
109,31,0.061,0.098,0.064
109,32,0.051,0.084,0.067
109,33,0.079,0.122,0.06
109,34,0.081,0.124,0.06
109,35,0.059,0.094,0.065
109,36,0.076,0.118,0.061
109,37,0.041,0.069,0.07
109,38,0.058,0.094,0.065
109,39,0.096,0.144,0.057
109,40,0.052,0.085,0.067
109,41,0.074,0.115,0.061
109,42,0.115,0.168,0.054
109,43,0.091,0.137,0.059
109,44,0.08,0.123,0.061
109,45,0.071,0.111,0.063
109,46,0.043,0.072,0.071
109,47,0.035,0.06,0.074
109,48,0.066,0.104,0.065
109,49,0.07,0.11,0.064
109,50,0.083,0.127,0.061
109,51,0.057,0.093,0.067
109,52,0.077,0.119,0.063
109,53,0.122,0.177,0.055
109,54,0.054,0.088,0.069
109,55,0.176,0.242,0.048
109,56,0.073,0.114,0.064
109,57,0.114,0.167,0.057
109,58,0.091,0.137,0.061
109,59,0.14,0.199,0.054
109,60,0.073,0.114,0.065
109,61,0.061,0.098,0.068
109,62,0.126,0.182,0.056
109,63,0.161,0.224,0.051
109,64,0.104,0.154,0.06
109,65,0.118,0.171,0.058
109,66,0.115,0.168,0.058
109,67,0.114,0.167,0.059
109,68,0.056,0.091,0.072
109,69,0.166,0.23,0.052
109,70,0.098,0.146,0.062
109,71,0.057,0.092,0.072
109,72,0.072,0.112,0.068
109,73,0.062,0.099,0.071
109,74,0.059,0.095,0.072
109,75,0.039,0.066,0.079
109,76,0.053,0.087,0.074
109,77,0.053,0.087,0.075
109,78,0.067,0.106,0.071
109,79,0.027,0.048,0.086
109,8,0.059,0.094,0.07
109,80,0.044,0.073,0.079
109,81,0.058,0.093,0.074
109,82,0.026,0.046,0.088
109,83,0.04,0.068,0.081
109,84,0.049,0.08,0.078
109,85,0.103,0.153,0.064
109,86,0.088,0.133,0.068
109,87,0.035,0.061,0.084
109,88,0.071,0.111,0.072
109,89,0.079,0.121,0.07
109,9,0.109,0.16,0.058
109,90,0.071,0.111,0.072
109,91,0.074,0.116,0.072
109,92,0.143,0.203,0.059
109,93,0.111,0.163,0.065
109,94,0.114,0.166,0.064
109,95,0.095,0.143,0.068
109,96,0.138,0.196,0.061
109,97,0.178,0.244,0.055
109,98,0.101,0.151,0.068
109,99,0.091,0.138,0.07
11,10,0.007,0.014,0.092
11,100,0.0,0.001,0.141
11,101,0.0,0.0,0.152
11,102,0.0,0.001,0.144
11,103,0.0,0.001,0.144
11,104,0.0,0.001,0.139
11,105,0.0,0.0,0.149
11,106,0.0,0.001,0.145
11,107,0.0,0.001,0.144
11,108,0.0,0.0,0.153
11,109,0.0,0.0,0.154
11,11,0.006,0.013,0.092
11,110,0.0,0.0,0.149
11,111,0.0,0.0,0.152
11,112,0.0,0.001,0.138
11,113,0.001,0.002,0.131
11,114,0.0,0.0,0.148
11,115,0.0,0.001,0.148
11,116,0.0,0.001,0.142
11,117,0.0,0.001,0.14
11,118,0.0,0.001,0.144
11,119,0.0,0.0,0.162
11,12,0.005,0.011,0.094
11,120,0.0,0.0,0.152
11,121,0.0,0.0,0.157
11,122,0.0,0.0,0.155
11,123,0.0,0.0,0.166
11,124,0.0,0.0,0.169
11,125,0.0,0.0,0.172
11,126,0.0,0.0,0.163
11,127,0.0,0.001,0.151
11,128,0.0,0.0,0.156
11,129,0.0,0.0,0.162
11,13,0.008,0.018,0.087
11,130,0.0,0.0,0.166
11,131,0.0,0.0,0.164
11,132,0.0,0.0,0.159
11,133,0.0,0.0,0.156
11,134,0.0,0.0,0.166
11,135,0.0,0.001,0.153
11,136,0.0,0.0,0.16
11,137,0.0,0.0,0.165
11,138,0.0,0.0,0.163
11,139,0.0,0.0,0.163
11,14,0.009,0.02,0.085
11,140,0.0,0.0,0.167
11,141,0.0,0.0,0.169
11,142,0.0,0.0,0.17
11,143,0.0,0.0,0.172
11,144,0.0,0.0,0.169
11,145,0.0,0.0,0.164
11,146,0.0,0.0,0.174
11,147,0.0,0.0,0.179
11,148,0.0,0.0,0.174
11,149,0.0,0.0,0.176
11,15,0.009,0.019,0.085
11,150,0.0,0.0,0.17
11,151,0.0,0.0,0.175
11,152,0.0,0.0,0.175
11,153,0.0,0.0,0.19
11,154,0.0,0.0,0.181
11,155,0.0,0.0,0.179
11,156,0.0,0.0,0.169
11,157,0.0,0.0,0.171
11,158,0.0,0.0,0.174
11,159,0.0,0.0,0.171
11,16,0.007,0.015,0.087
11,160,0.0,0.0,0.166
11,161,0.0,0.0,0.173
11,162,0.0,0.0,0.177
11,163,0.0,0.0,0.173
11,164,0.0,0.001,0.156
11,165,0.0,0.001,0.147
11,166,0.0,0.001,0.152
11,167,0.0,0.001,0.148
11,168,0.001,0.002,0.144
11,169,0.0,0.001,0.155
11,17,0.009,0.02,0.084
11,170,0.001,0.003,0.138
11,171,0.001,0.003,0.137
11,172,0.003,0.008,0.123
11,173,0.003,0.008,0.123
11,174,0.003,0.007,0.124
11,175,0.003,0.007,0.125
11,176,0.002,0.004,0.133
11,177,0.002,0.004,0.133
11,178,0.002,0.005,0.132
11,179,0.002,0.006,0.13
11,18,0.005,0.012,0.09
11,180,0.006,0.013,0.117
11,181,0.004,0.008,0.124
11,182,0.004,0.01,0.123
11,183,0.005,0.011,0.122
11,184,0.008,0.017,0.115
11,185,0.006,0.014,0.119
11,186,0.004,0.01,0.125
11,187,0.004,0.009,0.127
11,188,0.003,0.006,0.133
11,189,0.004,0.01,0.126
11,19,0.001,0.003,0.106
11,190,0.005,0.011,0.125
11,191,0.006,0.014,0.122
11,192,0.005,0.011,0.127
11,193,0.006,0.013,0.125
11,194,0.003,0.008,0.133
11,195,0.004,0.009,0.132
11,196,0.006,0.013,0.126
11,197,0.007,0.015,0.125
11,198,0.009,0.018,0.122
11,199,0.012,0.023,0.118
11,20,0.006,0.014,0.088
11,200,0.009,0.02,0.122
11,201,0.007,0.016,0.127
11,202,0.01,0.021,0.123
11,203,0.023,0.042,0.109
11,204,0.017,0.032,0.116
11,205,0.021,0.039,0.113
11,206,0.012,0.024,0.123
11,207,0.011,0.022,0.126
11,208,0.02,0.037,0.116
11,209,0.029,0.052,0.109
11,21,0.004,0.009,0.093
11,210,0.016,0.031,0.121
11,211,0.029,0.051,0.111
11,212,0.03,0.053,0.111
11,213,0.022,0.041,0.118
11,214,0.032,0.056,0.112
11,215,0.017,0.033,0.125
11,216,0.024,0.044,0.12
11,217,0.024,0.044,0.121
11,218,0.03,0.052,0.117
11,219,0.035,0.06,0.115
11,22,0.001,0.003,0.105
11,220,0.015,0.028,0.134
11,221,0.051,0.084,0.108
11,222,0.032,0.056,0.119
11,223,0.032,0.057,0.12
11,224,0.032,0.056,0.12
11,225,0.043,0.072,0.115
11,226,0.042,0.07,0.116
11,227,0.044,0.073,0.115
11,228,0.056,0.091,0.11
11,229,0.034,0.059,0.123
11,23,0.003,0.008,0.094
11,230,0.072,0.112,0.105
11,231,0.025,0.045,0.131
11,232,0.046,0.077,0.117
11,233,0.04,0.067,0.121
11,234,0.059,0.095,0.112
11,235,0.023,0.043,0.135
11,236,0.044,0.073,0.121
11,237,0.033,0.058,0.128
11,238,0.036,0.061,0.127
11,239,0.029,0.051,0.133
11,24,0.005,0.011,0.091
11,240,0.02,0.038,0.141
11,241,0.016,0.031,0.148
11,242,0.047,0.078,0.122
11,243,0.016,0.031,0.149
11,244,0.025,0.046,0.139
11,245,0.027,0.049,0.138
11,246,0.029,0.051,0.138
11,247,0.016,0.031,0.152
11,248,0.009,0.018,0.168
11,249,0.01,0.02,0.166
11,25,0.001,0.004,0.102
11,250,0.009,0.019,0.169
11,251,0.014,0.028,0.16
11,26,0.002,0.006,0.098
11,27,0.001,0.004,0.102
11,28,0.001,0.004,0.102
11,29,0.006,0.013,0.088
11,30,0.002,0.006,0.098
11,31,0.004,0.01,0.091
11,32,0.004,0.009,0.092
11,33,0.002,0.004,0.102
11,34,0.001,0.003,0.105
11,35,0.011,0.022,0.082
11,36,0.009,0.019,0.084
11,37,0.005,0.01,0.092
11,38,0.003,0.008,0.095
11,39,0.005,0.012,0.09
11,40,0.006,0.014,0.088
11,41,0.004,0.009,0.094
11,42,0.01,0.021,0.083
11,43,0.019,0.036,0.076
11,44,0.006,0.014,0.089
11,45,0.004,0.009,0.095
11,46,0.014,0.028,0.08
11,47,0.004,0.009,0.094
11,48,0.011,0.023,0.083
11,49,0.01,0.021,0.084
11,50,0.003,0.007,0.099
11,51,0.007,0.016,0.088
11,52,0.003,0.007,0.099
11,53,0.002,0.006,0.102
11,54,0.001,0.003,0.108
11,55,0.002,0.006,0.101
11,56,0.002,0.005,0.104
11,57,0.001,0.002,0.115
11,58,0.001,0.004,0.107
11,59,0.002,0.006,0.102
11,60,0.0,0.0,0.132
11,61,0.0,0.001,0.121
11,62,0.0,0.001,0.12
11,63,0.0,0.001,0.119
11,64,0.001,0.002,0.114
11,65,0.001,0.003,0.113
11,66,0.001,0.002,0.117
11,67,0.001,0.002,0.115
11,68,0.001,0.004,0.11
11,69,0.0,0.002,0.12
11,7,0.014,0.028,0.085
11,70,0.0,0.001,0.125
11,71,0.0,0.002,0.12
11,72,0.0,0.001,0.126
11,73,0.001,0.002,0.12
11,74,0.0,0.001,0.132
11,75,0.0,0.001,0.133
11,76,0.001,0.002,0.121
11,77,0.0,0.0,0.137
11,78,0.0,0.001,0.131
11,79,0.0,0.0,0.143
11,8,0.006,0.013,0.094
11,80,0.0,0.0,0.138
11,81,0.0,0.0,0.14
11,82,0.0,0.0,0.14
11,83,0.0,0.001,0.132
11,84,0.0,0.0,0.138
11,85,0.0,0.0,0.143
11,86,0.0,0.0,0.146
11,87,0.0,0.0,0.146
11,88,0.0,0.0,0.14
11,89,0.0,0.0,0.143
11,9,0.031,0.055,0.073
11,90,0.0,0.0,0.144
11,91,0.0,0.0,0.141
11,92,0.0,0.0,0.147
11,93,0.0,0.0,0.148
11,94,0.0,0.0,0.156
11,95,0.0,0.001,0.135
11,96,0.0,0.001,0.139
11,97,0.0,0.001,0.131
11,98,0.0,0.001,0.137
11,99,0.0,0.0,0.151
110,10,0.151,0.212,0.052
110,100,0.027,0.049,0.09
110,101,0.027,0.049,0.091
110,102,0.035,0.061,0.087
110,103,0.021,0.039,0.095
110,104,0.06,0.097,0.078
110,105,0.077,0.12,0.073
110,106,0.036,0.062,0.087
110,107,0.039,0.067,0.086
110,108,0.023,0.042,0.095
110,109,0.025,0.045,0.094
110,11,0.102,0.152,0.058
110,110,0.036,0.062,0.088
110,111,0.042,0.071,0.085
110,112,0.012,0.024,0.106
110,113,0.013,0.027,0.104
110,114,0.02,0.037,0.098
110,115,0.032,0.056,0.091
110,116,0.021,0.039,0.098
110,117,0.016,0.031,0.102
110,118,0.041,0.069,0.087
110,119,0.026,0.047,0.094
110,12,0.137,0.195,0.053
110,120,0.039,0.066,0.088
110,121,0.024,0.044,0.096
110,122,0.022,0.041,0.098
110,123,0.012,0.024,0.107
110,124,0.015,0.03,0.104
110,125,0.032,0.056,0.092
110,126,0.025,0.046,0.096
110,127,0.023,0.043,0.098
110,128,0.03,0.053,0.094
110,129,0.03,0.053,0.094
110,13,0.112,0.165,0.056
110,130,0.032,0.056,0.093
110,131,0.013,0.027,0.107
110,132,0.014,0.028,0.106
110,133,0.011,0.023,0.11
110,134,0.014,0.028,0.107
110,135,0.013,0.026,0.108
110,136,0.008,0.018,0.115
110,137,0.011,0.022,0.112
110,138,0.009,0.018,0.115
110,139,0.009,0.02,0.114
110,14,0.062,0.099,0.065
110,140,0.009,0.018,0.114
110,141,0.016,0.031,0.105
110,142,0.027,0.048,0.097
110,143,0.045,0.074,0.088
110,144,0.026,0.047,0.097
110,145,0.027,0.048,0.097
110,146,0.007,0.015,0.119
110,147,0.017,0.033,0.105
110,148,0.015,0.029,0.107
110,149,0.014,0.027,0.109
110,15,0.105,0.156,0.056
110,150,0.017,0.033,0.105
110,151,0.02,0.038,0.102
110,152,0.013,0.026,0.11
110,153,0.009,0.019,0.115
110,154,0.015,0.028,0.108
110,155,0.019,0.036,0.104
110,156,0.013,0.026,0.11
110,157,0.01,0.021,0.114
110,158,0.004,0.009,0.129
110,159,0.004,0.01,0.127
110,16,0.075,0.116,0.062
110,160,0.011,0.023,0.113
110,161,0.01,0.021,0.114
110,162,0.025,0.046,0.1
110,163,0.017,0.032,0.107
110,164,0.022,0.041,0.102
110,165,0.029,0.052,0.098
110,166,0.018,0.034,0.106
110,167,0.009,0.019,0.118
110,168,0.005,0.012,0.126
110,169,0.005,0.012,0.127
110,17,0.052,0.085,0.067
110,170,0.008,0.016,0.121
110,171,0.004,0.01,0.13
110,172,0.006,0.014,0.125
110,173,0.007,0.016,0.124
110,174,0.002,0.006,0.14
110,175,0.005,0.012,0.13
110,176,0.006,0.013,0.129
110,177,0.004,0.01,0.134
110,178,0.01,0.021,0.121
110,179,0.008,0.017,0.126
110,18,0.033,0.058,0.073
110,180,0.011,0.022,0.122
110,181,0.017,0.033,0.114
110,182,0.012,0.024,0.121
110,183,0.013,0.025,0.121
110,184,0.013,0.026,0.121
110,185,0.009,0.019,0.128
110,186,0.013,0.026,0.123
110,187,0.023,0.042,0.114
110,188,0.017,0.032,0.12
110,189,0.018,0.035,0.119
110,19,0.049,0.081,0.068
110,190,0.012,0.024,0.128
110,191,0.013,0.025,0.128
110,192,0.015,0.03,0.126
110,193,0.016,0.03,0.126
110,194,0.032,0.056,0.113
110,195,0.042,0.071,0.108
110,196,0.035,0.06,0.113
110,197,0.021,0.039,0.124
110,198,0.037,0.064,0.113
110,199,0.024,0.044,0.123
110,20,0.053,0.087,0.066
110,200,0.036,0.062,0.116
110,201,0.033,0.057,0.119
110,202,0.026,0.047,0.125
110,203,0.035,0.06,0.119
110,204,0.026,0.047,0.126
110,205,0.025,0.046,0.128
110,206,0.026,0.047,0.128
110,207,0.046,0.076,0.115
110,208,0.052,0.085,0.113
110,209,0.077,0.119,0.103
110,21,0.063,0.101,0.064
110,210,0.081,0.124,0.102
110,211,0.059,0.095,0.111
110,212,0.065,0.103,0.109
110,213,0.058,0.094,0.112
110,214,0.104,0.153,0.097
110,215,0.046,0.077,0.119
110,216,0.087,0.132,0.102
110,217,0.055,0.089,0.115
110,218,0.071,0.111,0.108
110,219,0.04,0.068,0.123
110,22,0.052,0.085,0.066
110,220,0.074,0.116,0.107
110,221,0.09,0.136,0.101
110,222,0.073,0.114,0.107
110,223,0.109,0.16,0.096
110,224,0.094,0.142,0.1
110,225,0.085,0.129,0.103
110,226,0.11,0.161,0.096
110,227,0.062,0.099,0.111
110,228,0.034,0.059,0.126
110,229,0.055,0.089,0.114
110,23,0.026,0.046,0.076
110,230,0.031,0.054,0.129
110,231,0.03,0.054,0.129
110,232,0.047,0.078,0.118
110,233,0.031,0.055,0.128
110,234,0.02,0.037,0.138
110,235,0.026,0.047,0.132
110,236,0.017,0.032,0.142
110,237,0.009,0.019,0.155
110,238,0.005,0.012,0.165
110,239,0.011,0.023,0.15
110,24,0.018,0.035,0.081
110,240,0.012,0.025,0.148
110,241,0.004,0.01,0.169
110,242,0.004,0.008,0.173
110,243,0.003,0.007,0.177
110,244,0.002,0.005,0.184
110,245,0.002,0.006,0.182
110,246,0.002,0.006,0.184
110,247,0.002,0.005,0.188
110,248,0.002,0.006,0.186
110,249,0.001,0.003,0.201
110,25,0.017,0.032,0.082
110,250,0.001,0.002,0.209
110,26,0.03,0.054,0.074
110,27,0.069,0.108,0.062
110,28,0.047,0.078,0.068
110,29,0.063,0.101,0.063
110,30,0.052,0.085,0.066
110,31,0.071,0.11,0.062
110,32,0.065,0.102,0.063
110,33,0.051,0.083,0.067
110,34,0.12,0.175,0.053
110,35,0.065,0.103,0.063
110,36,0.059,0.095,0.065
110,37,0.038,0.065,0.071
110,38,0.107,0.158,0.055
110,39,0.052,0.085,0.067
110,40,0.048,0.079,0.068
110,41,0.178,0.244,0.046
110,42,0.053,0.087,0.067
110,43,0.038,0.065,0.072
110,44,0.042,0.07,0.071
110,45,0.094,0.141,0.058
110,46,0.171,0.236,0.048
110,47,0.03,0.053,0.076
110,48,0.137,0.195,0.052
110,49,0.102,0.151,0.057
110,50,0.121,0.175,0.055
110,51,0.07,0.11,0.064
110,52,0.112,0.165,0.056
110,53,0.088,0.133,0.061
110,54,0.041,0.069,0.073
110,55,0.061,0.098,0.067
110,56,0.043,0.073,0.072
110,57,0.057,0.091,0.068
110,58,0.056,0.091,0.069
110,59,0.163,0.226,0.05
110,60,0.104,0.154,0.059
110,61,0.065,0.103,0.067
110,62,0.028,0.049,0.08
110,63,0.055,0.089,0.07
110,64,0.099,0.147,0.061
110,65,0.091,0.138,0.062
110,66,0.058,0.093,0.07
110,67,0.061,0.097,0.069
110,68,0.065,0.103,0.069
110,69,0.076,0.118,0.066
110,70,0.08,0.123,0.066
110,71,0.1,0.149,0.062
110,72,0.024,0.043,0.085
110,73,0.04,0.067,0.078
110,74,0.061,0.098,0.071
110,75,0.052,0.084,0.075
110,76,0.061,0.098,0.072
110,77,0.054,0.087,0.074
110,78,0.072,0.113,0.07
110,79,0.076,0.117,0.069
110,8,0.117,0.171,0.058
110,80,0.056,0.09,0.074
110,81,0.055,0.089,0.075
110,82,0.02,0.038,0.091
110,83,0.025,0.045,0.088
110,84,0.058,0.093,0.075
110,85,0.058,0.094,0.075
110,86,0.057,0.092,0.075
110,87,0.075,0.117,0.071
110,88,0.065,0.103,0.073
110,89,0.041,0.069,0.081
110,9,0.158,0.22,0.052
110,90,0.066,0.104,0.073
110,91,0.105,0.155,0.065
110,92,0.095,0.143,0.067
110,93,0.047,0.078,0.08
110,94,0.052,0.085,0.079
110,95,0.052,0.085,0.079
110,96,0.093,0.14,0.068
110,97,0.084,0.129,0.07
110,98,0.078,0.12,0.072
110,99,0.135,0.193,0.061
111,10,0.022,0.04,0.083
111,100,0.013,0.025,0.101
111,101,0.01,0.021,0.104
111,102,0.006,0.013,0.112
111,103,0.006,0.013,0.112
111,104,0.005,0.011,0.116
111,105,0.002,0.005,0.127
111,106,0.01,0.02,0.107
111,107,0.008,0.017,0.109
111,108,0.008,0.018,0.109
111,109,0.005,0.011,0.117
111,11,0.021,0.039,0.083
111,110,0.004,0.01,0.118
111,111,0.007,0.015,0.112
111,112,0.003,0.008,0.122
111,113,0.009,0.018,0.11
111,114,0.013,0.026,0.104
111,115,0.018,0.035,0.099
111,116,0.012,0.024,0.105
111,117,0.012,0.025,0.105
111,118,0.011,0.023,0.107
111,119,0.022,0.04,0.097
111,12,0.017,0.033,0.084
111,120,0.022,0.041,0.097
111,121,0.02,0.037,0.099
111,122,0.018,0.035,0.1
111,123,0.017,0.032,0.102
111,124,0.011,0.022,0.109
111,125,0.013,0.026,0.106
111,126,0.009,0.019,0.111
111,127,0.012,0.024,0.107
111,128,0.013,0.025,0.107
111,129,0.02,0.037,0.1
111,13,0.019,0.036,0.083
111,130,0.019,0.036,0.101
111,131,0.016,0.031,0.103
111,132,0.011,0.023,0.109
111,133,0.011,0.022,0.11
111,134,0.025,0.046,0.097
111,135,0.02,0.038,0.1
111,136,0.027,0.048,0.096
111,137,0.049,0.081,0.085
111,138,0.027,0.049,0.096
111,139,0.018,0.035,0.102
111,14,0.033,0.057,0.075
111,140,0.032,0.056,0.093
111,141,0.022,0.041,0.1
111,142,0.012,0.023,0.11
111,143,0.014,0.027,0.108
111,144,0.01,0.021,0.113
111,145,0.01,0.02,0.114
111,146,0.021,0.039,0.101
111,147,0.019,0.037,0.103
111,148,0.019,0.035,0.104
111,149,0.022,0.041,0.101
111,15,0.064,0.102,0.064
111,150,0.007,0.016,0.118
111,151,0.01,0.021,0.113
111,152,0.006,0.013,0.121
111,153,0.003,0.008,0.13
111,154,0.006,0.014,0.121
111,155,0.007,0.015,0.12
111,156,0.006,0.013,0.122
111,157,0.012,0.024,0.112
111,158,0.01,0.021,0.114
111,159,0.009,0.018,0.117
111,16,0.01,0.02,0.089
111,160,0.007,0.015,0.12
111,161,0.004,0.01,0.127
111,162,0.008,0.017,0.118
111,163,0.009,0.02,0.116
111,164,0.007,0.015,0.122
111,165,0.013,0.026,0.112
111,166,0.009,0.019,0.118
111,167,0.015,0.03,0.11
111,168,0.012,0.024,0.114
111,169,0.013,0.026,0.113
111,17,0.012,0.025,0.086
111,170,0.019,0.036,0.107
111,171,0.011,0.023,0.116
111,172,0.015,0.03,0.112
111,173,0.016,0.032,0.111
111,174,0.016,0.031,0.113
111,175,0.015,0.03,0.114
111,176,0.015,0.029,0.115
111,177,0.013,0.026,0.117
111,178,0.021,0.039,0.11
111,179,0.013,0.026,0.119
111,18,0.025,0.045,0.077
111,180,0.013,0.026,0.12
111,181,0.011,0.023,0.123
111,182,0.008,0.016,0.13
111,183,0.009,0.019,0.129
111,184,0.015,0.029,0.12
111,185,0.014,0.028,0.122
111,186,0.024,0.044,0.113
111,187,0.036,0.062,0.106
111,188,0.028,0.051,0.112
111,189,0.021,0.04,0.118
111,19,0.022,0.04,0.078
111,190,0.022,0.041,0.118
111,191,0.042,0.07,0.106
111,192,0.032,0.056,0.112
111,193,0.044,0.074,0.106
111,194,0.031,0.054,0.115
111,195,0.034,0.059,0.114
111,196,0.037,0.064,0.113
111,197,0.04,0.068,0.112
111,198,0.061,0.098,0.103
111,199,0.034,0.059,0.118
111,20,0.022,0.041,0.078
111,200,0.023,0.042,0.127
111,201,0.036,0.062,0.118
111,202,0.056,0.091,0.108
111,203,0.047,0.079,0.113
111,204,0.033,0.057,0.122
111,205,0.059,0.095,0.109
111,206,0.069,0.109,0.105
111,207,0.029,0.052,0.127
111,208,0.038,0.064,0.121
111,209,0.042,0.071,0.119
111,21,0.014,0.027,0.084
111,210,0.04,0.068,0.12
111,211,0.054,0.087,0.114
111,212,0.058,0.094,0.112
111,213,0.055,0.09,0.113
111,214,0.073,0.114,0.107
111,215,0.052,0.085,0.116
111,216,0.063,0.101,0.111
111,217,0.055,0.09,0.114
111,218,0.04,0.068,0.122
111,219,0.065,0.103,0.11
111,22,0.018,0.034,0.081
111,220,0.061,0.097,0.112
111,221,0.063,0.1,0.111
111,222,0.046,0.077,0.119
111,223,0.073,0.114,0.107
111,224,0.07,0.11,0.108
111,225,0.075,0.116,0.106
111,226,0.097,0.144,0.099
111,227,0.083,0.127,0.103
111,228,0.049,0.08,0.117
111,229,0.038,0.065,0.122
111,23,0.025,0.045,0.076
111,230,0.053,0.086,0.114
111,231,0.078,0.12,0.104
111,232,0.068,0.107,0.108
111,233,0.042,0.071,0.12
111,234,0.032,0.056,0.127
111,235,0.027,0.049,0.13
111,236,0.018,0.034,0.14
111,237,0.008,0.016,0.158
111,238,0.005,0.011,0.166
111,239,0.005,0.011,0.166
111,24,0.038,0.064,0.07
111,240,0.004,0.009,0.172
111,241,0.002,0.004,0.186
111,242,0.001,0.003,0.193
111,243,0.001,0.003,0.193
111,244,0.002,0.004,0.188
111,245,0.001,0.004,0.194
111,246,0.0,0.002,0.212
111,247,0.001,0.002,0.208
111,248,0.0,0.001,0.222
111,249,0.0,0.001,0.222
111,25,0.021,0.038,0.079
111,250,0.0,0.001,0.234
111,26,0.013,0.026,0.084
111,27,0.005,0.011,0.096
111,28,0.012,0.025,0.085
111,29,0.026,0.047,0.075
111,30,0.017,0.032,0.081
111,31,0.028,0.051,0.074
111,32,0.043,0.072,0.069
111,33,0.024,0.043,0.077
111,34,0.043,0.073,0.069
111,35,0.065,0.104,0.063
111,36,0.045,0.075,0.068
111,37,0.057,0.092,0.065
111,38,0.041,0.069,0.07
111,39,0.124,0.179,0.053
111,40,0.029,0.051,0.075
111,41,0.043,0.072,0.07
111,42,0.065,0.103,0.063
111,43,0.088,0.134,0.059
111,44,0.107,0.158,0.056
111,45,0.086,0.131,0.059
111,46,0.022,0.041,0.079
111,47,0.025,0.045,0.078
111,48,0.089,0.134,0.06
111,49,0.026,0.047,0.078
111,50,0.072,0.113,0.063
111,51,0.022,0.041,0.08
111,52,0.056,0.09,0.067
111,53,0.02,0.038,0.082
111,54,0.026,0.047,0.079
111,55,0.019,0.036,0.083
111,56,0.018,0.034,0.084
111,57,0.015,0.03,0.086
111,58,0.014,0.027,0.088
111,59,0.026,0.047,0.08
111,60,0.01,0.021,0.092
111,61,0.013,0.026,0.09
111,62,0.018,0.034,0.086
111,63,0.03,0.052,0.079
111,64,0.02,0.037,0.085
111,65,0.049,0.081,0.072
111,66,0.054,0.088,0.071
111,67,0.043,0.072,0.075
111,68,0.035,0.061,0.078
111,69,0.056,0.09,0.071
111,70,0.062,0.098,0.07
111,71,0.047,0.078,0.074
111,72,0.063,0.1,0.07
111,73,0.048,0.079,0.075
111,74,0.053,0.087,0.073
111,75,0.084,0.128,0.066
111,76,0.089,0.135,0.065
111,77,0.047,0.078,0.076
111,78,0.067,0.106,0.07
111,79,0.049,0.08,0.076
111,80,0.107,0.158,0.062
111,81,0.036,0.062,0.081
111,82,0.022,0.041,0.089
111,83,0.011,0.022,0.099
111,84,0.02,0.038,0.091
111,85,0.015,0.029,0.095
111,86,0.011,0.023,0.099
111,87,0.01,0.021,0.101
111,88,0.014,0.027,0.097
111,89,0.02,0.037,0.093
111,9,0.007,0.015,0.099
111,90,0.018,0.035,0.094
111,91,0.017,0.032,0.095
111,92,0.036,0.062,0.083
111,93,0.029,0.051,0.087
111,94,0.012,0.024,0.1
111,95,0.035,0.06,0.085
111,96,0.048,0.079,0.08
111,97,0.016,0.031,0.097
111,98,0.018,0.034,0.096
111,99,0.015,0.029,0.098
112,10,0.076,0.117,0.065
112,100,0.017,0.033,0.096
112,101,0.013,0.026,0.101
112,102,0.014,0.027,0.1
112,103,0.012,0.025,0.102
112,104,0.01,0.021,0.105
112,105,0.011,0.022,0.104
112,106,0.03,0.053,0.089
112,107,0.014,0.028,0.101
112,108,0.017,0.033,0.098
112,109,0.012,0.024,0.104
112,11,0.183,0.249,0.048
112,110,0.006,0.014,0.113
112,111,0.01,0.021,0.107
112,112,0.017,0.033,0.099
112,113,0.011,0.022,0.106
112,114,0.008,0.017,0.111
112,115,0.024,0.044,0.094
112,116,0.025,0.045,0.094
112,117,0.02,0.037,0.097
112,118,0.022,0.041,0.096
112,119,0.033,0.058,0.089
112,12,0.142,0.202,0.052
112,120,0.025,0.045,0.094
112,121,0.012,0.024,0.105
112,122,0.037,0.063,0.088
112,123,0.018,0.034,0.1
112,124,0.021,0.039,0.097
112,125,0.03,0.052,0.092
112,126,0.015,0.028,0.103
112,127,0.028,0.049,0.093
112,128,0.044,0.074,0.086
112,129,0.039,0.066,0.088
112,13,0.161,0.224,0.049
112,130,0.042,0.07,0.087
112,131,0.031,0.054,0.092
112,132,0.066,0.104,0.079
112,133,0.067,0.106,0.078
112,134,0.081,0.124,0.075
112,135,0.049,0.081,0.085
112,136,0.045,0.075,0.086
112,137,0.05,0.082,0.085
112,138,0.049,0.08,0.085
112,139,0.024,0.044,0.097
112,14,0.066,0.104,0.065
112,140,0.034,0.059,0.092
112,141,0.069,0.109,0.079
112,142,0.094,0.141,0.072
112,143,0.065,0.103,0.08
112,144,0.046,0.077,0.086
112,145,0.041,0.069,0.089
112,146,0.028,0.051,0.095
112,147,0.017,0.032,0.104
112,148,0.049,0.081,0.086
112,149,0.028,0.051,0.096
112,15,0.084,0.129,0.06
112,150,0.025,0.045,0.098
112,151,0.016,0.03,0.106
112,152,0.047,0.078,0.088
112,153,0.046,0.076,0.088
112,154,0.017,0.033,0.105
112,155,0.025,0.046,0.099
112,156,0.024,0.044,0.1
112,157,0.018,0.034,0.105
112,158,0.012,0.025,0.111
112,159,0.021,0.039,0.103
112,16,0.079,0.122,0.061
112,160,0.019,0.036,0.105
112,161,0.032,0.056,0.096
112,162,0.047,0.079,0.089
112,163,0.026,0.046,0.1
112,164,0.037,0.063,0.094
112,165,0.024,0.044,0.102
112,166,0.033,0.057,0.097
112,167,0.018,0.034,0.108
112,168,0.023,0.042,0.104
112,169,0.032,0.056,0.099
112,17,0.093,0.14,0.058
112,170,0.042,0.071,0.094
112,171,0.035,0.061,0.098
112,172,0.028,0.05,0.102
112,173,0.043,0.073,0.094
112,174,0.035,0.06,0.099
112,175,0.03,0.054,0.102
112,176,0.025,0.045,0.107
112,177,0.034,0.059,0.101
112,178,0.032,0.056,0.103
112,179,0.033,0.058,0.103
112,18,0.046,0.077,0.068
112,180,0.023,0.043,0.111
112,181,0.021,0.04,0.113
112,182,0.016,0.03,0.12
112,183,0.034,0.059,0.106
112,184,0.033,0.057,0.107
112,185,0.025,0.045,0.114
112,186,0.028,0.05,0.112
112,187,0.04,0.068,0.105
112,188,0.031,0.055,0.111
112,189,0.024,0.044,0.118
112,19,0.137,0.195,0.051
112,190,0.031,0.054,0.113
112,191,0.057,0.093,0.1
112,192,0.052,0.085,0.104
112,193,0.046,0.077,0.107
112,194,0.039,0.066,0.112
112,195,0.048,0.079,0.107
112,196,0.056,0.091,0.105
112,197,0.064,0.102,0.102
112,198,0.052,0.084,0.108
112,199,0.089,0.135,0.095
112,20,0.094,0.141,0.057
112,200,0.094,0.141,0.094
112,201,0.067,0.105,0.104
112,202,0.06,0.097,0.107
112,203,0.053,0.087,0.111
112,204,0.053,0.086,0.112
112,205,0.034,0.059,0.123
112,206,0.026,0.047,0.13
112,207,0.045,0.074,0.117
112,208,0.047,0.079,0.116
112,209,0.032,0.056,0.126
112,21,0.11,0.162,0.054
112,210,0.052,0.085,0.114
112,211,0.04,0.067,0.121
112,212,0.053,0.087,0.114
112,213,0.03,0.054,0.128
112,214,0.028,0.051,0.13
112,215,0.031,0.054,0.128
112,216,0.04,0.068,0.122
112,217,0.021,0.039,0.137
112,218,0.032,0.056,0.128
112,219,0.034,0.059,0.126
112,22,0.103,0.152,0.056
112,220,0.042,0.071,0.121
112,221,0.022,0.041,0.135
112,222,0.026,0.046,0.132
112,223,0.03,0.054,0.128
112,224,0.042,0.071,0.12
112,225,0.037,0.064,0.123
112,226,0.062,0.099,0.11
112,227,0.052,0.086,0.114
112,228,0.03,0.054,0.127
112,229,0.048,0.08,0.116
112,23,0.118,0.171,0.053
112,230,0.057,0.092,0.111
112,231,0.037,0.064,0.122
112,232,0.037,0.064,0.122
112,233,0.034,0.06,0.124
112,234,0.028,0.051,0.128
112,235,0.018,0.035,0.138
112,236,0.015,0.029,0.143
112,237,0.015,0.03,0.142
112,238,0.005,0.012,0.164
112,239,0.005,0.012,0.164
112,24,0.102,0.151,0.056
112,240,0.005,0.011,0.167
112,241,0.002,0.005,0.183
112,242,0.001,0.004,0.191
112,243,0.001,0.002,0.201
112,244,0.0,0.001,0.217
112,245,0.0,0.001,0.224
112,246,0.0,0.0,0.238
112,247,0.0,0.001,0.23
112,248,0.0,0.001,0.225
112,249,0.0,0.0,0.244
112,25,0.086,0.13,0.058
112,250,0.0,0.0,0.252
112,26,0.072,0.113,0.061
112,27,0.268,0.345,0.037
112,28,0.109,0.161,0.054
112,29,0.046,0.076,0.068
112,30,0.124,0.179,0.052
112,31,0.134,0.191,0.051
112,32,0.308,0.388,0.034
112,33,0.128,0.184,0.052
112,34,0.037,0.064,0.071
112,35,0.083,0.127,0.059
112,36,0.143,0.202,0.05
112,37,0.051,0.083,0.066
112,38,0.054,0.087,0.066
112,39,0.132,0.189,0.052
112,40,0.042,0.071,0.069
112,41,0.032,0.056,0.073
112,42,0.047,0.078,0.068
112,43,0.062,0.098,0.064
112,44,0.052,0.085,0.067
112,45,0.032,0.056,0.074
112,46,0.043,0.073,0.07
112,47,0.066,0.104,0.064
112,48,0.034,0.059,0.074
112,49,0.033,0.058,0.075
112,50,0.064,0.102,0.065
112,51,0.091,0.137,0.059
112,52,0.048,0.08,0.069
112,53,0.139,0.197,0.052
112,54,0.127,0.183,0.054
112,55,0.049,0.081,0.07
112,56,0.096,0.144,0.059
112,57,0.108,0.159,0.057
112,58,0.068,0.107,0.065
112,59,0.096,0.144,0.06
112,60,0.032,0.057,0.077
112,61,0.068,0.107,0.066
112,62,0.078,0.121,0.064
112,63,0.034,0.059,0.077
112,64,0.083,0.127,0.063
112,65,0.055,0.09,0.07
112,66,0.057,0.093,0.07
112,67,0.092,0.139,0.062
112,68,0.078,0.12,0.065
112,69,0.04,0.068,0.076
112,70,0.059,0.095,0.07
112,71,0.081,0.125,0.065
112,72,0.056,0.091,0.072
112,73,0.04,0.068,0.077
112,74,0.092,0.138,0.064
112,75,0.078,0.121,0.067
112,76,0.039,0.067,0.078
112,77,0.06,0.096,0.072
112,78,0.07,0.11,0.069
112,79,0.051,0.084,0.075
112,80,0.085,0.129,0.066
112,81,0.083,0.127,0.067
112,82,0.06,0.096,0.073
112,83,0.036,0.063,0.082
112,84,0.038,0.065,0.081
112,85,0.04,0.068,0.08
112,86,0.062,0.099,0.073
112,87,0.065,0.103,0.073
112,88,0.038,0.064,0.082
112,89,0.07,0.109,0.072
112,9,0.089,0.135,0.063
112,90,0.053,0.087,0.077
112,91,0.074,0.115,0.071
112,92,0.039,0.066,0.082
112,93,0.041,0.069,0.082
112,94,0.041,0.07,0.082
112,95,0.042,0.07,0.082
112,96,0.033,0.058,0.086
112,97,0.038,0.066,0.083
112,98,0.039,0.066,0.083
112,99,0.031,0.055,0.087
113,10,0.06,0.096,0.069
113,100,0.093,0.14,0.068
113,101,0.068,0.107,0.074
113,102,0.032,0.056,0.087
113,103,0.043,0.072,0.083
113,104,0.044,0.074,0.082
113,105,0.036,0.062,0.086
113,106,0.022,0.041,0.093
113,107,0.029,0.052,0.09
113,108,0.027,0.048,0.091
113,109,0.013,0.027,0.102
113,11,0.027,0.049,0.081
113,110,0.006,0.014,0.114
113,111,0.011,0.022,0.106
113,112,0.019,0.035,0.098
113,113,0.017,0.032,0.1
113,114,0.012,0.024,0.104
113,115,0.019,0.036,0.097
113,116,0.015,0.029,0.102
113,117,0.023,0.043,0.095
113,118,0.027,0.049,0.093
113,119,0.01,0.02,0.109
113,12,0.022,0.04,0.083
113,120,0.012,0.024,0.106
113,121,0.032,0.056,0.09
113,122,0.032,0.056,0.09
113,123,0.024,0.043,0.096
113,124,0.031,0.054,0.091
113,125,0.045,0.075,0.085
113,126,0.039,0.066,0.088
113,127,0.033,0.057,0.091
113,128,0.029,0.051,0.093
113,129,0.034,0.059,0.09
113,13,0.049,0.08,0.071
113,130,0.03,0.054,0.092
113,131,0.043,0.072,0.086
113,132,0.032,0.056,0.091
113,133,0.038,0.065,0.089
113,134,0.056,0.091,0.082
113,135,0.067,0.106,0.079
113,136,0.044,0.074,0.087
113,137,0.032,0.056,0.092
113,138,0.078,0.121,0.076
113,139,0.066,0.104,0.079
113,14,0.07,0.109,0.064
113,140,0.104,0.154,0.07
113,141,0.083,0.127,0.075
113,142,0.039,0.067,0.09
113,143,0.044,0.073,0.088
113,144,0.063,0.1,0.081
113,145,0.047,0.078,0.087
113,146,0.035,0.06,0.092
113,147,0.033,0.058,0.094
113,148,0.021,0.039,0.102
113,149,0.025,0.045,0.099
113,15,0.094,0.141,0.059
113,150,0.02,0.038,0.102
113,151,0.018,0.035,0.104
113,152,0.017,0.032,0.106
113,153,0.023,0.042,0.101
113,154,0.016,0.032,0.106
113,155,0.02,0.037,0.104
113,156,0.023,0.042,0.101
113,157,0.012,0.023,0.112
113,158,0.022,0.04,0.102
113,159,0.019,0.036,0.105
113,16,0.055,0.089,0.067
113,160,0.019,0.036,0.105
113,161,0.027,0.048,0.099
113,162,0.015,0.03,0.109
113,163,0.017,0.033,0.107
113,164,0.039,0.067,0.093
113,165,0.026,0.047,0.101
113,166,0.013,0.026,0.113
113,167,0.017,0.033,0.109
113,168,0.015,0.029,0.112
113,169,0.02,0.037,0.108
113,17,0.027,0.048,0.077
113,170,0.025,0.046,0.104
113,171,0.032,0.056,0.1
113,172,0.018,0.034,0.111
113,173,0.036,0.061,0.1
113,174,0.028,0.051,0.104
113,175,0.018,0.034,0.114
113,176,0.028,0.05,0.106
113,177,0.026,0.047,0.108
113,178,0.02,0.038,0.113
113,179,0.051,0.083,0.096
113,18,0.058,0.094,0.066
113,180,0.027,0.048,0.109
113,181,0.032,0.056,0.107
113,182,0.03,0.053,0.109
113,183,0.043,0.073,0.102
113,184,0.031,0.055,0.11
113,185,0.025,0.045,0.115
113,186,0.041,0.069,0.106
113,187,0.048,0.08,0.103
113,188,0.058,0.093,0.099
113,189,0.051,0.084,0.103
113,19,0.08,0.123,0.061
113,190,0.042,0.07,0.108
113,191,0.038,0.065,0.111
113,192,0.042,0.071,0.11
113,193,0.029,0.052,0.118
113,194,0.036,0.062,0.114
113,195,0.061,0.097,0.103
113,196,0.055,0.09,0.106
113,197,0.05,0.083,0.109
113,198,0.032,0.056,0.121
113,199,0.045,0.075,0.113
113,20,0.048,0.079,0.068
113,200,0.043,0.072,0.115
113,201,0.035,0.061,0.12
113,202,0.034,0.059,0.122
113,203,0.032,0.056,0.123
113,204,0.031,0.055,0.125
113,205,0.036,0.062,0.122
113,206,0.043,0.073,0.118
113,207,0.034,0.059,0.124
113,208,0.038,0.065,0.122
113,209,0.029,0.052,0.128
113,21,0.034,0.059,0.073
113,210,0.04,0.068,0.121
113,211,0.05,0.082,0.116
113,212,0.037,0.063,0.123
113,213,0.055,0.089,0.114
113,214,0.04,0.068,0.122
113,215,0.027,0.048,0.131
113,216,0.025,0.045,0.133
113,217,0.025,0.046,0.132
113,218,0.031,0.054,0.128
113,219,0.056,0.091,0.113
113,22,0.023,0.042,0.078
113,220,0.051,0.083,0.115
113,221,0.047,0.078,0.117
113,222,0.02,0.038,0.137
113,223,0.038,0.065,0.122
113,224,0.034,0.059,0.125
113,225,0.046,0.077,0.117
113,226,0.042,0.071,0.12
113,227,0.027,0.048,0.13
113,228,0.041,0.069,0.12
113,229,0.038,0.065,0.122
113,23,0.074,0.114,0.061
113,230,0.05,0.082,0.115
113,231,0.028,0.05,0.129
113,232,0.01,0.02,0.152
113,233,0.01,0.02,0.151
113,234,0.01,0.021,0.15
113,235,0.009,0.018,0.154
113,236,0.003,0.007,0.175
113,237,0.003,0.006,0.177
113,238,0.002,0.006,0.179
113,239,0.001,0.002,0.202
113,24,0.031,0.055,0.074
113,240,0.0,0.002,0.207
113,241,0.001,0.002,0.206
113,242,0.0,0.001,0.218
113,243,0.0,0.001,0.225
113,244,0.0,0.0,0.235
113,245,0.0,0.001,0.231
113,246,0.0,0.0,0.244
113,247,0.0,0.0,0.248
113,248,0.0,0.0,0.251
113,249,0.0,0.0,0.26
113,25,0.024,0.044,0.077
113,250,0.0,0.0,0.262
113,26,0.034,0.059,0.072
113,27,0.036,0.062,0.072
113,28,0.015,0.029,0.083
113,29,0.036,0.062,0.071
113,30,0.031,0.055,0.073
113,31,0.056,0.091,0.065
113,32,0.044,0.074,0.068
113,33,0.049,0.081,0.067
113,34,0.039,0.067,0.07
113,35,0.01,0.021,0.088
113,36,0.023,0.042,0.077
113,37,0.037,0.064,0.071
113,38,0.047,0.077,0.068
113,39,0.016,0.03,0.082
113,40,0.014,0.028,0.084
113,41,0.082,0.125,0.06
113,42,0.037,0.063,0.072
113,43,0.03,0.053,0.075
113,44,0.029,0.052,0.075
113,45,0.022,0.041,0.079
113,46,0.062,0.099,0.065
113,47,0.05,0.082,0.068
113,48,0.022,0.04,0.08
113,49,0.037,0.064,0.073
113,50,0.13,0.186,0.053
113,51,0.035,0.061,0.074
113,52,0.035,0.061,0.074
113,53,0.048,0.08,0.07
113,54,0.06,0.097,0.066
113,55,0.029,0.051,0.077
113,56,0.022,0.04,0.081
113,57,0.071,0.111,0.064
113,58,0.037,0.064,0.074
113,59,0.041,0.069,0.073
113,60,0.03,0.052,0.078
113,61,0.024,0.043,0.082
113,62,0.07,0.11,0.065
113,63,0.062,0.099,0.067
113,64,0.035,0.061,0.077
113,65,0.058,0.093,0.069
113,66,0.061,0.098,0.068
113,67,0.04,0.068,0.075
113,68,0.028,0.051,0.081
113,69,0.039,0.066,0.077
113,70,0.074,0.115,0.066
113,71,0.033,0.058,0.08
113,72,0.023,0.042,0.085
113,73,0.037,0.063,0.078
113,74,0.04,0.068,0.077
113,75,0.063,0.1,0.07
113,76,0.036,0.061,0.08
113,77,0.04,0.067,0.078
113,78,0.053,0.087,0.074
113,79,0.046,0.077,0.076
113,80,0.047,0.078,0.076
113,81,0.045,0.075,0.077
113,82,0.061,0.098,0.072
113,83,0.033,0.058,0.083
113,84,0.026,0.048,0.086
113,85,0.078,0.12,0.069
113,86,0.062,0.099,0.073
113,87,0.025,0.045,0.088
113,88,0.028,0.05,0.086
113,89,0.043,0.072,0.08
113,9,0.039,0.067,0.077
113,90,0.043,0.073,0.08
113,91,0.061,0.098,0.074
113,92,0.082,0.125,0.069
113,93,0.054,0.088,0.076
113,94,0.07,0.109,0.072
113,95,0.063,0.1,0.074
113,96,0.064,0.102,0.074
113,97,0.062,0.099,0.075
113,98,0.048,0.08,0.08
113,99,0.061,0.097,0.076
114,10,0.135,0.192,0.056
114,100,0.026,0.047,0.089
114,101,0.015,0.029,0.098
114,102,0.016,0.03,0.098
114,103,0.012,0.024,0.102
114,104,0.017,0.033,0.097
114,105,0.014,0.027,0.1
114,106,0.03,0.053,0.089
114,107,0.019,0.035,0.097
114,108,0.01,0.02,0.106
114,109,0.01,0.021,0.105
114,11,0.028,0.05,0.081
114,110,0.009,0.019,0.107
114,111,0.014,0.027,0.101
114,112,0.008,0.017,0.109
114,113,0.01,0.02,0.107
114,114,0.007,0.016,0.112
114,115,0.009,0.019,0.109
114,116,0.009,0.019,0.109
114,117,0.015,0.029,0.101
114,118,0.018,0.034,0.099
114,119,0.032,0.056,0.09
114,12,0.049,0.081,0.072
114,120,0.019,0.036,0.098
114,121,0.044,0.074,0.085
114,122,0.05,0.082,0.083
114,123,0.068,0.107,0.077
114,124,0.035,0.061,0.089
114,125,0.043,0.072,0.086
114,126,0.034,0.06,0.09
114,127,0.032,0.057,0.09
114,128,0.094,0.141,0.071
114,129,0.062,0.098,0.079
114,13,0.057,0.091,0.069
114,130,0.07,0.11,0.077
114,131,0.078,0.12,0.075
114,132,0.027,0.048,0.095
114,133,0.037,0.063,0.089
114,134,0.043,0.073,0.086
114,135,0.075,0.116,0.076
114,136,0.04,0.068,0.088
114,137,0.036,0.062,0.09
114,138,0.039,0.067,0.089
114,139,0.04,0.068,0.089
114,14,0.027,0.048,0.079
114,140,0.052,0.086,0.084
114,141,0.041,0.069,0.088
114,142,0.035,0.06,0.092
114,143,0.021,0.039,0.1
114,144,0.019,0.035,0.103
114,145,0.03,0.053,0.095
114,146,0.026,0.047,0.097
114,147,0.018,0.034,0.104
114,148,0.012,0.023,0.111
114,149,0.014,0.027,0.108
114,15,0.048,0.079,0.07
114,150,0.02,0.038,0.102
114,151,0.015,0.029,0.108
114,152,0.015,0.03,0.107
114,153,0.012,0.025,0.111
114,154,0.007,0.014,0.121
114,155,0.011,0.022,0.114
114,156,0.006,0.013,0.123
114,157,0.01,0.021,0.115
114,158,0.02,0.038,0.105
114,159,0.008,0.017,0.121
114,16,0.039,0.066,0.073
114,160,0.012,0.023,0.114
114,161,0.016,0.031,0.109
114,162,0.017,0.033,0.109
114,163,0.014,0.027,0.112
114,164,0.011,0.023,0.116
114,165,0.01,0.021,0.118
114,166,0.029,0.052,0.101
114,167,0.025,0.046,0.104
114,168,0.017,0.032,0.111
114,169,0.036,0.063,0.098
114,17,0.059,0.095,0.066
114,170,0.046,0.076,0.094
114,171,0.044,0.073,0.096
114,172,0.044,0.074,0.096
114,173,0.046,0.076,0.096
114,174,0.029,0.052,0.106
114,175,0.026,0.048,0.108
114,176,0.03,0.053,0.106
114,177,0.036,0.062,0.103
114,178,0.045,0.076,0.1
114,179,0.042,0.071,0.102
114,18,0.032,0.055,0.075
114,180,0.04,0.068,0.103
114,181,0.018,0.034,0.12
114,182,0.03,0.053,0.11
114,183,0.064,0.101,0.095
114,184,0.028,0.049,0.114
114,185,0.041,0.069,0.107
114,186,0.017,0.032,0.125
114,187,0.015,0.03,0.128
114,188,0.047,0.078,0.105
114,189,0.033,0.058,0.114
114,19,0.067,0.105,0.064
114,190,0.033,0.057,0.115
114,191,0.046,0.077,0.108
114,192,0.04,0.068,0.112
114,193,0.045,0.076,0.11
114,194,0.034,0.059,0.117
114,195,0.038,0.066,0.115
114,196,0.034,0.059,0.119
114,197,0.036,0.061,0.118
114,198,0.029,0.052,0.123
114,199,0.026,0.046,0.127
114,20,0.087,0.133,0.06
114,200,0.022,0.041,0.13
114,201,0.027,0.049,0.126
114,202,0.033,0.057,0.123
114,203,0.042,0.071,0.117
114,204,0.046,0.077,0.116
114,205,0.056,0.091,0.111
114,206,0.029,0.051,0.128
114,207,0.04,0.069,0.12
114,208,0.042,0.071,0.119
114,209,0.03,0.052,0.128
114,21,0.116,0.169,0.054
114,210,0.051,0.084,0.115
114,211,0.044,0.073,0.119
114,212,0.058,0.094,0.112
114,213,0.053,0.086,0.114
114,214,0.034,0.059,0.125
114,215,0.058,0.094,0.111
114,216,0.056,0.091,0.112
114,217,0.056,0.09,0.113
114,218,0.042,0.071,0.119
114,219,0.021,0.038,0.136
114,22,0.064,0.101,0.064
114,220,0.025,0.046,0.131
114,221,0.023,0.042,0.133
114,222,0.024,0.044,0.132
114,223,0.041,0.07,0.119
114,224,0.035,0.06,0.123
114,225,0.033,0.058,0.124
114,226,0.032,0.056,0.125
114,227,0.025,0.045,0.13
114,228,0.031,0.055,0.125
114,229,0.021,0.039,0.134
114,23,0.037,0.064,0.072
114,230,0.028,0.051,0.127
114,231,0.02,0.037,0.136
114,232,0.022,0.041,0.133
114,233,0.013,0.025,0.145
114,234,0.009,0.019,0.152
114,235,0.006,0.013,0.161
114,236,0.01,0.021,0.15
114,237,0.007,0.014,0.159
114,238,0.004,0.01,0.167
114,239,0.004,0.01,0.17
114,24,0.127,0.183,0.052
114,240,0.004,0.009,0.17
114,241,0.002,0.004,0.188
114,242,0.001,0.004,0.193
114,243,0.001,0.002,0.205
114,244,0.001,0.002,0.205
114,245,0.0,0.001,0.213
114,246,0.002,0.004,0.194
114,247,0.0,0.001,0.22
114,248,0.0,0.0,0.245
114,249,0.0,0.001,0.235
114,25,0.089,0.134,0.058
114,26,0.123,0.178,0.053
114,27,0.101,0.15,0.056
114,28,0.077,0.119,0.06
114,29,0.126,0.182,0.052
114,30,0.104,0.153,0.055
114,31,0.107,0.158,0.055
114,32,0.111,0.163,0.054
114,33,0.057,0.093,0.065
114,34,0.1,0.149,0.056
114,35,0.157,0.22,0.048
114,36,0.117,0.17,0.054
114,37,0.081,0.124,0.059
114,38,0.155,0.217,0.049
114,39,0.119,0.173,0.053
114,40,0.145,0.205,0.05
114,41,0.125,0.181,0.053
114,42,0.049,0.08,0.068
114,43,0.04,0.068,0.071
114,44,0.076,0.118,0.061
114,45,0.04,0.068,0.071
114,46,0.071,0.111,0.062
114,47,0.047,0.078,0.069
114,48,0.028,0.05,0.077
114,49,0.034,0.059,0.074
114,50,0.02,0.038,0.081
114,51,0.026,0.046,0.078
114,52,0.019,0.036,0.082
114,53,0.039,0.066,0.073
114,54,0.029,0.051,0.077
114,55,0.038,0.065,0.074
114,56,0.024,0.043,0.08
114,57,0.039,0.066,0.074
114,58,0.012,0.023,0.09
114,59,0.012,0.025,0.09
114,60,0.016,0.031,0.087
114,61,0.048,0.08,0.071
114,62,0.028,0.05,0.079
114,63,0.011,0.022,0.092
114,64,0.021,0.039,0.084
114,65,0.041,0.069,0.075
114,66,0.026,0.046,0.081
114,67,0.026,0.047,0.082
114,68,0.021,0.039,0.085
114,69,0.037,0.063,0.077
114,70,0.017,0.033,0.088
114,71,0.016,0.031,0.089
114,72,0.062,0.099,0.069
114,73,0.048,0.079,0.074
114,74,0.013,0.025,0.093
114,75,0.044,0.074,0.076
114,76,0.04,0.069,0.077
114,77,0.005,0.01,0.107
114,78,0.01,0.02,0.098
114,79,0.015,0.03,0.092
114,80,0.036,0.062,0.08
114,81,0.033,0.058,0.082
114,82,0.026,0.047,0.086
114,83,0.038,0.065,0.08
114,84,0.037,0.064,0.081
114,85,0.019,0.035,0.091
114,86,0.022,0.04,0.089
114,87,0.049,0.08,0.077
114,88,0.02,0.037,0.091
114,89,0.016,0.031,0.094
114,90,0.037,0.063,0.082
114,91,0.043,0.072,0.08
114,92,0.021,0.039,0.091
114,93,0.022,0.04,0.091
114,94,0.018,0.034,0.094
114,95,0.024,0.044,0.09
114,96,0.015,0.03,0.097
114,97,0.024,0.043,0.091
114,98,0.011,0.023,0.102
114,99,0.009,0.019,0.105
115,100,0.014,0.027,0.1
115,101,0.018,0.035,0.095
115,102,0.02,0.037,0.094
115,103,0.025,0.045,0.091
115,104,0.023,0.042,0.093
115,105,0.038,0.065,0.085
115,106,0.043,0.072,0.083
115,107,0.057,0.092,0.078
115,108,0.041,0.069,0.084
115,109,0.044,0.073,0.083
115,11,0.091,0.137,0.063
115,110,0.048,0.08,0.081
115,111,0.04,0.068,0.085
115,112,0.049,0.081,0.081
115,113,0.062,0.099,0.077
115,114,0.053,0.087,0.08
115,115,0.058,0.093,0.079
115,116,0.065,0.103,0.077
115,117,0.042,0.07,0.085
115,118,0.047,0.078,0.083
115,119,0.046,0.076,0.084
115,12,0.046,0.076,0.073
115,120,0.041,0.069,0.086
115,121,0.024,0.045,0.095
115,122,0.015,0.029,0.103
115,123,0.02,0.037,0.098
115,124,0.014,0.027,0.104
115,125,0.013,0.025,0.105
115,126,0.015,0.03,0.103
115,127,0.029,0.052,0.093
115,128,0.018,0.034,0.101
115,129,0.014,0.028,0.104
115,13,0.066,0.105,0.067
115,130,0.02,0.037,0.099
115,131,0.01,0.021,0.109
115,132,0.014,0.027,0.105
115,133,0.022,0.04,0.098
115,134,0.021,0.04,0.099
115,135,0.025,0.046,0.096
115,136,0.03,0.053,0.093
115,137,0.021,0.039,0.1
115,138,0.028,0.05,0.095
115,139,0.016,0.031,0.104
115,14,0.029,0.052,0.079
115,140,0.031,0.054,0.093
115,141,0.035,0.06,0.092
115,142,0.029,0.052,0.095
115,143,0.035,0.06,0.092
115,144,0.035,0.061,0.092
115,145,0.026,0.046,0.097
115,146,0.053,0.086,0.085
115,147,0.04,0.067,0.09
115,148,0.038,0.064,0.091
115,149,0.083,0.127,0.077
115,15,0.113,0.165,0.057
115,150,0.062,0.098,0.083
115,151,0.062,0.099,0.083
115,152,0.044,0.074,0.089
115,153,0.061,0.098,0.083
115,154,0.048,0.079,0.088
115,155,0.096,0.144,0.074
115,156,0.07,0.11,0.081
115,157,0.041,0.069,0.092
115,158,0.041,0.069,0.092
115,159,0.045,0.075,0.091
115,16,0.075,0.117,0.063
115,160,0.045,0.076,0.091
115,161,0.037,0.063,0.095
115,162,0.026,0.047,0.102
115,163,0.032,0.056,0.099
115,164,0.053,0.086,0.09
115,165,0.058,0.093,0.088
115,166,0.029,0.052,0.102
115,167,0.06,0.096,0.088
115,168,0.063,0.1,0.088
115,169,0.052,0.085,0.093
115,17,0.087,0.132,0.061
115,170,0.053,0.086,0.093
115,171,0.067,0.106,0.088
115,172,0.041,0.07,0.099
115,173,0.054,0.087,0.094
115,174,0.03,0.053,0.106
115,175,0.055,0.09,0.095
115,176,0.089,0.135,0.084
115,177,0.065,0.103,0.092
115,178,0.042,0.071,0.102
115,179,0.072,0.112,0.091
115,18,0.021,0.039,0.081
115,180,0.057,0.092,0.097
115,181,0.067,0.105,0.094
115,182,0.059,0.095,0.098
115,183,0.042,0.07,0.106
115,184,0.1,0.149,0.087
115,185,0.081,0.124,0.093
115,186,0.088,0.133,0.091
115,187,0.088,0.134,0.092
115,188,0.069,0.109,0.098
115,189,0.066,0.105,0.1
115,19,0.031,0.054,0.076
115,190,0.055,0.089,0.105
115,191,0.064,0.101,0.102
115,192,0.075,0.117,0.099
115,193,0.092,0.139,0.094
115,194,0.097,0.145,0.093
115,195,0.067,0.106,0.103
115,196,0.077,0.119,0.1
115,197,0.054,0.088,0.109
115,198,0.052,0.085,0.111
115,199,0.058,0.094,0.109
115,20,0.073,0.114,0.063
115,200,0.032,0.056,0.124
115,201,0.036,0.063,0.121
115,202,0.036,0.063,0.121
115,203,0.048,0.08,0.115
115,204,0.07,0.11,0.105
115,205,0.047,0.078,0.116
115,206,0.061,0.098,0.109
115,207,0.066,0.104,0.108
115,208,0.065,0.104,0.108
115,209,0.06,0.096,0.11
115,21,0.045,0.076,0.07
115,210,0.034,0.058,0.125
115,211,0.049,0.081,0.116
115,212,0.047,0.078,0.117
115,213,0.045,0.075,0.118
115,214,0.07,0.11,0.106
115,215,0.039,0.066,0.122
115,216,0.037,0.064,0.122
115,217,0.02,0.038,0.136
115,218,0.035,0.06,0.124
115,219,0.027,0.049,0.13
115,22,0.038,0.065,0.072
115,220,0.024,0.044,0.132
115,221,0.037,0.063,0.122
115,222,0.064,0.101,0.108
115,223,0.045,0.075,0.117
115,224,0.038,0.064,0.121
115,225,0.03,0.053,0.126
115,226,0.017,0.033,0.139
115,227,0.017,0.032,0.139
115,228,0.032,0.056,0.125
115,229,0.028,0.05,0.128
115,23,0.06,0.096,0.065
115,230,0.011,0.022,0.149
115,231,0.022,0.041,0.133
115,232,0.009,0.018,0.153
115,233,0.005,0.011,0.165
115,234,0.009,0.019,0.153
115,235,0.005,0.012,0.164
115,236,0.005,0.012,0.164
115,237,0.002,0.004,0.186
115,238,0.002,0.004,0.187
115,239,0.002,0.006,0.181
115,24,0.044,0.074,0.069
115,240,0.001,0.002,0.199
115,241,0.002,0.006,0.182
115,242,0.0,0.001,0.223
115,243,0.001,0.002,0.204
115,244,0.0,0.001,0.219
115,245,0.0,0.001,0.234
115,246,0.0,0.001,0.226
115,247,0.0,0.0,0.244
115,248,0.0,0.0,0.255
115,249,0.0,0.0,0.248
115,25,0.022,0.041,0.079
115,26,0.028,0.051,0.075
115,27,0.021,0.039,0.079
115,28,0.06,0.097,0.064
115,29,0.083,0.127,0.059
115,30,0.089,0.135,0.058
115,31,0.04,0.068,0.07
115,32,0.056,0.091,0.065
115,33,0.076,0.118,0.06
115,34,0.148,0.208,0.049
115,35,0.085,0.13,0.059
115,36,0.212,0.283,0.043
115,37,0.277,0.356,0.037
115,38,0.276,0.354,0.037
115,39,0.114,0.167,0.054
115,40,0.306,0.386,0.035
115,41,0.123,0.178,0.053
115,42,0.173,0.238,0.047
115,43,0.361,0.444,0.032
115,44,0.103,0.153,0.057
115,45,0.157,0.219,0.049
115,46,0.316,0.396,0.035
115,47,0.154,0.216,0.05
115,48,0.086,0.131,0.06
115,49,0.134,0.192,0.053
115,50,0.117,0.17,0.055
115,51,0.151,0.212,0.051
115,52,0.199,0.268,0.046
115,53,0.133,0.19,0.053
115,54,0.136,0.194,0.053
115,55,0.063,0.1,0.066
115,56,0.086,0.131,0.061
115,57,0.096,0.144,0.059
115,58,0.112,0.164,0.057
115,59,0.129,0.185,0.055
115,60,0.127,0.182,0.055
115,61,0.112,0.165,0.057
115,62,0.025,0.045,0.081
115,63,0.055,0.089,0.069
115,64,0.064,0.101,0.067
115,65,0.04,0.067,0.075
115,66,0.093,0.141,0.061
115,67,0.069,0.108,0.066
115,68,0.066,0.104,0.068
115,69,0.091,0.138,0.062
115,70,0.055,0.089,0.071
115,71,0.051,0.083,0.072
115,72,0.037,0.064,0.077
115,73,0.073,0.114,0.066
115,74,0.063,0.1,0.069
115,75,0.063,0.1,0.07
115,76,0.085,0.13,0.065
115,77,0.11,0.162,0.06
115,78,0.051,0.084,0.074
115,79,0.115,0.168,0.06
115,80,0.069,0.108,0.069
115,81,0.127,0.183,0.058
115,82,0.055,0.089,0.074
115,83,0.045,0.075,0.077
115,84,0.088,0.134,0.065
115,85,0.057,0.092,0.073
115,86,0.033,0.057,0.083
115,87,0.055,0.089,0.075
115,88,0.059,0.094,0.074
115,89,0.076,0.117,0.07
115,90,0.034,0.06,0.083
115,91,0.012,0.023,0.099
115,92,0.009,0.018,0.103
115,93,0.023,0.043,0.09
115,94,0.02,0.038,0.092
115,95,0.017,0.033,0.095
115,96,0.014,0.028,0.098
115,97,0.007,0.016,0.107
115,98,0.015,0.029,0.098
115,99,0.019,0.035,0.095
116,100,0.02,0.038,0.093
116,101,0.034,0.06,0.085
116,102,0.035,0.061,0.085
116,103,0.034,0.059,0.086
116,104,0.026,0.047,0.09
116,105,0.028,0.049,0.09
116,106,0.06,0.096,0.077
116,107,0.031,0.054,0.088
116,108,0.023,0.043,0.093
116,109,0.03,0.053,0.089
116,110,0.027,0.049,0.091
116,111,0.023,0.041,0.094
116,112,0.031,0.054,0.09
116,113,0.043,0.072,0.084
116,114,0.03,0.053,0.09
116,115,0.012,0.024,0.105
116,116,0.029,0.051,0.091
116,117,0.032,0.056,0.09
116,118,0.018,0.034,0.099
116,119,0.023,0.042,0.095
116,120,0.029,0.051,0.092
116,121,0.019,0.035,0.099
116,122,0.029,0.051,0.092
116,123,0.024,0.044,0.095
116,124,0.032,0.056,0.091
116,125,0.042,0.07,0.086
116,126,0.022,0.04,0.097
116,127,0.047,0.079,0.084
116,128,0.042,0.07,0.087
116,129,0.032,0.056,0.091
116,13,0.101,0.15,0.061
116,130,0.034,0.059,0.091
116,131,0.022,0.04,0.098
116,132,0.029,0.052,0.094
116,133,0.039,0.066,0.089
116,134,0.076,0.117,0.076
116,135,0.037,0.064,0.09
116,136,0.025,0.045,0.097
116,137,0.034,0.059,0.092
116,138,0.022,0.041,0.099
116,139,0.016,0.031,0.105
116,14,0.105,0.155,0.059
116,140,0.071,0.111,0.079
116,141,0.048,0.08,0.086
116,142,0.052,0.086,0.085
116,143,0.055,0.089,0.084
116,144,0.073,0.113,0.079
116,145,0.06,0.097,0.083
116,146,0.063,0.1,0.082
116,147,0.067,0.105,0.081
116,148,0.081,0.125,0.078
116,149,0.042,0.071,0.09
116,15,0.138,0.197,0.054
116,150,0.055,0.09,0.086
116,151,0.042,0.071,0.091
116,152,0.041,0.069,0.092
116,153,0.049,0.081,0.089
116,154,0.055,0.089,0.087
116,155,0.06,0.097,0.085
116,156,0.065,0.103,0.084
116,157,0.042,0.071,0.093
116,158,0.023,0.042,0.104
116,159,0.047,0.078,0.091
116,16,0.064,0.102,0.067
116,160,0.042,0.071,0.094
116,161,0.027,0.048,0.103
116,162,0.04,0.068,0.096
116,163,0.09,0.136,0.079
116,164,0.099,0.148,0.077
116,165,0.096,0.144,0.079
116,166,0.106,0.157,0.077
116,167,0.142,0.201,0.07
116,168,0.09,0.136,0.081
116,169,0.092,0.139,0.081
116,17,0.139,0.197,0.053
116,170,0.075,0.117,0.086
116,171,0.076,0.118,0.086
116,172,0.071,0.111,0.088
116,173,0.08,0.123,0.087
116,174,0.071,0.111,0.09
116,175,0.084,0.128,0.087
116,176,0.094,0.141,0.084
116,177,0.099,0.147,0.084
116,178,0.149,0.209,0.074
116,179,0.13,0.186,0.078
116,18,0.07,0.11,0.065
116,180,0.128,0.184,0.079
116,181,0.154,0.215,0.074
116,182,0.177,0.243,0.071
116,183,0.118,0.172,0.083
116,184,0.133,0.191,0.08
116,185,0.145,0.204,0.078
116,186,0.203,0.273,0.069
116,187,0.137,0.194,0.081
116,188,0.132,0.189,0.082
116,189,0.14,0.199,0.081
116,19,0.116,0.169,0.056
116,190,0.125,0.18,0.085
116,191,0.123,0.178,0.086
116,192,0.14,0.199,0.082
116,193,0.165,0.229,0.078
116,194,0.122,0.177,0.087
116,195,0.144,0.203,0.083
116,196,0.208,0.279,0.072
116,197,0.166,0.23,0.079
116,198,0.122,0.177,0.089
116,199,0.121,0.175,0.089
116,20,0.044,0.073,0.071
116,200,0.118,0.171,0.091
116,201,0.185,0.252,0.077
116,202,0.194,0.262,0.075
116,203,0.117,0.17,0.091
116,204,0.13,0.186,0.088
116,205,0.115,0.168,0.092
116,206,0.082,0.125,0.102
116,207,0.068,0.107,0.107
116,208,0.103,0.152,0.096
116,209,0.083,0.127,0.102
116,21,0.098,0.147,0.058
116,210,0.093,0.14,0.098
116,211,0.075,0.116,0.105
116,212,0.055,0.089,0.113
116,213,0.042,0.071,0.119
116,214,0.052,0.085,0.114
116,215,0.043,0.073,0.118
116,216,0.105,0.155,0.095
116,217,0.063,0.1,0.109
116,218,0.063,0.1,0.109
116,219,0.045,0.075,0.117
116,22,0.067,0.106,0.064
116,220,0.041,0.07,0.119
116,221,0.078,0.12,0.103
116,222,0.054,0.088,0.112
116,223,0.024,0.044,0.131
116,224,0.021,0.039,0.134
116,225,0.022,0.041,0.133
116,226,0.014,0.027,0.143
116,227,0.019,0.035,0.136
116,228,0.013,0.026,0.144
116,229,0.017,0.033,0.138
116,23,0.056,0.09,0.067
116,230,0.012,0.024,0.146
116,231,0.014,0.027,0.143
116,232,0.012,0.024,0.146
116,233,0.004,0.009,0.17
116,234,0.007,0.014,0.159
116,235,0.007,0.016,0.157
116,236,0.006,0.013,0.162
116,237,0.004,0.01,0.169
116,238,0.006,0.012,0.164
116,239,0.002,0.005,0.187
116,24,0.096,0.144,0.058
116,240,0.003,0.007,0.178
116,241,0.002,0.005,0.186
116,242,0.002,0.005,0.187
116,243,0.001,0.004,0.197
116,244,0.002,0.006,0.189
116,245,0.002,0.006,0.189
116,246,0.002,0.004,0.198
116,247,0.001,0.004,0.203
116,248,0.001,0.003,0.21
116,25,0.115,0.168,0.055
116,26,0.073,0.114,0.062
116,27,0.046,0.076,0.069
116,28,0.128,0.184,0.052
116,29,0.08,0.123,0.06
116,30,0.052,0.084,0.067
116,31,0.121,0.175,0.053
116,32,0.068,0.108,0.063
116,33,0.066,0.105,0.063
116,34,0.162,0.225,0.048
116,35,0.081,0.124,0.06
116,36,0.02,0.037,0.08
116,37,0.056,0.091,0.066
116,38,0.154,0.215,0.049
116,39,0.112,0.164,0.055
116,40,0.11,0.162,0.055
116,41,0.046,0.077,0.069
116,42,0.093,0.14,0.058
116,43,0.146,0.206,0.05
116,44,0.08,0.123,0.061
116,45,0.063,0.101,0.065
116,46,0.093,0.14,0.058
116,47,0.135,0.193,0.052
116,48,0.119,0.173,0.055
116,49,0.146,0.205,0.051
116,50,0.121,0.175,0.054
116,51,0.106,0.157,0.057
116,52,0.117,0.17,0.055
116,53,0.184,0.25,0.047
116,54,0.173,0.238,0.048
116,55,0.153,0.214,0.051
116,56,0.261,0.337,0.04
116,57,0.162,0.225,0.05
116,58,0.195,0.264,0.046
116,59,0.137,0.195,0.054
116,60,0.09,0.136,0.061
116,61,0.223,0.295,0.044
116,62,0.176,0.242,0.049
116,63,0.091,0.137,0.061
116,64,0.131,0.188,0.055
116,65,0.156,0.218,0.051
116,66,0.108,0.159,0.059
116,67,0.108,0.159,0.059
116,68,0.119,0.173,0.057
116,69,0.089,0.135,0.063
116,70,0.135,0.192,0.055
116,71,0.081,0.124,0.065
116,72,0.019,0.036,0.087
116,73,0.068,0.108,0.068
116,74,0.063,0.1,0.069
116,75,0.108,0.158,0.06
116,76,0.086,0.131,0.065
116,77,0.071,0.111,0.068
116,78,0.121,0.176,0.059
116,79,0.068,0.107,0.069
116,80,0.06,0.096,0.071
116,81,0.079,0.121,0.067
116,82,0.063,0.1,0.071
116,83,0.06,0.096,0.072
116,84,0.061,0.097,0.072
116,85,0.054,0.088,0.074
116,86,0.028,0.05,0.085
116,87,0.03,0.053,0.084
116,88,0.024,0.043,0.088
116,89,0.022,0.041,0.09
116,90,0.035,0.06,0.083
116,91,0.028,0.05,0.086
116,92,0.024,0.043,0.089
116,93,0.031,0.055,0.085
116,94,0.024,0.045,0.089
116,95,0.039,0.066,0.082
116,96,0.044,0.074,0.08
116,97,0.047,0.078,0.079
116,98,0.036,0.062,0.084
116,99,0.032,0.056,0.086
117,100,0.025,0.045,0.09
117,101,0.013,0.026,0.1
117,102,0.017,0.033,0.096
117,103,0.02,0.038,0.094
117,104,0.021,0.039,0.094
117,105,0.017,0.033,0.097
117,106,0.012,0.024,0.103
117,107,0.019,0.036,0.096
117,108,0.02,0.037,0.096
117,109,0.027,0.049,0.091
117,110,0.026,0.047,0.092
117,111,0.016,0.031,0.099
117,112,0.014,0.027,0.102
117,113,0.017,0.032,0.099
117,114,0.02,0.038,0.096
117,115,0.016,0.03,0.101
117,116,0.017,0.033,0.1
117,117,0.014,0.028,0.103
117,118,0.013,0.025,0.105
117,119,0.017,0.033,0.101
117,120,0.014,0.028,0.103
117,121,0.01,0.021,0.108
117,122,0.025,0.046,0.095
117,123,0.014,0.027,0.105
117,124,0.017,0.033,0.101
117,125,0.006,0.013,0.117
117,126,0.008,0.017,0.114
117,127,0.012,0.023,0.108
117,128,0.007,0.016,0.115
117,129,0.008,0.018,0.113
117,130,0.019,0.036,0.101
117,131,0.02,0.037,0.1
117,132,0.013,0.026,0.107
117,133,0.024,0.043,0.098
117,134,0.023,0.043,0.098
117,135,0.022,0.04,0.099
117,136,0.018,0.034,0.103
117,137,0.026,0.047,0.097
117,138,0.049,0.081,0.086
117,139,0.077,0.119,0.077
117,140,0.037,0.064,0.091
117,141,0.021,0.038,0.102
117,142,0.036,0.062,0.093
117,143,0.018,0.034,0.105
117,144,0.021,0.039,0.102
117,145,0.025,0.046,0.099
117,146,0.024,0.044,0.1
117,147,0.059,0.095,0.084
117,148,0.08,0.123,0.078
117,149,0.094,0.142,0.075
117,150,0.072,0.112,0.081
117,151,0.051,0.084,0.088
117,152,0.031,0.055,0.098
117,153,0.035,0.06,0.096
117,154,0.016,0.031,0.11
117,155,0.039,0.066,0.095
117,156,0.069,0.108,0.084
117,157,0.077,0.12,0.082
117,158,0.065,0.103,0.085
117,159,0.089,0.135,0.079
117,16,0.019,0.035,0.086
117,160,0.064,0.102,0.086
117,161,0.05,0.083,0.092
117,162,0.052,0.086,0.091
117,163,0.067,0.106,0.086
117,164,0.077,0.118,0.084
117,165,0.081,0.124,0.083
117,166,0.063,0.1,0.089
117,167,0.068,0.107,0.088
117,168,0.079,0.122,0.085
117,169,0.089,0.135,0.083
117,17,0.019,0.036,0.085
117,170,0.09,0.137,0.083
117,171,0.083,0.127,0.086
117,172,0.059,0.094,0.094
117,173,0.089,0.134,0.085
117,174,0.061,0.098,0.094
117,175,0.057,0.092,0.096
117,176,0.082,0.125,0.089
117,177,0.121,0.175,0.08
117,178,0.118,0.172,0.081
117,179,0.098,0.146,0.086
117,18,0.02,0.038,0.084
117,180,0.063,0.1,0.097
117,181,0.072,0.112,0.095
117,182,0.136,0.194,0.079
117,183,0.129,0.185,0.081
117,184,0.172,0.237,0.074
117,185,0.117,0.17,0.085
117,186,0.125,0.18,0.084
117,187,0.084,0.128,0.095
117,188,0.097,0.146,0.092
117,189,0.069,0.108,0.101
117,19,0.027,0.049,0.079
117,190,0.093,0.139,0.094
117,191,0.057,0.091,0.107
117,192,0.073,0.114,0.101
117,193,0.087,0.132,0.097
117,194,0.096,0.143,0.095
117,195,0.087,0.133,0.098
117,196,0.136,0.193,0.086
117,197,0.114,0.166,0.091
117,198,0.087,0.132,0.099
117,199,0.099,0.148,0.096
117,20,0.039,0.067,0.074
117,200,0.092,0.139,0.098
117,201,0.132,0.189,0.088
117,202,0.102,0.152,0.096
117,203,0.089,0.135,0.099
117,204,0.099,0.147,0.097
117,205,0.084,0.128,0.101
117,206,0.113,0.165,0.093
117,207,0.08,0.123,0.102
117,208,0.073,0.114,0.105
117,209,0.09,0.136,0.099
117,21,0.061,0.097,0.067
117,210,0.11,0.161,0.093
117,211,0.081,0.124,0.102
117,212,0.092,0.139,0.098
117,213,0.093,0.14,0.098
117,214,0.054,0.088,0.112
117,215,0.059,0.095,0.11
117,216,0.038,0.065,0.121
117,217,0.034,0.059,0.124
117,218,0.029,0.052,0.127
117,219,0.024,0.043,0.132
117,22,0.033,0.058,0.075
117,220,0.038,0.065,0.121
117,221,0.02,0.038,0.135
117,222,0.026,0.047,0.13
117,223,0.024,0.044,0.131
117,224,0.008,0.016,0.155
117,225,0.007,0.016,0.156
117,226,0.008,0.017,0.154
117,227,0.007,0.015,0.157
117,228,0.009,0.02,0.151
117,229,0.005,0.012,0.162
117,23,0.042,0.07,0.072
117,230,0.006,0.014,0.159
117,231,0.004,0.008,0.17
117,232,0.003,0.008,0.173
117,233,0.004,0.009,0.17
117,234,0.002,0.005,0.182
117,235,0.001,0.002,0.199
117,236,0.001,0.003,0.197
117,237,0.001,0.002,0.201
117,238,0.0,0.001,0.228
117,239,0.0,0.001,0.211
117,24,0.058,0.094,0.066
117,240,0.0,0.001,0.216
117,241,0.001,0.002,0.208
117,242,0.001,0.002,0.211
117,243,0.001,0.002,0.211
117,244,0.0,0.001,0.219
117,245,0.001,0.002,0.218
117,246,0.0,0.001,0.233
117,247,0.0,0.002,0.224
117,25,0.03,0.054,0.075
117,26,0.038,0.064,0.072
117,27,0.127,0.183,0.053
117,28,0.058,0.093,0.066
117,29,0.057,0.092,0.066
117,30,0.197,0.266,0.045
117,31,0.058,0.094,0.065
117,32,0.097,0.146,0.057
117,33,0.126,0.182,0.053
117,34,0.064,0.102,0.064
117,35,0.052,0.085,0.067
117,36,0.044,0.074,0.069
117,37,0.086,0.131,0.059
117,38,0.081,0.124,0.061
117,39,0.075,0.116,0.062
117,40,0.095,0.142,0.058
117,41,0.098,0.147,0.057
117,42,0.061,0.098,0.065
117,43,0.134,0.191,0.052
117,44,0.061,0.098,0.065
117,45,0.054,0.087,0.067
117,46,0.079,0.122,0.061
117,47,0.094,0.141,0.059
117,48,0.152,0.213,0.05
117,49,0.076,0.117,0.063
117,50,0.121,0.176,0.055
117,51,0.09,0.135,0.06
117,52,0.114,0.167,0.056
117,53,0.126,0.182,0.054
117,54,0.113,0.165,0.056
117,55,0.098,0.146,0.059
117,56,0.142,0.201,0.053
117,57,0.08,0.122,0.063
117,58,0.208,0.278,0.045
117,59,0.07,0.11,0.065
117,60,0.054,0.088,0.07
117,61,0.105,0.155,0.059
117,62,0.101,0.15,0.059
117,63,0.055,0.089,0.07
117,64,0.055,0.09,0.07
117,65,0.036,0.063,0.076
117,66,0.057,0.092,0.07
117,67,0.069,0.109,0.067
117,68,0.1,0.149,0.06
117,69,0.023,0.042,0.084
117,70,0.023,0.042,0.084
117,71,0.029,0.052,0.081
117,72,0.016,0.031,0.089
117,73,0.037,0.063,0.078
117,74,0.014,0.027,0.092
117,75,0.03,0.053,0.082
117,76,0.026,0.047,0.084
117,77,0.035,0.06,0.08
117,78,0.02,0.038,0.088
117,79,0.025,0.045,0.085
117,80,0.014,0.027,0.094
117,81,0.024,0.044,0.086
117,82,0.014,0.027,0.095
117,83,0.031,0.055,0.083
117,84,0.035,0.06,0.081
117,85,0.014,0.028,0.095
117,86,0.028,0.05,0.085
117,87,0.027,0.049,0.086
117,88,0.015,0.029,0.095
117,89,0.019,0.036,0.092
117,90,0.026,0.047,0.087
117,91,0.008,0.017,0.105
117,92,0.007,0.015,0.106
117,93,0.005,0.012,0.111
117,94,0.006,0.012,0.11
117,95,0.015,0.03,0.097
117,96,0.015,0.029,0.097
117,97,0.008,0.017,0.107
117,98,0.005,0.012,0.112
117,99,0.015,0.029,0.098
118,100,0.027,0.049,0.089
118,101,0.034,0.06,0.086
118,102,0.077,0.119,0.072
118,103,0.092,0.139,0.069
118,104,0.075,0.116,0.073
118,105,0.065,0.103,0.076
118,106,0.046,0.077,0.082
118,107,0.073,0.114,0.074
118,108,0.106,0.156,0.067
118,109,0.124,0.179,0.064
118,110,0.207,0.278,0.052
118,111,0.165,0.229,0.058
118,112,0.117,0.171,0.065
118,113,0.117,0.17,0.066
118,114,0.069,0.108,0.076
118,115,0.062,0.099,0.079
118,116,0.087,0.132,0.072
118,117,0.116,0.169,0.066
118,118,0.076,0.118,0.075
118,119,0.088,0.134,0.072
118,120,0.054,0.088,0.082
118,121,0.058,0.093,0.081
118,122,0.043,0.072,0.086
118,123,0.059,0.095,0.081
118,124,0.057,0.092,0.082
118,125,0.052,0.085,0.084
118,126,0.049,0.08,0.085
118,127,0.022,0.041,0.099
118,128,0.036,0.062,0.091
118,129,0.036,0.062,0.091
118,130,0.031,0.054,0.094
118,131,0.021,0.039,0.101
118,132,0.025,0.046,0.098
118,133,0.022,0.041,0.1
118,134,0.018,0.035,0.103
118,135,0.018,0.034,0.104
118,136,0.019,0.035,0.104
118,137,0.02,0.038,0.103
118,138,0.044,0.074,0.089
118,139,0.039,0.067,0.092
118,140,0.042,0.071,0.09
118,141,0.027,0.048,0.099
118,142,0.028,0.049,0.099
118,143,0.043,0.072,0.091
118,144,0.027,0.048,0.1
118,145,0.023,0.043,0.102
118,146,0.034,0.06,0.096
118,147,0.028,0.05,0.1
118,148,0.054,0.088,0.088
118,149,0.05,0.082,0.089
118,150,0.05,0.082,0.09
118,151,0.063,0.1,0.085
118,152,0.03,0.053,0.1
118,153,0.032,0.056,0.099
118,154,0.073,0.114,0.083
118,155,0.082,0.126,0.081
118,156,0.056,0.09,0.089
118,157,0.045,0.075,0.094
118,158,0.041,0.069,0.096
118,159,0.043,0.072,0.096
118,160,0.053,0.087,0.092
118,161,0.048,0.08,0.095
118,162,0.049,0.08,0.095
118,163,0.096,0.144,0.081
118,164,0.092,0.139,0.082
118,165,0.104,0.155,0.079
118,166,0.144,0.204,0.072
118,167,0.161,0.224,0.069
118,168,0.146,0.206,0.072
118,169,0.237,0.311,0.059
118,170,0.2,0.269,0.064
118,171,0.263,0.34,0.056
118,172,0.275,0.353,0.055
118,173,0.253,0.329,0.058
118,174,0.261,0.337,0.058
118,175,0.268,0.345,0.057
118,176,0.17,0.234,0.071
118,177,0.158,0.221,0.074
118,178,0.156,0.218,0.075
118,179,0.131,0.188,0.08
118,180,0.116,0.17,0.083
118,181,0.169,0.233,0.074
118,182,0.168,0.232,0.074
118,183,0.126,0.182,0.083
118,184,0.138,0.196,0.081
118,185,0.141,0.2,0.081
118,186,0.143,0.202,0.081
118,187,0.178,0.244,0.075
118,188,0.114,0.167,0.088
118,189,0.171,0.236,0.077
118,190,0.141,0.2,0.083
118,191,0.159,0.221,0.08
118,192,0.214,0.285,0.071
118,193,0.158,0.22,0.081
118,194,0.114,0.167,0.091
118,195,0.124,0.179,0.089
118,196,0.098,0.146,0.096
118,197,0.109,0.16,0.093
118,198,0.116,0.169,0.091
118,199,0.148,0.208,0.084
118,200,0.121,0.175,0.091
118,201,0.101,0.15,0.096
118,202,0.134,0.191,0.088
118,203,0.128,0.185,0.089
118,204,0.103,0.153,0.095
118,205,0.087,0.132,0.1
118,206,0.054,0.087,0.113
118,207,0.109,0.161,0.094
118,208,0.107,0.158,0.094
118,209,0.07,0.11,0.106
118,210,0.103,0.153,0.095
118,211,0.106,0.157,0.095
118,212,0.079,0.122,0.102
118,213,0.077,0.118,0.103
118,214,0.05,0.082,0.114
118,215,0.087,0.133,0.1
118,216,0.067,0.106,0.107
118,217,0.049,0.08,0.115
118,218,0.048,0.079,0.115
118,219,0.035,0.06,0.123
118,220,0.025,0.046,0.131
118,221,0.048,0.08,0.115
118,222,0.029,0.051,0.128
118,223,0.018,0.035,0.137
118,224,0.015,0.029,0.142
118,225,0.009,0.019,0.153
118,226,0.006,0.013,0.16
118,227,0.004,0.009,0.168
118,228,0.005,0.011,0.165
118,229,0.003,0.008,0.172
118,230,0.003,0.006,0.177
118,231,0.003,0.008,0.173
118,232,0.001,0.003,0.191
118,233,0.002,0.004,0.188
118,234,0.001,0.003,0.195
118,235,0.001,0.003,0.199
118,236,0.001,0.003,0.194
118,237,0.001,0.002,0.208
118,238,0.001,0.003,0.202
118,239,0.001,0.003,0.201
118,240,0.0,0.001,0.219
118,241,0.0,0.001,0.223
118,242,0.001,0.002,0.215
118,243,0.001,0.002,0.218
118,244,0.0,0.002,0.222
118,245,0.0,0.001,0.239
118,25,0.014,0.027,0.088
118,26,0.049,0.081,0.07
118,27,0.021,0.038,0.082
118,28,0.03,0.053,0.076
118,29,0.042,0.071,0.071
118,30,0.034,0.059,0.075
118,31,0.063,0.1,0.065
118,32,0.03,0.053,0.077
118,33,0.016,0.031,0.085
118,34,0.053,0.087,0.068
118,35,0.067,0.106,0.064
118,36,0.038,0.065,0.073
118,37,0.041,0.07,0.072
118,38,0.016,0.031,0.084
118,39,0.068,0.107,0.064
118,40,0.039,0.067,0.072
118,41,0.066,0.105,0.064
118,42,0.054,0.088,0.068
118,43,0.11,0.162,0.056
118,44,0.081,0.124,0.062
118,45,0.056,0.091,0.067
118,46,0.062,0.098,0.066
118,47,0.16,0.223,0.05
118,48,0.126,0.182,0.054
118,49,0.06,0.097,0.067
118,50,0.141,0.2,0.052
118,51,0.202,0.272,0.046
118,52,0.16,0.223,0.05
118,53,0.135,0.192,0.054
118,54,0.273,0.351,0.039
118,55,0.198,0.267,0.047
118,56,0.14,0.199,0.053
118,57,0.142,0.202,0.053
118,58,0.291,0.37,0.038
118,59,0.214,0.286,0.045
118,60,0.144,0.203,0.053
118,61,0.263,0.339,0.041
118,62,0.199,0.268,0.047
118,63,0.217,0.289,0.045
118,64,0.11,0.162,0.059
118,65,0.236,0.311,0.044
118,66,0.137,0.194,0.055
118,67,0.108,0.159,0.059
118,68,0.114,0.167,0.059
118,69,0.133,0.19,0.056
118,70,0.152,0.213,0.054
118,71,0.161,0.224,0.053
118,72,0.128,0.184,0.057
118,73,0.114,0.167,0.06
118,74,0.125,0.181,0.058
118,75,0.062,0.099,0.071
118,76,0.101,0.15,0.062
118,77,0.111,0.163,0.061
118,78,0.075,0.116,0.068
118,79,0.024,0.044,0.087
118,80,0.023,0.042,0.088
118,81,0.031,0.055,0.083
118,82,0.038,0.065,0.08
118,83,0.051,0.084,0.076
118,84,0.077,0.119,0.069
118,85,0.017,0.032,0.094
118,86,0.012,0.024,0.099
118,87,0.012,0.024,0.099
118,88,0.034,0.06,0.083
118,89,0.035,0.061,0.083
118,90,0.013,0.026,0.098
118,91,0.017,0.033,0.094
118,92,0.012,0.024,0.1
118,93,0.014,0.028,0.098
118,94,0.012,0.024,0.1
118,95,0.022,0.041,0.091
118,96,0.019,0.036,0.094
118,97,0.01,0.021,0.104
118,98,0.026,0.046,0.09
118,99,0.049,0.081,0.08
119,100,0.046,0.077,0.082
119,101,0.057,0.093,0.078
119,102,0.053,0.086,0.08
119,103,0.042,0.071,0.084
119,104,0.04,0.068,0.085
119,105,0.054,0.088,0.08
119,106,0.075,0.117,0.074
119,107,0.058,0.093,0.079
119,108,0.071,0.111,0.075
119,109,0.042,0.071,0.085
119,110,0.07,0.11,0.076
119,111,0.044,0.074,0.085
119,112,0.055,0.09,0.081
119,113,0.082,0.126,0.074
119,114,0.032,0.056,0.091
119,115,0.052,0.086,0.083
119,116,0.022,0.041,0.097
119,117,0.058,0.093,0.081
119,118,0.079,0.121,0.076
119,119,0.106,0.156,0.07
119,120,0.082,0.126,0.075
119,121,0.051,0.083,0.085
119,122,0.063,0.1,0.081
119,123,0.064,0.101,0.081
119,124,0.052,0.085,0.085
119,125,0.067,0.106,0.08
119,126,0.023,0.042,0.1
119,127,0.025,0.045,0.099
119,128,0.022,0.041,0.1
119,129,0.028,0.05,0.097
119,130,0.055,0.089,0.085
119,131,0.037,0.063,0.093
119,132,0.016,0.031,0.107
119,133,0.023,0.043,0.101
119,134,0.02,0.038,0.103
119,135,0.029,0.051,0.098
119,136,0.022,0.04,0.103
119,137,0.042,0.07,0.091
119,138,0.04,0.068,0.092
119,139,0.057,0.092,0.086
119,140,0.042,0.071,0.092
119,141,0.042,0.07,0.092
119,142,0.034,0.059,0.096
119,143,0.04,0.067,0.094
119,144,0.029,0.052,0.1
119,145,0.038,0.065,0.095
119,146,0.054,0.088,0.089
119,147,0.057,0.092,0.088
119,148,0.045,0.075,0.093
119,149,0.05,0.083,0.091
119,150,0.042,0.071,0.095
119,151,0.03,0.053,0.101
119,152,0.052,0.084,0.091
119,153,0.047,0.078,0.093
119,154,0.057,0.092,0.09
119,155,0.056,0.091,0.09
119,156,0.069,0.108,0.087
119,157,0.097,0.145,0.079
119,158,0.11,0.161,0.077
119,159,0.156,0.218,0.068
119,160,0.145,0.205,0.071
119,161,0.185,0.252,0.064
119,162,0.145,0.205,0.071
119,163,0.138,0.197,0.073
119,164,0.132,0.188,0.074
119,165,0.149,0.21,0.071
119,166,0.228,0.302,0.06
119,167,0.3,0.38,0.052
119,168,0.247,0.322,0.059
119,169,0.294,0.374,0.053
119,170,0.318,0.399,0.051
119,171,0.305,0.385,0.053
119,172,0.276,0.354,0.056
119,173,0.263,0.34,0.058
119,174,0.247,0.322,0.061
119,175,0.224,0.296,0.064
119,176,0.272,0.349,0.058
119,177,0.313,0.394,0.054
119,178,0.258,0.334,0.061
119,179,0.244,0.319,0.063
119,180,0.252,0.328,0.062
119,181,0.239,0.314,0.064
119,182,0.285,0.363,0.059
119,183,0.212,0.284,0.069
119,184,0.171,0.236,0.076
119,185,0.225,0.298,0.068
119,186,0.146,0.206,0.082
119,187,0.153,0.214,0.08
119,188,0.146,0.207,0.082
119,189,0.155,0.216,0.081
119,190,0.13,0.187,0.086
119,191,0.185,0.252,0.076
119,192,0.198,0.267,0.074
119,193,0.153,0.215,0.083
119,194,0.156,0.218,0.082
119,195,0.241,0.316,0.068
119,196,0.125,0.18,0.089
119,197,0.188,0.255,0.077
119,198,0.218,0.29,0.072
119,199,0.231,0.305,0.07
119,200,0.261,0.337,0.066
119,201,0.25,0.326,0.067
119,202,0.193,0.261,0.076
119,203,0.188,0.255,0.077
119,204,0.229,0.302,0.07
119,205,0.173,0.238,0.08
119,206,0.124,0.179,0.09
119,207,0.124,0.179,0.09
119,208,0.143,0.202,0.086
119,209,0.116,0.169,0.092
119,210,0.087,0.132,0.1
119,211,0.08,0.122,0.102
119,212,0.103,0.153,0.095
119,213,0.079,0.121,0.103
119,214,0.072,0.112,0.105
119,215,0.088,0.133,0.1
119,216,0.074,0.115,0.105
119,217,0.057,0.092,0.112
119,218,0.07,0.11,0.106
119,219,0.061,0.097,0.11
119,220,0.032,0.056,0.126
119,221,0.033,0.057,0.125
119,222,0.024,0.043,0.133
119,223,0.021,0.039,0.136
119,224,0.009,0.019,0.153
119,225,0.011,0.023,0.149
119,226,0.005,0.01,0.167
119,227,0.004,0.01,0.169
119,228,0.005,0.011,0.167
119,229,0.001,0.003,0.193
119,230,0.002,0.006,0.182
119,231,0.001,0.003,0.194
119,232,0.002,0.004,0.19
119,233,0.002,0.005,0.187
119,234,0.0,0.002,0.21
119,235,0.0,0.001,0.219
119,236,0.001,0.003,0.203
119,42,0.064,0.102,0.066
119,43,0.133,0.191,0.053
119,44,0.08,0.123,0.062
119,45,0.128,0.184,0.054
119,46,0.044,0.074,0.072
119,47,0.09,0.136,0.061
119,48,0.112,0.165,0.057
119,49,0.124,0.179,0.055
119,50,0.194,0.262,0.047
119,51,0.187,0.254,0.047
119,52,0.243,0.318,0.042
119,53,0.186,0.254,0.048
119,54,0.259,0.335,0.041
119,55,0.422,0.505,0.029
119,56,0.404,0.487,0.03
119,57,0.36,0.443,0.034
119,58,0.401,0.484,0.031
119,59,0.329,0.41,0.036
119,60,0.182,0.249,0.049
119,61,0.322,0.403,0.037
119,62,0.385,0.468,0.032
119,63,0.277,0.355,0.04
119,64,0.226,0.299,0.045
119,65,0.204,0.274,0.047
119,66,0.425,0.508,0.03
119,67,0.237,0.311,0.044
119,68,0.229,0.302,0.045
119,69,0.12,0.174,0.058
119,70,0.085,0.13,0.065
119,71,0.089,0.134,0.064
119,72,0.093,0.139,0.064
119,73,0.116,0.169,0.06
119,74,0.077,0.118,0.067
119,75,0.028,0.05,0.084
119,76,0.07,0.11,0.069
119,77,0.09,0.137,0.065
119,78,0.065,0.103,0.071
119,79,0.047,0.078,0.077
119,80,0.024,0.044,0.088
119,81,0.059,0.095,0.074
119,82,0.048,0.079,0.077
119,83,0.036,0.062,0.082
119,84,0.026,0.047,0.087
119,85,0.021,0.038,0.091
119,86,0.014,0.028,0.097
119,87,0.018,0.034,0.094
119,88,0.023,0.043,0.09
119,89,0.019,0.036,0.093
119,90,0.024,0.044,0.09
119,91,0.051,0.084,0.078
119,92,0.034,0.059,0.085
119,93,0.027,0.049,0.089
119,94,0.051,0.083,0.079
119,95,0.032,0.055,0.087
119,96,0.037,0.064,0.084
119,97,0.057,0.092,0.077
119,98,0.039,0.067,0.084
119,99,0.048,0.079,0.081
12,10,0.004,0.009,0.096
12,100,0.0,0.0,0.154
12,101,0.0,0.0,0.146
12,102,0.0,0.0,0.149
12,103,0.0,0.0,0.154
12,104,0.0,0.0,0.167
12,105,0.0,0.0,0.159
12,106,0.0,0.001,0.145
12,107,0.0,0.001,0.137
12,108,0.0,0.001,0.144
12,109,0.0,0.001,0.141
12,11,0.001,0.003,0.109
12,110,0.0,0.001,0.137
12,111,0.0,0.0,0.151
12,112,0.0,0.001,0.138
12,113,0.0,0.0,0.148
12,114,0.0,0.001,0.139
12,115,0.0,0.001,0.139
12,116,0.0,0.001,0.145
12,117,0.0,0.0,0.151
12,118,0.0,0.0,0.152
12,119,0.0,0.0,0.158
12,12,0.001,0.003,0.106
12,120,0.0,0.0,0.175
12,121,0.0,0.0,0.182
12,122,0.0,0.0,0.172
12,123,0.0,0.0,0.173
12,124,0.0,0.0,0.164
12,125,0.0,0.0,0.169
12,126,0.0,0.0,0.169
12,127,0.0,0.0,0.173
12,128,0.0,0.0,0.193
12,129,0.0,0.0,0.176
12,13,0.006,0.013,0.09
12,130,0.0,0.0,0.19
12,131,0.0,0.0,0.186
12,132,0.0,0.0,0.181
12,133,0.0,0.0,0.19
12,134,0.0,0.0,0.189
12,135,0.0,0.0,0.185
12,136,0.0,0.0,0.191
12,137,0.0,0.0,0.18
12,138,0.0,0.0,0.172
12,139,0.0,0.0,0.159
12,14,0.001,0.002,0.111
12,140,0.0,0.0,0.16
12,141,0.0,0.0,0.16
12,142,0.0,0.0,0.157
12,143,0.0,0.001,0.153
12,144,0.0,0.0,0.164
12,145,0.0,0.0,0.163
12,146,0.0,0.0,0.169
12,147,0.0,0.0,0.163
12,148,0.0,0.0,0.166
12,149,0.0,0.001,0.153
12,15,0.004,0.009,0.095
12,150,0.0,0.0,0.169
12,151,0.0,0.0,0.169
12,152,0.0,0.0,0.17
12,153,0.0,0.0,0.179
12,154,0.0,0.0,0.174
12,155,0.0,0.0,0.177
12,156,0.0,0.0,0.175
12,157,0.0,0.0,0.183
12,158,0.0,0.0,0.184
12,159,0.0,0.0,0.182
12,16,0.002,0.006,0.098
12,160,0.0,0.0,0.179
12,161,0.0,0.0,0.172
12,162,0.0,0.0,0.173
12,163,0.0,0.0,0.165
12,164,0.0,0.0,0.17
12,165,0.0,0.0,0.164
12,166,0.0,0.001,0.15
12,167,0.0,0.001,0.152
12,168,0.0,0.001,0.148
12,169,0.0,0.001,0.151
12,17,0.001,0.002,0.108
12,170,0.0,0.0,0.163
12,171,0.0,0.001,0.157
12,172,0.001,0.002,0.144
12,173,0.0,0.001,0.148
12,174,0.001,0.002,0.143
12,175,0.0,0.001,0.147
12,176,0.0,0.001,0.153
12,177,0.0,0.001,0.15
12,178,0.0,0.001,0.151
12,179,0.0,0.001,0.156
12,18,0.001,0.004,0.103
12,180,0.0,0.001,0.15
12,181,0.001,0.003,0.138
12,182,0.001,0.002,0.146
12,183,0.0,0.001,0.15
12,184,0.001,0.002,0.146
12,185,0.001,0.002,0.146
12,186,0.002,0.005,0.133
12,187,0.003,0.007,0.13
12,188,0.002,0.005,0.134
12,189,0.002,0.005,0.136
12,19,0.002,0.006,0.098
12,190,0.003,0.007,0.132
12,191,0.003,0.007,0.132
12,192,0.006,0.014,0.121
12,193,0.002,0.006,0.136
12,194,0.003,0.007,0.135
12,195,0.008,0.018,0.119
12,196,0.009,0.019,0.118
12,197,0.009,0.019,0.119
12,198,0.011,0.023,0.116
12,199,0.006,0.014,0.127
12,20,0.002,0.005,0.101
12,200,0.007,0.015,0.125
12,201,0.013,0.027,0.116
12,202,0.013,0.026,0.117
12,203,0.015,0.029,0.116
12,204,0.021,0.038,0.111
12,205,0.016,0.031,0.116
12,206,0.016,0.031,0.116
12,207,0.03,0.054,0.106
12,208,0.021,0.04,0.113
12,209,0.028,0.049,0.11
12,21,0.002,0.005,0.1
12,210,0.031,0.054,0.108
12,211,0.023,0.043,0.114
12,212,0.026,0.046,0.114
12,213,0.038,0.065,0.107
12,214,0.019,0.036,0.121
12,215,0.027,0.048,0.116
12,216,0.023,0.042,0.12
12,217,0.044,0.074,0.107
12,218,0.026,0.046,0.119
12,219,0.038,0.065,0.112
12,22,0.002,0.006,0.097
12,220,0.043,0.072,0.11
12,221,0.042,0.07,0.111
12,222,0.051,0.083,0.108
12,223,0.051,0.083,0.109
12,224,0.082,0.126,0.097
12,225,0.066,0.104,0.103
12,226,0.146,0.206,0.082
12,227,0.082,0.126,0.099
12,228,0.128,0.184,0.087
12,229,0.102,0.152,0.094
12,23,0.003,0.008,0.095
12,230,0.091,0.138,0.098
12,231,0.147,0.207,0.085
12,232,0.077,0.119,0.104
12,233,0.078,0.12,0.104
12,234,0.115,0.168,0.093
12,235,0.087,0.132,0.102
12,236,0.058,0.093,0.114
12,237,0.122,0.176,0.093
12,238,0.096,0.144,0.101
12,239,0.06,0.096,0.114
12,24,0.002,0.005,0.099
12,240,0.028,0.05,0.134
12,241,0.032,0.056,0.132
12,242,0.069,0.108,0.112
12,243,0.034,0.059,0.132
12,244,0.025,0.045,0.14
12,245,0.04,0.068,0.129
12,246,0.028,0.049,0.139
12,247,0.025,0.045,0.142
12,248,0.022,0.04,0.147
12,249,0.017,0.033,0.153
12,25,0.004,0.009,0.093
12,250,0.013,0.025,0.162
12,251,0.008,0.017,0.173
12,26,0.002,0.005,0.1
12,27,0.016,0.031,0.077
12,28,0.005,0.012,0.089
12,29,0.007,0.015,0.086
12,30,0.005,0.011,0.091
12,31,0.019,0.036,0.075
12,32,0.007,0.016,0.086
12,33,0.005,0.011,0.09
12,34,0.006,0.013,0.088
12,35,0.017,0.032,0.077
12,36,0.005,0.011,0.091
12,37,0.005,0.011,0.091
12,38,0.004,0.009,0.093
12,39,0.004,0.009,0.095
12,40,0.007,0.015,0.087
12,41,0.003,0.007,0.098
12,42,0.001,0.004,0.104
12,43,0.001,0.004,0.103
12,44,0.001,0.003,0.106
12,45,0.001,0.002,0.113
12,46,0.001,0.003,0.106
12,47,0.002,0.006,0.1
12,48,0.0,0.001,0.115
12,49,0.001,0.002,0.109
12,50,0.0,0.001,0.118
12,51,0.002,0.004,0.104
12,52,0.001,0.004,0.106
12,53,0.001,0.002,0.113
12,54,0.001,0.004,0.107
12,55,0.0,0.001,0.118
12,56,0.002,0.005,0.104
12,57,0.002,0.004,0.105
12,58,0.0,0.001,0.118
12,59,0.001,0.003,0.11
12,60,0.001,0.002,0.114
12,61,0.001,0.002,0.117
12,62,0.001,0.002,0.115
12,63,0.0,0.001,0.122
12,64,0.0,0.001,0.124
12,65,0.0,0.001,0.121
12,66,0.001,0.002,0.118
12,67,0.0,0.001,0.128
12,68,0.0,0.001,0.129
12,69,0.001,0.002,0.119
12,7,0.003,0.007,0.102
12,70,0.001,0.002,0.121
12,71,0.001,0.002,0.12
12,72,0.0,0.001,0.128
12,73,0.0,0.0,0.139
12,74,0.0,0.001,0.127
12,75,0.001,0.002,0.12
12,76,0.0,0.0,0.137
12,77,0.001,0.002,0.121
12,78,0.0,0.001,0.129
12,79,0.0,0.0,0.137
12,8,0.002,0.006,0.104
12,80,0.0,0.001,0.131
12,81,0.0,0.001,0.13
12,82,0.0,0.001,0.13
12,83,0.0,0.0,0.154
12,84,0.0,0.0,0.155
12,85,0.0,0.0,0.159
12,86,0.0,0.0,0.149
12,87,0.0,0.001,0.133
12,88,0.0,0.0,0.146
12,89,0.0,0.0,0.155
12,9,0.009,0.018,0.088
12,90,0.0,0.0,0.141
12,91,0.0,0.0,0.145
12,92,0.0,0.0,0.147
12,93,0.0,0.0,0.154
12,94,0.0,0.0,0.149
12,95,0.0,0.0,0.144
12,96,0.0,0.0,0.15
12,97,0.0,0.0,0.155
12,98,0.0,0.0,0.146
12,99,0.0,0.0,0.146
13,10,0.028,0.05,0.073
13,100,0.0,0.0,0.151
13,101,0.0,0.0,0.153
13,102,0.0,0.0,0.15
13,103,0.0,0.0,0.168
13,104,0.0,0.0,0.147
13,105,0.0,0.0,0.149
13,106,0.0,0.0,0.147
13,107,0.0,0.001,0.142
13,108,0.0,0.001,0.139
13,109,0.0,0.001,0.141
13,11,0.011,0.022,0.085
13,110,0.0,0.001,0.144
13,111,0.0,0.001,0.141
13,112,0.001,0.002,0.134
13,113,0.0,0.001,0.148
13,114,0.0,0.001,0.148
13,115,0.0,0.0,0.156
13,116,0.0,0.0,0.155
13,117,0.0,0.0,0.16
13,118,0.0,0.0,0.167
13,119,0.0,0.0,0.172
13,12,0.008,0.017,0.087
13,120,0.0,0.0,0.171
13,121,0.0,0.0,0.165
13,122,0.0,0.0,0.157
13,123,0.0,0.0,0.178
13,124,0.0,0.0,0.179
13,125,0.0,0.0,0.173
13,126,0.0,0.0,0.168
13,127,0.0,0.0,0.174
13,128,0.0,0.0,0.175
13,129,0.0,0.0,0.188
13,13,0.014,0.028,0.08
13,130,0.0,0.0,0.176
13,131,0.0,0.0,0.174
13,132,0.0,0.0,0.186
13,133,0.0,0.0,0.171
13,134,0.0,0.0,0.177
13,135,0.0,0.0,0.18
13,136,0.0,0.0,0.177
13,137,0.0,0.0,0.179
13,138,0.0,0.0,0.166
13,139,0.0,0.0,0.163
13,14,0.007,0.015,0.088
13,140,0.0,0.0,0.16
13,141,0.0,0.0,0.163
13,142,0.0,0.0,0.163
13,143,0.0,0.001,0.146
13,144,0.0,0.0,0.173
13,145,0.0,0.0,0.159
13,146,0.0,0.0,0.168
13,147,0.0,0.0,0.178
13,148,0.0,0.0,0.183
13,149,0.0,0.0,0.181
13,15,0.002,0.004,0.102
13,150,0.0,0.0,0.178
13,151,0.0,0.0,0.18
13,152,0.0,0.0,0.168
13,153,0.0,0.0,0.174
13,154,0.0,0.0,0.173
13,155,0.0,0.0,0.176
13,156,0.0,0.0,0.187
13,157,0.0,0.0,0.193
13,158,0.0,0.0,0.184
13,159,0.0,0.0,0.184
13,16,0.002,0.006,0.099
13,160,0.0,0.0,0.183
13,161,0.0,0.0,0.185
13,162,0.0,0.0,0.168
13,163,0.0,0.0,0.184
13,164,0.0,0.0,0.19
13,165,0.0,0.0,0.169
13,166,0.0,0.0,0.165
13,167,0.0,0.0,0.165
13,168,0.0,0.0,0.167
13,169,0.0,0.0,0.167
13,17,0.009,0.018,0.085
13,170,0.0,0.001,0.153
13,171,0.0,0.001,0.151
13,172,0.0,0.001,0.15
13,173,0.0,0.001,0.155
13,174,0.0,0.001,0.148
13,175,0.0,0.001,0.159
13,176,0.0,0.002,0.146
13,177,0.001,0.002,0.143
13,178,0.0,0.001,0.149
13,179,0.0,0.001,0.155
13,18,0.002,0.005,0.1
13,180,0.0,0.001,0.152
13,181,0.001,0.002,0.146
13,182,0.001,0.002,0.144
13,183,0.001,0.002,0.147
13,184,0.001,0.003,0.142
13,185,0.001,0.002,0.149
13,186,0.001,0.003,0.141
13,187,0.001,0.002,0.148
13,188,0.001,0.002,0.149
13,189,0.001,0.002,0.146
13,19,0.003,0.007,0.097
13,190,0.001,0.002,0.152
13,191,0.003,0.007,0.13
13,192,0.004,0.009,0.127
13,193,0.004,0.01,0.127
13,194,0.003,0.007,0.132
13,195,0.003,0.007,0.134
13,196,0.005,0.012,0.125
13,197,0.005,0.012,0.126
13,198,0.004,0.009,0.131
13,199,0.006,0.013,0.127
13,20,0.004,0.009,0.094
13,200,0.004,0.009,0.133
13,201,0.003,0.008,0.136
13,202,0.007,0.015,0.126
13,203,0.008,0.017,0.124
13,204,0.029,0.051,0.103
13,205,0.01,0.021,0.122
13,206,0.013,0.026,0.119
13,207,0.007,0.014,0.131
13,208,0.022,0.041,0.111
13,209,0.025,0.046,0.11
13,21,0.001,0.002,0.111
13,210,0.008,0.017,0.131
13,211,0.018,0.035,0.118
13,212,0.026,0.047,0.112
13,213,0.023,0.043,0.115
13,214,0.025,0.046,0.114
13,215,0.019,0.036,0.12
13,216,0.027,0.048,0.115
13,217,0.02,0.038,0.122
13,218,0.035,0.06,0.112
13,219,0.022,0.041,0.122
13,22,0.002,0.004,0.102
13,220,0.045,0.076,0.108
13,221,0.026,0.047,0.121
13,222,0.039,0.067,0.113
13,223,0.048,0.08,0.109
13,224,0.038,0.064,0.115
13,225,0.048,0.079,0.111
13,226,0.049,0.081,0.111
13,227,0.055,0.089,0.109
13,228,0.027,0.048,0.126
13,229,0.058,0.093,0.109
13,23,0.004,0.01,0.092
13,230,0.062,0.098,0.108
13,231,0.069,0.109,0.106
13,232,0.103,0.152,0.095
13,233,0.084,0.128,0.101
13,234,0.051,0.084,0.115
13,235,0.065,0.103,0.11
13,236,0.035,0.06,0.126
13,237,0.07,0.11,0.108
13,238,0.1,0.148,0.099
13,239,0.061,0.098,0.113
13,24,0.002,0.005,0.101
13,240,0.077,0.119,0.107
13,241,0.084,0.129,0.106
13,242,0.043,0.072,0.125
13,243,0.038,0.065,0.129
13,244,0.025,0.045,0.14
13,245,0.031,0.054,0.135
13,246,0.022,0.041,0.145
13,247,0.019,0.035,0.15
13,248,0.013,0.025,0.16
13,249,0.017,0.033,0.154
13,25,0.002,0.006,0.097
13,250,0.01,0.021,0.168
13,251,0.01,0.021,0.168
13,26,0.001,0.002,0.108
13,27,0.004,0.009,0.092
13,28,0.0,0.001,0.112
13,29,0.002,0.005,0.1
13,30,0.0,0.001,0.113
13,31,0.002,0.005,0.1
13,32,0.003,0.007,0.096
13,33,0.002,0.005,0.1
13,34,0.002,0.006,0.098
13,35,0.002,0.006,0.097
13,36,0.002,0.006,0.098
13,37,0.003,0.008,0.095
13,38,0.001,0.002,0.108
13,39,0.001,0.003,0.105
13,40,0.006,0.014,0.088
13,41,0.001,0.003,0.105
13,42,0.004,0.008,0.094
13,43,0.002,0.006,0.099
13,44,0.002,0.005,0.099
13,45,0.001,0.003,0.105
13,46,0.001,0.004,0.104
13,47,0.001,0.002,0.109
13,48,0.001,0.002,0.112
13,49,0.002,0.006,0.1
13,50,0.0,0.001,0.116
13,51,0.001,0.003,0.107
13,52,0.001,0.003,0.107
13,53,0.001,0.002,0.112
13,54,0.001,0.003,0.11
13,55,0.001,0.003,0.109
13,56,0.0,0.0,0.132
13,57,0.0,0.0,0.13
13,58,0.0,0.001,0.125
13,59,0.0,0.0,0.133
13,6,0.007,0.015,0.092
13,60,0.0,0.001,0.126
13,61,0.0,0.0,0.132
13,62,0.0,0.0,0.133
13,63,0.0,0.0,0.139
13,64,0.0,0.0,0.135
13,65,0.0,0.0,0.145
13,66,0.0,0.0,0.139
13,67,0.0,0.0,0.133
13,68,0.0,0.001,0.13
13,69,0.0,0.001,0.125
13,7,0.044,0.074,0.068
13,70,0.0,0.001,0.123
13,71,0.0,0.0,0.138
13,72,0.001,0.002,0.12
13,73,0.0,0.001,0.131
13,74,0.0,0.0,0.14
13,75,0.0,0.001,0.125
13,76,0.0,0.001,0.133
13,77,0.0,0.001,0.125
13,78,0.0,0.001,0.13
13,79,0.001,0.002,0.123
13,8,0.023,0.041,0.076
13,80,0.0,0.001,0.136
13,81,0.0,0.0,0.143
13,82,0.0,0.001,0.136
13,83,0.0,0.0,0.148
13,84,0.0,0.0,0.145
13,85,0.0,0.0,0.143
13,86,0.0,0.0,0.147
13,87,0.0,0.0,0.147
13,88,0.0,0.0,0.149
13,89,0.0,0.0,0.147
13,9,0.005,0.012,0.093
13,90,0.0,0.0,0.152
13,91,0.0,0.0,0.155
13,92,0.0,0.0,0.158
13,93,0.0,0.0,0.152
13,94,0.0,0.0,0.152
13,95,0.0,0.0,0.159
13,96,0.0,0.0,0.15
13,97,0.0,0.0,0.156
13,98,0.0,0.0,0.144
13,99,0.0,0.0,0.161
14,10,0.004,0.009,0.096
14,100,0.0,0.0,0.162
14,101,0.0,0.0,0.159
14,102,0.0,0.0,0.151
14,103,0.0,0.0,0.163
14,104,0.0,0.0,0.157
14,105,0.0,0.0,0.153
14,106,0.0,0.0,0.156
14,107,0.0,0.0,0.161
14,108,0.0,0.0,0.154
14,109,0.0,0.0,0.155
14,11,0.007,0.015,0.089
14,110,0.0,0.0,0.152
14,111,0.0,0.0,0.156
14,112,0.0,0.0,0.155
14,113,0.0,0.0,0.16
14,114,0.0,0.0,0.179
14,115,0.0,0.0,0.159
14,116,0.0,0.0,0.152
14,117,0.0,0.0,0.164
14,118,0.0,0.0,0.168
14,119,0.0,0.0,0.173
14,12,0.012,0.024,0.082
14,120,0.0,0.0,0.177
14,121,0.0,0.0,0.176
14,122,0.0,0.0,0.176
14,123,0.0,0.0,0.181
14,124,0.0,0.0,0.179
14,125,0.0,0.0,0.189
14,126,0.0,0.0,0.184
14,127,0.0,0.0,0.187
14,128,0.0,0.0,0.184
14,129,0.0,0.0,0.185
14,13,0.003,0.007,0.097
14,130,0.0,0.0,0.191
14,131,0.0,0.0,0.194
14,132,0.0,0.0,0.193
14,133,0.0,0.0,0.192
14,134,0.0,0.0,0.183
14,135,0.0,0.0,0.196
14,136,0.0,0.0,0.197
14,137,0.0,0.0,0.202
14,138,0.0,0.0,0.189
14,139,0.0,0.0,0.19
14,14,0.007,0.015,0.088
14,140,0.0,0.0,0.191
14,141,0.0,0.0,0.176
14,142,0.0,0.0,0.171
14,143,0.0,0.0,0.182
14,144,0.0,0.0,0.176
14,145,0.0,0.0,0.177
14,146,0.0,0.0,0.187
14,147,0.0,0.0,0.191
14,148,0.0,0.0,0.188
14,149,0.0,0.0,0.191
14,15,0.004,0.009,0.093
14,150,0.0,0.0,0.182
14,151,0.0,0.0,0.189
14,152,0.0,0.0,0.187
14,153,0.0,0.0,0.185
14,154,0.0,0.0,0.18
14,155,0.0,0.0,0.17
14,156,0.0,0.0,0.174
14,157,0.0,0.0,0.166
14,158,0.0,0.0,0.186
14,159,0.0,0.0,0.187
14,16,0.003,0.008,0.095
14,160,0.0,0.0,0.176
14,161,0.0,0.0,0.177
14,162,0.0,0.0,0.175
14,163,0.0,0.0,0.174
14,164,0.0,0.0,0.176
14,165,0.0,0.0,0.176
14,166,0.0,0.0,0.172
14,167,0.0,0.0,0.164
14,168,0.0,0.0,0.175
14,169,0.0,0.0,0.171
14,17,0.001,0.003,0.106
14,170,0.0,0.0,0.164
14,171,0.0,0.0,0.161
14,172,0.0,0.001,0.158
14,173,0.0,0.0,0.165
14,174,0.0,0.0,0.163
14,175,0.0,0.001,0.155
14,176,0.0,0.0,0.163
14,177,0.0,0.0,0.169
14,178,0.0,0.001,0.159
14,179,0.0,0.001,0.16
14,18,0.005,0.011,0.091
14,180,0.0,0.001,0.153
14,181,0.0,0.001,0.151
14,182,0.0,0.001,0.153
14,183,0.001,0.002,0.146
14,184,0.001,0.002,0.142
14,185,0.001,0.002,0.143
14,186,0.001,0.002,0.143
14,187,0.001,0.004,0.137
14,188,0.002,0.004,0.136
14,189,0.001,0.002,0.148
14,19,0.004,0.01,0.092
14,190,0.001,0.004,0.139
14,191,0.001,0.003,0.144
14,192,0.002,0.006,0.134
14,193,0.001,0.004,0.14
14,194,0.001,0.004,0.14
14,195,0.002,0.006,0.135
14,196,0.001,0.003,0.146
14,197,0.002,0.004,0.141
14,198,0.002,0.006,0.137
14,199,0.002,0.005,0.141
14,20,0.001,0.002,0.108
14,200,0.004,0.01,0.13
14,201,0.003,0.007,0.137
14,202,0.007,0.014,0.126
14,203,0.007,0.015,0.126
14,204,0.007,0.016,0.126
14,205,0.02,0.037,0.11
14,206,0.018,0.035,0.112
14,207,0.02,0.038,0.111
14,208,0.017,0.033,0.115
14,209,0.027,0.049,0.108
14,21,0.001,0.002,0.107
14,210,0.028,0.049,0.108
14,211,0.019,0.036,0.116
14,212,0.029,0.052,0.109
14,213,0.058,0.093,0.095
14,214,0.04,0.068,0.104
14,215,0.036,0.062,0.107
14,216,0.041,0.069,0.105
14,217,0.053,0.086,0.101
14,218,0.038,0.064,0.109
14,219,0.042,0.071,0.107
14,22,0.002,0.004,0.101
14,220,0.042,0.071,0.108
14,221,0.081,0.124,0.094
14,222,0.028,0.05,0.119
14,223,0.038,0.065,0.113
14,224,0.05,0.082,0.108
14,225,0.029,0.051,0.121
14,226,0.05,0.082,0.109
14,227,0.051,0.084,0.11
14,228,0.057,0.093,0.107
14,229,0.124,0.179,0.088
14,23,0.003,0.007,0.095
14,230,0.074,0.115,0.103
14,231,0.117,0.171,0.091
14,232,0.132,0.188,0.088
14,233,0.096,0.144,0.097
14,234,0.147,0.207,0.086
14,235,0.139,0.197,0.088
14,236,0.109,0.161,0.096
14,237,0.196,0.265,0.077
14,238,0.11,0.162,0.096
14,239,0.113,0.165,0.096
14,24,0.001,0.003,0.104
14,240,0.12,0.174,0.095
14,241,0.083,0.127,0.106
14,242,0.053,0.087,0.119
14,243,0.055,0.089,0.119
14,244,0.062,0.099,0.116
14,245,0.044,0.074,0.127
14,246,0.017,0.032,0.151
14,247,0.028,0.05,0.14
14,248,0.026,0.046,0.143
14,249,0.017,0.033,0.154
14,25,0.001,0.002,0.109
14,250,0.012,0.024,0.164
14,251,0.009,0.019,0.171
14,26,0.011,0.022,0.081
14,27,0.003,0.006,0.096
14,28,0.001,0.002,0.107
14,29,0.002,0.005,0.098
14,30,0.001,0.004,0.102
14,31,0.004,0.009,0.093
14,32,0.002,0.004,0.102
14,33,0.002,0.005,0.098
14,34,0.001,0.004,0.103
14,35,0.001,0.003,0.105
14,36,0.001,0.002,0.109
14,37,0.001,0.002,0.11
14,38,0.001,0.003,0.106
14,39,0.0,0.001,0.114
14,40,0.001,0.003,0.105
14,41,0.004,0.009,0.093
14,42,0.001,0.002,0.112
14,43,0.001,0.002,0.11
14,44,0.005,0.011,0.091
14,45,0.0,0.001,0.114
14,46,0.001,0.002,0.113
14,47,0.001,0.003,0.107
14,48,0.001,0.003,0.107
14,49,0.0,0.002,0.115
14,50,0.0,0.0,0.127
14,51,0.0,0.001,0.12
14,52,0.001,0.002,0.112
14,53,0.0,0.001,0.121
14,54,0.0,0.0,0.132
14,55,0.0,0.002,0.116
14,56,0.0,0.001,0.119
14,57,0.0,0.001,0.117
14,58,0.0,0.0,0.139
14,59,0.0,0.0,0.138
14,6,0.012,0.024,0.086
14,60,0.0,0.001,0.128
14,61,0.0,0.0,0.142
14,62,0.0,0.0,0.141
14,63,0.0,0.0,0.146
14,64,0.0,0.0,0.139
14,65,0.0,0.0,0.15
14,66,0.0,0.0,0.137
14,67,0.0,0.0,0.151
14,68,0.0,0.0,0.154
14,69,0.0,0.0,0.154
14,7,0.006,0.013,0.093
14,70,0.0,0.0,0.149
14,71,0.0,0.0,0.142
14,72,0.0,0.0,0.146
14,73,0.0,0.0,0.137
14,74,0.0,0.0,0.146
14,75,0.0,0.0,0.152
14,76,0.0,0.0,0.136
14,77,0.0,0.0,0.141
14,78,0.0,0.001,0.134
14,79,0.0,0.001,0.132
14,8,0.012,0.024,0.084
14,80,0.0,0.0,0.137
14,81,0.0,0.0,0.151
14,82,0.0,0.001,0.134
14,83,0.0,0.0,0.143
14,84,0.0,0.001,0.137
14,85,0.0,0.0,0.147
14,86,0.0,0.0,0.157
14,87,0.0,0.001,0.14
14,88,0.0,0.0,0.144
14,89,0.0,0.001,0.137
14,9,0.017,0.032,0.08
14,90,0.0,0.001,0.139
14,91,0.0,0.0,0.148
14,92,0.0,0.0,0.157
14,93,0.0,0.0,0.16
14,94,0.0,0.0,0.16
14,95,0.0,0.0,0.167
14,96,0.0,0.0,0.16
14,97,0.0,0.0,0.166
14,98,0.0,0.0,0.171
14,99,0.0,0.0,0.156
15,10,0.01,0.02,0.086
15,100,0.0,0.001,0.141
15,101,0.0,0.001,0.143
15,102,0.0,0.0,0.15
15,103,0.0,0.001,0.136
15,104,0.0,0.001,0.147
15,105,0.0,0.0,0.148
15,106,0.0,0.0,0.149
15,107,0.0,0.001,0.138
15,108,0.0,0.001,0.143
15,109,0.0,0.0,0.15
15,11,0.009,0.019,0.086
15,110,0.0,0.0,0.156
15,111,0.0,0.0,0.164
15,112,0.0,0.0,0.161
15,113,0.0,0.001,0.147
15,114,0.0,0.0,0.163
15,115,0.0,0.0,0.16
15,116,0.0,0.0,0.165
15,117,0.0,0.0,0.178
15,118,0.0,0.0,0.172
15,119,0.0,0.0,0.164
15,12,0.003,0.006,0.1
15,120,0.0,0.0,0.166
15,121,0.0,0.0,0.159
15,122,0.0,0.0,0.165
15,123,0.0,0.0,0.17
15,124,0.0,0.0,0.178
15,125,0.0,0.0,0.184
15,126,0.0,0.0,0.171
15,127,0.0,0.0,0.179
15,128,0.0,0.0,0.175
15,129,0.0,0.0,0.178
15,13,0.005,0.012,0.092
15,130,0.0,0.0,0.175
15,131,0.0,0.0,0.165
15,132,0.0,0.0,0.166
15,133,0.0,0.0,0.178
15,134,0.0,0.0,0.176
15,135,0.0,0.0,0.179
15,136,0.0,0.0,0.179
15,137,0.0,0.0,0.179
15,138,0.0,0.0,0.18
15,139,0.0,0.0,0.188
15,14,0.009,0.018,0.085
15,140,0.0,0.0,0.187
15,141,0.0,0.0,0.179
15,142,0.0,0.0,0.179
15,143,0.0,0.0,0.179
15,144,0.0,0.0,0.178
15,145,0.0,0.0,0.157
15,146,0.0,0.001,0.157
15,147,0.0,0.001,0.153
15,148,0.0,0.0,0.167
15,149,0.0,0.0,0.176
15,15,0.002,0.004,0.103
15,150,0.0,0.0,0.182
15,151,0.0,0.0,0.176
15,152,0.0,0.0,0.175
15,153,0.0,0.0,0.167
15,154,0.0,0.0,0.166
15,155,0.0,0.0,0.162
15,156,0.0,0.0,0.165
15,157,0.0,0.0,0.164
15,158,0.0,0.0,0.167
15,159,0.0,0.0,0.174
15,16,0.007,0.015,0.088
15,160,0.0,0.0,0.168
15,161,0.0,0.0,0.167
15,162,0.0,0.0,0.163
15,163,0.0,0.0,0.16
15,164,0.0,0.0,0.161
15,165,0.0,0.0,0.161
15,166,0.0,0.0,0.162
15,167,0.0,0.0,0.165
15,168,0.0,0.0,0.165
15,169,0.0,0.0,0.165
15,17,0.01,0.021,0.084
15,170,0.0,0.0,0.175
15,171,0.0,0.0,0.165
15,172,0.0,0.0,0.163
15,173,0.0,0.0,0.159
15,174,0.0,0.0,0.168
15,175,0.0,0.0,0.173
15,176,0.0,0.0,0.173
15,177,0.0,0.0,0.168
15,178,0.0,0.0,0.17
15,179,0.0,0.001,0.15
15,18,0.004,0.009,0.094
15,180,0.001,0.002,0.145
15,181,0.001,0.002,0.141
15,182,0.0,0.001,0.149
15,183,0.001,0.004,0.134
15,184,0.001,0.003,0.14
15,185,0.001,0.002,0.144
15,186,0.001,0.002,0.143
15,187,0.001,0.002,0.143
15,188,0.002,0.005,0.133
15,189,0.002,0.005,0.133
15,19,0.006,0.013,0.089
15,190,0.001,0.004,0.139
15,191,0.002,0.005,0.136
15,192,0.002,0.005,0.134
15,193,0.001,0.003,0.145
15,194,0.002,0.005,0.136
15,195,0.003,0.006,0.133
15,196,0.003,0.008,0.13
15,197,0.002,0.006,0.136
15,198,0.007,0.014,0.122
15,199,0.004,0.01,0.129
15,20,0.002,0.005,0.1
15,200,0.013,0.025,0.113
15,201,0.005,0.011,0.128
15,202,0.002,0.006,0.139
15,203,0.005,0.011,0.13
15,204,0.006,0.013,0.129
15,205,0.008,0.017,0.124
15,206,0.012,0.024,0.119
15,207,0.005,0.012,0.132
15,208,0.008,0.016,0.127
15,209,0.018,0.035,0.113
15,21,0.014,0.027,0.08
15,210,0.027,0.048,0.107
15,211,0.009,0.019,0.128
15,212,0.025,0.046,0.11
15,213,0.03,0.053,0.108
15,214,0.025,0.046,0.112
15,215,0.056,0.091,0.096
15,216,0.051,0.083,0.099
15,217,0.03,0.053,0.111
15,218,0.039,0.066,0.107
15,219,0.07,0.11,0.094
15,22,0.001,0.003,0.106
15,220,0.042,0.071,0.107
15,221,0.053,0.086,0.102
15,222,0.09,0.136,0.091
15,223,0.094,0.141,0.09
15,224,0.106,0.156,0.088
15,225,0.113,0.166,0.087
15,226,0.093,0.141,0.092
15,227,0.118,0.172,0.087
15,228,0.089,0.135,0.095
15,229,0.109,0.16,0.091
15,23,0.003,0.008,0.096
15,230,0.079,0.122,0.1
15,231,0.155,0.217,0.082
15,232,0.13,0.187,0.087
15,233,0.113,0.165,0.092
15,234,0.081,0.124,0.102
15,235,0.089,0.135,0.1
15,236,0.098,0.147,0.098
15,237,0.083,0.126,0.104
15,238,0.117,0.17,0.095
15,239,0.049,0.081,0.12
15,24,0.004,0.008,0.094
15,240,0.051,0.083,0.119
15,241,0.072,0.112,0.111
15,242,0.065,0.103,0.114
15,243,0.041,0.07,0.127
15,244,0.063,0.1,0.117
15,245,0.029,0.051,0.138
15,246,0.034,0.059,0.135
15,247,0.028,0.05,0.141
15,248,0.02,0.038,0.15
15,249,0.031,0.055,0.141
15,25,0.003,0.007,0.097
15,250,0.037,0.064,0.137
15,251,0.02,0.038,0.153
15,26,0.003,0.007,0.096
15,27,0.003,0.008,0.094
15,28,0.006,0.013,0.089
15,29,0.001,0.004,0.103
15,30,0.002,0.004,0.101
15,31,0.005,0.011,0.09
15,32,0.002,0.004,0.102
15,33,0.001,0.003,0.104
15,34,0.007,0.015,0.087
15,35,0.001,0.004,0.102
15,36,0.001,0.004,0.104
15,37,0.001,0.003,0.107
15,38,0.001,0.003,0.105
15,39,0.002,0.004,0.102
15,40,0.002,0.005,0.1
15,41,0.001,0.002,0.112
15,42,0.002,0.004,0.103
15,43,0.001,0.004,0.104
15,44,0.001,0.003,0.107
15,45,0.002,0.006,0.099
15,46,0.0,0.001,0.125
15,47,0.002,0.005,0.102
15,48,0.006,0.014,0.089
15,49,0.002,0.005,0.101
15,50,0.002,0.006,0.1
15,51,0.001,0.002,0.112
15,52,0.001,0.002,0.113
15,53,0.001,0.004,0.107
15,54,0.0,0.0,0.128
15,55,0.001,0.003,0.108
15,56,0.001,0.002,0.115
15,57,0.0,0.001,0.118
15,58,0.0,0.0,0.132
15,59,0.0,0.001,0.122
15,6,0.008,0.017,0.091
15,60,0.001,0.002,0.116
15,61,0.0,0.0,0.14
15,62,0.0,0.0,0.138
15,63,0.0,0.0,0.136
15,64,0.0,0.0,0.137
15,65,0.0,0.0,0.139
15,66,0.0,0.0,0.142
15,67,0.0,0.0,0.14
15,68,0.0,0.0,0.139
15,69,0.0,0.0,0.141
15,7,0.018,0.035,0.081
15,70,0.0,0.0,0.151
15,71,0.0,0.0,0.135
15,72,0.0,0.0,0.151
15,73,0.0,0.0,0.146
15,74,0.0,0.0,0.141
15,75,0.0,0.0,0.142
15,76,0.0,0.001,0.132
15,77,0.0,0.0,0.138
15,78,0.0,0.0,0.145
15,79,0.0,0.0,0.144
15,8,0.005,0.011,0.095
15,80,0.0,0.0,0.144
15,81,0.0,0.001,0.136
15,82,0.0,0.0,0.144
15,83,0.0,0.0,0.139
15,84,0.0,0.001,0.136
15,85,0.0,0.0,0.149
15,86,0.0,0.0,0.155
15,87,0.0,0.0,0.145
15,88,0.0,0.0,0.141
15,89,0.0,0.001,0.139
15,9,0.015,0.029,0.081
15,90,0.0,0.0,0.142
15,91,0.0,0.0,0.143
15,92,0.0,0.001,0.138
15,93,0.0,0.001,0.138
15,94,0.0,0.001,0.136
15,95,0.0,0.001,0.137
15,96,0.001,0.002,0.126
15,97,0.0,0.001,0.134
15,98,0.0,0.001,0.136
15,99,0.001,0.002,0.128
16,10,0.001,0.004,0.107
16,100,0.0,0.0,0.148
16,101,0.0,0.0,0.152
16,102,0.0,0.0,0.168
16,103,0.0,0.0,0.155
16,104,0.0,0.0,0.155
16,105,0.0,0.0,0.164
16,106,0.0,0.0,0.159
16,107,0.0,0.0,0.168
16,108,0.0,0.0,0.169
16,109,0.0,0.0,0.156
16,11,0.0,0.001,0.119
16,110,0.0,0.001,0.148
16,111,0.0,0.0,0.151
16,112,0.0,0.0,0.157
16,113,0.0,0.001,0.147
16,114,0.0,0.0,0.153
16,115,0.0,0.0,0.163
16,116,0.0,0.0,0.161
16,117,0.0,0.0,0.162
16,118,0.0,0.0,0.16
16,119,0.0,0.0,0.163
16,12,0.002,0.006,0.099
16,120,0.0,0.0,0.161
16,121,0.0,0.0,0.171
16,122,0.0,0.0,0.175
16,123,0.0,0.0,0.167
16,124,0.0,0.0,0.179
16,125,0.0,0.0,0.187
16,126,0.0,0.0,0.196
16,127,0.0,0.0,0.185
16,128,0.0,0.0,0.185
16,129,0.0,0.0,0.189
16,13,0.003,0.007,0.097
16,130,0.0,0.0,0.204
16,131,0.0,0.0,0.195
16,132,0.0,0.0,0.201
16,133,0.0,0.0,0.19
16,134,0.0,0.0,0.195
16,135,0.0,0.0,0.186
16,136,0.0,0.0,0.191
16,137,0.0,0.0,0.192
16,138,0.0,0.0,0.192
16,139,0.0,0.0,0.185
16,14,0.003,0.007,0.097
16,140,0.0,0.0,0.182
16,141,0.0,0.0,0.175
16,142,0.0,0.0,0.187
16,143,0.0,0.0,0.174
16,144,0.0,0.0,0.174
16,145,0.0,0.0,0.175
16,146,0.0,0.0,0.179
16,147,0.0,0.0,0.18
16,148,0.0,0.0,0.186
16,149,0.0,0.0,0.188
16,15,0.002,0.005,0.101
16,150,0.0,0.0,0.185
16,151,0.0,0.0,0.174
16,152,0.0,0.0,0.182
16,153,0.0,0.0,0.186
16,154,0.0,0.0,0.183
16,155,0.0,0.0,0.175
16,156,0.0,0.0,0.183
16,157,0.0,0.0,0.174
16,158,0.0,0.0,0.178
16,159,0.0,0.0,0.177
16,16,0.003,0.007,0.095
16,160,0.0,0.0,0.179
16,161,0.0,0.0,0.182
16,162,0.0,0.0,0.172
16,163,0.0,0.0,0.171
16,164,0.0,0.0,0.177
16,165,0.0,0.0,0.179
16,166,0.0,0.0,0.177
16,167,0.0,0.0,0.168
16,168,0.0,0.0,0.165
16,169,0.0,0.001,0.155
16,17,0.001,0.004,0.103
16,170,0.0,0.001,0.151
16,171,0.0,0.001,0.153
16,172,0.0,0.0,0.16
16,173,0.0,0.0,0.161
16,174,0.0,0.0,0.165
16,175,0.0,0.001,0.151
16,176,0.0,0.001,0.148
16,177,0.0,0.001,0.147
16,178,0.0,0.002,0.146
16,179,0.001,0.002,0.142
16,18,0.004,0.01,0.092
16,180,0.0,0.001,0.16
16,181,0.001,0.003,0.136
16,182,0.001,0.002,0.144
16,183,0.0,0.001,0.148
16,184,0.0,0.001,0.148
16,185,0.0,0.001,0.149
16,186,0.001,0.003,0.141
16,187,0.002,0.005,0.131
16,188,0.002,0.004,0.134
16,189,0.002,0.006,0.129
16,19,0.002,0.005,0.101
16,190,0.001,0.002,0.145
16,191,0.001,0.004,0.138
16,192,0.001,0.002,0.149
16,193,0.001,0.003,0.143
16,194,0.001,0.003,0.14
16,195,0.002,0.005,0.135
16,196,0.001,0.002,0.149
16,197,0.0,0.002,0.154
16,198,0.003,0.007,0.133
16,199,0.004,0.009,0.13
16,20,0.01,0.021,0.082
16,200,0.002,0.005,0.139
16,201,0.003,0.008,0.132
16,202,0.004,0.01,0.129
16,203,0.006,0.013,0.126
16,204,0.004,0.01,0.131
16,205,0.008,0.017,0.122
16,206,0.015,0.03,0.113
16,207,0.011,0.022,0.12
16,208,0.011,0.022,0.12
16,209,0.019,0.036,0.112
16,21,0.008,0.017,0.085
16,210,0.013,0.026,0.119
16,211,0.02,0.038,0.113
16,212,0.018,0.034,0.115
16,213,0.045,0.074,0.099
16,214,0.042,0.071,0.101
16,215,0.052,0.085,0.097
16,216,0.046,0.076,0.1
16,217,0.033,0.057,0.108
16,218,0.029,0.051,0.112
16,219,0.069,0.109,0.094
16,22,0.006,0.013,0.089
16,220,0.089,0.134,0.089
16,221,0.051,0.084,0.102
16,222,0.047,0.079,0.105
16,223,0.073,0.113,0.096
16,224,0.041,0.069,0.11
16,225,0.104,0.154,0.088
16,226,0.051,0.084,0.107
16,227,0.107,0.157,0.089
16,228,0.102,0.152,0.091
16,229,0.137,0.195,0.084
16,23,0.004,0.01,0.092
16,230,0.117,0.171,0.089
16,231,0.127,0.183,0.087
16,232,0.182,0.249,0.077
16,233,0.128,0.184,0.088
16,234,0.17,0.234,0.08
16,235,0.126,0.182,0.09
16,236,0.091,0.138,0.1
16,237,0.099,0.147,0.098
16,238,0.127,0.183,0.092
16,239,0.066,0.105,0.111
16,24,0.001,0.004,0.102
16,240,0.077,0.119,0.108
16,241,0.061,0.097,0.115
16,242,0.075,0.117,0.11
16,243,0.058,0.094,0.118
16,244,0.038,0.064,0.13
16,245,0.052,0.084,0.123
16,246,0.038,0.065,0.133
16,247,0.034,0.06,0.136
16,248,0.022,0.04,0.149
16,249,0.026,0.047,0.146
16,25,0.005,0.012,0.089
16,250,0.018,0.035,0.156
16,251,0.014,0.028,0.163
16,26,0.003,0.007,0.095
16,27,0.001,0.004,0.102
16,28,0.003,0.006,0.097
16,29,0.001,0.004,0.102
16,30,0.006,0.014,0.088
16,31,0.002,0.004,0.101
16,32,0.001,0.003,0.105
16,33,0.002,0.006,0.098
16,34,0.002,0.005,0.099
16,35,0.003,0.007,0.096
16,36,0.001,0.003,0.106
16,37,0.001,0.002,0.109
16,38,0.001,0.002,0.108
16,39,0.0,0.001,0.115
16,40,0.001,0.004,0.103
16,41,0.001,0.002,0.108
16,42,0.001,0.002,0.11
16,43,0.002,0.004,0.103
16,44,0.0,0.001,0.114
16,45,0.001,0.002,0.11
16,46,0.0,0.001,0.115
16,47,0.0,0.001,0.118
16,48,0.002,0.005,0.101
16,49,0.0,0.001,0.122
16,50,0.001,0.002,0.11
16,51,0.001,0.002,0.112
16,52,0.001,0.003,0.108
16,53,0.0,0.0,0.135
16,54,0.0,0.001,0.12
16,55,0.0,0.0,0.128
16,56,0.0,0.0,0.133
16,57,0.0,0.001,0.117
16,58,0.0,0.001,0.125
16,59,0.0,0.001,0.128
16,6,0.001,0.002,0.119
16,60,0.0,0.0,0.143
16,61,0.0,0.0,0.145
16,62,0.0,0.0,0.137
16,63,0.0,0.0,0.133
16,64,0.0,0.0,0.14
16,65,0.0,0.001,0.128
16,66,0.0,0.0,0.141
16,67,0.0,0.0,0.138
16,68,0.0,0.0,0.142
16,69,0.0,0.0,0.133
16,7,0.002,0.006,0.105
16,70,0.0,0.001,0.129
16,71,0.0,0.001,0.133
16,72,0.0,0.0,0.137
16,73,0.0,0.0,0.138
16,74,0.0,0.0,0.15
16,75,0.0,0.0,0.148
16,76,0.0,0.0,0.139
16,77,0.001,0.002,0.124
16,78,0.0,0.001,0.132
16,79,0.0,0.0,0.14
16,8,0.001,0.003,0.111
16,80,0.0,0.0,0.154
16,81,0.0,0.001,0.136
16,82,0.0,0.0,0.139
16,83,0.0,0.001,0.137
16,84,0.0,0.0,0.142
16,85,0.0,0.001,0.133
16,86,0.0,0.001,0.133
16,87,0.0,0.001,0.137
16,88,0.0,0.001,0.134
16,89,0.0,0.001,0.134
16,9,0.001,0.004,0.107
16,90,0.0,0.001,0.142
16,91,0.0,0.001,0.131
16,92,0.001,0.002,0.129
16,93,0.0,0.0,0.144
16,94,0.0,0.0,0.147
16,95,0.0,0.0,0.154
16,96,0.0,0.0,0.147
16,97,0.0,0.0,0.147
16,98,0.0,0.0,0.157
16,99,0.0,0.0,0.158
17,10,0.002,0.005,0.101
17,100,0.0,0.0,0.164
17,101,0.0,0.0,0.16
17,102,0.0,0.0,0.166
17,103,0.0,0.0,0.165
17,104,0.0,0.0,0.172
17,105,0.0,0.0,0.171
17,106,0.0,0.0,0.17
17,107,0.0,0.0,0.183
17,108,0.0,0.0,0.181
17,109,0.0,0.0,0.18
17,11,0.0,0.0,0.127
17,110,0.0,0.0,0.187
17,111,0.0,0.0,0.18
17,112,0.0,0.0,0.176
17,113,0.0,0.0,0.176
17,114,0.0,0.0,0.182
17,115,0.0,0.0,0.183
17,116,0.0,0.0,0.188
17,117,0.0,0.0,0.184
17,118,0.0,0.0,0.186
17,119,0.0,0.0,0.191
17,12,0.0,0.001,0.121
17,120,0.0,0.0,0.193
17,121,0.0,0.0,0.185
17,122,0.0,0.0,0.19
17,123,0.0,0.0,0.182
17,124,0.0,0.0,0.185
17,125,0.0,0.0,0.193
17,126,0.0,0.0,0.187
17,127,0.0,0.0,0.188
17,128,0.0,0.0,0.2
17,129,0.0,0.0,0.198
17,13,0.0,0.001,0.121
17,130,0.0,0.0,0.206
17,131,0.0,0.0,0.207
17,132,0.0,0.0,0.211
17,133,0.0,0.0,0.208
17,134,0.0,0.0,0.2
17,135,0.0,0.0,0.196
17,136,0.0,0.0,0.195
17,137,0.0,0.0,0.197
17,138,0.0,0.0,0.193
17,139,0.0,0.0,0.206
17,14,0.0,0.001,0.121
17,140,0.0,0.0,0.191
17,141,0.0,0.0,0.188
17,142,0.0,0.0,0.195
17,143,0.0,0.0,0.201
17,144,0.0,0.0,0.202
17,145,0.0,0.0,0.202
17,146,0.0,0.0,0.193
17,147,0.0,0.0,0.196
17,148,0.0,0.0,0.208
17,149,0.0,0.0,0.202
17,15,0.0,0.001,0.115
17,150,0.0,0.0,0.195
17,151,0.0,0.0,0.183
17,152,0.0,0.0,0.186
17,153,0.0,0.0,0.182
17,154,0.0,0.0,0.173
17,155,0.0,0.0,0.185
17,156,0.0,0.0,0.175
17,157,0.0,0.0,0.168
17,158,0.0,0.0,0.167
17,159,0.0,0.001,0.151
17,16,0.0,0.0,0.124
17,160,0.0,0.001,0.159
17,161,0.0,0.0,0.166
17,162,0.0,0.0,0.172
17,163,0.0,0.001,0.159
17,164,0.0,0.0,0.161
17,165,0.0,0.0,0.161
17,166,0.0,0.0,0.161
17,167,0.0,0.0,0.171
17,168,0.0,0.0,0.172
17,169,0.0,0.0,0.174
17,17,0.0,0.001,0.116
17,170,0.0,0.0,0.171
17,171,0.0,0.0,0.172
17,172,0.0,0.0,0.162
17,173,0.0,0.0,0.168
17,174,0.0,0.0,0.179
17,175,0.0,0.0,0.175
17,176,0.0,0.0,0.171
17,177,0.0,0.001,0.15
17,178,0.0,0.001,0.153
17,179,0.0,0.0,0.165
17,18,0.0,0.001,0.122
17,180,0.0,0.0,0.166
17,181,0.0,0.001,0.155
17,182,0.0,0.001,0.159
17,183,0.0,0.001,0.156
17,184,0.0,0.001,0.156
17,185,0.0,0.001,0.151
17,186,0.0,0.001,0.153
17,187,0.001,0.002,0.141
17,188,0.0,0.002,0.148
17,189,0.001,0.002,0.145
17,19,0.0,0.0,0.122
17,190,0.001,0.003,0.14
17,191,0.002,0.005,0.133
17,192,0.001,0.003,0.14
17,193,0.0,0.001,0.151
17,194,0.001,0.003,0.144
17,195,0.001,0.004,0.139
17,196,0.003,0.007,0.13
17,197,0.001,0.002,0.146
17,198,0.001,0.002,0.148
17,199,0.0,0.001,0.155
17,20,0.0,0.0,0.125
17,200,0.001,0.002,0.153
17,201,0.0,0.001,0.162
17,202,0.001,0.002,0.155
17,203,0.001,0.003,0.146
17,204,0.003,0.008,0.134
17,205,0.002,0.006,0.138
17,206,0.003,0.007,0.138
17,207,0.002,0.005,0.142
17,208,0.002,0.006,0.142
17,209,0.003,0.008,0.137
17,21,0.001,0.002,0.107
17,210,0.007,0.015,0.128
17,211,0.008,0.017,0.126
17,212,0.004,0.01,0.137
17,213,0.011,0.023,0.123
17,214,0.012,0.024,0.123
17,215,0.015,0.03,0.119
17,216,0.006,0.014,0.135
17,217,0.022,0.041,0.114
17,218,0.026,0.047,0.112
17,219,0.034,0.059,0.108
17,22,0.001,0.004,0.102
17,220,0.019,0.036,0.12
17,221,0.059,0.095,0.098
17,222,0.068,0.107,0.096
17,223,0.04,0.068,0.108
17,224,0.077,0.119,0.094
17,225,0.078,0.121,0.095
17,226,0.077,0.119,0.096
17,227,0.063,0.101,0.102
17,228,0.081,0.124,0.096
17,229,0.08,0.123,0.097
17,23,0.0,0.0,0.124
17,230,0.085,0.13,0.097
17,231,0.092,0.139,0.095
17,232,0.129,0.186,0.087
17,233,0.061,0.097,0.108
17,234,0.054,0.088,0.112
17,235,0.057,0.092,0.112
17,236,0.068,0.106,0.108
17,237,0.066,0.104,0.11
17,238,0.05,0.082,0.118
17,239,0.046,0.076,0.121
17,24,0.0,0.002,0.112
17,240,0.072,0.112,0.11
17,241,0.043,0.072,0.125
17,242,0.024,0.043,0.14
17,243,0.037,0.063,0.13
17,244,0.036,0.062,0.132
17,245,0.035,0.061,0.134
17,246,0.024,0.045,0.144
17,247,0.025,0.045,0.145
17,248,0.02,0.037,0.152
17,249,0.023,0.043,0.149
17,25,0.001,0.002,0.108
17,250,0.017,0.033,0.157
17,251,0.019,0.035,0.156
17,26,0.001,0.003,0.103
17,27,0.0,0.001,0.121
17,28,0.0,0.001,0.112
17,29,0.001,0.002,0.109
17,30,0.005,0.011,0.091
17,31,0.0,0.001,0.115
17,32,0.0,0.001,0.119
17,33,0.001,0.004,0.102
17,34,0.0,0.001,0.113
17,35,0.001,0.002,0.108
17,36,0.0,0.001,0.121
17,37,0.001,0.002,0.111
17,38,0.002,0.006,0.098
17,39,0.0,0.001,0.115
17,40,0.001,0.002,0.109
17,41,0.0,0.001,0.121
17,42,0.001,0.003,0.108
17,43,0.0,0.001,0.114
17,44,0.0,0.001,0.114
17,45,0.0,0.0,0.126
17,46,0.0,0.0,0.138
17,47,0.0,0.001,0.116
17,48,0.0,0.0,0.127
17,49,0.0,0.001,0.122
17,50,0.0,0.0,0.128
17,51,0.0,0.0,0.14
17,52,0.0,0.0,0.132
17,53,0.0,0.0,0.132
17,54,0.0,0.0,0.136
17,55,0.0,0.0,0.15
17,56,0.0,0.0,0.134
17,57,0.0,0.0,0.147
17,58,0.0,0.0,0.141
17,59,0.0,0.0,0.143
17,6,0.0,0.001,0.124
17,60,0.0,0.0,0.144
17,61,0.0,0.0,0.141
17,62,0.0,0.0,0.147
17,63,0.0,0.0,0.147
17,64,0.0,0.0,0.137
17,65,0.0,0.0,0.141
17,66,0.0,0.0,0.14
17,67,0.0,0.0,0.135
17,68,0.0,0.0,0.142
17,69,0.0,0.0,0.143
17,7,0.001,0.002,0.116
17,70,0.0,0.0,0.137
17,71,0.0,0.0,0.137
17,72,0.0,0.0,0.141
17,73,0.0,0.001,0.126
17,74,0.0,0.0,0.139
17,75,0.0,0.0,0.137
17,76,0.0,0.0,0.142
17,77,0.0,0.0,0.138
17,78,0.0,0.001,0.132
17,79,0.0,0.0,0.139
17,8,0.0,0.001,0.119
17,80,0.0,0.001,0.134
17,81,0.0,0.0,0.147
17,82,0.0,0.0,0.142
17,83,0.0,0.001,0.133
17,84,0.0,0.0,0.142
17,85,0.0,0.001,0.141
17,86,0.0,0.0,0.143
17,87,0.0,0.0,0.144
17,88,0.0,0.0,0.147
17,89,0.0,0.0,0.157
17,9,0.0,0.002,0.115
17,90,0.0,0.0,0.161
17,91,0.0,0.0,0.158
17,92,0.0,0.0,0.167
17,93,0.0,0.0,0.151
17,94,0.0,0.0,0.162
17,95,0.0,0.0,0.155
17,96,0.0,0.0,0.163
17,97,0.0,0.0,0.153
17,98,0.0,0.0,0.153
17,99,0.0,0.0,0.162
18,10,0.036,0.062,0.07
18,100,0.0,0.0,0.167
18,101,0.0,0.0,0.17
18,102,0.0,0.0,0.159
18,103,0.0,0.0,0.155
18,104,0.0,0.0,0.158
18,105,0.0,0.0,0.172
18,106,0.0,0.0,0.175
18,107,0.0,0.0,0.173
18,108,0.0,0.0,0.185
18,109,0.0,0.0,0.18
18,11,0.012,0.024,0.084
18,110,0.0,0.0,0.168
18,111,0.0,0.0,0.168
18,112,0.0,0.0,0.168
18,113,0.0,0.0,0.17
18,114,0.0,0.0,0.178
18,115,0.0,0.0,0.175
18,116,0.0,0.0,0.17
18,117,0.0,0.0,0.173
18,118,0.0,0.0,0.178
18,119,0.0,0.0,0.185
18,12,0.009,0.019,0.086
18,120,0.0,0.0,0.178
18,121,0.0,0.0,0.178
18,122,0.0,0.0,0.18
18,123,0.0,0.0,0.19
18,124,0.0,0.0,0.19
18,125,0.0,0.0,0.19
18,126,0.0,0.0,0.19
18,127,0.0,0.0,0.191
18,128,0.0,0.0,0.187
18,129,0.0,0.0,0.187
18,13,0.012,0.025,0.082
18,130,0.0,0.0,0.18
18,131,0.0,0.0,0.189
18,132,0.0,0.0,0.205
18,133,0.0,0.0,0.203
18,134,0.0,0.0,0.205
18,135,0.0,0.0,0.192
18,136,0.0,0.0,0.194
18,137,0.0,0.0,0.188
18,138,0.0,0.0,0.187
18,139,0.0,0.0,0.195
18,14,0.03,0.054,0.071
18,140,0.0,0.0,0.198
18,141,0.0,0.0,0.199
18,142,0.0,0.0,0.192
18,143,0.0,0.0,0.193
18,144,0.0,0.0,0.193
18,145,0.0,0.0,0.201
18,146,0.0,0.0,0.192
18,147,0.0,0.0,0.197
18,148,0.0,0.0,0.19
18,149,0.0,0.0,0.205
18,15,0.006,0.013,0.089
18,150,0.0,0.0,0.206
18,151,0.0,0.0,0.202
18,152,0.0,0.0,0.198
18,153,0.0,0.0,0.192
18,154,0.0,0.0,0.194
18,155,0.0,0.0,0.174
18,156,0.0,0.0,0.17
18,157,0.0,0.0,0.181
18,158,0.0,0.0,0.18
18,159,0.0,0.0,0.176
18,16,0.004,0.01,0.092
18,160,0.0,0.0,0.184
18,161,0.0,0.0,0.175
18,162,0.0,0.0,0.176
18,163,0.0,0.0,0.179
18,164,0.0,0.0,0.185
18,165,0.0,0.0,0.183
18,166,0.0,0.0,0.189
18,167,0.0,0.0,0.181
18,168,0.0,0.0,0.183
18,169,0.0,0.0,0.175
18,17,0.005,0.011,0.091
18,170,0.0,0.0,0.184
18,171,0.0,0.0,0.182
18,172,0.0,0.0,0.182
18,173,0.0,0.0,0.171
18,174,0.0,0.0,0.163
18,175,0.0,0.0,0.175
18,176,0.0,0.0,0.165
18,177,0.0,0.0,0.174
18,178,0.0,0.0,0.165
18,179,0.0,0.0,0.169
18,18,0.005,0.011,0.091
18,180,0.0,0.001,0.161
18,181,0.0,0.0,0.17
18,182,0.0,0.0,0.172
18,183,0.0,0.0,0.164
18,184,0.0,0.001,0.161
18,185,0.0,0.001,0.155
18,186,0.001,0.004,0.135
18,187,0.001,0.002,0.147
18,188,0.001,0.002,0.146
18,189,0.001,0.002,0.142
18,19,0.002,0.006,0.099
18,190,0.001,0.002,0.143
18,191,0.002,0.005,0.133
18,192,0.001,0.002,0.149
18,193,0.002,0.005,0.132
18,194,0.001,0.004,0.137
18,195,0.001,0.002,0.148
18,196,0.001,0.002,0.147
18,197,0.0,0.001,0.153
18,198,0.001,0.002,0.147
18,199,0.001,0.002,0.148
18,20,0.003,0.007,0.095
18,200,0.001,0.003,0.141
18,201,0.001,0.003,0.144
18,202,0.001,0.003,0.144
18,203,0.001,0.003,0.148
18,204,0.001,0.002,0.15
18,205,0.001,0.002,0.152
18,206,0.0,0.001,0.161
18,207,0.003,0.007,0.135
18,208,0.001,0.003,0.152
18,209,0.001,0.004,0.15
18,21,0.002,0.005,0.099
18,210,0.003,0.007,0.14
18,211,0.003,0.007,0.141
18,212,0.007,0.015,0.128
18,213,0.005,0.011,0.135
18,214,0.008,0.017,0.128
18,215,0.014,0.028,0.119
18,216,0.009,0.019,0.128
18,217,0.013,0.026,0.123
18,218,0.013,0.025,0.125
18,219,0.012,0.023,0.127
18,22,0.001,0.003,0.106
18,220,0.015,0.029,0.124
18,221,0.04,0.069,0.105
18,222,0.056,0.091,0.099
18,223,0.037,0.063,0.109
18,224,0.056,0.09,0.101
18,225,0.044,0.073,0.107
18,226,0.034,0.058,0.114
18,227,0.047,0.078,0.107
18,228,0.063,0.101,0.101
18,229,0.062,0.099,0.103
18,23,0.003,0.007,0.096
18,230,0.088,0.134,0.095
18,231,0.059,0.095,0.106
18,232,0.057,0.092,0.108
18,233,0.101,0.15,0.094
18,234,0.082,0.126,0.1
18,235,0.055,0.09,0.111
18,236,0.042,0.071,0.119
18,237,0.08,0.123,0.104
18,238,0.055,0.09,0.114
18,239,0.056,0.09,0.115
18,24,0.002,0.006,0.097
18,240,0.052,0.086,0.118
18,241,0.073,0.113,0.11
18,242,0.05,0.082,0.121
18,243,0.055,0.089,0.12
18,244,0.078,0.121,0.111
18,245,0.074,0.115,0.114
18,246,0.039,0.067,0.132
18,247,0.059,0.095,0.122
18,248,0.032,0.056,0.14
18,249,0.035,0.061,0.138
18,25,0.001,0.003,0.104
18,250,0.027,0.048,0.147
18,251,0.022,0.041,0.153
18,26,0.001,0.002,0.109
18,27,0.001,0.003,0.105
18,28,0.003,0.008,0.093
18,29,0.001,0.003,0.104
18,30,0.0,0.001,0.122
18,31,0.001,0.004,0.102
18,32,0.001,0.002,0.108
18,33,0.001,0.002,0.109
18,34,0.0,0.001,0.122
18,35,0.0,0.001,0.118
18,36,0.0,0.001,0.119
18,37,0.001,0.003,0.105
18,38,0.0,0.001,0.121
18,39,0.0,0.0,0.13
18,40,0.0,0.001,0.12
18,41,0.0,0.001,0.122
18,42,0.0,0.001,0.12
18,43,0.0,0.0,0.128
18,44,0.0,0.0,0.131
18,45,0.0,0.0,0.128
18,46,0.0,0.0,0.133
18,47,0.0,0.0,0.152
18,48,0.0,0.0,0.14
18,49,0.0,0.0,0.143
18,50,0.0,0.0,0.128
18,51,0.0,0.0,0.145
18,52,0.0,0.0,0.144
18,53,0.0,0.0,0.138
18,54,0.0,0.0,0.151
18,55,0.0,0.0,0.138
18,56,0.0,0.0,0.133
18,57,0.0,0.0,0.144
18,58,0.0,0.0,0.143
18,59,0.0,0.0,0.145
18,6,0.006,0.014,0.093
18,60,0.0,0.0,0.137
18,61,0.0,0.0,0.136
18,62,0.0,0.0,0.136
18,63,0.0,0.0,0.15
18,64,0.0,0.0,0.148
18,65,0.0,0.0,0.155
18,66,0.0,0.0,0.139
18,67,0.0,0.0,0.141
18,68,0.0,0.0,0.151
18,69,0.0,0.0,0.154
18,7,0.008,0.017,0.091
18,70,0.0,0.0,0.144
18,71,0.0,0.0,0.149
18,72,0.0,0.001,0.136
18,73,0.0,0.0,0.14
18,74,0.0,0.0,0.144
18,75,0.0,0.001,0.132
18,76,0.0,0.0,0.144
18,77,0.0,0.0,0.155
18,78,0.0,0.0,0.14
18,79,0.0,0.0,0.152
18,8,0.01,0.02,0.088
18,80,0.0,0.001,0.139
18,81,0.0,0.0,0.155
18,82,0.0,0.0,0.148
18,83,0.0,0.0,0.149
18,84,0.0,0.0,0.153
18,85,0.0,0.001,0.141
18,86,0.0,0.0,0.144
18,87,0.0,0.0,0.155
18,88,0.0,0.0,0.169
18,89,0.0,0.0,0.154
18,9,0.021,0.039,0.078
18,90,0.0,0.0,0.151
18,91,0.0,0.0,0.159
18,92,0.0,0.0,0.152
18,93,0.0,0.0,0.152
18,94,0.0,0.0,0.149
18,95,0.0,0.0,0.15
18,96,0.0,0.0,0.158
18,97,0.0,0.0,0.158
18,98,0.0,0.0,0.164
18,99,0.0,0.0,0.153
19,10,0.007,0.015,0.09
19,100,0.0,0.0,0.161
19,101,0.0,0.0,0.158
19,102,0.0,0.0,0.16
19,103,0.0,0.0,0.161
19,104,0.0,0.0,0.165
19,105,0.0,0.0,0.158
19,106,0.0,0.0,0.168
19,107,0.0,0.0,0.171
19,108,0.0,0.0,0.169
19,109,0.0,0.0,0.161
19,11,0.009,0.018,0.087
19,110,0.0,0.0,0.156
19,111,0.0,0.0,0.158
19,112,0.0,0.0,0.163
19,113,0.0,0.0,0.163
19,114,0.0,0.0,0.16
19,115,0.0,0.0,0.176
19,116,0.0,0.0,0.179
19,117,0.0,0.0,0.185
19,118,0.0,0.0,0.179
19,119,0.0,0.0,0.177
19,12,0.009,0.019,0.086
19,120,0.0,0.0,0.19
19,121,0.0,0.0,0.178
19,122,0.0,0.0,0.194
19,123,0.0,0.0,0.187
19,124,0.0,0.0,0.18
19,125,0.0,0.0,0.177
19,126,0.0,0.0,0.183
19,127,0.0,0.0,0.188
19,128,0.0,0.0,0.18
19,129,0.0,0.0,0.184
19,13,0.006,0.013,0.091
19,130,0.0,0.0,0.174
19,131,0.0,0.0,0.182
19,132,0.0,0.0,0.183
19,133,0.0,0.0,0.189
19,134,0.0,0.0,0.19
19,135,0.0,0.0,0.193
19,136,0.0,0.0,0.199
19,137,0.0,0.0,0.198
19,138,0.0,0.0,0.194
19,139,0.0,0.0,0.196
19,14,0.017,0.033,0.077
19,140,0.0,0.0,0.198
19,141,0.0,0.0,0.207
19,142,0.0,0.0,0.203
19,143,0.0,0.0,0.202
19,144,0.0,0.0,0.2
19,145,0.0,0.0,0.2
19,146,0.0,0.0,0.196
19,147,0.0,0.0,0.201
19,148,0.0,0.0,0.202
19,149,0.0,0.0,0.195
19,15,0.014,0.028,0.079
19,150,0.0,0.0,0.191
19,151,0.0,0.0,0.195
19,152,0.0,0.0,0.189
19,153,0.0,0.0,0.185
19,154,0.0,0.0,0.191
19,155,0.0,0.0,0.178
19,156,0.0,0.0,0.176
19,157,0.0,0.0,0.175
19,158,0.0,0.0,0.185
19,159,0.0,0.0,0.175
19,16,0.009,0.019,0.084
19,160,0.0,0.0,0.177
19,161,0.0,0.0,0.18
19,162,0.0,0.0,0.183
19,163,0.0,0.0,0.173
19,164,0.0,0.0,0.179
19,165,0.0,0.0,0.169
19,166,0.0,0.0,0.162
19,167,0.0,0.0,0.176
19,168,0.0,0.0,0.186
19,169,0.0,0.0,0.185
19,17,0.008,0.016,0.086
19,170,0.0,0.0,0.176
19,171,0.0,0.001,0.161
19,172,0.0,0.0,0.172
19,173,0.0,0.0,0.185
19,174,0.0,0.0,0.183
19,175,0.0,0.0,0.171
19,176,0.0,0.0,0.167
19,177,0.0,0.0,0.171
19,178,0.0,0.001,0.158
19,179,0.0,0.0,0.167
19,18,0.007,0.015,0.087
19,180,0.0,0.0,0.168
19,181,0.0,0.0,0.171
19,182,0.0,0.0,0.165
19,183,0.0,0.0,0.173
19,184,0.0,0.001,0.159
19,185,0.0,0.0,0.165
19,186,0.0,0.0,0.162
19,187,0.0,0.001,0.158
19,188,0.0,0.001,0.154
19,189,0.0,0.001,0.161
19,19,0.005,0.012,0.089
19,190,0.0,0.001,0.158
19,191,0.001,0.002,0.146
19,192,0.0,0.002,0.149
19,193,0.0,0.001,0.154
19,194,0.001,0.002,0.145
19,195,0.001,0.004,0.137
19,196,0.001,0.002,0.145
19,197,0.001,0.002,0.145
19,198,0.001,0.004,0.14
19,199,0.002,0.004,0.137
19,20,0.008,0.018,0.085
19,200,0.001,0.003,0.143
19,201,0.002,0.005,0.137
19,202,0.002,0.005,0.138
19,203,0.001,0.002,0.148
19,204,0.003,0.007,0.133
19,205,0.003,0.007,0.134
19,206,0.003,0.008,0.132
19,207,0.004,0.009,0.132
19,208,0.003,0.008,0.134
19,209,0.01,0.02,0.119
19,21,0.002,0.005,0.1
19,210,0.002,0.005,0.144
19,211,0.005,0.012,0.13
19,212,0.01,0.021,0.121
19,213,0.006,0.013,0.131
19,214,0.014,0.028,0.116
19,215,0.016,0.031,0.115
19,216,0.02,0.038,0.112
19,217,0.012,0.024,0.122
19,218,0.014,0.028,0.121
19,219,0.035,0.06,0.104
19,22,0.006,0.013,0.088
19,220,0.019,0.035,0.117
19,221,0.035,0.061,0.107
19,222,0.033,0.057,0.109
19,223,0.023,0.043,0.117
19,224,0.026,0.047,0.116
19,225,0.015,0.029,0.127
19,226,0.042,0.071,0.108
19,227,0.033,0.057,0.114
19,228,0.022,0.041,0.124
19,229,0.024,0.044,0.123
19,23,0.005,0.012,0.09
19,230,0.043,0.073,0.111
19,231,0.047,0.078,0.11
19,232,0.046,0.076,0.112
19,233,0.053,0.087,0.11
19,234,0.047,0.079,0.113
19,235,0.052,0.085,0.112
19,236,0.066,0.104,0.107
19,237,0.041,0.069,0.121
19,238,0.025,0.046,0.133
19,239,0.059,0.095,0.113
19,24,0.001,0.003,0.105
19,240,0.046,0.077,0.121
19,241,0.057,0.093,0.116
19,242,0.046,0.077,0.123
19,243,0.051,0.084,0.122
19,244,0.065,0.103,0.116
19,245,0.073,0.114,0.114
19,246,0.063,0.1,0.12
19,247,0.028,0.05,0.142
19,248,0.048,0.079,0.13
19,249,0.05,0.082,0.129
19,25,0.002,0.005,0.099
19,250,0.046,0.076,0.133
19,251,0.032,0.056,0.144
19,26,0.002,0.006,0.098
19,27,0.002,0.005,0.099
19,28,0.001,0.003,0.106
19,29,0.0,0.001,0.118
19,30,0.001,0.002,0.11
19,31,0.0,0.001,0.115
19,32,0.001,0.003,0.107
19,33,0.0,0.0,0.123
19,34,0.001,0.002,0.108
19,35,0.001,0.003,0.107
19,36,0.0,0.0,0.125
19,37,0.0,0.001,0.115
19,38,0.0,0.0,0.125
19,39,0.0,0.001,0.119
19,40,0.0,0.0,0.13
19,41,0.001,0.002,0.113
19,42,0.0,0.0,0.128
19,43,0.0,0.0,0.138
19,44,0.0,0.0,0.145
19,45,0.0,0.0,0.132
19,46,0.0,0.0,0.139
19,47,0.0,0.0,0.127
19,48,0.0,0.001,0.125
19,49,0.0,0.001,0.12
19,50,0.0,0.001,0.12
19,51,0.0,0.0,0.142
19,52,0.0,0.0,0.133
19,53,0.0,0.001,0.125
19,54,0.0,0.0,0.151
19,55,0.0,0.0,0.152
19,56,0.0,0.0,0.134
19,57,0.0,0.0,0.147
19,58,0.0,0.0,0.14
19,59,0.0,0.0,0.146
19,6,0.037,0.064,0.071
19,60,0.0,0.0,0.146
19,61,0.0,0.0,0.149
19,62,0.0,0.0,0.133
19,63,0.0,0.0,0.157
19,64,0.0,0.0,0.16
19,65,0.0,0.0,0.158
19,66,0.0,0.0,0.144
19,67,0.0,0.0,0.153
19,68,0.0,0.0,0.148
19,69,0.0,0.0,0.148
19,7,0.007,0.016,0.091
19,70,0.0,0.0,0.147
19,71,0.0,0.0,0.155
19,72,0.0,0.0,0.154
19,73,0.0,0.0,0.158
19,74,0.0,0.0,0.157
19,75,0.0,0.0,0.152
19,76,0.0,0.0,0.157
19,77,0.0,0.0,0.167
19,78,0.0,0.0,0.153
19,79,0.0,0.0,0.163
19,8,0.024,0.044,0.076
19,80,0.0,0.0,0.163
19,81,0.0,0.0,0.159
19,82,0.0,0.0,0.158
19,83,0.0,0.0,0.174
19,84,0.0,0.0,0.162
19,85,0.0,0.0,0.151
19,86,0.0,0.0,0.155
19,87,0.0,0.0,0.167
19,88,0.0,0.0,0.172
19,89,0.0,0.0,0.161
19,9,0.014,0.027,0.082
19,90,0.0,0.0,0.162
19,91,0.0,0.0,0.176
19,92,0.0,0.0,0.16
19,93,0.0,0.0,0.175
19,94,0.0,0.0,0.16
19,95,0.0,0.0,0.167
19,96,0.0,0.0,0.166
19,97,0.0,0.0,0.171
19,98,0.0,0.0,0.176
19,99,0.0,0.0,0.172
2,10,0.043,0.072,0.071
2,100,0.012,0.023,0.094
2,101,0.006,0.014,0.101
2,102,0.013,0.026,0.093
2,103,0.009,0.019,0.098
2,104,0.015,0.03,0.091
2,105,0.017,0.033,0.09
2,106,0.018,0.034,0.09
2,107,0.026,0.046,0.085
2,108,0.017,0.032,0.091
2,109,0.016,0.031,0.092
2,11,0.022,0.04,0.08
2,110,0.011,0.023,0.097
2,111,0.032,0.055,0.083
2,112,0.018,0.034,0.091
2,113,0.032,0.056,0.083
2,114,0.039,0.066,0.08
2,115,0.013,0.026,0.096
2,116,0.008,0.018,0.103
2,117,0.02,0.037,0.091
2,118,0.011,0.022,0.1
2,119,0.002,0.004,0.123
2,12,0.023,0.042,0.078
2,120,0.002,0.004,0.124
2,121,0.001,0.002,0.132
2,122,0.001,0.004,0.127
2,123,0.001,0.004,0.126
2,124,0.001,0.003,0.131
2,125,0.001,0.002,0.134
2,126,0.001,0.003,0.132
2,127,0.001,0.003,0.131
2,128,0.0,0.001,0.139
2,129,0.0,0.002,0.139
2,13,0.012,0.024,0.086
2,130,0.001,0.003,0.13
2,131,0.001,0.002,0.134
2,132,0.001,0.002,0.135
2,133,0.002,0.006,0.123
2,134,0.0,0.001,0.141
2,135,0.0,0.001,0.148
2,136,0.0,0.001,0.152
2,137,0.0,0.001,0.152
2,138,0.0,0.001,0.148
2,139,0.0,0.001,0.152
2,14,0.01,0.02,0.087
2,140,0.0,0.001,0.15
2,141,0.0,0.001,0.153
2,142,0.0,0.001,0.15
2,143,0.0,0.001,0.151
2,144,0.0,0.001,0.156
2,145,0.0,0.001,0.148
2,146,0.0,0.001,0.152
2,147,0.0,0.001,0.147
2,148,0.0,0.001,0.152
2,149,0.001,0.002,0.143
2,15,0.012,0.025,0.084
2,150,0.0,0.002,0.145
2,151,0.0,0.001,0.149
2,152,0.0,0.001,0.151
2,153,0.0,0.001,0.148
2,154,0.0,0.001,0.154
2,155,0.0,0.001,0.151
2,156,0.001,0.002,0.146
2,157,0.001,0.002,0.145
2,158,0.0,0.001,0.148
2,159,0.0,0.001,0.155
2,16,0.002,0.006,0.102
2,160,0.001,0.002,0.142
2,161,0.0,0.001,0.151
2,162,0.001,0.002,0.145
2,163,0.0,0.001,0.154
2,164,0.0,0.001,0.154
2,165,0.0,0.001,0.152
2,166,0.001,0.002,0.148
2,167,0.001,0.002,0.149
2,168,0.002,0.005,0.137
2,169,0.001,0.004,0.141
2,17,0.002,0.004,0.105
2,170,0.001,0.003,0.143
2,171,0.004,0.008,0.129
2,172,0.003,0.007,0.133
2,173,0.004,0.01,0.127
2,174,0.009,0.02,0.117
2,175,0.005,0.011,0.127
2,176,0.008,0.017,0.12
2,177,0.006,0.013,0.126
2,178,0.01,0.021,0.118
2,179,0.014,0.028,0.113
2,18,0.013,0.025,0.083
2,180,0.014,0.027,0.113
2,181,0.019,0.035,0.109
2,182,0.015,0.029,0.113
2,183,0.019,0.036,0.11
2,184,0.024,0.044,0.106
2,185,0.032,0.056,0.101
2,186,0.037,0.064,0.099
2,187,0.027,0.049,0.106
2,188,0.05,0.082,0.095
2,189,0.074,0.115,0.086
2,19,0.001,0.002,0.112
2,190,0.062,0.099,0.091
2,191,0.052,0.085,0.095
2,192,0.055,0.09,0.095
2,193,0.038,0.065,0.103
2,194,0.027,0.049,0.11
2,195,0.031,0.055,0.108
2,196,0.027,0.048,0.112
2,197,0.027,0.048,0.112
2,198,0.022,0.04,0.117
2,199,0.03,0.053,0.111
2,20,0.002,0.006,0.1
2,200,0.034,0.059,0.109
2,201,0.037,0.064,0.108
2,202,0.043,0.073,0.105
2,203,0.033,0.058,0.111
2,204,0.014,0.028,0.129
2,205,0.018,0.034,0.124
2,206,0.01,0.02,0.137
2,207,0.029,0.052,0.116
2,208,0.017,0.033,0.127
2,209,0.014,0.027,0.132
2,21,0.003,0.007,0.098
2,210,0.007,0.016,0.144
2,211,0.009,0.019,0.141
2,212,0.013,0.026,0.135
2,213,0.013,0.025,0.135
2,214,0.005,0.011,0.155
2,215,0.005,0.011,0.155
2,216,0.006,0.014,0.15
2,217,0.012,0.023,0.139
2,218,0.004,0.01,0.158
2,219,0.004,0.01,0.159
2,22,0.0,0.001,0.12
2,220,0.005,0.012,0.156
2,221,0.006,0.013,0.155
2,222,0.004,0.009,0.162
2,223,0.003,0.008,0.166
2,224,0.007,0.016,0.152
2,225,0.006,0.013,0.156
2,226,0.006,0.013,0.157
2,227,0.01,0.021,0.147
2,228,0.004,0.009,0.166
2,229,0.004,0.01,0.165
2,23,0.003,0.007,0.098
2,230,0.005,0.012,0.162
2,231,0.008,0.017,0.153
2,232,0.004,0.008,0.169
2,233,0.004,0.01,0.167
2,234,0.005,0.011,0.166
2,235,0.003,0.008,0.173
2,236,0.003,0.007,0.175
2,237,0.002,0.006,0.18
2,238,0.001,0.004,0.19
2,239,0.002,0.006,0.181
2,24,0.005,0.011,0.092
2,240,0.003,0.006,0.18
2,241,0.002,0.005,0.186
2,242,0.002,0.005,0.19
2,243,0.001,0.004,0.196
2,244,0.001,0.003,0.2
2,245,0.001,0.002,0.208
2,246,0.001,0.002,0.212
2,247,0.001,0.002,0.218
2,248,0.001,0.002,0.223
2,249,0.0,0.001,0.233
2,25,0.001,0.003,0.106
2,250,0.0,0.001,0.242
2,26,0.0,0.001,0.115
2,27,0.003,0.007,0.098
2,28,0.001,0.002,0.113
2,29,0.002,0.006,0.099
2,30,0.001,0.004,0.104
2,31,0.001,0.003,0.107
2,32,0.004,0.009,0.094
2,33,0.011,0.022,0.083
2,34,0.003,0.008,0.096
2,35,0.007,0.016,0.088
2,36,0.006,0.013,0.09
2,37,0.004,0.009,0.094
2,38,0.003,0.008,0.096
2,39,0.006,0.014,0.089
2,40,0.005,0.012,0.091
2,41,0.009,0.018,0.086
2,42,0.006,0.014,0.09
2,43,0.003,0.007,0.098
2,44,0.01,0.021,0.084
2,45,0.009,0.019,0.086
2,46,0.008,0.017,0.087
2,47,0.013,0.026,0.082
2,48,0.015,0.029,0.081
2,49,0.011,0.023,0.084
2,50,0.008,0.016,0.088
2,51,0.012,0.024,0.083
2,52,0.011,0.023,0.084
2,53,0.007,0.015,0.09
2,54,0.015,0.03,0.081
2,55,0.011,0.022,0.085
2,56,0.014,0.027,0.082
2,57,0.015,0.03,0.081
2,58,0.005,0.012,0.093
2,59,0.013,0.025,0.084
2,60,0.007,0.015,0.091
2,61,0.007,0.015,0.092
2,62,0.017,0.032,0.081
2,63,0.006,0.014,0.093
2,64,0.01,0.021,0.087
2,65,0.016,0.032,0.082
2,66,0.023,0.042,0.078
2,67,0.02,0.037,0.08
2,68,0.007,0.014,0.093
2,69,0.02,0.038,0.08
2,70,0.017,0.033,0.082
2,71,0.01,0.021,0.089
2,72,0.008,0.017,0.092
2,73,0.005,0.011,0.099
2,74,0.002,0.006,0.108
2,75,0.005,0.011,0.099
2,76,0.005,0.011,0.1
2,77,0.005,0.011,0.1
2,78,0.003,0.007,0.106
2,79,0.007,0.015,0.096
2,80,0.002,0.006,0.109
2,81,0.013,0.026,0.089
2,82,0.008,0.017,0.095
2,83,0.007,0.016,0.096
2,84,0.003,0.007,0.107
2,85,0.005,0.012,0.101
2,86,0.005,0.011,0.102
2,87,0.007,0.015,0.098
2,88,0.005,0.012,0.102
2,89,0.011,0.022,0.093
2,9,0.042,0.071,0.072
2,90,0.005,0.012,0.102
2,91,0.006,0.013,0.1
2,92,0.008,0.016,0.097
2,93,0.011,0.022,0.093
2,94,0.011,0.022,0.093
2,95,0.017,0.032,0.088
2,96,0.01,0.02,0.095
2,97,0.009,0.018,0.097
2,98,0.009,0.018,0.098
2,99,0.008,0.016,0.099
20,10,0.016,0.031,0.08
20,100,0.0,0.0,0.158
20,101,0.0,0.0,0.154
20,102,0.0,0.0,0.156
20,103,0.0,0.0,0.168
20,104,0.0,0.0,0.168
20,105,0.0,0.0,0.164
20,106,0.0,0.0,0.174
20,107,0.0,0.0,0.177
20,108,0.0,0.0,0.177
20,109,0.0,0.0,0.163
20,11,0.001,0.004,0.107
20,110,0.0,0.0,0.177
20,111,0.0,0.0,0.173
20,112,0.0,0.0,0.188
20,113,0.0,0.0,0.203
20,114,0.0,0.0,0.189
20,115,0.0,0.0,0.177
20,116,0.0,0.0,0.192
20,117,0.0,0.0,0.191
20,118,0.0,0.0,0.197
20,119,0.0,0.0,0.182
20,12,0.0,0.001,0.122
20,120,0.0,0.0,0.179
20,121,0.0,0.0,0.187
20,122,0.0,0.0,0.193
20,123,0.0,0.0,0.192
20,124,0.0,0.0,0.192
20,125,0.0,0.0,0.196
20,126,0.0,0.0,0.197
20,127,0.0,0.0,0.192
20,128,0.0,0.0,0.188
20,129,0.0,0.0,0.196
20,13,0.0,0.001,0.117
20,130,0.0,0.0,0.191
20,131,0.0,0.0,0.185
20,132,0.0,0.0,0.196
20,133,0.0,0.0,0.2
20,134,0.0,0.0,0.194
20,135,0.0,0.0,0.197
20,136,0.0,0.0,0.202
20,137,0.0,0.0,0.218
20,138,0.0,0.0,0.218
20,139,0.0,0.0,0.213
20,14,0.001,0.002,0.11
20,140,0.0,0.0,0.216
20,141,0.0,0.0,0.22
20,142,0.0,0.0,0.207
20,143,0.0,0.0,0.209
20,144,0.0,0.0,0.205
20,145,0.0,0.0,0.202
20,146,0.0,0.0,0.2
20,147,0.0,0.0,0.199
20,148,0.0,0.0,0.202
20,149,0.0,0.0,0.199
20,15,0.0,0.001,0.12
20,150,0.0,0.0,0.208
20,151,0.0,0.0,0.21
20,152,0.0,0.0,0.194
20,153,0.0,0.0,0.19
20,154,0.0,0.0,0.189
20,155,0.0,0.0,0.19
20,156,0.0,0.0,0.186
20,157,0.0,0.0,0.196
20,158,0.0,0.0,0.198
20,159,0.0,0.0,0.2
20,16,0.0,0.001,0.116
20,160,0.0,0.0,0.189
20,161,0.0,0.0,0.197
20,162,0.0,0.0,0.199
20,163,0.0,0.0,0.198
20,164,0.0,0.0,0.198
20,165,0.0,0.0,0.188
20,166,0.0,0.0,0.193
20,167,0.0,0.0,0.183
20,168,0.0,0.0,0.186
20,169,0.0,0.0,0.186
20,17,0.001,0.002,0.11
20,170,0.0,0.0,0.188
20,171,0.0,0.0,0.179
20,172,0.0,0.0,0.177
20,173,0.0,0.0,0.179
20,174,0.0,0.0,0.181
20,175,0.0,0.0,0.178
20,176,0.0,0.0,0.174
20,177,0.0,0.0,0.17
20,178,0.0,0.0,0.171
20,179,0.0,0.0,0.168
20,18,0.0,0.001,0.12
20,180,0.0,0.001,0.151
20,181,0.0,0.001,0.151
20,182,0.0,0.001,0.152
20,183,0.001,0.003,0.141
20,184,0.001,0.002,0.145
20,185,0.001,0.003,0.138
20,186,0.001,0.003,0.14
20,187,0.002,0.006,0.13
20,188,0.001,0.003,0.139
20,189,0.002,0.006,0.13
20,19,0.0,0.001,0.119
20,190,0.002,0.004,0.134
20,191,0.003,0.008,0.124
20,192,0.003,0.007,0.127
20,193,0.003,0.007,0.126
20,194,0.002,0.004,0.134
20,195,0.001,0.003,0.138
20,196,0.001,0.002,0.147
20,197,0.001,0.002,0.145
20,198,0.001,0.003,0.144
20,199,0.001,0.004,0.139
20,20,0.0,0.001,0.121
20,200,0.001,0.003,0.145
20,201,0.001,0.003,0.143
20,202,0.001,0.004,0.141
20,203,0.0,0.001,0.159
20,204,0.001,0.002,0.151
20,205,0.001,0.004,0.142
20,206,0.002,0.005,0.138
20,207,0.001,0.003,0.147
20,208,0.002,0.005,0.141
20,209,0.003,0.006,0.137
20,21,0.001,0.002,0.11
20,210,0.002,0.005,0.143
20,211,0.002,0.005,0.144
20,212,0.004,0.009,0.135
20,213,0.006,0.013,0.13
20,214,0.007,0.015,0.128
20,215,0.006,0.013,0.13
20,216,0.007,0.014,0.13
20,217,0.01,0.021,0.124
20,218,0.015,0.03,0.118
20,219,0.009,0.019,0.128
20,22,0.0,0.001,0.114
20,220,0.017,0.033,0.118
20,221,0.032,0.055,0.107
20,222,0.037,0.064,0.105
20,223,0.016,0.032,0.122
20,224,0.02,0.038,0.119
20,225,0.015,0.03,0.125
20,226,0.026,0.047,0.116
20,227,0.029,0.051,0.115
20,228,0.041,0.069,0.109
20,229,0.024,0.044,0.122
20,23,0.0,0.001,0.115
20,230,0.014,0.027,0.134
20,231,0.053,0.087,0.106
20,232,0.015,0.03,0.135
20,233,0.041,0.07,0.114
20,234,0.032,0.056,0.121
20,235,0.029,0.051,0.125
20,236,0.039,0.066,0.119
20,237,0.027,0.049,0.129
20,238,0.039,0.066,0.122
20,239,0.04,0.068,0.122
20,24,0.0,0.0,0.123
20,240,0.036,0.062,0.126
20,241,0.04,0.067,0.125
20,242,0.043,0.072,0.124
20,243,0.065,0.103,0.115
20,244,0.059,0.095,0.119
20,245,0.071,0.111,0.115
20,246,0.057,0.092,0.122
20,247,0.068,0.107,0.118
20,248,0.043,0.072,0.133
20,249,0.039,0.067,0.136
20,25,0.0,0.001,0.117
20,250,0.041,0.069,0.137
20,251,0.036,0.062,0.141
20,26,0.0,0.0,0.124
20,27,0.0,0.0,0.133
20,28,0.001,0.002,0.112
20,29,0.0,0.0,0.129
20,30,0.0,0.0,0.127
20,31,0.0,0.001,0.121
20,32,0.0,0.0,0.136
20,33,0.0,0.0,0.134
20,34,0.0,0.0,0.124
20,35,0.0,0.0,0.133
20,36,0.0,0.0,0.143
20,37,0.0,0.0,0.138
20,38,0.0,0.0,0.134
20,39,0.0,0.0,0.135
20,40,0.0,0.0,0.128
20,41,0.0,0.0,0.128
20,42,0.0,0.0,0.137
20,43,0.0,0.0,0.136
20,44,0.0,0.0,0.138
20,45,0.0,0.0,0.137
20,46,0.0,0.0,0.14
20,47,0.0,0.0,0.139
20,48,0.0,0.0,0.146
20,49,0.0,0.0,0.136
20,50,0.0,0.0,0.136
20,51,0.0,0.0,0.141
20,52,0.0,0.0,0.143
20,53,0.0,0.0,0.143
20,54,0.0,0.001,0.123
20,55,0.0,0.0,0.133
20,56,0.0,0.0,0.147
20,57,0.0,0.0,0.145
20,58,0.0,0.001,0.128
20,59,0.0,0.0,0.133
20,6,0.008,0.017,0.091
20,60,0.0,0.001,0.13
20,61,0.0,0.0,0.136
20,62,0.0,0.001,0.131
20,63,0.0,0.0,0.142
20,64,0.0,0.0,0.14
20,65,0.0,0.0,0.149
20,66,0.0,0.0,0.154
20,67,0.0,0.0,0.157
20,68,0.0,0.0,0.152
20,69,0.0,0.0,0.138
20,7,0.003,0.008,0.1
20,70,0.0,0.0,0.149
20,71,0.0,0.0,0.148
20,72,0.0,0.0,0.149
20,73,0.0,0.0,0.144
20,74,0.0,0.001,0.134
20,75,0.0,0.0,0.158
20,76,0.0,0.0,0.148
20,77,0.0,0.0,0.159
20,78,0.0,0.0,0.156
20,79,0.0,0.0,0.16
20,8,0.002,0.005,0.106
20,80,0.0,0.0,0.159
20,81,0.0,0.0,0.158
20,82,0.0,0.0,0.151
20,83,0.0,0.0,0.159
20,84,0.0,0.0,0.152
20,85,0.0,0.0,0.163
20,86,0.0,0.0,0.159
20,87,0.0,0.0,0.16
20,88,0.0,0.0,0.17
20,89,0.0,0.0,0.165
20,9,0.002,0.004,0.107
20,90,0.0,0.0,0.163
20,91,0.0,0.0,0.17
20,92,0.0,0.0,0.166
20,93,0.0,0.0,0.159
20,94,0.0,0.0,0.156
20,95,0.0,0.0,0.162
20,96,0.0,0.0,0.163
20,97,0.0,0.0,0.166
20,98,0.0,0.0,0.169
20,99,0.0,0.0,0.163
21,10,0.001,0.003,0.108
21,100,0.0,0.0,0.164
21,101,0.0,0.0,0.156
21,102,0.0,0.001,0.15
21,103,0.0,0.0,0.161
21,104,0.0,0.0,0.166
21,105,0.0,0.0,0.18
21,106,0.0,0.0,0.167
21,107,0.0,0.0,0.167
21,108,0.0,0.0,0.178
21,109,0.0,0.0,0.171
21,11,0.001,0.002,0.112
21,110,0.0,0.0,0.166
21,111,0.0,0.0,0.167
21,112,0.0,0.0,0.184
21,113,0.0,0.0,0.173
21,114,0.0,0.0,0.167
21,115,0.0,0.0,0.17
21,116,0.0,0.0,0.174
21,117,0.0,0.0,0.165
21,118,0.0,0.0,0.17
21,119,0.0,0.0,0.174
21,12,0.001,0.003,0.105
21,120,0.0,0.0,0.179
21,121,0.0,0.0,0.185
21,122,0.0,0.0,0.189
21,123,0.0,0.0,0.194
21,124,0.0,0.0,0.194
21,125,0.0,0.0,0.205
21,126,0.0,0.0,0.199
21,127,0.0,0.0,0.2
21,128,0.0,0.0,0.203
21,129,0.0,0.0,0.203
21,13,0.0,0.001,0.113
21,130,0.0,0.0,0.202
21,131,0.0,0.0,0.207
21,132,0.0,0.0,0.216
21,133,0.0,0.0,0.226
21,134,0.0,0.0,0.211
21,135,0.0,0.0,0.214
21,136,0.0,0.0,0.197
21,137,0.0,0.0,0.206
21,138,0.0,0.0,0.214
21,139,0.0,0.0,0.21
21,14,0.001,0.002,0.109
21,140,0.0,0.0,0.202
21,141,0.0,0.0,0.203
21,142,0.0,0.0,0.211
21,143,0.0,0.0,0.212
21,144,0.0,0.0,0.22
21,145,0.0,0.0,0.211
21,146,0.0,0.0,0.2
21,147,0.0,0.0,0.206
21,148,0.0,0.0,0.211
21,149,0.0,0.0,0.209
21,15,0.0,0.001,0.119
21,150,0.0,0.0,0.202
21,151,0.0,0.0,0.2
21,152,0.0,0.0,0.202
21,153,0.0,0.0,0.209
21,154,0.0,0.0,0.188
21,155,0.0,0.0,0.18
21,156,0.0,0.0,0.189
21,157,0.0,0.0,0.185
21,158,0.0,0.0,0.185
21,159,0.0,0.0,0.178
21,16,0.001,0.002,0.108
21,160,0.0,0.0,0.175
21,161,0.0,0.0,0.181
21,162,0.0,0.0,0.185
21,163,0.0,0.0,0.196
21,164,0.0,0.0,0.196
21,165,0.0,0.0,0.196
21,166,0.0,0.0,0.192
21,167,0.0,0.0,0.192
21,168,0.0,0.0,0.194
21,169,0.0,0.0,0.198
21,17,0.0,0.001,0.118
21,170,0.0,0.0,0.19
21,171,0.0,0.0,0.194
21,172,0.0,0.0,0.177
21,173,0.0,0.0,0.18
21,174,0.0,0.0,0.189
21,175,0.0,0.0,0.187
21,176,0.0,0.0,0.169
21,177,0.0,0.0,0.167
21,178,0.0,0.001,0.157
21,179,0.0,0.001,0.153
21,18,0.001,0.002,0.112
21,180,0.001,0.002,0.146
21,181,0.001,0.002,0.142
21,182,0.001,0.003,0.141
21,183,0.0,0.001,0.156
21,184,0.0,0.001,0.153
21,185,0.0,0.001,0.152
21,186,0.0,0.001,0.153
21,187,0.0,0.001,0.153
21,188,0.0,0.001,0.155
21,189,0.0,0.001,0.151
21,19,0.0,0.001,0.116
21,190,0.0,0.001,0.15
21,191,0.001,0.002,0.145
21,192,0.0,0.001,0.157
21,193,0.0,0.001,0.152
21,194,0.0,0.001,0.154
21,195,0.0,0.001,0.16
21,196,0.0,0.001,0.16
21,197,0.0,0.001,0.155
21,198,0.0,0.001,0.151
21,199,0.0,0.001,0.158
21,20,0.0,0.0,0.127
21,200,0.0,0.001,0.162
21,201,0.001,0.002,0.151
21,202,0.001,0.003,0.141
21,203,0.001,0.003,0.143
21,204,0.001,0.003,0.146
21,205,0.002,0.005,0.137
21,206,0.001,0.002,0.15
21,207,0.002,0.006,0.137
21,208,0.003,0.007,0.134
21,209,0.006,0.013,0.124
21,21,0.001,0.002,0.112
21,210,0.004,0.01,0.13
21,211,0.003,0.007,0.137
21,212,0.003,0.007,0.137
21,213,0.003,0.008,0.136
21,214,0.002,0.006,0.143
21,215,0.006,0.013,0.129
21,216,0.003,0.006,0.143
21,217,0.006,0.013,0.131
21,218,0.011,0.022,0.122
21,219,0.008,0.018,0.128
21,22,0.0,0.001,0.122
21,220,0.013,0.027,0.12
21,221,0.009,0.019,0.129
21,222,0.008,0.018,0.131
21,223,0.005,0.012,0.14
21,224,0.017,0.033,0.121
21,225,0.012,0.023,0.129
21,226,0.01,0.02,0.133
21,227,0.024,0.043,0.118
21,228,0.02,0.038,0.122
21,229,0.028,0.05,0.117
21,23,0.0,0.0,0.126
21,230,0.02,0.038,0.124
21,231,0.015,0.029,0.132
21,232,0.041,0.069,0.112
21,233,0.024,0.044,0.125
21,234,0.034,0.059,0.119
21,235,0.025,0.046,0.126
21,236,0.05,0.083,0.112
21,237,0.046,0.077,0.115
21,238,0.044,0.074,0.118
21,239,0.043,0.072,0.119
21,24,0.0,0.0,0.133
21,240,0.061,0.098,0.112
21,241,0.064,0.102,0.112
21,242,0.037,0.064,0.127
21,243,0.048,0.08,0.122
21,244,0.039,0.066,0.129
21,245,0.042,0.071,0.129
21,246,0.043,0.072,0.13
21,247,0.038,0.065,0.135
21,248,0.025,0.046,0.146
21,249,0.06,0.097,0.124
21,25,0.0,0.001,0.113
21,250,0.039,0.066,0.138
21,251,0.038,0.065,0.14
21,26,0.0,0.001,0.119
21,27,0.0,0.0,0.129
21,28,0.0,0.0,0.127
21,29,0.0,0.001,0.123
21,30,0.0,0.0,0.133
21,31,0.0,0.0,0.127
21,32,0.0,0.0,0.136
21,33,0.0,0.0,0.125
21,34,0.0,0.0,0.14
21,35,0.0,0.0,0.132
21,36,0.0,0.001,0.114
21,37,0.0,0.0,0.125
21,38,0.0,0.0,0.132
21,39,0.0,0.001,0.122
21,40,0.0,0.001,0.119
21,41,0.0,0.0,0.128
21,42,0.0,0.001,0.12
21,43,0.0,0.001,0.126
21,44,0.0,0.001,0.124
21,45,0.0,0.0,0.13
21,46,0.0,0.0,0.137
21,47,0.0,0.0,0.13
21,48,0.0,0.001,0.125
21,49,0.0,0.0,0.134
21,50,0.0,0.0,0.144
21,51,0.0,0.0,0.135
21,52,0.0,0.0,0.141
21,53,0.0,0.0,0.133
21,54,0.0,0.001,0.124
21,55,0.0,0.0,0.142
21,56,0.0,0.0,0.141
21,57,0.0,0.0,0.144
21,58,0.0,0.0,0.137
21,59,0.0,0.0,0.135
21,6,0.005,0.011,0.094
21,60,0.0,0.0,0.138
21,61,0.0,0.0,0.152
21,62,0.0,0.001,0.13
21,63,0.0,0.0,0.141
21,64,0.0,0.0,0.146
21,65,0.0,0.0,0.151
21,66,0.0,0.0,0.153
21,67,0.0,0.0,0.151
21,68,0.0,0.0,0.149
21,69,0.0,0.0,0.139
21,7,0.001,0.002,0.113
21,70,0.0,0.0,0.145
21,71,0.0,0.0,0.148
21,72,0.0,0.0,0.143
21,73,0.0,0.0,0.143
21,74,0.0,0.0,0.142
21,75,0.0,0.0,0.147
21,76,0.0,0.0,0.154
21,77,0.0,0.0,0.154
21,78,0.0,0.0,0.159
21,79,0.0,0.0,0.175
21,8,0.001,0.002,0.113
21,80,0.0,0.0,0.154
21,81,0.0,0.0,0.159
21,82,0.0,0.0,0.152
21,83,0.0,0.0,0.145
21,84,0.0,0.0,0.161
21,85,0.0,0.0,0.164
21,86,0.0,0.0,0.159
21,87,0.0,0.0,0.164
21,88,0.0,0.0,0.158
21,89,0.0,0.0,0.171
21,9,0.003,0.008,0.096
21,90,0.0,0.0,0.154
21,91,0.0,0.0,0.164
21,92,0.0,0.0,0.175
21,93,0.0,0.0,0.163
21,94,0.0,0.001,0.147
21,95,0.0,0.0,0.165
21,96,0.0,0.0,0.182
21,97,0.0,0.0,0.156
21,98,0.0,0.0,0.157
21,99,0.0,0.0,0.16
22,10,0.019,0.036,0.077
22,100,0.0,0.0,0.173
22,101,0.0,0.0,0.178
22,102,0.0,0.0,0.177
22,103,0.0,0.0,0.177
22,104,0.0,0.0,0.177
22,105,0.0,0.0,0.176
22,106,0.0,0.0,0.179
22,107,0.0,0.0,0.182
22,108,0.0,0.0,0.184
22,109,0.0,0.0,0.186
22,11,0.003,0.008,0.096
22,110,0.0,0.0,0.174
22,111,0.0,0.0,0.184
22,112,0.0,0.0,0.174
22,113,0.0,0.0,0.177
22,114,0.0,0.0,0.178
22,115,0.0,0.0,0.176
22,116,0.0,0.0,0.179
22,117,0.0,0.0,0.179
22,118,0.0,0.0,0.176
22,119,0.0,0.0,0.184
22,12,0.008,0.017,0.086
22,120,0.0,0.0,0.183
22,121,0.0,0.0,0.18
22,122,0.0,0.0,0.185
22,123,0.0,0.0,0.176
22,124,0.0,0.0,0.179
22,125,0.0,0.0,0.188
22,126,0.0,0.0,0.184
22,127,0.0,0.0,0.195
22,128,0.0,0.0,0.198
22,129,0.0,0.0,0.208
22,13,0.005,0.012,0.09
22,130,0.0,0.0,0.2
22,131,0.0,0.0,0.207
22,132,0.0,0.0,0.197
22,133,0.0,0.0,0.204
22,134,0.0,0.0,0.199
22,135,0.0,0.0,0.191
22,136,0.0,0.0,0.192
22,137,0.0,0.0,0.199
22,138,0.0,0.0,0.201
22,139,0.0,0.0,0.203
22,14,0.006,0.014,0.088
22,140,0.0,0.0,0.191
22,141,0.0,0.0,0.186
22,142,0.0,0.0,0.19
22,143,0.0,0.0,0.181
22,144,0.0,0.0,0.188
22,145,0.0,0.0,0.2
22,146,0.0,0.0,0.198
22,147,0.0,0.0,0.195
22,148,0.0,0.0,0.199
22,149,0.0,0.0,0.198
22,15,0.001,0.002,0.108
22,150,0.0,0.0,0.196
22,151,0.0,0.0,0.198
22,152,0.0,0.0,0.195
22,153,0.0,0.0,0.191
22,154,0.0,0.0,0.186
22,155,0.0,0.0,0.186
22,156,0.0,0.0,0.193
22,157,0.0,0.0,0.194
22,158,0.0,0.0,0.191
22,159,0.0,0.0,0.187
22,16,0.005,0.011,0.091
22,160,0.0,0.0,0.201
22,161,0.0,0.0,0.2
22,162,0.0,0.0,0.2
22,163,0.0,0.0,0.194
22,164,0.0,0.0,0.201
22,165,0.0,0.0,0.197
22,166,0.0,0.0,0.192
22,167,0.0,0.0,0.192
22,168,0.0,0.0,0.191
22,169,0.0,0.0,0.176
22,17,0.001,0.002,0.111
22,170,0.0,0.0,0.169
22,171,0.0,0.0,0.175
22,172,0.0,0.0,0.165
22,173,0.0,0.0,0.168
22,174,0.0,0.0,0.175
22,175,0.0,0.001,0.163
22,176,0.0,0.0,0.171
22,177,0.0,0.0,0.18
22,178,0.0,0.0,0.168
22,179,0.001,0.002,0.146
22,18,0.0,0.001,0.114
22,180,0.001,0.002,0.145
22,181,0.0,0.001,0.15
22,182,0.0,0.001,0.155
22,183,0.0,0.001,0.161
22,184,0.0,0.001,0.151
22,185,0.0,0.001,0.153
22,186,0.0,0.001,0.156
22,187,0.0,0.001,0.157
22,188,0.001,0.002,0.143
22,189,0.0,0.001,0.156
22,19,0.0,0.001,0.118
22,190,0.001,0.003,0.14
22,191,0.001,0.002,0.146
22,192,0.001,0.002,0.144
22,193,0.0,0.001,0.153
22,194,0.002,0.005,0.133
22,195,0.001,0.002,0.144
22,196,0.0,0.002,0.15
22,197,0.001,0.003,0.142
22,198,0.001,0.002,0.144
22,199,0.0,0.001,0.154
22,20,0.0,0.001,0.117
22,200,0.001,0.002,0.146
22,201,0.0,0.001,0.153
22,202,0.001,0.003,0.142
22,203,0.002,0.005,0.134
22,204,0.001,0.002,0.149
22,205,0.002,0.005,0.135
22,206,0.002,0.006,0.134
22,207,0.0,0.001,0.156
22,208,0.002,0.004,0.14
22,209,0.003,0.008,0.132
22,21,0.001,0.002,0.11
22,210,0.004,0.009,0.131
22,211,0.008,0.017,0.121
22,212,0.004,0.01,0.131
22,213,0.003,0.008,0.135
22,214,0.003,0.008,0.136
22,215,0.005,0.011,0.131
22,216,0.003,0.007,0.141
22,217,0.005,0.012,0.132
22,218,0.003,0.008,0.14
22,219,0.009,0.019,0.125
22,22,0.0,0.0,0.125
22,220,0.009,0.019,0.127
22,221,0.008,0.016,0.13
22,222,0.003,0.008,0.146
22,223,0.006,0.013,0.137
22,224,0.007,0.015,0.136
22,225,0.007,0.016,0.137
22,226,0.005,0.011,0.146
22,227,0.011,0.023,0.131
22,228,0.005,0.012,0.146
22,229,0.009,0.019,0.138
22,23,0.0,0.001,0.116
22,230,0.021,0.04,0.123
22,231,0.013,0.027,0.133
22,232,0.024,0.044,0.122
22,233,0.037,0.064,0.114
22,234,0.011,0.023,0.141
22,235,0.031,0.054,0.121
22,236,0.035,0.06,0.12
22,237,0.017,0.033,0.136
22,238,0.024,0.044,0.131
22,239,0.048,0.079,0.117
22,24,0.0,0.0,0.126
22,240,0.037,0.063,0.124
22,241,0.039,0.066,0.124
22,242,0.028,0.051,0.133
22,243,0.019,0.035,0.145
22,244,0.019,0.035,0.147
22,245,0.018,0.035,0.149
22,246,0.03,0.053,0.138
22,247,0.018,0.034,0.153
22,248,0.021,0.039,0.151
22,249,0.017,0.032,0.158
22,25,0.0,0.0,0.13
22,250,0.02,0.038,0.155
22,251,0.019,0.036,0.158
22,26,0.0,0.0,0.126
22,27,0.0,0.0,0.126
22,28,0.0,0.001,0.119
22,29,0.0,0.0,0.134
22,30,0.0,0.0,0.129
22,31,0.0,0.0,0.128
22,32,0.0,0.0,0.131
22,33,0.0,0.0,0.13
22,34,0.0,0.001,0.12
22,35,0.0,0.0,0.132
22,36,0.0,0.001,0.124
22,37,0.0,0.0,0.128
22,38,0.0,0.001,0.121
22,39,0.0,0.0,0.134
22,40,0.0,0.0,0.127
22,41,0.0,0.0,0.134
22,42,0.0,0.0,0.148
22,43,0.0,0.0,0.129
22,44,0.0,0.0,0.128
22,45,0.0,0.0,0.13
22,46,0.0,0.001,0.12
22,47,0.001,0.002,0.116
22,48,0.0,0.0,0.145
22,49,0.0,0.001,0.122
22,50,0.001,0.002,0.116
22,51,0.0,0.001,0.123
22,52,0.0,0.001,0.128
22,53,0.0,0.001,0.122
22,54,0.0,0.001,0.123
22,55,0.0,0.001,0.124
22,56,0.0,0.001,0.13
22,57,0.0,0.001,0.129
22,58,0.0,0.001,0.13
22,59,0.0,0.001,0.131
22,6,0.021,0.039,0.078
22,60,0.0,0.0,0.141
22,61,0.0,0.0,0.145
22,62,0.0,0.0,0.138
22,63,0.0,0.0,0.145
22,64,0.0,0.0,0.147
22,65,0.0,0.0,0.156
22,66,0.0,0.0,0.154
22,67,0.0,0.0,0.147
22,68,0.0,0.0,0.15
22,69,0.0,0.0,0.145
22,7,0.072,0.113,0.06
22,70,0.0,0.0,0.153
22,71,0.0,0.0,0.159
22,72,0.0,0.0,0.151
22,73,0.0,0.0,0.161
22,74,0.0,0.0,0.162
22,75,0.0,0.0,0.158
22,76,0.0,0.0,0.164
22,77,0.0,0.0,0.167
22,78,0.0,0.0,0.15
22,79,0.0,0.0,0.156
22,8,0.015,0.029,0.081
22,80,0.0,0.0,0.16
22,81,0.0,0.0,0.164
22,82,0.0,0.0,0.159
22,83,0.0,0.0,0.157
22,84,0.0,0.0,0.159
22,85,0.0,0.0,0.164
22,86,0.0,0.0,0.172
22,87,0.0,0.0,0.17
22,88,0.0,0.0,0.172
22,89,0.0,0.0,0.17
22,9,0.031,0.055,0.072
22,90,0.0,0.0,0.176
22,91,0.0,0.0,0.167
22,92,0.0,0.0,0.17
22,93,0.0,0.0,0.176
22,94,0.0,0.0,0.174
22,95,0.0,0.0,0.164
22,96,0.0,0.0,0.154
22,97,0.0,0.0,0.164
22,98,0.0,0.0,0.154
22,99,0.0,0.0,0.172
23,10,0.006,0.013,0.092
23,100,0.0,0.0,0.182
23,101,0.0,0.0,0.173
23,102,0.0,0.0,0.18
23,103,0.0,0.0,0.189
23,104,0.0,0.0,0.192
23,105,0.0,0.0,0.192
23,106,0.0,0.0,0.181
23,107,0.0,0.0,0.182
23,108,0.0,0.0,0.187
23,109,0.0,0.0,0.178
23,11,0.001,0.003,0.11
23,110,0.0,0.0,0.173
23,111,0.0,0.0,0.176
23,112,0.0,0.0,0.19
23,113,0.0,0.0,0.184
23,114,0.0,0.0,0.181
23,115,0.0,0.0,0.173
23,116,0.0,0.0,0.179
23,117,0.0,0.0,0.181
23,118,0.0,0.0,0.185
23,119,0.0,0.0,0.18
23,12,0.003,0.007,0.098
23,120,0.0,0.0,0.19
23,121,0.0,0.0,0.185
23,122,0.0,0.0,0.192
23,123,0.0,0.0,0.18
23,124,0.0,0.0,0.191
23,125,0.0,0.0,0.202
23,126,0.0,0.0,0.193
23,127,0.0,0.0,0.187
23,128,0.0,0.0,0.193
23,129,0.0,0.0,0.196
23,13,0.006,0.013,0.09
23,130,0.0,0.0,0.201
23,131,0.0,0.0,0.208
23,132,0.0,0.0,0.202
23,133,0.0,0.0,0.205
23,134,0.0,0.0,0.196
23,135,0.0,0.0,0.195
23,136,0.0,0.0,0.201
23,137,0.0,0.0,0.202
23,138,0.0,0.0,0.198
23,139,0.0,0.0,0.196
23,14,0.001,0.003,0.105
23,140,0.0,0.0,0.205
23,141,0.0,0.0,0.189
23,142,0.0,0.0,0.191
23,143,0.0,0.0,0.192
23,144,0.0,0.0,0.197
23,145,0.0,0.0,0.192
23,146,0.0,0.0,0.188
23,147,0.0,0.0,0.203
23,148,0.0,0.0,0.201
23,149,0.0,0.0,0.194
23,15,0.001,0.002,0.11
23,150,0.0,0.0,0.188
23,151,0.0,0.0,0.188
23,152,0.0,0.0,0.179
23,153,0.0,0.0,0.193
23,154,0.0,0.0,0.194
23,155,0.0,0.0,0.188
23,156,0.0,0.0,0.191
23,157,0.0,0.0,0.192
23,158,0.0,0.0,0.205
23,159,0.0,0.0,0.197
23,16,0.001,0.002,0.111
23,160,0.0,0.0,0.193
23,161,0.0,0.0,0.198
23,162,0.0,0.0,0.186
23,163,0.0,0.0,0.181
23,164,0.0,0.0,0.192
23,165,0.0,0.0,0.193
23,166,0.0,0.0,0.176
23,167,0.0,0.0,0.181
23,168,0.0,0.0,0.174
23,169,0.0,0.0,0.172
23,17,0.0,0.002,0.113
23,170,0.0,0.0,0.176
23,171,0.0,0.0,0.168
23,172,0.0,0.0,0.173
23,173,0.0,0.0,0.17
23,174,0.0,0.0,0.168
23,175,0.0,0.0,0.168
23,176,0.0,0.0,0.164
23,177,0.0,0.001,0.159
23,178,0.001,0.002,0.148
23,179,0.0,0.001,0.154
23,18,0.0,0.0,0.126
23,180,0.0,0.0,0.163
23,181,0.0,0.0,0.164
23,182,0.001,0.002,0.145
23,183,0.0,0.001,0.155
23,184,0.0,0.001,0.158
23,185,0.0,0.001,0.155
23,186,0.0,0.001,0.157
23,187,0.0,0.0,0.17
23,188,0.0,0.001,0.157
23,189,0.001,0.002,0.146
23,19,0.0,0.001,0.122
23,190,0.0,0.001,0.15
23,191,0.001,0.002,0.147
23,192,0.0,0.001,0.154
23,193,0.0,0.001,0.15
23,194,0.0,0.001,0.156
23,195,0.0,0.001,0.151
23,196,0.001,0.003,0.141
23,197,0.001,0.003,0.14
23,198,0.0,0.001,0.153
23,199,0.0,0.0,0.166
23,20,0.0,0.0,0.133
23,200,0.0,0.001,0.152
23,201,0.001,0.002,0.147
23,202,0.0,0.001,0.152
23,203,0.001,0.003,0.141
23,204,0.001,0.002,0.149
23,205,0.001,0.002,0.147
23,206,0.0,0.001,0.155
23,207,0.0,0.001,0.16
23,208,0.001,0.003,0.144
23,209,0.001,0.003,0.148
23,21,0.0,0.0,0.126
23,210,0.001,0.004,0.143
23,211,0.001,0.003,0.149
23,212,0.002,0.006,0.139
23,213,0.002,0.005,0.142
23,214,0.004,0.009,0.133
23,215,0.001,0.003,0.151
23,216,0.006,0.014,0.127
23,217,0.003,0.008,0.138
23,218,0.004,0.008,0.138
23,219,0.003,0.007,0.143
23,22,0.0,0.0,0.141
23,220,0.001,0.003,0.16
23,221,0.002,0.005,0.15
23,222,0.002,0.006,0.149
23,223,0.004,0.01,0.14
23,224,0.003,0.008,0.146
23,225,0.003,0.007,0.149
23,226,0.002,0.006,0.153
23,227,0.005,0.012,0.143
23,228,0.004,0.01,0.147
23,229,0.001,0.004,0.165
23,23,0.0,0.0,0.129
23,230,0.002,0.005,0.164
23,231,0.012,0.024,0.133
23,232,0.005,0.011,0.152
23,233,0.005,0.012,0.151
23,234,0.01,0.02,0.143
23,235,0.01,0.021,0.143
23,236,0.021,0.04,0.129
23,237,0.011,0.023,0.144
23,238,0.01,0.021,0.148
23,239,0.023,0.042,0.133
23,24,0.0,0.0,0.13
23,240,0.019,0.035,0.139
23,241,0.018,0.033,0.142
23,242,0.016,0.03,0.146
23,243,0.019,0.036,0.143
23,244,0.018,0.035,0.147
23,245,0.024,0.044,0.142
23,246,0.023,0.043,0.144
23,247,0.02,0.037,0.15
23,248,0.026,0.046,0.146
23,249,0.029,0.051,0.144
23,25,0.0,0.001,0.114
23,250,0.019,0.036,0.156
23,251,0.017,0.033,0.161
23,26,0.0,0.0,0.127
23,27,0.0,0.0,0.126
23,28,0.0,0.0,0.126
23,29,0.0,0.0,0.133
23,30,0.0,0.001,0.121
23,31,0.0,0.0,0.131
23,32,0.0,0.001,0.12
23,33,0.0,0.0,0.136
23,34,0.0,0.001,0.123
23,35,0.0,0.0,0.131
23,36,0.0,0.0,0.135
23,37,0.0,0.001,0.121
23,38,0.0,0.0,0.131
23,39,0.0,0.0,0.132
23,40,0.0,0.0,0.144
23,41,0.0,0.0,0.139
23,42,0.0,0.0,0.135
23,43,0.0,0.0,0.139
23,44,0.0,0.0,0.145
23,45,0.0,0.0,0.139
23,46,0.0,0.0,0.134
23,47,0.0,0.001,0.128
23,48,0.0,0.0,0.132
23,49,0.0,0.0,0.144
23,50,0.0,0.0,0.142
23,51,0.0,0.001,0.127
23,52,0.0,0.0,0.141
23,53,0.0,0.0,0.143
23,54,0.0,0.0,0.135
23,55,0.0,0.0,0.143
23,56,0.0,0.0,0.143
23,57,0.0,0.001,0.13
23,58,0.0,0.0,0.144
23,59,0.0,0.0,0.138
23,6,0.002,0.005,0.107
23,60,0.0,0.001,0.13
23,61,0.0,0.001,0.131
23,62,0.0,0.0,0.138
23,63,0.0,0.001,0.127
23,64,0.0,0.0,0.137
23,65,0.0,0.0,0.144
23,66,0.0,0.0,0.139
23,67,0.0,0.0,0.147
23,68,0.0,0.0,0.149
23,69,0.0,0.0,0.156
23,7,0.007,0.016,0.091
23,70,0.0,0.0,0.144
23,71,0.0,0.0,0.146
23,72,0.0,0.001,0.136
23,73,0.0,0.0,0.15
23,74,0.0,0.0,0.148
23,75,0.0,0.0,0.148
23,76,0.0,0.0,0.153
23,77,0.0,0.0,0.165
23,78,0.0,0.0,0.159
23,79,0.0,0.0,0.157
23,8,0.009,0.019,0.088
23,80,0.0,0.0,0.16
23,81,0.0,0.0,0.158
23,82,0.0,0.0,0.164
23,83,0.0,0.0,0.166
23,84,0.0,0.0,0.169
23,85,0.0,0.0,0.166
23,86,0.0,0.0,0.168
23,87,0.0,0.0,0.172
23,88,0.0,0.0,0.18
23,89,0.0,0.0,0.17
23,9,0.009,0.019,0.088
23,90,0.0,0.0,0.157
23,91,0.0,0.0,0.175
23,92,0.0,0.0,0.175
23,93,0.0,0.0,0.164
23,94,0.0,0.0,0.166
23,95,0.0,0.0,0.18
23,96,0.0,0.0,0.178
23,97,0.0,0.0,0.176
23,98,0.0,0.0,0.181
23,99,0.0,0.0,0.187
24,10,0.007,0.015,0.089
24,100,0.0,0.0,0.191
24,101,0.0,0.0,0.197
24,102,0.0,0.0,0.195
24,103,0.0,0.0,0.185
24,104,0.0,0.0,0.187
24,105,0.0,0.0,0.194
24,106,0.0,0.0,0.204
24,107,0.0,0.0,0.195
24,108,0.0,0.0,0.193
24,109,0.0,0.0,0.2
24,11,0.001,0.002,0.113
24,110,0.0,0.0,0.204
24,111,0.0,0.0,0.195
24,112,0.0,0.0,0.189
24,113,0.0,0.0,0.197
24,114,0.0,0.0,0.2
24,115,0.0,0.0,0.207
24,116,0.0,0.0,0.213
24,117,0.0,0.0,0.214
24,118,0.0,0.0,0.197
24,119,0.0,0.0,0.205
24,12,0.001,0.002,0.11
24,120,0.0,0.0,0.206
24,121,0.0,0.0,0.215
24,122,0.0,0.0,0.212
24,123,0.0,0.0,0.211
24,124,0.0,0.0,0.215
24,125,0.0,0.0,0.203
24,126,0.0,0.0,0.212
24,127,0.0,0.0,0.196
24,128,0.0,0.0,0.189
24,129,0.0,0.0,0.209
24,13,0.0,0.001,0.117
24,130,0.0,0.0,0.207
24,131,0.0,0.0,0.215
24,132,0.0,0.0,0.196
24,133,0.0,0.0,0.192
24,134,0.0,0.0,0.205
24,135,0.0,0.0,0.195
24,136,0.0,0.0,0.197
24,137,0.0,0.0,0.198
24,138,0.0,0.0,0.208
24,139,0.0,0.0,0.209
24,14,0.0,0.001,0.121
24,140,0.0,0.0,0.201
24,141,0.0,0.0,0.195
24,142,0.0,0.0,0.196
24,143,0.0,0.0,0.197
24,144,0.0,0.0,0.188
24,145,0.0,0.0,0.2
24,146,0.0,0.0,0.201
24,147,0.0,0.0,0.186
24,148,0.0,0.0,0.193
24,149,0.0,0.0,0.198
24,15,0.0,0.0,0.13
24,150,0.0,0.0,0.191
24,151,0.0,0.0,0.192
24,152,0.0,0.0,0.186
24,153,0.0,0.0,0.193
24,154,0.0,0.0,0.193
24,155,0.0,0.0,0.2
24,156,0.0,0.0,0.199
24,157,0.0,0.0,0.187
24,158,0.0,0.0,0.192
24,159,0.0,0.0,0.197
24,16,0.0,0.001,0.121
24,160,0.0,0.0,0.195
24,161,0.0,0.0,0.191
24,162,0.0,0.0,0.195
24,163,0.0,0.0,0.192
24,164,0.0,0.0,0.174
24,165,0.0,0.0,0.175
24,166,0.0,0.0,0.186
24,167,0.0,0.0,0.181
24,168,0.0,0.0,0.18
24,169,0.0,0.0,0.173
24,17,0.0,0.0,0.138
24,170,0.0,0.0,0.172
24,171,0.0,0.001,0.164
24,172,0.0,0.0,0.178
24,173,0.0,0.0,0.18
24,174,0.0,0.001,0.164
24,175,0.0,0.0,0.173
24,176,0.0,0.0,0.169
24,177,0.0,0.0,0.17
24,178,0.0,0.0,0.176
24,179,0.0,0.0,0.176
24,18,0.0,0.0,0.137
24,180,0.0,0.0,0.167
24,181,0.0,0.001,0.16
24,182,0.0,0.0,0.163
24,183,0.0,0.0,0.172
24,184,0.0,0.0,0.176
24,185,0.0,0.001,0.157
24,186,0.0,0.001,0.155
24,187,0.0,0.001,0.162
24,188,0.0,0.001,0.157
24,189,0.0,0.001,0.154
24,19,0.0,0.0,0.126
24,190,0.0,0.001,0.155
24,191,0.0,0.001,0.162
24,192,0.0,0.0,0.165
24,193,0.0,0.0,0.168
24,194,0.0,0.0,0.181
24,195,0.0,0.0,0.172
24,196,0.0,0.0,0.175
24,197,0.0,0.0,0.169
24,198,0.0,0.0,0.174
24,199,0.0,0.0,0.179
24,20,0.0,0.0,0.133
24,200,0.0,0.0,0.182
24,201,0.0,0.0,0.17
24,202,0.0,0.0,0.168
24,203,0.0,0.001,0.162
24,204,0.0,0.0,0.171
24,205,0.0,0.001,0.153
24,206,0.001,0.002,0.151
24,207,0.0,0.001,0.157
24,208,0.0,0.001,0.158
24,209,0.001,0.003,0.146
24,21,0.0,0.0,0.125
24,210,0.001,0.004,0.143
24,211,0.001,0.004,0.144
24,212,0.001,0.002,0.156
24,213,0.001,0.002,0.152
24,214,0.002,0.005,0.142
24,215,0.001,0.004,0.147
24,216,0.001,0.004,0.147
24,217,0.001,0.003,0.151
24,218,0.002,0.004,0.149
24,219,0.003,0.007,0.14
24,22,0.0,0.0,0.135
24,220,0.001,0.003,0.156
24,221,0.003,0.006,0.145
24,222,0.004,0.009,0.141
24,223,0.003,0.007,0.145
24,224,0.005,0.011,0.139
24,225,0.003,0.008,0.145
24,226,0.003,0.006,0.151
24,227,0.004,0.009,0.147
24,228,0.003,0.007,0.152
24,229,0.009,0.018,0.135
24,23,0.0,0.0,0.135
24,230,0.008,0.017,0.138
24,231,0.023,0.043,0.12
24,232,0.018,0.034,0.126
24,233,0.007,0.016,0.144
24,234,0.028,0.049,0.12
24,235,0.028,0.051,0.121
24,236,0.017,0.032,0.133
24,237,0.022,0.041,0.129
24,238,0.015,0.029,0.139
24,239,0.02,0.038,0.135
24,24,0.0,0.001,0.116
24,240,0.029,0.051,0.128
24,241,0.031,0.055,0.128
24,242,0.038,0.065,0.125
24,243,0.03,0.052,0.133
24,244,0.034,0.059,0.131
24,245,0.035,0.061,0.132
24,246,0.036,0.063,0.133
24,247,0.053,0.087,0.124
24,248,0.038,0.065,0.135
24,249,0.036,0.061,0.139
24,25,0.0,0.0,0.142
24,250,0.042,0.071,0.136
24,251,0.063,0.1,0.125
24,26,0.0,0.0,0.143
24,27,0.0,0.0,0.138
24,28,0.0,0.0,0.132
24,29,0.0,0.0,0.136
24,30,0.0,0.0,0.142
24,31,0.0,0.0,0.141
24,32,0.0,0.0,0.141
24,33,0.0,0.0,0.135
24,34,0.0,0.0,0.143
24,35,0.0,0.0,0.143
24,36,0.0,0.0,0.14
24,37,0.0,0.0,0.145
24,38,0.0,0.0,0.144
24,39,0.0,0.0,0.153
24,40,0.0,0.0,0.138
24,41,0.0,0.0,0.14
24,42,0.0,0.0,0.146
24,43,0.0,0.0,0.149
24,44,0.0,0.0,0.158
24,45,0.0,0.0,0.144
24,46,0.0,0.0,0.148
24,47,0.0,0.0,0.163
24,48,0.0,0.0,0.146
24,49,0.0,0.0,0.145
24,50,0.0,0.0,0.15
24,51,0.0,0.0,0.166
24,52,0.0,0.0,0.155
24,53,0.0,0.0,0.142
24,54,0.0,0.0,0.152
24,55,0.0,0.0,0.135
24,56,0.0,0.0,0.161
24,57,0.0,0.0,0.149
24,58,0.0,0.0,0.15
24,59,0.0,0.0,0.157
24,6,0.011,0.023,0.086
24,60,0.0,0.0,0.158
24,61,0.0,0.0,0.14
24,62,0.0,0.0,0.146
24,63,0.0,0.0,0.149
24,64,0.0,0.0,0.149
24,65,0.0,0.001,0.136
24,66,0.0,0.0,0.147
24,67,0.0,0.0,0.148
24,68,0.0,0.0,0.151
24,69,0.0,0.0,0.153
24,7,0.005,0.011,0.095
24,70,0.0,0.0,0.154
24,71,0.0,0.0,0.158
24,72,0.0,0.0,0.159
24,73,0.0,0.0,0.155
24,74,0.0,0.0,0.169
24,75,0.0,0.0,0.163
24,76,0.0,0.0,0.159
24,77,0.0,0.0,0.172
24,78,0.0,0.0,0.175
24,79,0.0,0.0,0.164
24,8,0.009,0.02,0.087
24,80,0.0,0.0,0.17
24,81,0.0,0.0,0.171
24,82,0.0,0.0,0.19
24,83,0.0,0.0,0.175
24,84,0.0,0.0,0.175
24,85,0.0,0.0,0.176
24,86,0.0,0.0,0.169
24,87,0.0,0.0,0.174
24,88,0.0,0.0,0.174
24,89,0.0,0.0,0.166
24,9,0.007,0.015,0.09
24,90,0.0,0.0,0.177
24,91,0.0,0.0,0.161
24,92,0.0,0.0,0.186
24,93,0.0,0.0,0.186
24,94,0.0,0.0,0.187
24,95,0.0,0.0,0.181
24,96,0.0,0.0,0.192
24,97,0.0,0.0,0.187
24,98,0.0,0.0,0.196
24,99,0.0,0.0,0.195
25,10,0.002,0.005,0.104
25,100,0.0,0.0,0.2
25,101,0.0,0.0,0.204
25,102,0.0,0.0,0.204
25,103,0.0,0.0,0.201
25,104,0.0,0.0,0.209
25,105,0.0,0.0,0.215
25,106,0.0,0.0,0.21
25,107,0.0,0.0,0.209
25,108,0.0,0.0,0.21
25,109,0.0,0.0,0.198
25,11,0.002,0.006,0.101
25,110,0.0,0.0,0.209
25,111,0.0,0.0,0.205
25,112,0.0,0.0,0.208
25,113,0.0,0.0,0.204
25,114,0.0,0.0,0.198
25,115,0.0,0.0,0.209
25,116,0.0,0.0,0.217
25,117,0.0,0.0,0.224
25,118,0.0,0.0,0.224
25,119,0.0,0.0,0.226
25,12,0.0,0.0,0.126
25,120,0.0,0.0,0.214
25,121,0.0,0.0,0.218
25,122,0.0,0.0,0.225
25,123,0.0,0.0,0.215
25,124,0.0,0.0,0.225
25,125,0.0,0.0,0.228
25,126,0.0,0.0,0.225
25,127,0.0,0.0,0.223
25,128,0.0,0.0,0.222
25,129,0.0,0.0,0.222
25,13,0.0,0.0,0.128
25,130,0.0,0.0,0.217
25,131,0.0,0.0,0.216
25,132,0.0,0.0,0.217
25,133,0.0,0.0,0.232
25,134,0.0,0.0,0.237
25,135,0.0,0.0,0.238
25,136,0.0,0.0,0.232
25,137,0.0,0.0,0.223
25,138,0.0,0.0,0.212
25,139,0.0,0.0,0.212
25,14,0.0,0.001,0.121
25,140,0.0,0.0,0.216
25,141,0.0,0.0,0.209
25,142,0.0,0.0,0.208
25,143,0.0,0.0,0.21
25,144,0.0,0.0,0.203
25,145,0.0,0.0,0.2
25,146,0.0,0.0,0.209
25,147,0.0,0.0,0.203
25,148,0.0,0.0,0.194
25,149,0.0,0.0,0.209
25,15,0.0,0.001,0.123
25,150,0.0,0.0,0.192
25,151,0.0,0.0,0.192
25,152,0.0,0.0,0.19
25,153,0.0,0.0,0.197
25,154,0.0,0.0,0.205
25,155,0.0,0.0,0.204
25,156,0.0,0.0,0.206
25,157,0.0,0.0,0.203
25,158,0.0,0.0,0.194
25,159,0.0,0.0,0.193
25,16,0.0,0.0,0.128
25,160,0.0,0.0,0.178
25,161,0.0,0.0,0.179
25,162,0.0,0.0,0.188
25,163,0.0,0.0,0.179
25,164,0.0,0.0,0.186
25,165,0.0,0.0,0.184
25,166,0.0,0.0,0.182
25,167,0.0,0.0,0.189
25,168,0.0,0.0,0.174
25,169,0.0,0.0,0.183
25,17,0.0,0.0,0.129
25,170,0.0,0.0,0.188
25,171,0.0,0.0,0.179
25,172,0.0,0.0,0.181
25,173,0.0,0.0,0.184
25,174,0.0,0.001,0.164
25,175,0.0,0.0,0.178
25,176,0.0,0.0,0.174
25,177,0.0,0.0,0.176
25,178,0.0,0.001,0.16
25,179,0.0,0.0,0.165
25,18,0.0,0.001,0.123
25,180,0.0,0.0,0.169
25,181,0.0,0.0,0.177
25,182,0.0,0.0,0.175
25,183,0.0,0.0,0.166
25,184,0.0,0.0,0.169
25,185,0.0,0.001,0.154
25,186,0.0,0.001,0.163
25,187,0.0,0.001,0.153
25,188,0.0,0.001,0.162
25,189,0.0,0.001,0.154
25,19,0.0,0.0,0.143
25,190,0.0,0.001,0.161
25,191,0.0,0.001,0.162
25,192,0.0,0.001,0.153
25,193,0.0,0.001,0.155
25,194,0.0,0.001,0.159
25,195,0.0,0.001,0.162
25,196,0.0,0.0,0.167
25,197,0.0,0.001,0.151
25,198,0.0,0.001,0.157
25,199,0.0,0.002,0.15
25,20,0.0,0.0,0.147
25,200,0.0,0.0,0.176
25,201,0.0,0.0,0.166
25,202,0.0,0.001,0.151
25,203,0.0,0.001,0.156
25,204,0.0,0.0,0.177
25,205,0.0,0.001,0.156
25,206,0.0,0.001,0.16
25,207,0.0,0.001,0.162
25,208,0.0,0.001,0.164
25,209,0.001,0.002,0.151
25,21,0.0,0.0,0.137
25,210,0.0,0.001,0.156
25,211,0.001,0.002,0.15
25,212,0.0,0.001,0.158
25,213,0.002,0.005,0.14
25,214,0.003,0.006,0.136
25,215,0.002,0.005,0.141
25,216,0.003,0.008,0.135
25,217,0.003,0.007,0.138
25,218,0.002,0.006,0.143
25,219,0.004,0.009,0.136
25,22,0.0,0.0,0.136
25,220,0.004,0.01,0.134
25,221,0.002,0.005,0.148
25,222,0.005,0.012,0.134
25,223,0.009,0.019,0.126
25,224,0.008,0.017,0.129
25,225,0.003,0.007,0.146
25,226,0.006,0.014,0.136
25,227,0.005,0.011,0.141
25,228,0.006,0.012,0.14
25,229,0.006,0.014,0.14
25,23,0.0,0.0,0.145
25,230,0.01,0.022,0.132
25,231,0.008,0.017,0.139
25,232,0.011,0.022,0.135
25,233,0.014,0.028,0.131
25,234,0.014,0.027,0.133
25,235,0.015,0.029,0.133
25,236,0.019,0.036,0.13
25,237,0.024,0.044,0.126
25,238,0.054,0.088,0.109
25,239,0.047,0.078,0.115
25,24,0.0,0.0,0.133
25,240,0.039,0.067,0.12
25,241,0.035,0.06,0.124
25,242,0.06,0.096,0.113
25,243,0.052,0.085,0.118
25,244,0.066,0.105,0.113
25,245,0.078,0.121,0.11
25,246,0.087,0.133,0.108
25,247,0.076,0.117,0.114
25,248,0.033,0.058,0.138
25,249,0.058,0.093,0.125
25,25,0.0,0.0,0.146
25,250,0.039,0.066,0.138
25,251,0.053,0.086,0.131
25,26,0.0,0.0,0.154
25,27,0.0,0.0,0.157
25,28,0.0,0.0,0.148
25,29,0.0,0.0,0.152
25,30,0.0,0.0,0.144
25,31,0.0,0.0,0.153
25,32,0.0,0.0,0.16
25,33,0.0,0.0,0.154
25,34,0.0,0.0,0.151
25,35,0.0,0.0,0.162
25,36,0.0,0.0,0.151
25,37,0.0,0.0,0.154
25,38,0.0,0.0,0.151
25,39,0.0,0.0,0.163
25,40,0.0,0.0,0.161
25,41,0.0,0.0,0.143
25,42,0.0,0.0,0.161
25,43,0.0,0.0,0.16
25,44,0.0,0.0,0.154
25,45,0.0,0.0,0.161
25,46,0.0,0.0,0.164
25,47,0.0,0.0,0.163
25,48,0.0,0.0,0.162
25,49,0.0,0.0,0.143
25,50,0.0,0.0,0.162
25,51,0.0,0.0,0.152
25,52,0.0,0.0,0.162
25,53,0.0,0.0,0.161
25,54,0.0,0.0,0.179
25,55,0.0,0.0,0.166
25,56,0.0,0.0,0.166
25,57,0.0,0.0,0.159
25,58,0.0,0.0,0.159
25,59,0.0,0.0,0.147
25,6,0.003,0.007,0.102
25,60,0.0,0.0,0.161
25,61,0.0,0.0,0.153
25,62,0.0,0.0,0.149
25,63,0.0,0.0,0.145
25,64,0.0,0.0,0.163
25,65,0.0,0.0,0.169
25,66,0.0,0.0,0.17
25,67,0.0,0.0,0.153
25,68,0.0,0.0,0.167
25,69,0.0,0.0,0.161
25,7,0.002,0.005,0.105
25,70,0.0,0.0,0.16
25,71,0.0,0.0,0.164
25,72,0.0,0.0,0.158
25,73,0.0,0.0,0.168
25,74,0.0,0.0,0.167
25,75,0.0,0.0,0.165
25,76,0.0,0.0,0.178
25,77,0.0,0.0,0.169
25,78,0.0,0.0,0.18
25,79,0.0,0.0,0.17
25,8,0.002,0.004,0.106
25,80,0.0,0.0,0.173
25,81,0.0,0.0,0.174
25,82,0.0,0.0,0.189
25,83,0.0,0.0,0.195
25,84,0.0,0.0,0.181
25,85,0.0,0.0,0.182
25,86,0.0,0.0,0.192
25,87,0.0,0.0,0.193
25,88,0.0,0.0,0.185
25,89,0.0,0.0,0.176
25,9,0.001,0.002,0.113
25,90,0.0,0.0,0.186
25,91,0.0,0.0,0.19
25,92,0.0,0.0,0.205
25,93,0.0,0.0,0.204
25,94,0.0,0.0,0.208
25,95,0.0,0.0,0.196
25,96,0.0,0.0,0.194
25,97,0.0,0.0,0.197
25,98,0.0,0.0,0.196
25,99,0.0,0.0,0.203
26,10,0.001,0.002,0.113
26,100,0.0,0.0,0.195
26,101,0.0,0.0,0.203
26,102,0.0,0.0,0.201
26,103,0.0,0.0,0.19
26,104,0.0,0.0,0.203
26,105,0.0,0.0,0.223
26,106,0.0,0.0,0.209
26,107,0.0,0.0,0.2
26,108,0.0,0.0,0.199
26,109,0.0,0.0,0.201
26,11,0.001,0.002,0.114
26,110,0.0,0.0,0.194
26,111,0.0,0.0,0.204
26,112,0.0,0.0,0.206
26,113,0.0,0.0,0.203
26,114,0.0,0.0,0.211
26,115,0.0,0.0,0.205
26,116,0.0,0.0,0.216
26,117,0.0,0.0,0.214
26,118,0.0,0.0,0.207
26,119,0.0,0.0,0.214
26,12,0.0,0.0,0.127
26,120,0.0,0.0,0.231
26,121,0.0,0.0,0.232
26,122,0.0,0.0,0.218
26,123,0.0,0.0,0.217
26,124,0.0,0.0,0.223
26,125,0.0,0.0,0.219
26,126,0.0,0.0,0.22
26,127,0.0,0.0,0.222
26,128,0.0,0.0,0.225
26,129,0.0,0.0,0.223
26,13,0.0,0.001,0.124
26,130,0.0,0.0,0.231
26,131,0.0,0.0,0.235
26,132,0.0,0.0,0.233
26,133,0.0,0.0,0.226
26,134,0.0,0.0,0.224
26,135,0.0,0.0,0.208
26,136,0.0,0.0,0.214
26,137,0.0,0.0,0.214
26,138,0.0,0.0,0.215
26,139,0.0,0.0,0.212
26,14,0.0,0.0,0.132
26,140,0.0,0.0,0.206
26,141,0.0,0.0,0.206
26,142,0.0,0.0,0.215
26,143,0.0,0.0,0.209
26,144,0.0,0.0,0.209
26,145,0.0,0.0,0.202
26,146,0.0,0.0,0.194
26,147,0.0,0.0,0.199
26,148,0.0,0.0,0.208
26,149,0.0,0.0,0.21
26,15,0.0,0.0,0.126
26,150,0.0,0.0,0.192
26,151,0.0,0.0,0.208
26,152,0.0,0.0,0.207
26,153,0.0,0.0,0.207
26,154,0.0,0.0,0.205
26,155,0.0,0.0,0.207
26,156,0.0,0.0,0.207
26,157,0.0,0.0,0.205
26,158,0.0,0.0,0.209
26,159,0.0,0.0,0.211
26,16,0.0,0.0,0.136
26,160,0.0,0.0,0.216
26,161,0.0,0.0,0.204
26,162,0.0,0.0,0.193
26,163,0.0,0.0,0.196
26,164,0.0,0.0,0.198
26,165,0.0,0.0,0.195
26,166,0.0,0.0,0.183
26,167,0.0,0.0,0.183
26,168,0.0,0.0,0.177
26,169,0.0,0.001,0.168
26,17,0.0,0.0,0.143
26,170,0.0,0.001,0.168
26,171,0.0,0.0,0.176
26,172,0.0,0.0,0.178
26,173,0.0,0.0,0.171
26,174,0.0,0.0,0.183
26,175,0.0,0.0,0.175
26,176,0.0,0.0,0.178
26,177,0.0,0.0,0.177
26,178,0.0,0.0,0.171
26,179,0.0,0.0,0.176
26,18,0.0,0.0,0.153
26,180,0.0,0.0,0.183
26,181,0.0,0.0,0.19
26,182,0.0,0.0,0.193
26,183,0.0,0.0,0.18
26,184,0.0,0.0,0.179
26,185,0.0,0.0,0.174
26,186,0.0,0.0,0.182
26,187,0.0,0.0,0.177
26,188,0.0,0.0,0.183
26,189,0.0,0.0,0.172
26,19,0.0,0.0,0.132
26,190,0.0,0.0,0.169
26,191,0.0,0.0,0.164
26,192,0.0,0.0,0.171
26,193,0.0,0.0,0.168
26,194,0.0,0.0,0.177
26,195,0.0,0.0,0.186
26,196,0.0,0.0,0.18
26,197,0.0,0.0,0.181
26,198,0.0,0.0,0.178
26,199,0.0,0.0,0.178
26,20,0.0,0.0,0.15
26,200,0.0,0.0,0.183
26,201,0.0,0.0,0.183
26,202,0.0,0.0,0.17
26,203,0.0,0.001,0.166
26,204,0.0,0.001,0.164
26,205,0.0,0.001,0.162
26,206,0.0,0.0,0.175
26,207,0.0,0.0,0.168
26,208,0.0,0.0,0.169
26,209,0.0,0.001,0.161
26,21,0.0,0.0,0.153
26,210,0.0,0.001,0.16
26,211,0.0,0.001,0.168
26,212,0.0,0.0,0.177
26,213,0.0,0.001,0.165
26,214,0.0,0.001,0.161
26,215,0.0,0.001,0.163
26,216,0.0,0.001,0.167
26,217,0.0,0.001,0.172
26,218,0.001,0.002,0.159
26,219,0.001,0.002,0.159
26,22,0.0,0.0,0.133
26,220,0.001,0.003,0.155
26,221,0.001,0.002,0.159
26,222,0.001,0.003,0.155
26,223,0.001,0.004,0.153
26,224,0.001,0.002,0.163
26,225,0.001,0.002,0.164
26,226,0.002,0.005,0.152
26,227,0.004,0.009,0.143
26,228,0.004,0.009,0.145
26,229,0.002,0.005,0.158
26,23,0.0,0.0,0.144
26,230,0.002,0.006,0.156
26,231,0.002,0.006,0.158
26,232,0.003,0.008,0.156
26,233,0.005,0.012,0.149
26,234,0.005,0.011,0.152
26,235,0.005,0.011,0.154
26,236,0.008,0.016,0.148
26,237,0.007,0.015,0.151
26,238,0.007,0.016,0.152
26,239,0.008,0.018,0.151
26,24,0.0,0.0,0.144
26,240,0.006,0.014,0.159
26,241,0.009,0.018,0.155
26,242,0.009,0.019,0.156
26,243,0.009,0.019,0.158
26,244,0.014,0.027,0.151
26,245,0.013,0.025,0.155
26,246,0.011,0.023,0.16
26,247,0.01,0.021,0.164
26,248,0.007,0.015,0.176
26,249,0.008,0.016,0.176
26,25,0.0,0.0,0.138
26,250,0.011,0.023,0.168
26,251,0.012,0.023,0.17
26,26,0.0,0.0,0.15
26,27,0.0,0.0,0.147
26,28,0.0,0.0,0.144
26,29,0.0,0.0,0.155
26,30,0.0,0.0,0.144
26,31,0.0,0.0,0.157
26,32,0.0,0.0,0.144
26,33,0.0,0.0,0.163
26,34,0.0,0.0,0.171
26,35,0.0,0.0,0.177
26,36,0.0,0.0,0.166
26,37,0.0,0.0,0.166
26,38,0.0,0.0,0.157
26,39,0.0,0.0,0.175
26,40,0.0,0.0,0.172
26,41,0.0,0.0,0.176
26,42,0.0,0.0,0.157
26,43,0.0,0.0,0.176
26,44,0.0,0.0,0.159
26,45,0.0,0.0,0.171
26,46,0.0,0.0,0.167
26,47,0.0,0.0,0.168
26,48,0.0,0.0,0.161
26,49,0.0,0.0,0.162
26,50,0.0,0.0,0.175
26,51,0.0,0.0,0.174
26,52,0.0,0.0,0.166
26,53,0.0,0.0,0.169
26,54,0.0,0.0,0.167
26,55,0.0,0.0,0.177
26,56,0.0,0.0,0.176
26,57,0.0,0.0,0.164
26,58,0.0,0.0,0.179
26,59,0.0,0.0,0.185
26,6,0.0,0.001,0.121
26,60,0.0,0.0,0.18
26,61,0.0,0.0,0.168
26,62,0.0,0.0,0.169
26,63,0.0,0.0,0.172
26,64,0.0,0.0,0.188
26,65,0.0,0.0,0.182
26,66,0.0,0.0,0.177
26,67,0.0,0.0,0.173
26,68,0.0,0.0,0.168
26,69,0.0,0.0,0.165
26,7,0.003,0.008,0.101
26,70,0.0,0.0,0.17
26,71,0.0,0.0,0.17
26,72,0.0,0.0,0.168
26,73,0.0,0.0,0.165
26,74,0.0,0.0,0.171
26,75,0.0,0.0,0.172
26,76,0.0,0.0,0.174
26,77,0.0,0.0,0.176
26,78,0.0,0.0,0.169
26,79,0.0,0.0,0.176
26,8,0.001,0.004,0.11
26,80,0.0,0.0,0.171
26,81,0.0,0.0,0.174
26,82,0.0,0.0,0.169
26,83,0.0,0.0,0.184
26,84,0.0,0.0,0.181
26,85,0.0,0.0,0.181
26,86,0.0,0.0,0.187
26,87,0.0,0.0,0.191
26,88,0.0,0.0,0.187
26,89,0.0,0.0,0.188
26,9,0.0,0.001,0.123
26,90,0.0,0.0,0.179
26,91,0.0,0.0,0.184
26,92,0.0,0.0,0.198
26,93,0.0,0.0,0.201
26,94,0.0,0.0,0.201
26,95,0.0,0.0,0.208
26,96,0.0,0.0,0.207
26,97,0.0,0.0,0.199
26,98,0.0,0.0,0.202
26,99,0.0,0.0,0.199
27,10,0.0,0.001,0.118
27,100,0.0,0.0,0.183
27,101,0.0,0.0,0.193
27,102,0.0,0.0,0.192
27,103,0.0,0.0,0.194
27,104,0.0,0.0,0.194
27,105,0.0,0.0,0.186
27,106,0.0,0.0,0.199
27,107,0.0,0.0,0.2
27,108,0.0,0.0,0.188
27,109,0.0,0.0,0.19
27,11,0.0,0.001,0.116
27,110,0.0,0.0,0.203
27,111,0.0,0.0,0.2
27,112,0.0,0.0,0.205
27,113,0.0,0.0,0.206
27,114,0.0,0.0,0.208
27,115,0.0,0.0,0.201
27,116,0.0,0.0,0.212
27,117,0.0,0.0,0.211
27,118,0.0,0.0,0.215
27,119,0.0,0.0,0.22
27,12,0.0,0.001,0.117
27,120,0.0,0.0,0.212
27,121,0.0,0.0,0.21
27,122,0.0,0.0,0.215
27,123,0.0,0.0,0.219
27,124,0.0,0.0,0.213
27,125,0.0,0.0,0.203
27,126,0.0,0.0,0.214
27,127,0.0,0.0,0.215
27,128,0.0,0.0,0.221
27,129,0.0,0.0,0.224
27,13,0.0,0.0,0.135
27,130,0.0,0.0,0.228
27,131,0.0,0.0,0.218
27,132,0.0,0.0,0.228
27,133,0.0,0.0,0.23
27,134,0.0,0.0,0.221
27,135,0.0,0.0,0.22
27,136,0.0,0.0,0.228
27,137,0.0,0.0,0.234
27,138,0.0,0.0,0.223
27,139,0.0,0.0,0.224
27,14,0.0,0.0,0.131
27,140,0.0,0.0,0.221
27,141,0.0,0.0,0.225
27,142,0.0,0.0,0.228
27,143,0.0,0.0,0.221
27,144,0.0,0.0,0.221
27,145,0.0,0.0,0.225
27,146,0.0,0.0,0.215
27,147,0.0,0.0,0.21
27,148,0.0,0.0,0.214
27,149,0.0,0.0,0.212
27,15,0.0,0.0,0.14
27,150,0.0,0.0,0.218
27,151,0.0,0.0,0.221
27,152,0.0,0.0,0.205
27,153,0.0,0.0,0.2
27,154,0.0,0.0,0.199
27,155,0.0,0.0,0.201
27,156,0.0,0.0,0.2
27,157,0.0,0.0,0.199
27,158,0.0,0.0,0.193
27,159,0.0,0.0,0.192
27,16,0.0,0.0,0.137
27,160,0.0,0.0,0.189
27,161,0.0,0.0,0.188
27,162,0.0,0.0,0.187
27,163,0.0,0.0,0.189
27,164,0.0,0.0,0.192
27,165,0.0,0.0,0.198
27,166,0.0,0.0,0.188
27,167,0.0,0.0,0.188
27,168,0.0,0.0,0.187
27,169,0.0,0.0,0.18
27,17,0.0,0.0,0.135
27,170,0.0,0.0,0.183
27,171,0.0,0.0,0.184
27,172,0.0,0.0,0.186
27,173,0.0,0.0,0.171
27,174,0.0,0.0,0.178
27,175,0.0,0.0,0.181
27,176,0.0,0.0,0.181
27,177,0.0,0.0,0.188
27,178,0.0,0.0,0.186
27,179,0.0,0.0,0.179
27,18,0.0,0.0,0.146
27,180,0.0,0.0,0.176
27,181,0.0,0.0,0.174
27,182,0.0,0.0,0.172
27,183,0.0,0.0,0.173
27,184,0.0,0.0,0.173
27,185,0.0,0.0,0.168
27,186,0.0,0.0,0.174
27,187,0.0,0.0,0.171
27,188,0.0,0.0,0.17
27,189,0.0,0.0,0.166
27,19,0.0,0.0,0.149
27,190,0.0,0.001,0.157
27,191,0.0,0.0,0.169
27,192,0.0,0.001,0.16
27,193,0.0,0.0,0.164
27,194,0.0,0.0,0.169
27,195,0.0,0.0,0.167
27,196,0.0,0.0,0.181
27,197,0.0,0.001,0.162
27,198,0.0,0.0,0.164
27,199,0.0,0.0,0.167
27,20,0.0,0.0,0.146
27,200,0.0,0.001,0.162
27,201,0.0,0.001,0.158
27,202,0.0,0.001,0.16
27,203,0.0,0.001,0.165
27,204,0.0,0.001,0.163
27,205,0.0,0.001,0.161
27,206,0.0,0.001,0.162
27,207,0.0,0.001,0.164
27,208,0.001,0.003,0.146
27,209,0.0,0.001,0.157
27,21,0.0,0.0,0.149
27,210,0.001,0.002,0.149
27,211,0.0,0.001,0.16
27,212,0.001,0.002,0.149
27,213,0.0,0.001,0.161
27,214,0.001,0.003,0.147
27,215,0.001,0.002,0.156
27,216,0.001,0.002,0.152
27,217,0.0,0.001,0.163
27,218,0.001,0.002,0.157
27,219,0.001,0.002,0.159
27,22,0.0,0.0,0.134
27,220,0.006,0.014,0.127
27,221,0.003,0.007,0.139
27,222,0.002,0.005,0.145
27,223,0.002,0.006,0.145
27,224,0.004,0.009,0.139
27,225,0.002,0.006,0.148
27,226,0.003,0.006,0.148
27,227,0.003,0.006,0.149
27,228,0.003,0.008,0.146
27,229,0.004,0.009,0.146
27,23,0.0,0.0,0.149
27,230,0.003,0.008,0.149
27,231,0.006,0.012,0.143
27,232,0.008,0.017,0.138
27,233,0.011,0.023,0.134
27,234,0.011,0.023,0.135
27,235,0.007,0.016,0.145
27,236,0.009,0.018,0.145
27,237,0.009,0.02,0.145
27,238,0.011,0.022,0.144
27,239,0.008,0.016,0.152
27,24,0.0,0.0,0.152
27,240,0.004,0.008,0.169
27,241,0.014,0.028,0.143
27,242,0.013,0.026,0.148
27,243,0.021,0.039,0.139
27,244,0.019,0.036,0.143
27,245,0.009,0.02,0.161
27,246,0.007,0.015,0.17
27,247,0.009,0.018,0.167
27,248,0.017,0.033,0.153
27,249,0.01,0.02,0.169
27,25,0.0,0.0,0.15
27,250,0.013,0.026,0.164
27,251,0.013,0.026,0.166
27,26,0.0,0.0,0.159
27,27,0.0,0.0,0.147
27,28,0.0,0.0,0.15
27,29,0.0,0.0,0.161
27,30,0.0,0.0,0.16
27,31,0.0,0.0,0.152
27,32,0.0,0.0,0.157
27,33,0.0,0.0,0.153
27,34,0.0,0.0,0.152
27,35,0.0,0.0,0.144
27,36,0.0,0.0,0.158
27,37,0.0,0.0,0.153
27,38,0.0,0.0,0.156
27,39,0.0,0.0,0.147
27,40,0.0,0.0,0.146
27,41,0.0,0.0,0.158
27,42,0.0,0.0,0.152
27,43,0.0,0.0,0.157
27,44,0.0,0.0,0.153
27,45,0.0,0.0,0.152
27,46,0.0,0.0,0.152
27,47,0.0,0.0,0.146
27,48,0.0,0.0,0.165
27,49,0.0,0.0,0.165
27,50,0.0,0.0,0.153
27,51,0.0,0.0,0.151
27,52,0.0,0.0,0.148
27,53,0.0,0.0,0.161
27,54,0.0,0.0,0.158
27,55,0.0,0.0,0.157
27,56,0.0,0.0,0.163
27,57,0.0,0.0,0.172
27,58,0.0,0.0,0.155
27,59,0.0,0.0,0.164
27,6,0.004,0.009,0.1
27,60,0.0,0.0,0.173
27,61,0.0,0.0,0.163
27,62,0.0,0.0,0.169
27,63,0.0,0.0,0.173
27,64,0.0,0.0,0.158
27,65,0.0,0.0,0.173
27,66,0.0,0.0,0.165
27,67,0.0,0.0,0.171
27,68,0.0,0.0,0.178
27,69,0.0,0.0,0.174
27,7,0.002,0.004,0.106
27,70,0.0,0.0,0.162
27,71,0.0,0.0,0.172
27,72,0.0,0.0,0.157
27,73,0.0,0.0,0.169
27,74,0.0,0.0,0.174
27,75,0.0,0.0,0.158
27,76,0.0,0.0,0.172
27,77,0.0,0.0,0.173
27,78,0.0,0.0,0.175
27,79,0.0,0.0,0.168
27,8,0.001,0.003,0.11
27,80,0.0,0.0,0.18
27,81,0.0,0.0,0.179
27,82,0.0,0.0,0.173
27,83,0.0,0.0,0.185
27,84,0.0,0.0,0.18
27,85,0.0,0.0,0.19
27,86,0.0,0.0,0.184
27,87,0.0,0.0,0.192
27,88,0.0,0.0,0.195
27,89,0.0,0.0,0.187
27,9,0.001,0.002,0.114
27,90,0.0,0.0,0.19
27,91,0.0,0.0,0.185
27,92,0.0,0.0,0.183
27,93,0.0,0.0,0.196
27,94,0.0,0.0,0.194
27,95,0.0,0.0,0.191
27,96,0.0,0.0,0.18
27,97,0.0,0.0,0.184
27,98,0.0,0.0,0.189
27,99,0.0,0.0,0.183
28,10,0.0,0.0,0.13
28,100,0.0,0.0,0.198
28,101,0.0,0.0,0.197
28,102,0.0,0.0,0.191
28,103,0.0,0.0,0.196
28,104,0.0,0.0,0.195
28,105,0.0,0.0,0.193
28,106,0.0,0.0,0.186
28,107,0.0,0.0,0.197
28,108,0.0,0.0,0.195
28,109,0.0,0.0,0.204
28,11,0.0,0.0,0.128
28,110,0.0,0.0,0.214
28,111,0.0,0.0,0.193
28,112,0.0,0.0,0.189
28,113,0.0,0.0,0.21
28,114,0.0,0.0,0.218
28,115,0.0,0.0,0.221
28,116,0.0,0.0,0.22
28,117,0.0,0.0,0.222
28,118,0.0,0.0,0.209
28,119,0.0,0.0,0.202
28,12,0.0,0.0,0.134
28,120,0.0,0.0,0.204
28,121,0.0,0.0,0.198
28,122,0.0,0.0,0.204
28,123,0.0,0.0,0.212
28,124,0.0,0.0,0.214
28,125,0.0,0.0,0.224
28,126,0.0,0.0,0.235
28,127,0.0,0.0,0.224
28,128,0.0,0.0,0.223
28,129,0.0,0.0,0.225
28,13,0.0,0.001,0.118
28,130,0.0,0.0,0.225
28,131,0.0,0.0,0.236
28,132,0.0,0.0,0.244
28,133,0.0,0.0,0.229
28,134,0.0,0.0,0.234
28,135,0.0,0.0,0.233
28,136,0.0,0.0,0.229
28,137,0.0,0.0,0.229
28,138,0.0,0.0,0.229
28,139,0.0,0.0,0.228
28,14,0.0,0.0,0.132
28,140,0.0,0.0,0.233
28,141,0.0,0.0,0.236
28,142,0.0,0.0,0.237
28,143,0.0,0.0,0.236
28,144,0.0,0.0,0.241
28,145,0.0,0.0,0.23
28,146,0.0,0.0,0.227
28,147,0.0,0.0,0.232
28,148,0.0,0.0,0.226
28,149,0.0,0.0,0.219
28,15,0.0,0.0,0.146
28,150,0.0,0.0,0.211
28,151,0.0,0.0,0.209
28,152,0.0,0.0,0.216
28,153,0.0,0.0,0.202
28,154,0.0,0.0,0.217
28,155,0.0,0.0,0.213
28,156,0.0,0.0,0.202
28,157,0.0,0.0,0.197
28,158,0.0,0.0,0.199
28,159,0.0,0.0,0.195
28,16,0.0,0.0,0.146
28,160,0.0,0.0,0.2
28,161,0.0,0.0,0.21
28,162,0.0,0.0,0.204
28,163,0.0,0.0,0.198
28,164,0.0,0.0,0.204
28,165,0.0,0.0,0.192
28,166,0.0,0.0,0.19
28,167,0.0,0.0,0.19
28,168,0.0,0.0,0.189
28,169,0.0,0.0,0.198
28,17,0.0,0.0,0.135
28,170,0.0,0.0,0.194
28,171,0.0,0.0,0.189
28,172,0.0,0.0,0.188
28,173,0.0,0.0,0.183
28,174,0.0,0.0,0.185
28,175,0.0,0.0,0.191
28,176,0.0,0.0,0.192
28,177,0.0,0.0,0.184
28,178,0.0,0.0,0.188
28,179,0.0,0.0,0.174
28,18,0.0,0.0,0.133
28,180,0.0,0.0,0.189
28,181,0.0,0.0,0.181
28,182,0.0,0.0,0.188
28,183,0.0,0.0,0.179
28,184,0.0,0.0,0.171
28,185,0.0,0.0,0.175
28,186,0.0,0.0,0.17
28,187,0.0,0.0,0.182
28,188,0.0,0.0,0.192
28,189,0.0,0.0,0.169
28,19,0.0,0.0,0.136
28,190,0.0,0.0,0.172
28,191,0.0,0.0,0.171
28,192,0.0,0.001,0.162
28,193,0.0,0.0,0.182
28,194,0.0,0.0,0.18
28,195,0.0,0.0,0.178
28,196,0.0,0.0,0.172
28,197,0.0,0.0,0.177
28,198,0.0,0.0,0.18
28,199,0.0,0.0,0.172
28,20,0.0,0.0,0.138
28,200,0.0,0.0,0.173
28,201,0.0,0.0,0.174
28,202,0.0,0.0,0.172
28,203,0.0,0.0,0.166
28,204,0.0,0.001,0.165
28,205,0.0,0.0,0.174
28,206,0.0,0.0,0.167
28,207,0.0,0.001,0.154
28,208,0.0,0.001,0.165
28,209,0.0,0.0,0.169
28,21,0.0,0.0,0.133
28,210,0.0,0.0,0.175
28,211,0.0,0.0,0.184
28,212,0.0,0.0,0.178
28,213,0.0,0.001,0.165
28,214,0.0,0.0,0.182
28,215,0.0,0.0,0.174
28,216,0.0,0.0,0.176
28,217,0.0,0.0,0.181
28,218,0.0,0.001,0.171
28,219,0.0,0.001,0.175
28,22,0.0,0.0,0.141
28,220,0.0,0.001,0.17
28,221,0.001,0.002,0.162
28,222,0.0,0.001,0.167
28,223,0.0,0.001,0.166
28,224,0.0,0.001,0.174
28,225,0.002,0.004,0.152
28,226,0.002,0.006,0.149
28,227,0.001,0.003,0.161
28,228,0.001,0.004,0.158
28,229,0.002,0.005,0.157
28,23,0.0,0.0,0.136
28,230,0.002,0.006,0.153
28,231,0.002,0.005,0.158
28,232,0.001,0.003,0.168
28,233,0.004,0.009,0.152
28,234,0.004,0.009,0.153
28,235,0.007,0.015,0.145
28,236,0.002,0.005,0.169
28,237,0.004,0.01,0.158
28,238,0.011,0.023,0.142
28,239,0.006,0.013,0.156
28,24,0.0,0.0,0.146
28,240,0.011,0.023,0.145
28,241,0.013,0.025,0.145
28,242,0.008,0.017,0.156
28,243,0.004,0.01,0.172
28,244,0.011,0.023,0.154
28,245,0.006,0.012,0.171
28,246,0.004,0.009,0.181
28,247,0.005,0.012,0.177
28,248,0.007,0.016,0.172
28,249,0.006,0.013,0.179
28,25,0.0,0.0,0.145
28,250,0.006,0.014,0.181
28,251,0.009,0.018,0.175
28,26,0.0,0.0,0.134
28,27,0.0,0.0,0.141
28,28,0.0,0.0,0.133
28,29,0.0,0.0,0.141
28,30,0.0,0.0,0.136
28,31,0.0,0.0,0.138
28,32,0.0,0.0,0.145
28,33,0.0,0.0,0.156
28,34,0.0,0.0,0.158
28,35,0.0,0.0,0.141
28,36,0.0,0.0,0.155
28,37,0.0,0.0,0.159
28,38,0.0,0.0,0.142
28,39,0.0,0.0,0.151
28,40,0.0,0.0,0.16
28,41,0.0,0.0,0.156
28,42,0.0,0.0,0.162
28,43,0.0,0.0,0.133
28,44,0.0,0.0,0.155
28,45,0.0,0.0,0.153
28,46,0.0,0.0,0.152
28,47,0.0,0.0,0.151
28,48,0.0,0.0,0.148
28,49,0.0,0.0,0.148
28,50,0.0,0.0,0.146
28,51,0.0,0.0,0.152
28,52,0.0,0.0,0.147
28,53,0.0,0.0,0.148
28,54,0.0,0.0,0.169
28,55,0.0,0.0,0.16
28,56,0.0,0.0,0.149
28,57,0.0,0.0,0.144
28,58,0.0,0.0,0.156
28,59,0.0,0.0,0.15
28,6,0.001,0.003,0.113
28,60,0.0,0.0,0.145
28,61,0.0,0.0,0.163
28,62,0.0,0.0,0.166
28,63,0.0,0.0,0.159
28,64,0.0,0.0,0.151
28,65,0.0,0.0,0.148
28,66,0.0,0.0,0.158
28,67,0.0,0.0,0.157
28,68,0.0,0.0,0.163
28,69,0.0,0.0,0.172
28,7,0.001,0.002,0.113
28,70,0.0,0.0,0.161
28,71,0.0,0.0,0.157
28,72,0.0,0.0,0.16
28,73,0.0,0.0,0.173
28,74,0.0,0.0,0.167
28,75,0.0,0.0,0.174
28,76,0.0,0.0,0.17
28,77,0.0,0.0,0.176
28,78,0.0,0.0,0.173
28,79,0.0,0.0,0.192
28,8,0.0,0.001,0.124
28,80,0.0,0.0,0.198
28,81,0.0,0.0,0.189
28,82,0.0,0.0,0.183
28,83,0.0,0.0,0.186
28,84,0.0,0.0,0.187
28,85,0.0,0.0,0.198
28,86,0.0,0.0,0.204
28,87,0.0,0.0,0.188
28,88,0.0,0.0,0.199
28,89,0.0,0.0,0.192
28,9,0.0,0.001,0.117
28,90,0.0,0.0,0.192
28,91,0.0,0.0,0.198
28,92,0.0,0.0,0.194
28,93,0.0,0.0,0.199
28,94,0.0,0.0,0.202
28,95,0.0,0.0,0.195
28,96,0.0,0.0,0.189
28,97,0.0,0.0,0.197
28,98,0.0,0.0,0.207
28,99,0.0,0.0,0.198
29,10,0.0,0.0,0.134
29,100,0.0,0.0,0.19
29,101,0.0,0.0,0.183
29,102,0.0,0.0,0.195
29,103,0.0,0.0,0.199
29,104,0.0,0.0,0.198
29,105,0.0,0.0,0.198
29,106,0.0,0.0,0.195
29,107,0.0,0.0,0.198
29,108,0.0,0.0,0.201
29,109,0.0,0.0,0.203
29,11,0.0,0.0,0.156
29,110,0.0,0.0,0.214
29,111,0.0,0.0,0.22
29,112,0.0,0.0,0.208
29,113,0.0,0.0,0.21
29,114,0.0,0.0,0.216
29,115,0.0,0.0,0.205
29,116,0.0,0.0,0.214
29,117,0.0,0.0,0.212
29,118,0.0,0.0,0.22
29,119,0.0,0.0,0.222
29,12,0.0,0.0,0.145
29,120,0.0,0.0,0.22
29,121,0.0,0.0,0.21
29,122,0.0,0.0,0.216
29,123,0.0,0.0,0.214
29,124,0.0,0.0,0.215
29,125,0.0,0.0,0.218
29,126,0.0,0.0,0.218
29,127,0.0,0.0,0.218
29,128,0.0,0.0,0.211
29,129,0.0,0.0,0.222
29,13,0.0,0.0,0.149
29,130,0.0,0.0,0.222
29,131,0.0,0.0,0.225
29,132,0.0,0.0,0.225
29,133,0.0,0.0,0.227
29,134,0.0,0.0,0.226
29,135,0.0,0.0,0.224
29,136,0.0,0.0,0.228
29,137,0.0,0.0,0.229
29,138,0.0,0.0,0.242
29,139,0.0,0.0,0.24
29,14,0.0,0.0,0.153
29,140,0.0,0.0,0.235
29,141,0.0,0.0,0.227
29,142,0.0,0.0,0.23
29,143,0.0,0.0,0.24
29,144,0.0,0.0,0.233
29,145,0.0,0.0,0.227
29,146,0.0,0.0,0.226
29,147,0.0,0.0,0.21
29,148,0.0,0.0,0.213
29,149,0.0,0.0,0.212
29,15,0.0,0.0,0.147
29,150,0.0,0.0,0.205
29,151,0.0,0.0,0.203
29,152,0.0,0.0,0.22
29,153,0.0,0.0,0.207
29,154,0.0,0.0,0.212
29,155,0.0,0.0,0.213
29,156,0.0,0.0,0.207
29,157,0.0,0.0,0.189
29,158,0.0,0.0,0.192
29,159,0.0,0.0,0.198
29,16,0.0,0.0,0.152
29,160,0.0,0.0,0.196
29,161,0.0,0.0,0.192
29,162,0.0,0.0,0.179
29,163,0.0,0.0,0.187
29,164,0.0,0.0,0.192
29,165,0.0,0.0,0.189
29,166,0.0,0.0,0.185
29,167,0.0,0.0,0.193
29,168,0.0,0.0,0.2
29,169,0.0,0.0,0.193
29,17,0.0,0.0,0.142
29,170,0.0,0.0,0.182
29,171,0.0,0.0,0.182
29,172,0.0,0.0,0.191
29,173,0.0,0.0,0.187
29,174,0.0,0.0,0.2
29,175,0.0,0.0,0.197
29,176,0.0,0.0,0.194
29,177,0.0,0.0,0.177
29,178,0.0,0.0,0.178
29,179,0.0,0.001,0.168
29,18,0.0,0.0,0.155
29,180,0.0,0.0,0.18
29,181,0.0,0.0,0.188
29,182,0.0,0.0,0.183
29,183,0.0,0.0,0.182
29,184,0.0,0.0,0.181
29,185,0.0,0.0,0.178
29,186,0.0,0.0,0.174
29,187,0.0,0.0,0.183
29,188,0.0,0.0,0.168
29,189,0.0,0.0,0.171
29,19,0.0,0.0,0.164
29,190,0.0,0.0,0.173
29,191,0.0,0.0,0.181
29,192,0.0,0.0,0.168
29,193,0.0,0.0,0.168
29,194,0.0,0.0,0.168
29,195,0.0,0.001,0.164
29,196,0.0,0.0,0.166
29,197,0.0,0.0,0.167
29,198,0.0,0.001,0.16
29,199,0.0,0.0,0.17
29,20,0.0,0.0,0.154
29,200,0.0,0.0,0.173
29,201,0.0,0.0,0.179
29,202,0.0,0.0,0.178
29,203,0.0,0.0,0.178
29,204,0.0,0.0,0.17
29,205,0.0,0.0,0.185
29,206,0.0,0.0,0.187
29,207,0.0,0.0,0.178
29,208,0.0,0.0,0.182
29,209,0.0,0.0,0.187
29,21,0.0,0.0,0.146
29,210,0.0,0.0,0.179
29,211,0.0,0.0,0.19
29,212,0.0,0.0,0.184
29,213,0.0,0.0,0.192
29,214,0.0,0.0,0.186
29,215,0.0,0.0,0.18
29,216,0.0,0.0,0.179
29,217,0.0,0.001,0.166
29,218,0.0,0.001,0.172
29,219,0.0,0.001,0.161
29,22,0.0,0.0,0.164
29,220,0.0,0.001,0.164
29,221,0.001,0.002,0.161
29,222,0.0,0.001,0.166
29,223,0.001,0.004,0.151
29,224,0.003,0.007,0.141
29,225,0.002,0.005,0.148
29,226,0.004,0.009,0.14
29,227,0.002,0.004,0.154
29,228,0.004,0.009,0.143
29,229,0.004,0.01,0.143
29,23,0.0,0.0,0.158
29,230,0.002,0.006,0.154
29,231,0.003,0.007,0.15
29,232,0.004,0.01,0.148
29,233,0.003,0.007,0.154
29,234,0.004,0.01,0.151
29,235,0.001,0.003,0.174
29,236,0.002,0.005,0.168
29,237,0.003,0.007,0.164
29,238,0.005,0.011,0.156
29,239,0.003,0.007,0.169
29,24,0.0,0.0,0.159
29,240,0.002,0.006,0.173
29,241,0.005,0.012,0.161
29,242,0.003,0.008,0.172
29,243,0.014,0.028,0.146
29,244,0.005,0.011,0.169
29,245,0.008,0.016,0.163
29,246,0.008,0.016,0.165
29,247,0.008,0.016,0.168
29,248,0.006,0.014,0.175
29,249,0.008,0.017,0.172
29,25,0.0,0.0,0.168
29,250,0.008,0.016,0.175
29,251,0.004,0.01,0.19
29,26,0.0,0.0,0.16
29,27,0.0,0.0,0.155
29,28,0.0,0.0,0.169
29,29,0.0,0.0,0.163
29,30,0.0,0.0,0.157
29,31,0.0,0.0,0.164
29,32,0.0,0.0,0.155
29,33,0.0,0.0,0.161
29,34,0.0,0.0,0.161
29,35,0.0,0.0,0.158
29,36,0.0,0.0,0.164
29,37,0.0,0.0,0.151
29,38,0.0,0.0,0.153
29,39,0.0,0.0,0.15
29,40,0.0,0.0,0.154
29,41,0.0,0.0,0.153
29,42,0.0,0.0,0.153
29,43,0.0,0.0,0.162
29,44,0.0,0.0,0.159
29,45,0.0,0.0,0.137
29,46,0.0,0.0,0.15
29,47,0.0,0.0,0.154
29,48,0.0,0.0,0.159
29,49,0.0,0.0,0.165
29,50,0.0,0.0,0.156
29,51,0.0,0.0,0.164
29,52,0.0,0.0,0.162
29,53,0.0,0.0,0.169
29,54,0.0,0.0,0.167
29,55,0.0,0.0,0.155
29,56,0.0,0.0,0.175
29,57,0.0,0.0,0.166
29,58,0.0,0.0,0.163
29,59,0.0,0.0,0.177
29,6,0.0,0.0,0.142
29,60,0.0,0.0,0.161
29,61,0.0,0.0,0.15
29,62,0.0,0.0,0.152
29,63,0.0,0.0,0.166
29,64,0.0,0.0,0.184
29,65,0.0,0.0,0.166
29,66,0.0,0.0,0.17
29,67,0.0,0.0,0.172
29,68,0.0,0.0,0.181
29,69,0.0,0.0,0.164
29,7,0.0,0.001,0.129
29,70,0.0,0.0,0.174
29,71,0.0,0.0,0.186
29,72,0.0,0.0,0.171
29,73,0.0,0.0,0.176
29,74,0.0,0.0,0.183
29,75,0.0,0.0,0.184
29,76,0.0,0.0,0.18
29,77,0.0,0.0,0.181
29,78,0.0,0.0,0.178
29,79,0.0,0.0,0.192
29,8,0.0,0.0,0.134
29,80,0.0,0.0,0.179
29,81,0.0,0.0,0.167
29,82,0.0,0.0,0.181
29,83,0.0,0.0,0.187
29,84,0.0,0.0,0.191
29,85,0.0,0.0,0.183
29,86,0.0,0.0,0.177
29,87,0.0,0.0,0.192
29,88,0.0,0.0,0.197
29,89,0.0,0.0,0.192
29,9,0.0,0.0,0.136
29,90,0.0,0.0,0.195
29,91,0.0,0.0,0.184
29,92,0.0,0.0,0.201
29,93,0.0,0.0,0.199
29,94,0.0,0.0,0.196
29,95,0.0,0.0,0.2
29,96,0.0,0.0,0.194
29,97,0.0,0.0,0.191
29,98,0.0,0.0,0.193
29,99,0.0,0.0,0.192
3,10,0.005,0.011,0.096
3,100,0.01,0.02,0.096
3,101,0.009,0.019,0.097
3,102,0.005,0.011,0.106
3,103,0.002,0.005,0.116
3,104,0.004,0.01,0.107
3,105,0.004,0.009,0.108
3,106,0.004,0.009,0.11
3,107,0.003,0.008,0.111
3,108,0.01,0.021,0.097
3,109,0.006,0.014,0.103
3,11,0.002,0.006,0.104
3,110,0.009,0.019,0.099
3,111,0.005,0.011,0.108
3,112,0.007,0.015,0.103
3,113,0.005,0.011,0.108
3,114,0.003,0.008,0.113
3,115,0.004,0.008,0.113
3,116,0.004,0.009,0.112
3,117,0.003,0.006,0.118
3,118,0.002,0.004,0.122
3,119,0.002,0.006,0.119
3,12,0.001,0.004,0.108
3,120,0.002,0.005,0.122
3,121,0.0,0.001,0.137
3,122,0.001,0.002,0.134
3,123,0.0,0.001,0.138
3,124,0.0,0.001,0.143
3,125,0.0,0.001,0.144
3,126,0.0,0.001,0.142
3,127,0.0,0.001,0.149
3,128,0.001,0.003,0.131
3,129,0.0,0.001,0.146
3,13,0.004,0.008,0.097
3,130,0.001,0.002,0.135
3,131,0.001,0.002,0.137
3,132,0.0,0.001,0.148
3,133,0.0,0.0,0.163
3,134,0.0,0.0,0.167
3,135,0.0,0.0,0.166
3,136,0.0,0.0,0.155
3,137,0.0,0.001,0.151
3,138,0.0,0.0,0.159
3,139,0.0,0.0,0.161
3,14,0.003,0.007,0.099
3,140,0.0,0.0,0.16
3,141,0.0,0.0,0.166
3,142,0.0,0.0,0.176
3,143,0.0,0.0,0.166
3,144,0.0,0.0,0.167
3,145,0.0,0.0,0.163
3,146,0.0,0.001,0.155
3,147,0.0,0.001,0.155
3,148,0.0,0.0,0.165
3,149,0.0,0.001,0.155
3,15,0.001,0.004,0.106
3,150,0.0,0.001,0.159
3,151,0.0,0.001,0.159
3,152,0.0,0.0,0.168
3,153,0.0,0.0,0.168
3,154,0.0,0.001,0.161
3,155,0.0,0.001,0.151
3,156,0.0,0.001,0.159
3,157,0.001,0.002,0.147
3,158,0.001,0.002,0.146
3,159,0.0,0.001,0.158
3,16,0.002,0.005,0.103
3,160,0.0,0.001,0.159
3,161,0.0,0.0,0.166
3,162,0.0,0.001,0.157
3,163,0.0,0.001,0.158
3,164,0.001,0.002,0.147
3,165,0.001,0.002,0.145
3,166,0.0,0.001,0.157
3,167,0.0,0.001,0.151
3,168,0.001,0.002,0.146
3,169,0.001,0.002,0.145
3,17,0.007,0.015,0.088
3,170,0.002,0.005,0.137
3,171,0.002,0.004,0.138
3,172,0.002,0.006,0.135
3,173,0.002,0.006,0.134
3,174,0.001,0.003,0.143
3,175,0.004,0.008,0.13
3,176,0.006,0.014,0.122
3,177,0.004,0.009,0.131
3,178,0.003,0.008,0.134
3,179,0.004,0.009,0.132
3,18,0.001,0.002,0.11
3,180,0.005,0.011,0.129
3,181,0.008,0.017,0.122
3,182,0.008,0.017,0.123
3,183,0.007,0.015,0.126
3,184,0.037,0.063,0.097
3,185,0.025,0.045,0.105
3,186,0.025,0.045,0.106
3,187,0.03,0.054,0.102
3,188,0.03,0.053,0.103
3,189,0.015,0.03,0.116
3,19,0.001,0.003,0.106
3,190,0.019,0.035,0.114
3,191,0.017,0.032,0.116
3,192,0.022,0.041,0.112
3,193,0.022,0.04,0.113
3,194,0.037,0.063,0.103
3,195,0.029,0.051,0.109
3,196,0.04,0.068,0.103
3,197,0.028,0.049,0.111
3,198,0.028,0.05,0.111
3,199,0.022,0.04,0.117
3,20,0.002,0.005,0.1
3,200,0.013,0.026,0.127
3,201,0.012,0.024,0.129
3,202,0.017,0.033,0.123
3,203,0.029,0.052,0.113
3,204,0.026,0.047,0.117
3,205,0.014,0.027,0.129
3,206,0.019,0.036,0.124
3,207,0.019,0.035,0.125
3,208,0.031,0.055,0.115
3,209,0.017,0.033,0.127
3,21,0.0,0.001,0.117
3,210,0.022,0.04,0.124
3,211,0.04,0.067,0.111
3,212,0.011,0.023,0.137
3,213,0.01,0.021,0.139
3,214,0.018,0.034,0.129
3,215,0.022,0.04,0.126
3,216,0.011,0.022,0.14
3,217,0.01,0.021,0.142
3,218,0.011,0.023,0.141
3,219,0.009,0.02,0.145
3,22,0.001,0.002,0.11
3,220,0.012,0.024,0.141
3,221,0.008,0.017,0.148
3,222,0.012,0.024,0.141
3,223,0.012,0.025,0.141
3,224,0.012,0.024,0.143
3,225,0.019,0.035,0.134
3,226,0.008,0.017,0.152
3,227,0.009,0.019,0.15
3,228,0.01,0.021,0.147
3,229,0.005,0.011,0.163
3,23,0.001,0.002,0.112
3,230,0.004,0.009,0.168
3,231,0.007,0.014,0.158
3,232,0.007,0.016,0.155
3,233,0.003,0.006,0.176
3,234,0.006,0.013,0.16
3,235,0.004,0.009,0.17
3,236,0.004,0.009,0.171
3,237,0.004,0.009,0.171
3,238,0.004,0.01,0.17
3,239,0.002,0.006,0.183
3,24,0.0,0.002,0.113
3,240,0.005,0.011,0.169
3,241,0.003,0.007,0.18
3,242,0.003,0.007,0.179
3,243,0.005,0.012,0.169
3,244,0.002,0.006,0.187
3,245,0.002,0.004,0.195
3,246,0.005,0.011,0.177
3,247,0.001,0.004,0.201
3,248,0.002,0.005,0.196
3,249,0.001,0.003,0.211
3,25,0.002,0.005,0.101
3,250,0.001,0.002,0.218
3,26,0.0,0.001,0.114
3,27,0.0,0.001,0.116
3,28,0.0,0.001,0.122
3,29,0.001,0.002,0.111
3,30,0.002,0.006,0.099
3,31,0.0,0.001,0.123
3,32,0.004,0.009,0.094
3,33,0.001,0.002,0.11
3,34,0.001,0.003,0.107
3,35,0.001,0.002,0.11
3,36,0.001,0.004,0.105
3,37,0.001,0.004,0.103
3,38,0.002,0.006,0.098
3,39,0.001,0.003,0.105
3,40,0.006,0.014,0.089
3,41,0.002,0.005,0.102
3,42,0.002,0.005,0.101
3,43,0.001,0.003,0.108
3,44,0.004,0.01,0.093
3,45,0.003,0.007,0.098
3,46,0.002,0.004,0.104
3,47,0.005,0.012,0.091
3,48,0.001,0.003,0.106
3,49,0.004,0.009,0.095
3,50,0.004,0.009,0.095
3,51,0.013,0.026,0.082
3,52,0.008,0.018,0.087
3,53,0.004,0.01,0.095
3,54,0.009,0.018,0.087
3,55,0.007,0.015,0.09
3,56,0.006,0.013,0.092
3,57,0.011,0.023,0.085
3,58,0.01,0.021,0.086
3,59,0.006,0.013,0.092
3,60,0.008,0.016,0.09
3,61,0.011,0.023,0.085
3,62,0.015,0.03,0.082
3,63,0.008,0.017,0.09
3,64,0.006,0.014,0.092
3,65,0.009,0.018,0.089
3,66,0.015,0.029,0.083
3,67,0.028,0.051,0.075
3,68,0.012,0.023,0.087
3,69,0.013,0.026,0.085
3,7,0.008,0.017,0.095
3,70,0.017,0.032,0.082
3,71,0.008,0.018,0.091
3,72,0.01,0.021,0.089
3,73,0.005,0.011,0.098
3,74,0.006,0.013,0.095
3,75,0.007,0.015,0.095
3,76,0.005,0.011,0.099
3,77,0.004,0.009,0.102
3,78,0.003,0.007,0.105
3,79,0.002,0.004,0.111
3,8,0.005,0.011,0.1
3,80,0.002,0.004,0.112
3,81,0.002,0.005,0.111
3,82,0.002,0.004,0.113
3,83,0.001,0.003,0.117
3,84,0.001,0.002,0.12
3,85,0.001,0.003,0.117
3,86,0.003,0.007,0.108
3,87,0.0,0.002,0.126
3,88,0.0,0.002,0.126
3,89,0.002,0.004,0.115
3,9,0.003,0.008,0.102
3,90,0.004,0.009,0.106
3,91,0.007,0.016,0.098
3,92,0.004,0.01,0.105
3,93,0.007,0.016,0.098
3,94,0.007,0.016,0.099
3,95,0.012,0.024,0.093
3,96,0.002,0.005,0.115
3,97,0.005,0.011,0.104
3,98,0.01,0.02,0.096
3,99,0.011,0.023,0.094
30,10,0.002,0.006,0.102
30,100,0.0,0.0,0.188
30,101,0.0,0.0,0.18
30,102,0.0,0.0,0.194
30,103,0.0,0.0,0.188
30,104,0.0,0.0,0.182
30,105,0.0,0.0,0.177
30,106,0.0,0.0,0.188
30,107,0.0,0.0,0.201
30,108,0.0,0.0,0.202
30,109,0.0,0.0,0.194
30,11,0.003,0.006,0.1
30,110,0.0,0.0,0.2
30,111,0.0,0.0,0.192
30,112,0.0,0.0,0.201
30,113,0.0,0.0,0.215
30,114,0.0,0.0,0.226
30,115,0.0,0.0,0.236
30,116,0.0,0.0,0.229
30,117,0.0,0.0,0.216
30,118,0.0,0.0,0.209
30,119,0.0,0.0,0.217
30,12,0.002,0.004,0.104
30,120,0.0,0.0,0.211
30,121,0.0,0.0,0.223
30,122,0.0,0.0,0.207
30,123,0.0,0.0,0.209
30,124,0.0,0.0,0.221
30,125,0.0,0.0,0.215
30,126,0.0,0.0,0.215
30,127,0.0,0.0,0.219
30,128,0.0,0.0,0.22
30,129,0.0,0.0,0.229
30,13,0.002,0.004,0.103
30,130,0.0,0.0,0.229
30,131,0.0,0.0,0.219
30,132,0.0,0.0,0.227
30,133,0.0,0.0,0.236
30,134,0.0,0.0,0.232
30,135,0.0,0.0,0.243
30,136,0.0,0.0,0.243
30,137,0.0,0.0,0.239
30,138,0.0,0.0,0.238
30,139,0.0,0.0,0.239
30,14,0.0,0.001,0.122
30,140,0.0,0.0,0.228
30,141,0.0,0.0,0.226
30,142,0.0,0.0,0.227
30,143,0.0,0.0,0.225
30,144,0.0,0.0,0.219
30,145,0.0,0.0,0.215
30,146,0.0,0.0,0.223
30,147,0.0,0.0,0.221
30,148,0.0,0.0,0.227
30,149,0.0,0.0,0.218
30,15,0.0,0.0,0.126
30,150,0.0,0.0,0.215
30,151,0.0,0.0,0.203
30,152,0.0,0.0,0.208
30,153,0.0,0.0,0.199
30,154,0.0,0.0,0.195
30,155,0.0,0.0,0.191
30,156,0.0,0.0,0.179
30,157,0.0,0.0,0.182
30,158,0.0,0.0,0.183
30,159,0.0,0.0,0.184
30,16,0.0,0.0,0.129
30,160,0.0,0.0,0.187
30,161,0.0,0.0,0.178
30,162,0.0,0.0,0.182
30,163,0.0,0.0,0.179
30,164,0.0,0.0,0.184
30,165,0.0,0.0,0.176
30,166,0.0,0.0,0.183
30,167,0.0,0.0,0.182
30,168,0.0,0.0,0.175
30,169,0.0,0.001,0.165
30,17,0.0,0.001,0.117
30,170,0.0,0.001,0.163
30,171,0.0,0.001,0.169
30,172,0.0,0.001,0.164
30,173,0.0,0.001,0.162
30,174,0.0,0.001,0.161
30,175,0.0,0.001,0.158
30,176,0.0,0.001,0.163
30,177,0.0,0.001,0.163
30,178,0.0,0.001,0.17
30,179,0.0,0.001,0.162
30,18,0.0,0.0,0.132
30,180,0.0,0.001,0.166
30,181,0.0,0.001,0.167
30,182,0.0,0.001,0.163
30,183,0.0,0.0,0.177
30,184,0.0,0.001,0.159
30,185,0.0,0.0,0.175
30,186,0.0,0.001,0.167
30,187,0.0,0.0,0.17
30,188,0.0,0.0,0.196
30,189,0.0,0.0,0.191
30,19,0.0,0.0,0.139
30,190,0.0,0.0,0.181
30,191,0.0,0.0,0.189
30,192,0.0,0.0,0.197
30,193,0.0,0.0,0.175
30,194,0.0,0.0,0.175
30,195,0.0,0.0,0.185
30,196,0.0,0.0,0.19
30,197,0.0,0.0,0.186
30,198,0.0,0.0,0.178
30,199,0.0,0.0,0.176
30,20,0.0,0.0,0.136
30,200,0.0,0.0,0.174
30,201,0.0,0.0,0.173
30,202,0.0,0.0,0.169
30,203,0.0,0.001,0.165
30,204,0.0,0.001,0.157
30,205,0.0,0.001,0.162
30,206,0.0,0.001,0.157
30,207,0.0,0.0,0.173
30,208,0.0,0.001,0.166
30,209,0.0,0.001,0.16
30,21,0.0,0.0,0.13
30,210,0.0,0.001,0.165
30,211,0.0,0.001,0.164
30,212,0.0,0.0,0.172
30,213,0.0,0.001,0.165
30,214,0.0,0.001,0.159
30,215,0.0,0.001,0.162
30,216,0.0,0.001,0.158
30,217,0.001,0.002,0.155
30,218,0.0,0.001,0.173
30,219,0.0,0.0,0.181
30,22,0.0,0.0,0.13
30,220,0.0,0.001,0.164
30,221,0.001,0.002,0.159
30,222,0.001,0.002,0.162
30,223,0.001,0.003,0.156
30,224,0.001,0.003,0.157
30,225,0.001,0.002,0.16
30,226,0.001,0.004,0.153
30,227,0.002,0.004,0.153
30,228,0.004,0.009,0.141
30,229,0.003,0.008,0.146
30,23,0.0,0.0,0.149
30,230,0.003,0.008,0.147
30,231,0.007,0.016,0.136
30,232,0.003,0.008,0.151
30,233,0.002,0.004,0.162
30,234,0.002,0.006,0.158
30,235,0.005,0.011,0.149
30,236,0.003,0.008,0.157
30,237,0.008,0.016,0.145
30,238,0.009,0.019,0.144
30,239,0.003,0.007,0.168
30,24,0.0,0.0,0.145
30,240,0.007,0.014,0.155
30,241,0.007,0.016,0.153
30,242,0.006,0.013,0.161
30,243,0.009,0.019,0.155
30,244,0.014,0.028,0.147
30,245,0.013,0.026,0.152
30,246,0.006,0.014,0.17
30,247,0.012,0.024,0.158
30,248,0.014,0.028,0.157
30,249,0.011,0.023,0.165
30,25,0.0,0.0,0.152
30,250,0.014,0.028,0.16
30,251,0.015,0.03,0.161
30,26,0.0,0.0,0.145
30,27,0.0,0.0,0.153
30,28,0.0,0.0,0.146
30,29,0.0,0.0,0.145
30,30,0.0,0.0,0.146
30,31,0.0,0.0,0.147
30,32,0.0,0.0,0.147
30,33,0.0,0.0,0.156
30,34,0.0,0.0,0.148
30,35,0.0,0.0,0.146
30,36,0.0,0.0,0.152
30,37,0.0,0.0,0.139
30,38,0.0,0.0,0.143
30,39,0.0,0.0,0.142
30,40,0.0,0.0,0.148
30,41,0.0,0.0,0.15
30,42,0.0,0.0,0.153
30,43,0.0,0.0,0.15
30,44,0.0,0.0,0.138
30,45,0.0,0.0,0.153
30,46,0.0,0.0,0.146
30,47,0.0,0.0,0.157
30,48,0.0,0.0,0.163
30,49,0.0,0.0,0.167
30,50,0.0,0.0,0.154
30,51,0.0,0.0,0.158
30,52,0.0,0.0,0.163
30,53,0.0,0.0,0.172
30,54,0.0,0.0,0.154
30,55,0.0,0.0,0.167
30,56,0.0,0.0,0.168
30,57,0.0,0.0,0.168
30,58,0.0,0.0,0.168
30,59,0.0,0.0,0.147
30,6,0.002,0.004,0.108
30,60,0.0,0.0,0.145
30,61,0.0,0.0,0.162
30,62,0.0,0.0,0.165
30,63,0.0,0.0,0.149
30,64,0.0,0.0,0.153
30,65,0.0,0.0,0.154
30,66,0.0,0.0,0.155
30,67,0.0,0.0,0.172
30,68,0.0,0.0,0.161
30,69,0.0,0.0,0.159
30,7,0.004,0.009,0.099
30,70,0.0,0.0,0.153
30,71,0.0,0.0,0.147
30,72,0.0,0.0,0.164
30,73,0.0,0.0,0.167
30,74,0.0,0.0,0.154
30,75,0.0,0.0,0.16
30,76,0.0,0.0,0.159
30,77,0.0,0.0,0.161
30,78,0.0,0.0,0.168
30,79,0.0,0.0,0.162
30,8,0.005,0.011,0.096
30,80,0.0,0.0,0.159
30,81,0.0,0.0,0.159
30,82,0.0,0.0,0.172
30,83,0.0,0.0,0.178
30,84,0.0,0.0,0.169
30,85,0.0,0.0,0.18
30,86,0.0,0.0,0.186
30,87,0.0,0.0,0.182
30,88,0.0,0.0,0.182
30,89,0.0,0.0,0.188
30,9,0.003,0.008,0.099
30,90,0.0,0.0,0.191
30,91,0.0,0.0,0.194
30,92,0.0,0.0,0.195
30,93,0.0,0.0,0.2
30,94,0.0,0.0,0.193
30,95,0.0,0.0,0.19
30,96,0.0,0.0,0.197
30,97,0.0,0.0,0.193
30,98,0.0,0.0,0.193
30,99,0.0,0.0,0.188
31,10,0.003,0.007,0.1
31,100,0.0,0.0,0.189
31,101,0.0,0.0,0.188
31,102,0.0,0.0,0.189
31,103,0.0,0.0,0.185
31,104,0.0,0.0,0.192
31,105,0.0,0.0,0.2
31,106,0.0,0.0,0.202
31,107,0.0,0.0,0.202
31,108,0.0,0.0,0.196
31,109,0.0,0.0,0.193
31,11,0.001,0.003,0.109
31,110,0.0,0.0,0.19
31,111,0.0,0.0,0.188
31,112,0.0,0.0,0.205
31,113,0.0,0.0,0.209
31,114,0.0,0.0,0.206
31,115,0.0,0.0,0.208
31,116,0.0,0.0,0.215
31,117,0.0,0.0,0.212
31,118,0.0,0.0,0.209
31,119,0.0,0.0,0.214
31,12,0.0,0.001,0.127
31,120,0.0,0.0,0.209
31,121,0.0,0.0,0.222
31,122,0.0,0.0,0.216
31,123,0.0,0.0,0.217
31,124,0.0,0.0,0.222
31,125,0.0,0.0,0.212
31,126,0.0,0.0,0.205
31,127,0.0,0.0,0.22
31,128,0.0,0.0,0.22
31,129,0.0,0.0,0.222
31,13,0.0,0.001,0.119
31,130,0.0,0.0,0.224
31,131,0.0,0.0,0.221
31,132,0.0,0.0,0.229
31,133,0.0,0.0,0.237
31,134,0.0,0.0,0.237
31,135,0.0,0.0,0.243
31,136,0.0,0.0,0.226
31,137,0.0,0.0,0.231
31,138,0.0,0.0,0.235
31,139,0.0,0.0,0.238
31,14,0.0,0.001,0.12
31,140,0.0,0.0,0.226
31,141,0.0,0.0,0.234
31,142,0.0,0.0,0.23
31,143,0.0,0.0,0.241
31,144,0.0,0.0,0.241
31,145,0.0,0.0,0.23
31,146,0.0,0.0,0.239
31,147,0.0,0.0,0.243
31,148,0.0,0.0,0.245
31,149,0.0,0.0,0.24
31,15,0.001,0.002,0.112
31,150,0.0,0.0,0.237
31,151,0.0,0.0,0.241
31,152,0.0,0.0,0.232
31,153,0.0,0.0,0.221
31,154,0.0,0.0,0.205
31,155,0.0,0.0,0.218
31,156,0.0,0.0,0.212
31,157,0.0,0.0,0.215
31,158,0.0,0.0,0.216
31,159,0.0,0.0,0.209
31,16,0.0,0.001,0.123
31,160,0.0,0.0,0.203
31,161,0.0,0.0,0.186
31,162,0.0,0.0,0.19
31,163,0.0,0.0,0.186
31,164,0.0,0.0,0.18
31,165,0.0,0.0,0.188
31,166,0.0,0.0,0.185
31,167,0.0,0.001,0.173
31,168,0.0,0.0,0.175
31,169,0.0,0.001,0.171
31,17,0.0,0.001,0.125
31,170,0.0,0.001,0.172
31,171,0.0,0.0,0.181
31,172,0.0,0.0,0.182
31,173,0.0,0.001,0.165
31,174,0.0,0.001,0.162
31,175,0.0,0.0,0.175
31,176,0.0,0.0,0.179
31,177,0.0,0.0,0.173
31,178,0.0,0.0,0.171
31,179,0.0,0.001,0.168
31,18,0.0,0.0,0.128
31,180,0.0,0.0,0.171
31,181,0.0,0.0,0.179
31,182,0.0,0.0,0.185
31,183,0.0,0.0,0.19
31,184,0.0,0.0,0.194
31,185,0.0,0.0,0.177
31,186,0.0,0.0,0.172
31,187,0.0,0.0,0.175
31,188,0.0,0.001,0.161
31,189,0.0,0.0,0.168
31,19,0.0,0.0,0.133
31,190,0.0,0.0,0.17
31,191,0.0,0.0,0.168
31,192,0.0,0.0,0.18
31,193,0.0,0.0,0.182
31,194,0.0,0.0,0.173
31,195,0.0,0.0,0.169
31,196,0.0,0.001,0.164
31,197,0.0,0.0,0.168
31,198,0.0,0.0,0.177
31,199,0.0,0.0,0.179
31,20,0.0,0.0,0.13
31,200,0.0,0.0,0.177
31,201,0.0,0.0,0.175
31,202,0.0,0.0,0.183
31,203,0.0,0.0,0.179
31,204,0.0,0.0,0.174
31,205,0.0,0.001,0.16
31,206,0.0,0.0,0.174
31,207,0.0,0.0,0.171
31,208,0.0,0.001,0.161
31,209,0.0,0.0,0.179
31,21,0.0,0.0,0.147
31,210,0.0,0.001,0.162
31,211,0.0,0.001,0.162
31,212,0.0,0.001,0.158
31,213,0.0,0.001,0.155
31,214,0.0,0.001,0.16
31,215,0.001,0.003,0.147
31,216,0.002,0.005,0.138
31,217,0.001,0.004,0.143
31,218,0.002,0.004,0.142
31,219,0.001,0.003,0.149
31,22,0.0,0.0,0.146
31,220,0.002,0.004,0.144
31,221,0.001,0.004,0.146
31,222,0.003,0.007,0.139
31,223,0.001,0.004,0.149
31,224,0.002,0.005,0.146
31,225,0.003,0.007,0.142
31,226,0.003,0.008,0.14
31,227,0.002,0.005,0.149
31,228,0.002,0.005,0.15
31,229,0.004,0.009,0.142
31,23,0.0,0.0,0.142
31,230,0.003,0.008,0.145
31,231,0.005,0.012,0.141
31,232,0.005,0.012,0.141
31,233,0.003,0.007,0.153
31,234,0.003,0.007,0.155
31,235,0.005,0.011,0.148
31,236,0.003,0.007,0.158
31,237,0.011,0.022,0.138
31,238,0.007,0.015,0.148
31,239,0.004,0.009,0.161
31,24,0.0,0.0,0.137
31,240,0.005,0.011,0.158
31,241,0.008,0.018,0.15
31,242,0.003,0.007,0.173
31,243,0.006,0.013,0.162
31,244,0.005,0.01,0.169
31,245,0.011,0.023,0.154
31,246,0.014,0.028,0.151
31,247,0.011,0.022,0.159
31,248,0.013,0.025,0.158
31,249,0.008,0.017,0.171
31,25,0.0,0.0,0.156
31,250,0.009,0.018,0.172
31,251,0.009,0.018,0.174
31,26,0.0,0.0,0.141
31,27,0.0,0.0,0.156
31,28,0.0,0.0,0.157
31,29,0.0,0.0,0.131
31,30,0.0,0.0,0.16
31,31,0.0,0.0,0.164
31,32,0.0,0.0,0.17
31,33,0.0,0.0,0.164
31,34,0.0,0.0,0.165
31,35,0.0,0.0,0.159
31,36,0.0,0.0,0.164
31,37,0.0,0.0,0.157
31,38,0.0,0.0,0.172
31,39,0.0,0.0,0.171
31,40,0.0,0.0,0.163
31,41,0.0,0.0,0.166
31,42,0.0,0.0,0.172
31,43,0.0,0.0,0.157
31,44,0.0,0.0,0.173
31,45,0.0,0.0,0.159
31,46,0.0,0.0,0.166
31,47,0.0,0.0,0.167
31,48,0.0,0.0,0.149
31,49,0.0,0.0,0.155
31,50,0.0,0.0,0.161
31,51,0.0,0.0,0.154
31,52,0.0,0.0,0.147
31,53,0.0,0.0,0.162
31,54,0.0,0.0,0.151
31,55,0.0,0.0,0.152
31,56,0.0,0.0,0.151
31,57,0.0,0.0,0.155
31,58,0.0,0.0,0.156
31,59,0.0,0.0,0.15
31,6,0.01,0.021,0.089
31,60,0.0,0.0,0.151
31,61,0.0,0.0,0.166
31,62,0.0,0.0,0.172
31,63,0.0,0.0,0.163
31,64,0.0,0.0,0.152
31,65,0.0,0.0,0.163
31,66,0.0,0.0,0.16
31,67,0.0,0.0,0.163
31,68,0.0,0.0,0.161
31,69,0.0,0.0,0.167
31,7,0.009,0.019,0.09
31,70,0.0,0.0,0.164
31,71,0.0,0.0,0.163
31,72,0.0,0.0,0.162
31,73,0.0,0.0,0.165
31,74,0.0,0.0,0.165
31,75,0.0,0.0,0.161
31,76,0.0,0.0,0.183
31,77,0.0,0.0,0.183
31,78,0.0,0.0,0.168
31,79,0.0,0.0,0.178
31,8,0.002,0.004,0.108
31,80,0.0,0.0,0.179
31,81,0.0,0.0,0.181
31,82,0.0,0.0,0.192
31,83,0.0,0.0,0.191
31,84,0.0,0.0,0.191
31,85,0.0,0.0,0.197
31,86,0.0,0.0,0.193
31,87,0.0,0.0,0.199
31,88,0.0,0.0,0.198
31,89,0.0,0.0,0.201
31,9,0.001,0.004,0.109
31,90,0.0,0.0,0.199
31,91,0.0,0.0,0.198
31,92,0.0,0.0,0.187
31,93,0.0,0.0,0.19
31,94,0.0,0.0,0.189
31,95,0.0,0.0,0.199
31,96,0.0,0.0,0.195
31,97,0.0,0.0,0.191
31,98,0.0,0.0,0.191
31,99,0.0,0.0,0.188
32,10,0.0,0.001,0.125
32,100,0.0,0.0,0.199
32,101,0.0,0.0,0.204
32,102,0.0,0.0,0.194
32,103,0.0,0.0,0.195
32,104,0.0,0.0,0.197
32,105,0.0,0.0,0.21
32,106,0.0,0.0,0.203
32,107,0.0,0.0,0.209
32,108,0.0,0.0,0.201
32,109,0.0,0.0,0.201
32,11,0.0,0.0,0.14
32,110,0.0,0.0,0.208
32,111,0.0,0.0,0.206
32,112,0.0,0.0,0.202
32,113,0.0,0.0,0.208
32,114,0.0,0.0,0.203
32,115,0.0,0.0,0.201
32,116,0.0,0.0,0.203
32,117,0.0,0.0,0.211
32,118,0.0,0.0,0.215
32,119,0.0,0.0,0.204
32,12,0.0,0.0,0.14
32,120,0.0,0.0,0.212
32,121,0.0,0.0,0.205
32,122,0.0,0.0,0.209
32,123,0.0,0.0,0.205
32,124,0.0,0.0,0.21
32,125,0.0,0.0,0.215
32,126,0.0,0.0,0.216
32,127,0.0,0.0,0.214
32,128,0.0,0.0,0.226
32,129,0.0,0.0,0.225
32,13,0.0,0.001,0.121
32,130,0.0,0.0,0.227
32,131,0.0,0.0,0.219
32,132,0.0,0.0,0.221
32,133,0.0,0.0,0.222
32,134,0.0,0.0,0.233
32,135,0.0,0.0,0.23
32,136,0.0,0.0,0.227
32,137,0.0,0.0,0.216
32,138,0.0,0.0,0.215
32,139,0.0,0.0,0.229
32,14,0.0,0.0,0.131
32,140,0.0,0.0,0.238
32,141,0.0,0.0,0.22
32,142,0.0,0.0,0.225
32,143,0.0,0.0,0.222
32,144,0.0,0.0,0.214
32,145,0.0,0.0,0.227
32,146,0.0,0.0,0.225
32,147,0.0,0.0,0.221
32,148,0.0,0.0,0.216
32,149,0.0,0.0,0.218
32,15,0.0,0.001,0.122
32,150,0.0,0.0,0.211
32,151,0.0,0.0,0.212
32,152,0.0,0.0,0.205
32,153,0.0,0.0,0.208
32,154,0.0,0.0,0.215
32,155,0.0,0.0,0.217
32,156,0.0,0.0,0.215
32,157,0.0,0.0,0.206
32,158,0.0,0.0,0.201
32,159,0.0,0.0,0.196
32,16,0.0,0.0,0.144
32,160,0.0,0.0,0.199
32,161,0.0,0.0,0.202
32,162,0.0,0.0,0.197
32,163,0.0,0.0,0.193
32,164,0.0,0.0,0.177
32,165,0.0,0.0,0.177
32,166,0.0,0.0,0.193
32,167,0.0,0.0,0.182
32,168,0.0,0.001,0.171
32,169,0.0,0.001,0.171
32,17,0.0,0.0,0.14
32,170,0.0,0.0,0.185
32,171,0.0,0.0,0.187
32,172,0.0,0.0,0.188
32,173,0.0,0.0,0.18
32,174,0.0,0.0,0.193
32,175,0.0,0.0,0.185
32,176,0.0,0.0,0.183
32,177,0.0,0.0,0.182
32,178,0.0,0.0,0.185
32,179,0.0,0.0,0.18
32,18,0.0,0.0,0.147
32,180,0.0,0.0,0.177
32,181,0.0,0.0,0.177
32,182,0.0,0.0,0.179
32,183,0.0,0.0,0.182
32,184,0.0,0.0,0.183
32,185,0.0,0.0,0.176
32,186,0.0,0.0,0.189
32,187,0.0,0.0,0.193
32,188,0.0,0.0,0.195
32,189,0.0,0.0,0.183
32,19,0.0,0.0,0.138
32,190,0.0,0.0,0.182
32,191,0.0,0.0,0.188
32,192,0.0,0.0,0.175
32,193,0.0,0.0,0.173
32,194,0.0,0.0,0.184
32,195,0.0,0.0,0.178
32,196,0.0,0.0,0.188
32,197,0.0,0.0,0.183
32,198,0.0,0.0,0.185
32,199,0.0,0.0,0.174
32,20,0.0,0.0,0.129
32,200,0.0,0.0,0.17
32,201,0.0,0.001,0.161
32,202,0.0,0.0,0.169
32,203,0.0,0.0,0.17
32,204,0.0,0.0,0.176
32,205,0.0,0.0,0.174
32,206,0.0,0.0,0.172
32,207,0.0,0.0,0.176
32,208,0.0,0.0,0.168
32,209,0.0,0.001,0.162
32,21,0.0,0.0,0.141
32,210,0.0,0.001,0.157
32,211,0.0,0.0,0.172
32,212,0.0,0.001,0.164
32,213,0.0,0.001,0.169
32,214,0.001,0.002,0.151
32,215,0.0,0.001,0.158
32,216,0.0,0.001,0.164
32,217,0.0,0.001,0.159
32,218,0.001,0.003,0.148
32,219,0.002,0.006,0.139
32,22,0.0,0.0,0.149
32,220,0.002,0.005,0.143
32,221,0.002,0.005,0.141
32,222,0.004,0.008,0.135
32,223,0.002,0.005,0.144
32,224,0.004,0.01,0.134
32,225,0.003,0.007,0.14
32,226,0.004,0.009,0.137
32,227,0.003,0.006,0.144
32,228,0.006,0.012,0.134
32,229,0.002,0.006,0.149
32,23,0.0,0.0,0.142
32,230,0.002,0.006,0.15
32,231,0.005,0.012,0.139
32,232,0.006,0.013,0.139
32,233,0.004,0.01,0.145
32,234,0.003,0.006,0.156
32,235,0.007,0.015,0.141
32,236,0.006,0.013,0.147
32,237,0.006,0.013,0.147
32,238,0.003,0.008,0.159
32,239,0.008,0.017,0.146
32,24,0.0,0.0,0.144
32,240,0.009,0.018,0.147
32,241,0.01,0.021,0.146
32,242,0.019,0.036,0.135
32,243,0.009,0.019,0.152
32,244,0.006,0.012,0.165
32,245,0.014,0.027,0.148
32,246,0.005,0.012,0.171
32,247,0.006,0.013,0.171
32,248,0.008,0.017,0.167
32,249,0.012,0.024,0.161
32,25,0.0,0.0,0.144
32,250,0.012,0.024,0.163
32,251,0.007,0.016,0.176
32,26,0.0,0.0,0.145
32,27,0.0,0.0,0.153
32,28,0.0,0.0,0.151
32,29,0.0,0.0,0.157
32,30,0.0,0.0,0.148
32,31,0.0,0.0,0.167
32,32,0.0,0.0,0.155
32,33,0.0,0.0,0.167
32,34,0.0,0.0,0.172
32,35,0.0,0.0,0.165
32,36,0.0,0.0,0.166
32,37,0.0,0.0,0.174
32,38,0.0,0.0,0.173
32,39,0.0,0.0,0.169
32,40,0.0,0.0,0.16
32,41,0.0,0.0,0.162
32,42,0.0,0.0,0.174
32,43,0.0,0.0,0.178
32,44,0.0,0.0,0.168
32,45,0.0,0.0,0.159
32,46,0.0,0.0,0.166
32,47,0.0,0.0,0.162
32,48,0.0,0.0,0.172
32,49,0.0,0.0,0.18
32,50,0.0,0.0,0.166
32,51,0.0,0.0,0.179
32,52,0.0,0.0,0.176
32,53,0.0,0.0,0.173
32,54,0.0,0.0,0.167
32,55,0.0,0.0,0.172
32,56,0.0,0.0,0.175
32,57,0.0,0.0,0.156
32,58,0.0,0.0,0.167
32,59,0.0,0.0,0.171
32,6,0.001,0.002,0.116
32,60,0.0,0.0,0.165
32,61,0.0,0.0,0.17
32,62,0.0,0.0,0.172
32,63,0.0,0.0,0.172
32,64,0.0,0.0,0.164
32,65,0.0,0.0,0.162
32,66,0.0,0.0,0.166
32,67,0.0,0.0,0.177
32,68,0.0,0.0,0.179
32,69,0.0,0.0,0.163
32,7,0.0,0.001,0.123
32,70,0.0,0.0,0.173
32,71,0.0,0.0,0.17
32,72,0.0,0.0,0.163
32,73,0.0,0.0,0.168
32,74,0.0,0.0,0.174
32,75,0.0,0.0,0.171
32,76,0.0,0.0,0.18
32,77,0.0,0.0,0.174
32,78,0.0,0.0,0.165
32,79,0.0,0.0,0.183
32,8,0.0,0.001,0.126
32,80,0.0,0.0,0.192
32,81,0.0,0.0,0.191
32,82,0.0,0.0,0.184
32,83,0.0,0.0,0.19
32,84,0.0,0.0,0.195
32,85,0.0,0.0,0.188
32,86,0.0,0.0,0.189
32,87,0.0,0.0,0.191
32,88,0.0,0.0,0.196
32,89,0.0,0.0,0.208
32,9,0.0,0.001,0.129
32,90,0.0,0.0,0.208
32,91,0.0,0.0,0.207
32,92,0.0,0.0,0.19
32,93,0.0,0.0,0.203
32,94,0.0,0.0,0.191
32,95,0.0,0.0,0.198
32,96,0.0,0.0,0.199
32,97,0.0,0.0,0.196
32,98,0.0,0.0,0.192
32,99,0.0,0.0,0.202
33,10,0.0,0.0,0.146
33,100,0.0,0.0,0.21
33,101,0.0,0.0,0.221
33,102,0.0,0.0,0.224
33,103,0.0,0.0,0.222
33,104,0.0,0.0,0.227
33,105,0.0,0.0,0.213
33,106,0.0,0.0,0.217
33,107,0.0,0.0,0.228
33,108,0.0,0.0,0.21
33,109,0.0,0.0,0.208
33,11,0.0,0.0,0.144
33,110,0.0,0.0,0.211
33,111,0.0,0.0,0.23
33,112,0.0,0.0,0.231
33,113,0.0,0.0,0.217
33,114,0.0,0.0,0.211
33,115,0.0,0.0,0.213
33,116,0.0,0.0,0.206
33,117,0.0,0.0,0.21
33,118,0.0,0.0,0.208
33,119,0.0,0.0,0.213
33,12,0.0,0.001,0.126
33,120,0.0,0.0,0.225
33,121,0.0,0.0,0.216
33,122,0.0,0.0,0.217
33,123,0.0,0.0,0.22
33,124,0.0,0.0,0.218
33,125,0.0,0.0,0.207
33,126,0.0,0.0,0.21
33,127,0.0,0.0,0.215
33,128,0.0,0.0,0.219
33,129,0.0,0.0,0.22
33,13,0.0,0.0,0.141
33,130,0.0,0.0,0.226
33,131,0.0,0.0,0.231
33,132,0.0,0.0,0.228
33,133,0.0,0.0,0.219
33,134,0.0,0.0,0.221
33,135,0.0,0.0,0.214
33,136,0.0,0.0,0.22
33,137,0.0,0.0,0.222
33,138,0.0,0.0,0.222
33,139,0.0,0.0,0.229
33,14,0.0,0.0,0.143
33,140,0.0,0.0,0.232
33,141,0.0,0.0,0.227
33,142,0.0,0.0,0.225
33,143,0.0,0.0,0.219
33,144,0.0,0.0,0.218
33,145,0.0,0.0,0.221
33,146,0.0,0.0,0.218
33,147,0.0,0.0,0.22
33,148,0.0,0.0,0.215
33,149,0.0,0.0,0.219
33,15,0.0,0.0,0.134
33,150,0.0,0.0,0.214
33,151,0.0,0.0,0.226
33,152,0.0,0.0,0.218
33,153,0.0,0.0,0.22
33,154,0.0,0.0,0.208
33,155,0.0,0.0,0.21
33,156,0.0,0.0,0.204
33,157,0.0,0.0,0.208
33,158,0.0,0.0,0.214
33,159,0.0,0.0,0.214
33,16,0.0,0.0,0.13
33,160,0.0,0.0,0.205
33,161,0.0,0.0,0.197
33,162,0.0,0.0,0.193
33,163,0.0,0.0,0.207
33,164,0.0,0.0,0.201
33,165,0.0,0.0,0.194
33,166,0.0,0.0,0.182
33,167,0.0,0.0,0.177
33,168,0.0,0.001,0.173
33,169,0.0,0.0,0.195
33,17,0.0,0.0,0.148
33,170,0.0,0.0,0.193
33,171,0.0,0.001,0.175
33,172,0.0,0.001,0.174
33,173,0.0,0.0,0.181
33,174,0.0,0.0,0.186
33,175,0.0,0.0,0.187
33,176,0.0,0.0,0.184
33,177,0.0,0.0,0.18
33,178,0.0,0.0,0.184
33,179,0.0,0.0,0.187
33,18,0.0,0.0,0.129
33,180,0.0,0.0,0.18
33,181,0.0,0.001,0.168
33,182,0.0,0.0,0.181
33,183,0.0,0.0,0.184
33,184,0.0,0.0,0.196
33,185,0.0,0.0,0.201
33,186,0.0,0.0,0.198
33,187,0.0,0.0,0.204
33,188,0.0,0.0,0.196
33,189,0.0,0.0,0.187
33,19,0.0,0.0,0.134
33,190,0.0,0.0,0.187
33,191,0.0,0.0,0.191
33,192,0.0,0.0,0.2
33,193,0.0,0.0,0.198
33,194,0.0,0.0,0.194
33,195,0.0,0.0,0.193
33,196,0.0,0.0,0.197
33,197,0.0,0.0,0.186
33,198,0.0,0.0,0.184
33,199,0.0,0.0,0.177
33,20,0.0,0.0,0.138
33,200,0.0,0.0,0.183
33,201,0.0,0.0,0.174
33,202,0.0,0.0,0.181
33,203,0.0,0.0,0.173
33,204,0.0,0.0,0.187
33,205,0.0,0.0,0.188
33,206,0.0,0.0,0.175
33,207,0.0,0.0,0.185
33,208,0.0,0.0,0.183
33,209,0.0,0.0,0.177
33,21,0.0,0.0,0.143
33,210,0.0,0.0,0.19
33,211,0.0,0.0,0.179
33,212,0.0,0.0,0.174
33,213,0.0,0.0,0.187
33,214,0.0,0.0,0.181
33,215,0.0,0.0,0.183
33,216,0.0,0.0,0.175
33,217,0.0,0.001,0.164
33,218,0.0,0.001,0.169
33,219,0.0,0.0,0.174
33,22,0.0,0.0,0.149
33,220,0.0,0.001,0.169
33,221,0.0,0.001,0.163
33,222,0.001,0.002,0.159
33,223,0.001,0.003,0.151
33,224,0.002,0.004,0.148
33,225,0.003,0.008,0.139
33,226,0.002,0.006,0.145
33,227,0.001,0.004,0.153
33,228,0.002,0.005,0.149
33,229,0.002,0.005,0.153
33,23,0.0,0.0,0.162
33,230,0.002,0.005,0.152
33,231,0.008,0.017,0.133
33,232,0.003,0.006,0.152
33,233,0.001,0.003,0.165
33,234,0.005,0.012,0.144
33,235,0.004,0.009,0.152
33,236,0.003,0.008,0.155
33,237,0.003,0.008,0.157
33,238,0.009,0.019,0.142
33,239,0.007,0.014,0.149
33,24,0.0,0.0,0.145
33,240,0.006,0.013,0.154
33,241,0.011,0.023,0.143
33,242,0.008,0.017,0.152
33,243,0.011,0.023,0.147
33,244,0.013,0.026,0.146
33,245,0.009,0.018,0.157
33,246,0.014,0.028,0.149
33,247,0.011,0.022,0.158
33,248,0.008,0.016,0.168
33,249,0.004,0.009,0.184
33,25,0.0,0.0,0.146
33,250,0.008,0.017,0.172
33,251,0.009,0.018,0.172
33,26,0.0,0.0,0.159
33,27,0.0,0.0,0.154
33,28,0.0,0.0,0.146
33,29,0.0,0.0,0.154
33,30,0.0,0.0,0.158
33,31,0.0,0.0,0.163
33,32,0.0,0.0,0.164
33,33,0.0,0.0,0.155
33,34,0.0,0.0,0.16
33,35,0.0,0.0,0.175
33,36,0.0,0.0,0.165
33,37,0.0,0.0,0.175
33,38,0.0,0.0,0.166
33,39,0.0,0.0,0.172
33,40,0.0,0.0,0.17
33,41,0.0,0.0,0.162
33,42,0.0,0.0,0.155
33,43,0.0,0.0,0.16
33,44,0.0,0.0,0.156
33,45,0.0,0.0,0.164
33,46,0.0,0.0,0.16
33,47,0.0,0.0,0.169
33,48,0.0,0.0,0.166
33,49,0.0,0.0,0.157
33,50,0.0,0.0,0.166
33,51,0.0,0.0,0.172
33,52,0.0,0.0,0.161
33,53,0.0,0.0,0.178
33,54,0.0,0.0,0.175
33,55,0.0,0.0,0.182
33,56,0.0,0.0,0.167
33,57,0.0,0.0,0.161
33,58,0.0,0.0,0.17
33,59,0.0,0.0,0.173
33,6,0.0,0.0,0.14
33,60,0.0,0.0,0.169
33,61,0.0,0.0,0.163
33,62,0.0,0.0,0.169
33,63,0.0,0.0,0.167
33,64,0.0,0.0,0.168
33,65,0.0,0.0,0.159
33,66,0.0,0.0,0.17
33,67,0.0,0.0,0.178
33,68,0.0,0.0,0.163
33,69,0.0,0.0,0.173
33,7,0.0,0.0,0.139
33,70,0.0,0.0,0.166
33,71,0.0,0.0,0.173
33,72,0.0,0.0,0.187
33,73,0.0,0.0,0.19
33,74,0.0,0.0,0.182
33,75,0.0,0.0,0.184
33,76,0.0,0.0,0.184
33,77,0.0,0.0,0.182
33,78,0.0,0.0,0.185
33,79,0.0,0.0,0.167
33,8,0.0,0.0,0.151
33,80,0.0,0.0,0.174
33,81,0.0,0.0,0.178
33,82,0.0,0.0,0.191
33,83,0.0,0.0,0.19
33,84,0.0,0.0,0.185
33,85,0.0,0.0,0.187
33,86,0.0,0.0,0.204
33,87,0.0,0.0,0.199
33,88,0.0,0.0,0.189
33,89,0.0,0.0,0.189
33,9,0.0,0.0,0.146
33,90,0.0,0.0,0.206
33,91,0.0,0.0,0.208
33,92,0.0,0.0,0.213
33,93,0.0,0.0,0.216
33,94,0.0,0.0,0.203
33,95,0.0,0.0,0.207
33,96,0.0,0.0,0.214
33,97,0.0,0.0,0.202
33,98,0.0,0.0,0.216
33,99,0.0,0.0,0.222
34,10,0.001,0.002,0.114
34,100,0.0,0.0,0.212
34,101,0.0,0.0,0.225
34,102,0.0,0.0,0.229
34,103,0.0,0.0,0.228
34,104,0.0,0.0,0.237
34,105,0.0,0.0,0.236
34,106,0.0,0.0,0.231
34,107,0.0,0.0,0.229
34,108,0.0,0.0,0.222
34,109,0.0,0.0,0.222
34,11,0.001,0.002,0.117
34,110,0.0,0.0,0.225
34,111,0.0,0.0,0.231
34,112,0.0,0.0,0.234
34,113,0.0,0.0,0.23
34,114,0.0,0.0,0.222
34,115,0.0,0.0,0.218
34,116,0.0,0.0,0.219
34,117,0.0,0.0,0.214
34,118,0.0,0.0,0.225
34,119,0.0,0.0,0.218
34,12,0.001,0.002,0.116
34,120,0.0,0.0,0.215
34,121,0.0,0.0,0.222
34,122,0.0,0.0,0.218
34,123,0.0,0.0,0.225
34,124,0.0,0.0,0.22
34,125,0.0,0.0,0.228
34,126,0.0,0.0,0.225
34,127,0.0,0.0,0.227
34,128,0.0,0.0,0.223
34,129,0.0,0.0,0.212
34,13,0.0,0.0,0.14
34,130,0.0,0.0,0.216
34,131,0.0,0.0,0.219
34,132,0.0,0.0,0.231
34,133,0.0,0.0,0.223
34,134,0.0,0.0,0.229
34,135,0.0,0.0,0.239
34,136,0.0,0.0,0.239
34,137,0.0,0.0,0.23
34,138,0.0,0.0,0.237
34,139,0.0,0.0,0.235
34,14,0.0,0.0,0.14
34,140,0.0,0.0,0.237
34,141,0.0,0.0,0.224
34,142,0.0,0.0,0.217
34,143,0.0,0.0,0.212
34,144,0.0,0.0,0.221
34,145,0.0,0.0,0.224
34,146,0.0,0.0,0.217
34,147,0.0,0.0,0.215
34,148,0.0,0.0,0.217
34,149,0.0,0.0,0.215
34,15,0.0,0.0,0.131
34,150,0.0,0.0,0.208
34,151,0.0,0.0,0.206
34,152,0.0,0.0,0.202
34,153,0.0,0.0,0.205
34,154,0.0,0.0,0.202
34,155,0.0,0.0,0.193
34,156,0.0,0.0,0.196
34,157,0.0,0.0,0.185
34,158,0.0,0.0,0.189
34,159,0.0,0.0,0.192
34,16,0.0,0.0,0.132
34,160,0.0,0.0,0.193
34,161,0.0,0.0,0.198
34,162,0.0,0.0,0.204
34,163,0.0,0.0,0.202
34,164,0.0,0.0,0.194
34,165,0.0,0.0,0.192
34,166,0.0,0.0,0.203
34,167,0.0,0.0,0.197
34,168,0.0,0.0,0.185
34,169,0.0,0.0,0.193
34,17,0.0,0.0,0.135
34,170,0.0,0.0,0.186
34,171,0.0,0.0,0.191
34,172,0.0,0.0,0.191
34,173,0.0,0.0,0.194
34,174,0.0,0.0,0.191
34,175,0.0,0.0,0.184
34,176,0.0,0.0,0.185
34,177,0.0,0.0,0.182
34,178,0.0,0.0,0.181
34,179,0.0,0.0,0.187
34,18,0.0,0.0,0.141
34,180,0.0,0.0,0.189
34,181,0.0,0.0,0.178
34,182,0.0,0.0,0.19
34,183,0.0,0.0,0.188
34,184,0.0,0.0,0.202
34,185,0.0,0.0,0.189
34,186,0.0,0.0,0.19
34,187,0.0,0.0,0.191
34,188,0.0,0.0,0.191
34,189,0.0,0.0,0.182
34,19,0.0,0.0,0.145
34,190,0.0,0.0,0.175
34,191,0.0,0.0,0.186
34,192,0.0,0.0,0.183
34,193,0.0,0.0,0.181
34,194,0.0,0.0,0.188
34,195,0.0,0.0,0.191
34,196,0.0,0.0,0.186
34,197,0.0,0.0,0.183
34,198,0.0,0.0,0.19
34,199,0.0,0.0,0.181
34,20,0.0,0.0,0.136
34,200,0.0,0.0,0.182
34,201,0.0,0.0,0.18
34,202,0.0,0.0,0.174
34,203,0.0,0.0,0.176
34,204,0.0,0.001,0.164
34,205,0.0,0.0,0.175
34,206,0.0,0.0,0.176
34,207,0.0,0.001,0.158
34,208,0.001,0.002,0.149
34,209,0.0,0.001,0.168
34,21,0.0,0.0,0.146
34,210,0.0,0.0,0.17
34,211,0.0,0.001,0.155
34,212,0.001,0.002,0.153
34,213,0.0,0.001,0.168
34,214,0.0,0.001,0.156
34,215,0.0,0.001,0.167
34,216,0.0,0.001,0.166
34,217,0.0,0.0,0.174
34,218,0.0,0.0,0.173
34,219,0.0,0.001,0.171
34,22,0.0,0.0,0.131
34,220,0.0,0.0,0.179
34,221,0.0,0.001,0.163
34,222,0.0,0.001,0.165
34,223,0.001,0.002,0.16
34,224,0.001,0.002,0.161
34,225,0.0,0.001,0.172
34,226,0.0,0.001,0.174
34,227,0.0,0.001,0.177
34,228,0.001,0.002,0.168
34,229,0.001,0.003,0.159
34,23,0.0,0.0,0.14
34,230,0.0,0.001,0.178
34,231,0.001,0.002,0.168
34,232,0.002,0.004,0.159
34,233,0.001,0.003,0.166
34,234,0.0,0.001,0.183
34,235,0.002,0.005,0.164
34,236,0.002,0.005,0.163
34,237,0.001,0.004,0.171
34,238,0.002,0.006,0.165
34,239,0.002,0.005,0.169
34,24,0.0,0.0,0.134
34,240,0.005,0.011,0.156
34,241,0.004,0.01,0.161
34,242,0.004,0.01,0.163
34,243,0.008,0.018,0.153
34,244,0.009,0.018,0.154
34,245,0.012,0.024,0.15
34,246,0.011,0.022,0.155
34,247,0.007,0.016,0.165
34,248,0.013,0.025,0.156
34,249,0.007,0.015,0.172
34,25,0.0,0.0,0.13
34,250,0.016,0.03,0.156
34,251,0.022,0.041,0.15
34,26,0.0,0.0,0.138
34,27,0.0,0.0,0.134
34,28,0.0,0.0,0.139
34,29,0.0,0.0,0.148
34,30,0.0,0.0,0.154
34,31,0.0,0.0,0.135
34,32,0.0,0.0,0.161
34,33,0.0,0.0,0.16
34,34,0.0,0.0,0.156
34,35,0.0,0.0,0.167
34,36,0.0,0.0,0.173
34,37,0.0,0.0,0.177
34,38,0.0,0.0,0.174
34,39,0.0,0.0,0.175
34,40,0.0,0.0,0.168
34,41,0.0,0.0,0.165
34,42,0.0,0.0,0.19
34,43,0.0,0.0,0.187
34,44,0.0,0.0,0.176
34,45,0.0,0.0,0.179
34,46,0.0,0.0,0.17
34,47,0.0,0.0,0.18
34,48,0.0,0.0,0.169
34,49,0.0,0.0,0.167
34,50,0.0,0.0,0.159
34,51,0.0,0.0,0.165
34,52,0.0,0.0,0.17
34,53,0.0,0.0,0.162
34,54,0.0,0.0,0.164
34,55,0.0,0.0,0.182
34,56,0.0,0.0,0.177
34,57,0.0,0.0,0.166
34,58,0.0,0.0,0.18
34,59,0.0,0.0,0.178
34,6,0.002,0.005,0.107
34,60,0.0,0.0,0.162
34,61,0.0,0.0,0.167
34,62,0.0,0.0,0.169
34,63,0.0,0.0,0.175
34,64,0.0,0.0,0.169
34,65,0.0,0.0,0.182
34,66,0.0,0.0,0.196
34,67,0.0,0.0,0.183
34,68,0.0,0.0,0.165
34,69,0.0,0.0,0.183
34,7,0.003,0.007,0.103
34,70,0.0,0.0,0.178
34,71,0.0,0.0,0.174
34,72,0.0,0.0,0.184
34,73,0.0,0.0,0.183
34,74,0.0,0.0,0.173
34,75,0.0,0.0,0.178
34,76,0.0,0.0,0.178
34,77,0.0,0.0,0.186
34,78,0.0,0.0,0.2
34,79,0.0,0.0,0.187
34,8,0.001,0.003,0.113
34,80,0.0,0.0,0.19
34,81,0.0,0.0,0.19
34,82,0.0,0.0,0.184
34,83,0.0,0.0,0.191
34,84,0.0,0.0,0.199
34,85,0.0,0.0,0.202
34,86,0.0,0.0,0.214
34,87,0.0,0.0,0.205
34,88,0.0,0.0,0.212
34,89,0.0,0.0,0.223
34,9,0.001,0.004,0.109
34,90,0.0,0.0,0.22
34,91,0.0,0.0,0.229
34,92,0.0,0.0,0.234
34,93,0.0,0.0,0.231
34,94,0.0,0.0,0.235
34,95,0.0,0.0,0.237
34,96,0.0,0.0,0.22
34,97,0.0,0.0,0.229
34,98,0.0,0.0,0.23
34,99,0.0,0.0,0.218
35,10,0.0,0.0,0.141
35,100,0.0,0.0,0.227
35,101,0.0,0.0,0.217
35,102,0.0,0.0,0.226
35,103,0.0,0.0,0.227
35,104,0.0,0.0,0.228
35,105,0.0,0.0,0.223
35,106,0.0,0.0,0.206
35,107,0.0,0.0,0.222
35,108,0.0,0.0,0.233
35,109,0.0,0.0,0.234
35,11,0.0,0.0,0.138
35,110,0.0,0.0,0.235
35,111,0.0,0.0,0.234
35,112,0.0,0.0,0.225
35,113,0.0,0.0,0.222
35,114,0.0,0.0,0.223
35,115,0.0,0.0,0.222
35,116,0.0,0.0,0.227
35,117,0.0,0.0,0.221
35,118,0.0,0.0,0.221
35,119,0.0,0.0,0.221
35,12,0.0,0.0,0.146
35,120,0.0,0.0,0.208
35,121,0.0,0.0,0.219
35,122,0.0,0.0,0.22
35,123,0.0,0.0,0.222
35,124,0.0,0.0,0.224
35,125,0.0,0.0,0.222
35,126,0.0,0.0,0.225
35,127,0.0,0.0,0.217
35,128,0.0,0.0,0.232
35,129,0.0,0.0,0.236
35,13,0.0,0.0,0.14
35,130,0.0,0.0,0.246
35,131,0.0,0.0,0.24
35,132,0.0,0.0,0.23
35,133,0.0,0.0,0.222
35,134,0.0,0.0,0.226
35,135,0.0,0.0,0.233
35,136,0.0,0.0,0.229
35,137,0.0,0.0,0.243
35,138,0.0,0.0,0.238
35,139,0.0,0.0,0.228
35,14,0.0,0.0,0.137
35,140,0.0,0.0,0.223
35,141,0.0,0.0,0.226
35,142,0.0,0.0,0.23
35,143,0.0,0.0,0.23
35,144,0.0,0.0,0.219
35,145,0.0,0.0,0.213
35,146,0.0,0.0,0.208
35,147,0.0,0.0,0.207
35,148,0.0,0.0,0.219
35,149,0.0,0.0,0.213
35,15,0.0,0.0,0.132
35,150,0.0,0.0,0.209
35,151,0.0,0.0,0.21
35,152,0.0,0.0,0.206
35,153,0.0,0.0,0.198
35,154,0.0,0.0,0.208
35,155,0.0,0.0,0.215
35,156,0.0,0.0,0.212
35,157,0.0,0.0,0.218
35,158,0.0,0.0,0.204
35,159,0.0,0.0,0.198
35,16,0.0,0.0,0.143
35,160,0.0,0.0,0.198
35,161,0.0,0.0,0.204
35,162,0.0,0.0,0.2
35,163,0.0,0.0,0.207
35,164,0.0,0.0,0.208
35,165,0.0,0.0,0.201
35,166,0.0,0.0,0.187
35,167,0.0,0.0,0.196
35,168,0.0,0.0,0.19
35,169,0.0,0.0,0.199
35,17,0.0,0.0,0.146
35,170,0.0,0.0,0.184
35,171,0.0,0.0,0.189
35,172,0.0,0.0,0.198
35,173,0.0,0.0,0.195
35,174,0.0,0.0,0.196
35,175,0.0,0.0,0.195
35,176,0.0,0.0,0.195
35,177,0.0,0.0,0.193
35,178,0.0,0.0,0.198
35,179,0.0,0.0,0.2
35,18,0.0,0.0,0.14
35,180,0.0,0.0,0.186
35,181,0.0,0.0,0.203
35,182,0.0,0.0,0.2
35,183,0.0,0.0,0.189
35,184,0.0,0.0,0.187
35,185,0.0,0.0,0.195
35,186,0.0,0.0,0.185
35,187,0.0,0.0,0.191
35,188,0.0,0.0,0.203
35,189,0.0,0.0,0.21
35,19,0.0,0.0,0.142
35,190,0.0,0.0,0.197
35,191,0.0,0.0,0.197
35,192,0.0,0.0,0.193
35,193,0.0,0.0,0.21
35,194,0.0,0.0,0.204
35,195,0.0,0.0,0.196
35,196,0.0,0.0,0.199
35,197,0.0,0.0,0.194
35,198,0.0,0.0,0.19
35,199,0.0,0.0,0.184
35,20,0.0,0.0,0.143
35,200,0.0,0.0,0.176
35,201,0.0,0.0,0.189
35,202,0.0,0.0,0.179
35,203,0.0,0.0,0.187
35,204,0.0,0.0,0.188
35,205,0.0,0.0,0.198
35,206,0.0,0.0,0.19
35,207,0.0,0.0,0.172
35,208,0.0,0.0,0.183
35,209,0.0,0.0,0.178
35,21,0.0,0.0,0.141
35,210,0.0,0.0,0.176
35,211,0.0,0.0,0.177
35,212,0.0,0.0,0.173
35,213,0.0,0.0,0.191
35,214,0.0,0.0,0.186
35,215,0.0,0.0,0.177
35,216,0.0,0.0,0.188
35,217,0.0,0.0,0.183
35,218,0.0,0.001,0.169
35,219,0.0,0.001,0.171
35,22,0.0,0.0,0.152
35,220,0.0,0.0,0.176
35,221,0.0,0.0,0.178
35,222,0.0,0.0,0.182
35,223,0.0,0.001,0.163
35,224,0.0,0.001,0.168
35,225,0.0,0.0,0.183
35,226,0.0,0.001,0.179
35,227,0.0,0.001,0.171
35,228,0.001,0.002,0.167
35,229,0.001,0.004,0.154
35,23,0.0,0.0,0.141
35,230,0.0,0.001,0.182
35,231,0.001,0.003,0.162
35,232,0.004,0.009,0.144
35,233,0.005,0.011,0.142
35,234,0.002,0.005,0.158
35,235,0.003,0.007,0.156
35,236,0.006,0.013,0.145
35,237,0.003,0.007,0.158
35,238,0.005,0.011,0.152
35,239,0.008,0.017,0.145
35,24,0.0,0.0,0.148
35,240,0.01,0.021,0.142
35,241,0.007,0.015,0.152
35,242,0.018,0.034,0.135
35,243,0.015,0.03,0.14
35,244,0.014,0.027,0.145
35,245,0.012,0.024,0.15
35,246,0.009,0.019,0.158
35,247,0.019,0.037,0.144
35,248,0.034,0.059,0.133
35,249,0.03,0.054,0.137
35,25,0.0,0.0,0.151
35,250,0.042,0.071,0.131
35,251,0.04,0.068,0.134
35,26,0.0,0.0,0.147
35,27,0.0,0.0,0.144
35,28,0.0,0.0,0.14
35,29,0.0,0.0,0.149
35,30,0.0,0.0,0.154
35,31,0.0,0.0,0.172
35,32,0.0,0.0,0.165
35,33,0.0,0.0,0.159
35,34,0.0,0.0,0.154
35,35,0.0,0.0,0.158
35,36,0.0,0.0,0.169
35,37,0.0,0.0,0.166
35,38,0.0,0.0,0.173
35,39,0.0,0.0,0.165
35,40,0.0,0.0,0.176
35,41,0.0,0.0,0.167
35,42,0.0,0.0,0.169
35,43,0.0,0.0,0.173
35,44,0.0,0.0,0.183
35,45,0.0,0.0,0.188
35,46,0.0,0.0,0.179
35,47,0.0,0.0,0.181
35,48,0.0,0.0,0.18
35,49,0.0,0.0,0.17
35,50,0.0,0.0,0.178
35,51,0.0,0.0,0.175
35,52,0.0,0.0,0.182
35,53,0.0,0.0,0.176
35,54,0.0,0.0,0.184
35,55,0.0,0.0,0.182
35,56,0.0,0.0,0.184
35,57,0.0,0.0,0.173
35,58,0.0,0.0,0.177
35,59,0.0,0.0,0.19
35,6,0.0,0.001,0.13
35,60,0.0,0.0,0.181
35,61,0.0,0.0,0.168
35,62,0.0,0.0,0.174
35,63,0.0,0.0,0.187
35,64,0.0,0.0,0.186
35,65,0.0,0.0,0.183
35,66,0.0,0.0,0.178
35,67,0.0,0.0,0.19
35,68,0.0,0.0,0.189
35,69,0.0,0.0,0.193
35,7,0.0,0.0,0.139
35,70,0.0,0.0,0.195
35,71,0.0,0.0,0.181
35,72,0.0,0.0,0.188
35,73,0.0,0.0,0.193
35,74,0.0,0.0,0.184
35,75,0.0,0.0,0.175
35,76,0.0,0.0,0.193
35,77,0.0,0.0,0.192
35,78,0.0,0.0,0.186
35,79,0.0,0.0,0.187
35,8,0.0,0.0,0.14
35,80,0.0,0.0,0.19
35,81,0.0,0.0,0.193
35,82,0.0,0.0,0.188
35,83,0.0,0.0,0.198
35,84,0.0,0.0,0.196
35,85,0.0,0.0,0.2
35,86,0.0,0.0,0.198
35,87,0.0,0.0,0.195
35,88,0.0,0.0,0.196
35,89,0.0,0.0,0.192
35,9,0.0,0.001,0.12
35,90,0.0,0.0,0.195
35,91,0.0,0.0,0.199
35,92,0.0,0.0,0.212
35,93,0.0,0.0,0.205
35,94,0.0,0.0,0.215
35,95,0.0,0.0,0.208
35,96,0.0,0.0,0.215
35,97,0.0,0.0,0.221
35,98,0.0,0.0,0.222
35,99,0.0,0.0,0.218
36,10,0.0,0.0,0.173
36,100,0.0,0.0,0.221
36,101,0.0,0.0,0.215
36,102,0.0,0.0,0.217
36,103,0.0,0.0,0.214
36,104,0.0,0.0,0.221
36,105,0.0,0.0,0.217
36,106,0.0,0.0,0.216
36,107,0.0,0.0,0.217
36,108,0.0,0.0,0.223
36,109,0.0,0.0,0.226
36,11,0.0,0.0,0.157
36,110,0.0,0.0,0.214
36,111,0.0,0.0,0.221
36,112,0.0,0.0,0.21
36,113,0.0,0.0,0.213
36,114,0.0,0.0,0.221
36,115,0.0,0.0,0.218
36,116,0.0,0.0,0.22
36,117,0.0,0.0,0.222
36,118,0.0,0.0,0.229
36,119,0.0,0.0,0.225
36,12,0.0,0.0,0.159
36,120,0.0,0.0,0.224
36,121,0.0,0.0,0.225
36,122,0.0,0.0,0.221
36,123,0.0,0.0,0.232
36,124,0.0,0.0,0.231
36,125,0.0,0.0,0.229
36,126,0.0,0.0,0.24
36,127,0.0,0.0,0.246
36,128,0.0,0.0,0.235
36,129,0.0,0.0,0.235
36,13,0.0,0.0,0.152
36,130,0.0,0.0,0.235
36,131,0.0,0.0,0.227
36,132,0.0,0.0,0.222
36,133,0.0,0.0,0.223
36,134,0.0,0.0,0.227
36,135,0.0,0.0,0.227
36,136,0.0,0.0,0.223
36,137,0.0,0.0,0.24
36,138,0.0,0.0,0.23
36,139,0.0,0.0,0.239
36,14,0.0,0.0,0.154
36,140,0.0,0.0,0.227
36,141,0.0,0.0,0.23
36,142,0.0,0.0,0.226
36,143,0.0,0.0,0.222
36,144,0.0,0.0,0.216
36,145,0.0,0.0,0.216
36,146,0.0,0.0,0.226
36,147,0.0,0.0,0.228
36,148,0.0,0.0,0.217
36,149,0.0,0.0,0.209
36,15,0.0,0.0,0.163
36,150,0.0,0.0,0.227
36,151,0.0,0.0,0.218
36,152,0.0,0.0,0.214
36,153,0.0,0.0,0.213
36,154,0.0,0.0,0.207
36,155,0.0,0.0,0.213
36,156,0.0,0.0,0.208
36,157,0.0,0.0,0.199
36,158,0.0,0.0,0.199
36,159,0.0,0.0,0.201
36,16,0.0,0.0,0.166
36,160,0.0,0.0,0.206
36,161,0.0,0.0,0.2
36,162,0.0,0.0,0.203
36,163,0.0,0.0,0.204
36,164,0.0,0.0,0.214
36,165,0.0,0.0,0.209
36,166,0.0,0.0,0.209
36,167,0.0,0.0,0.209
36,168,0.0,0.0,0.196
36,169,0.0,0.0,0.184
36,17,0.0,0.0,0.153
36,170,0.0,0.0,0.192
36,171,0.0,0.0,0.186
36,172,0.0,0.0,0.187
36,173,0.0,0.0,0.185
36,174,0.0,0.0,0.191
36,175,0.0,0.0,0.196
36,176,0.0,0.0,0.197
36,177,0.0,0.0,0.199
36,178,0.0,0.0,0.194
36,179,0.0,0.0,0.187
36,18,0.0,0.0,0.163
36,180,0.0,0.0,0.188
36,181,0.0,0.0,0.192
36,182,0.0,0.0,0.194
36,183,0.0,0.0,0.191
36,184,0.0,0.0,0.193
36,185,0.0,0.0,0.185
36,186,0.0,0.0,0.191
36,187,0.0,0.0,0.184
36,188,0.0,0.0,0.18
36,189,0.0,0.0,0.174
36,19,0.0,0.0,0.157
36,190,0.0,0.0,0.178
36,191,0.0,0.0,0.19
36,192,0.0,0.0,0.191
36,193,0.0,0.0,0.194
36,194,0.0,0.0,0.191
36,195,0.0,0.0,0.19
36,196,0.0,0.0,0.195
36,197,0.0,0.0,0.186
36,198,0.0,0.0,0.203
36,199,0.0,0.0,0.193
36,20,0.0,0.0,0.157
36,200,0.0,0.0,0.191
36,201,0.0,0.0,0.197
36,202,0.0,0.0,0.182
36,203,0.0,0.0,0.189
36,204,0.0,0.0,0.177
36,205,0.0,0.0,0.174
36,206,0.0,0.0,0.174
36,207,0.0,0.001,0.162
36,208,0.0,0.0,0.17
36,209,0.0,0.0,0.174
36,21,0.0,0.0,0.164
36,210,0.0,0.001,0.166
36,211,0.0,0.0,0.178
36,212,0.0,0.001,0.163
36,213,0.0,0.0,0.172
36,214,0.0,0.001,0.163
36,215,0.0,0.0,0.178
36,216,0.0,0.001,0.167
36,217,0.0,0.001,0.167
36,218,0.0,0.001,0.173
36,219,0.0,0.001,0.161
36,22,0.0,0.0,0.148
36,220,0.001,0.003,0.151
36,221,0.002,0.004,0.145
36,222,0.001,0.002,0.16
36,223,0.001,0.002,0.159
36,224,0.0,0.001,0.168
36,225,0.0,0.002,0.163
36,226,0.0,0.001,0.178
36,227,0.0,0.0,0.185
36,228,0.0,0.001,0.176
36,229,0.0,0.001,0.169
36,23,0.0,0.0,0.154
36,230,0.0,0.002,0.171
36,231,0.0,0.001,0.177
36,232,0.0,0.001,0.177
36,233,0.0,0.001,0.182
36,234,0.0,0.001,0.18
36,235,0.001,0.002,0.177
36,236,0.0,0.001,0.185
36,237,0.001,0.002,0.178
36,238,0.001,0.004,0.17
36,239,0.002,0.005,0.168
36,24,0.0,0.0,0.16
36,240,0.003,0.007,0.164
36,241,0.005,0.012,0.155
36,242,0.005,0.011,0.158
36,243,0.007,0.015,0.155
36,244,0.008,0.017,0.154
36,245,0.006,0.013,0.163
36,246,0.005,0.012,0.168
36,247,0.011,0.022,0.155
36,248,0.009,0.018,0.163
36,249,0.014,0.028,0.154
36,25,0.0,0.0,0.154
36,250,0.012,0.024,0.161
36,251,0.012,0.024,0.163
36,26,0.0,0.0,0.161
36,27,0.0,0.0,0.156
36,28,0.0,0.0,0.16
36,29,0.0,0.0,0.153
36,30,0.0,0.0,0.141
36,31,0.0,0.0,0.143
36,32,0.0,0.0,0.155
36,33,0.0,0.0,0.146
36,34,0.0,0.0,0.155
36,35,0.0,0.0,0.16
36,36,0.0,0.0,0.148
36,37,0.0,0.0,0.153
36,38,0.0,0.0,0.159
36,39,0.0,0.0,0.162
36,40,0.0,0.0,0.155
36,41,0.0,0.0,0.158
36,42,0.0,0.0,0.157
36,43,0.0,0.0,0.161
36,44,0.0,0.0,0.156
36,45,0.0,0.0,0.168
36,46,0.0,0.0,0.176
36,47,0.0,0.0,0.181
36,48,0.0,0.0,0.178
36,49,0.0,0.0,0.176
36,50,0.0,0.0,0.17
36,51,0.0,0.0,0.174
36,52,0.0,0.0,0.17
36,53,0.0,0.0,0.172
36,54,0.0,0.0,0.179
36,55,0.0,0.0,0.174
36,56,0.0,0.0,0.171
36,57,0.0,0.0,0.179
36,58,0.0,0.0,0.184
36,59,0.0,0.0,0.175
36,6,0.0,0.0,0.166
36,60,0.0,0.0,0.187
36,61,0.0,0.0,0.18
36,62,0.0,0.0,0.165
36,63,0.0,0.0,0.174
36,64,0.0,0.0,0.197
36,65,0.0,0.0,0.172
36,66,0.0,0.0,0.177
36,67,0.0,0.0,0.182
36,68,0.0,0.0,0.18
36,69,0.0,0.0,0.175
36,7,0.0,0.0,0.156
36,70,0.0,0.0,0.181
36,71,0.0,0.0,0.189
36,72,0.0,0.0,0.171
36,73,0.0,0.0,0.181
36,74,0.0,0.0,0.172
36,75,0.0,0.0,0.18
36,76,0.0,0.0,0.196
36,77,0.0,0.0,0.188
36,78,0.0,0.0,0.198
36,79,0.0,0.0,0.193
36,8,0.0,0.0,0.158
36,80,0.0,0.0,0.191
36,81,0.0,0.0,0.198
36,82,0.0,0.0,0.209
36,83,0.0,0.0,0.203
36,84,0.0,0.0,0.202
36,85,0.0,0.0,0.209
36,86,0.0,0.0,0.204
36,87,0.0,0.0,0.213
36,88,0.0,0.0,0.206
36,89,0.0,0.0,0.209
36,9,0.0,0.0,0.154
36,90,0.0,0.0,0.22
36,91,0.0,0.0,0.224
36,92,0.0,0.0,0.218
36,93,0.0,0.0,0.211
36,94,0.0,0.0,0.214
36,95,0.0,0.0,0.214
36,96,0.0,0.0,0.214
36,97,0.0,0.0,0.21
36,98,0.0,0.0,0.219
36,99,0.0,0.0,0.213
37,10,0.0,0.0,0.135
37,100,0.0,0.0,0.212
37,101,0.0,0.0,0.219
37,102,0.0,0.0,0.217
37,103,0.0,0.0,0.211
37,104,0.0,0.0,0.217
37,105,0.0,0.0,0.22
37,106,0.0,0.0,0.215
37,107,0.0,0.0,0.22
37,108,0.0,0.0,0.221
37,109,0.0,0.0,0.226
37,11,0.0,0.0,0.147
37,110,0.0,0.0,0.229
37,111,0.0,0.0,0.224
37,112,0.0,0.0,0.227
37,113,0.0,0.0,0.222
37,114,0.0,0.0,0.22
37,115,0.0,0.0,0.226
37,116,0.0,0.0,0.222
37,117,0.0,0.0,0.229
37,118,0.0,0.0,0.233
37,119,0.0,0.0,0.23
37,12,0.0,0.0,0.146
37,120,0.0,0.0,0.226
37,121,0.0,0.0,0.23
37,122,0.0,0.0,0.232
37,123,0.0,0.0,0.228
37,124,0.0,0.0,0.235
37,125,0.0,0.0,0.239
37,126,0.0,0.0,0.244
37,127,0.0,0.0,0.229
37,128,0.0,0.0,0.231
37,129,0.0,0.0,0.228
37,13,0.0,0.0,0.142
37,130,0.0,0.0,0.239
37,131,0.0,0.0,0.236
37,132,0.0,0.0,0.234
37,133,0.0,0.0,0.237
37,134,0.0,0.0,0.229
37,135,0.0,0.0,0.234
37,136,0.0,0.0,0.235
37,137,0.0,0.0,0.239
37,138,0.0,0.0,0.244
37,139,0.0,0.0,0.246
37,14,0.0,0.001,0.122
37,140,0.0,0.0,0.242
37,141,0.0,0.0,0.244
37,142,0.0,0.0,0.236
37,143,0.0,0.0,0.238
37,144,0.0,0.0,0.237
37,145,0.0,0.0,0.234
37,146,0.0,0.0,0.231
37,147,0.0,0.0,0.225
37,148,0.0,0.0,0.223
37,149,0.0,0.0,0.223
37,15,0.0,0.001,0.119
37,150,0.0,0.0,0.215
37,151,0.0,0.0,0.215
37,152,0.0,0.0,0.209
37,153,0.0,0.0,0.212
37,154,0.0,0.0,0.21
37,155,0.0,0.0,0.205
37,156,0.0,0.0,0.207
37,157,0.0,0.0,0.188
37,158,0.0,0.0,0.192
37,159,0.0,0.0,0.187
37,16,0.0,0.0,0.131
37,160,0.0,0.0,0.194
37,161,0.0,0.0,0.2
37,162,0.0,0.0,0.211
37,163,0.0,0.0,0.196
37,164,0.0,0.0,0.193
37,165,0.0,0.0,0.197
37,166,0.0,0.0,0.192
37,167,0.0,0.0,0.201
37,168,0.0,0.0,0.204
37,169,0.0,0.0,0.203
37,17,0.0,0.0,0.139
37,170,0.0,0.0,0.196
37,171,0.0,0.0,0.197
37,172,0.0,0.0,0.195
37,173,0.0,0.0,0.182
37,174,0.0,0.0,0.184
37,175,0.0,0.0,0.185
37,176,0.0,0.0,0.18
37,177,0.0,0.0,0.183
37,178,0.0,0.001,0.173
37,179,0.0,0.0,0.18
37,18,0.0,0.0,0.143
37,180,0.0,0.0,0.184
37,181,0.0,0.0,0.182
37,182,0.0,0.0,0.185
37,183,0.0,0.0,0.181
37,184,0.0,0.0,0.187
37,185,0.0,0.0,0.187
37,186,0.0,0.0,0.19
37,187,0.0,0.0,0.183
37,188,0.0,0.0,0.184
37,189,0.0,0.0,0.192
37,19,0.0,0.0,0.137
37,190,0.0,0.0,0.19
37,191,0.0,0.0,0.18
37,192,0.0,0.0,0.202
37,193,0.0,0.0,0.201
37,194,0.0,0.0,0.19
37,195,0.0,0.0,0.188
37,196,0.0,0.0,0.189
37,197,0.0,0.0,0.184
37,198,0.0,0.0,0.182
37,199,0.0,0.0,0.19
37,20,0.0,0.0,0.133
37,200,0.0,0.0,0.193
37,201,0.0,0.0,0.196
37,202,0.0,0.0,0.202
37,203,0.0,0.0,0.199
37,204,0.0,0.0,0.18
37,205,0.0,0.0,0.189
37,206,0.0,0.001,0.167
37,207,0.0,0.0,0.173
37,208,0.0,0.001,0.165
37,209,0.0,0.0,0.178
37,21,0.0,0.0,0.137
37,210,0.0,0.0,0.184
37,211,0.0,0.0,0.17
37,212,0.0,0.001,0.164
37,213,0.0,0.001,0.169
37,214,0.0,0.001,0.17
37,215,0.0,0.001,0.162
37,216,0.0,0.001,0.172
37,217,0.0,0.001,0.169
37,218,0.0,0.001,0.161
37,219,0.0,0.0,0.174
37,22,0.0,0.0,0.14
37,220,0.0,0.001,0.163
37,221,0.0,0.001,0.172
37,222,0.001,0.002,0.159
37,223,0.0,0.001,0.17
37,224,0.0,0.001,0.177
37,225,0.0,0.001,0.172
37,226,0.001,0.003,0.156
37,227,0.001,0.003,0.156
37,228,0.0,0.001,0.169
37,229,0.0,0.001,0.169
37,23,0.0,0.0,0.136
37,230,0.001,0.002,0.164
37,231,0.002,0.004,0.156
37,232,0.001,0.002,0.167
37,233,0.001,0.004,0.161
37,234,0.001,0.003,0.167
37,235,0.001,0.004,0.165
37,236,0.001,0.003,0.173
37,237,0.002,0.005,0.163
37,238,0.001,0.003,0.176
37,239,0.002,0.006,0.165
37,24,0.0,0.0,0.133
37,240,0.002,0.006,0.166
37,241,0.003,0.007,0.165
37,242,0.003,0.007,0.166
37,243,0.003,0.007,0.169
37,244,0.002,0.006,0.176
37,245,0.005,0.011,0.166
37,246,0.006,0.013,0.165
37,247,0.006,0.013,0.167
37,248,0.008,0.017,0.163
37,249,0.011,0.022,0.16
37,25,0.0,0.0,0.138
37,250,0.011,0.022,0.162
37,251,0.012,0.024,0.162
37,26,0.0,0.0,0.142
37,27,0.0,0.0,0.142
37,28,0.0,0.0,0.152
37,29,0.0,0.0,0.144
37,30,0.0,0.0,0.144
37,31,0.0,0.0,0.154
37,32,0.0,0.0,0.163
37,33,0.0,0.0,0.133
37,34,0.0,0.0,0.144
37,35,0.0,0.0,0.143
37,36,0.0,0.0,0.145
37,37,0.0,0.0,0.149
37,38,0.0,0.0,0.151
37,39,0.0,0.0,0.153
37,40,0.0,0.0,0.167
37,41,0.0,0.0,0.159
37,42,0.0,0.0,0.159
37,43,0.0,0.0,0.17
37,44,0.0,0.0,0.159
37,45,0.0,0.0,0.156
37,46,0.0,0.0,0.157
37,47,0.0,0.0,0.173
37,48,0.0,0.0,0.161
37,49,0.0,0.0,0.164
37,50,0.0,0.0,0.157
37,51,0.0,0.0,0.161
37,52,0.0,0.0,0.163
37,53,0.0,0.0,0.157
37,54,0.0,0.0,0.167
37,55,0.0,0.0,0.159
37,56,0.0,0.0,0.161
37,57,0.0,0.0,0.167
37,58,0.0,0.0,0.176
37,59,0.0,0.0,0.167
37,6,0.0,0.001,0.129
37,60,0.0,0.0,0.172
37,61,0.0,0.0,0.18
37,62,0.0,0.0,0.171
37,63,0.0,0.0,0.165
37,64,0.0,0.0,0.174
37,65,0.0,0.0,0.187
37,66,0.0,0.0,0.182
37,67,0.0,0.0,0.182
37,68,0.0,0.0,0.178
37,69,0.0,0.0,0.187
37,7,0.0,0.001,0.124
37,70,0.0,0.0,0.188
37,71,0.0,0.0,0.183
37,72,0.0,0.0,0.19
37,73,0.0,0.0,0.187
37,74,0.0,0.0,0.193
37,75,0.0,0.0,0.185
37,76,0.0,0.0,0.191
37,77,0.0,0.0,0.182
37,78,0.0,0.0,0.179
37,79,0.0,0.0,0.185
37,8,0.0,0.0,0.133
37,80,0.0,0.0,0.204
37,81,0.0,0.0,0.197
37,82,0.0,0.0,0.211
37,83,0.0,0.0,0.207
37,84,0.0,0.0,0.202
37,85,0.0,0.0,0.211
37,86,0.0,0.0,0.21
37,87,0.0,0.0,0.22
37,88,0.0,0.0,0.218
37,89,0.0,0.0,0.208
37,9,0.0,0.001,0.128
37,90,0.0,0.0,0.221
37,91,0.0,0.0,0.206
37,92,0.0,0.0,0.211
37,93,0.0,0.0,0.213
37,94,0.0,0.0,0.209
37,95,0.0,0.0,0.197
37,96,0.0,0.0,0.22
37,97,0.0,0.0,0.222
37,98,0.0,0.0,0.211
37,99,0.0,0.0,0.208
38,10,0.0,0.0,0.145
38,100,0.0,0.0,0.222
38,101,0.0,0.0,0.228
38,102,0.0,0.0,0.229
38,103,0.0,0.0,0.22
38,104,0.0,0.0,0.224
38,105,0.0,0.0,0.233
38,106,0.0,0.0,0.229
38,107,0.0,0.0,0.23
38,108,0.0,0.0,0.244
38,109,0.0,0.0,0.239
38,11,0.0,0.0,0.158
38,110,0.0,0.0,0.23
38,111,0.0,0.0,0.247
38,112,0.0,0.0,0.248
38,113,0.0,0.0,0.229
38,114,0.0,0.0,0.233
38,115,0.0,0.0,0.245
38,116,0.0,0.0,0.251
38,117,0.0,0.0,0.256
38,118,0.0,0.0,0.241
38,119,0.0,0.0,0.241
38,12,0.0,0.0,0.153
38,120,0.0,0.0,0.235
38,121,0.0,0.0,0.241
38,122,0.0,0.0,0.247
38,123,0.0,0.0,0.246
38,124,0.0,0.0,0.247
38,125,0.0,0.0,0.253
38,126,0.0,0.0,0.242
38,127,0.0,0.0,0.234
38,128,0.0,0.0,0.24
38,129,0.0,0.0,0.235
38,13,0.0,0.0,0.156
38,130,0.0,0.0,0.237
38,131,0.0,0.0,0.25
38,132,0.0,0.0,0.241
38,133,0.0,0.0,0.247
38,134,0.0,0.0,0.249
38,135,0.0,0.0,0.251
38,136,0.0,0.0,0.235
38,137,0.0,0.0,0.244
38,138,0.0,0.0,0.239
38,139,0.0,0.0,0.251
38,14,0.0,0.0,0.151
38,140,0.0,0.0,0.245
38,141,0.0,0.0,0.243
38,142,0.0,0.0,0.245
38,143,0.0,0.0,0.235
38,144,0.0,0.0,0.241
38,145,0.0,0.0,0.249
38,146,0.0,0.0,0.239
38,147,0.0,0.0,0.239
38,148,0.0,0.0,0.233
38,149,0.0,0.0,0.227
38,15,0.0,0.0,0.142
38,150,0.0,0.0,0.213
38,151,0.0,0.0,0.222
38,152,0.0,0.0,0.211
38,153,0.0,0.0,0.211
38,154,0.0,0.0,0.203
38,155,0.0,0.0,0.209
38,156,0.0,0.0,0.21
38,157,0.0,0.0,0.206
38,158,0.0,0.0,0.204
38,159,0.0,0.0,0.21
38,16,0.0,0.0,0.164
38,160,0.0,0.0,0.193
38,161,0.0,0.0,0.206
38,162,0.0,0.0,0.205
38,163,0.0,0.0,0.197
38,164,0.0,0.0,0.194
38,165,0.0,0.0,0.2
38,166,0.0,0.0,0.207
38,167,0.0,0.0,0.194
38,168,0.0,0.0,0.197
38,169,0.0,0.0,0.202
38,17,0.0,0.0,0.157
38,170,0.0,0.0,0.203
38,171,0.0,0.0,0.197
38,172,0.0,0.0,0.185
38,173,0.0,0.0,0.19
38,174,0.0,0.0,0.193
38,175,0.0,0.0,0.192
38,176,0.0,0.0,0.193
38,177,0.0,0.0,0.198
38,178,0.0,0.0,0.202
38,179,0.0,0.0,0.198
38,18,0.0,0.0,0.159
38,180,0.0,0.0,0.207
38,181,0.0,0.0,0.207
38,182,0.0,0.0,0.199
38,183,0.0,0.0,0.208
38,184,0.0,0.0,0.205
38,185,0.0,0.0,0.197
38,186,0.0,0.0,0.19
38,187,0.0,0.0,0.186
38,188,0.0,0.0,0.201
38,189,0.0,0.0,0.197
38,19,0.0,0.0,0.156
38,190,0.0,0.0,0.199
38,191,0.0,0.0,0.185
38,192,0.0,0.0,0.184
38,193,0.0,0.0,0.184
38,194,0.0,0.0,0.195
38,195,0.0,0.0,0.196
38,196,0.0,0.0,0.19
38,197,0.0,0.0,0.207
38,198,0.0,0.0,0.205
38,199,0.0,0.0,0.199
38,20,0.0,0.0,0.153
38,200,0.0,0.0,0.199
38,201,0.0,0.0,0.193
38,202,0.0,0.0,0.192
38,203,0.0,0.0,0.198
38,204,0.0,0.0,0.192
38,205,0.0,0.0,0.186
38,206,0.0,0.0,0.205
38,207,0.0,0.0,0.195
38,208,0.0,0.0,0.183
38,209,0.0,0.0,0.179
38,21,0.0,0.0,0.151
38,210,0.0,0.0,0.19
38,211,0.0,0.0,0.172
38,212,0.0,0.0,0.183
38,213,0.0,0.0,0.186
38,214,0.0,0.0,0.192
38,215,0.0,0.0,0.174
38,216,0.0,0.0,0.187
38,217,0.0,0.001,0.169
38,218,0.0,0.0,0.185
38,219,0.0,0.0,0.182
38,22,0.0,0.0,0.162
38,220,0.0,0.0,0.181
38,221,0.0,0.001,0.171
38,222,0.0,0.001,0.162
38,223,0.0,0.001,0.173
38,224,0.001,0.003,0.152
38,225,0.001,0.002,0.162
38,226,0.001,0.002,0.158
38,227,0.001,0.002,0.161
38,228,0.001,0.002,0.165
38,229,0.001,0.003,0.16
38,23,0.0,0.0,0.161
38,230,0.001,0.003,0.158
38,231,0.002,0.004,0.154
38,232,0.002,0.005,0.154
38,233,0.001,0.002,0.17
38,234,0.001,0.002,0.168
38,235,0.001,0.002,0.173
38,236,0.001,0.003,0.169
38,237,0.002,0.005,0.161
38,238,0.001,0.004,0.168
38,239,0.001,0.003,0.178
38,24,0.0,0.0,0.148
38,240,0.001,0.003,0.176
38,241,0.002,0.005,0.17
38,242,0.001,0.004,0.179
38,243,0.004,0.01,0.16
38,244,0.003,0.008,0.169
38,245,0.002,0.006,0.176
38,246,0.003,0.008,0.174
38,247,0.004,0.01,0.171
38,248,0.006,0.012,0.17
38,249,0.004,0.01,0.178
38,25,0.0,0.0,0.16
38,250,0.005,0.012,0.177
38,251,0.005,0.011,0.181
38,26,0.0,0.0,0.169
38,27,0.0,0.0,0.159
38,28,0.0,0.0,0.151
38,29,0.0,0.0,0.173
38,30,0.0,0.0,0.168
38,31,0.0,0.0,0.155
38,32,0.0,0.0,0.155
38,33,0.0,0.0,0.162
38,34,0.0,0.0,0.15
38,35,0.0,0.0,0.151
38,36,0.0,0.0,0.162
38,37,0.0,0.0,0.16
38,38,0.0,0.0,0.156
38,39,0.0,0.0,0.164
38,40,0.0,0.0,0.155
38,41,0.0,0.0,0.163
38,42,0.0,0.0,0.162
38,43,0.0,0.0,0.168
38,44,0.0,0.0,0.167
38,45,0.0,0.0,0.171
38,46,0.0,0.0,0.176
38,47,0.0,0.0,0.183
38,48,0.0,0.0,0.183
38,49,0.0,0.0,0.184
38,50,0.0,0.0,0.173
38,51,0.0,0.0,0.188
38,52,0.0,0.0,0.191
38,53,0.0,0.0,0.191
38,54,0.0,0.0,0.187
38,55,0.0,0.0,0.192
38,56,0.0,0.0,0.196
38,57,0.0,0.0,0.184
38,58,0.0,0.0,0.19
38,59,0.0,0.0,0.203
38,6,0.0,0.0,0.141
38,60,0.0,0.0,0.188
38,61,0.0,0.0,0.194
38,62,0.0,0.0,0.205
38,63,0.0,0.0,0.209
38,64,0.0,0.0,0.213
38,65,0.0,0.0,0.199
38,66,0.0,0.0,0.197
38,67,0.0,0.0,0.19
38,68,0.0,0.0,0.197
38,69,0.0,0.0,0.19
38,7,0.0,0.001,0.132
38,70,0.0,0.0,0.197
38,71,0.0,0.0,0.185
38,72,0.0,0.0,0.195
38,73,0.0,0.0,0.207
38,74,0.0,0.0,0.2
38,75,0.0,0.0,0.208
38,76,0.0,0.0,0.217
38,77,0.0,0.0,0.218
38,78,0.0,0.0,0.216
38,79,0.0,0.0,0.209
38,8,0.0,0.0,0.152
38,80,0.0,0.0,0.208
38,81,0.0,0.0,0.209
38,82,0.0,0.0,0.219
38,83,0.0,0.0,0.213
38,84,0.0,0.0,0.216
38,85,0.0,0.0,0.224
38,86,0.0,0.0,0.215
38,87,0.0,0.0,0.226
38,88,0.0,0.0,0.224
38,89,0.0,0.0,0.219
38,9,0.0,0.0,0.148
38,90,0.0,0.0,0.225
38,91,0.0,0.0,0.216
38,92,0.0,0.0,0.222
38,93,0.0,0.0,0.221
38,94,0.0,0.0,0.219
38,95,0.0,0.0,0.211
38,96,0.0,0.0,0.222
38,97,0.0,0.0,0.228
38,98,0.0,0.0,0.225
38,99,0.0,0.0,0.22
39,10,0.0,0.001,0.131
39,100,0.0,0.0,0.246
39,101,0.0,0.0,0.244
39,102,0.0,0.0,0.228
39,103,0.0,0.0,0.223
39,104,0.0,0.0,0.227
39,105,0.0,0.0,0.239
39,106,0.0,0.0,0.236
39,107,0.0,0.0,0.245
39,108,0.0,0.0,0.238
39,109,0.0,0.0,0.244
39,11,0.0,0.001,0.126
39,110,0.0,0.0,0.238
39,111,0.0,0.0,0.233
39,112,0.0,0.0,0.251
39,113,0.0,0.0,0.256
39,114,0.0,0.0,0.243
39,115,0.0,0.0,0.246
39,116,0.0,0.0,0.252
39,117,0.0,0.0,0.265
39,118,0.0,0.0,0.245
39,119,0.0,0.0,0.244
39,12,0.0,0.001,0.128
39,120,0.0,0.0,0.237
39,121,0.0,0.0,0.241
39,122,0.0,0.0,0.247
39,123,0.0,0.0,0.25
39,124,0.0,0.0,0.252
39,125,0.0,0.0,0.254
39,126,0.0,0.0,0.256
39,127,0.0,0.0,0.25
39,128,0.0,0.0,0.252
39,129,0.0,0.0,0.247
39,13,0.0,0.0,0.138
39,130,0.0,0.0,0.251
39,131,0.0,0.0,0.239
39,132,0.0,0.0,0.262
39,133,0.0,0.0,0.262
39,134,0.0,0.0,0.261
39,135,0.0,0.0,0.251
39,136,0.0,0.0,0.243
39,137,0.0,0.0,0.238
39,138,0.0,0.0,0.237
39,139,0.0,0.0,0.236
39,14,0.0,0.0,0.146
39,140,0.0,0.0,0.242
39,141,0.0,0.0,0.229
39,142,0.0,0.0,0.241
39,143,0.0,0.0,0.237
39,144,0.0,0.0,0.234
39,145,0.0,0.0,0.23
39,146,0.0,0.0,0.228
39,147,0.0,0.0,0.227
39,148,0.0,0.0,0.232
39,149,0.0,0.0,0.226
39,15,0.0,0.0,0.137
39,150,0.0,0.0,0.22
39,151,0.0,0.0,0.23
39,152,0.0,0.0,0.239
39,153,0.0,0.0,0.234
39,154,0.0,0.0,0.224
39,155,0.0,0.0,0.216
39,156,0.0,0.0,0.213
39,157,0.0,0.0,0.212
39,158,0.0,0.0,0.215
39,159,0.0,0.0,0.222
39,16,0.0,0.0,0.145
39,160,0.0,0.0,0.22
39,161,0.0,0.0,0.217
39,162,0.0,0.0,0.22
39,163,0.0,0.0,0.222
39,164,0.0,0.0,0.208
39,165,0.0,0.0,0.202
39,166,0.0,0.0,0.203
39,167,0.0,0.0,0.2
39,168,0.0,0.0,0.194
39,169,0.0,0.0,0.185
39,17,0.0,0.0,0.14
39,170,0.0,0.0,0.19
39,171,0.0,0.0,0.198
39,172,0.0,0.0,0.195
39,173,0.0,0.0,0.186
39,174,0.0,0.0,0.212
39,175,0.0,0.0,0.201
39,176,0.0,0.0,0.201
39,177,0.0,0.0,0.207
39,178,0.0,0.0,0.207
39,179,0.0,0.0,0.208
39,18,0.0,0.0,0.147
39,180,0.0,0.0,0.206
39,181,0.0,0.0,0.207
39,182,0.0,0.0,0.203
39,183,0.0,0.0,0.204
39,184,0.0,0.0,0.219
39,185,0.0,0.0,0.22
39,186,0.0,0.0,0.212
39,187,0.0,0.0,0.194
39,188,0.0,0.0,0.19
39,189,0.0,0.0,0.186
39,19,0.0,0.0,0.15
39,190,0.0,0.0,0.19
39,191,0.0,0.0,0.211
39,192,0.0,0.0,0.201
39,193,0.0,0.0,0.197
39,194,0.0,0.0,0.202
39,195,0.0,0.0,0.197
39,196,0.0,0.0,0.196
39,197,0.0,0.0,0.196
39,198,0.0,0.0,0.198
39,199,0.0,0.0,0.202
39,20,0.0,0.0,0.145
39,200,0.0,0.0,0.21
39,201,0.0,0.0,0.213
39,202,0.0,0.0,0.189
39,203,0.0,0.0,0.184
39,204,0.0,0.0,0.192
39,205,0.0,0.0,0.187
39,206,0.0,0.0,0.2
39,207,0.0,0.0,0.189
39,208,0.0,0.0,0.179
39,209,0.0,0.001,0.171
39,21,0.0,0.0,0.152
39,210,0.0,0.001,0.167
39,211,0.0,0.001,0.169
39,212,0.0,0.0,0.172
39,213,0.0,0.0,0.195
39,214,0.0,0.0,0.183
39,215,0.0,0.001,0.169
39,216,0.0,0.0,0.182
39,217,0.0,0.001,0.161
39,218,0.0,0.001,0.169
39,219,0.0,0.0,0.176
39,22,0.0,0.0,0.141
39,220,0.0,0.001,0.167
39,221,0.0,0.001,0.175
39,222,0.0,0.0,0.179
39,223,0.0,0.0,0.179
39,224,0.0,0.001,0.168
39,225,0.001,0.002,0.162
39,226,0.0,0.001,0.172
39,227,0.0,0.001,0.167
39,228,0.001,0.002,0.165
39,229,0.001,0.002,0.164
39,23,0.0,0.0,0.145
39,230,0.001,0.002,0.164
39,231,0.0,0.001,0.179
39,232,0.001,0.003,0.16
39,233,0.001,0.003,0.164
39,234,0.002,0.004,0.159
39,235,0.001,0.004,0.163
39,236,0.001,0.003,0.17
39,237,0.001,0.003,0.17
39,238,0.002,0.005,0.165
39,239,0.001,0.003,0.176
39,24,0.0,0.0,0.168
39,240,0.002,0.005,0.167
39,241,0.002,0.005,0.169
39,242,0.001,0.004,0.178
39,243,0.001,0.003,0.183
39,244,0.001,0.002,0.19
39,245,0.002,0.005,0.181
39,246,0.001,0.004,0.188
39,247,0.003,0.007,0.178
39,248,0.003,0.007,0.18
39,249,0.001,0.004,0.197
39,25,0.0,0.0,0.142
39,250,0.002,0.004,0.198
39,251,0.002,0.005,0.196
39,26,0.0,0.0,0.159
39,27,0.0,0.0,0.157
39,28,0.0,0.0,0.155
39,29,0.0,0.0,0.139
39,30,0.0,0.0,0.163
39,31,0.0,0.0,0.155
39,32,0.0,0.0,0.163
39,33,0.0,0.0,0.157
39,34,0.0,0.0,0.161
39,35,0.0,0.0,0.141
39,36,0.0,0.0,0.147
39,37,0.0,0.0,0.157
39,38,0.0,0.0,0.155
39,39,0.0,0.0,0.149
39,40,0.0,0.0,0.17
39,41,0.0,0.0,0.171
39,42,0.0,0.0,0.171
39,43,0.0,0.0,0.171
39,44,0.0,0.0,0.164
39,45,0.0,0.0,0.165
39,46,0.0,0.0,0.176
39,47,0.0,0.0,0.176
39,48,0.0,0.0,0.168
39,49,0.0,0.0,0.172
39,50,0.0,0.0,0.169
39,51,0.0,0.0,0.176
39,52,0.0,0.0,0.185
39,53,0.0,0.0,0.166
39,54,0.0,0.0,0.184
39,55,0.0,0.0,0.192
39,56,0.0,0.0,0.181
39,57,0.0,0.0,0.184
39,58,0.0,0.0,0.186
39,59,0.0,0.0,0.192
39,6,0.001,0.002,0.122
39,60,0.0,0.0,0.202
39,61,0.0,0.0,0.193
39,62,0.0,0.0,0.204
39,63,0.0,0.0,0.201
39,64,0.0,0.0,0.192
39,65,0.0,0.0,0.193
39,66,0.0,0.0,0.195
39,67,0.0,0.0,0.187
39,68,0.0,0.0,0.194
39,69,0.0,0.0,0.181
39,7,0.0,0.001,0.133
39,70,0.0,0.0,0.194
39,71,0.0,0.0,0.2
39,72,0.0,0.0,0.199
39,73,0.0,0.0,0.197
39,74,0.0,0.0,0.207
39,75,0.0,0.0,0.193
39,76,0.0,0.0,0.19
39,77,0.0,0.0,0.209
39,78,0.0,0.0,0.217
39,79,0.0,0.0,0.211
39,8,0.0,0.001,0.127
39,80,0.0,0.0,0.216
39,81,0.0,0.0,0.217
39,82,0.0,0.0,0.219
39,83,0.0,0.0,0.237
39,84,0.0,0.0,0.231
39,85,0.0,0.0,0.222
39,86,0.0,0.0,0.216
39,87,0.0,0.0,0.231
39,88,0.0,0.0,0.231
39,89,0.0,0.0,0.228
39,9,0.0,0.001,0.122
39,90,0.0,0.0,0.24
39,91,0.0,0.0,0.242
39,92,0.0,0.0,0.238
39,93,0.0,0.0,0.249
39,94,0.0,0.0,0.242
39,95,0.0,0.0,0.235
39,96,0.0,0.0,0.239
39,97,0.0,0.0,0.23
39,98,0.0,0.0,0.23
39,99,0.0,0.0,0.24
4,10,0.015,0.03,0.083
4,100,0.005,0.011,0.105
4,101,0.003,0.007,0.11
4,102,0.002,0.005,0.116
4,103,0.002,0.004,0.118
4,104,0.003,0.008,0.111
4,105,0.004,0.009,0.109
4,106,0.005,0.011,0.107
4,107,0.004,0.009,0.109
4,108,0.002,0.005,0.116
4,109,0.001,0.004,0.12
4,11,0.014,0.027,0.083
4,110,0.006,0.012,0.105
4,111,0.006,0.014,0.104
4,112,0.003,0.008,0.112
4,113,0.005,0.011,0.107
4,114,0.005,0.012,0.106
4,115,0.003,0.008,0.114
4,116,0.002,0.004,0.121
4,117,0.002,0.004,0.122
4,118,0.003,0.008,0.114
4,119,0.002,0.005,0.121
4,12,0.008,0.017,0.089
4,120,0.001,0.003,0.128
4,121,0.001,0.004,0.125
4,122,0.001,0.003,0.129
4,123,0.0,0.001,0.142
4,124,0.0,0.001,0.139
4,125,0.0,0.002,0.137
4,126,0.001,0.003,0.128
4,127,0.0,0.001,0.146
4,128,0.0,0.001,0.142
4,129,0.001,0.002,0.134
4,13,0.01,0.02,0.085
4,130,0.002,0.004,0.125
4,131,0.001,0.002,0.135
4,132,0.001,0.003,0.132
4,133,0.001,0.004,0.128
4,134,0.001,0.003,0.13
4,135,0.001,0.003,0.133
4,136,0.002,0.005,0.124
4,137,0.001,0.003,0.134
4,138,0.001,0.002,0.135
4,139,0.001,0.002,0.14
4,14,0.017,0.032,0.079
4,140,0.0,0.001,0.146
4,141,0.001,0.002,0.141
4,142,0.0,0.001,0.147
4,143,0.0,0.001,0.149
4,144,0.0,0.001,0.149
4,145,0.0,0.001,0.151
4,146,0.0,0.001,0.154
4,147,0.0,0.001,0.151
4,148,0.0,0.001,0.146
4,149,0.0,0.001,0.153
4,15,0.009,0.018,0.086
4,150,0.0,0.0,0.16
4,151,0.0,0.001,0.147
4,152,0.0,0.001,0.15
4,153,0.001,0.002,0.142
4,154,0.001,0.002,0.144
4,155,0.0,0.001,0.152
4,156,0.0,0.001,0.157
4,157,0.0,0.001,0.151
4,158,0.001,0.002,0.145
4,159,0.0,0.001,0.151
4,16,0.006,0.013,0.09
4,160,0.0,0.001,0.158
4,161,0.0,0.001,0.152
4,162,0.0,0.001,0.15
4,163,0.0,0.001,0.152
4,164,0.001,0.002,0.146
4,165,0.0,0.001,0.149
4,166,0.0,0.001,0.151
4,167,0.0,0.001,0.151
4,168,0.0,0.002,0.15
4,169,0.0,0.001,0.151
4,17,0.015,0.029,0.079
4,170,0.002,0.005,0.134
4,171,0.002,0.005,0.135
4,172,0.002,0.004,0.137
4,173,0.001,0.002,0.147
4,174,0.001,0.003,0.145
4,175,0.001,0.003,0.143
4,176,0.002,0.005,0.138
4,177,0.003,0.008,0.13
4,178,0.006,0.014,0.122
4,179,0.006,0.012,0.124
4,18,0.008,0.017,0.086
4,180,0.004,0.009,0.131
4,181,0.016,0.031,0.109
4,182,0.01,0.02,0.117
4,183,0.005,0.011,0.128
4,184,0.01,0.02,0.119
4,185,0.012,0.023,0.117
4,186,0.011,0.023,0.118
4,187,0.024,0.044,0.106
4,188,0.015,0.029,0.114
4,189,0.024,0.044,0.107
4,19,0.015,0.03,0.078
4,190,0.049,0.081,0.094
4,191,0.068,0.107,0.088
4,192,0.035,0.06,0.102
4,193,0.027,0.048,0.108
4,194,0.039,0.067,0.101
4,195,0.03,0.053,0.107
4,196,0.035,0.061,0.104
4,197,0.04,0.068,0.102
4,198,0.068,0.107,0.091
4,199,0.062,0.099,0.094
4,20,0.006,0.014,0.088
4,200,0.027,0.048,0.112
4,201,0.037,0.064,0.106
4,202,0.019,0.036,0.12
4,203,0.012,0.024,0.13
4,204,0.052,0.085,0.101
4,205,0.024,0.044,0.117
4,206,0.037,0.063,0.109
4,207,0.037,0.064,0.11
4,208,0.019,0.035,0.124
4,209,0.041,0.069,0.109
4,21,0.007,0.014,0.088
4,210,0.033,0.058,0.113
4,211,0.027,0.049,0.118
4,212,0.028,0.051,0.118
4,213,0.021,0.038,0.126
4,214,0.028,0.049,0.12
4,215,0.035,0.06,0.115
4,216,0.019,0.036,0.129
4,217,0.029,0.051,0.121
4,218,0.035,0.061,0.117
4,219,0.023,0.042,0.127
4,22,0.003,0.008,0.095
4,220,0.026,0.047,0.124
4,221,0.019,0.036,0.132
4,222,0.014,0.028,0.139
4,223,0.017,0.032,0.136
4,224,0.026,0.048,0.126
4,225,0.012,0.023,0.144
4,226,0.01,0.021,0.147
4,227,0.011,0.023,0.146
4,228,0.009,0.02,0.15
4,229,0.014,0.027,0.143
4,23,0.004,0.009,0.093
4,230,0.011,0.023,0.147
4,231,0.011,0.022,0.149
4,232,0.008,0.016,0.156
4,233,0.012,0.024,0.147
4,234,0.015,0.029,0.143
4,235,0.005,0.012,0.163
4,236,0.008,0.016,0.158
4,237,0.019,0.036,0.138
4,238,0.006,0.013,0.164
4,239,0.003,0.007,0.177
4,24,0.008,0.017,0.085
4,240,0.006,0.013,0.165
4,241,0.002,0.006,0.182
4,242,0.005,0.011,0.171
4,243,0.005,0.011,0.173
4,244,0.003,0.007,0.183
4,245,0.003,0.008,0.183
4,246,0.006,0.013,0.172
4,247,0.004,0.01,0.179
4,248,0.003,0.006,0.191
4,249,0.002,0.006,0.194
4,25,0.004,0.01,0.091
4,250,0.002,0.005,0.202
4,251,0.001,0.003,0.217
4,26,0.005,0.01,0.091
4,27,0.005,0.011,0.091
4,28,0.008,0.018,0.085
4,29,0.012,0.025,0.08
4,30,0.001,0.003,0.104
4,31,0.016,0.032,0.077
4,32,0.014,0.027,0.079
4,33,0.005,0.012,0.09
4,34,0.001,0.004,0.102
4,35,0.008,0.018,0.085
4,36,0.004,0.01,0.092
4,37,0.003,0.007,0.096
4,38,0.002,0.005,0.101
4,39,0.003,0.007,0.096
4,40,0.006,0.014,0.088
4,41,0.0,0.001,0.12
4,42,0.003,0.008,0.095
4,43,0.006,0.013,0.09
4,44,0.001,0.003,0.105
4,45,0.005,0.011,0.091
4,46,0.004,0.009,0.095
4,47,0.003,0.007,0.098
4,48,0.014,0.028,0.08
4,49,0.001,0.003,0.106
4,50,0.004,0.009,0.095
4,51,0.009,0.019,0.086
4,52,0.003,0.008,0.096
4,53,0.003,0.007,0.098
4,54,0.016,0.031,0.08
4,55,0.011,0.022,0.084
4,56,0.012,0.024,0.084
4,57,0.009,0.019,0.087
4,58,0.006,0.013,0.092
4,59,0.012,0.025,0.083
4,60,0.003,0.008,0.099
4,61,0.005,0.011,0.095
4,62,0.005,0.011,0.095
4,63,0.01,0.02,0.087
4,64,0.004,0.01,0.097
4,65,0.002,0.005,0.106
4,66,0.005,0.012,0.095
4,67,0.01,0.021,0.088
4,68,0.007,0.015,0.093
4,69,0.01,0.02,0.089
4,7,0.018,0.033,0.084
4,70,0.003,0.008,0.101
4,71,0.002,0.005,0.108
4,72,0.005,0.011,0.098
4,73,0.003,0.008,0.101
4,74,0.012,0.024,0.088
4,75,0.003,0.008,0.102
4,76,0.002,0.005,0.11
4,77,0.002,0.006,0.106
4,78,0.003,0.007,0.105
4,79,0.005,0.01,0.1
4,8,0.016,0.031,0.084
4,80,0.003,0.007,0.105
4,81,0.002,0.006,0.108
4,82,0.001,0.003,0.116
4,83,0.001,0.004,0.114
4,84,0.004,0.009,0.103
4,85,0.007,0.016,0.096
4,86,0.006,0.013,0.099
4,87,0.002,0.005,0.111
4,88,0.002,0.006,0.109
4,89,0.009,0.019,0.094
4,9,0.05,0.082,0.068
4,90,0.014,0.027,0.089
4,91,0.007,0.015,0.098
4,92,0.008,0.018,0.096
4,93,0.019,0.035,0.086
4,94,0.004,0.009,0.106
4,95,0.01,0.021,0.094
4,96,0.013,0.025,0.092
4,97,0.012,0.023,0.093
4,98,0.007,0.016,0.099
4,99,0.008,0.018,0.097
40,10,0.0,0.001,0.125
40,100,0.0,0.0,0.228
40,101,0.0,0.0,0.239
40,102,0.0,0.0,0.24
40,103,0.0,0.0,0.234
40,104,0.0,0.0,0.245
40,105,0.0,0.0,0.242
40,106,0.0,0.0,0.237
40,107,0.0,0.0,0.233
40,108,0.0,0.0,0.24
40,109,0.0,0.0,0.241
40,11,0.0,0.001,0.123
40,110,0.0,0.0,0.256
40,111,0.0,0.0,0.247
40,112,0.0,0.0,0.25
40,113,0.0,0.0,0.255
40,114,0.0,0.0,0.25
40,115,0.0,0.0,0.248
40,116,0.0,0.0,0.251
40,117,0.0,0.0,0.247
40,118,0.0,0.0,0.249
40,119,0.0,0.0,0.244
40,12,0.0,0.001,0.125
40,120,0.0,0.0,0.256
40,121,0.0,0.0,0.261
40,122,0.0,0.0,0.258
40,123,0.0,0.0,0.264
40,124,0.0,0.0,0.268
40,125,0.0,0.0,0.261
40,126,0.0,0.0,0.264
40,127,0.0,0.0,0.256
40,128,0.0,0.0,0.256
40,129,0.0,0.0,0.262
40,13,0.001,0.003,0.113
40,130,0.0,0.0,0.263
40,131,0.0,0.0,0.26
40,132,0.0,0.0,0.268
40,133,0.0,0.0,0.262
40,134,0.0,0.0,0.253
40,135,0.0,0.0,0.253
40,136,0.0,0.0,0.249
40,137,0.0,0.0,0.245
40,138,0.0,0.0,0.247
40,139,0.0,0.0,0.245
40,14,0.0,0.001,0.129
40,140,0.0,0.0,0.237
40,141,0.0,0.0,0.25
40,142,0.0,0.0,0.243
40,143,0.0,0.0,0.24
40,144,0.0,0.0,0.25
40,145,0.0,0.0,0.247
40,146,0.0,0.0,0.236
40,147,0.0,0.0,0.237
40,148,0.0,0.0,0.234
40,149,0.0,0.0,0.228
40,15,0.0,0.0,0.139
40,150,0.0,0.0,0.223
40,151,0.0,0.0,0.226
40,152,0.0,0.0,0.222
40,153,0.0,0.0,0.218
40,154,0.0,0.0,0.216
40,155,0.0,0.0,0.221
40,156,0.0,0.0,0.213
40,157,0.0,0.0,0.206
40,158,0.0,0.0,0.208
40,159,0.0,0.0,0.208
40,16,0.0,0.0,0.135
40,160,0.0,0.0,0.208
40,161,0.0,0.0,0.212
40,162,0.0,0.0,0.211
40,163,0.0,0.0,0.209
40,164,0.0,0.0,0.205
40,165,0.0,0.0,0.193
40,166,0.0,0.0,0.19
40,167,0.0,0.0,0.195
40,168,0.0,0.0,0.195
40,169,0.0,0.0,0.197
40,17,0.0,0.0,0.143
40,170,0.0,0.0,0.194
40,171,0.0,0.0,0.198
40,172,0.0,0.0,0.207
40,173,0.0,0.0,0.19
40,174,0.0,0.0,0.18
40,175,0.0,0.0,0.182
40,176,0.0,0.0,0.191
40,177,0.0,0.0,0.208
40,178,0.0,0.0,0.204
40,179,0.0,0.0,0.198
40,18,0.0,0.0,0.14
40,180,0.0,0.0,0.193
40,181,0.0,0.0,0.195
40,182,0.0,0.0,0.203
40,183,0.0,0.0,0.202
40,184,0.0,0.0,0.199
40,185,0.0,0.0,0.2
40,186,0.0,0.0,0.194
40,187,0.0,0.0,0.205
40,188,0.0,0.0,0.203
40,189,0.0,0.0,0.19
40,19,0.0,0.0,0.141
40,190,0.0,0.0,0.191
40,191,0.0,0.0,0.195
40,192,0.0,0.0,0.196
40,193,0.0,0.0,0.196
40,194,0.0,0.0,0.201
40,195,0.0,0.0,0.203
40,196,0.0,0.0,0.204
40,197,0.0,0.0,0.196
40,198,0.0,0.0,0.207
40,199,0.0,0.0,0.22
40,20,0.0,0.0,0.148
40,200,0.0,0.0,0.206
40,201,0.0,0.0,0.202
40,202,0.0,0.0,0.195
40,203,0.0,0.0,0.2
40,204,0.0,0.0,0.194
40,205,0.0,0.0,0.192
40,206,0.0,0.0,0.182
40,207,0.0,0.0,0.184
40,208,0.0,0.0,0.192
40,209,0.0,0.0,0.2
40,21,0.0,0.0,0.141
40,210,0.0,0.0,0.187
40,211,0.0,0.0,0.191
40,212,0.0,0.0,0.189
40,213,0.0,0.0,0.196
40,214,0.0,0.0,0.196
40,215,0.0,0.0,0.196
40,216,0.0,0.0,0.192
40,217,0.0,0.0,0.198
40,218,0.0,0.0,0.198
40,219,0.0,0.0,0.213
40,22,0.0,0.0,0.145
40,220,0.0,0.0,0.197
40,221,0.0,0.0,0.195
40,222,0.0,0.0,0.19
40,223,0.0,0.0,0.18
40,224,0.0,0.0,0.187
40,225,0.0,0.001,0.178
40,226,0.0,0.0,0.185
40,227,0.0,0.0,0.19
40,228,0.0,0.001,0.178
40,229,0.0,0.001,0.18
40,23,0.0,0.0,0.152
40,230,0.0,0.001,0.173
40,231,0.0,0.001,0.175
40,232,0.001,0.002,0.171
40,233,0.0,0.001,0.181
40,234,0.0,0.001,0.181
40,235,0.001,0.002,0.174
40,236,0.0,0.002,0.178
40,237,0.0,0.001,0.181
40,238,0.001,0.002,0.178
40,239,0.001,0.002,0.183
40,24,0.0,0.0,0.154
40,240,0.0,0.001,0.191
40,241,0.0,0.002,0.189
40,242,0.001,0.003,0.178
40,243,0.001,0.002,0.189
40,244,0.002,0.005,0.177
40,245,0.001,0.003,0.188
40,246,0.001,0.003,0.19
40,247,0.002,0.005,0.186
40,248,0.002,0.005,0.187
40,249,0.001,0.004,0.195
40,25,0.0,0.0,0.166
40,250,0.003,0.006,0.188
40,251,0.001,0.003,0.205
40,26,0.0,0.0,0.159
40,27,0.0,0.0,0.148
40,28,0.0,0.0,0.151
40,29,0.0,0.0,0.145
40,30,0.0,0.0,0.17
40,31,0.0,0.0,0.169
40,32,0.0,0.0,0.152
40,33,0.0,0.0,0.157
40,34,0.0,0.0,0.162
40,35,0.0,0.0,0.16
40,36,0.0,0.0,0.175
40,37,0.0,0.0,0.162
40,38,0.0,0.0,0.15
40,39,0.0,0.0,0.151
40,40,0.0,0.0,0.164
40,41,0.0,0.0,0.161
40,42,0.0,0.0,0.15
40,43,0.0,0.0,0.154
40,44,0.0,0.0,0.162
40,45,0.0,0.0,0.163
40,46,0.0,0.0,0.157
40,47,0.0,0.0,0.17
40,48,0.0,0.0,0.175
40,49,0.0,0.0,0.177
40,50,0.0,0.0,0.186
40,51,0.0,0.0,0.182
40,52,0.0,0.0,0.179
40,53,0.0,0.0,0.17
40,54,0.0,0.0,0.192
40,55,0.0,0.0,0.189
40,56,0.0,0.0,0.182
40,57,0.0,0.0,0.208
40,58,0.0,0.0,0.193
40,59,0.0,0.0,0.205
40,6,0.0,0.001,0.125
40,60,0.0,0.0,0.211
40,61,0.0,0.0,0.198
40,62,0.0,0.0,0.218
40,63,0.0,0.0,0.211
40,64,0.0,0.0,0.212
40,65,0.0,0.0,0.205
40,66,0.0,0.0,0.202
40,67,0.0,0.0,0.219
40,68,0.0,0.0,0.211
40,69,0.0,0.0,0.199
40,7,0.0,0.001,0.127
40,70,0.0,0.0,0.204
40,71,0.0,0.0,0.208
40,72,0.0,0.0,0.215
40,73,0.0,0.0,0.206
40,74,0.0,0.0,0.198
40,75,0.0,0.0,0.195
40,76,0.0,0.0,0.204
40,77,0.0,0.0,0.202
40,78,0.0,0.0,0.212
40,79,0.0,0.0,0.221
40,8,0.001,0.003,0.114
40,80,0.0,0.0,0.211
40,81,0.0,0.0,0.215
40,82,0.0,0.0,0.218
40,83,0.0,0.0,0.238
40,84,0.0,0.0,0.237
40,85,0.0,0.0,0.228
40,86,0.0,0.0,0.224
40,87,0.0,0.0,0.226
40,88,0.0,0.0,0.237
40,89,0.0,0.0,0.222
40,9,0.001,0.002,0.117
40,90,0.0,0.0,0.238
40,91,0.0,0.0,0.241
40,92,0.0,0.0,0.221
40,93,0.0,0.0,0.226
40,94,0.0,0.0,0.233
40,95,0.0,0.0,0.232
40,96,0.0,0.0,0.234
40,97,0.0,0.0,0.239
40,98,0.0,0.0,0.235
40,99,0.0,0.0,0.228
41,10,0.0,0.0,0.137
41,100,0.0,0.0,0.246
41,101,0.0,0.0,0.248
41,102,0.0,0.0,0.252
41,103,0.0,0.0,0.257
41,104,0.0,0.0,0.254
41,105,0.0,0.0,0.253
41,106,0.0,0.0,0.266
41,107,0.0,0.0,0.258
41,108,0.0,0.0,0.251
41,109,0.0,0.0,0.265
41,11,0.0,0.001,0.13
41,110,0.0,0.0,0.244
41,111,0.0,0.0,0.258
41,112,0.0,0.0,0.258
41,113,0.0,0.0,0.257
41,114,0.0,0.0,0.27
41,115,0.0,0.0,0.27
41,116,0.0,0.0,0.273
41,117,0.0,0.0,0.277
41,118,0.0,0.0,0.269
41,119,0.0,0.0,0.27
41,12,0.0,0.0,0.138
41,120,0.0,0.0,0.271
41,121,0.0,0.0,0.269
41,122,0.0,0.0,0.278
41,123,0.0,0.0,0.282
41,124,0.0,0.0,0.274
41,125,0.0,0.0,0.27
41,126,0.0,0.0,0.27
41,127,0.0,0.0,0.263
41,128,0.0,0.0,0.265
41,129,0.0,0.0,0.282
41,13,0.0,0.0,0.141
41,130,0.0,0.0,0.272
41,131,0.0,0.0,0.268
41,132,0.0,0.0,0.268
41,133,0.0,0.0,0.271
41,134,0.0,0.0,0.276
41,135,0.0,0.0,0.273
41,136,0.0,0.0,0.272
41,137,0.0,0.0,0.262
41,138,0.0,0.0,0.259
41,139,0.0,0.0,0.27
41,14,0.0,0.0,0.143
41,140,0.0,0.0,0.256
41,141,0.0,0.0,0.264
41,142,0.0,0.0,0.268
41,143,0.0,0.0,0.259
41,144,0.0,0.0,0.253
41,145,0.0,0.0,0.248
41,146,0.0,0.0,0.24
41,147,0.0,0.0,0.252
41,148,0.0,0.0,0.253
41,149,0.0,0.0,0.254
41,15,0.0,0.0,0.146
41,150,0.0,0.0,0.243
41,151,0.0,0.0,0.247
41,152,0.0,0.0,0.238
41,153,0.0,0.0,0.233
41,154,0.0,0.0,0.231
41,155,0.0,0.0,0.224
41,156,0.0,0.0,0.219
41,157,0.0,0.0,0.217
41,158,0.0,0.0,0.222
41,159,0.0,0.0,0.23
41,16,0.0,0.0,0.139
41,160,0.0,0.0,0.225
41,161,0.0,0.0,0.216
41,162,0.0,0.0,0.221
41,163,0.0,0.0,0.215
41,164,0.0,0.0,0.215
41,165,0.0,0.0,0.216
41,166,0.0,0.0,0.204
41,167,0.0,0.0,0.221
41,168,0.0,0.0,0.215
41,169,0.0,0.0,0.197
41,17,0.0,0.0,0.15
41,170,0.0,0.0,0.197
41,171,0.0,0.0,0.196
41,172,0.0,0.0,0.205
41,173,0.0,0.0,0.195
41,174,0.0,0.0,0.206
41,175,0.0,0.0,0.198
41,176,0.0,0.0,0.194
41,177,0.0,0.0,0.191
41,178,0.0,0.0,0.195
41,179,0.0,0.0,0.201
41,18,0.0,0.0,0.152
41,180,0.0,0.0,0.2
41,181,0.0,0.0,0.201
41,182,0.0,0.0,0.198
41,183,0.0,0.0,0.205
41,184,0.0,0.0,0.196
41,185,0.0,0.0,0.194
41,186,0.0,0.0,0.196
41,187,0.0,0.0,0.194
41,188,0.0,0.0,0.207
41,189,0.0,0.0,0.209
41,19,0.0,0.0,0.143
41,190,0.0,0.0,0.203
41,191,0.0,0.0,0.208
41,192,0.0,0.0,0.201
41,193,0.0,0.0,0.205
41,194,0.0,0.0,0.21
41,195,0.0,0.0,0.213
41,196,0.0,0.0,0.217
41,197,0.0,0.0,0.214
41,198,0.0,0.0,0.21
41,199,0.0,0.0,0.202
41,20,0.0,0.0,0.15
41,200,0.0,0.0,0.214
41,201,0.0,0.0,0.208
41,202,0.0,0.0,0.198
41,203,0.0,0.0,0.196
41,204,0.0,0.0,0.188
41,205,0.0,0.0,0.192
41,206,0.0,0.0,0.191
41,207,0.0,0.0,0.2
41,208,0.0,0.0,0.187
41,209,0.0,0.0,0.192
41,21,0.0,0.0,0.153
41,210,0.0,0.0,0.199
41,211,0.0,0.0,0.2
41,212,0.0,0.0,0.201
41,213,0.0,0.0,0.197
41,214,0.0,0.0,0.204
41,215,0.0,0.0,0.197
41,216,0.0,0.0,0.2
41,217,0.0,0.0,0.202
41,218,0.0,0.0,0.211
41,219,0.0,0.0,0.211
41,22,0.0,0.0,0.158
41,220,0.0,0.0,0.207
41,221,0.0,0.0,0.196
41,222,0.0,0.0,0.189
41,223,0.0,0.0,0.182
41,224,0.0,0.0,0.195
41,225,0.0,0.0,0.198
41,226,0.0,0.0,0.193
41,227,0.0,0.0,0.2
41,228,0.0,0.001,0.177
41,229,0.0,0.0,0.19
41,23,0.0,0.0,0.159
41,230,0.0,0.001,0.174
41,231,0.0,0.0,0.187
41,232,0.0,0.0,0.188
41,233,0.001,0.002,0.171
41,234,0.0,0.001,0.183
41,235,0.0,0.001,0.18
41,236,0.001,0.002,0.171
41,237,0.001,0.002,0.177
41,238,0.0,0.001,0.191
41,239,0.0,0.001,0.188
41,24,0.0,0.0,0.149
41,240,0.0,0.001,0.188
41,241,0.0,0.001,0.19
41,242,0.0,0.001,0.192
41,243,0.001,0.003,0.182
41,244,0.001,0.003,0.185
41,245,0.001,0.002,0.197
41,246,0.0,0.001,0.213
41,247,0.0,0.001,0.207
41,248,0.001,0.002,0.203
41,249,0.001,0.002,0.209
41,25,0.0,0.0,0.158
41,250,0.001,0.003,0.203
41,251,0.002,0.004,0.2
41,26,0.0,0.0,0.161
41,27,0.0,0.0,0.165
41,28,0.0,0.0,0.146
41,29,0.0,0.0,0.17
41,30,0.0,0.0,0.158
41,31,0.0,0.0,0.162
41,32,0.0,0.0,0.143
41,33,0.0,0.0,0.18
41,34,0.0,0.0,0.161
41,35,0.0,0.0,0.145
41,36,0.0,0.0,0.154
41,37,0.0,0.0,0.159
41,38,0.0,0.0,0.15
41,39,0.0,0.0,0.159
41,40,0.0,0.0,0.165
41,41,0.0,0.0,0.16
41,42,0.0,0.0,0.162
41,43,0.0,0.0,0.155
41,44,0.0,0.0,0.173
41,45,0.0,0.0,0.177
41,46,0.0,0.0,0.16
41,47,0.0,0.0,0.178
41,48,0.0,0.0,0.179
41,49,0.0,0.0,0.174
41,50,0.0,0.0,0.177
41,51,0.0,0.0,0.184
41,52,0.0,0.0,0.183
41,53,0.0,0.0,0.195
41,54,0.0,0.0,0.202
41,55,0.0,0.0,0.194
41,56,0.0,0.0,0.189
41,57,0.0,0.0,0.194
41,58,0.0,0.0,0.203
41,59,0.0,0.0,0.217
41,6,0.0,0.0,0.14
41,60,0.0,0.0,0.21
41,61,0.0,0.0,0.201
41,62,0.0,0.0,0.196
41,63,0.0,0.0,0.189
41,64,0.0,0.0,0.197
41,65,0.0,0.0,0.195
41,66,0.0,0.0,0.187
41,67,0.0,0.0,0.201
41,68,0.0,0.0,0.197
41,69,0.0,0.0,0.212
41,7,0.0,0.0,0.142
41,70,0.0,0.0,0.203
41,71,0.0,0.0,0.204
41,72,0.0,0.0,0.213
41,73,0.0,0.0,0.212
41,74,0.0,0.0,0.21
41,75,0.0,0.0,0.215
41,76,0.0,0.0,0.213
41,77,0.0,0.0,0.212
41,78,0.0,0.0,0.217
41,79,0.0,0.0,0.212
41,8,0.001,0.002,0.122
41,80,0.0,0.0,0.217
41,81,0.0,0.0,0.224
41,82,0.0,0.0,0.224
41,83,0.0,0.0,0.229
41,84,0.0,0.0,0.229
41,85,0.0,0.0,0.227
41,86,0.0,0.0,0.224
41,87,0.0,0.0,0.234
41,88,0.0,0.0,0.233
41,89,0.0,0.0,0.227
41,9,0.0,0.0,0.137
41,90,0.0,0.0,0.241
41,91,0.0,0.0,0.242
41,92,0.0,0.0,0.235
41,93,0.0,0.0,0.251
41,94,0.0,0.0,0.235
41,95,0.0,0.0,0.232
41,96,0.0,0.0,0.233
41,97,0.0,0.0,0.236
41,98,0.0,0.0,0.247
41,99,0.0,0.0,0.243
42,10,0.0,0.0,0.158
42,100,0.0,0.0,0.25
42,101,0.0,0.0,0.254
42,102,0.0,0.0,0.256
42,103,0.0,0.0,0.253
42,104,0.0,0.0,0.259
42,105,0.0,0.0,0.265
42,106,0.0,0.0,0.256
42,107,0.0,0.0,0.247
42,108,0.0,0.0,0.244
42,109,0.0,0.0,0.257
42,11,0.0,0.0,0.161
42,110,0.0,0.0,0.272
42,111,0.0,0.0,0.273
42,112,0.0,0.0,0.271
42,113,0.0,0.0,0.266
42,114,0.0,0.0,0.26
42,115,0.0,0.0,0.261
42,116,0.0,0.0,0.264
42,117,0.0,0.0,0.268
42,118,0.0,0.0,0.275
42,119,0.0,0.0,0.272
42,12,0.0,0.0,0.165
42,120,0.0,0.0,0.27
42,121,0.0,0.0,0.273
42,122,0.0,0.0,0.274
42,123,0.0,0.0,0.273
42,124,0.0,0.0,0.265
42,125,0.0,0.0,0.262
42,126,0.0,0.0,0.275
42,127,0.0,0.0,0.266
42,128,0.0,0.0,0.273
42,129,0.0,0.0,0.28
42,13,0.0,0.0,0.153
42,130,0.0,0.0,0.266
42,131,0.0,0.0,0.264
42,132,0.0,0.0,0.277
42,133,0.0,0.0,0.285
42,134,0.0,0.0,0.279
42,135,0.0,0.0,0.275
42,136,0.0,0.0,0.278
42,137,0.0,0.0,0.272
42,138,0.0,0.0,0.281
42,139,0.0,0.0,0.272
42,14,0.0,0.0,0.162
42,140,0.0,0.0,0.256
42,141,0.0,0.0,0.263
42,142,0.0,0.0,0.263
42,143,0.0,0.0,0.258
42,144,0.0,0.0,0.263
42,145,0.0,0.0,0.249
42,146,0.0,0.0,0.254
42,147,0.0,0.0,0.248
42,148,0.0,0.0,0.241
42,149,0.0,0.0,0.243
42,15,0.0,0.0,0.154
42,150,0.0,0.0,0.233
42,151,0.0,0.0,0.236
42,152,0.0,0.0,0.236
42,153,0.0,0.0,0.239
42,154,0.0,0.0,0.246
42,155,0.0,0.0,0.241
42,156,0.0,0.0,0.249
42,157,0.0,0.0,0.231
42,158,0.0,0.0,0.23
42,159,0.0,0.0,0.234
42,16,0.0,0.0,0.171
42,160,0.0,0.0,0.229
42,161,0.0,0.0,0.236
42,162,0.0,0.0,0.222
42,163,0.0,0.0,0.221
42,164,0.0,0.0,0.226
42,165,0.0,0.0,0.224
42,166,0.0,0.0,0.229
42,167,0.0,0.0,0.216
42,168,0.0,0.0,0.225
42,169,0.0,0.0,0.223
42,17,0.0,0.0,0.161
42,170,0.0,0.0,0.222
42,171,0.0,0.0,0.216
42,172,0.0,0.0,0.221
42,173,0.0,0.0,0.209
42,174,0.0,0.0,0.209
42,175,0.0,0.0,0.204
42,176,0.0,0.0,0.211
42,177,0.0,0.0,0.209
42,178,0.0,0.0,0.207
42,179,0.0,0.0,0.215
42,18,0.0,0.0,0.169
42,180,0.0,0.0,0.201
42,181,0.0,0.0,0.199
42,182,0.0,0.0,0.211
42,183,0.0,0.0,0.207
42,184,0.0,0.0,0.208
42,185,0.0,0.0,0.215
42,186,0.0,0.0,0.216
42,187,0.0,0.0,0.214
42,188,0.0,0.0,0.217
42,189,0.0,0.0,0.223
42,19,0.0,0.0,0.17
42,190,0.0,0.0,0.218
42,191,0.0,0.0,0.216
42,192,0.0,0.0,0.214
42,193,0.0,0.0,0.216
42,194,0.0,0.0,0.216
42,195,0.0,0.0,0.227
42,196,0.0,0.0,0.222
42,197,0.0,0.0,0.21
42,198,0.0,0.0,0.208
42,199,0.0,0.0,0.215
42,20,0.0,0.0,0.163
42,200,0.0,0.0,0.212
42,201,0.0,0.0,0.21
42,202,0.0,0.0,0.206
42,203,0.0,0.0,0.202
42,204,0.0,0.0,0.188
42,205,0.0,0.0,0.199
42,206,0.0,0.0,0.192
42,207,0.0,0.0,0.194
42,208,0.0,0.0,0.189
42,209,0.0,0.0,0.189
42,21,0.0,0.0,0.164
42,210,0.0,0.0,0.178
42,211,0.0,0.0,0.185
42,212,0.0,0.0,0.193
42,213,0.0,0.0,0.198
42,214,0.0,0.0,0.181
42,215,0.0,0.0,0.192
42,216,0.0,0.0,0.198
42,217,0.0,0.0,0.187
42,218,0.0,0.0,0.193
42,219,0.0,0.0,0.195
42,22,0.0,0.0,0.165
42,220,0.0,0.0,0.196
42,221,0.0,0.0,0.206
42,222,0.0,0.0,0.187
42,223,0.0,0.0,0.181
42,224,0.0,0.001,0.17
42,225,0.0,0.001,0.177
42,226,0.0,0.001,0.171
42,227,0.0,0.001,0.169
42,228,0.0,0.001,0.176
42,229,0.0,0.001,0.178
42,23,0.0,0.0,0.171
42,230,0.0,0.001,0.18
42,231,0.0,0.001,0.177
42,232,0.0,0.001,0.185
42,233,0.0,0.001,0.182
42,234,0.0,0.001,0.176
42,235,0.001,0.002,0.169
42,236,0.001,0.002,0.171
42,237,0.001,0.002,0.176
42,238,0.002,0.004,0.162
42,239,0.001,0.004,0.166
42,24,0.0,0.0,0.164
42,240,0.001,0.002,0.179
42,241,0.0,0.001,0.187
42,242,0.001,0.003,0.175
42,243,0.001,0.003,0.179
42,244,0.001,0.003,0.184
42,245,0.001,0.002,0.195
42,246,0.001,0.002,0.196
42,247,0.001,0.002,0.195
42,248,0.001,0.002,0.202
42,249,0.0,0.001,0.211
42,25,0.0,0.0,0.163
42,250,0.001,0.002,0.207
42,251,0.002,0.004,0.198
42,26,0.0,0.0,0.172
42,27,0.0,0.0,0.175
42,28,0.0,0.0,0.166
42,29,0.0,0.0,0.16
42,30,0.0,0.0,0.17
42,31,0.0,0.0,0.177
42,32,0.0,0.0,0.167
42,33,0.0,0.0,0.175
42,34,0.0,0.0,0.187
42,35,0.0,0.0,0.169
42,36,0.0,0.0,0.166
42,37,0.0,0.0,0.172
42,38,0.0,0.0,0.177
42,39,0.0,0.0,0.174
42,40,0.0,0.0,0.182
42,41,0.0,0.0,0.174
42,42,0.0,0.0,0.173
42,43,0.0,0.0,0.183
42,44,0.0,0.0,0.177
42,45,0.0,0.0,0.177
42,46,0.0,0.0,0.179
42,47,0.0,0.0,0.177
42,48,0.0,0.0,0.184
42,49,0.0,0.0,0.19
42,50,0.0,0.0,0.191
42,51,0.0,0.0,0.174
42,52,0.0,0.0,0.178
42,53,0.0,0.0,0.174
42,54,0.0,0.0,0.195
42,55,0.0,0.0,0.205
42,56,0.0,0.0,0.195
42,57,0.0,0.0,0.204
42,58,0.0,0.0,0.194
42,59,0.0,0.0,0.216
42,6,0.0,0.0,0.164
42,60,0.0,0.0,0.202
42,61,0.0,0.0,0.201
42,62,0.0,0.0,0.207
42,63,0.0,0.0,0.223
42,64,0.0,0.0,0.222
42,65,0.0,0.0,0.208
42,66,0.0,0.0,0.217
42,67,0.0,0.0,0.218
42,68,0.0,0.0,0.221
42,69,0.0,0.0,0.214
42,7,0.0,0.0,0.161
42,70,0.0,0.0,0.221
42,71,0.0,0.0,0.215
42,72,0.0,0.0,0.217
42,73,0.0,0.0,0.216
42,74,0.0,0.0,0.229
42,75,0.0,0.0,0.228
42,76,0.0,0.0,0.245
42,77,0.0,0.0,0.228
42,78,0.0,0.0,0.229
42,79,0.0,0.0,0.226
42,8,0.0,0.0,0.17
42,80,0.0,0.0,0.231
42,81,0.0,0.0,0.226
42,82,0.0,0.0,0.23
42,83,0.0,0.0,0.238
42,84,0.0,0.0,0.228
42,85,0.0,0.0,0.234
42,86,0.0,0.0,0.235
42,87,0.0,0.0,0.241
42,88,0.0,0.0,0.248
42,89,0.0,0.0,0.243
42,9,0.0,0.0,0.164
42,90,0.0,0.0,0.241
42,91,0.0,0.0,0.255
42,92,0.0,0.0,0.247
42,93,0.0,0.0,0.251
42,94,0.0,0.0,0.26
42,95,0.0,0.0,0.257
42,96,0.0,0.0,0.256
42,97,0.0,0.0,0.259
42,98,0.0,0.0,0.264
42,99,0.0,0.0,0.252
43,10,0.0,0.0,0.155
43,100,0.0,0.0,0.251
43,101,0.0,0.0,0.254
43,102,0.0,0.0,0.256
43,103,0.0,0.0,0.259
43,104,0.0,0.0,0.262
43,105,0.0,0.0,0.278
43,106,0.0,0.0,0.282
43,107,0.0,0.0,0.279
43,108,0.0,0.0,0.26
43,109,0.0,0.0,0.276
43,11,0.0,0.0,0.165
43,110,0.0,0.0,0.271
43,111,0.0,0.0,0.26
43,112,0.0,0.0,0.257
43,113,0.0,0.0,0.256
43,114,0.0,0.0,0.261
43,115,0.0,0.0,0.273
43,116,0.0,0.0,0.287
43,117,0.0,0.0,0.279
43,118,0.0,0.0,0.278
43,119,0.0,0.0,0.276
43,12,0.0,0.0,0.159
43,120,0.0,0.0,0.282
43,121,0.0,0.0,0.284
43,122,0.0,0.0,0.274
43,123,0.0,0.0,0.265
43,124,0.0,0.0,0.268
43,125,0.0,0.0,0.278
43,126,0.0,0.0,0.281
43,127,0.0,0.0,0.276
43,128,0.0,0.0,0.266
43,129,0.0,0.0,0.272
43,13,0.0,0.0,0.179
43,130,0.0,0.0,0.269
43,131,0.0,0.0,0.269
43,132,0.0,0.0,0.261
43,133,0.0,0.0,0.256
43,134,0.0,0.0,0.262
43,135,0.0,0.0,0.257
43,136,0.0,0.0,0.25
43,137,0.0,0.0,0.256
43,138,0.0,0.0,0.254
43,139,0.0,0.0,0.252
43,14,0.0,0.0,0.174
43,140,0.0,0.0,0.265
43,141,0.0,0.0,0.256
43,142,0.0,0.0,0.256
43,143,0.0,0.0,0.252
43,144,0.0,0.0,0.254
43,145,0.0,0.0,0.261
43,146,0.0,0.0,0.261
43,147,0.0,0.0,0.255
43,148,0.0,0.0,0.244
43,149,0.0,0.0,0.235
43,15,0.0,0.0,0.173
43,150,0.0,0.0,0.243
43,151,0.0,0.0,0.244
43,152,0.0,0.0,0.25
43,153,0.0,0.0,0.248
43,154,0.0,0.0,0.238
43,155,0.0,0.0,0.247
43,156,0.0,0.0,0.241
43,157,0.0,0.0,0.226
43,158,0.0,0.0,0.235
43,159,0.0,0.0,0.231
43,16,0.0,0.0,0.175
43,160,0.0,0.0,0.228
43,161,0.0,0.0,0.231
43,162,0.0,0.0,0.225
43,163,0.0,0.0,0.22
43,164,0.0,0.0,0.223
43,165,0.0,0.0,0.222
43,166,0.0,0.0,0.22
43,167,0.0,0.0,0.229
43,168,0.0,0.0,0.213
43,169,0.0,0.0,0.209
43,17,0.0,0.0,0.185
43,170,0.0,0.0,0.212
43,171,0.0,0.0,0.204
43,172,0.0,0.0,0.209
43,173,0.0,0.0,0.207
43,174,0.0,0.0,0.197
43,175,0.0,0.0,0.208
43,176,0.0,0.0,0.198
43,177,0.0,0.0,0.201
43,178,0.0,0.0,0.21
43,179,0.0,0.0,0.211
43,18,0.0,0.0,0.185
43,180,0.0,0.0,0.201
43,181,0.0,0.0,0.199
43,182,0.0,0.0,0.202
43,183,0.0,0.0,0.203
43,184,0.0,0.0,0.206
43,185,0.0,0.0,0.2
43,186,0.0,0.0,0.201
43,187,0.0,0.0,0.206
43,188,0.0,0.0,0.209
43,189,0.0,0.0,0.212
43,19,0.0,0.0,0.178
43,190,0.0,0.0,0.219
43,191,0.0,0.0,0.214
43,192,0.0,0.0,0.212
43,193,0.0,0.0,0.215
43,194,0.0,0.0,0.203
43,195,0.0,0.0,0.204
43,196,0.0,0.0,0.205
43,197,0.0,0.0,0.222
43,198,0.0,0.0,0.208
43,199,0.0,0.0,0.194
43,20,0.0,0.0,0.189
43,200,0.0,0.0,0.202
43,201,0.0,0.0,0.209
43,202,0.0,0.0,0.202
43,203,0.0,0.0,0.196
43,204,0.0,0.0,0.198
43,205,0.0,0.0,0.193
43,206,0.0,0.0,0.192
43,207,0.0,0.0,0.191
43,208,0.0,0.0,0.187
43,209,0.0,0.0,0.189
43,21,0.0,0.0,0.17
43,210,0.0,0.0,0.188
43,211,0.0,0.0,0.184
43,212,0.0,0.0,0.179
43,213,0.0,0.001,0.171
43,214,0.0,0.0,0.183
43,215,0.0,0.0,0.177
43,216,0.0,0.0,0.184
43,217,0.0,0.0,0.187
43,218,0.0,0.0,0.177
43,219,0.0,0.0,0.176
43,22,0.0,0.0,0.168
43,220,0.0,0.001,0.163
43,221,0.0,0.001,0.175
43,222,0.0,0.0,0.18
43,223,0.0,0.001,0.174
43,224,0.0,0.0,0.18
43,225,0.0,0.001,0.173
43,226,0.0,0.001,0.175
43,227,0.0,0.0,0.181
43,228,0.0,0.001,0.173
43,229,0.0,0.0,0.184
43,23,0.0,0.0,0.186
43,230,0.0,0.001,0.18
43,231,0.0,0.001,0.17
43,232,0.001,0.002,0.164
43,233,0.0,0.001,0.172
43,234,0.002,0.005,0.155
43,235,0.0,0.002,0.175
43,236,0.0,0.001,0.181
43,237,0.0,0.001,0.188
43,238,0.0,0.001,0.196
43,239,0.0,0.001,0.185
43,24,0.0,0.0,0.165
43,240,0.0,0.001,0.187
43,241,0.0,0.001,0.197
43,242,0.0,0.001,0.203
43,243,0.0,0.001,0.198
43,244,0.0,0.001,0.201
43,245,0.0,0.001,0.204
43,246,0.0,0.001,0.201
43,247,0.0,0.001,0.21
43,248,0.0,0.001,0.214
43,249,0.0,0.001,0.219
43,25,0.0,0.0,0.181
43,250,0.0,0.001,0.229
43,251,0.0,0.001,0.221
43,26,0.0,0.0,0.179
43,27,0.0,0.0,0.174
43,28,0.0,0.0,0.193
43,29,0.0,0.0,0.168
43,30,0.0,0.0,0.173
43,31,0.0,0.0,0.18
43,32,0.0,0.0,0.17
43,33,0.0,0.0,0.177
43,34,0.0,0.0,0.179
43,35,0.0,0.0,0.177
43,36,0.0,0.0,0.165
43,37,0.0,0.0,0.163
43,38,0.0,0.0,0.182
43,39,0.0,0.0,0.202
43,40,0.0,0.0,0.185
43,41,0.0,0.0,0.179
43,42,0.0,0.0,0.182
43,43,0.0,0.0,0.196
43,44,0.0,0.0,0.192
43,45,0.0,0.0,0.186
43,46,0.0,0.0,0.195
43,47,0.0,0.0,0.188
43,48,0.0,0.0,0.189
43,49,0.0,0.0,0.201
43,50,0.0,0.0,0.198
43,51,0.0,0.0,0.194
43,52,0.0,0.0,0.188
43,53,0.0,0.0,0.199
43,54,0.0,0.0,0.192
43,55,0.0,0.0,0.2
43,56,0.0,0.0,0.209
43,57,0.0,0.0,0.205
43,58,0.0,0.0,0.212
43,59,0.0,0.0,0.21
43,6,0.0,0.0,0.144
43,60,0.0,0.0,0.214
43,61,0.0,0.0,0.211
43,62,0.0,0.0,0.218
43,63,0.0,0.0,0.214
43,64,0.0,0.0,0.22
43,65,0.0,0.0,0.227
43,66,0.0,0.0,0.226
43,67,0.0,0.0,0.23
43,68,0.0,0.0,0.224
43,69,0.0,0.0,0.222
43,7,0.0,0.001,0.135
43,70,0.0,0.0,0.221
43,71,0.0,0.0,0.211
43,72,0.0,0.0,0.216
43,73,0.0,0.0,0.228
43,74,0.0,0.0,0.231
43,75,0.0,0.0,0.225
43,76,0.0,0.0,0.226
43,77,0.0,0.0,0.231
43,78,0.0,0.0,0.239
43,79,0.0,0.0,0.249
43,8,0.0,0.0,0.15
43,80,0.0,0.0,0.25
43,81,0.0,0.0,0.232
43,82,0.0,0.0,0.244
43,83,0.0,0.0,0.244
43,84,0.0,0.0,0.248
43,85,0.0,0.0,0.246
43,86,0.0,0.0,0.248
43,87,0.0,0.0,0.251
43,88,0.0,0.0,0.246
43,89,0.0,0.0,0.252
43,9,0.0,0.0,0.149
43,90,0.0,0.0,0.249
43,91,0.0,0.0,0.247
43,92,0.0,0.0,0.247
43,93,0.0,0.0,0.257
43,94,0.0,0.0,0.253
43,95,0.0,0.0,0.249
43,96,0.0,0.0,0.252
43,97,0.0,0.0,0.248
43,98,0.0,0.0,0.251
43,99,0.0,0.0,0.253
44,10,0.0,0.0,0.141
44,100,0.0,0.0,0.269
44,101,0.0,0.0,0.271
44,102,0.0,0.0,0.277
44,103,0.0,0.0,0.273
44,104,0.0,0.0,0.277
44,105,0.0,0.0,0.274
44,106,0.0,0.0,0.283
44,107,0.0,0.0,0.273
44,108,0.0,0.0,0.268
44,109,0.0,0.0,0.279
44,11,0.0,0.0,0.163
44,110,0.0,0.0,0.277
44,111,0.0,0.0,0.272
44,112,0.0,0.0,0.29
44,113,0.0,0.0,0.283
44,114,0.0,0.0,0.273
44,115,0.0,0.0,0.266
44,116,0.0,0.0,0.268
44,117,0.0,0.0,0.275
44,118,0.0,0.0,0.27
44,119,0.0,0.0,0.273
44,12,0.0,0.0,0.168
44,120,0.0,0.0,0.275
44,121,0.0,0.0,0.274
44,122,0.0,0.0,0.27
44,123,0.0,0.0,0.269
44,124,0.0,0.0,0.263
44,125,0.0,0.0,0.27
44,126,0.0,0.0,0.28
44,127,0.0,0.0,0.279
44,128,0.0,0.0,0.272
44,129,0.0,0.0,0.267
44,13,0.0,0.0,0.178
44,130,0.0,0.0,0.265
44,131,0.0,0.0,0.275
44,132,0.0,0.0,0.27
44,133,0.0,0.0,0.268
44,134,0.0,0.0,0.263
44,135,0.0,0.0,0.261
44,136,0.0,0.0,0.265
44,137,0.0,0.0,0.265
44,138,0.0,0.0,0.257
44,139,0.0,0.0,0.252
44,14,0.0,0.0,0.169
44,140,0.0,0.0,0.264
44,141,0.0,0.0,0.251
44,142,0.0,0.0,0.263
44,143,0.0,0.0,0.263
44,144,0.0,0.0,0.261
44,145,0.0,0.0,0.267
44,146,0.0,0.0,0.266
44,147,0.0,0.0,0.257
44,148,0.0,0.0,0.258
44,149,0.0,0.0,0.269
44,15,0.0,0.0,0.172
44,150,0.0,0.0,0.269
44,151,0.0,0.0,0.274
44,152,0.0,0.0,0.274
44,153,0.0,0.0,0.273
44,154,0.0,0.0,0.271
44,155,0.0,0.0,0.264
44,156,0.0,0.0,0.264
44,157,0.0,0.0,0.262
44,158,0.0,0.0,0.249
44,159,0.0,0.0,0.244
44,16,0.0,0.0,0.185
44,160,0.0,0.0,0.245
44,161,0.0,0.0,0.244
44,162,0.0,0.0,0.24
44,163,0.0,0.0,0.249
44,164,0.0,0.0,0.241
44,165,0.0,0.0,0.233
44,166,0.0,0.0,0.232
44,167,0.0,0.0,0.229
44,168,0.0,0.0,0.233
44,169,0.0,0.0,0.226
44,17,0.0,0.0,0.181
44,170,0.0,0.0,0.227
44,171,0.0,0.0,0.221
44,172,0.0,0.0,0.211
44,173,0.0,0.0,0.215
44,174,0.0,0.0,0.208
44,175,0.0,0.0,0.206
44,176,0.0,0.0,0.2
44,177,0.0,0.0,0.203
44,178,0.0,0.0,0.205
44,179,0.0,0.0,0.197
44,18,0.0,0.0,0.182
44,180,0.0,0.0,0.197
44,181,0.0,0.0,0.198
44,182,0.0,0.0,0.201
44,183,0.0,0.0,0.206
44,184,0.0,0.0,0.217
44,185,0.0,0.0,0.211
44,186,0.0,0.0,0.21
44,187,0.0,0.0,0.222
44,188,0.0,0.0,0.211
44,189,0.0,0.0,0.207
44,19,0.0,0.0,0.186
44,190,0.0,0.0,0.204
44,191,0.0,0.0,0.206
44,192,0.0,0.0,0.197
44,193,0.0,0.0,0.207
44,194,0.0,0.0,0.211
44,195,0.0,0.0,0.2
44,196,0.0,0.0,0.204
44,197,0.0,0.0,0.206
44,198,0.0,0.0,0.209
44,199,0.0,0.0,0.211
44,20,0.0,0.0,0.179
44,200,0.0,0.0,0.209
44,201,0.0,0.0,0.206
44,202,0.0,0.0,0.221
44,203,0.0,0.0,0.223
44,204,0.0,0.0,0.211
44,205,0.0,0.0,0.212
44,206,0.0,0.0,0.206
44,207,0.0,0.0,0.212
44,208,0.0,0.0,0.219
44,209,0.0,0.0,0.217
44,21,0.0,0.0,0.171
44,210,0.0,0.0,0.217
44,211,0.0,0.0,0.202
44,212,0.0,0.0,0.205
44,213,0.0,0.0,0.207
44,214,0.0,0.0,0.21
44,215,0.0,0.0,0.203
44,216,0.0,0.0,0.205
44,217,0.0,0.0,0.21
44,218,0.0,0.0,0.197
44,219,0.0,0.0,0.194
44,22,0.0,0.0,0.181
44,220,0.0,0.0,0.194
44,221,0.0,0.0,0.193
44,222,0.0,0.0,0.205
44,223,0.0,0.0,0.2
44,224,0.0,0.0,0.197
44,225,0.0,0.0,0.189
44,226,0.0,0.0,0.206
44,227,0.0,0.0,0.198
44,228,0.0,0.0,0.193
44,229,0.0,0.0,0.186
44,23,0.0,0.0,0.186
44,230,0.0,0.001,0.177
44,231,0.0,0.0,0.195
44,232,0.0,0.0,0.189
44,233,0.0,0.0,0.197
44,234,0.0,0.001,0.183
44,235,0.0,0.001,0.182
44,236,0.0,0.001,0.182
44,237,0.0,0.001,0.183
44,238,0.001,0.002,0.176
44,239,0.0,0.002,0.18
44,24,0.0,0.0,0.177
44,240,0.001,0.003,0.173
44,241,0.001,0.003,0.174
44,242,0.001,0.002,0.18
44,243,0.0,0.001,0.191
44,244,0.0,0.001,0.2
44,245,0.001,0.002,0.189
44,246,0.0,0.001,0.206
44,247,0.0,0.001,0.216
44,248,0.0,0.001,0.205
44,249,0.0,0.001,0.225
44,25,0.0,0.0,0.178
44,250,0.0,0.0,0.232
44,251,0.0,0.001,0.223
44,26,0.0,0.0,0.178
44,27,0.0,0.0,0.17
44,28,0.0,0.0,0.175
44,29,0.0,0.0,0.196
44,30,0.0,0.0,0.183
44,31,0.0,0.0,0.17
44,32,0.0,0.0,0.166
44,33,0.0,0.0,0.185
44,34,0.0,0.0,0.188
44,35,0.0,0.0,0.189
44,36,0.0,0.0,0.181
44,37,0.0,0.0,0.18
44,38,0.0,0.0,0.185
44,39,0.0,0.0,0.182
44,40,0.0,0.0,0.192
44,41,0.0,0.0,0.199
44,42,0.0,0.0,0.19
44,43,0.0,0.0,0.203
44,44,0.0,0.0,0.192
44,45,0.0,0.0,0.192
44,46,0.0,0.0,0.198
44,47,0.0,0.0,0.207
44,48,0.0,0.0,0.2
44,49,0.0,0.0,0.2
44,50,0.0,0.0,0.195
44,51,0.0,0.0,0.214
44,52,0.0,0.0,0.216
44,53,0.0,0.0,0.197
44,54,0.0,0.0,0.21
44,55,0.0,0.0,0.211
44,56,0.0,0.0,0.209
44,57,0.0,0.0,0.215
44,58,0.0,0.0,0.207
44,59,0.0,0.0,0.21
44,6,0.0,0.0,0.147
44,60,0.0,0.0,0.219
44,61,0.0,0.0,0.228
44,62,0.0,0.0,0.218
44,63,0.0,0.0,0.215
44,64,0.0,0.0,0.228
44,65,0.0,0.0,0.223
44,66,0.0,0.0,0.217
44,67,0.0,0.0,0.212
44,68,0.0,0.0,0.224
44,69,0.0,0.0,0.236
44,7,0.0,0.0,0.148
44,70,0.0,0.0,0.227
44,71,0.0,0.0,0.233
44,72,0.0,0.0,0.239
44,73,0.0,0.0,0.245
44,74,0.0,0.0,0.243
44,75,0.0,0.0,0.249
44,76,0.0,0.0,0.249
44,77,0.0,0.0,0.25
44,78,0.0,0.0,0.251
44,79,0.0,0.0,0.263
44,8,0.0,0.0,0.158
44,80,0.0,0.0,0.269
44,81,0.0,0.0,0.249
44,82,0.0,0.0,0.25
44,83,0.0,0.0,0.262
44,84,0.0,0.0,0.254
44,85,0.0,0.0,0.267
44,86,0.0,0.0,0.25
44,87,0.0,0.0,0.256
44,88,0.0,0.0,0.261
44,89,0.0,0.0,0.251
44,9,0.0,0.0,0.152
44,90,0.0,0.0,0.261
44,91,0.0,0.0,0.265
44,92,0.0,0.0,0.256
44,93,0.0,0.0,0.262
44,94,0.0,0.0,0.267
44,95,0.0,0.0,0.268
44,96,0.0,0.0,0.263
44,97,0.0,0.0,0.261
44,98,0.0,0.0,0.281
44,99,0.0,0.0,0.268
45,10,0.0,0.0,0.16
45,100,0.0,0.0,0.276
45,101,0.0,0.0,0.273
45,102,0.0,0.0,0.278
45,103,0.0,0.0,0.268
45,104,0.0,0.0,0.262
45,105,0.0,0.0,0.264
45,106,0.0,0.0,0.267
45,107,0.0,0.0,0.271
45,108,0.0,0.0,0.266
45,109,0.0,0.0,0.259
45,11,0.0,0.0,0.173
45,110,0.0,0.0,0.271
45,111,0.0,0.0,0.277
45,112,0.0,0.0,0.273
45,113,0.0,0.0,0.27
45,114,0.0,0.0,0.255
45,115,0.0,0.0,0.256
45,116,0.0,0.0,0.267
45,117,0.0,0.0,0.269
45,118,0.0,0.0,0.265
45,119,0.0,0.0,0.262
45,12,0.0,0.0,0.166
45,120,0.0,0.0,0.269
45,121,0.0,0.0,0.26
45,122,0.0,0.0,0.264
45,123,0.0,0.0,0.26
45,124,0.0,0.0,0.26
45,125,0.0,0.0,0.257
45,126,0.0,0.0,0.257
45,127,0.0,0.0,0.263
45,128,0.0,0.0,0.26
45,129,0.0,0.0,0.253
45,13,0.0,0.0,0.169
45,130,0.0,0.0,0.254
45,131,0.0,0.0,0.253
45,132,0.0,0.0,0.247
45,133,0.0,0.0,0.253
45,134,0.0,0.0,0.253
45,135,0.0,0.0,0.243
45,136,0.0,0.0,0.25
45,137,0.0,0.0,0.249
45,138,0.0,0.0,0.238
45,139,0.0,0.0,0.244
45,14,0.0,0.0,0.163
45,140,0.0,0.0,0.241
45,141,0.0,0.0,0.247
45,142,0.0,0.0,0.247
45,143,0.0,0.0,0.238
45,144,0.0,0.0,0.242
45,145,0.0,0.0,0.243
45,146,0.0,0.0,0.245
45,147,0.0,0.0,0.25
45,148,0.0,0.0,0.246
45,149,0.0,0.0,0.243
45,15,0.0,0.0,0.168
45,150,0.0,0.0,0.24
45,151,0.0,0.0,0.238
45,152,0.0,0.0,0.237
45,153,0.0,0.0,0.242
45,154,0.0,0.0,0.243
45,155,0.0,0.0,0.24
45,156,0.0,0.0,0.243
45,157,0.0,0.0,0.24
45,158,0.0,0.0,0.233
45,159,0.0,0.0,0.228
45,16,0.0,0.0,0.17
45,160,0.0,0.0,0.247
45,161,0.0,0.0,0.228
45,162,0.0,0.0,0.223
45,163,0.0,0.0,0.224
45,164,0.0,0.0,0.233
45,165,0.0,0.0,0.224
45,166,0.0,0.0,0.226
45,167,0.0,0.0,0.229
45,168,0.0,0.0,0.242
45,169,0.0,0.0,0.228
45,17,0.0,0.0,0.166
45,170,0.0,0.0,0.226
45,171,0.0,0.0,0.217
45,172,0.0,0.0,0.214
45,173,0.0,0.0,0.222
45,174,0.0,0.0,0.213
45,175,0.0,0.0,0.215
45,176,0.0,0.0,0.213
45,177,0.0,0.0,0.214
45,178,0.0,0.0,0.212
45,179,0.0,0.0,0.207
45,18,0.0,0.0,0.165
45,180,0.0,0.0,0.202
45,181,0.0,0.0,0.201
45,182,0.0,0.0,0.202
45,183,0.0,0.0,0.206
45,184,0.0,0.0,0.214
45,185,0.0,0.0,0.208
45,186,0.0,0.0,0.211
45,187,0.0,0.0,0.203
45,188,0.0,0.0,0.218
45,189,0.0,0.0,0.218
45,19,0.0,0.0,0.175
45,190,0.0,0.0,0.22
45,191,0.0,0.0,0.225
45,192,0.0,0.0,0.224
45,193,0.0,0.0,0.215
45,194,0.0,0.0,0.202
45,195,0.0,0.0,0.206
45,196,0.0,0.0,0.21
45,197,0.0,0.0,0.208
45,198,0.0,0.0,0.205
45,199,0.0,0.0,0.185
45,20,0.0,0.0,0.167
45,200,0.0,0.0,0.19
45,201,0.0,0.0,0.206
45,202,0.0,0.0,0.199
45,203,0.0,0.0,0.194
45,204,0.0,0.0,0.202
45,205,0.0,0.0,0.201
45,206,0.0,0.0,0.204
45,207,0.0,0.0,0.202
45,208,0.0,0.0,0.208
45,209,0.0,0.0,0.206
45,21,0.0,0.0,0.182
45,210,0.0,0.0,0.201
45,211,0.0,0.0,0.205
45,212,0.0,0.0,0.197
45,213,0.0,0.0,0.205
45,214,0.0,0.0,0.195
45,215,0.0,0.0,0.2
45,216,0.0,0.0,0.204
45,217,0.0,0.0,0.197
45,218,0.0,0.0,0.203
45,219,0.0,0.0,0.204
45,22,0.0,0.0,0.167
45,220,0.0,0.0,0.198
45,221,0.0,0.0,0.199
45,222,0.0,0.0,0.188
45,223,0.0,0.0,0.199
45,224,0.0,0.0,0.203
45,225,0.0,0.0,0.199
45,226,0.0,0.0,0.188
45,227,0.0,0.0,0.193
45,228,0.0,0.0,0.193
45,229,0.0,0.0,0.198
45,23,0.0,0.0,0.177
45,230,0.0,0.0,0.194
45,231,0.0,0.0,0.196
45,232,0.0,0.0,0.2
45,233,0.0,0.001,0.18
45,234,0.0,0.0,0.189
45,235,0.0,0.0,0.195
45,236,0.0,0.0,0.192
45,237,0.001,0.002,0.172
45,238,0.001,0.002,0.174
45,239,0.0,0.001,0.191
45,24,0.0,0.0,0.169
45,240,0.0,0.001,0.193
45,241,0.0,0.001,0.196
45,242,0.0,0.001,0.195
45,243,0.0,0.001,0.196
45,244,0.0,0.001,0.197
45,245,0.0,0.001,0.2
45,246,0.0,0.001,0.201
45,247,0.0,0.0,0.216
45,248,0.0,0.001,0.217
45,249,0.0,0.0,0.225
45,25,0.0,0.0,0.183
45,250,0.0,0.0,0.23
45,251,0.0,0.0,0.239
45,26,0.0,0.0,0.176
45,27,0.0,0.0,0.173
45,28,0.0,0.0,0.17
45,29,0.0,0.0,0.171
45,30,0.0,0.0,0.184
45,31,0.0,0.0,0.181
45,32,0.0,0.0,0.178
45,33,0.0,0.0,0.198
45,34,0.0,0.0,0.191
45,35,0.0,0.0,0.171
45,36,0.0,0.0,0.191
45,37,0.0,0.0,0.186
45,38,0.0,0.0,0.2
45,39,0.0,0.0,0.206
45,40,0.0,0.0,0.194
45,41,0.0,0.0,0.198
45,42,0.0,0.0,0.207
45,43,0.0,0.0,0.209
45,44,0.0,0.0,0.212
45,45,0.0,0.0,0.209
45,46,0.0,0.0,0.203
45,47,0.0,0.0,0.206
45,48,0.0,0.0,0.223
45,49,0.0,0.0,0.201
45,50,0.0,0.0,0.208
45,51,0.0,0.0,0.207
45,52,0.0,0.0,0.202
45,53,0.0,0.0,0.216
45,54,0.0,0.0,0.22
45,55,0.0,0.0,0.223
45,56,0.0,0.0,0.225
45,57,0.0,0.0,0.226
45,58,0.0,0.0,0.246
45,59,0.0,0.0,0.23
45,6,0.0,0.0,0.142
45,60,0.0,0.0,0.218
45,61,0.0,0.0,0.226
45,62,0.0,0.0,0.232
45,63,0.0,0.0,0.236
45,64,0.0,0.0,0.229
45,65,0.0,0.0,0.243
45,66,0.0,0.0,0.233
45,67,0.0,0.0,0.225
45,68,0.0,0.0,0.221
45,69,0.0,0.0,0.235
45,7,0.0,0.0,0.139
45,70,0.0,0.0,0.237
45,71,0.0,0.0,0.236
45,72,0.0,0.0,0.243
45,73,0.0,0.0,0.241
45,74,0.0,0.0,0.244
45,75,0.0,0.0,0.255
45,76,0.0,0.0,0.248
45,77,0.0,0.0,0.251
45,78,0.0,0.0,0.26
45,79,0.0,0.0,0.251
45,8,0.0,0.0,0.15
45,80,0.0,0.0,0.249
45,81,0.0,0.0,0.252
45,82,0.0,0.0,0.252
45,83,0.0,0.0,0.252
45,84,0.0,0.0,0.252
45,85,0.0,0.0,0.26
45,86,0.0,0.0,0.258
45,87,0.0,0.0,0.26
45,88,0.0,0.0,0.255
45,89,0.0,0.0,0.257
45,9,0.0,0.0,0.167
45,90,0.0,0.0,0.26
45,91,0.0,0.0,0.264
45,92,0.0,0.0,0.261
45,93,0.0,0.0,0.266
45,94,0.0,0.0,0.256
45,95,0.0,0.0,0.268
45,96,0.0,0.0,0.263
45,97,0.0,0.0,0.257
45,98,0.0,0.0,0.264
45,99,0.0,0.0,0.279
46,10,0.0,0.0,0.168
46,100,0.0,0.0,0.266
46,101,0.0,0.0,0.266
46,102,0.0,0.0,0.275
46,103,0.0,0.0,0.261
46,104,0.0,0.0,0.262
46,105,0.0,0.0,0.261
46,106,0.0,0.0,0.27
46,107,0.0,0.0,0.262
46,108,0.0,0.0,0.255
46,109,0.0,0.0,0.269
46,11,0.0,0.0,0.18
46,110,0.0,0.0,0.271
46,111,0.0,0.0,0.257
46,112,0.0,0.0,0.264
46,113,0.0,0.0,0.255
46,114,0.0,0.0,0.262
46,115,0.0,0.0,0.26
46,116,0.0,0.0,0.26
46,117,0.0,0.0,0.252
46,118,0.0,0.0,0.254
46,119,0.0,0.0,0.254
46,12,0.0,0.0,0.169
46,120,0.0,0.0,0.253
46,121,0.0,0.0,0.263
46,122,0.0,0.0,0.263
46,123,0.0,0.0,0.261
46,124,0.0,0.0,0.252
46,125,0.0,0.0,0.254
46,126,0.0,0.0,0.255
46,127,0.0,0.0,0.254
46,128,0.0,0.0,0.257
46,129,0.0,0.0,0.248
46,13,0.0,0.0,0.176
46,130,0.0,0.0,0.246
46,131,0.0,0.0,0.24
46,132,0.0,0.0,0.243
46,133,0.0,0.0,0.243
46,134,0.0,0.0,0.243
46,135,0.0,0.0,0.255
46,136,0.0,0.0,0.257
46,137,0.0,0.0,0.257
46,138,0.0,0.0,0.254
46,139,0.0,0.0,0.245
46,14,0.0,0.0,0.157
46,140,0.0,0.0,0.252
46,141,0.0,0.0,0.256
46,142,0.0,0.0,0.259
46,143,0.0,0.0,0.257
46,144,0.0,0.0,0.253
46,145,0.0,0.0,0.249
46,146,0.0,0.0,0.254
46,147,0.0,0.0,0.25
46,148,0.0,0.0,0.264
46,149,0.0,0.0,0.255
46,15,0.0,0.0,0.164
46,150,0.0,0.0,0.242
46,151,0.0,0.0,0.233
46,152,0.0,0.0,0.248
46,153,0.0,0.0,0.255
46,154,0.0,0.0,0.258
46,155,0.0,0.0,0.255
46,156,0.0,0.0,0.255
46,157,0.0,0.0,0.245
46,158,0.0,0.0,0.239
46,159,0.0,0.0,0.234
46,16,0.0,0.0,0.163
46,160,0.0,0.0,0.242
46,161,0.0,0.0,0.246
46,162,0.0,0.0,0.234
46,163,0.0,0.0,0.235
46,164,0.0,0.0,0.244
46,165,0.0,0.0,0.226
46,166,0.0,0.0,0.237
46,167,0.0,0.0,0.244
46,168,0.0,0.0,0.238
46,169,0.0,0.0,0.23
46,17,0.0,0.0,0.164
46,170,0.0,0.0,0.233
46,171,0.0,0.0,0.236
46,172,0.0,0.0,0.236
46,173,0.0,0.0,0.238
46,174,0.0,0.0,0.226
46,175,0.0,0.0,0.236
46,176,0.0,0.0,0.221
46,177,0.0,0.0,0.225
46,178,0.0,0.0,0.217
46,179,0.0,0.0,0.218
46,18,0.0,0.0,0.172
46,180,0.0,0.0,0.225
46,181,0.0,0.0,0.217
46,182,0.0,0.0,0.212
46,183,0.0,0.0,0.212
46,184,0.0,0.0,0.205
46,185,0.0,0.0,0.218
46,186,0.0,0.0,0.217
46,187,0.0,0.0,0.205
46,188,0.0,0.0,0.2
46,189,0.0,0.0,0.21
46,19,0.0,0.0,0.172
46,190,0.0,0.0,0.196
46,191,0.0,0.0,0.216
46,192,0.0,0.0,0.213
46,193,0.0,0.0,0.21
46,194,0.0,0.0,0.212
46,195,0.0,0.0,0.217
46,196,0.0,0.0,0.218
46,197,0.0,0.0,0.202
46,198,0.0,0.0,0.206
46,199,0.0,0.0,0.2
46,20,0.0,0.0,0.161
46,200,0.0,0.0,0.191
46,201,0.0,0.0,0.187
46,202,0.0,0.0,0.189
46,203,0.0,0.0,0.188
46,204,0.0,0.0,0.186
46,205,0.0,0.0,0.191
46,206,0.0,0.0,0.203
46,207,0.0,0.0,0.196
46,208,0.0,0.0,0.192
46,209,0.0,0.0,0.204
46,21,0.0,0.0,0.172
46,210,0.0,0.0,0.192
46,211,0.0,0.0,0.193
46,212,0.0,0.0,0.191
46,213,0.0,0.0,0.183
46,214,0.0,0.0,0.188
46,215,0.0,0.0,0.193
46,216,0.0,0.0,0.184
46,217,0.0,0.0,0.192
46,218,0.0,0.0,0.181
46,219,0.0,0.0,0.178
46,22,0.0,0.0,0.171
46,220,0.0,0.001,0.17
46,221,0.0,0.0,0.183
46,222,0.0,0.001,0.173
46,223,0.0,0.0,0.185
46,224,0.0,0.0,0.186
46,225,0.0,0.0,0.179
46,226,0.0,0.001,0.178
46,227,0.0,0.001,0.177
46,228,0.0,0.001,0.173
46,229,0.0,0.001,0.172
46,23,0.0,0.0,0.154
46,230,0.0,0.001,0.178
46,231,0.0,0.001,0.179
46,232,0.0,0.0,0.188
46,233,0.0,0.001,0.183
46,234,0.0,0.001,0.174
46,235,0.0,0.001,0.176
46,236,0.0,0.001,0.184
46,237,0.0,0.001,0.185
46,238,0.001,0.002,0.171
46,239,0.001,0.002,0.17
46,24,0.0,0.0,0.171
46,240,0.001,0.002,0.176
46,241,0.001,0.002,0.177
46,242,0.0,0.001,0.185
46,243,0.0,0.001,0.188
46,244,0.0,0.002,0.187
46,245,0.0,0.001,0.19
46,246,0.0,0.001,0.203
46,247,0.0,0.001,0.204
46,248,0.0,0.001,0.208
46,249,0.0,0.001,0.218
46,25,0.0,0.0,0.174
46,250,0.0,0.001,0.217
46,251,0.0,0.001,0.217
46,26,0.0,0.0,0.167
46,27,0.0,0.0,0.186
46,28,0.0,0.0,0.187
46,29,0.0,0.0,0.172
46,30,0.0,0.0,0.185
46,31,0.0,0.0,0.19
46,32,0.0,0.0,0.192
46,33,0.0,0.0,0.201
46,34,0.0,0.0,0.197
46,35,0.0,0.0,0.211
46,36,0.0,0.0,0.213
46,37,0.0,0.0,0.2
46,38,0.0,0.0,0.203
46,39,0.0,0.0,0.211
46,40,0.0,0.0,0.222
46,41,0.0,0.0,0.22
46,42,0.0,0.0,0.203
46,43,0.0,0.0,0.201
46,44,0.0,0.0,0.207
46,45,0.0,0.0,0.211
46,46,0.0,0.0,0.193
46,47,0.0,0.0,0.202
46,48,0.0,0.0,0.222
46,49,0.0,0.0,0.209
46,50,0.0,0.0,0.214
46,51,0.0,0.0,0.224
46,52,0.0,0.0,0.21
46,53,0.0,0.0,0.215
46,54,0.0,0.0,0.219
46,55,0.0,0.0,0.214
46,56,0.0,0.0,0.216
46,57,0.0,0.0,0.22
46,58,0.0,0.0,0.217
46,59,0.0,0.0,0.23
46,6,0.0,0.0,0.161
46,60,0.0,0.0,0.232
46,61,0.0,0.0,0.242
46,62,0.0,0.0,0.24
46,63,0.0,0.0,0.244
46,64,0.0,0.0,0.239
46,65,0.0,0.0,0.238
46,66,0.0,0.0,0.244
46,67,0.0,0.0,0.245
46,68,0.0,0.0,0.269
46,69,0.0,0.0,0.253
46,7,0.0,0.0,0.155
46,70,0.0,0.0,0.259
46,71,0.0,0.0,0.247
46,72,0.0,0.0,0.252
46,73,0.0,0.0,0.243
46,74,0.0,0.0,0.249
46,75,0.0,0.0,0.275
46,76,0.0,0.0,0.271
46,77,0.0,0.0,0.268
46,78,0.0,0.0,0.275
46,79,0.0,0.0,0.261
46,8,0.0,0.0,0.161
46,80,0.0,0.0,0.278
46,81,0.0,0.0,0.285
46,82,0.0,0.0,0.279
46,83,0.0,0.0,0.271
46,84,0.0,0.0,0.274
46,85,0.0,0.0,0.275
46,86,0.0,0.0,0.271
46,87,0.0,0.0,0.28
46,88,0.0,0.0,0.275
46,89,0.0,0.0,0.289
46,9,0.0,0.0,0.164
46,90,0.0,0.0,0.287
46,91,0.0,0.0,0.282
46,92,0.0,0.0,0.28
46,93,0.0,0.0,0.276
46,94,0.0,0.0,0.273
46,95,0.0,0.0,0.267
46,96,0.0,0.0,0.269
46,97,0.0,0.0,0.266
46,98,0.0,0.0,0.263
46,99,0.0,0.0,0.271
47,10,0.0,0.001,0.133
47,100,0.0,0.0,0.272
47,101,0.0,0.0,0.275
47,102,0.0,0.0,0.279
47,103,0.0,0.0,0.261
47,104,0.0,0.0,0.271
47,105,0.0,0.0,0.261
47,106,0.0,0.0,0.262
47,107,0.0,0.0,0.267
47,108,0.0,0.0,0.268
47,109,0.0,0.0,0.261
47,11,0.0,0.0,0.14
47,110,0.0,0.0,0.258
47,111,0.0,0.0,0.269
47,112,0.0,0.0,0.266
47,113,0.0,0.0,0.268
47,114,0.0,0.0,0.269
47,115,0.0,0.0,0.274
47,116,0.0,0.0,0.275
47,117,0.0,0.0,0.267
47,118,0.0,0.0,0.269
47,119,0.0,0.0,0.273
47,12,0.0,0.0,0.144
47,120,0.0,0.0,0.274
47,121,0.0,0.0,0.264
47,122,0.0,0.0,0.264
47,123,0.0,0.0,0.263
47,124,0.0,0.0,0.255
47,125,0.0,0.0,0.248
47,126,0.0,0.0,0.251
47,127,0.0,0.0,0.26
47,128,0.0,0.0,0.262
47,129,0.0,0.0,0.255
47,13,0.0,0.0,0.143
47,130,0.0,0.0,0.252
47,131,0.0,0.0,0.25
47,132,0.0,0.0,0.257
47,133,0.0,0.0,0.25
47,134,0.0,0.0,0.248
47,135,0.0,0.0,0.252
47,136,0.0,0.0,0.245
47,137,0.0,0.0,0.252
47,138,0.0,0.0,0.253
47,139,0.0,0.0,0.255
47,14,0.0,0.0,0.144
47,140,0.0,0.0,0.265
47,141,0.0,0.0,0.261
47,142,0.0,0.0,0.239
47,143,0.0,0.0,0.242
47,144,0.0,0.0,0.251
47,145,0.0,0.0,0.248
47,146,0.0,0.0,0.25
47,147,0.0,0.0,0.255
47,148,0.0,0.0,0.254
47,149,0.0,0.0,0.249
47,15,0.0,0.0,0.154
47,150,0.0,0.0,0.246
47,151,0.0,0.0,0.246
47,152,0.0,0.0,0.251
47,153,0.0,0.0,0.252
47,154,0.0,0.0,0.256
47,155,0.0,0.0,0.253
47,156,0.0,0.0,0.24
47,157,0.0,0.0,0.243
47,158,0.0,0.0,0.243
47,159,0.0,0.0,0.239
47,16,0.0,0.0,0.155
47,160,0.0,0.0,0.24
47,161,0.0,0.0,0.255
47,162,0.0,0.0,0.242
47,163,0.0,0.0,0.233
47,164,0.0,0.0,0.239
47,165,0.0,0.0,0.241
47,166,0.0,0.0,0.238
47,167,0.0,0.0,0.234
47,168,0.0,0.0,0.246
47,169,0.0,0.0,0.243
47,17,0.0,0.0,0.148
47,170,0.0,0.0,0.233
47,171,0.0,0.0,0.233
47,172,0.0,0.0,0.22
47,173,0.0,0.0,0.216
47,174,0.0,0.0,0.215
47,175,0.0,0.0,0.221
47,176,0.0,0.0,0.217
47,177,0.0,0.0,0.223
47,178,0.0,0.0,0.226
47,179,0.0,0.0,0.215
47,18,0.0,0.0,0.158
47,180,0.0,0.0,0.225
47,181,0.0,0.0,0.223
47,182,0.0,0.0,0.228
47,183,0.0,0.0,0.218
47,184,0.0,0.0,0.229
47,185,0.0,0.0,0.22
47,186,0.0,0.0,0.224
47,187,0.0,0.0,0.232
47,188,0.0,0.0,0.238
47,189,0.0,0.0,0.228
47,19,0.0,0.0,0.165
47,190,0.0,0.0,0.21
47,191,0.0,0.0,0.208
47,192,0.0,0.0,0.216
47,193,0.0,0.0,0.217
47,194,0.0,0.0,0.208
47,195,0.0,0.0,0.21
47,196,0.0,0.0,0.222
47,197,0.0,0.0,0.22
47,198,0.0,0.0,0.215
47,199,0.0,0.0,0.207
47,20,0.0,0.0,0.174
47,200,0.0,0.0,0.209
47,201,0.0,0.0,0.207
47,202,0.0,0.0,0.21
47,203,0.0,0.0,0.208
47,204,0.0,0.0,0.21
47,205,0.0,0.0,0.196
47,206,0.0,0.0,0.211
47,207,0.0,0.0,0.214
47,208,0.0,0.0,0.21
47,209,0.0,0.0,0.21
47,21,0.0,0.0,0.184
47,210,0.0,0.0,0.21
47,211,0.0,0.0,0.204
47,212,0.0,0.0,0.204
47,213,0.0,0.0,0.198
47,214,0.0,0.0,0.199
47,215,0.0,0.0,0.192
47,216,0.0,0.0,0.205
47,217,0.0,0.0,0.208
47,218,0.0,0.0,0.201
47,219,0.0,0.0,0.201
47,22,0.0,0.0,0.183
47,220,0.0,0.0,0.194
47,221,0.0,0.0,0.191
47,222,0.0,0.0,0.189
47,223,0.0,0.0,0.195
47,224,0.0,0.0,0.178
47,225,0.0,0.001,0.179
47,226,0.0,0.001,0.17
47,227,0.0,0.001,0.176
47,228,0.0,0.001,0.167
47,229,0.0,0.001,0.168
47,23,0.0,0.0,0.169
47,230,0.0,0.001,0.176
47,231,0.0,0.001,0.172
47,232,0.0,0.002,0.168
47,233,0.0,0.001,0.171
47,234,0.001,0.003,0.161
47,235,0.0,0.001,0.173
47,236,0.001,0.002,0.168
47,237,0.001,0.002,0.168
47,238,0.001,0.003,0.166
47,239,0.0,0.002,0.176
47,24,0.0,0.0,0.165
47,240,0.0,0.001,0.182
47,241,0.0,0.001,0.187
47,242,0.0,0.0,0.201
47,243,0.0,0.001,0.198
47,244,0.0,0.001,0.196
47,245,0.0,0.001,0.193
47,246,0.0,0.001,0.203
47,247,0.0,0.001,0.199
47,248,0.0,0.0,0.22
47,249,0.0,0.0,0.222
47,25,0.0,0.0,0.198
47,250,0.0,0.0,0.229
47,251,0.0,0.001,0.22
47,26,0.0,0.0,0.183
47,27,0.0,0.0,0.189
47,28,0.0,0.0,0.209
47,29,0.0,0.0,0.193
47,30,0.0,0.0,0.188
47,31,0.0,0.0,0.189
47,32,0.0,0.0,0.188
47,33,0.0,0.0,0.199
47,34,0.0,0.0,0.193
47,35,0.0,0.0,0.2
47,36,0.0,0.0,0.195
47,37,0.0,0.0,0.191
47,38,0.0,0.0,0.199
47,39,0.0,0.0,0.202
47,40,0.0,0.0,0.205
47,41,0.0,0.0,0.202
47,42,0.0,0.0,0.206
47,43,0.0,0.0,0.196
47,44,0.0,0.0,0.205
47,45,0.0,0.0,0.198
47,46,0.0,0.0,0.206
47,47,0.0,0.0,0.21
47,48,0.0,0.0,0.208
47,49,0.0,0.0,0.228
47,50,0.0,0.0,0.219
47,51,0.0,0.0,0.234
47,52,0.0,0.0,0.229
47,53,0.0,0.0,0.243
47,54,0.0,0.0,0.228
47,55,0.0,0.0,0.231
47,56,0.0,0.0,0.248
47,57,0.0,0.0,0.253
47,58,0.0,0.0,0.247
47,59,0.0,0.0,0.254
47,6,0.0,0.001,0.133
47,60,0.0,0.0,0.251
47,61,0.0,0.0,0.239
47,62,0.0,0.0,0.245
47,63,0.0,0.0,0.26
47,64,0.0,0.0,0.263
47,65,0.0,0.0,0.25
47,66,0.0,0.0,0.262
47,67,0.0,0.0,0.259
47,68,0.0,0.0,0.254
47,69,0.0,0.0,0.248
47,7,0.0,0.001,0.139
47,70,0.0,0.0,0.257
47,71,0.0,0.0,0.252
47,72,0.0,0.0,0.255
47,73,0.0,0.0,0.263
47,74,0.0,0.0,0.265
47,75,0.0,0.0,0.26
47,76,0.0,0.0,0.266
47,77,0.0,0.0,0.268
47,78,0.0,0.0,0.277
47,79,0.0,0.0,0.269
47,8,0.0,0.001,0.138
47,80,0.0,0.0,0.272
47,81,0.0,0.0,0.272
47,82,0.0,0.0,0.278
47,83,0.0,0.0,0.282
47,84,0.0,0.0,0.278
47,85,0.0,0.0,0.268
47,86,0.0,0.0,0.279
47,87,0.0,0.0,0.272
47,88,0.0,0.0,0.271
47,89,0.0,0.0,0.281
47,9,0.0,0.001,0.128
47,90,0.0,0.0,0.267
47,91,0.0,0.0,0.265
47,92,0.0,0.0,0.278
47,93,0.0,0.0,0.289
47,94,0.0,0.0,0.285
47,95,0.0,0.0,0.276
47,96,0.0,0.0,0.284
47,97,0.0,0.0,0.288
47,98,0.0,0.0,0.277
47,99,0.0,0.0,0.28
48,10,0.001,0.002,0.122
48,100,0.0,0.0,0.27
48,101,0.0,0.0,0.261
48,102,0.0,0.0,0.258
48,103,0.0,0.0,0.268
48,104,0.0,0.0,0.271
48,105,0.0,0.0,0.259
48,106,0.0,0.0,0.263
48,107,0.0,0.0,0.27
48,108,0.0,0.0,0.264
48,109,0.0,0.0,0.254
48,11,0.0,0.0,0.15
48,110,0.0,0.0,0.268
48,111,0.0,0.0,0.264
48,112,0.0,0.0,0.267
48,113,0.0,0.0,0.252
48,114,0.0,0.0,0.26
48,115,0.0,0.0,0.253
48,116,0.0,0.0,0.251
48,117,0.0,0.0,0.266
48,118,0.0,0.0,0.249
48,119,0.0,0.0,0.246
48,12,0.0,0.0,0.139
48,120,0.0,0.0,0.25
48,121,0.0,0.0,0.25
48,122,0.0,0.0,0.265
48,123,0.0,0.0,0.265
48,124,0.0,0.0,0.248
48,125,0.0,0.0,0.249
48,126,0.0,0.0,0.241
48,127,0.0,0.0,0.238
48,128,0.0,0.0,0.252
48,129,0.0,0.0,0.255
48,13,0.0,0.001,0.125
48,130,0.0,0.0,0.257
48,131,0.0,0.0,0.259
48,132,0.0,0.0,0.256
48,133,0.0,0.0,0.245
48,134,0.0,0.0,0.241
48,135,0.0,0.0,0.253
48,136,0.0,0.0,0.261
48,137,0.0,0.0,0.256
48,138,0.0,0.0,0.26
48,139,0.0,0.0,0.263
48,14,0.0,0.0,0.138
48,140,0.0,0.0,0.264
48,141,0.0,0.0,0.267
48,142,0.0,0.0,0.259
48,143,0.0,0.0,0.249
48,144,0.0,0.0,0.245
48,145,0.0,0.0,0.254
48,146,0.0,0.0,0.246
48,147,0.0,0.0,0.248
48,148,0.0,0.0,0.253
48,149,0.0,0.0,0.254
48,15,0.0,0.0,0.168
48,150,0.0,0.0,0.243
48,151,0.0,0.0,0.252
48,152,0.0,0.0,0.253
48,153,0.0,0.0,0.253
48,154,0.0,0.0,0.248
48,155,0.0,0.0,0.248
48,156,0.0,0.0,0.249
48,157,0.0,0.0,0.257
48,158,0.0,0.0,0.257
48,159,0.0,0.0,0.237
48,16,0.0,0.0,0.151
48,160,0.0,0.0,0.238
48,161,0.0,0.0,0.24
48,162,0.0,0.0,0.236
48,163,0.0,0.0,0.245
48,164,0.0,0.0,0.24
48,165,0.0,0.0,0.239
48,166,0.0,0.0,0.241
48,167,0.0,0.0,0.234
48,168,0.0,0.0,0.234
48,169,0.0,0.0,0.241
48,17,0.0,0.0,0.163
48,170,0.0,0.0,0.243
48,171,0.0,0.0,0.241
48,172,0.0,0.0,0.235
48,173,0.0,0.0,0.226
48,174,0.0,0.0,0.219
48,175,0.0,0.0,0.223
48,176,0.0,0.0,0.227
48,177,0.0,0.0,0.226
48,178,0.0,0.0,0.232
48,179,0.0,0.0,0.222
48,18,0.0,0.0,0.158
48,180,0.0,0.0,0.228
48,181,0.0,0.0,0.218
48,182,0.0,0.0,0.208
48,183,0.0,0.0,0.209
48,184,0.0,0.0,0.214
48,185,0.0,0.0,0.222
48,186,0.0,0.0,0.227
48,187,0.0,0.0,0.226
48,188,0.0,0.0,0.207
48,189,0.0,0.0,0.211
48,19,0.0,0.0,0.173
48,190,0.0,0.0,0.201
48,191,0.0,0.0,0.21
48,192,0.0,0.0,0.21
48,193,0.0,0.0,0.211
48,194,0.0,0.0,0.21
48,195,0.0,0.0,0.198
48,196,0.0,0.0,0.207
48,197,0.0,0.0,0.213
48,198,0.0,0.0,0.206
48,199,0.0,0.0,0.206
48,20,0.0,0.0,0.178
48,200,0.0,0.0,0.218
48,201,0.0,0.0,0.203
48,202,0.0,0.0,0.204
48,203,0.0,0.0,0.22
48,204,0.0,0.0,0.212
48,205,0.0,0.0,0.225
48,206,0.0,0.0,0.22
48,207,0.0,0.0,0.225
48,208,0.0,0.0,0.213
48,209,0.0,0.0,0.204
48,21,0.0,0.0,0.173
48,210,0.0,0.0,0.203
48,211,0.0,0.0,0.199
48,212,0.0,0.0,0.193
48,213,0.0,0.0,0.203
48,214,0.0,0.0,0.198
48,215,0.0,0.0,0.202
48,216,0.0,0.0,0.199
48,217,0.0,0.0,0.199
48,218,0.0,0.0,0.199
48,219,0.0,0.0,0.191
48,22,0.0,0.0,0.186
48,220,0.0,0.0,0.187
48,221,0.0,0.0,0.189
48,222,0.0,0.0,0.192
48,223,0.0,0.0,0.187
48,224,0.0,0.0,0.191
48,225,0.0,0.0,0.18
48,226,0.0,0.001,0.178
48,227,0.0,0.0,0.184
48,228,0.0,0.0,0.188
48,229,0.0,0.0,0.186
48,23,0.0,0.0,0.183
48,230,0.0,0.001,0.171
48,231,0.0,0.001,0.177
48,232,0.0,0.001,0.17
48,233,0.0,0.001,0.169
48,234,0.0,0.001,0.176
48,235,0.0,0.001,0.185
48,236,0.0,0.001,0.184
48,237,0.001,0.002,0.167
48,238,0.0,0.001,0.182
48,239,0.0,0.001,0.181
48,24,0.0,0.0,0.193
48,240,0.0,0.001,0.182
48,241,0.0,0.001,0.182
48,242,0.0,0.002,0.18
48,243,0.0,0.001,0.185
48,244,0.0,0.001,0.199
48,245,0.0,0.001,0.201
48,246,0.0,0.0,0.22
48,247,0.0,0.0,0.214
48,248,0.0,0.001,0.208
48,249,0.0,0.0,0.231
48,25,0.0,0.0,0.191
48,250,0.0,0.0,0.233
48,251,0.0,0.0,0.242
48,26,0.0,0.0,0.19
48,27,0.0,0.0,0.19
48,28,0.0,0.0,0.191
48,29,0.0,0.0,0.186
48,30,0.0,0.0,0.181
48,31,0.0,0.0,0.194
48,32,0.0,0.0,0.191
48,33,0.0,0.0,0.203
48,34,0.0,0.0,0.205
48,35,0.0,0.0,0.197
48,36,0.0,0.0,0.2
48,37,0.0,0.0,0.192
48,38,0.0,0.0,0.207
48,39,0.0,0.0,0.189
48,40,0.0,0.0,0.201
48,41,0.0,0.0,0.204
48,42,0.0,0.0,0.195
48,43,0.0,0.0,0.203
48,44,0.0,0.0,0.199
48,45,0.0,0.0,0.199
48,46,0.0,0.0,0.208
48,47,0.0,0.0,0.22
48,48,0.0,0.0,0.216
48,49,0.0,0.0,0.225
48,50,0.0,0.0,0.217
48,51,0.0,0.0,0.229
48,52,0.0,0.0,0.225
48,53,0.0,0.0,0.216
48,54,0.0,0.0,0.216
48,55,0.0,0.0,0.224
48,56,0.0,0.0,0.23
48,57,0.0,0.0,0.236
48,58,0.0,0.0,0.233
48,59,0.0,0.0,0.239
48,6,0.0,0.002,0.128
48,60,0.0,0.0,0.237
48,61,0.0,0.0,0.237
48,62,0.0,0.0,0.252
48,63,0.0,0.0,0.25
48,64,0.0,0.0,0.252
48,65,0.0,0.0,0.252
48,66,0.0,0.0,0.253
48,67,0.0,0.0,0.253
48,68,0.0,0.0,0.26
48,69,0.0,0.0,0.259
48,7,0.0,0.001,0.133
48,70,0.0,0.0,0.26
48,71,0.0,0.0,0.257
48,72,0.0,0.0,0.26
48,73,0.0,0.0,0.267
48,74,0.0,0.0,0.264
48,75,0.0,0.0,0.264
48,76,0.0,0.0,0.278
48,77,0.0,0.0,0.278
48,78,0.0,0.0,0.256
48,79,0.0,0.0,0.26
48,8,0.0,0.0,0.141
48,80,0.0,0.0,0.263
48,81,0.0,0.0,0.264
48,82,0.0,0.0,0.259
48,83,0.0,0.0,0.265
48,84,0.0,0.0,0.261
48,85,0.0,0.0,0.257
48,86,0.0,0.0,0.268
48,87,0.0,0.0,0.275
48,88,0.0,0.0,0.28
48,89,0.0,0.0,0.273
48,9,0.0,0.001,0.128
48,90,0.0,0.0,0.27
48,91,0.0,0.0,0.265
48,92,0.0,0.0,0.275
48,93,0.0,0.0,0.277
48,94,0.0,0.0,0.276
48,95,0.0,0.0,0.271
48,96,0.0,0.0,0.273
48,97,0.0,0.0,0.276
48,98,0.0,0.0,0.283
48,99,0.0,0.0,0.278
49,10,0.0,0.001,0.134
49,100,0.0,0.0,0.263
49,101,0.0,0.0,0.258
49,102,0.0,0.0,0.239
49,103,0.0,0.0,0.259
49,104,0.0,0.0,0.253
49,105,0.0,0.0,0.242
49,106,0.0,0.0,0.248
49,107,0.0,0.0,0.25
49,108,0.0,0.0,0.242
49,109,0.0,0.0,0.239
49,11,0.0,0.001,0.128
49,110,0.0,0.0,0.251
49,111,0.0,0.0,0.244
49,112,0.0,0.0,0.234
49,113,0.0,0.0,0.232
49,114,0.0,0.0,0.23
49,115,0.0,0.0,0.23
49,116,0.0,0.0,0.229
49,117,0.0,0.0,0.23
49,118,0.0,0.0,0.233
49,119,0.0,0.0,0.225
49,12,0.0,0.001,0.132
49,120,0.0,0.0,0.225
49,121,0.0,0.0,0.227
49,122,0.0,0.0,0.231
49,123,0.0,0.0,0.221
49,124,0.0,0.0,0.214
49,125,0.0,0.0,0.225
49,126,0.0,0.0,0.219
49,127,0.0,0.0,0.225
49,128,0.0,0.0,0.225
49,129,0.0,0.0,0.226
49,13,0.0,0.0,0.135
49,130,0.0,0.0,0.223
49,131,0.0,0.0,0.233
49,132,0.0,0.0,0.232
49,133,0.0,0.0,0.233
49,134,0.0,0.0,0.233
49,135,0.0,0.0,0.24
49,136,0.0,0.0,0.22
49,137,0.0,0.0,0.213
49,138,0.0,0.0,0.225
49,139,0.0,0.0,0.225
49,14,0.0,0.0,0.141
49,140,0.0,0.0,0.228
49,141,0.0,0.0,0.221
49,142,0.0,0.0,0.228
49,143,0.0,0.0,0.238
49,144,0.0,0.0,0.243
49,145,0.0,0.0,0.241
49,146,0.0,0.0,0.242
49,147,0.0,0.0,0.241
49,148,0.0,0.0,0.256
49,149,0.0,0.0,0.251
49,15,0.0,0.0,0.144
49,150,0.0,0.0,0.242
49,151,0.0,0.0,0.25
49,152,0.0,0.0,0.252
49,153,0.0,0.0,0.254
49,154,0.0,0.0,0.247
49,155,0.0,0.0,0.241
49,156,0.0,0.0,0.246
49,157,0.0,0.0,0.24
49,158,0.0,0.0,0.247
49,159,0.0,0.0,0.244
49,16,0.0,0.0,0.139
49,160,0.0,0.0,0.24
49,161,0.0,0.0,0.24
49,162,0.0,0.0,0.244
49,163,0.0,0.0,0.242
49,164,0.0,0.0,0.23
49,165,0.0,0.0,0.232
49,166,0.0,0.0,0.246
49,167,0.0,0.0,0.244
49,168,0.0,0.0,0.236
49,169,0.0,0.0,0.238
49,17,0.0,0.0,0.152
49,170,0.0,0.0,0.242
49,171,0.0,0.0,0.236
49,172,0.0,0.0,0.227
49,173,0.0,0.0,0.234
49,174,0.0,0.0,0.232
49,175,0.0,0.0,0.241
49,176,0.0,0.0,0.237
49,177,0.0,0.0,0.233
49,178,0.0,0.0,0.229
49,179,0.0,0.0,0.227
49,18,0.0,0.0,0.147
49,180,0.0,0.0,0.223
49,181,0.0,0.0,0.216
49,182,0.0,0.0,0.217
49,183,0.0,0.0,0.199
49,184,0.0,0.0,0.217
49,185,0.0,0.0,0.213
49,186,0.0,0.0,0.219
49,187,0.0,0.0,0.207
49,188,0.0,0.0,0.208
49,189,0.0,0.0,0.197
49,19,0.0,0.0,0.143
49,190,0.0,0.0,0.209
49,191,0.0,0.0,0.216
49,192,0.0,0.0,0.213
49,193,0.0,0.0,0.202
49,194,0.0,0.0,0.201
49,195,0.0,0.0,0.209
49,196,0.0,0.0,0.204
49,197,0.0,0.0,0.215
49,198,0.0,0.0,0.212
49,199,0.0,0.0,0.199
49,20,0.0,0.0,0.146
49,200,0.0,0.0,0.211
49,201,0.0,0.0,0.208
49,202,0.0,0.0,0.198
49,203,0.0,0.0,0.187
49,204,0.0,0.0,0.194
49,205,0.0,0.0,0.199
49,206,0.0,0.0,0.21
49,207,0.0,0.0,0.195
49,208,0.0,0.0,0.193
49,209,0.0,0.0,0.185
49,21,0.0,0.0,0.158
49,210,0.0,0.0,0.202
49,211,0.0,0.0,0.205
49,212,0.0,0.0,0.191
49,213,0.0,0.0,0.189
49,214,0.0,0.0,0.192
49,215,0.0,0.0,0.182
49,216,0.0,0.0,0.186
49,217,0.0,0.0,0.184
49,218,0.0,0.0,0.185
49,219,0.0,0.0,0.179
49,22,0.0,0.0,0.161
49,220,0.0,0.0,0.179
49,221,0.0,0.0,0.18
49,222,0.0,0.0,0.186
49,223,0.0,0.0,0.18
49,224,0.0,0.0,0.182
49,225,0.0,0.0,0.184
49,226,0.0,0.0,0.181
49,227,0.0,0.0,0.186
49,228,0.0,0.0,0.186
49,229,0.0,0.001,0.167
49,23,0.0,0.0,0.161
49,230,0.0,0.001,0.169
49,231,0.0,0.001,0.172
49,232,0.0,0.001,0.179
49,233,0.0,0.001,0.174
49,234,0.0,0.0,0.188
49,235,0.0,0.0,0.186
49,236,0.0,0.0,0.195
49,237,0.0,0.0,0.193
49,238,0.0,0.0,0.194
49,239,0.0,0.0,0.201
49,24,0.0,0.0,0.158
49,240,0.0,0.0,0.206
49,241,0.0,0.0,0.196
49,242,0.0,0.0,0.205
49,243,0.0,0.0,0.211
49,244,0.0,0.0,0.212
49,245,0.0,0.0,0.225
49,246,0.0,0.0,0.223
49,247,0.0,0.0,0.224
49,248,0.0,0.0,0.241
49,249,0.0,0.0,0.236
49,25,0.0,0.0,0.168
49,250,0.0,0.0,0.248
49,251,0.0,0.0,0.246
49,26,0.0,0.0,0.168
49,27,0.0,0.0,0.173
49,28,0.0,0.0,0.169
49,29,0.0,0.0,0.184
49,30,0.0,0.0,0.183
49,31,0.0,0.0,0.187
49,32,0.0,0.0,0.186
49,33,0.0,0.0,0.21
49,34,0.0,0.0,0.189
49,35,0.0,0.0,0.186
49,36,0.0,0.0,0.191
49,37,0.0,0.0,0.191
49,38,0.0,0.0,0.202
49,39,0.0,0.0,0.209
49,40,0.0,0.0,0.198
49,41,0.0,0.0,0.205
49,42,0.0,0.0,0.199
49,43,0.0,0.0,0.205
49,44,0.0,0.0,0.2
49,45,0.0,0.0,0.187
49,46,0.0,0.0,0.199
49,47,0.0,0.0,0.197
49,48,0.0,0.0,0.195
49,49,0.0,0.0,0.213
49,50,0.0,0.0,0.206
49,51,0.0,0.0,0.209
49,52,0.0,0.0,0.223
49,53,0.0,0.0,0.215
49,54,0.0,0.0,0.218
49,55,0.0,0.0,0.212
49,56,0.0,0.0,0.218
49,57,0.0,0.0,0.209
49,58,0.0,0.0,0.209
49,59,0.0,0.0,0.222
49,6,0.0,0.001,0.128
49,60,0.0,0.0,0.231
49,61,0.0,0.0,0.232
49,62,0.0,0.0,0.233
49,63,0.0,0.0,0.221
49,64,0.0,0.0,0.234
49,65,0.0,0.0,0.228
49,66,0.0,0.0,0.231
49,67,0.0,0.0,0.248
49,68,0.0,0.0,0.239
49,69,0.0,0.0,0.239
49,7,0.001,0.004,0.117
49,70,0.0,0.0,0.245
49,71,0.0,0.0,0.252
49,72,0.0,0.0,0.259
49,73,0.0,0.0,0.261
49,74,0.0,0.0,0.265
49,75,0.0,0.0,0.265
49,76,0.0,0.0,0.258
49,77,0.0,0.0,0.257
49,78,0.0,0.0,0.259
49,79,0.0,0.0,0.26
49,8,0.001,0.002,0.124
49,80,0.0,0.0,0.252
49,81,0.0,0.0,0.259
49,82,0.0,0.0,0.26
49,83,0.0,0.0,0.27
49,84,0.0,0.0,0.272
49,85,0.0,0.0,0.282
49,86,0.0,0.0,0.267
49,87,0.0,0.0,0.251
49,88,0.0,0.0,0.258
49,89,0.0,0.0,0.261
49,9,0.001,0.002,0.121
49,90,0.0,0.0,0.262
49,91,0.0,0.0,0.265
49,92,0.0,0.0,0.26
49,93,0.0,0.0,0.255
49,94,0.0,0.0,0.263
49,95,0.0,0.0,0.262
49,96,0.0,0.0,0.253
49,97,0.0,0.0,0.264
49,98,0.0,0.0,0.27
49,99,0.0,0.0,0.257
5,10,0.007,0.015,0.092
5,100,0.001,0.002,0.125
5,101,0.001,0.002,0.127
5,102,0.001,0.002,0.125
5,103,0.0,0.002,0.13
5,104,0.001,0.002,0.129
5,105,0.0,0.001,0.131
5,106,0.003,0.007,0.112
5,107,0.003,0.007,0.113
5,108,0.003,0.007,0.113
5,109,0.002,0.005,0.117
5,11,0.023,0.042,0.077
5,110,0.002,0.005,0.118
5,111,0.002,0.005,0.117
5,112,0.001,0.004,0.122
5,113,0.002,0.005,0.12
5,114,0.002,0.005,0.118
5,115,0.002,0.005,0.12
5,116,0.001,0.004,0.123
5,117,0.001,0.003,0.125
5,118,0.001,0.003,0.125
5,119,0.001,0.002,0.131
5,12,0.006,0.014,0.091
5,120,0.001,0.003,0.125
5,121,0.001,0.003,0.127
5,122,0.0,0.001,0.137
5,123,0.001,0.003,0.13
5,124,0.001,0.003,0.126
5,125,0.001,0.003,0.13
5,126,0.001,0.002,0.131
5,127,0.0,0.001,0.14
5,128,0.001,0.002,0.136
5,129,0.001,0.002,0.134
5,13,0.013,0.026,0.082
5,130,0.001,0.003,0.129
5,131,0.002,0.004,0.124
5,132,0.001,0.002,0.133
5,133,0.001,0.002,0.134
5,134,0.002,0.006,0.122
5,135,0.002,0.004,0.126
5,136,0.003,0.007,0.119
5,137,0.003,0.007,0.119
5,138,0.002,0.005,0.124
5,139,0.003,0.007,0.121
5,14,0.002,0.006,0.099
5,140,0.001,0.004,0.129
5,141,0.001,0.003,0.131
5,142,0.001,0.003,0.132
5,143,0.001,0.003,0.132
5,144,0.001,0.002,0.136
5,145,0.0,0.001,0.154
5,146,0.0,0.0,0.161
5,147,0.0,0.0,0.157
5,148,0.0,0.0,0.158
5,149,0.0,0.001,0.15
5,15,0.019,0.036,0.077
5,150,0.0,0.001,0.146
5,151,0.0,0.001,0.155
5,152,0.0,0.0,0.16
5,153,0.0,0.001,0.155
5,154,0.0,0.001,0.154
5,155,0.0,0.002,0.144
5,156,0.0,0.001,0.149
5,157,0.0,0.001,0.155
5,158,0.001,0.002,0.143
5,159,0.0,0.002,0.145
5,16,0.002,0.004,0.103
5,160,0.0,0.002,0.145
5,161,0.0,0.001,0.152
5,162,0.0,0.001,0.158
5,163,0.0,0.0,0.164
5,164,0.0,0.001,0.158
5,165,0.0,0.001,0.152
5,166,0.0,0.001,0.151
5,167,0.001,0.002,0.143
5,168,0.0,0.001,0.151
5,169,0.001,0.002,0.146
5,17,0.005,0.012,0.09
5,170,0.0,0.001,0.153
5,171,0.001,0.002,0.146
5,172,0.001,0.003,0.14
5,173,0.001,0.002,0.147
5,174,0.002,0.004,0.137
5,175,0.001,0.004,0.138
5,176,0.001,0.003,0.144
5,177,0.002,0.004,0.138
5,178,0.002,0.005,0.137
5,179,0.002,0.004,0.14
5,18,0.005,0.012,0.091
5,180,0.001,0.004,0.143
5,181,0.001,0.003,0.145
5,182,0.002,0.006,0.136
5,183,0.005,0.012,0.126
5,184,0.005,0.011,0.129
5,185,0.003,0.006,0.138
5,186,0.003,0.007,0.137
5,187,0.01,0.021,0.119
5,188,0.014,0.028,0.114
5,189,0.025,0.045,0.106
5,19,0.005,0.011,0.092
5,190,0.016,0.031,0.114
5,191,0.034,0.06,0.101
5,192,0.033,0.057,0.102
5,193,0.043,0.072,0.098
5,194,0.021,0.039,0.112
5,195,0.03,0.054,0.106
5,196,0.012,0.023,0.124
5,197,0.008,0.017,0.131
5,198,0.024,0.044,0.112
5,199,0.02,0.038,0.116
5,20,0.002,0.006,0.098
5,200,0.025,0.045,0.113
5,201,0.025,0.045,0.114
5,202,0.026,0.048,0.113
5,203,0.057,0.093,0.097
5,204,0.044,0.074,0.103
5,205,0.062,0.099,0.096
5,206,0.04,0.068,0.107
5,207,0.046,0.077,0.104
5,208,0.024,0.044,0.118
5,209,0.057,0.092,0.101
5,21,0.002,0.004,0.102
5,210,0.041,0.069,0.109
5,211,0.059,0.094,0.101
5,212,0.029,0.052,0.117
5,213,0.054,0.088,0.104
5,214,0.053,0.086,0.105
5,215,0.02,0.038,0.127
5,216,0.023,0.042,0.124
5,217,0.03,0.053,0.12
5,218,0.027,0.049,0.122
5,219,0.041,0.07,0.114
5,22,0.007,0.015,0.087
5,220,0.023,0.042,0.127
5,221,0.03,0.054,0.122
5,222,0.024,0.043,0.128
5,223,0.034,0.059,0.121
5,224,0.02,0.037,0.132
5,225,0.031,0.055,0.123
5,226,0.028,0.051,0.126
5,227,0.011,0.022,0.146
5,228,0.019,0.036,0.136
5,229,0.019,0.036,0.136
5,23,0.005,0.012,0.09
5,230,0.015,0.03,0.141
5,231,0.023,0.041,0.133
5,232,0.026,0.046,0.13
5,233,0.023,0.042,0.134
5,234,0.017,0.033,0.14
5,235,0.014,0.028,0.145
5,236,0.019,0.036,0.139
5,237,0.015,0.029,0.145
5,238,0.018,0.035,0.14
5,239,0.026,0.046,0.134
5,24,0.005,0.011,0.091
5,240,0.011,0.022,0.154
5,241,0.014,0.028,0.148
5,242,0.022,0.041,0.139
5,243,0.021,0.04,0.14
5,244,0.012,0.023,0.155
5,245,0.021,0.04,0.142
5,246,0.013,0.027,0.154
5,247,0.014,0.028,0.154
5,248,0.012,0.024,0.159
5,249,0.005,0.011,0.18
5,25,0.001,0.003,0.104
5,250,0.005,0.011,0.182
5,251,0.004,0.01,0.186
5,26,0.007,0.016,0.086
5,27,0.003,0.007,0.096
5,28,0.001,0.003,0.105
5,29,0.002,0.006,0.098
5,30,0.002,0.006,0.099
5,31,0.002,0.005,0.101
5,32,0.001,0.003,0.105
5,33,0.001,0.003,0.105
5,34,0.0,0.001,0.117
5,35,0.002,0.005,0.1
5,36,0.003,0.008,0.095
5,37,0.001,0.003,0.107
5,38,0.002,0.006,0.098
5,39,0.006,0.013,0.09
5,40,0.001,0.002,0.112
5,41,0.004,0.009,0.095
5,42,0.002,0.005,0.101
5,43,0.001,0.004,0.104
5,44,0.001,0.004,0.105
5,45,0.001,0.004,0.104
5,46,0.009,0.019,0.086
5,47,0.001,0.003,0.107
5,48,0.005,0.011,0.092
5,49,0.002,0.005,0.102
5,50,0.002,0.006,0.099
5,51,0.008,0.017,0.087
5,52,0.011,0.022,0.084
5,53,0.004,0.008,0.096
5,54,0.004,0.01,0.094
5,55,0.004,0.01,0.094
5,56,0.003,0.008,0.098
5,57,0.0,0.001,0.119
5,58,0.002,0.005,0.103
5,59,0.013,0.027,0.082
5,60,0.005,0.012,0.093
5,61,0.001,0.004,0.107
5,62,0.001,0.003,0.109
5,63,0.004,0.009,0.098
5,64,0.006,0.014,0.092
5,65,0.009,0.018,0.089
5,66,0.018,0.034,0.081
5,67,0.006,0.013,0.094
5,68,0.012,0.024,0.086
5,69,0.003,0.007,0.103
5,7,0.008,0.018,0.092
5,70,0.004,0.009,0.099
5,71,0.007,0.015,0.093
5,72,0.003,0.008,0.101
5,73,0.001,0.003,0.112
5,74,0.004,0.009,0.101
5,75,0.002,0.006,0.106
5,76,0.003,0.008,0.103
5,77,0.003,0.006,0.105
5,78,0.0,0.002,0.123
5,79,0.001,0.004,0.112
5,8,0.008,0.017,0.092
5,80,0.001,0.004,0.113
5,81,0.001,0.003,0.115
5,82,0.001,0.002,0.123
5,83,0.001,0.002,0.121
5,84,0.002,0.006,0.108
5,85,0.001,0.003,0.116
5,86,0.001,0.003,0.119
5,87,0.001,0.004,0.114
5,88,0.001,0.002,0.123
5,89,0.001,0.004,0.116
5,9,0.034,0.059,0.073
5,90,0.001,0.002,0.125
5,91,0.001,0.003,0.119
5,92,0.001,0.003,0.118
5,93,0.002,0.005,0.113
5,94,0.001,0.002,0.123
5,95,0.001,0.002,0.126
5,96,0.0,0.001,0.129
5,97,0.001,0.002,0.124
5,98,0.001,0.002,0.125
5,99,0.002,0.005,0.115
50,10,0.0,0.002,0.125
50,100,0.0,0.0,0.254
50,101,0.0,0.0,0.246
50,102,0.0,0.0,0.253
50,103,0.0,0.0,0.245
50,104,0.0,0.0,0.241
50,105,0.0,0.0,0.244
50,106,0.0,0.0,0.228
50,107,0.0,0.0,0.233
50,108,0.0,0.0,0.232
50,109,0.0,0.0,0.229
50,11,0.0,0.0,0.147
50,110,0.0,0.0,0.236
50,111,0.0,0.0,0.231
50,112,0.0,0.0,0.222
50,113,0.0,0.0,0.23
50,114,0.0,0.0,0.22
50,115,0.0,0.0,0.225
50,116,0.0,0.0,0.21
50,117,0.0,0.0,0.21
50,118,0.0,0.0,0.223
50,119,0.0,0.0,0.223
50,12,0.0,0.001,0.136
50,120,0.0,0.0,0.221
50,121,0.0,0.0,0.217
50,122,0.0,0.0,0.222
50,123,0.0,0.0,0.215
50,124,0.0,0.0,0.218
50,125,0.0,0.0,0.213
50,126,0.0,0.0,0.218
50,127,0.0,0.0,0.212
50,128,0.0,0.0,0.219
50,129,0.0,0.0,0.217
50,13,0.0,0.0,0.146
50,130,0.0,0.0,0.211
50,131,0.0,0.0,0.216
50,132,0.0,0.0,0.22
50,133,0.0,0.0,0.224
50,134,0.0,0.0,0.228
50,135,0.0,0.0,0.22
50,136,0.0,0.0,0.225
50,137,0.0,0.0,0.227
50,138,0.0,0.0,0.224
50,139,0.0,0.0,0.225
50,14,0.0,0.0,0.139
50,140,0.0,0.0,0.238
50,141,0.0,0.0,0.231
50,142,0.0,0.0,0.224
50,143,0.0,0.0,0.228
50,144,0.0,0.0,0.23
50,145,0.0,0.0,0.228
50,146,0.0,0.0,0.225
50,147,0.0,0.0,0.226
50,148,0.0,0.0,0.236
50,149,0.0,0.0,0.232
50,15,0.0,0.0,0.143
50,150,0.0,0.0,0.228
50,151,0.0,0.0,0.223
50,152,0.0,0.0,0.237
50,153,0.0,0.0,0.236
50,154,0.0,0.0,0.248
50,155,0.0,0.0,0.256
50,156,0.0,0.0,0.257
50,157,0.0,0.0,0.249
50,158,0.0,0.0,0.252
50,159,0.0,0.0,0.244
50,16,0.0,0.0,0.169
50,160,0.0,0.0,0.24
50,161,0.0,0.0,0.239
50,162,0.0,0.0,0.243
50,163,0.0,0.0,0.242
50,164,0.0,0.0,0.236
50,165,0.0,0.0,0.251
50,166,0.0,0.0,0.259
50,167,0.0,0.0,0.24
50,168,0.0,0.0,0.235
50,169,0.0,0.0,0.232
50,17,0.0,0.0,0.16
50,170,0.0,0.0,0.225
50,171,0.0,0.0,0.238
50,172,0.0,0.0,0.239
50,173,0.0,0.0,0.229
50,174,0.0,0.0,0.22
50,175,0.0,0.0,0.242
50,176,0.0,0.0,0.241
50,177,0.0,0.0,0.232
50,178,0.0,0.0,0.221
50,179,0.0,0.0,0.217
50,18,0.0,0.0,0.164
50,180,0.0,0.0,0.214
50,181,0.0,0.0,0.216
50,182,0.0,0.0,0.215
50,183,0.0,0.0,0.223
50,184,0.0,0.0,0.229
50,185,0.0,0.0,0.238
50,186,0.0,0.0,0.223
50,187,0.0,0.0,0.217
50,188,0.0,0.0,0.21
50,189,0.0,0.0,0.217
50,19,0.0,0.0,0.166
50,190,0.0,0.0,0.214
50,191,0.0,0.0,0.211
50,192,0.0,0.0,0.214
50,193,0.0,0.0,0.226
50,194,0.0,0.0,0.211
50,195,0.0,0.0,0.209
50,196,0.0,0.0,0.211
50,197,0.0,0.0,0.204
50,198,0.0,0.0,0.229
50,199,0.0,0.0,0.235
50,20,0.0,0.0,0.166
50,200,0.0,0.0,0.228
50,201,0.0,0.0,0.222
50,202,0.0,0.0,0.219
50,203,0.0,0.0,0.213
50,204,0.0,0.0,0.21
50,205,0.0,0.0,0.217
50,206,0.0,0.0,0.201
50,207,0.0,0.0,0.205
50,208,0.0,0.0,0.203
50,209,0.0,0.0,0.212
50,21,0.0,0.0,0.165
50,210,0.0,0.0,0.213
50,211,0.0,0.0,0.2
50,212,0.0,0.0,0.205
50,213,0.0,0.0,0.2
50,214,0.0,0.0,0.195
50,215,0.0,0.0,0.189
50,216,0.0,0.0,0.199
50,217,0.0,0.0,0.197
50,218,0.0,0.0,0.199
50,219,0.0,0.0,0.196
50,22,0.0,0.0,0.174
50,220,0.0,0.0,0.189
50,221,0.0,0.0,0.191
50,222,0.0,0.0,0.205
50,223,0.0,0.0,0.191
50,224,0.0,0.0,0.193
50,225,0.0,0.0,0.19
50,226,0.0,0.0,0.192
50,227,0.0,0.0,0.189
50,228,0.0,0.0,0.191
50,229,0.0,0.0,0.207
50,23,0.0,0.0,0.158
50,230,0.0,0.0,0.202
50,231,0.0,0.0,0.192
50,232,0.0,0.0,0.197
50,233,0.0,0.0,0.189
50,234,0.0,0.0,0.184
50,235,0.0,0.0,0.185
50,236,0.0,0.0,0.186
50,237,0.0,0.001,0.177
50,238,0.0,0.0,0.19
50,239,0.0,0.001,0.189
50,24,0.0,0.0,0.19
50,240,0.0,0.0,0.204
50,241,0.0,0.0,0.204
50,242,0.0,0.0,0.215
50,243,0.0,0.0,0.212
50,244,0.0,0.001,0.2
50,245,0.0,0.0,0.217
50,246,0.0,0.0,0.24
50,247,0.0,0.0,0.242
50,248,0.0,0.0,0.245
50,249,0.0,0.0,0.223
50,25,0.0,0.0,0.18
50,250,0.0,0.001,0.219
50,251,0.0,0.0,0.235
50,26,0.0,0.0,0.172
50,27,0.0,0.0,0.186
50,28,0.0,0.0,0.186
50,29,0.0,0.0,0.198
50,30,0.0,0.0,0.188
50,31,0.0,0.0,0.197
50,32,0.0,0.0,0.189
50,33,0.0,0.0,0.189
50,34,0.0,0.0,0.187
50,35,0.0,0.0,0.2
50,36,0.0,0.0,0.197
50,37,0.0,0.0,0.208
50,38,0.0,0.0,0.205
50,39,0.0,0.0,0.216
50,40,0.0,0.0,0.211
50,41,0.0,0.0,0.21
50,42,0.0,0.0,0.205
50,43,0.0,0.0,0.202
50,44,0.0,0.0,0.214
50,45,0.0,0.0,0.208
50,46,0.0,0.0,0.213
50,47,0.0,0.0,0.221
50,48,0.0,0.0,0.224
50,49,0.0,0.0,0.222
50,50,0.0,0.0,0.228
50,51,0.0,0.0,0.233
50,52,0.0,0.0,0.233
50,53,0.0,0.0,0.235
50,54,0.0,0.0,0.246
50,55,0.0,0.0,0.233
50,56,0.0,0.0,0.239
50,57,0.0,0.0,0.236
50,58,0.0,0.0,0.241
50,59,0.0,0.0,0.237
50,6,0.001,0.002,0.124
50,60,0.0,0.0,0.239
50,61,0.0,0.0,0.243
50,62,0.0,0.0,0.249
50,63,0.0,0.0,0.243
50,64,0.0,0.0,0.251
50,65,0.0,0.0,0.252
50,66,0.0,0.0,0.249
50,67,0.0,0.0,0.247
50,68,0.0,0.0,0.242
50,69,0.0,0.0,0.238
50,7,0.001,0.002,0.122
50,70,0.0,0.0,0.243
50,71,0.0,0.0,0.251
50,72,0.0,0.0,0.25
50,73,0.0,0.0,0.244
50,74,0.0,0.0,0.248
50,75,0.0,0.0,0.249
50,76,0.0,0.0,0.245
50,77,0.0,0.0,0.258
50,78,0.0,0.0,0.265
50,79,0.0,0.0,0.264
50,8,0.0,0.001,0.132
50,80,0.0,0.0,0.272
50,81,0.0,0.0,0.275
50,82,0.0,0.0,0.274
50,83,0.0,0.0,0.278
50,84,0.0,0.0,0.267
50,85,0.0,0.0,0.268
50,86,0.0,0.0,0.263
50,87,0.0,0.0,0.262
50,88,0.0,0.0,0.264
50,89,0.0,0.0,0.269
50,9,0.0,0.001,0.126
50,90,0.0,0.0,0.262
50,91,0.0,0.0,0.268
50,92,0.0,0.0,0.271
50,93,0.0,0.0,0.262
50,94,0.0,0.0,0.255
50,95,0.0,0.0,0.262
50,96,0.0,0.0,0.269
50,97,0.0,0.0,0.276
50,98,0.0,0.0,0.258
50,99,0.0,0.0,0.247
51,10,0.0,0.0,0.158
51,100,0.0,0.0,0.252
51,101,0.0,0.0,0.248
51,102,0.0,0.0,0.241
51,103,0.0,0.0,0.245
51,104,0.0,0.0,0.244
51,105,0.0,0.0,0.25
51,106,0.0,0.0,0.234
51,107,0.0,0.0,0.232
51,108,0.0,0.0,0.231
51,109,0.0,0.0,0.226
51,11,0.0,0.001,0.137
51,110,0.0,0.0,0.227
51,111,0.0,0.0,0.23
51,112,0.0,0.0,0.227
51,113,0.0,0.0,0.212
51,114,0.0,0.0,0.21
51,115,0.0,0.0,0.213
51,116,0.0,0.0,0.202
51,117,0.0,0.0,0.21
51,118,0.0,0.0,0.206
51,119,0.0,0.0,0.207
51,12,0.0,0.0,0.143
51,120,0.0,0.0,0.196
51,121,0.0,0.0,0.209
51,122,0.0,0.0,0.202
51,123,0.0,0.0,0.216
51,124,0.0,0.0,0.208
51,125,0.0,0.0,0.203
51,126,0.0,0.0,0.204
51,127,0.0,0.0,0.21
51,128,0.0,0.0,0.203
51,129,0.0,0.0,0.205
51,13,0.0,0.0,0.143
51,130,0.0,0.0,0.204
51,131,0.0,0.0,0.221
51,132,0.0,0.0,0.22
51,133,0.0,0.0,0.228
51,134,0.0,0.0,0.216
51,135,0.0,0.0,0.208
51,136,0.0,0.0,0.219
51,137,0.0,0.0,0.215
51,138,0.0,0.0,0.214
51,139,0.0,0.0,0.217
51,14,0.0,0.0,0.138
51,140,0.0,0.0,0.219
51,141,0.0,0.0,0.223
51,142,0.0,0.0,0.226
51,143,0.0,0.0,0.224
51,144,0.0,0.0,0.216
51,145,0.0,0.0,0.225
51,146,0.0,0.0,0.229
51,147,0.0,0.0,0.229
51,148,0.0,0.0,0.232
51,149,0.0,0.0,0.24
51,15,0.0,0.0,0.152
51,150,0.0,0.0,0.257
51,151,0.0,0.0,0.246
51,152,0.0,0.0,0.237
51,153,0.0,0.0,0.255
51,154,0.0,0.0,0.241
51,155,0.0,0.0,0.242
51,156,0.0,0.0,0.245
51,157,0.0,0.0,0.243
51,158,0.0,0.0,0.245
51,159,0.0,0.0,0.24
51,16,0.0,0.0,0.147
51,160,0.0,0.0,0.248
51,161,0.0,0.0,0.245
51,162,0.0,0.0,0.234
51,163,0.0,0.0,0.253
51,164,0.0,0.0,0.252
51,165,0.0,0.0,0.246
51,166,0.0,0.0,0.252
51,167,0.0,0.0,0.255
51,168,0.0,0.0,0.24
51,169,0.0,0.0,0.245
51,17,0.0,0.0,0.153
51,170,0.0,0.0,0.25
51,171,0.0,0.0,0.248
51,172,0.0,0.0,0.241
51,173,0.0,0.0,0.25
51,174,0.0,0.0,0.238
51,175,0.0,0.0,0.237
51,176,0.0,0.0,0.234
51,177,0.0,0.0,0.23
51,178,0.0,0.0,0.231
51,179,0.0,0.0,0.232
51,18,0.0,0.0,0.16
51,180,0.0,0.0,0.24
51,181,0.0,0.0,0.235
51,182,0.0,0.0,0.233
51,183,0.0,0.0,0.218
51,184,0.0,0.0,0.205
51,185,0.0,0.0,0.215
51,186,0.0,0.0,0.215
51,187,0.0,0.0,0.214
51,188,0.0,0.0,0.217
51,189,0.0,0.0,0.211
51,19,0.0,0.0,0.147
51,190,0.0,0.0,0.207
51,191,0.0,0.0,0.199
51,192,0.0,0.0,0.204
51,193,0.0,0.0,0.199
51,194,0.0,0.0,0.19
51,195,0.0,0.0,0.203
51,196,0.0,0.0,0.206
51,197,0.0,0.0,0.208
51,198,0.0,0.0,0.191
51,199,0.0,0.0,0.193
51,20,0.0,0.0,0.163
51,200,0.0,0.0,0.19
51,201,0.0,0.0,0.195
51,202,0.0,0.0,0.202
51,203,0.0,0.0,0.207
51,204,0.0,0.0,0.205
51,205,0.0,0.0,0.2
51,206,0.0,0.0,0.204
51,207,0.0,0.0,0.202
51,208,0.0,0.0,0.199
51,209,0.0,0.0,0.21
51,21,0.0,0.0,0.164
51,210,0.0,0.0,0.213
51,211,0.0,0.0,0.207
51,212,0.0,0.0,0.198
51,213,0.0,0.0,0.202
51,214,0.0,0.0,0.201
51,215,0.0,0.0,0.209
51,216,0.0,0.0,0.205
51,217,0.0,0.0,0.202
51,218,0.0,0.0,0.194
51,219,0.0,0.0,0.2
51,22,0.0,0.0,0.171
51,220,0.0,0.0,0.203
51,221,0.0,0.0,0.192
51,222,0.0,0.0,0.192
51,223,0.0,0.0,0.192
51,224,0.0,0.0,0.189
51,225,0.0,0.0,0.18
51,226,0.0,0.0,0.188
51,227,0.0,0.001,0.175
51,228,0.0,0.001,0.179
51,229,0.0,0.001,0.169
51,23,0.0,0.0,0.172
51,230,0.0,0.0,0.187
51,231,0.0,0.001,0.179
51,232,0.0,0.0,0.184
51,233,0.0,0.001,0.169
51,234,0.0,0.001,0.172
51,235,0.0,0.0,0.185
51,236,0.0,0.001,0.183
51,237,0.0,0.0,0.194
51,238,0.0,0.001,0.185
51,239,0.0,0.0,0.19
51,24,0.0,0.0,0.191
51,240,0.0,0.001,0.187
51,241,0.0,0.0,0.2
51,242,0.0,0.0,0.21
51,243,0.0,0.0,0.21
51,244,0.0,0.0,0.226
51,245,0.0,0.0,0.22
51,246,0.0,0.0,0.225
51,247,0.0,0.0,0.227
51,248,0.0,0.0,0.25
51,249,0.0,0.0,0.257
51,25,0.0,0.0,0.18
51,250,0.0,0.0,0.259
51,251,0.0,0.0,0.263
51,26,0.0,0.0,0.186
51,27,0.0,0.0,0.19
51,28,0.0,0.0,0.196
51,29,0.0,0.0,0.193
51,30,0.0,0.0,0.193
51,31,0.0,0.0,0.188
51,32,0.0,0.0,0.183
51,33,0.0,0.0,0.193
51,34,0.0,0.0,0.191
51,35,0.0,0.0,0.179
51,36,0.0,0.0,0.191
51,37,0.0,0.0,0.18
51,38,0.0,0.0,0.191
51,39,0.0,0.0,0.19
51,40,0.0,0.0,0.205
51,41,0.0,0.0,0.191
51,42,0.0,0.0,0.189
51,43,0.0,0.0,0.197
51,44,0.0,0.0,0.22
51,45,0.0,0.0,0.207
51,46,0.0,0.0,0.202
51,47,0.0,0.0,0.217
51,48,0.0,0.0,0.217
51,49,0.0,0.0,0.214
51,50,0.0,0.0,0.229
51,51,0.0,0.0,0.224
51,52,0.0,0.0,0.221
51,53,0.0,0.0,0.231
51,54,0.0,0.0,0.226
51,55,0.0,0.0,0.223
51,56,0.0,0.0,0.239
51,57,0.0,0.0,0.238
51,58,0.0,0.0,0.24
51,59,0.0,0.0,0.243
51,6,0.0,0.001,0.141
51,60,0.0,0.0,0.251
51,61,0.0,0.0,0.248
51,62,0.0,0.0,0.246
51,63,0.0,0.0,0.247
51,64,0.0,0.0,0.254
51,65,0.0,0.0,0.249
51,66,0.0,0.0,0.236
51,67,0.0,0.0,0.245
51,68,0.0,0.0,0.247
51,69,0.0,0.0,0.244
51,7,0.0,0.001,0.13
51,70,0.0,0.0,0.26
51,71,0.0,0.0,0.25
51,72,0.0,0.0,0.265
51,73,0.0,0.0,0.27
51,74,0.0,0.0,0.277
51,75,0.0,0.0,0.275
51,76,0.0,0.0,0.274
51,77,0.0,0.0,0.269
51,78,0.0,0.0,0.263
51,79,0.0,0.0,0.259
51,8,0.0,0.001,0.139
51,80,0.0,0.0,0.256
51,81,0.0,0.0,0.257
51,82,0.0,0.0,0.248
51,83,0.0,0.0,0.249
51,84,0.0,0.0,0.259
51,85,0.0,0.0,0.246
51,86,0.0,0.0,0.243
51,87,0.0,0.0,0.255
51,88,0.0,0.0,0.255
51,89,0.0,0.0,0.267
51,9,0.0,0.001,0.132
51,90,0.0,0.0,0.266
51,91,0.0,0.0,0.273
51,92,0.0,0.0,0.26
51,93,0.0,0.0,0.251
51,94,0.0,0.0,0.248
51,95,0.0,0.0,0.253
51,96,0.0,0.0,0.249
51,97,0.0,0.0,0.244
51,98,0.0,0.0,0.244
51,99,0.0,0.0,0.249
52,10,0.0,0.001,0.133
52,100,0.0,0.0,0.244
52,101,0.0,0.0,0.234
52,102,0.0,0.0,0.237
52,103,0.0,0.0,0.24
52,104,0.0,0.0,0.244
52,105,0.0,0.0,0.226
52,106,0.0,0.0,0.22
52,107,0.0,0.0,0.22
52,108,0.0,0.0,0.225
52,109,0.0,0.0,0.225
52,11,0.0,0.002,0.126
52,110,0.0,0.0,0.211
52,111,0.0,0.0,0.206
52,112,0.0,0.0,0.204
52,113,0.0,0.0,0.217
52,114,0.0,0.0,0.216
52,115,0.0,0.0,0.212
52,116,0.0,0.0,0.207
52,117,0.0,0.0,0.207
52,118,0.0,0.0,0.205
52,119,0.0,0.0,0.196
52,12,0.0,0.001,0.13
52,120,0.0,0.0,0.205
52,121,0.0,0.0,0.203
52,122,0.0,0.0,0.202
52,123,0.0,0.0,0.203
52,124,0.0,0.0,0.201
52,125,0.0,0.0,0.214
52,126,0.0,0.0,0.219
52,127,0.0,0.0,0.221
52,128,0.0,0.0,0.208
52,129,0.0,0.0,0.221
52,13,0.0,0.001,0.136
52,130,0.0,0.0,0.219
52,131,0.0,0.0,0.225
52,132,0.0,0.0,0.217
52,133,0.0,0.0,0.207
52,134,0.0,0.0,0.222
52,135,0.0,0.0,0.216
52,136,0.0,0.0,0.223
52,137,0.0,0.0,0.233
52,138,0.0,0.0,0.226
52,139,0.0,0.0,0.225
52,14,0.0,0.001,0.132
52,140,0.0,0.0,0.232
52,141,0.0,0.0,0.232
52,142,0.0,0.0,0.234
52,143,0.0,0.0,0.252
52,144,0.0,0.0,0.25
52,145,0.0,0.0,0.237
52,146,0.0,0.0,0.237
52,147,0.0,0.0,0.24
52,148,0.0,0.0,0.238
52,149,0.0,0.0,0.238
52,15,0.0,0.001,0.135
52,150,0.0,0.0,0.237
52,151,0.0,0.0,0.244
52,152,0.0,0.0,0.245
52,153,0.0,0.0,0.247
52,154,0.0,0.0,0.252
52,155,0.0,0.0,0.235
52,156,0.0,0.0,0.237
52,157,0.0,0.0,0.238
52,158,0.0,0.0,0.247
52,159,0.0,0.0,0.253
52,16,0.0,0.001,0.13
52,160,0.0,0.0,0.247
52,161,0.0,0.0,0.252
52,162,0.0,0.0,0.261
52,163,0.0,0.0,0.255
52,164,0.0,0.0,0.256
52,165,0.0,0.0,0.241
52,166,0.0,0.0,0.238
52,167,0.0,0.0,0.238
52,168,0.0,0.0,0.248
52,169,0.0,0.0,0.237
52,17,0.0,0.001,0.13
52,170,0.0,0.0,0.245
52,171,0.0,0.0,0.251
52,172,0.0,0.0,0.249
52,173,0.0,0.0,0.247
52,174,0.0,0.0,0.245
52,175,0.0,0.0,0.244
52,176,0.0,0.0,0.237
52,177,0.0,0.0,0.225
52,178,0.0,0.0,0.231
52,179,0.0,0.0,0.245
52,18,0.0,0.0,0.145
52,180,0.0,0.0,0.24
52,181,0.0,0.0,0.24
52,182,0.0,0.0,0.224
52,183,0.0,0.0,0.23
52,184,0.0,0.0,0.222
52,185,0.0,0.0,0.238
52,186,0.0,0.0,0.232
52,187,0.0,0.0,0.229
52,188,0.0,0.0,0.228
52,189,0.0,0.0,0.227
52,19,0.0,0.0,0.151
52,190,0.0,0.0,0.233
52,191,0.0,0.0,0.233
52,192,0.0,0.0,0.222
52,193,0.0,0.0,0.23
52,194,0.0,0.0,0.229
52,195,0.0,0.0,0.225
52,196,0.0,0.0,0.212
52,197,0.0,0.0,0.22
52,198,0.0,0.0,0.215
52,199,0.0,0.0,0.22
52,20,0.0,0.0,0.146
52,200,0.0,0.0,0.221
52,201,0.0,0.0,0.208
52,202,0.0,0.0,0.225
52,203,0.0,0.0,0.232
52,204,0.0,0.0,0.241
52,205,0.0,0.0,0.219
52,206,0.0,0.0,0.225
52,207,0.0,0.0,0.232
52,208,0.0,0.0,0.228
52,209,0.0,0.0,0.225
52,21,0.0,0.0,0.154
52,210,0.0,0.0,0.233
52,211,0.0,0.0,0.23
52,212,0.0,0.0,0.218
52,213,0.0,0.0,0.227
52,214,0.0,0.0,0.218
52,215,0.0,0.0,0.211
52,216,0.0,0.0,0.213
52,217,0.0,0.0,0.215
52,218,0.0,0.0,0.221
52,219,0.0,0.0,0.205
52,22,0.0,0.0,0.168
52,220,0.0,0.0,0.205
52,221,0.0,0.0,0.209
52,222,0.0,0.0,0.202
52,223,0.0,0.0,0.196
52,224,0.0,0.0,0.201
52,225,0.0,0.0,0.201
52,226,0.0,0.0,0.2
52,227,0.0,0.0,0.192
52,228,0.0,0.0,0.196
52,229,0.0,0.0,0.191
52,23,0.0,0.0,0.185
52,230,0.0,0.0,0.2
52,231,0.0,0.0,0.183
52,232,0.0,0.0,0.2
52,233,0.0,0.0,0.194
52,234,0.0,0.0,0.185
52,235,0.0,0.0,0.186
52,236,0.0,0.0,0.194
52,237,0.0,0.0,0.192
52,238,0.0,0.0,0.21
52,239,0.0,0.001,0.183
52,24,0.0,0.0,0.186
52,240,0.0,0.001,0.18
52,241,0.0,0.0,0.2
52,242,0.0,0.0,0.211
52,243,0.0,0.0,0.209
52,244,0.0,0.0,0.211
52,245,0.0,0.0,0.208
52,246,0.0,0.0,0.222
52,247,0.0,0.0,0.222
52,248,0.0,0.0,0.22
52,249,0.0,0.0,0.237
52,25,0.0,0.0,0.194
52,250,0.0,0.0,0.234
52,251,0.0,0.0,0.234
52,26,0.0,0.0,0.189
52,27,0.0,0.0,0.21
52,28,0.0,0.0,0.187
52,29,0.0,0.0,0.215
52,30,0.0,0.0,0.214
52,31,0.0,0.0,0.198
52,32,0.0,0.0,0.196
52,33,0.0,0.0,0.213
52,34,0.0,0.0,0.217
52,35,0.0,0.0,0.223
52,36,0.0,0.0,0.21
52,37,0.0,0.0,0.212
52,38,0.0,0.0,0.208
52,39,0.0,0.0,0.216
52,40,0.0,0.0,0.208
52,41,0.0,0.0,0.206
52,42,0.0,0.0,0.209
52,43,0.0,0.0,0.207
52,44,0.0,0.0,0.203
52,45,0.0,0.0,0.203
52,46,0.0,0.0,0.201
52,47,0.0,0.0,0.215
52,48,0.0,0.0,0.216
52,49,0.0,0.0,0.209
52,50,0.0,0.0,0.208
52,51,0.0,0.0,0.208
52,52,0.0,0.0,0.221
52,53,0.0,0.0,0.224
52,54,0.0,0.0,0.241
52,55,0.0,0.0,0.245
52,56,0.0,0.0,0.243
52,57,0.0,0.0,0.239
52,58,0.0,0.0,0.228
52,59,0.0,0.0,0.241
52,6,0.001,0.004,0.12
52,60,0.0,0.0,0.252
52,61,0.0,0.0,0.252
52,62,0.0,0.0,0.238
52,63,0.0,0.0,0.255
52,64,0.0,0.0,0.246
52,65,0.0,0.0,0.24
52,66,0.0,0.0,0.241
52,67,0.0,0.0,0.246
52,68,0.0,0.0,0.251
52,69,0.0,0.0,0.244
52,7,0.001,0.004,0.118
52,70,0.0,0.0,0.247
52,71,0.0,0.0,0.258
52,72,0.0,0.0,0.265
52,73,0.0,0.0,0.26
52,74,0.0,0.0,0.26
52,75,0.0,0.0,0.255
52,76,0.0,0.0,0.261
52,77,0.0,0.0,0.269
52,78,0.0,0.0,0.269
52,79,0.0,0.0,0.267
52,8,0.001,0.002,0.124
52,80,0.0,0.0,0.257
52,81,0.0,0.0,0.262
52,82,0.0,0.0,0.259
52,83,0.0,0.0,0.259
52,84,0.0,0.0,0.261
52,85,0.0,0.0,0.261
52,86,0.0,0.0,0.256
52,87,0.0,0.0,0.265
52,88,0.0,0.0,0.259
52,89,0.0,0.0,0.252
52,9,0.0,0.001,0.129
52,90,0.0,0.0,0.258
52,91,0.0,0.0,0.264
52,92,0.0,0.0,0.25
52,93,0.0,0.0,0.257
52,94,0.0,0.0,0.269
52,95,0.0,0.0,0.256
52,96,0.0,0.0,0.266
52,97,0.0,0.0,0.268
52,98,0.0,0.0,0.261
52,99,0.0,0.0,0.246
53,10,0.0,0.0,0.152
53,100,0.0,0.0,0.234
53,101,0.0,0.0,0.226
53,102,0.0,0.0,0.223
53,103,0.0,0.0,0.215
53,104,0.0,0.0,0.216
53,105,0.0,0.0,0.215
53,106,0.0,0.0,0.202
53,107,0.0,0.0,0.213
53,108,0.0,0.0,0.208
53,109,0.0,0.0,0.207
53,11,0.0,0.0,0.148
53,110,0.0,0.0,0.201
53,111,0.0,0.0,0.198
53,112,0.0,0.0,0.203
53,113,0.0,0.0,0.205
53,114,0.0,0.0,0.213
53,115,0.0,0.0,0.199
53,116,0.0,0.0,0.199
53,117,0.0,0.0,0.201
53,118,0.0,0.0,0.209
53,119,0.0,0.001,0.192
53,12,0.0,0.0,0.155
53,120,0.0,0.001,0.192
53,121,0.0,0.001,0.199
53,122,0.0,0.001,0.188
53,123,0.0,0.001,0.199
53,124,0.0,0.001,0.195
53,125,0.0,0.002,0.189
53,126,0.001,0.002,0.187
53,127,0.001,0.003,0.18
53,128,0.0,0.001,0.203
53,129,0.0,0.001,0.208
53,13,0.0,0.0,0.142
53,130,0.0,0.001,0.194
53,131,0.0,0.001,0.201
53,132,0.0,0.001,0.207
53,133,0.0,0.001,0.203
53,134,0.0,0.0,0.211
53,135,0.0,0.0,0.211
53,136,0.0,0.0,0.222
53,137,0.0,0.0,0.229
53,138,0.0,0.0,0.216
53,139,0.0,0.0,0.218
53,14,0.0,0.0,0.155
53,140,0.0,0.0,0.236
53,141,0.0,0.0,0.231
53,142,0.0,0.0,0.229
53,143,0.0,0.0,0.225
53,144,0.0,0.0,0.231
53,145,0.0,0.0,0.231
53,146,0.0,0.0,0.235
53,147,0.0,0.0,0.231
53,148,0.0,0.0,0.238
53,149,0.0,0.0,0.244
53,15,0.0,0.0,0.162
53,150,0.0,0.0,0.232
53,151,0.0,0.0,0.229
53,152,0.0,0.0,0.231
53,153,0.0,0.0,0.241
53,154,0.0,0.0,0.233
53,155,0.0,0.0,0.231
53,156,0.0,0.0,0.229
53,157,0.0,0.0,0.229
53,158,0.0,0.0,0.238
53,159,0.0,0.0,0.237
53,16,0.0,0.0,0.16
53,160,0.0,0.0,0.237
53,161,0.0,0.0,0.232
53,162,0.0,0.0,0.227
53,163,0.0,0.0,0.231
53,164,0.0,0.0,0.24
53,165,0.0,0.0,0.249
53,166,0.0,0.0,0.251
53,167,0.0,0.0,0.247
53,168,0.0,0.0,0.239
53,169,0.0,0.0,0.25
53,17,0.0,0.0,0.159
53,170,0.0,0.0,0.243
53,171,0.0,0.0,0.251
53,172,0.0,0.0,0.245
53,173,0.0,0.0,0.239
53,174,0.0,0.0,0.24
53,175,0.0,0.0,0.242
53,176,0.0,0.0,0.23
53,177,0.0,0.0,0.236
53,178,0.0,0.0,0.236
53,179,0.0,0.0,0.244
53,18,0.0,0.0,0.168
53,180,0.0,0.0,0.24
53,181,0.0,0.0,0.239
53,182,0.0,0.0,0.236
53,183,0.0,0.0,0.215
53,184,0.0,0.0,0.222
53,185,0.0,0.0,0.225
53,186,0.0,0.0,0.214
53,187,0.0,0.0,0.213
53,188,0.0,0.0,0.217
53,189,0.0,0.0,0.225
53,19,0.0,0.0,0.161
53,190,0.0,0.0,0.223
53,191,0.0,0.0,0.22
53,192,0.0,0.0,0.217
53,193,0.0,0.0,0.225
53,194,0.0,0.0,0.23
53,195,0.0,0.0,0.223
53,196,0.0,0.0,0.228
53,197,0.0,0.0,0.207
53,198,0.0,0.0,0.201
53,199,0.0,0.0,0.203
53,20,0.0,0.0,0.169
53,200,0.0,0.0,0.211
53,201,0.0,0.0,0.209
53,202,0.0,0.0,0.214
53,203,0.0,0.0,0.223
53,204,0.0,0.0,0.21
53,205,0.0,0.0,0.207
53,206,0.0,0.0,0.199
53,207,0.0,0.0,0.211
53,208,0.0,0.0,0.21
53,209,0.0,0.0,0.194
53,21,0.0,0.0,0.166
53,210,0.0,0.0,0.21
53,211,0.0,0.0,0.217
53,212,0.0,0.0,0.208
53,213,0.0,0.0,0.192
53,214,0.0,0.0,0.203
53,215,0.0,0.0,0.193
53,216,0.0,0.0,0.181
53,217,0.0,0.0,0.185
53,218,0.0,0.0,0.186
53,219,0.0,0.0,0.188
53,22,0.0,0.0,0.184
53,220,0.0,0.0,0.194
53,221,0.0,0.0,0.19
53,222,0.0,0.0,0.195
53,223,0.0,0.0,0.187
53,224,0.0,0.001,0.17
53,225,0.0,0.001,0.167
53,226,0.0,0.001,0.173
53,227,0.0,0.0,0.182
53,228,0.0,0.0,0.187
53,229,0.0,0.0,0.184
53,23,0.0,0.0,0.173
53,230,0.0,0.001,0.176
53,231,0.0,0.0,0.185
53,232,0.0,0.001,0.181
53,233,0.0,0.001,0.183
53,234,0.0,0.0,0.189
53,235,0.0,0.0,0.193
53,236,0.0,0.0,0.19
53,237,0.0,0.0,0.19
53,238,0.0,0.0,0.205
53,239,0.0,0.0,0.195
53,24,0.0,0.0,0.185
53,240,0.0,0.0,0.202
53,241,0.0,0.0,0.202
53,242,0.0,0.0,0.2
53,243,0.0,0.0,0.21
53,244,0.0,0.0,0.2
53,245,0.0,0.0,0.228
53,246,0.0,0.0,0.229
53,247,0.0,0.0,0.233
53,248,0.0,0.0,0.229
53,249,0.0,0.0,0.238
53,25,0.0,0.0,0.182
53,250,0.0,0.0,0.23
53,251,0.0,0.0,0.248
53,26,0.0,0.0,0.178
53,27,0.0,0.0,0.186
53,28,0.0,0.0,0.187
53,29,0.0,0.0,0.192
53,30,0.0,0.0,0.188
53,31,0.0,0.0,0.199
53,32,0.0,0.0,0.193
53,33,0.0,0.0,0.207
53,34,0.0,0.0,0.198
53,35,0.0,0.0,0.205
53,36,0.0,0.0,0.203
53,37,0.0,0.0,0.199
53,38,0.0,0.0,0.201
53,39,0.0,0.0,0.208
53,40,0.0,0.0,0.198
53,41,0.0,0.0,0.195
53,42,0.0,0.0,0.205
53,43,0.0,0.0,0.21
53,44,0.0,0.0,0.193
53,45,0.0,0.0,0.213
53,46,0.0,0.0,0.223
53,47,0.0,0.0,0.205
53,48,0.0,0.0,0.213
53,49,0.0,0.0,0.213
53,50,0.0,0.0,0.231
53,51,0.0,0.0,0.229
53,52,0.0,0.0,0.222
53,53,0.0,0.0,0.217
53,54,0.0,0.0,0.227
53,55,0.0,0.0,0.234
53,56,0.0,0.0,0.24
53,57,0.0,0.0,0.236
53,58,0.0,0.0,0.239
53,59,0.0,0.0,0.236
53,6,0.0,0.0,0.159
53,60,0.0,0.0,0.239
53,61,0.0,0.0,0.253
53,62,0.0,0.0,0.259
53,63,0.0,0.0,0.254
53,64,0.0,0.0,0.271
53,65,0.0,0.0,0.25
53,66,0.0,0.0,0.263
53,67,0.0,0.0,0.255
53,68,0.0,0.0,0.242
53,69,0.0,0.0,0.256
53,7,0.0,0.0,0.163
53,70,0.0,0.0,0.258
53,71,0.0,0.0,0.257
53,72,0.0,0.0,0.267
53,73,0.0,0.0,0.252
53,74,0.0,0.0,0.259
53,75,0.0,0.0,0.27
53,76,0.0,0.0,0.274
53,77,0.0,0.0,0.245
53,78,0.0,0.0,0.258
53,79,0.0,0.0,0.262
53,8,0.0,0.0,0.167
53,80,0.0,0.0,0.262
53,81,0.0,0.0,0.261
53,82,0.0,0.0,0.262
53,83,0.0,0.0,0.268
53,84,0.0,0.0,0.258
53,85,0.0,0.0,0.265
53,86,0.0,0.0,0.26
53,87,0.0,0.0,0.258
53,88,0.0,0.0,0.256
53,89,0.0,0.0,0.264
53,9,0.0,0.0,0.16
53,90,0.0,0.0,0.262
53,91,0.0,0.0,0.27
53,92,0.0,0.0,0.26
53,93,0.0,0.0,0.257
53,94,0.0,0.0,0.249
53,95,0.0,0.0,0.234
53,96,0.0,0.0,0.24
53,97,0.0,0.0,0.233
53,98,0.0,0.0,0.231
53,99,0.0,0.0,0.236
54,10,0.002,0.005,0.115
54,100,0.0,0.0,0.233
54,101,0.0,0.0,0.222
54,102,0.0,0.0,0.222
54,103,0.0,0.0,0.226
54,104,0.0,0.0,0.218
54,105,0.0,0.0,0.221
54,106,0.0,0.0,0.215
54,107,0.0,0.0,0.209
54,108,0.0,0.0,0.213
54,109,0.0,0.0,0.205
54,11,0.002,0.004,0.114
54,110,0.0,0.0,0.187
54,111,0.0,0.0,0.187
54,112,0.0,0.001,0.174
54,113,0.0,0.0,0.187
54,114,0.0,0.001,0.185
54,115,0.0,0.001,0.182
54,116,0.001,0.003,0.168
54,117,0.001,0.002,0.173
54,118,0.002,0.004,0.164
54,119,0.001,0.003,0.175
54,12,0.0,0.001,0.133
54,120,0.001,0.004,0.172
54,121,0.002,0.005,0.169
54,122,0.002,0.004,0.174
54,123,0.001,0.003,0.184
54,124,0.001,0.004,0.18
54,125,0.001,0.004,0.182
54,126,0.002,0.005,0.176
54,127,0.001,0.004,0.182
54,128,0.001,0.002,0.195
54,129,0.001,0.002,0.194
54,13,0.0,0.001,0.129
54,130,0.0,0.001,0.204
54,131,0.0,0.001,0.21
54,132,0.0,0.001,0.201
54,133,0.0,0.001,0.202
54,134,0.0,0.001,0.215
54,135,0.0,0.0,0.219
54,136,0.0,0.0,0.225
54,137,0.0,0.0,0.223
54,138,0.0,0.0,0.233
54,139,0.0,0.0,0.226
54,14,0.0,0.001,0.133
54,140,0.0,0.0,0.234
54,141,0.0,0.0,0.233
54,142,0.0,0.0,0.229
54,143,0.0,0.0,0.242
54,144,0.0,0.0,0.226
54,145,0.0,0.0,0.23
54,146,0.0,0.0,0.235
54,147,0.0,0.0,0.238
54,148,0.0,0.0,0.251
54,149,0.0,0.0,0.232
54,15,0.0,0.0,0.145
54,150,0.0,0.0,0.245
54,151,0.0,0.0,0.236
54,152,0.0,0.0,0.237
54,153,0.0,0.0,0.234
54,154,0.0,0.0,0.255
54,155,0.0,0.0,0.245
54,156,0.0,0.0,0.248
54,157,0.0,0.0,0.247
54,158,0.0,0.0,0.242
54,159,0.0,0.0,0.246
54,16,0.0,0.0,0.148
54,160,0.0,0.0,0.246
54,161,0.0,0.0,0.244
54,162,0.0,0.0,0.236
54,163,0.0,0.0,0.243
54,164,0.0,0.0,0.251
54,165,0.0,0.0,0.231
54,166,0.0,0.0,0.236
54,167,0.0,0.0,0.247
54,168,0.0,0.0,0.243
54,169,0.0,0.0,0.24
54,17,0.0,0.0,0.17
54,170,0.0,0.0,0.243
54,171,0.0,0.0,0.237
54,172,0.0,0.0,0.239
54,173,0.0,0.0,0.242
54,174,0.0,0.0,0.227
54,175,0.0,0.0,0.229
54,176,0.0,0.0,0.237
54,177,0.0,0.0,0.231
54,178,0.0,0.0,0.233
54,179,0.0,0.0,0.224
54,18,0.0,0.0,0.164
54,180,0.0,0.0,0.234
54,181,0.0,0.0,0.233
54,182,0.0,0.0,0.231
54,183,0.0,0.0,0.229
54,184,0.0,0.0,0.225
54,185,0.0,0.0,0.228
54,186,0.0,0.0,0.22
54,187,0.0,0.0,0.227
54,188,0.0,0.0,0.221
54,189,0.0,0.0,0.224
54,19,0.0,0.0,0.172
54,190,0.0,0.0,0.224
54,191,0.0,0.0,0.227
54,192,0.0,0.0,0.227
54,193,0.0,0.0,0.223
54,194,0.0,0.0,0.215
54,195,0.0,0.0,0.216
54,196,0.0,0.0,0.222
54,197,0.0,0.0,0.21
54,198,0.0,0.0,0.22
54,199,0.0,0.0,0.211
54,20,0.0,0.0,0.17
54,200,0.0,0.0,0.212
54,201,0.0,0.0,0.211
54,202,0.0,0.0,0.208
54,203,0.0,0.0,0.219
54,204,0.0,0.0,0.215
54,205,0.0,0.0,0.207
54,206,0.0,0.0,0.222
54,207,0.0,0.0,0.216
54,208,0.0,0.0,0.209
54,209,0.0,0.0,0.214
54,21,0.0,0.0,0.178
54,210,0.0,0.0,0.222
54,211,0.0,0.0,0.219
54,212,0.0,0.0,0.222
54,213,0.0,0.0,0.221
54,214,0.0,0.0,0.222
54,215,0.0,0.0,0.222
54,216,0.0,0.0,0.203
54,217,0.0,0.0,0.198
54,218,0.0,0.0,0.209
54,219,0.0,0.0,0.217
54,22,0.0,0.0,0.168
54,220,0.0,0.0,0.21
54,221,0.0,0.0,0.199
54,222,0.0,0.0,0.193
54,223,0.0,0.0,0.188
54,224,0.0,0.0,0.195
54,225,0.0,0.0,0.191
54,226,0.0,0.0,0.18
54,227,0.0,0.0,0.18
54,228,0.0,0.001,0.175
54,229,0.0,0.0,0.18
54,23,0.0,0.0,0.181
54,230,0.0,0.0,0.189
54,231,0.0,0.0,0.188
54,232,0.0,0.001,0.174
54,233,0.0,0.0,0.193
54,234,0.0,0.001,0.181
54,235,0.0,0.0,0.188
54,236,0.0,0.0,0.195
54,237,0.0,0.0,0.202
54,238,0.0,0.0,0.208
54,239,0.0,0.0,0.203
54,24,0.0,0.0,0.176
54,240,0.0,0.0,0.202
54,241,0.0,0.0,0.218
54,242,0.0,0.0,0.222
54,243,0.0,0.0,0.215
54,244,0.0,0.0,0.215
54,245,0.0,0.0,0.217
54,246,0.0,0.0,0.224
54,247,0.0,0.0,0.225
54,248,0.0,0.0,0.241
54,249,0.0,0.0,0.231
54,25,0.0,0.0,0.183
54,250,0.0,0.0,0.221
54,251,0.0,0.0,0.228
54,26,0.0,0.0,0.188
54,27,0.0,0.0,0.202
54,28,0.0,0.0,0.194
54,29,0.0,0.0,0.194
54,30,0.0,0.0,0.215
54,31,0.0,0.0,0.21
54,32,0.0,0.0,0.203
54,33,0.0,0.0,0.198
54,34,0.0,0.0,0.203
54,35,0.0,0.0,0.208
54,36,0.0,0.0,0.209
54,37,0.0,0.0,0.219
54,38,0.0,0.0,0.217
54,39,0.0,0.0,0.225
54,40,0.0,0.0,0.219
54,41,0.0,0.0,0.214
54,42,0.0,0.0,0.215
54,43,0.0,0.0,0.22
54,44,0.0,0.0,0.224
54,45,0.0,0.0,0.242
54,46,0.0,0.0,0.226
54,47,0.0,0.0,0.218
54,48,0.0,0.0,0.226
54,49,0.0,0.0,0.217
54,50,0.0,0.0,0.228
54,51,0.0,0.0,0.228
54,52,0.0,0.0,0.229
54,53,0.0,0.0,0.227
54,54,0.0,0.0,0.228
54,55,0.0,0.0,0.235
54,56,0.0,0.0,0.235
54,57,0.0,0.0,0.231
54,58,0.0,0.0,0.229
54,59,0.0,0.0,0.245
54,6,0.002,0.005,0.118
54,60,0.0,0.0,0.243
54,61,0.0,0.0,0.241
54,62,0.0,0.0,0.225
54,63,0.0,0.0,0.241
54,64,0.0,0.0,0.238
54,65,0.0,0.0,0.245
54,66,0.0,0.0,0.24
54,67,0.0,0.0,0.256
54,68,0.0,0.0,0.247
54,69,0.0,0.0,0.243
54,7,0.002,0.005,0.115
54,70,0.0,0.0,0.263
54,71,0.0,0.0,0.249
54,72,0.0,0.0,0.262
54,73,0.0,0.0,0.241
54,74,0.0,0.0,0.248
54,75,0.0,0.0,0.247
54,76,0.0,0.0,0.256
54,77,0.0,0.0,0.24
54,78,0.0,0.0,0.251
54,79,0.0,0.0,0.26
54,8,0.002,0.006,0.113
54,80,0.0,0.0,0.252
54,81,0.0,0.0,0.252
54,82,0.0,0.0,0.256
54,83,0.0,0.0,0.252
54,84,0.0,0.0,0.261
54,85,0.0,0.0,0.269
54,86,0.0,0.0,0.267
54,87,0.0,0.0,0.257
54,88,0.0,0.0,0.257
54,89,0.0,0.0,0.249
54,9,0.001,0.002,0.128
54,90,0.0,0.0,0.245
54,91,0.0,0.0,0.254
54,92,0.0,0.0,0.257
54,93,0.0,0.0,0.245
54,94,0.0,0.0,0.251
54,95,0.0,0.0,0.25
54,96,0.0,0.0,0.242
54,97,0.0,0.0,0.243
54,98,0.0,0.0,0.231
54,99,0.0,0.0,0.23
55,10,0.0,0.0,0.149
55,100,0.0,0.0,0.215
55,101,0.0,0.0,0.217
55,102,0.0,0.0,0.217
55,103,0.0,0.0,0.222
55,104,0.0,0.0,0.211
55,105,0.0,0.0,0.21
55,106,0.0,0.0,0.19
55,107,0.0,0.0,0.196
55,108,0.0,0.0,0.202
55,109,0.0,0.0,0.181
55,11,0.0,0.0,0.157
55,110,0.0,0.0,0.186
55,111,0.0,0.0,0.185
55,112,0.0,0.001,0.185
55,113,0.0,0.001,0.176
55,114,0.0,0.001,0.176
55,115,0.001,0.002,0.174
55,116,0.001,0.003,0.17
55,117,0.005,0.01,0.15
55,118,0.004,0.01,0.154
55,119,0.004,0.01,0.157
55,12,0.0,0.0,0.164
55,120,0.003,0.008,0.165
55,121,0.006,0.013,0.157
55,122,0.005,0.012,0.16
55,123,0.012,0.024,0.146
55,124,0.01,0.02,0.152
55,125,0.011,0.022,0.151
55,126,0.008,0.016,0.159
55,127,0.005,0.012,0.167
55,128,0.004,0.008,0.175
55,129,0.004,0.009,0.173
55,13,0.0,0.0,0.176
55,130,0.004,0.01,0.172
55,131,0.003,0.007,0.178
55,132,0.002,0.005,0.185
55,133,0.001,0.003,0.195
55,134,0.001,0.003,0.19
55,135,0.001,0.003,0.193
55,136,0.001,0.002,0.196
55,137,0.001,0.002,0.193
55,138,0.0,0.0,0.219
55,139,0.0,0.001,0.21
55,14,0.0,0.0,0.169
55,140,0.0,0.0,0.22
55,141,0.0,0.0,0.216
55,142,0.0,0.0,0.225
55,143,0.0,0.0,0.234
55,144,0.0,0.0,0.238
55,145,0.0,0.0,0.231
55,146,0.0,0.0,0.238
55,147,0.0,0.0,0.24
55,148,0.0,0.0,0.238
55,149,0.0,0.0,0.243
55,15,0.0,0.0,0.169
55,150,0.0,0.0,0.237
55,151,0.0,0.0,0.243
55,152,0.0,0.0,0.253
55,153,0.0,0.0,0.238
55,154,0.0,0.0,0.245
55,155,0.0,0.0,0.237
55,156,0.0,0.0,0.224
55,157,0.0,0.0,0.224
55,158,0.0,0.0,0.243
55,159,0.0,0.0,0.247
55,16,0.0,0.0,0.178
55,160,0.0,0.0,0.237
55,161,0.0,0.0,0.241
55,162,0.0,0.0,0.24
55,163,0.0,0.0,0.255
55,164,0.0,0.0,0.241
55,165,0.0,0.0,0.239
55,166,0.0,0.0,0.237
55,167,0.0,0.0,0.227
55,168,0.0,0.0,0.228
55,169,0.0,0.0,0.227
55,17,0.0,0.0,0.183
55,170,0.0,0.0,0.231
55,171,0.0,0.0,0.233
55,172,0.0,0.0,0.233
55,173,0.0,0.0,0.241
55,174,0.0,0.0,0.236
55,175,0.0,0.0,0.212
55,176,0.0,0.0,0.215
55,177,0.0,0.0,0.216
55,178,0.0,0.0,0.238
55,179,0.0,0.0,0.235
55,18,0.0,0.0,0.176
55,180,0.0,0.0,0.228
55,181,0.0,0.0,0.219
55,182,0.0,0.0,0.213
55,183,0.0,0.0,0.218
55,184,0.0,0.0,0.206
55,185,0.0,0.0,0.202
55,186,0.0,0.0,0.208
55,187,0.0,0.0,0.203
55,188,0.0,0.0,0.214
55,189,0.0,0.0,0.208
55,19,0.0,0.0,0.184
55,190,0.0,0.0,0.207
55,191,0.0,0.0,0.217
55,192,0.0,0.0,0.22
55,193,0.0,0.0,0.213
55,194,0.0,0.0,0.196
55,195,0.0,0.0,0.199
55,196,0.0,0.0,0.208
55,197,0.0,0.0,0.206
55,198,0.0,0.0,0.203
55,199,0.0,0.0,0.219
55,20,0.0,0.0,0.187
55,200,0.0,0.0,0.212
55,201,0.0,0.0,0.216
55,202,0.0,0.0,0.221
55,203,0.0,0.0,0.226
55,204,0.0,0.0,0.216
55,205,0.0,0.0,0.215
55,206,0.0,0.0,0.207
55,207,0.0,0.0,0.213
55,208,0.0,0.0,0.212
55,209,0.0,0.0,0.212
55,21,0.0,0.0,0.193
55,210,0.0,0.0,0.19
55,211,0.0,0.0,0.196
55,212,0.0,0.0,0.195
55,213,0.0,0.0,0.192
55,214,0.0,0.0,0.184
55,215,0.0,0.0,0.181
55,216,0.0,0.0,0.18
55,217,0.0,0.0,0.185
55,218,0.0,0.0,0.182
55,219,0.0,0.0,0.187
55,22,0.0,0.0,0.195
55,220,0.0,0.0,0.188
55,221,0.0,0.0,0.179
55,222,0.0,0.0,0.185
55,223,0.0,0.0,0.184
55,224,0.0,0.0,0.194
55,225,0.0,0.0,0.184
55,226,0.0,0.0,0.188
55,227,0.0,0.0,0.197
55,228,0.0,0.0,0.211
55,229,0.0,0.0,0.212
55,23,0.0,0.0,0.191
55,230,0.0,0.0,0.197
55,231,0.0,0.0,0.187
55,232,0.0,0.0,0.201
55,233,0.0,0.0,0.196
55,234,0.0,0.0,0.191
55,235,0.0,0.0,0.194
55,236,0.0,0.0,0.193
55,237,0.0,0.001,0.184
55,238,0.0,0.0,0.193
55,239,0.0,0.0,0.198
55,24,0.0,0.0,0.185
55,240,0.0,0.0,0.19
55,241,0.0,0.001,0.188
55,242,0.0,0.0,0.194
55,243,0.0,0.001,0.192
55,244,0.0,0.0,0.208
55,245,0.0,0.0,0.204
55,246,0.0,0.0,0.213
55,247,0.0,0.0,0.214
55,248,0.0,0.0,0.211
55,249,0.0,0.0,0.231
55,25,0.0,0.0,0.189
55,250,0.0,0.0,0.247
55,251,0.0,0.0,0.253
55,26,0.0,0.0,0.186
55,27,0.0,0.0,0.202
55,28,0.0,0.0,0.193
55,29,0.0,0.0,0.185
55,30,0.0,0.0,0.189
55,31,0.0,0.0,0.181
55,32,0.0,0.0,0.184
55,33,0.0,0.0,0.197
55,34,0.0,0.0,0.2
55,35,0.0,0.0,0.194
55,36,0.0,0.0,0.196
55,37,0.0,0.0,0.192
55,38,0.0,0.0,0.192
55,39,0.0,0.0,0.193
55,40,0.0,0.0,0.206
55,41,0.0,0.0,0.2
55,42,0.0,0.0,0.207
55,43,0.0,0.0,0.208
55,44,0.0,0.0,0.195
55,45,0.0,0.0,0.205
55,46,0.0,0.0,0.205
55,47,0.0,0.0,0.195
55,48,0.0,0.0,0.205
55,49,0.0,0.0,0.211
55,50,0.0,0.0,0.228
55,51,0.0,0.0,0.23
55,52,0.0,0.0,0.227
55,53,0.0,0.0,0.226
55,54,0.0,0.0,0.224
55,55,0.0,0.0,0.231
55,56,0.0,0.0,0.235
55,57,0.0,0.0,0.236
55,58,0.0,0.0,0.25
55,59,0.0,0.0,0.245
55,6,0.002,0.005,0.12
55,60,0.0,0.0,0.235
55,61,0.0,0.0,0.234
55,62,0.0,0.0,0.247
55,63,0.0,0.0,0.233
55,64,0.0,0.0,0.23
55,65,0.0,0.0,0.244
55,66,0.0,0.0,0.237
55,67,0.0,0.0,0.225
55,68,0.0,0.0,0.242
55,69,0.0,0.0,0.232
55,7,0.001,0.002,0.127
55,70,0.0,0.0,0.247
55,71,0.0,0.0,0.228
55,72,0.0,0.0,0.236
55,73,0.0,0.0,0.23
55,74,0.0,0.0,0.25
55,75,0.0,0.0,0.243
55,76,0.0,0.0,0.254
55,77,0.0,0.0,0.242
55,78,0.0,0.0,0.238
55,79,0.0,0.0,0.24
55,8,0.001,0.003,0.123
55,80,0.0,0.0,0.247
55,81,0.0,0.0,0.242
55,82,0.0,0.0,0.232
55,83,0.0,0.0,0.24
55,84,0.0,0.0,0.24
55,85,0.0,0.0,0.238
55,86,0.0,0.0,0.238
55,87,0.0,0.0,0.227
55,88,0.0,0.0,0.231
55,89,0.0,0.0,0.23
55,9,0.0,0.0,0.152
55,90,0.0,0.0,0.223
55,91,0.0,0.0,0.228
55,92,0.0,0.0,0.233
55,93,0.0,0.0,0.238
55,94,0.0,0.0,0.233
55,95,0.0,0.0,0.23
55,96,0.0,0.0,0.229
55,97,0.0,0.0,0.23
55,98,0.0,0.0,0.224
55,99,0.0,0.0,0.227
56,10,0.0,0.0,0.164
56,100,0.0,0.0,0.218
56,101,0.0,0.0,0.208
56,102,0.0,0.0,0.202
56,103,0.0,0.0,0.211
56,104,0.0,0.0,0.197
56,105,0.0,0.0,0.212
56,106,0.0,0.0,0.192
56,107,0.0,0.0,0.184
56,108,0.0,0.0,0.197
56,109,0.0,0.001,0.179
56,11,0.0,0.0,0.163
56,110,0.0,0.001,0.173
56,111,0.0,0.001,0.179
56,112,0.001,0.002,0.171
56,113,0.002,0.005,0.158
56,114,0.003,0.008,0.153
56,115,0.003,0.007,0.158
56,116,0.005,0.011,0.152
56,117,0.013,0.026,0.137
56,118,0.006,0.014,0.154
56,119,0.014,0.028,0.141
56,12,0.0,0.0,0.156
56,120,0.014,0.027,0.144
56,121,0.009,0.019,0.155
56,122,0.007,0.015,0.163
56,123,0.015,0.029,0.148
56,124,0.014,0.027,0.152
56,125,0.012,0.025,0.155
56,126,0.008,0.016,0.166
56,127,0.007,0.016,0.168
56,128,0.006,0.013,0.172
56,129,0.006,0.013,0.172
56,13,0.0,0.0,0.159
56,130,0.003,0.007,0.186
56,131,0.002,0.006,0.189
56,132,0.003,0.007,0.185
56,133,0.001,0.003,0.203
56,134,0.001,0.004,0.193
56,135,0.001,0.002,0.208
56,136,0.0,0.001,0.208
56,137,0.0,0.001,0.211
56,138,0.0,0.001,0.212
56,139,0.0,0.0,0.223
56,14,0.0,0.0,0.167
56,140,0.0,0.0,0.235
56,141,0.0,0.0,0.226
56,142,0.0,0.0,0.229
56,143,0.0,0.0,0.237
56,144,0.0,0.0,0.225
56,145,0.0,0.0,0.234
56,146,0.0,0.0,0.233
56,147,0.0,0.0,0.223
56,148,0.0,0.0,0.244
56,149,0.0,0.0,0.242
56,15,0.0,0.0,0.167
56,150,0.0,0.0,0.236
56,151,0.0,0.0,0.253
56,152,0.0,0.0,0.255
56,153,0.0,0.0,0.233
56,154,0.0,0.0,0.232
56,155,0.0,0.0,0.242
56,156,0.0,0.0,0.234
56,157,0.0,0.0,0.236
56,158,0.0,0.0,0.241
56,159,0.0,0.0,0.246
56,16,0.0,0.0,0.171
56,160,0.0,0.0,0.246
56,161,0.0,0.0,0.247
56,162,0.0,0.0,0.259
56,163,0.0,0.0,0.261
56,164,0.0,0.0,0.262
56,165,0.0,0.0,0.251
56,166,0.0,0.0,0.247
56,167,0.0,0.0,0.271
56,168,0.0,0.0,0.26
56,169,0.0,0.0,0.259
56,17,0.0,0.0,0.17
56,170,0.0,0.0,0.247
56,171,0.0,0.0,0.242
56,172,0.0,0.0,0.236
56,173,0.0,0.0,0.241
56,174,0.0,0.0,0.234
56,175,0.0,0.0,0.231
56,176,0.0,0.0,0.232
56,177,0.0,0.0,0.234
56,178,0.0,0.0,0.241
56,179,0.0,0.0,0.234
56,18,0.0,0.0,0.174
56,180,0.0,0.0,0.241
56,181,0.0,0.0,0.241
56,182,0.0,0.0,0.225
56,183,0.0,0.0,0.223
56,184,0.0,0.0,0.212
56,185,0.0,0.0,0.229
56,186,0.0,0.0,0.24
56,187,0.0,0.0,0.218
56,188,0.0,0.0,0.22
56,189,0.0,0.0,0.225
56,19,0.0,0.0,0.188
56,190,0.0,0.0,0.227
56,191,0.0,0.0,0.226
56,192,0.0,0.0,0.217
56,193,0.0,0.0,0.217
56,194,0.0,0.0,0.217
56,195,0.0,0.0,0.218
56,196,0.0,0.0,0.212
56,197,0.0,0.0,0.201
56,198,0.0,0.0,0.207
56,199,0.0,0.0,0.217
56,20,0.0,0.0,0.19
56,200,0.0,0.0,0.21
56,201,0.0,0.0,0.211
56,202,0.0,0.0,0.206
56,203,0.0,0.0,0.215
56,204,0.0,0.0,0.224
56,205,0.0,0.0,0.231
56,206,0.0,0.0,0.226
56,207,0.0,0.0,0.232
56,208,0.0,0.0,0.217
56,209,0.0,0.0,0.217
56,21,0.0,0.0,0.176
56,210,0.0,0.0,0.22
56,211,0.0,0.0,0.216
56,212,0.0,0.0,0.224
56,213,0.0,0.0,0.217
56,214,0.0,0.0,0.21
56,215,0.0,0.0,0.204
56,216,0.0,0.0,0.199
56,217,0.0,0.0,0.206
56,218,0.0,0.0,0.2
56,219,0.0,0.0,0.193
56,22,0.0,0.0,0.18
56,220,0.0,0.0,0.178
56,221,0.0,0.001,0.172
56,222,0.0,0.001,0.175
56,223,0.0,0.0,0.178
56,224,0.0,0.001,0.174
56,225,0.0,0.0,0.18
56,226,0.0,0.001,0.173
56,227,0.0,0.0,0.181
56,228,0.0,0.0,0.181
56,229,0.0,0.0,0.188
56,23,0.0,0.0,0.175
56,230,0.0,0.0,0.185
56,231,0.0,0.0,0.189
56,232,0.0,0.0,0.185
56,233,0.0,0.0,0.196
56,234,0.0,0.001,0.178
56,235,0.0,0.0,0.188
56,236,0.0,0.0,0.191
56,237,0.0,0.001,0.177
56,238,0.0,0.0,0.19
56,239,0.0,0.0,0.196
56,24,0.0,0.0,0.181
56,240,0.0,0.0,0.197
56,241,0.0,0.0,0.199
56,242,0.0,0.0,0.206
56,243,0.0,0.0,0.198
56,244,0.0,0.0,0.203
56,245,0.0,0.0,0.214
56,246,0.0,0.0,0.22
56,247,0.0,0.0,0.218
56,248,0.0,0.0,0.226
56,249,0.0,0.0,0.22
56,25,0.0,0.0,0.183
56,250,0.0,0.001,0.216
56,251,0.0,0.0,0.228
56,26,0.0,0.0,0.186
56,27,0.0,0.0,0.193
56,28,0.0,0.0,0.184
56,29,0.0,0.0,0.18
56,30,0.0,0.0,0.189
56,31,0.0,0.0,0.193
56,32,0.0,0.0,0.203
56,33,0.0,0.0,0.193
56,34,0.0,0.0,0.193
56,35,0.0,0.0,0.206
56,36,0.0,0.0,0.212
56,37,0.0,0.0,0.214
56,38,0.0,0.0,0.204
56,39,0.0,0.0,0.203
56,40,0.0,0.0,0.215
56,41,0.0,0.0,0.208
56,42,0.0,0.0,0.226
56,43,0.0,0.0,0.206
56,44,0.0,0.0,0.205
56,45,0.0,0.0,0.197
56,46,0.0,0.0,0.217
56,47,0.0,0.0,0.222
56,48,0.0,0.0,0.222
56,49,0.0,0.0,0.234
56,50,0.0,0.0,0.21
56,51,0.0,0.0,0.216
56,52,0.0,0.0,0.222
56,53,0.0,0.0,0.224
56,54,0.0,0.0,0.23
56,55,0.0,0.0,0.231
56,56,0.0,0.0,0.228
56,57,0.0,0.0,0.238
56,58,0.0,0.0,0.225
56,59,0.0,0.0,0.247
56,6,0.0,0.001,0.134
56,60,0.0,0.0,0.248
56,61,0.0,0.0,0.25
56,62,0.0,0.0,0.254
56,63,0.0,0.0,0.239
56,64,0.0,0.0,0.245
56,65,0.0,0.0,0.25
56,66,0.0,0.0,0.241
56,67,0.0,0.0,0.251
56,68,0.0,0.0,0.255
56,69,0.0,0.0,0.256
56,7,0.0,0.0,0.146
56,70,0.0,0.0,0.26
56,71,0.0,0.0,0.259
56,72,0.0,0.0,0.25
56,73,0.0,0.0,0.256
56,74,0.0,0.0,0.252
56,75,0.0,0.0,0.256
56,76,0.0,0.0,0.249
56,77,0.0,0.0,0.251
56,78,0.0,0.0,0.253
56,79,0.0,0.0,0.261
56,8,0.0,0.0,0.151
56,80,0.0,0.0,0.266
56,81,0.0,0.0,0.252
56,82,0.0,0.0,0.251
56,83,0.0,0.0,0.256
56,84,0.0,0.0,0.251
56,85,0.0,0.0,0.237
56,86,0.0,0.0,0.231
56,87,0.0,0.0,0.234
56,88,0.0,0.0,0.247
56,89,0.0,0.0,0.24
56,9,0.0,0.0,0.156
56,90,0.0,0.0,0.229
56,91,0.0,0.0,0.223
56,92,0.0,0.0,0.224
56,93,0.0,0.0,0.222
56,94,0.0,0.0,0.227
56,95,0.0,0.0,0.216
56,96,0.0,0.0,0.208
56,97,0.0,0.0,0.223
56,98,0.0,0.0,0.224
56,99,0.0,0.0,0.224
57,10,0.0,0.0,0.149
57,100,0.0,0.0,0.212
57,101,0.0,0.0,0.209
57,102,0.0,0.0,0.207
57,103,0.0,0.0,0.204
57,104,0.0,0.0,0.196
57,105,0.0,0.0,0.186
57,106,0.0,0.0,0.179
57,107,0.0,0.001,0.178
57,108,0.0,0.001,0.179
57,109,0.001,0.002,0.166
57,11,0.0,0.0,0.151
57,110,0.001,0.002,0.166
57,111,0.002,0.004,0.158
57,112,0.002,0.005,0.161
57,113,0.007,0.015,0.142
57,114,0.008,0.017,0.143
57,115,0.014,0.027,0.136
57,116,0.019,0.036,0.132
57,117,0.028,0.049,0.127
57,118,0.032,0.056,0.126
57,119,0.04,0.068,0.123
57,12,0.0,0.0,0.147
57,120,0.038,0.065,0.126
57,121,0.046,0.076,0.123
57,122,0.043,0.072,0.126
57,123,0.034,0.06,0.133
57,124,0.024,0.044,0.142
57,125,0.012,0.025,0.159
57,126,0.014,0.027,0.157
57,127,0.01,0.021,0.164
57,128,0.004,0.01,0.183
57,129,0.004,0.009,0.184
57,13,0.0,0.0,0.158
57,130,0.006,0.013,0.174
57,131,0.002,0.006,0.192
57,132,0.003,0.008,0.186
57,133,0.002,0.005,0.193
57,134,0.002,0.005,0.193
57,135,0.002,0.005,0.193
57,136,0.001,0.003,0.2
57,137,0.001,0.003,0.201
57,138,0.001,0.003,0.194
57,139,0.001,0.002,0.2
57,14,0.0,0.0,0.163
57,140,0.0,0.001,0.205
57,141,0.0,0.001,0.201
57,142,0.0,0.0,0.216
57,143,0.0,0.001,0.207
57,144,0.0,0.0,0.22
57,145,0.0,0.0,0.223
57,146,0.0,0.0,0.222
57,147,0.0,0.0,0.228
57,148,0.0,0.0,0.233
57,149,0.0,0.0,0.221
57,15,0.0,0.0,0.163
57,150,0.0,0.0,0.229
57,151,0.0,0.0,0.23
57,152,0.0,0.0,0.225
57,153,0.0,0.0,0.232
57,154,0.0,0.0,0.228
57,155,0.0,0.0,0.23
57,156,0.0,0.0,0.236
57,157,0.0,0.0,0.233
57,158,0.0,0.0,0.237
57,159,0.0,0.0,0.251
57,16,0.0,0.0,0.155
57,160,0.0,0.0,0.246
57,161,0.0,0.0,0.247
57,162,0.0,0.0,0.246
57,163,0.0,0.0,0.238
57,164,0.0,0.0,0.243
57,165,0.0,0.0,0.247
57,166,0.0,0.0,0.258
57,167,0.0,0.0,0.24
57,168,0.0,0.0,0.256
57,169,0.0,0.0,0.256
57,17,0.0,0.0,0.152
57,170,0.0,0.0,0.244
57,171,0.0,0.0,0.238
57,172,0.0,0.0,0.236
57,173,0.0,0.0,0.228
57,174,0.0,0.0,0.236
57,175,0.0,0.0,0.225
57,176,0.0,0.0,0.233
57,177,0.0,0.0,0.228
57,178,0.0,0.0,0.228
57,179,0.0,0.0,0.223
57,18,0.0,0.0,0.16
57,180,0.0,0.0,0.225
57,181,0.0,0.0,0.241
57,182,0.0,0.0,0.221
57,183,0.0,0.0,0.213
57,184,0.0,0.0,0.228
57,185,0.0,0.0,0.233
57,186,0.0,0.0,0.213
57,187,0.0,0.0,0.217
57,188,0.0,0.0,0.22
57,189,0.0,0.0,0.222
57,19,0.0,0.0,0.169
57,190,0.0,0.0,0.216
57,191,0.0,0.0,0.206
57,192,0.0,0.0,0.209
57,193,0.0,0.0,0.204
57,194,0.0,0.0,0.213
57,195,0.0,0.0,0.22
57,196,0.0,0.0,0.213
57,197,0.0,0.0,0.227
57,198,0.0,0.0,0.217
57,199,0.0,0.0,0.209
57,20,0.0,0.0,0.182
57,200,0.0,0.0,0.218
57,201,0.0,0.0,0.225
57,202,0.0,0.0,0.218
57,203,0.0,0.0,0.206
57,204,0.0,0.0,0.205
57,205,0.0,0.0,0.204
57,206,0.0,0.0,0.205
57,207,0.0,0.0,0.206
57,208,0.0,0.0,0.21
57,209,0.0,0.0,0.214
57,21,0.0,0.0,0.178
57,210,0.0,0.0,0.204
57,211,0.0,0.0,0.214
57,212,0.0,0.0,0.203
57,213,0.0,0.0,0.206
57,214,0.0,0.0,0.201
57,215,0.0,0.0,0.198
57,216,0.0,0.0,0.202
57,217,0.0,0.0,0.185
57,218,0.0,0.001,0.174
57,219,0.0,0.0,0.19
57,22,0.0,0.0,0.177
57,220,0.0,0.0,0.186
57,221,0.0,0.0,0.188
57,222,0.0,0.0,0.191
57,223,0.0,0.0,0.19
57,224,0.0,0.0,0.179
57,225,0.0,0.0,0.185
57,226,0.0,0.0,0.193
57,227,0.0,0.0,0.184
57,228,0.0,0.0,0.188
57,229,0.0,0.0,0.182
57,23,0.0,0.0,0.196
57,230,0.0,0.001,0.173
57,231,0.0,0.0,0.189
57,232,0.0,0.0,0.19
57,233,0.0,0.0,0.191
57,234,0.0,0.0,0.188
57,235,0.0,0.0,0.189
57,236,0.0,0.0,0.185
57,237,0.0,0.001,0.184
57,238,0.0,0.0,0.189
57,239,0.0,0.0,0.193
57,24,0.0,0.0,0.202
57,240,0.0,0.0,0.205
57,241,0.0,0.0,0.198
57,242,0.0,0.001,0.188
57,243,0.0,0.001,0.183
57,244,0.0,0.0,0.199
57,245,0.0,0.0,0.205
57,246,0.0,0.0,0.207
57,247,0.0,0.0,0.213
57,248,0.0,0.001,0.206
57,249,0.0,0.001,0.21
57,25,0.0,0.0,0.188
57,250,0.0,0.0,0.231
57,251,0.0,0.0,0.229
57,26,0.0,0.0,0.191
57,27,0.0,0.0,0.198
57,28,0.0,0.0,0.186
57,29,0.0,0.0,0.201
57,30,0.0,0.0,0.214
57,31,0.0,0.0,0.189
57,32,0.0,0.0,0.183
57,33,0.0,0.0,0.211
57,34,0.0,0.0,0.208
57,35,0.0,0.0,0.211
57,36,0.0,0.0,0.197
57,37,0.0,0.0,0.2
57,38,0.0,0.0,0.218
57,39,0.0,0.0,0.212
57,40,0.0,0.0,0.211
57,41,0.0,0.0,0.197
57,42,0.0,0.0,0.204
57,43,0.0,0.0,0.2
57,44,0.0,0.0,0.208
57,45,0.0,0.0,0.204
57,46,0.0,0.0,0.204
57,47,0.0,0.0,0.217
57,48,0.0,0.0,0.235
57,49,0.0,0.0,0.236
57,50,0.0,0.0,0.214
57,51,0.0,0.0,0.222
57,52,0.0,0.0,0.21
57,53,0.0,0.0,0.216
57,54,0.0,0.0,0.224
57,55,0.0,0.0,0.218
57,56,0.0,0.0,0.23
57,57,0.0,0.0,0.23
57,58,0.0,0.0,0.227
57,59,0.0,0.0,0.233
57,6,0.001,0.003,0.125
57,60,0.0,0.0,0.236
57,61,0.0,0.0,0.231
57,62,0.0,0.0,0.226
57,63,0.0,0.0,0.229
57,64,0.0,0.0,0.23
57,65,0.0,0.0,0.216
57,66,0.0,0.0,0.234
57,67,0.0,0.0,0.235
57,68,0.0,0.0,0.238
57,69,0.0,0.0,0.235
57,7,0.0,0.001,0.136
57,70,0.0,0.0,0.231
57,71,0.0,0.0,0.238
57,72,0.0,0.0,0.233
57,73,0.0,0.0,0.226
57,74,0.0,0.0,0.235
57,75,0.0,0.0,0.233
57,76,0.0,0.0,0.25
57,77,0.0,0.0,0.247
57,78,0.0,0.0,0.24
57,79,0.0,0.0,0.228
57,8,0.001,0.002,0.131
57,80,0.0,0.0,0.223
57,81,0.0,0.0,0.227
57,82,0.0,0.0,0.236
57,83,0.0,0.0,0.239
57,84,0.0,0.0,0.235
57,85,0.0,0.0,0.236
57,86,0.0,0.0,0.227
57,87,0.0,0.0,0.223
57,88,0.0,0.0,0.234
57,89,0.0,0.0,0.219
57,9,0.0,0.0,0.144
57,90,0.0,0.0,0.218
57,91,0.0,0.0,0.229
57,92,0.0,0.0,0.226
57,93,0.0,0.0,0.21
57,94,0.0,0.0,0.225
57,95,0.0,0.0,0.217
57,96,0.0,0.0,0.206
57,97,0.0,0.0,0.201
57,98,0.0,0.0,0.203
57,99,0.0,0.0,0.213
58,10,0.0,0.0,0.188
58,100,0.0,0.0,0.202
58,101,0.0,0.0,0.195
58,102,0.0,0.0,0.195
58,103,0.0,0.0,0.189
58,104,0.0,0.0,0.202
58,105,0.0,0.0,0.186
58,106,0.0,0.0,0.185
58,107,0.001,0.002,0.165
58,108,0.0,0.001,0.172
58,109,0.002,0.004,0.157
58,11,0.0,0.0,0.187
58,110,0.001,0.004,0.161
58,111,0.002,0.005,0.16
58,112,0.001,0.004,0.17
58,113,0.006,0.012,0.151
58,114,0.02,0.038,0.129
58,115,0.019,0.035,0.134
58,116,0.019,0.036,0.137
58,117,0.022,0.04,0.136
58,118,0.02,0.038,0.14
58,119,0.047,0.078,0.122
58,12,0.0,0.0,0.198
58,120,0.023,0.042,0.141
58,121,0.031,0.054,0.135
58,122,0.041,0.069,0.128
58,123,0.025,0.045,0.141
58,124,0.016,0.03,0.152
58,125,0.021,0.04,0.145
58,126,0.019,0.036,0.148
58,127,0.012,0.024,0.159
58,128,0.008,0.016,0.169
58,129,0.006,0.014,0.174
58,13,0.0,0.0,0.196
58,130,0.008,0.017,0.168
58,131,0.002,0.006,0.19
58,132,0.003,0.007,0.189
58,133,0.002,0.006,0.19
58,134,0.001,0.004,0.201
58,135,0.001,0.003,0.207
58,136,0.001,0.003,0.204
58,137,0.001,0.003,0.201
58,138,0.001,0.003,0.202
58,139,0.001,0.002,0.206
58,14,0.0,0.0,0.2
58,140,0.001,0.002,0.199
58,141,0.001,0.002,0.203
58,142,0.0,0.001,0.211
58,143,0.0,0.0,0.22
58,144,0.0,0.001,0.205
58,145,0.0,0.001,0.198
58,146,0.0,0.0,0.207
58,147,0.0,0.001,0.2
58,148,0.0,0.0,0.214
58,149,0.0,0.0,0.219
58,15,0.0,0.0,0.198
58,150,0.0,0.0,0.212
58,151,0.0,0.0,0.223
58,152,0.0,0.0,0.219
58,153,0.0,0.0,0.218
58,154,0.0,0.0,0.23
58,155,0.0,0.0,0.222
58,156,0.0,0.0,0.22
58,157,0.0,0.0,0.225
58,158,0.0,0.0,0.23
58,159,0.0,0.0,0.227
58,16,0.0,0.0,0.193
58,160,0.0,0.0,0.238
58,161,0.0,0.0,0.235
58,162,0.0,0.0,0.236
58,163,0.0,0.0,0.243
58,164,0.0,0.0,0.235
58,165,0.0,0.0,0.238
58,166,0.0,0.0,0.239
58,167,0.0,0.0,0.247
58,168,0.0,0.0,0.249
58,169,0.0,0.0,0.241
58,17,0.0,0.0,0.194
58,170,0.0,0.0,0.233
58,171,0.0,0.0,0.239
58,172,0.0,0.0,0.238
58,173,0.0,0.0,0.243
58,174,0.0,0.0,0.244
58,175,0.0,0.0,0.244
58,176,0.0,0.0,0.237
58,177,0.0,0.0,0.238
58,178,0.0,0.0,0.231
58,179,0.0,0.0,0.232
58,18,0.0,0.0,0.201
58,180,0.0,0.0,0.231
58,181,0.0,0.0,0.238
58,182,0.0,0.0,0.24
58,183,0.0,0.0,0.23
58,184,0.0,0.0,0.23
58,185,0.0,0.0,0.241
58,186,0.0,0.0,0.24
58,187,0.0,0.0,0.24
58,188,0.0,0.0,0.232
58,189,0.0,0.0,0.23
58,19,0.0,0.0,0.207
58,190,0.0,0.0,0.232
58,191,0.0,0.0,0.242
58,192,0.0,0.0,0.233
58,193,0.0,0.0,0.233
58,194,0.0,0.0,0.234
58,195,0.0,0.0,0.233
58,196,0.0,0.0,0.233
58,197,0.0,0.0,0.225
58,198,0.0,0.0,0.218
58,199,0.0,0.0,0.218
58,20,0.0,0.0,0.21
58,200,0.0,0.0,0.212
58,201,0.0,0.0,0.218
58,202,0.0,0.0,0.221
58,203,0.0,0.0,0.223
58,204,0.0,0.0,0.228
58,205,0.0,0.0,0.219
58,206,0.0,0.0,0.217
58,207,0.0,0.0,0.216
58,208,0.0,0.0,0.226
58,209,0.0,0.0,0.223
58,21,0.0,0.0,0.19
58,210,0.0,0.0,0.218
58,211,0.0,0.0,0.217
58,212,0.0,0.0,0.217
58,213,0.0,0.0,0.223
58,214,0.0,0.0,0.224
58,215,0.0,0.0,0.214
58,216,0.0,0.0,0.211
58,217,0.0,0.0,0.207
58,218,0.0,0.0,0.215
58,219,0.0,0.0,0.207
58,22,0.0,0.0,0.203
58,220,0.0,0.0,0.199
58,221,0.0,0.0,0.194
58,222,0.0,0.001,0.169
58,223,0.0,0.0,0.19
58,224,0.0,0.001,0.175
58,225,0.0,0.0,0.199
58,226,0.0,0.0,0.194
58,227,0.0,0.0,0.19
58,228,0.0,0.0,0.184
58,229,0.0,0.001,0.176
58,23,0.0,0.0,0.182
58,230,0.0,0.001,0.176
58,231,0.0,0.001,0.174
58,232,0.0,0.0,0.182
58,233,0.0,0.001,0.176
58,234,0.0,0.001,0.17
58,235,0.0,0.0,0.187
58,236,0.0,0.0,0.184
58,237,0.0,0.001,0.175
58,238,0.0,0.0,0.192
58,239,0.0,0.0,0.197
58,24,0.0,0.0,0.184
58,240,0.0,0.0,0.205
58,241,0.0,0.0,0.212
58,242,0.0,0.0,0.201
58,243,0.0,0.0,0.225
58,244,0.0,0.0,0.22
58,245,0.0,0.0,0.215
58,246,0.0,0.0,0.243
58,247,0.0,0.0,0.252
58,248,0.0,0.0,0.242
58,249,0.0,0.0,0.25
58,25,0.0,0.0,0.183
58,250,0.0,0.0,0.259
58,251,0.0,0.0,0.261
58,26,0.0,0.0,0.192
58,27,0.0,0.0,0.182
58,28,0.0,0.0,0.177
58,29,0.0,0.0,0.178
58,30,0.0,0.0,0.175
58,31,0.0,0.0,0.193
58,32,0.0,0.0,0.184
58,33,0.0,0.0,0.194
58,34,0.0,0.0,0.189
58,35,0.0,0.0,0.206
58,36,0.0,0.0,0.208
58,37,0.0,0.0,0.202
58,38,0.0,0.0,0.204
58,39,0.0,0.0,0.211
58,40,0.0,0.0,0.201
58,41,0.0,0.0,0.211
58,42,0.0,0.0,0.2
58,43,0.0,0.0,0.217
58,44,0.0,0.0,0.21
58,45,0.0,0.0,0.204
58,46,0.0,0.0,0.215
58,47,0.0,0.0,0.214
58,48,0.0,0.0,0.216
58,49,0.0,0.0,0.218
58,50,0.0,0.0,0.23
58,51,0.0,0.0,0.23
58,52,0.0,0.0,0.218
58,53,0.0,0.0,0.228
58,54,0.0,0.0,0.226
58,55,0.0,0.0,0.23
58,56,0.0,0.0,0.233
58,57,0.0,0.0,0.225
58,58,0.0,0.0,0.227
58,59,0.0,0.0,0.225
58,6,0.0,0.0,0.17
58,60,0.0,0.0,0.218
58,61,0.0,0.0,0.217
58,62,0.0,0.0,0.221
58,63,0.0,0.0,0.223
58,64,0.0,0.0,0.234
58,65,0.0,0.0,0.223
58,66,0.0,0.0,0.217
58,67,0.0,0.0,0.229
58,68,0.0,0.0,0.233
58,69,0.0,0.0,0.226
58,7,0.0,0.0,0.171
58,70,0.0,0.0,0.222
58,71,0.0,0.0,0.218
58,72,0.0,0.0,0.227
58,73,0.0,0.0,0.233
58,74,0.0,0.0,0.222
58,75,0.0,0.0,0.224
58,76,0.0,0.0,0.237
58,77,0.0,0.0,0.231
58,78,0.0,0.0,0.229
58,79,0.0,0.0,0.229
58,8,0.0,0.0,0.187
58,80,0.0,0.0,0.218
58,81,0.0,0.0,0.238
58,82,0.0,0.0,0.232
58,83,0.0,0.0,0.241
58,84,0.0,0.0,0.231
58,85,0.0,0.0,0.211
58,86,0.0,0.0,0.211
58,87,0.0,0.0,0.218
58,88,0.0,0.0,0.217
58,89,0.0,0.0,0.216
58,9,0.0,0.0,0.186
58,90,0.0,0.0,0.221
58,91,0.0,0.0,0.216
58,92,0.0,0.0,0.212
58,93,0.0,0.0,0.213
58,94,0.0,0.0,0.21
58,95,0.0,0.0,0.214
58,96,0.0,0.0,0.208
58,97,0.0,0.0,0.208
58,98,0.0,0.0,0.212
58,99,0.0,0.0,0.209
59,10,0.0,0.001,0.134
59,100,0.0,0.0,0.196
59,101,0.0,0.0,0.191
59,102,0.0,0.0,0.184
59,103,0.0,0.0,0.183
59,104,0.0,0.0,0.192
59,105,0.0,0.0,0.19
59,106,0.001,0.003,0.158
59,107,0.0,0.001,0.174
59,108,0.001,0.002,0.172
59,109,0.001,0.003,0.167
59,11,0.0,0.0,0.153
59,110,0.002,0.006,0.159
59,111,0.004,0.009,0.154
59,112,0.009,0.02,0.142
59,113,0.016,0.031,0.135
59,114,0.024,0.044,0.129
59,115,0.045,0.075,0.117
59,116,0.033,0.058,0.126
59,117,0.057,0.092,0.114
59,118,0.046,0.077,0.121
59,119,0.043,0.072,0.124
59,12,0.0,0.0,0.149
59,120,0.051,0.084,0.12
59,121,0.049,0.08,0.122
59,122,0.04,0.069,0.126
59,123,0.026,0.047,0.137
59,124,0.029,0.051,0.135
59,125,0.026,0.047,0.137
59,126,0.015,0.03,0.149
59,127,0.013,0.026,0.153
59,128,0.011,0.022,0.157
59,129,0.008,0.017,0.163
59,13,0.0,0.0,0.161
59,130,0.008,0.017,0.163
59,131,0.005,0.012,0.172
59,132,0.005,0.011,0.175
59,133,0.004,0.01,0.176
59,134,0.003,0.007,0.186
59,135,0.002,0.005,0.191
59,136,0.002,0.004,0.195
59,137,0.002,0.005,0.193
59,138,0.002,0.005,0.19
59,139,0.001,0.004,0.193
59,14,0.0,0.0,0.162
59,140,0.001,0.003,0.197
59,141,0.001,0.003,0.194
59,142,0.002,0.006,0.18
59,143,0.001,0.003,0.191
59,144,0.002,0.004,0.181
59,145,0.001,0.003,0.186
59,146,0.0,0.001,0.197
59,147,0.001,0.002,0.188
59,148,0.001,0.002,0.184
59,149,0.0,0.0,0.203
59,15,0.0,0.0,0.158
59,150,0.0,0.0,0.204
59,151,0.0,0.0,0.209
59,152,0.0,0.0,0.211
59,153,0.0,0.0,0.216
59,154,0.0,0.0,0.212
59,155,0.0,0.0,0.211
59,156,0.0,0.0,0.219
59,157,0.0,0.0,0.228
59,158,0.0,0.0,0.214
59,159,0.0,0.0,0.208
59,16,0.0,0.0,0.165
59,160,0.0,0.0,0.224
59,161,0.0,0.0,0.221
59,162,0.0,0.0,0.22
59,163,0.0,0.0,0.224
59,164,0.0,0.0,0.223
59,165,0.0,0.0,0.224
59,166,0.0,0.0,0.235
59,167,0.0,0.0,0.239
59,168,0.0,0.0,0.226
59,169,0.0,0.0,0.218
59,17,0.0,0.0,0.182
59,170,0.0,0.0,0.238
59,171,0.0,0.0,0.237
59,172,0.0,0.0,0.253
59,173,0.0,0.0,0.229
59,174,0.0,0.0,0.232
59,175,0.0,0.0,0.228
59,176,0.0,0.0,0.225
59,177,0.0,0.0,0.227
59,178,0.0,0.0,0.232
59,179,0.0,0.0,0.228
59,18,0.0,0.0,0.175
59,180,0.0,0.0,0.224
59,181,0.0,0.0,0.229
59,182,0.0,0.0,0.227
59,183,0.0,0.0,0.228
59,184,0.0,0.0,0.222
59,185,0.0,0.0,0.226
59,186,0.0,0.0,0.222
59,187,0.0,0.0,0.22
59,188,0.0,0.0,0.208
59,189,0.0,0.0,0.213
59,19,0.0,0.0,0.184
59,190,0.0,0.0,0.215
59,191,0.0,0.0,0.213
59,192,0.0,0.0,0.216
59,193,0.0,0.0,0.214
59,194,0.0,0.0,0.213
59,195,0.0,0.0,0.22
59,196,0.0,0.0,0.223
59,197,0.0,0.0,0.218
59,198,0.0,0.0,0.226
59,199,0.0,0.0,0.219
59,20,0.0,0.0,0.183
59,200,0.0,0.0,0.215
59,201,0.0,0.0,0.226
59,202,0.0,0.0,0.208
59,203,0.0,0.0,0.215
59,204,0.0,0.0,0.218
59,205,0.0,0.0,0.2
59,206,0.0,0.0,0.214
59,207,0.0,0.0,0.213
59,208,0.0,0.0,0.192
59,209,0.0,0.0,0.203
59,21,0.0,0.0,0.179
59,210,0.0,0.0,0.211
59,211,0.0,0.0,0.198
59,212,0.0,0.0,0.2
59,213,0.0,0.0,0.197
59,214,0.0,0.0,0.189
59,215,0.0,0.0,0.186
59,216,0.0,0.001,0.175
59,217,0.0,0.001,0.169
59,218,0.0,0.0,0.18
59,219,0.0,0.0,0.185
59,22,0.0,0.0,0.189
59,220,0.0,0.001,0.174
59,221,0.0,0.001,0.174
59,222,0.0,0.001,0.169
59,223,0.0,0.001,0.172
59,224,0.0,0.001,0.172
59,225,0.0,0.001,0.174
59,226,0.001,0.002,0.161
59,227,0.0,0.001,0.166
59,228,0.0,0.001,0.171
59,229,0.001,0.003,0.154
59,23,0.0,0.0,0.191
59,230,0.0,0.001,0.171
59,231,0.001,0.002,0.162
59,232,0.0,0.001,0.173
59,233,0.0,0.001,0.172
59,234,0.0,0.001,0.183
59,235,0.0,0.001,0.17
59,236,0.0,0.001,0.179
59,237,0.0,0.001,0.171
59,238,0.0,0.001,0.173
59,239,0.0,0.001,0.187
59,24,0.0,0.0,0.206
59,240,0.0,0.0,0.191
59,241,0.0,0.001,0.19
59,242,0.0,0.001,0.188
59,243,0.0,0.0,0.195
59,244,0.0,0.0,0.199
59,245,0.0,0.001,0.196
59,246,0.0,0.0,0.202
59,247,0.0,0.0,0.21
59,248,0.0,0.0,0.209
59,249,0.0,0.0,0.22
59,25,0.0,0.0,0.207
59,250,0.0,0.0,0.217
59,251,0.0,0.0,0.222
59,26,0.0,0.0,0.202
59,27,0.0,0.0,0.204
59,28,0.0,0.0,0.201
59,29,0.0,0.0,0.205
59,30,0.0,0.0,0.186
59,31,0.0,0.0,0.193
59,32,0.0,0.0,0.199
59,33,0.0,0.0,0.203
59,34,0.0,0.0,0.209
59,35,0.0,0.0,0.199
59,36,0.0,0.0,0.213
59,37,0.0,0.0,0.203
59,38,0.0,0.0,0.194
59,39,0.0,0.0,0.193
59,40,0.0,0.0,0.193
59,41,0.0,0.0,0.183
59,42,0.0,0.0,0.192
59,43,0.0,0.0,0.2
59,44,0.0,0.0,0.205
59,45,0.0,0.0,0.199
59,46,0.0,0.0,0.2
59,47,0.0,0.0,0.196
59,48,0.0,0.0,0.207
59,49,0.0,0.0,0.186
59,50,0.0,0.0,0.196
59,51,0.0,0.0,0.212
59,52,0.0,0.0,0.215
59,53,0.0,0.0,0.202
59,54,0.0,0.0,0.213
59,55,0.0,0.0,0.214
59,56,0.0,0.0,0.206
59,57,0.0,0.0,0.217
59,58,0.0,0.0,0.214
59,59,0.0,0.0,0.211
59,6,0.0,0.001,0.147
59,60,0.0,0.0,0.209
59,61,0.0,0.0,0.204
59,62,0.0,0.0,0.224
59,63,0.0,0.0,0.226
59,64,0.0,0.0,0.221
59,65,0.0,0.0,0.226
59,66,0.0,0.0,0.229
59,67,0.0,0.0,0.228
59,68,0.0,0.0,0.234
59,69,0.0,0.0,0.218
59,7,0.0,0.001,0.139
59,70,0.0,0.0,0.231
59,71,0.0,0.0,0.233
59,72,0.0,0.0,0.226
59,73,0.0,0.0,0.233
59,74,0.0,0.0,0.238
59,75,0.0,0.0,0.247
59,76,0.0,0.0,0.225
59,77,0.0,0.0,0.229
59,78,0.0,0.0,0.221
59,79,0.0,0.0,0.233
59,8,0.0,0.001,0.137
59,80,0.0,0.0,0.223
59,81,0.0,0.0,0.222
59,82,0.0,0.0,0.214
59,83,0.0,0.0,0.219
59,84,0.0,0.0,0.231
59,85,0.0,0.0,0.223
59,86,0.0,0.0,0.225
59,87,0.0,0.0,0.228
59,88,0.0,0.0,0.21
59,89,0.0,0.0,0.217
59,9,0.0,0.0,0.146
59,90,0.0,0.0,0.216
59,91,0.0,0.0,0.22
59,92,0.0,0.0,0.216
59,93,0.0,0.0,0.202
59,94,0.0,0.0,0.204
59,95,0.0,0.0,0.203
59,96,0.0,0.0,0.211
59,97,0.0,0.0,0.206
59,98,0.0,0.0,0.204
59,99,0.0,0.0,0.202
6,10,0.015,0.03,0.082
6,100,0.001,0.004,0.119
6,101,0.001,0.002,0.125
6,102,0.001,0.002,0.128
6,103,0.001,0.004,0.12
6,104,0.001,0.002,0.125
6,105,0.001,0.002,0.129
6,106,0.001,0.003,0.125
6,107,0.002,0.006,0.115
6,108,0.002,0.004,0.12
6,109,0.0,0.001,0.133
6,11,0.006,0.013,0.092
6,110,0.001,0.003,0.124
6,111,0.001,0.002,0.129
6,112,0.001,0.003,0.124
6,113,0.001,0.002,0.13
6,114,0.0,0.001,0.138
6,115,0.0,0.001,0.137
6,116,0.001,0.002,0.132
6,117,0.001,0.003,0.128
6,118,0.001,0.003,0.128
6,119,0.0,0.001,0.136
6,12,0.022,0.04,0.076
6,120,0.0,0.0,0.159
6,121,0.0,0.0,0.156
6,122,0.0,0.0,0.151
6,123,0.0,0.002,0.136
6,124,0.001,0.002,0.136
6,125,0.001,0.002,0.132
6,126,0.001,0.002,0.134
6,127,0.0,0.001,0.144
6,128,0.001,0.003,0.131
6,129,0.0,0.001,0.14
6,13,0.015,0.03,0.08
6,130,0.001,0.003,0.131
6,131,0.002,0.005,0.124
6,132,0.001,0.002,0.132
6,133,0.001,0.003,0.13
6,134,0.001,0.003,0.132
6,135,0.0,0.001,0.152
6,136,0.0,0.001,0.151
6,137,0.0,0.001,0.15
6,138,0.0,0.0,0.159
6,139,0.0,0.001,0.142
6,14,0.051,0.083,0.064
6,140,0.0,0.001,0.15
6,141,0.0,0.001,0.154
6,142,0.0,0.001,0.153
6,143,0.0,0.001,0.154
6,144,0.0,0.0,0.17
6,145,0.0,0.001,0.148
6,146,0.0,0.001,0.142
6,147,0.0,0.002,0.142
6,148,0.0,0.001,0.15
6,149,0.0,0.0,0.157
6,15,0.02,0.038,0.076
6,150,0.0,0.0,0.159
6,151,0.0,0.0,0.161
6,152,0.0,0.0,0.159
6,153,0.0,0.0,0.164
6,154,0.0,0.0,0.168
6,155,0.0,0.0,0.163
6,156,0.0,0.001,0.155
6,157,0.0,0.001,0.154
6,158,0.0,0.001,0.152
6,159,0.0,0.001,0.147
6,16,0.035,0.06,0.069
6,160,0.001,0.002,0.141
6,161,0.0,0.001,0.149
6,162,0.0,0.001,0.153
6,163,0.0,0.001,0.148
6,164,0.0,0.001,0.153
6,165,0.0,0.001,0.152
6,166,0.0,0.001,0.156
6,167,0.0,0.001,0.156
6,168,0.0,0.0,0.166
6,169,0.0,0.0,0.169
6,17,0.011,0.022,0.083
6,170,0.0,0.001,0.156
6,171,0.001,0.002,0.148
6,172,0.001,0.003,0.142
6,173,0.001,0.003,0.139
6,174,0.001,0.003,0.139
6,175,0.003,0.007,0.129
6,176,0.002,0.006,0.133
6,177,0.002,0.006,0.133
6,178,0.005,0.011,0.124
6,179,0.003,0.007,0.132
6,18,0.035,0.06,0.068
6,180,0.006,0.013,0.121
6,181,0.002,0.006,0.136
6,182,0.006,0.014,0.121
6,183,0.005,0.011,0.126
6,184,0.008,0.016,0.12
6,185,0.01,0.02,0.117
6,186,0.016,0.031,0.11
6,187,0.015,0.029,0.112
6,188,0.007,0.015,0.124
6,189,0.007,0.015,0.125
6,19,0.01,0.021,0.083
6,190,0.01,0.021,0.12
6,191,0.005,0.011,0.132
6,192,0.006,0.013,0.13
6,193,0.008,0.017,0.126
6,194,0.021,0.039,0.11
6,195,0.012,0.025,0.121
6,196,0.018,0.035,0.114
6,197,0.009,0.019,0.127
6,198,0.022,0.04,0.113
6,199,0.025,0.045,0.111
6,20,0.005,0.012,0.09
6,200,0.031,0.054,0.107
6,201,0.024,0.044,0.113
6,202,0.03,0.053,0.109
6,203,0.029,0.051,0.111
6,204,0.038,0.065,0.106
6,205,0.05,0.082,0.101
6,206,0.052,0.086,0.1
6,207,0.063,0.1,0.097
6,208,0.105,0.156,0.085
6,209,0.071,0.111,0.095
6,21,0.029,0.052,0.07
6,210,0.102,0.151,0.086
6,211,0.136,0.194,0.079
6,212,0.141,0.2,0.079
6,213,0.134,0.192,0.08
6,214,0.126,0.182,0.083
6,215,0.142,0.201,0.08
6,216,0.054,0.088,0.106
6,217,0.09,0.137,0.093
6,218,0.102,0.151,0.091
6,219,0.051,0.084,0.109
6,22,0.004,0.01,0.093
6,220,0.05,0.083,0.11
6,221,0.037,0.063,0.118
6,222,0.037,0.063,0.118
6,223,0.051,0.083,0.111
6,224,0.03,0.053,0.124
6,225,0.017,0.033,0.136
6,226,0.023,0.043,0.13
6,227,0.03,0.053,0.125
6,228,0.017,0.032,0.138
6,229,0.017,0.033,0.138
6,23,0.011,0.022,0.082
6,230,0.016,0.031,0.141
6,231,0.011,0.022,0.148
6,232,0.011,0.023,0.148
6,233,0.015,0.029,0.143
6,234,0.01,0.021,0.152
6,235,0.018,0.035,0.14
6,236,0.012,0.024,0.15
6,237,0.019,0.037,0.139
6,238,0.011,0.022,0.152
6,239,0.013,0.026,0.149
6,24,0.005,0.011,0.091
6,240,0.012,0.025,0.151
6,241,0.009,0.019,0.158
6,242,0.011,0.023,0.155
6,243,0.011,0.022,0.156
6,244,0.006,0.014,0.168
6,245,0.014,0.027,0.153
6,246,0.005,0.011,0.177
6,247,0.003,0.008,0.186
6,248,0.004,0.009,0.185
6,249,0.008,0.017,0.17
6,25,0.016,0.031,0.078
6,250,0.005,0.011,0.181
6,251,0.005,0.011,0.184
6,26,0.003,0.008,0.095
6,27,0.017,0.032,0.077
6,28,0.001,0.004,0.103
6,29,0.009,0.019,0.084
6,30,0.007,0.015,0.086
6,31,0.002,0.005,0.099
6,32,0.006,0.014,0.088
6,33,0.007,0.015,0.087
6,34,0.003,0.007,0.096
6,35,0.007,0.016,0.086
6,36,0.004,0.009,0.093
6,37,0.004,0.009,0.093
6,38,0.01,0.02,0.083
6,39,0.002,0.006,0.099
6,40,0.003,0.007,0.096
6,41,0.001,0.002,0.109
6,42,0.007,0.016,0.087
6,43,0.007,0.015,0.088
6,44,0.003,0.007,0.097
6,45,0.01,0.021,0.083
6,46,0.015,0.029,0.079
6,47,0.008,0.017,0.087
6,48,0.002,0.006,0.101
6,49,0.003,0.006,0.099
6,50,0.015,0.029,0.08
6,51,0.005,0.011,0.092
6,52,0.007,0.016,0.089
6,53,0.011,0.022,0.084
6,54,0.003,0.007,0.099
6,55,0.007,0.015,0.089
6,56,0.003,0.006,0.1
6,57,0.002,0.006,0.102
6,58,0.005,0.012,0.092
6,59,0.003,0.008,0.098
6,60,0.005,0.011,0.093
6,61,0.003,0.007,0.099
6,62,0.002,0.006,0.101
6,63,0.003,0.007,0.1
6,64,0.002,0.006,0.103
6,65,0.002,0.004,0.107
6,66,0.001,0.002,0.116
6,67,0.001,0.003,0.113
6,68,0.002,0.005,0.107
6,69,0.002,0.006,0.105
6,7,0.022,0.041,0.08
6,70,0.002,0.004,0.108
6,71,0.001,0.004,0.11
6,72,0.001,0.002,0.116
6,73,0.001,0.002,0.12
6,74,0.001,0.002,0.117
6,75,0.001,0.003,0.115
6,76,0.001,0.003,0.113
6,77,0.001,0.002,0.121
6,78,0.0,0.001,0.133
6,79,0.0,0.001,0.127
6,8,0.015,0.03,0.084
6,80,0.0,0.001,0.128
6,81,0.0,0.002,0.124
6,82,0.001,0.002,0.124
6,83,0.0,0.001,0.133
6,84,0.0,0.001,0.13
6,85,0.0,0.001,0.133
6,86,0.0,0.001,0.129
6,87,0.0,0.001,0.135
6,88,0.0,0.001,0.129
6,89,0.001,0.002,0.125
6,9,0.029,0.051,0.074
6,90,0.0,0.001,0.128
6,91,0.001,0.002,0.122
6,92,0.0,0.001,0.131
6,93,0.0,0.002,0.128
6,94,0.001,0.002,0.126
6,95,0.0,0.001,0.136
6,96,0.0,0.001,0.134
6,97,0.001,0.003,0.122
6,98,0.001,0.002,0.124
6,99,0.001,0.003,0.121
60,10,0.0,0.0,0.166
60,100,0.0,0.0,0.192
60,101,0.0,0.0,0.188
60,102,0.0,0.0,0.179
60,103,0.0,0.001,0.175
60,104,0.0,0.001,0.172
60,105,0.0,0.001,0.174
60,106,0.001,0.003,0.159
60,107,0.002,0.005,0.155
60,108,0.002,0.005,0.156
60,109,0.001,0.004,0.165
60,11,0.0,0.0,0.164
60,110,0.005,0.012,0.149
60,111,0.011,0.022,0.139
60,112,0.017,0.032,0.134
60,113,0.021,0.039,0.132
60,114,0.048,0.08,0.115
60,115,0.04,0.068,0.121
60,116,0.057,0.092,0.113
60,117,0.064,0.101,0.112
60,118,0.061,0.097,0.113
60,119,0.078,0.12,0.106
60,12,0.0,0.0,0.171
60,120,0.074,0.115,0.108
60,121,0.054,0.089,0.115
60,122,0.043,0.072,0.121
60,123,0.025,0.046,0.134
60,124,0.026,0.047,0.133
60,125,0.019,0.036,0.139
60,126,0.008,0.017,0.158
60,127,0.007,0.015,0.16
60,128,0.008,0.017,0.158
60,129,0.01,0.02,0.154
60,13,0.0,0.0,0.18
60,130,0.008,0.017,0.158
60,131,0.003,0.007,0.177
60,132,0.005,0.011,0.169
60,133,0.004,0.01,0.172
60,134,0.003,0.008,0.176
60,135,0.003,0.008,0.177
60,136,0.003,0.008,0.177
60,137,0.007,0.015,0.164
60,138,0.004,0.01,0.173
60,139,0.005,0.011,0.171
60,14,0.0,0.0,0.185
60,140,0.003,0.008,0.176
60,141,0.007,0.015,0.161
60,142,0.004,0.01,0.169
60,143,0.004,0.01,0.167
60,144,0.001,0.004,0.185
60,145,0.001,0.002,0.195
60,146,0.001,0.003,0.183
60,147,0.001,0.002,0.189
60,148,0.001,0.002,0.186
60,149,0.0,0.001,0.197
60,15,0.0,0.0,0.171
60,150,0.0,0.001,0.193
60,151,0.0,0.001,0.198
60,152,0.0,0.0,0.206
60,153,0.0,0.0,0.197
60,154,0.0,0.0,0.199
60,155,0.0,0.0,0.214
60,156,0.0,0.0,0.214
60,157,0.0,0.0,0.205
60,158,0.0,0.0,0.213
60,159,0.0,0.0,0.229
60,16,0.0,0.0,0.172
60,160,0.0,0.0,0.221
60,161,0.0,0.0,0.229
60,162,0.0,0.0,0.231
60,163,0.0,0.0,0.24
60,164,0.0,0.0,0.229
60,165,0.0,0.0,0.226
60,166,0.0,0.0,0.231
60,167,0.0,0.0,0.233
60,168,0.0,0.0,0.23
60,169,0.0,0.0,0.225
60,17,0.0,0.0,0.173
60,170,0.0,0.0,0.232
60,171,0.0,0.0,0.236
60,172,0.0,0.0,0.25
60,173,0.0,0.0,0.235
60,174,0.0,0.0,0.233
60,175,0.0,0.0,0.245
60,176,0.0,0.0,0.246
60,177,0.0,0.0,0.247
60,178,0.0,0.0,0.239
60,179,0.0,0.0,0.237
60,18,0.0,0.0,0.182
60,180,0.0,0.0,0.247
60,181,0.0,0.0,0.246
60,182,0.0,0.0,0.23
60,183,0.0,0.0,0.237
60,184,0.0,0.0,0.248
60,185,0.0,0.0,0.241
60,186,0.0,0.0,0.231
60,187,0.0,0.0,0.224
60,188,0.0,0.0,0.237
60,189,0.0,0.0,0.233
60,19,0.0,0.0,0.185
60,190,0.0,0.0,0.235
60,191,0.0,0.0,0.224
60,192,0.0,0.0,0.219
60,193,0.0,0.0,0.221
60,194,0.0,0.0,0.222
60,195,0.0,0.0,0.221
60,196,0.0,0.0,0.221
60,197,0.0,0.0,0.228
60,198,0.0,0.0,0.223
60,199,0.0,0.0,0.219
60,20,0.0,0.0,0.18
60,200,0.0,0.0,0.231
60,201,0.0,0.0,0.22
60,202,0.0,0.0,0.216
60,203,0.0,0.0,0.218
60,204,0.0,0.0,0.209
60,205,0.0,0.0,0.197
60,206,0.0,0.0,0.195
60,207,0.0,0.0,0.198
60,208,0.0,0.0,0.196
60,209,0.0,0.0,0.194
60,21,0.0,0.0,0.168
60,210,0.0,0.0,0.192
60,211,0.0,0.0,0.18
60,212,0.0,0.0,0.182
60,213,0.0,0.0,0.191
60,214,0.0,0.0,0.188
60,215,0.0,0.0,0.186
60,216,0.0,0.0,0.196
60,217,0.0,0.0,0.187
60,218,0.0,0.0,0.186
60,219,0.0,0.0,0.201
60,22,0.0,0.0,0.173
60,220,0.0,0.0,0.187
60,221,0.0,0.0,0.186
60,222,0.0,0.0,0.19
60,223,0.0,0.0,0.193
60,224,0.0,0.0,0.187
60,225,0.0,0.0,0.183
60,226,0.0,0.0,0.193
60,227,0.0,0.0,0.181
60,228,0.0,0.0,0.18
60,229,0.0,0.0,0.184
60,23,0.0,0.0,0.183
60,230,0.0,0.001,0.175
60,231,0.0,0.001,0.171
60,232,0.0,0.0,0.186
60,233,0.0,0.001,0.175
60,234,0.0,0.001,0.177
60,235,0.0,0.001,0.181
60,236,0.0,0.0,0.187
60,237,0.0,0.001,0.174
60,238,0.0,0.001,0.172
60,239,0.001,0.002,0.17
60,24,0.0,0.0,0.169
60,240,0.001,0.002,0.169
60,241,0.0,0.001,0.178
60,242,0.0,0.001,0.183
60,243,0.0,0.001,0.181
60,244,0.0,0.0,0.198
60,245,0.0,0.0,0.198
60,246,0.0,0.0,0.202
60,247,0.0,0.0,0.211
60,248,0.0,0.001,0.196
60,249,0.0,0.001,0.196
60,25,0.0,0.0,0.188
60,250,0.001,0.002,0.191
60,251,0.001,0.003,0.186
60,26,0.0,0.0,0.192
60,27,0.0,0.0,0.181
60,28,0.0,0.0,0.181
60,29,0.0,0.0,0.176
60,30,0.0,0.0,0.182
60,31,0.0,0.0,0.18
60,32,0.0,0.0,0.184
60,33,0.0,0.0,0.193
60,34,0.0,0.0,0.18
60,35,0.0,0.0,0.179
60,36,0.0,0.0,0.187
60,37,0.0,0.0,0.181
60,38,0.0,0.0,0.185
60,39,0.0,0.0,0.19
60,40,0.0,0.0,0.188
60,41,0.0,0.0,0.183
60,42,0.0,0.0,0.189
60,43,0.0,0.0,0.19
60,44,0.0,0.0,0.192
60,45,0.0,0.0,0.183
60,46,0.0,0.0,0.188
60,47,0.0,0.0,0.189
60,48,0.0,0.0,0.193
60,49,0.0,0.0,0.201
60,50,0.0,0.0,0.202
60,51,0.0,0.0,0.201
60,52,0.0,0.0,0.187
60,53,0.0,0.0,0.207
60,54,0.0,0.0,0.214
60,55,0.0,0.0,0.201
60,56,0.0,0.0,0.207
60,57,0.0,0.0,0.2
60,58,0.0,0.0,0.206
60,59,0.0,0.0,0.213
60,6,0.0,0.0,0.165
60,60,0.0,0.0,0.213
60,61,0.0,0.0,0.212
60,62,0.0,0.0,0.207
60,63,0.0,0.0,0.204
60,64,0.0,0.0,0.224
60,65,0.0,0.0,0.213
60,66,0.0,0.0,0.213
60,67,0.0,0.0,0.219
60,68,0.0,0.0,0.222
60,69,0.0,0.0,0.218
60,7,0.0,0.0,0.164
60,70,0.0,0.0,0.23
60,71,0.0,0.0,0.219
60,72,0.0,0.0,0.221
60,73,0.0,0.0,0.214
60,74,0.0,0.0,0.208
60,75,0.0,0.0,0.202
60,76,0.0,0.0,0.216
60,77,0.0,0.0,0.215
60,78,0.0,0.0,0.219
60,79,0.0,0.0,0.214
60,8,0.0,0.0,0.164
60,80,0.0,0.0,0.219
60,81,0.0,0.0,0.223
60,82,0.0,0.0,0.215
60,83,0.0,0.0,0.217
60,84,0.0,0.0,0.208
60,85,0.0,0.0,0.211
60,86,0.0,0.0,0.2
60,87,0.0,0.0,0.206
60,88,0.0,0.0,0.207
60,89,0.0,0.0,0.208
60,9,0.0,0.0,0.176
60,90,0.0,0.0,0.203
60,91,0.0,0.0,0.2
60,92,0.0,0.0,0.203
60,93,0.0,0.0,0.2
60,94,0.0,0.0,0.196
60,95,0.0,0.0,0.194
60,96,0.0,0.0,0.206
60,97,0.0,0.0,0.196
60,98,0.0,0.0,0.188
60,99,0.0,0.0,0.189
61,10,0.0,0.0,0.155
61,100,0.0,0.0,0.181
61,101,0.0,0.0,0.181
61,102,0.0,0.0,0.184
61,103,0.0,0.0,0.186
61,104,0.0,0.001,0.178
61,105,0.0,0.001,0.173
61,106,0.001,0.003,0.163
61,107,0.001,0.003,0.164
61,108,0.003,0.007,0.155
61,109,0.004,0.01,0.152
61,11,0.0,0.0,0.158
61,110,0.005,0.011,0.154
61,111,0.01,0.021,0.142
61,112,0.011,0.022,0.145
61,113,0.014,0.027,0.142
61,114,0.023,0.042,0.133
61,115,0.026,0.047,0.131
61,116,0.049,0.08,0.117
61,117,0.038,0.066,0.123
61,118,0.037,0.063,0.124
61,119,0.042,0.071,0.12
61,12,0.0,0.0,0.167
61,120,0.05,0.082,0.115
61,121,0.036,0.062,0.122
61,122,0.03,0.053,0.126
61,123,0.024,0.044,0.13
61,124,0.027,0.048,0.128
61,125,0.017,0.033,0.137
61,126,0.012,0.023,0.145
61,127,0.012,0.024,0.144
61,128,0.012,0.024,0.144
61,129,0.009,0.018,0.15
61,13,0.0,0.0,0.171
61,130,0.018,0.034,0.136
61,131,0.009,0.018,0.151
61,132,0.006,0.013,0.158
61,133,0.004,0.01,0.166
61,134,0.006,0.014,0.159
61,135,0.004,0.009,0.171
61,136,0.004,0.01,0.169
61,137,0.002,0.006,0.181
61,138,0.003,0.008,0.176
61,139,0.003,0.008,0.175
61,14,0.0,0.0,0.175
61,140,0.002,0.006,0.184
61,141,0.003,0.007,0.18
61,142,0.002,0.006,0.181
61,143,0.002,0.005,0.183
61,144,0.001,0.002,0.195
61,145,0.001,0.003,0.188
61,146,0.0,0.001,0.2
61,147,0.001,0.002,0.193
61,148,0.001,0.002,0.19
61,149,0.0,0.001,0.201
61,15,0.0,0.0,0.175
61,150,0.0,0.0,0.207
61,151,0.0,0.0,0.207
61,152,0.0,0.0,0.204
61,153,0.0,0.0,0.205
61,154,0.0,0.0,0.203
61,155,0.0,0.0,0.211
61,156,0.0,0.0,0.213
61,157,0.0,0.0,0.223
61,158,0.0,0.0,0.217
61,159,0.0,0.0,0.22
61,16,0.0,0.0,0.176
61,160,0.0,0.0,0.204
61,161,0.0,0.0,0.212
61,162,0.0,0.0,0.218
61,163,0.0,0.0,0.23
61,164,0.0,0.0,0.231
61,165,0.0,0.0,0.229
61,166,0.0,0.0,0.23
61,167,0.0,0.0,0.241
61,168,0.0,0.0,0.235
61,169,0.0,0.0,0.237
61,17,0.0,0.0,0.185
61,170,0.0,0.0,0.233
61,171,0.0,0.0,0.236
61,172,0.0,0.0,0.239
61,173,0.0,0.0,0.241
61,174,0.0,0.0,0.233
61,175,0.0,0.0,0.232
61,176,0.0,0.0,0.227
61,177,0.0,0.0,0.242
61,178,0.0,0.0,0.24
61,179,0.0,0.0,0.249
61,18,0.0,0.0,0.171
61,180,0.0,0.0,0.242
61,181,0.0,0.0,0.234
61,182,0.0,0.0,0.23
61,183,0.0,0.0,0.238
61,184,0.0,0.0,0.241
61,185,0.0,0.0,0.238
61,186,0.0,0.0,0.235
61,187,0.0,0.0,0.243
61,188,0.0,0.0,0.242
61,189,0.0,0.0,0.241
61,19,0.0,0.0,0.187
61,190,0.0,0.0,0.235
61,191,0.0,0.0,0.226
61,192,0.0,0.0,0.236
61,193,0.0,0.0,0.238
61,194,0.0,0.0,0.234
61,195,0.0,0.0,0.238
61,196,0.0,0.0,0.236
61,197,0.0,0.0,0.224
61,198,0.0,0.0,0.238
61,199,0.0,0.0,0.233
61,20,0.0,0.0,0.171
61,200,0.0,0.0,0.222
61,201,0.0,0.0,0.22
61,202,0.0,0.0,0.228
61,203,0.0,0.0,0.227
61,204,0.0,0.0,0.235
61,205,0.0,0.0,0.23
61,206,0.0,0.0,0.236
61,207,0.0,0.0,0.233
61,208,0.0,0.0,0.225
61,209,0.0,0.0,0.226
61,21,0.0,0.0,0.182
61,210,0.0,0.0,0.223
61,211,0.0,0.0,0.22
61,212,0.0,0.0,0.213
61,213,0.0,0.0,0.213
61,214,0.0,0.0,0.213
61,215,0.0,0.0,0.208
61,216,0.0,0.0,0.21
61,217,0.0,0.0,0.204
61,218,0.0,0.0,0.2
61,219,0.0,0.0,0.199
61,22,0.0,0.0,0.18
61,220,0.0,0.0,0.18
61,221,0.0,0.0,0.183
61,222,0.0,0.0,0.184
61,223,0.0,0.0,0.186
61,224,0.0,0.001,0.174
61,225,0.0,0.001,0.168
61,226,0.0,0.001,0.174
61,227,0.0,0.001,0.174
61,228,0.0,0.001,0.175
61,229,0.0,0.0,0.181
61,23,0.0,0.0,0.164
61,230,0.0,0.001,0.173
61,231,0.0,0.0,0.182
61,232,0.0,0.001,0.173
61,233,0.0,0.0,0.187
61,234,0.0,0.001,0.181
61,235,0.0,0.001,0.174
61,236,0.0,0.001,0.178
61,237,0.0,0.0,0.187
61,238,0.0,0.001,0.176
61,239,0.0,0.001,0.174
61,24,0.0,0.0,0.178
61,240,0.0,0.001,0.179
61,241,0.0,0.001,0.188
61,242,0.0,0.001,0.189
61,243,0.0,0.001,0.18
61,244,0.001,0.002,0.179
61,245,0.0,0.0,0.203
61,246,0.0,0.0,0.212
61,247,0.0,0.001,0.199
61,248,0.0,0.001,0.197
61,249,0.0,0.001,0.205
61,25,0.0,0.0,0.195
61,250,0.0,0.001,0.2
61,251,0.0,0.001,0.204
61,26,0.0,0.0,0.19
61,27,0.0,0.0,0.182
61,28,0.0,0.0,0.179
61,29,0.0,0.0,0.178
61,30,0.0,0.0,0.186
61,31,0.0,0.0,0.192
61,32,0.0,0.0,0.182
61,33,0.0,0.0,0.193
61,34,0.0,0.0,0.175
61,35,0.0,0.0,0.186
61,36,0.0,0.0,0.186
61,37,0.0,0.0,0.176
61,38,0.0,0.0,0.18
61,39,0.0,0.0,0.187
61,40,0.0,0.0,0.175
61,41,0.0,0.0,0.181
61,42,0.0,0.0,0.188
61,43,0.0,0.0,0.19
61,44,0.0,0.0,0.194
61,45,0.0,0.0,0.195
61,46,0.0,0.0,0.183
61,47,0.0,0.0,0.182
61,48,0.0,0.0,0.197
61,49,0.0,0.0,0.189
61,50,0.0,0.0,0.196
61,51,0.0,0.0,0.191
61,52,0.0,0.0,0.207
61,53,0.0,0.0,0.196
61,54,0.0,0.0,0.202
61,55,0.0,0.0,0.196
61,56,0.0,0.0,0.208
61,57,0.0,0.0,0.206
61,58,0.0,0.0,0.216
61,59,0.0,0.0,0.214
61,6,0.0,0.0,0.162
61,60,0.0,0.0,0.219
61,61,0.0,0.0,0.21
61,62,0.0,0.0,0.212
61,63,0.0,0.0,0.214
61,64,0.0,0.0,0.214
61,65,0.0,0.0,0.227
61,66,0.0,0.0,0.217
61,67,0.0,0.0,0.221
61,68,0.0,0.0,0.225
61,69,0.0,0.0,0.224
61,7,0.0,0.0,0.155
61,70,0.0,0.0,0.224
61,71,0.0,0.0,0.217
61,72,0.0,0.0,0.223
61,73,0.0,0.0,0.222
61,74,0.0,0.0,0.233
61,75,0.0,0.0,0.218
61,76,0.0,0.0,0.213
61,77,0.0,0.0,0.211
61,78,0.0,0.0,0.196
61,79,0.0,0.0,0.208
61,8,0.0,0.0,0.162
61,80,0.0,0.0,0.224
61,81,0.0,0.0,0.213
61,82,0.0,0.0,0.209
61,83,0.0,0.0,0.205
61,84,0.0,0.0,0.206
61,85,0.0,0.0,0.204
61,86,0.0,0.0,0.211
61,87,0.0,0.0,0.201
61,88,0.0,0.0,0.19
61,89,0.0,0.0,0.208
61,9,0.0,0.0,0.172
61,90,0.0,0.0,0.218
61,91,0.0,0.0,0.203
61,92,0.0,0.0,0.196
61,93,0.0,0.0,0.207
61,94,0.0,0.0,0.202
61,95,0.0,0.0,0.202
61,96,0.0,0.0,0.204
61,97,0.0,0.0,0.196
61,98,0.0,0.0,0.182
61,99,0.0,0.0,0.189
62,10,0.0,0.0,0.15
62,100,0.0,0.0,0.181
62,101,0.0,0.0,0.181
62,102,0.0,0.001,0.175
62,103,0.0,0.001,0.169
62,104,0.001,0.002,0.167
62,105,0.003,0.007,0.148
62,106,0.002,0.005,0.154
62,107,0.003,0.006,0.154
62,108,0.006,0.013,0.144
62,109,0.008,0.017,0.142
62,11,0.0,0.0,0.159
62,110,0.018,0.034,0.13
62,111,0.018,0.034,0.132
62,112,0.027,0.049,0.125
62,113,0.043,0.072,0.117
62,114,0.043,0.072,0.118
62,115,0.047,0.078,0.116
62,116,0.032,0.056,0.126
62,117,0.054,0.089,0.112
62,118,0.049,0.08,0.115
62,119,0.032,0.056,0.124
62,12,0.0,0.0,0.156
62,120,0.044,0.074,0.116
62,121,0.041,0.07,0.117
62,122,0.067,0.106,0.104
62,123,0.068,0.107,0.104
62,124,0.032,0.056,0.121
62,125,0.02,0.037,0.131
62,126,0.022,0.041,0.128
62,127,0.02,0.038,0.13
62,128,0.02,0.037,0.131
62,129,0.008,0.018,0.148
62,13,0.0,0.0,0.157
62,130,0.011,0.022,0.143
62,131,0.012,0.024,0.142
62,132,0.008,0.017,0.149
62,133,0.008,0.018,0.15
62,134,0.006,0.013,0.157
62,135,0.005,0.011,0.162
62,136,0.004,0.009,0.167
62,137,0.005,0.012,0.163
62,138,0.006,0.013,0.162
62,139,0.006,0.014,0.162
62,14,0.0,0.0,0.163
62,140,0.004,0.009,0.173
62,141,0.005,0.011,0.167
62,142,0.007,0.016,0.159
62,143,0.007,0.016,0.159
62,144,0.004,0.01,0.166
62,145,0.002,0.006,0.176
62,146,0.003,0.007,0.17
62,147,0.001,0.003,0.184
62,148,0.001,0.003,0.181
62,149,0.0,0.002,0.19
62,15,0.0,0.0,0.166
62,150,0.0,0.001,0.194
62,151,0.0,0.001,0.193
62,152,0.0,0.001,0.192
62,153,0.0,0.001,0.19
62,154,0.0,0.0,0.211
62,155,0.0,0.0,0.206
62,156,0.0,0.0,0.209
62,157,0.0,0.0,0.214
62,158,0.0,0.0,0.209
62,159,0.0,0.0,0.21
62,16,0.0,0.0,0.162
62,160,0.0,0.0,0.193
62,161,0.0,0.0,0.21
62,162,0.0,0.0,0.206
62,163,0.0,0.0,0.209
62,164,0.0,0.0,0.225
62,165,0.0,0.0,0.223
62,166,0.0,0.0,0.221
62,167,0.0,0.0,0.222
62,168,0.0,0.0,0.233
62,169,0.0,0.0,0.232
62,17,0.0,0.0,0.169
62,170,0.0,0.0,0.242
62,171,0.0,0.0,0.234
62,172,0.0,0.0,0.236
62,173,0.0,0.0,0.231
62,174,0.0,0.0,0.229
62,175,0.0,0.0,0.235
62,176,0.0,0.0,0.242
62,177,0.0,0.0,0.241
62,178,0.0,0.0,0.235
62,179,0.0,0.0,0.243
62,18,0.0,0.0,0.165
62,180,0.0,0.0,0.238
62,181,0.0,0.0,0.234
62,182,0.0,0.0,0.217
62,183,0.0,0.0,0.237
62,184,0.0,0.0,0.23
62,185,0.0,0.0,0.228
62,186,0.0,0.0,0.237
62,187,0.0,0.0,0.224
62,188,0.0,0.0,0.227
62,189,0.0,0.0,0.232
62,19,0.0,0.0,0.167
62,190,0.0,0.0,0.224
62,191,0.0,0.0,0.223
62,192,0.0,0.0,0.23
62,193,0.0,0.0,0.215
62,194,0.0,0.0,0.232
62,195,0.0,0.0,0.226
62,196,0.0,0.0,0.227
62,197,0.0,0.0,0.224
62,198,0.0,0.0,0.221
62,199,0.0,0.0,0.231
62,20,0.0,0.0,0.17
62,200,0.0,0.0,0.23
62,201,0.0,0.0,0.233
62,202,0.0,0.0,0.231
62,203,0.0,0.0,0.231
62,204,0.0,0.0,0.221
62,205,0.0,0.0,0.236
62,206,0.0,0.0,0.228
62,207,0.0,0.0,0.227
62,208,0.0,0.0,0.229
62,209,0.0,0.0,0.228
62,21,0.0,0.0,0.168
62,210,0.0,0.0,0.216
62,211,0.0,0.0,0.204
62,212,0.0,0.0,0.208
62,213,0.0,0.0,0.206
62,214,0.0,0.0,0.194
62,215,0.0,0.0,0.188
62,216,0.0,0.0,0.184
62,217,0.0,0.0,0.185
62,218,0.0,0.0,0.177
62,219,0.0,0.0,0.176
62,22,0.0,0.0,0.176
62,220,0.0,0.001,0.175
62,221,0.0,0.0,0.184
62,222,0.0,0.001,0.175
62,223,0.0,0.001,0.172
62,224,0.001,0.002,0.158
62,225,0.001,0.002,0.157
62,226,0.001,0.003,0.153
62,227,0.0,0.002,0.162
62,228,0.0,0.001,0.174
62,229,0.0,0.0,0.181
62,23,0.0,0.0,0.18
62,230,0.0,0.0,0.184
62,231,0.0,0.0,0.185
62,232,0.0,0.0,0.183
62,233,0.0,0.0,0.184
62,234,0.0,0.0,0.197
62,235,0.0,0.0,0.19
62,236,0.0,0.0,0.191
62,237,0.0,0.0,0.192
62,238,0.0,0.001,0.179
62,239,0.0,0.001,0.178
62,24,0.0,0.0,0.169
62,240,0.0,0.0,0.197
62,241,0.0,0.0,0.206
62,242,0.0,0.0,0.198
62,243,0.0,0.0,0.199
62,244,0.0,0.0,0.2
62,245,0.0,0.0,0.206
62,246,0.0,0.001,0.193
62,247,0.0,0.0,0.211
62,248,0.0,0.001,0.203
62,249,0.0,0.0,0.222
62,25,0.0,0.0,0.182
62,250,0.0,0.0,0.219
62,251,0.0,0.0,0.235
62,26,0.0,0.0,0.177
62,27,0.0,0.0,0.169
62,28,0.0,0.0,0.19
62,29,0.0,0.0,0.178
62,30,0.0,0.0,0.182
62,31,0.0,0.0,0.177
62,32,0.0,0.0,0.17
62,33,0.0,0.0,0.185
62,34,0.0,0.0,0.179
62,35,0.0,0.0,0.182
62,36,0.0,0.0,0.17
62,37,0.0,0.0,0.176
62,38,0.0,0.0,0.187
62,39,0.0,0.0,0.169
62,40,0.0,0.0,0.181
62,41,0.0,0.0,0.185
62,42,0.0,0.0,0.187
62,43,0.0,0.0,0.196
62,44,0.0,0.0,0.194
62,45,0.0,0.0,0.176
62,46,0.0,0.0,0.19
62,47,0.0,0.0,0.183
62,48,0.0,0.0,0.189
62,49,0.0,0.0,0.199
62,50,0.0,0.0,0.205
62,51,0.0,0.0,0.202
62,52,0.0,0.0,0.192
62,53,0.0,0.0,0.199
62,54,0.0,0.0,0.202
62,55,0.0,0.0,0.216
62,56,0.0,0.0,0.212
62,57,0.0,0.0,0.213
62,58,0.0,0.0,0.221
62,59,0.0,0.0,0.212
62,6,0.0,0.0,0.166
62,60,0.0,0.0,0.208
62,61,0.0,0.0,0.216
62,62,0.0,0.0,0.217
62,63,0.0,0.0,0.216
62,64,0.0,0.0,0.207
62,65,0.0,0.0,0.217
62,66,0.0,0.0,0.214
62,67,0.0,0.0,0.224
62,68,0.0,0.0,0.216
62,69,0.0,0.0,0.222
62,7,0.0,0.0,0.159
62,70,0.0,0.0,0.224
62,71,0.0,0.0,0.214
62,72,0.0,0.0,0.219
62,73,0.0,0.0,0.209
62,74,0.0,0.0,0.222
62,75,0.0,0.0,0.215
62,76,0.0,0.0,0.213
62,77,0.0,0.0,0.211
62,78,0.0,0.0,0.202
62,79,0.0,0.0,0.203
62,8,0.0,0.0,0.161
62,80,0.0,0.0,0.2
62,81,0.0,0.0,0.209
62,82,0.0,0.0,0.202
62,83,0.0,0.0,0.211
62,84,0.0,0.0,0.194
62,85,0.0,0.0,0.191
62,86,0.0,0.0,0.198
62,87,0.0,0.0,0.192
62,88,0.0,0.0,0.201
62,89,0.0,0.0,0.192
62,9,0.0,0.0,0.172
62,90,0.0,0.0,0.199
62,91,0.0,0.0,0.196
62,92,0.0,0.0,0.208
62,93,0.0,0.0,0.202
62,94,0.0,0.0,0.2
62,95,0.0,0.0,0.186
62,96,0.0,0.0,0.197
62,97,0.0,0.0,0.194
62,98,0.0,0.0,0.189
62,99,0.0,0.0,0.2
63,10,0.0,0.001,0.137
63,100,0.0,0.001,0.171
63,101,0.0,0.0,0.18
63,102,0.0,0.0,0.18
63,103,0.0,0.001,0.172
63,104,0.0,0.001,0.176
63,105,0.0,0.001,0.178
63,106,0.001,0.002,0.169
63,107,0.002,0.005,0.161
63,108,0.002,0.005,0.165
63,109,0.003,0.008,0.158
63,11,0.0,0.0,0.147
63,110,0.007,0.015,0.149
63,111,0.01,0.021,0.144
63,112,0.009,0.019,0.148
63,113,0.009,0.018,0.151
63,114,0.015,0.029,0.142
63,115,0.01,0.02,0.151
63,116,0.017,0.033,0.139
63,117,0.024,0.044,0.132
63,118,0.02,0.037,0.135
63,119,0.013,0.025,0.143
63,12,0.0,0.0,0.154
63,120,0.022,0.041,0.13
63,121,0.021,0.04,0.131
63,122,0.022,0.04,0.13
63,123,0.01,0.02,0.145
63,124,0.027,0.048,0.124
63,125,0.022,0.04,0.128
63,126,0.022,0.041,0.128
63,127,0.014,0.027,0.137
63,128,0.012,0.024,0.139
63,129,0.01,0.02,0.143
63,13,0.0,0.0,0.153
63,130,0.012,0.024,0.14
63,131,0.022,0.041,0.127
63,132,0.017,0.032,0.133
63,133,0.02,0.038,0.13
63,134,0.012,0.024,0.142
63,135,0.019,0.035,0.133
63,136,0.012,0.023,0.144
63,137,0.008,0.016,0.154
63,138,0.007,0.015,0.157
63,139,0.01,0.021,0.15
63,14,0.0,0.0,0.161
63,140,0.011,0.022,0.151
63,141,0.008,0.018,0.156
63,142,0.008,0.017,0.157
63,143,0.004,0.01,0.167
63,144,0.002,0.004,0.184
63,145,0.001,0.004,0.185
63,146,0.001,0.003,0.186
63,147,0.001,0.002,0.194
63,148,0.001,0.002,0.189
63,149,0.0,0.001,0.203
63,15,0.0,0.0,0.156
63,150,0.0,0.001,0.196
63,151,0.0,0.001,0.198
63,152,0.0,0.0,0.201
63,153,0.0,0.0,0.219
63,154,0.0,0.0,0.22
63,155,0.0,0.0,0.217
63,156,0.0,0.0,0.214
63,157,0.0,0.0,0.224
63,158,0.0,0.0,0.235
63,159,0.0,0.0,0.214
63,16,0.0,0.0,0.168
63,160,0.0,0.0,0.219
63,161,0.0,0.0,0.22
63,162,0.0,0.0,0.217
63,163,0.0,0.0,0.229
63,164,0.0,0.0,0.231
63,165,0.0,0.0,0.228
63,166,0.0,0.0,0.237
63,167,0.0,0.0,0.232
63,168,0.0,0.0,0.237
63,169,0.0,0.0,0.24
63,17,0.0,0.0,0.168
63,170,0.0,0.0,0.231
63,171,0.0,0.0,0.239
63,172,0.0,0.0,0.245
63,173,0.0,0.0,0.237
63,174,0.0,0.0,0.233
63,175,0.0,0.0,0.238
63,176,0.0,0.0,0.264
63,177,0.0,0.0,0.243
63,178,0.0,0.0,0.232
63,179,0.0,0.0,0.232
63,18,0.0,0.0,0.176
63,180,0.0,0.0,0.236
63,181,0.0,0.0,0.236
63,182,0.0,0.0,0.228
63,183,0.0,0.0,0.227
63,184,0.0,0.0,0.227
63,185,0.0,0.0,0.22
63,186,0.0,0.0,0.223
63,187,0.0,0.0,0.225
63,188,0.0,0.0,0.214
63,189,0.0,0.0,0.221
63,19,0.0,0.0,0.173
63,190,0.0,0.0,0.22
63,191,0.0,0.0,0.215
63,192,0.0,0.0,0.223
63,193,0.0,0.0,0.209
63,194,0.0,0.0,0.23
63,195,0.0,0.0,0.228
63,196,0.0,0.0,0.229
63,197,0.0,0.0,0.235
63,198,0.0,0.0,0.215
63,199,0.0,0.0,0.216
63,20,0.0,0.0,0.171
63,200,0.0,0.0,0.219
63,201,0.0,0.0,0.225
63,202,0.0,0.0,0.214
63,203,0.0,0.0,0.221
63,204,0.0,0.0,0.22
63,205,0.0,0.0,0.218
63,206,0.0,0.0,0.214
63,207,0.0,0.0,0.217
63,208,0.0,0.0,0.221
63,209,0.0,0.0,0.221
63,21,0.0,0.0,0.166
63,210,0.0,0.0,0.208
63,211,0.0,0.0,0.209
63,212,0.0,0.0,0.206
63,213,0.0,0.0,0.214
63,214,0.0,0.0,0.206
63,215,0.0,0.0,0.195
63,216,0.0,0.0,0.198
63,217,0.0,0.0,0.197
63,218,0.0,0.0,0.198
63,219,0.0,0.0,0.196
63,22,0.0,0.0,0.176
63,220,0.0,0.0,0.205
63,221,0.0,0.0,0.192
63,222,0.0,0.0,0.184
63,223,0.0,0.0,0.185
63,224,0.0,0.0,0.185
63,225,0.0,0.001,0.169
63,226,0.0,0.001,0.173
63,227,0.0,0.0,0.178
63,228,0.0,0.0,0.187
63,229,0.0,0.0,0.185
63,23,0.0,0.0,0.181
63,230,0.0,0.001,0.168
63,231,0.0,0.0,0.191
63,232,0.0,0.0,0.193
63,233,0.0,0.0,0.187
63,234,0.0,0.0,0.185
63,235,0.0,0.001,0.18
63,236,0.0,0.001,0.173
63,237,0.0,0.001,0.172
63,238,0.0,0.001,0.182
63,239,0.0,0.0,0.191
63,24,0.0,0.0,0.18
63,240,0.0,0.001,0.177
63,241,0.0,0.001,0.177
63,242,0.0,0.001,0.191
63,243,0.0,0.001,0.188
63,244,0.0,0.001,0.183
63,245,0.0,0.0,0.202
63,246,0.0,0.0,0.203
63,247,0.0,0.001,0.205
63,248,0.0,0.001,0.207
63,249,0.0,0.001,0.21
63,25,0.0,0.0,0.179
63,250,0.0,0.001,0.207
63,251,0.0,0.001,0.214
63,26,0.0,0.0,0.181
63,27,0.0,0.0,0.17
63,28,0.0,0.0,0.18
63,29,0.0,0.0,0.178
63,30,0.0,0.0,0.176
63,31,0.0,0.0,0.197
63,32,0.0,0.0,0.197
63,33,0.0,0.0,0.193
63,34,0.0,0.0,0.194
63,35,0.0,0.0,0.192
63,36,0.0,0.0,0.192
63,37,0.0,0.0,0.194
63,38,0.0,0.0,0.177
63,39,0.0,0.0,0.18
63,40,0.0,0.0,0.184
63,41,0.0,0.0,0.184
63,42,0.0,0.0,0.199
63,43,0.0,0.0,0.19
63,44,0.0,0.0,0.185
63,45,0.0,0.0,0.2
63,46,0.0,0.0,0.193
63,47,0.0,0.0,0.203
63,48,0.0,0.0,0.191
63,49,0.0,0.0,0.183
63,50,0.0,0.0,0.188
63,51,0.0,0.0,0.195
63,52,0.0,0.0,0.185
63,53,0.0,0.0,0.179
63,54,0.0,0.0,0.184
63,55,0.0,0.0,0.187
63,56,0.0,0.0,0.202
63,57,0.0,0.0,0.209
63,58,0.0,0.0,0.198
63,59,0.0,0.0,0.207
63,6,0.001,0.002,0.134
63,60,0.0,0.0,0.209
63,61,0.0,0.0,0.21
63,62,0.0,0.0,0.21
63,63,0.0,0.0,0.207
63,64,0.0,0.0,0.228
63,65,0.0,0.0,0.205
63,66,0.0,0.0,0.223
63,67,0.0,0.0,0.216
63,68,0.0,0.0,0.217
63,69,0.0,0.0,0.21
63,7,0.001,0.003,0.125
63,70,0.0,0.0,0.216
63,71,0.0,0.0,0.215
63,72,0.0,0.0,0.222
63,73,0.0,0.0,0.229
63,74,0.0,0.0,0.226
63,75,0.0,0.0,0.229
63,76,0.0,0.0,0.23
63,77,0.0,0.0,0.219
63,78,0.0,0.0,0.219
63,79,0.0,0.0,0.217
63,8,0.001,0.004,0.122
63,80,0.0,0.0,0.221
63,81,0.0,0.0,0.225
63,82,0.0,0.0,0.212
63,83,0.0,0.0,0.219
63,84,0.0,0.0,0.214
63,85,0.0,0.0,0.21
63,86,0.0,0.0,0.21
63,87,0.0,0.0,0.202
63,88,0.0,0.0,0.206
63,89,0.0,0.0,0.205
63,9,0.0,0.001,0.142
63,90,0.0,0.0,0.205
63,91,0.0,0.0,0.199
63,92,0.0,0.0,0.216
63,93,0.0,0.0,0.197
63,94,0.0,0.0,0.2
63,95,0.0,0.0,0.184
63,96,0.0,0.0,0.186
63,97,0.0,0.0,0.193
63,98,0.0,0.0,0.183
63,99,0.0,0.0,0.173
64,10,0.0,0.0,0.144
64,100,0.0,0.0,0.174
64,101,0.0,0.0,0.184
64,102,0.0,0.0,0.181
64,103,0.0,0.001,0.179
64,104,0.0,0.001,0.171
64,105,0.001,0.004,0.157
64,106,0.0,0.001,0.18
64,107,0.001,0.002,0.174
64,108,0.001,0.004,0.169
64,109,0.003,0.007,0.162
64,11,0.0,0.0,0.144
64,110,0.003,0.007,0.164
64,111,0.007,0.016,0.151
64,112,0.012,0.024,0.144
64,113,0.021,0.039,0.133
64,114,0.015,0.029,0.141
64,115,0.032,0.056,0.125
64,116,0.02,0.038,0.135
64,117,0.021,0.038,0.134
64,118,0.024,0.044,0.13
64,119,0.019,0.036,0.134
64,12,0.0,0.0,0.16
64,120,0.019,0.036,0.134
64,121,0.021,0.04,0.13
64,122,0.033,0.058,0.12
64,123,0.016,0.031,0.135
64,124,0.015,0.03,0.135
64,125,0.017,0.033,0.133
64,126,0.007,0.015,0.15
64,127,0.009,0.019,0.146
64,128,0.011,0.022,0.142
64,129,0.011,0.022,0.142
64,13,0.0,0.0,0.153
64,130,0.008,0.016,0.148
64,131,0.007,0.016,0.149
64,132,0.008,0.017,0.148
64,133,0.006,0.014,0.153
64,134,0.01,0.02,0.146
64,135,0.005,0.01,0.161
64,136,0.009,0.019,0.149
64,137,0.009,0.019,0.15
64,138,0.004,0.009,0.169
64,139,0.004,0.01,0.168
64,14,0.0,0.0,0.159
64,140,0.009,0.019,0.154
64,141,0.008,0.017,0.157
64,142,0.004,0.01,0.168
64,143,0.003,0.007,0.175
64,144,0.003,0.006,0.176
64,145,0.002,0.005,0.178
64,146,0.003,0.007,0.171
64,147,0.001,0.003,0.182
64,148,0.001,0.003,0.184
64,149,0.001,0.002,0.186
64,15,0.0,0.0,0.158
64,150,0.001,0.002,0.183
64,151,0.0,0.001,0.196
64,152,0.0,0.0,0.199
64,153,0.0,0.0,0.204
64,154,0.0,0.0,0.205
64,155,0.0,0.0,0.192
64,156,0.0,0.0,0.229
64,157,0.0,0.0,0.217
64,158,0.0,0.0,0.21
64,159,0.0,0.0,0.218
64,16,0.0,0.0,0.172
64,160,0.0,0.0,0.226
64,161,0.0,0.0,0.225
64,162,0.0,0.0,0.219
64,163,0.0,0.0,0.233
64,164,0.0,0.0,0.221
64,165,0.0,0.0,0.228
64,166,0.0,0.0,0.225
64,167,0.0,0.0,0.226
64,168,0.0,0.0,0.235
64,169,0.0,0.0,0.233
64,17,0.0,0.0,0.172
64,170,0.0,0.0,0.226
64,171,0.0,0.0,0.227
64,172,0.0,0.0,0.242
64,173,0.0,0.0,0.233
64,174,0.0,0.0,0.242
64,175,0.0,0.0,0.243
64,176,0.0,0.0,0.242
64,177,0.0,0.0,0.25
64,178,0.0,0.0,0.247
64,179,0.0,0.0,0.237
64,18,0.0,0.0,0.168
64,180,0.0,0.0,0.234
64,181,0.0,0.0,0.239
64,182,0.0,0.0,0.244
64,183,0.0,0.0,0.244
64,184,0.0,0.0,0.246
64,185,0.0,0.0,0.25
64,186,0.0,0.0,0.231
64,187,0.0,0.0,0.238
64,188,0.0,0.0,0.238
64,189,0.0,0.0,0.24
64,19,0.0,0.0,0.172
64,190,0.0,0.0,0.216
64,191,0.0,0.0,0.228
64,192,0.0,0.0,0.227
64,193,0.0,0.0,0.226
64,194,0.0,0.0,0.242
64,195,0.0,0.0,0.241
64,196,0.0,0.0,0.232
64,197,0.0,0.0,0.234
64,198,0.0,0.0,0.226
64,199,0.0,0.0,0.217
64,20,0.0,0.0,0.174
64,200,0.0,0.0,0.217
64,201,0.0,0.0,0.23
64,202,0.0,0.0,0.223
64,203,0.0,0.0,0.221
64,204,0.0,0.0,0.223
64,205,0.0,0.0,0.222
64,206,0.0,0.0,0.211
64,207,0.0,0.0,0.225
64,208,0.0,0.0,0.222
64,209,0.0,0.0,0.215
64,21,0.0,0.0,0.168
64,210,0.0,0.0,0.214
64,211,0.0,0.0,0.199
64,212,0.0,0.0,0.196
64,213,0.0,0.0,0.197
64,214,0.0,0.0,0.197
64,215,0.0,0.0,0.192
64,216,0.0,0.0,0.201
64,217,0.0,0.0,0.196
64,218,0.0,0.0,0.203
64,219,0.0,0.0,0.197
64,22,0.0,0.0,0.158
64,220,0.0,0.0,0.205
64,221,0.0,0.0,0.19
64,222,0.0,0.0,0.18
64,223,0.0,0.0,0.185
64,224,0.0,0.0,0.182
64,225,0.0,0.0,0.189
64,226,0.0,0.0,0.185
64,227,0.0,0.0,0.182
64,228,0.0,0.0,0.188
64,229,0.0,0.0,0.189
64,23,0.0,0.0,0.159
64,230,0.0,0.0,0.19
64,231,0.0,0.0,0.182
64,232,0.0,0.0,0.183
64,233,0.0,0.0,0.188
64,234,0.0,0.0,0.19
64,235,0.0,0.0,0.182
64,236,0.0,0.001,0.176
64,237,0.0,0.001,0.177
64,238,0.0,0.001,0.175
64,239,0.0,0.001,0.178
64,24,0.0,0.0,0.16
64,240,0.0,0.001,0.182
64,241,0.0,0.001,0.174
64,242,0.001,0.003,0.164
64,243,0.001,0.002,0.174
64,244,0.001,0.003,0.169
64,245,0.001,0.002,0.178
64,246,0.0,0.001,0.194
64,247,0.0,0.002,0.188
64,248,0.001,0.003,0.18
64,249,0.001,0.002,0.189
64,25,0.0,0.0,0.173
64,250,0.001,0.002,0.194
64,251,0.0,0.001,0.208
64,26,0.0,0.0,0.155
64,27,0.0,0.0,0.177
64,28,0.0,0.0,0.166
64,29,0.0,0.0,0.167
64,30,0.0,0.0,0.173
64,31,0.0,0.0,0.173
64,32,0.0,0.0,0.168
64,33,0.0,0.0,0.172
64,34,0.0,0.0,0.167
64,35,0.0,0.0,0.17
64,36,0.0,0.0,0.172
64,37,0.0,0.0,0.176
64,38,0.0,0.0,0.17
64,39,0.0,0.0,0.165
64,40,0.0,0.0,0.173
64,41,0.0,0.0,0.176
64,42,0.0,0.0,0.167
64,43,0.0,0.0,0.158
64,44,0.0,0.0,0.175
64,45,0.0,0.0,0.171
64,46,0.0,0.0,0.17
64,47,0.0,0.0,0.176
64,48,0.0,0.0,0.165
64,49,0.0,0.0,0.179
64,50,0.0,0.0,0.177
64,51,0.0,0.0,0.182
64,52,0.0,0.0,0.196
64,53,0.0,0.0,0.196
64,54,0.0,0.0,0.196
64,55,0.0,0.0,0.195
64,56,0.0,0.0,0.201
64,57,0.0,0.0,0.201
64,58,0.0,0.0,0.213
64,59,0.0,0.0,0.199
64,6,0.001,0.002,0.135
64,60,0.0,0.0,0.194
64,61,0.0,0.0,0.2
64,62,0.0,0.0,0.214
64,63,0.0,0.0,0.207
64,64,0.0,0.0,0.203
64,65,0.0,0.0,0.2
64,66,0.0,0.0,0.196
64,67,0.0,0.0,0.2
64,68,0.0,0.0,0.2
64,69,0.0,0.0,0.218
64,7,0.001,0.002,0.134
64,70,0.0,0.0,0.215
64,71,0.0,0.0,0.206
64,72,0.0,0.0,0.208
64,73,0.0,0.0,0.211
64,74,0.0,0.0,0.222
64,75,0.0,0.0,0.228
64,76,0.0,0.0,0.221
64,77,0.0,0.0,0.229
64,78,0.0,0.0,0.216
64,79,0.0,0.0,0.218
64,8,0.0,0.0,0.15
64,80,0.0,0.0,0.205
64,81,0.0,0.0,0.227
64,82,0.0,0.0,0.218
64,83,0.0,0.0,0.209
64,84,0.0,0.0,0.211
64,85,0.0,0.0,0.209
64,86,0.0,0.0,0.21
64,87,0.0,0.0,0.204
64,88,0.0,0.0,0.194
64,89,0.0,0.0,0.194
64,9,0.0,0.0,0.148
64,90,0.0,0.0,0.205
64,91,0.0,0.0,0.202
64,92,0.0,0.0,0.2
64,93,0.0,0.0,0.185
64,94,0.0,0.0,0.172
64,95,0.0,0.0,0.186
64,96,0.0,0.0,0.182
64,97,0.0,0.0,0.18
64,98,0.0,0.0,0.175
64,99,0.0,0.0,0.19
65,10,0.0,0.0,0.162
65,100,0.0,0.0,0.189
65,101,0.0,0.001,0.176
65,102,0.0,0.0,0.188
65,103,0.0,0.0,0.183
65,104,0.0,0.001,0.178
65,105,0.0,0.001,0.178
65,106,0.0,0.001,0.184
65,107,0.0,0.001,0.186
65,108,0.001,0.003,0.174
65,109,0.001,0.003,0.174
65,11,0.0,0.0,0.149
65,110,0.002,0.005,0.169
65,111,0.005,0.01,0.159
65,112,0.013,0.026,0.141
65,113,0.005,0.01,0.164
65,114,0.007,0.015,0.157
65,115,0.023,0.042,0.134
65,116,0.013,0.025,0.147
65,117,0.01,0.021,0.152
65,118,0.015,0.029,0.143
65,119,0.009,0.018,0.153
65,12,0.0,0.0,0.152
65,120,0.014,0.028,0.142
65,121,0.021,0.04,0.132
65,122,0.024,0.044,0.129
65,123,0.026,0.047,0.126
65,124,0.014,0.028,0.139
65,125,0.012,0.025,0.141
65,126,0.013,0.027,0.139
65,127,0.008,0.017,0.149
65,128,0.005,0.011,0.159
65,129,0.013,0.026,0.138
65,13,0.0,0.0,0.144
65,130,0.014,0.027,0.138
65,131,0.018,0.033,0.133
65,132,0.011,0.022,0.144
65,133,0.013,0.025,0.141
65,134,0.019,0.035,0.134
65,135,0.016,0.031,0.137
65,136,0.019,0.035,0.136
65,137,0.018,0.034,0.138
65,138,0.024,0.044,0.132
65,139,0.019,0.036,0.139
65,14,0.0,0.0,0.149
65,140,0.035,0.061,0.125
65,141,0.03,0.053,0.129
65,142,0.018,0.034,0.14
65,143,0.012,0.025,0.147
65,144,0.01,0.021,0.15
65,145,0.008,0.017,0.152
65,146,0.005,0.012,0.159
65,147,0.002,0.004,0.176
65,148,0.001,0.004,0.176
65,149,0.001,0.002,0.185
65,15,0.0,0.0,0.158
65,150,0.001,0.002,0.182
65,151,0.0,0.001,0.187
65,152,0.0,0.001,0.188
65,153,0.0,0.0,0.199
65,154,0.0,0.0,0.197
65,155,0.0,0.0,0.212
65,156,0.0,0.0,0.215
65,157,0.0,0.0,0.215
65,158,0.0,0.0,0.213
65,159,0.0,0.0,0.216
65,16,0.0,0.0,0.15
65,160,0.0,0.0,0.215
65,161,0.0,0.0,0.223
65,162,0.0,0.0,0.233
65,163,0.0,0.0,0.229
65,164,0.0,0.0,0.223
65,165,0.0,0.0,0.239
65,166,0.0,0.0,0.232
65,167,0.0,0.0,0.227
65,168,0.0,0.0,0.235
65,169,0.0,0.0,0.236
65,17,0.0,0.0,0.148
65,170,0.0,0.0,0.231
65,171,0.0,0.0,0.234
65,172,0.0,0.0,0.238
65,173,0.0,0.0,0.236
65,174,0.0,0.0,0.243
65,175,0.0,0.0,0.254
65,176,0.0,0.0,0.245
65,177,0.0,0.0,0.246
65,178,0.0,0.0,0.232
65,179,0.0,0.0,0.228
65,18,0.0,0.0,0.146
65,180,0.0,0.0,0.235
65,181,0.0,0.0,0.235
65,182,0.0,0.0,0.231
65,183,0.0,0.0,0.228
65,184,0.0,0.0,0.229
65,185,0.0,0.0,0.229
65,186,0.0,0.0,0.239
65,187,0.0,0.0,0.244
65,188,0.0,0.0,0.238
65,189,0.0,0.0,0.238
65,19,0.0,0.0,0.143
65,190,0.0,0.0,0.228
65,191,0.0,0.0,0.234
65,192,0.0,0.0,0.233
65,193,0.0,0.0,0.226
65,194,0.0,0.0,0.233
65,195,0.0,0.0,0.227
65,196,0.0,0.0,0.234
65,197,0.0,0.0,0.239
65,198,0.0,0.0,0.238
65,199,0.0,0.0,0.232
65,20,0.0,0.0,0.163
65,200,0.0,0.0,0.235
65,201,0.0,0.0,0.231
65,202,0.0,0.0,0.227
65,203,0.0,0.0,0.218
65,204,0.0,0.0,0.224
65,205,0.0,0.0,0.215
65,206,0.0,0.0,0.23
65,207,0.0,0.0,0.214
65,208,0.0,0.0,0.204
65,209,0.0,0.0,0.21
65,21,0.0,0.0,0.164
65,210,0.0,0.0,0.222
65,211,0.0,0.0,0.215
65,212,0.0,0.0,0.203
65,213,0.0,0.0,0.2
65,214,0.0,0.0,0.201
65,215,0.0,0.0,0.208
65,216,0.0,0.0,0.209
65,217,0.0,0.0,0.198
65,218,0.0,0.0,0.197
65,219,0.0,0.0,0.196
65,22,0.0,0.0,0.15
65,220,0.0,0.0,0.204
65,221,0.0,0.0,0.214
65,222,0.0,0.0,0.217
65,223,0.0,0.0,0.197
65,224,0.0,0.0,0.192
65,225,0.0,0.0,0.191
65,226,0.0,0.0,0.178
65,227,0.0,0.0,0.185
65,228,0.0,0.0,0.184
65,229,0.0,0.0,0.191
65,23,0.0,0.0,0.146
65,230,0.0,0.0,0.191
65,231,0.0,0.001,0.179
65,232,0.0,0.001,0.174
65,233,0.0,0.001,0.177
65,234,0.0,0.001,0.17
65,235,0.0,0.0,0.186
65,236,0.001,0.002,0.166
65,237,0.001,0.002,0.165
65,238,0.001,0.003,0.16
65,239,0.001,0.002,0.166
65,24,0.0,0.0,0.166
65,240,0.001,0.002,0.169
65,241,0.002,0.006,0.152
65,242,0.004,0.009,0.146
65,243,0.004,0.009,0.149
65,244,0.003,0.007,0.153
65,245,0.004,0.009,0.152
65,246,0.002,0.005,0.167
65,247,0.003,0.007,0.163
65,248,0.003,0.007,0.164
65,249,0.004,0.009,0.162
65,25,0.0,0.0,0.161
65,250,0.008,0.017,0.153
65,251,0.003,0.008,0.172
65,26,0.0,0.0,0.156
65,27,0.0,0.0,0.17
65,28,0.0,0.0,0.147
65,29,0.0,0.0,0.161
65,30,0.0,0.0,0.16
65,31,0.0,0.0,0.17
65,32,0.0,0.0,0.183
65,33,0.0,0.0,0.166
65,34,0.0,0.0,0.164
65,35,0.0,0.0,0.166
65,36,0.0,0.0,0.163
65,37,0.0,0.001,0.148
65,38,0.0,0.0,0.159
65,39,0.0,0.0,0.153
65,40,0.0,0.0,0.161
65,41,0.0,0.0,0.168
65,42,0.0,0.0,0.162
65,43,0.0,0.0,0.161
65,44,0.0,0.0,0.168
65,45,0.0,0.0,0.178
65,46,0.0,0.0,0.18
65,47,0.0,0.0,0.167
65,48,0.0,0.0,0.177
65,49,0.0,0.0,0.18
65,50,0.0,0.0,0.175
65,51,0.0,0.0,0.191
65,52,0.0,0.0,0.189
65,53,0.0,0.0,0.177
65,54,0.0,0.0,0.187
65,55,0.0,0.0,0.203
65,56,0.0,0.0,0.201
65,57,0.0,0.0,0.189
65,58,0.0,0.0,0.194
65,59,0.0,0.0,0.194
65,6,0.0,0.0,0.16
65,60,0.0,0.0,0.196
65,61,0.0,0.0,0.206
65,62,0.0,0.0,0.187
65,63,0.0,0.0,0.192
65,64,0.0,0.0,0.209
65,65,0.0,0.0,0.21
65,66,0.0,0.0,0.206
65,67,0.0,0.0,0.21
65,68,0.0,0.0,0.207
65,69,0.0,0.0,0.205
65,7,0.0,0.0,0.152
65,70,0.0,0.0,0.213
65,71,0.0,0.0,0.2
65,72,0.0,0.0,0.195
65,73,0.0,0.0,0.201
65,74,0.0,0.0,0.202
65,75,0.0,0.0,0.218
65,76,0.0,0.0,0.203
65,77,0.0,0.0,0.202
65,78,0.0,0.0,0.201
65,79,0.0,0.0,0.198
65,8,0.0,0.0,0.157
65,80,0.0,0.0,0.2
65,81,0.0,0.0,0.213
65,82,0.0,0.0,0.202
65,83,0.0,0.0,0.198
65,84,0.0,0.0,0.202
65,85,0.0,0.0,0.19
65,86,0.0,0.0,0.187
65,87,0.0,0.0,0.2
65,88,0.0,0.0,0.197
65,89,0.0,0.0,0.203
65,9,0.0,0.0,0.16
65,90,0.0,0.0,0.195
65,91,0.0,0.0,0.183
65,92,0.0,0.0,0.183
65,93,0.0,0.0,0.192
65,94,0.0,0.0,0.191
65,95,0.0,0.0,0.193
65,96,0.0,0.0,0.191
65,97,0.0,0.0,0.187
65,98,0.0,0.0,0.184
65,99,0.0,0.0,0.186
66,10,0.0,0.0,0.152
66,100,0.0,0.0,0.189
66,101,0.0,0.0,0.189
66,102,0.0,0.001,0.173
66,103,0.0,0.0,0.181
66,104,0.0,0.001,0.168
66,105,0.0,0.001,0.18
66,106,0.0,0.001,0.175
66,107,0.001,0.002,0.174
66,108,0.001,0.002,0.178
66,109,0.002,0.005,0.166
66,11,0.0,0.0,0.143
66,110,0.001,0.003,0.18
66,111,0.001,0.003,0.18
66,112,0.008,0.017,0.15
66,113,0.015,0.029,0.141
66,114,0.008,0.016,0.156
66,115,0.007,0.015,0.159
66,116,0.014,0.027,0.146
66,117,0.02,0.038,0.139
66,118,0.019,0.035,0.14
66,119,0.01,0.021,0.152
66,12,0.0,0.0,0.146
66,120,0.009,0.019,0.154
66,121,0.031,0.055,0.126
66,122,0.01,0.021,0.15
66,123,0.012,0.025,0.145
66,124,0.012,0.025,0.145
66,125,0.011,0.023,0.146
66,126,0.006,0.014,0.157
66,127,0.01,0.021,0.147
66,128,0.01,0.021,0.147
66,129,0.009,0.018,0.15
66,13,0.0,0.0,0.146
66,130,0.013,0.025,0.142
66,131,0.018,0.034,0.135
66,132,0.015,0.03,0.139
66,133,0.008,0.017,0.153
66,134,0.015,0.029,0.141
66,135,0.007,0.015,0.157
66,136,0.008,0.016,0.156
66,137,0.01,0.021,0.152
66,138,0.003,0.008,0.174
66,139,0.005,0.011,0.168
66,14,0.0,0.0,0.158
66,140,0.005,0.012,0.166
66,141,0.004,0.008,0.173
66,142,0.007,0.016,0.158
66,143,0.004,0.01,0.166
66,144,0.001,0.004,0.183
66,145,0.002,0.005,0.178
66,146,0.001,0.002,0.193
66,147,0.0,0.001,0.194
66,148,0.0,0.001,0.201
66,149,0.0,0.001,0.193
66,15,0.0,0.0,0.153
66,150,0.0,0.001,0.199
66,151,0.0,0.001,0.196
66,152,0.0,0.0,0.202
66,153,0.0,0.0,0.207
66,154,0.0,0.0,0.204
66,155,0.0,0.0,0.215
66,156,0.0,0.0,0.218
66,157,0.0,0.0,0.205
66,158,0.0,0.0,0.22
66,159,0.0,0.0,0.231
66,16,0.0,0.0,0.157
66,160,0.0,0.0,0.215
66,161,0.0,0.0,0.221
66,162,0.0,0.0,0.227
66,163,0.0,0.0,0.232
66,164,0.0,0.0,0.22
66,165,0.0,0.0,0.219
66,166,0.0,0.0,0.224
66,167,0.0,0.0,0.225
66,168,0.0,0.0,0.227
66,169,0.0,0.0,0.229
66,17,0.0,0.0,0.165
66,170,0.0,0.0,0.219
66,171,0.0,0.0,0.225
66,172,0.0,0.0,0.225
66,173,0.0,0.0,0.221
66,174,0.0,0.0,0.223
66,175,0.0,0.0,0.227
66,176,0.0,0.0,0.234
66,177,0.0,0.0,0.238
66,178,0.0,0.0,0.244
66,179,0.0,0.0,0.235
66,18,0.0,0.0,0.162
66,180,0.0,0.0,0.239
66,181,0.0,0.0,0.242
66,182,0.0,0.0,0.239
66,183,0.0,0.0,0.24
66,184,0.0,0.0,0.235
66,185,0.0,0.0,0.241
66,186,0.0,0.0,0.243
66,187,0.0,0.0,0.24
66,188,0.0,0.0,0.246
66,189,0.0,0.0,0.237
66,19,0.0,0.0,0.158
66,190,0.0,0.0,0.228
66,191,0.0,0.0,0.232
66,192,0.0,0.0,0.229
66,193,0.0,0.0,0.231
66,194,0.0,0.0,0.237
66,195,0.0,0.0,0.241
66,196,0.0,0.0,0.238
66,197,0.0,0.0,0.221
66,198,0.0,0.0,0.217
66,199,0.0,0.0,0.226
66,20,0.0,0.0,0.16
66,200,0.0,0.0,0.224
66,201,0.0,0.0,0.235
66,202,0.0,0.0,0.239
66,203,0.0,0.0,0.227
66,204,0.0,0.0,0.217
66,205,0.0,0.0,0.22
66,206,0.0,0.0,0.231
66,207,0.0,0.0,0.23
66,208,0.0,0.0,0.238
66,209,0.0,0.0,0.224
66,21,0.0,0.0,0.157
66,210,0.0,0.0,0.208
66,211,0.0,0.0,0.224
66,212,0.0,0.0,0.221
66,213,0.0,0.0,0.22
66,214,0.0,0.0,0.208
66,215,0.0,0.0,0.208
66,216,0.0,0.0,0.185
66,217,0.0,0.0,0.196
66,218,0.0,0.0,0.207
66,219,0.0,0.0,0.205
66,22,0.0,0.0,0.166
66,220,0.0,0.0,0.207
66,221,0.0,0.0,0.197
66,222,0.0,0.0,0.202
66,223,0.0,0.0,0.203
66,224,0.0,0.0,0.208
66,225,0.0,0.0,0.202
66,226,0.0,0.0,0.208
66,227,0.0,0.0,0.2
66,228,0.0,0.0,0.203
66,229,0.0,0.0,0.204
66,23,0.0,0.0,0.172
66,230,0.0,0.0,0.203
66,231,0.0,0.0,0.21
66,232,0.0,0.0,0.208
66,233,0.0,0.0,0.221
66,234,0.0,0.0,0.204
66,235,0.0,0.0,0.197
66,236,0.0,0.0,0.198
66,237,0.0,0.0,0.19
66,238,0.0,0.0,0.192
66,239,0.0,0.001,0.187
66,24,0.0,0.0,0.157
66,240,0.0,0.001,0.181
66,241,0.0,0.002,0.175
66,242,0.0,0.001,0.18
66,243,0.0,0.001,0.195
66,244,0.0,0.001,0.185
66,245,0.0,0.001,0.195
66,246,0.0,0.001,0.189
66,247,0.001,0.003,0.181
66,248,0.001,0.003,0.183
66,249,0.001,0.003,0.186
66,25,0.0,0.0,0.156
66,250,0.001,0.004,0.185
66,251,0.002,0.005,0.182
66,26,0.0,0.0,0.168
66,27,0.0,0.0,0.16
66,28,0.0,0.0,0.164
66,29,0.0,0.0,0.17
66,30,0.0,0.0,0.165
66,31,0.0,0.0,0.167
66,32,0.0,0.0,0.163
66,33,0.0,0.0,0.169
66,34,0.0,0.0,0.183
66,35,0.0,0.0,0.171
66,36,0.0,0.0,0.178
66,37,0.0,0.0,0.18
66,38,0.0,0.0,0.182
66,39,0.0,0.0,0.186
66,40,0.0,0.0,0.198
66,41,0.0,0.0,0.186
66,42,0.0,0.0,0.18
66,43,0.0,0.0,0.192
66,44,0.0,0.0,0.188
66,45,0.0,0.0,0.183
66,46,0.0,0.0,0.186
66,47,0.0,0.0,0.181
66,48,0.0,0.0,0.182
66,49,0.0,0.0,0.179
66,50,0.0,0.0,0.179
66,51,0.0,0.0,0.185
66,52,0.0,0.0,0.176
66,53,0.0,0.0,0.173
66,54,0.0,0.0,0.171
66,55,0.0,0.0,0.187
66,56,0.0,0.0,0.197
66,57,0.0,0.0,0.188
66,58,0.0,0.0,0.186
66,59,0.0,0.0,0.2
66,6,0.0,0.001,0.145
66,60,0.0,0.0,0.204
66,61,0.0,0.0,0.207
66,62,0.0,0.0,0.213
66,63,0.0,0.0,0.204
66,64,0.0,0.0,0.203
66,65,0.0,0.0,0.215
66,66,0.0,0.0,0.216
66,67,0.0,0.0,0.22
66,68,0.0,0.0,0.213
66,69,0.0,0.0,0.219
66,7,0.0,0.001,0.143
66,70,0.0,0.0,0.21
66,71,0.0,0.0,0.22
66,72,0.0,0.0,0.21
66,73,0.0,0.0,0.204
66,74,0.0,0.0,0.203
66,75,0.0,0.0,0.205
66,76,0.0,0.0,0.198
66,77,0.0,0.0,0.219
66,78,0.0,0.0,0.213
66,79,0.0,0.0,0.199
66,8,0.0,0.001,0.136
66,80,0.0,0.0,0.22
66,81,0.0,0.0,0.216
66,82,0.0,0.0,0.215
66,83,0.0,0.0,0.22
66,84,0.0,0.0,0.211
66,85,0.0,0.0,0.212
66,86,0.0,0.0,0.21
66,87,0.0,0.0,0.219
66,88,0.0,0.0,0.22
66,89,0.0,0.0,0.211
66,9,0.0,0.001,0.139
66,90,0.0,0.0,0.21
66,91,0.0,0.0,0.21
66,92,0.0,0.0,0.206
66,93,0.0,0.0,0.222
66,94,0.0,0.0,0.208
66,95,0.0,0.0,0.21
66,96,0.0,0.0,0.196
66,97,0.0,0.0,0.192
66,98,0.0,0.0,0.187
66,99,0.0,0.0,0.191
67,10,0.0,0.0,0.144
67,100,0.0,0.0,0.197
67,101,0.0,0.0,0.194
67,102,0.0,0.0,0.183
67,103,0.0,0.0,0.188
67,104,0.0,0.0,0.184
67,105,0.0,0.001,0.177
67,106,0.0,0.001,0.185
67,107,0.0,0.001,0.176
67,108,0.001,0.002,0.17
67,109,0.0,0.002,0.181
67,11,0.0,0.0,0.161
67,110,0.001,0.003,0.175
67,111,0.002,0.006,0.166
67,112,0.002,0.005,0.173
67,113,0.002,0.006,0.173
67,114,0.006,0.014,0.159
67,115,0.007,0.016,0.158
67,116,0.01,0.02,0.154
67,117,0.011,0.022,0.154
67,118,0.019,0.035,0.142
67,119,0.015,0.029,0.147
67,12,0.0,0.0,0.143
67,120,0.019,0.036,0.141
67,121,0.02,0.037,0.14
67,122,0.017,0.033,0.143
67,123,0.016,0.031,0.143
67,124,0.01,0.021,0.153
67,125,0.013,0.025,0.148
67,126,0.009,0.018,0.156
67,127,0.013,0.026,0.146
67,128,0.013,0.025,0.147
67,129,0.008,0.017,0.157
67,13,0.0,0.001,0.14
67,130,0.011,0.023,0.149
67,131,0.017,0.032,0.14
67,132,0.011,0.023,0.15
67,133,0.016,0.032,0.141
67,134,0.015,0.028,0.145
67,135,0.02,0.038,0.138
67,136,0.013,0.026,0.148
67,137,0.009,0.018,0.157
67,138,0.012,0.025,0.149
67,139,0.007,0.015,0.161
67,14,0.0,0.0,0.145
67,140,0.005,0.012,0.167
67,141,0.004,0.009,0.171
67,142,0.004,0.01,0.167
67,143,0.003,0.008,0.171
67,144,0.003,0.007,0.169
67,145,0.002,0.005,0.172
67,146,0.001,0.002,0.185
67,147,0.002,0.004,0.171
67,148,0.001,0.002,0.181
67,149,0.0,0.001,0.191
67,15,0.0,0.0,0.144
67,150,0.0,0.001,0.186
67,151,0.0,0.001,0.196
67,152,0.0,0.0,0.205
67,153,0.0,0.0,0.211
67,154,0.0,0.0,0.208
67,155,0.0,0.0,0.208
67,156,0.0,0.0,0.218
67,157,0.0,0.0,0.211
67,158,0.0,0.0,0.219
67,159,0.0,0.0,0.241
67,16,0.0,0.0,0.156
67,160,0.0,0.0,0.234
67,161,0.0,0.0,0.223
67,162,0.0,0.0,0.225
67,163,0.0,0.0,0.238
67,164,0.0,0.0,0.225
67,165,0.0,0.0,0.245
67,166,0.0,0.0,0.24
67,167,0.0,0.0,0.223
67,168,0.0,0.0,0.231
67,169,0.0,0.0,0.231
67,17,0.0,0.0,0.161
67,170,0.0,0.0,0.237
67,171,0.0,0.0,0.241
67,172,0.0,0.0,0.239
67,173,0.0,0.0,0.232
67,174,0.0,0.0,0.236
67,175,0.0,0.0,0.246
67,176,0.0,0.0,0.246
67,177,0.0,0.0,0.249
67,178,0.0,0.0,0.234
67,179,0.0,0.0,0.248
67,18,0.0,0.0,0.166
67,180,0.0,0.0,0.239
67,181,0.0,0.0,0.234
67,182,0.0,0.0,0.233
67,183,0.0,0.0,0.223
67,184,0.0,0.0,0.226
67,185,0.0,0.0,0.239
67,186,0.0,0.0,0.24
67,187,0.0,0.0,0.236
67,188,0.0,0.0,0.236
67,189,0.0,0.0,0.242
67,19,0.0,0.0,0.167
67,190,0.0,0.0,0.246
67,191,0.0,0.0,0.228
67,192,0.0,0.0,0.237
67,193,0.0,0.0,0.242
67,194,0.0,0.0,0.238
67,195,0.0,0.0,0.231
67,196,0.0,0.0,0.227
67,197,0.0,0.0,0.236
67,198,0.0,0.0,0.234
67,199,0.0,0.0,0.222
67,20,0.0,0.0,0.153
67,200,0.0,0.0,0.229
67,201,0.0,0.0,0.239
67,202,0.0,0.0,0.226
67,203,0.0,0.0,0.229
67,204,0.0,0.0,0.225
67,205,0.0,0.0,0.217
67,206,0.0,0.0,0.214
67,207,0.0,0.0,0.222
67,208,0.0,0.0,0.219
67,209,0.0,0.0,0.228
67,21,0.0,0.0,0.167
67,210,0.0,0.0,0.219
67,211,0.0,0.0,0.206
67,212,0.0,0.0,0.212
67,213,0.0,0.0,0.21
67,214,0.0,0.0,0.191
67,215,0.0,0.0,0.193
67,216,0.0,0.0,0.212
67,217,0.0,0.0,0.191
67,218,0.0,0.0,0.201
67,219,0.0,0.0,0.191
67,22,0.0,0.0,0.168
67,220,0.0,0.0,0.193
67,221,0.0,0.0,0.2
67,222,0.0,0.0,0.196
67,223,0.0,0.0,0.189
67,224,0.0,0.0,0.198
67,225,0.0,0.0,0.2
67,226,0.0,0.0,0.19
67,227,0.0,0.0,0.185
67,228,0.0,0.0,0.198
67,229,0.0,0.0,0.205
67,23,0.0,0.0,0.16
67,230,0.0,0.0,0.186
67,231,0.0,0.0,0.185
67,232,0.0,0.0,0.184
67,233,0.0,0.0,0.189
67,234,0.0,0.0,0.188
67,235,0.0,0.001,0.178
67,236,0.0,0.001,0.177
67,237,0.0,0.001,0.178
67,238,0.001,0.002,0.168
67,239,0.001,0.003,0.164
67,24,0.0,0.0,0.157
67,240,0.001,0.003,0.164
67,241,0.001,0.002,0.17
67,242,0.002,0.004,0.161
67,243,0.003,0.008,0.153
67,244,0.002,0.005,0.164
67,245,0.005,0.011,0.15
67,246,0.006,0.013,0.15
67,247,0.007,0.016,0.148
67,248,0.005,0.011,0.158
67,249,0.006,0.012,0.159
67,25,0.0,0.0,0.172
67,250,0.009,0.02,0.151
67,251,0.009,0.018,0.155
67,26,0.0,0.0,0.161
67,27,0.0,0.0,0.159
67,28,0.0,0.0,0.157
67,29,0.0,0.0,0.163
67,30,0.0,0.0,0.16
67,31,0.0,0.0,0.165
67,32,0.0,0.0,0.176
67,33,0.0,0.0,0.163
67,34,0.0,0.0,0.156
67,35,0.0,0.0,0.163
67,36,0.0,0.0,0.165
67,37,0.0,0.0,0.174
67,38,0.0,0.0,0.167
67,39,0.0,0.0,0.167
67,40,0.0,0.0,0.171
67,41,0.0,0.0,0.184
67,42,0.0,0.0,0.189
67,43,0.0,0.0,0.184
67,44,0.0,0.0,0.175
67,45,0.0,0.0,0.169
67,46,0.0,0.0,0.185
67,47,0.0,0.0,0.171
67,48,0.0,0.0,0.183
67,49,0.0,0.0,0.188
67,50,0.0,0.0,0.173
67,51,0.0,0.0,0.193
67,52,0.0,0.0,0.184
67,53,0.0,0.0,0.186
67,54,0.0,0.0,0.193
67,55,0.0,0.0,0.192
67,56,0.0,0.0,0.19
67,57,0.0,0.0,0.211
67,58,0.0,0.0,0.201
67,59,0.0,0.0,0.185
67,6,0.0,0.0,0.152
67,60,0.0,0.0,0.185
67,61,0.0,0.0,0.184
67,62,0.0,0.0,0.192
67,63,0.0,0.0,0.21
67,64,0.0,0.0,0.204
67,65,0.0,0.0,0.208
67,66,0.0,0.0,0.209
67,67,0.0,0.0,0.203
67,68,0.0,0.0,0.197
67,69,0.0,0.0,0.19
67,7,0.0,0.0,0.15
67,70,0.0,0.0,0.201
67,71,0.0,0.0,0.192
67,72,0.0,0.0,0.199
67,73,0.0,0.0,0.201
67,74,0.0,0.0,0.206
67,75,0.0,0.0,0.197
67,76,0.0,0.0,0.204
67,77,0.0,0.0,0.207
67,78,0.0,0.0,0.205
67,79,0.0,0.0,0.194
67,8,0.0,0.0,0.155
67,80,0.0,0.0,0.203
67,81,0.0,0.0,0.195
67,82,0.0,0.0,0.211
67,83,0.0,0.0,0.199
67,84,0.0,0.0,0.191
67,85,0.0,0.0,0.191
67,86,0.0,0.0,0.19
67,87,0.0,0.0,0.202
67,88,0.0,0.0,0.205
67,89,0.0,0.0,0.195
67,9,0.0,0.001,0.138
67,90,0.0,0.0,0.186
67,91,0.0,0.0,0.196
67,92,0.0,0.0,0.202
67,93,0.0,0.0,0.192
67,94,0.0,0.0,0.194
67,95,0.0,0.0,0.191
67,96,0.0,0.0,0.185
67,97,0.0,0.0,0.186
67,98,0.0,0.0,0.187
67,99,0.0,0.0,0.186
68,10,0.0,0.001,0.131
68,100,0.0,0.0,0.204
68,101,0.0,0.0,0.188
68,102,0.0,0.0,0.179
68,103,0.0,0.0,0.19
68,104,0.0,0.001,0.175
68,105,0.0,0.001,0.179
68,106,0.0,0.001,0.177
68,107,0.0,0.001,0.171
68,108,0.001,0.003,0.165
68,109,0.0,0.002,0.177
68,11,0.0,0.001,0.131
68,110,0.001,0.003,0.17
68,111,0.0,0.001,0.187
68,112,0.001,0.002,0.185
68,113,0.002,0.004,0.177
68,114,0.002,0.006,0.173
68,115,0.004,0.01,0.165
68,116,0.005,0.012,0.165
68,117,0.004,0.009,0.172
68,118,0.006,0.014,0.166
68,119,0.011,0.022,0.156
68,12,0.001,0.002,0.127
68,120,0.008,0.017,0.162
68,121,0.008,0.016,0.164
68,122,0.006,0.014,0.167
68,123,0.008,0.017,0.163
68,124,0.015,0.029,0.149
68,125,0.034,0.059,0.13
68,126,0.026,0.046,0.136
68,127,0.025,0.045,0.137
68,128,0.027,0.049,0.134
68,129,0.033,0.058,0.129
68,13,0.0,0.0,0.141
68,130,0.021,0.039,0.14
68,131,0.028,0.051,0.133
68,132,0.027,0.049,0.134
68,133,0.039,0.066,0.125
68,134,0.047,0.078,0.12
68,135,0.035,0.06,0.128
68,136,0.026,0.048,0.134
68,137,0.029,0.052,0.132
68,138,0.035,0.06,0.127
68,139,0.021,0.04,0.138
68,14,0.0,0.0,0.143
68,140,0.023,0.043,0.134
68,141,0.012,0.024,0.148
68,142,0.017,0.033,0.138
68,143,0.009,0.019,0.149
68,144,0.005,0.011,0.158
68,145,0.004,0.009,0.159
68,146,0.002,0.005,0.167
68,147,0.001,0.003,0.177
68,148,0.0,0.001,0.187
68,149,0.001,0.002,0.177
68,15,0.0,0.001,0.137
68,150,0.0,0.001,0.181
68,151,0.0,0.0,0.195
68,152,0.0,0.0,0.202
68,153,0.0,0.0,0.198
68,154,0.0,0.0,0.202
68,155,0.0,0.0,0.206
68,156,0.0,0.0,0.214
68,157,0.0,0.0,0.214
68,158,0.0,0.0,0.224
68,159,0.0,0.0,0.212
68,16,0.0,0.0,0.144
68,160,0.0,0.0,0.219
68,161,0.0,0.0,0.224
68,162,0.0,0.0,0.223
68,163,0.0,0.0,0.218
68,164,0.0,0.0,0.224
68,165,0.0,0.0,0.229
68,166,0.0,0.0,0.232
68,167,0.0,0.0,0.23
68,168,0.0,0.0,0.239
68,169,0.0,0.0,0.239
68,17,0.0,0.0,0.143
68,170,0.0,0.0,0.243
68,171,0.0,0.0,0.243
68,172,0.0,0.0,0.246
68,173,0.0,0.0,0.247
68,174,0.0,0.0,0.249
68,175,0.0,0.0,0.249
68,176,0.0,0.0,0.256
68,177,0.0,0.0,0.245
68,178,0.0,0.0,0.252
68,179,0.0,0.0,0.253
68,18,0.0,0.0,0.145
68,180,0.0,0.0,0.243
68,181,0.0,0.0,0.243
68,182,0.0,0.0,0.249
68,183,0.0,0.0,0.246
68,184,0.0,0.0,0.247
68,185,0.0,0.0,0.243
68,186,0.0,0.0,0.24
68,187,0.0,0.0,0.232
68,188,0.0,0.0,0.227
68,189,0.0,0.0,0.223
68,19,0.0,0.0,0.141
68,190,0.0,0.0,0.23
68,191,0.0,0.0,0.233
68,192,0.0,0.0,0.237
68,193,0.0,0.0,0.219
68,194,0.0,0.0,0.219
68,195,0.0,0.0,0.238
68,196,0.0,0.0,0.235
68,197,0.0,0.0,0.229
68,198,0.0,0.0,0.232
68,199,0.0,0.0,0.227
68,20,0.0,0.001,0.136
68,200,0.0,0.0,0.228
68,201,0.0,0.0,0.223
68,202,0.0,0.0,0.219
68,203,0.0,0.0,0.223
68,204,0.0,0.0,0.227
68,205,0.0,0.0,0.23
68,206,0.0,0.0,0.226
68,207,0.0,0.0,0.226
68,208,0.0,0.0,0.224
68,209,0.0,0.0,0.215
68,21,0.0,0.0,0.147
68,210,0.0,0.0,0.21
68,211,0.0,0.0,0.216
68,212,0.0,0.0,0.21
68,213,0.0,0.0,0.211
68,214,0.0,0.0,0.201
68,215,0.0,0.0,0.208
68,216,0.0,0.0,0.194
68,217,0.0,0.0,0.194
68,218,0.0,0.0,0.205
68,219,0.0,0.0,0.182
68,22,0.001,0.002,0.126
68,220,0.0,0.0,0.188
68,221,0.0,0.0,0.191
68,222,0.0,0.0,0.191
68,223,0.0,0.0,0.199
68,224,0.0,0.0,0.195
68,225,0.0,0.0,0.19
68,226,0.0,0.0,0.19
68,227,0.0,0.0,0.193
68,228,0.0,0.0,0.189
68,229,0.0,0.0,0.195
68,23,0.0,0.001,0.13
68,230,0.0,0.0,0.186
68,231,0.0,0.0,0.182
68,232,0.0,0.001,0.175
68,233,0.0,0.001,0.171
68,234,0.0,0.001,0.168
68,235,0.0,0.002,0.168
68,236,0.001,0.002,0.169
68,237,0.001,0.002,0.165
68,238,0.0,0.001,0.179
68,239,0.001,0.003,0.162
68,24,0.0,0.001,0.13
68,240,0.001,0.003,0.165
68,241,0.002,0.005,0.159
68,242,0.001,0.003,0.169
68,243,0.001,0.004,0.165
68,244,0.005,0.011,0.148
68,245,0.004,0.009,0.155
68,246,0.003,0.007,0.163
68,247,0.003,0.008,0.162
68,248,0.005,0.012,0.158
68,249,0.006,0.013,0.158
68,25,0.0,0.001,0.138
68,250,0.004,0.01,0.166
68,251,0.005,0.011,0.168
68,26,0.0,0.0,0.148
68,27,0.0,0.0,0.152
68,28,0.0,0.001,0.143
68,29,0.0,0.0,0.155
68,30,0.0,0.0,0.144
68,31,0.0,0.0,0.156
68,32,0.0,0.0,0.152
68,33,0.0,0.0,0.155
68,34,0.0,0.0,0.164
68,35,0.0,0.0,0.156
68,36,0.0,0.0,0.163
68,37,0.0,0.0,0.153
68,38,0.0,0.0,0.152
68,39,0.0,0.0,0.155
68,40,0.0,0.0,0.158
68,41,0.0,0.0,0.161
68,42,0.0,0.001,0.152
68,43,0.0,0.0,0.156
68,44,0.0,0.0,0.157
68,45,0.0,0.0,0.165
68,46,0.0,0.0,0.161
68,47,0.0,0.0,0.16
68,48,0.0,0.0,0.163
68,49,0.001,0.002,0.143
68,50,0.0,0.001,0.159
68,51,0.0,0.001,0.156
68,52,0.0,0.0,0.171
68,53,0.0,0.0,0.166
68,54,0.0,0.0,0.167
68,55,0.0,0.001,0.161
68,56,0.0,0.0,0.176
68,57,0.0,0.0,0.171
68,58,0.0,0.0,0.173
68,59,0.0,0.0,0.179
68,6,0.002,0.005,0.121
68,60,0.0,0.0,0.18
68,61,0.0,0.0,0.188
68,62,0.0,0.0,0.187
68,63,0.0,0.0,0.186
68,64,0.0,0.0,0.19
68,65,0.0,0.0,0.206
68,66,0.0,0.0,0.199
68,67,0.0,0.0,0.199
68,68,0.0,0.0,0.197
68,69,0.0,0.0,0.191
68,7,0.001,0.002,0.13
68,70,0.0,0.0,0.198
68,71,0.0,0.0,0.207
68,72,0.0,0.0,0.201
68,73,0.0,0.0,0.201
68,74,0.0,0.0,0.204
68,75,0.0,0.0,0.201
68,76,0.0,0.0,0.205
68,77,0.0,0.0,0.198
68,78,0.0,0.0,0.186
68,79,0.0,0.0,0.189
68,8,0.0,0.001,0.136
68,80,0.0,0.0,0.196
68,81,0.0,0.0,0.19
68,82,0.0,0.0,0.192
68,83,0.0,0.0,0.185
68,84,0.0,0.0,0.182
68,85,0.0,0.0,0.189
68,86,0.0,0.0,0.19
68,87,0.0,0.0,0.19
68,88,0.0,0.0,0.191
68,89,0.0,0.0,0.188
68,9,0.001,0.002,0.128
68,90,0.0,0.0,0.194
68,91,0.0,0.0,0.207
68,92,0.0,0.0,0.203
68,93,0.0,0.0,0.182
68,94,0.0,0.0,0.184
68,95,0.0,0.0,0.194
68,96,0.0,0.0,0.189
68,97,0.0,0.0,0.187
68,98,0.0,0.0,0.191
68,99,0.0,0.0,0.188
69,10,0.0,0.0,0.163
69,100,0.0,0.0,0.2
69,101,0.0,0.0,0.203
69,102,0.0,0.0,0.195
69,103,0.0,0.0,0.194
69,104,0.0,0.0,0.206
69,105,0.0,0.0,0.189
69,106,0.0,0.0,0.188
69,107,0.0,0.0,0.205
69,108,0.0,0.0,0.198
69,109,0.0,0.0,0.201
69,11,0.0,0.0,0.164
69,110,0.0,0.0,0.2
69,111,0.0,0.0,0.203
69,112,0.001,0.002,0.181
69,113,0.0,0.001,0.193
69,114,0.0,0.001,0.204
69,115,0.0,0.002,0.198
69,116,0.001,0.002,0.194
69,117,0.001,0.004,0.188
69,118,0.001,0.004,0.192
69,119,0.003,0.008,0.178
69,12,0.0,0.0,0.156
69,120,0.007,0.015,0.165
69,121,0.006,0.013,0.17
69,122,0.005,0.012,0.173
69,123,0.006,0.013,0.173
69,124,0.005,0.012,0.174
69,125,0.006,0.013,0.173
69,126,0.006,0.013,0.172
69,127,0.009,0.018,0.164
69,128,0.018,0.035,0.148
69,129,0.012,0.025,0.157
69,13,0.0,0.0,0.163
69,130,0.017,0.032,0.149
69,131,0.018,0.034,0.148
69,132,0.017,0.033,0.148
69,133,0.015,0.03,0.15
69,134,0.019,0.036,0.144
69,135,0.016,0.031,0.147
69,136,0.011,0.022,0.156
69,137,0.02,0.037,0.14
69,138,0.01,0.021,0.153
69,139,0.005,0.011,0.167
69,14,0.0,0.0,0.165
69,140,0.005,0.011,0.165
69,141,0.006,0.014,0.158
69,142,0.003,0.008,0.168
69,143,0.003,0.007,0.167
69,144,0.001,0.003,0.179
69,145,0.0,0.001,0.191
69,146,0.0,0.0,0.204
69,147,0.0,0.001,0.199
69,148,0.0,0.0,0.206
69,149,0.0,0.0,0.217
69,15,0.0,0.0,0.17
69,150,0.0,0.0,0.216
69,151,0.0,0.0,0.203
69,152,0.0,0.0,0.207
69,153,0.0,0.0,0.236
69,154,0.0,0.0,0.21
69,155,0.0,0.0,0.21
69,156,0.0,0.0,0.226
69,157,0.0,0.0,0.226
69,158,0.0,0.0,0.221
69,159,0.0,0.0,0.226
69,16,0.0,0.0,0.158
69,160,0.0,0.0,0.239
69,161,0.0,0.0,0.239
69,162,0.0,0.0,0.247
69,163,0.0,0.0,0.241
69,164,0.0,0.0,0.239
69,165,0.0,0.0,0.227
69,166,0.0,0.0,0.243
69,167,0.0,0.0,0.25
69,168,0.0,0.0,0.246
69,169,0.0,0.0,0.234
69,17,0.0,0.0,0.171
69,170,0.0,0.0,0.236
69,171,0.0,0.0,0.253
69,172,0.0,0.0,0.245
69,173,0.0,0.0,0.247
69,174,0.0,0.0,0.241
69,175,0.0,0.0,0.235
69,176,0.0,0.0,0.232
69,177,0.0,0.0,0.243
69,178,0.0,0.0,0.248
69,179,0.0,0.0,0.23
69,18,0.0,0.0,0.17
69,180,0.0,0.0,0.253
69,181,0.0,0.0,0.246
69,182,0.0,0.0,0.238
69,183,0.0,0.0,0.236
69,184,0.0,0.0,0.234
69,185,0.0,0.0,0.233
69,186,0.0,0.0,0.242
69,187,0.0,0.0,0.244
69,188,0.0,0.0,0.242
69,189,0.0,0.0,0.249
69,19,0.0,0.0,0.175
69,190,0.0,0.0,0.24
69,191,0.0,0.0,0.253
69,192,0.0,0.0,0.245
69,193,0.0,0.0,0.238
69,194,0.0,0.0,0.244
69,195,0.0,0.0,0.25
69,196,0.0,0.0,0.25
69,197,0.0,0.0,0.255
69,198,0.0,0.0,0.248
69,199,0.0,0.0,0.231
69,20,0.0,0.0,0.18
69,200,0.0,0.0,0.248
69,201,0.0,0.0,0.244
69,202,0.0,0.0,0.249
69,203,0.0,0.0,0.232
69,204,0.0,0.0,0.246
69,205,0.0,0.0,0.233
69,206,0.0,0.0,0.226
69,207,0.0,0.0,0.222
69,208,0.0,0.0,0.227
69,209,0.0,0.0,0.229
69,21,0.0,0.0,0.17
69,210,0.0,0.0,0.234
69,211,0.0,0.0,0.224
69,212,0.0,0.0,0.219
69,213,0.0,0.0,0.214
69,214,0.0,0.0,0.222
69,215,0.0,0.0,0.216
69,216,0.0,0.0,0.235
69,217,0.0,0.0,0.224
69,218,0.0,0.0,0.215
69,219,0.0,0.0,0.213
69,22,0.0,0.0,0.173
69,220,0.0,0.0,0.22
69,221,0.0,0.0,0.225
69,222,0.0,0.0,0.209
69,223,0.0,0.0,0.211
69,224,0.0,0.0,0.213
69,225,0.0,0.0,0.22
69,226,0.0,0.0,0.206
69,227,0.0,0.0,0.209
69,228,0.0,0.0,0.192
69,229,0.0,0.0,0.201
69,23,0.0,0.0,0.173
69,230,0.0,0.0,0.189
69,231,0.0,0.0,0.195
69,232,0.0,0.0,0.198
69,233,0.0,0.0,0.204
69,234,0.0,0.0,0.196
69,235,0.0,0.0,0.19
69,236,0.0,0.001,0.184
69,237,0.0,0.001,0.186
69,238,0.0,0.001,0.176
69,239,0.001,0.002,0.174
69,24,0.0,0.0,0.182
69,240,0.0,0.001,0.179
69,241,0.001,0.002,0.171
69,242,0.002,0.005,0.162
69,243,0.002,0.006,0.16
69,244,0.005,0.012,0.149
69,245,0.006,0.013,0.149
69,246,0.006,0.013,0.151
69,247,0.004,0.01,0.161
69,248,0.008,0.018,0.15
69,249,0.008,0.017,0.155
69,25,0.0,0.0,0.172
69,250,0.006,0.013,0.162
69,251,0.008,0.018,0.158
69,26,0.0,0.0,0.167
69,27,0.0,0.0,0.158
69,28,0.0,0.0,0.172
69,29,0.0,0.0,0.158
69,30,0.0,0.0,0.169
69,31,0.0,0.0,0.163
69,32,0.0,0.0,0.165
69,33,0.0,0.0,0.157
69,34,0.0,0.0,0.154
69,35,0.0,0.0,0.165
69,36,0.0,0.0,0.159
69,37,0.0,0.0,0.164
69,38,0.0,0.0,0.154
69,39,0.0,0.0,0.177
69,40,0.0,0.0,0.179
69,41,0.0,0.0,0.165
69,42,0.0,0.0,0.174
69,43,0.0,0.0,0.17
69,44,0.0,0.0,0.176
69,45,0.0,0.0,0.176
69,46,0.0,0.0,0.178
69,47,0.0,0.0,0.173
69,48,0.0,0.0,0.187
69,49,0.0,0.0,0.187
69,50,0.0,0.0,0.189
69,51,0.0,0.0,0.187
69,52,0.0,0.0,0.183
69,53,0.0,0.0,0.184
69,54,0.0,0.0,0.178
69,55,0.0,0.0,0.194
69,56,0.0,0.0,0.193
69,57,0.0,0.0,0.207
69,58,0.0,0.0,0.2
69,59,0.0,0.0,0.208
69,6,0.0,0.0,0.161
69,60,0.0,0.0,0.207
69,61,0.0,0.0,0.199
69,62,0.0,0.0,0.208
69,63,0.0,0.0,0.201
69,64,0.0,0.0,0.2
69,65,0.0,0.0,0.2
69,66,0.0,0.0,0.2
69,67,0.0,0.0,0.188
69,68,0.0,0.0,0.211
69,69,0.0,0.0,0.2
69,7,0.0,0.0,0.161
69,70,0.0,0.0,0.204
69,71,0.0,0.0,0.209
69,72,0.0,0.0,0.21
69,73,0.0,0.0,0.196
69,74,0.0,0.0,0.2
69,75,0.0,0.0,0.219
69,76,0.0,0.0,0.202
69,77,0.0,0.0,0.204
69,78,0.0,0.0,0.199
69,79,0.0,0.0,0.209
69,8,0.0,0.0,0.176
69,80,0.0,0.0,0.221
69,81,0.0,0.0,0.213
69,82,0.0,0.0,0.218
69,83,0.0,0.0,0.221
69,84,0.0,0.0,0.214
69,85,0.0,0.0,0.202
69,86,0.0,0.0,0.203
69,87,0.0,0.0,0.213
69,88,0.0,0.0,0.217
69,89,0.0,0.0,0.218
69,9,0.0,0.0,0.149
69,90,0.0,0.0,0.22
69,91,0.0,0.0,0.207
69,92,0.0,0.0,0.212
69,93,0.0,0.0,0.214
69,94,0.0,0.0,0.226
69,95,0.0,0.0,0.206
69,96,0.0,0.0,0.196
69,97,0.0,0.0,0.218
69,98,0.0,0.0,0.207
69,99,0.0,0.0,0.214
7,10,0.02,0.037,0.079
7,100,0.0,0.0,0.143
7,101,0.0,0.0,0.15
7,102,0.0,0.0,0.146
7,103,0.0,0.0,0.149
7,104,0.0,0.0,0.153
7,105,0.001,0.002,0.126
7,106,0.001,0.004,0.12
7,107,0.0,0.001,0.141
7,108,0.0,0.001,0.137
7,109,0.001,0.002,0.131
7,11,0.015,0.029,0.082
7,110,0.0,0.002,0.133
7,111,0.001,0.002,0.13
7,112,0.0,0.001,0.136
7,113,0.0,0.0,0.149
7,114,0.0,0.0,0.154
7,115,0.0,0.0,0.147
7,116,0.0,0.001,0.147
7,117,0.0,0.0,0.155
7,118,0.0,0.001,0.147
7,119,0.0,0.001,0.147
7,12,0.006,0.014,0.091
7,120,0.0,0.001,0.148
7,121,0.0,0.001,0.148
7,122,0.0,0.0,0.149
7,123,0.0,0.001,0.147
7,124,0.0,0.0,0.154
7,125,0.0,0.001,0.142
7,126,0.0,0.001,0.147
7,127,0.0,0.001,0.145
7,128,0.0,0.001,0.145
7,129,0.0,0.001,0.142
7,13,0.003,0.007,0.099
7,130,0.0,0.001,0.149
7,131,0.0,0.001,0.146
7,132,0.0,0.001,0.144
7,133,0.0,0.001,0.148
7,134,0.0,0.0,0.158
7,135,0.0,0.001,0.15
7,136,0.0,0.001,0.149
7,137,0.0,0.001,0.146
7,138,0.0,0.0,0.159
7,139,0.0,0.0,0.157
7,14,0.008,0.017,0.087
7,140,0.0,0.001,0.151
7,141,0.0,0.001,0.148
7,142,0.0,0.001,0.143
7,143,0.0,0.0,0.163
7,144,0.0,0.001,0.15
7,145,0.0,0.001,0.144
7,146,0.0,0.001,0.151
7,147,0.0,0.0,0.161
7,148,0.0,0.0,0.166
7,149,0.0,0.0,0.168
7,15,0.002,0.005,0.101
7,150,0.0,0.0,0.166
7,151,0.0,0.0,0.168
7,152,0.0,0.0,0.166
7,153,0.0,0.0,0.159
7,154,0.0,0.0,0.167
7,155,0.0,0.0,0.173
7,156,0.0,0.0,0.164
7,157,0.0,0.0,0.167
7,158,0.0,0.0,0.162
7,159,0.0,0.001,0.156
7,16,0.006,0.013,0.089
7,160,0.0,0.0,0.167
7,161,0.0,0.0,0.175
7,162,0.0,0.0,0.169
7,163,0.0,0.0,0.168
7,164,0.0,0.0,0.165
7,165,0.0,0.0,0.18
7,166,0.0,0.0,0.167
7,167,0.0,0.0,0.163
7,168,0.0,0.0,0.163
7,169,0.0,0.0,0.164
7,17,0.007,0.014,0.088
7,170,0.0,0.001,0.158
7,171,0.0,0.001,0.156
7,172,0.001,0.002,0.144
7,173,0.003,0.007,0.127
7,174,0.002,0.005,0.134
7,175,0.001,0.004,0.137
7,176,0.002,0.004,0.136
7,177,0.005,0.011,0.122
7,178,0.004,0.009,0.125
7,179,0.007,0.015,0.118
7,18,0.011,0.023,0.082
7,180,0.003,0.008,0.128
7,181,0.008,0.017,0.117
7,182,0.01,0.02,0.115
7,183,0.004,0.009,0.128
7,184,0.006,0.014,0.122
7,185,0.012,0.025,0.112
7,186,0.01,0.021,0.116
7,187,0.009,0.02,0.118
7,188,0.01,0.02,0.118
7,189,0.005,0.011,0.13
7,19,0.003,0.007,0.097
7,190,0.009,0.02,0.12
7,191,0.013,0.026,0.116
7,192,0.015,0.03,0.114
7,193,0.006,0.014,0.129
7,194,0.013,0.026,0.118
7,195,0.008,0.016,0.128
7,196,0.021,0.038,0.111
7,197,0.022,0.04,0.111
7,198,0.007,0.016,0.131
7,199,0.015,0.029,0.12
7,20,0.013,0.025,0.08
7,200,0.014,0.027,0.121
7,201,0.022,0.041,0.113
7,202,0.012,0.024,0.126
7,203,0.013,0.026,0.125
7,204,0.025,0.046,0.113
7,205,0.031,0.055,0.11
7,206,0.027,0.049,0.113
7,207,0.029,0.052,0.113
7,208,0.019,0.037,0.121
7,209,0.024,0.044,0.118
7,21,0.01,0.02,0.083
7,210,0.019,0.036,0.123
7,211,0.017,0.032,0.126
7,212,0.034,0.059,0.113
7,213,0.02,0.038,0.124
7,214,0.033,0.057,0.115
7,215,0.047,0.078,0.108
7,216,0.038,0.065,0.114
7,217,0.067,0.105,0.101
7,218,0.053,0.086,0.107
7,219,0.034,0.059,0.118
7,22,0.008,0.017,0.085
7,220,0.038,0.066,0.116
7,221,0.037,0.063,0.118
7,222,0.036,0.062,0.119
7,223,0.043,0.072,0.115
7,224,0.021,0.04,0.131
7,225,0.025,0.045,0.129
7,226,0.035,0.06,0.122
7,227,0.03,0.054,0.125
7,228,0.01,0.021,0.148
7,229,0.033,0.057,0.124
7,23,0.012,0.024,0.081
7,230,0.01,0.022,0.15
7,231,0.018,0.034,0.139
7,232,0.017,0.033,0.14
7,233,0.01,0.02,0.153
7,234,0.01,0.021,0.152
7,235,0.012,0.024,0.149
7,236,0.014,0.028,0.146
7,237,0.011,0.023,0.151
7,238,0.01,0.02,0.155
7,239,0.01,0.021,0.155
7,24,0.014,0.028,0.079
7,240,0.01,0.021,0.155
7,241,0.013,0.026,0.151
7,242,0.016,0.031,0.147
7,243,0.007,0.016,0.164
7,244,0.007,0.016,0.165
7,245,0.01,0.02,0.161
7,246,0.011,0.022,0.159
7,247,0.012,0.024,0.158
7,248,0.013,0.027,0.157
7,249,0.01,0.02,0.165
7,25,0.007,0.015,0.086
7,250,0.006,0.014,0.176
7,251,0.007,0.015,0.176
7,26,0.015,0.029,0.078
7,27,0.01,0.021,0.082
7,28,0.016,0.031,0.077
7,29,0.025,0.045,0.072
7,30,0.007,0.016,0.086
7,31,0.01,0.02,0.083
7,32,0.024,0.044,0.072
7,33,0.013,0.026,0.08
7,34,0.003,0.008,0.094
7,35,0.01,0.021,0.082
7,36,0.009,0.019,0.084
7,37,0.011,0.023,0.081
7,38,0.007,0.016,0.087
7,39,0.005,0.011,0.092
7,40,0.011,0.023,0.082
7,41,0.01,0.02,0.084
7,42,0.004,0.009,0.093
7,43,0.002,0.005,0.101
7,44,0.003,0.008,0.095
7,45,0.005,0.011,0.092
7,46,0.001,0.004,0.105
7,47,0.0,0.001,0.118
7,48,0.002,0.006,0.1
7,49,0.003,0.008,0.096
7,50,0.001,0.003,0.107
7,51,0.004,0.009,0.095
7,52,0.001,0.004,0.106
7,53,0.003,0.008,0.098
7,54,0.004,0.008,0.097
7,55,0.004,0.008,0.097
7,56,0.005,0.012,0.092
7,57,0.001,0.003,0.11
7,58,0.004,0.009,0.096
7,59,0.004,0.009,0.096
7,60,0.004,0.01,0.096
7,61,0.004,0.009,0.098
7,62,0.002,0.005,0.104
7,63,0.001,0.003,0.11
7,64,0.003,0.008,0.099
7,65,0.003,0.007,0.101
7,66,0.001,0.002,0.118
7,67,0.002,0.006,0.104
7,68,0.001,0.003,0.112
7,69,0.001,0.003,0.113
7,7,0.031,0.054,0.075
7,70,0.003,0.007,0.103
7,71,0.001,0.002,0.119
7,72,0.001,0.002,0.119
7,73,0.001,0.004,0.112
7,74,0.001,0.004,0.111
7,75,0.003,0.007,0.105
7,76,0.001,0.003,0.114
7,77,0.0,0.001,0.126
7,78,0.0,0.001,0.124
7,79,0.0,0.001,0.124
7,8,0.016,0.03,0.083
7,80,0.001,0.003,0.114
7,81,0.0,0.001,0.128
7,82,0.001,0.002,0.119
7,83,0.0,0.001,0.128
7,84,0.0,0.001,0.132
7,85,0.0,0.001,0.131
7,86,0.0,0.001,0.135
7,87,0.0,0.0,0.142
7,88,0.0,0.0,0.14
7,89,0.0,0.001,0.134
7,9,0.007,0.014,0.093
7,90,0.0,0.0,0.139
7,91,0.0,0.0,0.145
7,92,0.0,0.0,0.152
7,93,0.0,0.001,0.137
7,94,0.0,0.001,0.136
7,95,0.0,0.001,0.138
7,96,0.0,0.0,0.152
7,97,0.0,0.0,0.145
7,98,0.0,0.0,0.146
7,99,0.0,0.0,0.147
70,10,0.0,0.001,0.141
70,100,0.0,0.0,0.19
70,101,0.0,0.0,0.188
70,102,0.0,0.0,0.203
70,103,0.0,0.0,0.19
70,104,0.0,0.0,0.185
70,105,0.0,0.0,0.187
70,106,0.0,0.0,0.189
70,107,0.0,0.0,0.195
70,108,0.0,0.0,0.193
70,109,0.0,0.0,0.202
70,11,0.0,0.0,0.143
70,110,0.0,0.0,0.192
70,111,0.001,0.002,0.169
70,112,0.0,0.001,0.184
70,113,0.0,0.001,0.185
70,114,0.001,0.002,0.183
70,115,0.001,0.002,0.189
70,116,0.0,0.001,0.196
70,117,0.001,0.003,0.186
70,118,0.002,0.004,0.183
70,119,0.001,0.002,0.2
70,12,0.0,0.0,0.146
70,120,0.001,0.002,0.204
70,121,0.003,0.008,0.177
70,122,0.003,0.007,0.183
70,123,0.003,0.008,0.182
70,124,0.004,0.01,0.178
70,125,0.006,0.012,0.174
70,126,0.007,0.014,0.171
70,127,0.005,0.012,0.175
70,128,0.008,0.016,0.168
70,129,0.01,0.021,0.161
70,13,0.0,0.0,0.14
70,130,0.007,0.015,0.168
70,131,0.009,0.019,0.162
70,132,0.01,0.021,0.16
70,133,0.011,0.022,0.158
70,134,0.013,0.025,0.152
70,135,0.01,0.021,0.156
70,136,0.011,0.023,0.152
70,137,0.006,0.012,0.165
70,138,0.009,0.019,0.152
70,139,0.012,0.024,0.145
70,14,0.0,0.0,0.152
70,140,0.006,0.014,0.156
70,141,0.005,0.012,0.156
70,142,0.003,0.008,0.162
70,143,0.002,0.004,0.171
70,144,0.001,0.002,0.183
70,145,0.001,0.003,0.172
70,146,0.0,0.0,0.203
70,147,0.001,0.002,0.177
70,148,0.0,0.0,0.205
70,149,0.0,0.0,0.199
70,15,0.0,0.0,0.143
70,150,0.0,0.0,0.204
70,151,0.0,0.0,0.204
70,152,0.0,0.0,0.196
70,153,0.0,0.0,0.216
70,154,0.0,0.0,0.226
70,155,0.0,0.0,0.227
70,156,0.0,0.0,0.228
70,157,0.0,0.0,0.225
70,158,0.0,0.0,0.232
70,159,0.0,0.0,0.226
70,16,0.0,0.0,0.146
70,160,0.0,0.0,0.228
70,161,0.0,0.0,0.226
70,162,0.0,0.0,0.24
70,163,0.0,0.0,0.248
70,164,0.0,0.0,0.249
70,165,0.0,0.0,0.248
70,166,0.0,0.0,0.252
70,167,0.0,0.0,0.263
70,168,0.0,0.0,0.254
70,169,0.0,0.0,0.255
70,17,0.0,0.001,0.138
70,170,0.0,0.0,0.256
70,171,0.0,0.0,0.256
70,172,0.0,0.0,0.252
70,173,0.0,0.0,0.247
70,174,0.0,0.0,0.255
70,175,0.0,0.0,0.251
70,176,0.0,0.0,0.249
70,177,0.0,0.0,0.252
70,178,0.0,0.0,0.247
70,179,0.0,0.0,0.238
70,18,0.0,0.001,0.135
70,180,0.0,0.0,0.25
70,181,0.0,0.0,0.243
70,182,0.0,0.0,0.24
70,183,0.0,0.0,0.236
70,184,0.0,0.0,0.246
70,185,0.0,0.0,0.25
70,186,0.0,0.0,0.241
70,187,0.0,0.0,0.244
70,188,0.0,0.0,0.241
70,189,0.0,0.0,0.237
70,19,0.0,0.0,0.14
70,190,0.0,0.0,0.22
70,191,0.0,0.0,0.222
70,192,0.0,0.0,0.232
70,193,0.0,0.0,0.226
70,194,0.0,0.0,0.229
70,195,0.0,0.0,0.238
70,196,0.0,0.0,0.228
70,197,0.0,0.0,0.226
70,198,0.0,0.0,0.224
70,199,0.0,0.0,0.229
70,20,0.0,0.0,0.148
70,200,0.0,0.0,0.226
70,201,0.0,0.0,0.231
70,202,0.0,0.0,0.238
70,203,0.0,0.0,0.243
70,204,0.0,0.0,0.236
70,205,0.0,0.0,0.231
70,206,0.0,0.0,0.228
70,207,0.0,0.0,0.225
70,208,0.0,0.0,0.226
70,209,0.0,0.0,0.221
70,21,0.0,0.0,0.15
70,210,0.0,0.0,0.223
70,211,0.0,0.0,0.22
70,212,0.0,0.0,0.216
70,213,0.0,0.0,0.218
70,214,0.0,0.0,0.221
70,215,0.0,0.0,0.214
70,216,0.0,0.0,0.211
70,217,0.0,0.0,0.212
70,218,0.0,0.0,0.208
70,219,0.0,0.0,0.205
70,22,0.0,0.0,0.144
70,220,0.0,0.0,0.212
70,221,0.0,0.0,0.202
70,222,0.0,0.0,0.196
70,223,0.0,0.0,0.199
70,224,0.0,0.0,0.197
70,225,0.0,0.0,0.197
70,226,0.0,0.0,0.19
70,227,0.0,0.0,0.195
70,228,0.0,0.0,0.203
70,229,0.0,0.0,0.191
70,23,0.0,0.001,0.132
70,230,0.0,0.0,0.192
70,231,0.0,0.0,0.194
70,232,0.0,0.0,0.203
70,233,0.0,0.0,0.189
70,234,0.0,0.001,0.184
70,235,0.0,0.001,0.184
70,236,0.001,0.002,0.167
70,237,0.001,0.003,0.165
70,238,0.001,0.002,0.172
70,239,0.001,0.002,0.171
70,24,0.0,0.0,0.142
70,240,0.002,0.006,0.156
70,241,0.002,0.006,0.158
70,242,0.004,0.009,0.151
70,243,0.005,0.012,0.148
70,244,0.009,0.019,0.141
70,245,0.006,0.014,0.15
70,246,0.016,0.031,0.134
70,247,0.014,0.028,0.139
70,248,0.02,0.038,0.134
70,249,0.031,0.054,0.127
70,25,0.0,0.001,0.13
70,250,0.054,0.087,0.115
70,251,0.088,0.134,0.103
70,26,0.001,0.002,0.128
70,27,0.0,0.0,0.145
70,28,0.0,0.001,0.136
70,29,0.0,0.001,0.14
70,30,0.0,0.001,0.141
70,31,0.0,0.0,0.145
70,32,0.0,0.0,0.149
70,33,0.0,0.0,0.15
70,34,0.0,0.0,0.152
70,35,0.0,0.001,0.147
70,36,0.0,0.0,0.154
70,37,0.0,0.0,0.153
70,38,0.0,0.0,0.163
70,39,0.0,0.001,0.149
70,40,0.0,0.0,0.156
70,41,0.0,0.0,0.156
70,42,0.0,0.0,0.158
70,43,0.0,0.0,0.166
70,44,0.0,0.0,0.157
70,45,0.0,0.001,0.155
70,46,0.0,0.0,0.162
70,47,0.0,0.0,0.174
70,48,0.0,0.0,0.168
70,49,0.0,0.0,0.167
70,50,0.0,0.0,0.171
70,51,0.0,0.0,0.16
70,52,0.0,0.0,0.161
70,53,0.0,0.0,0.173
70,54,0.0,0.0,0.182
70,55,0.0,0.0,0.184
70,56,0.0,0.0,0.183
70,57,0.0,0.0,0.178
70,58,0.0,0.0,0.18
70,59,0.0,0.0,0.177
70,6,0.0,0.001,0.143
70,60,0.0,0.0,0.193
70,61,0.0,0.0,0.179
70,62,0.0,0.0,0.181
70,63,0.0,0.0,0.175
70,64,0.0,0.0,0.184
70,65,0.0,0.0,0.199
70,66,0.0,0.0,0.204
70,67,0.0,0.0,0.199
70,68,0.0,0.0,0.185
70,69,0.0,0.0,0.19
70,7,0.0,0.001,0.138
70,70,0.0,0.0,0.189
70,71,0.0,0.0,0.199
70,72,0.0,0.0,0.205
70,73,0.0,0.0,0.204
70,74,0.0,0.0,0.207
70,75,0.0,0.0,0.204
70,76,0.0,0.0,0.213
70,77,0.0,0.0,0.22
70,78,0.0,0.0,0.226
70,79,0.0,0.0,0.229
70,8,0.0,0.001,0.139
70,80,0.0,0.0,0.213
70,81,0.0,0.0,0.214
70,82,0.0,0.0,0.211
70,83,0.0,0.0,0.22
70,84,0.0,0.0,0.208
70,85,0.0,0.0,0.22
70,86,0.0,0.0,0.225
70,87,0.0,0.0,0.213
70,88,0.0,0.0,0.222
70,89,0.0,0.0,0.21
70,9,0.0,0.0,0.156
70,90,0.0,0.0,0.213
70,91,0.0,0.0,0.208
70,92,0.0,0.0,0.203
70,93,0.0,0.0,0.203
70,94,0.0,0.0,0.203
70,95,0.0,0.0,0.212
70,96,0.0,0.0,0.197
70,97,0.0,0.0,0.196
70,98,0.0,0.0,0.2
70,99,0.0,0.0,0.194
71,10,0.005,0.012,0.103
71,100,0.0,0.0,0.199
71,101,0.0,0.0,0.216
71,102,0.0,0.0,0.202
71,103,0.0,0.0,0.206
71,104,0.0,0.0,0.197
71,105,0.0,0.0,0.202
71,106,0.0,0.0,0.205
71,107,0.0,0.0,0.198
71,108,0.0,0.0,0.203
71,109,0.0,0.0,0.189
71,11,0.003,0.007,0.108
71,110,0.0,0.0,0.189
71,111,0.0,0.0,0.203
71,112,0.0,0.0,0.2
71,113,0.0,0.0,0.204
71,114,0.0,0.0,0.212
71,115,0.0,0.0,0.203
71,116,0.0,0.001,0.203
71,117,0.0,0.001,0.191
71,118,0.0,0.0,0.212
71,119,0.0,0.001,0.205
71,12,0.003,0.008,0.106
71,120,0.0,0.001,0.204
71,121,0.001,0.002,0.201
71,122,0.003,0.006,0.178
71,123,0.002,0.005,0.187
71,124,0.001,0.002,0.21
71,125,0.002,0.005,0.189
71,126,0.001,0.004,0.196
71,127,0.002,0.005,0.191
71,128,0.002,0.005,0.191
71,129,0.001,0.004,0.196
71,13,0.0,0.001,0.133
71,130,0.003,0.007,0.181
71,131,0.003,0.008,0.178
71,132,0.007,0.015,0.164
71,133,0.008,0.017,0.16
71,134,0.003,0.008,0.175
71,135,0.004,0.009,0.17
71,136,0.003,0.008,0.172
71,137,0.006,0.014,0.157
71,138,0.002,0.004,0.178
71,139,0.0,0.001,0.196
71,14,0.0,0.001,0.136
71,140,0.001,0.002,0.186
71,141,0.0,0.001,0.19
71,142,0.0,0.001,0.189
71,143,0.0,0.001,0.185
71,144,0.0,0.001,0.189
71,145,0.0,0.0,0.209
71,146,0.0,0.0,0.197
71,147,0.0,0.0,0.209
71,148,0.0,0.0,0.209
71,149,0.0,0.0,0.211
71,15,0.0,0.001,0.132
71,150,0.0,0.0,0.215
71,151,0.0,0.0,0.231
71,152,0.0,0.0,0.228
71,153,0.0,0.0,0.222
71,154,0.0,0.0,0.223
71,155,0.0,0.0,0.232
71,156,0.0,0.0,0.226
71,157,0.0,0.0,0.232
71,158,0.0,0.0,0.241
71,159,0.0,0.0,0.24
71,16,0.0,0.0,0.141
71,160,0.0,0.0,0.237
71,161,0.0,0.0,0.241
71,162,0.0,0.0,0.239
71,163,0.0,0.0,0.239
71,164,0.0,0.0,0.242
71,165,0.0,0.0,0.254
71,166,0.0,0.0,0.236
71,167,0.0,0.0,0.236
71,168,0.0,0.0,0.247
71,169,0.0,0.0,0.254
71,17,0.0,0.0,0.141
71,170,0.0,0.0,0.255
71,171,0.0,0.0,0.242
71,172,0.0,0.0,0.244
71,173,0.0,0.0,0.239
71,174,0.0,0.0,0.244
71,175,0.0,0.0,0.237
71,176,0.0,0.0,0.244
71,177,0.0,0.0,0.239
71,178,0.0,0.0,0.239
71,179,0.0,0.0,0.243
71,18,0.0,0.0,0.146
71,180,0.0,0.0,0.234
71,181,0.0,0.0,0.232
71,182,0.0,0.0,0.246
71,183,0.0,0.0,0.239
71,184,0.0,0.0,0.249
71,185,0.0,0.0,0.248
71,186,0.0,0.0,0.255
71,187,0.0,0.0,0.261
71,188,0.0,0.0,0.253
71,189,0.0,0.0,0.246
71,19,0.0,0.0,0.142
71,190,0.0,0.0,0.24
71,191,0.0,0.0,0.235
71,192,0.0,0.0,0.237
71,193,0.0,0.0,0.249
71,194,0.0,0.0,0.241
71,195,0.0,0.0,0.235
71,196,0.0,0.0,0.229
71,197,0.0,0.0,0.227
71,198,0.0,0.0,0.224
71,199,0.0,0.0,0.234
71,20,0.0,0.0,0.15
71,200,0.0,0.0,0.233
71,201,0.0,0.0,0.241
71,202,0.0,0.0,0.243
71,203,0.0,0.0,0.236
71,204,0.0,0.0,0.239
71,205,0.0,0.0,0.244
71,206,0.0,0.0,0.24
71,207,0.0,0.0,0.24
71,208,0.0,0.0,0.225
71,209,0.0,0.0,0.233
71,21,0.0,0.0,0.154
71,210,0.0,0.0,0.232
71,211,0.0,0.0,0.234
71,212,0.0,0.0,0.239
71,213,0.0,0.0,0.227
71,214,0.0,0.0,0.221
71,215,0.0,0.0,0.225
71,216,0.0,0.0,0.207
71,217,0.0,0.0,0.214
71,218,0.0,0.0,0.211
71,219,0.0,0.0,0.21
71,22,0.0,0.0,0.148
71,220,0.0,0.0,0.206
71,221,0.0,0.0,0.204
71,222,0.0,0.0,0.21
71,223,0.0,0.0,0.201
71,224,0.0,0.0,0.192
71,225,0.0,0.0,0.185
71,226,0.0,0.0,0.194
71,227,0.0,0.0,0.192
71,228,0.0,0.0,0.183
71,229,0.0,0.0,0.188
71,23,0.0,0.0,0.143
71,230,0.0,0.001,0.175
71,231,0.0,0.0,0.182
71,232,0.0,0.001,0.17
71,233,0.0,0.002,0.168
71,234,0.001,0.002,0.167
71,235,0.001,0.002,0.168
71,236,0.001,0.002,0.167
71,237,0.001,0.002,0.169
71,238,0.002,0.005,0.155
71,239,0.0,0.001,0.178
71,24,0.0,0.0,0.145
71,240,0.001,0.002,0.176
71,241,0.002,0.005,0.162
71,242,0.002,0.005,0.162
71,243,0.009,0.018,0.14
71,244,0.014,0.027,0.134
71,245,0.02,0.037,0.129
71,246,0.014,0.028,0.138
71,247,0.012,0.024,0.144
71,248,0.018,0.035,0.137
71,249,0.029,0.052,0.129
71,25,0.0,0.001,0.135
71,250,0.032,0.056,0.129
71,251,0.028,0.051,0.134
71,26,0.0,0.0,0.153
71,27,0.0,0.0,0.167
71,28,0.0,0.0,0.161
71,29,0.0,0.0,0.172
71,30,0.0,0.0,0.174
71,31,0.0,0.0,0.186
71,32,0.0,0.0,0.175
71,33,0.0,0.0,0.167
71,34,0.0,0.0,0.166
71,35,0.0,0.0,0.169
71,36,0.0,0.0,0.162
71,37,0.0,0.0,0.176
71,38,0.0,0.0,0.174
71,39,0.0,0.0,0.175
71,40,0.0,0.0,0.17
71,41,0.0,0.0,0.182
71,42,0.0,0.0,0.175
71,43,0.0,0.0,0.171
71,44,0.0,0.0,0.182
71,45,0.0,0.0,0.179
71,46,0.0,0.0,0.177
71,47,0.0,0.0,0.18
71,48,0.0,0.0,0.172
71,49,0.0,0.0,0.172
71,50,0.0,0.0,0.181
71,51,0.0,0.0,0.175
71,52,0.0,0.0,0.181
71,53,0.0,0.0,0.183
71,54,0.0,0.0,0.185
71,55,0.0,0.0,0.17
71,56,0.0,0.0,0.183
71,57,0.0,0.0,0.197
71,58,0.0,0.0,0.198
71,59,0.0,0.0,0.199
71,6,0.003,0.007,0.113
71,60,0.0,0.0,0.192
71,61,0.0,0.0,0.197
71,62,0.0,0.0,0.188
71,63,0.0,0.0,0.18
71,64,0.0,0.0,0.196
71,65,0.0,0.0,0.194
71,66,0.0,0.0,0.192
71,67,0.0,0.0,0.197
71,68,0.0,0.0,0.215
71,69,0.0,0.0,0.208
71,7,0.004,0.009,0.109
71,70,0.0,0.0,0.218
71,71,0.0,0.0,0.215
71,72,0.0,0.0,0.205
71,73,0.0,0.0,0.209
71,74,0.0,0.0,0.2
71,75,0.0,0.0,0.2
71,76,0.0,0.0,0.199
71,77,0.0,0.0,0.215
71,78,0.0,0.0,0.202
71,79,0.0,0.0,0.207
71,8,0.007,0.015,0.101
71,80,0.0,0.0,0.207
71,81,0.0,0.0,0.2
71,82,0.0,0.0,0.204
71,83,0.0,0.0,0.19
71,84,0.0,0.0,0.195
71,85,0.0,0.0,0.215
71,86,0.0,0.0,0.218
71,87,0.0,0.0,0.214
71,88,0.0,0.0,0.227
71,89,0.0,0.0,0.207
71,9,0.003,0.007,0.111
71,90,0.0,0.0,0.203
71,91,0.0,0.0,0.209
71,92,0.0,0.0,0.22
71,93,0.0,0.0,0.21
71,94,0.0,0.0,0.198
71,95,0.0,0.0,0.199
71,96,0.0,0.0,0.207
71,97,0.0,0.0,0.213
71,98,0.0,0.0,0.21
71,99,0.0,0.0,0.209
72,10,0.0,0.0,0.149
72,100,0.0,0.0,0.207
72,101,0.0,0.0,0.224
72,102,0.0,0.0,0.22
72,103,0.0,0.0,0.225
72,104,0.0,0.0,0.223
72,105,0.0,0.0,0.219
72,106,0.0,0.0,0.222
72,107,0.0,0.0,0.224
72,108,0.0,0.0,0.23
72,109,0.0,0.0,0.217
72,11,0.0,0.0,0.157
72,110,0.0,0.0,0.21
72,111,0.0,0.0,0.216
72,112,0.0,0.0,0.217
72,113,0.0,0.0,0.223
72,114,0.0,0.0,0.23
72,115,0.0,0.0,0.214
72,116,0.0,0.0,0.22
72,117,0.0,0.0,0.224
72,118,0.0,0.0,0.211
72,119,0.0,0.0,0.21
72,12,0.0,0.0,0.162
72,120,0.0,0.001,0.201
72,121,0.0,0.002,0.194
72,122,0.0,0.001,0.206
72,123,0.0,0.002,0.2
72,124,0.0,0.002,0.202
72,125,0.0,0.001,0.212
72,126,0.001,0.002,0.202
72,127,0.001,0.002,0.202
72,128,0.001,0.002,0.201
72,129,0.001,0.002,0.203
72,13,0.0,0.0,0.148
72,130,0.001,0.003,0.195
72,131,0.001,0.002,0.202
72,132,0.0,0.002,0.204
72,133,0.0,0.001,0.205
72,134,0.001,0.002,0.195
72,135,0.0,0.002,0.198
72,136,0.0,0.001,0.2
72,137,0.001,0.002,0.186
72,138,0.0,0.001,0.198
72,139,0.0,0.001,0.199
72,14,0.0,0.0,0.152
72,140,0.001,0.002,0.185
72,141,0.0,0.001,0.189
72,142,0.0,0.001,0.198
72,143,0.0,0.0,0.206
72,144,0.0,0.0,0.212
72,145,0.0,0.0,0.203
72,146,0.0,0.0,0.21
72,147,0.0,0.0,0.217
72,148,0.0,0.0,0.221
72,149,0.0,0.0,0.22
72,15,0.0,0.0,0.156
72,150,0.0,0.0,0.204
72,151,0.0,0.0,0.215
72,152,0.0,0.0,0.211
72,153,0.0,0.0,0.215
72,154,0.0,0.0,0.218
72,155,0.0,0.0,0.224
72,156,0.0,0.0,0.225
72,157,0.0,0.0,0.236
72,158,0.0,0.0,0.235
72,159,0.0,0.0,0.24
72,16,0.0,0.0,0.143
72,160,0.0,0.0,0.229
72,161,0.0,0.0,0.23
72,162,0.0,0.0,0.228
72,163,0.0,0.0,0.246
72,164,0.0,0.0,0.244
72,165,0.0,0.0,0.239
72,166,0.0,0.0,0.231
72,167,0.0,0.0,0.236
72,168,0.0,0.0,0.246
72,169,0.0,0.0,0.238
72,17,0.0,0.0,0.142
72,170,0.0,0.0,0.241
72,171,0.0,0.0,0.239
72,172,0.0,0.0,0.242
72,173,0.0,0.0,0.246
72,174,0.0,0.0,0.24
72,175,0.0,0.0,0.231
72,176,0.0,0.0,0.232
72,177,0.0,0.0,0.234
72,178,0.0,0.0,0.234
72,179,0.0,0.0,0.236
72,18,0.0,0.0,0.152
72,180,0.0,0.0,0.236
72,181,0.0,0.0,0.234
72,182,0.0,0.0,0.241
72,183,0.0,0.0,0.236
72,184,0.0,0.0,0.236
72,185,0.0,0.0,0.235
72,186,0.0,0.0,0.244
72,187,0.0,0.0,0.237
72,188,0.0,0.0,0.238
72,189,0.0,0.0,0.243
72,19,0.0,0.0,0.151
72,190,0.0,0.0,0.238
72,191,0.0,0.0,0.234
72,192,0.0,0.0,0.243
72,193,0.0,0.0,0.235
72,194,0.0,0.0,0.233
72,195,0.0,0.0,0.229
72,196,0.0,0.0,0.235
72,197,0.0,0.0,0.243
72,198,0.0,0.0,0.251
72,199,0.0,0.0,0.236
72,20,0.0,0.0,0.147
72,200,0.0,0.0,0.24
72,201,0.0,0.0,0.235
72,202,0.0,0.0,0.228
72,203,0.0,0.0,0.234
72,204,0.0,0.0,0.237
72,205,0.0,0.0,0.225
72,206,0.0,0.0,0.223
72,207,0.0,0.0,0.225
72,208,0.0,0.0,0.216
72,209,0.0,0.0,0.221
72,21,0.0,0.0,0.139
72,210,0.0,0.0,0.226
72,211,0.0,0.0,0.221
72,212,0.0,0.0,0.219
72,213,0.0,0.0,0.207
72,214,0.0,0.0,0.203
72,215,0.0,0.0,0.208
72,216,0.0,0.0,0.213
72,217,0.0,0.0,0.206
72,218,0.0,0.0,0.205
72,219,0.0,0.0,0.206
72,22,0.0,0.0,0.141
72,220,0.0,0.0,0.208
72,221,0.0,0.0,0.215
72,222,0.0,0.0,0.218
72,223,0.0,0.0,0.209
72,224,0.0,0.0,0.197
72,225,0.0,0.0,0.201
72,226,0.0,0.0,0.199
72,227,0.0,0.0,0.2
72,228,0.0,0.0,0.204
72,229,0.0,0.0,0.193
72,23,0.0,0.0,0.158
72,230,0.0,0.0,0.192
72,231,0.0,0.0,0.185
72,232,0.0,0.0,0.184
72,233,0.0,0.0,0.196
72,234,0.0,0.001,0.184
72,235,0.0,0.0,0.191
72,236,0.0,0.001,0.179
72,237,0.0,0.001,0.189
72,238,0.0,0.001,0.181
72,239,0.0,0.001,0.18
72,24,0.001,0.002,0.125
72,240,0.001,0.002,0.175
72,241,0.001,0.003,0.171
72,242,0.001,0.003,0.175
72,243,0.001,0.004,0.173
72,244,0.002,0.006,0.168
72,245,0.005,0.012,0.156
72,246,0.01,0.02,0.147
72,247,0.01,0.02,0.15
72,248,0.014,0.028,0.144
72,249,0.009,0.019,0.157
72,25,0.0,0.0,0.144
72,250,0.015,0.03,0.148
72,251,0.027,0.048,0.137
72,26,0.0,0.0,0.158
72,27,0.0,0.0,0.15
72,28,0.0,0.0,0.143
72,29,0.0,0.001,0.14
72,30,0.0,0.0,0.151
72,31,0.0,0.0,0.16
72,32,0.0,0.0,0.158
72,33,0.0,0.0,0.148
72,34,0.0,0.0,0.158
72,35,0.0,0.0,0.17
72,36,0.0,0.0,0.164
72,37,0.0,0.0,0.162
72,38,0.0,0.0,0.155
72,39,0.0,0.0,0.156
72,40,0.0,0.0,0.159
72,41,0.0,0.0,0.174
72,42,0.0,0.0,0.153
72,43,0.0,0.0,0.17
72,44,0.0,0.0,0.175
72,45,0.0,0.0,0.161
72,46,0.0,0.0,0.179
72,47,0.0,0.0,0.175
72,48,0.0,0.0,0.179
72,49,0.0,0.0,0.166
72,50,0.0,0.0,0.185
72,51,0.0,0.0,0.175
72,52,0.0,0.0,0.173
72,53,0.0,0.0,0.187
72,54,0.0,0.0,0.19
72,55,0.0,0.0,0.182
72,56,0.0,0.0,0.176
72,57,0.0,0.0,0.179
72,58,0.0,0.0,0.185
72,59,0.0,0.0,0.178
72,6,0.0,0.001,0.139
72,60,0.0,0.0,0.18
72,61,0.0,0.0,0.184
72,62,0.0,0.0,0.191
72,63,0.0,0.0,0.188
72,64,0.0,0.0,0.196
72,65,0.0,0.0,0.198
72,66,0.0,0.0,0.19
72,67,0.0,0.0,0.196
72,68,0.0,0.0,0.202
72,69,0.0,0.0,0.198
72,7,0.001,0.002,0.131
72,70,0.0,0.0,0.206
72,71,0.0,0.0,0.194
72,72,0.0,0.0,0.206
72,73,0.0,0.0,0.209
72,74,0.0,0.0,0.211
72,75,0.0,0.0,0.203
72,76,0.0,0.0,0.211
72,77,0.0,0.0,0.212
72,78,0.0,0.0,0.224
72,79,0.0,0.0,0.219
72,8,0.0,0.001,0.14
72,80,0.0,0.0,0.223
72,81,0.0,0.0,0.218
72,82,0.0,0.0,0.22
72,83,0.0,0.0,0.22
72,84,0.0,0.0,0.216
72,85,0.0,0.0,0.216
72,86,0.0,0.0,0.205
72,87,0.0,0.0,0.211
72,88,0.0,0.0,0.216
72,89,0.0,0.0,0.216
72,9,0.0,0.0,0.146
72,90,0.0,0.0,0.215
72,91,0.0,0.0,0.214
72,92,0.0,0.0,0.213
72,93,0.0,0.0,0.214
72,94,0.0,0.0,0.208
72,95,0.0,0.0,0.218
72,96,0.0,0.0,0.224
72,97,0.0,0.0,0.215
72,98,0.0,0.0,0.211
72,99,0.0,0.0,0.213
73,10,0.0,0.0,0.163
73,100,0.0,0.0,0.236
73,101,0.0,0.0,0.239
73,102,0.0,0.0,0.237
73,103,0.0,0.0,0.234
73,104,0.0,0.0,0.232
73,105,0.0,0.0,0.226
73,106,0.0,0.0,0.228
73,107,0.0,0.0,0.232
73,108,0.0,0.0,0.246
73,109,0.0,0.0,0.223
73,11,0.0,0.0,0.149
73,110,0.0,0.0,0.23
73,111,0.0,0.0,0.219
73,112,0.0,0.0,0.214
73,113,0.0,0.0,0.23
73,114,0.0,0.0,0.229
73,115,0.0,0.0,0.223
73,116,0.0,0.0,0.213
73,117,0.0,0.0,0.223
73,118,0.0,0.0,0.226
73,119,0.0,0.0,0.22
73,12,0.0,0.0,0.158
73,120,0.0,0.0,0.216
73,121,0.0,0.0,0.211
73,122,0.0,0.0,0.209
73,123,0.0,0.0,0.21
73,124,0.0,0.001,0.198
73,125,0.0,0.001,0.198
73,126,0.001,0.002,0.192
73,127,0.001,0.003,0.185
73,128,0.0,0.001,0.2
73,129,0.0,0.001,0.215
73,13,0.0,0.0,0.172
73,130,0.0,0.001,0.213
73,131,0.0,0.001,0.208
73,132,0.0,0.001,0.198
73,133,0.0,0.001,0.199
73,134,0.0,0.001,0.194
73,135,0.0,0.001,0.195
73,136,0.0,0.001,0.201
73,137,0.0,0.0,0.206
73,138,0.0,0.001,0.202
73,139,0.0,0.001,0.197
73,14,0.0,0.0,0.176
73,140,0.0,0.001,0.194
73,141,0.0,0.0,0.205
73,142,0.0,0.0,0.21
73,143,0.0,0.0,0.206
73,144,0.0,0.0,0.212
73,145,0.0,0.0,0.212
73,146,0.0,0.0,0.216
73,147,0.0,0.0,0.212
73,148,0.0,0.0,0.219
73,149,0.0,0.0,0.215
73,15,0.0,0.0,0.17
73,150,0.0,0.0,0.223
73,151,0.0,0.0,0.229
73,152,0.0,0.0,0.231
73,153,0.0,0.0,0.235
73,154,0.0,0.0,0.231
73,155,0.0,0.0,0.23
73,156,0.0,0.0,0.24
73,157,0.0,0.0,0.239
73,158,0.0,0.0,0.235
73,159,0.0,0.0,0.237
73,16,0.0,0.0,0.165
73,160,0.0,0.0,0.246
73,161,0.0,0.0,0.244
73,162,0.0,0.0,0.241
73,163,0.0,0.0,0.241
73,164,0.0,0.0,0.226
73,165,0.0,0.0,0.246
73,166,0.0,0.0,0.233
73,167,0.0,0.0,0.237
73,168,0.0,0.0,0.245
73,169,0.0,0.0,0.244
73,17,0.0,0.0,0.17
73,170,0.0,0.0,0.243
73,171,0.0,0.0,0.245
73,172,0.0,0.0,0.251
73,173,0.0,0.0,0.249
73,174,0.0,0.0,0.245
73,175,0.0,0.0,0.238
73,176,0.0,0.0,0.24
73,177,0.0,0.0,0.243
73,178,0.0,0.0,0.255
73,179,0.0,0.0,0.233
73,18,0.0,0.0,0.156
73,180,0.0,0.0,0.243
73,181,0.0,0.0,0.242
73,182,0.0,0.0,0.239
73,183,0.0,0.0,0.243
73,184,0.0,0.0,0.249
73,185,0.0,0.0,0.254
73,186,0.0,0.0,0.255
73,187,0.0,0.0,0.255
73,188,0.0,0.0,0.239
73,189,0.0,0.0,0.242
73,19,0.0,0.0,0.172
73,190,0.0,0.0,0.239
73,191,0.0,0.0,0.243
73,192,0.0,0.0,0.256
73,193,0.0,0.0,0.248
73,194,0.0,0.0,0.244
73,195,0.0,0.0,0.247
73,196,0.0,0.0,0.24
73,197,0.0,0.0,0.243
73,198,0.0,0.0,0.24
73,199,0.0,0.0,0.239
73,20,0.0,0.0,0.166
73,200,0.0,0.0,0.241
73,201,0.0,0.0,0.239
73,202,0.0,0.0,0.239
73,203,0.0,0.0,0.243
73,204,0.0,0.0,0.237
73,205,0.0,0.0,0.241
73,206,0.0,0.0,0.242
73,207,0.0,0.0,0.246
73,208,0.0,0.0,0.258
73,209,0.0,0.0,0.235
73,21,0.0,0.0,0.18
73,210,0.0,0.0,0.236
73,211,0.0,0.0,0.237
73,212,0.0,0.0,0.226
73,213,0.0,0.0,0.225
73,214,0.0,0.0,0.217
73,215,0.0,0.0,0.214
73,216,0.0,0.0,0.217
73,217,0.0,0.0,0.214
73,218,0.0,0.0,0.217
73,219,0.0,0.0,0.218
73,22,0.0,0.0,0.163
73,220,0.0,0.0,0.211
73,221,0.0,0.0,0.214
73,222,0.0,0.0,0.218
73,223,0.0,0.0,0.214
73,224,0.0,0.0,0.218
73,225,0.0,0.0,0.216
73,226,0.0,0.0,0.22
73,227,0.0,0.0,0.208
73,228,0.0,0.0,0.194
73,229,0.0,0.0,0.202
73,23,0.0,0.0,0.169
73,230,0.0,0.0,0.2
73,231,0.0,0.0,0.183
73,232,0.0,0.0,0.194
73,233,0.0,0.001,0.184
73,234,0.0,0.0,0.192
73,235,0.0,0.001,0.185
73,236,0.0,0.001,0.181
73,237,0.0,0.001,0.182
73,238,0.0,0.001,0.184
73,239,0.001,0.003,0.166
73,24,0.0,0.0,0.159
73,240,0.001,0.003,0.17
73,241,0.003,0.007,0.157
73,242,0.003,0.008,0.157
73,243,0.004,0.008,0.158
73,244,0.003,0.007,0.163
73,245,0.007,0.015,0.151
73,246,0.004,0.008,0.166
73,247,0.009,0.018,0.152
73,248,0.012,0.024,0.148
73,249,0.01,0.02,0.155
73,25,0.0,0.0,0.164
73,250,0.016,0.03,0.148
73,251,0.019,0.035,0.146
73,26,0.0,0.0,0.149
73,27,0.0,0.0,0.149
73,28,0.0,0.0,0.155
73,29,0.0,0.0,0.148
73,30,0.0,0.0,0.161
73,31,0.0,0.0,0.155
73,32,0.0,0.0,0.16
73,33,0.0,0.0,0.168
73,34,0.0,0.0,0.165
73,35,0.0,0.0,0.177
73,36,0.0,0.0,0.162
73,37,0.0,0.0,0.166
73,38,0.0,0.0,0.167
73,39,0.0,0.0,0.169
73,40,0.0,0.0,0.165
73,41,0.0,0.0,0.162
73,42,0.0,0.0,0.17
73,43,0.0,0.0,0.161
73,44,0.0,0.0,0.165
73,45,0.0,0.0,0.167
73,46,0.0,0.0,0.168
73,47,0.0,0.0,0.169
73,48,0.0,0.0,0.179
73,49,0.0,0.0,0.171
73,50,0.0,0.0,0.17
73,51,0.0,0.0,0.18
73,52,0.0,0.0,0.176
73,53,0.0,0.0,0.173
73,54,0.0,0.0,0.185
73,55,0.0,0.0,0.173
73,56,0.0,0.0,0.176
73,57,0.0,0.0,0.173
73,58,0.0,0.0,0.186
73,59,0.0,0.0,0.192
73,6,0.0,0.001,0.14
73,60,0.0,0.0,0.19
73,61,0.0,0.0,0.184
73,62,0.0,0.0,0.192
73,63,0.0,0.0,0.191
73,64,0.0,0.0,0.195
73,65,0.0,0.0,0.19
73,66,0.0,0.0,0.184
73,67,0.0,0.0,0.18
73,68,0.0,0.0,0.198
73,69,0.0,0.0,0.198
73,7,0.0,0.0,0.149
73,70,0.0,0.0,0.195
73,71,0.0,0.0,0.189
73,72,0.0,0.0,0.191
73,73,0.0,0.0,0.19
73,74,0.0,0.0,0.198
73,75,0.0,0.0,0.19
73,76,0.0,0.0,0.203
73,77,0.0,0.0,0.189
73,78,0.0,0.0,0.21
73,79,0.0,0.0,0.21
73,8,0.0,0.0,0.149
73,80,0.0,0.0,0.21
73,81,0.0,0.0,0.216
73,82,0.0,0.0,0.228
73,83,0.0,0.0,0.216
73,84,0.0,0.0,0.22
73,85,0.0,0.0,0.215
73,86,0.0,0.0,0.225
73,87,0.0,0.0,0.228
73,88,0.0,0.0,0.226
73,89,0.0,0.0,0.233
73,9,0.0,0.001,0.139
73,90,0.0,0.0,0.235
73,91,0.0,0.0,0.229
73,92,0.0,0.0,0.23
73,93,0.0,0.0,0.237
73,94,0.0,0.0,0.244
73,95,0.0,0.0,0.239
73,96,0.0,0.0,0.233
73,97,0.0,0.0,0.239
73,98,0.0,0.0,0.219
73,99,0.0,0.0,0.243
74,10,0.001,0.002,0.125
74,100,0.0,0.0,0.24
74,101,0.0,0.0,0.237
74,102,0.0,0.0,0.224
74,103,0.0,0.0,0.237
74,104,0.0,0.0,0.235
74,105,0.0,0.0,0.232
74,106,0.0,0.0,0.23
74,107,0.0,0.0,0.236
74,108,0.0,0.0,0.233
74,109,0.0,0.0,0.236
74,11,0.001,0.003,0.119
74,110,0.0,0.0,0.222
74,111,0.0,0.0,0.223
74,112,0.0,0.0,0.22
74,113,0.0,0.0,0.214
74,114,0.0,0.0,0.214
74,115,0.0,0.0,0.226
74,116,0.0,0.0,0.216
74,117,0.0,0.0,0.199
74,118,0.0,0.0,0.213
74,119,0.0,0.0,0.21
74,12,0.0,0.001,0.129
74,120,0.0,0.0,0.214
74,121,0.0,0.0,0.209
74,122,0.0,0.0,0.208
74,123,0.0,0.0,0.208
74,124,0.0,0.001,0.201
74,125,0.0,0.001,0.202
74,126,0.0,0.001,0.203
74,127,0.0,0.001,0.19
74,128,0.0,0.001,0.201
74,129,0.0,0.001,0.201
74,13,0.0,0.001,0.13
74,130,0.001,0.002,0.188
74,131,0.0,0.001,0.203
74,132,0.0,0.0,0.209
74,133,0.0,0.001,0.194
74,134,0.0,0.001,0.198
74,135,0.0,0.0,0.205
74,136,0.0,0.001,0.2
74,137,0.0,0.0,0.199
74,138,0.0,0.0,0.205
74,139,0.0,0.001,0.188
74,14,0.0,0.0,0.147
74,140,0.0,0.0,0.211
74,141,0.0,0.0,0.207
74,142,0.0,0.0,0.203
74,143,0.0,0.0,0.209
74,144,0.0,0.0,0.209
74,145,0.0,0.0,0.213
74,146,0.0,0.0,0.207
74,147,0.0,0.0,0.211
74,148,0.0,0.0,0.21
74,149,0.0,0.0,0.212
74,15,0.0,0.0,0.146
74,150,0.0,0.0,0.211
74,151,0.0,0.0,0.219
74,152,0.0,0.0,0.212
74,153,0.0,0.0,0.225
74,154,0.0,0.0,0.23
74,155,0.0,0.0,0.238
74,156,0.0,0.0,0.232
74,157,0.0,0.0,0.231
74,158,0.0,0.0,0.23
74,159,0.0,0.0,0.24
74,16,0.0,0.0,0.144
74,160,0.0,0.0,0.241
74,161,0.0,0.0,0.237
74,162,0.0,0.0,0.239
74,163,0.0,0.0,0.234
74,164,0.0,0.0,0.24
74,165,0.0,0.0,0.24
74,166,0.0,0.0,0.241
74,167,0.0,0.0,0.244
74,168,0.0,0.0,0.246
74,169,0.0,0.0,0.238
74,17,0.0,0.0,0.137
74,170,0.0,0.0,0.249
74,171,0.0,0.0,0.245
74,172,0.0,0.0,0.238
74,173,0.0,0.0,0.246
74,174,0.0,0.0,0.24
74,175,0.0,0.0,0.236
74,176,0.0,0.0,0.231
74,177,0.0,0.0,0.23
74,178,0.0,0.0,0.222
74,179,0.0,0.0,0.233
74,18,0.0,0.0,0.141
74,180,0.0,0.0,0.232
74,181,0.0,0.0,0.23
74,182,0.0,0.0,0.224
74,183,0.0,0.0,0.236
74,184,0.0,0.0,0.23
74,185,0.0,0.0,0.234
74,186,0.0,0.0,0.241
74,187,0.0,0.0,0.242
74,188,0.0,0.0,0.227
74,189,0.0,0.0,0.239
74,19,0.0,0.0,0.139
74,190,0.0,0.0,0.251
74,191,0.0,0.0,0.235
74,192,0.0,0.0,0.23
74,193,0.0,0.0,0.231
74,194,0.0,0.0,0.228
74,195,0.0,0.0,0.227
74,196,0.0,0.0,0.225
74,197,0.0,0.0,0.224
74,198,0.0,0.0,0.225
74,199,0.0,0.0,0.229
74,20,0.0,0.001,0.133
74,200,0.0,0.0,0.23
74,201,0.0,0.0,0.224
74,202,0.0,0.0,0.221
74,203,0.0,0.0,0.222
74,204,0.0,0.0,0.22
74,205,0.0,0.0,0.204
74,206,0.0,0.0,0.196
74,207,0.0,0.0,0.214
74,208,0.0,0.0,0.216
74,209,0.0,0.0,0.211
74,21,0.0,0.0,0.142
74,210,0.0,0.0,0.213
74,211,0.0,0.0,0.213
74,212,0.0,0.0,0.208
74,213,0.0,0.0,0.199
74,214,0.0,0.0,0.198
74,215,0.0,0.0,0.204
74,216,0.0,0.0,0.194
74,217,0.0,0.0,0.19
74,218,0.0,0.0,0.196
74,219,0.0,0.0,0.179
74,22,0.0,0.0,0.144
74,220,0.0,0.0,0.182
74,221,0.0,0.0,0.186
74,222,0.0,0.0,0.181
74,223,0.0,0.001,0.169
74,224,0.0,0.001,0.165
74,225,0.0,0.001,0.172
74,226,0.0,0.0,0.181
74,227,0.001,0.002,0.161
74,228,0.0,0.001,0.178
74,229,0.0,0.001,0.179
74,23,0.0,0.001,0.127
74,230,0.0,0.001,0.172
74,231,0.001,0.002,0.166
74,232,0.0,0.001,0.171
74,233,0.0,0.001,0.177
74,234,0.001,0.002,0.168
74,235,0.001,0.002,0.166
74,236,0.002,0.004,0.159
74,237,0.002,0.005,0.156
74,238,0.002,0.005,0.159
74,239,0.005,0.012,0.144
74,24,0.0,0.001,0.13
74,240,0.007,0.016,0.141
74,241,0.013,0.025,0.132
74,242,0.015,0.029,0.131
74,243,0.015,0.03,0.132
74,244,0.023,0.042,0.127
74,245,0.021,0.039,0.13
74,246,0.019,0.037,0.134
74,247,0.009,0.019,0.152
74,248,0.02,0.037,0.139
74,249,0.031,0.055,0.13
74,25,0.0,0.001,0.128
74,250,0.018,0.035,0.145
74,251,0.029,0.051,0.137
74,26,0.0,0.001,0.137
74,27,0.0,0.0,0.139
74,28,0.0,0.001,0.134
74,29,0.0,0.0,0.149
74,30,0.0,0.0,0.145
74,31,0.0,0.0,0.145
74,32,0.0,0.0,0.145
74,33,0.0,0.0,0.15
74,34,0.0,0.001,0.136
74,35,0.0,0.001,0.138
74,36,0.0,0.0,0.149
74,37,0.0,0.0,0.159
74,38,0.0,0.0,0.159
74,39,0.0,0.0,0.152
74,40,0.0,0.0,0.15
74,41,0.0,0.0,0.158
74,42,0.0,0.0,0.164
74,43,0.0,0.0,0.166
74,44,0.0,0.0,0.165
74,45,0.0,0.0,0.157
74,46,0.0,0.0,0.164
74,47,0.0,0.0,0.177
74,48,0.0,0.0,0.174
74,49,0.0,0.0,0.156
74,50,0.0,0.0,0.166
74,51,0.0,0.0,0.169
74,52,0.0,0.0,0.173
74,53,0.0,0.0,0.176
74,54,0.0,0.0,0.182
74,55,0.0,0.0,0.185
74,56,0.0,0.0,0.173
74,57,0.0,0.0,0.174
74,58,0.0,0.0,0.179
74,59,0.0,0.0,0.175
74,6,0.0,0.001,0.133
74,60,0.0,0.0,0.186
74,61,0.0,0.0,0.182
74,62,0.0,0.0,0.187
74,63,0.0,0.0,0.191
74,64,0.0,0.0,0.175
74,65,0.0,0.0,0.192
74,66,0.0,0.0,0.187
74,67,0.0,0.0,0.18
74,68,0.0,0.0,0.177
74,69,0.0,0.0,0.181
74,7,0.0,0.001,0.134
74,70,0.0,0.0,0.19
74,71,0.0,0.0,0.195
74,72,0.0,0.0,0.193
74,73,0.0,0.0,0.192
74,74,0.0,0.0,0.19
74,75,0.0,0.0,0.199
74,76,0.0,0.0,0.202
74,77,0.0,0.0,0.205
74,78,0.0,0.0,0.21
74,79,0.0,0.0,0.208
74,8,0.0,0.001,0.135
74,80,0.0,0.0,0.199
74,81,0.0,0.0,0.211
74,82,0.0,0.0,0.22
74,83,0.0,0.0,0.216
74,84,0.0,0.0,0.215
74,85,0.0,0.0,0.213
74,86,0.0,0.0,0.221
74,87,0.0,0.0,0.224
74,88,0.0,0.0,0.224
74,89,0.0,0.0,0.21
74,9,0.0,0.001,0.135
74,90,0.0,0.0,0.221
74,91,0.0,0.0,0.234
74,92,0.0,0.0,0.231
74,93,0.0,0.0,0.224
74,94,0.0,0.0,0.23
74,95,0.0,0.0,0.227
74,96,0.0,0.0,0.222
74,97,0.0,0.0,0.221
74,98,0.0,0.0,0.218
74,99,0.0,0.0,0.237
75,10,0.001,0.004,0.116
75,100,0.0,0.0,0.234
75,101,0.0,0.0,0.228
75,102,0.0,0.0,0.246
75,103,0.0,0.0,0.233
75,104,0.0,0.0,0.229
75,105,0.0,0.0,0.249
75,106,0.0,0.0,0.248
75,107,0.0,0.0,0.245
75,108,0.0,0.0,0.236
75,109,0.0,0.0,0.236
75,11,0.0,0.001,0.132
75,110,0.0,0.0,0.245
75,111,0.0,0.0,0.256
75,112,0.0,0.0,0.244
75,113,0.0,0.0,0.238
75,114,0.0,0.0,0.226
75,115,0.0,0.0,0.226
75,116,0.0,0.0,0.221
75,117,0.0,0.0,0.224
75,118,0.0,0.0,0.219
75,119,0.0,0.0,0.221
75,12,0.001,0.002,0.122
75,120,0.0,0.0,0.217
75,121,0.0,0.0,0.225
75,122,0.0,0.0,0.217
75,123,0.0,0.0,0.223
75,124,0.0,0.0,0.22
75,125,0.0,0.0,0.22
75,126,0.0,0.0,0.219
75,127,0.0,0.0,0.208
75,128,0.0,0.0,0.219
75,129,0.0,0.0,0.219
75,13,0.0,0.001,0.131
75,130,0.0,0.0,0.226
75,131,0.0,0.0,0.222
75,132,0.0,0.0,0.213
75,133,0.0,0.0,0.22
75,134,0.0,0.0,0.218
75,135,0.0,0.0,0.226
75,136,0.0,0.0,0.223
75,137,0.0,0.0,0.229
75,138,0.0,0.0,0.218
75,139,0.0,0.0,0.218
75,14,0.0,0.001,0.131
75,140,0.0,0.0,0.217
75,141,0.0,0.0,0.215
75,142,0.0,0.0,0.213
75,143,0.0,0.0,0.23
75,144,0.0,0.0,0.219
75,145,0.0,0.0,0.223
75,146,0.0,0.0,0.211
75,147,0.0,0.0,0.212
75,148,0.0,0.0,0.218
75,149,0.0,0.0,0.212
75,15,0.0,0.001,0.135
75,150,0.0,0.0,0.216
75,151,0.0,0.0,0.231
75,152,0.0,0.0,0.232
75,153,0.0,0.0,0.233
75,154,0.0,0.0,0.233
75,155,0.0,0.0,0.248
75,156,0.0,0.0,0.246
75,157,0.0,0.0,0.24
75,158,0.0,0.0,0.234
75,159,0.0,0.0,0.246
75,16,0.0,0.001,0.133
75,160,0.0,0.0,0.249
75,161,0.0,0.0,0.245
75,162,0.0,0.0,0.24
75,163,0.0,0.0,0.248
75,164,0.0,0.0,0.247
75,165,0.0,0.0,0.252
75,166,0.0,0.0,0.255
75,167,0.0,0.0,0.246
75,168,0.0,0.0,0.245
75,169,0.0,0.0,0.248
75,17,0.0,0.001,0.124
75,170,0.0,0.0,0.245
75,171,0.0,0.0,0.258
75,172,0.0,0.0,0.241
75,173,0.0,0.0,0.242
75,174,0.0,0.0,0.249
75,175,0.0,0.0,0.251
75,176,0.0,0.0,0.234
75,177,0.0,0.0,0.244
75,178,0.0,0.0,0.238
75,179,0.0,0.0,0.235
75,18,0.0,0.001,0.125
75,180,0.0,0.0,0.238
75,181,0.0,0.0,0.252
75,182,0.0,0.0,0.256
75,183,0.0,0.0,0.245
75,184,0.0,0.0,0.235
75,185,0.0,0.0,0.244
75,186,0.0,0.0,0.238
75,187,0.0,0.0,0.238
75,188,0.0,0.0,0.239
75,189,0.0,0.0,0.248
75,19,0.001,0.002,0.121
75,190,0.0,0.0,0.247
75,191,0.0,0.0,0.239
75,192,0.0,0.0,0.239
75,193,0.0,0.0,0.234
75,194,0.0,0.0,0.243
75,195,0.0,0.0,0.25
75,196,0.0,0.0,0.24
75,197,0.0,0.0,0.228
75,198,0.0,0.0,0.229
75,199,0.0,0.0,0.228
75,20,0.0,0.001,0.135
75,200,0.0,0.0,0.218
75,201,0.0,0.0,0.227
75,202,0.0,0.0,0.226
75,203,0.0,0.0,0.224
75,204,0.0,0.0,0.222
75,205,0.0,0.0,0.217
75,206,0.0,0.0,0.221
75,207,0.0,0.0,0.223
75,208,0.0,0.0,0.232
75,209,0.0,0.0,0.214
75,21,0.001,0.002,0.122
75,210,0.0,0.0,0.225
75,211,0.0,0.0,0.22
75,212,0.0,0.0,0.217
75,213,0.0,0.0,0.222
75,214,0.0,0.0,0.207
75,215,0.0,0.0,0.206
75,216,0.0,0.0,0.206
75,217,0.0,0.0,0.201
75,218,0.0,0.0,0.201
75,219,0.0,0.0,0.204
75,22,0.0,0.002,0.125
75,220,0.0,0.0,0.197
75,221,0.0,0.0,0.198
75,222,0.0,0.0,0.193
75,223,0.0,0.0,0.194
75,224,0.0,0.0,0.199
75,225,0.0,0.0,0.191
75,226,0.0,0.0,0.184
75,227,0.0,0.0,0.184
75,228,0.0,0.0,0.18
75,229,0.0,0.001,0.171
75,23,0.0,0.001,0.135
75,230,0.0,0.001,0.168
75,231,0.0,0.001,0.171
75,232,0.0,0.001,0.176
75,233,0.0,0.001,0.179
75,234,0.0,0.001,0.176
75,235,0.002,0.006,0.151
75,236,0.002,0.004,0.159
75,237,0.002,0.005,0.158
75,238,0.004,0.009,0.148
75,239,0.003,0.008,0.153
75,24,0.0,0.001,0.135
75,240,0.012,0.024,0.133
75,241,0.019,0.036,0.125
75,242,0.015,0.029,0.133
75,243,0.03,0.054,0.119
75,244,0.042,0.071,0.114
75,245,0.042,0.07,0.116
75,246,0.035,0.061,0.122
75,247,0.025,0.045,0.132
75,248,0.045,0.075,0.12
75,249,0.046,0.077,0.122
75,25,0.0,0.001,0.136
75,250,0.101,0.15,0.102
75,251,0.089,0.135,0.107
75,26,0.0,0.001,0.138
75,27,0.0,0.001,0.136
75,28,0.0,0.0,0.142
75,29,0.0,0.0,0.155
75,30,0.0,0.0,0.153
75,31,0.0,0.0,0.155
75,32,0.0,0.0,0.152
75,33,0.0,0.0,0.146
75,34,0.0,0.0,0.159
75,35,0.0,0.0,0.147
75,36,0.0,0.0,0.149
75,37,0.0,0.0,0.157
75,38,0.0,0.0,0.171
75,39,0.0,0.0,0.165
75,40,0.0,0.0,0.157
75,41,0.0,0.0,0.164
75,42,0.0,0.0,0.172
75,43,0.0,0.0,0.161
75,44,0.0,0.0,0.156
75,45,0.0,0.0,0.168
75,46,0.0,0.0,0.16
75,47,0.0,0.001,0.142
75,48,0.0,0.0,0.168
75,49,0.0,0.001,0.15
75,50,0.0,0.001,0.155
75,51,0.0,0.0,0.164
75,52,0.0,0.0,0.168
75,53,0.0,0.0,0.162
75,54,0.0,0.0,0.173
75,55,0.0,0.0,0.167
75,56,0.0,0.0,0.169
75,57,0.0,0.0,0.164
75,58,0.0,0.0,0.169
75,59,0.0,0.0,0.175
75,6,0.004,0.009,0.11
75,60,0.0,0.0,0.169
75,61,0.0,0.0,0.172
75,62,0.0,0.0,0.172
75,63,0.0,0.0,0.182
75,64,0.0,0.0,0.172
75,65,0.0,0.0,0.177
75,66,0.0,0.0,0.169
75,67,0.0,0.0,0.172
75,68,0.0,0.0,0.185
75,69,0.0,0.0,0.196
75,7,0.002,0.004,0.117
75,70,0.0,0.0,0.184
75,71,0.0,0.0,0.18
75,72,0.0,0.0,0.192
75,73,0.0,0.0,0.192
75,74,0.0,0.0,0.178
75,75,0.0,0.0,0.198
75,76,0.0,0.0,0.201
75,77,0.0,0.0,0.203
75,78,0.0,0.0,0.194
75,79,0.0,0.0,0.197
75,8,0.001,0.003,0.123
75,80,0.0,0.0,0.188
75,81,0.0,0.0,0.208
75,82,0.0,0.0,0.196
75,83,0.0,0.0,0.203
75,84,0.0,0.0,0.21
75,85,0.0,0.0,0.208
75,86,0.0,0.0,0.207
75,87,0.0,0.0,0.212
75,88,0.0,0.0,0.218
75,89,0.0,0.0,0.214
75,9,0.001,0.002,0.124
75,90,0.0,0.0,0.219
75,91,0.0,0.0,0.219
75,92,0.0,0.0,0.212
75,93,0.0,0.0,0.217
75,94,0.0,0.0,0.213
75,95,0.0,0.0,0.225
75,96,0.0,0.0,0.228
75,97,0.0,0.0,0.222
75,98,0.0,0.0,0.223
75,99,0.0,0.0,0.232
76,10,0.002,0.005,0.113
76,100,0.0,0.0,0.216
76,101,0.0,0.0,0.205
76,102,0.0,0.0,0.218
76,103,0.0,0.0,0.224
76,104,0.0,0.0,0.227
76,105,0.0,0.0,0.223
76,106,0.0,0.0,0.224
76,107,0.0,0.0,0.233
76,108,0.0,0.0,0.225
76,109,0.0,0.0,0.223
76,11,0.003,0.006,0.11
76,110,0.0,0.0,0.227
76,111,0.0,0.0,0.238
76,112,0.0,0.0,0.243
76,113,0.0,0.0,0.216
76,114,0.0,0.0,0.226
76,115,0.0,0.0,0.229
76,116,0.0,0.0,0.224
76,117,0.0,0.0,0.222
76,118,0.0,0.0,0.223
76,119,0.0,0.0,0.219
76,12,0.002,0.006,0.109
76,120,0.0,0.0,0.221
76,121,0.0,0.0,0.22
76,122,0.0,0.0,0.22
76,123,0.0,0.0,0.206
76,124,0.0,0.0,0.208
76,125,0.0,0.0,0.206
76,126,0.0,0.0,0.219
76,127,0.0,0.0,0.217
76,128,0.0,0.0,0.225
76,129,0.0,0.0,0.226
76,13,0.0,0.001,0.131
76,130,0.0,0.0,0.226
76,131,0.0,0.0,0.229
76,132,0.0,0.0,0.227
76,133,0.0,0.0,0.219
76,134,0.0,0.0,0.208
76,135,0.0,0.0,0.218
76,136,0.0,0.0,0.209
76,137,0.0,0.0,0.219
76,138,0.0,0.0,0.204
76,139,0.0,0.0,0.213
76,14,0.0,0.001,0.127
76,140,0.0,0.0,0.22
76,141,0.0,0.0,0.216
76,142,0.0,0.0,0.202
76,143,0.0,0.0,0.207
76,144,0.0,0.0,0.217
76,145,0.0,0.0,0.236
76,146,0.0,0.0,0.231
76,147,0.0,0.0,0.232
76,148,0.0,0.0,0.225
76,149,0.0,0.0,0.228
76,15,0.001,0.004,0.114
76,150,0.0,0.0,0.214
76,151,0.0,0.0,0.221
76,152,0.0,0.0,0.23
76,153,0.0,0.0,0.235
76,154,0.0,0.0,0.229
76,155,0.0,0.0,0.229
76,156,0.0,0.0,0.242
76,157,0.0,0.0,0.243
76,158,0.0,0.0,0.231
76,159,0.0,0.0,0.229
76,16,0.001,0.003,0.118
76,160,0.0,0.0,0.242
76,161,0.0,0.0,0.254
76,162,0.0,0.0,0.247
76,163,0.0,0.0,0.25
76,164,0.0,0.0,0.248
76,165,0.0,0.0,0.241
76,166,0.0,0.0,0.244
76,167,0.0,0.0,0.257
76,168,0.0,0.0,0.249
76,169,0.0,0.0,0.254
76,17,0.001,0.002,0.12
76,170,0.0,0.0,0.244
76,171,0.0,0.0,0.244
76,172,0.0,0.0,0.255
76,173,0.0,0.0,0.25
76,174,0.0,0.0,0.241
76,175,0.0,0.0,0.248
76,176,0.0,0.0,0.233
76,177,0.0,0.0,0.238
76,178,0.0,0.0,0.234
76,179,0.0,0.0,0.232
76,18,0.0,0.002,0.123
76,180,0.0,0.0,0.232
76,181,0.0,0.0,0.231
76,182,0.0,0.0,0.23
76,183,0.0,0.0,0.236
76,184,0.0,0.0,0.232
76,185,0.0,0.0,0.224
76,186,0.0,0.0,0.241
76,187,0.0,0.0,0.227
76,188,0.0,0.0,0.241
76,189,0.0,0.0,0.23
76,19,0.001,0.003,0.117
76,190,0.0,0.0,0.237
76,191,0.0,0.0,0.237
76,192,0.0,0.0,0.236
76,193,0.0,0.0,0.244
76,194,0.0,0.0,0.234
76,195,0.0,0.0,0.231
76,196,0.0,0.0,0.241
76,197,0.0,0.0,0.219
76,198,0.0,0.0,0.224
76,199,0.0,0.0,0.236
76,20,0.0,0.001,0.131
76,200,0.0,0.0,0.229
76,201,0.0,0.0,0.226
76,202,0.0,0.0,0.229
76,203,0.0,0.0,0.215
76,204,0.0,0.0,0.215
76,205,0.0,0.0,0.208
76,206,0.0,0.0,0.209
76,207,0.0,0.0,0.214
76,208,0.0,0.0,0.211
76,209,0.0,0.0,0.201
76,21,0.001,0.002,0.123
76,210,0.0,0.0,0.201
76,211,0.0,0.0,0.205
76,212,0.0,0.0,0.195
76,213,0.0,0.0,0.184
76,214,0.0,0.0,0.183
76,215,0.0,0.0,0.183
76,216,0.0,0.001,0.175
76,217,0.0,0.001,0.172
76,218,0.0,0.001,0.17
76,219,0.0,0.001,0.168
76,22,0.001,0.002,0.12
76,220,0.0,0.001,0.163
76,221,0.0,0.001,0.162
76,222,0.0,0.002,0.161
76,223,0.001,0.002,0.16
76,224,0.0,0.001,0.171
76,225,0.0,0.001,0.177
76,226,0.0,0.001,0.18
76,227,0.0,0.001,0.178
76,228,0.0,0.001,0.174
76,229,0.0,0.001,0.17
76,23,0.002,0.006,0.108
76,230,0.0,0.0,0.184
76,231,0.0,0.001,0.18
76,232,0.0,0.001,0.177
76,233,0.001,0.002,0.168
76,234,0.001,0.002,0.165
76,235,0.0,0.001,0.175
76,236,0.001,0.003,0.164
76,237,0.001,0.004,0.163
76,238,0.005,0.011,0.146
76,239,0.007,0.016,0.141
76,24,0.003,0.007,0.106
76,240,0.005,0.011,0.149
76,241,0.011,0.022,0.138
76,242,0.019,0.035,0.129
76,243,0.042,0.07,0.113
76,244,0.065,0.103,0.104
76,245,0.04,0.068,0.118
76,246,0.032,0.056,0.125
76,247,0.074,0.115,0.106
76,248,0.108,0.16,0.097
76,249,0.069,0.108,0.112
76,25,0.002,0.005,0.112
76,250,0.091,0.137,0.106
76,251,0.122,0.177,0.098
76,26,0.001,0.003,0.119
76,27,0.003,0.008,0.107
76,28,0.0,0.001,0.133
76,29,0.0,0.002,0.128
76,30,0.0,0.001,0.13
76,31,0.001,0.002,0.126
76,32,0.0,0.0,0.154
76,33,0.0,0.0,0.157
76,34,0.0,0.0,0.147
76,35,0.0,0.0,0.154
76,36,0.0,0.001,0.138
76,37,0.0,0.001,0.137
76,38,0.0,0.0,0.148
76,39,0.0,0.0,0.16
76,40,0.0,0.0,0.153
76,41,0.0,0.001,0.146
76,42,0.0,0.001,0.143
76,43,0.0,0.0,0.155
76,44,0.0,0.001,0.144
76,45,0.0,0.0,0.154
76,46,0.0,0.001,0.149
76,47,0.0,0.001,0.149
76,48,0.0,0.001,0.148
76,49,0.0,0.001,0.152
76,50,0.0,0.0,0.156
76,51,0.0,0.001,0.152
76,52,0.0,0.001,0.145
76,53,0.0,0.0,0.159
76,54,0.0,0.0,0.17
76,55,0.0,0.0,0.169
76,56,0.0,0.0,0.162
76,57,0.0,0.001,0.154
76,58,0.0,0.001,0.153
76,59,0.0,0.001,0.152
76,6,0.001,0.002,0.127
76,60,0.0,0.0,0.173
76,61,0.0,0.0,0.19
76,62,0.0,0.0,0.176
76,63,0.0,0.0,0.177
76,64,0.0,0.0,0.179
76,65,0.0,0.0,0.185
76,66,0.0,0.0,0.188
76,67,0.0,0.0,0.197
76,68,0.0,0.0,0.208
76,69,0.0,0.0,0.203
76,7,0.001,0.004,0.119
76,70,0.0,0.0,0.191
76,71,0.0,0.0,0.203
76,72,0.0,0.0,0.196
76,73,0.0,0.0,0.204
76,74,0.0,0.0,0.204
76,75,0.0,0.0,0.207
76,76,0.0,0.0,0.209
76,77,0.0,0.0,0.195
76,78,0.0,0.0,0.202
76,79,0.0,0.0,0.208
76,8,0.002,0.004,0.117
76,80,0.0,0.0,0.22
76,81,0.0,0.0,0.22
76,82,0.0,0.0,0.212
76,83,0.0,0.0,0.217
76,84,0.0,0.0,0.21
76,85,0.0,0.0,0.207
76,86,0.0,0.0,0.216
76,87,0.0,0.0,0.212
76,88,0.0,0.0,0.207
76,89,0.0,0.0,0.206
76,9,0.002,0.005,0.113
76,90,0.0,0.0,0.205
76,91,0.0,0.0,0.216
76,92,0.0,0.0,0.221
76,93,0.0,0.0,0.22
76,94,0.0,0.0,0.219
76,95,0.0,0.0,0.212
76,96,0.0,0.0,0.212
76,97,0.0,0.0,0.213
76,98,0.0,0.0,0.223
76,99,0.0,0.0,0.219
77,10,0.014,0.027,0.089
77,100,0.0,0.0,0.221
77,101,0.0,0.0,0.225
77,102,0.0,0.0,0.237
77,103,0.0,0.0,0.233
77,104,0.0,0.0,0.231
77,105,0.0,0.0,0.228
77,106,0.0,0.0,0.225
77,107,0.0,0.0,0.226
77,108,0.0,0.0,0.233
77,109,0.0,0.0,0.228
77,11,0.01,0.021,0.092
77,110,0.0,0.0,0.239
77,111,0.0,0.0,0.238
77,112,0.0,0.0,0.242
77,113,0.0,0.0,0.239
77,114,0.0,0.0,0.23
77,115,0.0,0.0,0.23
77,116,0.0,0.0,0.229
77,117,0.0,0.0,0.232
77,118,0.0,0.0,0.226
77,119,0.0,0.0,0.231
77,12,0.003,0.007,0.106
77,120,0.0,0.0,0.224
77,121,0.0,0.0,0.219
77,122,0.0,0.0,0.214
77,123,0.0,0.0,0.211
77,124,0.0,0.0,0.2
77,125,0.0,0.0,0.197
77,126,0.0,0.0,0.201
77,127,0.0,0.0,0.197
77,128,0.0,0.0,0.206
77,129,0.0,0.0,0.206
77,13,0.002,0.006,0.108
77,130,0.0,0.0,0.211
77,131,0.0,0.0,0.203
77,132,0.0,0.0,0.213
77,133,0.0,0.0,0.206
77,134,0.0,0.0,0.209
77,135,0.0,0.0,0.204
77,136,0.0,0.0,0.206
77,137,0.0,0.0,0.205
77,138,0.0,0.0,0.197
77,139,0.0,0.0,0.187
77,14,0.002,0.006,0.107
77,140,0.0,0.0,0.192
77,141,0.0,0.0,0.193
77,142,0.0,0.0,0.202
77,143,0.0,0.0,0.209
77,144,0.0,0.0,0.215
77,145,0.0,0.0,0.219
77,146,0.0,0.0,0.232
77,147,0.0,0.0,0.233
77,148,0.0,0.0,0.228
77,149,0.0,0.0,0.217
77,15,0.0,0.001,0.126
77,150,0.0,0.0,0.212
77,151,0.0,0.0,0.234
77,152,0.0,0.0,0.234
77,153,0.0,0.0,0.233
77,154,0.0,0.0,0.246
77,155,0.0,0.0,0.244
77,156,0.0,0.0,0.24
77,157,0.0,0.0,0.236
77,158,0.0,0.0,0.235
77,159,0.0,0.0,0.227
77,16,0.0,0.001,0.128
77,160,0.0,0.0,0.236
77,161,0.0,0.0,0.246
77,162,0.0,0.0,0.244
77,163,0.0,0.0,0.253
77,164,0.0,0.0,0.26
77,165,0.0,0.0,0.257
77,166,0.0,0.0,0.257
77,167,0.0,0.0,0.239
77,168,0.0,0.0,0.245
77,169,0.0,0.0,0.251
77,17,0.0,0.001,0.131
77,170,0.0,0.0,0.264
77,171,0.0,0.0,0.258
77,172,0.0,0.0,0.244
77,173,0.0,0.0,0.226
77,174,0.0,0.0,0.237
77,175,0.0,0.0,0.227
77,176,0.0,0.0,0.218
77,177,0.0,0.0,0.237
77,178,0.0,0.0,0.229
77,179,0.0,0.0,0.23
77,18,0.0,0.001,0.129
77,180,0.0,0.0,0.228
77,181,0.0,0.0,0.24
77,182,0.0,0.0,0.231
77,183,0.0,0.0,0.224
77,184,0.0,0.0,0.219
77,185,0.0,0.0,0.219
77,186,0.0,0.0,0.232
77,187,0.0,0.0,0.234
77,188,0.0,0.0,0.243
77,189,0.0,0.0,0.245
77,19,0.0,0.001,0.13
77,190,0.0,0.0,0.234
77,191,0.0,0.0,0.23
77,192,0.0,0.0,0.229
77,193,0.0,0.0,0.236
77,194,0.0,0.0,0.235
77,195,0.0,0.0,0.237
77,196,0.0,0.0,0.235
77,197,0.0,0.0,0.22
77,198,0.0,0.0,0.222
77,199,0.0,0.0,0.214
77,20,0.0,0.001,0.129
77,200,0.0,0.0,0.217
77,201,0.0,0.0,0.207
77,202,0.0,0.0,0.218
77,203,0.0,0.0,0.216
77,204,0.0,0.0,0.217
77,205,0.0,0.0,0.212
77,206,0.0,0.0,0.222
77,207,0.0,0.0,0.221
77,208,0.0,0.0,0.208
77,209,0.0,0.0,0.191
77,21,0.0,0.001,0.132
77,210,0.0,0.0,0.192
77,211,0.0,0.0,0.191
77,212,0.0,0.001,0.174
77,213,0.0,0.001,0.169
77,214,0.0,0.0,0.182
77,215,0.0,0.0,0.175
77,216,0.0,0.001,0.171
77,217,0.0,0.001,0.174
77,218,0.0,0.001,0.162
77,219,0.0,0.001,0.167
77,22,0.0,0.001,0.131
77,220,0.0,0.001,0.173
77,221,0.0,0.002,0.161
77,222,0.001,0.002,0.159
77,223,0.0,0.002,0.162
77,224,0.0,0.001,0.172
77,225,0.0,0.001,0.166
77,226,0.0,0.001,0.176
77,227,0.0,0.001,0.177
77,228,0.001,0.003,0.158
77,229,0.002,0.004,0.15
77,23,0.0,0.001,0.135
77,230,0.002,0.004,0.152
77,231,0.001,0.002,0.164
77,232,0.001,0.004,0.156
77,233,0.002,0.005,0.153
77,234,0.003,0.008,0.146
77,235,0.002,0.005,0.155
77,236,0.006,0.014,0.139
77,237,0.01,0.02,0.133
77,238,0.006,0.014,0.142
77,239,0.022,0.041,0.121
77,24,0.001,0.002,0.119
77,240,0.018,0.034,0.127
77,241,0.026,0.047,0.121
77,242,0.027,0.048,0.122
77,243,0.032,0.056,0.12
77,244,0.086,0.13,0.098
77,245,0.058,0.093,0.109
77,246,0.07,0.109,0.106
77,247,0.077,0.119,0.105
77,248,0.058,0.093,0.115
77,249,0.076,0.117,0.11
77,25,0.0,0.0,0.139
77,250,0.071,0.111,0.113
77,251,0.076,0.117,0.113
77,26,0.0,0.001,0.131
77,27,0.0,0.0,0.145
77,28,0.0,0.0,0.148
77,29,0.0,0.0,0.139
77,30,0.0,0.001,0.137
77,31,0.0,0.0,0.146
77,32,0.0,0.0,0.145
77,33,0.0,0.0,0.151
77,34,0.0,0.0,0.153
77,35,0.0,0.0,0.157
77,36,0.0,0.0,0.155
77,37,0.0,0.0,0.157
77,38,0.0,0.0,0.159
77,39,0.0,0.0,0.175
77,40,0.0,0.0,0.161
77,41,0.0,0.0,0.17
77,42,0.0,0.0,0.167
77,43,0.0,0.0,0.166
77,44,0.0,0.0,0.179
77,45,0.0,0.0,0.168
77,46,0.0,0.0,0.178
77,47,0.0,0.0,0.17
77,48,0.0,0.0,0.175
77,49,0.0,0.0,0.176
77,50,0.0,0.0,0.171
77,51,0.0,0.0,0.166
77,52,0.0,0.0,0.172
77,53,0.0,0.0,0.174
77,54,0.0,0.0,0.177
77,55,0.0,0.0,0.181
77,56,0.0,0.0,0.174
77,57,0.0,0.0,0.176
77,58,0.0,0.0,0.183
77,59,0.0,0.0,0.191
77,6,0.019,0.035,0.088
77,60,0.0,0.0,0.185
77,61,0.0,0.0,0.186
77,62,0.0,0.0,0.182
77,63,0.0,0.0,0.186
77,64,0.0,0.0,0.184
77,65,0.0,0.0,0.194
77,66,0.0,0.0,0.179
77,67,0.0,0.0,0.192
77,68,0.0,0.0,0.193
77,69,0.0,0.0,0.191
77,7,0.009,0.019,0.097
77,70,0.0,0.0,0.181
77,71,0.0,0.0,0.19
77,72,0.0,0.0,0.191
77,73,0.0,0.0,0.193
77,74,0.0,0.0,0.195
77,75,0.0,0.0,0.196
77,76,0.0,0.0,0.2
77,77,0.0,0.0,0.215
77,78,0.0,0.0,0.207
77,79,0.0,0.0,0.215
77,8,0.012,0.025,0.092
77,80,0.0,0.0,0.208
77,81,0.0,0.0,0.214
77,82,0.0,0.0,0.21
77,83,0.0,0.0,0.214
77,84,0.0,0.0,0.211
77,85,0.0,0.0,0.213
77,86,0.0,0.0,0.216
77,87,0.0,0.0,0.214
77,88,0.0,0.0,0.223
77,89,0.0,0.0,0.211
77,9,0.012,0.024,0.091
77,90,0.0,0.0,0.212
77,91,0.0,0.0,0.226
77,92,0.0,0.0,0.213
77,93,0.0,0.0,0.206
77,94,0.0,0.0,0.221
77,95,0.0,0.0,0.228
77,96,0.0,0.0,0.214
77,97,0.0,0.0,0.217
77,98,0.0,0.0,0.22
77,99,0.0,0.0,0.221
78,10,0.004,0.009,0.104
78,100,0.0,0.0,0.237
78,101,0.0,0.0,0.244
78,102,0.0,0.0,0.24
78,103,0.0,0.0,0.253
78,104,0.0,0.0,0.249
78,105,0.0,0.0,0.253
78,106,0.0,0.0,0.242
78,107,0.0,0.0,0.244
78,108,0.0,0.0,0.244
78,109,0.0,0.0,0.236
78,11,0.002,0.005,0.111
78,110,0.0,0.0,0.245
78,111,0.0,0.0,0.226
78,112,0.0,0.0,0.232
78,113,0.0,0.0,0.232
78,114,0.0,0.0,0.236
78,115,0.0,0.0,0.24
78,116,0.0,0.0,0.24
78,117,0.0,0.0,0.232
78,118,0.0,0.0,0.224
78,119,0.0,0.0,0.211
78,12,0.003,0.007,0.106
78,120,0.0,0.0,0.219
78,121,0.0,0.0,0.224
78,122,0.0,0.0,0.223
78,123,0.0,0.0,0.226
78,124,0.0,0.0,0.226
78,125,0.0,0.0,0.22
78,126,0.0,0.0,0.22
78,127,0.0,0.0,0.217
78,128,0.0,0.0,0.214
78,129,0.0,0.0,0.214
78,13,0.0,0.002,0.124
78,130,0.0,0.0,0.217
78,131,0.0,0.0,0.221
78,132,0.0,0.0,0.221
78,133,0.0,0.0,0.218
78,134,0.0,0.0,0.214
78,135,0.0,0.0,0.214
78,136,0.0,0.0,0.209
78,137,0.0,0.0,0.203
78,138,0.0,0.0,0.205
78,139,0.0,0.0,0.216
78,14,0.001,0.003,0.114
78,140,0.0,0.0,0.22
78,141,0.0,0.0,0.219
78,142,0.0,0.0,0.217
78,143,0.0,0.0,0.22
78,144,0.0,0.0,0.218
78,145,0.0,0.0,0.229
78,146,0.0,0.0,0.223
78,147,0.0,0.0,0.218
78,148,0.0,0.0,0.225
78,149,0.0,0.0,0.233
78,15,0.002,0.005,0.11
78,150,0.0,0.0,0.233
78,151,0.0,0.0,0.231
78,152,0.0,0.0,0.235
78,153,0.0,0.0,0.24
78,154,0.0,0.0,0.237
78,155,0.0,0.0,0.238
78,156,0.0,0.0,0.245
78,157,0.0,0.0,0.245
78,158,0.0,0.0,0.248
78,159,0.0,0.0,0.253
78,16,0.0,0.001,0.127
78,160,0.0,0.0,0.255
78,161,0.0,0.0,0.249
78,162,0.0,0.0,0.248
78,163,0.0,0.0,0.257
78,164,0.0,0.0,0.264
78,165,0.0,0.0,0.256
78,166,0.0,0.0,0.25
78,167,0.0,0.0,0.252
78,168,0.0,0.0,0.261
78,169,0.0,0.0,0.256
78,17,0.0,0.0,0.136
78,170,0.0,0.0,0.245
78,171,0.0,0.0,0.252
78,172,0.0,0.0,0.262
78,173,0.0,0.0,0.257
78,174,0.0,0.0,0.262
78,175,0.0,0.0,0.25
78,176,0.0,0.0,0.249
78,177,0.0,0.0,0.242
78,178,0.0,0.0,0.244
78,179,0.0,0.0,0.236
78,18,0.001,0.003,0.114
78,180,0.0,0.0,0.237
78,181,0.0,0.0,0.241
78,182,0.0,0.0,0.244
78,183,0.0,0.0,0.241
78,184,0.0,0.0,0.238
78,185,0.0,0.0,0.24
78,186,0.0,0.0,0.237
78,187,0.0,0.0,0.25
78,188,0.0,0.0,0.245
78,189,0.0,0.0,0.242
78,19,0.0,0.001,0.126
78,190,0.0,0.0,0.249
78,191,0.0,0.0,0.243
78,192,0.0,0.0,0.24
78,193,0.0,0.0,0.241
78,194,0.0,0.0,0.248
78,195,0.0,0.0,0.236
78,196,0.0,0.0,0.224
78,197,0.0,0.0,0.223
78,198,0.0,0.0,0.228
78,199,0.0,0.0,0.233
78,20,0.001,0.003,0.116
78,200,0.0,0.0,0.221
78,201,0.0,0.0,0.221
78,202,0.0,0.0,0.216
78,203,0.0,0.0,0.222
78,204,0.0,0.0,0.208
78,205,0.0,0.0,0.213
78,206,0.0,0.0,0.213
78,207,0.0,0.0,0.206
78,208,0.0,0.0,0.202
78,209,0.0,0.0,0.2
78,21,0.0,0.001,0.132
78,210,0.0,0.0,0.193
78,211,0.0,0.0,0.185
78,212,0.0,0.0,0.191
78,213,0.0,0.0,0.184
78,214,0.0,0.001,0.176
78,215,0.0,0.001,0.175
78,216,0.0,0.001,0.174
78,217,0.0,0.001,0.173
78,218,0.0,0.0,0.178
78,219,0.0,0.001,0.167
78,22,0.0,0.001,0.126
78,220,0.0,0.001,0.165
78,221,0.001,0.002,0.161
78,222,0.001,0.002,0.158
78,223,0.0,0.001,0.173
78,224,0.001,0.003,0.153
78,225,0.0,0.002,0.164
78,226,0.0,0.001,0.17
78,227,0.0,0.001,0.179
78,228,0.001,0.003,0.158
78,229,0.001,0.002,0.16
78,23,0.002,0.004,0.112
78,230,0.002,0.006,0.148
78,231,0.001,0.004,0.155
78,232,0.001,0.002,0.164
78,233,0.001,0.003,0.164
78,234,0.002,0.005,0.156
78,235,0.002,0.006,0.153
78,236,0.003,0.008,0.15
78,237,0.003,0.007,0.155
78,238,0.006,0.012,0.145
78,239,0.004,0.009,0.153
78,24,0.002,0.005,0.111
78,240,0.008,0.018,0.142
78,241,0.014,0.027,0.135
78,242,0.02,0.037,0.129
78,243,0.022,0.04,0.129
78,244,0.013,0.026,0.142
78,245,0.026,0.047,0.13
78,246,0.029,0.052,0.129
78,247,0.02,0.037,0.141
78,248,0.023,0.042,0.14
78,249,0.033,0.057,0.133
78,25,0.0,0.001,0.128
78,250,0.036,0.062,0.133
78,251,0.047,0.078,0.128
78,26,0.0,0.001,0.136
78,27,0.0,0.001,0.135
78,28,0.0,0.001,0.135
78,29,0.0,0.0,0.146
78,30,0.0,0.001,0.132
78,31,0.0,0.0,0.142
78,32,0.0,0.001,0.132
78,33,0.0,0.0,0.145
78,34,0.0,0.0,0.15
78,35,0.0,0.0,0.159
78,36,0.0,0.0,0.153
78,37,0.0,0.0,0.148
78,38,0.0,0.0,0.151
78,39,0.0,0.0,0.165
78,40,0.0,0.0,0.158
78,41,0.0,0.0,0.157
78,42,0.0,0.0,0.161
78,43,0.0,0.0,0.167
78,44,0.0,0.0,0.16
78,45,0.0,0.001,0.143
78,46,0.0,0.0,0.154
78,47,0.0,0.0,0.155
78,48,0.0,0.0,0.154
78,49,0.0,0.0,0.159
78,50,0.0,0.0,0.157
78,51,0.0,0.0,0.167
78,52,0.0,0.0,0.163
78,53,0.0,0.0,0.169
78,54,0.0,0.0,0.177
78,55,0.0,0.0,0.158
78,56,0.0,0.0,0.173
78,57,0.0,0.0,0.174
78,58,0.0,0.0,0.171
78,59,0.0,0.0,0.186
78,6,0.015,0.03,0.09
78,60,0.0,0.0,0.194
78,61,0.0,0.0,0.191
78,62,0.0,0.0,0.185
78,63,0.0,0.0,0.185
78,64,0.0,0.0,0.193
78,65,0.0,0.0,0.198
78,66,0.0,0.0,0.185
78,67,0.0,0.0,0.185
78,68,0.0,0.0,0.188
78,69,0.0,0.0,0.201
78,7,0.01,0.02,0.096
78,70,0.0,0.0,0.212
78,71,0.0,0.0,0.193
78,72,0.0,0.0,0.193
78,73,0.0,0.0,0.203
78,74,0.0,0.0,0.208
78,75,0.0,0.0,0.207
78,76,0.0,0.0,0.195
78,77,0.0,0.0,0.215
78,78,0.0,0.0,0.208
78,79,0.0,0.0,0.207
78,8,0.018,0.034,0.088
78,80,0.0,0.0,0.22
78,81,0.0,0.0,0.223
78,82,0.0,0.0,0.229
78,83,0.0,0.0,0.213
78,84,0.0,0.0,0.217
78,85,0.0,0.0,0.219
78,86,0.0,0.0,0.222
78,87,0.0,0.0,0.223
78,88,0.0,0.0,0.231
78,89,0.0,0.0,0.219
78,9,0.009,0.019,0.096
78,90,0.0,0.0,0.226
78,91,0.0,0.0,0.23
78,92,0.0,0.0,0.22
78,93,0.0,0.0,0.218
78,94,0.0,0.0,0.219
78,95,0.0,0.0,0.222
78,96,0.0,0.0,0.239
78,97,0.0,0.0,0.241
78,98,0.0,0.0,0.236
78,99,0.0,0.0,0.244
79,10,0.014,0.028,0.088
79,100,0.0,0.0,0.212
79,101,0.0,0.0,0.224
79,102,0.0,0.0,0.233
79,103,0.0,0.0,0.234
79,104,0.0,0.0,0.236
79,105,0.0,0.0,0.237
79,106,0.0,0.0,0.23
79,107,0.0,0.0,0.237
79,108,0.0,0.0,0.241
79,109,0.0,0.0,0.239
79,11,0.02,0.038,0.083
79,110,0.0,0.0,0.229
79,111,0.0,0.0,0.24
79,112,0.0,0.0,0.228
79,113,0.0,0.0,0.221
79,114,0.0,0.0,0.228
79,115,0.0,0.0,0.222
79,116,0.0,0.0,0.236
79,117,0.0,0.0,0.229
79,118,0.0,0.0,0.213
79,119,0.0,0.0,0.212
79,12,0.01,0.02,0.091
79,120,0.0,0.0,0.211
79,121,0.0,0.0,0.199
79,122,0.0,0.0,0.212
79,123,0.0,0.0,0.223
79,124,0.0,0.0,0.222
79,125,0.0,0.0,0.206
79,126,0.0,0.0,0.205
79,127,0.0,0.0,0.211
79,128,0.0,0.0,0.208
79,129,0.0,0.0,0.217
79,13,0.013,0.027,0.087
79,130,0.0,0.0,0.216
79,131,0.0,0.0,0.205
79,132,0.0,0.0,0.194
79,133,0.0,0.0,0.206
79,134,0.0,0.0,0.205
79,135,0.0,0.0,0.212
79,136,0.0,0.0,0.21
79,137,0.0,0.0,0.198
79,138,0.0,0.0,0.207
79,139,0.0,0.0,0.206
79,14,0.012,0.025,0.088
79,140,0.0,0.0,0.201
79,141,0.0,0.0,0.21
79,142,0.0,0.0,0.217
79,143,0.0,0.0,0.22
79,144,0.0,0.0,0.229
79,145,0.0,0.0,0.227
79,146,0.0,0.0,0.225
79,147,0.0,0.0,0.227
79,148,0.0,0.0,0.23
79,149,0.0,0.0,0.24
79,15,0.017,0.032,0.084
79,150,0.0,0.0,0.229
79,151,0.0,0.0,0.233
79,152,0.0,0.0,0.232
79,153,0.0,0.0,0.228
79,154,0.0,0.0,0.24
79,155,0.0,0.0,0.243
79,156,0.0,0.0,0.238
79,157,0.0,0.0,0.252
79,158,0.0,0.0,0.255
79,159,0.0,0.0,0.24
79,16,0.003,0.008,0.103
79,160,0.0,0.0,0.249
79,161,0.0,0.0,0.232
79,162,0.0,0.0,0.225
79,163,0.0,0.0,0.255
79,164,0.0,0.0,0.258
79,165,0.0,0.0,0.246
79,166,0.0,0.0,0.244
79,167,0.0,0.0,0.247
79,168,0.0,0.0,0.243
79,169,0.0,0.0,0.24
79,17,0.022,0.04,0.08
79,170,0.0,0.0,0.261
79,171,0.0,0.0,0.249
79,172,0.0,0.0,0.233
79,173,0.0,0.0,0.241
79,174,0.0,0.0,0.245
79,175,0.0,0.0,0.247
79,176,0.0,0.0,0.253
79,177,0.0,0.0,0.253
79,178,0.0,0.0,0.243
79,179,0.0,0.0,0.245
79,18,0.006,0.014,0.096
79,180,0.0,0.0,0.262
79,181,0.0,0.0,0.243
79,182,0.0,0.0,0.239
79,183,0.0,0.0,0.242
79,184,0.0,0.0,0.246
79,185,0.0,0.0,0.237
79,186,0.0,0.0,0.247
79,187,0.0,0.0,0.246
79,188,0.0,0.0,0.231
79,189,0.0,0.0,0.234
79,19,0.002,0.006,0.108
79,190,0.0,0.0,0.248
79,191,0.0,0.0,0.24
79,192,0.0,0.0,0.228
79,193,0.0,0.0,0.223
79,194,0.0,0.0,0.221
79,195,0.0,0.0,0.231
79,196,0.0,0.0,0.234
79,197,0.0,0.0,0.212
79,198,0.0,0.0,0.222
79,199,0.0,0.0,0.213
79,20,0.003,0.007,0.106
79,200,0.0,0.0,0.225
79,201,0.0,0.0,0.229
79,202,0.0,0.0,0.21
79,203,0.0,0.0,0.207
79,204,0.0,0.0,0.211
79,205,0.0,0.0,0.206
79,206,0.0,0.0,0.202
79,207,0.0,0.0,0.199
79,208,0.0,0.0,0.202
79,209,0.0,0.0,0.197
79,21,0.002,0.005,0.111
79,210,0.0,0.0,0.187
79,211,0.0,0.0,0.195
79,212,0.0,0.0,0.196
79,213,0.0,0.0,0.191
79,214,0.0,0.0,0.191
79,215,0.0,0.0,0.181
79,216,0.0,0.0,0.184
79,217,0.0,0.001,0.173
79,218,0.0,0.001,0.172
79,219,0.0,0.0,0.191
79,22,0.002,0.005,0.11
79,220,0.0,0.0,0.181
79,221,0.0,0.001,0.174
79,222,0.0,0.001,0.165
79,223,0.001,0.002,0.158
79,224,0.002,0.005,0.145
79,225,0.002,0.006,0.144
79,226,0.002,0.004,0.148
79,227,0.001,0.004,0.151
79,228,0.001,0.003,0.158
79,229,0.003,0.007,0.143
79,23,0.005,0.011,0.1
79,230,0.002,0.004,0.154
79,231,0.002,0.005,0.151
79,232,0.001,0.003,0.162
79,233,0.001,0.003,0.165
79,234,0.003,0.008,0.149
79,235,0.007,0.016,0.136
79,236,0.011,0.023,0.13
79,237,0.006,0.013,0.144
79,238,0.017,0.032,0.127
79,239,0.013,0.026,0.133
79,24,0.001,0.003,0.115
79,240,0.026,0.047,0.121
79,241,0.028,0.05,0.121
79,242,0.023,0.043,0.127
79,243,0.028,0.05,0.125
79,244,0.07,0.11,0.105
79,245,0.067,0.106,0.108
79,246,0.057,0.093,0.114
79,247,0.039,0.067,0.126
79,248,0.065,0.103,0.115
79,249,0.064,0.101,0.117
79,25,0.001,0.003,0.116
79,250,0.068,0.107,0.117
79,251,0.094,0.142,0.109
79,26,0.001,0.002,0.122
79,27,0.002,0.005,0.111
79,28,0.001,0.003,0.116
79,29,0.0,0.002,0.126
79,30,0.0,0.001,0.131
79,31,0.0,0.0,0.142
79,32,0.0,0.001,0.138
79,33,0.0,0.0,0.142
79,34,0.0,0.0,0.149
79,35,0.0,0.0,0.158
79,36,0.0,0.0,0.152
79,37,0.0,0.0,0.151
79,38,0.0,0.0,0.148
79,39,0.0,0.001,0.144
79,40,0.0,0.001,0.139
79,41,0.0,0.001,0.142
79,42,0.0,0.001,0.147
79,43,0.001,0.003,0.126
79,44,0.0,0.0,0.153
79,45,0.001,0.002,0.136
79,46,0.0,0.0,0.153
79,47,0.0,0.0,0.154
79,48,0.0,0.0,0.159
79,49,0.0,0.0,0.164
79,50,0.0,0.0,0.157
79,51,0.0,0.0,0.159
79,52,0.0,0.0,0.162
79,53,0.0,0.0,0.171
79,54,0.0,0.0,0.169
79,55,0.0,0.0,0.189
79,56,0.0,0.0,0.189
79,57,0.0,0.0,0.192
79,58,0.0,0.0,0.194
79,59,0.0,0.0,0.184
79,6,0.027,0.049,0.082
79,60,0.0,0.0,0.179
79,61,0.0,0.0,0.187
79,62,0.0,0.0,0.198
79,63,0.0,0.0,0.189
79,64,0.0,0.0,0.18
79,65,0.0,0.0,0.181
79,66,0.0,0.0,0.192
79,67,0.0,0.0,0.193
79,68,0.0,0.0,0.186
79,69,0.0,0.0,0.199
79,7,0.011,0.022,0.094
79,70,0.0,0.0,0.184
79,71,0.0,0.0,0.182
79,72,0.0,0.0,0.19
79,73,0.0,0.0,0.173
79,74,0.0,0.0,0.184
79,75,0.0,0.0,0.197
79,76,0.0,0.0,0.216
79,77,0.0,0.0,0.197
79,78,0.0,0.0,0.19
79,79,0.0,0.0,0.194
79,8,0.011,0.023,0.092
79,80,0.0,0.0,0.202
79,81,0.0,0.0,0.203
79,82,0.0,0.0,0.206
79,83,0.0,0.0,0.216
79,84,0.0,0.0,0.218
79,85,0.0,0.0,0.224
79,86,0.0,0.0,0.225
79,87,0.0,0.0,0.215
79,88,0.0,0.0,0.207
79,89,0.0,0.0,0.222
79,9,0.015,0.029,0.088
79,90,0.0,0.0,0.218
79,91,0.0,0.0,0.221
79,92,0.0,0.0,0.224
79,93,0.0,0.0,0.224
79,94,0.0,0.0,0.222
79,95,0.0,0.0,0.214
79,96,0.0,0.0,0.228
79,97,0.0,0.0,0.236
79,98,0.0,0.0,0.234
79,99,0.0,0.0,0.218
8,10,0.019,0.036,0.078
8,100,0.0,0.001,0.141
8,101,0.001,0.003,0.124
8,102,0.0,0.001,0.133
8,103,0.001,0.002,0.127
8,104,0.0,0.001,0.137
8,105,0.0,0.0,0.152
8,106,0.0,0.001,0.143
8,107,0.0,0.001,0.134
8,108,0.001,0.002,0.127
8,109,0.002,0.005,0.117
8,11,0.002,0.005,0.104
8,110,0.003,0.008,0.111
8,111,0.003,0.008,0.112
8,112,0.0,0.001,0.134
8,113,0.002,0.004,0.121
8,114,0.002,0.005,0.119
8,115,0.001,0.004,0.123
8,116,0.001,0.002,0.132
8,117,0.001,0.003,0.126
8,118,0.002,0.004,0.123
8,119,0.001,0.003,0.126
8,12,0.005,0.012,0.092
8,120,0.001,0.002,0.135
8,121,0.001,0.003,0.129
8,122,0.0,0.001,0.143
8,123,0.0,0.001,0.141
8,124,0.0,0.001,0.145
8,125,0.001,0.002,0.134
8,126,0.0,0.001,0.144
8,127,0.001,0.002,0.137
8,128,0.0,0.002,0.138
8,129,0.0,0.001,0.144
8,13,0.01,0.02,0.085
8,130,0.0,0.001,0.141
8,131,0.0,0.001,0.148
8,132,0.0,0.0,0.162
8,133,0.0,0.0,0.158
8,134,0.0,0.001,0.148
8,135,0.0,0.001,0.151
8,136,0.0,0.001,0.142
8,137,0.0,0.001,0.148
8,138,0.0,0.001,0.152
8,139,0.0,0.001,0.15
8,14,0.0,0.001,0.119
8,140,0.0,0.001,0.149
8,141,0.0,0.001,0.144
8,142,0.0,0.001,0.148
8,143,0.0,0.001,0.15
8,144,0.0,0.001,0.15
8,145,0.0,0.0,0.157
8,146,0.0,0.0,0.164
8,147,0.0,0.0,0.17
8,148,0.0,0.0,0.17
8,149,0.0,0.0,0.159
8,15,0.002,0.004,0.102
8,150,0.0,0.0,0.159
8,151,0.0,0.0,0.16
8,152,0.0,0.001,0.154
8,153,0.0,0.0,0.167
8,154,0.0,0.0,0.163
8,155,0.0,0.001,0.152
8,156,0.0,0.001,0.153
8,157,0.0,0.0,0.159
8,158,0.0,0.001,0.152
8,159,0.0,0.001,0.159
8,16,0.002,0.005,0.1
8,160,0.0,0.001,0.152
8,161,0.0,0.001,0.156
8,162,0.001,0.002,0.144
8,163,0.0,0.001,0.146
8,164,0.0,0.001,0.149
8,165,0.001,0.002,0.145
8,166,0.0,0.001,0.152
8,167,0.001,0.002,0.144
8,168,0.001,0.004,0.134
8,169,0.001,0.002,0.144
8,17,0.001,0.003,0.105
8,170,0.0,0.002,0.147
8,171,0.001,0.004,0.135
8,172,0.002,0.004,0.133
8,173,0.002,0.006,0.129
8,174,0.002,0.006,0.13
8,175,0.004,0.01,0.122
8,176,0.001,0.003,0.139
8,177,0.002,0.005,0.133
8,178,0.003,0.008,0.128
8,179,0.002,0.004,0.137
8,18,0.001,0.003,0.107
8,180,0.001,0.003,0.144
8,181,0.004,0.008,0.127
8,182,0.003,0.008,0.129
8,183,0.006,0.013,0.122
8,184,0.008,0.018,0.117
8,185,0.003,0.007,0.133
8,186,0.004,0.008,0.131
8,187,0.006,0.013,0.124
8,188,0.005,0.011,0.128
8,189,0.002,0.006,0.139
8,19,0.003,0.006,0.097
8,190,0.003,0.006,0.138
8,191,0.001,0.003,0.15
8,192,0.004,0.009,0.134
8,193,0.005,0.012,0.13
8,194,0.005,0.011,0.132
8,195,0.005,0.011,0.133
8,196,0.005,0.011,0.134
8,197,0.011,0.022,0.122
8,198,0.015,0.029,0.117
8,199,0.012,0.024,0.122
8,20,0.001,0.002,0.112
8,200,0.013,0.026,0.121
8,201,0.01,0.021,0.126
8,202,0.012,0.024,0.125
8,203,0.026,0.047,0.111
8,204,0.022,0.041,0.115
8,205,0.033,0.057,0.107
8,206,0.026,0.046,0.114
8,207,0.015,0.03,0.124
8,208,0.06,0.096,0.097
8,209,0.026,0.048,0.115
8,21,0.004,0.01,0.092
8,210,0.032,0.056,0.112
8,211,0.024,0.044,0.118
8,212,0.016,0.031,0.127
8,213,0.013,0.026,0.132
8,214,0.016,0.031,0.129
8,215,0.025,0.045,0.121
8,216,0.011,0.023,0.138
8,217,0.024,0.044,0.123
8,218,0.015,0.028,0.134
8,219,0.014,0.027,0.137
8,22,0.005,0.012,0.09
8,220,0.013,0.026,0.138
8,221,0.019,0.036,0.132
8,222,0.023,0.042,0.129
8,223,0.017,0.032,0.136
8,224,0.016,0.031,0.137
8,225,0.027,0.048,0.127
8,226,0.024,0.044,0.13
8,227,0.013,0.026,0.143
8,228,0.012,0.024,0.146
8,229,0.017,0.032,0.139
8,23,0.001,0.003,0.106
8,230,0.038,0.065,0.121
8,231,0.018,0.034,0.138
8,232,0.019,0.036,0.138
8,233,0.015,0.03,0.143
8,234,0.017,0.032,0.142
8,235,0.034,0.059,0.126
8,236,0.022,0.04,0.137
8,237,0.027,0.049,0.133
8,238,0.04,0.068,0.124
8,239,0.022,0.041,0.138
8,24,0.001,0.004,0.103
8,240,0.017,0.032,0.145
8,241,0.023,0.042,0.139
8,242,0.027,0.049,0.135
8,243,0.025,0.045,0.138
8,244,0.032,0.057,0.133
8,245,0.033,0.058,0.133
8,246,0.02,0.038,0.146
8,247,0.029,0.051,0.138
8,248,0.019,0.037,0.149
8,249,0.014,0.027,0.158
8,25,0.021,0.039,0.074
8,250,0.009,0.019,0.168
8,251,0.009,0.02,0.169
8,26,0.003,0.008,0.093
8,27,0.001,0.003,0.105
8,28,0.003,0.007,0.095
8,29,0.008,0.018,0.084
8,30,0.016,0.03,0.077
8,31,0.005,0.011,0.09
8,32,0.008,0.017,0.085
8,33,0.004,0.009,0.093
8,34,0.001,0.003,0.107
8,35,0.001,0.004,0.103
8,36,0.005,0.011,0.091
8,37,0.001,0.003,0.105
8,38,0.003,0.007,0.096
8,39,0.005,0.011,0.091
8,40,0.002,0.004,0.102
8,41,0.001,0.004,0.103
8,42,0.002,0.005,0.102
8,43,0.001,0.004,0.104
8,44,0.003,0.007,0.097
8,45,0.0,0.001,0.118
8,46,0.001,0.003,0.108
8,47,0.005,0.011,0.092
8,48,0.004,0.009,0.095
8,49,0.002,0.005,0.103
8,50,0.0,0.001,0.117
8,51,0.001,0.003,0.11
8,52,0.001,0.003,0.107
8,53,0.001,0.002,0.112
8,54,0.001,0.004,0.106
8,55,0.002,0.006,0.102
8,56,0.002,0.004,0.105
8,57,0.002,0.005,0.104
8,58,0.001,0.003,0.108
8,59,0.002,0.006,0.103
8,60,0.003,0.008,0.099
8,61,0.001,0.002,0.116
8,62,0.003,0.007,0.102
8,63,0.001,0.003,0.111
8,64,0.0,0.001,0.119
8,65,0.002,0.006,0.104
8,66,0.001,0.003,0.114
8,67,0.0,0.001,0.122
8,68,0.002,0.005,0.108
8,69,0.002,0.004,0.108
8,7,0.024,0.043,0.078
8,70,0.001,0.002,0.118
8,71,0.001,0.004,0.11
8,72,0.002,0.006,0.105
8,73,0.002,0.005,0.107
8,74,0.0,0.002,0.121
8,75,0.001,0.003,0.114
8,76,0.001,0.003,0.113
8,77,0.0,0.001,0.126
8,78,0.001,0.003,0.116
8,79,0.0,0.001,0.124
8,8,0.01,0.02,0.088
8,80,0.0,0.001,0.125
8,81,0.001,0.002,0.122
8,82,0.0,0.001,0.133
8,83,0.0,0.0,0.137
8,84,0.0,0.001,0.129
8,85,0.0,0.001,0.131
8,86,0.0,0.0,0.141
8,87,0.0,0.0,0.147
8,88,0.0,0.0,0.141
8,89,0.0,0.0,0.15
8,9,0.016,0.031,0.081
8,90,0.0,0.0,0.151
8,91,0.0,0.001,0.139
8,92,0.0,0.001,0.132
8,93,0.0,0.001,0.136
8,94,0.001,0.002,0.125
8,95,0.0,0.001,0.132
8,96,0.0,0.001,0.14
8,97,0.0,0.0,0.144
8,98,0.0,0.001,0.141
8,99,0.0,0.0,0.142
80,10,0.001,0.003,0.118
80,100,0.0,0.0,0.232
80,101,0.0,0.0,0.226
80,102,0.0,0.0,0.24
80,103,0.0,0.0,0.243
80,104,0.0,0.0,0.255
80,105,0.0,0.0,0.25
80,106,0.0,0.0,0.242
80,107,0.0,0.0,0.238
80,108,0.0,0.0,0.242
80,109,0.0,0.0,0.24
80,11,0.001,0.002,0.119
80,110,0.0,0.0,0.232
80,111,0.0,0.0,0.232
80,112,0.0,0.0,0.223
80,113,0.0,0.0,0.233
80,114,0.0,0.0,0.234
80,115,0.0,0.0,0.241
80,116,0.0,0.0,0.238
80,117,0.0,0.0,0.235
80,118,0.0,0.0,0.231
80,119,0.0,0.0,0.226
80,12,0.001,0.003,0.117
80,120,0.0,0.0,0.235
80,121,0.0,0.0,0.232
80,122,0.0,0.0,0.228
80,123,0.0,0.0,0.239
80,124,0.0,0.0,0.238
80,125,0.0,0.0,0.241
80,126,0.0,0.0,0.224
80,127,0.0,0.0,0.219
80,128,0.0,0.0,0.224
80,129,0.0,0.0,0.218
80,13,0.001,0.002,0.121
80,130,0.0,0.0,0.218
80,131,0.0,0.0,0.213
80,132,0.0,0.0,0.208
80,133,0.0,0.0,0.213
80,134,0.0,0.0,0.225
80,135,0.0,0.0,0.228
80,136,0.0,0.0,0.223
80,137,0.0,0.0,0.227
80,138,0.0,0.0,0.213
80,139,0.0,0.0,0.216
80,14,0.002,0.006,0.107
80,140,0.0,0.0,0.236
80,141,0.0,0.0,0.223
80,142,0.0,0.0,0.22
80,143,0.0,0.0,0.22
80,144,0.0,0.0,0.218
80,145,0.0,0.0,0.228
80,146,0.0,0.0,0.221
80,147,0.0,0.0,0.23
80,148,0.0,0.0,0.228
80,149,0.0,0.0,0.237
80,15,0.0,0.001,0.13
80,150,0.0,0.0,0.238
80,151,0.0,0.0,0.236
80,152,0.0,0.0,0.233
80,153,0.0,0.0,0.24
80,154,0.0,0.0,0.245
80,155,0.0,0.0,0.243
80,156,0.0,0.0,0.24
80,157,0.0,0.0,0.256
80,158,0.0,0.0,0.247
80,159,0.0,0.0,0.243
80,16,0.0,0.001,0.129
80,160,0.0,0.0,0.242
80,161,0.0,0.0,0.251
80,162,0.0,0.0,0.253
80,163,0.0,0.0,0.248
80,164,0.0,0.0,0.238
80,165,0.0,0.0,0.255
80,166,0.0,0.0,0.255
80,167,0.0,0.0,0.256
80,168,0.0,0.0,0.247
80,169,0.0,0.0,0.255
80,17,0.001,0.003,0.115
80,170,0.0,0.0,0.259
80,171,0.0,0.0,0.257
80,172,0.0,0.0,0.265
80,173,0.0,0.0,0.262
80,174,0.0,0.0,0.25
80,175,0.0,0.0,0.259
80,176,0.0,0.0,0.246
80,177,0.0,0.0,0.252
80,178,0.0,0.0,0.252
80,179,0.0,0.0,0.249
80,18,0.001,0.002,0.119
80,180,0.0,0.0,0.251
80,181,0.0,0.0,0.251
80,182,0.0,0.0,0.246
80,183,0.0,0.0,0.24
80,184,0.0,0.0,0.24
80,185,0.0,0.0,0.226
80,186,0.0,0.0,0.225
80,187,0.0,0.0,0.227
80,188,0.0,0.0,0.222
80,189,0.0,0.0,0.231
80,19,0.0,0.001,0.124
80,190,0.0,0.0,0.228
80,191,0.0,0.0,0.215
80,192,0.0,0.0,0.236
80,193,0.0,0.0,0.233
80,194,0.0,0.0,0.227
80,195,0.0,0.0,0.224
80,196,0.0,0.0,0.21
80,197,0.0,0.0,0.217
80,198,0.0,0.0,0.211
80,199,0.0,0.0,0.213
80,20,0.001,0.002,0.122
80,200,0.0,0.0,0.209
80,201,0.0,0.0,0.21
80,202,0.0,0.0,0.208
80,203,0.0,0.0,0.2
80,204,0.0,0.0,0.209
80,205,0.0,0.0,0.209
80,206,0.0,0.0,0.185
80,207,0.0,0.0,0.19
80,208,0.0,0.0,0.194
80,209,0.0,0.0,0.188
80,21,0.0,0.001,0.125
80,210,0.0,0.0,0.184
80,211,0.0,0.0,0.183
80,212,0.0,0.001,0.174
80,213,0.0,0.0,0.189
80,214,0.0,0.0,0.188
80,215,0.0,0.0,0.183
80,216,0.0,0.0,0.18
80,217,0.0,0.001,0.173
80,218,0.0,0.001,0.173
80,219,0.0,0.001,0.164
80,22,0.0,0.001,0.126
80,220,0.0,0.001,0.164
80,221,0.0,0.001,0.177
80,222,0.0,0.001,0.165
80,223,0.001,0.002,0.159
80,224,0.001,0.002,0.164
80,225,0.001,0.002,0.164
80,226,0.0,0.001,0.171
80,227,0.0,0.001,0.176
80,228,0.001,0.003,0.157
80,229,0.002,0.006,0.148
80,23,0.0,0.0,0.138
80,230,0.003,0.007,0.147
80,231,0.001,0.003,0.163
80,232,0.003,0.007,0.15
80,233,0.003,0.008,0.148
80,234,0.004,0.009,0.148
80,235,0.002,0.006,0.158
80,236,0.006,0.013,0.145
80,237,0.013,0.026,0.131
80,238,0.026,0.047,0.119
80,239,0.018,0.034,0.129
80,24,0.0,0.001,0.134
80,240,0.019,0.036,0.129
80,241,0.024,0.044,0.126
80,242,0.043,0.073,0.115
80,243,0.092,0.139,0.097
80,244,0.094,0.142,0.098
80,245,0.106,0.157,0.096
80,246,0.146,0.207,0.088
80,247,0.093,0.14,0.104
80,248,0.132,0.189,0.094
80,249,0.167,0.231,0.088
80,25,0.0,0.001,0.133
80,250,0.114,0.167,0.102
80,251,0.092,0.139,0.11
80,26,0.0,0.001,0.131
80,27,0.0,0.001,0.131
80,28,0.0,0.001,0.137
80,29,0.0,0.0,0.143
80,30,0.0,0.001,0.135
80,31,0.0,0.001,0.137
80,32,0.0,0.0,0.153
80,33,0.0,0.0,0.146
80,34,0.0,0.0,0.151
80,35,0.0,0.0,0.163
80,36,0.0,0.0,0.154
80,37,0.0,0.0,0.152
80,38,0.0,0.0,0.152
80,39,0.0,0.0,0.155
80,40,0.0,0.0,0.161
80,41,0.0,0.0,0.157
80,42,0.0,0.0,0.16
80,43,0.0,0.0,0.15
80,44,0.0,0.0,0.162
80,45,0.0,0.0,0.163
80,46,0.0,0.0,0.161
80,47,0.0,0.0,0.173
80,48,0.0,0.0,0.172
80,49,0.0,0.0,0.174
80,50,0.0,0.0,0.169
80,51,0.0,0.0,0.16
80,52,0.0,0.0,0.168
80,53,0.0,0.0,0.177
80,54,0.0,0.0,0.169
80,55,0.0,0.0,0.175
80,56,0.0,0.0,0.183
80,57,0.0,0.0,0.184
80,58,0.0,0.0,0.183
80,59,0.0,0.0,0.189
80,6,0.001,0.003,0.122
80,60,0.0,0.0,0.181
80,61,0.0,0.0,0.18
80,62,0.0,0.0,0.174
80,63,0.0,0.0,0.172
80,64,0.0,0.0,0.175
80,65,0.0,0.0,0.187
80,66,0.0,0.0,0.194
80,67,0.0,0.0,0.201
80,68,0.0,0.0,0.195
80,69,0.0,0.0,0.194
80,7,0.001,0.002,0.128
80,70,0.0,0.0,0.207
80,71,0.0,0.0,0.212
80,72,0.0,0.0,0.215
80,73,0.0,0.0,0.204
80,74,0.0,0.0,0.205
80,75,0.0,0.0,0.214
80,76,0.0,0.0,0.209
80,77,0.0,0.0,0.203
80,78,0.0,0.0,0.212
80,79,0.0,0.0,0.211
80,8,0.001,0.003,0.121
80,80,0.0,0.0,0.213
80,81,0.0,0.0,0.215
80,82,0.0,0.0,0.22
80,83,0.0,0.0,0.213
80,84,0.0,0.0,0.21
80,85,0.0,0.0,0.216
80,86,0.0,0.0,0.223
80,87,0.0,0.0,0.217
80,88,0.0,0.0,0.216
80,89,0.0,0.0,0.219
80,9,0.001,0.002,0.123
80,90,0.0,0.0,0.207
80,91,0.0,0.0,0.217
80,92,0.0,0.0,0.215
80,93,0.0,0.0,0.219
80,94,0.0,0.0,0.215
80,95,0.0,0.0,0.222
80,96,0.0,0.0,0.222
80,97,0.0,0.0,0.236
80,98,0.0,0.0,0.243
80,99,0.0,0.0,0.23
81,10,0.042,0.071,0.073
81,100,0.0,0.0,0.215
81,101,0.0,0.0,0.213
81,102,0.0,0.0,0.213
81,103,0.0,0.0,0.225
81,104,0.0,0.0,0.217
81,105,0.0,0.0,0.222
81,106,0.0,0.0,0.217
81,107,0.0,0.0,0.227
81,108,0.0,0.0,0.233
81,109,0.0,0.0,0.223
81,11,0.042,0.072,0.073
81,110,0.0,0.0,0.223
81,111,0.0,0.0,0.235
81,112,0.0,0.0,0.229
81,113,0.0,0.0,0.228
81,114,0.0,0.0,0.233
81,115,0.0,0.0,0.239
81,116,0.0,0.0,0.229
81,117,0.0,0.0,0.217
81,118,0.0,0.0,0.218
81,119,0.0,0.0,0.21
81,12,0.034,0.059,0.076
81,120,0.0,0.0,0.207
81,121,0.0,0.0,0.21
81,122,0.0,0.0,0.217
81,123,0.0,0.0,0.229
81,124,0.0,0.0,0.238
81,125,0.0,0.0,0.228
81,126,0.0,0.0,0.219
81,127,0.0,0.0,0.224
81,128,0.0,0.0,0.228
81,129,0.0,0.0,0.221
81,13,0.025,0.046,0.08
81,130,0.0,0.0,0.217
81,131,0.0,0.0,0.219
81,132,0.0,0.0,0.21
81,133,0.0,0.0,0.211
81,134,0.0,0.0,0.217
81,135,0.0,0.0,0.211
81,136,0.0,0.0,0.211
81,137,0.0,0.0,0.217
81,138,0.0,0.0,0.217
81,139,0.0,0.0,0.208
81,14,0.02,0.037,0.083
81,140,0.0,0.0,0.217
81,141,0.0,0.0,0.22
81,142,0.0,0.0,0.212
81,143,0.0,0.0,0.213
81,144,0.0,0.0,0.221
81,145,0.0,0.0,0.218
81,146,0.0,0.0,0.229
81,147,0.0,0.0,0.225
81,148,0.0,0.0,0.222
81,149,0.0,0.0,0.223
81,15,0.041,0.069,0.072
81,150,0.0,0.0,0.234
81,151,0.0,0.0,0.233
81,152,0.0,0.0,0.242
81,153,0.0,0.0,0.246
81,154,0.0,0.0,0.237
81,155,0.0,0.0,0.238
81,156,0.0,0.0,0.239
81,157,0.0,0.0,0.237
81,158,0.0,0.0,0.234
81,159,0.0,0.0,0.241
81,16,0.02,0.037,0.083
81,160,0.0,0.0,0.243
81,161,0.0,0.0,0.234
81,162,0.0,0.0,0.236
81,163,0.0,0.0,0.238
81,164,0.0,0.0,0.239
81,165,0.0,0.0,0.241
81,166,0.0,0.0,0.238
81,167,0.0,0.0,0.24
81,168,0.0,0.0,0.241
81,169,0.0,0.0,0.253
81,17,0.017,0.033,0.084
81,170,0.0,0.0,0.258
81,171,0.0,0.0,0.242
81,172,0.0,0.0,0.241
81,173,0.0,0.0,0.244
81,174,0.0,0.0,0.237
81,175,0.0,0.0,0.25
81,176,0.0,0.0,0.248
81,177,0.0,0.0,0.244
81,178,0.0,0.0,0.229
81,179,0.0,0.0,0.238
81,18,0.009,0.019,0.093
81,180,0.0,0.0,0.24
81,181,0.0,0.0,0.233
81,182,0.0,0.0,0.239
81,183,0.0,0.0,0.242
81,184,0.0,0.0,0.248
81,185,0.0,0.0,0.243
81,186,0.0,0.0,0.226
81,187,0.0,0.0,0.234
81,188,0.0,0.0,0.227
81,189,0.0,0.0,0.221
81,19,0.007,0.016,0.095
81,190,0.0,0.0,0.224
81,191,0.0,0.0,0.227
81,192,0.0,0.0,0.226
81,193,0.0,0.0,0.217
81,194,0.0,0.0,0.218
81,195,0.0,0.0,0.221
81,196,0.0,0.0,0.235
81,197,0.0,0.0,0.235
81,198,0.0,0.0,0.219
81,199,0.0,0.0,0.214
81,20,0.003,0.007,0.105
81,200,0.0,0.0,0.215
81,201,0.0,0.0,0.22
81,202,0.0,0.0,0.22
81,203,0.0,0.0,0.205
81,204,0.0,0.0,0.207
81,205,0.0,0.0,0.207
81,206,0.0,0.0,0.207
81,207,0.0,0.0,0.204
81,208,0.0,0.0,0.203
81,209,0.0,0.0,0.189
81,21,0.003,0.007,0.106
81,210,0.0,0.0,0.183
81,211,0.0,0.0,0.19
81,212,0.0,0.0,0.186
81,213,0.0,0.001,0.173
81,214,0.0,0.001,0.175
81,215,0.0,0.001,0.175
81,216,0.0,0.001,0.174
81,217,0.0,0.001,0.166
81,218,0.001,0.002,0.156
81,219,0.001,0.002,0.159
81,22,0.005,0.012,0.1
81,220,0.0,0.001,0.166
81,221,0.001,0.003,0.153
81,222,0.002,0.004,0.148
81,223,0.002,0.006,0.144
81,224,0.001,0.004,0.151
81,225,0.002,0.006,0.146
81,226,0.002,0.005,0.149
81,227,0.001,0.004,0.154
81,228,0.001,0.004,0.156
81,229,0.002,0.005,0.152
81,23,0.0,0.001,0.127
81,230,0.003,0.007,0.147
81,231,0.003,0.008,0.146
81,232,0.005,0.011,0.142
81,233,0.015,0.03,0.123
81,234,0.012,0.025,0.128
81,235,0.018,0.034,0.123
81,236,0.023,0.042,0.12
81,237,0.032,0.056,0.114
81,238,0.04,0.068,0.111
81,239,0.067,0.106,0.1
81,24,0.001,0.002,0.122
81,240,0.126,0.182,0.085
81,241,0.191,0.259,0.074
81,242,0.145,0.205,0.083
81,243,0.167,0.231,0.08
81,244,0.177,0.243,0.08
81,245,0.127,0.183,0.091
81,246,0.143,0.202,0.089
81,247,0.154,0.216,0.088
81,248,0.125,0.18,0.096
81,249,0.117,0.171,0.1
81,25,0.007,0.015,0.097
81,250,0.183,0.25,0.086
81,251,0.124,0.179,0.101
81,26,0.003,0.008,0.105
81,27,0.001,0.004,0.115
81,28,0.0,0.001,0.128
81,29,0.0,0.0,0.138
81,30,0.0,0.001,0.136
81,31,0.0,0.001,0.137
81,32,0.0,0.001,0.13
81,33,0.0,0.002,0.128
81,34,0.001,0.002,0.127
81,35,0.0,0.001,0.136
81,36,0.0,0.001,0.136
81,37,0.0,0.001,0.139
81,38,0.0,0.0,0.145
81,39,0.0,0.0,0.15
81,40,0.0,0.001,0.14
81,41,0.0,0.0,0.146
81,42,0.0,0.0,0.148
81,43,0.001,0.002,0.13
81,44,0.0,0.001,0.138
81,45,0.0,0.0,0.156
81,46,0.0,0.001,0.139
81,47,0.0,0.0,0.152
81,48,0.0,0.0,0.155
81,49,0.0,0.001,0.143
81,50,0.0,0.001,0.152
81,51,0.0,0.0,0.153
81,52,0.0,0.0,0.161
81,53,0.0,0.0,0.16
81,54,0.0,0.0,0.16
81,55,0.0,0.0,0.174
81,56,0.0,0.0,0.17
81,57,0.0,0.0,0.186
81,58,0.0,0.0,0.185
81,59,0.0,0.0,0.178
81,6,0.022,0.041,0.085
81,60,0.0,0.0,0.176
81,61,0.0,0.0,0.184
81,62,0.0,0.0,0.182
81,63,0.0,0.0,0.168
81,64,0.0,0.0,0.176
81,65,0.0,0.0,0.179
81,66,0.0,0.0,0.171
81,67,0.0,0.0,0.171
81,68,0.0,0.0,0.187
81,69,0.0,0.0,0.179
81,7,0.083,0.127,0.064
81,70,0.0,0.0,0.175
81,71,0.0,0.0,0.18
81,72,0.0,0.0,0.179
81,73,0.0,0.0,0.182
81,74,0.0,0.0,0.189
81,75,0.0,0.0,0.176
81,76,0.0,0.0,0.192
81,77,0.0,0.0,0.191
81,78,0.0,0.0,0.189
81,79,0.0,0.0,0.185
81,8,0.103,0.153,0.06
81,80,0.0,0.0,0.202
81,81,0.0,0.0,0.189
81,82,0.0,0.0,0.19
81,83,0.0,0.0,0.195
81,84,0.0,0.0,0.201
81,85,0.0,0.0,0.204
81,86,0.0,0.0,0.193
81,87,0.0,0.0,0.198
81,88,0.0,0.0,0.213
81,89,0.0,0.0,0.203
81,9,0.103,0.152,0.059
81,90,0.0,0.0,0.214
81,91,0.0,0.0,0.213
81,92,0.0,0.0,0.212
81,93,0.0,0.0,0.212
81,94,0.0,0.0,0.212
81,95,0.0,0.0,0.212
81,96,0.0,0.0,0.217
81,97,0.0,0.0,0.228
81,98,0.0,0.0,0.219
81,99,0.0,0.0,0.217
82,10,0.048,0.08,0.07
82,100,0.0,0.0,0.23
82,101,0.0,0.0,0.229
82,102,0.0,0.0,0.216
82,103,0.0,0.0,0.21
82,104,0.0,0.0,0.225
82,105,0.0,0.0,0.219
82,106,0.0,0.0,0.224
82,107,0.0,0.0,0.222
82,108,0.0,0.0,0.225
82,109,0.0,0.0,0.234
82,11,0.018,0.035,0.084
82,110,0.0,0.0,0.225
82,111,0.0,0.0,0.225
82,112,0.0,0.0,0.235
82,113,0.0,0.0,0.234
82,114,0.0,0.0,0.229
82,115,0.0,0.0,0.225
82,116,0.0,0.0,0.228
82,117,0.0,0.0,0.221
82,118,0.0,0.0,0.226
82,119,0.0,0.0,0.224
82,12,0.008,0.018,0.093
82,120,0.0,0.0,0.216
82,121,0.0,0.0,0.222
82,122,0.0,0.0,0.232
82,123,0.0,0.0,0.243
82,124,0.0,0.0,0.226
82,125,0.0,0.0,0.219
82,126,0.0,0.0,0.215
82,127,0.0,0.0,0.207
82,128,0.0,0.0,0.212
82,129,0.0,0.0,0.203
82,13,0.018,0.034,0.083
82,130,0.0,0.0,0.209
82,131,0.0,0.0,0.21
82,132,0.0,0.0,0.201
82,133,0.0,0.0,0.198
82,134,0.0,0.0,0.19
82,135,0.0,0.0,0.199
82,136,0.0,0.0,0.205
82,137,0.0,0.0,0.199
82,138,0.0,0.0,0.199
82,139,0.0,0.0,0.211
82,14,0.02,0.037,0.082
82,140,0.0,0.0,0.209
82,141,0.0,0.0,0.212
82,142,0.0,0.0,0.228
82,143,0.0,0.0,0.226
82,144,0.0,0.0,0.221
82,145,0.0,0.0,0.209
82,146,0.0,0.0,0.206
82,147,0.0,0.0,0.215
82,148,0.0,0.0,0.212
82,149,0.0,0.0,0.22
82,15,0.022,0.041,0.08
82,150,0.0,0.0,0.229
82,151,0.0,0.0,0.221
82,152,0.0,0.0,0.226
82,153,0.0,0.0,0.226
82,154,0.0,0.0,0.232
82,155,0.0,0.0,0.229
82,156,0.0,0.0,0.234
82,157,0.0,0.0,0.232
82,158,0.0,0.0,0.233
82,159,0.0,0.0,0.234
82,16,0.009,0.019,0.091
82,160,0.0,0.0,0.235
82,161,0.0,0.0,0.24
82,162,0.0,0.0,0.233
82,163,0.0,0.0,0.229
82,164,0.0,0.0,0.233
82,165,0.0,0.0,0.237
82,166,0.0,0.0,0.243
82,167,0.0,0.0,0.244
82,168,0.0,0.0,0.23
82,169,0.0,0.0,0.243
82,17,0.006,0.014,0.096
82,170,0.0,0.0,0.24
82,171,0.0,0.0,0.242
82,172,0.0,0.0,0.241
82,173,0.0,0.0,0.229
82,174,0.0,0.0,0.238
82,175,0.0,0.0,0.24
82,176,0.0,0.0,0.24
82,177,0.0,0.0,0.236
82,178,0.0,0.0,0.244
82,179,0.0,0.0,0.243
82,18,0.012,0.025,0.088
82,180,0.0,0.0,0.241
82,181,0.0,0.0,0.244
82,182,0.0,0.0,0.241
82,183,0.0,0.0,0.245
82,184,0.0,0.0,0.232
82,185,0.0,0.0,0.232
82,186,0.0,0.0,0.229
82,187,0.0,0.0,0.231
82,188,0.0,0.0,0.228
82,189,0.0,0.0,0.229
82,19,0.016,0.031,0.085
82,190,0.0,0.0,0.241
82,191,0.0,0.0,0.237
82,192,0.0,0.0,0.239
82,193,0.0,0.0,0.23
82,194,0.0,0.0,0.228
82,195,0.0,0.0,0.238
82,196,0.0,0.0,0.245
82,197,0.0,0.0,0.241
82,198,0.0,0.0,0.23
82,199,0.0,0.0,0.214
82,20,0.003,0.008,0.103
82,200,0.0,0.0,0.215
82,201,0.0,0.0,0.197
82,202,0.0,0.0,0.195
82,203,0.0,0.0,0.196
82,204,0.0,0.0,0.203
82,205,0.0,0.0,0.205
82,206,0.0,0.0,0.187
82,207,0.0,0.0,0.193
82,208,0.0,0.0,0.188
82,209,0.0,0.0,0.194
82,21,0.007,0.015,0.095
82,210,0.0,0.0,0.185
82,211,0.0,0.0,0.177
82,212,0.0,0.0,0.177
82,213,0.0,0.001,0.176
82,214,0.0,0.0,0.179
82,215,0.0,0.0,0.177
82,216,0.0,0.001,0.17
82,217,0.0,0.001,0.163
82,218,0.0,0.001,0.164
82,219,0.0,0.001,0.169
82,22,0.002,0.006,0.107
82,220,0.001,0.002,0.157
82,221,0.001,0.002,0.159
82,222,0.001,0.003,0.157
82,223,0.0,0.001,0.166
82,224,0.001,0.003,0.153
82,225,0.002,0.005,0.148
82,226,0.002,0.004,0.151
82,227,0.002,0.005,0.151
82,228,0.002,0.004,0.155
82,229,0.004,0.008,0.144
82,23,0.005,0.012,0.099
82,230,0.003,0.007,0.149
82,231,0.007,0.016,0.135
82,232,0.007,0.016,0.136
82,233,0.003,0.007,0.154
82,234,0.007,0.015,0.14
82,235,0.011,0.023,0.133
82,236,0.018,0.035,0.126
82,237,0.017,0.033,0.129
82,238,0.029,0.051,0.119
82,239,0.044,0.074,0.112
82,24,0.005,0.012,0.099
82,240,0.044,0.073,0.113
82,241,0.08,0.123,0.1
82,242,0.072,0.113,0.104
82,243,0.136,0.194,0.088
82,244,0.096,0.144,0.099
82,245,0.138,0.196,0.09
82,246,0.145,0.205,0.09
82,247,0.137,0.195,0.093
82,248,0.123,0.178,0.098
82,249,0.157,0.219,0.091
82,25,0.001,0.003,0.115
82,250,0.154,0.216,0.093
82,251,0.133,0.19,0.099
82,26,0.003,0.007,0.106
82,27,0.001,0.003,0.117
82,28,0.003,0.006,0.108
82,29,0.001,0.003,0.117
82,30,0.0,0.001,0.13
82,31,0.001,0.002,0.126
82,32,0.0,0.001,0.135
82,33,0.0,0.001,0.132
82,34,0.0,0.001,0.139
82,35,0.001,0.002,0.125
82,36,0.0,0.001,0.135
82,37,0.0,0.001,0.133
82,38,0.0,0.0,0.143
82,39,0.0,0.001,0.141
82,40,0.0,0.001,0.139
82,41,0.001,0.002,0.128
82,42,0.001,0.002,0.129
82,43,0.001,0.003,0.123
82,44,0.0,0.001,0.14
82,45,0.0,0.001,0.139
82,46,0.0,0.001,0.135
82,47,0.001,0.003,0.127
82,48,0.0,0.001,0.14
82,49,0.0,0.001,0.14
82,50,0.0,0.001,0.143
82,51,0.0,0.0,0.158
82,52,0.0,0.001,0.144
82,53,0.0,0.001,0.149
82,54,0.0,0.001,0.154
82,55,0.0,0.001,0.145
82,56,0.0,0.001,0.152
82,57,0.0,0.0,0.159
82,58,0.0,0.0,0.181
82,59,0.0,0.0,0.173
82,6,0.039,0.067,0.076
82,60,0.0,0.0,0.159
82,61,0.0,0.0,0.168
82,62,0.0,0.0,0.171
82,63,0.0,0.0,0.172
82,64,0.0,0.0,0.168
82,65,0.0,0.0,0.172
82,66,0.0,0.0,0.168
82,67,0.0,0.0,0.164
82,68,0.0,0.0,0.167
82,69,0.0,0.0,0.165
82,7,0.038,0.065,0.077
82,70,0.0,0.001,0.163
82,71,0.0,0.0,0.173
82,72,0.0,0.0,0.171
82,73,0.0,0.0,0.18
82,74,0.0,0.0,0.175
82,75,0.0,0.0,0.172
82,76,0.0,0.0,0.185
82,77,0.0,0.0,0.186
82,78,0.0,0.0,0.195
82,79,0.0,0.0,0.184
82,8,0.019,0.036,0.085
82,80,0.0,0.0,0.192
82,81,0.0,0.0,0.184
82,82,0.0,0.0,0.201
82,83,0.0,0.0,0.2
82,84,0.0,0.0,0.194
82,85,0.0,0.0,0.208
82,86,0.0,0.0,0.205
82,87,0.0,0.0,0.203
82,88,0.0,0.0,0.193
82,89,0.0,0.0,0.2
82,9,0.044,0.074,0.073
82,90,0.0,0.0,0.209
82,91,0.0,0.0,0.215
82,92,0.0,0.0,0.218
82,93,0.0,0.0,0.214
82,94,0.0,0.0,0.21
82,95,0.0,0.0,0.206
82,96,0.0,0.0,0.223
82,97,0.0,0.0,0.219
82,98,0.0,0.0,0.221
82,99,0.0,0.0,0.225
83,10,0.017,0.033,0.085
83,100,0.0,0.0,0.215
83,101,0.0,0.0,0.212
83,102,0.0,0.0,0.216
83,103,0.0,0.0,0.216
83,104,0.0,0.0,0.225
83,105,0.0,0.0,0.228
83,106,0.0,0.0,0.221
83,107,0.0,0.0,0.228
83,108,0.0,0.0,0.236
83,109,0.0,0.0,0.24
83,11,0.012,0.024,0.089
83,110,0.0,0.0,0.226
83,111,0.0,0.0,0.23
83,112,0.0,0.0,0.24
83,113,0.0,0.0,0.227
83,114,0.0,0.0,0.232
83,115,0.0,0.0,0.228
83,116,0.0,0.0,0.218
83,117,0.0,0.0,0.223
83,118,0.0,0.0,0.224
83,119,0.0,0.0,0.221
83,12,0.007,0.015,0.096
83,120,0.0,0.0,0.226
83,121,0.0,0.0,0.22
83,122,0.0,0.0,0.219
83,123,0.0,0.0,0.208
83,124,0.0,0.0,0.208
83,125,0.0,0.0,0.212
83,126,0.0,0.0,0.208
83,127,0.0,0.0,0.216
83,128,0.0,0.0,0.221
83,129,0.0,0.0,0.213
83,13,0.014,0.028,0.086
83,130,0.0,0.0,0.195
83,131,0.0,0.0,0.203
83,132,0.0,0.0,0.221
83,133,0.0,0.0,0.214
83,134,0.0,0.0,0.204
83,135,0.0,0.0,0.209
83,136,0.0,0.0,0.219
83,137,0.0,0.0,0.213
83,138,0.0,0.0,0.204
83,139,0.0,0.0,0.211
83,14,0.014,0.028,0.086
83,140,0.0,0.0,0.212
83,141,0.0,0.0,0.213
83,142,0.0,0.0,0.217
83,143,0.0,0.0,0.217
83,144,0.0,0.0,0.211
83,145,0.0,0.0,0.215
83,146,0.0,0.0,0.212
83,147,0.0,0.0,0.209
83,148,0.0,0.0,0.197
83,149,0.0,0.0,0.205
83,15,0.013,0.026,0.087
83,150,0.0,0.0,0.223
83,151,0.0,0.0,0.229
83,152,0.0,0.0,0.224
83,153,0.0,0.0,0.234
83,154,0.0,0.0,0.226
83,155,0.0,0.0,0.223
83,156,0.0,0.0,0.24
83,157,0.0,0.0,0.232
83,158,0.0,0.0,0.234
83,159,0.0,0.0,0.232
83,16,0.009,0.02,0.09
83,160,0.0,0.0,0.233
83,161,0.0,0.0,0.235
83,162,0.0,0.0,0.234
83,163,0.0,0.0,0.236
83,164,0.0,0.0,0.245
83,165,0.0,0.0,0.247
83,166,0.0,0.0,0.25
83,167,0.0,0.0,0.253
83,168,0.0,0.0,0.253
83,169,0.0,0.0,0.247
83,17,0.004,0.009,0.1
83,170,0.0,0.0,0.253
83,171,0.0,0.0,0.249
83,172,0.0,0.0,0.243
83,173,0.0,0.0,0.245
83,174,0.0,0.0,0.238
83,175,0.0,0.0,0.253
83,176,0.0,0.0,0.244
83,177,0.0,0.0,0.245
83,178,0.0,0.0,0.248
83,179,0.0,0.0,0.262
83,18,0.005,0.011,0.098
83,180,0.0,0.0,0.251
83,181,0.0,0.0,0.248
83,182,0.0,0.0,0.239
83,183,0.0,0.0,0.239
83,184,0.0,0.0,0.243
83,185,0.0,0.0,0.242
83,186,0.0,0.0,0.232
83,187,0.0,0.0,0.237
83,188,0.0,0.0,0.235
83,189,0.0,0.0,0.227
83,19,0.003,0.007,0.105
83,190,0.0,0.0,0.225
83,191,0.0,0.0,0.238
83,192,0.0,0.0,0.223
83,193,0.0,0.0,0.227
83,194,0.0,0.0,0.225
83,195,0.0,0.0,0.226
83,196,0.0,0.0,0.215
83,197,0.0,0.0,0.211
83,198,0.0,0.0,0.212
83,199,0.0,0.0,0.217
83,20,0.002,0.004,0.11
83,200,0.0,0.0,0.211
83,201,0.0,0.0,0.211
83,202,0.0,0.0,0.2
83,203,0.0,0.0,0.194
83,204,0.0,0.0,0.201
83,205,0.0,0.0,0.194
83,206,0.0,0.0,0.205
83,207,0.0,0.0,0.208
83,208,0.0,0.0,0.206
83,209,0.0,0.0,0.203
83,21,0.002,0.005,0.109
83,210,0.0,0.0,0.204
83,211,0.0,0.0,0.198
83,212,0.0,0.0,0.192
83,213,0.0,0.0,0.186
83,214,0.0,0.0,0.185
83,215,0.0,0.0,0.185
83,216,0.0,0.0,0.193
83,217,0.0,0.0,0.189
83,218,0.0,0.0,0.182
83,219,0.0,0.001,0.178
83,22,0.001,0.003,0.113
83,220,0.0,0.001,0.17
83,221,0.0,0.002,0.164
83,222,0.0,0.001,0.169
83,223,0.0,0.002,0.166
83,224,0.001,0.003,0.159
83,225,0.002,0.005,0.15
83,226,0.002,0.006,0.149
83,227,0.003,0.007,0.146
83,228,0.004,0.009,0.143
83,229,0.005,0.011,0.141
83,23,0.001,0.002,0.118
83,230,0.003,0.007,0.149
83,231,0.007,0.014,0.138
83,232,0.02,0.037,0.119
83,233,0.01,0.02,0.134
83,234,0.011,0.022,0.133
83,235,0.027,0.049,0.117
83,236,0.016,0.031,0.129
83,237,0.037,0.064,0.113
83,238,0.037,0.064,0.115
83,239,0.033,0.058,0.119
83,24,0.001,0.002,0.118
83,240,0.06,0.096,0.106
83,241,0.041,0.069,0.117
83,242,0.05,0.082,0.114
83,243,0.091,0.138,0.1
83,244,0.066,0.104,0.111
83,245,0.121,0.175,0.095
83,246,0.097,0.145,0.103
83,247,0.175,0.24,0.086
83,248,0.205,0.275,0.081
83,249,0.148,0.209,0.094
83,25,0.002,0.004,0.112
83,250,0.214,0.285,0.082
83,251,0.153,0.214,0.095
83,26,0.001,0.003,0.115
83,27,0.001,0.004,0.114
83,28,0.001,0.003,0.116
83,29,0.001,0.003,0.119
83,30,0.001,0.003,0.119
83,31,0.001,0.004,0.115
83,32,0.001,0.002,0.124
83,33,0.001,0.002,0.122
83,34,0.001,0.002,0.123
83,35,0.001,0.004,0.116
83,36,0.0,0.001,0.135
83,37,0.0,0.001,0.135
83,38,0.0,0.001,0.13
83,39,0.0,0.001,0.137
83,40,0.0,0.001,0.136
83,41,0.001,0.002,0.13
83,42,0.0,0.001,0.142
83,43,0.0,0.001,0.139
83,44,0.001,0.003,0.126
83,45,0.0,0.001,0.137
83,46,0.001,0.002,0.129
83,47,0.0,0.001,0.136
83,48,0.0,0.001,0.145
83,49,0.0,0.001,0.142
83,50,0.0,0.001,0.141
83,51,0.0,0.001,0.149
83,52,0.0,0.001,0.14
83,53,0.0,0.0,0.154
83,54,0.0,0.001,0.152
83,55,0.0,0.002,0.141
83,56,0.0,0.0,0.156
83,57,0.0,0.001,0.156
83,58,0.0,0.001,0.156
83,59,0.0,0.0,0.161
83,6,0.072,0.113,0.066
83,60,0.0,0.0,0.16
83,61,0.0,0.001,0.153
83,62,0.0,0.0,0.175
83,63,0.0,0.0,0.173
83,64,0.0,0.0,0.176
83,65,0.0,0.0,0.174
83,66,0.0,0.0,0.168
83,67,0.0,0.0,0.173
83,68,0.0,0.0,0.173
83,69,0.0,0.0,0.169
83,7,0.056,0.09,0.07
83,70,0.0,0.0,0.184
83,71,0.0,0.0,0.177
83,72,0.0,0.0,0.185
83,73,0.0,0.0,0.186
83,74,0.0,0.0,0.185
83,75,0.0,0.0,0.178
83,76,0.0,0.0,0.173
83,77,0.0,0.0,0.186
83,78,0.0,0.0,0.185
83,79,0.0,0.0,0.189
83,8,0.033,0.058,0.077
83,80,0.0,0.0,0.18
83,81,0.0,0.0,0.187
83,82,0.0,0.0,0.197
83,83,0.0,0.0,0.196
83,84,0.0,0.0,0.206
83,85,0.0,0.0,0.199
83,86,0.0,0.0,0.193
83,87,0.0,0.0,0.206
83,88,0.0,0.0,0.2
83,89,0.0,0.0,0.203
83,9,0.047,0.078,0.071
83,90,0.0,0.0,0.199
83,91,0.0,0.0,0.187
83,92,0.0,0.0,0.196
83,93,0.0,0.0,0.199
83,94,0.0,0.0,0.212
83,95,0.0,0.0,0.205
83,96,0.0,0.0,0.21
83,97,0.0,0.0,0.224
83,98,0.0,0.0,0.219
83,99,0.0,0.0,0.218
84,10,0.049,0.081,0.07
84,100,0.0,0.0,0.22
84,101,0.0,0.0,0.222
84,102,0.0,0.0,0.221
84,103,0.0,0.0,0.218
84,104,0.0,0.0,0.215
84,105,0.0,0.0,0.205
84,106,0.0,0.0,0.202
84,107,0.0,0.0,0.21
84,108,0.0,0.0,0.223
84,109,0.0,0.0,0.226
84,11,0.085,0.13,0.061
84,110,0.0,0.0,0.212
84,111,0.0,0.0,0.214
84,112,0.0,0.0,0.204
84,113,0.0,0.0,0.221
84,114,0.0,0.0,0.224
84,115,0.0,0.0,0.219
84,116,0.0,0.0,0.217
84,117,0.0,0.0,0.22
84,118,0.0,0.0,0.221
84,119,0.0,0.0,0.222
84,12,0.029,0.051,0.077
84,120,0.0,0.0,0.221
84,121,0.0,0.0,0.222
84,122,0.0,0.0,0.216
84,123,0.0,0.0,0.217
84,124,0.0,0.0,0.217
84,125,0.0,0.0,0.215
84,126,0.0,0.0,0.2
84,127,0.0,0.0,0.209
84,128,0.0,0.0,0.209
84,129,0.0,0.0,0.203
84,13,0.028,0.051,0.076
84,130,0.0,0.0,0.207
84,131,0.0,0.0,0.211
84,132,0.0,0.0,0.21
84,133,0.0,0.0,0.21
84,134,0.0,0.0,0.22
84,135,0.0,0.0,0.224
84,136,0.0,0.0,0.222
84,137,0.0,0.0,0.212
84,138,0.0,0.0,0.211
84,139,0.0,0.0,0.211
84,14,0.013,0.027,0.086
84,140,0.0,0.0,0.222
84,141,0.0,0.0,0.225
84,142,0.0,0.0,0.224
84,143,0.0,0.0,0.232
84,144,0.0,0.0,0.23
84,145,0.0,0.0,0.217
84,146,0.0,0.0,0.216
84,147,0.0,0.0,0.215
84,148,0.0,0.0,0.226
84,149,0.0,0.0,0.221
84,15,0.032,0.056,0.075
84,150,0.0,0.0,0.226
84,151,0.0,0.0,0.235
84,152,0.0,0.0,0.229
84,153,0.0,0.0,0.229
84,154,0.0,0.0,0.232
84,155,0.0,0.0,0.228
84,156,0.0,0.0,0.234
84,157,0.0,0.0,0.233
84,158,0.0,0.0,0.237
84,159,0.0,0.0,0.236
84,16,0.009,0.018,0.091
84,160,0.0,0.0,0.232
84,161,0.0,0.0,0.229
84,162,0.0,0.0,0.236
84,163,0.0,0.0,0.231
84,164,0.0,0.0,0.227
84,165,0.0,0.0,0.231
84,166,0.0,0.0,0.227
84,167,0.0,0.0,0.227
84,168,0.0,0.0,0.232
84,169,0.0,0.0,0.241
84,17,0.021,0.039,0.08
84,170,0.0,0.0,0.233
84,171,0.0,0.0,0.244
84,172,0.0,0.0,0.229
84,173,0.0,0.0,0.221
84,174,0.0,0.0,0.226
84,175,0.0,0.0,0.229
84,176,0.0,0.0,0.232
84,177,0.0,0.0,0.231
84,178,0.0,0.0,0.234
84,179,0.0,0.0,0.231
84,18,0.023,0.042,0.079
84,180,0.0,0.0,0.238
84,181,0.0,0.0,0.243
84,182,0.0,0.0,0.238
84,183,0.0,0.0,0.236
84,184,0.0,0.0,0.223
84,185,0.0,0.0,0.227
84,186,0.0,0.0,0.227
84,187,0.0,0.0,0.245
84,188,0.0,0.0,0.23
84,189,0.0,0.0,0.228
84,19,0.008,0.018,0.091
84,190,0.0,0.0,0.234
84,191,0.0,0.0,0.224
84,192,0.0,0.0,0.232
84,193,0.0,0.0,0.228
84,194,0.0,0.0,0.222
84,195,0.0,0.0,0.216
84,196,0.0,0.0,0.212
84,197,0.0,0.0,0.212
84,198,0.0,0.0,0.218
84,199,0.0,0.0,0.23
84,20,0.007,0.016,0.093
84,200,0.0,0.0,0.214
84,201,0.0,0.0,0.205
84,202,0.0,0.0,0.202
84,203,0.0,0.0,0.197
84,204,0.0,0.0,0.2
84,205,0.0,0.0,0.195
84,206,0.0,0.0,0.2
84,207,0.0,0.0,0.195
84,208,0.0,0.0,0.193
84,209,0.0,0.0,0.183
84,21,0.005,0.011,0.098
84,210,0.0,0.0,0.194
84,211,0.0,0.0,0.18
84,212,0.0,0.001,0.177
84,213,0.0,0.001,0.176
84,214,0.0,0.001,0.165
84,215,0.001,0.002,0.159
84,216,0.001,0.002,0.159
84,217,0.001,0.002,0.158
84,218,0.002,0.006,0.141
84,219,0.005,0.012,0.131
84,22,0.003,0.008,0.102
84,220,0.006,0.013,0.13
84,221,0.004,0.009,0.138
84,222,0.004,0.01,0.135
84,223,0.006,0.013,0.131
84,224,0.009,0.018,0.126
84,225,0.007,0.015,0.131
84,226,0.017,0.032,0.117
84,227,0.014,0.027,0.121
84,228,0.015,0.029,0.12
84,229,0.011,0.023,0.127
84,23,0.003,0.007,0.103
84,230,0.013,0.026,0.125
84,231,0.016,0.031,0.123
84,232,0.027,0.049,0.113
84,233,0.019,0.035,0.122
84,234,0.027,0.049,0.117
84,235,0.032,0.057,0.114
84,236,0.043,0.072,0.11
84,237,0.033,0.058,0.117
84,238,0.044,0.074,0.112
84,239,0.07,0.109,0.102
84,24,0.006,0.014,0.096
84,240,0.077,0.119,0.101
84,241,0.081,0.125,0.101
84,242,0.113,0.166,0.094
84,243,0.081,0.125,0.104
84,244,0.102,0.151,0.099
84,245,0.107,0.158,0.099
84,246,0.218,0.29,0.077
84,247,0.17,0.235,0.087
84,248,0.115,0.168,0.102
84,249,0.156,0.218,0.093
84,25,0.006,0.012,0.098
84,250,0.201,0.271,0.085
84,251,0.158,0.22,0.094
84,26,0.001,0.003,0.114
84,27,0.002,0.004,0.111
84,28,0.002,0.004,0.112
84,29,0.001,0.004,0.114
84,30,0.001,0.003,0.116
84,31,0.002,0.005,0.111
84,32,0.001,0.003,0.116
84,33,0.001,0.003,0.119
84,34,0.002,0.004,0.114
84,35,0.002,0.004,0.115
84,36,0.001,0.003,0.121
84,37,0.001,0.002,0.124
84,38,0.001,0.004,0.117
84,39,0.001,0.003,0.122
84,40,0.001,0.002,0.128
84,41,0.0,0.001,0.142
84,42,0.001,0.002,0.127
84,43,0.0,0.001,0.134
84,44,0.001,0.004,0.122
84,45,0.001,0.003,0.126
84,46,0.001,0.003,0.126
84,47,0.001,0.002,0.129
84,48,0.0,0.001,0.139
84,49,0.0,0.001,0.14
84,50,0.001,0.002,0.135
84,51,0.0,0.001,0.139
84,52,0.001,0.004,0.127
84,53,0.0,0.001,0.142
84,54,0.0,0.001,0.141
84,55,0.001,0.002,0.14
84,56,0.0,0.002,0.14
84,57,0.0,0.001,0.145
84,58,0.0,0.001,0.144
84,59,0.0,0.001,0.149
84,60,0.0,0.0,0.159
84,61,0.0,0.0,0.16
84,62,0.0,0.0,0.16
84,63,0.0,0.001,0.154
84,64,0.0,0.0,0.164
84,65,0.0,0.0,0.163
84,66,0.0,0.001,0.16
84,67,0.0,0.001,0.156
84,68,0.0,0.001,0.151
84,69,0.0,0.0,0.166
84,7,0.074,0.115,0.065
84,70,0.0,0.0,0.174
84,71,0.0,0.0,0.166
84,72,0.0,0.0,0.172
84,73,0.0,0.0,0.17
84,74,0.0,0.0,0.177
84,75,0.0,0.0,0.176
84,76,0.0,0.0,0.18
84,77,0.0,0.0,0.175
84,78,0.0,0.0,0.18
84,79,0.0,0.0,0.189
84,8,0.111,0.163,0.058
84,80,0.0,0.0,0.184
84,81,0.0,0.0,0.181
84,82,0.0,0.0,0.181
84,83,0.0,0.0,0.182
84,84,0.0,0.0,0.186
84,85,0.0,0.0,0.183
84,86,0.0,0.0,0.202
84,87,0.0,0.0,0.2
84,88,0.0,0.0,0.203
84,89,0.0,0.0,0.203
84,9,0.045,0.076,0.072
84,90,0.0,0.0,0.195
84,91,0.0,0.0,0.201
84,92,0.0,0.0,0.2
84,93,0.0,0.0,0.201
84,94,0.0,0.0,0.198
84,95,0.0,0.0,0.202
84,96,0.0,0.0,0.212
84,97,0.0,0.0,0.219
84,98,0.0,0.0,0.215
84,99,0.0,0.0,0.222
85,10,0.027,0.049,0.079
85,100,0.0,0.0,0.218
85,101,0.0,0.0,0.214
85,102,0.0,0.0,0.222
85,103,0.0,0.0,0.229
85,104,0.0,0.0,0.227
85,105,0.0,0.0,0.22
85,106,0.0,0.0,0.231
85,107,0.0,0.0,0.223
85,108,0.0,0.0,0.232
85,109,0.0,0.0,0.218
85,11,0.028,0.05,0.077
85,110,0.0,0.0,0.219
85,111,0.0,0.0,0.22
85,112,0.0,0.0,0.235
85,113,0.0,0.0,0.226
85,114,0.0,0.0,0.227
85,115,0.0,0.0,0.218
85,116,0.0,0.0,0.226
85,117,0.0,0.0,0.236
85,118,0.0,0.0,0.226
85,119,0.0,0.0,0.22
85,12,0.036,0.062,0.074
85,120,0.0,0.0,0.218
85,121,0.0,0.0,0.215
85,122,0.0,0.0,0.213
85,123,0.0,0.0,0.206
85,124,0.0,0.0,0.217
85,125,0.0,0.0,0.215
85,126,0.0,0.0,0.226
85,127,0.0,0.0,0.222
85,128,0.0,0.0,0.22
85,129,0.0,0.0,0.209
85,13,0.071,0.111,0.063
85,130,0.0,0.0,0.206
85,131,0.0,0.0,0.211
85,132,0.0,0.0,0.218
85,133,0.0,0.0,0.214
85,134,0.0,0.0,0.202
85,135,0.0,0.0,0.205
85,136,0.0,0.0,0.207
85,137,0.0,0.0,0.207
85,138,0.0,0.0,0.2
85,139,0.0,0.0,0.205
85,14,0.017,0.033,0.083
85,140,0.0,0.0,0.213
85,141,0.0,0.0,0.203
85,142,0.0,0.0,0.203
85,143,0.0,0.0,0.222
85,144,0.0,0.0,0.215
85,145,0.0,0.0,0.226
85,146,0.0,0.0,0.224
85,147,0.0,0.0,0.223
85,148,0.0,0.0,0.216
85,149,0.0,0.0,0.218
85,15,0.02,0.038,0.081
85,150,0.0,0.0,0.224
85,151,0.0,0.0,0.227
85,152,0.0,0.0,0.226
85,153,0.0,0.0,0.224
85,154,0.0,0.0,0.237
85,155,0.0,0.0,0.225
85,156,0.0,0.0,0.234
85,157,0.0,0.0,0.234
85,158,0.0,0.0,0.228
85,159,0.0,0.0,0.239
85,16,0.009,0.019,0.091
85,160,0.0,0.0,0.232
85,161,0.0,0.0,0.224
85,162,0.0,0.0,0.226
85,163,0.0,0.0,0.236
85,164,0.0,0.0,0.237
85,165,0.0,0.0,0.229
85,166,0.0,0.0,0.23
85,167,0.0,0.0,0.23
85,168,0.0,0.0,0.241
85,169,0.0,0.0,0.239
85,17,0.018,0.034,0.082
85,170,0.0,0.0,0.23
85,171,0.0,0.0,0.235
85,172,0.0,0.0,0.236
85,173,0.0,0.0,0.233
85,174,0.0,0.0,0.236
85,175,0.0,0.0,0.238
85,176,0.0,0.0,0.237
85,177,0.0,0.0,0.238
85,178,0.0,0.0,0.239
85,179,0.0,0.0,0.243
85,18,0.01,0.021,0.089
85,180,0.0,0.0,0.239
85,181,0.0,0.0,0.236
85,182,0.0,0.0,0.229
85,183,0.0,0.0,0.225
85,184,0.0,0.0,0.229
85,185,0.0,0.0,0.238
85,186,0.0,0.0,0.23
85,187,0.0,0.0,0.236
85,188,0.0,0.0,0.23
85,189,0.0,0.0,0.232
85,19,0.007,0.015,0.093
85,190,0.0,0.0,0.227
85,191,0.0,0.0,0.23
85,192,0.0,0.0,0.223
85,193,0.0,0.0,0.238
85,194,0.0,0.0,0.235
85,195,0.0,0.0,0.226
85,196,0.0,0.0,0.223
85,197,0.0,0.0,0.219
85,198,0.0,0.0,0.222
85,199,0.0,0.0,0.212
85,20,0.005,0.011,0.098
85,200,0.0,0.0,0.218
85,201,0.0,0.0,0.205
85,202,0.0,0.0,0.202
85,203,0.0,0.0,0.207
85,204,0.0,0.0,0.203
85,205,0.0,0.0,0.201
85,206,0.0,0.0,0.195
85,207,0.0,0.0,0.198
85,208,0.0,0.0,0.197
85,209,0.0,0.0,0.18
85,21,0.001,0.004,0.111
85,210,0.0,0.0,0.179
85,211,0.0,0.001,0.174
85,212,0.0,0.001,0.169
85,213,0.0,0.001,0.175
85,214,0.001,0.002,0.158
85,215,0.001,0.002,0.161
85,216,0.001,0.004,0.15
85,217,0.003,0.007,0.139
85,218,0.003,0.008,0.137
85,219,0.003,0.006,0.143
85,22,0.004,0.009,0.1
85,220,0.004,0.01,0.136
85,221,0.005,0.011,0.135
85,222,0.006,0.014,0.131
85,223,0.003,0.008,0.141
85,224,0.005,0.012,0.136
85,225,0.004,0.009,0.141
85,226,0.005,0.011,0.138
85,227,0.003,0.006,0.15
85,228,0.007,0.016,0.134
85,229,0.008,0.017,0.134
85,23,0.003,0.007,0.105
85,230,0.008,0.018,0.135
85,231,0.009,0.019,0.135
85,232,0.012,0.025,0.131
85,233,0.01,0.021,0.136
85,234,0.014,0.027,0.132
85,235,0.017,0.033,0.129
85,236,0.021,0.038,0.127
85,237,0.029,0.051,0.121
85,238,0.029,0.051,0.123
85,239,0.042,0.07,0.116
85,24,0.002,0.005,0.111
85,240,0.032,0.056,0.124
85,241,0.024,0.044,0.132
85,242,0.05,0.083,0.117
85,243,0.044,0.074,0.122
85,244,0.044,0.073,0.124
85,245,0.03,0.054,0.135
85,246,0.051,0.083,0.124
85,247,0.074,0.114,0.115
85,248,0.043,0.072,0.131
85,249,0.049,0.081,0.13
85,25,0.009,0.018,0.093
85,250,0.052,0.084,0.13
85,251,0.069,0.109,0.123
85,26,0.001,0.003,0.115
85,27,0.002,0.005,0.11
85,28,0.003,0.007,0.107
85,29,0.002,0.006,0.108
85,30,0.005,0.011,0.101
85,31,0.008,0.017,0.095
85,32,0.005,0.011,0.101
85,33,0.002,0.006,0.11
85,34,0.004,0.009,0.104
85,35,0.006,0.013,0.101
85,36,0.001,0.003,0.118
85,37,0.002,0.005,0.112
85,38,0.002,0.006,0.112
85,39,0.0,0.001,0.133
85,40,0.001,0.003,0.122
85,41,0.003,0.007,0.111
85,42,0.003,0.008,0.111
85,43,0.001,0.004,0.121
85,44,0.001,0.002,0.127
85,45,0.001,0.002,0.13
85,46,0.001,0.002,0.132
85,47,0.001,0.002,0.129
85,48,0.001,0.003,0.124
85,49,0.001,0.002,0.133
85,50,0.0,0.001,0.137
85,51,0.0,0.001,0.141
85,52,0.001,0.004,0.127
85,53,0.002,0.005,0.123
85,54,0.002,0.005,0.123
85,55,0.003,0.007,0.12
85,56,0.0,0.002,0.141
85,57,0.0,0.001,0.151
85,58,0.001,0.003,0.135
85,59,0.0,0.001,0.148
85,6,0.081,0.124,0.065
85,60,0.0,0.001,0.151
85,61,0.001,0.002,0.14
85,62,0.0,0.001,0.151
85,63,0.0,0.001,0.146
85,64,0.0,0.001,0.15
85,65,0.0,0.001,0.154
85,66,0.0,0.001,0.154
85,67,0.001,0.002,0.143
85,68,0.001,0.002,0.147
85,69,0.0,0.001,0.157
85,7,0.073,0.113,0.066
85,70,0.0,0.001,0.158
85,71,0.0,0.001,0.16
85,72,0.001,0.003,0.142
85,73,0.001,0.002,0.146
85,74,0.001,0.003,0.144
85,75,0.001,0.002,0.149
85,76,0.0,0.001,0.153
85,77,0.0,0.001,0.166
85,78,0.0,0.001,0.163
85,79,0.0,0.001,0.159
85,8,0.095,0.143,0.06
85,80,0.0,0.001,0.165
85,81,0.0,0.0,0.177
85,82,0.0,0.0,0.176
85,83,0.0,0.0,0.176
85,84,0.0,0.0,0.185
85,85,0.0,0.0,0.178
85,86,0.0,0.0,0.18
85,87,0.0,0.0,0.187
85,88,0.0,0.0,0.197
85,89,0.0,0.0,0.192
85,9,0.046,0.077,0.072
85,90,0.0,0.0,0.191
85,91,0.0,0.0,0.199
85,92,0.0,0.0,0.206
85,93,0.0,0.0,0.209
85,94,0.0,0.0,0.198
85,95,0.0,0.0,0.205
85,96,0.0,0.0,0.211
85,97,0.0,0.0,0.218
85,98,0.0,0.0,0.222
85,99,0.0,0.0,0.213
86,10,0.007,0.015,0.096
86,100,0.0,0.0,0.222
86,101,0.0,0.0,0.228
86,102,0.0,0.0,0.228
86,103,0.0,0.0,0.219
86,104,0.0,0.0,0.22
86,105,0.0,0.0,0.227
86,106,0.0,0.0,0.237
86,107,0.0,0.0,0.223
86,108,0.0,0.0,0.217
86,109,0.0,0.0,0.22
86,11,0.011,0.023,0.089
86,110,0.0,0.0,0.233
86,111,0.0,0.0,0.237
86,112,0.0,0.0,0.234
86,113,0.0,0.0,0.226
86,114,0.0,0.0,0.23
86,115,0.0,0.0,0.23
86,116,0.0,0.0,0.228
86,117,0.0,0.0,0.229
86,118,0.0,0.0,0.212
86,119,0.0,0.0,0.221
86,12,0.005,0.012,0.098
86,120,0.0,0.0,0.211
86,121,0.0,0.0,0.219
86,122,0.0,0.0,0.211
86,123,0.0,0.0,0.23
86,124,0.0,0.0,0.214
86,125,0.0,0.0,0.224
86,126,0.0,0.0,0.222
86,127,0.0,0.0,0.217
86,128,0.0,0.0,0.217
86,129,0.0,0.0,0.214
86,13,0.008,0.018,0.092
86,130,0.0,0.0,0.23
86,131,0.0,0.0,0.216
86,132,0.0,0.0,0.207
86,133,0.0,0.0,0.201
86,134,0.0,0.0,0.201
86,135,0.0,0.0,0.203
86,136,0.0,0.0,0.215
86,137,0.0,0.0,0.2
86,138,0.0,0.0,0.201
86,139,0.0,0.0,0.207
86,14,0.002,0.005,0.108
86,140,0.0,0.0,0.222
86,141,0.0,0.0,0.217
86,142,0.0,0.0,0.212
86,143,0.0,0.0,0.214
86,144,0.0,0.0,0.223
86,145,0.0,0.0,0.223
86,146,0.0,0.0,0.234
86,147,0.0,0.0,0.233
86,148,0.0,0.0,0.227
86,149,0.0,0.0,0.219
86,15,0.008,0.016,0.093
86,150,0.0,0.0,0.209
86,151,0.0,0.0,0.217
86,152,0.0,0.0,0.217
86,153,0.0,0.0,0.221
86,154,0.0,0.0,0.227
86,155,0.0,0.0,0.218
86,156,0.0,0.0,0.218
86,157,0.0,0.0,0.229
86,158,0.0,0.0,0.235
86,159,0.0,0.0,0.239
86,16,0.006,0.014,0.095
86,160,0.0,0.0,0.237
86,161,0.0,0.0,0.232
86,162,0.0,0.0,0.234
86,163,0.0,0.0,0.245
86,164,0.0,0.0,0.234
86,165,0.0,0.0,0.238
86,166,0.0,0.0,0.235
86,167,0.0,0.0,0.234
86,168,0.0,0.0,0.242
86,169,0.0,0.0,0.233
86,17,0.002,0.004,0.11
86,170,0.0,0.0,0.237
86,171,0.0,0.0,0.238
86,172,0.0,0.0,0.241
86,173,0.0,0.0,0.238
86,174,0.0,0.0,0.234
86,175,0.0,0.0,0.232
86,176,0.0,0.0,0.23
86,177,0.0,0.0,0.237
86,178,0.0,0.0,0.24
86,179,0.0,0.0,0.234
86,18,0.008,0.016,0.093
86,180,0.0,0.0,0.247
86,181,0.0,0.0,0.249
86,182,0.0,0.0,0.241
86,183,0.0,0.0,0.248
86,184,0.0,0.0,0.242
86,185,0.0,0.0,0.231
86,186,0.0,0.0,0.23
86,187,0.0,0.0,0.229
86,188,0.0,0.0,0.212
86,189,0.0,0.0,0.23
86,19,0.004,0.01,0.1
86,190,0.0,0.0,0.226
86,191,0.0,0.0,0.236
86,192,0.0,0.0,0.244
86,193,0.0,0.0,0.242
86,194,0.0,0.0,0.239
86,195,0.0,0.0,0.234
86,196,0.0,0.0,0.229
86,197,0.0,0.0,0.225
86,198,0.0,0.0,0.224
86,199,0.0,0.0,0.218
86,20,0.003,0.007,0.104
86,200,0.0,0.0,0.22
86,201,0.0,0.0,0.212
86,202,0.0,0.0,0.209
86,203,0.0,0.0,0.209
86,204,0.0,0.0,0.203
86,205,0.0,0.0,0.204
86,206,0.0,0.0,0.181
86,207,0.0,0.0,0.18
86,208,0.0,0.0,0.18
86,209,0.0,0.0,0.178
86,21,0.01,0.021,0.09
86,210,0.0,0.0,0.186
86,211,0.0,0.0,0.185
86,212,0.0,0.0,0.184
86,213,0.0,0.001,0.165
86,214,0.0,0.001,0.163
86,215,0.001,0.002,0.157
86,216,0.0,0.001,0.167
86,217,0.001,0.003,0.155
86,218,0.0,0.001,0.166
86,219,0.0,0.001,0.168
86,22,0.002,0.005,0.109
86,220,0.002,0.004,0.15
86,221,0.001,0.003,0.155
86,222,0.002,0.006,0.146
86,223,0.003,0.006,0.146
86,224,0.002,0.006,0.15
86,225,0.002,0.006,0.151
86,226,0.004,0.009,0.144
86,227,0.003,0.008,0.147
86,228,0.005,0.011,0.143
86,229,0.006,0.014,0.139
86,23,0.002,0.004,0.111
86,230,0.005,0.012,0.143
86,231,0.009,0.02,0.135
86,232,0.01,0.02,0.136
86,233,0.004,0.01,0.153
86,234,0.005,0.012,0.151
86,235,0.012,0.023,0.138
86,236,0.012,0.025,0.139
86,237,0.011,0.023,0.143
86,238,0.028,0.049,0.126
86,239,0.032,0.056,0.124
86,24,0.003,0.008,0.103
86,240,0.019,0.036,0.138
86,241,0.025,0.046,0.133
86,242,0.055,0.089,0.116
86,243,0.041,0.069,0.125
86,244,0.039,0.066,0.128
86,245,0.029,0.051,0.137
86,246,0.035,0.06,0.135
86,247,0.054,0.088,0.125
86,248,0.062,0.099,0.122
86,249,0.055,0.089,0.127
86,25,0.002,0.005,0.109
86,250,0.069,0.108,0.122
86,251,0.087,0.132,0.116
86,26,0.001,0.003,0.116
86,27,0.002,0.005,0.109
86,28,0.007,0.015,0.096
86,29,0.002,0.006,0.109
86,30,0.004,0.009,0.103
86,31,0.004,0.009,0.104
86,32,0.009,0.018,0.094
86,33,0.003,0.007,0.107
86,34,0.001,0.002,0.121
86,35,0.001,0.003,0.117
86,36,0.001,0.003,0.119
86,37,0.001,0.003,0.118
86,38,0.001,0.004,0.117
86,39,0.002,0.005,0.114
86,40,0.003,0.007,0.109
86,41,0.001,0.004,0.119
86,42,0.002,0.004,0.117
86,43,0.001,0.003,0.121
86,44,0.001,0.003,0.122
86,45,0.001,0.003,0.124
86,46,0.001,0.003,0.124
86,47,0.002,0.006,0.116
86,48,0.002,0.004,0.12
86,49,0.001,0.003,0.126
86,50,0.001,0.003,0.126
86,51,0.001,0.004,0.125
86,52,0.002,0.005,0.122
86,53,0.001,0.003,0.131
86,54,0.001,0.003,0.128
86,55,0.0,0.001,0.142
86,56,0.001,0.002,0.139
86,57,0.002,0.004,0.127
86,58,0.0,0.001,0.145
86,59,0.0,0.001,0.151
86,60,0.0,0.001,0.149
86,61,0.0,0.0,0.158
86,62,0.0,0.001,0.148
86,63,0.0,0.001,0.149
86,64,0.0,0.001,0.152
86,65,0.001,0.002,0.14
86,66,0.001,0.003,0.137
86,67,0.001,0.003,0.137
86,68,0.0,0.001,0.156
86,69,0.0,0.001,0.153
86,7,0.03,0.053,0.079
86,70,0.0,0.001,0.157
86,71,0.0,0.001,0.162
86,72,0.0,0.001,0.161
86,73,0.0,0.0,0.173
86,74,0.0,0.0,0.18
86,75,0.0,0.001,0.159
86,76,0.0,0.0,0.178
86,77,0.0,0.0,0.179
86,78,0.0,0.0,0.173
86,79,0.0,0.0,0.172
86,8,0.019,0.035,0.085
86,80,0.0,0.0,0.187
86,81,0.0,0.0,0.186
86,82,0.0,0.0,0.181
86,83,0.0,0.0,0.174
86,84,0.0,0.0,0.185
86,85,0.0,0.0,0.198
86,86,0.0,0.0,0.191
86,87,0.0,0.0,0.199
86,88,0.0,0.0,0.192
86,89,0.0,0.0,0.21
86,9,0.019,0.035,0.084
86,90,0.0,0.0,0.222
86,91,0.0,0.0,0.214
86,92,0.0,0.0,0.216
86,93,0.0,0.0,0.212
86,94,0.0,0.0,0.22
86,95,0.0,0.0,0.214
86,96,0.0,0.0,0.229
86,97,0.0,0.0,0.23
86,98,0.0,0.0,0.231
86,99,0.0,0.0,0.226
87,10,0.08,0.123,0.062
87,100,0.0,0.0,0.211
87,101,0.0,0.0,0.212
87,102,0.0,0.0,0.202
87,103,0.0,0.0,0.213
87,104,0.0,0.0,0.22
87,105,0.0,0.0,0.216
87,106,0.0,0.0,0.211
87,107,0.0,0.0,0.215
87,108,0.0,0.0,0.211
87,109,0.0,0.0,0.221
87,11,0.087,0.132,0.06
87,110,0.0,0.0,0.223
87,111,0.0,0.0,0.225
87,112,0.0,0.0,0.229
87,113,0.0,0.0,0.229
87,114,0.0,0.0,0.22
87,115,0.0,0.0,0.226
87,116,0.0,0.0,0.222
87,117,0.0,0.0,0.231
87,118,0.0,0.0,0.239
87,119,0.0,0.0,0.237
87,12,0.07,0.11,0.063
87,120,0.0,0.0,0.222
87,121,0.0,0.0,0.213
87,122,0.0,0.0,0.21
87,123,0.0,0.0,0.203
87,124,0.0,0.0,0.206
87,125,0.0,0.0,0.197
87,126,0.0,0.0,0.209
87,127,0.0,0.0,0.211
87,128,0.0,0.0,0.208
87,129,0.0,0.0,0.199
87,13,0.023,0.043,0.079
87,130,0.0,0.0,0.19
87,131,0.0,0.0,0.199
87,132,0.0,0.0,0.205
87,133,0.0,0.0,0.209
87,134,0.0,0.0,0.209
87,135,0.0,0.0,0.209
87,136,0.0,0.0,0.215
87,137,0.0,0.0,0.217
87,138,0.0,0.0,0.2
87,139,0.0,0.0,0.206
87,14,0.019,0.036,0.081
87,140,0.0,0.0,0.204
87,141,0.0,0.0,0.205
87,142,0.0,0.0,0.204
87,143,0.0,0.0,0.211
87,144,0.0,0.0,0.214
87,145,0.0,0.0,0.215
87,146,0.0,0.0,0.213
87,147,0.0,0.0,0.218
87,148,0.0,0.0,0.213
87,149,0.0,0.0,0.212
87,15,0.036,0.062,0.073
87,150,0.0,0.0,0.216
87,151,0.0,0.0,0.222
87,152,0.0,0.0,0.213
87,153,0.0,0.0,0.219
87,154,0.0,0.0,0.218
87,155,0.0,0.0,0.223
87,156,0.0,0.0,0.207
87,157,0.0,0.0,0.203
87,158,0.0,0.0,0.215
87,159,0.0,0.0,0.224
87,16,0.009,0.019,0.091
87,160,0.0,0.0,0.235
87,161,0.0,0.0,0.231
87,162,0.0,0.0,0.226
87,163,0.0,0.0,0.234
87,164,0.0,0.0,0.223
87,165,0.0,0.0,0.231
87,166,0.0,0.0,0.227
87,167,0.0,0.0,0.221
87,168,0.0,0.0,0.226
87,169,0.0,0.0,0.226
87,17,0.009,0.018,0.091
87,170,0.0,0.0,0.231
87,171,0.0,0.0,0.237
87,172,0.0,0.0,0.232
87,173,0.0,0.0,0.234
87,174,0.0,0.0,0.23
87,175,0.0,0.0,0.23
87,176,0.0,0.0,0.238
87,177,0.0,0.0,0.228
87,178,0.0,0.0,0.24
87,179,0.0,0.0,0.231
87,18,0.005,0.011,0.097
87,180,0.0,0.0,0.234
87,181,0.0,0.0,0.242
87,182,0.0,0.0,0.238
87,183,0.0,0.0,0.236
87,184,0.0,0.0,0.23
87,185,0.0,0.0,0.225
87,186,0.0,0.0,0.227
87,187,0.0,0.0,0.223
87,188,0.0,0.0,0.224
87,189,0.0,0.0,0.232
87,19,0.006,0.014,0.094
87,190,0.0,0.0,0.229
87,191,0.0,0.0,0.22
87,192,0.0,0.0,0.217
87,193,0.0,0.0,0.225
87,194,0.0,0.0,0.235
87,195,0.0,0.0,0.223
87,196,0.0,0.0,0.229
87,197,0.0,0.0,0.23
87,198,0.0,0.0,0.227
87,199,0.0,0.0,0.222
87,20,0.009,0.018,0.091
87,200,0.0,0.0,0.215
87,201,0.0,0.0,0.193
87,202,0.0,0.0,0.183
87,203,0.0,0.0,0.188
87,204,0.0,0.0,0.184
87,205,0.0,0.0,0.184
87,206,0.0,0.001,0.176
87,207,0.0,0.0,0.179
87,208,0.0,0.0,0.179
87,209,0.0,0.001,0.161
87,21,0.004,0.009,0.101
87,210,0.001,0.002,0.159
87,211,0.001,0.003,0.151
87,212,0.002,0.004,0.145
87,213,0.002,0.006,0.142
87,214,0.001,0.003,0.154
87,215,0.001,0.003,0.151
87,216,0.001,0.003,0.154
87,217,0.002,0.005,0.144
87,218,0.005,0.012,0.132
87,219,0.005,0.012,0.133
87,22,0.001,0.002,0.116
87,220,0.003,0.007,0.144
87,221,0.005,0.011,0.136
87,222,0.002,0.005,0.152
87,223,0.004,0.009,0.143
87,224,0.006,0.014,0.135
87,225,0.003,0.008,0.146
87,226,0.004,0.009,0.146
87,227,0.007,0.015,0.137
87,228,0.006,0.013,0.141
87,229,0.007,0.016,0.139
87,23,0.007,0.014,0.095
87,230,0.014,0.028,0.128
87,231,0.01,0.02,0.137
87,232,0.008,0.017,0.142
87,233,0.007,0.015,0.147
87,234,0.014,0.027,0.136
87,235,0.014,0.028,0.136
87,236,0.02,0.037,0.131
87,237,0.02,0.037,0.133
87,238,0.023,0.042,0.132
87,239,0.02,0.037,0.137
87,24,0.004,0.009,0.102
87,240,0.018,0.034,0.141
87,241,0.032,0.056,0.129
87,242,0.037,0.064,0.127
87,243,0.03,0.053,0.134
87,244,0.032,0.057,0.134
87,245,0.035,0.06,0.134
87,246,0.036,0.062,0.135
87,247,0.032,0.057,0.139
87,248,0.059,0.094,0.125
87,249,0.049,0.081,0.132
87,25,0.003,0.007,0.105
87,250,0.059,0.095,0.128
87,251,0.044,0.074,0.137
87,26,0.005,0.011,0.099
87,27,0.003,0.008,0.104
87,28,0.006,0.014,0.097
87,29,0.003,0.007,0.106
87,30,0.013,0.025,0.089
87,31,0.004,0.009,0.103
87,32,0.007,0.016,0.096
87,33,0.003,0.007,0.107
87,34,0.003,0.008,0.106
87,35,0.005,0.011,0.101
87,36,0.002,0.006,0.11
87,37,0.001,0.004,0.116
87,38,0.001,0.004,0.117
87,39,0.003,0.008,0.108
87,40,0.005,0.011,0.104
87,41,0.003,0.008,0.108
87,42,0.003,0.006,0.111
87,43,0.01,0.021,0.096
87,44,0.003,0.008,0.11
87,45,0.001,0.004,0.12
87,46,0.002,0.006,0.116
87,47,0.005,0.011,0.107
87,48,0.001,0.003,0.125
87,49,0.001,0.002,0.133
87,50,0.001,0.003,0.125
87,51,0.002,0.005,0.12
87,52,0.001,0.003,0.13
87,53,0.001,0.002,0.132
87,54,0.001,0.004,0.126
87,55,0.002,0.006,0.121
87,56,0.002,0.005,0.123
87,57,0.001,0.003,0.132
87,58,0.003,0.008,0.119
87,59,0.002,0.005,0.126
87,60,0.001,0.002,0.139
87,61,0.001,0.003,0.134
87,62,0.001,0.002,0.141
87,63,0.0,0.001,0.147
87,64,0.001,0.002,0.139
87,65,0.0,0.001,0.146
87,66,0.001,0.002,0.142
87,67,0.001,0.003,0.14
87,68,0.001,0.003,0.139
87,69,0.001,0.002,0.147
87,7,0.107,0.157,0.058
87,70,0.001,0.002,0.143
87,71,0.001,0.002,0.146
87,72,0.0,0.001,0.152
87,73,0.001,0.002,0.148
87,74,0.0,0.001,0.158
87,75,0.0,0.001,0.152
87,76,0.001,0.002,0.151
87,77,0.0,0.001,0.156
87,78,0.0,0.001,0.167
87,79,0.0,0.001,0.161
87,8,0.119,0.173,0.056
87,80,0.0,0.0,0.173
87,81,0.0,0.0,0.178
87,82,0.0,0.0,0.176
87,83,0.0,0.0,0.176
87,84,0.0,0.0,0.172
87,85,0.0,0.0,0.18
87,86,0.0,0.001,0.164
87,87,0.0,0.001,0.167
87,88,0.0,0.0,0.174
87,89,0.0,0.001,0.166
87,9,0.09,0.135,0.06
87,90,0.0,0.0,0.178
87,91,0.0,0.0,0.197
87,92,0.0,0.0,0.207
87,93,0.0,0.0,0.214
87,94,0.0,0.0,0.193
87,95,0.0,0.0,0.187
87,96,0.0,0.0,0.194
87,97,0.0,0.0,0.209
87,98,0.0,0.0,0.205
87,99,0.0,0.0,0.212
88,10,0.167,0.231,0.049
88,100,0.0,0.0,0.204
88,101,0.0,0.0,0.196
88,102,0.0,0.0,0.197
88,103,0.0,0.0,0.199
88,104,0.0,0.0,0.209
88,105,0.0,0.0,0.203
88,106,0.0,0.0,0.202
88,107,0.0,0.0,0.193
88,108,0.0,0.0,0.207
88,109,0.0,0.0,0.2
88,11,0.117,0.171,0.056
88,110,0.0,0.0,0.209
88,111,0.0,0.0,0.211
88,112,0.0,0.0,0.216
88,113,0.0,0.0,0.212
88,114,0.0,0.0,0.205
88,115,0.0,0.0,0.213
88,116,0.0,0.0,0.217
88,117,0.0,0.0,0.207
88,118,0.0,0.0,0.197
88,119,0.0,0.0,0.207
88,12,0.093,0.14,0.059
88,120,0.0,0.0,0.202
88,121,0.0,0.0,0.204
88,122,0.0,0.0,0.202
88,123,0.0,0.0,0.2
88,124,0.0,0.0,0.209
88,125,0.0,0.0,0.203
88,126,0.0,0.0,0.201
88,127,0.0,0.0,0.192
88,128,0.0,0.0,0.199
88,129,0.0,0.0,0.199
88,13,0.074,0.116,0.063
88,130,0.0,0.0,0.203
88,131,0.0,0.0,0.215
88,132,0.0,0.0,0.208
88,133,0.0,0.0,0.204
88,134,0.0,0.0,0.195
88,135,0.0,0.0,0.197
88,136,0.0,0.0,0.213
88,137,0.0,0.0,0.214
88,138,0.0,0.0,0.213
88,139,0.0,0.0,0.221
88,14,0.07,0.109,0.064
88,140,0.0,0.0,0.22
88,141,0.0,0.0,0.225
88,142,0.0,0.0,0.213
88,143,0.0,0.0,0.215
88,144,0.0,0.0,0.215
88,145,0.0,0.0,0.208
88,146,0.0,0.0,0.207
88,147,0.0,0.0,0.222
88,148,0.0,0.0,0.209
88,149,0.0,0.0,0.205
88,15,0.074,0.115,0.062
88,150,0.0,0.0,0.215
88,151,0.0,0.0,0.219
88,152,0.0,0.0,0.215
88,153,0.0,0.0,0.218
88,154,0.0,0.0,0.222
88,155,0.0,0.0,0.233
88,156,0.0,0.0,0.225
88,157,0.0,0.0,0.215
88,158,0.0,0.0,0.216
88,159,0.0,0.0,0.215
88,16,0.02,0.038,0.081
88,160,0.0,0.0,0.227
88,161,0.0,0.0,0.231
88,162,0.0,0.0,0.234
88,163,0.0,0.0,0.222
88,164,0.0,0.0,0.236
88,165,0.0,0.0,0.216
88,166,0.0,0.0,0.22
88,167,0.0,0.0,0.215
88,168,0.0,0.0,0.218
88,169,0.0,0.0,0.228
88,17,0.024,0.043,0.079
88,170,0.0,0.0,0.224
88,171,0.0,0.0,0.231
88,172,0.0,0.0,0.23
88,173,0.0,0.0,0.214
88,174,0.0,0.0,0.218
88,175,0.0,0.0,0.224
88,176,0.0,0.0,0.208
88,177,0.0,0.0,0.217
88,178,0.0,0.0,0.21
88,179,0.0,0.0,0.218
88,18,0.015,0.03,0.084
88,180,0.0,0.0,0.206
88,181,0.0,0.0,0.213
88,182,0.0,0.0,0.204
88,183,0.0,0.0,0.208
88,184,0.0,0.0,0.207
88,185,0.0,0.0,0.22
88,186,0.0,0.0,0.221
88,187,0.0,0.0,0.223
88,188,0.0,0.0,0.212
88,189,0.0,0.0,0.213
88,19,0.005,0.011,0.098
88,190,0.0,0.0,0.221
88,191,0.0,0.0,0.217
88,192,0.0,0.0,0.201
88,193,0.0,0.0,0.202
88,194,0.0,0.0,0.209
88,195,0.0,0.0,0.202
88,196,0.0,0.0,0.203
88,197,0.0,0.0,0.193
88,198,0.0,0.0,0.202
88,199,0.0,0.0,0.2
88,20,0.004,0.01,0.1
88,200,0.0,0.0,0.19
88,201,0.0,0.0,0.184
88,202,0.0,0.001,0.175
88,203,0.0,0.001,0.168
88,204,0.0,0.001,0.174
88,205,0.0,0.001,0.168
88,206,0.001,0.002,0.155
88,207,0.001,0.003,0.155
88,208,0.002,0.004,0.147
88,209,0.001,0.002,0.161
88,21,0.011,0.023,0.088
88,210,0.001,0.004,0.149
88,211,0.001,0.004,0.149
88,212,0.0,0.001,0.164
88,213,0.001,0.002,0.161
88,214,0.0,0.001,0.173
88,215,0.0,0.001,0.174
88,216,0.0,0.001,0.167
88,217,0.0,0.001,0.167
88,218,0.001,0.004,0.153
88,219,0.001,0.002,0.162
88,22,0.002,0.005,0.109
88,220,0.002,0.004,0.153
88,221,0.001,0.003,0.159
88,222,0.001,0.002,0.167
88,223,0.001,0.004,0.158
88,224,0.003,0.008,0.147
88,225,0.002,0.006,0.153
88,226,0.003,0.008,0.149
88,227,0.004,0.009,0.148
88,228,0.005,0.011,0.147
88,229,0.006,0.014,0.144
88,23,0.001,0.003,0.114
88,230,0.004,0.01,0.151
88,231,0.008,0.017,0.143
88,232,0.009,0.018,0.142
88,233,0.009,0.019,0.143
88,234,0.017,0.033,0.133
88,235,0.021,0.039,0.13
88,236,0.025,0.045,0.128
88,237,0.035,0.06,0.122
88,238,0.036,0.063,0.122
88,239,0.057,0.092,0.113
88,24,0.001,0.004,0.112
88,240,0.045,0.076,0.12
88,241,0.074,0.116,0.109
88,242,0.057,0.092,0.117
88,243,0.052,0.085,0.122
88,244,0.048,0.08,0.125
88,245,0.064,0.102,0.119
88,246,0.036,0.062,0.136
88,247,0.03,0.053,0.143
88,248,0.065,0.103,0.123
88,249,0.059,0.095,0.127
88,25,0.002,0.006,0.106
88,250,0.063,0.1,0.126
88,251,0.03,0.053,0.149
88,26,0.002,0.006,0.108
88,27,0.001,0.003,0.117
88,28,0.002,0.006,0.108
88,29,0.001,0.004,0.112
88,30,0.004,0.009,0.102
88,31,0.001,0.003,0.115
88,32,0.004,0.01,0.101
88,33,0.004,0.01,0.102
88,34,0.004,0.009,0.103
88,35,0.003,0.006,0.108
88,36,0.004,0.009,0.104
88,37,0.004,0.009,0.104
88,38,0.008,0.017,0.096
88,39,0.024,0.044,0.082
88,40,0.008,0.017,0.097
88,41,0.015,0.029,0.089
88,42,0.007,0.015,0.1
88,43,0.013,0.025,0.093
88,44,0.018,0.034,0.088
88,45,0.021,0.039,0.086
88,46,0.008,0.018,0.099
88,47,0.022,0.04,0.087
88,48,0.012,0.024,0.096
88,49,0.015,0.028,0.093
88,50,0.01,0.021,0.099
88,51,0.026,0.047,0.086
88,52,0.008,0.017,0.103
88,53,0.005,0.011,0.111
88,54,0.009,0.019,0.102
88,55,0.007,0.016,0.106
88,56,0.003,0.007,0.119
88,57,0.002,0.004,0.125
88,58,0.004,0.008,0.117
88,59,0.002,0.006,0.123
88,60,0.002,0.004,0.129
88,61,0.002,0.004,0.129
88,62,0.003,0.007,0.122
88,63,0.002,0.006,0.125
88,64,0.001,0.004,0.132
88,65,0.002,0.006,0.127
88,66,0.002,0.004,0.133
88,67,0.001,0.003,0.139
88,68,0.0,0.001,0.152
88,69,0.001,0.004,0.135
88,7,0.137,0.194,0.055
88,70,0.001,0.004,0.137
88,71,0.001,0.002,0.144
88,72,0.0,0.001,0.156
88,73,0.0,0.001,0.156
88,74,0.001,0.002,0.147
88,75,0.0,0.001,0.158
88,76,0.0,0.001,0.16
88,77,0.0,0.001,0.162
88,78,0.0,0.0,0.172
88,79,0.0,0.001,0.168
88,8,0.134,0.192,0.054
88,80,0.0,0.0,0.177
88,81,0.0,0.0,0.175
88,82,0.0,0.0,0.174
88,83,0.0,0.0,0.174
88,84,0.0,0.0,0.18
88,85,0.0,0.0,0.191
88,86,0.0,0.0,0.201
88,87,0.0,0.0,0.188
88,88,0.0,0.0,0.19
88,89,0.0,0.0,0.193
88,9,0.118,0.172,0.056
88,90,0.0,0.0,0.184
88,91,0.0,0.0,0.197
88,92,0.0,0.0,0.2
88,93,0.0,0.0,0.193
88,94,0.0,0.0,0.193
88,95,0.0,0.0,0.196
88,96,0.0,0.0,0.201
88,97,0.0,0.0,0.205
88,98,0.0,0.0,0.215
88,99,0.0,0.0,0.206
89,10,0.1,0.149,0.06
89,100,0.0,0.0,0.195
89,101,0.0,0.0,0.191
89,102,0.0,0.0,0.184
89,103,0.0,0.0,0.185
89,104,0.0,0.0,0.183
89,105,0.0,0.0,0.173
89,106,0.0,0.0,0.19
89,107,0.0,0.0,0.196
89,108,0.0,0.0,0.206
89,109,0.0,0.0,0.198
89,11,0.122,0.176,0.055
89,110,0.0,0.0,0.198
89,111,0.0,0.0,0.21
89,112,0.0,0.0,0.203
89,113,0.0,0.0,0.203
89,114,0.0,0.0,0.208
89,115,0.0,0.0,0.207
89,116,0.0,0.0,0.207
89,117,0.0,0.0,0.22
89,118,0.0,0.0,0.223
89,119,0.0,0.0,0.226
89,12,0.148,0.208,0.052
89,120,0.0,0.0,0.226
89,121,0.0,0.0,0.228
89,122,0.0,0.0,0.214
89,123,0.0,0.0,0.221
89,124,0.0,0.0,0.231
89,125,0.0,0.0,0.22
89,126,0.0,0.0,0.217
89,127,0.0,0.0,0.219
89,128,0.0,0.0,0.22
89,129,0.0,0.0,0.213
89,13,0.074,0.116,0.063
89,130,0.0,0.0,0.212
89,131,0.0,0.0,0.215
89,132,0.0,0.0,0.213
89,133,0.0,0.0,0.209
89,134,0.0,0.0,0.215
89,135,0.0,0.0,0.218
89,136,0.0,0.0,0.223
89,137,0.0,0.0,0.232
89,138,0.0,0.0,0.222
89,139,0.0,0.0,0.236
89,14,0.09,0.136,0.06
89,140,0.0,0.0,0.232
89,141,0.0,0.0,0.244
89,142,0.0,0.0,0.238
89,143,0.0,0.0,0.232
89,144,0.0,0.0,0.23
89,145,0.0,0.0,0.239
89,146,0.0,0.0,0.228
89,147,0.0,0.0,0.228
89,148,0.0,0.0,0.224
89,149,0.0,0.0,0.22
89,15,0.103,0.152,0.057
89,150,0.0,0.0,0.221
89,151,0.0,0.0,0.23
89,152,0.0,0.0,0.219
89,153,0.0,0.0,0.221
89,154,0.0,0.0,0.215
89,155,0.0,0.0,0.225
89,156,0.0,0.0,0.226
89,157,0.0,0.0,0.22
89,158,0.0,0.0,0.221
89,159,0.0,0.0,0.218
89,16,0.055,0.09,0.067
89,160,0.0,0.0,0.229
89,161,0.0,0.0,0.225
89,162,0.0,0.0,0.232
89,163,0.0,0.0,0.229
89,164,0.0,0.0,0.228
89,165,0.0,0.0,0.229
89,166,0.0,0.0,0.221
89,167,0.0,0.0,0.215
89,168,0.0,0.0,0.209
89,169,0.0,0.0,0.213
89,17,0.015,0.029,0.085
89,170,0.0,0.0,0.229
89,171,0.0,0.0,0.217
89,172,0.0,0.0,0.226
89,173,0.0,0.0,0.23
89,174,0.0,0.0,0.227
89,175,0.0,0.0,0.209
89,176,0.0,0.0,0.202
89,177,0.0,0.0,0.199
89,178,0.0,0.0,0.219
89,179,0.0,0.0,0.22
89,18,0.013,0.025,0.087
89,180,0.0,0.0,0.215
89,181,0.0,0.0,0.219
89,182,0.0,0.0,0.211
89,183,0.0,0.0,0.211
89,184,0.0,0.0,0.211
89,185,0.0,0.0,0.211
89,186,0.0,0.0,0.221
89,187,0.0,0.0,0.221
89,188,0.0,0.0,0.218
89,189,0.0,0.0,0.216
89,19,0.026,0.047,0.078
89,190,0.0,0.0,0.211
89,191,0.0,0.0,0.214
89,192,0.0,0.0,0.204
89,193,0.0,0.0,0.203
89,194,0.0,0.0,0.207
89,195,0.0,0.0,0.208
89,196,0.0,0.0,0.201
89,197,0.0,0.0,0.181
89,198,0.0,0.0,0.196
89,199,0.0,0.0,0.197
89,20,0.009,0.019,0.091
89,200,0.0,0.0,0.203
89,201,0.0,0.0,0.187
89,202,0.0,0.0,0.185
89,203,0.0,0.001,0.173
89,204,0.0,0.001,0.174
89,205,0.0,0.0,0.19
89,206,0.0,0.0,0.182
89,207,0.0,0.001,0.175
89,208,0.0,0.001,0.173
89,209,0.0,0.0,0.181
89,21,0.003,0.006,0.105
89,210,0.0,0.001,0.171
89,211,0.0,0.001,0.169
89,212,0.001,0.002,0.159
89,213,0.001,0.002,0.157
89,214,0.001,0.003,0.154
89,215,0.002,0.004,0.15
89,216,0.001,0.003,0.156
89,217,0.003,0.007,0.144
89,218,0.003,0.006,0.145
89,219,0.002,0.004,0.153
89,22,0.003,0.008,0.103
89,220,0.002,0.006,0.149
89,221,0.003,0.007,0.146
89,222,0.004,0.01,0.142
89,223,0.004,0.01,0.143
89,224,0.002,0.005,0.156
89,225,0.004,0.01,0.146
89,226,0.007,0.014,0.14
89,227,0.004,0.009,0.152
89,228,0.005,0.011,0.149
89,229,0.003,0.008,0.157
89,23,0.005,0.011,0.099
89,230,0.004,0.01,0.154
89,231,0.009,0.018,0.143
89,232,0.005,0.011,0.156
89,233,0.006,0.013,0.154
89,234,0.005,0.011,0.158
89,235,0.011,0.023,0.145
89,236,0.025,0.045,0.13
89,237,0.018,0.035,0.138
89,238,0.015,0.029,0.144
89,239,0.021,0.039,0.139
89,24,0.002,0.004,0.11
89,240,0.026,0.047,0.135
89,241,0.042,0.071,0.125
89,242,0.035,0.061,0.131
89,243,0.044,0.074,0.127
89,244,0.061,0.097,0.12
89,245,0.05,0.082,0.127
89,246,0.075,0.116,0.116
89,247,0.085,0.13,0.114
89,248,0.057,0.092,0.127
89,249,0.101,0.15,0.111
89,25,0.001,0.003,0.115
89,250,0.058,0.093,0.13
89,251,0.042,0.071,0.14
89,26,0.004,0.01,0.101
89,27,0.006,0.013,0.098
89,28,0.012,0.025,0.088
89,29,0.009,0.018,0.093
89,30,0.005,0.011,0.101
89,31,0.021,0.038,0.082
89,32,0.009,0.019,0.093
89,33,0.016,0.031,0.086
89,34,0.023,0.041,0.082
89,35,0.036,0.062,0.075
89,36,0.014,0.028,0.088
89,37,0.016,0.031,0.087
89,38,0.031,0.054,0.078
89,39,0.018,0.034,0.086
89,40,0.016,0.03,0.088
89,41,0.018,0.034,0.087
89,42,0.007,0.015,0.099
89,43,0.018,0.034,0.087
89,44,0.006,0.013,0.102
89,45,0.009,0.019,0.098
89,46,0.004,0.008,0.11
89,47,0.004,0.01,0.109
89,48,0.003,0.008,0.111
89,49,0.004,0.009,0.11
89,50,0.003,0.007,0.115
89,51,0.007,0.016,0.103
89,52,0.006,0.014,0.106
89,53,0.003,0.008,0.114
89,54,0.006,0.013,0.108
89,55,0.004,0.01,0.113
89,56,0.002,0.005,0.122
89,57,0.001,0.002,0.136
89,58,0.001,0.004,0.129
89,59,0.005,0.012,0.112
89,60,0.001,0.004,0.13
89,61,0.001,0.004,0.131
89,62,0.001,0.003,0.133
89,63,0.001,0.003,0.133
89,64,0.0,0.001,0.146
89,65,0.001,0.002,0.144
89,66,0.001,0.003,0.139
89,67,0.0,0.001,0.151
89,68,0.0,0.001,0.151
89,69,0.0,0.001,0.155
89,7,0.13,0.186,0.057
89,70,0.0,0.001,0.157
89,71,0.0,0.001,0.153
89,72,0.0,0.001,0.152
89,73,0.0,0.001,0.158
89,74,0.0,0.001,0.164
89,75,0.0,0.001,0.158
89,76,0.001,0.003,0.145
89,77,0.001,0.004,0.141
89,78,0.0,0.001,0.156
89,79,0.0,0.001,0.157
89,8,0.09,0.136,0.063
89,80,0.0,0.002,0.155
89,81,0.0,0.001,0.164
89,82,0.0,0.001,0.163
89,83,0.0,0.001,0.168
89,84,0.0,0.001,0.17
89,85,0.0,0.0,0.177
89,86,0.0,0.001,0.166
89,87,0.0,0.001,0.166
89,88,0.0,0.001,0.169
89,89,0.0,0.0,0.177
89,9,0.184,0.251,0.048
89,90,0.0,0.0,0.183
89,91,0.0,0.0,0.186
89,92,0.0,0.0,0.179
89,93,0.0,0.0,0.18
89,94,0.0,0.0,0.191
89,95,0.0,0.0,0.193
89,96,0.0,0.0,0.203
89,97,0.0,0.0,0.195
89,98,0.0,0.0,0.193
89,99,0.0,0.0,0.188
9,10,0.045,0.075,0.067
9,100,0.001,0.003,0.122
9,101,0.001,0.004,0.12
9,102,0.001,0.004,0.121
9,103,0.005,0.011,0.106
9,104,0.003,0.007,0.113
9,105,0.002,0.006,0.115
9,106,0.002,0.006,0.115
9,107,0.001,0.003,0.122
9,108,0.0,0.001,0.135
9,109,0.002,0.006,0.117
9,11,0.026,0.047,0.074
9,110,0.001,0.003,0.125
9,111,0.001,0.002,0.133
9,112,0.002,0.005,0.119
9,113,0.001,0.002,0.132
9,114,0.0,0.001,0.137
9,115,0.0,0.001,0.137
9,116,0.0,0.001,0.136
9,117,0.0,0.001,0.142
9,118,0.0,0.001,0.141
9,119,0.0,0.001,0.14
9,12,0.007,0.016,0.089
9,120,0.0,0.001,0.145
9,121,0.0,0.001,0.14
9,122,0.0,0.001,0.146
9,123,0.001,0.002,0.134
9,124,0.0,0.001,0.139
9,125,0.0,0.001,0.149
9,126,0.0,0.001,0.151
9,127,0.0,0.0,0.153
9,128,0.0,0.0,0.165
9,129,0.0,0.0,0.157
9,13,0.009,0.019,0.085
9,130,0.0,0.001,0.147
9,131,0.0,0.001,0.145
9,132,0.0,0.001,0.151
9,133,0.0,0.0,0.158
9,134,0.0,0.0,0.163
9,135,0.0,0.0,0.17
9,136,0.0,0.0,0.157
9,137,0.0,0.001,0.151
9,138,0.0,0.0,0.16
9,139,0.0,0.0,0.156
9,14,0.006,0.013,0.089
9,140,0.0,0.0,0.159
9,141,0.0,0.0,0.167
9,142,0.0,0.0,0.167
9,143,0.0,0.0,0.156
9,144,0.0,0.0,0.155
9,145,0.0,0.0,0.162
9,146,0.0,0.0,0.158
9,147,0.0,0.001,0.151
9,148,0.0,0.001,0.151
9,149,0.001,0.002,0.142
9,15,0.007,0.015,0.088
9,150,0.0,0.001,0.151
9,151,0.0,0.0,0.161
9,152,0.0,0.001,0.153
9,153,0.0,0.001,0.156
9,154,0.0,0.001,0.149
9,155,0.0,0.0,0.16
9,156,0.0,0.001,0.148
9,157,0.0,0.001,0.155
9,158,0.0,0.001,0.154
9,159,0.0,0.001,0.147
9,16,0.011,0.022,0.083
9,160,0.0,0.001,0.145
9,161,0.001,0.002,0.143
9,162,0.0,0.001,0.146
9,163,0.0,0.001,0.153
9,164,0.0,0.001,0.155
9,165,0.0,0.001,0.147
9,166,0.001,0.002,0.141
9,167,0.0,0.002,0.146
9,168,0.001,0.004,0.135
9,169,0.001,0.003,0.137
9,17,0.003,0.008,0.094
9,170,0.002,0.005,0.13
9,171,0.001,0.004,0.134
9,172,0.002,0.006,0.128
9,173,0.005,0.011,0.119
9,174,0.004,0.01,0.121
9,175,0.002,0.005,0.132
9,176,0.002,0.004,0.135
9,177,0.002,0.006,0.131
9,178,0.002,0.006,0.131
9,179,0.004,0.01,0.122
9,18,0.009,0.019,0.084
9,180,0.006,0.012,0.12
9,181,0.004,0.009,0.125
9,182,0.004,0.009,0.126
9,183,0.007,0.015,0.117
9,184,0.012,0.023,0.111
9,185,0.011,0.023,0.112
9,186,0.007,0.015,0.12
9,187,0.006,0.014,0.121
9,188,0.004,0.009,0.13
9,189,0.004,0.009,0.13
9,19,0.008,0.017,0.086
9,190,0.006,0.013,0.125
9,191,0.004,0.009,0.132
9,192,0.015,0.03,0.111
9,193,0.005,0.012,0.128
9,194,0.005,0.012,0.129
9,195,0.006,0.013,0.128
9,196,0.004,0.01,0.134
9,197,0.007,0.015,0.128
9,198,0.007,0.015,0.128
9,199,0.014,0.028,0.118
9,20,0.007,0.015,0.087
9,200,0.011,0.023,0.123
9,201,0.027,0.049,0.107
9,202,0.019,0.036,0.115
9,203,0.02,0.037,0.115
9,204,0.012,0.025,0.124
9,205,0.035,0.061,0.105
9,206,0.025,0.045,0.113
9,207,0.025,0.045,0.114
9,208,0.022,0.041,0.117
9,209,0.02,0.037,0.12
9,21,0.005,0.011,0.091
9,210,0.019,0.036,0.121
9,211,0.019,0.037,0.122
9,212,0.013,0.027,0.13
9,213,0.02,0.037,0.123
9,214,0.015,0.03,0.129
9,215,0.02,0.037,0.125
9,216,0.033,0.057,0.115
9,217,0.026,0.047,0.121
9,218,0.032,0.057,0.117
9,219,0.033,0.058,0.117
9,22,0.007,0.015,0.086
9,220,0.019,0.036,0.13
9,221,0.028,0.05,0.122
9,222,0.052,0.085,0.109
9,223,0.052,0.086,0.109
9,224,0.029,0.051,0.124
9,225,0.055,0.09,0.109
9,226,0.025,0.046,0.128
9,227,0.041,0.069,0.118
9,228,0.03,0.053,0.125
9,229,0.022,0.041,0.133
9,23,0.002,0.006,0.097
9,230,0.023,0.042,0.133
9,231,0.032,0.055,0.126
9,232,0.033,0.058,0.125
9,233,0.026,0.048,0.131
9,234,0.022,0.04,0.136
9,235,0.013,0.027,0.147
9,236,0.023,0.042,0.136
9,237,0.016,0.031,0.144
9,238,0.031,0.055,0.13
9,239,0.022,0.04,0.138
9,24,0.008,0.017,0.085
9,240,0.011,0.023,0.154
9,241,0.012,0.024,0.153
9,242,0.02,0.037,0.143
9,243,0.02,0.038,0.143
9,244,0.01,0.02,0.16
9,245,0.012,0.025,0.156
9,246,0.01,0.021,0.161
9,247,0.005,0.012,0.176
9,248,0.005,0.01,0.181
9,249,0.004,0.009,0.185
9,25,0.009,0.019,0.083
9,250,0.008,0.017,0.171
9,251,0.003,0.007,0.193
9,26,0.007,0.016,0.085
9,27,0.006,0.013,0.088
9,28,0.003,0.007,0.096
9,29,0.004,0.01,0.091
9,30,0.004,0.009,0.093
9,31,0.002,0.005,0.1
9,32,0.003,0.007,0.096
9,33,0.007,0.016,0.086
9,34,0.001,0.004,0.103
9,35,0.002,0.005,0.101
9,36,0.001,0.004,0.104
9,37,0.004,0.009,0.093
9,38,0.001,0.004,0.104
9,39,0.004,0.009,0.095
9,40,0.002,0.006,0.1
9,41,0.003,0.007,0.097
9,42,0.004,0.01,0.093
9,43,0.001,0.003,0.108
9,44,0.002,0.005,0.101
9,45,0.003,0.008,0.096
9,46,0.005,0.011,0.092
9,47,0.002,0.005,0.101
9,48,0.001,0.004,0.106
9,49,0.001,0.002,0.115
9,50,0.003,0.007,0.099
9,51,0.002,0.005,0.102
9,52,0.001,0.002,0.112
9,53,0.001,0.002,0.112
9,54,0.001,0.004,0.106
9,55,0.001,0.003,0.109
9,56,0.001,0.002,0.112
9,57,0.001,0.003,0.109
9,58,0.001,0.003,0.109
9,59,0.001,0.003,0.112
9,60,0.0,0.001,0.119
9,61,0.001,0.002,0.115
9,62,0.001,0.003,0.111
9,63,0.003,0.007,0.101
9,64,0.001,0.003,0.109
9,65,0.001,0.002,0.117
9,66,0.0,0.001,0.125
9,67,0.0,0.001,0.123
9,68,0.0,0.001,0.124
9,69,0.0,0.002,0.119
9,7,0.028,0.05,0.075
9,70,0.001,0.002,0.117
9,71,0.0,0.001,0.125
9,72,0.0,0.001,0.127
9,73,0.0,0.001,0.125
9,74,0.0,0.001,0.122
9,75,0.0,0.0,0.135
9,76,0.0,0.001,0.122
9,77,0.0,0.001,0.132
9,78,0.0,0.0,0.143
9,79,0.0,0.001,0.133
9,8,0.033,0.058,0.073
9,80,0.0,0.001,0.127
9,81,0.0,0.001,0.128
9,82,0.0,0.001,0.133
9,83,0.0,0.001,0.135
9,84,0.001,0.002,0.123
9,85,0.0,0.001,0.13
9,86,0.0,0.0,0.139
9,87,0.0,0.001,0.137
9,88,0.0,0.0,0.143
9,89,0.0,0.001,0.127
9,9,0.044,0.073,0.068
9,90,0.0,0.0,0.148
9,91,0.0,0.0,0.142
9,92,0.0,0.001,0.13
9,93,0.001,0.002,0.125
9,94,0.001,0.003,0.122
9,95,0.001,0.004,0.118
9,96,0.001,0.003,0.123
9,97,0.001,0.002,0.129
9,98,0.0,0.001,0.135
9,99,0.001,0.002,0.126
90,10,0.064,0.102,0.067
90,100,0.0,0.0,0.195
90,101,0.0,0.0,0.184
90,102,0.0,0.0,0.188
90,103,0.0,0.0,0.189
90,104,0.0,0.0,0.186
90,105,0.0,0.0,0.196
90,106,0.0,0.0,0.182
90,107,0.0,0.0,0.184
90,108,0.0,0.0,0.196
90,109,0.0,0.0,0.202
90,11,0.036,0.061,0.075
90,110,0.0,0.0,0.194
90,111,0.0,0.0,0.189
90,112,0.0,0.0,0.204
90,113,0.0,0.0,0.202
90,114,0.0,0.0,0.202
90,115,0.0,0.0,0.2
90,116,0.0,0.0,0.204
90,117,0.0,0.0,0.2
90,118,0.0,0.0,0.196
90,119,0.0,0.0,0.193
90,12,0.051,0.084,0.069
90,120,0.0,0.0,0.199
90,121,0.0,0.0,0.213
90,122,0.0,0.0,0.204
90,123,0.0,0.0,0.205
90,124,0.0,0.0,0.202
90,125,0.0,0.0,0.195
90,126,0.0,0.0,0.206
90,127,0.0,0.0,0.204
90,128,0.0,0.0,0.201
90,129,0.0,0.0,0.198
90,13,0.026,0.047,0.078
90,130,0.0,0.0,0.209
90,131,0.0,0.0,0.212
90,132,0.0,0.0,0.212
90,133,0.0,0.0,0.202
90,134,0.0,0.0,0.209
90,135,0.0,0.0,0.203
90,136,0.0,0.0,0.222
90,137,0.0,0.0,0.231
90,138,0.0,0.0,0.218
90,139,0.0,0.0,0.216
90,14,0.028,0.05,0.077
90,140,0.0,0.0,0.214
90,141,0.0,0.0,0.209
90,142,0.0,0.0,0.223
90,143,0.0,0.0,0.217
90,144,0.0,0.0,0.225
90,145,0.0,0.0,0.221
90,146,0.0,0.0,0.229
90,147,0.0,0.0,0.22
90,148,0.0,0.0,0.226
90,149,0.0,0.0,0.211
90,15,0.034,0.059,0.074
90,150,0.0,0.0,0.224
90,151,0.0,0.0,0.228
90,152,0.0,0.0,0.225
90,153,0.0,0.0,0.221
90,154,0.0,0.0,0.228
90,155,0.0,0.0,0.235
90,156,0.0,0.0,0.241
90,157,0.0,0.0,0.24
90,158,0.0,0.0,0.233
90,159,0.0,0.0,0.233
90,16,0.027,0.049,0.077
90,160,0.0,0.0,0.226
90,161,0.0,0.0,0.219
90,162,0.0,0.0,0.225
90,163,0.0,0.0,0.221
90,164,0.0,0.0,0.228
90,165,0.0,0.0,0.231
90,166,0.0,0.0,0.217
90,167,0.0,0.0,0.217
90,168,0.0,0.0,0.215
90,169,0.0,0.0,0.22
90,17,0.024,0.043,0.079
90,170,0.0,0.0,0.215
90,171,0.0,0.0,0.218
90,172,0.0,0.0,0.217
90,173,0.0,0.0,0.208
90,174,0.0,0.0,0.216
90,175,0.0,0.0,0.215
90,176,0.0,0.0,0.226
90,177,0.0,0.0,0.212
90,178,0.0,0.0,0.21
90,179,0.0,0.0,0.219
90,18,0.018,0.035,0.082
90,180,0.0,0.0,0.22
90,181,0.0,0.0,0.205
90,182,0.0,0.0,0.211
90,183,0.0,0.0,0.214
90,184,0.0,0.0,0.199
90,185,0.0,0.0,0.212
90,186,0.0,0.0,0.21
90,187,0.0,0.0,0.203
90,188,0.0,0.0,0.216
90,189,0.0,0.0,0.208
90,19,0.018,0.035,0.082
90,190,0.0,0.0,0.199
90,191,0.0,0.0,0.203
90,192,0.0,0.0,0.205
90,193,0.0,0.0,0.209
90,194,0.0,0.0,0.21
90,195,0.0,0.0,0.197
90,196,0.0,0.0,0.197
90,197,0.0,0.0,0.187
90,198,0.0,0.0,0.194
90,199,0.0,0.0,0.189
90,20,0.006,0.014,0.096
90,200,0.0,0.0,0.197
90,201,0.0,0.0,0.193
90,202,0.0,0.0,0.177
90,203,0.0,0.001,0.173
90,204,0.0,0.0,0.182
90,205,0.0,0.001,0.166
90,206,0.0,0.001,0.17
90,207,0.0,0.001,0.166
90,208,0.0,0.001,0.176
90,209,0.001,0.002,0.16
90,21,0.013,0.026,0.087
90,210,0.0,0.001,0.163
90,211,0.001,0.003,0.155
90,212,0.001,0.002,0.157
90,213,0.001,0.002,0.163
90,214,0.001,0.002,0.161
90,215,0.002,0.005,0.149
90,216,0.002,0.005,0.15
90,217,0.002,0.005,0.148
90,218,0.002,0.004,0.153
90,219,0.0,0.001,0.178
90,22,0.012,0.024,0.088
90,220,0.001,0.002,0.165
90,221,0.001,0.002,0.169
90,222,0.001,0.002,0.172
90,223,0.001,0.003,0.163
90,224,0.002,0.004,0.162
90,225,0.001,0.003,0.17
90,226,0.001,0.003,0.173
90,227,0.001,0.003,0.17
90,228,0.005,0.012,0.149
90,229,0.003,0.006,0.162
90,23,0.009,0.019,0.091
90,230,0.003,0.007,0.163
90,231,0.003,0.008,0.161
90,232,0.008,0.017,0.147
90,233,0.01,0.02,0.146
90,234,0.013,0.026,0.142
90,235,0.012,0.024,0.145
90,236,0.022,0.041,0.133
90,237,0.025,0.046,0.132
90,238,0.011,0.023,0.152
90,239,0.014,0.028,0.149
90,24,0.008,0.017,0.092
90,240,0.015,0.028,0.15
90,241,0.03,0.052,0.135
90,242,0.039,0.067,0.129
90,243,0.026,0.047,0.141
90,244,0.035,0.06,0.135
90,245,0.019,0.035,0.152
90,246,0.028,0.05,0.144
90,247,0.041,0.07,0.135
90,248,0.027,0.048,0.148
90,249,0.034,0.059,0.143
90,25,0.003,0.008,0.103
90,250,0.02,0.037,0.158
90,251,0.016,0.03,0.166
90,26,0.005,0.012,0.098
90,27,0.004,0.009,0.102
90,28,0.003,0.008,0.103
90,29,0.001,0.004,0.112
90,30,0.001,0.004,0.113
90,31,0.007,0.015,0.095
90,32,0.002,0.005,0.109
90,33,0.003,0.007,0.105
90,34,0.002,0.006,0.108
90,35,0.003,0.008,0.105
90,36,0.003,0.008,0.106
90,37,0.002,0.005,0.111
90,38,0.003,0.007,0.108
90,39,0.005,0.011,0.103
90,40,0.005,0.011,0.103
90,41,0.003,0.006,0.11
90,42,0.001,0.003,0.121
90,43,0.004,0.009,0.107
90,44,0.004,0.009,0.108
90,45,0.002,0.005,0.115
90,46,0.003,0.008,0.11
90,47,0.002,0.006,0.115
90,48,0.005,0.011,0.106
90,49,0.002,0.006,0.115
90,50,0.003,0.006,0.115
90,51,0.003,0.007,0.114
90,52,0.009,0.019,0.1
90,53,0.004,0.01,0.11
90,54,0.002,0.006,0.119
90,55,0.001,0.003,0.127
90,56,0.002,0.005,0.123
90,57,0.005,0.011,0.112
90,58,0.002,0.005,0.123
90,59,0.002,0.005,0.124
90,60,0.003,0.006,0.122
90,61,0.001,0.002,0.138
90,62,0.004,0.01,0.117
90,63,0.004,0.009,0.119
90,64,0.004,0.009,0.119
90,65,0.003,0.007,0.125
90,66,0.002,0.005,0.128
90,67,0.001,0.004,0.133
90,68,0.004,0.009,0.122
90,69,0.001,0.004,0.135
90,7,0.042,0.071,0.075
90,70,0.002,0.004,0.134
90,71,0.002,0.004,0.135
90,72,0.005,0.011,0.121
90,73,0.001,0.004,0.138
90,74,0.002,0.005,0.134
90,75,0.002,0.004,0.137
90,76,0.002,0.005,0.136
90,77,0.001,0.004,0.14
90,78,0.003,0.007,0.132
90,79,0.002,0.004,0.14
90,8,0.072,0.112,0.066
90,80,0.0,0.002,0.155
90,81,0.0,0.001,0.158
90,82,0.001,0.002,0.152
90,83,0.0,0.001,0.16
90,84,0.001,0.002,0.154
90,85,0.001,0.002,0.155
90,86,0.0,0.001,0.164
90,87,0.0,0.001,0.168
90,88,0.0,0.001,0.165
90,89,0.0,0.0,0.18
90,9,0.057,0.092,0.069
90,90,0.0,0.001,0.172
90,91,0.0,0.0,0.182
90,92,0.0,0.0,0.183
90,93,0.0,0.0,0.184
90,94,0.0,0.0,0.19
90,95,0.0,0.0,0.183
90,96,0.0,0.0,0.192
90,97,0.0,0.0,0.182
90,98,0.0,0.0,0.18
90,99,0.0,0.0,0.194
91,10,0.056,0.091,0.069
91,100,0.0,0.0,0.184
91,101,0.0,0.0,0.183
91,102,0.0,0.0,0.2
91,103,0.0,0.0,0.189
91,104,0.0,0.001,0.172
91,105,0.0,0.001,0.166
91,106,0.0,0.001,0.176
91,107,0.0,0.0,0.179
91,108,0.0,0.0,0.18
91,109,0.0,0.0,0.186
91,11,0.048,0.079,0.071
91,110,0.0,0.0,0.182
91,111,0.0,0.0,0.191
91,112,0.0,0.0,0.198
91,113,0.0,0.0,0.19
91,114,0.0,0.0,0.194
91,115,0.0,0.0,0.186
91,116,0.0,0.0,0.191
91,117,0.0,0.0,0.19
91,118,0.0,0.0,0.178
91,119,0.0,0.0,0.185
91,12,0.076,0.118,0.063
91,120,0.0,0.0,0.193
91,121,0.0,0.0,0.188
91,122,0.0,0.0,0.19
91,123,0.0,0.0,0.186
91,124,0.0,0.0,0.194
91,125,0.0,0.0,0.198
91,126,0.0,0.0,0.201
91,127,0.0,0.0,0.201
91,128,0.0,0.0,0.203
91,129,0.0,0.0,0.193
91,13,0.088,0.133,0.06
91,130,0.0,0.0,0.202
91,131,0.0,0.0,0.187
91,132,0.0,0.0,0.194
91,133,0.0,0.0,0.195
91,134,0.0,0.0,0.196
91,135,0.0,0.0,0.216
91,136,0.0,0.0,0.22
91,137,0.0,0.0,0.207
91,138,0.0,0.0,0.209
91,139,0.0,0.0,0.203
91,14,0.076,0.118,0.062
91,140,0.0,0.0,0.218
91,141,0.0,0.0,0.219
91,142,0.0,0.0,0.216
91,143,0.0,0.0,0.227
91,144,0.0,0.0,0.227
91,145,0.0,0.0,0.221
91,146,0.0,0.0,0.21
91,147,0.0,0.0,0.221
91,148,0.0,0.0,0.204
91,149,0.0,0.0,0.195
91,15,0.035,0.06,0.074
91,150,0.0,0.0,0.2
91,151,0.0,0.0,0.193
91,152,0.0,0.0,0.193
91,153,0.0,0.0,0.207
91,154,0.0,0.0,0.199
91,155,0.0,0.0,0.197
91,156,0.0,0.0,0.21
91,157,0.0,0.0,0.209
91,158,0.0,0.0,0.208
91,159,0.0,0.0,0.211
91,16,0.04,0.069,0.071
91,160,0.0,0.0,0.219
91,161,0.0,0.0,0.221
91,162,0.0,0.0,0.214
91,163,0.0,0.0,0.21
91,164,0.0,0.0,0.209
91,165,0.0,0.0,0.207
91,166,0.0,0.0,0.215
91,167,0.0,0.0,0.197
91,168,0.0,0.0,0.198
91,169,0.0,0.0,0.209
91,17,0.042,0.071,0.071
91,170,0.0,0.0,0.209
91,171,0.0,0.0,0.208
91,172,0.0,0.0,0.199
91,173,0.0,0.0,0.203
91,174,0.0,0.0,0.208
91,175,0.0,0.0,0.223
91,176,0.0,0.0,0.219
91,177,0.0,0.0,0.216
91,178,0.0,0.0,0.208
91,179,0.0,0.0,0.215
91,18,0.02,0.038,0.081
91,180,0.0,0.0,0.204
91,181,0.0,0.0,0.21
91,182,0.0,0.0,0.202
91,183,0.0,0.0,0.203
91,184,0.0,0.0,0.206
91,185,0.0,0.0,0.214
91,186,0.0,0.0,0.212
91,187,0.0,0.0,0.212
91,188,0.0,0.0,0.203
91,189,0.0,0.0,0.192
91,19,0.029,0.051,0.076
91,190,0.0,0.0,0.209
91,191,0.0,0.0,0.206
91,192,0.0,0.0,0.201
91,193,0.0,0.0,0.198
91,194,0.0,0.0,0.197
91,195,0.0,0.0,0.195
91,196,0.0,0.0,0.187
91,197,0.0,0.0,0.179
91,198,0.0,0.001,0.175
91,199,0.0,0.0,0.182
91,20,0.036,0.062,0.073
91,200,0.0,0.0,0.19
91,201,0.0,0.0,0.195
91,202,0.0,0.0,0.189
91,203,0.0,0.0,0.181
91,204,0.0,0.0,0.181
91,205,0.0,0.0,0.189
91,206,0.0,0.0,0.202
91,207,0.0,0.0,0.184
91,208,0.0,0.0,0.184
91,209,0.0,0.0,0.18
91,21,0.031,0.055,0.075
91,210,0.0,0.001,0.164
91,211,0.0,0.002,0.165
91,212,0.001,0.002,0.16
91,213,0.001,0.004,0.153
91,214,0.001,0.003,0.156
91,215,0.001,0.003,0.158
91,216,0.003,0.007,0.143
91,217,0.003,0.008,0.143
91,218,0.004,0.01,0.14
91,219,0.003,0.007,0.148
91,22,0.065,0.103,0.065
91,220,0.007,0.015,0.135
91,221,0.004,0.01,0.143
91,222,0.01,0.02,0.131
91,223,0.011,0.022,0.131
91,224,0.015,0.03,0.125
91,225,0.009,0.018,0.137
91,226,0.014,0.027,0.13
91,227,0.012,0.023,0.135
91,228,0.006,0.013,0.148
91,229,0.004,0.01,0.156
91,23,0.04,0.068,0.072
91,230,0.005,0.012,0.154
91,231,0.004,0.009,0.162
91,232,0.009,0.018,0.149
91,233,0.006,0.013,0.158
91,234,0.005,0.012,0.161
91,235,0.008,0.017,0.155
91,236,0.016,0.031,0.143
91,237,0.01,0.021,0.154
91,238,0.01,0.02,0.156
91,239,0.012,0.023,0.154
91,24,0.015,0.029,0.085
91,240,0.013,0.026,0.153
91,241,0.025,0.045,0.14
91,242,0.037,0.063,0.132
91,243,0.037,0.063,0.133
91,244,0.02,0.037,0.15
91,245,0.02,0.038,0.151
91,246,0.028,0.05,0.144
91,247,0.038,0.065,0.137
91,248,0.031,0.054,0.145
91,249,0.026,0.047,0.15
91,25,0.021,0.039,0.081
91,250,0.028,0.05,0.15
91,251,0.024,0.044,0.154
91,26,0.044,0.073,0.071
91,27,0.01,0.021,0.09
91,28,0.01,0.021,0.09
91,29,0.009,0.019,0.092
91,30,0.007,0.015,0.095
91,31,0.004,0.01,0.101
91,32,0.007,0.015,0.095
91,33,0.008,0.017,0.094
91,34,0.01,0.02,0.092
91,35,0.004,0.01,0.102
91,36,0.004,0.009,0.103
91,37,0.003,0.008,0.105
91,38,0.007,0.016,0.096
91,39,0.004,0.009,0.104
91,40,0.001,0.004,0.116
91,41,0.005,0.011,0.102
91,42,0.003,0.007,0.108
91,43,0.003,0.007,0.109
91,44,0.003,0.008,0.109
91,45,0.002,0.004,0.117
91,46,0.002,0.006,0.113
91,47,0.007,0.015,0.101
91,48,0.001,0.002,0.126
91,49,0.001,0.003,0.123
91,50,0.01,0.021,0.097
91,51,0.001,0.004,0.122
91,52,0.002,0.004,0.121
91,53,0.0,0.001,0.136
91,54,0.0,0.001,0.136
91,55,0.002,0.006,0.12
91,56,0.002,0.005,0.121
91,57,0.0,0.002,0.138
91,58,0.001,0.003,0.129
91,59,0.001,0.002,0.133
91,60,0.002,0.004,0.127
91,61,0.003,0.007,0.12
91,62,0.001,0.002,0.14
91,63,0.001,0.003,0.133
91,64,0.001,0.002,0.142
91,65,0.001,0.003,0.137
91,66,0.001,0.003,0.136
91,67,0.001,0.002,0.143
91,68,0.0,0.002,0.146
91,69,0.0,0.002,0.147
91,7,0.066,0.105,0.068
91,70,0.001,0.002,0.145
91,71,0.001,0.002,0.146
91,72,0.001,0.003,0.142
91,73,0.001,0.002,0.148
91,74,0.001,0.002,0.145
91,75,0.001,0.002,0.147
91,76,0.0,0.001,0.156
91,77,0.0,0.001,0.159
91,78,0.0,0.001,0.155
91,79,0.001,0.002,0.15
91,8,0.117,0.171,0.057
91,80,0.002,0.004,0.14
91,81,0.002,0.006,0.136
91,82,0.001,0.003,0.144
91,83,0.0,0.001,0.161
91,84,0.0,0.001,0.157
91,85,0.0,0.001,0.158
91,86,0.0,0.001,0.161
91,87,0.0,0.001,0.172
91,88,0.0,0.001,0.162
91,89,0.0,0.001,0.167
91,9,0.138,0.196,0.054
91,90,0.0,0.0,0.176
91,91,0.0,0.0,0.18
91,92,0.0,0.0,0.181
91,93,0.0,0.001,0.173
91,94,0.0,0.001,0.171
91,95,0.0,0.0,0.175
91,96,0.0,0.0,0.185
91,97,0.0,0.001,0.173
91,98,0.0,0.0,0.178
91,99,0.0,0.0,0.181
92,10,0.026,0.048,0.08
92,100,0.001,0.002,0.158
92,101,0.001,0.002,0.153
92,102,0.001,0.002,0.159
92,103,0.0,0.001,0.172
92,104,0.0,0.0,0.18
92,105,0.0,0.001,0.176
92,106,0.0,0.001,0.174
92,107,0.0,0.001,0.165
92,108,0.0,0.001,0.175
92,109,0.0,0.0,0.196
92,11,0.013,0.026,0.089
92,110,0.0,0.0,0.203
92,111,0.0,0.0,0.188
92,112,0.0,0.0,0.194
92,113,0.0,0.0,0.185
92,114,0.0,0.0,0.179
92,115,0.0,0.0,0.19
92,116,0.0,0.0,0.199
92,117,0.0,0.0,0.197
92,118,0.0,0.0,0.19
92,119,0.0,0.0,0.199
92,12,0.027,0.048,0.079
92,120,0.0,0.0,0.203
92,121,0.0,0.0,0.193
92,122,0.0,0.0,0.194
92,123,0.0,0.0,0.181
92,124,0.0,0.0,0.185
92,125,0.0,0.0,0.19
92,126,0.0,0.0,0.192
92,127,0.0,0.0,0.187
92,128,0.0,0.0,0.19
92,129,0.0,0.0,0.195
92,13,0.002,0.006,0.108
92,130,0.0,0.0,0.192
92,131,0.0,0.0,0.183
92,132,0.0,0.001,0.178
92,133,0.0,0.0,0.184
92,134,0.0,0.0,0.192
92,135,0.0,0.0,0.192
92,136,0.0,0.0,0.198
92,137,0.0,0.0,0.199
92,138,0.0,0.0,0.217
92,139,0.0,0.0,0.219
92,14,0.006,0.014,0.096
92,140,0.0,0.0,0.205
92,141,0.0,0.0,0.217
92,142,0.0,0.0,0.208
92,143,0.0,0.0,0.196
92,144,0.0,0.0,0.195
92,145,0.0,0.0,0.194
92,146,0.0,0.0,0.197
92,147,0.0,0.0,0.203
92,148,0.0,0.0,0.206
92,149,0.0,0.0,0.208
92,15,0.015,0.029,0.085
92,150,0.0,0.0,0.198
92,151,0.0,0.0,0.198
92,152,0.0,0.0,0.19
92,153,0.0,0.0,0.194
92,154,0.0,0.0,0.213
92,155,0.0,0.0,0.211
92,156,0.0,0.0,0.213
92,157,0.0,0.0,0.205
92,158,0.0,0.0,0.205
92,159,0.0,0.0,0.208
92,16,0.007,0.015,0.094
92,160,0.0,0.0,0.207
92,161,0.0,0.0,0.195
92,162,0.0,0.0,0.206
92,163,0.0,0.0,0.208
92,164,0.0,0.0,0.197
92,165,0.0,0.0,0.195
92,166,0.0,0.0,0.202
92,167,0.0,0.0,0.206
92,168,0.0,0.0,0.213
92,169,0.0,0.0,0.212
92,17,0.008,0.017,0.092
92,170,0.0,0.0,0.208
92,171,0.0,0.0,0.211
92,172,0.0,0.0,0.222
92,173,0.0,0.0,0.229
92,174,0.0,0.0,0.231
92,175,0.0,0.0,0.225
92,176,0.0,0.0,0.228
92,177,0.0,0.0,0.22
92,178,0.0,0.0,0.212
92,179,0.0,0.0,0.206
92,18,0.026,0.047,0.077
92,180,0.0,0.0,0.197
92,181,0.0,0.0,0.198
92,182,0.0,0.0,0.207
92,183,0.0,0.0,0.214
92,184,0.0,0.0,0.218
92,185,0.0,0.0,0.209
92,186,0.0,0.0,0.205
92,187,0.0,0.0,0.22
92,188,0.0,0.0,0.206
92,189,0.0,0.0,0.202
92,19,0.005,0.012,0.097
92,190,0.0,0.0,0.211
92,191,0.0,0.0,0.205
92,192,0.0,0.0,0.198
92,193,0.0,0.0,0.2
92,194,0.0,0.0,0.186
92,195,0.0,0.0,0.185
92,196,0.0,0.0,0.185
92,197,0.0,0.0,0.185
92,198,0.0,0.0,0.186
92,199,0.0,0.0,0.181
92,20,0.024,0.043,0.079
92,200,0.0,0.0,0.183
92,201,0.0,0.001,0.167
92,202,0.0,0.001,0.164
92,203,0.001,0.002,0.155
92,204,0.001,0.003,0.153
92,205,0.0,0.002,0.161
92,206,0.001,0.002,0.16
92,207,0.001,0.002,0.155
92,208,0.001,0.002,0.157
92,209,0.001,0.002,0.159
92,21,0.01,0.02,0.09
92,210,0.001,0.002,0.158
92,211,0.0,0.001,0.167
92,212,0.001,0.002,0.161
92,213,0.0,0.001,0.168
92,214,0.001,0.004,0.154
92,215,0.002,0.005,0.151
92,216,0.001,0.004,0.156
92,217,0.001,0.002,0.168
92,218,0.001,0.003,0.161
92,219,0.002,0.005,0.156
92,22,0.013,0.026,0.087
92,220,0.002,0.004,0.16
92,221,0.001,0.003,0.164
92,222,0.005,0.011,0.145
92,223,0.009,0.02,0.135
92,224,0.01,0.021,0.135
92,225,0.007,0.016,0.143
92,226,0.007,0.016,0.144
92,227,0.008,0.017,0.144
92,228,0.01,0.02,0.142
92,229,0.01,0.02,0.143
92,23,0.023,0.042,0.079
92,230,0.004,0.01,0.16
92,231,0.008,0.018,0.149
92,232,0.017,0.033,0.137
92,233,0.021,0.04,0.133
92,234,0.015,0.029,0.143
92,235,0.018,0.034,0.141
92,236,0.02,0.038,0.139
92,237,0.018,0.034,0.144
92,238,0.018,0.034,0.145
92,239,0.013,0.025,0.154
92,24,0.01,0.021,0.09
92,240,0.016,0.031,0.15
92,241,0.024,0.043,0.142
92,242,0.023,0.042,0.145
92,243,0.011,0.023,0.163
92,244,0.009,0.018,0.17
92,245,0.011,0.022,0.166
92,246,0.013,0.026,0.163
92,247,0.01,0.021,0.17
92,248,0.01,0.021,0.172
92,249,0.014,0.028,0.165
92,25,0.01,0.021,0.089
92,250,0.016,0.031,0.163
92,251,0.014,0.027,0.168
92,26,0.006,0.013,0.096
92,27,0.011,0.022,0.089
92,28,0.004,0.01,0.1
92,29,0.01,0.021,0.09
92,30,0.007,0.016,0.094
92,31,0.017,0.033,0.084
92,32,0.005,0.012,0.098
92,33,0.021,0.038,0.082
92,34,0.013,0.025,0.089
92,35,0.021,0.039,0.082
92,36,0.007,0.016,0.096
92,37,0.015,0.029,0.087
92,38,0.019,0.036,0.084
92,39,0.008,0.018,0.095
92,40,0.022,0.04,0.083
92,41,0.016,0.032,0.087
92,42,0.013,0.026,0.09
92,43,0.009,0.019,0.095
92,44,0.013,0.027,0.091
92,45,0.005,0.011,0.104
92,46,0.004,0.01,0.107
92,47,0.009,0.019,0.097
92,48,0.002,0.006,0.114
92,49,0.009,0.019,0.098
92,50,0.011,0.023,0.096
92,51,0.009,0.018,0.1
92,52,0.003,0.007,0.113
92,53,0.001,0.004,0.124
92,54,0.001,0.003,0.124
92,55,0.006,0.014,0.105
92,56,0.003,0.007,0.116
92,57,0.002,0.006,0.119
92,58,0.002,0.005,0.123
92,59,0.003,0.006,0.12
92,60,0.002,0.006,0.121
92,61,0.002,0.004,0.127
92,62,0.003,0.007,0.121
92,63,0.002,0.005,0.126
92,64,0.002,0.006,0.124
92,65,0.003,0.007,0.122
92,66,0.003,0.008,0.122
92,67,0.002,0.004,0.131
92,68,0.004,0.01,0.119
92,69,0.004,0.01,0.12
92,7,0.055,0.09,0.071
92,70,0.002,0.006,0.128
92,71,0.005,0.011,0.12
92,72,0.003,0.007,0.128
92,73,0.005,0.011,0.121
92,74,0.005,0.011,0.121
92,75,0.003,0.008,0.127
92,76,0.004,0.01,0.123
92,77,0.003,0.007,0.131
92,78,0.003,0.007,0.13
92,79,0.003,0.007,0.132
92,8,0.052,0.085,0.072
92,80,0.002,0.005,0.136
92,81,0.004,0.01,0.126
92,82,0.004,0.009,0.128
92,83,0.001,0.003,0.148
92,84,0.002,0.005,0.139
92,85,0.002,0.006,0.137
92,86,0.001,0.004,0.144
92,87,0.001,0.003,0.146
92,88,0.002,0.005,0.141
92,89,0.001,0.003,0.149
92,9,0.043,0.072,0.074
92,90,0.0,0.001,0.167
92,91,0.001,0.002,0.152
92,92,0.0,0.001,0.161
92,93,0.001,0.003,0.152
92,94,0.001,0.002,0.156
92,95,0.0,0.001,0.162
92,96,0.0,0.001,0.163
92,97,0.0,0.001,0.162
92,98,0.0,0.001,0.165
92,99,0.001,0.002,0.158
93,10,0.018,0.034,0.085
93,100,0.001,0.003,0.151
93,101,0.0,0.001,0.17
93,102,0.0,0.0,0.177
93,103,0.0,0.0,0.184
93,104,0.0,0.001,0.176
93,105,0.001,0.002,0.16
93,106,0.001,0.002,0.158
93,107,0.0,0.0,0.178
93,108,0.0,0.001,0.173
93,109,0.0,0.001,0.17
93,11,0.039,0.067,0.073
93,110,0.001,0.002,0.162
93,111,0.0,0.001,0.168
93,112,0.0,0.001,0.165
93,113,0.0,0.001,0.174
93,114,0.0,0.001,0.169
93,115,0.0,0.001,0.174
93,116,0.0,0.001,0.175
93,117,0.0,0.001,0.171
93,118,0.0,0.001,0.171
93,119,0.0,0.001,0.172
93,12,0.008,0.017,0.094
93,120,0.0,0.001,0.165
93,121,0.0,0.001,0.169
93,122,0.0,0.001,0.178
93,123,0.0,0.0,0.184
93,124,0.0,0.0,0.187
93,125,0.0,0.0,0.197
93,126,0.0,0.0,0.185
93,127,0.0,0.0,0.182
93,128,0.0,0.0,0.19
93,129,0.0,0.0,0.195
93,13,0.01,0.02,0.09
93,130,0.0,0.0,0.201
93,131,0.0,0.0,0.194
93,132,0.0,0.0,0.19
93,133,0.0,0.0,0.198
93,134,0.0,0.0,0.204
93,135,0.0,0.0,0.208
93,136,0.0,0.0,0.215
93,137,0.0,0.0,0.225
93,138,0.0,0.0,0.215
93,139,0.0,0.0,0.213
93,14,0.008,0.016,0.094
93,140,0.0,0.0,0.211
93,141,0.0,0.0,0.203
93,142,0.0,0.0,0.204
93,143,0.0,0.0,0.199
93,144,0.0,0.0,0.209
93,145,0.0,0.0,0.205
93,146,0.0,0.0,0.213
93,147,0.0,0.0,0.198
93,148,0.0,0.0,0.216
93,149,0.0,0.0,0.213
93,15,0.015,0.029,0.085
93,150,0.0,0.0,0.209
93,151,0.0,0.0,0.202
93,152,0.0,0.0,0.193
93,153,0.0,0.0,0.204
93,154,0.0,0.0,0.209
93,155,0.0,0.0,0.204
93,156,0.0,0.0,0.205
93,157,0.0,0.0,0.208
93,158,0.0,0.0,0.203
93,159,0.0,0.0,0.208
93,16,0.009,0.019,0.09
93,160,0.0,0.0,0.214
93,161,0.0,0.0,0.203
93,162,0.0,0.0,0.195
93,163,0.0,0.0,0.202
93,164,0.0,0.0,0.21
93,165,0.0,0.0,0.203
93,166,0.0,0.0,0.189
93,167,0.0,0.0,0.194
93,168,0.0,0.0,0.198
93,169,0.0,0.0,0.201
93,17,0.007,0.015,0.094
93,170,0.0,0.0,0.22
93,171,0.0,0.0,0.219
93,172,0.0,0.0,0.212
93,173,0.0,0.0,0.214
93,174,0.0,0.0,0.205
93,175,0.0,0.0,0.202
93,176,0.0,0.0,0.198
93,177,0.0,0.0,0.213
93,178,0.0,0.0,0.204
93,179,0.0,0.0,0.209
93,18,0.024,0.044,0.078
93,180,0.0,0.0,0.211
93,181,0.0,0.0,0.201
93,182,0.0,0.0,0.205
93,183,0.0,0.0,0.198
93,184,0.0,0.0,0.204
93,185,0.0,0.0,0.198
93,186,0.0,0.0,0.203
93,187,0.0,0.0,0.185
93,188,0.0,0.0,0.182
93,189,0.0,0.0,0.181
93,19,0.012,0.024,0.087
93,190,0.0,0.0,0.181
93,191,0.0,0.0,0.181
93,192,0.0,0.0,0.177
93,193,0.0,0.0,0.181
93,194,0.0,0.0,0.182
93,195,0.0,0.0,0.185
93,196,0.0,0.0,0.185
93,197,0.0,0.0,0.183
93,198,0.0,0.0,0.181
93,199,0.0,0.0,0.189
93,20,0.013,0.027,0.086
93,200,0.0,0.0,0.184
93,201,0.0,0.0,0.178
93,202,0.0,0.0,0.186
93,203,0.0,0.0,0.188
93,204,0.0,0.001,0.167
93,205,0.0,0.001,0.174
93,206,0.0,0.001,0.166
93,207,0.001,0.002,0.162
93,208,0.001,0.003,0.154
93,209,0.001,0.003,0.156
93,21,0.028,0.049,0.076
93,210,0.001,0.003,0.157
93,211,0.001,0.004,0.154
93,212,0.001,0.004,0.153
93,213,0.002,0.004,0.152
93,214,0.002,0.006,0.147
93,215,0.004,0.01,0.14
93,216,0.004,0.009,0.144
93,217,0.004,0.009,0.144
93,218,0.005,0.011,0.142
93,219,0.007,0.015,0.137
93,22,0.011,0.022,0.088
93,220,0.011,0.022,0.13
93,221,0.005,0.012,0.144
93,222,0.005,0.012,0.145
93,223,0.012,0.025,0.132
93,224,0.007,0.016,0.142
93,225,0.008,0.016,0.143
93,226,0.011,0.022,0.138
93,227,0.011,0.022,0.14
93,228,0.013,0.025,0.138
93,229,0.009,0.02,0.145
93,23,0.012,0.024,0.087
93,230,0.007,0.016,0.151
93,231,0.021,0.039,0.132
93,232,0.012,0.025,0.145
93,233,0.01,0.021,0.15
93,234,0.014,0.028,0.145
93,235,0.022,0.04,0.137
93,236,0.026,0.048,0.134
93,237,0.024,0.044,0.138
93,238,0.026,0.047,0.137
93,239,0.027,0.048,0.138
93,24,0.013,0.026,0.086
93,240,0.05,0.083,0.123
93,241,0.042,0.071,0.129
93,242,0.058,0.093,0.121
93,243,0.043,0.073,0.13
93,244,0.051,0.083,0.127
93,245,0.042,0.071,0.133
93,246,0.045,0.075,0.132
93,247,0.036,0.062,0.14
93,248,0.036,0.063,0.14
93,249,0.022,0.04,0.155
93,25,0.022,0.041,0.079
93,250,0.018,0.034,0.161
93,251,0.016,0.03,0.165
93,26,0.018,0.034,0.082
93,27,0.038,0.065,0.072
93,28,0.009,0.019,0.09
93,29,0.011,0.023,0.088
93,30,0.018,0.034,0.082
93,31,0.006,0.014,0.095
93,32,0.022,0.04,0.08
93,33,0.016,0.031,0.084
93,34,0.048,0.079,0.07
93,35,0.021,0.039,0.081
93,36,0.005,0.012,0.098
93,37,0.013,0.025,0.088
93,38,0.016,0.031,0.086
93,39,0.014,0.028,0.087
93,40,0.028,0.049,0.079
93,41,0.006,0.013,0.099
93,42,0.007,0.016,0.097
93,43,0.012,0.025,0.091
93,44,0.011,0.023,0.092
93,45,0.004,0.009,0.106
93,46,0.007,0.015,0.099
93,47,0.007,0.016,0.099
93,48,0.003,0.007,0.11
93,49,0.013,0.026,0.092
93,50,0.018,0.035,0.088
93,51,0.004,0.01,0.107
93,52,0.003,0.007,0.113
93,53,0.004,0.008,0.11
93,54,0.002,0.006,0.116
93,55,0.001,0.003,0.125
93,56,0.002,0.006,0.117
93,57,0.002,0.006,0.119
93,58,0.002,0.006,0.118
93,59,0.001,0.003,0.128
93,60,0.002,0.004,0.125
93,61,0.002,0.004,0.124
93,62,0.002,0.005,0.124
93,63,0.003,0.007,0.12
93,64,0.002,0.006,0.122
93,65,0.004,0.009,0.118
93,66,0.003,0.008,0.12
93,67,0.004,0.009,0.119
93,68,0.005,0.012,0.115
93,69,0.004,0.009,0.12
93,7,0.031,0.054,0.08
93,70,0.003,0.007,0.124
93,71,0.002,0.005,0.129
93,72,0.001,0.004,0.135
93,73,0.005,0.012,0.119
93,74,0.004,0.008,0.125
93,75,0.006,0.014,0.117
93,76,0.008,0.017,0.114
93,77,0.004,0.01,0.124
93,78,0.002,0.005,0.134
93,79,0.004,0.009,0.127
93,8,0.016,0.03,0.088
93,80,0.01,0.021,0.113
93,81,0.003,0.007,0.131
93,82,0.003,0.008,0.13
93,83,0.004,0.009,0.128
93,84,0.002,0.005,0.138
93,85,0.001,0.003,0.146
93,86,0.001,0.004,0.144
93,87,0.001,0.003,0.147
93,88,0.001,0.004,0.144
93,89,0.002,0.005,0.14
93,9,0.039,0.067,0.075
93,90,0.001,0.003,0.15
93,91,0.002,0.005,0.14
93,92,0.002,0.005,0.141
93,93,0.003,0.007,0.136
93,94,0.003,0.007,0.135
93,95,0.002,0.005,0.143
93,96,0.001,0.002,0.157
93,97,0.001,0.003,0.152
93,98,0.002,0.004,0.145
93,99,0.002,0.004,0.145
94,10,0.047,0.078,0.07
94,100,0.0,0.001,0.176
94,101,0.0,0.001,0.165
94,102,0.0,0.001,0.174
94,103,0.0,0.0,0.188
94,104,0.0,0.0,0.18
94,105,0.0,0.0,0.178
94,106,0.0,0.0,0.184
94,107,0.0,0.0,0.186
94,108,0.0,0.0,0.18
94,109,0.0,0.001,0.177
94,11,0.047,0.078,0.07
94,110,0.0,0.0,0.185
94,111,0.0,0.0,0.187
94,112,0.0,0.001,0.177
94,113,0.0,0.0,0.18
94,114,0.0,0.0,0.182
94,115,0.0,0.001,0.174
94,116,0.0,0.001,0.175
94,117,0.0,0.001,0.167
94,118,0.0,0.001,0.169
94,119,0.0,0.001,0.172
94,12,0.024,0.045,0.079
94,120,0.0,0.002,0.165
94,121,0.001,0.003,0.158
94,122,0.0,0.001,0.172
94,123,0.0,0.001,0.172
94,124,0.0,0.001,0.175
94,125,0.0,0.001,0.182
94,126,0.0,0.0,0.189
94,127,0.0,0.0,0.197
94,128,0.0,0.0,0.198
94,129,0.0,0.0,0.194
94,13,0.053,0.087,0.067
94,130,0.0,0.0,0.193
94,131,0.0,0.0,0.193
94,132,0.0,0.0,0.196
94,133,0.0,0.0,0.209
94,134,0.0,0.0,0.2
94,135,0.0,0.0,0.199
94,136,0.0,0.0,0.202
94,137,0.0,0.0,0.199
94,138,0.0,0.0,0.199
94,139,0.0,0.0,0.21
94,14,0.032,0.056,0.074
94,140,0.0,0.0,0.207
94,141,0.0,0.0,0.198
94,142,0.0,0.0,0.202
94,143,0.0,0.0,0.209
94,144,0.0,0.0,0.194
94,145,0.0,0.0,0.197
94,146,0.0,0.0,0.19
94,147,0.0,0.0,0.191
94,148,0.0,0.0,0.203
94,149,0.0,0.0,0.2
94,15,0.017,0.032,0.082
94,150,0.0,0.0,0.194
94,151,0.0,0.0,0.193
94,152,0.0,0.001,0.171
94,153,0.0,0.0,0.185
94,154,0.0,0.0,0.202
94,155,0.0,0.0,0.198
94,156,0.0,0.0,0.194
94,157,0.0,0.0,0.192
94,158,0.0,0.0,0.194
94,159,0.0,0.0,0.203
94,16,0.012,0.025,0.086
94,160,0.0,0.0,0.207
94,161,0.0,0.0,0.191
94,162,0.0,0.0,0.191
94,163,0.0,0.0,0.205
94,164,0.0,0.0,0.201
94,165,0.0,0.0,0.193
94,166,0.0,0.0,0.203
94,167,0.0,0.0,0.204
94,168,0.0,0.0,0.202
94,169,0.0,0.0,0.202
94,17,0.006,0.014,0.094
94,170,0.0,0.0,0.194
94,171,0.0,0.0,0.195
94,172,0.0,0.0,0.202
94,173,0.0,0.0,0.207
94,174,0.0,0.0,0.193
94,175,0.0,0.0,0.193
94,176,0.0,0.0,0.194
94,177,0.0,0.0,0.201
94,178,0.0,0.0,0.21
94,179,0.0,0.0,0.197
94,18,0.007,0.015,0.093
94,180,0.0,0.0,0.191
94,181,0.0,0.0,0.193
94,182,0.0,0.0,0.198
94,183,0.0,0.0,0.191
94,184,0.0,0.0,0.196
94,185,0.0,0.0,0.185
94,186,0.0,0.0,0.181
94,187,0.0,0.0,0.197
94,188,0.0,0.0,0.199
94,189,0.0,0.0,0.194
94,19,0.005,0.012,0.096
94,190,0.0,0.0,0.191
94,191,0.0,0.0,0.189
94,192,0.0,0.0,0.189
94,193,0.0,0.0,0.194
94,194,0.0,0.0,0.186
94,195,0.0,0.0,0.184
94,196,0.0,0.0,0.178
94,197,0.0,0.0,0.18
94,198,0.0,0.001,0.175
94,199,0.0,0.0,0.177
94,20,0.012,0.024,0.086
94,200,0.0,0.001,0.173
94,201,0.0,0.001,0.173
94,202,0.0,0.0,0.179
94,203,0.0,0.0,0.184
94,204,0.0,0.0,0.191
94,205,0.0,0.0,0.181
94,206,0.0,0.0,0.181
94,207,0.0,0.0,0.184
94,208,0.0,0.001,0.17
94,209,0.0,0.001,0.176
94,21,0.006,0.013,0.094
94,210,0.0,0.001,0.178
94,211,0.0,0.001,0.175
94,212,0.001,0.002,0.169
94,213,0.001,0.002,0.167
94,214,0.001,0.004,0.158
94,215,0.001,0.003,0.163
94,216,0.001,0.002,0.167
94,217,0.001,0.002,0.17
94,218,0.002,0.006,0.154
94,219,0.003,0.008,0.15
94,22,0.013,0.025,0.086
94,220,0.004,0.009,0.15
94,221,0.004,0.009,0.151
94,222,0.003,0.007,0.159
94,223,0.002,0.005,0.167
94,224,0.005,0.011,0.152
94,225,0.004,0.009,0.158
94,226,0.009,0.018,0.145
94,227,0.007,0.016,0.149
94,228,0.007,0.016,0.151
94,229,0.01,0.02,0.147
94,23,0.013,0.026,0.085
94,230,0.009,0.018,0.151
94,231,0.009,0.019,0.152
94,232,0.039,0.067,0.121
94,233,0.012,0.025,0.149
94,234,0.012,0.025,0.149
94,235,0.014,0.027,0.149
94,236,0.046,0.076,0.122
94,237,0.047,0.079,0.122
94,238,0.029,0.051,0.136
94,239,0.025,0.045,0.14
94,24,0.014,0.027,0.084
94,240,0.032,0.056,0.135
94,241,0.063,0.1,0.119
94,242,0.053,0.086,0.124
94,243,0.036,0.061,0.136
94,244,0.023,0.043,0.147
94,245,0.031,0.055,0.141
94,246,0.03,0.053,0.143
94,247,0.023,0.042,0.151
94,248,0.01,0.021,0.172
94,249,0.009,0.018,0.176
94,25,0.003,0.007,0.103
94,250,0.006,0.014,0.185
94,251,0.009,0.018,0.178
94,26,0.013,0.027,0.085
94,27,0.017,0.032,0.082
94,28,0.012,0.024,0.087
94,29,0.016,0.03,0.083
94,30,0.019,0.036,0.081
94,31,0.013,0.025,0.087
94,32,0.003,0.008,0.102
94,33,0.006,0.014,0.096
94,34,0.007,0.014,0.095
94,35,0.014,0.027,0.086
94,36,0.004,0.009,0.101
94,37,0.003,0.006,0.106
94,38,0.016,0.032,0.085
94,39,0.004,0.01,0.101
94,40,0.002,0.006,0.108
94,41,0.003,0.008,0.104
94,42,0.003,0.007,0.106
94,43,0.005,0.011,0.101
94,44,0.002,0.006,0.11
94,45,0.003,0.007,0.108
94,46,0.002,0.006,0.112
94,47,0.003,0.007,0.109
94,48,0.006,0.014,0.101
94,49,0.009,0.018,0.097
94,50,0.012,0.023,0.094
94,51,0.009,0.019,0.098
94,52,0.005,0.011,0.105
94,53,0.01,0.021,0.097
94,54,0.014,0.027,0.094
94,55,0.007,0.015,0.103
94,56,0.007,0.016,0.103
94,57,0.004,0.009,0.112
94,58,0.002,0.005,0.121
94,59,0.004,0.01,0.111
94,60,0.005,0.012,0.109
94,61,0.004,0.009,0.114
94,62,0.005,0.011,0.112
94,63,0.003,0.008,0.117
94,64,0.002,0.006,0.123
94,65,0.001,0.004,0.13
94,66,0.002,0.005,0.125
94,67,0.001,0.004,0.13
94,68,0.003,0.007,0.122
94,69,0.001,0.004,0.132
94,7,0.036,0.062,0.077
94,70,0.001,0.002,0.144
94,71,0.0,0.001,0.152
94,72,0.001,0.004,0.134
94,73,0.001,0.003,0.139
94,74,0.001,0.003,0.139
94,75,0.001,0.003,0.141
94,76,0.004,0.009,0.123
94,77,0.003,0.006,0.13
94,78,0.001,0.003,0.14
94,79,0.002,0.004,0.137
94,8,0.051,0.084,0.071
94,80,0.003,0.007,0.13
94,81,0.005,0.012,0.122
94,82,0.002,0.005,0.135
94,83,0.002,0.006,0.133
94,84,0.004,0.009,0.127
94,85,0.001,0.004,0.142
94,86,0.003,0.008,0.13
94,87,0.001,0.002,0.153
94,88,0.002,0.006,0.137
94,89,0.001,0.004,0.143
94,9,0.029,0.051,0.078
94,90,0.001,0.004,0.143
94,91,0.001,0.002,0.155
94,92,0.001,0.002,0.151
94,93,0.001,0.003,0.148
94,94,0.002,0.006,0.138
94,95,0.002,0.005,0.141
94,96,0.001,0.004,0.146
94,97,0.001,0.002,0.157
94,98,0.0,0.0,0.176
94,99,0.0,0.001,0.171
95,10,0.053,0.086,0.068
95,100,0.001,0.004,0.147
95,101,0.002,0.005,0.143
95,102,0.001,0.002,0.157
95,103,0.001,0.003,0.153
95,104,0.001,0.003,0.154
95,105,0.001,0.002,0.157
95,106,0.001,0.002,0.156
95,107,0.001,0.002,0.158
95,108,0.001,0.003,0.154
95,109,0.001,0.004,0.15
95,11,0.096,0.143,0.058
95,110,0.0,0.001,0.165
95,111,0.001,0.003,0.152
95,112,0.001,0.003,0.153
95,113,0.001,0.002,0.163
95,114,0.001,0.003,0.154
95,115,0.001,0.002,0.162
95,116,0.001,0.002,0.161
95,117,0.001,0.002,0.162
95,118,0.0,0.001,0.168
95,119,0.0,0.001,0.166
95,12,0.071,0.111,0.063
95,120,0.0,0.001,0.166
95,121,0.001,0.002,0.164
95,122,0.0,0.002,0.166
95,123,0.0,0.002,0.166
95,124,0.0,0.001,0.167
95,125,0.001,0.002,0.162
95,126,0.0,0.001,0.17
95,127,0.0,0.001,0.175
95,128,0.0,0.001,0.169
95,129,0.0,0.002,0.167
95,13,0.061,0.098,0.065
95,130,0.0,0.001,0.17
95,131,0.0,0.001,0.17
95,132,0.0,0.001,0.172
95,133,0.001,0.002,0.167
95,134,0.0,0.001,0.169
95,135,0.0,0.002,0.167
95,136,0.0,0.001,0.172
95,137,0.0,0.001,0.177
95,138,0.0,0.001,0.176
95,139,0.0,0.001,0.176
95,14,0.064,0.101,0.064
95,140,0.0,0.001,0.172
95,141,0.001,0.002,0.164
95,142,0.001,0.002,0.167
95,143,0.0,0.001,0.174
95,144,0.0,0.001,0.171
95,145,0.001,0.002,0.167
95,146,0.0,0.001,0.177
95,147,0.0,0.001,0.175
95,148,0.0,0.001,0.173
95,149,0.0,0.002,0.169
95,15,0.082,0.125,0.06
95,150,0.0,0.001,0.179
95,151,0.0,0.001,0.179
95,152,0.0,0.001,0.184
95,153,0.0,0.0,0.186
95,154,0.0,0.001,0.175
95,155,0.0,0.001,0.18
95,156,0.0,0.001,0.17
95,157,0.0,0.001,0.178
95,158,0.0,0.001,0.175
95,159,0.0,0.001,0.17
95,16,0.059,0.095,0.065
95,160,0.001,0.002,0.168
95,161,0.0,0.001,0.177
95,162,0.0,0.0,0.188
95,163,0.0,0.001,0.181
95,164,0.0,0.0,0.198
95,165,0.0,0.0,0.193
95,166,0.0,0.0,0.192
95,167,0.0,0.0,0.19
95,168,0.0,0.001,0.179
95,169,0.0,0.001,0.177
95,17,0.05,0.083,0.067
95,170,0.0,0.001,0.173
95,171,0.0,0.001,0.181
95,172,0.0,0.001,0.18
95,173,0.0,0.0,0.192
95,174,0.0,0.0,0.185
95,175,0.0,0.0,0.187
95,176,0.0,0.0,0.182
95,177,0.0,0.0,0.182
95,178,0.0,0.001,0.179
95,179,0.0,0.0,0.184
95,18,0.061,0.097,0.065
95,180,0.0,0.0,0.194
95,181,0.0,0.0,0.198
95,182,0.0,0.0,0.188
95,183,0.0,0.001,0.178
95,184,0.0,0.001,0.178
95,185,0.0,0.0,0.184
95,186,0.0,0.001,0.177
95,187,0.0,0.0,0.179
95,188,0.0,0.001,0.176
95,189,0.0,0.0,0.183
95,19,0.049,0.08,0.068
95,190,0.0,0.001,0.173
95,191,0.0,0.0,0.181
95,192,0.0,0.0,0.181
95,193,0.0,0.0,0.177
95,194,0.0,0.0,0.186
95,195,0.0,0.0,0.189
95,196,0.0,0.0,0.191
95,197,0.0,0.0,0.186
95,198,0.0,0.0,0.19
95,199,0.0,0.0,0.181
95,20,0.013,0.027,0.085
95,200,0.0,0.0,0.194
95,201,0.0,0.0,0.188
95,202,0.0,0.0,0.195
95,203,0.0,0.0,0.202
95,204,0.0,0.0,0.186
95,205,0.0,0.0,0.183
95,206,0.0,0.001,0.18
95,207,0.0,0.0,0.187
95,208,0.0,0.0,0.189
95,209,0.0,0.001,0.177
95,21,0.066,0.105,0.064
95,210,0.0,0.001,0.174
95,211,0.0,0.0,0.188
95,212,0.001,0.002,0.17
95,213,0.001,0.002,0.168
95,214,0.001,0.002,0.172
95,215,0.001,0.004,0.16
95,216,0.001,0.004,0.162
95,217,0.003,0.007,0.153
95,218,0.002,0.006,0.157
95,219,0.002,0.004,0.164
95,22,0.053,0.086,0.067
95,220,0.002,0.006,0.162
95,221,0.005,0.011,0.15
95,222,0.004,0.01,0.154
95,223,0.006,0.013,0.15
95,224,0.006,0.014,0.151
95,225,0.007,0.016,0.149
95,226,0.008,0.017,0.148
95,227,0.008,0.017,0.15
95,228,0.005,0.011,0.162
95,229,0.004,0.008,0.169
95,23,0.033,0.058,0.074
95,230,0.002,0.005,0.182
95,231,0.003,0.008,0.174
95,232,0.002,0.006,0.181
95,233,0.006,0.012,0.167
95,234,0.007,0.016,0.163
95,235,0.01,0.021,0.157
95,236,0.008,0.016,0.164
95,237,0.009,0.019,0.161
95,238,0.006,0.012,0.173
95,239,0.011,0.022,0.161
95,24,0.056,0.09,0.067
95,240,0.014,0.027,0.156
95,241,0.024,0.044,0.143
95,242,0.02,0.038,0.149
95,243,0.015,0.029,0.157
95,244,0.012,0.024,0.163
95,245,0.011,0.023,0.166
95,246,0.008,0.017,0.174
95,247,0.008,0.018,0.175
95,248,0.005,0.012,0.185
95,249,0.008,0.016,0.179
95,25,0.072,0.113,0.062
95,250,0.01,0.021,0.172
95,251,0.005,0.011,0.192
95,26,0.02,0.037,0.081
95,27,0.046,0.076,0.069
95,28,0.038,0.066,0.072
95,29,0.018,0.034,0.082
95,30,0.045,0.075,0.07
95,31,0.024,0.044,0.079
95,32,0.024,0.044,0.079
95,33,0.014,0.028,0.086
95,34,0.042,0.07,0.072
95,35,0.069,0.109,0.064
95,36,0.031,0.055,0.076
95,37,0.018,0.035,0.083
95,38,0.001,0.003,0.116
95,39,0.001,0.004,0.114
95,40,0.004,0.01,0.1
95,41,0.005,0.011,0.1
95,42,0.01,0.02,0.092
95,43,0.005,0.011,0.101
95,44,0.003,0.006,0.108
95,45,0.009,0.019,0.094
95,46,0.004,0.01,0.103
95,47,0.003,0.007,0.108
95,48,0.008,0.017,0.097
95,49,0.005,0.011,0.104
95,50,0.003,0.007,0.11
95,51,0.004,0.01,0.106
95,52,0.006,0.014,0.102
95,53,0.001,0.003,0.122
95,54,0.008,0.017,0.1
95,55,0.011,0.023,0.097
95,56,0.004,0.009,0.111
95,57,0.003,0.007,0.115
95,58,0.003,0.008,0.112
95,59,0.008,0.016,0.104
95,60,0.005,0.011,0.11
95,61,0.008,0.016,0.105
95,62,0.003,0.006,0.119
95,63,0.002,0.006,0.12
95,64,0.001,0.002,0.133
95,65,0.001,0.004,0.128
95,66,0.001,0.004,0.128
95,67,0.002,0.005,0.126
95,68,0.001,0.002,0.141
95,69,0.002,0.006,0.124
95,7,0.034,0.059,0.077
95,70,0.002,0.005,0.127
95,71,0.001,0.002,0.141
95,72,0.002,0.004,0.131
95,73,0.003,0.008,0.123
95,74,0.001,0.003,0.136
95,75,0.003,0.008,0.125
95,76,0.003,0.007,0.126
95,77,0.002,0.005,0.133
95,78,0.0,0.002,0.149
95,79,0.0,0.001,0.153
95,8,0.064,0.102,0.067
95,80,0.002,0.004,0.137
95,81,0.001,0.002,0.145
95,82,0.001,0.004,0.14
95,83,0.002,0.004,0.139
95,84,0.001,0.002,0.149
95,85,0.001,0.004,0.142
95,86,0.002,0.006,0.134
95,87,0.002,0.005,0.138
95,88,0.003,0.008,0.131
95,89,0.002,0.004,0.142
95,9,0.094,0.142,0.06
95,90,0.001,0.004,0.143
95,91,0.003,0.007,0.134
95,92,0.001,0.003,0.146
95,93,0.001,0.004,0.144
95,94,0.003,0.007,0.135
95,95,0.005,0.011,0.128
95,96,0.002,0.005,0.143
95,97,0.003,0.007,0.135
95,98,0.001,0.003,0.149
95,99,0.002,0.004,0.144
96,10,0.033,0.057,0.076
96,100,0.001,0.003,0.15
96,101,0.001,0.002,0.156
96,102,0.001,0.002,0.153
96,103,0.002,0.004,0.145
96,104,0.001,0.002,0.154
96,105,0.001,0.002,0.161
96,106,0.001,0.003,0.154
96,107,0.001,0.002,0.155
96,108,0.0,0.001,0.163
96,109,0.001,0.002,0.158
96,11,0.04,0.067,0.073
96,110,0.001,0.003,0.154
96,111,0.001,0.004,0.15
96,112,0.001,0.002,0.16
96,113,0.001,0.003,0.155
96,114,0.001,0.002,0.157
96,115,0.001,0.003,0.153
96,116,0.002,0.005,0.146
96,117,0.003,0.008,0.138
96,118,0.004,0.01,0.135
96,119,0.001,0.004,0.152
96,12,0.05,0.082,0.069
96,120,0.001,0.004,0.152
96,121,0.001,0.002,0.16
96,122,0.001,0.002,0.162
96,123,0.001,0.004,0.152
96,124,0.001,0.003,0.158
96,125,0.002,0.004,0.15
96,126,0.0,0.001,0.172
96,127,0.001,0.002,0.164
96,128,0.0,0.001,0.168
96,129,0.0,0.001,0.167
96,13,0.045,0.074,0.07
96,130,0.001,0.002,0.162
96,131,0.0,0.001,0.169
96,132,0.001,0.003,0.159
96,133,0.0,0.002,0.167
96,134,0.0,0.002,0.167
96,135,0.001,0.002,0.165
96,136,0.001,0.003,0.159
96,137,0.001,0.002,0.16
96,138,0.001,0.004,0.153
96,139,0.002,0.006,0.146
96,14,0.016,0.031,0.084
96,140,0.002,0.005,0.148
96,141,0.001,0.004,0.155
96,142,0.001,0.003,0.156
96,143,0.001,0.002,0.161
96,144,0.001,0.002,0.162
96,145,0.001,0.002,0.163
96,146,0.001,0.003,0.157
96,147,0.002,0.005,0.149
96,148,0.001,0.003,0.158
96,149,0.001,0.002,0.162
96,15,0.044,0.074,0.07
96,150,0.0,0.001,0.17
96,151,0.0,0.002,0.168
96,152,0.0,0.002,0.168
96,153,0.0,0.001,0.179
96,154,0.0,0.001,0.179
96,155,0.0,0.0,0.187
96,156,0.0,0.001,0.177
96,157,0.0,0.001,0.182
96,158,0.0,0.001,0.182
96,159,0.0,0.001,0.182
96,16,0.037,0.064,0.072
96,160,0.0,0.001,0.181
96,161,0.0,0.001,0.177
96,162,0.0,0.001,0.173
96,163,0.001,0.002,0.165
96,164,0.0,0.001,0.178
96,165,0.0,0.001,0.17
96,166,0.0,0.001,0.17
96,167,0.0,0.001,0.176
96,168,0.0,0.001,0.172
96,169,0.0,0.002,0.166
96,17,0.067,0.106,0.063
96,170,0.0,0.001,0.176
96,171,0.0,0.001,0.175
96,172,0.0,0.001,0.177
96,173,0.0,0.001,0.179
96,174,0.0,0.001,0.169
96,175,0.0,0.001,0.177
96,176,0.0,0.0,0.187
96,177,0.0,0.0,0.186
96,178,0.0,0.0,0.181
96,179,0.0,0.0,0.196
96,18,0.069,0.109,0.062
96,180,0.0,0.0,0.186
96,181,0.0,0.001,0.178
96,182,0.0,0.001,0.178
96,183,0.0,0.001,0.172
96,184,0.0,0.0,0.184
96,185,0.0,0.0,0.177
96,186,0.0,0.001,0.176
96,187,0.0,0.0,0.177
96,188,0.0,0.001,0.163
96,189,0.0,0.001,0.165
96,19,0.046,0.076,0.069
96,190,0.001,0.002,0.155
96,191,0.0,0.001,0.173
96,192,0.0,0.0,0.177
96,193,0.0,0.001,0.168
96,194,0.001,0.003,0.152
96,195,0.001,0.002,0.155
96,196,0.001,0.002,0.157
96,197,0.001,0.003,0.152
96,198,0.0,0.001,0.166
96,199,0.001,0.002,0.16
96,20,0.025,0.045,0.077
96,200,0.001,0.002,0.161
96,201,0.001,0.003,0.153
96,202,0.0,0.001,0.169
96,203,0.0,0.001,0.176
96,204,0.001,0.002,0.162
96,205,0.001,0.002,0.161
96,206,0.001,0.002,0.16
96,207,0.001,0.003,0.16
96,208,0.001,0.003,0.161
96,209,0.0,0.001,0.172
96,21,0.015,0.029,0.084
96,210,0.001,0.003,0.161
96,211,0.0,0.001,0.175
96,212,0.001,0.003,0.165
96,213,0.002,0.006,0.154
96,214,0.002,0.005,0.158
96,215,0.004,0.008,0.149
96,216,0.004,0.01,0.147
96,217,0.005,0.012,0.145
96,218,0.002,0.006,0.16
96,219,0.006,0.014,0.145
96,22,0.045,0.076,0.068
96,220,0.005,0.011,0.152
96,221,0.009,0.019,0.141
96,222,0.007,0.016,0.147
96,223,0.01,0.021,0.142
96,224,0.008,0.018,0.147
96,225,0.014,0.028,0.138
96,226,0.009,0.019,0.149
96,227,0.008,0.017,0.153
96,228,0.008,0.017,0.154
96,229,0.012,0.024,0.148
96,23,0.011,0.023,0.086
96,230,0.021,0.039,0.137
96,231,0.025,0.046,0.134
96,232,0.021,0.039,0.139
96,233,0.045,0.075,0.122
96,234,0.038,0.065,0.127
96,235,0.029,0.051,0.135
96,236,0.036,0.063,0.13
96,237,0.035,0.061,0.132
96,238,0.05,0.082,0.123
96,239,0.051,0.084,0.124
96,24,0.012,0.024,0.086
96,240,0.046,0.077,0.127
96,241,0.046,0.077,0.128
96,242,0.033,0.058,0.137
96,243,0.019,0.036,0.151
96,244,0.029,0.051,0.142
96,245,0.021,0.039,0.151
96,246,0.017,0.032,0.157
96,247,0.02,0.037,0.154
96,248,0.01,0.02,0.171
96,249,0.008,0.016,0.178
96,25,0.016,0.031,0.082
96,250,0.008,0.018,0.177
96,251,0.005,0.012,0.187
96,26,0.052,0.086,0.067
96,27,0.025,0.045,0.077
96,28,0.006,0.013,0.094
96,29,0.008,0.018,0.091
96,30,0.014,0.028,0.085
96,31,0.018,0.035,0.082
96,32,0.014,0.027,0.085
96,33,0.023,0.042,0.079
96,34,0.021,0.038,0.08
96,35,0.009,0.019,0.091
96,36,0.007,0.016,0.093
96,37,0.017,0.033,0.083
96,38,0.014,0.028,0.086
96,39,0.014,0.027,0.087
96,40,0.006,0.014,0.097
96,41,0.004,0.01,0.101
96,42,0.011,0.022,0.091
96,43,0.006,0.013,0.098
96,44,0.004,0.01,0.102
96,45,0.014,0.028,0.088
96,46,0.01,0.021,0.093
96,47,0.015,0.029,0.089
96,48,0.006,0.012,0.101
96,49,0.01,0.021,0.094
96,50,0.005,0.011,0.105
96,51,0.008,0.016,0.099
96,52,0.003,0.007,0.111
96,53,0.01,0.02,0.097
96,54,0.011,0.023,0.095
96,55,0.018,0.034,0.089
96,56,0.018,0.035,0.089
96,57,0.007,0.016,0.102
96,58,0.006,0.012,0.106
96,59,0.003,0.008,0.113
96,60,0.004,0.01,0.111
96,61,0.001,0.004,0.125
96,62,0.006,0.013,0.108
96,63,0.012,0.025,0.098
96,64,0.005,0.012,0.11
96,65,0.003,0.007,0.118
96,66,0.003,0.007,0.118
96,67,0.005,0.011,0.113
96,68,0.004,0.009,0.117
96,69,0.001,0.003,0.134
96,7,0.029,0.051,0.08
96,70,0.005,0.011,0.115
96,71,0.009,0.019,0.107
96,72,0.01,0.021,0.106
96,73,0.005,0.011,0.116
96,74,0.006,0.013,0.115
96,75,0.005,0.012,0.117
96,76,0.01,0.02,0.109
96,77,0.006,0.013,0.117
96,78,0.004,0.009,0.124
96,79,0.003,0.007,0.128
96,8,0.035,0.06,0.077
96,80,0.002,0.005,0.133
96,81,0.004,0.01,0.123
96,82,0.002,0.006,0.132
96,83,0.005,0.011,0.123
96,84,0.004,0.009,0.126
96,85,0.002,0.006,0.134
96,86,0.001,0.004,0.141
96,87,0.002,0.005,0.138
96,88,0.003,0.008,0.129
96,89,0.002,0.004,0.14
96,9,0.027,0.048,0.08
96,90,0.003,0.007,0.134
96,91,0.001,0.003,0.149
96,92,0.003,0.006,0.135
96,93,0.002,0.005,0.14
96,94,0.002,0.004,0.142
96,95,0.002,0.006,0.138
96,96,0.001,0.003,0.149
96,97,0.001,0.003,0.147
96,98,0.001,0.003,0.15
96,99,0.001,0.002,0.157
97,10,0.013,0.025,0.089
97,100,0.005,0.011,0.128
97,101,0.001,0.003,0.148
97,102,0.001,0.004,0.147
97,103,0.003,0.006,0.138
97,104,0.001,0.004,0.148
97,105,0.002,0.005,0.142
97,106,0.002,0.005,0.142
97,107,0.001,0.003,0.154
97,108,0.001,0.003,0.153
97,109,0.002,0.006,0.142
97,11,0.025,0.046,0.079
97,110,0.002,0.005,0.145
97,111,0.001,0.003,0.152
97,112,0.001,0.004,0.15
97,113,0.002,0.005,0.147
97,114,0.007,0.015,0.127
97,115,0.017,0.033,0.112
97,116,0.006,0.014,0.129
97,117,0.005,0.011,0.134
97,118,0.002,0.005,0.146
97,119,0.002,0.006,0.144
97,12,0.018,0.034,0.083
97,120,0.002,0.004,0.149
97,121,0.002,0.006,0.146
97,122,0.002,0.006,0.145
97,123,0.001,0.003,0.155
97,124,0.001,0.002,0.163
97,125,0.0,0.001,0.176
97,126,0.0,0.001,0.171
97,127,0.0,0.001,0.173
97,128,0.0,0.001,0.171
97,129,0.001,0.002,0.161
97,13,0.04,0.068,0.071
97,130,0.0,0.001,0.173
97,131,0.0,0.001,0.177
97,132,0.0,0.001,0.174
97,133,0.0,0.001,0.175
97,134,0.0,0.001,0.17
97,135,0.0,0.001,0.168
97,136,0.0,0.001,0.174
97,137,0.001,0.002,0.165
97,138,0.001,0.002,0.163
97,139,0.001,0.002,0.161
97,14,0.021,0.04,0.08
97,140,0.001,0.002,0.162
97,141,0.0,0.001,0.175
97,142,0.0,0.001,0.173
97,143,0.0,0.001,0.171
97,144,0.0,0.001,0.172
97,145,0.0,0.001,0.173
97,146,0.0,0.002,0.168
97,147,0.001,0.002,0.164
97,148,0.0,0.001,0.168
97,149,0.0,0.002,0.168
97,15,0.006,0.013,0.095
97,150,0.0,0.001,0.168
97,151,0.001,0.002,0.165
97,152,0.0,0.002,0.168
97,153,0.0,0.001,0.174
97,154,0.0,0.001,0.176
97,155,0.0,0.0,0.184
97,156,0.0,0.0,0.185
97,157,0.0,0.0,0.186
97,158,0.0,0.001,0.169
97,159,0.0,0.001,0.173
97,16,0.008,0.016,0.092
97,160,0.0,0.0,0.186
97,161,0.0,0.001,0.175
97,162,0.001,0.003,0.159
97,163,0.001,0.002,0.162
97,164,0.001,0.002,0.165
97,165,0.0,0.001,0.17
97,166,0.0,0.001,0.177
97,167,0.0,0.001,0.17
97,168,0.0,0.001,0.169
97,169,0.0,0.002,0.165
97,17,0.022,0.041,0.079
97,170,0.001,0.002,0.158
97,171,0.0,0.001,0.166
97,172,0.0,0.001,0.17
97,173,0.0,0.001,0.175
97,174,0.0,0.001,0.176
97,175,0.0,0.001,0.178
97,176,0.0,0.0,0.183
97,177,0.0,0.0,0.18
97,178,0.0,0.001,0.176
97,179,0.0,0.001,0.176
97,18,0.004,0.009,0.099
97,180,0.0,0.001,0.176
97,181,0.0,0.0,0.177
97,182,0.0,0.001,0.177
97,183,0.0,0.001,0.167
97,184,0.0,0.001,0.168
97,185,0.0,0.002,0.161
97,186,0.0,0.001,0.164
97,187,0.0,0.0,0.182
97,188,0.0,0.0,0.181
97,189,0.0,0.0,0.186
97,19,0.002,0.004,0.107
97,190,0.001,0.002,0.159
97,191,0.0,0.001,0.169
97,192,0.0,0.001,0.172
97,193,0.0,0.001,0.171
97,194,0.0,0.001,0.171
97,195,0.0,0.0,0.181
97,196,0.0,0.001,0.171
97,197,0.0,0.001,0.168
97,198,0.0,0.001,0.165
97,199,0.0,0.001,0.167
97,20,0.011,0.023,0.086
97,200,0.0,0.001,0.17
97,201,0.0,0.001,0.166
97,202,0.0,0.001,0.168
97,203,0.0,0.001,0.167
97,204,0.0,0.001,0.169
97,205,0.0,0.002,0.167
97,206,0.002,0.005,0.148
97,207,0.002,0.005,0.15
97,208,0.002,0.006,0.149
97,209,0.005,0.011,0.139
97,21,0.006,0.013,0.094
97,210,0.006,0.012,0.138
97,211,0.019,0.036,0.117
97,212,0.013,0.025,0.126
97,213,0.016,0.032,0.122
97,214,0.009,0.019,0.134
97,215,0.016,0.03,0.126
97,216,0.014,0.028,0.128
97,217,0.009,0.019,0.138
97,218,0.015,0.029,0.13
97,219,0.019,0.036,0.126
97,22,0.008,0.018,0.09
97,220,0.019,0.036,0.128
97,221,0.01,0.02,0.142
97,222,0.012,0.025,0.139
97,223,0.016,0.031,0.135
97,224,0.027,0.049,0.125
97,225,0.016,0.03,0.138
97,226,0.016,0.031,0.139
97,227,0.011,0.022,0.148
97,228,0.018,0.035,0.138
97,229,0.021,0.039,0.136
97,23,0.011,0.022,0.087
97,230,0.019,0.036,0.14
97,231,0.013,0.026,0.149
97,232,0.01,0.021,0.155
97,233,0.015,0.029,0.149
97,234,0.022,0.041,0.14
97,235,0.022,0.04,0.142
97,236,0.033,0.057,0.133
97,237,0.039,0.067,0.13
97,238,0.034,0.059,0.134
97,239,0.02,0.038,0.147
97,24,0.006,0.014,0.093
97,240,0.025,0.046,0.143
97,241,0.024,0.044,0.144
97,242,0.032,0.057,0.137
97,243,0.021,0.039,0.149
97,244,0.03,0.053,0.141
97,245,0.032,0.056,0.14
97,246,0.013,0.027,0.162
97,247,0.008,0.017,0.174
97,248,0.011,0.022,0.168
97,249,0.004,0.01,0.191
97,25,0.006,0.013,0.095
97,250,0.008,0.017,0.178
97,251,0.004,0.009,0.194
97,26,0.01,0.02,0.088
97,27,0.005,0.012,0.096
97,28,0.006,0.013,0.094
97,29,0.011,0.022,0.087
97,30,0.009,0.019,0.09
97,31,0.005,0.011,0.097
97,32,0.005,0.012,0.096
97,33,0.006,0.013,0.095
97,34,0.006,0.014,0.095
97,35,0.004,0.01,0.1
97,36,0.002,0.006,0.105
97,37,0.007,0.015,0.095
97,38,0.004,0.009,0.102
97,39,0.008,0.018,0.093
97,40,0.005,0.012,0.099
97,41,0.005,0.011,0.1
97,42,0.021,0.039,0.082
97,43,0.008,0.017,0.095
97,44,0.013,0.025,0.09
97,45,0.022,0.041,0.082
97,46,0.015,0.03,0.087
97,47,0.004,0.01,0.103
97,48,0.006,0.014,0.099
97,49,0.008,0.017,0.097
97,50,0.007,0.015,0.099
97,51,0.021,0.039,0.085
97,52,0.035,0.06,0.078
97,53,0.02,0.037,0.087
97,54,0.017,0.032,0.09
97,55,0.02,0.037,0.087
97,56,0.017,0.032,0.09
97,57,0.009,0.019,0.099
97,58,0.02,0.038,0.089
97,59,0.019,0.036,0.09
97,60,0.021,0.039,0.089
97,61,0.014,0.028,0.095
97,62,0.02,0.038,0.09
97,63,0.021,0.038,0.091
97,64,0.011,0.022,0.101
97,65,0.015,0.029,0.096
97,66,0.006,0.014,0.108
97,67,0.005,0.012,0.111
97,68,0.004,0.009,0.116
97,69,0.011,0.023,0.102
97,7,0.012,0.025,0.091
97,70,0.005,0.012,0.114
97,71,0.003,0.007,0.121
97,72,0.006,0.013,0.113
97,73,0.005,0.011,0.116
97,74,0.003,0.008,0.122
97,75,0.001,0.004,0.134
97,76,0.002,0.006,0.127
97,77,0.004,0.01,0.12
97,78,0.003,0.007,0.126
97,79,0.003,0.007,0.127
97,8,0.006,0.014,0.099
97,80,0.003,0.007,0.127
97,81,0.001,0.004,0.137
97,82,0.002,0.006,0.13
97,83,0.003,0.007,0.13
97,84,0.005,0.012,0.122
97,85,0.005,0.012,0.122
97,86,0.007,0.015,0.118
97,87,0.002,0.006,0.134
97,88,0.008,0.018,0.116
97,89,0.016,0.031,0.107
97,9,0.017,0.033,0.086
97,90,0.016,0.031,0.107
97,91,0.017,0.032,0.107
97,92,0.006,0.014,0.123
97,93,0.009,0.019,0.117
97,94,0.01,0.02,0.116
97,95,0.009,0.019,0.118
97,96,0.01,0.02,0.117
97,97,0.002,0.006,0.138
97,98,0.002,0.006,0.138
97,99,0.003,0.008,0.134
98,10,0.022,0.041,0.081
98,100,0.006,0.013,0.124
98,101,0.006,0.013,0.126
98,102,0.015,0.029,0.111
98,103,0.005,0.011,0.128
98,104,0.009,0.019,0.12
98,105,0.005,0.012,0.128
98,106,0.003,0.008,0.135
98,107,0.008,0.017,0.122
98,108,0.006,0.014,0.125
98,109,0.009,0.018,0.121
98,11,0.007,0.016,0.094
98,110,0.007,0.015,0.125
98,111,0.003,0.008,0.137
98,112,0.002,0.006,0.142
98,113,0.007,0.014,0.126
98,114,0.006,0.013,0.128
98,115,0.006,0.014,0.127
98,116,0.006,0.012,0.13
98,117,0.006,0.013,0.129
98,118,0.006,0.012,0.131
98,119,0.005,0.011,0.132
98,12,0.008,0.017,0.092
98,120,0.003,0.007,0.141
98,121,0.001,0.003,0.157
98,122,0.001,0.002,0.16
98,123,0.001,0.002,0.158
98,124,0.001,0.002,0.163
98,125,0.0,0.002,0.165
98,126,0.0,0.001,0.175
98,127,0.001,0.002,0.163
98,128,0.001,0.002,0.161
98,129,0.001,0.002,0.162
98,13,0.025,0.045,0.078
98,130,0.0,0.001,0.169
98,131,0.0,0.001,0.176
98,132,0.0,0.001,0.168
98,133,0.0,0.001,0.172
98,134,0.0,0.001,0.169
98,135,0.0,0.001,0.171
98,136,0.001,0.002,0.164
98,137,0.001,0.002,0.163
98,138,0.001,0.002,0.164
98,139,0.001,0.002,0.166
98,14,0.007,0.015,0.093
98,140,0.001,0.002,0.163
98,141,0.0,0.002,0.167
98,142,0.001,0.002,0.165
98,143,0.001,0.002,0.162
98,144,0.001,0.004,0.152
98,145,0.001,0.003,0.158
98,146,0.001,0.002,0.162
98,147,0.0,0.001,0.169
98,148,0.0,0.001,0.169
98,149,0.0,0.001,0.169
98,15,0.009,0.018,0.09
98,150,0.001,0.002,0.161
98,151,0.001,0.003,0.157
98,152,0.002,0.005,0.148
98,153,0.001,0.002,0.166
98,154,0.0,0.001,0.171
98,155,0.001,0.002,0.164
98,156,0.001,0.002,0.162
98,157,0.001,0.002,0.162
98,158,0.001,0.002,0.164
98,159,0.0,0.001,0.174
98,16,0.008,0.017,0.091
98,160,0.001,0.002,0.16
98,161,0.001,0.004,0.153
98,162,0.001,0.003,0.156
98,163,0.001,0.002,0.163
98,164,0.001,0.002,0.162
98,165,0.001,0.002,0.161
98,166,0.001,0.004,0.153
98,167,0.001,0.003,0.154
98,168,0.001,0.004,0.152
98,169,0.001,0.002,0.159
98,17,0.007,0.015,0.092
98,170,0.0,0.002,0.165
98,171,0.0,0.002,0.165
98,172,0.0,0.001,0.166
98,173,0.0,0.001,0.167
98,174,0.001,0.002,0.16
98,175,0.001,0.002,0.162
98,176,0.001,0.002,0.16
98,177,0.0,0.001,0.168
98,178,0.0,0.001,0.17
98,179,0.0,0.001,0.171
98,18,0.006,0.014,0.093
98,180,0.0,0.001,0.17
98,181,0.001,0.002,0.158
98,182,0.0,0.001,0.17
98,183,0.001,0.002,0.154
98,184,0.002,0.004,0.145
98,185,0.001,0.004,0.146
98,186,0.002,0.005,0.144
98,187,0.001,0.003,0.148
98,188,0.001,0.003,0.15
98,189,0.002,0.004,0.145
98,19,0.006,0.013,0.094
98,190,0.002,0.004,0.145
98,191,0.001,0.003,0.148
98,192,0.001,0.004,0.147
98,193,0.001,0.002,0.153
98,194,0.001,0.003,0.149
98,195,0.001,0.002,0.157
98,196,0.0,0.001,0.162
98,197,0.001,0.002,0.159
98,198,0.001,0.002,0.157
98,199,0.001,0.004,0.149
98,20,0.003,0.006,0.103
98,200,0.001,0.003,0.154
98,201,0.001,0.003,0.156
98,202,0.006,0.012,0.132
98,203,0.001,0.003,0.156
98,204,0.001,0.003,0.158
98,205,0.001,0.002,0.163
98,206,0.001,0.003,0.159
98,207,0.001,0.004,0.157
98,208,0.005,0.012,0.138
98,209,0.003,0.008,0.147
98,21,0.008,0.017,0.09
98,210,0.007,0.015,0.136
98,211,0.004,0.009,0.148
98,212,0.009,0.019,0.134
98,213,0.013,0.027,0.128
98,214,0.006,0.014,0.143
98,215,0.013,0.026,0.131
98,216,0.02,0.037,0.124
98,217,0.028,0.051,0.118
98,218,0.036,0.062,0.114
98,219,0.034,0.059,0.116
98,22,0.014,0.027,0.084
98,220,0.023,0.043,0.125
98,221,0.041,0.07,0.113
98,222,0.027,0.048,0.125
98,223,0.03,0.053,0.123
98,224,0.039,0.067,0.118
98,225,0.027,0.048,0.128
98,226,0.028,0.049,0.129
98,227,0.029,0.051,0.129
98,228,0.041,0.07,0.121
98,229,0.044,0.073,0.12
98,23,0.005,0.012,0.094
98,230,0.029,0.052,0.131
98,231,0.056,0.091,0.116
98,232,0.054,0.088,0.118
98,233,0.032,0.056,0.132
98,234,0.032,0.055,0.133
98,235,0.049,0.081,0.123
98,236,0.063,0.1,0.116
98,237,0.045,0.075,0.126
98,238,0.083,0.127,0.11
98,239,0.065,0.103,0.117
98,24,0.008,0.017,0.091
98,240,0.058,0.093,0.121
98,241,0.045,0.075,0.128
98,242,0.036,0.062,0.134
98,243,0.042,0.071,0.131
98,244,0.031,0.054,0.14
98,245,0.03,0.053,0.14
98,246,0.029,0.051,0.142
98,247,0.023,0.043,0.148
98,248,0.014,0.027,0.162
98,249,0.011,0.022,0.167
98,25,0.009,0.019,0.089
98,250,0.005,0.011,0.187
98,251,0.011,0.022,0.169
98,26,0.005,0.011,0.096
98,27,0.018,0.034,0.081
98,28,0.021,0.04,0.079
98,29,0.01,0.02,0.088
98,30,0.003,0.008,0.1
98,31,0.01,0.021,0.089
98,32,0.006,0.014,0.094
98,33,0.032,0.056,0.074
98,34,0.008,0.016,0.093
98,35,0.023,0.042,0.079
98,36,0.008,0.017,0.092
98,37,0.017,0.032,0.084
98,38,0.032,0.057,0.075
98,39,0.029,0.052,0.077
98,40,0.023,0.043,0.08
98,41,0.012,0.024,0.089
98,42,0.01,0.021,0.091
98,43,0.014,0.028,0.087
98,44,0.004,0.01,0.102
98,45,0.003,0.008,0.106
98,46,0.019,0.036,0.084
98,47,0.008,0.018,0.095
98,48,0.012,0.024,0.091
98,49,0.011,0.022,0.093
98,50,0.013,0.026,0.09
98,51,0.02,0.037,0.085
98,52,0.016,0.031,0.089
98,53,0.014,0.028,0.091
98,54,0.011,0.022,0.094
98,55,0.005,0.012,0.104
98,56,0.008,0.016,0.1
98,57,0.007,0.016,0.101
98,58,0.009,0.019,0.098
98,59,0.011,0.022,0.097
98,60,0.014,0.028,0.094
98,61,0.006,0.013,0.106
98,62,0.014,0.027,0.095
98,63,0.009,0.019,0.101
98,64,0.006,0.013,0.108
98,65,0.011,0.022,0.1
98,66,0.011,0.022,0.101
98,67,0.009,0.02,0.103
98,68,0.017,0.032,0.095
98,69,0.017,0.032,0.096
98,7,0.03,0.054,0.079
98,70,0.02,0.037,0.094
98,71,0.015,0.03,0.098
98,72,0.008,0.016,0.109
98,73,0.014,0.027,0.101
98,74,0.018,0.034,0.097
98,75,0.018,0.034,0.098
98,76,0.021,0.038,0.096
98,77,0.029,0.052,0.091
98,78,0.017,0.033,0.1
98,79,0.024,0.044,0.095
98,8,0.028,0.049,0.079
98,80,0.022,0.041,0.097
98,81,0.02,0.037,0.099
98,82,0.019,0.036,0.1
98,83,0.013,0.025,0.107
98,84,0.02,0.037,0.1
98,85,0.012,0.024,0.109
98,86,0.019,0.035,0.102
98,87,0.011,0.023,0.11
98,88,0.007,0.016,0.117
98,89,0.006,0.013,0.121
98,9,0.023,0.042,0.081
98,90,0.008,0.017,0.116
98,91,0.01,0.021,0.113
98,92,0.011,0.022,0.113
98,93,0.007,0.014,0.121
98,94,0.015,0.029,0.109
98,95,0.009,0.019,0.117
98,96,0.018,0.035,0.105
98,97,0.006,0.012,0.125
98,98,0.006,0.013,0.124
98,99,0.011,0.022,0.116
99,10,0.017,0.033,0.084
99,100,0.006,0.014,0.123
99,101,0.004,0.009,0.131
99,102,0.004,0.009,0.132
99,103,0.002,0.005,0.142
99,104,0.003,0.006,0.137
99,105,0.003,0.007,0.136
99,106,0.001,0.002,0.154
99,107,0.001,0.004,0.147
99,108,0.003,0.007,0.137
99,109,0.003,0.007,0.138
99,11,0.007,0.014,0.095
99,110,0.004,0.01,0.131
99,111,0.004,0.009,0.135
99,112,0.003,0.008,0.135
99,113,0.002,0.006,0.141
99,114,0.003,0.006,0.14
99,115,0.002,0.006,0.142
99,116,0.002,0.006,0.142
99,117,0.001,0.002,0.158
99,118,0.001,0.004,0.15
99,119,0.001,0.004,0.151
99,12,0.013,0.026,0.086
99,120,0.001,0.004,0.149
99,121,0.0,0.001,0.169
99,122,0.001,0.002,0.162
99,123,0.001,0.003,0.156
99,124,0.001,0.002,0.161
99,125,0.0,0.001,0.168
99,126,0.0,0.002,0.165
99,127,0.001,0.003,0.154
99,128,0.001,0.002,0.162
99,129,0.001,0.002,0.159
99,13,0.014,0.027,0.085
99,130,0.001,0.002,0.162
99,131,0.001,0.002,0.163
99,132,0.001,0.003,0.155
99,133,0.001,0.002,0.161
99,134,0.001,0.002,0.159
99,135,0.001,0.002,0.162
99,136,0.0,0.001,0.169
99,137,0.0,0.001,0.169
99,138,0.0,0.001,0.172
99,139,0.0,0.001,0.176
99,14,0.026,0.047,0.077
99,140,0.001,0.002,0.161
99,141,0.001,0.003,0.156
99,142,0.001,0.002,0.165
99,143,0.001,0.002,0.162
99,144,0.001,0.002,0.162
99,145,0.001,0.002,0.165
99,146,0.0,0.002,0.166
99,147,0.0,0.002,0.166
99,148,0.0,0.001,0.172
99,149,0.0,0.0,0.187
99,15,0.015,0.029,0.084
99,150,0.0,0.0,0.186
99,151,0.0,0.0,0.186
99,152,0.0,0.001,0.177
99,153,0.0,0.001,0.18
99,154,0.0,0.001,0.181
99,155,0.0,0.001,0.175
99,156,0.0,0.001,0.167
99,157,0.002,0.004,0.15
99,158,0.001,0.002,0.163
99,159,0.0,0.001,0.166
99,16,0.02,0.037,0.08
99,160,0.0,0.001,0.167
99,161,0.0,0.001,0.168
99,162,0.0,0.001,0.178
99,163,0.0,0.001,0.177
99,164,0.001,0.002,0.162
99,165,0.0,0.001,0.167
99,166,0.0,0.002,0.164
99,167,0.0,0.001,0.165
99,168,0.001,0.002,0.161
99,169,0.002,0.006,0.142
99,17,0.01,0.021,0.088
99,170,0.001,0.003,0.151
99,171,0.001,0.004,0.149
99,172,0.001,0.003,0.154
99,173,0.0,0.001,0.168
99,174,0.0,0.001,0.176
99,175,0.0,0.0,0.184
99,176,0.0,0.001,0.171
99,177,0.0,0.001,0.163
99,178,0.001,0.002,0.155
99,179,0.0,0.002,0.161
99,18,0.009,0.019,0.089
99,180,0.0,0.001,0.164
99,181,0.001,0.003,0.153
99,182,0.002,0.005,0.144
99,183,0.001,0.003,0.152
99,184,0.002,0.004,0.145
99,185,0.004,0.009,0.133
99,186,0.001,0.003,0.152
99,187,0.002,0.005,0.143
99,188,0.002,0.006,0.14
99,189,0.006,0.012,0.128
99,19,0.019,0.036,0.08
99,190,0.003,0.007,0.137
99,191,0.005,0.011,0.13
99,192,0.003,0.008,0.136
99,193,0.001,0.004,0.148
99,194,0.004,0.01,0.133
99,195,0.002,0.005,0.145
99,196,0.001,0.003,0.155
99,197,0.002,0.006,0.142
99,198,0.002,0.005,0.146
99,199,0.002,0.005,0.147
99,20,0.017,0.032,0.082
99,200,0.001,0.003,0.154
99,201,0.001,0.003,0.158
99,202,0.002,0.006,0.146
99,203,0.003,0.008,0.142
99,204,0.002,0.006,0.149
99,205,0.007,0.014,0.133
99,206,0.009,0.019,0.128
99,207,0.008,0.017,0.131
99,208,0.006,0.013,0.138
99,209,0.012,0.024,0.128
99,21,0.007,0.016,0.092
99,210,0.016,0.031,0.123
99,211,0.008,0.018,0.136
99,212,0.007,0.015,0.141
99,213,0.018,0.034,0.124
99,214,0.024,0.044,0.12
99,215,0.019,0.035,0.126
99,216,0.014,0.028,0.132
99,217,0.032,0.056,0.117
99,218,0.04,0.068,0.113
99,219,0.013,0.026,0.138
99,22,0.005,0.011,0.096
99,220,0.024,0.044,0.126
99,221,0.016,0.031,0.136
99,222,0.015,0.03,0.138
99,223,0.022,0.041,0.132
99,224,0.043,0.072,0.118
99,225,0.039,0.066,0.121
99,226,0.036,0.061,0.124
99,227,0.022,0.041,0.136
99,228,0.027,0.049,0.132
99,229,0.031,0.055,0.13
99,23,0.001,0.002,0.116
99,230,0.039,0.066,0.126
99,231,0.048,0.079,0.121
99,232,0.041,0.07,0.125
99,233,0.043,0.073,0.125
99,234,0.034,0.06,0.132
99,235,0.04,0.068,0.128
99,236,0.045,0.075,0.126
99,237,0.036,0.062,0.132
99,238,0.06,0.096,0.119
99,239,0.045,0.076,0.127
99,24,0.003,0.006,0.103
99,240,0.041,0.069,0.131
99,241,0.04,0.067,0.131
99,242,0.044,0.074,0.129
99,243,0.026,0.047,0.143
99,244,0.023,0.042,0.146
99,245,0.027,0.049,0.143
99,246,0.015,0.03,0.157
99,247,0.015,0.029,0.158
99,248,0.009,0.019,0.171
99,249,0.011,0.023,0.166
99,25,0.009,0.02,0.088
99,250,0.011,0.023,0.167
99,251,0.008,0.017,0.176
99,26,0.014,0.028,0.083
99,27,0.004,0.01,0.098
99,28,0.002,0.006,0.105
99,29,0.003,0.007,0.101
99,30,0.002,0.005,0.106
99,31,0.002,0.005,0.106
99,32,0.009,0.019,0.089
99,33,0.006,0.012,0.096
99,34,0.004,0.009,0.099
99,35,0.008,0.017,0.092
99,36,0.013,0.027,0.085
99,37,0.009,0.02,0.09
99,38,0.016,0.031,0.083
99,39,0.02,0.038,0.081
99,40,0.02,0.037,0.082
99,41,0.032,0.057,0.075
99,42,0.018,0.034,0.084
99,43,0.049,0.081,0.07
99,44,0.019,0.035,0.084
99,45,0.016,0.031,0.085
99,46,0.024,0.043,0.081
99,47,0.017,0.032,0.086
99,48,0.012,0.024,0.091
99,49,0.016,0.031,0.087
99,50,0.01,0.02,0.094
99,51,0.007,0.015,0.099
99,52,0.013,0.026,0.091
99,53,0.007,0.016,0.099
99,54,0.006,0.014,0.101
99,55,0.02,0.037,0.087
99,56,0.013,0.026,0.093
99,57,0.006,0.014,0.102
99,58,0.003,0.008,0.111
99,59,0.015,0.028,0.092
99,60,0.016,0.03,0.092
99,61,0.007,0.016,0.103
99,62,0.014,0.028,0.094
99,63,0.019,0.036,0.09
99,64,0.006,0.013,0.106
99,65,0.011,0.022,0.099
99,66,0.009,0.019,0.103
99,67,0.014,0.027,0.097
99,68,0.02,0.038,0.092
99,69,0.034,0.06,0.084
99,7,0.004,0.01,0.104
99,70,0.032,0.057,0.086
99,71,0.02,0.038,0.094
99,72,0.019,0.035,0.095
99,73,0.014,0.028,0.1
99,74,0.018,0.034,0.097
99,75,0.02,0.037,0.096
99,76,0.02,0.037,0.096
99,77,0.014,0.027,0.102
99,78,0.016,0.03,0.101
99,79,0.016,0.031,0.101
99,8,0.008,0.016,0.096
99,80,0.017,0.032,0.1
99,81,0.012,0.024,0.106
99,82,0.018,0.034,0.1
99,83,0.014,0.027,0.105
99,84,0.007,0.016,0.115
99,85,0.005,0.011,0.121
99,86,0.007,0.016,0.115
99,87,0.01,0.02,0.112
99,88,0.008,0.016,0.115
99,89,0.006,0.013,0.12
99,9,0.013,0.027,0.089
99,90,0.006,0.013,0.121
99,91,0.004,0.009,0.127
99,92,0.008,0.017,0.117
99,93,0.008,0.017,0.117
99,94,0.006,0.014,0.121
99,95,0.004,0.009,0.128
99,96,0.004,0.009,0.129
99,97,0.003,0.007,0.133
99,98,0.002,0.005,0.14
99,99,0.005,0.011,0.127
